2024/04/08 00:00,05F0000S,05F0055S,31,236,17
2024/04/08 00:00,05F0000S,05F0055S,32,235,9
2024/04/08 00:00,05F0000S,05F0055S,41,239,1
2024/04/08 00:00,05F0000S,05F0055S,42,0,0
2024/04/08 00:00,05F0000S,05F0055S,5,0,0
2024/04/08 00:00,05F0055S,05F0287S,31,932,18
2024/04/08 00:00,05F0055S,05F0287S,32,938,8
2024/04/08 00:00,05F0055S,05F0287S,41,1013,2
2024/04/08 00:00,05F0055S,05F0287S,42,0,0
2024/04/08 00:00,05F0055S,05F0287S,5,0,0
2024/04/08 00:00,05F0287S,05F0309S,31,86,15
2024/04/08 00:00,05F0287S,05F0309S,32,84,8
2024/04/08 00:00,05F0287S,05F0309S,41,91,3
2024/04/08 00:00,05F0287S,05F0309S,42,0,0
2024/04/08 00:00,05F0287S,05F0309S,5,0,0
2024/04/08 00:00,05F0309S,05F0439S,31,484,17
2024/04/08 00:00,05F0309S,05F0439S,32,410,1
2024/04/08 00:00,05F0309S,05F0439S,41,584,1
2024/04/08 00:00,05F0309S,05F0439S,42,524,1
2024/04/08 00:00,05F0309S,05F0439S,5,0,0
2024/04/08 00:00,05F0439S,05F0494S,31,222,3
2024/04/08 00:00,05F0439S,05F0494S,32,184,1
2024/04/08 00:00,05F0439S,05F0494S,41,0,0
2024/04/08 00:00,05F0439S,05F0494S,42,219,1
2024/04/08 00:00,05F0439S,05F0494S,5,0,0
2024/04/08 00:05,05F0000S,05F0055S,31,240,20
2024/04/08 00:05,05F0000S,05F0055S,32,246,3
2024/04/08 00:05,05F0000S,05F0055S,41,246,1
2024/04/08 00:05,05F0000S,05F0055S,42,0,0
2024/04/08 00:05,05F0000S,05F0055S,5,0,0
2024/04/08 00:05,05F0055S,05F0287S,31,939,21
2024/04/08 00:05,05F0055S,05F0287S,32,899,3
2024/04/08 00:05,05F0055S,05F0287S,41,0,0
2024/04/08 00:05,05F0055S,05F0287S,42,0,0
2024/04/08 00:05,05F0055S,05F0287S,5,0,0
2024/04/08 00:05,05F0287S,05F0309S,31,85,15
2024/04/08 00:05,05F0287S,05F0309S,32,97,5
2024/04/08 00:05,05F0287S,05F0309S,41,101,1
2024/04/08 00:05,05F0287S,05F0309S,42,0,0
2024/04/08 00:05,05F0287S,05F0309S,5,0,0
2024/04/08 00:05,05F0309S,05F0439S,31,508,6
2024/04/08 00:05,05F0309S,05F0439S,32,480,8
2024/04/08 00:05,05F0309S,05F0439S,41,518,2
2024/04/08 00:05,05F0309S,05F0439S,42,0,0
2024/04/08 00:05,05F0309S,05F0439S,5,550,1
2024/04/08 00:05,05F0439S,05F0494S,31,216,6
2024/04/08 00:05,05F0439S,05F0494S,32,0,0
2024/04/08 00:05,05F0439S,05F0494S,41,0,0
2024/04/08 00:05,05F0439S,05F0494S,42,0,0
2024/04/08 00:05,05F0439S,05F0494S,5,243,1
2024/04/08 00:10,05F0000S,05F0055S,31,234,21
2024/04/08 00:10,05F0000S,05F0055S,32,227,6
2024/04/08 00:10,05F0000S,05F0055S,41,0,0
2024/04/08 00:10,05F0000S,05F0055S,42,0,0
2024/04/08 00:10,05F0000S,05F0055S,5,0,0
2024/04/08 00:10,05F0055S,05F0287S,31,921,24
2024/04/08 00:10,05F0055S,05F0287S,32,972,5
2024/04/08 00:10,05F0055S,05F0287S,41,994,1
2024/04/08 00:10,05F0055S,05F0287S,42,0,0
2024/04/08 00:10,05F0055S,05F0287S,5,0,0
2024/04/08 00:10,05F0287S,05F0309S,31,83,23
2024/04/08 00:10,05F0287S,05F0309S,32,76,3
2024/04/08 00:10,05F0287S,05F0309S,41,96,1
2024/04/08 00:10,05F0287S,05F0309S,42,0,0
2024/04/08 00:10,05F0287S,05F0309S,5,0,0
2024/04/08 00:10,05F0309S,05F0439S,31,491,6
2024/04/08 00:10,05F0309S,05F0439S,32,493,4
2024/04/08 00:10,05F0309S,05F0439S,41,533,1
2024/04/08 00:10,05F0309S,05F0439S,42,0,0
2024/04/08 00:10,05F0309S,05F0439S,5,548,1
2024/04/08 00:10,05F0439S,05F0494S,31,208,3
2024/04/08 00:10,05F0439S,05F0494S,32,190,2
2024/04/08 00:10,05F0439S,05F0494S,41,0,0
2024/04/08 00:10,05F0439S,05F0494S,42,0,0
2024/04/08 00:10,05F0439S,05F0494S,5,233,1
2024/04/08 00:15,05F0000S,05F0055S,31,223,20
2024/04/08 00:15,05F0000S,05F0055S,32,234,8
2024/04/08 00:15,05F0000S,05F0055S,41,0,0
2024/04/08 00:15,05F0000S,05F0055S,42,0,0
2024/04/08 00:15,05F0000S,05F0055S,5,0,0
2024/04/08 00:15,05F0055S,05F0287S,31,952,14
2024/04/08 00:15,05F0055S,05F0287S,32,932,10
2024/04/08 00:15,05F0055S,05F0287S,41,969,1
2024/04/08 00:15,05F0055S,05F0287S,42,0,0
2024/04/08 00:15,05F0055S,05F0287S,5,0,0
2024/04/08 00:15,05F0287S,05F0309S,31,86,11
2024/04/08 00:15,05F0287S,05F0309S,32,87,8
2024/04/08 00:15,05F0287S,05F0309S,41,92,1
2024/04/08 00:15,05F0287S,05F0309S,42,0,0
2024/04/08 00:15,05F0287S,05F0309S,5,0,0
2024/04/08 00:15,05F0309S,05F0439S,31,454,14
2024/04/08 00:15,05F0309S,05F0439S,32,551,5
2024/04/08 00:15,05F0309S,05F0439S,41,1876,1
2024/04/08 00:15,05F0309S,05F0439S,42,0,0
2024/04/08 00:15,05F0309S,05F0439S,5,0,0
2024/04/08 00:15,05F0439S,05F0494S,31,217,2
2024/04/08 00:15,05F0439S,05F0494S,32,0,0
2024/04/08 00:15,05F0439S,05F0494S,41,0,0
2024/04/08 00:15,05F0439S,05F0494S,42,0,0
2024/04/08 00:15,05F0439S,05F0494S,5,249,2
2024/04/08 00:20,05F0000S,05F0055S,31,237,26
2024/04/08 00:20,05F0000S,05F0055S,32,237,3
2024/04/08 00:20,05F0000S,05F0055S,41,0,0
2024/04/08 00:20,05F0000S,05F0055S,42,0,0
2024/04/08 00:20,05F0000S,05F0055S,5,0,0
2024/04/08 00:20,05F0055S,05F0287S,31,935,21
2024/04/08 00:20,05F0055S,05F0287S,32,951,2
2024/04/08 00:20,05F0055S,05F0287S,41,1006,1
2024/04/08 00:20,05F0055S,05F0287S,42,0,0
2024/04/08 00:20,05F0055S,05F0287S,5,0,0
2024/04/08 00:20,05F0287S,05F0309S,31,86,9
2024/04/08 00:20,05F0287S,05F0309S,32,88,1
2024/04/08 00:20,05F0287S,05F0309S,41,1021,1
2024/04/08 00:20,05F0287S,05F0309S,42,0,0
2024/04/08 00:20,05F0287S,05F0309S,5,0,0
2024/04/08 00:20,05F0309S,05F0439S,31,490,16
2024/04/08 00:20,05F0309S,05F0439S,32,503,3
2024/04/08 00:20,05F0309S,05F0439S,41,550,1
2024/04/08 00:20,05F0309S,05F0439S,42,0,0
2024/04/08 00:20,05F0309S,05F0439S,5,0,0
2024/04/08 00:20,05F0439S,05F0494S,31,212,3
2024/04/08 00:20,05F0439S,05F0494S,32,260,1
2024/04/08 00:20,05F0439S,05F0494S,41,0,0
2024/04/08 00:20,05F0439S,05F0494S,42,0,0
2024/04/08 00:20,05F0439S,05F0494S,5,0,0
2024/04/08 00:25,05F0000S,05F0055S,31,242,20
2024/04/08 00:25,05F0000S,05F0055S,32,239,2
2024/04/08 00:25,05F0000S,05F0055S,41,243,1
2024/04/08 00:25,05F0000S,05F0055S,42,0,0
2024/04/08 00:25,05F0000S,05F0055S,5,0,0
2024/04/08 00:25,05F0055S,05F0287S,31,937,26
2024/04/08 00:25,05F0055S,05F0287S,32,961,6
2024/04/08 00:25,05F0055S,05F0287S,41,0,0
2024/04/08 00:25,05F0055S,05F0287S,42,0,0
2024/04/08 00:25,05F0055S,05F0287S,5,0,0
2024/04/08 00:25,05F0287S,05F0309S,31,82,22
2024/04/08 00:25,05F0287S,05F0309S,32,88,4
2024/04/08 00:25,05F0287S,05F0309S,41,0,0
2024/04/08 00:25,05F0287S,05F0309S,42,0,0
2024/04/08 00:25,05F0287S,05F0309S,5,0,0
2024/04/08 00:25,05F0309S,05F0439S,31,426,3
2024/04/08 00:25,05F0309S,05F0439S,32,504,3
2024/04/08 00:25,05F0309S,05F0439S,41,528,1
2024/04/08 00:25,05F0309S,05F0439S,42,517,2
2024/04/08 00:25,05F0309S,05F0439S,5,0,0
2024/04/08 00:25,05F0439S,05F0494S,31,176,2
2024/04/08 00:25,05F0439S,05F0494S,32,0,0
2024/04/08 00:25,05F0439S,05F0494S,41,0,0
2024/04/08 00:25,05F0439S,05F0494S,42,0,0
2024/04/08 00:25,05F0439S,05F0494S,5,0,0
2024/04/08 00:30,05F0000S,05F0055S,31,238,18
2024/04/08 00:30,05F0000S,05F0055S,32,250,3
2024/04/08 00:30,05F0000S,05F0055S,41,0,0
2024/04/08 00:30,05F0000S,05F0055S,42,0,0
2024/04/08 00:30,05F0000S,05F0055S,5,0,0
2024/04/08 00:30,05F0055S,05F0287S,31,907,18
2024/04/08 00:30,05F0055S,05F0287S,32,950,7
2024/04/08 00:30,05F0055S,05F0287S,41,0,0
2024/04/08 00:30,05F0055S,05F0287S,42,0,0
2024/04/08 00:30,05F0055S,05F0287S,5,0,0
2024/04/08 00:30,05F0287S,05F0309S,31,86,13
2024/04/08 00:30,05F0287S,05F0309S,32,92,6
2024/04/08 00:30,05F0287S,05F0309S,41,0,0
2024/04/08 00:30,05F0287S,05F0309S,42,0,0
2024/04/08 00:30,05F0287S,05F0309S,5,0,0
2024/04/08 00:30,05F0309S,05F0439S,31,470,5
2024/04/08 00:30,05F0309S,05F0439S,32,0,0
2024/04/08 00:30,05F0309S,05F0439S,41,526,1
2024/04/08 00:30,05F0309S,05F0439S,42,619,1
2024/04/08 00:30,05F0309S,05F0439S,5,0,0
2024/04/08 00:30,05F0439S,05F0494S,31,215,1
2024/04/08 00:30,05F0439S,05F0494S,32,233,1
2024/04/08 00:30,05F0439S,05F0494S,41,0,0
2024/04/08 00:30,05F0439S,05F0494S,42,222,2
2024/04/08 00:30,05F0439S,05F0494S,5,249,1
2024/04/08 00:35,05F0000S,05F0055S,31,235,15
2024/04/08 00:35,05F0000S,05F0055S,32,229,3
2024/04/08 00:35,05F0000S,05F0055S,41,0,0
2024/04/08 00:35,05F0000S,05F0055S,42,0,0
2024/04/08 00:35,05F0000S,05F0055S,5,0,0
2024/04/08 00:35,05F0055S,05F0287S,31,935,25
2024/04/08 00:35,05F0055S,05F0287S,32,976,4
2024/04/08 00:35,05F0055S,05F0287S,41,0,0
2024/04/08 00:35,05F0055S,05F0287S,42,0,0
2024/04/08 00:35,05F0055S,05F0287S,5,0,0
2024/04/08 00:35,05F0287S,05F0309S,31,85,15
2024/04/08 00:35,05F0287S,05F0309S,32,96,3
2024/04/08 00:35,05F0287S,05F0309S,41,0,0
2024/04/08 00:35,05F0287S,05F0309S,42,0,0
2024/04/08 00:35,05F0287S,05F0309S,5,0,0
2024/04/08 00:35,05F0309S,05F0439S,31,484,14
2024/04/08 00:35,05F0309S,05F0439S,32,509,4
2024/04/08 00:35,05F0309S,05F0439S,41,1969,1
2024/04/08 00:35,05F0309S,05F0439S,42,551,2
2024/04/08 00:35,05F0309S,05F0439S,5,525,1
2024/04/08 00:35,05F0439S,05F0494S,31,904,1
2024/04/08 00:35,05F0439S,05F0494S,32,0,0
2024/04/08 00:35,05F0439S,05F0494S,41,0,0
2024/04/08 00:35,05F0439S,05F0494S,42,0,0
2024/04/08 00:35,05F0439S,05F0494S,5,0,0
2024/04/08 00:40,05F0000S,05F0055S,31,223,11
2024/04/08 00:40,05F0000S,05F0055S,32,229,6
2024/04/08 00:40,05F0000S,05F0055S,41,0,0
2024/04/08 00:40,05F0000S,05F0055S,42,0,0
2024/04/08 00:40,05F0000S,05F0055S,5,0,0
2024/04/08 00:40,05F0055S,05F0287S,31,936,23
2024/04/08 00:40,05F0055S,05F0287S,32,951,2
2024/04/08 00:40,05F0055S,05F0287S,41,0,0
2024/04/08 00:40,05F0055S,05F0287S,42,0,0
2024/04/08 00:40,05F0055S,05F0287S,5,0,0
2024/04/08 00:40,05F0287S,05F0309S,31,87,22
2024/04/08 00:40,05F0287S,05F0309S,32,83,3
2024/04/08 00:40,05F0287S,05F0309S,41,0,0
2024/04/08 00:40,05F0287S,05F0309S,42,0,0
2024/04/08 00:40,05F0287S,05F0309S,5,0,0
2024/04/08 00:40,05F0309S,05F0439S,31,488,4
2024/04/08 00:40,05F0309S,05F0439S,32,543,3
2024/04/08 00:40,05F0309S,05F0439S,41,0,0
2024/04/08 00:40,05F0309S,05F0439S,42,0,0
2024/04/08 00:40,05F0309S,05F0439S,5,0,0
2024/04/08 00:40,05F0439S,05F0494S,31,218,4
2024/04/08 00:40,05F0439S,05F0494S,32,216,1
2024/04/08 00:40,05F0439S,05F0494S,41,0,0
2024/04/08 00:40,05F0439S,05F0494S,42,0,0
2024/04/08 00:40,05F0439S,05F0494S,5,0,0
2024/04/08 00:45,05F0000S,05F0055S,31,240,22
2024/04/08 00:45,05F0000S,05F0055S,32,238,4
2024/04/08 00:45,05F0000S,05F0055S,41,246,1
2024/04/08 00:45,05F0000S,05F0055S,42,0,0
2024/04/08 00:45,05F0000S,05F0055S,5,0,0
2024/04/08 00:45,05F0055S,05F0287S,31,942,17
2024/04/08 00:45,05F0055S,05F0287S,32,959,2
2024/04/08 00:45,05F0055S,05F0287S,41,958,1
2024/04/08 00:45,05F0055S,05F0287S,42,0,0
2024/04/08 00:45,05F0055S,05F0287S,5,0,0
2024/04/08 00:45,05F0287S,05F0309S,31,86,11
2024/04/08 00:45,05F0287S,05F0309S,32,0,0
2024/04/08 00:45,05F0287S,05F0309S,41,0,0
2024/04/08 00:45,05F0287S,05F0309S,42,0,0
2024/04/08 00:45,05F0287S,05F0309S,5,0,0
2024/04/08 00:45,05F0309S,05F0439S,31,477,12
2024/04/08 00:45,05F0309S,05F0439S,32,562,3
2024/04/08 00:45,05F0309S,05F0439S,41,0,0
2024/04/08 00:45,05F0309S,05F0439S,42,0,0
2024/04/08 00:45,05F0309S,05F0439S,5,0,0
2024/04/08 00:45,05F0439S,05F0494S,31,192,1
2024/04/08 00:45,05F0439S,05F0494S,32,221,3
2024/04/08 00:45,05F0439S,05F0494S,41,0,0
2024/04/08 00:45,05F0439S,05F0494S,42,0,0
2024/04/08 00:45,05F0439S,05F0494S,5,0,0
2024/04/08 00:50,05F0000S,05F0055S,31,224,14
2024/04/08 00:50,05F0000S,05F0055S,32,230,5
2024/04/08 00:50,05F0000S,05F0055S,41,238,3
2024/04/08 00:50,05F0000S,05F0055S,42,0,0
2024/04/08 00:50,05F0000S,05F0055S,5,0,0
2024/04/08 00:50,05F0055S,05F0287S,31,913,19
2024/04/08 00:50,05F0055S,05F0287S,32,931,5
2024/04/08 00:50,05F0055S,05F0287S,41,0,0
2024/04/08 00:50,05F0055S,05F0287S,42,0,0
2024/04/08 00:50,05F0055S,05F0287S,5,0,0
2024/04/08 00:50,05F0287S,05F0309S,31,85,13
2024/04/08 00:50,05F0287S,05F0309S,32,85,2
2024/04/08 00:50,05F0287S,05F0309S,41,0,0
2024/04/08 00:50,05F0287S,05F0309S,42,0,0
2024/04/08 00:50,05F0287S,05F0309S,5,0,0
2024/04/08 00:50,05F0309S,05F0439S,31,498,13
2024/04/08 00:50,05F0309S,05F0439S,32,462,1
2024/04/08 00:50,05F0309S,05F0439S,41,0,0
2024/04/08 00:50,05F0309S,05F0439S,42,0,0
2024/04/08 00:50,05F0309S,05F0439S,5,477,1
2024/04/08 00:50,05F0439S,05F0494S,31,212,3
2024/04/08 00:50,05F0439S,05F0494S,32,0,0
2024/04/08 00:50,05F0439S,05F0494S,41,0,0
2024/04/08 00:50,05F0439S,05F0494S,42,0,0
2024/04/08 00:50,05F0439S,05F0494S,5,0,0
2024/04/08 00:55,05F0000S,05F0055S,31,238,15
2024/04/08 00:55,05F0000S,05F0055S,32,223,3
2024/04/08 00:55,05F0000S,05F0055S,41,0,0
2024/04/08 00:55,05F0000S,05F0055S,42,0,0
2024/04/08 00:55,05F0000S,05F0055S,5,0,0
2024/04/08 00:55,05F0055S,05F0287S,31,901,10
2024/04/08 00:55,05F0055S,05F0287S,32,914,5
2024/04/08 00:55,05F0055S,05F0287S,41,0,0
2024/04/08 00:55,05F0055S,05F0287S,42,0,0
2024/04/08 00:55,05F0055S,05F0287S,5,0,0
2024/04/08 00:55,05F0287S,05F0309S,31,86,9
2024/04/08 00:55,05F0287S,05F0309S,32,90,3
2024/04/08 00:55,05F0287S,05F0309S,41,0,0
2024/04/08 00:55,05F0287S,05F0309S,42,0,0
2024/04/08 00:55,05F0287S,05F0309S,5,0,0
2024/04/08 00:55,05F0309S,05F0439S,31,534,4
2024/04/08 00:55,05F0309S,05F0439S,32,576,1
2024/04/08 00:55,05F0309S,05F0439S,41,0,0
2024/04/08 00:55,05F0309S,05F0439S,42,0,0
2024/04/08 00:55,05F0309S,05F0439S,5,0,0
2024/04/08 00:55,05F0439S,05F0494S,31,0,0
2024/04/08 00:55,05F0439S,05F0494S,32,220,2
2024/04/08 00:55,05F0439S,05F0494S,41,0,0
2024/04/08 00:55,05F0439S,05F0494S,42,0,0
2024/04/08 00:55,05F0439S,05F0494S,5,0,0
2024/04/08 01:00,05F0000S,05F0055S,31,227,17
2024/04/08 01:00,05F0000S,05F0055S,32,206,2
2024/04/08 01:00,05F0000S,05F0055S,41,0,0
2024/04/08 01:00,05F0000S,05F0055S,42,0,0
2024/04/08 01:00,05F0000S,05F0055S,5,0,0
2024/04/08 01:00,05F0055S,05F0287S,31,929,22
2024/04/08 01:00,05F0055S,05F0287S,32,943,4
2024/04/08 01:00,05F0055S,05F0287S,41,1022,1
2024/04/08 01:00,05F0055S,05F0287S,42,0,0
2024/04/08 01:00,05F0055S,05F0287S,5,0,0
2024/04/08 01:00,05F0287S,05F0309S,31,86,7
2024/04/08 01:00,05F0287S,05F0309S,32,88,3
2024/04/08 01:00,05F0287S,05F0309S,41,0,0
2024/04/08 01:00,05F0287S,05F0309S,42,0,0
2024/04/08 01:00,05F0287S,05F0309S,5,0,0
2024/04/08 01:00,05F0309S,05F0439S,31,506,10
2024/04/08 01:00,05F0309S,05F0439S,32,467,2
2024/04/08 01:00,05F0309S,05F0439S,41,0,0
2024/04/08 01:00,05F0309S,05F0439S,42,0,0
2024/04/08 01:00,05F0309S,05F0439S,5,506,1
2024/04/08 01:00,05F0439S,05F0494S,31,237,1
2024/04/08 01:00,05F0439S,05F0494S,32,236,1
2024/04/08 01:00,05F0439S,05F0494S,41,0,0
2024/04/08 01:00,05F0439S,05F0494S,42,0,0
2024/04/08 01:00,05F0439S,05F0494S,5,0,0
2024/04/08 01:05,05F0000S,05F0055S,31,237,11
2024/04/08 01:05,05F0000S,05F0055S,32,291,3
2024/04/08 01:05,05F0000S,05F0055S,41,0,0
2024/04/08 01:05,05F0000S,05F0055S,42,0,0
2024/04/08 01:05,05F0000S,05F0055S,5,0,0
2024/04/08 01:05,05F0055S,05F0287S,31,921,15
2024/04/08 01:05,05F0055S,05F0287S,32,922,5
2024/04/08 01:05,05F0055S,05F0287S,41,904,1
2024/04/08 01:05,05F0055S,05F0287S,42,0,0
2024/04/08 01:05,05F0055S,05F0287S,5,0,0
2024/04/08 01:05,05F0287S,05F0309S,31,85,24
2024/04/08 01:05,05F0287S,05F0309S,32,83,6
2024/04/08 01:05,05F0287S,05F0309S,41,95,1
2024/04/08 01:05,05F0287S,05F0309S,42,0,0
2024/04/08 01:05,05F0287S,05F0309S,5,0,0
2024/04/08 01:05,05F0309S,05F0439S,31,531,2
2024/04/08 01:05,05F0309S,05F0439S,32,468,1
2024/04/08 01:05,05F0309S,05F0439S,41,0,0
2024/04/08 01:05,05F0309S,05F0439S,42,576,1
2024/04/08 01:05,05F0309S,05F0439S,5,576,1
2024/04/08 01:05,05F0439S,05F0494S,31,185,1
2024/04/08 01:05,05F0439S,05F0494S,32,0,0
2024/04/08 01:05,05F0439S,05F0494S,41,0,0
2024/04/08 01:05,05F0439S,05F0494S,42,0,0
2024/04/08 01:05,05F0439S,05F0494S,5,208,1
2024/04/08 01:10,05F0000S,05F0055S,31,226,9
2024/04/08 01:10,05F0000S,05F0055S,32,234,4
2024/04/08 01:10,05F0000S,05F0055S,41,235,1
2024/04/08 01:10,05F0000S,05F0055S,42,0,0
2024/04/08 01:10,05F0000S,05F0055S,5,0,0
2024/04/08 01:10,05F0055S,05F0287S,31,927,12
2024/04/08 01:10,05F0055S,05F0287S,32,969,3
2024/04/08 01:10,05F0055S,05F0287S,41,1085,2
2024/04/08 01:10,05F0055S,05F0287S,42,0,0
2024/04/08 01:10,05F0055S,05F0287S,5,0,0
2024/04/08 01:10,05F0287S,05F0309S,31,84,5
2024/04/08 01:10,05F0287S,05F0309S,32,83,1
2024/04/08 01:10,05F0287S,05F0309S,41,0,0
2024/04/08 01:10,05F0287S,05F0309S,42,0,0
2024/04/08 01:10,05F0287S,05F0309S,5,0,0
2024/04/08 01:10,05F0309S,05F0439S,31,513,10
2024/04/08 01:10,05F0309S,05F0439S,32,492,4
2024/04/08 01:10,05F0309S,05F0439S,41,532,1
2024/04/08 01:10,05F0309S,05F0439S,42,0,0
2024/04/08 01:10,05F0309S,05F0439S,5,0,0
2024/04/08 01:10,05F0439S,05F0494S,31,220,4
2024/04/08 01:10,05F0439S,05F0494S,32,228,1
2024/04/08 01:10,05F0439S,05F0494S,41,0,0
2024/04/08 01:10,05F0439S,05F0494S,42,0,0
2024/04/08 01:10,05F0439S,05F0494S,5,0,0
2024/04/08 01:15,05F0000S,05F0055S,31,222,9
2024/04/08 01:15,05F0000S,05F0055S,32,245,1
2024/04/08 01:15,05F0000S,05F0055S,41,0,0
2024/04/08 01:15,05F0000S,05F0055S,42,0,0
2024/04/08 01:15,05F0000S,05F0055S,5,0,0
2024/04/08 01:15,05F0055S,05F0287S,31,922,20
2024/04/08 01:15,05F0055S,05F0287S,32,875,2
2024/04/08 01:15,05F0055S,05F0287S,41,0,0
2024/04/08 01:15,05F0055S,05F0287S,42,0,0
2024/04/08 01:15,05F0055S,05F0287S,5,0,0
2024/04/08 01:15,05F0287S,05F0309S,31,80,13
2024/04/08 01:15,05F0287S,05F0309S,32,92,1
2024/04/08 01:15,05F0287S,05F0309S,41,0,0
2024/04/08 01:15,05F0287S,05F0309S,42,0,0
2024/04/08 01:15,05F0287S,05F0309S,5,0,0
2024/04/08 01:15,05F0309S,05F0439S,31,503,6
2024/04/08 01:15,05F0309S,05F0439S,32,528,1
2024/04/08 01:15,05F0309S,05F0439S,41,0,0
2024/04/08 01:15,05F0309S,05F0439S,42,0,0
2024/04/08 01:15,05F0309S,05F0439S,5,0,0
2024/04/08 01:15,05F0439S,05F0494S,31,204,1
2024/04/08 01:15,05F0439S,05F0494S,32,200,2
2024/04/08 01:15,05F0439S,05F0494S,41,0,0
2024/04/08 01:15,05F0439S,05F0494S,42,0,0
2024/04/08 01:15,05F0439S,05F0494S,5,0,0
2024/04/08 01:20,05F0000S,05F0055S,31,228,13
2024/04/08 01:20,05F0000S,05F0055S,32,224,4
2024/04/08 01:20,05F0000S,05F0055S,41,0,0
2024/04/08 01:20,05F0000S,05F0055S,42,0,0
2024/04/08 01:20,05F0000S,05F0055S,5,0,0
2024/04/08 01:20,05F0055S,05F0287S,31,936,10
2024/04/08 01:20,05F0055S,05F0287S,32,947,2
2024/04/08 01:20,05F0055S,05F0287S,41,0,0
2024/04/08 01:20,05F0055S,05F0287S,42,0,0
2024/04/08 01:20,05F0055S,05F0287S,5,0,0
2024/04/08 01:20,05F0287S,05F0309S,31,87,8
2024/04/08 01:20,05F0287S,05F0309S,32,80,2
2024/04/08 01:20,05F0287S,05F0309S,41,0,0
2024/04/08 01:20,05F0287S,05F0309S,42,0,0
2024/04/08 01:20,05F0287S,05F0309S,5,0,0
2024/04/08 01:20,05F0309S,05F0439S,31,495,3
2024/04/08 01:20,05F0309S,05F0439S,32,0,0
2024/04/08 01:20,05F0309S,05F0439S,41,0,0
2024/04/08 01:20,05F0309S,05F0439S,42,0,0
2024/04/08 01:20,05F0309S,05F0439S,5,541,1
2024/04/08 01:20,05F0439S,05F0494S,31,208,1
2024/04/08 01:20,05F0439S,05F0494S,32,220,1
2024/04/08 01:20,05F0439S,05F0494S,41,0,0
2024/04/08 01:20,05F0439S,05F0494S,42,0,0
2024/04/08 01:20,05F0439S,05F0494S,5,0,0
2024/04/08 01:25,05F0000S,05F0055S,31,217,13
2024/04/08 01:25,05F0000S,05F0055S,32,230,1
2024/04/08 01:25,05F0000S,05F0055S,41,0,0
2024/04/08 01:25,05F0000S,05F0055S,42,0,0
2024/04/08 01:25,05F0000S,05F0055S,5,0,0
2024/04/08 01:25,05F0055S,05F0287S,31,922,14
2024/04/08 01:25,05F0055S,05F0287S,32,965,3
2024/04/08 01:25,05F0055S,05F0287S,41,1061,1
2024/04/08 01:25,05F0055S,05F0287S,42,0,0
2024/04/08 01:25,05F0055S,05F0287S,5,0,0
2024/04/08 01:25,05F0287S,05F0309S,31,85,9
2024/04/08 01:25,05F0287S,05F0309S,32,85,3
2024/04/08 01:25,05F0287S,05F0309S,41,0,0
2024/04/08 01:25,05F0287S,05F0309S,42,0,0
2024/04/08 01:25,05F0287S,05F0309S,5,0,0
2024/04/08 01:25,05F0309S,05F0439S,31,475,9
2024/04/08 01:25,05F0309S,05F0439S,32,449,1
2024/04/08 01:25,05F0309S,05F0439S,41,0,0
2024/04/08 01:25,05F0309S,05F0439S,42,0,0
2024/04/08 01:25,05F0309S,05F0439S,5,584,2
2024/04/08 01:25,05F0439S,05F0494S,31,0,0
2024/04/08 01:25,05F0439S,05F0494S,32,0,0
2024/04/08 01:25,05F0439S,05F0494S,41,0,0
2024/04/08 01:25,05F0439S,05F0494S,42,0,0
2024/04/08 01:25,05F0439S,05F0494S,5,233,2
2024/04/08 01:30,05F0000S,05F0055S,31,227,11
2024/04/08 01:30,05F0000S,05F0055S,32,233,4
2024/04/08 01:30,05F0000S,05F0055S,41,0,0
2024/04/08 01:30,05F0000S,05F0055S,42,0,0
2024/04/08 01:30,05F0000S,05F0055S,5,0,0
2024/04/08 01:30,05F0055S,05F0287S,31,955,8
2024/04/08 01:30,05F0055S,05F0287S,32,1010,2
2024/04/08 01:30,05F0055S,05F0287S,41,0,0
2024/04/08 01:30,05F0055S,05F0287S,42,0,0
2024/04/08 01:30,05F0055S,05F0287S,5,0,0
2024/04/08 01:30,05F0287S,05F0309S,31,80,10
2024/04/08 01:30,05F0287S,05F0309S,32,0,0
2024/04/08 01:30,05F0287S,05F0309S,41,0,0
2024/04/08 01:30,05F0287S,05F0309S,42,0,0
2024/04/08 01:30,05F0287S,05F0309S,5,0,0
2024/04/08 01:30,05F0309S,05F0439S,31,457,3
2024/04/08 01:30,05F0309S,05F0439S,32,509,2
2024/04/08 01:30,05F0309S,05F0439S,41,0,0
2024/04/08 01:30,05F0309S,05F0439S,42,454,1
2024/04/08 01:30,05F0309S,05F0439S,5,0,0
2024/04/08 01:30,05F0439S,05F0494S,31,233,1
2024/04/08 01:30,05F0439S,05F0494S,32,189,1
2024/04/08 01:30,05F0439S,05F0494S,41,0,0
2024/04/08 01:30,05F0439S,05F0494S,42,0,0
2024/04/08 01:30,05F0439S,05F0494S,5,246,1
2024/04/08 01:35,05F0000S,05F0055S,31,216,14
2024/04/08 01:35,05F0000S,05F0055S,32,230,3
2024/04/08 01:35,05F0000S,05F0055S,41,0,0
2024/04/08 01:35,05F0000S,05F0055S,42,0,0
2024/04/08 01:35,05F0000S,05F0055S,5,0,0
2024/04/08 01:35,05F0055S,05F0287S,31,899,14
2024/04/08 01:35,05F0055S,05F0287S,32,872,3
2024/04/08 01:35,05F0055S,05F0287S,41,0,0
2024/04/08 01:35,05F0055S,05F0287S,42,0,0
2024/04/08 01:35,05F0055S,05F0287S,5,0,0
2024/04/08 01:35,05F0287S,05F0309S,31,83,9
2024/04/08 01:35,05F0287S,05F0309S,32,77,3
2024/04/08 01:35,05F0287S,05F0309S,41,0,0
2024/04/08 01:35,05F0287S,05F0309S,42,0,0
2024/04/08 01:35,05F0287S,05F0309S,5,0,0
2024/04/08 01:35,05F0309S,05F0439S,31,427,5
2024/04/08 01:35,05F0309S,05F0439S,32,430,2
2024/04/08 01:35,05F0309S,05F0439S,41,0,0
2024/04/08 01:35,05F0309S,05F0439S,42,0,0
2024/04/08 01:35,05F0309S,05F0439S,5,0,0
2024/04/08 01:35,05F0439S,05F0494S,31,0,0
2024/04/08 01:35,05F0439S,05F0494S,32,0,0
2024/04/08 01:35,05F0439S,05F0494S,41,0,0
2024/04/08 01:35,05F0439S,05F0494S,42,0,0
2024/04/08 01:35,05F0439S,05F0494S,5,0,0
2024/04/08 01:40,05F0000S,05F0055S,31,222,5
2024/04/08 01:40,05F0000S,05F0055S,32,237,2
2024/04/08 01:40,05F0000S,05F0055S,41,801,2
2024/04/08 01:40,05F0000S,05F0055S,42,0,0
2024/04/08 01:40,05F0000S,05F0055S,5,0,0
2024/04/08 01:40,05F0055S,05F0287S,31,898,16
2024/04/08 01:40,05F0055S,05F0287S,32,999,3
2024/04/08 01:40,05F0055S,05F0287S,41,0,0
2024/04/08 01:40,05F0055S,05F0287S,42,0,0
2024/04/08 01:40,05F0055S,05F0287S,5,0,0
2024/04/08 01:40,05F0287S,05F0309S,31,84,10
2024/04/08 01:40,05F0287S,05F0309S,32,90,3
2024/04/08 01:40,05F0287S,05F0309S,41,0,0
2024/04/08 01:40,05F0287S,05F0309S,42,0,0
2024/04/08 01:40,05F0287S,05F0309S,5,0,0
2024/04/08 01:40,05F0309S,05F0439S,31,466,4
2024/04/08 01:40,05F0309S,05F0439S,32,383,3
2024/04/08 01:40,05F0309S,05F0439S,41,0,0
2024/04/08 01:40,05F0309S,05F0439S,42,0,0
2024/04/08 01:40,05F0309S,05F0439S,5,0,0
2024/04/08 01:40,05F0439S,05F0494S,31,211,3
2024/04/08 01:40,05F0439S,05F0494S,32,0,0
2024/04/08 01:40,05F0439S,05F0494S,41,0,0
2024/04/08 01:40,05F0439S,05F0494S,42,0,0
2024/04/08 01:40,05F0439S,05F0494S,5,0,0
2024/04/08 01:45,05F0000S,05F0055S,31,227,7
2024/04/08 01:45,05F0000S,05F0055S,32,0,0
2024/04/08 01:45,05F0000S,05F0055S,41,0,0
2024/04/08 01:45,05F0000S,05F0055S,42,0,0
2024/04/08 01:45,05F0000S,05F0055S,5,0,0
2024/04/08 01:45,05F0055S,05F0287S,31,931,10
2024/04/08 01:45,05F0055S,05F0287S,32,912,4
2024/04/08 01:45,05F0055S,05F0287S,41,0,0
2024/04/08 01:45,05F0055S,05F0287S,42,0,0
2024/04/08 01:45,05F0055S,05F0287S,5,0,0
2024/04/08 01:45,05F0287S,05F0309S,31,84,7
2024/04/08 01:45,05F0287S,05F0309S,32,84,1
2024/04/08 01:45,05F0287S,05F0309S,41,0,0
2024/04/08 01:45,05F0287S,05F0309S,42,0,0
2024/04/08 01:45,05F0287S,05F0309S,5,0,0
2024/04/08 01:45,05F0309S,05F0439S,31,480,7
2024/04/08 01:45,05F0309S,05F0439S,32,0,0
2024/04/08 01:45,05F0309S,05F0439S,41,0,0
2024/04/08 01:45,05F0309S,05F0439S,42,524,1
2024/04/08 01:45,05F0309S,05F0439S,5,541,3
2024/04/08 01:45,05F0439S,05F0494S,31,204,1
2024/04/08 01:45,05F0439S,05F0494S,32,199,2
2024/04/08 01:45,05F0439S,05F0494S,41,0,0
2024/04/08 01:45,05F0439S,05F0494S,42,0,0
2024/04/08 01:45,05F0439S,05F0494S,5,0,0
2024/04/08 01:50,05F0000S,05F0055S,31,233,10
2024/04/08 01:50,05F0000S,05F0055S,32,232,4
2024/04/08 01:50,05F0000S,05F0055S,41,0,0
2024/04/08 01:50,05F0000S,05F0055S,42,0,0
2024/04/08 01:50,05F0000S,05F0055S,5,0,0
2024/04/08 01:50,05F0055S,05F0287S,31,899,16
2024/04/08 01:50,05F0055S,05F0287S,32,951,3
2024/04/08 01:50,05F0055S,05F0287S,41,0,0
2024/04/08 01:50,05F0055S,05F0287S,42,0,0
2024/04/08 01:50,05F0055S,05F0287S,5,0,0
2024/04/08 01:50,05F0287S,05F0309S,31,78,14
2024/04/08 01:50,05F0287S,05F0309S,32,85,3
2024/04/08 01:50,05F0287S,05F0309S,41,0,0
2024/04/08 01:50,05F0287S,05F0309S,42,0,0
2024/04/08 01:50,05F0287S,05F0309S,5,0,0
2024/04/08 01:50,05F0309S,05F0439S,31,499,3
2024/04/08 01:50,05F0309S,05F0439S,32,503,1
2024/04/08 01:50,05F0309S,05F0439S,41,0,0
2024/04/08 01:50,05F0309S,05F0439S,42,568,1
2024/04/08 01:50,05F0309S,05F0439S,5,530,1
2024/04/08 01:50,05F0439S,05F0494S,31,215,4
2024/04/08 01:50,05F0439S,05F0494S,32,220,1
2024/04/08 01:50,05F0439S,05F0494S,41,0,0
2024/04/08 01:50,05F0439S,05F0494S,42,221,1
2024/04/08 01:50,05F0439S,05F0494S,5,222,3
2024/04/08 01:55,05F0000S,05F0055S,31,230,12
2024/04/08 01:55,05F0000S,05F0055S,32,231,1
2024/04/08 01:55,05F0000S,05F0055S,41,0,0
2024/04/08 01:55,05F0000S,05F0055S,42,0,0
2024/04/08 01:55,05F0000S,05F0055S,5,0,0
2024/04/08 01:55,05F0055S,05F0287S,31,895,5
2024/04/08 01:55,05F0055S,05F0287S,32,948,2
2024/04/08 01:55,05F0055S,05F0287S,41,982,2
2024/04/08 01:55,05F0055S,05F0287S,42,0,0
2024/04/08 01:55,05F0055S,05F0287S,5,0,0
2024/04/08 01:55,05F0287S,05F0309S,31,83,6
2024/04/08 01:55,05F0287S,05F0309S,32,106,1
2024/04/08 01:55,05F0287S,05F0309S,41,91,2
2024/04/08 01:55,05F0287S,05F0309S,42,0,0
2024/04/08 01:55,05F0287S,05F0309S,5,0,0
2024/04/08 01:55,05F0309S,05F0439S,31,486,7
2024/04/08 01:55,05F0309S,05F0439S,32,504,2
2024/04/08 01:55,05F0309S,05F0439S,41,0,0
2024/04/08 01:55,05F0309S,05F0439S,42,0,0
2024/04/08 01:55,05F0309S,05F0439S,5,0,0
2024/04/08 01:55,05F0439S,05F0494S,31,0,0
2024/04/08 01:55,05F0439S,05F0494S,32,0,0
2024/04/08 01:55,05F0439S,05F0494S,41,0,0
2024/04/08 01:55,05F0439S,05F0494S,42,229,1
2024/04/08 01:55,05F0439S,05F0494S,5,226,3
2024/04/08 02:00,05F0000S,05F0055S,31,237,6
2024/04/08 02:00,05F0000S,05F0055S,32,356,4
2024/04/08 02:00,05F0000S,05F0055S,41,255,2
2024/04/08 02:00,05F0000S,05F0055S,42,0,0
2024/04/08 02:00,05F0000S,05F0055S,5,0,0
2024/04/08 02:00,05F0055S,05F0287S,31,953,6
2024/04/08 02:00,05F0055S,05F0287S,32,0,0
2024/04/08 02:00,05F0055S,05F0287S,41,0,0
2024/04/08 02:00,05F0055S,05F0287S,42,0,0
2024/04/08 02:00,05F0055S,05F0287S,5,0,0
2024/04/08 02:00,05F0287S,05F0309S,31,88,7
2024/04/08 02:00,05F0287S,05F0309S,32,0,0
2024/04/08 02:00,05F0287S,05F0309S,41,0,0
2024/04/08 02:00,05F0287S,05F0309S,42,0,0
2024/04/08 02:00,05F0287S,05F0309S,5,0,0
2024/04/08 02:00,05F0309S,05F0439S,31,491,6
2024/04/08 02:00,05F0309S,05F0439S,32,519,2
2024/04/08 02:00,05F0309S,05F0439S,41,0,0
2024/04/08 02:00,05F0309S,05F0439S,42,0,0
2024/04/08 02:00,05F0309S,05F0439S,5,580,2
2024/04/08 02:00,05F0439S,05F0494S,31,187,3
2024/04/08 02:00,05F0439S,05F0494S,32,214,1
2024/04/08 02:00,05F0439S,05F0494S,41,0,0
2024/04/08 02:00,05F0439S,05F0494S,42,0,0
2024/04/08 02:00,05F0439S,05F0494S,5,0,0
2024/04/08 02:05,05F0000S,05F0055S,31,214,7
2024/04/08 02:05,05F0000S,05F0055S,32,220,2
2024/04/08 02:05,05F0000S,05F0055S,41,0,0
2024/04/08 02:05,05F0000S,05F0055S,42,0,0
2024/04/08 02:05,05F0000S,05F0055S,5,0,0
2024/04/08 02:05,05F0055S,05F0287S,31,910,11
2024/04/08 02:05,05F0055S,05F0287S,32,893,2
2024/04/08 02:05,05F0055S,05F0287S,41,0,0
2024/04/08 02:05,05F0055S,05F0287S,42,0,0
2024/04/08 02:05,05F0055S,05F0287S,5,0,0
2024/04/08 02:05,05F0287S,05F0309S,31,84,5
2024/04/08 02:05,05F0287S,05F0309S,32,81,1
2024/04/08 02:05,05F0287S,05F0309S,41,0,0
2024/04/08 02:05,05F0287S,05F0309S,42,0,0
2024/04/08 02:05,05F0287S,05F0309S,5,0,0
2024/04/08 02:05,05F0309S,05F0439S,31,469,3
2024/04/08 02:05,05F0309S,05F0439S,32,0,0
2024/04/08 02:05,05F0309S,05F0439S,41,0,0
2024/04/08 02:05,05F0309S,05F0439S,42,518,1
2024/04/08 02:05,05F0309S,05F0439S,5,0,0
2024/04/08 02:05,05F0439S,05F0494S,31,0,0
2024/04/08 02:05,05F0439S,05F0494S,32,0,0
2024/04/08 02:05,05F0439S,05F0494S,41,0,0
2024/04/08 02:05,05F0439S,05F0494S,42,0,0
2024/04/08 02:05,05F0439S,05F0494S,5,245,2
2024/04/08 02:10,05F0000S,05F0055S,31,223,9
2024/04/08 02:10,05F0000S,05F0055S,32,240,2
2024/04/08 02:10,05F0000S,05F0055S,41,294,1
2024/04/08 02:10,05F0000S,05F0055S,42,0,0
2024/04/08 02:10,05F0000S,05F0055S,5,0,0
2024/04/08 02:10,05F0055S,05F0287S,31,950,13
2024/04/08 02:10,05F0055S,05F0287S,32,964,2
2024/04/08 02:10,05F0055S,05F0287S,41,0,0
2024/04/08 02:10,05F0055S,05F0287S,42,0,0
2024/04/08 02:10,05F0055S,05F0287S,5,0,0
2024/04/08 02:10,05F0287S,05F0309S,31,87,9
2024/04/08 02:10,05F0287S,05F0309S,32,91,3
2024/04/08 02:10,05F0287S,05F0309S,41,0,0
2024/04/08 02:10,05F0287S,05F0309S,42,0,0
2024/04/08 02:10,05F0287S,05F0309S,5,0,0
2024/04/08 02:10,05F0309S,05F0439S,31,465,4
2024/04/08 02:10,05F0309S,05F0439S,32,467,1
2024/04/08 02:10,05F0309S,05F0439S,41,0,0
2024/04/08 02:10,05F0309S,05F0439S,42,0,0
2024/04/08 02:10,05F0309S,05F0439S,5,530,1
2024/04/08 02:10,05F0439S,05F0494S,31,0,0
2024/04/08 02:10,05F0439S,05F0494S,32,0,0
2024/04/08 02:10,05F0439S,05F0494S,41,0,0
2024/04/08 02:10,05F0439S,05F0494S,42,0,0
2024/04/08 02:10,05F0439S,05F0494S,5,241,1
2024/04/08 02:15,05F0000S,05F0055S,31,236,7
2024/04/08 02:15,05F0000S,05F0055S,32,230,2
2024/04/08 02:15,05F0000S,05F0055S,41,0,0
2024/04/08 02:15,05F0000S,05F0055S,42,0,0
2024/04/08 02:15,05F0000S,05F0055S,5,0,0
2024/04/08 02:15,05F0055S,05F0287S,31,907,7
2024/04/08 02:15,05F0055S,05F0287S,32,939,4
2024/04/08 02:15,05F0055S,05F0287S,41,1016,2
2024/04/08 02:15,05F0055S,05F0287S,42,0,0
2024/04/08 02:15,05F0055S,05F0287S,5,0,0
2024/04/08 02:15,05F0287S,05F0309S,31,78,1
2024/04/08 02:15,05F0287S,05F0309S,32,84,2
2024/04/08 02:15,05F0287S,05F0309S,41,0,0
2024/04/08 02:15,05F0287S,05F0309S,42,0,0
2024/04/08 02:15,05F0287S,05F0309S,5,0,0
2024/04/08 02:15,05F0309S,05F0439S,31,481,3
2024/04/08 02:15,05F0309S,05F0439S,32,0,0
2024/04/08 02:15,05F0309S,05F0439S,41,0,0
2024/04/08 02:15,05F0309S,05F0439S,42,0,0
2024/04/08 02:15,05F0309S,05F0439S,5,0,0
2024/04/08 02:15,05F0439S,05F0494S,31,222,1
2024/04/08 02:15,05F0439S,05F0494S,32,0,0
2024/04/08 02:15,05F0439S,05F0494S,41,0,0
2024/04/08 02:15,05F0439S,05F0494S,42,0,0
2024/04/08 02:15,05F0439S,05F0494S,5,215,1
2024/04/08 02:20,05F0000S,05F0055S,31,224,9
2024/04/08 02:20,05F0000S,05F0055S,32,239,5
2024/04/08 02:20,05F0000S,05F0055S,41,0,0
2024/04/08 02:20,05F0000S,05F0055S,42,0,0
2024/04/08 02:20,05F0000S,05F0055S,5,0,0
2024/04/08 02:20,05F0055S,05F0287S,31,879,7
2024/04/08 02:20,05F0055S,05F0287S,32,904,3
2024/04/08 02:20,05F0055S,05F0287S,41,0,0
2024/04/08 02:20,05F0055S,05F0287S,42,0,0
2024/04/08 02:20,05F0055S,05F0287S,5,0,0
2024/04/08 02:20,05F0287S,05F0309S,31,81,6
2024/04/08 02:20,05F0287S,05F0309S,32,93,2
2024/04/08 02:20,05F0287S,05F0309S,41,0,0
2024/04/08 02:20,05F0287S,05F0309S,42,0,0
2024/04/08 02:20,05F0287S,05F0309S,5,0,0
2024/04/08 02:20,05F0309S,05F0439S,31,482,5
2024/04/08 02:20,05F0309S,05F0439S,32,537,3
2024/04/08 02:20,05F0309S,05F0439S,41,0,0
2024/04/08 02:20,05F0309S,05F0439S,42,0,0
2024/04/08 02:20,05F0309S,05F0439S,5,524,3
2024/04/08 02:20,05F0439S,05F0494S,31,242,1
2024/04/08 02:20,05F0439S,05F0494S,32,0,0
2024/04/08 02:20,05F0439S,05F0494S,41,0,0
2024/04/08 02:20,05F0439S,05F0494S,42,0,0
2024/04/08 02:20,05F0439S,05F0494S,5,0,0
2024/04/08 02:25,05F0000S,05F0055S,31,232,7
2024/04/08 02:25,05F0000S,05F0055S,32,246,4
2024/04/08 02:25,05F0000S,05F0055S,41,0,0
2024/04/08 02:25,05F0000S,05F0055S,42,0,0
2024/04/08 02:25,05F0000S,05F0055S,5,0,0
2024/04/08 02:25,05F0055S,05F0287S,31,914,7
2024/04/08 02:25,05F0055S,05F0287S,32,0,0
2024/04/08 02:25,05F0055S,05F0287S,41,0,0
2024/04/08 02:25,05F0055S,05F0287S,42,0,0
2024/04/08 02:25,05F0055S,05F0287S,5,0,0
2024/04/08 02:25,05F0287S,05F0309S,31,84,6
2024/04/08 02:25,05F0287S,05F0309S,32,91,1
2024/04/08 02:25,05F0287S,05F0309S,41,0,0
2024/04/08 02:25,05F0287S,05F0309S,42,0,0
2024/04/08 02:25,05F0287S,05F0309S,5,0,0
2024/04/08 02:25,05F0309S,05F0439S,31,464,4
2024/04/08 02:25,05F0309S,05F0439S,32,469,1
2024/04/08 02:25,05F0309S,05F0439S,41,0,0
2024/04/08 02:25,05F0309S,05F0439S,42,0,0
2024/04/08 02:25,05F0309S,05F0439S,5,0,0
2024/04/08 02:25,05F0439S,05F0494S,31,212,2
2024/04/08 02:25,05F0439S,05F0494S,32,0,0
2024/04/08 02:25,05F0439S,05F0494S,41,0,0
2024/04/08 02:25,05F0439S,05F0494S,42,0,0
2024/04/08 02:25,05F0439S,05F0494S,5,218,3
2024/04/08 02:30,05F0000S,05F0055S,31,214,9
2024/04/08 02:30,05F0000S,05F0055S,32,0,0
2024/04/08 02:30,05F0000S,05F0055S,41,0,0
2024/04/08 02:30,05F0000S,05F0055S,42,0,0
2024/04/08 02:30,05F0000S,05F0055S,5,0,0
2024/04/08 02:30,05F0055S,05F0287S,31,935,10
2024/04/08 02:30,05F0055S,05F0287S,32,922,4
2024/04/08 02:30,05F0055S,05F0287S,41,1200,1
2024/04/08 02:30,05F0055S,05F0287S,42,0,0
2024/04/08 02:30,05F0055S,05F0287S,5,0,0
2024/04/08 02:30,05F0287S,05F0309S,31,85,8
2024/04/08 02:30,05F0287S,05F0309S,32,81,4
2024/04/08 02:30,05F0287S,05F0309S,41,102,1
2024/04/08 02:30,05F0287S,05F0309S,42,0,0
2024/04/08 02:30,05F0287S,05F0309S,5,0,0
2024/04/08 02:30,05F0309S,05F0439S,31,0,0
2024/04/08 02:30,05F0309S,05F0439S,32,497,2
2024/04/08 02:30,05F0309S,05F0439S,41,0,0
2024/04/08 02:30,05F0309S,05F0439S,42,0,0
2024/04/08 02:30,05F0309S,05F0439S,5,522,1
2024/04/08 02:30,05F0439S,05F0494S,31,230,2
2024/04/08 02:30,05F0439S,05F0494S,32,0,0
2024/04/08 02:30,05F0439S,05F0494S,41,0,0
2024/04/08 02:30,05F0439S,05F0494S,42,0,0
2024/04/08 02:30,05F0439S,05F0494S,5,221,1
2024/04/08 02:35,05F0000S,05F0055S,31,225,8
2024/04/08 02:35,05F0000S,05F0055S,32,221,4
2024/04/08 02:35,05F0000S,05F0055S,41,0,0
2024/04/08 02:35,05F0000S,05F0055S,42,0,0
2024/04/08 02:35,05F0000S,05F0055S,5,0,0
2024/04/08 02:35,05F0055S,05F0287S,31,968,8
2024/04/08 02:35,05F0055S,05F0287S,32,937,5
2024/04/08 02:35,05F0055S,05F0287S,41,0,0
2024/04/08 02:35,05F0055S,05F0287S,42,0,0
2024/04/08 02:35,05F0055S,05F0287S,5,0,0
2024/04/08 02:35,05F0287S,05F0309S,31,88,6
2024/04/08 02:35,05F0287S,05F0309S,32,84,2
2024/04/08 02:35,05F0287S,05F0309S,41,0,0
2024/04/08 02:35,05F0287S,05F0309S,42,0,0
2024/04/08 02:35,05F0287S,05F0309S,5,0,0
2024/04/08 02:35,05F0309S,05F0439S,31,482,6
2024/04/08 02:35,05F0309S,05F0439S,32,0,0
2024/04/08 02:35,05F0309S,05F0439S,41,0,0
2024/04/08 02:35,05F0309S,05F0439S,42,559,1
2024/04/08 02:35,05F0309S,05F0439S,5,528,1
2024/04/08 02:35,05F0439S,05F0494S,31,213,2
2024/04/08 02:35,05F0439S,05F0494S,32,0,0
2024/04/08 02:35,05F0439S,05F0494S,41,0,0
2024/04/08 02:35,05F0439S,05F0494S,42,0,0
2024/04/08 02:35,05F0439S,05F0494S,5,0,0
2024/04/08 02:40,05F0000S,05F0055S,31,234,6
2024/04/08 02:40,05F0000S,05F0055S,32,246,4
2024/04/08 02:40,05F0000S,05F0055S,41,0,0
2024/04/08 02:40,05F0000S,05F0055S,42,0,0
2024/04/08 02:40,05F0000S,05F0055S,5,0,0
2024/04/08 02:40,05F0055S,05F0287S,31,966,8
2024/04/08 02:40,05F0055S,05F0287S,32,950,4
2024/04/08 02:40,05F0055S,05F0287S,41,0,0
2024/04/08 02:40,05F0055S,05F0287S,42,0,0
2024/04/08 02:40,05F0055S,05F0287S,5,0,0
2024/04/08 02:40,05F0287S,05F0309S,31,83,2
2024/04/08 02:40,05F0287S,05F0309S,32,89,4
2024/04/08 02:40,05F0287S,05F0309S,41,0,0
2024/04/08 02:40,05F0287S,05F0309S,42,0,0
2024/04/08 02:40,05F0287S,05F0309S,5,0,0
2024/04/08 02:40,05F0309S,05F0439S,31,505,5
2024/04/08 02:40,05F0309S,05F0439S,32,514,2
2024/04/08 02:40,05F0309S,05F0439S,41,578,1
2024/04/08 02:40,05F0309S,05F0439S,42,0,0
2024/04/08 02:40,05F0309S,05F0439S,5,482,1
2024/04/08 02:40,05F0439S,05F0494S,31,205,2
2024/04/08 02:40,05F0439S,05F0494S,32,0,0
2024/04/08 02:40,05F0439S,05F0494S,41,0,0
2024/04/08 02:40,05F0439S,05F0494S,42,239,1
2024/04/08 02:40,05F0439S,05F0494S,5,204,1
2024/04/08 02:45,05F0000S,05F0055S,31,227,6
2024/04/08 02:45,05F0000S,05F0055S,32,225,3
2024/04/08 02:45,05F0000S,05F0055S,41,0,0
2024/04/08 02:45,05F0000S,05F0055S,42,0,0
2024/04/08 02:45,05F0000S,05F0055S,5,0,0
2024/04/08 02:45,05F0055S,05F0287S,31,863,11
2024/04/08 02:45,05F0055S,05F0287S,32,934,1
2024/04/08 02:45,05F0055S,05F0287S,41,0,0
2024/04/08 02:45,05F0055S,05F0287S,42,0,0
2024/04/08 02:45,05F0055S,05F0287S,5,0,0
2024/04/08 02:45,05F0287S,05F0309S,31,76,6
2024/04/08 02:45,05F0287S,05F0309S,32,96,1
2024/04/08 02:45,05F0287S,05F0309S,41,0,0
2024/04/08 02:45,05F0287S,05F0309S,42,0,0
2024/04/08 02:45,05F0287S,05F0309S,5,0,0
2024/04/08 02:45,05F0309S,05F0439S,31,434,3
2024/04/08 02:45,05F0309S,05F0439S,32,468,1
2024/04/08 02:45,05F0309S,05F0439S,41,0,0
2024/04/08 02:45,05F0309S,05F0439S,42,0,0
2024/04/08 02:45,05F0309S,05F0439S,5,502,1
2024/04/08 02:45,05F0439S,05F0494S,31,0,0
2024/04/08 02:45,05F0439S,05F0494S,32,199,1
2024/04/08 02:45,05F0439S,05F0494S,41,259,1
2024/04/08 02:45,05F0439S,05F0494S,42,0,0
2024/04/08 02:45,05F0439S,05F0494S,5,0,0
2024/04/08 02:50,05F0000S,05F0055S,31,222,7
2024/04/08 02:50,05F0000S,05F0055S,32,229,1
2024/04/08 02:50,05F0000S,05F0055S,41,0,0
2024/04/08 02:50,05F0000S,05F0055S,42,0,0
2024/04/08 02:50,05F0000S,05F0055S,5,0,0
2024/04/08 02:50,05F0055S,05F0287S,31,919,6
2024/04/08 02:50,05F0055S,05F0287S,32,882,3
2024/04/08 02:50,05F0055S,05F0287S,41,0,0
2024/04/08 02:50,05F0055S,05F0287S,42,0,0
2024/04/08 02:50,05F0055S,05F0287S,5,0,0
2024/04/08 02:50,05F0287S,05F0309S,31,86,4
2024/04/08 02:50,05F0287S,05F0309S,32,83,2
2024/04/08 02:50,05F0287S,05F0309S,41,0,0
2024/04/08 02:50,05F0287S,05F0309S,42,0,0
2024/04/08 02:50,05F0287S,05F0309S,5,0,0
2024/04/08 02:50,05F0309S,05F0439S,31,467,5
2024/04/08 02:50,05F0309S,05F0439S,32,486,3
2024/04/08 02:50,05F0309S,05F0439S,41,0,0
2024/04/08 02:50,05F0309S,05F0439S,42,0,0
2024/04/08 02:50,05F0309S,05F0439S,5,0,0
2024/04/08 02:50,05F0439S,05F0494S,31,171,3
2024/04/08 02:50,05F0439S,05F0494S,32,0,0
2024/04/08 02:50,05F0439S,05F0494S,41,0,0
2024/04/08 02:50,05F0439S,05F0494S,42,0,0
2024/04/08 02:50,05F0439S,05F0494S,5,0,0
2024/04/08 02:55,05F0000S,05F0055S,31,251,4
2024/04/08 02:55,05F0000S,05F0055S,32,249,2
2024/04/08 02:55,05F0000S,05F0055S,41,252,1
2024/04/08 02:55,05F0000S,05F0055S,42,0,0
2024/04/08 02:55,05F0000S,05F0055S,5,0,0
2024/04/08 02:55,05F0055S,05F0287S,31,946,4
2024/04/08 02:55,05F0055S,05F0287S,32,992,3
2024/04/08 02:55,05F0055S,05F0287S,41,0,0
2024/04/08 02:55,05F0055S,05F0287S,42,0,0
2024/04/08 02:55,05F0055S,05F0287S,5,0,0
2024/04/08 02:55,05F0287S,05F0309S,31,87,3
2024/04/08 02:55,05F0287S,05F0309S,32,102,1
2024/04/08 02:55,05F0287S,05F0309S,41,0,0
2024/04/08 02:55,05F0287S,05F0309S,42,0,0
2024/04/08 02:55,05F0287S,05F0309S,5,0,0
2024/04/08 02:55,05F0309S,05F0439S,31,0,0
2024/04/08 02:55,05F0309S,05F0439S,32,0,0
2024/04/08 02:55,05F0309S,05F0439S,41,0,0
2024/04/08 02:55,05F0309S,05F0439S,42,0,0
2024/04/08 02:55,05F0309S,05F0439S,5,0,0
2024/04/08 02:55,05F0439S,05F0494S,31,206,2
2024/04/08 02:55,05F0439S,05F0494S,32,262,4
2024/04/08 02:55,05F0439S,05F0494S,41,0,0
2024/04/08 02:55,05F0439S,05F0494S,42,0,0
2024/04/08 02:55,05F0439S,05F0494S,5,0,0
2024/04/08 03:00,05F0000S,05F0055S,31,231,6
2024/04/08 03:00,05F0000S,05F0055S,32,208,1
2024/04/08 03:00,05F0000S,05F0055S,41,0,0
2024/04/08 03:00,05F0000S,05F0055S,42,0,0
2024/04/08 03:00,05F0000S,05F0055S,5,0,0
2024/04/08 03:00,05F0055S,05F0287S,31,914,7
2024/04/08 03:00,05F0055S,05F0287S,32,918,5
2024/04/08 03:00,05F0055S,05F0287S,41,0,0
2024/04/08 03:00,05F0055S,05F0287S,42,0,0
2024/04/08 03:00,05F0055S,05F0287S,5,0,0
2024/04/08 03:00,05F0287S,05F0309S,31,85,5
2024/04/08 03:00,05F0287S,05F0309S,32,77,5
2024/04/08 03:00,05F0287S,05F0309S,41,0,0
2024/04/08 03:00,05F0287S,05F0309S,42,0,0
2024/04/08 03:00,05F0287S,05F0309S,5,0,0
2024/04/08 03:00,05F0309S,05F0439S,31,500,4
2024/04/08 03:00,05F0309S,05F0439S,32,0,0
2024/04/08 03:00,05F0309S,05F0439S,41,0,0
2024/04/08 03:00,05F0309S,05F0439S,42,0,0
2024/04/08 03:00,05F0309S,05F0439S,5,534,2
2024/04/08 03:00,05F0439S,05F0494S,31,204,1
2024/04/08 03:00,05F0439S,05F0494S,32,0,0
2024/04/08 03:00,05F0439S,05F0494S,41,0,0
2024/04/08 03:00,05F0439S,05F0494S,42,0,0
2024/04/08 03:00,05F0439S,05F0494S,5,217,1
2024/04/08 03:05,05F0000S,05F0055S,31,244,5
2024/04/08 03:05,05F0000S,05F0055S,32,224,3
2024/04/08 03:05,05F0000S,05F0055S,41,0,0
2024/04/08 03:05,05F0000S,05F0055S,42,0,0
2024/04/08 03:05,05F0000S,05F0055S,5,0,0
2024/04/08 03:05,05F0055S,05F0287S,31,914,5
2024/04/08 03:05,05F0055S,05F0287S,32,940,1
2024/04/08 03:05,05F0055S,05F0287S,41,0,0
2024/04/08 03:05,05F0055S,05F0287S,42,0,0
2024/04/08 03:05,05F0055S,05F0287S,5,0,0
2024/04/08 03:05,05F0287S,05F0309S,31,84,4
2024/04/08 03:05,05F0287S,05F0309S,32,96,1
2024/04/08 03:05,05F0287S,05F0309S,41,0,0
2024/04/08 03:05,05F0287S,05F0309S,42,0,0
2024/04/08 03:05,05F0287S,05F0309S,5,0,0
2024/04/08 03:05,05F0309S,05F0439S,31,618,1
2024/04/08 03:05,05F0309S,05F0439S,32,526,3
2024/04/08 03:05,05F0309S,05F0439S,41,0,0
2024/04/08 03:05,05F0309S,05F0439S,42,2860,1
2024/04/08 03:05,05F0309S,05F0439S,5,564,1
2024/04/08 03:05,05F0439S,05F0494S,31,261,1
2024/04/08 03:05,05F0439S,05F0494S,32,170,1
2024/04/08 03:05,05F0439S,05F0494S,41,0,0
2024/04/08 03:05,05F0439S,05F0494S,42,0,0
2024/04/08 03:05,05F0439S,05F0494S,5,0,0
2024/04/08 03:10,05F0000S,05F0055S,31,240,9
2024/04/08 03:10,05F0000S,05F0055S,32,243,5
2024/04/08 03:10,05F0000S,05F0055S,41,0,0
2024/04/08 03:10,05F0000S,05F0055S,42,0,0
2024/04/08 03:10,05F0000S,05F0055S,5,0,0
2024/04/08 03:10,05F0055S,05F0287S,31,955,4
2024/04/08 03:10,05F0055S,05F0287S,32,1023,1
2024/04/08 03:10,05F0055S,05F0287S,41,0,0
2024/04/08 03:10,05F0055S,05F0287S,42,0,0
2024/04/08 03:10,05F0055S,05F0287S,5,0,0
2024/04/08 03:10,05F0287S,05F0309S,31,100,1
2024/04/08 03:10,05F0287S,05F0309S,32,0,0
2024/04/08 03:10,05F0287S,05F0309S,41,0,0
2024/04/08 03:10,05F0287S,05F0309S,42,0,0
2024/04/08 03:10,05F0287S,05F0309S,5,0,0
2024/04/08 03:10,05F0309S,05F0439S,31,494,4
2024/04/08 03:10,05F0309S,05F0439S,32,436,3
2024/04/08 03:10,05F0309S,05F0439S,41,0,0
2024/04/08 03:10,05F0309S,05F0439S,42,0,0
2024/04/08 03:10,05F0309S,05F0439S,5,465,1
2024/04/08 03:10,05F0439S,05F0494S,31,0,0
2024/04/08 03:10,05F0439S,05F0494S,32,184,2
2024/04/08 03:10,05F0439S,05F0494S,41,0,0
2024/04/08 03:10,05F0439S,05F0494S,42,217,1
2024/04/08 03:10,05F0439S,05F0494S,5,235,2
2024/04/08 03:15,05F0000S,05F0055S,31,237,7
2024/04/08 03:15,05F0000S,05F0055S,32,241,3
2024/04/08 03:15,05F0000S,05F0055S,41,0,0
2024/04/08 03:15,05F0000S,05F0055S,42,0,0
2024/04/08 03:15,05F0000S,05F0055S,5,0,0
2024/04/08 03:15,05F0055S,05F0287S,31,956,9
2024/04/08 03:15,05F0055S,05F0287S,32,909,1
2024/04/08 03:15,05F0055S,05F0287S,41,1004,1
2024/04/08 03:15,05F0055S,05F0287S,42,0,0
2024/04/08 03:15,05F0055S,05F0287S,5,0,0
2024/04/08 03:15,05F0287S,05F0309S,31,85,6
2024/04/08 03:15,05F0287S,05F0309S,32,87,2
2024/04/08 03:15,05F0287S,05F0309S,41,91,1
2024/04/08 03:15,05F0287S,05F0309S,42,0,0
2024/04/08 03:15,05F0287S,05F0309S,5,0,0
2024/04/08 03:15,05F0309S,05F0439S,31,487,1
2024/04/08 03:15,05F0309S,05F0439S,32,559,1
2024/04/08 03:15,05F0309S,05F0439S,41,0,0
2024/04/08 03:15,05F0309S,05F0439S,42,0,0
2024/04/08 03:15,05F0309S,05F0439S,5,491,2
2024/04/08 03:15,05F0439S,05F0494S,31,211,1
2024/04/08 03:15,05F0439S,05F0494S,32,0,0
2024/04/08 03:15,05F0439S,05F0494S,41,0,0
2024/04/08 03:15,05F0439S,05F0494S,42,0,0
2024/04/08 03:15,05F0439S,05F0494S,5,0,0
2024/04/08 03:20,05F0000S,05F0055S,31,218,4
2024/04/08 03:20,05F0000S,05F0055S,32,225,1
2024/04/08 03:20,05F0000S,05F0055S,41,0,0
2024/04/08 03:20,05F0000S,05F0055S,42,0,0
2024/04/08 03:20,05F0000S,05F0055S,5,0,0
2024/04/08 03:20,05F0055S,05F0287S,31,970,5
2024/04/08 03:20,05F0055S,05F0287S,32,897,3
2024/04/08 03:20,05F0055S,05F0287S,41,0,0
2024/04/08 03:20,05F0055S,05F0287S,42,0,0
2024/04/08 03:20,05F0055S,05F0287S,5,0,0
2024/04/08 03:20,05F0287S,05F0309S,31,88,2
2024/04/08 03:20,05F0287S,05F0309S,32,85,3
2024/04/08 03:20,05F0287S,05F0309S,41,0,0
2024/04/08 03:20,05F0287S,05F0309S,42,0,0
2024/04/08 03:20,05F0287S,05F0309S,5,0,0
2024/04/08 03:20,05F0309S,05F0439S,31,489,3
2024/04/08 03:20,05F0309S,05F0439S,32,0,0
2024/04/08 03:20,05F0309S,05F0439S,41,0,0
2024/04/08 03:20,05F0309S,05F0439S,42,517,2
2024/04/08 03:20,05F0309S,05F0439S,5,0,0
2024/04/08 03:20,05F0439S,05F0494S,31,224,1
2024/04/08 03:20,05F0439S,05F0494S,32,243,2
2024/04/08 03:20,05F0439S,05F0494S,41,0,0
2024/04/08 03:20,05F0439S,05F0494S,42,0,0
2024/04/08 03:20,05F0439S,05F0494S,5,204,1
2024/04/08 03:25,05F0000S,05F0055S,31,244,8
2024/04/08 03:25,05F0000S,05F0055S,32,252,3
2024/04/08 03:25,05F0000S,05F0055S,41,0,0
2024/04/08 03:25,05F0000S,05F0055S,42,0,0
2024/04/08 03:25,05F0000S,05F0055S,5,0,0
2024/04/08 03:25,05F0055S,05F0287S,31,929,11
2024/04/08 03:25,05F0055S,05F0287S,32,959,4
2024/04/08 03:25,05F0055S,05F0287S,41,0,0
2024/04/08 03:25,05F0055S,05F0287S,42,0,0
2024/04/08 03:25,05F0055S,05F0287S,5,0,0
2024/04/08 03:25,05F0287S,05F0309S,31,85,7
2024/04/08 03:25,05F0287S,05F0309S,32,87,3
2024/04/08 03:25,05F0287S,05F0309S,41,0,0
2024/04/08 03:25,05F0287S,05F0309S,42,0,0
2024/04/08 03:25,05F0287S,05F0309S,5,0,0
2024/04/08 03:25,05F0309S,05F0439S,31,483,2
2024/04/08 03:25,05F0309S,05F0439S,32,484,3
2024/04/08 03:25,05F0309S,05F0439S,41,0,0
2024/04/08 03:25,05F0309S,05F0439S,42,0,0
2024/04/08 03:25,05F0309S,05F0439S,5,0,0
2024/04/08 03:25,05F0439S,05F0494S,31,271,1
2024/04/08 03:25,05F0439S,05F0494S,32,180,1
2024/04/08 03:25,05F0439S,05F0494S,41,0,0
2024/04/08 03:25,05F0439S,05F0494S,42,199,1
2024/04/08 03:25,05F0439S,05F0494S,5,0,0
2024/04/08 03:30,05F0000S,05F0055S,31,259,6
2024/04/08 03:30,05F0000S,05F0055S,32,232,3
2024/04/08 03:30,05F0000S,05F0055S,41,0,0
2024/04/08 03:30,05F0000S,05F0055S,42,0,0
2024/04/08 03:30,05F0000S,05F0055S,5,0,0
2024/04/08 03:30,05F0055S,05F0287S,31,934,4
2024/04/08 03:30,05F0055S,05F0287S,32,838,1
2024/04/08 03:30,05F0055S,05F0287S,41,0,0
2024/04/08 03:30,05F0055S,05F0287S,42,0,0
2024/04/08 03:30,05F0055S,05F0287S,5,0,0
2024/04/08 03:30,05F0287S,05F0309S,31,81,8
2024/04/08 03:30,05F0287S,05F0309S,32,81,2
2024/04/08 03:30,05F0287S,05F0309S,41,0,0
2024/04/08 03:30,05F0287S,05F0309S,42,0,0
2024/04/08 03:30,05F0287S,05F0309S,5,0,0
2024/04/08 03:30,05F0309S,05F0439S,31,436,2
2024/04/08 03:30,05F0309S,05F0439S,32,466,2
2024/04/08 03:30,05F0309S,05F0439S,41,0,0
2024/04/08 03:30,05F0309S,05F0439S,42,0,0
2024/04/08 03:30,05F0309S,05F0439S,5,542,1
2024/04/08 03:30,05F0439S,05F0494S,31,216,1
2024/04/08 03:30,05F0439S,05F0494S,32,203,2
2024/04/08 03:30,05F0439S,05F0494S,41,0,0
2024/04/08 03:30,05F0439S,05F0494S,42,0,0
2024/04/08 03:30,05F0439S,05F0494S,5,0,0
2024/04/08 03:35,05F0000S,05F0055S,31,260,2
2024/04/08 03:35,05F0000S,05F0055S,32,295,1
2024/04/08 03:35,05F0000S,05F0055S,41,0,0
2024/04/08 03:35,05F0000S,05F0055S,42,0,0
2024/04/08 03:35,05F0000S,05F0055S,5,0,0
2024/04/08 03:35,05F0055S,05F0287S,31,932,8
2024/04/08 03:35,05F0055S,05F0287S,32,971,3
2024/04/08 03:35,05F0055S,05F0287S,41,0,0
2024/04/08 03:35,05F0055S,05F0287S,42,0,0
2024/04/08 03:35,05F0055S,05F0287S,5,0,0
2024/04/08 03:35,05F0287S,05F0309S,31,97,2
2024/04/08 03:35,05F0287S,05F0309S,32,0,0
2024/04/08 03:35,05F0287S,05F0309S,41,0,0
2024/04/08 03:35,05F0287S,05F0309S,42,0,0
2024/04/08 03:35,05F0287S,05F0309S,5,0,0
2024/04/08 03:35,05F0309S,05F0439S,31,424,1
2024/04/08 03:35,05F0309S,05F0439S,32,502,5
2024/04/08 03:35,05F0309S,05F0439S,41,0,0
2024/04/08 03:35,05F0309S,05F0439S,42,538,1
2024/04/08 03:35,05F0309S,05F0439S,5,0,0
2024/04/08 03:35,05F0439S,05F0494S,31,0,0
2024/04/08 03:35,05F0439S,05F0494S,32,212,3
2024/04/08 03:35,05F0439S,05F0494S,41,0,0
2024/04/08 03:35,05F0439S,05F0494S,42,0,0
2024/04/08 03:35,05F0439S,05F0494S,5,229,1
2024/04/08 03:40,05F0000S,05F0055S,31,234,8
2024/04/08 03:40,05F0000S,05F0055S,32,232,4
2024/04/08 03:40,05F0000S,05F0055S,41,0,0
2024/04/08 03:40,05F0000S,05F0055S,42,0,0
2024/04/08 03:40,05F0000S,05F0055S,5,0,0
2024/04/08 03:40,05F0055S,05F0287S,31,953,5
2024/04/08 03:40,05F0055S,05F0287S,32,955,2
2024/04/08 03:40,05F0055S,05F0287S,41,0,0
2024/04/08 03:40,05F0055S,05F0287S,42,0,0
2024/04/08 03:40,05F0055S,05F0287S,5,0,0
2024/04/08 03:40,05F0287S,05F0309S,31,87,4
2024/04/08 03:40,05F0287S,05F0309S,32,85,1
2024/04/08 03:40,05F0287S,05F0309S,41,0,0
2024/04/08 03:40,05F0287S,05F0309S,42,0,0
2024/04/08 03:40,05F0287S,05F0309S,5,0,0
2024/04/08 03:40,05F0309S,05F0439S,31,477,4
2024/04/08 03:40,05F0309S,05F0439S,32,0,0
2024/04/08 03:40,05F0309S,05F0439S,41,0,0
2024/04/08 03:40,05F0309S,05F0439S,42,0,0
2024/04/08 03:40,05F0309S,05F0439S,5,503,3
2024/04/08 03:40,05F0439S,05F0494S,31,203,1
2024/04/08 03:40,05F0439S,05F0494S,32,0,0
2024/04/08 03:40,05F0439S,05F0494S,41,0,0
2024/04/08 03:40,05F0439S,05F0494S,42,236,1
2024/04/08 03:40,05F0439S,05F0494S,5,218,2
2024/04/08 03:45,05F0000S,05F0055S,31,233,6
2024/04/08 03:45,05F0000S,05F0055S,32,253,3
2024/04/08 03:45,05F0000S,05F0055S,41,0,0
2024/04/08 03:45,05F0000S,05F0055S,42,0,0
2024/04/08 03:45,05F0000S,05F0055S,5,0,0
2024/04/08 03:45,05F0055S,05F0287S,31,962,4
2024/04/08 03:45,05F0055S,05F0287S,32,901,3
2024/04/08 03:45,05F0055S,05F0287S,41,0,0
2024/04/08 03:45,05F0055S,05F0287S,42,0,0
2024/04/08 03:45,05F0055S,05F0287S,5,0,0
2024/04/08 03:45,05F0287S,05F0309S,31,85,5
2024/04/08 03:45,05F0287S,05F0309S,32,92,1
2024/04/08 03:45,05F0287S,05F0309S,41,0,0
2024/04/08 03:45,05F0287S,05F0309S,42,0,0
2024/04/08 03:45,05F0287S,05F0309S,5,0,0
2024/04/08 03:45,05F0309S,05F0439S,31,550,5
2024/04/08 03:45,05F0309S,05F0439S,32,0,0
2024/04/08 03:45,05F0309S,05F0439S,41,0,0
2024/04/08 03:45,05F0309S,05F0439S,42,573,1
2024/04/08 03:45,05F0309S,05F0439S,5,573,1
2024/04/08 03:45,05F0439S,05F0494S,31,219,3
2024/04/08 03:45,05F0439S,05F0494S,32,0,0
2024/04/08 03:45,05F0439S,05F0494S,41,0,0
2024/04/08 03:45,05F0439S,05F0494S,42,0,0
2024/04/08 03:45,05F0439S,05F0494S,5,210,3
2024/04/08 03:50,05F0000S,05F0055S,31,213,5
2024/04/08 03:50,05F0000S,05F0055S,32,238,2
2024/04/08 03:50,05F0000S,05F0055S,41,0,0
2024/04/08 03:50,05F0000S,05F0055S,42,0,0
2024/04/08 03:50,05F0000S,05F0055S,5,0,0
2024/04/08 03:50,05F0055S,05F0287S,31,1029,5
2024/04/08 03:50,05F0055S,05F0287S,32,0,0
2024/04/08 03:50,05F0055S,05F0287S,41,0,0
2024/04/08 03:50,05F0055S,05F0287S,42,0,0
2024/04/08 03:50,05F0055S,05F0287S,5,0,0
2024/04/08 03:50,05F0287S,05F0309S,31,93,2
2024/04/08 03:50,05F0287S,05F0309S,32,0,0
2024/04/08 03:50,05F0287S,05F0309S,41,0,0
2024/04/08 03:50,05F0287S,05F0309S,42,0,0
2024/04/08 03:50,05F0287S,05F0309S,5,0,0
2024/04/08 03:50,05F0309S,05F0439S,31,480,2
2024/04/08 03:50,05F0309S,05F0439S,32,489,1
2024/04/08 03:50,05F0309S,05F0439S,41,0,0
2024/04/08 03:50,05F0309S,05F0439S,42,0,0
2024/04/08 03:50,05F0309S,05F0439S,5,0,0
2024/04/08 03:50,05F0439S,05F0494S,31,235,4
2024/04/08 03:50,05F0439S,05F0494S,32,0,0
2024/04/08 03:50,05F0439S,05F0494S,41,0,0
2024/04/08 03:50,05F0439S,05F0494S,42,0,0
2024/04/08 03:50,05F0439S,05F0494S,5,0,0
2024/04/08 03:55,05F0000S,05F0055S,31,242,7
2024/04/08 03:55,05F0000S,05F0055S,32,0,0
2024/04/08 03:55,05F0000S,05F0055S,41,0,0
2024/04/08 03:55,05F0000S,05F0055S,42,0,0
2024/04/08 03:55,05F0000S,05F0055S,5,0,0
2024/04/08 03:55,05F0055S,05F0287S,31,933,9
2024/04/08 03:55,05F0055S,05F0287S,32,923,4
2024/04/08 03:55,05F0055S,05F0287S,41,0,0
2024/04/08 03:55,05F0055S,05F0287S,42,0,0
2024/04/08 03:55,05F0055S,05F0287S,5,0,0
2024/04/08 03:55,05F0287S,05F0309S,31,85,4
2024/04/08 03:55,05F0287S,05F0309S,32,96,4
2024/04/08 03:55,05F0287S,05F0309S,41,0,0
2024/04/08 03:55,05F0287S,05F0309S,42,0,0
2024/04/08 03:55,05F0287S,05F0309S,5,0,0
2024/04/08 03:55,05F0309S,05F0439S,31,544,2
2024/04/08 03:55,05F0309S,05F0439S,32,0,0
2024/04/08 03:55,05F0309S,05F0439S,41,0,0
2024/04/08 03:55,05F0309S,05F0439S,42,0,0
2024/04/08 03:55,05F0309S,05F0439S,5,557,2
2024/04/08 03:55,05F0439S,05F0494S,31,186,1
2024/04/08 03:55,05F0439S,05F0494S,32,0,0
2024/04/08 03:55,05F0439S,05F0494S,41,0,0
2024/04/08 03:55,05F0439S,05F0494S,42,0,0
2024/04/08 03:55,05F0439S,05F0494S,5,239,1
2024/04/08 04:00,05F0000S,05F0055S,31,226,7
2024/04/08 04:00,05F0000S,05F0055S,32,246,4
2024/04/08 04:00,05F0000S,05F0055S,41,0,0
2024/04/08 04:00,05F0000S,05F0055S,42,0,0
2024/04/08 04:00,05F0000S,05F0055S,5,0,0
2024/04/08 04:00,05F0055S,05F0287S,31,983,7
2024/04/08 04:00,05F0055S,05F0287S,32,1014,4
2024/04/08 04:00,05F0055S,05F0287S,41,0,0
2024/04/08 04:00,05F0055S,05F0287S,42,0,0
2024/04/08 04:00,05F0055S,05F0287S,5,0,0
2024/04/08 04:00,05F0287S,05F0309S,31,88,8
2024/04/08 04:00,05F0287S,05F0309S,32,79,1
2024/04/08 04:00,05F0287S,05F0309S,41,0,0
2024/04/08 04:00,05F0287S,05F0309S,42,0,0
2024/04/08 04:00,05F0287S,05F0309S,5,0,0
2024/04/08 04:00,05F0309S,05F0439S,31,565,1
2024/04/08 04:00,05F0309S,05F0439S,32,454,1
2024/04/08 04:00,05F0309S,05F0439S,41,0,0
2024/04/08 04:00,05F0309S,05F0439S,42,524,1
2024/04/08 04:00,05F0309S,05F0439S,5,518,4
2024/04/08 04:00,05F0439S,05F0494S,31,240,1
2024/04/08 04:00,05F0439S,05F0494S,32,0,0
2024/04/08 04:00,05F0439S,05F0494S,41,0,0
2024/04/08 04:00,05F0439S,05F0494S,42,0,0
2024/04/08 04:00,05F0439S,05F0494S,5,227,1
2024/04/08 04:05,05F0000S,05F0055S,31,254,4
2024/04/08 04:05,05F0000S,05F0055S,32,246,5
2024/04/08 04:05,05F0000S,05F0055S,41,0,0
2024/04/08 04:05,05F0000S,05F0055S,42,0,0
2024/04/08 04:05,05F0000S,05F0055S,5,0,0
2024/04/08 04:05,05F0055S,05F0287S,31,912,6
2024/04/08 04:05,05F0055S,05F0287S,32,983,2
2024/04/08 04:05,05F0055S,05F0287S,41,0,0
2024/04/08 04:05,05F0055S,05F0287S,42,0,0
2024/04/08 04:05,05F0055S,05F0287S,5,0,0
2024/04/08 04:05,05F0287S,05F0309S,31,90,3
2024/04/08 04:05,05F0287S,05F0309S,32,89,1
2024/04/08 04:05,05F0287S,05F0309S,41,0,0
2024/04/08 04:05,05F0287S,05F0309S,42,0,0
2024/04/08 04:05,05F0287S,05F0309S,5,0,0
2024/04/08 04:05,05F0309S,05F0439S,31,471,4
2024/04/08 04:05,05F0309S,05F0439S,32,493,3
2024/04/08 04:05,05F0309S,05F0439S,41,0,0
2024/04/08 04:05,05F0309S,05F0439S,42,0,0
2024/04/08 04:05,05F0309S,05F0439S,5,0,0
2024/04/08 04:05,05F0439S,05F0494S,31,226,2
2024/04/08 04:05,05F0439S,05F0494S,32,204,3
2024/04/08 04:05,05F0439S,05F0494S,41,0,0
2024/04/08 04:05,05F0439S,05F0494S,42,222,1
2024/04/08 04:05,05F0439S,05F0494S,5,213,2
2024/04/08 04:10,05F0000S,05F0055S,31,222,5
2024/04/08 04:10,05F0000S,05F0055S,32,238,8
2024/04/08 04:10,05F0000S,05F0055S,41,0,0
2024/04/08 04:10,05F0000S,05F0055S,42,0,0
2024/04/08 04:10,05F0000S,05F0055S,5,0,0
2024/04/08 04:10,05F0055S,05F0287S,31,932,7
2024/04/08 04:10,05F0055S,05F0287S,32,881,3
2024/04/08 04:10,05F0055S,05F0287S,41,0,0
2024/04/08 04:10,05F0055S,05F0287S,42,0,0
2024/04/08 04:10,05F0055S,05F0287S,5,0,0
2024/04/08 04:10,05F0287S,05F0309S,31,87,5
2024/04/08 04:10,05F0287S,05F0309S,32,85,1
2024/04/08 04:10,05F0287S,05F0309S,41,0,0
2024/04/08 04:10,05F0287S,05F0309S,42,0,0
2024/04/08 04:10,05F0287S,05F0309S,5,0,0
2024/04/08 04:10,05F0309S,05F0439S,31,512,4
2024/04/08 04:10,05F0309S,05F0439S,32,493,2
2024/04/08 04:10,05F0309S,05F0439S,41,0,0
2024/04/08 04:10,05F0309S,05F0439S,42,0,0
2024/04/08 04:10,05F0309S,05F0439S,5,0,0
2024/04/08 04:10,05F0439S,05F0494S,31,220,2
2024/04/08 04:10,05F0439S,05F0494S,32,233,1
2024/04/08 04:10,05F0439S,05F0494S,41,0,0
2024/04/08 04:10,05F0439S,05F0494S,42,254,1
2024/04/08 04:10,05F0439S,05F0494S,5,0,0
2024/04/08 04:15,05F0000S,05F0055S,31,233,9
2024/04/08 04:15,05F0000S,05F0055S,32,230,3
2024/04/08 04:15,05F0000S,05F0055S,41,0,0
2024/04/08 04:15,05F0000S,05F0055S,42,0,0
2024/04/08 04:15,05F0000S,05F0055S,5,0,0
2024/04/08 04:15,05F0055S,05F0287S,31,930,10
2024/04/08 04:15,05F0055S,05F0287S,32,1031,3
2024/04/08 04:15,05F0055S,05F0287S,41,0,0
2024/04/08 04:15,05F0055S,05F0287S,42,0,0
2024/04/08 04:15,05F0055S,05F0287S,5,0,0
2024/04/08 04:15,05F0287S,05F0309S,31,89,8
2024/04/08 04:15,05F0287S,05F0309S,32,88,3
2024/04/08 04:15,05F0287S,05F0309S,41,0,0
2024/04/08 04:15,05F0287S,05F0309S,42,0,0
2024/04/08 04:15,05F0287S,05F0309S,5,0,0
2024/04/08 04:15,05F0309S,05F0439S,31,510,3
2024/04/08 04:15,05F0309S,05F0439S,32,483,1
2024/04/08 04:15,05F0309S,05F0439S,41,0,0
2024/04/08 04:15,05F0309S,05F0439S,42,0,0
2024/04/08 04:15,05F0309S,05F0439S,5,0,0
2024/04/08 04:15,05F0439S,05F0494S,31,225,2
2024/04/08 04:15,05F0439S,05F0494S,32,0,0
2024/04/08 04:15,05F0439S,05F0494S,41,0,0
2024/04/08 04:15,05F0439S,05F0494S,42,204,1
2024/04/08 04:15,05F0439S,05F0494S,5,0,0
2024/04/08 04:20,05F0000S,05F0055S,31,231,13
2024/04/08 04:20,05F0000S,05F0055S,32,822,1
2024/04/08 04:20,05F0000S,05F0055S,41,0,0
2024/04/08 04:20,05F0000S,05F0055S,42,0,0
2024/04/08 04:20,05F0000S,05F0055S,5,0,0
2024/04/08 04:20,05F0055S,05F0287S,31,971,2
2024/04/08 04:20,05F0055S,05F0287S,32,972,4
2024/04/08 04:20,05F0055S,05F0287S,41,0,0
2024/04/08 04:20,05F0055S,05F0287S,42,0,0
2024/04/08 04:20,05F0055S,05F0287S,5,0,0
2024/04/08 04:20,05F0287S,05F0309S,31,85,3
2024/04/08 04:20,05F0287S,05F0309S,32,91,1
2024/04/08 04:20,05F0287S,05F0309S,41,0,0
2024/04/08 04:20,05F0287S,05F0309S,42,0,0
2024/04/08 04:20,05F0287S,05F0309S,5,0,0
2024/04/08 04:20,05F0309S,05F0439S,31,513,4
2024/04/08 04:20,05F0309S,05F0439S,32,415,1
2024/04/08 04:20,05F0309S,05F0439S,41,0,0
2024/04/08 04:20,05F0309S,05F0439S,42,0,0
2024/04/08 04:20,05F0309S,05F0439S,5,564,2
2024/04/08 04:20,05F0439S,05F0494S,31,0,0
2024/04/08 04:20,05F0439S,05F0494S,32,206,1
2024/04/08 04:20,05F0439S,05F0494S,41,0,0
2024/04/08 04:20,05F0439S,05F0494S,42,0,0
2024/04/08 04:20,05F0439S,05F0494S,5,0,0
2024/04/08 04:25,05F0000S,05F0055S,31,226,12
2024/04/08 04:25,05F0000S,05F0055S,32,227,3
2024/04/08 04:25,05F0000S,05F0055S,41,0,0
2024/04/08 04:25,05F0000S,05F0055S,42,0,0
2024/04/08 04:25,05F0000S,05F0055S,5,0,0
2024/04/08 04:25,05F0055S,05F0287S,31,962,6
2024/04/08 04:25,05F0055S,05F0287S,32,937,7
2024/04/08 04:25,05F0055S,05F0287S,41,0,0
2024/04/08 04:25,05F0055S,05F0287S,42,0,0
2024/04/08 04:25,05F0055S,05F0287S,5,0,0
2024/04/08 04:25,05F0287S,05F0309S,31,75,5
2024/04/08 04:25,05F0287S,05F0309S,32,91,7
2024/04/08 04:25,05F0287S,05F0309S,41,0,0
2024/04/08 04:25,05F0287S,05F0309S,42,0,0
2024/04/08 04:25,05F0287S,05F0309S,5,0,0
2024/04/08 04:25,05F0309S,05F0439S,31,488,7
2024/04/08 04:25,05F0309S,05F0439S,32,534,4
2024/04/08 04:25,05F0309S,05F0439S,41,0,0
2024/04/08 04:25,05F0309S,05F0439S,42,537,2
2024/04/08 04:25,05F0309S,05F0439S,5,491,2
2024/04/08 04:25,05F0439S,05F0494S,31,216,5
2024/04/08 04:25,05F0439S,05F0494S,32,171,1
2024/04/08 04:25,05F0439S,05F0494S,41,0,0
2024/04/08 04:25,05F0439S,05F0494S,42,0,0
2024/04/08 04:25,05F0439S,05F0494S,5,248,3
2024/04/08 04:30,05F0000S,05F0055S,31,229,7
2024/04/08 04:30,05F0000S,05F0055S,32,244,4
2024/04/08 04:30,05F0000S,05F0055S,41,0,0
2024/04/08 04:30,05F0000S,05F0055S,42,0,0
2024/04/08 04:30,05F0000S,05F0055S,5,0,0
2024/04/08 04:30,05F0055S,05F0287S,31,942,9
2024/04/08 04:30,05F0055S,05F0287S,32,957,3
2024/04/08 04:30,05F0055S,05F0287S,41,0,0
2024/04/08 04:30,05F0055S,05F0287S,42,0,0
2024/04/08 04:30,05F0055S,05F0287S,5,0,0
2024/04/08 04:30,05F0287S,05F0309S,31,88,4
2024/04/08 04:30,05F0287S,05F0309S,32,87,3
2024/04/08 04:30,05F0287S,05F0309S,41,0,0
2024/04/08 04:30,05F0287S,05F0309S,42,0,0
2024/04/08 04:30,05F0287S,05F0309S,5,0,0
2024/04/08 04:30,05F0309S,05F0439S,31,503,1
2024/04/08 04:30,05F0309S,05F0439S,32,464,1
2024/04/08 04:30,05F0309S,05F0439S,41,0,0
2024/04/08 04:30,05F0309S,05F0439S,42,0,0
2024/04/08 04:30,05F0309S,05F0439S,5,558,1
2024/04/08 04:30,05F0439S,05F0494S,31,216,4
2024/04/08 04:30,05F0439S,05F0494S,32,0,0
2024/04/08 04:30,05F0439S,05F0494S,41,0,0
2024/04/08 04:30,05F0439S,05F0494S,42,261,1
2024/04/08 04:30,05F0439S,05F0494S,5,212,1
2024/04/08 04:35,05F0000S,05F0055S,31,245,8
2024/04/08 04:35,05F0000S,05F0055S,32,226,2
2024/04/08 04:35,05F0000S,05F0055S,41,0,0
2024/04/08 04:35,05F0000S,05F0055S,42,0,0
2024/04/08 04:35,05F0000S,05F0055S,5,0,0
2024/04/08 04:35,05F0055S,05F0287S,31,899,12
2024/04/08 04:35,05F0055S,05F0287S,32,934,1
2024/04/08 04:35,05F0055S,05F0287S,41,0,0
2024/04/08 04:35,05F0055S,05F0287S,42,0,0
2024/04/08 04:35,05F0055S,05F0287S,5,0,0
2024/04/08 04:35,05F0287S,05F0309S,31,81,8
2024/04/08 04:35,05F0287S,05F0309S,32,84,1
2024/04/08 04:35,05F0287S,05F0309S,41,0,0
2024/04/08 04:35,05F0287S,05F0309S,42,0,0
2024/04/08 04:35,05F0287S,05F0309S,5,0,0
2024/04/08 04:35,05F0309S,05F0439S,31,462,2
2024/04/08 04:35,05F0309S,05F0439S,32,537,6
2024/04/08 04:35,05F0309S,05F0439S,41,0,0
2024/04/08 04:35,05F0309S,05F0439S,42,0,0
2024/04/08 04:35,05F0309S,05F0439S,5,533,5
2024/04/08 04:35,05F0439S,05F0494S,31,213,1
2024/04/08 04:35,05F0439S,05F0494S,32,215,2
2024/04/08 04:35,05F0439S,05F0494S,41,0,0
2024/04/08 04:35,05F0439S,05F0494S,42,0,0
2024/04/08 04:35,05F0439S,05F0494S,5,227,1
2024/04/08 04:40,05F0000S,05F0055S,31,227,7
2024/04/08 04:40,05F0000S,05F0055S,32,238,7
2024/04/08 04:40,05F0000S,05F0055S,41,258,1
2024/04/08 04:40,05F0000S,05F0055S,42,0,0
2024/04/08 04:40,05F0000S,05F0055S,5,0,0
2024/04/08 04:40,05F0055S,05F0287S,31,932,16
2024/04/08 04:40,05F0055S,05F0287S,32,917,3
2024/04/08 04:40,05F0055S,05F0287S,41,0,0
2024/04/08 04:40,05F0055S,05F0287S,42,0,0
2024/04/08 04:40,05F0055S,05F0287S,5,0,0
2024/04/08 04:40,05F0287S,05F0309S,31,88,8
2024/04/08 04:40,05F0287S,05F0309S,32,82,1
2024/04/08 04:40,05F0287S,05F0309S,41,0,0
2024/04/08 04:40,05F0287S,05F0309S,42,0,0
2024/04/08 04:40,05F0287S,05F0309S,5,0,0
2024/04/08 04:40,05F0309S,05F0439S,31,491,6
2024/04/08 04:40,05F0309S,05F0439S,32,477,2
2024/04/08 04:40,05F0309S,05F0439S,41,0,0
2024/04/08 04:40,05F0309S,05F0439S,42,0,0
2024/04/08 04:40,05F0309S,05F0439S,5,537,1
2024/04/08 04:40,05F0439S,05F0494S,31,0,0
2024/04/08 04:40,05F0439S,05F0494S,32,211,3
2024/04/08 04:40,05F0439S,05F0494S,41,0,0
2024/04/08 04:40,05F0439S,05F0494S,42,0,0
2024/04/08 04:40,05F0439S,05F0494S,5,227,5
2024/04/08 04:45,05F0000S,05F0055S,31,239,9
2024/04/08 04:45,05F0000S,05F0055S,32,229,6
2024/04/08 04:45,05F0000S,05F0055S,41,254,1
2024/04/08 04:45,05F0000S,05F0055S,42,0,0
2024/04/08 04:45,05F0000S,05F0055S,5,0,0
2024/04/08 04:45,05F0055S,05F0287S,31,923,8
2024/04/08 04:45,05F0055S,05F0287S,32,961,4
2024/04/08 04:45,05F0055S,05F0287S,41,0,0
2024/04/08 04:45,05F0055S,05F0287S,42,0,0
2024/04/08 04:45,05F0055S,05F0287S,5,0,0
2024/04/08 04:45,05F0287S,05F0309S,31,86,5
2024/04/08 04:45,05F0287S,05F0309S,32,87,3
2024/04/08 04:45,05F0287S,05F0309S,41,0,0
2024/04/08 04:45,05F0287S,05F0309S,42,0,0
2024/04/08 04:45,05F0287S,05F0309S,5,0,0
2024/04/08 04:45,05F0309S,05F0439S,31,477,4
2024/04/08 04:45,05F0309S,05F0439S,32,0,0
2024/04/08 04:45,05F0309S,05F0439S,41,0,0
2024/04/08 04:45,05F0309S,05F0439S,42,0,0
2024/04/08 04:45,05F0309S,05F0439S,5,508,3
2024/04/08 04:45,05F0439S,05F0494S,31,207,7
2024/04/08 04:45,05F0439S,05F0494S,32,197,2
2024/04/08 04:45,05F0439S,05F0494S,41,0,0
2024/04/08 04:45,05F0439S,05F0494S,42,0,0
2024/04/08 04:45,05F0439S,05F0494S,5,0,0
2024/04/08 04:50,05F0000S,05F0055S,31,235,6
2024/04/08 04:50,05F0000S,05F0055S,32,246,13
2024/04/08 04:50,05F0000S,05F0055S,41,0,0
2024/04/08 04:50,05F0000S,05F0055S,42,0,0
2024/04/08 04:50,05F0000S,05F0055S,5,0,0
2024/04/08 04:50,05F0055S,05F0287S,31,958,4
2024/04/08 04:50,05F0055S,05F0287S,32,916,2
2024/04/08 04:50,05F0055S,05F0287S,41,0,0
2024/04/08 04:50,05F0055S,05F0287S,42,0,0
2024/04/08 04:50,05F0055S,05F0287S,5,0,0
2024/04/08 04:50,05F0287S,05F0309S,31,430,2
2024/04/08 04:50,05F0287S,05F0309S,32,81,1
2024/04/08 04:50,05F0287S,05F0309S,41,0,0
2024/04/08 04:50,05F0287S,05F0309S,42,0,0
2024/04/08 04:50,05F0287S,05F0309S,5,0,0
2024/04/08 04:50,05F0309S,05F0439S,31,480,3
2024/04/08 04:50,05F0309S,05F0439S,32,447,1
2024/04/08 04:50,05F0309S,05F0439S,41,0,0
2024/04/08 04:50,05F0309S,05F0439S,42,525,1
2024/04/08 04:50,05F0309S,05F0439S,5,608,1
2024/04/08 04:50,05F0439S,05F0494S,31,206,1
2024/04/08 04:50,05F0439S,05F0494S,32,0,0
2024/04/08 04:50,05F0439S,05F0494S,41,0,0
2024/04/08 04:50,05F0439S,05F0494S,42,0,0
2024/04/08 04:50,05F0439S,05F0494S,5,230,3
2024/04/08 04:55,05F0000S,05F0055S,31,231,15
2024/04/08 04:55,05F0000S,05F0055S,32,256,6
2024/04/08 04:55,05F0000S,05F0055S,41,0,0
2024/04/08 04:55,05F0000S,05F0055S,42,0,0
2024/04/08 04:55,05F0000S,05F0055S,5,0,0
2024/04/08 04:55,05F0055S,05F0287S,31,924,9
2024/04/08 04:55,05F0055S,05F0287S,32,931,5
2024/04/08 04:55,05F0055S,05F0287S,41,1054,1
2024/04/08 04:55,05F0055S,05F0287S,42,0,0
2024/04/08 04:55,05F0055S,05F0287S,5,0,0
2024/04/08 04:55,05F0287S,05F0309S,31,88,5
2024/04/08 04:55,05F0287S,05F0309S,32,83,4
2024/04/08 04:55,05F0287S,05F0309S,41,0,0
2024/04/08 04:55,05F0287S,05F0309S,42,0,0
2024/04/08 04:55,05F0287S,05F0309S,5,0,0
2024/04/08 04:55,05F0309S,05F0439S,31,498,3
2024/04/08 04:55,05F0309S,05F0439S,32,520,1
2024/04/08 04:55,05F0309S,05F0439S,41,0,0
2024/04/08 04:55,05F0309S,05F0439S,42,0,0
2024/04/08 04:55,05F0309S,05F0439S,5,561,1
2024/04/08 04:55,05F0439S,05F0494S,31,204,2
2024/04/08 04:55,05F0439S,05F0494S,32,0,0
2024/04/08 04:55,05F0439S,05F0494S,41,0,0
2024/04/08 04:55,05F0439S,05F0494S,42,0,0
2024/04/08 04:55,05F0439S,05F0494S,5,252,1
2024/04/08 05:00,05F0000S,05F0055S,31,236,8
2024/04/08 05:00,05F0000S,05F0055S,32,231,13
2024/04/08 05:00,05F0000S,05F0055S,41,0,0
2024/04/08 05:00,05F0000S,05F0055S,42,0,0
2024/04/08 05:00,05F0000S,05F0055S,5,0,0
2024/04/08 05:00,05F0055S,05F0287S,31,921,6
2024/04/08 05:00,05F0055S,05F0287S,32,954,7
2024/04/08 05:00,05F0055S,05F0287S,41,981,1
2024/04/08 05:00,05F0055S,05F0287S,42,0,0
2024/04/08 05:00,05F0055S,05F0287S,5,0,0
2024/04/08 05:00,05F0287S,05F0309S,31,84,6
2024/04/08 05:00,05F0287S,05F0309S,32,90,6
2024/04/08 05:00,05F0287S,05F0309S,41,96,1
2024/04/08 05:00,05F0287S,05F0309S,42,0,0
2024/04/08 05:00,05F0287S,05F0309S,5,0,0
2024/04/08 05:00,05F0309S,05F0439S,31,528,5
2024/04/08 05:00,05F0309S,05F0439S,32,453,2
2024/04/08 05:00,05F0309S,05F0439S,41,0,0
2024/04/08 05:00,05F0309S,05F0439S,42,518,1
2024/04/08 05:00,05F0309S,05F0439S,5,598,1
2024/04/08 05:00,05F0439S,05F0494S,31,198,2
2024/04/08 05:00,05F0439S,05F0494S,32,218,2
2024/04/08 05:00,05F0439S,05F0494S,41,0,0
2024/04/08 05:00,05F0439S,05F0494S,42,0,0
2024/04/08 05:00,05F0439S,05F0494S,5,235,1
2024/04/08 05:05,05F0000S,05F0055S,31,231,16
2024/04/08 05:05,05F0000S,05F0055S,32,231,6
2024/04/08 05:05,05F0000S,05F0055S,41,0,0
2024/04/08 05:05,05F0000S,05F0055S,42,0,0
2024/04/08 05:05,05F0000S,05F0055S,5,0,0
2024/04/08 05:05,05F0055S,05F0287S,31,935,10
2024/04/08 05:05,05F0055S,05F0287S,32,934,11
2024/04/08 05:05,05F0055S,05F0287S,41,0,0
2024/04/08 05:05,05F0055S,05F0287S,42,0,0
2024/04/08 05:05,05F0055S,05F0287S,5,0,0
2024/04/08 05:05,05F0287S,05F0309S,31,83,6
2024/04/08 05:05,05F0287S,05F0309S,32,85,11
2024/04/08 05:05,05F0287S,05F0309S,41,0,0
2024/04/08 05:05,05F0287S,05F0309S,42,0,0
2024/04/08 05:05,05F0287S,05F0309S,5,0,0
2024/04/08 05:05,05F0309S,05F0439S,31,491,4
2024/04/08 05:05,05F0309S,05F0439S,32,492,6
2024/04/08 05:05,05F0309S,05F0439S,41,0,0
2024/04/08 05:05,05F0309S,05F0439S,42,623,1
2024/04/08 05:05,05F0309S,05F0439S,5,521,1
2024/04/08 05:05,05F0439S,05F0494S,31,211,2
2024/04/08 05:05,05F0439S,05F0494S,32,191,3
2024/04/08 05:05,05F0439S,05F0494S,41,0,0
2024/04/08 05:05,05F0439S,05F0494S,42,226,1
2024/04/08 05:05,05F0439S,05F0494S,5,252,1
2024/04/08 05:10,05F0000S,05F0055S,31,239,9
2024/04/08 05:10,05F0000S,05F0055S,32,242,5
2024/04/08 05:10,05F0000S,05F0055S,41,0,0
2024/04/08 05:10,05F0000S,05F0055S,42,0,0
2024/04/08 05:10,05F0000S,05F0055S,5,0,0
2024/04/08 05:10,05F0055S,05F0287S,31,945,14
2024/04/08 05:10,05F0055S,05F0287S,32,1004,7
2024/04/08 05:10,05F0055S,05F0287S,41,0,0
2024/04/08 05:10,05F0055S,05F0287S,42,0,0
2024/04/08 05:10,05F0055S,05F0287S,5,0,0
2024/04/08 05:10,05F0287S,05F0309S,31,88,9
2024/04/08 05:10,05F0287S,05F0309S,32,95,3
2024/04/08 05:10,05F0287S,05F0309S,41,0,0
2024/04/08 05:10,05F0287S,05F0309S,42,0,0
2024/04/08 05:10,05F0287S,05F0309S,5,0,0
2024/04/08 05:10,05F0309S,05F0439S,31,430,5
2024/04/08 05:10,05F0309S,05F0439S,32,475,2
2024/04/08 05:10,05F0309S,05F0439S,41,0,0
2024/04/08 05:10,05F0309S,05F0439S,42,0,0
2024/04/08 05:10,05F0309S,05F0439S,5,538,6
2024/04/08 05:10,05F0439S,05F0494S,31,193,2
2024/04/08 05:10,05F0439S,05F0494S,32,207,5
2024/04/08 05:10,05F0439S,05F0494S,41,0,0
2024/04/08 05:10,05F0439S,05F0494S,42,263,1
2024/04/08 05:10,05F0439S,05F0494S,5,0,0
2024/04/08 05:15,05F0000S,05F0055S,31,222,14
2024/04/08 05:15,05F0000S,05F0055S,32,233,5
2024/04/08 05:15,05F0000S,05F0055S,41,0,0
2024/04/08 05:15,05F0000S,05F0055S,42,0,0
2024/04/08 05:15,05F0000S,05F0055S,5,0,0
2024/04/08 05:15,05F0055S,05F0287S,31,940,11
2024/04/08 05:15,05F0055S,05F0287S,32,926,14
2024/04/08 05:15,05F0055S,05F0287S,41,0,0
2024/04/08 05:15,05F0055S,05F0287S,42,0,0
2024/04/08 05:15,05F0055S,05F0287S,5,0,0
2024/04/08 05:15,05F0287S,05F0309S,31,83,8
2024/04/08 05:15,05F0287S,05F0309S,32,87,11
2024/04/08 05:15,05F0287S,05F0309S,41,0,0
2024/04/08 05:15,05F0287S,05F0309S,42,0,0
2024/04/08 05:15,05F0287S,05F0309S,5,0,0
2024/04/08 05:15,05F0309S,05F0439S,31,503,1
2024/04/08 05:15,05F0309S,05F0439S,32,476,6
2024/04/08 05:15,05F0309S,05F0439S,41,0,0
2024/04/08 05:15,05F0309S,05F0439S,42,0,0
2024/04/08 05:15,05F0309S,05F0439S,5,507,2
2024/04/08 05:15,05F0439S,05F0494S,31,203,2
2024/04/08 05:15,05F0439S,05F0494S,32,192,2
2024/04/08 05:15,05F0439S,05F0494S,41,0,0
2024/04/08 05:15,05F0439S,05F0494S,42,0,0
2024/04/08 05:15,05F0439S,05F0494S,5,232,4
2024/04/08 05:20,05F0000S,05F0055S,31,229,16
2024/04/08 05:20,05F0000S,05F0055S,32,233,7
2024/04/08 05:20,05F0000S,05F0055S,41,229,1
2024/04/08 05:20,05F0000S,05F0055S,42,0,0
2024/04/08 05:20,05F0000S,05F0055S,5,0,0
2024/04/08 05:20,05F0055S,05F0287S,31,919,14
2024/04/08 05:20,05F0055S,05F0287S,32,911,7
2024/04/08 05:20,05F0055S,05F0287S,41,0,0
2024/04/08 05:20,05F0055S,05F0287S,42,0,0
2024/04/08 05:20,05F0055S,05F0287S,5,0,0
2024/04/08 05:20,05F0287S,05F0309S,31,88,11
2024/04/08 05:20,05F0287S,05F0309S,32,87,7
2024/04/08 05:20,05F0287S,05F0309S,41,0,0
2024/04/08 05:20,05F0287S,05F0309S,42,0,0
2024/04/08 05:20,05F0287S,05F0309S,5,0,0
2024/04/08 05:20,05F0309S,05F0439S,31,482,7
2024/04/08 05:20,05F0309S,05F0439S,32,517,3
2024/04/08 05:20,05F0309S,05F0439S,41,0,0
2024/04/08 05:20,05F0309S,05F0439S,42,578,1
2024/04/08 05:20,05F0309S,05F0439S,5,529,1
2024/04/08 05:20,05F0439S,05F0494S,31,191,4
2024/04/08 05:20,05F0439S,05F0494S,32,235,1
2024/04/08 05:20,05F0439S,05F0494S,41,0,0
2024/04/08 05:20,05F0439S,05F0494S,42,0,0
2024/04/08 05:20,05F0439S,05F0494S,5,217,3
2024/04/08 05:25,05F0000S,05F0055S,31,229,20
2024/04/08 05:25,05F0000S,05F0055S,32,243,14
2024/04/08 05:25,05F0000S,05F0055S,41,0,0
2024/04/08 05:25,05F0000S,05F0055S,42,0,0
2024/04/08 05:25,05F0000S,05F0055S,5,0,0
2024/04/08 05:25,05F0055S,05F0287S,31,946,7
2024/04/08 05:25,05F0055S,05F0287S,32,1004,7
2024/04/08 05:25,05F0055S,05F0287S,41,0,0
2024/04/08 05:25,05F0055S,05F0287S,42,0,0
2024/04/08 05:25,05F0055S,05F0287S,5,0,0
2024/04/08 05:25,05F0287S,05F0309S,31,77,6
2024/04/08 05:25,05F0287S,05F0309S,32,92,4
2024/04/08 05:25,05F0287S,05F0309S,41,0,0
2024/04/08 05:25,05F0287S,05F0309S,42,0,0
2024/04/08 05:25,05F0287S,05F0309S,5,0,0
2024/04/08 05:25,05F0309S,05F0439S,31,467,6
2024/04/08 05:25,05F0309S,05F0439S,32,480,6
2024/04/08 05:25,05F0309S,05F0439S,41,0,0
2024/04/08 05:25,05F0309S,05F0439S,42,0,0
2024/04/08 05:25,05F0309S,05F0439S,5,586,1
2024/04/08 05:25,05F0439S,05F0494S,31,217,5
2024/04/08 05:25,05F0439S,05F0494S,32,216,3
2024/04/08 05:25,05F0439S,05F0494S,41,0,0
2024/04/08 05:25,05F0439S,05F0494S,42,221,1
2024/04/08 05:25,05F0439S,05F0494S,5,220,1
2024/04/08 05:30,05F0000S,05F0055S,31,225,18
2024/04/08 05:30,05F0000S,05F0055S,32,247,10
2024/04/08 05:30,05F0000S,05F0055S,41,0,0
2024/04/08 05:30,05F0000S,05F0055S,42,0,0
2024/04/08 05:30,05F0000S,05F0055S,5,0,0
2024/04/08 05:30,05F0055S,05F0287S,31,901,17
2024/04/08 05:30,05F0055S,05F0287S,32,951,4
2024/04/08 05:30,05F0055S,05F0287S,41,0,0
2024/04/08 05:30,05F0055S,05F0287S,42,0,0
2024/04/08 05:30,05F0055S,05F0287S,5,0,0
2024/04/08 05:30,05F0287S,05F0309S,31,89,11
2024/04/08 05:30,05F0287S,05F0309S,32,87,6
2024/04/08 05:30,05F0287S,05F0309S,41,0,0
2024/04/08 05:30,05F0287S,05F0309S,42,0,0
2024/04/08 05:30,05F0287S,05F0309S,5,0,0
2024/04/08 05:30,05F0309S,05F0439S,31,468,10
2024/04/08 05:30,05F0309S,05F0439S,32,484,3
2024/04/08 05:30,05F0309S,05F0439S,41,0,0
2024/04/08 05:30,05F0309S,05F0439S,42,512,1
2024/04/08 05:30,05F0309S,05F0439S,5,487,2
2024/04/08 05:30,05F0439S,05F0494S,31,203,5
2024/04/08 05:30,05F0439S,05F0494S,32,217,1
2024/04/08 05:30,05F0439S,05F0494S,41,0,0
2024/04/08 05:30,05F0439S,05F0494S,42,278,1
2024/04/08 05:30,05F0439S,05F0494S,5,210,1
2024/04/08 05:35,05F0000S,05F0055S,31,235,18
2024/04/08 05:35,05F0000S,05F0055S,32,233,9
2024/04/08 05:35,05F0000S,05F0055S,41,0,0
2024/04/08 05:35,05F0000S,05F0055S,42,0,0
2024/04/08 05:35,05F0000S,05F0055S,5,0,0
2024/04/08 05:35,05F0055S,05F0287S,31,910,17
2024/04/08 05:35,05F0055S,05F0287S,32,895,9
2024/04/08 05:35,05F0055S,05F0287S,41,0,0
2024/04/08 05:35,05F0055S,05F0287S,42,0,0
2024/04/08 05:35,05F0055S,05F0287S,5,0,0
2024/04/08 05:35,05F0287S,05F0309S,31,82,11
2024/04/08 05:35,05F0287S,05F0309S,32,87,2
2024/04/08 05:35,05F0287S,05F0309S,41,0,0
2024/04/08 05:35,05F0287S,05F0309S,42,0,0
2024/04/08 05:35,05F0287S,05F0309S,5,0,0
2024/04/08 05:35,05F0309S,05F0439S,31,463,5
2024/04/08 05:35,05F0309S,05F0439S,32,502,4
2024/04/08 05:35,05F0309S,05F0439S,41,0,0
2024/04/08 05:35,05F0309S,05F0439S,42,573,1
2024/04/08 05:35,05F0309S,05F0439S,5,526,5
2024/04/08 05:35,05F0439S,05F0494S,31,200,6
2024/04/08 05:35,05F0439S,05F0494S,32,0,0
2024/04/08 05:35,05F0439S,05F0494S,41,0,0
2024/04/08 05:35,05F0439S,05F0494S,42,0,0
2024/04/08 05:35,05F0439S,05F0494S,5,0,0
2024/04/08 05:40,05F0000S,05F0055S,31,235,30
2024/04/08 05:40,05F0000S,05F0055S,32,228,11
2024/04/08 05:40,05F0000S,05F0055S,41,240,1
2024/04/08 05:40,05F0000S,05F0055S,42,0,0
2024/04/08 05:40,05F0000S,05F0055S,5,0,0
2024/04/08 05:40,05F0055S,05F0287S,31,928,23
2024/04/08 05:40,05F0055S,05F0287S,32,947,12
2024/04/08 05:40,05F0055S,05F0287S,41,978,1
2024/04/08 05:40,05F0055S,05F0287S,42,0,0
2024/04/08 05:40,05F0055S,05F0287S,5,0,0
2024/04/08 05:40,05F0287S,05F0309S,31,84,13
2024/04/08 05:40,05F0287S,05F0309S,32,87,13
2024/04/08 05:40,05F0287S,05F0309S,41,94,1
2024/04/08 05:40,05F0287S,05F0309S,42,0,0
2024/04/08 05:40,05F0287S,05F0309S,5,0,0
2024/04/08 05:40,05F0309S,05F0439S,31,515,9
2024/04/08 05:40,05F0309S,05F0439S,32,488,5
2024/04/08 05:40,05F0309S,05F0439S,41,0,0
2024/04/08 05:40,05F0309S,05F0439S,42,0,0
2024/04/08 05:40,05F0309S,05F0439S,5,0,0
2024/04/08 05:40,05F0439S,05F0494S,31,201,4
2024/04/08 05:40,05F0439S,05F0494S,32,204,3
2024/04/08 05:40,05F0439S,05F0494S,41,0,0
2024/04/08 05:40,05F0439S,05F0494S,42,0,0
2024/04/08 05:40,05F0439S,05F0494S,5,225,1
2024/04/08 05:45,05F0000S,05F0055S,31,227,29
2024/04/08 05:45,05F0000S,05F0055S,32,248,7
2024/04/08 05:45,05F0000S,05F0055S,41,0,0
2024/04/08 05:45,05F0000S,05F0055S,42,0,0
2024/04/08 05:45,05F0000S,05F0055S,5,0,0
2024/04/08 05:45,05F0055S,05F0287S,31,917,14
2024/04/08 05:45,05F0055S,05F0287S,32,964,5
2024/04/08 05:45,05F0055S,05F0287S,41,0,0
2024/04/08 05:45,05F0055S,05F0287S,42,0,0
2024/04/08 05:45,05F0055S,05F0287S,5,0,0
2024/04/08 05:45,05F0287S,05F0309S,31,84,17
2024/04/08 05:45,05F0287S,05F0309S,32,87,2
2024/04/08 05:45,05F0287S,05F0309S,41,0,0
2024/04/08 05:45,05F0287S,05F0309S,42,0,0
2024/04/08 05:45,05F0287S,05F0309S,5,0,0
2024/04/08 05:45,05F0309S,05F0439S,31,422,9
2024/04/08 05:45,05F0309S,05F0439S,32,465,3
2024/04/08 05:45,05F0309S,05F0439S,41,0,0
2024/04/08 05:45,05F0309S,05F0439S,42,0,0
2024/04/08 05:45,05F0309S,05F0439S,5,539,2
2024/04/08 05:45,05F0439S,05F0494S,31,218,5
2024/04/08 05:45,05F0439S,05F0494S,32,211,2
2024/04/08 05:45,05F0439S,05F0494S,41,233,1
2024/04/08 05:45,05F0439S,05F0494S,42,0,0
2024/04/08 05:45,05F0439S,05F0494S,5,0,0
2024/04/08 05:50,05F0000S,05F0055S,31,230,31
2024/04/08 05:50,05F0000S,05F0055S,32,246,15
2024/04/08 05:50,05F0000S,05F0055S,41,251,2
2024/04/08 05:50,05F0000S,05F0055S,42,0,0
2024/04/08 05:50,05F0000S,05F0055S,5,0,0
2024/04/08 05:50,05F0055S,05F0287S,31,939,23
2024/04/08 05:50,05F0055S,05F0287S,32,949,16
2024/04/08 05:50,05F0055S,05F0287S,41,0,0
2024/04/08 05:50,05F0055S,05F0287S,42,0,0
2024/04/08 05:50,05F0055S,05F0287S,5,0,0
2024/04/08 05:50,05F0287S,05F0309S,31,88,13
2024/04/08 05:50,05F0287S,05F0309S,32,88,18
2024/04/08 05:50,05F0287S,05F0309S,41,0,0
2024/04/08 05:50,05F0287S,05F0309S,42,0,0
2024/04/08 05:50,05F0287S,05F0309S,5,0,0
2024/04/08 05:50,05F0309S,05F0439S,31,480,12
2024/04/08 05:50,05F0309S,05F0439S,32,499,5
2024/04/08 05:50,05F0309S,05F0439S,41,0,0
2024/04/08 05:50,05F0309S,05F0439S,42,0,0
2024/04/08 05:50,05F0309S,05F0439S,5,546,3
2024/04/08 05:50,05F0439S,05F0494S,31,191,5
2024/04/08 05:50,05F0439S,05F0494S,32,192,2
2024/04/08 05:50,05F0439S,05F0494S,41,0,0
2024/04/08 05:50,05F0439S,05F0494S,42,0,0
2024/04/08 05:50,05F0439S,05F0494S,5,0,0
2024/04/08 05:55,05F0000S,05F0055S,31,225,39
2024/04/08 05:55,05F0000S,05F0055S,32,229,16
2024/04/08 05:55,05F0000S,05F0055S,41,240,1
2024/04/08 05:55,05F0000S,05F0055S,42,0,0
2024/04/08 05:55,05F0000S,05F0055S,5,0,0
2024/04/08 05:55,05F0055S,05F0287S,31,951,26
2024/04/08 05:55,05F0055S,05F0287S,32,915,9
2024/04/08 05:55,05F0055S,05F0287S,41,966,1
2024/04/08 05:55,05F0055S,05F0287S,42,0,0
2024/04/08 05:55,05F0055S,05F0287S,5,0,0
2024/04/08 05:55,05F0287S,05F0309S,31,86,12
2024/04/08 05:55,05F0287S,05F0309S,32,78,4
2024/04/08 05:55,05F0287S,05F0309S,41,86,1
2024/04/08 05:55,05F0287S,05F0309S,42,0,0
2024/04/08 05:55,05F0287S,05F0309S,5,0,0
2024/04/08 05:55,05F0309S,05F0439S,31,454,9
2024/04/08 05:55,05F0309S,05F0439S,32,495,4
2024/04/08 05:55,05F0309S,05F0439S,41,0,0
2024/04/08 05:55,05F0309S,05F0439S,42,0,0
2024/04/08 05:55,05F0309S,05F0439S,5,564,4
2024/04/08 05:55,05F0439S,05F0494S,31,228,5
2024/04/08 05:55,05F0439S,05F0494S,32,180,2
2024/04/08 05:55,05F0439S,05F0494S,41,0,0
2024/04/08 05:55,05F0439S,05F0494S,42,0,0
2024/04/08 05:55,05F0439S,05F0494S,5,0,0
2024/04/08 06:00,05F0000S,05F0055S,31,223,24
2024/04/08 06:00,05F0000S,05F0055S,32,226,10
2024/04/08 06:00,05F0000S,05F0055S,41,0,0
2024/04/08 06:00,05F0000S,05F0055S,42,0,0
2024/04/08 06:00,05F0000S,05F0055S,5,0,0
2024/04/08 06:00,05F0055S,05F0287S,31,932,33
2024/04/08 06:00,05F0055S,05F0287S,32,962,10
2024/04/08 06:00,05F0055S,05F0287S,41,0,0
2024/04/08 06:00,05F0055S,05F0287S,42,0,0
2024/04/08 06:00,05F0055S,05F0287S,5,0,0
2024/04/08 06:00,05F0287S,05F0309S,31,85,24
2024/04/08 06:00,05F0287S,05F0309S,32,85,5
2024/04/08 06:00,05F0287S,05F0309S,41,0,0
2024/04/08 06:00,05F0287S,05F0309S,42,0,0
2024/04/08 06:00,05F0287S,05F0309S,5,0,0
2024/04/08 06:00,05F0309S,05F0439S,31,493,7
2024/04/08 06:00,05F0309S,05F0439S,32,519,11
2024/04/08 06:00,05F0309S,05F0439S,41,0,0
2024/04/08 06:00,05F0309S,05F0439S,42,545,1
2024/04/08 06:00,05F0309S,05F0439S,5,527,4
2024/04/08 06:00,05F0439S,05F0494S,31,199,9
2024/04/08 06:00,05F0439S,05F0494S,32,212,6
2024/04/08 06:00,05F0439S,05F0494S,41,219,1
2024/04/08 06:00,05F0439S,05F0494S,42,0,0
2024/04/08 06:00,05F0439S,05F0494S,5,216,3
2024/04/08 06:05,05F0000S,05F0055S,31,233,53
2024/04/08 06:05,05F0000S,05F0055S,32,236,15
2024/04/08 06:05,05F0000S,05F0055S,41,0,0
2024/04/08 06:05,05F0000S,05F0055S,42,0,0
2024/04/08 06:05,05F0000S,05F0055S,5,0,0
2024/04/08 06:05,05F0055S,05F0287S,31,927,28
2024/04/08 06:05,05F0055S,05F0287S,32,951,14
2024/04/08 06:05,05F0055S,05F0287S,41,1012,2
2024/04/08 06:05,05F0055S,05F0287S,42,0,0
2024/04/08 06:05,05F0055S,05F0287S,5,0,0
2024/04/08 06:05,05F0287S,05F0309S,31,83,15
2024/04/08 06:05,05F0287S,05F0309S,32,94,7
2024/04/08 06:05,05F0287S,05F0309S,41,0,0
2024/04/08 06:05,05F0287S,05F0309S,42,0,0
2024/04/08 06:05,05F0287S,05F0309S,5,0,0
2024/04/08 06:05,05F0309S,05F0439S,31,470,9
2024/04/08 06:05,05F0309S,05F0439S,32,487,2
2024/04/08 06:05,05F0309S,05F0439S,41,0,0
2024/04/08 06:05,05F0309S,05F0439S,42,0,0
2024/04/08 06:05,05F0309S,05F0439S,5,512,1
2024/04/08 06:05,05F0439S,05F0494S,31,188,4
2024/04/08 06:05,05F0439S,05F0494S,32,192,3
2024/04/08 06:05,05F0439S,05F0494S,41,0,0
2024/04/08 06:05,05F0439S,05F0494S,42,0,0
2024/04/08 06:05,05F0439S,05F0494S,5,235,1
2024/04/08 06:10,05F0000S,05F0055S,31,231,44
2024/04/08 06:10,05F0000S,05F0055S,32,238,25
2024/04/08 06:10,05F0000S,05F0055S,41,249,4
2024/04/08 06:10,05F0000S,05F0055S,42,0,0
2024/04/08 06:10,05F0000S,05F0055S,5,0,0
2024/04/08 06:10,05F0055S,05F0287S,31,924,41
2024/04/08 06:10,05F0055S,05F0287S,32,932,17
2024/04/08 06:10,05F0055S,05F0287S,41,0,0
2024/04/08 06:10,05F0055S,05F0287S,42,0,0
2024/04/08 06:10,05F0055S,05F0287S,5,0,0
2024/04/08 06:10,05F0287S,05F0309S,31,84,35
2024/04/08 06:10,05F0287S,05F0309S,32,86,16
2024/04/08 06:10,05F0287S,05F0309S,41,111,1
2024/04/08 06:10,05F0287S,05F0309S,42,0,0
2024/04/08 06:10,05F0287S,05F0309S,5,0,0
2024/04/08 06:10,05F0309S,05F0439S,31,486,14
2024/04/08 06:10,05F0309S,05F0439S,32,508,5
2024/04/08 06:10,05F0309S,05F0439S,41,0,0
2024/04/08 06:10,05F0309S,05F0439S,42,0,0
2024/04/08 06:10,05F0309S,05F0439S,5,535,6
2024/04/08 06:10,05F0439S,05F0494S,31,204,4
2024/04/08 06:10,05F0439S,05F0494S,32,219,2
2024/04/08 06:10,05F0439S,05F0494S,41,0,0
2024/04/08 06:10,05F0439S,05F0494S,42,0,0
2024/04/08 06:10,05F0439S,05F0494S,5,225,2
2024/04/08 06:15,05F0000S,05F0055S,31,226,38
2024/04/08 06:15,05F0000S,05F0055S,32,231,17
2024/04/08 06:15,05F0000S,05F0055S,41,251,4
2024/04/08 06:15,05F0000S,05F0055S,42,0,0
2024/04/08 06:15,05F0000S,05F0055S,5,0,0
2024/04/08 06:15,05F0055S,05F0287S,31,925,27
2024/04/08 06:15,05F0055S,05F0287S,32,953,13
2024/04/08 06:15,05F0055S,05F0287S,41,985,1
2024/04/08 06:15,05F0055S,05F0287S,42,0,0
2024/04/08 06:15,05F0055S,05F0287S,5,0,0
2024/04/08 06:15,05F0287S,05F0309S,31,84,20
2024/04/08 06:15,05F0287S,05F0309S,32,88,8
2024/04/08 06:15,05F0287S,05F0309S,41,90,1
2024/04/08 06:15,05F0287S,05F0309S,42,0,0
2024/04/08 06:15,05F0287S,05F0309S,5,0,0
2024/04/08 06:15,05F0309S,05F0439S,31,462,21
2024/04/08 06:15,05F0309S,05F0439S,32,486,10
2024/04/08 06:15,05F0309S,05F0439S,41,0,0
2024/04/08 06:15,05F0309S,05F0439S,42,0,0
2024/04/08 06:15,05F0309S,05F0439S,5,529,5
2024/04/08 06:15,05F0439S,05F0494S,31,199,10
2024/04/08 06:15,05F0439S,05F0494S,32,226,2
2024/04/08 06:15,05F0439S,05F0494S,41,225,1
2024/04/08 06:15,05F0439S,05F0494S,42,0,0
2024/04/08 06:15,05F0439S,05F0494S,5,228,3
2024/04/08 06:20,05F0000S,05F0055S,31,234,72
2024/04/08 06:20,05F0000S,05F0055S,32,248,13
2024/04/08 06:20,05F0000S,05F0055S,41,250,2
2024/04/08 06:20,05F0000S,05F0055S,42,0,0
2024/04/08 06:20,05F0000S,05F0055S,5,0,0
2024/04/08 06:20,05F0055S,05F0287S,31,940,49
2024/04/08 06:20,05F0055S,05F0287S,32,956,14
2024/04/08 06:20,05F0055S,05F0287S,41,0,0
2024/04/08 06:20,05F0055S,05F0287S,42,0,0
2024/04/08 06:20,05F0055S,05F0287S,5,0,0
2024/04/08 06:20,05F0287S,05F0309S,31,84,32
2024/04/08 06:20,05F0287S,05F0309S,32,87,8
2024/04/08 06:20,05F0287S,05F0309S,41,0,0
2024/04/08 06:20,05F0287S,05F0309S,42,0,0
2024/04/08 06:20,05F0287S,05F0309S,5,0,0
2024/04/08 06:20,05F0309S,05F0439S,31,472,16
2024/04/08 06:20,05F0309S,05F0439S,32,500,5
2024/04/08 06:20,05F0309S,05F0439S,41,657,1
2024/04/08 06:20,05F0309S,05F0439S,42,520,1
2024/04/08 06:20,05F0309S,05F0439S,5,518,3
2024/04/08 06:20,05F0439S,05F0494S,31,189,7
2024/04/08 06:20,05F0439S,05F0494S,32,181,7
2024/04/08 06:20,05F0439S,05F0494S,41,0,0
2024/04/08 06:20,05F0439S,05F0494S,42,206,2
2024/04/08 06:20,05F0439S,05F0494S,5,224,4
2024/04/08 06:25,05F0000S,05F0055S,31,243,53
2024/04/08 06:25,05F0000S,05F0055S,32,245,21
2024/04/08 06:25,05F0000S,05F0055S,41,250,3
2024/04/08 06:25,05F0000S,05F0055S,42,0,0
2024/04/08 06:25,05F0000S,05F0055S,5,0,0
2024/04/08 06:25,05F0055S,05F0287S,31,938,51
2024/04/08 06:25,05F0055S,05F0287S,32,933,25
2024/04/08 06:25,05F0055S,05F0287S,41,985,1
2024/04/08 06:25,05F0055S,05F0287S,42,0,0
2024/04/08 06:25,05F0055S,05F0287S,5,0,0
2024/04/08 06:25,05F0287S,05F0309S,31,83,34
2024/04/08 06:25,05F0287S,05F0309S,32,84,13
2024/04/08 06:25,05F0287S,05F0309S,41,0,0
2024/04/08 06:25,05F0287S,05F0309S,42,0,0
2024/04/08 06:25,05F0287S,05F0309S,5,0,0
2024/04/08 06:25,05F0309S,05F0439S,31,479,20
2024/04/08 06:25,05F0309S,05F0439S,32,448,3
2024/04/08 06:25,05F0309S,05F0439S,41,0,0
2024/04/08 06:25,05F0309S,05F0439S,42,495,1
2024/04/08 06:25,05F0309S,05F0439S,5,509,1
2024/04/08 06:25,05F0439S,05F0494S,31,202,11
2024/04/08 06:25,05F0439S,05F0494S,32,190,2
2024/04/08 06:25,05F0439S,05F0494S,41,279,1
2024/04/08 06:25,05F0439S,05F0494S,42,0,0
2024/04/08 06:25,05F0439S,05F0494S,5,229,2
2024/04/08 06:30,05F0000S,05F0055S,31,235,51
2024/04/08 06:30,05F0000S,05F0055S,32,237,22
2024/04/08 06:30,05F0000S,05F0055S,41,262,3
2024/04/08 06:30,05F0000S,05F0055S,42,0,0
2024/04/08 06:30,05F0000S,05F0055S,5,0,0
2024/04/08 06:30,05F0055S,05F0287S,31,946,34
2024/04/08 06:30,05F0055S,05F0287S,32,959,14
2024/04/08 06:30,05F0055S,05F0287S,41,1024,4
2024/04/08 06:30,05F0055S,05F0287S,42,0,0
2024/04/08 06:30,05F0055S,05F0287S,5,0,0
2024/04/08 06:30,05F0287S,05F0309S,31,84,38
2024/04/08 06:30,05F0287S,05F0309S,32,84,20
2024/04/08 06:30,05F0287S,05F0309S,41,92,5
2024/04/08 06:30,05F0287S,05F0309S,42,0,0
2024/04/08 06:30,05F0287S,05F0309S,5,0,0
2024/04/08 06:30,05F0309S,05F0439S,31,472,31
2024/04/08 06:30,05F0309S,05F0439S,32,462,8
2024/04/08 06:30,05F0309S,05F0439S,41,0,0
2024/04/08 06:30,05F0309S,05F0439S,42,461,1
2024/04/08 06:30,05F0309S,05F0439S,5,510,3
2024/04/08 06:30,05F0439S,05F0494S,31,194,22
2024/04/08 06:30,05F0439S,05F0494S,32,203,4
2024/04/08 06:30,05F0439S,05F0494S,41,0,0
2024/04/08 06:30,05F0439S,05F0494S,42,0,0
2024/04/08 06:30,05F0439S,05F0494S,5,211,2
2024/04/08 06:35,05F0000S,05F0055S,31,236,53
2024/04/08 06:35,05F0000S,05F0055S,32,239,35
2024/04/08 06:35,05F0000S,05F0055S,41,245,1
2024/04/08 06:35,05F0000S,05F0055S,42,0,0
2024/04/08 06:35,05F0000S,05F0055S,5,0,0
2024/04/08 06:35,05F0055S,05F0287S,31,956,67
2024/04/08 06:35,05F0055S,05F0287S,32,959,19
2024/04/08 06:35,05F0055S,05F0287S,41,988,5
2024/04/08 06:35,05F0055S,05F0287S,42,0,0
2024/04/08 06:35,05F0055S,05F0287S,5,0,0
2024/04/08 06:35,05F0287S,05F0309S,31,82,24
2024/04/08 06:35,05F0287S,05F0309S,32,96,6
2024/04/08 06:35,05F0287S,05F0309S,41,91,5
2024/04/08 06:35,05F0287S,05F0309S,42,0,0
2024/04/08 06:35,05F0287S,05F0309S,5,0,0
2024/04/08 06:35,05F0309S,05F0439S,31,451,28
2024/04/08 06:35,05F0309S,05F0439S,32,491,12
2024/04/08 06:35,05F0309S,05F0439S,41,538,1
2024/04/08 06:35,05F0309S,05F0439S,42,541,2
2024/04/08 06:35,05F0309S,05F0439S,5,544,2
2024/04/08 06:35,05F0439S,05F0494S,31,205,17
2024/04/08 06:35,05F0439S,05F0494S,32,202,8
2024/04/08 06:35,05F0439S,05F0494S,41,0,0
2024/04/08 06:35,05F0439S,05F0494S,42,251,1
2024/04/08 06:35,05F0439S,05F0494S,5,228,2
2024/04/08 06:40,05F0000S,05F0055S,31,235,82
2024/04/08 06:40,05F0000S,05F0055S,32,237,20
2024/04/08 06:40,05F0000S,05F0055S,41,244,2
2024/04/08 06:40,05F0000S,05F0055S,42,0,0
2024/04/08 06:40,05F0000S,05F0055S,5,0,0
2024/04/08 06:40,05F0055S,05F0287S,31,952,64
2024/04/08 06:40,05F0055S,05F0287S,32,941,18
2024/04/08 06:40,05F0055S,05F0287S,41,991,1
2024/04/08 06:40,05F0055S,05F0287S,42,0,0
2024/04/08 06:40,05F0055S,05F0287S,5,0,0
2024/04/08 06:40,05F0287S,05F0309S,31,81,57
2024/04/08 06:40,05F0287S,05F0309S,32,85,16
2024/04/08 06:40,05F0287S,05F0309S,41,95,1
2024/04/08 06:40,05F0287S,05F0309S,42,0,0
2024/04/08 06:40,05F0287S,05F0309S,5,0,0
2024/04/08 06:40,05F0309S,05F0439S,31,456,23
2024/04/08 06:40,05F0309S,05F0439S,32,515,7
2024/04/08 06:40,05F0309S,05F0439S,41,524,3
2024/04/08 06:40,05F0309S,05F0439S,42,0,0
2024/04/08 06:40,05F0309S,05F0439S,5,557,2
2024/04/08 06:40,05F0439S,05F0494S,31,201,15
2024/04/08 06:40,05F0439S,05F0494S,32,202,8
2024/04/08 06:40,05F0439S,05F0494S,41,0,0
2024/04/08 06:40,05F0439S,05F0494S,42,272,1
2024/04/08 06:40,05F0439S,05F0494S,5,241,4
2024/04/08 06:45,05F0000S,05F0055S,31,238,60
2024/04/08 06:45,05F0000S,05F0055S,32,248,19
2024/04/08 06:45,05F0000S,05F0055S,41,251,1
2024/04/08 06:45,05F0000S,05F0055S,42,0,0
2024/04/08 06:45,05F0000S,05F0055S,5,0,0
2024/04/08 06:45,05F0055S,05F0287S,31,948,50
2024/04/08 06:45,05F0055S,05F0287S,32,950,28
2024/04/08 06:45,05F0055S,05F0287S,41,1000,3
2024/04/08 06:45,05F0055S,05F0287S,42,0,0
2024/04/08 06:45,05F0055S,05F0287S,5,0,0
2024/04/08 06:45,05F0287S,05F0309S,31,86,32
2024/04/08 06:45,05F0287S,05F0309S,32,88,18
2024/04/08 06:45,05F0287S,05F0309S,41,91,1
2024/04/08 06:45,05F0287S,05F0309S,42,0,0
2024/04/08 06:45,05F0287S,05F0309S,5,0,0
2024/04/08 06:45,05F0309S,05F0439S,31,462,40
2024/04/08 06:45,05F0309S,05F0439S,32,509,9
2024/04/08 06:45,05F0309S,05F0439S,41,529,5
2024/04/08 06:45,05F0309S,05F0439S,42,0,0
2024/04/08 06:45,05F0309S,05F0439S,5,539,3
2024/04/08 06:45,05F0439S,05F0494S,31,203,18
2024/04/08 06:45,05F0439S,05F0494S,32,217,5
2024/04/08 06:45,05F0439S,05F0494S,41,216,4
2024/04/08 06:45,05F0439S,05F0494S,42,0,0
2024/04/08 06:45,05F0439S,05F0494S,5,223,4
2024/04/08 06:50,05F0000S,05F0055S,31,239,76
2024/04/08 06:50,05F0000S,05F0055S,32,243,27
2024/04/08 06:50,05F0000S,05F0055S,41,262,3
2024/04/08 06:50,05F0000S,05F0055S,42,0,0
2024/04/08 06:50,05F0000S,05F0055S,5,0,0
2024/04/08 06:50,05F0055S,05F0287S,31,962,67
2024/04/08 06:50,05F0055S,05F0287S,32,963,29
2024/04/08 06:50,05F0055S,05F0287S,41,1042,3
2024/04/08 06:50,05F0055S,05F0287S,42,0,0
2024/04/08 06:50,05F0055S,05F0287S,5,0,0
2024/04/08 06:50,05F0287S,05F0309S,31,84,39
2024/04/08 06:50,05F0287S,05F0309S,32,81,15
2024/04/08 06:50,05F0287S,05F0309S,41,94,2
2024/04/08 06:50,05F0287S,05F0309S,42,0,0
2024/04/08 06:50,05F0287S,05F0309S,5,0,0
2024/04/08 06:50,05F0309S,05F0439S,31,476,23
2024/04/08 06:50,05F0309S,05F0439S,32,483,6
2024/04/08 06:50,05F0309S,05F0439S,41,517,1
2024/04/08 06:50,05F0309S,05F0439S,42,572,1
2024/04/08 06:50,05F0309S,05F0439S,5,519,4
2024/04/08 06:50,05F0439S,05F0494S,31,194,22
2024/04/08 06:50,05F0439S,05F0494S,32,197,11
2024/04/08 06:50,05F0439S,05F0494S,41,229,2
2024/04/08 06:50,05F0439S,05F0494S,42,0,0
2024/04/08 06:50,05F0439S,05F0494S,5,215,4
2024/04/08 06:55,05F0000S,05F0055S,31,240,72
2024/04/08 06:55,05F0000S,05F0055S,32,244,31
2024/04/08 06:55,05F0000S,05F0055S,41,238,1
2024/04/08 06:55,05F0000S,05F0055S,42,0,0
2024/04/08 06:55,05F0000S,05F0055S,5,0,0
2024/04/08 06:55,05F0055S,05F0287S,31,967,72
2024/04/08 06:55,05F0055S,05F0287S,32,965,21
2024/04/08 06:55,05F0055S,05F0287S,41,982,1
2024/04/08 06:55,05F0055S,05F0287S,42,0,0
2024/04/08 06:55,05F0055S,05F0287S,5,0,0
2024/04/08 06:55,05F0287S,05F0309S,31,83,51
2024/04/08 06:55,05F0287S,05F0309S,32,87,25
2024/04/08 06:55,05F0287S,05F0309S,41,90,2
2024/04/08 06:55,05F0287S,05F0309S,42,0,0
2024/04/08 06:55,05F0287S,05F0309S,5,0,0
2024/04/08 06:55,05F0309S,05F0439S,31,479,30
2024/04/08 06:55,05F0309S,05F0439S,32,457,13
2024/04/08 06:55,05F0309S,05F0439S,41,524,1
2024/04/08 06:55,05F0309S,05F0439S,42,534,3
2024/04/08 06:55,05F0309S,05F0439S,5,552,3
2024/04/08 06:55,05F0439S,05F0494S,31,196,20
2024/04/08 06:55,05F0439S,05F0494S,32,196,8
2024/04/08 06:55,05F0439S,05F0494S,41,223,2
2024/04/08 06:55,05F0439S,05F0494S,42,0,0
2024/04/08 06:55,05F0439S,05F0494S,5,223,4
2024/04/08 07:00,05F0000S,05F0055S,31,248,81
2024/04/08 07:00,05F0000S,05F0055S,32,249,33
2024/04/08 07:00,05F0000S,05F0055S,41,254,2
2024/04/08 07:00,05F0000S,05F0055S,42,0,0
2024/04/08 07:00,05F0000S,05F0055S,5,0,0
2024/04/08 07:00,05F0055S,05F0287S,31,966,69
2024/04/08 07:00,05F0055S,05F0287S,32,969,25
2024/04/08 07:00,05F0055S,05F0287S,41,1022,1
2024/04/08 07:00,05F0055S,05F0287S,42,0,0
2024/04/08 07:00,05F0055S,05F0287S,5,0,0
2024/04/08 07:00,05F0287S,05F0309S,31,85,52
2024/04/08 07:00,05F0287S,05F0309S,32,90,20
2024/04/08 07:00,05F0287S,05F0309S,41,95,1
2024/04/08 07:00,05F0287S,05F0309S,42,0,0
2024/04/08 07:00,05F0287S,05F0309S,5,0,0
2024/04/08 07:00,05F0309S,05F0439S,31,480,32
2024/04/08 07:00,05F0309S,05F0439S,32,497,17
2024/04/08 07:00,05F0309S,05F0439S,41,498,2
2024/04/08 07:00,05F0309S,05F0439S,42,529,1
2024/04/08 07:00,05F0309S,05F0439S,5,513,7
2024/04/08 07:00,05F0439S,05F0494S,31,200,32
2024/04/08 07:00,05F0439S,05F0494S,32,200,6
2024/04/08 07:00,05F0439S,05F0494S,41,213,1
2024/04/08 07:00,05F0439S,05F0494S,42,0,0
2024/04/08 07:00,05F0439S,05F0494S,5,221,5
2024/04/08 07:05,05F0000S,05F0055S,31,240,77
2024/04/08 07:05,05F0000S,05F0055S,32,244,43
2024/04/08 07:05,05F0000S,05F0055S,41,246,4
2024/04/08 07:05,05F0000S,05F0055S,42,0,0
2024/04/08 07:05,05F0000S,05F0055S,5,0,0
2024/04/08 07:05,05F0055S,05F0287S,31,966,79
2024/04/08 07:05,05F0055S,05F0287S,32,960,21
2024/04/08 07:05,05F0055S,05F0287S,41,1007,2
2024/04/08 07:05,05F0055S,05F0287S,42,0,0
2024/04/08 07:05,05F0055S,05F0287S,5,0,0
2024/04/08 07:05,05F0287S,05F0309S,31,84,55
2024/04/08 07:05,05F0287S,05F0309S,32,84,18
2024/04/08 07:05,05F0287S,05F0309S,41,93,1
2024/04/08 07:05,05F0287S,05F0309S,42,0,0
2024/04/08 07:05,05F0287S,05F0309S,5,0,0
2024/04/08 07:05,05F0309S,05F0439S,31,487,42
2024/04/08 07:05,05F0309S,05F0439S,32,510,11
2024/04/08 07:05,05F0309S,05F0439S,41,523,2
2024/04/08 07:05,05F0309S,05F0439S,42,0,0
2024/04/08 07:05,05F0309S,05F0439S,5,566,6
2024/04/08 07:05,05F0439S,05F0494S,31,200,28
2024/04/08 07:05,05F0439S,05F0494S,32,213,8
2024/04/08 07:05,05F0439S,05F0494S,41,205,1
2024/04/08 07:05,05F0439S,05F0494S,42,0,0
2024/04/08 07:05,05F0439S,05F0494S,5,238,1
2024/04/08 07:10,05F0000S,05F0055S,31,240,70
2024/04/08 07:10,05F0000S,05F0055S,32,244,25
2024/04/08 07:10,05F0000S,05F0055S,41,241,1
2024/04/08 07:10,05F0000S,05F0055S,42,0,0
2024/04/08 07:10,05F0000S,05F0055S,5,0,0
2024/04/08 07:10,05F0055S,05F0287S,31,985,87
2024/04/08 07:10,05F0055S,05F0287S,32,984,39
2024/04/08 07:10,05F0055S,05F0287S,41,1018,3
2024/04/08 07:10,05F0055S,05F0287S,42,0,0
2024/04/08 07:10,05F0055S,05F0287S,5,0,0
2024/04/08 07:10,05F0287S,05F0309S,31,84,63
2024/04/08 07:10,05F0287S,05F0309S,32,87,28
2024/04/08 07:10,05F0287S,05F0309S,41,94,2
2024/04/08 07:10,05F0287S,05F0309S,42,0,0
2024/04/08 07:10,05F0287S,05F0309S,5,0,0
2024/04/08 07:10,05F0309S,05F0439S,31,482,34
2024/04/08 07:10,05F0309S,05F0439S,32,522,17
2024/04/08 07:10,05F0309S,05F0439S,41,0,0
2024/04/08 07:10,05F0309S,05F0439S,42,523,1
2024/04/08 07:10,05F0309S,05F0439S,5,572,1
2024/04/08 07:10,05F0439S,05F0494S,31,208,37
2024/04/08 07:10,05F0439S,05F0494S,32,215,13
2024/04/08 07:10,05F0439S,05F0494S,41,0,0
2024/04/08 07:10,05F0439S,05F0494S,42,239,1
2024/04/08 07:10,05F0439S,05F0494S,5,225,7
2024/04/08 07:15,05F0000S,05F0055S,31,243,72
2024/04/08 07:15,05F0000S,05F0055S,32,235,23
2024/04/08 07:15,05F0000S,05F0055S,41,254,1
2024/04/08 07:15,05F0000S,05F0055S,42,0,0
2024/04/08 07:15,05F0000S,05F0055S,5,0,0
2024/04/08 07:15,05F0055S,05F0287S,31,979,82
2024/04/08 07:15,05F0055S,05F0287S,32,985,26
2024/04/08 07:15,05F0055S,05F0287S,41,1032,1
2024/04/08 07:15,05F0055S,05F0287S,42,0,0
2024/04/08 07:15,05F0055S,05F0287S,5,0,0
2024/04/08 07:15,05F0287S,05F0309S,31,87,62
2024/04/08 07:15,05F0287S,05F0309S,32,88,26
2024/04/08 07:15,05F0287S,05F0309S,41,92,1
2024/04/08 07:15,05F0287S,05F0309S,42,0,0
2024/04/08 07:15,05F0287S,05F0309S,5,0,0
2024/04/08 07:15,05F0309S,05F0439S,31,478,39
2024/04/08 07:15,05F0309S,05F0439S,32,487,16
2024/04/08 07:15,05F0309S,05F0439S,41,532,1
2024/04/08 07:15,05F0309S,05F0439S,42,0,0
2024/04/08 07:15,05F0309S,05F0439S,5,521,4
2024/04/08 07:15,05F0439S,05F0494S,31,207,32
2024/04/08 07:15,05F0439S,05F0494S,32,214,12
2024/04/08 07:15,05F0439S,05F0494S,41,236,1
2024/04/08 07:15,05F0439S,05F0494S,42,223,1
2024/04/08 07:15,05F0439S,05F0494S,5,0,0
2024/04/08 07:20,05F0000S,05F0055S,31,241,57
2024/04/08 07:20,05F0000S,05F0055S,32,240,22
2024/04/08 07:20,05F0000S,05F0055S,41,247,5
2024/04/08 07:20,05F0000S,05F0055S,42,0,0
2024/04/08 07:20,05F0000S,05F0055S,5,0,0
2024/04/08 07:20,05F0055S,05F0287S,31,999,87
2024/04/08 07:20,05F0055S,05F0287S,32,1009,45
2024/04/08 07:20,05F0055S,05F0287S,41,1040,3
2024/04/08 07:20,05F0055S,05F0287S,42,0,0
2024/04/08 07:20,05F0055S,05F0287S,5,0,0
2024/04/08 07:20,05F0287S,05F0309S,31,85,61
2024/04/08 07:20,05F0287S,05F0309S,32,88,30
2024/04/08 07:20,05F0287S,05F0309S,41,92,2
2024/04/08 07:20,05F0287S,05F0309S,42,0,0
2024/04/08 07:20,05F0287S,05F0309S,5,0,0
2024/04/08 07:20,05F0309S,05F0439S,31,473,49
2024/04/08 07:20,05F0309S,05F0439S,32,498,23
2024/04/08 07:20,05F0309S,05F0439S,41,555,1
2024/04/08 07:20,05F0309S,05F0439S,42,0,0
2024/04/08 07:20,05F0309S,05F0439S,5,545,6
2024/04/08 07:20,05F0439S,05F0494S,31,198,43
2024/04/08 07:20,05F0439S,05F0494S,32,208,12
2024/04/08 07:20,05F0439S,05F0494S,41,0,0
2024/04/08 07:20,05F0439S,05F0494S,42,0,0
2024/04/08 07:20,05F0439S,05F0494S,5,218,7
2024/04/08 07:25,05F0000S,05F0055S,31,240,78
2024/04/08 07:25,05F0000S,05F0055S,32,246,22
2024/04/08 07:25,05F0000S,05F0055S,41,258,4
2024/04/08 07:25,05F0000S,05F0055S,42,0,0
2024/04/08 07:25,05F0000S,05F0055S,5,0,0
2024/04/08 07:25,05F0055S,05F0287S,31,982,73
2024/04/08 07:25,05F0055S,05F0287S,32,999,27
2024/04/08 07:25,05F0055S,05F0287S,41,984,2
2024/04/08 07:25,05F0055S,05F0287S,42,0,0
2024/04/08 07:25,05F0055S,05F0287S,5,0,0
2024/04/08 07:25,05F0287S,05F0309S,31,85,55
2024/04/08 07:25,05F0287S,05F0309S,32,85,21
2024/04/08 07:25,05F0287S,05F0309S,41,91,2
2024/04/08 07:25,05F0287S,05F0309S,42,0,0
2024/04/08 07:25,05F0287S,05F0309S,5,0,0
2024/04/08 07:25,05F0309S,05F0439S,31,483,45
2024/04/08 07:25,05F0309S,05F0439S,32,504,18
2024/04/08 07:25,05F0309S,05F0439S,41,537,1
2024/04/08 07:25,05F0309S,05F0439S,42,531,3
2024/04/08 07:25,05F0309S,05F0439S,5,531,3
2024/04/08 07:25,05F0439S,05F0494S,31,203,53
2024/04/08 07:25,05F0439S,05F0494S,32,214,14
2024/04/08 07:25,05F0439S,05F0494S,41,0,0
2024/04/08 07:25,05F0439S,05F0494S,42,0,0
2024/04/08 07:25,05F0439S,05F0494S,5,243,3
2024/04/08 07:30,05F0000S,05F0055S,31,242,59
2024/04/08 07:30,05F0000S,05F0055S,32,243,20
2024/04/08 07:30,05F0000S,05F0055S,41,0,0
2024/04/08 07:30,05F0000S,05F0055S,42,0,0
2024/04/08 07:30,05F0000S,05F0055S,5,0,0
2024/04/08 07:30,05F0055S,05F0287S,31,954,72
2024/04/08 07:30,05F0055S,05F0287S,32,950,21
2024/04/08 07:30,05F0055S,05F0287S,41,0,0
2024/04/08 07:30,05F0055S,05F0287S,42,0,0
2024/04/08 07:30,05F0055S,05F0287S,5,0,0
2024/04/08 07:30,05F0287S,05F0309S,31,87,69
2024/04/08 07:30,05F0287S,05F0309S,32,87,21
2024/04/08 07:30,05F0287S,05F0309S,41,0,0
2024/04/08 07:30,05F0287S,05F0309S,42,0,0
2024/04/08 07:30,05F0287S,05F0309S,5,0,0
2024/04/08 07:30,05F0309S,05F0439S,31,491,50
2024/04/08 07:30,05F0309S,05F0439S,32,503,27
2024/04/08 07:30,05F0309S,05F0439S,41,533,1
2024/04/08 07:30,05F0309S,05F0439S,42,570,1
2024/04/08 07:30,05F0309S,05F0439S,5,506,4
2024/04/08 07:30,05F0439S,05F0494S,31,204,46
2024/04/08 07:30,05F0439S,05F0494S,32,205,18
2024/04/08 07:30,05F0439S,05F0494S,41,0,0
2024/04/08 07:30,05F0439S,05F0494S,42,939,2
2024/04/08 07:30,05F0439S,05F0494S,5,223,5
2024/04/08 07:35,05F0000S,05F0055S,31,241,53
2024/04/08 07:35,05F0000S,05F0055S,32,246,20
2024/04/08 07:35,05F0000S,05F0055S,41,259,8
2024/04/08 07:35,05F0000S,05F0055S,42,0,0
2024/04/08 07:35,05F0000S,05F0055S,5,0,0
2024/04/08 07:35,05F0055S,05F0287S,31,969,67
2024/04/08 07:35,05F0055S,05F0287S,32,977,26
2024/04/08 07:35,05F0055S,05F0287S,41,989,5
2024/04/08 07:35,05F0055S,05F0287S,42,0,0
2024/04/08 07:35,05F0055S,05F0287S,5,0,0
2024/04/08 07:35,05F0287S,05F0309S,31,84,46
2024/04/08 07:35,05F0287S,05F0309S,32,82,17
2024/04/08 07:35,05F0287S,05F0309S,41,89,2
2024/04/08 07:35,05F0287S,05F0309S,42,0,0
2024/04/08 07:35,05F0287S,05F0309S,5,0,0
2024/04/08 07:35,05F0309S,05F0439S,31,476,45
2024/04/08 07:35,05F0309S,05F0439S,32,488,19
2024/04/08 07:35,05F0309S,05F0439S,41,520,1
2024/04/08 07:35,05F0309S,05F0439S,42,588,3
2024/04/08 07:35,05F0309S,05F0439S,5,508,5
2024/04/08 07:35,05F0439S,05F0494S,31,201,61
2024/04/08 07:35,05F0439S,05F0494S,32,209,24
2024/04/08 07:35,05F0439S,05F0494S,41,0,0
2024/04/08 07:35,05F0439S,05F0494S,42,240,2
2024/04/08 07:35,05F0439S,05F0494S,5,211,3
2024/04/08 07:40,05F0000S,05F0055S,31,242,69
2024/04/08 07:40,05F0000S,05F0055S,32,243,19
2024/04/08 07:40,05F0000S,05F0055S,41,235,2
2024/04/08 07:40,05F0000S,05F0055S,42,0,0
2024/04/08 07:40,05F0000S,05F0055S,5,0,0
2024/04/08 07:40,05F0055S,05F0287S,31,982,85
2024/04/08 07:40,05F0055S,05F0287S,32,998,29
2024/04/08 07:40,05F0055S,05F0287S,41,1010,2
2024/04/08 07:40,05F0055S,05F0287S,42,0,0
2024/04/08 07:40,05F0055S,05F0287S,5,0,0
2024/04/08 07:40,05F0287S,05F0309S,31,82,46
2024/04/08 07:40,05F0287S,05F0309S,32,85,20
2024/04/08 07:40,05F0287S,05F0309S,41,88,4
2024/04/08 07:40,05F0287S,05F0309S,42,0,0
2024/04/08 07:40,05F0287S,05F0309S,5,0,0
2024/04/08 07:40,05F0309S,05F0439S,31,479,39
2024/04/08 07:40,05F0309S,05F0439S,32,467,16
2024/04/08 07:40,05F0309S,05F0439S,41,0,0
2024/04/08 07:40,05F0309S,05F0439S,42,503,2
2024/04/08 07:40,05F0309S,05F0439S,5,537,4
2024/04/08 07:40,05F0439S,05F0494S,31,201,59
2024/04/08 07:40,05F0439S,05F0494S,32,209,22
2024/04/08 07:40,05F0439S,05F0494S,41,0,0
2024/04/08 07:40,05F0439S,05F0494S,42,246,2
2024/04/08 07:40,05F0439S,05F0494S,5,207,3
2024/04/08 07:45,05F0000S,05F0055S,31,242,51
2024/04/08 07:45,05F0000S,05F0055S,32,253,19
2024/04/08 07:45,05F0000S,05F0055S,41,0,0
2024/04/08 07:45,05F0000S,05F0055S,42,0,0
2024/04/08 07:45,05F0000S,05F0055S,5,0,0
2024/04/08 07:45,05F0055S,05F0287S,31,999,69
2024/04/08 07:45,05F0055S,05F0287S,32,990,28
2024/04/08 07:45,05F0055S,05F0287S,41,1011,3
2024/04/08 07:45,05F0055S,05F0287S,42,0,0
2024/04/08 07:45,05F0055S,05F0287S,5,0,0
2024/04/08 07:45,05F0287S,05F0309S,31,88,57
2024/04/08 07:45,05F0287S,05F0309S,32,88,16
2024/04/08 07:45,05F0287S,05F0309S,41,91,3
2024/04/08 07:45,05F0287S,05F0309S,42,0,0
2024/04/08 07:45,05F0287S,05F0309S,5,0,0
2024/04/08 07:45,05F0309S,05F0439S,31,485,40
2024/04/08 07:45,05F0309S,05F0439S,32,478,11
2024/04/08 07:45,05F0309S,05F0439S,41,524,3
2024/04/08 07:45,05F0309S,05F0439S,42,0,0
2024/04/08 07:45,05F0309S,05F0439S,5,557,4
2024/04/08 07:45,05F0439S,05F0494S,31,195,38
2024/04/08 07:45,05F0439S,05F0494S,32,198,13
2024/04/08 07:45,05F0439S,05F0494S,41,0,0
2024/04/08 07:45,05F0439S,05F0494S,42,0,0
2024/04/08 07:45,05F0439S,05F0494S,5,223,1
2024/04/08 07:50,05F0000S,05F0055S,31,241,46
2024/04/08 07:50,05F0000S,05F0055S,32,244,20
2024/04/08 07:50,05F0000S,05F0055S,41,263,5
2024/04/08 07:50,05F0000S,05F0055S,42,0,0
2024/04/08 07:50,05F0000S,05F0055S,5,0,0
2024/04/08 07:50,05F0055S,05F0287S,31,973,60
2024/04/08 07:50,05F0055S,05F0287S,32,999,22
2024/04/08 07:50,05F0055S,05F0287S,41,1031,3
2024/04/08 07:50,05F0055S,05F0287S,42,0,0
2024/04/08 07:50,05F0055S,05F0287S,5,0,0
2024/04/08 07:50,05F0287S,05F0309S,31,85,53
2024/04/08 07:50,05F0287S,05F0309S,32,87,20
2024/04/08 07:50,05F0287S,05F0309S,41,0,0
2024/04/08 07:50,05F0287S,05F0309S,42,0,0
2024/04/08 07:50,05F0287S,05F0309S,5,0,0
2024/04/08 07:50,05F0309S,05F0439S,31,477,44
2024/04/08 07:50,05F0309S,05F0439S,32,497,13
2024/04/08 07:50,05F0309S,05F0439S,41,0,0
2024/04/08 07:50,05F0309S,05F0439S,42,570,2
2024/04/08 07:50,05F0309S,05F0439S,5,517,2
2024/04/08 07:50,05F0439S,05F0494S,31,196,45
2024/04/08 07:50,05F0439S,05F0494S,32,201,11
2024/04/08 07:50,05F0439S,05F0494S,41,234,1
2024/04/08 07:50,05F0439S,05F0494S,42,0,0
2024/04/08 07:50,05F0439S,05F0494S,5,237,4
2024/04/08 07:55,05F0000S,05F0055S,31,241,43
2024/04/08 07:55,05F0000S,05F0055S,32,254,28
2024/04/08 07:55,05F0000S,05F0055S,41,235,3
2024/04/08 07:55,05F0000S,05F0055S,42,0,0
2024/04/08 07:55,05F0000S,05F0055S,5,0,0
2024/04/08 07:55,05F0055S,05F0287S,31,967,72
2024/04/08 07:55,05F0055S,05F0287S,32,973,24
2024/04/08 07:55,05F0055S,05F0287S,41,1009,5
2024/04/08 07:55,05F0055S,05F0287S,42,0,0
2024/04/08 07:55,05F0055S,05F0287S,5,0,0
2024/04/08 07:55,05F0287S,05F0309S,31,83,52
2024/04/08 07:55,05F0287S,05F0309S,32,89,15
2024/04/08 07:55,05F0287S,05F0309S,41,92,4
2024/04/08 07:55,05F0287S,05F0309S,42,0,0
2024/04/08 07:55,05F0287S,05F0309S,5,0,0
2024/04/08 07:55,05F0309S,05F0439S,31,482,41
2024/04/08 07:55,05F0309S,05F0439S,32,481,12
2024/04/08 07:55,05F0309S,05F0439S,41,518,4
2024/04/08 07:55,05F0309S,05F0439S,42,499,3
2024/04/08 07:55,05F0309S,05F0439S,5,533,5
2024/04/08 07:55,05F0439S,05F0494S,31,193,31
2024/04/08 07:55,05F0439S,05F0494S,32,212,13
2024/04/08 07:55,05F0439S,05F0494S,41,0,0
2024/04/08 07:55,05F0439S,05F0494S,42,215,3
2024/04/08 07:55,05F0439S,05F0494S,5,216,1
2024/04/08 08:00,05F0000S,05F0055S,31,232,41
2024/04/08 08:00,05F0000S,05F0055S,32,240,15
2024/04/08 08:00,05F0000S,05F0055S,41,0,0
2024/04/08 08:00,05F0000S,05F0055S,42,0,0
2024/04/08 08:00,05F0000S,05F0055S,5,0,0
2024/04/08 08:00,05F0055S,05F0287S,31,962,68
2024/04/08 08:00,05F0055S,05F0287S,32,995,16
2024/04/08 08:00,05F0055S,05F0287S,41,986,2
2024/04/08 08:00,05F0055S,05F0287S,42,0,0
2024/04/08 08:00,05F0055S,05F0287S,5,0,0
2024/04/08 08:00,05F0287S,05F0309S,31,85,38
2024/04/08 08:00,05F0287S,05F0309S,32,86,15
2024/04/08 08:00,05F0287S,05F0309S,41,93,2
2024/04/08 08:00,05F0287S,05F0309S,42,0,0
2024/04/08 08:00,05F0287S,05F0309S,5,0,0
2024/04/08 08:00,05F0309S,05F0439S,31,466,45
2024/04/08 08:00,05F0309S,05F0439S,32,504,16
2024/04/08 08:00,05F0309S,05F0439S,41,0,0
2024/04/08 08:00,05F0309S,05F0439S,42,525,1
2024/04/08 08:00,05F0309S,05F0439S,5,544,2
2024/04/08 08:00,05F0439S,05F0494S,31,190,28
2024/04/08 08:00,05F0439S,05F0494S,32,200,12
2024/04/08 08:00,05F0439S,05F0494S,41,0,0
2024/04/08 08:00,05F0439S,05F0494S,42,214,1
2024/04/08 08:00,05F0439S,05F0494S,5,228,2
2024/04/08 08:05,05F0000S,05F0055S,31,245,38
2024/04/08 08:05,05F0000S,05F0055S,32,248,15
2024/04/08 08:05,05F0000S,05F0055S,41,265,2
2024/04/08 08:05,05F0000S,05F0055S,42,0,0
2024/04/08 08:05,05F0000S,05F0055S,5,0,0
2024/04/08 08:05,05F0055S,05F0287S,31,961,56
2024/04/08 08:05,05F0055S,05F0287S,32,981,20
2024/04/08 08:05,05F0055S,05F0287S,41,1007,5
2024/04/08 08:05,05F0055S,05F0287S,42,0,0
2024/04/08 08:05,05F0055S,05F0287S,5,0,0
2024/04/08 08:05,05F0287S,05F0309S,31,84,43
2024/04/08 08:05,05F0287S,05F0309S,32,94,13
2024/04/08 08:05,05F0287S,05F0309S,41,93,3
2024/04/08 08:05,05F0287S,05F0309S,42,0,0
2024/04/08 08:05,05F0287S,05F0309S,5,0,0
2024/04/08 08:05,05F0309S,05F0439S,31,457,37
2024/04/08 08:05,05F0309S,05F0439S,32,493,12
2024/04/08 08:05,05F0309S,05F0439S,41,532,1
2024/04/08 08:05,05F0309S,05F0439S,42,0,0
2024/04/08 08:05,05F0309S,05F0439S,5,539,8
2024/04/08 08:05,05F0439S,05F0494S,31,195,30
2024/04/08 08:05,05F0439S,05F0494S,32,216,13
2024/04/08 08:05,05F0439S,05F0494S,41,0,0
2024/04/08 08:05,05F0439S,05F0494S,42,0,0
2024/04/08 08:05,05F0439S,05F0494S,5,233,1
2024/04/08 08:10,05F0000S,05F0055S,31,249,45
2024/04/08 08:10,05F0000S,05F0055S,32,253,17
2024/04/08 08:10,05F0000S,05F0055S,41,265,3
2024/04/08 08:10,05F0000S,05F0055S,42,0,0
2024/04/08 08:10,05F0000S,05F0055S,5,0,0
2024/04/08 08:10,05F0055S,05F0287S,31,961,43
2024/04/08 08:10,05F0055S,05F0287S,32,974,30
2024/04/08 08:10,05F0055S,05F0287S,41,1022,2
2024/04/08 08:10,05F0055S,05F0287S,42,0,0
2024/04/08 08:10,05F0055S,05F0287S,5,0,0
2024/04/08 08:10,05F0287S,05F0309S,31,82,36
2024/04/08 08:10,05F0287S,05F0309S,32,84,23
2024/04/08 08:10,05F0287S,05F0309S,41,94,2
2024/04/08 08:10,05F0287S,05F0309S,42,0,0
2024/04/08 08:10,05F0287S,05F0309S,5,0,0
2024/04/08 08:10,05F0309S,05F0439S,31,472,18
2024/04/08 08:10,05F0309S,05F0439S,32,455,2
2024/04/08 08:10,05F0309S,05F0439S,41,526,1
2024/04/08 08:10,05F0309S,05F0439S,42,0,0
2024/04/08 08:10,05F0309S,05F0439S,5,501,2
2024/04/08 08:10,05F0439S,05F0494S,31,208,20
2024/04/08 08:10,05F0439S,05F0494S,32,199,8
2024/04/08 08:10,05F0439S,05F0494S,41,0,0
2024/04/08 08:10,05F0439S,05F0494S,42,243,1
2024/04/08 08:10,05F0439S,05F0494S,5,227,8
2024/04/08 08:15,05F0000S,05F0055S,31,248,49
2024/04/08 08:15,05F0000S,05F0055S,32,249,23
2024/04/08 08:15,05F0000S,05F0055S,41,244,5
2024/04/08 08:15,05F0000S,05F0055S,42,0,0
2024/04/08 08:15,05F0000S,05F0055S,5,0,0
2024/04/08 08:15,05F0055S,05F0287S,31,967,53
2024/04/08 08:15,05F0055S,05F0287S,32,980,25
2024/04/08 08:15,05F0055S,05F0287S,41,1011,3
2024/04/08 08:15,05F0055S,05F0287S,42,0,0
2024/04/08 08:15,05F0055S,05F0287S,5,0,0
2024/04/08 08:15,05F0287S,05F0309S,31,85,42
2024/04/08 08:15,05F0287S,05F0309S,32,88,18
2024/04/08 08:15,05F0287S,05F0309S,41,0,0
2024/04/08 08:15,05F0287S,05F0309S,42,0,0
2024/04/08 08:15,05F0287S,05F0309S,5,0,0
2024/04/08 08:15,05F0309S,05F0439S,31,477,31
2024/04/08 08:15,05F0309S,05F0439S,32,505,21
2024/04/08 08:15,05F0309S,05F0439S,41,528,4
2024/04/08 08:15,05F0309S,05F0439S,42,534,1
2024/04/08 08:15,05F0309S,05F0439S,5,547,2
2024/04/08 08:15,05F0439S,05F0494S,31,190,29
2024/04/08 08:15,05F0439S,05F0494S,32,192,3
2024/04/08 08:15,05F0439S,05F0494S,41,235,1
2024/04/08 08:15,05F0439S,05F0494S,42,242,1
2024/04/08 08:15,05F0439S,05F0494S,5,0,0
2024/04/08 08:20,05F0000S,05F0055S,31,238,52
2024/04/08 08:20,05F0000S,05F0055S,32,241,20
2024/04/08 08:20,05F0000S,05F0055S,41,227,3
2024/04/08 08:20,05F0000S,05F0055S,42,0,0
2024/04/08 08:20,05F0000S,05F0055S,5,0,0
2024/04/08 08:20,05F0055S,05F0287S,31,966,54
2024/04/08 08:20,05F0055S,05F0287S,32,979,17
2024/04/08 08:20,05F0055S,05F0287S,41,986,2
2024/04/08 08:20,05F0055S,05F0287S,42,0,0
2024/04/08 08:20,05F0055S,05F0287S,5,0,0
2024/04/08 08:20,05F0287S,05F0309S,31,84,36
2024/04/08 08:20,05F0287S,05F0309S,32,91,12
2024/04/08 08:20,05F0287S,05F0309S,41,95,1
2024/04/08 08:20,05F0287S,05F0309S,42,0,0
2024/04/08 08:20,05F0287S,05F0309S,5,0,0
2024/04/08 08:20,05F0309S,05F0439S,31,477,22
2024/04/08 08:20,05F0309S,05F0439S,32,481,14
2024/04/08 08:20,05F0309S,05F0439S,41,532,2
2024/04/08 08:20,05F0309S,05F0439S,42,521,1
2024/04/08 08:20,05F0309S,05F0439S,5,0,0
2024/04/08 08:20,05F0439S,05F0494S,31,203,28
2024/04/08 08:20,05F0439S,05F0494S,32,210,10
2024/04/08 08:20,05F0439S,05F0494S,41,0,0
2024/04/08 08:20,05F0439S,05F0494S,42,235,1
2024/04/08 08:20,05F0439S,05F0494S,5,241,1
2024/04/08 08:25,05F0000S,05F0055S,31,239,51
2024/04/08 08:25,05F0000S,05F0055S,32,250,18
2024/04/08 08:25,05F0000S,05F0055S,41,239,4
2024/04/08 08:25,05F0000S,05F0055S,42,0,0
2024/04/08 08:25,05F0000S,05F0055S,5,0,0
2024/04/08 08:25,05F0055S,05F0287S,31,963,51
2024/04/08 08:25,05F0055S,05F0287S,32,986,20
2024/04/08 08:25,05F0055S,05F0287S,41,985,1
2024/04/08 08:25,05F0055S,05F0287S,42,0,0
2024/04/08 08:25,05F0055S,05F0287S,5,0,0
2024/04/08 08:25,05F0287S,05F0309S,31,87,46
2024/04/08 08:25,05F0287S,05F0309S,32,83,18
2024/04/08 08:25,05F0287S,05F0309S,41,91,2
2024/04/08 08:25,05F0287S,05F0309S,42,0,0
2024/04/08 08:25,05F0287S,05F0309S,5,0,0
2024/04/08 08:25,05F0309S,05F0439S,31,488,37
2024/04/08 08:25,05F0309S,05F0439S,32,494,10
2024/04/08 08:25,05F0309S,05F0439S,41,0,0
2024/04/08 08:25,05F0309S,05F0439S,42,631,1
2024/04/08 08:25,05F0309S,05F0439S,5,511,4
2024/04/08 08:25,05F0439S,05F0494S,31,190,21
2024/04/08 08:25,05F0439S,05F0494S,32,209,4
2024/04/08 08:25,05F0439S,05F0494S,41,237,2
2024/04/08 08:25,05F0439S,05F0494S,42,0,0
2024/04/08 08:25,05F0439S,05F0494S,5,0,0
2024/04/08 08:30,05F0000S,05F0055S,31,258,41
2024/04/08 08:30,05F0000S,05F0055S,32,252,32
2024/04/08 08:30,05F0000S,05F0055S,41,252,4
2024/04/08 08:30,05F0000S,05F0055S,42,0,0
2024/04/08 08:30,05F0000S,05F0055S,5,0,0
2024/04/08 08:30,05F0055S,05F0287S,31,972,58
2024/04/08 08:30,05F0055S,05F0287S,32,981,18
2024/04/08 08:30,05F0055S,05F0287S,41,1034,3
2024/04/08 08:30,05F0055S,05F0287S,42,0,0
2024/04/08 08:30,05F0055S,05F0287S,5,0,0
2024/04/08 08:30,05F0287S,05F0309S,31,86,31
2024/04/08 08:30,05F0287S,05F0309S,32,87,14
2024/04/08 08:30,05F0287S,05F0309S,41,96,1
2024/04/08 08:30,05F0287S,05F0309S,42,0,0
2024/04/08 08:30,05F0287S,05F0309S,5,0,0
2024/04/08 08:30,05F0309S,05F0439S,31,475,24
2024/04/08 08:30,05F0309S,05F0439S,32,497,11
2024/04/08 08:30,05F0309S,05F0439S,41,522,2
2024/04/08 08:30,05F0309S,05F0439S,42,648,1
2024/04/08 08:30,05F0309S,05F0439S,5,530,4
2024/04/08 08:30,05F0439S,05F0494S,31,205,21
2024/04/08 08:30,05F0439S,05F0494S,32,204,8
2024/04/08 08:30,05F0439S,05F0494S,41,226,1
2024/04/08 08:30,05F0439S,05F0494S,42,233,1
2024/04/08 08:30,05F0439S,05F0494S,5,211,4
2024/04/08 08:35,05F0000S,05F0055S,31,248,51
2024/04/08 08:35,05F0000S,05F0055S,32,251,20
2024/04/08 08:35,05F0000S,05F0055S,41,260,7
2024/04/08 08:35,05F0000S,05F0055S,42,0,0
2024/04/08 08:35,05F0000S,05F0055S,5,0,0
2024/04/08 08:35,05F0055S,05F0287S,31,982,79
2024/04/08 08:35,05F0055S,05F0287S,32,992,26
2024/04/08 08:35,05F0055S,05F0287S,41,1007,7
2024/04/08 08:35,05F0055S,05F0287S,42,0,0
2024/04/08 08:35,05F0055S,05F0287S,5,0,0
2024/04/08 08:35,05F0287S,05F0309S,31,85,53
2024/04/08 08:35,05F0287S,05F0309S,32,85,23
2024/04/08 08:35,05F0287S,05F0309S,41,91,8
2024/04/08 08:35,05F0287S,05F0309S,42,0,0
2024/04/08 08:35,05F0287S,05F0309S,5,0,0
2024/04/08 08:35,05F0309S,05F0439S,31,479,26
2024/04/08 08:35,05F0309S,05F0439S,32,466,12
2024/04/08 08:35,05F0309S,05F0439S,41,526,7
2024/04/08 08:35,05F0309S,05F0439S,42,568,1
2024/04/08 08:35,05F0309S,05F0439S,5,553,7
2024/04/08 08:35,05F0439S,05F0494S,31,206,20
2024/04/08 08:35,05F0439S,05F0494S,32,236,7
2024/04/08 08:35,05F0439S,05F0494S,41,0,0
2024/04/08 08:35,05F0439S,05F0494S,42,233,2
2024/04/08 08:35,05F0439S,05F0494S,5,212,6
2024/04/08 08:40,05F0000S,05F0055S,31,241,39
2024/04/08 08:40,05F0000S,05F0055S,32,244,19
2024/04/08 08:40,05F0000S,05F0055S,41,246,6
2024/04/08 08:40,05F0000S,05F0055S,42,0,0
2024/04/08 08:40,05F0000S,05F0055S,5,0,0
2024/04/08 08:40,05F0055S,05F0287S,31,980,55
2024/04/08 08:40,05F0055S,05F0287S,32,990,19
2024/04/08 08:40,05F0055S,05F0287S,41,0,0
2024/04/08 08:40,05F0055S,05F0287S,42,0,0
2024/04/08 08:40,05F0055S,05F0287S,5,0,0
2024/04/08 08:40,05F0287S,05F0309S,31,82,41
2024/04/08 08:40,05F0287S,05F0309S,32,89,12
2024/04/08 08:40,05F0287S,05F0309S,41,0,0
2024/04/08 08:40,05F0287S,05F0309S,42,0,0
2024/04/08 08:40,05F0287S,05F0309S,5,0,0
2024/04/08 08:40,05F0309S,05F0439S,31,488,18
2024/04/08 08:40,05F0309S,05F0439S,32,495,13
2024/04/08 08:40,05F0309S,05F0439S,41,0,0
2024/04/08 08:40,05F0309S,05F0439S,42,565,2
2024/04/08 08:40,05F0309S,05F0439S,5,544,6
2024/04/08 08:40,05F0439S,05F0494S,31,206,17
2024/04/08 08:40,05F0439S,05F0494S,32,209,9
2024/04/08 08:40,05F0439S,05F0494S,41,213,6
2024/04/08 08:40,05F0439S,05F0494S,42,0,0
2024/04/08 08:40,05F0439S,05F0494S,5,229,5
2024/04/08 08:45,05F0000S,05F0055S,31,244,44
2024/04/08 08:45,05F0000S,05F0055S,32,248,21
2024/04/08 08:45,05F0000S,05F0055S,41,240,5
2024/04/08 08:45,05F0000S,05F0055S,42,0,0
2024/04/08 08:45,05F0000S,05F0055S,5,0,0
2024/04/08 08:45,05F0055S,05F0287S,31,999,48
2024/04/08 08:45,05F0055S,05F0287S,32,1008,31
2024/04/08 08:45,05F0055S,05F0287S,41,1030,6
2024/04/08 08:45,05F0055S,05F0287S,42,0,0
2024/04/08 08:45,05F0055S,05F0287S,5,0,0
2024/04/08 08:45,05F0287S,05F0309S,31,90,44
2024/04/08 08:45,05F0287S,05F0309S,32,94,26
2024/04/08 08:45,05F0287S,05F0309S,41,94,4
2024/04/08 08:45,05F0287S,05F0309S,42,0,0
2024/04/08 08:45,05F0287S,05F0309S,5,0,0
2024/04/08 08:45,05F0309S,05F0439S,31,495,53
2024/04/08 08:45,05F0309S,05F0439S,32,488,15
2024/04/08 08:45,05F0309S,05F0439S,41,557,6
2024/04/08 08:45,05F0309S,05F0439S,42,556,1
2024/04/08 08:45,05F0309S,05F0439S,5,561,1
2024/04/08 08:45,05F0439S,05F0494S,31,207,18
2024/04/08 08:45,05F0439S,05F0494S,32,216,4
2024/04/08 08:45,05F0439S,05F0494S,41,0,0
2024/04/08 08:45,05F0439S,05F0494S,42,0,0
2024/04/08 08:45,05F0439S,05F0494S,5,236,3
2024/04/08 08:50,05F0000S,05F0055S,31,235,39
2024/04/08 08:50,05F0000S,05F0055S,32,244,15
2024/04/08 08:50,05F0000S,05F0055S,41,236,7
2024/04/08 08:50,05F0000S,05F0055S,42,0,0
2024/04/08 08:50,05F0000S,05F0055S,5,0,0
2024/04/08 08:50,05F0055S,05F0287S,31,1007,69
2024/04/08 08:50,05F0055S,05F0287S,32,1032,26
2024/04/08 08:50,05F0055S,05F0287S,41,1061,3
2024/04/08 08:50,05F0055S,05F0287S,42,0,0
2024/04/08 08:50,05F0055S,05F0287S,5,0,0
2024/04/08 08:50,05F0287S,05F0309S,31,87,58
2024/04/08 08:50,05F0287S,05F0309S,32,93,24
2024/04/08 08:50,05F0287S,05F0309S,41,0,0
2024/04/08 08:50,05F0287S,05F0309S,42,0,0
2024/04/08 08:50,05F0287S,05F0309S,5,0,0
2024/04/08 08:50,05F0309S,05F0439S,31,485,32
2024/04/08 08:50,05F0309S,05F0439S,32,488,11
2024/04/08 08:50,05F0309S,05F0439S,41,0,0
2024/04/08 08:50,05F0309S,05F0439S,42,0,0
2024/04/08 08:50,05F0309S,05F0439S,5,536,1
2024/04/08 08:50,05F0439S,05F0494S,31,202,15
2024/04/08 08:50,05F0439S,05F0494S,32,212,12
2024/04/08 08:50,05F0439S,05F0494S,41,259,3
2024/04/08 08:50,05F0439S,05F0494S,42,226,1
2024/04/08 08:50,05F0439S,05F0494S,5,0,0
2024/04/08 08:55,05F0000S,05F0055S,31,238,41
2024/04/08 08:55,05F0000S,05F0055S,32,241,19
2024/04/08 08:55,05F0000S,05F0055S,41,253,6
2024/04/08 08:55,05F0000S,05F0055S,42,0,0
2024/04/08 08:55,05F0000S,05F0055S,5,0,0
2024/04/08 08:55,05F0055S,05F0287S,31,996,74
2024/04/08 08:55,05F0055S,05F0287S,32,1005,39
2024/04/08 08:55,05F0055S,05F0287S,41,1071,8
2024/04/08 08:55,05F0055S,05F0287S,42,0,0
2024/04/08 08:55,05F0055S,05F0287S,5,0,0
2024/04/08 08:55,05F0287S,05F0309S,31,85,51
2024/04/08 08:55,05F0287S,05F0309S,32,86,26
2024/04/08 08:55,05F0287S,05F0309S,41,90,2
2024/04/08 08:55,05F0287S,05F0309S,42,0,0
2024/04/08 08:55,05F0287S,05F0309S,5,0,0
2024/04/08 08:55,05F0309S,05F0439S,31,509,22
2024/04/08 08:55,05F0309S,05F0439S,32,499,14
2024/04/08 08:55,05F0309S,05F0439S,41,521,3
2024/04/08 08:55,05F0309S,05F0439S,42,582,3
2024/04/08 08:55,05F0309S,05F0439S,5,533,2
2024/04/08 08:55,05F0439S,05F0494S,31,195,9
2024/04/08 08:55,05F0439S,05F0494S,32,197,8
2024/04/08 08:55,05F0439S,05F0494S,41,234,2
2024/04/08 08:55,05F0439S,05F0494S,42,251,1
2024/04/08 08:55,05F0439S,05F0494S,5,0,0
2024/04/08 09:00,05F0000S,05F0055S,31,245,55
2024/04/08 09:00,05F0000S,05F0055S,32,259,19
2024/04/08 09:00,05F0000S,05F0055S,41,266,9
2024/04/08 09:00,05F0000S,05F0055S,42,0,0
2024/04/08 09:00,05F0000S,05F0055S,5,0,0
2024/04/08 09:00,05F0055S,05F0287S,31,959,42
2024/04/08 09:00,05F0055S,05F0287S,32,954,18
2024/04/08 09:00,05F0055S,05F0287S,41,985,8
2024/04/08 09:00,05F0055S,05F0287S,42,0,0
2024/04/08 09:00,05F0055S,05F0287S,5,0,0
2024/04/08 09:00,05F0287S,05F0309S,31,85,30
2024/04/08 09:00,05F0287S,05F0309S,32,87,15
2024/04/08 09:00,05F0287S,05F0309S,41,91,9
2024/04/08 09:00,05F0287S,05F0309S,42,0,0
2024/04/08 09:00,05F0287S,05F0309S,5,0,0
2024/04/08 09:00,05F0309S,05F0439S,31,490,41
2024/04/08 09:00,05F0309S,05F0439S,32,508,21
2024/04/08 09:00,05F0309S,05F0439S,41,0,0
2024/04/08 09:00,05F0309S,05F0439S,42,0,0
2024/04/08 09:00,05F0309S,05F0439S,5,588,3
2024/04/08 09:00,05F0439S,05F0494S,31,208,21
2024/04/08 09:00,05F0439S,05F0494S,32,214,9
2024/04/08 09:00,05F0439S,05F0494S,41,224,6
2024/04/08 09:00,05F0439S,05F0494S,42,233,2
2024/04/08 09:00,05F0439S,05F0494S,5,225,3
2024/04/08 09:05,05F0000S,05F0055S,31,246,46
2024/04/08 09:05,05F0000S,05F0055S,32,252,22
2024/04/08 09:05,05F0000S,05F0055S,41,237,4
2024/04/08 09:05,05F0000S,05F0055S,42,0,0
2024/04/08 09:05,05F0000S,05F0055S,5,0,0
2024/04/08 09:05,05F0055S,05F0287S,31,974,67
2024/04/08 09:05,05F0055S,05F0287S,32,971,27
2024/04/08 09:05,05F0055S,05F0287S,41,1003,6
2024/04/08 09:05,05F0055S,05F0287S,42,0,0
2024/04/08 09:05,05F0055S,05F0287S,5,0,0
2024/04/08 09:05,05F0287S,05F0309S,31,86,53
2024/04/08 09:05,05F0287S,05F0309S,32,86,20
2024/04/08 09:05,05F0287S,05F0309S,41,90,5
2024/04/08 09:05,05F0287S,05F0309S,42,0,0
2024/04/08 09:05,05F0287S,05F0309S,5,0,0
2024/04/08 09:05,05F0309S,05F0439S,31,489,33
2024/04/08 09:05,05F0309S,05F0439S,32,488,13
2024/04/08 09:05,05F0309S,05F0439S,41,537,1
2024/04/08 09:05,05F0309S,05F0439S,42,0,0
2024/04/08 09:05,05F0309S,05F0439S,5,523,4
2024/04/08 09:05,05F0439S,05F0494S,31,205,19
2024/04/08 09:05,05F0439S,05F0494S,32,213,11
2024/04/08 09:05,05F0439S,05F0494S,41,0,0
2024/04/08 09:05,05F0439S,05F0494S,42,0,0
2024/04/08 09:05,05F0439S,05F0494S,5,234,2
2024/04/08 09:10,05F0000S,05F0055S,31,240,42
2024/04/08 09:10,05F0000S,05F0055S,32,255,15
2024/04/08 09:10,05F0000S,05F0055S,41,243,5
2024/04/08 09:10,05F0000S,05F0055S,42,0,0
2024/04/08 09:10,05F0000S,05F0055S,5,0,0
2024/04/08 09:10,05F0055S,05F0287S,31,977,63
2024/04/08 09:10,05F0055S,05F0287S,32,989,32
2024/04/08 09:10,05F0055S,05F0287S,41,1032,7
2024/04/08 09:10,05F0055S,05F0287S,42,0,0
2024/04/08 09:10,05F0055S,05F0287S,5,0,0
2024/04/08 09:10,05F0287S,05F0309S,31,85,32
2024/04/08 09:10,05F0287S,05F0309S,32,88,16
2024/04/08 09:10,05F0287S,05F0309S,41,95,4
2024/04/08 09:10,05F0287S,05F0309S,42,84,1
2024/04/08 09:10,05F0287S,05F0309S,5,0,0
2024/04/08 09:10,05F0309S,05F0439S,31,499,24
2024/04/08 09:10,05F0309S,05F0439S,32,479,10
2024/04/08 09:10,05F0309S,05F0439S,41,522,5
2024/04/08 09:10,05F0309S,05F0439S,42,542,2
2024/04/08 09:10,05F0309S,05F0439S,5,527,2
2024/04/08 09:10,05F0439S,05F0494S,31,207,18
2024/04/08 09:10,05F0439S,05F0494S,32,204,10
2024/04/08 09:10,05F0439S,05F0494S,41,215,1
2024/04/08 09:10,05F0439S,05F0494S,42,219,1
2024/04/08 09:10,05F0439S,05F0494S,5,214,1
2024/04/08 09:15,05F0000S,05F0055S,31,242,51
2024/04/08 09:15,05F0000S,05F0055S,32,249,17
2024/04/08 09:15,05F0000S,05F0055S,41,238,9
2024/04/08 09:15,05F0000S,05F0055S,42,709,1
2024/04/08 09:15,05F0000S,05F0055S,5,0,0
2024/04/08 09:15,05F0055S,05F0287S,31,982,59
2024/04/08 09:15,05F0055S,05F0287S,32,1027,32
2024/04/08 09:15,05F0055S,05F0287S,41,1047,7
2024/04/08 09:15,05F0055S,05F0287S,42,0,0
2024/04/08 09:15,05F0055S,05F0287S,5,0,0
2024/04/08 09:15,05F0287S,05F0309S,31,85,53
2024/04/08 09:15,05F0287S,05F0309S,32,89,26
2024/04/08 09:15,05F0287S,05F0309S,41,93,4
2024/04/08 09:15,05F0287S,05F0309S,42,0,0
2024/04/08 09:15,05F0287S,05F0309S,5,0,0
2024/04/08 09:15,05F0309S,05F0439S,31,494,38
2024/04/08 09:15,05F0309S,05F0439S,32,499,12
2024/04/08 09:15,05F0309S,05F0439S,41,520,4
2024/04/08 09:15,05F0309S,05F0439S,42,552,2
2024/04/08 09:15,05F0309S,05F0439S,5,521,3
2024/04/08 09:15,05F0439S,05F0494S,31,203,14
2024/04/08 09:15,05F0439S,05F0494S,32,214,8
2024/04/08 09:15,05F0439S,05F0494S,41,0,0
2024/04/08 09:15,05F0439S,05F0494S,42,0,0
2024/04/08 09:15,05F0439S,05F0494S,5,205,1
2024/04/08 09:20,05F0000S,05F0055S,31,256,64
2024/04/08 09:20,05F0000S,05F0055S,32,250,23
2024/04/08 09:20,05F0000S,05F0055S,41,265,8
2024/04/08 09:20,05F0000S,05F0055S,42,0,0
2024/04/08 09:20,05F0000S,05F0055S,5,0,0
2024/04/08 09:20,05F0055S,05F0287S,31,1002,71
2024/04/08 09:20,05F0055S,05F0287S,32,1010,29
2024/04/08 09:20,05F0055S,05F0287S,41,1016,6
2024/04/08 09:20,05F0055S,05F0287S,42,0,0
2024/04/08 09:20,05F0055S,05F0287S,5,0,0
2024/04/08 09:20,05F0287S,05F0309S,31,88,51
2024/04/08 09:20,05F0287S,05F0309S,32,91,22
2024/04/08 09:20,05F0287S,05F0309S,41,94,9
2024/04/08 09:20,05F0287S,05F0309S,42,0,0
2024/04/08 09:20,05F0287S,05F0309S,5,0,0
2024/04/08 09:20,05F0309S,05F0439S,31,479,44
2024/04/08 09:20,05F0309S,05F0439S,32,486,26
2024/04/08 09:20,05F0309S,05F0439S,41,528,5
2024/04/08 09:20,05F0309S,05F0439S,42,522,2
2024/04/08 09:20,05F0309S,05F0439S,5,506,2
2024/04/08 09:20,05F0439S,05F0494S,31,202,15
2024/04/08 09:20,05F0439S,05F0494S,32,202,9
2024/04/08 09:20,05F0439S,05F0494S,41,0,0
2024/04/08 09:20,05F0439S,05F0494S,42,267,1
2024/04/08 09:20,05F0439S,05F0494S,5,225,3
2024/04/08 09:25,05F0000S,05F0055S,31,250,60
2024/04/08 09:25,05F0000S,05F0055S,32,259,30
2024/04/08 09:25,05F0000S,05F0055S,41,248,11
2024/04/08 09:25,05F0000S,05F0055S,42,0,0
2024/04/08 09:25,05F0000S,05F0055S,5,0,0
2024/04/08 09:25,05F0055S,05F0287S,31,1002,51
2024/04/08 09:25,05F0055S,05F0287S,32,1024,31
2024/04/08 09:25,05F0055S,05F0287S,41,1011,5
2024/04/08 09:25,05F0055S,05F0287S,42,0,0
2024/04/08 09:25,05F0055S,05F0287S,5,0,0
2024/04/08 09:25,05F0287S,05F0309S,31,86,40
2024/04/08 09:25,05F0287S,05F0309S,32,90,21
2024/04/08 09:25,05F0287S,05F0309S,41,89,4
2024/04/08 09:25,05F0287S,05F0309S,42,0,0
2024/04/08 09:25,05F0287S,05F0309S,5,0,0
2024/04/08 09:25,05F0309S,05F0439S,31,485,39
2024/04/08 09:25,05F0309S,05F0439S,32,506,16
2024/04/08 09:25,05F0309S,05F0439S,41,523,2
2024/04/08 09:25,05F0309S,05F0439S,42,0,0
2024/04/08 09:25,05F0309S,05F0439S,5,507,5
2024/04/08 09:25,05F0439S,05F0494S,31,200,18
2024/04/08 09:25,05F0439S,05F0494S,32,217,9
2024/04/08 09:25,05F0439S,05F0494S,41,0,0
2024/04/08 09:25,05F0439S,05F0494S,42,234,1
2024/04/08 09:25,05F0439S,05F0494S,5,232,3
2024/04/08 09:30,05F0000S,05F0055S,31,254,67
2024/04/08 09:30,05F0000S,05F0055S,32,258,34
2024/04/08 09:30,05F0000S,05F0055S,41,253,7
2024/04/08 09:30,05F0000S,05F0055S,42,0,0
2024/04/08 09:30,05F0000S,05F0055S,5,0,0
2024/04/08 09:30,05F0055S,05F0287S,31,994,77
2024/04/08 09:30,05F0055S,05F0287S,32,986,35
2024/04/08 09:30,05F0055S,05F0287S,41,1033,8
2024/04/08 09:30,05F0055S,05F0287S,42,0,0
2024/04/08 09:30,05F0055S,05F0287S,5,0,0
2024/04/08 09:30,05F0287S,05F0309S,31,86,46
2024/04/08 09:30,05F0287S,05F0309S,32,86,28
2024/04/08 09:30,05F0287S,05F0309S,41,91,4
2024/04/08 09:30,05F0287S,05F0309S,42,0,0
2024/04/08 09:30,05F0287S,05F0309S,5,0,0
2024/04/08 09:30,05F0309S,05F0439S,31,484,30
2024/04/08 09:30,05F0309S,05F0439S,32,486,13
2024/04/08 09:30,05F0309S,05F0439S,41,529,3
2024/04/08 09:30,05F0309S,05F0439S,42,0,0
2024/04/08 09:30,05F0309S,05F0439S,5,523,1
2024/04/08 09:30,05F0439S,05F0494S,31,215,19
2024/04/08 09:30,05F0439S,05F0494S,32,206,10
2024/04/08 09:30,05F0439S,05F0494S,41,0,0
2024/04/08 09:30,05F0439S,05F0494S,42,0,0
2024/04/08 09:30,05F0439S,05F0494S,5,210,2
2024/04/08 09:35,05F0000S,05F0055S,31,249,73
2024/04/08 09:35,05F0000S,05F0055S,32,258,32
2024/04/08 09:35,05F0000S,05F0055S,41,248,6
2024/04/08 09:35,05F0000S,05F0055S,42,0,0
2024/04/08 09:35,05F0000S,05F0055S,5,0,0
2024/04/08 09:35,05F0055S,05F0287S,31,1003,82
2024/04/08 09:35,05F0055S,05F0287S,32,994,28
2024/04/08 09:35,05F0055S,05F0287S,41,1055,9
2024/04/08 09:35,05F0055S,05F0287S,42,1177,1
2024/04/08 09:35,05F0055S,05F0287S,5,0,0
2024/04/08 09:35,05F0287S,05F0309S,31,86,63
2024/04/08 09:35,05F0287S,05F0309S,32,87,21
2024/04/08 09:35,05F0287S,05F0309S,41,93,7
2024/04/08 09:35,05F0287S,05F0309S,42,88,1
2024/04/08 09:35,05F0287S,05F0309S,5,0,0
2024/04/08 09:35,05F0309S,05F0439S,31,475,33
2024/04/08 09:35,05F0309S,05F0439S,32,491,20
2024/04/08 09:35,05F0309S,05F0439S,41,527,3
2024/04/08 09:35,05F0309S,05F0439S,42,512,1
2024/04/08 09:35,05F0309S,05F0439S,5,484,4
2024/04/08 09:35,05F0439S,05F0494S,31,200,17
2024/04/08 09:35,05F0439S,05F0494S,32,221,10
2024/04/08 09:35,05F0439S,05F0494S,41,0,0
2024/04/08 09:35,05F0439S,05F0494S,42,0,0
2024/04/08 09:35,05F0439S,05F0494S,5,213,3
2024/04/08 09:40,05F0000S,05F0055S,31,254,88
2024/04/08 09:40,05F0000S,05F0055S,32,251,38
2024/04/08 09:40,05F0000S,05F0055S,41,254,7
2024/04/08 09:40,05F0000S,05F0055S,42,0,0
2024/04/08 09:40,05F0000S,05F0055S,5,0,0
2024/04/08 09:40,05F0055S,05F0287S,31,1016,78
2024/04/08 09:40,05F0055S,05F0287S,32,1032,35
2024/04/08 09:40,05F0055S,05F0287S,41,1072,9
2024/04/08 09:40,05F0055S,05F0287S,42,0,0
2024/04/08 09:40,05F0055S,05F0287S,5,0,0
2024/04/08 09:40,05F0287S,05F0309S,31,86,61
2024/04/08 09:40,05F0287S,05F0309S,32,86,23
2024/04/08 09:40,05F0287S,05F0309S,41,91,7
2024/04/08 09:40,05F0287S,05F0309S,42,0,0
2024/04/08 09:40,05F0287S,05F0309S,5,0,0
2024/04/08 09:40,05F0309S,05F0439S,31,478,40
2024/04/08 09:40,05F0309S,05F0439S,32,483,24
2024/04/08 09:40,05F0309S,05F0439S,41,528,3
2024/04/08 09:40,05F0309S,05F0439S,42,0,0
2024/04/08 09:40,05F0309S,05F0439S,5,537,3
2024/04/08 09:40,05F0439S,05F0494S,31,201,13
2024/04/08 09:40,05F0439S,05F0494S,32,208,9
2024/04/08 09:40,05F0439S,05F0494S,41,224,1
2024/04/08 09:40,05F0439S,05F0494S,42,226,1
2024/04/08 09:40,05F0439S,05F0494S,5,209,3
2024/04/08 09:45,05F0000S,05F0055S,31,249,74
2024/04/08 09:45,05F0000S,05F0055S,32,248,33
2024/04/08 09:45,05F0000S,05F0055S,41,257,10
2024/04/08 09:45,05F0000S,05F0055S,42,263,1
2024/04/08 09:45,05F0000S,05F0055S,5,0,0
2024/04/08 09:45,05F0055S,05F0287S,31,1015,79
2024/04/08 09:45,05F0055S,05F0287S,32,1025,40
2024/04/08 09:45,05F0055S,05F0287S,41,1044,10
2024/04/08 09:45,05F0055S,05F0287S,42,0,0
2024/04/08 09:45,05F0055S,05F0287S,5,0,0
2024/04/08 09:45,05F0287S,05F0309S,31,89,63
2024/04/08 09:45,05F0287S,05F0309S,32,91,36
2024/04/08 09:45,05F0287S,05F0309S,41,95,10
2024/04/08 09:45,05F0287S,05F0309S,42,0,0
2024/04/08 09:45,05F0287S,05F0309S,5,0,0
2024/04/08 09:45,05F0309S,05F0439S,31,474,42
2024/04/08 09:45,05F0309S,05F0439S,32,491,17
2024/04/08 09:45,05F0309S,05F0439S,41,526,3
2024/04/08 09:45,05F0309S,05F0439S,42,517,2
2024/04/08 09:45,05F0309S,05F0439S,5,515,3
2024/04/08 09:45,05F0439S,05F0494S,31,199,19
2024/04/08 09:45,05F0439S,05F0494S,32,222,10
2024/04/08 09:45,05F0439S,05F0494S,41,0,0
2024/04/08 09:45,05F0439S,05F0494S,42,240,1
2024/04/08 09:45,05F0439S,05F0494S,5,0,0
2024/04/08 09:50,05F0000S,05F0055S,31,253,83
2024/04/08 09:50,05F0000S,05F0055S,32,252,46
2024/04/08 09:50,05F0000S,05F0055S,41,261,4
2024/04/08 09:50,05F0000S,05F0055S,42,0,0
2024/04/08 09:50,05F0000S,05F0055S,5,0,0
2024/04/08 09:50,05F0055S,05F0287S,31,1038,103
2024/04/08 09:50,05F0055S,05F0287S,32,1054,42
2024/04/08 09:50,05F0055S,05F0287S,41,1075,6
2024/04/08 09:50,05F0055S,05F0287S,42,0,0
2024/04/08 09:50,05F0055S,05F0287S,5,0,0
2024/04/08 09:50,05F0287S,05F0309S,31,88,73
2024/04/08 09:50,05F0287S,05F0309S,32,89,29
2024/04/08 09:50,05F0287S,05F0309S,41,95,3
2024/04/08 09:50,05F0287S,05F0309S,42,0,0
2024/04/08 09:50,05F0287S,05F0309S,5,0,0
2024/04/08 09:50,05F0309S,05F0439S,31,480,39
2024/04/08 09:50,05F0309S,05F0439S,32,478,18
2024/04/08 09:50,05F0309S,05F0439S,41,512,5
2024/04/08 09:50,05F0309S,05F0439S,42,553,1
2024/04/08 09:50,05F0309S,05F0439S,5,531,8
2024/04/08 09:50,05F0439S,05F0494S,31,204,28
2024/04/08 09:50,05F0439S,05F0494S,32,208,12
2024/04/08 09:50,05F0439S,05F0494S,41,994,1
2024/04/08 09:50,05F0439S,05F0494S,42,210,1
2024/04/08 09:50,05F0439S,05F0494S,5,210,2
2024/04/08 09:55,05F0000S,05F0055S,31,269,92
2024/04/08 09:55,05F0000S,05F0055S,32,269,39
2024/04/08 09:55,05F0000S,05F0055S,41,264,8
2024/04/08 09:55,05F0000S,05F0055S,42,0,0
2024/04/08 09:55,05F0000S,05F0055S,5,0,0
2024/04/08 09:55,05F0055S,05F0287S,31,1044,108
2024/04/08 09:55,05F0055S,05F0287S,32,1060,40
2024/04/08 09:55,05F0055S,05F0287S,41,1068,5
2024/04/08 09:55,05F0055S,05F0287S,42,0,0
2024/04/08 09:55,05F0055S,05F0287S,5,0,0
2024/04/08 09:55,05F0287S,05F0309S,31,86,73
2024/04/08 09:55,05F0287S,05F0309S,32,87,33
2024/04/08 09:55,05F0287S,05F0309S,41,94,6
2024/04/08 09:55,05F0287S,05F0309S,42,0,0
2024/04/08 09:55,05F0287S,05F0309S,5,0,0
2024/04/08 09:55,05F0309S,05F0439S,31,484,43
2024/04/08 09:55,05F0309S,05F0439S,32,512,22
2024/04/08 09:55,05F0309S,05F0439S,41,539,6
2024/04/08 09:55,05F0309S,05F0439S,42,578,2
2024/04/08 09:55,05F0309S,05F0439S,5,514,2
2024/04/08 09:55,05F0439S,05F0494S,31,204,19
2024/04/08 09:55,05F0439S,05F0494S,32,207,9
2024/04/08 09:55,05F0439S,05F0494S,41,221,2
2024/04/08 09:55,05F0439S,05F0494S,42,243,3
2024/04/08 09:55,05F0439S,05F0494S,5,231,3
2024/04/08 10:00,05F0000S,05F0055S,31,264,93
2024/04/08 10:00,05F0000S,05F0055S,32,265,43
2024/04/08 10:00,05F0000S,05F0055S,41,270,5
2024/04/08 10:00,05F0000S,05F0055S,42,0,0
2024/04/08 10:00,05F0000S,05F0055S,5,0,0
2024/04/08 10:00,05F0055S,05F0287S,31,1038,116
2024/04/08 10:00,05F0055S,05F0287S,32,1042,52
2024/04/08 10:00,05F0055S,05F0287S,41,1072,11
2024/04/08 10:00,05F0055S,05F0287S,42,1095,1
2024/04/08 10:00,05F0055S,05F0287S,5,0,0
2024/04/08 10:00,05F0287S,05F0309S,31,86,76
2024/04/08 10:00,05F0287S,05F0309S,32,90,40
2024/04/08 10:00,05F0287S,05F0309S,41,93,5
2024/04/08 10:00,05F0287S,05F0309S,42,79,1
2024/04/08 10:00,05F0287S,05F0309S,5,0,0
2024/04/08 10:00,05F0309S,05F0439S,31,484,54
2024/04/08 10:00,05F0309S,05F0439S,32,485,25
2024/04/08 10:00,05F0309S,05F0439S,41,513,9
2024/04/08 10:00,05F0309S,05F0439S,42,576,2
2024/04/08 10:00,05F0309S,05F0439S,5,532,3
2024/04/08 10:00,05F0439S,05F0494S,31,205,15
2024/04/08 10:00,05F0439S,05F0494S,32,211,10
2024/04/08 10:00,05F0439S,05F0494S,41,218,4
2024/04/08 10:00,05F0439S,05F0494S,42,235,1
2024/04/08 10:00,05F0439S,05F0494S,5,214,5
2024/04/08 10:05,05F0000S,05F0055S,31,253,81
2024/04/08 10:05,05F0000S,05F0055S,32,261,40
2024/04/08 10:05,05F0000S,05F0055S,41,278,3
2024/04/08 10:05,05F0000S,05F0055S,42,0,0
2024/04/08 10:05,05F0000S,05F0055S,5,0,0
2024/04/08 10:05,05F0055S,05F0287S,31,1058,86
2024/04/08 10:05,05F0055S,05F0287S,32,1063,45
2024/04/08 10:05,05F0055S,05F0287S,41,1094,6
2024/04/08 10:05,05F0055S,05F0287S,42,0,0
2024/04/08 10:05,05F0055S,05F0287S,5,0,0
2024/04/08 10:05,05F0287S,05F0309S,31,87,66
2024/04/08 10:05,05F0287S,05F0309S,32,90,30
2024/04/08 10:05,05F0287S,05F0309S,41,91,7
2024/04/08 10:05,05F0287S,05F0309S,42,100,1
2024/04/08 10:05,05F0287S,05F0309S,5,0,0
2024/04/08 10:05,05F0309S,05F0439S,31,479,41
2024/04/08 10:05,05F0309S,05F0439S,32,496,24
2024/04/08 10:05,05F0309S,05F0439S,41,549,3
2024/04/08 10:05,05F0309S,05F0439S,42,523,1
2024/04/08 10:05,05F0309S,05F0439S,5,527,6
2024/04/08 10:05,05F0439S,05F0494S,31,206,26
2024/04/08 10:05,05F0439S,05F0494S,32,206,18
2024/04/08 10:05,05F0439S,05F0494S,41,213,3
2024/04/08 10:05,05F0439S,05F0494S,42,0,0
2024/04/08 10:05,05F0439S,05F0494S,5,220,2
2024/04/08 10:10,05F0000S,05F0055S,31,262,101
2024/04/08 10:10,05F0000S,05F0055S,32,263,33
2024/04/08 10:10,05F0000S,05F0055S,41,261,3
2024/04/08 10:10,05F0000S,05F0055S,42,0,0
2024/04/08 10:10,05F0000S,05F0055S,5,0,0
2024/04/08 10:10,05F0055S,05F0287S,31,1076,110
2024/04/08 10:10,05F0055S,05F0287S,32,1074,58
2024/04/08 10:10,05F0055S,05F0287S,41,1118,4
2024/04/08 10:10,05F0055S,05F0287S,42,0,0
2024/04/08 10:10,05F0055S,05F0287S,5,0,0
2024/04/08 10:10,05F0287S,05F0309S,31,89,76
2024/04/08 10:10,05F0287S,05F0309S,32,88,48
2024/04/08 10:10,05F0287S,05F0309S,41,92,6
2024/04/08 10:10,05F0287S,05F0309S,42,0,0
2024/04/08 10:10,05F0287S,05F0309S,5,0,0
2024/04/08 10:10,05F0309S,05F0439S,31,489,54
2024/04/08 10:10,05F0309S,05F0439S,32,490,26
2024/04/08 10:10,05F0309S,05F0439S,41,520,7
2024/04/08 10:10,05F0309S,05F0439S,42,575,3
2024/04/08 10:10,05F0309S,05F0439S,5,540,4
2024/04/08 10:10,05F0439S,05F0494S,31,211,14
2024/04/08 10:10,05F0439S,05F0494S,32,213,16
2024/04/08 10:10,05F0439S,05F0494S,41,0,0
2024/04/08 10:10,05F0439S,05F0494S,42,245,1
2024/04/08 10:10,05F0439S,05F0494S,5,208,4
2024/04/08 10:15,05F0000S,05F0055S,31,272,94
2024/04/08 10:15,05F0000S,05F0055S,32,274,42
2024/04/08 10:15,05F0000S,05F0055S,41,268,9
2024/04/08 10:15,05F0000S,05F0055S,42,0,0
2024/04/08 10:15,05F0000S,05F0055S,5,0,0
2024/04/08 10:15,05F0055S,05F0287S,31,1058,124
2024/04/08 10:15,05F0055S,05F0287S,32,1053,56
2024/04/08 10:15,05F0055S,05F0287S,41,1071,8
2024/04/08 10:15,05F0055S,05F0287S,42,0,0
2024/04/08 10:15,05F0055S,05F0287S,5,0,0
2024/04/08 10:15,05F0287S,05F0309S,31,90,83
2024/04/08 10:15,05F0287S,05F0309S,32,92,41
2024/04/08 10:15,05F0287S,05F0309S,41,95,8
2024/04/08 10:15,05F0287S,05F0309S,42,0,0
2024/04/08 10:15,05F0287S,05F0309S,5,0,0
2024/04/08 10:15,05F0309S,05F0439S,31,484,38
2024/04/08 10:15,05F0309S,05F0439S,32,490,28
2024/04/08 10:15,05F0309S,05F0439S,41,534,3
2024/04/08 10:15,05F0309S,05F0439S,42,566,2
2024/04/08 10:15,05F0309S,05F0439S,5,500,6
2024/04/08 10:15,05F0439S,05F0494S,31,208,17
2024/04/08 10:15,05F0439S,05F0494S,32,209,8
2024/04/08 10:15,05F0439S,05F0494S,41,0,0
2024/04/08 10:15,05F0439S,05F0494S,42,0,0
2024/04/08 10:15,05F0439S,05F0494S,5,225,7
2024/04/08 10:20,05F0000S,05F0055S,31,266,97
2024/04/08 10:20,05F0000S,05F0055S,32,267,41
2024/04/08 10:20,05F0000S,05F0055S,41,273,3
2024/04/08 10:20,05F0000S,05F0055S,42,0,0
2024/04/08 10:20,05F0000S,05F0055S,5,0,0
2024/04/08 10:20,05F0055S,05F0287S,31,1039,104
2024/04/08 10:20,05F0055S,05F0287S,32,1054,44
2024/04/08 10:20,05F0055S,05F0287S,41,1069,6
2024/04/08 10:20,05F0055S,05F0287S,42,0,0
2024/04/08 10:20,05F0055S,05F0287S,5,0,0
2024/04/08 10:20,05F0287S,05F0309S,31,90,85
2024/04/08 10:20,05F0287S,05F0309S,32,95,36
2024/04/08 10:20,05F0287S,05F0309S,41,96,5
2024/04/08 10:20,05F0287S,05F0309S,42,0,0
2024/04/08 10:20,05F0287S,05F0309S,5,0,0
2024/04/08 10:20,05F0309S,05F0439S,31,483,54
2024/04/08 10:20,05F0309S,05F0439S,32,497,28
2024/04/08 10:20,05F0309S,05F0439S,41,504,1
2024/04/08 10:20,05F0309S,05F0439S,42,590,1
2024/04/08 10:20,05F0309S,05F0439S,5,540,2
2024/04/08 10:20,05F0439S,05F0494S,31,202,11
2024/04/08 10:20,05F0439S,05F0494S,32,208,10
2024/04/08 10:20,05F0439S,05F0494S,41,0,0
2024/04/08 10:20,05F0439S,05F0494S,42,0,0
2024/04/08 10:20,05F0439S,05F0494S,5,239,4
2024/04/08 10:25,05F0000S,05F0055S,31,266,98
2024/04/08 10:25,05F0000S,05F0055S,32,267,46
2024/04/08 10:25,05F0000S,05F0055S,41,282,4
2024/04/08 10:25,05F0000S,05F0055S,42,0,0
2024/04/08 10:25,05F0000S,05F0055S,5,0,0
2024/04/08 10:25,05F0055S,05F0287S,31,1022,112
2024/04/08 10:25,05F0055S,05F0287S,32,1028,47
2024/04/08 10:25,05F0055S,05F0287S,41,1068,7
2024/04/08 10:25,05F0055S,05F0287S,42,0,0
2024/04/08 10:25,05F0055S,05F0287S,5,0,0
2024/04/08 10:25,05F0287S,05F0309S,31,90,79
2024/04/08 10:25,05F0287S,05F0309S,32,91,43
2024/04/08 10:25,05F0287S,05F0309S,41,93,4
2024/04/08 10:25,05F0287S,05F0309S,42,0,0
2024/04/08 10:25,05F0287S,05F0309S,5,0,0
2024/04/08 10:25,05F0309S,05F0439S,31,485,52
2024/04/08 10:25,05F0309S,05F0439S,32,515,26
2024/04/08 10:25,05F0309S,05F0439S,41,522,3
2024/04/08 10:25,05F0309S,05F0439S,42,524,1
2024/04/08 10:25,05F0309S,05F0439S,5,533,3
2024/04/08 10:25,05F0439S,05F0494S,31,200,22
2024/04/08 10:25,05F0439S,05F0494S,32,216,18
2024/04/08 10:25,05F0439S,05F0494S,41,0,0
2024/04/08 10:25,05F0439S,05F0494S,42,0,0
2024/04/08 10:25,05F0439S,05F0494S,5,213,1
2024/04/08 10:30,05F0000S,05F0055S,31,261,116
2024/04/08 10:30,05F0000S,05F0055S,32,266,38
2024/04/08 10:30,05F0000S,05F0055S,41,264,6
2024/04/08 10:30,05F0000S,05F0055S,42,0,0
2024/04/08 10:30,05F0000S,05F0055S,5,0,0
2024/04/08 10:30,05F0055S,05F0287S,31,1057,94
2024/04/08 10:30,05F0055S,05F0287S,32,1073,43
2024/04/08 10:30,05F0055S,05F0287S,41,1081,2
2024/04/08 10:30,05F0055S,05F0287S,42,0,0
2024/04/08 10:30,05F0055S,05F0287S,5,0,0
2024/04/08 10:30,05F0287S,05F0309S,31,88,61
2024/04/08 10:30,05F0287S,05F0309S,32,89,25
2024/04/08 10:30,05F0287S,05F0309S,41,98,2
2024/04/08 10:30,05F0287S,05F0309S,42,0,0
2024/04/08 10:30,05F0287S,05F0309S,5,0,0
2024/04/08 10:30,05F0309S,05F0439S,31,500,54
2024/04/08 10:30,05F0309S,05F0439S,32,512,34
2024/04/08 10:30,05F0309S,05F0439S,41,562,5
2024/04/08 10:30,05F0309S,05F0439S,42,0,0
2024/04/08 10:30,05F0309S,05F0439S,5,518,4
2024/04/08 10:30,05F0439S,05F0494S,31,201,18
2024/04/08 10:30,05F0439S,05F0494S,32,221,11
2024/04/08 10:30,05F0439S,05F0494S,41,0,0
2024/04/08 10:30,05F0439S,05F0494S,42,0,0
2024/04/08 10:30,05F0439S,05F0494S,5,241,1
2024/04/08 10:35,05F0000S,05F0055S,31,259,111
2024/04/08 10:35,05F0000S,05F0055S,32,258,36
2024/04/08 10:35,05F0000S,05F0055S,41,259,4
2024/04/08 10:35,05F0000S,05F0055S,42,0,0
2024/04/08 10:35,05F0000S,05F0055S,5,0,0
2024/04/08 10:35,05F0055S,05F0287S,31,1083,121
2024/04/08 10:35,05F0055S,05F0287S,32,1096,51
2024/04/08 10:35,05F0055S,05F0287S,41,1162,9
2024/04/08 10:35,05F0055S,05F0287S,42,0,0
2024/04/08 10:35,05F0055S,05F0287S,5,0,0
2024/04/08 10:35,05F0287S,05F0309S,31,90,75
2024/04/08 10:35,05F0287S,05F0309S,32,92,40
2024/04/08 10:35,05F0287S,05F0309S,41,96,9
2024/04/08 10:35,05F0287S,05F0309S,42,0,0
2024/04/08 10:35,05F0287S,05F0309S,5,0,0
2024/04/08 10:35,05F0309S,05F0439S,31,471,68
2024/04/08 10:35,05F0309S,05F0439S,32,490,22
2024/04/08 10:35,05F0309S,05F0439S,41,516,2
2024/04/08 10:35,05F0309S,05F0439S,42,0,0
2024/04/08 10:35,05F0309S,05F0439S,5,529,3
2024/04/08 10:35,05F0439S,05F0494S,31,203,31
2024/04/08 10:35,05F0439S,05F0494S,32,210,13
2024/04/08 10:35,05F0439S,05F0494S,41,0,0
2024/04/08 10:35,05F0439S,05F0494S,42,1713,1
2024/04/08 10:35,05F0439S,05F0494S,5,222,3
2024/04/08 10:40,05F0000S,05F0055S,31,256,95
2024/04/08 10:40,05F0000S,05F0055S,32,257,35
2024/04/08 10:40,05F0000S,05F0055S,41,258,8
2024/04/08 10:40,05F0000S,05F0055S,42,622,1
2024/04/08 10:40,05F0000S,05F0055S,5,0,0
2024/04/08 10:40,05F0055S,05F0287S,31,1062,104
2024/04/08 10:40,05F0055S,05F0287S,32,1068,55
2024/04/08 10:40,05F0055S,05F0287S,41,1070,6
2024/04/08 10:40,05F0055S,05F0287S,42,0,0
2024/04/08 10:40,05F0055S,05F0287S,5,0,0
2024/04/08 10:40,05F0287S,05F0309S,31,92,72
2024/04/08 10:40,05F0287S,05F0309S,32,92,44
2024/04/08 10:40,05F0287S,05F0309S,41,100,3
2024/04/08 10:40,05F0287S,05F0309S,42,0,0
2024/04/08 10:40,05F0287S,05F0309S,5,0,0
2024/04/08 10:40,05F0309S,05F0439S,31,486,44
2024/04/08 10:40,05F0309S,05F0439S,32,502,19
2024/04/08 10:40,05F0309S,05F0439S,41,545,2
2024/04/08 10:40,05F0309S,05F0439S,42,0,0
2024/04/08 10:40,05F0309S,05F0439S,5,513,6
2024/04/08 10:40,05F0439S,05F0494S,31,202,19
2024/04/08 10:40,05F0439S,05F0494S,32,210,10
2024/04/08 10:40,05F0439S,05F0494S,41,0,0
2024/04/08 10:40,05F0439S,05F0494S,42,0,0
2024/04/08 10:40,05F0439S,05F0494S,5,210,3
2024/04/08 10:45,05F0000S,05F0055S,31,260,123
2024/04/08 10:45,05F0000S,05F0055S,32,263,33
2024/04/08 10:45,05F0000S,05F0055S,41,268,5
2024/04/08 10:45,05F0000S,05F0055S,42,0,0
2024/04/08 10:45,05F0000S,05F0055S,5,0,0
2024/04/08 10:45,05F0055S,05F0287S,31,1101,119
2024/04/08 10:45,05F0055S,05F0287S,32,1098,43
2024/04/08 10:45,05F0055S,05F0287S,41,1112,2
2024/04/08 10:45,05F0055S,05F0287S,42,0,0
2024/04/08 10:45,05F0055S,05F0287S,5,0,0
2024/04/08 10:45,05F0287S,05F0309S,31,88,77
2024/04/08 10:45,05F0287S,05F0309S,32,91,35
2024/04/08 10:45,05F0287S,05F0309S,41,98,2
2024/04/08 10:45,05F0287S,05F0309S,42,0,0
2024/04/08 10:45,05F0287S,05F0309S,5,0,0
2024/04/08 10:45,05F0309S,05F0439S,31,499,51
2024/04/08 10:45,05F0309S,05F0439S,32,506,27
2024/04/08 10:45,05F0309S,05F0439S,41,515,4
2024/04/08 10:45,05F0309S,05F0439S,42,516,1
2024/04/08 10:45,05F0309S,05F0439S,5,532,6
2024/04/08 10:45,05F0439S,05F0494S,31,206,24
2024/04/08 10:45,05F0439S,05F0494S,32,216,10
2024/04/08 10:45,05F0439S,05F0494S,41,0,0
2024/04/08 10:45,05F0439S,05F0494S,42,215,1
2024/04/08 10:45,05F0439S,05F0494S,5,225,2
2024/04/08 10:50,05F0000S,05F0055S,31,249,89
2024/04/08 10:50,05F0000S,05F0055S,32,252,46
2024/04/08 10:50,05F0000S,05F0055S,41,248,3
2024/04/08 10:50,05F0000S,05F0055S,42,0,0
2024/04/08 10:50,05F0000S,05F0055S,5,0,0
2024/04/08 10:50,05F0055S,05F0287S,31,1105,142
2024/04/08 10:50,05F0055S,05F0287S,32,1114,51
2024/04/08 10:50,05F0055S,05F0287S,41,1131,8
2024/04/08 10:50,05F0055S,05F0287S,42,0,0
2024/04/08 10:50,05F0055S,05F0287S,5,0,0
2024/04/08 10:50,05F0287S,05F0309S,31,91,92
2024/04/08 10:50,05F0287S,05F0309S,32,89,34
2024/04/08 10:50,05F0287S,05F0309S,41,94,4
2024/04/08 10:50,05F0287S,05F0309S,42,0,0
2024/04/08 10:50,05F0287S,05F0309S,5,0,0
2024/04/08 10:50,05F0309S,05F0439S,31,495,45
2024/04/08 10:50,05F0309S,05F0439S,32,502,31
2024/04/08 10:50,05F0309S,05F0439S,41,532,1
2024/04/08 10:50,05F0309S,05F0439S,42,0,0
2024/04/08 10:50,05F0309S,05F0439S,5,506,3
2024/04/08 10:50,05F0439S,05F0494S,31,208,14
2024/04/08 10:50,05F0439S,05F0494S,32,213,10
2024/04/08 10:50,05F0439S,05F0494S,41,0,0
2024/04/08 10:50,05F0439S,05F0494S,42,0,0
2024/04/08 10:50,05F0439S,05F0494S,5,219,7
2024/04/08 10:55,05F0000S,05F0055S,31,270,103
2024/04/08 10:55,05F0000S,05F0055S,32,271,51
2024/04/08 10:55,05F0000S,05F0055S,41,267,4
2024/04/08 10:55,05F0000S,05F0055S,42,0,0
2024/04/08 10:55,05F0000S,05F0055S,5,0,0
2024/04/08 10:55,05F0055S,05F0287S,31,1070,134
2024/04/08 10:55,05F0055S,05F0287S,32,1075,50
2024/04/08 10:55,05F0055S,05F0287S,41,1110,7
2024/04/08 10:55,05F0055S,05F0287S,42,0,0
2024/04/08 10:55,05F0055S,05F0287S,5,0,0
2024/04/08 10:55,05F0287S,05F0309S,31,88,99
2024/04/08 10:55,05F0287S,05F0309S,32,87,35
2024/04/08 10:55,05F0287S,05F0309S,41,96,2
2024/04/08 10:55,05F0287S,05F0309S,42,0,0
2024/04/08 10:55,05F0287S,05F0309S,5,0,0
2024/04/08 10:55,05F0309S,05F0439S,31,484,59
2024/04/08 10:55,05F0309S,05F0439S,32,491,22
2024/04/08 10:55,05F0309S,05F0439S,41,1151,2
2024/04/08 10:55,05F0309S,05F0439S,42,555,1
2024/04/08 10:55,05F0309S,05F0439S,5,522,4
2024/04/08 10:55,05F0439S,05F0494S,31,215,16
2024/04/08 10:55,05F0439S,05F0494S,32,216,11
2024/04/08 10:55,05F0439S,05F0494S,41,0,0
2024/04/08 10:55,05F0439S,05F0494S,42,227,1
2024/04/08 10:55,05F0439S,05F0494S,5,217,2
2024/04/08 11:00,05F0000S,05F0055S,31,256,114
2024/04/08 11:00,05F0000S,05F0055S,32,258,25
2024/04/08 11:00,05F0000S,05F0055S,41,286,7
2024/04/08 11:00,05F0000S,05F0055S,42,0,0
2024/04/08 11:00,05F0000S,05F0055S,5,0,0
2024/04/08 11:00,05F0055S,05F0287S,31,1020,113
2024/04/08 11:00,05F0055S,05F0287S,32,1038,35
2024/04/08 11:00,05F0055S,05F0287S,41,1080,5
2024/04/08 11:00,05F0055S,05F0287S,42,1237,1
2024/04/08 11:00,05F0055S,05F0287S,5,0,0
2024/04/08 11:00,05F0287S,05F0309S,31,87,94
2024/04/08 11:00,05F0287S,05F0309S,32,93,32
2024/04/08 11:00,05F0287S,05F0309S,41,95,7
2024/04/08 11:00,05F0287S,05F0309S,42,0,0
2024/04/08 11:00,05F0287S,05F0309S,5,0,0
2024/04/08 11:00,05F0309S,05F0439S,31,495,62
2024/04/08 11:00,05F0309S,05F0439S,32,502,21
2024/04/08 11:00,05F0309S,05F0439S,41,528,3
2024/04/08 11:00,05F0309S,05F0439S,42,547,1
2024/04/08 11:00,05F0309S,05F0439S,5,0,0
2024/04/08 11:00,05F0439S,05F0494S,31,213,32
2024/04/08 11:00,05F0439S,05F0494S,32,221,15
2024/04/08 11:00,05F0439S,05F0494S,41,262,1
2024/04/08 11:00,05F0439S,05F0494S,42,0,0
2024/04/08 11:00,05F0439S,05F0494S,5,215,4
2024/04/08 11:05,05F0000S,05F0055S,31,259,93
2024/04/08 11:05,05F0000S,05F0055S,32,256,52
2024/04/08 11:05,05F0000S,05F0055S,41,257,6
2024/04/08 11:05,05F0000S,05F0055S,42,0,0
2024/04/08 11:05,05F0000S,05F0055S,5,0,0
2024/04/08 11:05,05F0055S,05F0287S,31,1030,120
2024/04/08 11:05,05F0055S,05F0287S,32,1030,42
2024/04/08 11:05,05F0055S,05F0287S,41,1049,5
2024/04/08 11:05,05F0055S,05F0287S,42,0,0
2024/04/08 11:05,05F0055S,05F0287S,5,0,0
2024/04/08 11:05,05F0287S,05F0309S,31,88,76
2024/04/08 11:05,05F0287S,05F0309S,32,90,36
2024/04/08 11:05,05F0287S,05F0309S,41,92,5
2024/04/08 11:05,05F0287S,05F0309S,42,0,0
2024/04/08 11:05,05F0287S,05F0309S,5,0,0
2024/04/08 11:05,05F0309S,05F0439S,31,499,59
2024/04/08 11:05,05F0309S,05F0439S,32,495,19
2024/04/08 11:05,05F0309S,05F0439S,41,532,2
2024/04/08 11:05,05F0309S,05F0439S,42,0,0
2024/04/08 11:05,05F0309S,05F0439S,5,523,1
2024/04/08 11:05,05F0439S,05F0494S,31,210,32
2024/04/08 11:05,05F0439S,05F0494S,32,209,11
2024/04/08 11:05,05F0439S,05F0494S,41,0,0
2024/04/08 11:05,05F0439S,05F0494S,42,222,1
2024/04/08 11:05,05F0439S,05F0494S,5,208,1
2024/04/08 11:10,05F0000S,05F0055S,31,250,104
2024/04/08 11:10,05F0000S,05F0055S,32,254,41
2024/04/08 11:10,05F0000S,05F0055S,41,249,5
2024/04/08 11:10,05F0000S,05F0055S,42,0,0
2024/04/08 11:10,05F0000S,05F0055S,5,0,0
2024/04/08 11:10,05F0055S,05F0287S,31,1026,98
2024/04/08 11:10,05F0055S,05F0287S,32,1027,47
2024/04/08 11:10,05F0055S,05F0287S,41,1037,4
2024/04/08 11:10,05F0055S,05F0287S,42,0,0
2024/04/08 11:10,05F0055S,05F0287S,5,0,0
2024/04/08 11:10,05F0287S,05F0309S,31,86,60
2024/04/08 11:10,05F0287S,05F0309S,32,88,34
2024/04/08 11:10,05F0287S,05F0309S,41,91,4
2024/04/08 11:10,05F0287S,05F0309S,42,0,0
2024/04/08 11:10,05F0287S,05F0309S,5,0,0
2024/04/08 11:10,05F0309S,05F0439S,31,478,49
2024/04/08 11:10,05F0309S,05F0439S,32,498,22
2024/04/08 11:10,05F0309S,05F0439S,41,541,2
2024/04/08 11:10,05F0309S,05F0439S,42,555,3
2024/04/08 11:10,05F0309S,05F0439S,5,528,8
2024/04/08 11:10,05F0439S,05F0494S,31,206,29
2024/04/08 11:10,05F0439S,05F0494S,32,209,10
2024/04/08 11:10,05F0439S,05F0494S,41,0,0
2024/04/08 11:10,05F0439S,05F0494S,42,0,0
2024/04/08 11:10,05F0439S,05F0494S,5,223,6
2024/04/08 11:15,05F0000S,05F0055S,31,257,90
2024/04/08 11:15,05F0000S,05F0055S,32,255,33
2024/04/08 11:15,05F0000S,05F0055S,41,253,7
2024/04/08 11:15,05F0000S,05F0055S,42,0,0
2024/04/08 11:15,05F0000S,05F0055S,5,0,0
2024/04/08 11:15,05F0055S,05F0287S,31,1052,120
2024/04/08 11:15,05F0055S,05F0287S,32,1053,41
2024/04/08 11:15,05F0055S,05F0287S,41,1113,4
2024/04/08 11:15,05F0055S,05F0287S,42,0,0
2024/04/08 11:15,05F0055S,05F0287S,5,0,0
2024/04/08 11:15,05F0287S,05F0309S,31,87,81
2024/04/08 11:15,05F0287S,05F0309S,32,90,27
2024/04/08 11:15,05F0287S,05F0309S,41,91,1
2024/04/08 11:15,05F0287S,05F0309S,42,0,0
2024/04/08 11:15,05F0287S,05F0309S,5,0,0
2024/04/08 11:15,05F0309S,05F0439S,31,473,39
2024/04/08 11:15,05F0309S,05F0439S,32,472,23
2024/04/08 11:15,05F0309S,05F0439S,41,527,5
2024/04/08 11:15,05F0309S,05F0439S,42,533,1
2024/04/08 11:15,05F0309S,05F0439S,5,508,5
2024/04/08 11:15,05F0439S,05F0494S,31,205,22
2024/04/08 11:15,05F0439S,05F0494S,32,212,7
2024/04/08 11:15,05F0439S,05F0494S,41,224,1
2024/04/08 11:15,05F0439S,05F0494S,42,234,3
2024/04/08 11:15,05F0439S,05F0494S,5,223,3
2024/04/08 11:20,05F0000S,05F0055S,31,261,99
2024/04/08 11:20,05F0000S,05F0055S,32,260,32
2024/04/08 11:20,05F0000S,05F0055S,41,260,5
2024/04/08 11:20,05F0000S,05F0055S,42,0,0
2024/04/08 11:20,05F0000S,05F0055S,5,0,0
2024/04/08 11:20,05F0055S,05F0287S,31,1041,101
2024/04/08 11:20,05F0055S,05F0287S,32,1040,41
2024/04/08 11:20,05F0055S,05F0287S,41,1091,8
2024/04/08 11:20,05F0055S,05F0287S,42,0,0
2024/04/08 11:20,05F0055S,05F0287S,5,0,0
2024/04/08 11:20,05F0287S,05F0309S,31,88,82
2024/04/08 11:20,05F0287S,05F0309S,32,88,31
2024/04/08 11:20,05F0287S,05F0309S,41,96,4
2024/04/08 11:20,05F0287S,05F0309S,42,0,0
2024/04/08 11:20,05F0287S,05F0309S,5,0,0
2024/04/08 11:20,05F0309S,05F0439S,31,474,49
2024/04/08 11:20,05F0309S,05F0439S,32,486,17
2024/04/08 11:20,05F0309S,05F0439S,41,518,1
2024/04/08 11:20,05F0309S,05F0439S,42,549,3
2024/04/08 11:20,05F0309S,05F0439S,5,512,7
2024/04/08 11:20,05F0439S,05F0494S,31,195,15
2024/04/08 11:20,05F0439S,05F0494S,32,211,6
2024/04/08 11:20,05F0439S,05F0494S,41,0,0
2024/04/08 11:20,05F0439S,05F0494S,42,0,0
2024/04/08 11:20,05F0439S,05F0494S,5,212,5
2024/04/08 11:25,05F0000S,05F0055S,31,260,116
2024/04/08 11:25,05F0000S,05F0055S,32,259,43
2024/04/08 11:25,05F0000S,05F0055S,41,254,5
2024/04/08 11:25,05F0000S,05F0055S,42,0,0
2024/04/08 11:25,05F0000S,05F0055S,5,0,0
2024/04/08 11:25,05F0055S,05F0287S,31,1043,124
2024/04/08 11:25,05F0055S,05F0287S,32,1046,52
2024/04/08 11:25,05F0055S,05F0287S,41,1096,5
2024/04/08 11:25,05F0055S,05F0287S,42,0,0
2024/04/08 11:25,05F0055S,05F0287S,5,0,0
2024/04/08 11:25,05F0287S,05F0309S,31,88,65
2024/04/08 11:25,05F0287S,05F0309S,32,87,40
2024/04/08 11:25,05F0287S,05F0309S,41,92,5
2024/04/08 11:25,05F0287S,05F0309S,42,0,0
2024/04/08 11:25,05F0287S,05F0309S,5,0,0
2024/04/08 11:25,05F0309S,05F0439S,31,484,49
2024/04/08 11:25,05F0309S,05F0439S,32,483,14
2024/04/08 11:25,05F0309S,05F0439S,41,498,1
2024/04/08 11:25,05F0309S,05F0439S,42,561,2
2024/04/08 11:25,05F0309S,05F0439S,5,539,4
2024/04/08 11:25,05F0439S,05F0494S,31,196,17
2024/04/08 11:25,05F0439S,05F0494S,32,209,6
2024/04/08 11:25,05F0439S,05F0494S,41,0,0
2024/04/08 11:25,05F0439S,05F0494S,42,0,0
2024/04/08 11:25,05F0439S,05F0494S,5,211,3
2024/04/08 11:30,05F0000S,05F0055S,31,249,84
2024/04/08 11:30,05F0000S,05F0055S,32,248,39
2024/04/08 11:30,05F0000S,05F0055S,41,253,2
2024/04/08 11:30,05F0000S,05F0055S,42,0,0
2024/04/08 11:30,05F0000S,05F0055S,5,0,0
2024/04/08 11:30,05F0055S,05F0287S,31,1014,107
2024/04/08 11:30,05F0055S,05F0287S,32,1012,37
2024/04/08 11:30,05F0055S,05F0287S,41,1035,5
2024/04/08 11:30,05F0055S,05F0287S,42,0,0
2024/04/08 11:30,05F0055S,05F0287S,5,0,0
2024/04/08 11:30,05F0287S,05F0309S,31,85,85
2024/04/08 11:30,05F0287S,05F0309S,32,88,21
2024/04/08 11:30,05F0287S,05F0309S,41,90,6
2024/04/08 11:30,05F0287S,05F0309S,42,0,0
2024/04/08 11:30,05F0287S,05F0309S,5,0,0
2024/04/08 11:30,05F0309S,05F0439S,31,502,41
2024/04/08 11:30,05F0309S,05F0439S,32,481,26
2024/04/08 11:30,05F0309S,05F0439S,41,541,2
2024/04/08 11:30,05F0309S,05F0439S,42,0,0
2024/04/08 11:30,05F0309S,05F0439S,5,0,0
2024/04/08 11:30,05F0439S,05F0494S,31,209,21
2024/04/08 11:30,05F0439S,05F0494S,32,201,7
2024/04/08 11:30,05F0439S,05F0494S,41,0,0
2024/04/08 11:30,05F0439S,05F0494S,42,237,1
2024/04/08 11:30,05F0439S,05F0494S,5,227,4
2024/04/08 11:35,05F0000S,05F0055S,31,249,76
2024/04/08 11:35,05F0000S,05F0055S,32,254,39
2024/04/08 11:35,05F0000S,05F0055S,41,273,4
2024/04/08 11:35,05F0000S,05F0055S,42,0,0
2024/04/08 11:35,05F0000S,05F0055S,5,0,0
2024/04/08 11:35,05F0055S,05F0287S,31,1012,95
2024/04/08 11:35,05F0055S,05F0287S,32,1020,32
2024/04/08 11:35,05F0055S,05F0287S,41,1036,9
2024/04/08 11:35,05F0055S,05F0287S,42,0,0
2024/04/08 11:35,05F0055S,05F0287S,5,0,0
2024/04/08 11:35,05F0287S,05F0309S,31,87,67
2024/04/08 11:35,05F0287S,05F0309S,32,88,23
2024/04/08 11:35,05F0287S,05F0309S,41,101,5
2024/04/08 11:35,05F0287S,05F0309S,42,0,0
2024/04/08 11:35,05F0287S,05F0309S,5,0,0
2024/04/08 11:35,05F0309S,05F0439S,31,480,54
2024/04/08 11:35,05F0309S,05F0439S,32,494,25
2024/04/08 11:35,05F0309S,05F0439S,41,527,2
2024/04/08 11:35,05F0309S,05F0439S,42,524,2
2024/04/08 11:35,05F0309S,05F0439S,5,540,3
2024/04/08 11:35,05F0439S,05F0494S,31,192,17
2024/04/08 11:35,05F0439S,05F0494S,32,201,16
2024/04/08 11:35,05F0439S,05F0494S,41,0,0
2024/04/08 11:35,05F0439S,05F0494S,42,0,0
2024/04/08 11:35,05F0439S,05F0494S,5,216,2
2024/04/08 11:40,05F0000S,05F0055S,31,252,94
2024/04/08 11:40,05F0000S,05F0055S,32,253,30
2024/04/08 11:40,05F0000S,05F0055S,41,261,8
2024/04/08 11:40,05F0000S,05F0055S,42,1754,1
2024/04/08 11:40,05F0000S,05F0055S,5,0,0
2024/04/08 11:40,05F0055S,05F0287S,31,1056,69
2024/04/08 11:40,05F0055S,05F0287S,32,1031,25
2024/04/08 11:40,05F0055S,05F0287S,41,1116,2
2024/04/08 11:40,05F0055S,05F0287S,42,0,0
2024/04/08 11:40,05F0055S,05F0287S,5,0,0
2024/04/08 11:40,05F0287S,05F0309S,31,87,53
2024/04/08 11:40,05F0287S,05F0309S,32,87,21
2024/04/08 11:40,05F0287S,05F0309S,41,91,2
2024/04/08 11:40,05F0287S,05F0309S,42,0,0
2024/04/08 11:40,05F0287S,05F0309S,5,0,0
2024/04/08 11:40,05F0309S,05F0439S,31,475,45
2024/04/08 11:40,05F0309S,05F0439S,32,507,13
2024/04/08 11:40,05F0309S,05F0439S,41,491,4
2024/04/08 11:40,05F0309S,05F0439S,42,521,1
2024/04/08 11:40,05F0309S,05F0439S,5,518,7
2024/04/08 11:40,05F0439S,05F0494S,31,210,16
2024/04/08 11:40,05F0439S,05F0494S,32,213,16
2024/04/08 11:40,05F0439S,05F0494S,41,0,0
2024/04/08 11:40,05F0439S,05F0494S,42,218,1
2024/04/08 11:40,05F0439S,05F0494S,5,215,3
2024/04/08 11:45,05F0000S,05F0055S,31,253,88
2024/04/08 11:45,05F0000S,05F0055S,32,258,33
2024/04/08 11:45,05F0000S,05F0055S,41,993,2
2024/04/08 11:45,05F0000S,05F0055S,42,0,0
2024/04/08 11:45,05F0000S,05F0055S,5,0,0
2024/04/08 11:45,05F0055S,05F0287S,31,1138,142
2024/04/08 11:45,05F0055S,05F0287S,32,1137,50
2024/04/08 11:45,05F0055S,05F0287S,41,1153,6
2024/04/08 11:45,05F0055S,05F0287S,42,0,0
2024/04/08 11:45,05F0055S,05F0287S,5,0,0
2024/04/08 11:45,05F0287S,05F0309S,31,90,75
2024/04/08 11:45,05F0287S,05F0309S,32,91,26
2024/04/08 11:45,05F0287S,05F0309S,41,92,2
2024/04/08 11:45,05F0287S,05F0309S,42,0,0
2024/04/08 11:45,05F0287S,05F0309S,5,0,0
2024/04/08 11:45,05F0309S,05F0439S,31,484,37
2024/04/08 11:45,05F0309S,05F0439S,32,482,20
2024/04/08 11:45,05F0309S,05F0439S,41,532,4
2024/04/08 11:45,05F0309S,05F0439S,42,494,2
2024/04/08 11:45,05F0309S,05F0439S,5,545,4
2024/04/08 11:45,05F0439S,05F0494S,31,199,21
2024/04/08 11:45,05F0439S,05F0494S,32,202,2
2024/04/08 11:45,05F0439S,05F0494S,41,0,0
2024/04/08 11:45,05F0439S,05F0494S,42,0,0
2024/04/08 11:45,05F0439S,05F0494S,5,216,5
2024/04/08 11:50,05F0000S,05F0055S,31,244,74
2024/04/08 11:50,05F0000S,05F0055S,32,245,28
2024/04/08 11:50,05F0000S,05F0055S,41,253,2
2024/04/08 11:50,05F0000S,05F0055S,42,0,0
2024/04/08 11:50,05F0000S,05F0055S,5,0,0
2024/04/08 11:50,05F0055S,05F0287S,31,1050,111
2024/04/08 11:50,05F0055S,05F0287S,32,1050,48
2024/04/08 11:50,05F0055S,05F0287S,41,1071,1
2024/04/08 11:50,05F0055S,05F0287S,42,0,0
2024/04/08 11:50,05F0055S,05F0287S,5,0,0
2024/04/08 11:50,05F0287S,05F0309S,31,88,72
2024/04/08 11:50,05F0287S,05F0309S,32,89,37
2024/04/08 11:50,05F0287S,05F0309S,41,96,2
2024/04/08 11:50,05F0287S,05F0309S,42,0,0
2024/04/08 11:50,05F0287S,05F0309S,5,0,0
2024/04/08 11:50,05F0309S,05F0439S,31,484,29
2024/04/08 11:50,05F0309S,05F0439S,32,496,13
2024/04/08 11:50,05F0309S,05F0439S,41,0,0
2024/04/08 11:50,05F0309S,05F0439S,42,0,0
2024/04/08 11:50,05F0309S,05F0439S,5,492,3
2024/04/08 11:50,05F0439S,05F0494S,31,200,12
2024/04/08 11:50,05F0439S,05F0494S,32,205,10
2024/04/08 11:50,05F0439S,05F0494S,41,0,0
2024/04/08 11:50,05F0439S,05F0494S,42,0,0
2024/04/08 11:50,05F0439S,05F0494S,5,227,4
2024/04/08 11:55,05F0000S,05F0055S,31,248,65
2024/04/08 11:55,05F0000S,05F0055S,32,247,25
2024/04/08 11:55,05F0000S,05F0055S,41,261,3
2024/04/08 11:55,05F0000S,05F0055S,42,0,0
2024/04/08 11:55,05F0000S,05F0055S,5,0,0
2024/04/08 11:55,05F0055S,05F0287S,31,997,105
2024/04/08 11:55,05F0055S,05F0287S,32,1005,35
2024/04/08 11:55,05F0055S,05F0287S,41,1035,5
2024/04/08 11:55,05F0055S,05F0287S,42,1012,1
2024/04/08 11:55,05F0055S,05F0287S,5,0,0
2024/04/08 11:55,05F0287S,05F0309S,31,85,66
2024/04/08 11:55,05F0287S,05F0309S,32,87,21
2024/04/08 11:55,05F0287S,05F0309S,41,98,3
2024/04/08 11:55,05F0287S,05F0309S,42,0,0
2024/04/08 11:55,05F0287S,05F0309S,5,0,0
2024/04/08 11:55,05F0309S,05F0439S,31,500,46
2024/04/08 11:55,05F0309S,05F0439S,32,503,20
2024/04/08 11:55,05F0309S,05F0439S,41,0,0
2024/04/08 11:55,05F0309S,05F0439S,42,506,2
2024/04/08 11:55,05F0309S,05F0439S,5,523,6
2024/04/08 11:55,05F0439S,05F0494S,31,210,14
2024/04/08 11:55,05F0439S,05F0494S,32,204,6
2024/04/08 11:55,05F0439S,05F0494S,41,0,0
2024/04/08 11:55,05F0439S,05F0494S,42,0,0
2024/04/08 11:55,05F0439S,05F0494S,5,206,1
2024/04/08 12:00,05F0000S,05F0055S,31,252,93
2024/04/08 12:00,05F0000S,05F0055S,32,263,36
2024/04/08 12:00,05F0000S,05F0055S,41,254,4
2024/04/08 12:00,05F0000S,05F0055S,42,0,0
2024/04/08 12:00,05F0000S,05F0055S,5,0,0
2024/04/08 12:00,05F0055S,05F0287S,31,1014,95
2024/04/08 12:00,05F0055S,05F0287S,32,1011,33
2024/04/08 12:00,05F0055S,05F0287S,41,1061,8
2024/04/08 12:00,05F0055S,05F0287S,42,0,0
2024/04/08 12:00,05F0055S,05F0287S,5,0,0
2024/04/08 12:00,05F0287S,05F0309S,31,85,57
2024/04/08 12:00,05F0287S,05F0309S,32,87,25
2024/04/08 12:00,05F0287S,05F0309S,41,92,7
2024/04/08 12:00,05F0287S,05F0309S,42,101,1
2024/04/08 12:00,05F0287S,05F0309S,5,0,0
2024/04/08 12:00,05F0309S,05F0439S,31,474,41
2024/04/08 12:00,05F0309S,05F0439S,32,495,17
2024/04/08 12:00,05F0309S,05F0439S,41,525,1
2024/04/08 12:00,05F0309S,05F0439S,42,547,2
2024/04/08 12:00,05F0309S,05F0439S,5,496,4
2024/04/08 12:00,05F0439S,05F0494S,31,214,11
2024/04/08 12:00,05F0439S,05F0494S,32,214,8
2024/04/08 12:00,05F0439S,05F0494S,41,0,0
2024/04/08 12:00,05F0439S,05F0494S,42,198,1
2024/04/08 12:00,05F0439S,05F0494S,5,214,8
2024/04/08 12:05,05F0000S,05F0055S,31,253,67
2024/04/08 12:05,05F0000S,05F0055S,32,253,24
2024/04/08 12:05,05F0000S,05F0055S,41,253,4
2024/04/08 12:05,05F0000S,05F0055S,42,0,0
2024/04/08 12:05,05F0000S,05F0055S,5,0,0
2024/04/08 12:05,05F0055S,05F0287S,31,999,86
2024/04/08 12:05,05F0055S,05F0287S,32,1037,27
2024/04/08 12:05,05F0055S,05F0287S,41,0,0
2024/04/08 12:05,05F0055S,05F0287S,42,0,0
2024/04/08 12:05,05F0055S,05F0287S,5,0,0
2024/04/08 12:05,05F0287S,05F0309S,31,86,60
2024/04/08 12:05,05F0287S,05F0309S,32,88,21
2024/04/08 12:05,05F0287S,05F0309S,41,0,0
2024/04/08 12:05,05F0287S,05F0309S,42,0,0
2024/04/08 12:05,05F0287S,05F0309S,5,0,0
2024/04/08 12:05,05F0309S,05F0439S,31,472,38
2024/04/08 12:05,05F0309S,05F0439S,32,486,12
2024/04/08 12:05,05F0309S,05F0439S,41,539,3
2024/04/08 12:05,05F0309S,05F0439S,42,545,3
2024/04/08 12:05,05F0309S,05F0439S,5,551,4
2024/04/08 12:05,05F0439S,05F0494S,31,202,15
2024/04/08 12:05,05F0439S,05F0494S,32,219,6
2024/04/08 12:05,05F0439S,05F0494S,41,255,1
2024/04/08 12:05,05F0439S,05F0494S,42,226,2
2024/04/08 12:05,05F0439S,05F0494S,5,219,4
2024/04/08 12:10,05F0000S,05F0055S,31,261,75
2024/04/08 12:10,05F0000S,05F0055S,32,260,19
2024/04/08 12:10,05F0000S,05F0055S,41,263,3
2024/04/08 12:10,05F0000S,05F0055S,42,0,0
2024/04/08 12:10,05F0000S,05F0055S,5,0,0
2024/04/08 12:10,05F0055S,05F0287S,31,992,81
2024/04/08 12:10,05F0055S,05F0287S,32,996,31
2024/04/08 12:10,05F0055S,05F0287S,41,1044,2
2024/04/08 12:10,05F0055S,05F0287S,42,0,0
2024/04/08 12:10,05F0055S,05F0287S,5,0,0
2024/04/08 12:10,05F0287S,05F0309S,31,86,58
2024/04/08 12:10,05F0287S,05F0309S,32,88,22
2024/04/08 12:10,05F0287S,05F0309S,41,95,2
2024/04/08 12:10,05F0287S,05F0309S,42,0,0
2024/04/08 12:10,05F0287S,05F0309S,5,0,0
2024/04/08 12:10,05F0309S,05F0439S,31,480,37
2024/04/08 12:10,05F0309S,05F0439S,32,490,16
2024/04/08 12:10,05F0309S,05F0439S,41,527,3
2024/04/08 12:10,05F0309S,05F0439S,42,563,2
2024/04/08 12:10,05F0309S,05F0439S,5,517,3
2024/04/08 12:10,05F0439S,05F0494S,31,200,8
2024/04/08 12:10,05F0439S,05F0494S,32,236,4
2024/04/08 12:10,05F0439S,05F0494S,41,226,1
2024/04/08 12:10,05F0439S,05F0494S,42,225,3
2024/04/08 12:10,05F0439S,05F0494S,5,236,2
2024/04/08 12:15,05F0000S,05F0055S,31,253,81
2024/04/08 12:15,05F0000S,05F0055S,32,254,22
2024/04/08 12:15,05F0000S,05F0055S,41,253,4
2024/04/08 12:15,05F0000S,05F0055S,42,0,0
2024/04/08 12:15,05F0000S,05F0055S,5,0,0
2024/04/08 12:15,05F0055S,05F0287S,31,1013,70
2024/04/08 12:15,05F0055S,05F0287S,32,1012,31
2024/04/08 12:15,05F0055S,05F0287S,41,1014,4
2024/04/08 12:15,05F0055S,05F0287S,42,0,0
2024/04/08 12:15,05F0055S,05F0287S,5,0,0
2024/04/08 12:15,05F0287S,05F0309S,31,84,46
2024/04/08 12:15,05F0287S,05F0309S,32,87,20
2024/04/08 12:15,05F0287S,05F0309S,41,91,2
2024/04/08 12:15,05F0287S,05F0309S,42,0,0
2024/04/08 12:15,05F0287S,05F0309S,5,0,0
2024/04/08 12:15,05F0309S,05F0439S,31,474,29
2024/04/08 12:15,05F0309S,05F0439S,32,498,21
2024/04/08 12:15,05F0309S,05F0439S,41,0,0
2024/04/08 12:15,05F0309S,05F0439S,42,487,1
2024/04/08 12:15,05F0309S,05F0439S,5,518,5
2024/04/08 12:15,05F0439S,05F0494S,31,205,14
2024/04/08 12:15,05F0439S,05F0494S,32,219,5
2024/04/08 12:15,05F0439S,05F0494S,41,0,0
2024/04/08 12:15,05F0439S,05F0494S,42,0,0
2024/04/08 12:15,05F0439S,05F0494S,5,207,3
2024/04/08 12:20,05F0000S,05F0055S,31,252,69
2024/04/08 12:20,05F0000S,05F0055S,32,254,21
2024/04/08 12:20,05F0000S,05F0055S,41,234,1
2024/04/08 12:20,05F0000S,05F0055S,42,0,0
2024/04/08 12:20,05F0000S,05F0055S,5,0,0
2024/04/08 12:20,05F0055S,05F0287S,31,1017,101
2024/04/08 12:20,05F0055S,05F0287S,32,1035,44
2024/04/08 12:20,05F0055S,05F0287S,41,1059,4
2024/04/08 12:20,05F0055S,05F0287S,42,0,0
2024/04/08 12:20,05F0055S,05F0287S,5,0,0
2024/04/08 12:20,05F0287S,05F0309S,31,89,65
2024/04/08 12:20,05F0287S,05F0309S,32,92,33
2024/04/08 12:20,05F0287S,05F0309S,41,90,2
2024/04/08 12:20,05F0287S,05F0309S,42,0,0
2024/04/08 12:20,05F0287S,05F0309S,5,0,0
2024/04/08 12:20,05F0309S,05F0439S,31,485,39
2024/04/08 12:20,05F0309S,05F0439S,32,477,10
2024/04/08 12:20,05F0309S,05F0439S,41,534,1
2024/04/08 12:20,05F0309S,05F0439S,42,587,1
2024/04/08 12:20,05F0309S,05F0439S,5,502,5
2024/04/08 12:20,05F0439S,05F0494S,31,208,14
2024/04/08 12:20,05F0439S,05F0494S,32,207,8
2024/04/08 12:20,05F0439S,05F0494S,41,0,0
2024/04/08 12:20,05F0439S,05F0494S,42,0,0
2024/04/08 12:20,05F0439S,05F0494S,5,205,2
2024/04/08 12:25,05F0000S,05F0055S,31,252,74
2024/04/08 12:25,05F0000S,05F0055S,32,251,33
2024/04/08 12:25,05F0000S,05F0055S,41,251,4
2024/04/08 12:25,05F0000S,05F0055S,42,0,0
2024/04/08 12:25,05F0000S,05F0055S,5,0,0
2024/04/08 12:25,05F0055S,05F0287S,31,1000,66
2024/04/08 12:25,05F0055S,05F0287S,32,1002,19
2024/04/08 12:25,05F0055S,05F0287S,41,1036,5
2024/04/08 12:25,05F0055S,05F0287S,42,0,0
2024/04/08 12:25,05F0055S,05F0287S,5,0,0
2024/04/08 12:25,05F0287S,05F0309S,31,87,44
2024/04/08 12:25,05F0287S,05F0309S,32,87,12
2024/04/08 12:25,05F0287S,05F0309S,41,97,3
2024/04/08 12:25,05F0287S,05F0309S,42,0,0
2024/04/08 12:25,05F0287S,05F0309S,5,0,0
2024/04/08 12:25,05F0309S,05F0439S,31,494,39
2024/04/08 12:25,05F0309S,05F0439S,32,486,12
2024/04/08 12:25,05F0309S,05F0439S,41,530,1
2024/04/08 12:25,05F0309S,05F0439S,42,520,1
2024/04/08 12:25,05F0309S,05F0439S,5,511,7
2024/04/08 12:25,05F0439S,05F0494S,31,203,13
2024/04/08 12:25,05F0439S,05F0494S,32,203,5
2024/04/08 12:25,05F0439S,05F0494S,41,0,0
2024/04/08 12:25,05F0439S,05F0494S,42,238,1
2024/04/08 12:25,05F0439S,05F0494S,5,220,4
2024/04/08 12:30,05F0000S,05F0055S,31,253,84
2024/04/08 12:30,05F0000S,05F0055S,32,255,38
2024/04/08 12:30,05F0000S,05F0055S,41,262,4
2024/04/08 12:30,05F0000S,05F0055S,42,0,0
2024/04/08 12:30,05F0000S,05F0055S,5,0,0
2024/04/08 12:30,05F0055S,05F0287S,31,1008,88
2024/04/08 12:30,05F0055S,05F0287S,32,1020,20
2024/04/08 12:30,05F0055S,05F0287S,41,1038,4
2024/04/08 12:30,05F0055S,05F0287S,42,0,0
2024/04/08 12:30,05F0055S,05F0287S,5,0,0
2024/04/08 12:30,05F0287S,05F0309S,31,92,74
2024/04/08 12:30,05F0287S,05F0309S,32,90,15
2024/04/08 12:30,05F0287S,05F0309S,41,98,5
2024/04/08 12:30,05F0287S,05F0309S,42,0,0
2024/04/08 12:30,05F0287S,05F0309S,5,0,0
2024/04/08 12:30,05F0309S,05F0439S,31,473,44
2024/04/08 12:30,05F0309S,05F0439S,32,497,22
2024/04/08 12:30,05F0309S,05F0439S,41,516,3
2024/04/08 12:30,05F0309S,05F0439S,42,532,1
2024/04/08 12:30,05F0309S,05F0439S,5,539,5
2024/04/08 12:30,05F0439S,05F0494S,31,199,18
2024/04/08 12:30,05F0439S,05F0494S,32,205,12
2024/04/08 12:30,05F0439S,05F0494S,41,0,0
2024/04/08 12:30,05F0439S,05F0494S,42,0,0
2024/04/08 12:30,05F0439S,05F0494S,5,235,5
2024/04/08 12:35,05F0000S,05F0055S,31,262,85
2024/04/08 12:35,05F0000S,05F0055S,32,261,38
2024/04/08 12:35,05F0000S,05F0055S,41,266,2
2024/04/08 12:35,05F0000S,05F0055S,42,0,0
2024/04/08 12:35,05F0000S,05F0055S,5,0,0
2024/04/08 12:35,05F0055S,05F0287S,31,1022,85
2024/04/08 12:35,05F0055S,05F0287S,32,1023,28
2024/04/08 12:35,05F0055S,05F0287S,41,1071,5
2024/04/08 12:35,05F0055S,05F0287S,42,0,0
2024/04/08 12:35,05F0055S,05F0287S,5,0,0
2024/04/08 12:35,05F0287S,05F0309S,31,87,51
2024/04/08 12:35,05F0287S,05F0309S,32,90,18
2024/04/08 12:35,05F0287S,05F0309S,41,92,7
2024/04/08 12:35,05F0287S,05F0309S,42,0,0
2024/04/08 12:35,05F0287S,05F0309S,5,0,0
2024/04/08 12:35,05F0309S,05F0439S,31,477,36
2024/04/08 12:35,05F0309S,05F0439S,32,513,13
2024/04/08 12:35,05F0309S,05F0439S,41,516,1
2024/04/08 12:35,05F0309S,05F0439S,42,545,1
2024/04/08 12:35,05F0309S,05F0439S,5,532,4
2024/04/08 12:35,05F0439S,05F0494S,31,193,11
2024/04/08 12:35,05F0439S,05F0494S,32,227,11
2024/04/08 12:35,05F0439S,05F0494S,41,0,0
2024/04/08 12:35,05F0439S,05F0494S,42,226,1
2024/04/08 12:35,05F0439S,05F0494S,5,221,3
2024/04/08 12:40,05F0000S,05F0055S,31,245,88
2024/04/08 12:40,05F0000S,05F0055S,32,252,34
2024/04/08 12:40,05F0000S,05F0055S,41,249,4
2024/04/08 12:40,05F0000S,05F0055S,42,0,0
2024/04/08 12:40,05F0000S,05F0055S,5,0,0
2024/04/08 12:40,05F0055S,05F0287S,31,1004,90
2024/04/08 12:40,05F0055S,05F0287S,32,997,35
2024/04/08 12:40,05F0055S,05F0287S,41,1000,3
2024/04/08 12:40,05F0055S,05F0287S,42,0,0
2024/04/08 12:40,05F0055S,05F0287S,5,0,0
2024/04/08 12:40,05F0287S,05F0309S,31,89,46
2024/04/08 12:40,05F0287S,05F0309S,32,88,22
2024/04/08 12:40,05F0287S,05F0309S,41,1454,1
2024/04/08 12:40,05F0287S,05F0309S,42,0,0
2024/04/08 12:40,05F0287S,05F0309S,5,0,0
2024/04/08 12:40,05F0309S,05F0439S,31,505,39
2024/04/08 12:40,05F0309S,05F0439S,32,510,11
2024/04/08 12:40,05F0309S,05F0439S,41,540,3
2024/04/08 12:40,05F0309S,05F0439S,42,608,1
2024/04/08 12:40,05F0309S,05F0439S,5,519,9
2024/04/08 12:40,05F0439S,05F0494S,31,209,21
2024/04/08 12:40,05F0439S,05F0494S,32,205,6
2024/04/08 12:40,05F0439S,05F0494S,41,0,0
2024/04/08 12:40,05F0439S,05F0494S,42,0,0
2024/04/08 12:40,05F0439S,05F0494S,5,210,5
2024/04/08 12:45,05F0000S,05F0055S,31,249,78
2024/04/08 12:45,05F0000S,05F0055S,32,254,30
2024/04/08 12:45,05F0000S,05F0055S,41,261,3
2024/04/08 12:45,05F0000S,05F0055S,42,0,0
2024/04/08 12:45,05F0000S,05F0055S,5,0,0
2024/04/08 12:45,05F0055S,05F0287S,31,994,77
2024/04/08 12:45,05F0055S,05F0287S,32,994,31
2024/04/08 12:45,05F0055S,05F0287S,41,1013,4
2024/04/08 12:45,05F0055S,05F0287S,42,0,0
2024/04/08 12:45,05F0055S,05F0287S,5,0,0
2024/04/08 12:45,05F0287S,05F0309S,31,86,52
2024/04/08 12:45,05F0287S,05F0309S,32,87,26
2024/04/08 12:45,05F0287S,05F0309S,41,92,5
2024/04/08 12:45,05F0287S,05F0309S,42,0,0
2024/04/08 12:45,05F0287S,05F0309S,5,0,0
2024/04/08 12:45,05F0309S,05F0439S,31,495,39
2024/04/08 12:45,05F0309S,05F0439S,32,494,16
2024/04/08 12:45,05F0309S,05F0439S,41,535,5
2024/04/08 12:45,05F0309S,05F0439S,42,0,0
2024/04/08 12:45,05F0309S,05F0439S,5,532,3
2024/04/08 12:45,05F0439S,05F0494S,31,220,9
2024/04/08 12:45,05F0439S,05F0494S,32,213,1
2024/04/08 12:45,05F0439S,05F0494S,41,0,0
2024/04/08 12:45,05F0439S,05F0494S,42,280,1
2024/04/08 12:45,05F0439S,05F0494S,5,222,3
2024/04/08 12:50,05F0000S,05F0055S,31,254,76
2024/04/08 12:50,05F0000S,05F0055S,32,255,22
2024/04/08 12:50,05F0000S,05F0055S,41,250,5
2024/04/08 12:50,05F0000S,05F0055S,42,235,1
2024/04/08 12:50,05F0000S,05F0055S,5,0,0
2024/04/08 12:50,05F0055S,05F0287S,31,1021,95
2024/04/08 12:50,05F0055S,05F0287S,32,1028,38
2024/04/08 12:50,05F0055S,05F0287S,41,1066,2
2024/04/08 12:50,05F0055S,05F0287S,42,0,0
2024/04/08 12:50,05F0055S,05F0287S,5,0,0
2024/04/08 12:50,05F0287S,05F0309S,31,86,53
2024/04/08 12:50,05F0287S,05F0309S,32,89,29
2024/04/08 12:50,05F0287S,05F0309S,41,96,1
2024/04/08 12:50,05F0287S,05F0309S,42,0,0
2024/04/08 12:50,05F0287S,05F0309S,5,0,0
2024/04/08 12:50,05F0309S,05F0439S,31,492,46
2024/04/08 12:50,05F0309S,05F0439S,32,480,19
2024/04/08 12:50,05F0309S,05F0439S,41,544,1
2024/04/08 12:50,05F0309S,05F0439S,42,0,0
2024/04/08 12:50,05F0309S,05F0439S,5,529,2
2024/04/08 12:50,05F0439S,05F0494S,31,218,12
2024/04/08 12:50,05F0439S,05F0494S,32,217,5
2024/04/08 12:50,05F0439S,05F0494S,41,227,2
2024/04/08 12:50,05F0439S,05F0494S,42,0,0
2024/04/08 12:50,05F0439S,05F0494S,5,236,3
2024/04/08 12:55,05F0000S,05F0055S,31,251,73
2024/04/08 12:55,05F0000S,05F0055S,32,256,19
2024/04/08 12:55,05F0000S,05F0055S,41,259,2
2024/04/08 12:55,05F0000S,05F0055S,42,0,0
2024/04/08 12:55,05F0000S,05F0055S,5,0,0
2024/04/08 12:55,05F0055S,05F0287S,31,993,104
2024/04/08 12:55,05F0055S,05F0287S,32,1008,49
2024/04/08 12:55,05F0055S,05F0287S,41,1026,3
2024/04/08 12:55,05F0055S,05F0287S,42,0,0
2024/04/08 12:55,05F0055S,05F0287S,5,0,0
2024/04/08 12:55,05F0287S,05F0309S,31,88,77
2024/04/08 12:55,05F0287S,05F0309S,32,88,34
2024/04/08 12:55,05F0287S,05F0309S,41,92,2
2024/04/08 12:55,05F0287S,05F0309S,42,0,0
2024/04/08 12:55,05F0287S,05F0309S,5,0,0
2024/04/08 12:55,05F0309S,05F0439S,31,470,27
2024/04/08 12:55,05F0309S,05F0439S,32,510,14
2024/04/08 12:55,05F0309S,05F0439S,41,515,4
2024/04/08 12:55,05F0309S,05F0439S,42,560,3
2024/04/08 12:55,05F0309S,05F0439S,5,566,6
2024/04/08 12:55,05F0439S,05F0494S,31,196,16
2024/04/08 12:55,05F0439S,05F0494S,32,205,8
2024/04/08 12:55,05F0439S,05F0494S,41,0,0
2024/04/08 12:55,05F0439S,05F0494S,42,0,0
2024/04/08 12:55,05F0439S,05F0494S,5,225,2
2024/04/08 13:00,05F0000S,05F0055S,31,241,71
2024/04/08 13:00,05F0000S,05F0055S,32,239,18
2024/04/08 13:00,05F0000S,05F0055S,41,247,4
2024/04/08 13:00,05F0000S,05F0055S,42,245,1
2024/04/08 13:00,05F0000S,05F0055S,5,0,0
2024/04/08 13:00,05F0055S,05F0287S,31,1013,96
2024/04/08 13:00,05F0055S,05F0287S,32,1030,31
2024/04/08 13:00,05F0055S,05F0287S,41,1078,5
2024/04/08 13:00,05F0055S,05F0287S,42,0,0
2024/04/08 13:00,05F0055S,05F0287S,5,0,0
2024/04/08 13:00,05F0287S,05F0309S,31,86,59
2024/04/08 13:00,05F0287S,05F0309S,32,86,24
2024/04/08 13:00,05F0287S,05F0309S,41,87,4
2024/04/08 13:00,05F0287S,05F0309S,42,0,0
2024/04/08 13:00,05F0287S,05F0309S,5,0,0
2024/04/08 13:00,05F0309S,05F0439S,31,489,43
2024/04/08 13:00,05F0309S,05F0439S,32,489,18
2024/04/08 13:00,05F0309S,05F0439S,41,0,0
2024/04/08 13:00,05F0309S,05F0439S,42,603,2
2024/04/08 13:00,05F0309S,05F0439S,5,511,5
2024/04/08 13:00,05F0439S,05F0494S,31,202,13
2024/04/08 13:00,05F0439S,05F0494S,32,216,8
2024/04/08 13:00,05F0439S,05F0494S,41,0,0
2024/04/08 13:00,05F0439S,05F0494S,42,224,3
2024/04/08 13:00,05F0439S,05F0494S,5,233,4
2024/04/08 13:05,05F0000S,05F0055S,31,241,66
2024/04/08 13:05,05F0000S,05F0055S,32,242,16
2024/04/08 13:05,05F0000S,05F0055S,41,238,2
2024/04/08 13:05,05F0000S,05F0055S,42,0,0
2024/04/08 13:05,05F0000S,05F0055S,5,0,0
2024/04/08 13:05,05F0055S,05F0287S,31,991,65
2024/04/08 13:05,05F0055S,05F0287S,32,1008,27
2024/04/08 13:05,05F0055S,05F0287S,41,1064,4
2024/04/08 13:05,05F0055S,05F0287S,42,0,0
2024/04/08 13:05,05F0055S,05F0287S,5,0,0
2024/04/08 13:05,05F0287S,05F0309S,31,86,63
2024/04/08 13:05,05F0287S,05F0309S,32,93,18
2024/04/08 13:05,05F0287S,05F0309S,41,96,3
2024/04/08 13:05,05F0287S,05F0309S,42,0,0
2024/04/08 13:05,05F0287S,05F0309S,5,0,0
2024/04/08 13:05,05F0309S,05F0439S,31,496,44
2024/04/08 13:05,05F0309S,05F0439S,32,492,22
2024/04/08 13:05,05F0309S,05F0439S,41,529,1
2024/04/08 13:05,05F0309S,05F0439S,42,0,0
2024/04/08 13:05,05F0309S,05F0439S,5,0,0
2024/04/08 13:05,05F0439S,05F0494S,31,209,17
2024/04/08 13:05,05F0439S,05F0494S,32,224,4
2024/04/08 13:05,05F0439S,05F0494S,41,0,0
2024/04/08 13:05,05F0439S,05F0494S,42,0,0
2024/04/08 13:05,05F0439S,05F0494S,5,210,6
2024/04/08 13:10,05F0000S,05F0055S,31,251,86
2024/04/08 13:10,05F0000S,05F0055S,32,251,26
2024/04/08 13:10,05F0000S,05F0055S,41,264,6
2024/04/08 13:10,05F0000S,05F0055S,42,0,0
2024/04/08 13:10,05F0000S,05F0055S,5,0,0
2024/04/08 13:10,05F0055S,05F0287S,31,997,87
2024/04/08 13:10,05F0055S,05F0287S,32,1007,19
2024/04/08 13:10,05F0055S,05F0287S,41,1029,4
2024/04/08 13:10,05F0055S,05F0287S,42,0,0
2024/04/08 13:10,05F0055S,05F0287S,5,0,0
2024/04/08 13:10,05F0287S,05F0309S,31,88,41
2024/04/08 13:10,05F0287S,05F0309S,32,93,13
2024/04/08 13:10,05F0287S,05F0309S,41,94,3
2024/04/08 13:10,05F0287S,05F0309S,42,0,0
2024/04/08 13:10,05F0287S,05F0309S,5,0,0
2024/04/08 13:10,05F0309S,05F0439S,31,490,46
2024/04/08 13:10,05F0309S,05F0439S,32,489,11
2024/04/08 13:10,05F0309S,05F0439S,41,532,2
2024/04/08 13:10,05F0309S,05F0439S,42,0,0
2024/04/08 13:10,05F0309S,05F0439S,5,554,2
2024/04/08 13:10,05F0439S,05F0494S,31,201,14
2024/04/08 13:10,05F0439S,05F0494S,32,211,6
2024/04/08 13:10,05F0439S,05F0494S,41,258,1
2024/04/08 13:10,05F0439S,05F0494S,42,0,0
2024/04/08 13:10,05F0439S,05F0494S,5,252,2
2024/04/08 13:15,05F0000S,05F0055S,31,244,87
2024/04/08 13:15,05F0000S,05F0055S,32,243,21
2024/04/08 13:15,05F0000S,05F0055S,41,241,3
2024/04/08 13:15,05F0000S,05F0055S,42,0,0
2024/04/08 13:15,05F0000S,05F0055S,5,0,0
2024/04/08 13:15,05F0055S,05F0287S,31,989,81
2024/04/08 13:15,05F0055S,05F0287S,32,988,25
2024/04/08 13:15,05F0055S,05F0287S,41,1059,3
2024/04/08 13:15,05F0055S,05F0287S,42,0,0
2024/04/08 13:15,05F0055S,05F0287S,5,0,0
2024/04/08 13:15,05F0287S,05F0309S,31,85,67
2024/04/08 13:15,05F0287S,05F0309S,32,87,19
2024/04/08 13:15,05F0287S,05F0309S,41,98,2
2024/04/08 13:15,05F0287S,05F0309S,42,0,0
2024/04/08 13:15,05F0287S,05F0309S,5,0,0
2024/04/08 13:15,05F0309S,05F0439S,31,484,39
2024/04/08 13:15,05F0309S,05F0439S,32,494,14
2024/04/08 13:15,05F0309S,05F0439S,41,563,4
2024/04/08 13:15,05F0309S,05F0439S,42,0,0
2024/04/08 13:15,05F0309S,05F0439S,5,516,8
2024/04/08 13:15,05F0439S,05F0494S,31,210,14
2024/04/08 13:15,05F0439S,05F0494S,32,211,8
2024/04/08 13:15,05F0439S,05F0494S,41,223,1
2024/04/08 13:15,05F0439S,05F0494S,42,0,0
2024/04/08 13:15,05F0439S,05F0494S,5,231,6
2024/04/08 13:20,05F0000S,05F0055S,31,239,52
2024/04/08 13:20,05F0000S,05F0055S,32,245,28
2024/04/08 13:20,05F0000S,05F0055S,41,234,5
2024/04/08 13:20,05F0000S,05F0055S,42,0,0
2024/04/08 13:20,05F0000S,05F0055S,5,0,0
2024/04/08 13:20,05F0055S,05F0287S,31,987,63
2024/04/08 13:20,05F0055S,05F0287S,32,987,20
2024/04/08 13:20,05F0055S,05F0287S,41,1016,4
2024/04/08 13:20,05F0055S,05F0287S,42,0,0
2024/04/08 13:20,05F0055S,05F0287S,5,0,0
2024/04/08 13:20,05F0287S,05F0309S,31,89,44
2024/04/08 13:20,05F0287S,05F0309S,32,88,14
2024/04/08 13:20,05F0287S,05F0309S,41,94,4
2024/04/08 13:20,05F0287S,05F0309S,42,0,0
2024/04/08 13:20,05F0287S,05F0309S,5,0,0
2024/04/08 13:20,05F0309S,05F0439S,31,487,43
2024/04/08 13:20,05F0309S,05F0439S,32,497,14
2024/04/08 13:20,05F0309S,05F0439S,41,556,3
2024/04/08 13:20,05F0309S,05F0439S,42,540,2
2024/04/08 13:20,05F0309S,05F0439S,5,502,1
2024/04/08 13:20,05F0439S,05F0494S,31,204,13
2024/04/08 13:20,05F0439S,05F0494S,32,206,9
2024/04/08 13:20,05F0439S,05F0494S,41,237,1
2024/04/08 13:20,05F0439S,05F0494S,42,0,0
2024/04/08 13:20,05F0439S,05F0494S,5,260,2
2024/04/08 13:25,05F0000S,05F0055S,31,248,76
2024/04/08 13:25,05F0000S,05F0055S,32,247,29
2024/04/08 13:25,05F0000S,05F0055S,41,279,1
2024/04/08 13:25,05F0000S,05F0055S,42,0,0
2024/04/08 13:25,05F0000S,05F0055S,5,0,0
2024/04/08 13:25,05F0055S,05F0287S,31,1017,78
2024/04/08 13:25,05F0055S,05F0287S,32,1018,25
2024/04/08 13:25,05F0055S,05F0287S,41,1049,3
2024/04/08 13:25,05F0055S,05F0287S,42,0,0
2024/04/08 13:25,05F0055S,05F0287S,5,0,0
2024/04/08 13:25,05F0287S,05F0309S,31,88,37
2024/04/08 13:25,05F0287S,05F0309S,32,87,14
2024/04/08 13:25,05F0287S,05F0309S,41,92,3
2024/04/08 13:25,05F0287S,05F0309S,42,0,0
2024/04/08 13:25,05F0287S,05F0309S,5,0,0
2024/04/08 13:25,05F0309S,05F0439S,31,477,32
2024/04/08 13:25,05F0309S,05F0439S,32,473,8
2024/04/08 13:25,05F0309S,05F0439S,41,538,1
2024/04/08 13:25,05F0309S,05F0439S,42,0,0
2024/04/08 13:25,05F0309S,05F0439S,5,484,5
2024/04/08 13:25,05F0439S,05F0494S,31,204,21
2024/04/08 13:25,05F0439S,05F0494S,32,192,2
2024/04/08 13:25,05F0439S,05F0494S,41,0,0
2024/04/08 13:25,05F0439S,05F0494S,42,227,2
2024/04/08 13:25,05F0439S,05F0494S,5,208,2
2024/04/08 13:30,05F0000S,05F0055S,31,252,86
2024/04/08 13:30,05F0000S,05F0055S,32,256,33
2024/04/08 13:30,05F0000S,05F0055S,41,281,3
2024/04/08 13:30,05F0000S,05F0055S,42,282,1
2024/04/08 13:30,05F0000S,05F0055S,5,0,0
2024/04/08 13:30,05F0055S,05F0287S,31,1012,107
2024/04/08 13:30,05F0055S,05F0287S,32,1018,33
2024/04/08 13:30,05F0055S,05F0287S,41,1071,6
2024/04/08 13:30,05F0055S,05F0287S,42,0,0
2024/04/08 13:30,05F0055S,05F0287S,5,0,0
2024/04/08 13:30,05F0287S,05F0309S,31,84,73
2024/04/08 13:30,05F0287S,05F0309S,32,88,25
2024/04/08 13:30,05F0287S,05F0309S,41,83,5
2024/04/08 13:30,05F0287S,05F0309S,42,0,0
2024/04/08 13:30,05F0287S,05F0309S,5,0,0
2024/04/08 13:30,05F0309S,05F0439S,31,494,39
2024/04/08 13:30,05F0309S,05F0439S,32,493,9
2024/04/08 13:30,05F0309S,05F0439S,41,526,4
2024/04/08 13:30,05F0309S,05F0439S,42,559,3
2024/04/08 13:30,05F0309S,05F0439S,5,516,5
2024/04/08 13:30,05F0439S,05F0494S,31,210,15
2024/04/08 13:30,05F0439S,05F0494S,32,208,5
2024/04/08 13:30,05F0439S,05F0494S,41,226,1
2024/04/08 13:30,05F0439S,05F0494S,42,242,1
2024/04/08 13:30,05F0439S,05F0494S,5,207,1
2024/04/08 13:35,05F0000S,05F0055S,31,245,64
2024/04/08 13:35,05F0000S,05F0055S,32,248,25
2024/04/08 13:35,05F0000S,05F0055S,41,249,3
2024/04/08 13:35,05F0000S,05F0055S,42,0,0
2024/04/08 13:35,05F0000S,05F0055S,5,0,0
2024/04/08 13:35,05F0055S,05F0287S,31,969,72
2024/04/08 13:35,05F0055S,05F0287S,32,972,25
2024/04/08 13:35,05F0055S,05F0287S,41,1010,2
2024/04/08 13:35,05F0055S,05F0287S,42,0,0
2024/04/08 13:35,05F0055S,05F0287S,5,0,0
2024/04/08 13:35,05F0287S,05F0309S,31,84,61
2024/04/08 13:35,05F0287S,05F0309S,32,89,16
2024/04/08 13:35,05F0287S,05F0309S,41,92,2
2024/04/08 13:35,05F0287S,05F0309S,42,0,0
2024/04/08 13:35,05F0287S,05F0309S,5,0,0
2024/04/08 13:35,05F0309S,05F0439S,31,470,41
2024/04/08 13:35,05F0309S,05F0439S,32,515,12
2024/04/08 13:35,05F0309S,05F0439S,41,519,2
2024/04/08 13:35,05F0309S,05F0439S,42,556,1
2024/04/08 13:35,05F0309S,05F0439S,5,490,4
2024/04/08 13:35,05F0439S,05F0494S,31,209,10
2024/04/08 13:35,05F0439S,05F0494S,32,216,10
2024/04/08 13:35,05F0439S,05F0494S,41,0,0
2024/04/08 13:35,05F0439S,05F0494S,42,258,1
2024/04/08 13:35,05F0439S,05F0494S,5,223,4
2024/04/08 13:40,05F0000S,05F0055S,31,247,77
2024/04/08 13:40,05F0000S,05F0055S,32,252,25
2024/04/08 13:40,05F0000S,05F0055S,41,244,2
2024/04/08 13:40,05F0000S,05F0055S,42,0,0
2024/04/08 13:40,05F0000S,05F0055S,5,0,0
2024/04/08 13:40,05F0055S,05F0287S,31,1036,84
2024/04/08 13:40,05F0055S,05F0287S,32,1044,32
2024/04/08 13:40,05F0055S,05F0287S,41,1054,5
2024/04/08 13:40,05F0055S,05F0287S,42,0,0
2024/04/08 13:40,05F0055S,05F0287S,5,0,0
2024/04/08 13:40,05F0287S,05F0309S,31,87,37
2024/04/08 13:40,05F0287S,05F0309S,32,90,17
2024/04/08 13:40,05F0287S,05F0309S,41,90,3
2024/04/08 13:40,05F0287S,05F0309S,42,0,0
2024/04/08 13:40,05F0287S,05F0309S,5,0,0
2024/04/08 13:40,05F0309S,05F0439S,31,475,44
2024/04/08 13:40,05F0309S,05F0439S,32,503,16
2024/04/08 13:40,05F0309S,05F0439S,41,478,3
2024/04/08 13:40,05F0309S,05F0439S,42,540,1
2024/04/08 13:40,05F0309S,05F0439S,5,541,3
2024/04/08 13:40,05F0439S,05F0494S,31,201,16
2024/04/08 13:40,05F0439S,05F0494S,32,221,7
2024/04/08 13:40,05F0439S,05F0494S,41,0,0
2024/04/08 13:40,05F0439S,05F0494S,42,0,0
2024/04/08 13:40,05F0439S,05F0494S,5,201,2
2024/04/08 13:45,05F0000S,05F0055S,31,254,75
2024/04/08 13:45,05F0000S,05F0055S,32,246,32
2024/04/08 13:45,05F0000S,05F0055S,41,255,3
2024/04/08 13:45,05F0000S,05F0055S,42,0,0
2024/04/08 13:45,05F0000S,05F0055S,5,0,0
2024/04/08 13:45,05F0055S,05F0287S,31,993,82
2024/04/08 13:45,05F0055S,05F0287S,32,1001,33
2024/04/08 13:45,05F0055S,05F0287S,41,978,3
2024/04/08 13:45,05F0055S,05F0287S,42,0,0
2024/04/08 13:45,05F0055S,05F0287S,5,0,0
2024/04/08 13:45,05F0287S,05F0309S,31,87,67
2024/04/08 13:45,05F0287S,05F0309S,32,91,32
2024/04/08 13:45,05F0287S,05F0309S,41,92,3
2024/04/08 13:45,05F0287S,05F0309S,42,0,0
2024/04/08 13:45,05F0287S,05F0309S,5,0,0
2024/04/08 13:45,05F0309S,05F0439S,31,489,37
2024/04/08 13:45,05F0309S,05F0439S,32,502,20
2024/04/08 13:45,05F0309S,05F0439S,41,548,2
2024/04/08 13:45,05F0309S,05F0439S,42,0,0
2024/04/08 13:45,05F0309S,05F0439S,5,529,3
2024/04/08 13:45,05F0439S,05F0494S,31,215,19
2024/04/08 13:45,05F0439S,05F0494S,32,221,4
2024/04/08 13:45,05F0439S,05F0494S,41,0,0
2024/04/08 13:45,05F0439S,05F0494S,42,0,0
2024/04/08 13:45,05F0439S,05F0494S,5,232,2
2024/04/08 13:50,05F0000S,05F0055S,31,248,81
2024/04/08 13:50,05F0000S,05F0055S,32,252,29
2024/04/08 13:50,05F0000S,05F0055S,41,251,3
2024/04/08 13:50,05F0000S,05F0055S,42,0,0
2024/04/08 13:50,05F0000S,05F0055S,5,0,0
2024/04/08 13:50,05F0055S,05F0287S,31,1007,83
2024/04/08 13:50,05F0055S,05F0287S,32,1021,35
2024/04/08 13:50,05F0055S,05F0287S,41,1052,3
2024/04/08 13:50,05F0055S,05F0287S,42,1067,1
2024/04/08 13:50,05F0055S,05F0287S,5,0,0
2024/04/08 13:50,05F0287S,05F0309S,31,83,49
2024/04/08 13:50,05F0287S,05F0309S,32,85,17
2024/04/08 13:50,05F0287S,05F0309S,41,0,0
2024/04/08 13:50,05F0287S,05F0309S,42,87,1
2024/04/08 13:50,05F0287S,05F0309S,5,0,0
2024/04/08 13:50,05F0309S,05F0439S,31,478,26
2024/04/08 13:50,05F0309S,05F0439S,32,497,11
2024/04/08 13:50,05F0309S,05F0439S,41,536,1
2024/04/08 13:50,05F0309S,05F0439S,42,555,1
2024/04/08 13:50,05F0309S,05F0439S,5,516,5
2024/04/08 13:50,05F0439S,05F0494S,31,215,12
2024/04/08 13:50,05F0439S,05F0494S,32,230,8
2024/04/08 13:50,05F0439S,05F0494S,41,0,0
2024/04/08 13:50,05F0439S,05F0494S,42,219,2
2024/04/08 13:50,05F0439S,05F0494S,5,216,5
2024/04/08 13:55,05F0000S,05F0055S,31,246,74
2024/04/08 13:55,05F0000S,05F0055S,32,255,21
2024/04/08 13:55,05F0000S,05F0055S,41,242,2
2024/04/08 13:55,05F0000S,05F0055S,42,0,0
2024/04/08 13:55,05F0000S,05F0055S,5,0,0
2024/04/08 13:55,05F0055S,05F0287S,31,970,71
2024/04/08 13:55,05F0055S,05F0287S,32,975,19
2024/04/08 13:55,05F0055S,05F0287S,41,975,1
2024/04/08 13:55,05F0055S,05F0287S,42,0,0
2024/04/08 13:55,05F0055S,05F0287S,5,0,0
2024/04/08 13:55,05F0287S,05F0309S,31,88,63
2024/04/08 13:55,05F0287S,05F0309S,32,90,27
2024/04/08 13:55,05F0287S,05F0309S,41,93,2
2024/04/08 13:55,05F0287S,05F0309S,42,0,0
2024/04/08 13:55,05F0287S,05F0309S,5,0,0
2024/04/08 13:55,05F0309S,05F0439S,31,487,47
2024/04/08 13:55,05F0309S,05F0439S,32,494,19
2024/04/08 13:55,05F0309S,05F0439S,41,529,3
2024/04/08 13:55,05F0309S,05F0439S,42,525,2
2024/04/08 13:55,05F0309S,05F0439S,5,523,8
2024/04/08 13:55,05F0439S,05F0494S,31,211,11
2024/04/08 13:55,05F0439S,05F0494S,32,203,8
2024/04/08 13:55,05F0439S,05F0494S,41,0,0
2024/04/08 13:55,05F0439S,05F0494S,42,217,1
2024/04/08 13:55,05F0439S,05F0494S,5,223,5
2024/04/08 14:00,05F0000S,05F0055S,31,251,79
2024/04/08 14:00,05F0000S,05F0055S,32,254,27
2024/04/08 14:00,05F0000S,05F0055S,41,253,3
2024/04/08 14:00,05F0000S,05F0055S,42,0,0
2024/04/08 14:00,05F0000S,05F0055S,5,0,0
2024/04/08 14:00,05F0055S,05F0287S,31,1011,77
2024/04/08 14:00,05F0055S,05F0287S,32,1022,40
2024/04/08 14:00,05F0055S,05F0287S,41,1032,3
2024/04/08 14:00,05F0055S,05F0287S,42,0,0
2024/04/08 14:00,05F0055S,05F0287S,5,0,0
2024/04/08 14:00,05F0287S,05F0309S,31,87,44
2024/04/08 14:00,05F0287S,05F0309S,32,89,24
2024/04/08 14:00,05F0287S,05F0309S,41,95,3
2024/04/08 14:00,05F0287S,05F0309S,42,0,0
2024/04/08 14:00,05F0287S,05F0309S,5,0,0
2024/04/08 14:00,05F0309S,05F0439S,31,487,32
2024/04/08 14:00,05F0309S,05F0439S,32,492,11
2024/04/08 14:00,05F0309S,05F0439S,41,1703,1
2024/04/08 14:00,05F0309S,05F0439S,42,527,3
2024/04/08 14:00,05F0309S,05F0439S,5,503,4
2024/04/08 14:00,05F0439S,05F0494S,31,214,15
2024/04/08 14:00,05F0439S,05F0494S,32,214,11
2024/04/08 14:00,05F0439S,05F0494S,41,0,0
2024/04/08 14:00,05F0439S,05F0494S,42,236,1
2024/04/08 14:00,05F0439S,05F0494S,5,210,6
2024/04/08 14:05,05F0000S,05F0055S,31,245,63
2024/04/08 14:05,05F0000S,05F0055S,32,250,32
2024/04/08 14:05,05F0000S,05F0055S,41,242,4
2024/04/08 14:05,05F0000S,05F0055S,42,0,0
2024/04/08 14:05,05F0000S,05F0055S,5,0,0
2024/04/08 14:05,05F0055S,05F0287S,31,1010,84
2024/04/08 14:05,05F0055S,05F0287S,32,1027,31
2024/04/08 14:05,05F0055S,05F0287S,41,1035,4
2024/04/08 14:05,05F0055S,05F0287S,42,0,0
2024/04/08 14:05,05F0055S,05F0287S,5,0,0
2024/04/08 14:05,05F0287S,05F0309S,31,89,49
2024/04/08 14:05,05F0287S,05F0309S,32,88,30
2024/04/08 14:05,05F0287S,05F0309S,41,92,3
2024/04/08 14:05,05F0287S,05F0309S,42,0,0
2024/04/08 14:05,05F0287S,05F0309S,5,0,0
2024/04/08 14:05,05F0309S,05F0439S,31,472,33
2024/04/08 14:05,05F0309S,05F0439S,32,511,15
2024/04/08 14:05,05F0309S,05F0439S,41,519,4
2024/04/08 14:05,05F0309S,05F0439S,42,524,1
2024/04/08 14:05,05F0309S,05F0439S,5,553,2
2024/04/08 14:05,05F0439S,05F0494S,31,203,9
2024/04/08 14:05,05F0439S,05F0494S,32,198,6
2024/04/08 14:05,05F0439S,05F0494S,41,0,0
2024/04/08 14:05,05F0439S,05F0494S,42,219,1
2024/04/08 14:05,05F0439S,05F0494S,5,218,4
2024/04/08 14:10,05F0000S,05F0055S,31,255,75
2024/04/08 14:10,05F0000S,05F0055S,32,249,26
2024/04/08 14:10,05F0000S,05F0055S,41,274,3
2024/04/08 14:10,05F0000S,05F0055S,42,273,1
2024/04/08 14:10,05F0000S,05F0055S,5,0,0
2024/04/08 14:10,05F0055S,05F0287S,31,988,91
2024/04/08 14:10,05F0055S,05F0287S,32,1034,21
2024/04/08 14:10,05F0055S,05F0287S,41,1020,1
2024/04/08 14:10,05F0055S,05F0287S,42,0,0
2024/04/08 14:10,05F0055S,05F0287S,5,0,0
2024/04/08 14:10,05F0287S,05F0309S,31,86,64
2024/04/08 14:10,05F0287S,05F0309S,32,91,22
2024/04/08 14:10,05F0287S,05F0309S,41,93,1
2024/04/08 14:10,05F0287S,05F0309S,42,0,0
2024/04/08 14:10,05F0287S,05F0309S,5,0,0
2024/04/08 14:10,05F0309S,05F0439S,31,484,40
2024/04/08 14:10,05F0309S,05F0439S,32,482,20
2024/04/08 14:10,05F0309S,05F0439S,41,520,1
2024/04/08 14:10,05F0309S,05F0439S,42,516,1
2024/04/08 14:10,05F0309S,05F0439S,5,507,4
2024/04/08 14:10,05F0439S,05F0494S,31,204,9
2024/04/08 14:10,05F0439S,05F0494S,32,214,6
2024/04/08 14:10,05F0439S,05F0494S,41,0,0
2024/04/08 14:10,05F0439S,05F0494S,42,222,1
2024/04/08 14:10,05F0439S,05F0494S,5,229,5
2024/04/08 14:15,05F0000S,05F0055S,31,249,97
2024/04/08 14:15,05F0000S,05F0055S,32,252,32
2024/04/08 14:15,05F0000S,05F0055S,41,260,3
2024/04/08 14:15,05F0000S,05F0055S,42,0,0
2024/04/08 14:15,05F0000S,05F0055S,5,0,0
2024/04/08 14:15,05F0055S,05F0287S,31,993,77
2024/04/08 14:15,05F0055S,05F0287S,32,1007,29
2024/04/08 14:15,05F0055S,05F0287S,41,1022,3
2024/04/08 14:15,05F0055S,05F0287S,42,0,0
2024/04/08 14:15,05F0055S,05F0287S,5,0,0
2024/04/08 14:15,05F0287S,05F0309S,31,87,46
2024/04/08 14:15,05F0287S,05F0309S,32,94,16
2024/04/08 14:15,05F0287S,05F0309S,41,91,2
2024/04/08 14:15,05F0287S,05F0309S,42,0,0
2024/04/08 14:15,05F0287S,05F0309S,5,0,0
2024/04/08 14:15,05F0309S,05F0439S,31,481,33
2024/04/08 14:15,05F0309S,05F0439S,32,502,17
2024/04/08 14:15,05F0309S,05F0439S,41,535,3
2024/04/08 14:15,05F0309S,05F0439S,42,559,1
2024/04/08 14:15,05F0309S,05F0439S,5,500,3
2024/04/08 14:15,05F0439S,05F0494S,31,207,16
2024/04/08 14:15,05F0439S,05F0494S,32,234,4
2024/04/08 14:15,05F0439S,05F0494S,41,0,0
2024/04/08 14:15,05F0439S,05F0494S,42,0,0
2024/04/08 14:15,05F0439S,05F0494S,5,226,3
2024/04/08 14:20,05F0000S,05F0055S,31,244,59
2024/04/08 14:20,05F0000S,05F0055S,32,234,20
2024/04/08 14:20,05F0000S,05F0055S,41,240,3
2024/04/08 14:20,05F0000S,05F0055S,42,0,0
2024/04/08 14:20,05F0000S,05F0055S,5,0,0
2024/04/08 14:20,05F0055S,05F0287S,31,983,77
2024/04/08 14:20,05F0055S,05F0287S,32,1007,35
2024/04/08 14:20,05F0055S,05F0287S,41,1027,4
2024/04/08 14:20,05F0055S,05F0287S,42,0,0
2024/04/08 14:20,05F0055S,05F0287S,5,0,0
2024/04/08 14:20,05F0287S,05F0309S,31,86,55
2024/04/08 14:20,05F0287S,05F0309S,32,92,29
2024/04/08 14:20,05F0287S,05F0309S,41,473,2
2024/04/08 14:20,05F0287S,05F0309S,42,0,0
2024/04/08 14:20,05F0287S,05F0309S,5,0,0
2024/04/08 14:20,05F0309S,05F0439S,31,478,39
2024/04/08 14:20,05F0309S,05F0439S,32,496,11
2024/04/08 14:20,05F0309S,05F0439S,41,532,1
2024/04/08 14:20,05F0309S,05F0439S,42,505,1
2024/04/08 14:20,05F0309S,05F0439S,5,571,3
2024/04/08 14:20,05F0439S,05F0494S,31,200,10
2024/04/08 14:20,05F0439S,05F0494S,32,215,10
2024/04/08 14:20,05F0439S,05F0494S,41,0,0
2024/04/08 14:20,05F0439S,05F0494S,42,0,0
2024/04/08 14:20,05F0439S,05F0494S,5,216,3
2024/04/08 14:25,05F0000S,05F0055S,31,250,78
2024/04/08 14:25,05F0000S,05F0055S,32,249,24
2024/04/08 14:25,05F0000S,05F0055S,41,280,2
2024/04/08 14:25,05F0000S,05F0055S,42,0,0
2024/04/08 14:25,05F0000S,05F0055S,5,0,0
2024/04/08 14:25,05F0055S,05F0287S,31,1016,76
2024/04/08 14:25,05F0055S,05F0287S,32,1016,39
2024/04/08 14:25,05F0055S,05F0287S,41,1027,4
2024/04/08 14:25,05F0055S,05F0287S,42,0,0
2024/04/08 14:25,05F0055S,05F0287S,5,0,0
2024/04/08 14:25,05F0287S,05F0309S,31,87,56
2024/04/08 14:25,05F0287S,05F0309S,32,90,23
2024/04/08 14:25,05F0287S,05F0309S,41,93,4
2024/04/08 14:25,05F0287S,05F0309S,42,0,0
2024/04/08 14:25,05F0287S,05F0309S,5,0,0
2024/04/08 14:25,05F0309S,05F0439S,31,471,36
2024/04/08 14:25,05F0309S,05F0439S,32,491,15
2024/04/08 14:25,05F0309S,05F0439S,41,503,2
2024/04/08 14:25,05F0309S,05F0439S,42,528,1
2024/04/08 14:25,05F0309S,05F0439S,5,529,5
2024/04/08 14:25,05F0439S,05F0494S,31,213,18
2024/04/08 14:25,05F0439S,05F0494S,32,205,2
2024/04/08 14:25,05F0439S,05F0494S,41,0,0
2024/04/08 14:25,05F0439S,05F0494S,42,0,0
2024/04/08 14:25,05F0439S,05F0494S,5,239,8
2024/04/08 14:30,05F0000S,05F0055S,31,246,92
2024/04/08 14:30,05F0000S,05F0055S,32,255,19
2024/04/08 14:30,05F0000S,05F0055S,41,251,4
2024/04/08 14:30,05F0000S,05F0055S,42,0,0
2024/04/08 14:30,05F0000S,05F0055S,5,0,0
2024/04/08 14:30,05F0055S,05F0287S,31,1016,86
2024/04/08 14:30,05F0055S,05F0287S,32,1019,26
2024/04/08 14:30,05F0055S,05F0287S,41,1089,2
2024/04/08 14:30,05F0055S,05F0287S,42,988,1
2024/04/08 14:30,05F0055S,05F0287S,5,0,0
2024/04/08 14:30,05F0287S,05F0309S,31,85,63
2024/04/08 14:30,05F0287S,05F0309S,32,89,13
2024/04/08 14:30,05F0287S,05F0309S,41,98,1
2024/04/08 14:30,05F0287S,05F0309S,42,85,1
2024/04/08 14:30,05F0287S,05F0309S,5,0,0
2024/04/08 14:30,05F0309S,05F0439S,31,492,38
2024/04/08 14:30,05F0309S,05F0439S,32,524,12
2024/04/08 14:30,05F0309S,05F0439S,41,516,1
2024/04/08 14:30,05F0309S,05F0439S,42,0,0
2024/04/08 14:30,05F0309S,05F0439S,5,522,3
2024/04/08 14:30,05F0439S,05F0494S,31,197,16
2024/04/08 14:30,05F0439S,05F0494S,32,210,9
2024/04/08 14:30,05F0439S,05F0494S,41,0,0
2024/04/08 14:30,05F0439S,05F0494S,42,0,0
2024/04/08 14:30,05F0439S,05F0494S,5,220,3
2024/04/08 14:35,05F0000S,05F0055S,31,245,72
2024/04/08 14:35,05F0000S,05F0055S,32,249,23
2024/04/08 14:35,05F0000S,05F0055S,41,258,2
2024/04/08 14:35,05F0000S,05F0055S,42,0,0
2024/04/08 14:35,05F0000S,05F0055S,5,0,0
2024/04/08 14:35,05F0055S,05F0287S,31,1006,90
2024/04/08 14:35,05F0055S,05F0287S,32,1000,26
2024/04/08 14:35,05F0055S,05F0287S,41,1049,4
2024/04/08 14:35,05F0055S,05F0287S,42,1024,1
2024/04/08 14:35,05F0055S,05F0287S,5,0,0
2024/04/08 14:35,05F0287S,05F0309S,31,87,73
2024/04/08 14:35,05F0287S,05F0309S,32,87,29
2024/04/08 14:35,05F0287S,05F0309S,41,92,5
2024/04/08 14:35,05F0287S,05F0309S,42,0,0
2024/04/08 14:35,05F0287S,05F0309S,5,0,0
2024/04/08 14:35,05F0309S,05F0439S,31,485,47
2024/04/08 14:35,05F0309S,05F0439S,32,501,22
2024/04/08 14:35,05F0309S,05F0439S,41,535,3
2024/04/08 14:35,05F0309S,05F0439S,42,2545,1
2024/04/08 14:35,05F0309S,05F0439S,5,499,3
2024/04/08 14:35,05F0439S,05F0494S,31,217,11
2024/04/08 14:35,05F0439S,05F0494S,32,219,4
2024/04/08 14:35,05F0439S,05F0494S,41,0,0
2024/04/08 14:35,05F0439S,05F0494S,42,0,0
2024/04/08 14:35,05F0439S,05F0494S,5,220,6
2024/04/08 14:40,05F0000S,05F0055S,31,249,87
2024/04/08 14:40,05F0000S,05F0055S,32,251,24
2024/04/08 14:40,05F0000S,05F0055S,41,249,2
2024/04/08 14:40,05F0000S,05F0055S,42,0,0
2024/04/08 14:40,05F0000S,05F0055S,5,0,0
2024/04/08 14:40,05F0055S,05F0287S,31,977,80
2024/04/08 14:40,05F0055S,05F0287S,32,975,23
2024/04/08 14:40,05F0055S,05F0287S,41,1141,2
2024/04/08 14:40,05F0055S,05F0287S,42,0,0
2024/04/08 14:40,05F0055S,05F0287S,5,0,0
2024/04/08 14:40,05F0287S,05F0309S,31,87,43
2024/04/08 14:40,05F0287S,05F0309S,32,89,17
2024/04/08 14:40,05F0287S,05F0309S,41,94,1
2024/04/08 14:40,05F0287S,05F0309S,42,0,0
2024/04/08 14:40,05F0287S,05F0309S,5,0,0
2024/04/08 14:40,05F0309S,05F0439S,31,472,49
2024/04/08 14:40,05F0309S,05F0439S,32,497,12
2024/04/08 14:40,05F0309S,05F0439S,41,478,1
2024/04/08 14:40,05F0309S,05F0439S,42,518,1
2024/04/08 14:40,05F0309S,05F0439S,5,502,6
2024/04/08 14:40,05F0439S,05F0494S,31,203,18
2024/04/08 14:40,05F0439S,05F0494S,32,203,7
2024/04/08 14:40,05F0439S,05F0494S,41,0,0
2024/04/08 14:40,05F0439S,05F0494S,42,0,0
2024/04/08 14:40,05F0439S,05F0494S,5,229,5
2024/04/08 14:45,05F0000S,05F0055S,31,248,71
2024/04/08 14:45,05F0000S,05F0055S,32,248,27
2024/04/08 14:45,05F0000S,05F0055S,41,255,3
2024/04/08 14:45,05F0000S,05F0055S,42,0,0
2024/04/08 14:45,05F0000S,05F0055S,5,0,0
2024/04/08 14:45,05F0055S,05F0287S,31,1011,70
2024/04/08 14:45,05F0055S,05F0287S,32,1026,17
2024/04/08 14:45,05F0055S,05F0287S,41,1038,4
2024/04/08 14:45,05F0055S,05F0287S,42,0,0
2024/04/08 14:45,05F0055S,05F0287S,5,0,0
2024/04/08 14:45,05F0287S,05F0309S,31,87,61
2024/04/08 14:45,05F0287S,05F0309S,32,92,14
2024/04/08 14:45,05F0287S,05F0309S,41,92,3
2024/04/08 14:45,05F0287S,05F0309S,42,0,0
2024/04/08 14:45,05F0287S,05F0309S,5,0,0
2024/04/08 14:45,05F0309S,05F0439S,31,466,28
2024/04/08 14:45,05F0309S,05F0439S,32,491,16
2024/04/08 14:45,05F0309S,05F0439S,41,516,3
2024/04/08 14:45,05F0309S,05F0439S,42,0,0
2024/04/08 14:45,05F0309S,05F0439S,5,541,5
2024/04/08 14:45,05F0439S,05F0494S,31,193,19
2024/04/08 14:45,05F0439S,05F0494S,32,225,7
2024/04/08 14:45,05F0439S,05F0494S,41,0,0
2024/04/08 14:45,05F0439S,05F0494S,42,0,0
2024/04/08 14:45,05F0439S,05F0494S,5,243,1
2024/04/08 14:50,05F0000S,05F0055S,31,250,67
2024/04/08 14:50,05F0000S,05F0055S,32,253,31
2024/04/08 14:50,05F0000S,05F0055S,41,249,5
2024/04/08 14:50,05F0000S,05F0055S,42,0,0
2024/04/08 14:50,05F0000S,05F0055S,5,0,0
2024/04/08 14:50,05F0055S,05F0287S,31,1022,104
2024/04/08 14:50,05F0055S,05F0287S,32,1022,28
2024/04/08 14:50,05F0055S,05F0287S,41,1074,3
2024/04/08 14:50,05F0055S,05F0287S,42,0,0
2024/04/08 14:50,05F0055S,05F0287S,5,0,0
2024/04/08 14:50,05F0287S,05F0309S,31,86,78
2024/04/08 14:50,05F0287S,05F0309S,32,88,21
2024/04/08 14:50,05F0287S,05F0309S,41,101,2
2024/04/08 14:50,05F0287S,05F0309S,42,0,0
2024/04/08 14:50,05F0287S,05F0309S,5,0,0
2024/04/08 14:50,05F0309S,05F0439S,31,478,47
2024/04/08 14:50,05F0309S,05F0439S,32,483,12
2024/04/08 14:50,05F0309S,05F0439S,41,520,6
2024/04/08 14:50,05F0309S,05F0439S,42,541,2
2024/04/08 14:50,05F0309S,05F0439S,5,544,5
2024/04/08 14:50,05F0439S,05F0494S,31,211,9
2024/04/08 14:50,05F0439S,05F0494S,32,208,10
2024/04/08 14:50,05F0439S,05F0494S,41,0,0
2024/04/08 14:50,05F0439S,05F0494S,42,0,0
2024/04/08 14:50,05F0439S,05F0494S,5,221,4
2024/04/08 14:55,05F0000S,05F0055S,31,248,67
2024/04/08 14:55,05F0000S,05F0055S,32,250,33
2024/04/08 14:55,05F0000S,05F0055S,41,257,5
2024/04/08 14:55,05F0000S,05F0055S,42,0,0
2024/04/08 14:55,05F0000S,05F0055S,5,0,0
2024/04/08 14:55,05F0055S,05F0287S,31,975,80
2024/04/08 14:55,05F0055S,05F0287S,32,985,27
2024/04/08 14:55,05F0055S,05F0287S,41,998,1
2024/04/08 14:55,05F0055S,05F0287S,42,0,0
2024/04/08 14:55,05F0055S,05F0287S,5,0,0
2024/04/08 14:55,05F0287S,05F0309S,31,84,59
2024/04/08 14:55,05F0287S,05F0309S,32,89,21
2024/04/08 14:55,05F0287S,05F0309S,41,99,2
2024/04/08 14:55,05F0287S,05F0309S,42,0,0
2024/04/08 14:55,05F0287S,05F0309S,5,0,0
2024/04/08 14:55,05F0309S,05F0439S,31,492,39
2024/04/08 14:55,05F0309S,05F0439S,32,501,8
2024/04/08 14:55,05F0309S,05F0439S,41,518,5
2024/04/08 14:55,05F0309S,05F0439S,42,0,0
2024/04/08 14:55,05F0309S,05F0439S,5,501,7
2024/04/08 14:55,05F0439S,05F0494S,31,211,17
2024/04/08 14:55,05F0439S,05F0494S,32,210,2
2024/04/08 14:55,05F0439S,05F0494S,41,221,6
2024/04/08 14:55,05F0439S,05F0494S,42,0,0
2024/04/08 14:55,05F0439S,05F0494S,5,193,1
2024/04/08 15:00,05F0000S,05F0055S,31,252,74
2024/04/08 15:00,05F0000S,05F0055S,32,254,37
2024/04/08 15:00,05F0000S,05F0055S,41,263,2
2024/04/08 15:00,05F0000S,05F0055S,42,0,0
2024/04/08 15:00,05F0000S,05F0055S,5,0,0
2024/04/08 15:00,05F0055S,05F0287S,31,988,78
2024/04/08 15:00,05F0055S,05F0287S,32,994,31
2024/04/08 15:00,05F0055S,05F0287S,41,1032,4
2024/04/08 15:00,05F0055S,05F0287S,42,0,0
2024/04/08 15:00,05F0055S,05F0287S,5,0,0
2024/04/08 15:00,05F0287S,05F0309S,31,86,61
2024/04/08 15:00,05F0287S,05F0309S,32,89,22
2024/04/08 15:00,05F0287S,05F0309S,41,92,5
2024/04/08 15:00,05F0287S,05F0309S,42,0,0
2024/04/08 15:00,05F0287S,05F0309S,5,0,0
2024/04/08 15:00,05F0309S,05F0439S,31,466,45
2024/04/08 15:00,05F0309S,05F0439S,32,480,17
2024/04/08 15:00,05F0309S,05F0439S,41,535,1
2024/04/08 15:00,05F0309S,05F0439S,42,567,1
2024/04/08 15:00,05F0309S,05F0439S,5,510,2
2024/04/08 15:00,05F0439S,05F0494S,31,205,20
2024/04/08 15:00,05F0439S,05F0494S,32,210,10
2024/04/08 15:00,05F0439S,05F0494S,41,0,0
2024/04/08 15:00,05F0439S,05F0494S,42,0,0
2024/04/08 15:00,05F0439S,05F0494S,5,209,6
2024/04/08 15:05,05F0000S,05F0055S,31,257,94
2024/04/08 15:05,05F0000S,05F0055S,32,252,24
2024/04/08 15:05,05F0000S,05F0055S,41,261,1
2024/04/08 15:05,05F0000S,05F0055S,42,0,0
2024/04/08 15:05,05F0000S,05F0055S,5,0,0
2024/04/08 15:05,05F0055S,05F0287S,31,980,66
2024/04/08 15:05,05F0055S,05F0287S,32,991,27
2024/04/08 15:05,05F0055S,05F0287S,41,1001,3
2024/04/08 15:05,05F0055S,05F0287S,42,0,0
2024/04/08 15:05,05F0055S,05F0287S,5,0,0
2024/04/08 15:05,05F0287S,05F0309S,31,86,46
2024/04/08 15:05,05F0287S,05F0309S,32,91,18
2024/04/08 15:05,05F0287S,05F0309S,41,1052,1
2024/04/08 15:05,05F0287S,05F0309S,42,0,0
2024/04/08 15:05,05F0287S,05F0309S,5,0,0
2024/04/08 15:05,05F0309S,05F0439S,31,482,41
2024/04/08 15:05,05F0309S,05F0439S,32,532,10
2024/04/08 15:05,05F0309S,05F0439S,41,510,1
2024/04/08 15:05,05F0309S,05F0439S,42,0,0
2024/04/08 15:05,05F0309S,05F0439S,5,582,4
2024/04/08 15:05,05F0439S,05F0494S,31,208,24
2024/04/08 15:05,05F0439S,05F0494S,32,197,8
2024/04/08 15:05,05F0439S,05F0494S,41,234,1
2024/04/08 15:05,05F0439S,05F0494S,42,0,0
2024/04/08 15:05,05F0439S,05F0494S,5,221,4
2024/04/08 15:10,05F0000S,05F0055S,31,243,64
2024/04/08 15:10,05F0000S,05F0055S,32,248,23
2024/04/08 15:10,05F0000S,05F0055S,41,239,2
2024/04/08 15:10,05F0000S,05F0055S,42,0,0
2024/04/08 15:10,05F0000S,05F0055S,5,0,0
2024/04/08 15:10,05F0055S,05F0287S,31,991,69
2024/04/08 15:10,05F0055S,05F0287S,32,989,40
2024/04/08 15:10,05F0055S,05F0287S,41,1041,5
2024/04/08 15:10,05F0055S,05F0287S,42,0,0
2024/04/08 15:10,05F0055S,05F0287S,5,0,0
2024/04/08 15:10,05F0287S,05F0309S,31,87,47
2024/04/08 15:10,05F0287S,05F0309S,32,86,31
2024/04/08 15:10,05F0287S,05F0309S,41,98,3
2024/04/08 15:10,05F0287S,05F0309S,42,0,0
2024/04/08 15:10,05F0287S,05F0309S,5,0,0
2024/04/08 15:10,05F0309S,05F0439S,31,480,47
2024/04/08 15:10,05F0309S,05F0439S,32,505,20
2024/04/08 15:10,05F0309S,05F0439S,41,524,2
2024/04/08 15:10,05F0309S,05F0439S,42,0,0
2024/04/08 15:10,05F0309S,05F0439S,5,483,2
2024/04/08 15:10,05F0439S,05F0494S,31,203,18
2024/04/08 15:10,05F0439S,05F0494S,32,217,6
2024/04/08 15:10,05F0439S,05F0494S,41,0,0
2024/04/08 15:10,05F0439S,05F0494S,42,0,0
2024/04/08 15:10,05F0439S,05F0494S,5,218,4
2024/04/08 15:15,05F0000S,05F0055S,31,252,84
2024/04/08 15:15,05F0000S,05F0055S,32,254,36
2024/04/08 15:15,05F0000S,05F0055S,41,253,5
2024/04/08 15:15,05F0000S,05F0055S,42,0,0
2024/04/08 15:15,05F0000S,05F0055S,5,0,0
2024/04/08 15:15,05F0055S,05F0287S,31,986,90
2024/04/08 15:15,05F0055S,05F0287S,32,977,34
2024/04/08 15:15,05F0055S,05F0287S,41,1007,4
2024/04/08 15:15,05F0055S,05F0287S,42,0,0
2024/04/08 15:15,05F0055S,05F0287S,5,0,0
2024/04/08 15:15,05F0287S,05F0309S,31,86,59
2024/04/08 15:15,05F0287S,05F0309S,32,87,25
2024/04/08 15:15,05F0287S,05F0309S,41,92,3
2024/04/08 15:15,05F0287S,05F0309S,42,0,0
2024/04/08 15:15,05F0287S,05F0309S,5,0,0
2024/04/08 15:15,05F0309S,05F0439S,31,478,28
2024/04/08 15:15,05F0309S,05F0439S,32,479,12
2024/04/08 15:15,05F0309S,05F0439S,41,531,1
2024/04/08 15:15,05F0309S,05F0439S,42,542,1
2024/04/08 15:15,05F0309S,05F0439S,5,485,3
2024/04/08 15:15,05F0439S,05F0494S,31,206,12
2024/04/08 15:15,05F0439S,05F0494S,32,213,5
2024/04/08 15:15,05F0439S,05F0494S,41,0,0
2024/04/08 15:15,05F0439S,05F0494S,42,0,0
2024/04/08 15:15,05F0439S,05F0494S,5,212,2
2024/04/08 15:20,05F0000S,05F0055S,31,249,86
2024/04/08 15:20,05F0000S,05F0055S,32,250,29
2024/04/08 15:20,05F0000S,05F0055S,41,256,3
2024/04/08 15:20,05F0000S,05F0055S,42,0,0
2024/04/08 15:20,05F0000S,05F0055S,5,0,0
2024/04/08 15:20,05F0055S,05F0287S,31,991,85
2024/04/08 15:20,05F0055S,05F0287S,32,990,35
2024/04/08 15:20,05F0055S,05F0287S,41,1059,1
2024/04/08 15:20,05F0055S,05F0287S,42,0,0
2024/04/08 15:20,05F0055S,05F0287S,5,0,0
2024/04/08 15:20,05F0287S,05F0309S,31,85,58
2024/04/08 15:20,05F0287S,05F0309S,32,85,26
2024/04/08 15:20,05F0287S,05F0309S,41,88,2
2024/04/08 15:20,05F0287S,05F0309S,42,0,0
2024/04/08 15:20,05F0287S,05F0309S,5,0,0
2024/04/08 15:20,05F0309S,05F0439S,31,486,29
2024/04/08 15:20,05F0309S,05F0439S,32,486,19
2024/04/08 15:20,05F0309S,05F0439S,41,539,3
2024/04/08 15:20,05F0309S,05F0439S,42,541,2
2024/04/08 15:20,05F0309S,05F0439S,5,491,5
2024/04/08 15:20,05F0439S,05F0494S,31,200,15
2024/04/08 15:20,05F0439S,05F0494S,32,217,4
2024/04/08 15:20,05F0439S,05F0494S,41,275,1
2024/04/08 15:20,05F0439S,05F0494S,42,248,1
2024/04/08 15:20,05F0439S,05F0494S,5,206,5
2024/04/08 15:25,05F0000S,05F0055S,31,251,73
2024/04/08 15:25,05F0000S,05F0055S,32,249,27
2024/04/08 15:25,05F0000S,05F0055S,41,252,4
2024/04/08 15:25,05F0000S,05F0055S,42,0,0
2024/04/08 15:25,05F0000S,05F0055S,5,0,0
2024/04/08 15:25,05F0055S,05F0287S,31,1007,97
2024/04/08 15:25,05F0055S,05F0287S,32,1006,24
2024/04/08 15:25,05F0055S,05F0287S,41,1031,2
2024/04/08 15:25,05F0055S,05F0287S,42,0,0
2024/04/08 15:25,05F0055S,05F0287S,5,0,0
2024/04/08 15:25,05F0287S,05F0309S,31,88,70
2024/04/08 15:25,05F0287S,05F0309S,32,88,21
2024/04/08 15:25,05F0287S,05F0309S,41,1190,1
2024/04/08 15:25,05F0287S,05F0309S,42,0,0
2024/04/08 15:25,05F0287S,05F0309S,5,0,0
2024/04/08 15:25,05F0309S,05F0439S,31,484,49
2024/04/08 15:25,05F0309S,05F0439S,32,499,18
2024/04/08 15:25,05F0309S,05F0439S,41,519,1
2024/04/08 15:25,05F0309S,05F0439S,42,515,1
2024/04/08 15:25,05F0309S,05F0439S,5,497,6
2024/04/08 15:25,05F0439S,05F0494S,31,207,12
2024/04/08 15:25,05F0439S,05F0494S,32,206,5
2024/04/08 15:25,05F0439S,05F0494S,41,0,0
2024/04/08 15:25,05F0439S,05F0494S,42,214,1
2024/04/08 15:25,05F0439S,05F0494S,5,207,2
2024/04/08 15:30,05F0000S,05F0055S,31,248,72
2024/04/08 15:30,05F0000S,05F0055S,32,248,38
2024/04/08 15:30,05F0000S,05F0055S,41,258,6
2024/04/08 15:30,05F0000S,05F0055S,42,0,0
2024/04/08 15:30,05F0000S,05F0055S,5,0,0
2024/04/08 15:30,05F0055S,05F0287S,31,1022,65
2024/04/08 15:30,05F0055S,05F0287S,32,1026,29
2024/04/08 15:30,05F0055S,05F0287S,41,1026,3
2024/04/08 15:30,05F0055S,05F0287S,42,0,0
2024/04/08 15:30,05F0055S,05F0287S,5,0,0
2024/04/08 15:30,05F0287S,05F0309S,31,84,55
2024/04/08 15:30,05F0287S,05F0309S,32,87,18
2024/04/08 15:30,05F0287S,05F0309S,41,92,3
2024/04/08 15:30,05F0287S,05F0309S,42,0,0
2024/04/08 15:30,05F0287S,05F0309S,5,0,0
2024/04/08 15:30,05F0309S,05F0439S,31,475,39
2024/04/08 15:30,05F0309S,05F0439S,32,499,9
2024/04/08 15:30,05F0309S,05F0439S,41,0,0
2024/04/08 15:30,05F0309S,05F0439S,42,0,0
2024/04/08 15:30,05F0309S,05F0439S,5,509,6
2024/04/08 15:30,05F0439S,05F0494S,31,202,17
2024/04/08 15:30,05F0439S,05F0494S,32,228,8
2024/04/08 15:30,05F0439S,05F0494S,41,0,0
2024/04/08 15:30,05F0439S,05F0494S,42,0,0
2024/04/08 15:30,05F0439S,05F0494S,5,220,6
2024/04/08 15:35,05F0000S,05F0055S,31,245,78
2024/04/08 15:35,05F0000S,05F0055S,32,244,36
2024/04/08 15:35,05F0000S,05F0055S,41,248,5
2024/04/08 15:35,05F0000S,05F0055S,42,0,0
2024/04/08 15:35,05F0000S,05F0055S,5,0,0
2024/04/08 15:35,05F0055S,05F0287S,31,990,101
2024/04/08 15:35,05F0055S,05F0287S,32,994,38
2024/04/08 15:35,05F0055S,05F0287S,41,1034,4
2024/04/08 15:35,05F0055S,05F0287S,42,0,0
2024/04/08 15:35,05F0055S,05F0287S,5,0,0
2024/04/08 15:35,05F0287S,05F0309S,31,87,68
2024/04/08 15:35,05F0287S,05F0309S,32,87,28
2024/04/08 15:35,05F0287S,05F0309S,41,94,5
2024/04/08 15:35,05F0287S,05F0309S,42,0,0
2024/04/08 15:35,05F0287S,05F0309S,5,0,0
2024/04/08 15:35,05F0309S,05F0439S,31,474,53
2024/04/08 15:35,05F0309S,05F0439S,32,477,13
2024/04/08 15:35,05F0309S,05F0439S,41,533,2
2024/04/08 15:35,05F0309S,05F0439S,42,525,1
2024/04/08 15:35,05F0309S,05F0439S,5,533,7
2024/04/08 15:35,05F0439S,05F0494S,31,204,20
2024/04/08 15:35,05F0439S,05F0494S,32,206,4
2024/04/08 15:35,05F0439S,05F0494S,41,0,0
2024/04/08 15:35,05F0439S,05F0494S,42,214,1
2024/04/08 15:35,05F0439S,05F0494S,5,204,3
2024/04/08 15:40,05F0000S,05F0055S,31,245,69
2024/04/08 15:40,05F0000S,05F0055S,32,244,26
2024/04/08 15:40,05F0000S,05F0055S,41,264,1
2024/04/08 15:40,05F0000S,05F0055S,42,0,0
2024/04/08 15:40,05F0000S,05F0055S,5,0,0
2024/04/08 15:40,05F0055S,05F0287S,31,995,79
2024/04/08 15:40,05F0055S,05F0287S,32,1014,32
2024/04/08 15:40,05F0055S,05F0287S,41,1094,5
2024/04/08 15:40,05F0055S,05F0287S,42,0,0
2024/04/08 15:40,05F0055S,05F0287S,5,0,0
2024/04/08 15:40,05F0287S,05F0309S,31,85,51
2024/04/08 15:40,05F0287S,05F0309S,32,89,27
2024/04/08 15:40,05F0287S,05F0309S,41,92,2
2024/04/08 15:40,05F0287S,05F0309S,42,0,0
2024/04/08 15:40,05F0287S,05F0309S,5,0,0
2024/04/08 15:40,05F0309S,05F0439S,31,466,33
2024/04/08 15:40,05F0309S,05F0439S,32,491,20
2024/04/08 15:40,05F0309S,05F0439S,41,517,1
2024/04/08 15:40,05F0309S,05F0439S,42,532,1
2024/04/08 15:40,05F0309S,05F0439S,5,496,1
2024/04/08 15:40,05F0439S,05F0494S,31,208,15
2024/04/08 15:40,05F0439S,05F0494S,32,233,5
2024/04/08 15:40,05F0439S,05F0494S,41,0,0
2024/04/08 15:40,05F0439S,05F0494S,42,0,0
2024/04/08 15:40,05F0439S,05F0494S,5,222,2
2024/04/08 15:45,05F0000S,05F0055S,31,244,93
2024/04/08 15:45,05F0000S,05F0055S,32,243,24
2024/04/08 15:45,05F0000S,05F0055S,41,251,3
2024/04/08 15:45,05F0000S,05F0055S,42,247,1
2024/04/08 15:45,05F0000S,05F0055S,5,0,0
2024/04/08 15:45,05F0055S,05F0287S,31,979,79
2024/04/08 15:45,05F0055S,05F0287S,32,996,37
2024/04/08 15:45,05F0055S,05F0287S,41,1023,7
2024/04/08 15:45,05F0055S,05F0287S,42,0,0
2024/04/08 15:45,05F0055S,05F0287S,5,0,0
2024/04/08 15:45,05F0287S,05F0309S,31,85,70
2024/04/08 15:45,05F0287S,05F0309S,32,88,16
2024/04/08 15:45,05F0287S,05F0309S,41,94,4
2024/04/08 15:45,05F0287S,05F0309S,42,0,0
2024/04/08 15:45,05F0287S,05F0309S,5,0,0
2024/04/08 15:45,05F0309S,05F0439S,31,472,46
2024/04/08 15:45,05F0309S,05F0439S,32,486,12
2024/04/08 15:45,05F0309S,05F0439S,41,512,2
2024/04/08 15:45,05F0309S,05F0439S,42,547,1
2024/04/08 15:45,05F0309S,05F0439S,5,513,5
2024/04/08 15:45,05F0439S,05F0494S,31,203,14
2024/04/08 15:45,05F0439S,05F0494S,32,206,11
2024/04/08 15:45,05F0439S,05F0494S,41,0,0
2024/04/08 15:45,05F0439S,05F0494S,42,230,1
2024/04/08 15:45,05F0439S,05F0494S,5,210,3
2024/04/08 15:50,05F0000S,05F0055S,31,244,65
2024/04/08 15:50,05F0000S,05F0055S,32,251,26
2024/04/08 15:50,05F0000S,05F0055S,41,249,6
2024/04/08 15:50,05F0000S,05F0055S,42,0,0
2024/04/08 15:50,05F0000S,05F0055S,5,0,0
2024/04/08 15:50,05F0055S,05F0287S,31,984,89
2024/04/08 15:50,05F0055S,05F0287S,32,989,35
2024/04/08 15:50,05F0055S,05F0287S,41,1046,3
2024/04/08 15:50,05F0055S,05F0287S,42,0,0
2024/04/08 15:50,05F0055S,05F0287S,5,0,0
2024/04/08 15:50,05F0287S,05F0309S,31,83,64
2024/04/08 15:50,05F0287S,05F0309S,32,86,30
2024/04/08 15:50,05F0287S,05F0309S,41,94,4
2024/04/08 15:50,05F0287S,05F0309S,42,0,0
2024/04/08 15:50,05F0287S,05F0309S,5,0,0
2024/04/08 15:50,05F0309S,05F0439S,31,472,36
2024/04/08 15:50,05F0309S,05F0439S,32,494,18
2024/04/08 15:50,05F0309S,05F0439S,41,527,3
2024/04/08 15:50,05F0309S,05F0439S,42,0,0
2024/04/08 15:50,05F0309S,05F0439S,5,534,6
2024/04/08 15:50,05F0439S,05F0494S,31,195,12
2024/04/08 15:50,05F0439S,05F0494S,32,217,7
2024/04/08 15:50,05F0439S,05F0494S,41,0,0
2024/04/08 15:50,05F0439S,05F0494S,42,0,0
2024/04/08 15:50,05F0439S,05F0494S,5,223,6
2024/04/08 15:55,05F0000S,05F0055S,31,249,77
2024/04/08 15:55,05F0000S,05F0055S,32,244,33
2024/04/08 15:55,05F0000S,05F0055S,41,248,5
2024/04/08 15:55,05F0000S,05F0055S,42,0,0
2024/04/08 15:55,05F0000S,05F0055S,5,0,0
2024/04/08 15:55,05F0055S,05F0287S,31,977,78
2024/04/08 15:55,05F0055S,05F0287S,32,992,37
2024/04/08 15:55,05F0055S,05F0287S,41,1024,2
2024/04/08 15:55,05F0055S,05F0287S,42,0,0
2024/04/08 15:55,05F0055S,05F0287S,5,0,0
2024/04/08 15:55,05F0287S,05F0309S,31,84,56
2024/04/08 15:55,05F0287S,05F0309S,32,88,29
2024/04/08 15:55,05F0287S,05F0309S,41,90,3
2024/04/08 15:55,05F0287S,05F0309S,42,0,0
2024/04/08 15:55,05F0287S,05F0309S,5,0,0
2024/04/08 15:55,05F0309S,05F0439S,31,472,45
2024/04/08 15:55,05F0309S,05F0439S,32,522,11
2024/04/08 15:55,05F0309S,05F0439S,41,548,1
2024/04/08 15:55,05F0309S,05F0439S,42,472,1
2024/04/08 15:55,05F0309S,05F0439S,5,500,7
2024/04/08 15:55,05F0439S,05F0494S,31,193,17
2024/04/08 15:55,05F0439S,05F0494S,32,210,5
2024/04/08 15:55,05F0439S,05F0494S,41,0,0
2024/04/08 15:55,05F0439S,05F0494S,42,0,0
2024/04/08 15:55,05F0439S,05F0494S,5,227,4
2024/04/08 16:00,05F0000S,05F0055S,31,244,70
2024/04/08 16:00,05F0000S,05F0055S,32,250,35
2024/04/08 16:00,05F0000S,05F0055S,41,251,1
2024/04/08 16:00,05F0000S,05F0055S,42,0,0
2024/04/08 16:00,05F0000S,05F0055S,5,0,0
2024/04/08 16:00,05F0055S,05F0287S,31,1004,85
2024/04/08 16:00,05F0055S,05F0287S,32,1007,27
2024/04/08 16:00,05F0055S,05F0287S,41,1058,2
2024/04/08 16:00,05F0055S,05F0287S,42,0,0
2024/04/08 16:00,05F0055S,05F0287S,5,0,0
2024/04/08 16:00,05F0287S,05F0309S,31,85,55
2024/04/08 16:00,05F0287S,05F0309S,32,86,23
2024/04/08 16:00,05F0287S,05F0309S,41,0,0
2024/04/08 16:00,05F0287S,05F0309S,42,0,0
2024/04/08 16:00,05F0287S,05F0309S,5,0,0
2024/04/08 16:00,05F0309S,05F0439S,31,478,49
2024/04/08 16:00,05F0309S,05F0439S,32,496,18
2024/04/08 16:00,05F0309S,05F0439S,41,529,4
2024/04/08 16:00,05F0309S,05F0439S,42,0,0
2024/04/08 16:00,05F0309S,05F0439S,5,487,9
2024/04/08 16:00,05F0439S,05F0494S,31,199,18
2024/04/08 16:00,05F0439S,05F0494S,32,215,1
2024/04/08 16:00,05F0439S,05F0494S,41,0,0
2024/04/08 16:00,05F0439S,05F0494S,42,0,0
2024/04/08 16:00,05F0439S,05F0494S,5,205,2
2024/04/08 16:05,05F0000S,05F0055S,31,245,79
2024/04/08 16:05,05F0000S,05F0055S,32,243,28
2024/04/08 16:05,05F0000S,05F0055S,41,259,2
2024/04/08 16:05,05F0000S,05F0055S,42,0,0
2024/04/08 16:05,05F0000S,05F0055S,5,0,0
2024/04/08 16:05,05F0055S,05F0287S,31,981,88
2024/04/08 16:05,05F0055S,05F0287S,32,990,25
2024/04/08 16:05,05F0055S,05F0287S,41,1017,5
2024/04/08 16:05,05F0055S,05F0287S,42,1053,1
2024/04/08 16:05,05F0055S,05F0287S,5,0,0
2024/04/08 16:05,05F0287S,05F0309S,31,83,71
2024/04/08 16:05,05F0287S,05F0309S,32,86,16
2024/04/08 16:05,05F0287S,05F0309S,41,94,4
2024/04/08 16:05,05F0287S,05F0309S,42,93,1
2024/04/08 16:05,05F0287S,05F0309S,5,0,0
2024/04/08 16:05,05F0309S,05F0439S,31,473,38
2024/04/08 16:05,05F0309S,05F0439S,32,496,19
2024/04/08 16:05,05F0309S,05F0439S,41,521,3
2024/04/08 16:05,05F0309S,05F0439S,42,0,0
2024/04/08 16:05,05F0309S,05F0439S,5,527,5
2024/04/08 16:05,05F0439S,05F0494S,31,203,11
2024/04/08 16:05,05F0439S,05F0494S,32,227,5
2024/04/08 16:05,05F0439S,05F0494S,41,232,3
2024/04/08 16:05,05F0439S,05F0494S,42,0,0
2024/04/08 16:05,05F0439S,05F0494S,5,206,9
2024/04/08 16:10,05F0000S,05F0055S,31,244,84
2024/04/08 16:10,05F0000S,05F0055S,32,247,32
2024/04/08 16:10,05F0000S,05F0055S,41,275,5
2024/04/08 16:10,05F0000S,05F0055S,42,0,0
2024/04/08 16:10,05F0000S,05F0055S,5,0,0
2024/04/08 16:10,05F0055S,05F0287S,31,994,86
2024/04/08 16:10,05F0055S,05F0287S,32,994,33
2024/04/08 16:10,05F0055S,05F0287S,41,1030,5
2024/04/08 16:10,05F0055S,05F0287S,42,0,0
2024/04/08 16:10,05F0055S,05F0287S,5,0,0
2024/04/08 16:10,05F0287S,05F0309S,31,84,59
2024/04/08 16:10,05F0287S,05F0309S,32,84,32
2024/04/08 16:10,05F0287S,05F0309S,41,86,2
2024/04/08 16:10,05F0287S,05F0309S,42,0,0
2024/04/08 16:10,05F0287S,05F0309S,5,0,0
2024/04/08 16:10,05F0309S,05F0439S,31,460,39
2024/04/08 16:10,05F0309S,05F0439S,32,503,20
2024/04/08 16:10,05F0309S,05F0439S,41,530,4
2024/04/08 16:10,05F0309S,05F0439S,42,0,0
2024/04/08 16:10,05F0309S,05F0439S,5,485,5
2024/04/08 16:10,05F0439S,05F0494S,31,202,18
2024/04/08 16:10,05F0439S,05F0494S,32,231,3
2024/04/08 16:10,05F0439S,05F0494S,41,0,0
2024/04/08 16:10,05F0439S,05F0494S,42,242,1
2024/04/08 16:10,05F0439S,05F0494S,5,207,7
2024/04/08 16:15,05F0000S,05F0055S,31,244,74
2024/04/08 16:15,05F0000S,05F0055S,32,246,32
2024/04/08 16:15,05F0000S,05F0055S,41,243,2
2024/04/08 16:15,05F0000S,05F0055S,42,0,0
2024/04/08 16:15,05F0000S,05F0055S,5,0,0
2024/04/08 16:15,05F0055S,05F0287S,31,1005,71
2024/04/08 16:15,05F0055S,05F0287S,32,990,31
2024/04/08 16:15,05F0055S,05F0287S,41,1016,4
2024/04/08 16:15,05F0055S,05F0287S,42,0,0
2024/04/08 16:15,05F0055S,05F0287S,5,0,0
2024/04/08 16:15,05F0287S,05F0309S,31,90,59
2024/04/08 16:15,05F0287S,05F0309S,32,89,25
2024/04/08 16:15,05F0287S,05F0309S,41,92,5
2024/04/08 16:15,05F0287S,05F0309S,42,0,0
2024/04/08 16:15,05F0287S,05F0309S,5,0,0
2024/04/08 16:15,05F0309S,05F0439S,31,464,31
2024/04/08 16:15,05F0309S,05F0439S,32,489,10
2024/04/08 16:15,05F0309S,05F0439S,41,541,1
2024/04/08 16:15,05F0309S,05F0439S,42,533,1
2024/04/08 16:15,05F0309S,05F0439S,5,513,3
2024/04/08 16:15,05F0439S,05F0494S,31,234,7
2024/04/08 16:15,05F0439S,05F0494S,32,200,6
2024/04/08 16:15,05F0439S,05F0494S,41,0,0
2024/04/08 16:15,05F0439S,05F0494S,42,0,0
2024/04/08 16:15,05F0439S,05F0494S,5,206,1
2024/04/08 16:20,05F0000S,05F0055S,31,237,82
2024/04/08 16:20,05F0000S,05F0055S,32,239,21
2024/04/08 16:20,05F0000S,05F0055S,41,253,7
2024/04/08 16:20,05F0000S,05F0055S,42,0,0
2024/04/08 16:20,05F0000S,05F0055S,5,0,0
2024/04/08 16:20,05F0055S,05F0287S,31,1003,99
2024/04/08 16:20,05F0055S,05F0287S,32,1001,34
2024/04/08 16:20,05F0055S,05F0287S,41,0,0
2024/04/08 16:20,05F0055S,05F0287S,42,0,0
2024/04/08 16:20,05F0055S,05F0287S,5,0,0
2024/04/08 16:20,05F0287S,05F0309S,31,86,57
2024/04/08 16:20,05F0287S,05F0309S,32,87,22
2024/04/08 16:20,05F0287S,05F0309S,41,0,0
2024/04/08 16:20,05F0287S,05F0309S,42,0,0
2024/04/08 16:20,05F0287S,05F0309S,5,0,0
2024/04/08 16:20,05F0309S,05F0439S,31,483,37
2024/04/08 16:20,05F0309S,05F0439S,32,478,18
2024/04/08 16:20,05F0309S,05F0439S,41,491,2
2024/04/08 16:20,05F0309S,05F0439S,42,2653,1
2024/04/08 16:20,05F0309S,05F0439S,5,495,5
2024/04/08 16:20,05F0439S,05F0494S,31,196,16
2024/04/08 16:20,05F0439S,05F0494S,32,211,9
2024/04/08 16:20,05F0439S,05F0494S,41,236,1
2024/04/08 16:20,05F0439S,05F0494S,42,0,0
2024/04/08 16:20,05F0439S,05F0494S,5,214,5
2024/04/08 16:25,05F0000S,05F0055S,31,243,87
2024/04/08 16:25,05F0000S,05F0055S,32,243,28
2024/04/08 16:25,05F0000S,05F0055S,41,260,3
2024/04/08 16:25,05F0000S,05F0055S,42,0,0
2024/04/08 16:25,05F0000S,05F0055S,5,0,0
2024/04/08 16:25,05F0055S,05F0287S,31,978,73
2024/04/08 16:25,05F0055S,05F0287S,32,979,36
2024/04/08 16:25,05F0055S,05F0287S,41,1029,6
2024/04/08 16:25,05F0055S,05F0287S,42,0,0
2024/04/08 16:25,05F0055S,05F0287S,5,0,0
2024/04/08 16:25,05F0287S,05F0309S,31,85,57
2024/04/08 16:25,05F0287S,05F0309S,32,86,25
2024/04/08 16:25,05F0287S,05F0309S,41,93,2
2024/04/08 16:25,05F0287S,05F0309S,42,0,0
2024/04/08 16:25,05F0287S,05F0309S,5,0,0
2024/04/08 16:25,05F0309S,05F0439S,31,476,30
2024/04/08 16:25,05F0309S,05F0439S,32,482,18
2024/04/08 16:25,05F0309S,05F0439S,41,523,1
2024/04/08 16:25,05F0309S,05F0439S,42,473,2
2024/04/08 16:25,05F0309S,05F0439S,5,492,5
2024/04/08 16:25,05F0439S,05F0494S,31,204,7
2024/04/08 16:25,05F0439S,05F0494S,32,212,2
2024/04/08 16:25,05F0439S,05F0494S,41,0,0
2024/04/08 16:25,05F0439S,05F0494S,42,218,2
2024/04/08 16:25,05F0439S,05F0494S,5,208,2
2024/04/08 16:30,05F0000S,05F0055S,31,242,83
2024/04/08 16:30,05F0000S,05F0055S,32,240,26
2024/04/08 16:30,05F0000S,05F0055S,41,248,6
2024/04/08 16:30,05F0000S,05F0055S,42,0,0
2024/04/08 16:30,05F0000S,05F0055S,5,0,0
2024/04/08 16:30,05F0055S,05F0287S,31,974,84
2024/04/08 16:30,05F0055S,05F0287S,32,969,30
2024/04/08 16:30,05F0055S,05F0287S,41,996,2
2024/04/08 16:30,05F0055S,05F0287S,42,0,0
2024/04/08 16:30,05F0055S,05F0287S,5,0,0
2024/04/08 16:30,05F0287S,05F0309S,31,85,62
2024/04/08 16:30,05F0287S,05F0309S,32,87,23
2024/04/08 16:30,05F0287S,05F0309S,41,88,1
2024/04/08 16:30,05F0287S,05F0309S,42,0,0
2024/04/08 16:30,05F0287S,05F0309S,5,0,0
2024/04/08 16:30,05F0309S,05F0439S,31,483,40
2024/04/08 16:30,05F0309S,05F0439S,32,483,13
2024/04/08 16:30,05F0309S,05F0439S,41,0,0
2024/04/08 16:30,05F0309S,05F0439S,42,521,3
2024/04/08 16:30,05F0309S,05F0439S,5,505,3
2024/04/08 16:30,05F0439S,05F0494S,31,205,11
2024/04/08 16:30,05F0439S,05F0494S,32,203,4
2024/04/08 16:30,05F0439S,05F0494S,41,0,0
2024/04/08 16:30,05F0439S,05F0494S,42,214,1
2024/04/08 16:30,05F0439S,05F0494S,5,207,5
2024/04/08 16:35,05F0000S,05F0055S,31,242,78
2024/04/08 16:35,05F0000S,05F0055S,32,236,24
2024/04/08 16:35,05F0000S,05F0055S,41,265,3
2024/04/08 16:35,05F0000S,05F0055S,42,0,0
2024/04/08 16:35,05F0000S,05F0055S,5,0,0
2024/04/08 16:35,05F0055S,05F0287S,31,989,90
2024/04/08 16:35,05F0055S,05F0287S,32,998,27
2024/04/08 16:35,05F0055S,05F0287S,41,1019,4
2024/04/08 16:35,05F0055S,05F0287S,42,0,0
2024/04/08 16:35,05F0055S,05F0287S,5,0,0
2024/04/08 16:35,05F0287S,05F0309S,31,84,60
2024/04/08 16:35,05F0287S,05F0309S,32,85,23
2024/04/08 16:35,05F0287S,05F0309S,41,91,4
2024/04/08 16:35,05F0287S,05F0309S,42,0,0
2024/04/08 16:35,05F0287S,05F0309S,5,0,0
2024/04/08 16:35,05F0309S,05F0439S,31,478,33
2024/04/08 16:35,05F0309S,05F0439S,32,488,21
2024/04/08 16:35,05F0309S,05F0439S,41,532,1
2024/04/08 16:35,05F0309S,05F0439S,42,0,0
2024/04/08 16:35,05F0309S,05F0439S,5,503,4
2024/04/08 16:35,05F0439S,05F0494S,31,206,9
2024/04/08 16:35,05F0439S,05F0494S,32,202,2
2024/04/08 16:35,05F0439S,05F0494S,41,0,0
2024/04/08 16:35,05F0439S,05F0494S,42,214,1
2024/04/08 16:35,05F0439S,05F0494S,5,206,3
2024/04/08 16:40,05F0000S,05F0055S,31,244,79
2024/04/08 16:40,05F0000S,05F0055S,32,245,26
2024/04/08 16:40,05F0000S,05F0055S,41,248,6
2024/04/08 16:40,05F0000S,05F0055S,42,0,0
2024/04/08 16:40,05F0000S,05F0055S,5,0,0
2024/04/08 16:40,05F0055S,05F0287S,31,987,102
2024/04/08 16:40,05F0055S,05F0287S,32,985,28
2024/04/08 16:40,05F0055S,05F0287S,41,1014,5
2024/04/08 16:40,05F0055S,05F0287S,42,0,0
2024/04/08 16:40,05F0055S,05F0287S,5,0,0
2024/04/08 16:40,05F0287S,05F0309S,31,85,67
2024/04/08 16:40,05F0287S,05F0309S,32,87,20
2024/04/08 16:40,05F0287S,05F0309S,41,93,2
2024/04/08 16:40,05F0287S,05F0309S,42,0,0
2024/04/08 16:40,05F0287S,05F0309S,5,0,0
2024/04/08 16:40,05F0309S,05F0439S,31,480,43
2024/04/08 16:40,05F0309S,05F0439S,32,456,10
2024/04/08 16:40,05F0309S,05F0439S,41,483,1
2024/04/08 16:40,05F0309S,05F0439S,42,553,1
2024/04/08 16:40,05F0309S,05F0439S,5,501,9
2024/04/08 16:40,05F0439S,05F0494S,31,208,9
2024/04/08 16:40,05F0439S,05F0494S,32,227,4
2024/04/08 16:40,05F0439S,05F0494S,41,0,0
2024/04/08 16:40,05F0439S,05F0494S,42,0,0
2024/04/08 16:40,05F0439S,05F0494S,5,210,5
2024/04/08 16:45,05F0000S,05F0055S,31,240,79
2024/04/08 16:45,05F0000S,05F0055S,32,243,27
2024/04/08 16:45,05F0000S,05F0055S,41,668,4
2024/04/08 16:45,05F0000S,05F0055S,42,0,0
2024/04/08 16:45,05F0000S,05F0055S,5,0,0
2024/04/08 16:45,05F0055S,05F0287S,31,986,91
2024/04/08 16:45,05F0055S,05F0287S,32,992,26
2024/04/08 16:45,05F0055S,05F0287S,41,1048,6
2024/04/08 16:45,05F0055S,05F0287S,42,0,0
2024/04/08 16:45,05F0055S,05F0287S,5,0,0
2024/04/08 16:45,05F0287S,05F0309S,31,84,67
2024/04/08 16:45,05F0287S,05F0309S,32,86,27
2024/04/08 16:45,05F0287S,05F0309S,41,90,4
2024/04/08 16:45,05F0287S,05F0309S,42,0,0
2024/04/08 16:45,05F0287S,05F0309S,5,0,0
2024/04/08 16:45,05F0309S,05F0439S,31,448,42
2024/04/08 16:45,05F0309S,05F0439S,32,510,15
2024/04/08 16:45,05F0309S,05F0439S,41,524,2
2024/04/08 16:45,05F0309S,05F0439S,42,0,0
2024/04/08 16:45,05F0309S,05F0439S,5,537,3
2024/04/08 16:45,05F0439S,05F0494S,31,197,15
2024/04/08 16:45,05F0439S,05F0494S,32,194,3
2024/04/08 16:45,05F0439S,05F0494S,41,223,1
2024/04/08 16:45,05F0439S,05F0494S,42,0,0
2024/04/08 16:45,05F0439S,05F0494S,5,218,7
2024/04/08 16:50,05F0000S,05F0055S,31,247,85
2024/04/08 16:50,05F0000S,05F0055S,32,252,34
2024/04/08 16:50,05F0000S,05F0055S,41,246,6
2024/04/08 16:50,05F0000S,05F0055S,42,0,0
2024/04/08 16:50,05F0000S,05F0055S,5,0,0
2024/04/08 16:50,05F0055S,05F0287S,31,963,85
2024/04/08 16:50,05F0055S,05F0287S,32,976,33
2024/04/08 16:50,05F0055S,05F0287S,41,1029,3
2024/04/08 16:50,05F0055S,05F0287S,42,1059,1
2024/04/08 16:50,05F0055S,05F0287S,5,0,0
2024/04/08 16:50,05F0287S,05F0309S,31,84,70
2024/04/08 16:50,05F0287S,05F0309S,32,84,24
2024/04/08 16:50,05F0287S,05F0309S,41,92,3
2024/04/08 16:50,05F0287S,05F0309S,42,87,1
2024/04/08 16:50,05F0287S,05F0309S,5,0,0
2024/04/08 16:50,05F0309S,05F0439S,31,461,34
2024/04/08 16:50,05F0309S,05F0439S,32,485,17
2024/04/08 16:50,05F0309S,05F0439S,41,530,2
2024/04/08 16:50,05F0309S,05F0439S,42,0,0
2024/04/08 16:50,05F0309S,05F0439S,5,0,0
2024/04/08 16:50,05F0439S,05F0494S,31,184,16
2024/04/08 16:50,05F0439S,05F0494S,32,205,6
2024/04/08 16:50,05F0439S,05F0494S,41,0,0
2024/04/08 16:50,05F0439S,05F0494S,42,0,0
2024/04/08 16:50,05F0439S,05F0494S,5,229,1
2024/04/08 16:55,05F0000S,05F0055S,31,240,96
2024/04/08 16:55,05F0000S,05F0055S,32,245,27
2024/04/08 16:55,05F0000S,05F0055S,41,252,6
2024/04/08 16:55,05F0000S,05F0055S,42,0,0
2024/04/08 16:55,05F0000S,05F0055S,5,0,0
2024/04/08 16:55,05F0055S,05F0287S,31,990,79
2024/04/08 16:55,05F0055S,05F0287S,32,1002,28
2024/04/08 16:55,05F0055S,05F0287S,41,1034,5
2024/04/08 16:55,05F0055S,05F0287S,42,0,0
2024/04/08 16:55,05F0055S,05F0287S,5,0,0
2024/04/08 16:55,05F0287S,05F0309S,31,85,44
2024/04/08 16:55,05F0287S,05F0309S,32,87,20
2024/04/08 16:55,05F0287S,05F0309S,41,91,3
2024/04/08 16:55,05F0287S,05F0309S,42,0,0
2024/04/08 16:55,05F0287S,05F0309S,5,0,0
2024/04/08 16:55,05F0309S,05F0439S,31,471,38
2024/04/08 16:55,05F0309S,05F0439S,32,467,16
2024/04/08 16:55,05F0309S,05F0439S,41,524,3
2024/04/08 16:55,05F0309S,05F0439S,42,540,1
2024/04/08 16:55,05F0309S,05F0439S,5,515,2
2024/04/08 16:55,05F0439S,05F0494S,31,209,15
2024/04/08 16:55,05F0439S,05F0494S,32,214,10
2024/04/08 16:55,05F0439S,05F0494S,41,0,0
2024/04/08 16:55,05F0439S,05F0494S,42,0,0
2024/04/08 16:55,05F0439S,05F0494S,5,0,0
2024/04/08 17:00,05F0000S,05F0055S,31,245,87
2024/04/08 17:00,05F0000S,05F0055S,32,244,32
2024/04/08 17:00,05F0000S,05F0055S,41,251,2
2024/04/08 17:00,05F0000S,05F0055S,42,0,0
2024/04/08 17:00,05F0000S,05F0055S,5,0,0
2024/04/08 17:00,05F0055S,05F0287S,31,1009,93
2024/04/08 17:00,05F0055S,05F0287S,32,1000,22
2024/04/08 17:00,05F0055S,05F0287S,41,1036,5
2024/04/08 17:00,05F0055S,05F0287S,42,0,0
2024/04/08 17:00,05F0055S,05F0287S,5,0,0
2024/04/08 17:00,05F0287S,05F0309S,31,88,62
2024/04/08 17:00,05F0287S,05F0309S,32,88,15
2024/04/08 17:00,05F0287S,05F0309S,41,95,4
2024/04/08 17:00,05F0287S,05F0309S,42,0,0
2024/04/08 17:00,05F0287S,05F0309S,5,0,0
2024/04/08 17:00,05F0309S,05F0439S,31,470,44
2024/04/08 17:00,05F0309S,05F0439S,32,492,14
2024/04/08 17:00,05F0309S,05F0439S,41,524,2
2024/04/08 17:00,05F0309S,05F0439S,42,502,3
2024/04/08 17:00,05F0309S,05F0439S,5,510,5
2024/04/08 17:00,05F0439S,05F0494S,31,198,14
2024/04/08 17:00,05F0439S,05F0494S,32,203,7
2024/04/08 17:00,05F0439S,05F0494S,41,0,0
2024/04/08 17:00,05F0439S,05F0494S,42,224,1
2024/04/08 17:00,05F0439S,05F0494S,5,215,3
2024/04/08 17:05,05F0000S,05F0055S,31,241,83
2024/04/08 17:05,05F0000S,05F0055S,32,244,49
2024/04/08 17:05,05F0000S,05F0055S,41,631,4
2024/04/08 17:05,05F0000S,05F0055S,42,0,0
2024/04/08 17:05,05F0000S,05F0055S,5,0,0
2024/04/08 17:05,05F0055S,05F0287S,31,1006,85
2024/04/08 17:05,05F0055S,05F0287S,32,1009,37
2024/04/08 17:05,05F0055S,05F0287S,41,1061,6
2024/04/08 17:05,05F0055S,05F0287S,42,0,0
2024/04/08 17:05,05F0055S,05F0287S,5,0,0
2024/04/08 17:05,05F0287S,05F0309S,31,86,63
2024/04/08 17:05,05F0287S,05F0309S,32,91,25
2024/04/08 17:05,05F0287S,05F0309S,41,91,1
2024/04/08 17:05,05F0287S,05F0309S,42,0,0
2024/04/08 17:05,05F0287S,05F0309S,5,0,0
2024/04/08 17:05,05F0309S,05F0439S,31,473,28
2024/04/08 17:05,05F0309S,05F0439S,32,518,8
2024/04/08 17:05,05F0309S,05F0439S,41,501,1
2024/04/08 17:05,05F0309S,05F0439S,42,504,1
2024/04/08 17:05,05F0309S,05F0439S,5,504,1
2024/04/08 17:05,05F0439S,05F0494S,31,206,17
2024/04/08 17:05,05F0439S,05F0494S,32,216,4
2024/04/08 17:05,05F0439S,05F0494S,41,0,0
2024/04/08 17:05,05F0439S,05F0494S,42,0,0
2024/04/08 17:05,05F0439S,05F0494S,5,215,3
2024/04/08 17:10,05F0000S,05F0055S,31,242,75
2024/04/08 17:10,05F0000S,05F0055S,32,245,28
2024/04/08 17:10,05F0000S,05F0055S,41,251,8
2024/04/08 17:10,05F0000S,05F0055S,42,0,0
2024/04/08 17:10,05F0000S,05F0055S,5,0,0
2024/04/08 17:10,05F0055S,05F0287S,31,1017,98
2024/04/08 17:10,05F0055S,05F0287S,32,1022,32
2024/04/08 17:10,05F0055S,05F0287S,41,1050,7
2024/04/08 17:10,05F0055S,05F0287S,42,0,0
2024/04/08 17:10,05F0055S,05F0287S,5,0,0
2024/04/08 17:10,05F0287S,05F0309S,31,83,60
2024/04/08 17:10,05F0287S,05F0309S,32,89,25
2024/04/08 17:10,05F0287S,05F0309S,41,91,3
2024/04/08 17:10,05F0287S,05F0309S,42,0,0
2024/04/08 17:10,05F0287S,05F0309S,5,0,0
2024/04/08 17:10,05F0309S,05F0439S,31,484,47
2024/04/08 17:10,05F0309S,05F0439S,32,493,14
2024/04/08 17:10,05F0309S,05F0439S,41,525,3
2024/04/08 17:10,05F0309S,05F0439S,42,522,1
2024/04/08 17:10,05F0309S,05F0439S,5,519,6
2024/04/08 17:10,05F0439S,05F0494S,31,207,15
2024/04/08 17:10,05F0439S,05F0494S,32,1046,2
2024/04/08 17:10,05F0439S,05F0494S,41,0,0
2024/04/08 17:10,05F0439S,05F0494S,42,208,1
2024/04/08 17:10,05F0439S,05F0494S,5,216,2
2024/04/08 17:15,05F0000S,05F0055S,31,243,93
2024/04/08 17:15,05F0000S,05F0055S,32,249,39
2024/04/08 17:15,05F0000S,05F0055S,41,246,1
2024/04/08 17:15,05F0000S,05F0055S,42,0,0
2024/04/08 17:15,05F0000S,05F0055S,5,0,0
2024/04/08 17:15,05F0055S,05F0287S,31,991,106
2024/04/08 17:15,05F0055S,05F0287S,32,987,39
2024/04/08 17:15,05F0055S,05F0287S,41,1063,5
2024/04/08 17:15,05F0055S,05F0287S,42,0,0
2024/04/08 17:15,05F0055S,05F0287S,5,0,0
2024/04/08 17:15,05F0287S,05F0309S,31,86,92
2024/04/08 17:15,05F0287S,05F0309S,32,86,26
2024/04/08 17:15,05F0287S,05F0309S,41,94,6
2024/04/08 17:15,05F0287S,05F0309S,42,0,0
2024/04/08 17:15,05F0287S,05F0309S,5,0,0
2024/04/08 17:15,05F0309S,05F0439S,31,482,42
2024/04/08 17:15,05F0309S,05F0439S,32,498,24
2024/04/08 17:15,05F0309S,05F0439S,41,524,3
2024/04/08 17:15,05F0309S,05F0439S,42,0,0
2024/04/08 17:15,05F0309S,05F0439S,5,524,8
2024/04/08 17:15,05F0439S,05F0494S,31,207,13
2024/04/08 17:15,05F0439S,05F0494S,32,211,9
2024/04/08 17:15,05F0439S,05F0494S,41,0,0
2024/04/08 17:15,05F0439S,05F0494S,42,233,2
2024/04/08 17:15,05F0439S,05F0494S,5,223,7
2024/04/08 17:20,05F0000S,05F0055S,31,245,91
2024/04/08 17:20,05F0000S,05F0055S,32,245,40
2024/04/08 17:20,05F0000S,05F0055S,41,251,1
2024/04/08 17:20,05F0000S,05F0055S,42,0,0
2024/04/08 17:20,05F0000S,05F0055S,5,0,0
2024/04/08 17:20,05F0055S,05F0287S,31,990,68
2024/04/08 17:20,05F0055S,05F0287S,32,994,38
2024/04/08 17:20,05F0055S,05F0287S,41,984,1
2024/04/08 17:20,05F0055S,05F0287S,42,0,0
2024/04/08 17:20,05F0055S,05F0287S,5,0,0
2024/04/08 17:20,05F0287S,05F0309S,31,86,68
2024/04/08 17:20,05F0287S,05F0309S,32,86,27
2024/04/08 17:20,05F0287S,05F0309S,41,94,2
2024/04/08 17:20,05F0287S,05F0309S,42,0,0
2024/04/08 17:20,05F0287S,05F0309S,5,0,0
2024/04/08 17:20,05F0309S,05F0439S,31,475,49
2024/04/08 17:20,05F0309S,05F0439S,32,505,13
2024/04/08 17:20,05F0309S,05F0439S,41,530,2
2024/04/08 17:20,05F0309S,05F0439S,42,0,0
2024/04/08 17:20,05F0309S,05F0439S,5,515,3
2024/04/08 17:20,05F0439S,05F0494S,31,196,12
2024/04/08 17:20,05F0439S,05F0494S,32,202,12
2024/04/08 17:20,05F0439S,05F0494S,41,0,0
2024/04/08 17:20,05F0439S,05F0494S,42,0,0
2024/04/08 17:20,05F0439S,05F0494S,5,221,5
2024/04/08 17:25,05F0000S,05F0055S,31,242,90
2024/04/08 17:25,05F0000S,05F0055S,32,238,36
2024/04/08 17:25,05F0000S,05F0055S,41,243,3
2024/04/08 17:25,05F0000S,05F0055S,42,0,0
2024/04/08 17:25,05F0000S,05F0055S,5,0,0
2024/04/08 17:25,05F0055S,05F0287S,31,997,102
2024/04/08 17:25,05F0055S,05F0287S,32,1005,40
2024/04/08 17:25,05F0055S,05F0287S,41,1050,4
2024/04/08 17:25,05F0055S,05F0287S,42,0,0
2024/04/08 17:25,05F0055S,05F0287S,5,0,0
2024/04/08 17:25,05F0287S,05F0309S,31,88,67
2024/04/08 17:25,05F0287S,05F0309S,32,88,33
2024/04/08 17:25,05F0287S,05F0309S,41,88,2
2024/04/08 17:25,05F0287S,05F0309S,42,0,0
2024/04/08 17:25,05F0287S,05F0309S,5,0,0
2024/04/08 17:25,05F0309S,05F0439S,31,480,42
2024/04/08 17:25,05F0309S,05F0439S,32,492,16
2024/04/08 17:25,05F0309S,05F0439S,41,545,3
2024/04/08 17:25,05F0309S,05F0439S,42,0,0
2024/04/08 17:25,05F0309S,05F0439S,5,502,4
2024/04/08 17:25,05F0439S,05F0494S,31,195,19
2024/04/08 17:25,05F0439S,05F0494S,32,200,6
2024/04/08 17:25,05F0439S,05F0494S,41,0,0
2024/04/08 17:25,05F0439S,05F0494S,42,0,0
2024/04/08 17:25,05F0439S,05F0494S,5,229,1
2024/04/08 17:30,05F0000S,05F0055S,31,246,66
2024/04/08 17:30,05F0000S,05F0055S,32,246,31
2024/04/08 17:30,05F0000S,05F0055S,41,253,5
2024/04/08 17:30,05F0000S,05F0055S,42,0,0
2024/04/08 17:30,05F0000S,05F0055S,5,0,0
2024/04/08 17:30,05F0055S,05F0287S,31,983,92
2024/04/08 17:30,05F0055S,05F0287S,32,987,45
2024/04/08 17:30,05F0055S,05F0287S,41,1036,9
2024/04/08 17:30,05F0055S,05F0287S,42,0,0
2024/04/08 17:30,05F0055S,05F0287S,5,0,0
2024/04/08 17:30,05F0287S,05F0309S,31,84,69
2024/04/08 17:30,05F0287S,05F0309S,32,84,31
2024/04/08 17:30,05F0287S,05F0309S,41,92,7
2024/04/08 17:30,05F0287S,05F0309S,42,0,0
2024/04/08 17:30,05F0287S,05F0309S,5,0,0
2024/04/08 17:30,05F0309S,05F0439S,31,490,37
2024/04/08 17:30,05F0309S,05F0439S,32,498,18
2024/04/08 17:30,05F0309S,05F0439S,41,0,0
2024/04/08 17:30,05F0309S,05F0439S,42,604,1
2024/04/08 17:30,05F0309S,05F0439S,5,529,2
2024/04/08 17:30,05F0439S,05F0494S,31,205,16
2024/04/08 17:30,05F0439S,05F0494S,32,192,6
2024/04/08 17:30,05F0439S,05F0494S,41,0,0
2024/04/08 17:30,05F0439S,05F0494S,42,0,0
2024/04/08 17:30,05F0439S,05F0494S,5,205,4
2024/04/08 17:35,05F0000S,05F0055S,31,246,87
2024/04/08 17:35,05F0000S,05F0055S,32,251,53
2024/04/08 17:35,05F0000S,05F0055S,41,619,2
2024/04/08 17:35,05F0000S,05F0055S,42,0,0
2024/04/08 17:35,05F0000S,05F0055S,5,0,0
2024/04/08 17:35,05F0055S,05F0287S,31,990,85
2024/04/08 17:35,05F0055S,05F0287S,32,978,34
2024/04/08 17:35,05F0055S,05F0287S,41,1137,1
2024/04/08 17:35,05F0055S,05F0287S,42,0,0
2024/04/08 17:35,05F0055S,05F0287S,5,0,0
2024/04/08 17:35,05F0287S,05F0309S,31,86,74
2024/04/08 17:35,05F0287S,05F0309S,32,86,33
2024/04/08 17:35,05F0287S,05F0309S,41,100,1
2024/04/08 17:35,05F0287S,05F0309S,42,0,0
2024/04/08 17:35,05F0287S,05F0309S,5,0,0
2024/04/08 17:35,05F0309S,05F0439S,31,477,36
2024/04/08 17:35,05F0309S,05F0439S,32,483,17
2024/04/08 17:35,05F0309S,05F0439S,41,472,2
2024/04/08 17:35,05F0309S,05F0439S,42,0,0
2024/04/08 17:35,05F0309S,05F0439S,5,508,4
2024/04/08 17:35,05F0439S,05F0494S,31,204,15
2024/04/08 17:35,05F0439S,05F0494S,32,215,8
2024/04/08 17:35,05F0439S,05F0494S,41,0,0
2024/04/08 17:35,05F0439S,05F0494S,42,0,0
2024/04/08 17:35,05F0439S,05F0494S,5,233,3
2024/04/08 17:40,05F0000S,05F0055S,31,241,88
2024/04/08 17:40,05F0000S,05F0055S,32,240,33
2024/04/08 17:40,05F0000S,05F0055S,41,247,3
2024/04/08 17:40,05F0000S,05F0055S,42,0,0
2024/04/08 17:40,05F0000S,05F0055S,5,0,0
2024/04/08 17:40,05F0055S,05F0287S,31,998,114
2024/04/08 17:40,05F0055S,05F0287S,32,1008,44
2024/04/08 17:40,05F0055S,05F0287S,41,1073,8
2024/04/08 17:40,05F0055S,05F0287S,42,0,0
2024/04/08 17:40,05F0055S,05F0287S,5,0,0
2024/04/08 17:40,05F0287S,05F0309S,31,86,62
2024/04/08 17:40,05F0287S,05F0309S,32,86,26
2024/04/08 17:40,05F0287S,05F0309S,41,97,5
2024/04/08 17:40,05F0287S,05F0309S,42,0,0
2024/04/08 17:40,05F0287S,05F0309S,5,0,0
2024/04/08 17:40,05F0309S,05F0439S,31,483,43
2024/04/08 17:40,05F0309S,05F0439S,32,490,20
2024/04/08 17:40,05F0309S,05F0439S,41,529,3
2024/04/08 17:40,05F0309S,05F0439S,42,0,0
2024/04/08 17:40,05F0309S,05F0439S,5,498,2
2024/04/08 17:40,05F0439S,05F0494S,31,203,18
2024/04/08 17:40,05F0439S,05F0494S,32,211,4
2024/04/08 17:40,05F0439S,05F0494S,41,0,0
2024/04/08 17:40,05F0439S,05F0494S,42,0,0
2024/04/08 17:40,05F0439S,05F0494S,5,209,3
2024/04/08 17:45,05F0000S,05F0055S,31,240,79
2024/04/08 17:45,05F0000S,05F0055S,32,241,30
2024/04/08 17:45,05F0000S,05F0055S,41,242,5
2024/04/08 17:45,05F0000S,05F0055S,42,0,0
2024/04/08 17:45,05F0000S,05F0055S,5,0,0
2024/04/08 17:45,05F0055S,05F0287S,31,986,78
2024/04/08 17:45,05F0055S,05F0287S,32,990,39
2024/04/08 17:45,05F0055S,05F0287S,41,1218,2
2024/04/08 17:45,05F0055S,05F0287S,42,0,0
2024/04/08 17:45,05F0055S,05F0287S,5,0,0
2024/04/08 17:45,05F0287S,05F0309S,31,86,69
2024/04/08 17:45,05F0287S,05F0309S,32,88,31
2024/04/08 17:45,05F0287S,05F0309S,41,93,4
2024/04/08 17:45,05F0287S,05F0309S,42,0,0
2024/04/08 17:45,05F0287S,05F0309S,5,0,0
2024/04/08 17:45,05F0309S,05F0439S,31,478,40
2024/04/08 17:45,05F0309S,05F0439S,32,469,14
2024/04/08 17:45,05F0309S,05F0439S,41,0,0
2024/04/08 17:45,05F0309S,05F0439S,42,0,0
2024/04/08 17:45,05F0309S,05F0439S,5,504,3
2024/04/08 17:45,05F0439S,05F0494S,31,211,25
2024/04/08 17:45,05F0439S,05F0494S,32,240,1
2024/04/08 17:45,05F0439S,05F0494S,41,0,0
2024/04/08 17:45,05F0439S,05F0494S,42,0,0
2024/04/08 17:45,05F0439S,05F0494S,5,213,3
2024/04/08 17:50,05F0000S,05F0055S,31,248,104
2024/04/08 17:50,05F0000S,05F0055S,32,247,35
2024/04/08 17:50,05F0000S,05F0055S,41,247,3
2024/04/08 17:50,05F0000S,05F0055S,42,0,0
2024/04/08 17:50,05F0000S,05F0055S,5,0,0
2024/04/08 17:50,05F0055S,05F0287S,31,1005,85
2024/04/08 17:50,05F0055S,05F0287S,32,1012,42
2024/04/08 17:50,05F0055S,05F0287S,41,1051,6
2024/04/08 17:50,05F0055S,05F0287S,42,0,0
2024/04/08 17:50,05F0055S,05F0287S,5,0,0
2024/04/08 17:50,05F0287S,05F0309S,31,85,51
2024/04/08 17:50,05F0287S,05F0309S,32,84,26
2024/04/08 17:50,05F0287S,05F0309S,41,92,4
2024/04/08 17:50,05F0287S,05F0309S,42,0,0
2024/04/08 17:50,05F0287S,05F0309S,5,0,0
2024/04/08 17:50,05F0309S,05F0439S,31,487,36
2024/04/08 17:50,05F0309S,05F0439S,32,503,22
2024/04/08 17:50,05F0309S,05F0439S,41,544,5
2024/04/08 17:50,05F0309S,05F0439S,42,509,3
2024/04/08 17:50,05F0309S,05F0439S,5,505,2
2024/04/08 17:50,05F0439S,05F0494S,31,207,13
2024/04/08 17:50,05F0439S,05F0494S,32,177,2
2024/04/08 17:50,05F0439S,05F0494S,41,0,0
2024/04/08 17:50,05F0439S,05F0494S,42,257,1
2024/04/08 17:50,05F0439S,05F0494S,5,214,4
2024/04/08 17:55,05F0000S,05F0055S,31,239,100
2024/04/08 17:55,05F0000S,05F0055S,32,241,26
2024/04/08 17:55,05F0000S,05F0055S,41,237,2
2024/04/08 17:55,05F0000S,05F0055S,42,0,0
2024/04/08 17:55,05F0000S,05F0055S,5,0,0
2024/04/08 17:55,05F0055S,05F0287S,31,1009,116
2024/04/08 17:55,05F0055S,05F0287S,32,1015,55
2024/04/08 17:55,05F0055S,05F0287S,41,1059,3
2024/04/08 17:55,05F0055S,05F0287S,42,0,0
2024/04/08 17:55,05F0055S,05F0287S,5,0,0
2024/04/08 17:55,05F0287S,05F0309S,31,88,87
2024/04/08 17:55,05F0287S,05F0309S,32,92,41
2024/04/08 17:55,05F0287S,05F0309S,41,95,4
2024/04/08 17:55,05F0287S,05F0309S,42,0,0
2024/04/08 17:55,05F0287S,05F0309S,5,0,0
2024/04/08 17:55,05F0309S,05F0439S,31,473,35
2024/04/08 17:55,05F0309S,05F0439S,32,499,10
2024/04/08 17:55,05F0309S,05F0439S,41,532,1
2024/04/08 17:55,05F0309S,05F0439S,42,0,0
2024/04/08 17:55,05F0309S,05F0439S,5,531,1
2024/04/08 17:55,05F0439S,05F0494S,31,204,12
2024/04/08 17:55,05F0439S,05F0494S,32,211,5
2024/04/08 17:55,05F0439S,05F0494S,41,0,0
2024/04/08 17:55,05F0439S,05F0494S,42,0,0
2024/04/08 17:55,05F0439S,05F0494S,5,212,4
2024/04/08 18:00,05F0000S,05F0055S,31,244,94
2024/04/08 18:00,05F0000S,05F0055S,32,244,25
2024/04/08 18:00,05F0000S,05F0055S,41,250,6
2024/04/08 18:00,05F0000S,05F0055S,42,0,0
2024/04/08 18:00,05F0000S,05F0055S,5,0,0
2024/04/08 18:00,05F0055S,05F0287S,31,975,90
2024/04/08 18:00,05F0055S,05F0287S,32,971,33
2024/04/08 18:00,05F0055S,05F0287S,41,993,6
2024/04/08 18:00,05F0055S,05F0287S,42,0,0
2024/04/08 18:00,05F0055S,05F0287S,5,0,0
2024/04/08 18:00,05F0287S,05F0309S,31,85,87
2024/04/08 18:00,05F0287S,05F0309S,32,83,24
2024/04/08 18:00,05F0287S,05F0309S,41,93,3
2024/04/08 18:00,05F0287S,05F0309S,42,0,0
2024/04/08 18:00,05F0287S,05F0309S,5,0,0
2024/04/08 18:00,05F0309S,05F0439S,31,486,33
2024/04/08 18:00,05F0309S,05F0439S,32,464,16
2024/04/08 18:00,05F0309S,05F0439S,41,542,3
2024/04/08 18:00,05F0309S,05F0439S,42,0,0
2024/04/08 18:00,05F0309S,05F0439S,5,499,1
2024/04/08 18:00,05F0439S,05F0494S,31,207,16
2024/04/08 18:00,05F0439S,05F0494S,32,223,2
2024/04/08 18:00,05F0439S,05F0494S,41,0,0
2024/04/08 18:00,05F0439S,05F0494S,42,0,0
2024/04/08 18:00,05F0439S,05F0494S,5,0,0
2024/04/08 18:05,05F0000S,05F0055S,31,240,84
2024/04/08 18:05,05F0000S,05F0055S,32,241,23
2024/04/08 18:05,05F0000S,05F0055S,41,248,7
2024/04/08 18:05,05F0000S,05F0055S,42,0,0
2024/04/08 18:05,05F0000S,05F0055S,5,0,0
2024/04/08 18:05,05F0055S,05F0287S,31,986,97
2024/04/08 18:05,05F0055S,05F0287S,32,988,34
2024/04/08 18:05,05F0055S,05F0287S,41,1006,3
2024/04/08 18:05,05F0055S,05F0287S,42,0,0
2024/04/08 18:05,05F0055S,05F0287S,5,0,0
2024/04/08 18:05,05F0287S,05F0309S,31,83,70
2024/04/08 18:05,05F0287S,05F0309S,32,89,24
2024/04/08 18:05,05F0287S,05F0309S,41,90,3
2024/04/08 18:05,05F0287S,05F0309S,42,0,0
2024/04/08 18:05,05F0287S,05F0309S,5,0,0
2024/04/08 18:05,05F0309S,05F0439S,31,490,54
2024/04/08 18:05,05F0309S,05F0439S,32,513,19
2024/04/08 18:05,05F0309S,05F0439S,41,542,2
2024/04/08 18:05,05F0309S,05F0439S,42,550,1
2024/04/08 18:05,05F0309S,05F0439S,5,509,4
2024/04/08 18:05,05F0439S,05F0494S,31,204,16
2024/04/08 18:05,05F0439S,05F0494S,32,225,2
2024/04/08 18:05,05F0439S,05F0494S,41,0,0
2024/04/08 18:05,05F0439S,05F0494S,42,0,0
2024/04/08 18:05,05F0439S,05F0494S,5,207,3
2024/04/08 18:10,05F0000S,05F0055S,31,241,91
2024/04/08 18:10,05F0000S,05F0055S,32,246,26
2024/04/08 18:10,05F0000S,05F0055S,41,250,2
2024/04/08 18:10,05F0000S,05F0055S,42,0,0
2024/04/08 18:10,05F0000S,05F0055S,5,0,0
2024/04/08 18:10,05F0055S,05F0287S,31,999,117
2024/04/08 18:10,05F0055S,05F0287S,32,998,33
2024/04/08 18:10,05F0055S,05F0287S,41,1012,2
2024/04/08 18:10,05F0055S,05F0287S,42,0,0
2024/04/08 18:10,05F0055S,05F0287S,5,0,0
2024/04/08 18:10,05F0287S,05F0309S,31,85,93
2024/04/08 18:10,05F0287S,05F0309S,32,90,28
2024/04/08 18:10,05F0287S,05F0309S,41,96,1
2024/04/08 18:10,05F0287S,05F0309S,42,0,0
2024/04/08 18:10,05F0287S,05F0309S,5,0,0
2024/04/08 18:10,05F0309S,05F0439S,31,474,40
2024/04/08 18:10,05F0309S,05F0439S,32,496,15
2024/04/08 18:10,05F0309S,05F0439S,41,522,3
2024/04/08 18:10,05F0309S,05F0439S,42,0,0
2024/04/08 18:10,05F0309S,05F0439S,5,542,7
2024/04/08 18:10,05F0439S,05F0494S,31,199,11
2024/04/08 18:10,05F0439S,05F0494S,32,217,4
2024/04/08 18:10,05F0439S,05F0494S,41,0,0
2024/04/08 18:10,05F0439S,05F0494S,42,0,0
2024/04/08 18:10,05F0439S,05F0494S,5,207,1
2024/04/08 18:15,05F0000S,05F0055S,31,236,79
2024/04/08 18:15,05F0000S,05F0055S,32,236,16
2024/04/08 18:15,05F0000S,05F0055S,41,236,8
2024/04/08 18:15,05F0000S,05F0055S,42,0,0
2024/04/08 18:15,05F0000S,05F0055S,5,0,0
2024/04/08 18:15,05F0055S,05F0287S,31,997,102
2024/04/08 18:15,05F0055S,05F0287S,32,997,23
2024/04/08 18:15,05F0055S,05F0287S,41,1017,2
2024/04/08 18:15,05F0055S,05F0287S,42,0,0
2024/04/08 18:15,05F0055S,05F0287S,5,0,0
2024/04/08 18:15,05F0287S,05F0309S,31,86,82
2024/04/08 18:15,05F0287S,05F0309S,32,91,16
2024/04/08 18:15,05F0287S,05F0309S,41,96,3
2024/04/08 18:15,05F0287S,05F0309S,42,0,0
2024/04/08 18:15,05F0287S,05F0309S,5,0,0
2024/04/08 18:15,05F0309S,05F0439S,31,474,45
2024/04/08 18:15,05F0309S,05F0439S,32,493,19
2024/04/08 18:15,05F0309S,05F0439S,41,516,1
2024/04/08 18:15,05F0309S,05F0439S,42,0,0
2024/04/08 18:15,05F0309S,05F0439S,5,518,3
2024/04/08 18:15,05F0439S,05F0494S,31,208,13
2024/04/08 18:15,05F0439S,05F0494S,32,219,5
2024/04/08 18:15,05F0439S,05F0494S,41,0,0
2024/04/08 18:15,05F0439S,05F0494S,42,195,1
2024/04/08 18:15,05F0439S,05F0494S,5,216,4
2024/04/08 18:20,05F0000S,05F0055S,31,242,77
2024/04/08 18:20,05F0000S,05F0055S,32,240,25
2024/04/08 18:20,05F0000S,05F0055S,41,245,6
2024/04/08 18:20,05F0000S,05F0055S,42,0,0
2024/04/08 18:20,05F0000S,05F0055S,5,0,0
2024/04/08 18:20,05F0055S,05F0287S,31,982,82
2024/04/08 18:20,05F0055S,05F0287S,32,1001,25
2024/04/08 18:20,05F0055S,05F0287S,41,1027,9
2024/04/08 18:20,05F0055S,05F0287S,42,0,0
2024/04/08 18:20,05F0055S,05F0287S,5,0,0
2024/04/08 18:20,05F0287S,05F0309S,31,87,75
2024/04/08 18:20,05F0287S,05F0309S,32,91,19
2024/04/08 18:20,05F0287S,05F0309S,41,92,7
2024/04/08 18:20,05F0287S,05F0309S,42,0,0
2024/04/08 18:20,05F0287S,05F0309S,5,0,0
2024/04/08 18:20,05F0309S,05F0439S,31,475,45
2024/04/08 18:20,05F0309S,05F0439S,32,489,9
2024/04/08 18:20,05F0309S,05F0439S,41,499,1
2024/04/08 18:20,05F0309S,05F0439S,42,0,0
2024/04/08 18:20,05F0309S,05F0439S,5,0,0
2024/04/08 18:20,05F0439S,05F0494S,31,207,12
2024/04/08 18:20,05F0439S,05F0494S,32,213,5
2024/04/08 18:20,05F0439S,05F0494S,41,0,0
2024/04/08 18:20,05F0439S,05F0494S,42,0,0
2024/04/08 18:20,05F0439S,05F0494S,5,214,3
2024/04/08 18:25,05F0000S,05F0055S,31,243,84
2024/04/08 18:25,05F0000S,05F0055S,32,252,17
2024/04/08 18:25,05F0000S,05F0055S,41,241,4
2024/04/08 18:25,05F0000S,05F0055S,42,0,0
2024/04/08 18:25,05F0000S,05F0055S,5,0,0
2024/04/08 18:25,05F0055S,05F0287S,31,994,113
2024/04/08 18:25,05F0055S,05F0287S,32,1009,24
2024/04/08 18:25,05F0055S,05F0287S,41,1029,2
2024/04/08 18:25,05F0055S,05F0287S,42,0,0
2024/04/08 18:25,05F0055S,05F0287S,5,0,0
2024/04/08 18:25,05F0287S,05F0309S,31,85,65
2024/04/08 18:25,05F0287S,05F0309S,32,89,13
2024/04/08 18:25,05F0287S,05F0309S,41,95,2
2024/04/08 18:25,05F0287S,05F0309S,42,0,0
2024/04/08 18:25,05F0287S,05F0309S,5,0,0
2024/04/08 18:25,05F0309S,05F0439S,31,486,33
2024/04/08 18:25,05F0309S,05F0439S,32,486,9
2024/04/08 18:25,05F0309S,05F0439S,41,589,1
2024/04/08 18:25,05F0309S,05F0439S,42,510,2
2024/04/08 18:25,05F0309S,05F0439S,5,0,0
2024/04/08 18:25,05F0439S,05F0494S,31,215,11
2024/04/08 18:25,05F0439S,05F0494S,32,229,1
2024/04/08 18:25,05F0439S,05F0494S,41,0,0
2024/04/08 18:25,05F0439S,05F0494S,42,229,1
2024/04/08 18:25,05F0439S,05F0494S,5,0,0
2024/04/08 18:30,05F0000S,05F0055S,31,235,83
2024/04/08 18:30,05F0000S,05F0055S,32,243,17
2024/04/08 18:30,05F0000S,05F0055S,41,244,3
2024/04/08 18:30,05F0000S,05F0055S,42,0,0
2024/04/08 18:30,05F0000S,05F0055S,5,0,0
2024/04/08 18:30,05F0055S,05F0287S,31,966,92
2024/04/08 18:30,05F0055S,05F0287S,32,969,26
2024/04/08 18:30,05F0055S,05F0287S,41,1013,7
2024/04/08 18:30,05F0055S,05F0287S,42,0,0
2024/04/08 18:30,05F0055S,05F0287S,5,0,0
2024/04/08 18:30,05F0287S,05F0309S,31,88,66
2024/04/08 18:30,05F0287S,05F0309S,32,84,16
2024/04/08 18:30,05F0287S,05F0309S,41,94,6
2024/04/08 18:30,05F0287S,05F0309S,42,0,0
2024/04/08 18:30,05F0287S,05F0309S,5,0,0
2024/04/08 18:30,05F0309S,05F0439S,31,486,38
2024/04/08 18:30,05F0309S,05F0439S,32,518,7
2024/04/08 18:30,05F0309S,05F0439S,41,536,3
2024/04/08 18:30,05F0309S,05F0439S,42,589,1
2024/04/08 18:30,05F0309S,05F0439S,5,518,5
2024/04/08 18:30,05F0439S,05F0494S,31,211,12
2024/04/08 18:30,05F0439S,05F0494S,32,215,1
2024/04/08 18:30,05F0439S,05F0494S,41,0,0
2024/04/08 18:30,05F0439S,05F0494S,42,199,1
2024/04/08 18:30,05F0439S,05F0494S,5,0,0
2024/04/08 18:35,05F0000S,05F0055S,31,242,83
2024/04/08 18:35,05F0000S,05F0055S,32,242,20
2024/04/08 18:35,05F0000S,05F0055S,41,236,9
2024/04/08 18:35,05F0000S,05F0055S,42,0,0
2024/04/08 18:35,05F0000S,05F0055S,5,0,0
2024/04/08 18:35,05F0055S,05F0287S,31,1004,73
2024/04/08 18:35,05F0055S,05F0287S,32,1020,25
2024/04/08 18:35,05F0055S,05F0287S,41,1016,7
2024/04/08 18:35,05F0055S,05F0287S,42,0,0
2024/04/08 18:35,05F0055S,05F0287S,5,0,0
2024/04/08 18:35,05F0287S,05F0309S,31,84,45
2024/04/08 18:35,05F0287S,05F0309S,32,87,16
2024/04/08 18:35,05F0287S,05F0309S,41,91,3
2024/04/08 18:35,05F0287S,05F0309S,42,0,0
2024/04/08 18:35,05F0287S,05F0309S,5,0,0
2024/04/08 18:35,05F0309S,05F0439S,31,477,44
2024/04/08 18:35,05F0309S,05F0439S,32,496,10
2024/04/08 18:35,05F0309S,05F0439S,41,543,1
2024/04/08 18:35,05F0309S,05F0439S,42,0,0
2024/04/08 18:35,05F0309S,05F0439S,5,0,0
2024/04/08 18:35,05F0439S,05F0494S,31,211,5
2024/04/08 18:35,05F0439S,05F0494S,32,224,1
2024/04/08 18:35,05F0439S,05F0494S,41,0,0
2024/04/08 18:35,05F0439S,05F0494S,42,245,1
2024/04/08 18:35,05F0439S,05F0494S,5,216,3
2024/04/08 18:40,05F0000S,05F0055S,31,240,82
2024/04/08 18:40,05F0000S,05F0055S,32,246,15
2024/04/08 18:40,05F0000S,05F0055S,41,254,4
2024/04/08 18:40,05F0000S,05F0055S,42,0,0
2024/04/08 18:40,05F0000S,05F0055S,5,0,0
2024/04/08 18:40,05F0055S,05F0287S,31,975,93
2024/04/08 18:40,05F0055S,05F0287S,32,989,22
2024/04/08 18:40,05F0055S,05F0287S,41,1008,3
2024/04/08 18:40,05F0055S,05F0287S,42,0,0
2024/04/08 18:40,05F0055S,05F0287S,5,0,0
2024/04/08 18:40,05F0287S,05F0309S,31,85,86
2024/04/08 18:40,05F0287S,05F0309S,32,85,19
2024/04/08 18:40,05F0287S,05F0309S,41,94,5
2024/04/08 18:40,05F0287S,05F0309S,42,0,0
2024/04/08 18:40,05F0287S,05F0309S,5,0,0
2024/04/08 18:40,05F0309S,05F0439S,31,489,41
2024/04/08 18:40,05F0309S,05F0439S,32,476,7
2024/04/08 18:40,05F0309S,05F0439S,41,547,3
2024/04/08 18:40,05F0309S,05F0439S,42,562,1
2024/04/08 18:40,05F0309S,05F0439S,5,515,5
2024/04/08 18:40,05F0439S,05F0494S,31,199,7
2024/04/08 18:40,05F0439S,05F0494S,32,0,0
2024/04/08 18:40,05F0439S,05F0494S,41,0,0
2024/04/08 18:40,05F0439S,05F0494S,42,247,1
2024/04/08 18:40,05F0439S,05F0494S,5,0,0
2024/04/08 18:45,05F0000S,05F0055S,31,242,91
2024/04/08 18:45,05F0000S,05F0055S,32,241,17
2024/04/08 18:45,05F0000S,05F0055S,41,246,7
2024/04/08 18:45,05F0000S,05F0055S,42,0,0
2024/04/08 18:45,05F0000S,05F0055S,5,0,0
2024/04/08 18:45,05F0055S,05F0287S,31,982,103
2024/04/08 18:45,05F0055S,05F0287S,32,984,29
2024/04/08 18:45,05F0055S,05F0287S,41,1020,6
2024/04/08 18:45,05F0055S,05F0287S,42,0,0
2024/04/08 18:45,05F0055S,05F0287S,5,0,0
2024/04/08 18:45,05F0287S,05F0309S,31,89,73
2024/04/08 18:45,05F0287S,05F0309S,32,89,15
2024/04/08 18:45,05F0287S,05F0309S,41,91,3
2024/04/08 18:45,05F0287S,05F0309S,42,0,0
2024/04/08 18:45,05F0287S,05F0309S,5,0,0
2024/04/08 18:45,05F0309S,05F0439S,31,491,29
2024/04/08 18:45,05F0309S,05F0439S,32,516,12
2024/04/08 18:45,05F0309S,05F0439S,41,530,2
2024/04/08 18:45,05F0309S,05F0439S,42,0,0
2024/04/08 18:45,05F0309S,05F0439S,5,0,0
2024/04/08 18:45,05F0439S,05F0494S,31,212,10
2024/04/08 18:45,05F0439S,05F0494S,32,201,5
2024/04/08 18:45,05F0439S,05F0494S,41,0,0
2024/04/08 18:45,05F0439S,05F0494S,42,0,0
2024/04/08 18:45,05F0439S,05F0494S,5,217,2
2024/04/08 18:50,05F0000S,05F0055S,31,234,60
2024/04/08 18:50,05F0000S,05F0055S,32,237,18
2024/04/08 18:50,05F0000S,05F0055S,41,235,8
2024/04/08 18:50,05F0000S,05F0055S,42,0,0
2024/04/08 18:50,05F0000S,05F0055S,5,0,0
2024/04/08 18:50,05F0055S,05F0287S,31,953,97
2024/04/08 18:50,05F0055S,05F0287S,32,956,25
2024/04/08 18:50,05F0055S,05F0287S,41,1007,5
2024/04/08 18:50,05F0055S,05F0287S,42,0,0
2024/04/08 18:50,05F0055S,05F0287S,5,0,0
2024/04/08 18:50,05F0287S,05F0309S,31,84,75
2024/04/08 18:50,05F0287S,05F0309S,32,84,16
2024/04/08 18:50,05F0287S,05F0309S,41,88,5
2024/04/08 18:50,05F0287S,05F0309S,42,0,0
2024/04/08 18:50,05F0287S,05F0309S,5,0,0
2024/04/08 18:50,05F0309S,05F0439S,31,485,29
2024/04/08 18:50,05F0309S,05F0439S,32,510,4
2024/04/08 18:50,05F0309S,05F0439S,41,528,4
2024/04/08 18:50,05F0309S,05F0439S,42,0,0
2024/04/08 18:50,05F0309S,05F0439S,5,521,3
2024/04/08 18:50,05F0439S,05F0494S,31,201,10
2024/04/08 18:50,05F0439S,05F0494S,32,220,3
2024/04/08 18:50,05F0439S,05F0494S,41,0,0
2024/04/08 18:50,05F0439S,05F0494S,42,0,0
2024/04/08 18:50,05F0439S,05F0494S,5,0,0
2024/04/08 18:55,05F0000S,05F0055S,31,241,77
2024/04/08 18:55,05F0000S,05F0055S,32,253,16
2024/04/08 18:55,05F0000S,05F0055S,41,250,8
2024/04/08 18:55,05F0000S,05F0055S,42,0,0
2024/04/08 18:55,05F0000S,05F0055S,5,0,0
2024/04/08 18:55,05F0055S,05F0287S,31,964,83
2024/04/08 18:55,05F0055S,05F0287S,32,953,16
2024/04/08 18:55,05F0055S,05F0287S,41,1025,7
2024/04/08 18:55,05F0055S,05F0287S,42,0,0
2024/04/08 18:55,05F0055S,05F0287S,5,0,0
2024/04/08 18:55,05F0287S,05F0309S,31,84,70
2024/04/08 18:55,05F0287S,05F0309S,32,84,16
2024/04/08 18:55,05F0287S,05F0309S,41,91,5
2024/04/08 18:55,05F0287S,05F0309S,42,0,0
2024/04/08 18:55,05F0287S,05F0309S,5,0,0
2024/04/08 18:55,05F0309S,05F0439S,31,479,32
2024/04/08 18:55,05F0309S,05F0439S,32,512,10
2024/04/08 18:55,05F0309S,05F0439S,41,533,3
2024/04/08 18:55,05F0309S,05F0439S,42,527,1
2024/04/08 18:55,05F0309S,05F0439S,5,527,2
2024/04/08 18:55,05F0439S,05F0494S,31,217,5
2024/04/08 18:55,05F0439S,05F0494S,32,0,0
2024/04/08 18:55,05F0439S,05F0494S,41,0,0
2024/04/08 18:55,05F0439S,05F0494S,42,0,0
2024/04/08 18:55,05F0439S,05F0494S,5,220,3
2024/04/08 19:00,05F0000S,05F0055S,31,240,89
2024/04/08 19:00,05F0000S,05F0055S,32,242,12
2024/04/08 19:00,05F0000S,05F0055S,41,253,5
2024/04/08 19:00,05F0000S,05F0055S,42,0,0
2024/04/08 19:00,05F0000S,05F0055S,5,0,0
2024/04/08 19:00,05F0055S,05F0287S,31,997,82
2024/04/08 19:00,05F0055S,05F0287S,32,976,12
2024/04/08 19:00,05F0055S,05F0287S,41,1016,5
2024/04/08 19:00,05F0055S,05F0287S,42,0,0
2024/04/08 19:00,05F0055S,05F0287S,5,0,0
2024/04/08 19:00,05F0287S,05F0309S,31,88,61
2024/04/08 19:00,05F0287S,05F0309S,32,83,9
2024/04/08 19:00,05F0287S,05F0309S,41,94,4
2024/04/08 19:00,05F0287S,05F0309S,42,0,0
2024/04/08 19:00,05F0287S,05F0309S,5,0,0
2024/04/08 19:00,05F0309S,05F0439S,31,475,43
2024/04/08 19:00,05F0309S,05F0439S,32,481,9
2024/04/08 19:00,05F0309S,05F0439S,41,502,2
2024/04/08 19:00,05F0309S,05F0439S,42,0,0
2024/04/08 19:00,05F0309S,05F0439S,5,555,3
2024/04/08 19:00,05F0439S,05F0494S,31,204,10
2024/04/08 19:00,05F0439S,05F0494S,32,209,7
2024/04/08 19:00,05F0439S,05F0494S,41,0,0
2024/04/08 19:00,05F0439S,05F0494S,42,235,1
2024/04/08 19:00,05F0439S,05F0494S,5,200,1
2024/04/08 19:05,05F0000S,05F0055S,31,242,75
2024/04/08 19:05,05F0000S,05F0055S,32,244,13
2024/04/08 19:05,05F0000S,05F0055S,41,249,7
2024/04/08 19:05,05F0000S,05F0055S,42,0,0
2024/04/08 19:05,05F0000S,05F0055S,5,0,0
2024/04/08 19:05,05F0055S,05F0287S,31,985,107
2024/04/08 19:05,05F0055S,05F0287S,32,991,31
2024/04/08 19:05,05F0055S,05F0287S,41,1019,9
2024/04/08 19:05,05F0055S,05F0287S,42,0,0
2024/04/08 19:05,05F0055S,05F0287S,5,0,0
2024/04/08 19:05,05F0287S,05F0309S,31,87,79
2024/04/08 19:05,05F0287S,05F0309S,32,89,21
2024/04/08 19:05,05F0287S,05F0309S,41,91,8
2024/04/08 19:05,05F0287S,05F0309S,42,0,0
2024/04/08 19:05,05F0287S,05F0309S,5,0,0
2024/04/08 19:05,05F0309S,05F0439S,31,485,39
2024/04/08 19:05,05F0309S,05F0439S,32,488,9
2024/04/08 19:05,05F0309S,05F0439S,41,534,3
2024/04/08 19:05,05F0309S,05F0439S,42,0,0
2024/04/08 19:05,05F0309S,05F0439S,5,0,0
2024/04/08 19:05,05F0439S,05F0494S,31,212,9
2024/04/08 19:05,05F0439S,05F0494S,32,192,2
2024/04/08 19:05,05F0439S,05F0494S,41,1082,1
2024/04/08 19:05,05F0439S,05F0494S,42,0,0
2024/04/08 19:05,05F0439S,05F0494S,5,214,1
2024/04/08 19:10,05F0000S,05F0055S,31,246,76
2024/04/08 19:10,05F0000S,05F0055S,32,246,15
2024/04/08 19:10,05F0000S,05F0055S,41,246,1
2024/04/08 19:10,05F0000S,05F0055S,42,0,0
2024/04/08 19:10,05F0000S,05F0055S,5,0,0
2024/04/08 19:10,05F0055S,05F0287S,31,949,65
2024/04/08 19:10,05F0055S,05F0287S,32,953,15
2024/04/08 19:10,05F0055S,05F0287S,41,1010,4
2024/04/08 19:10,05F0055S,05F0287S,42,0,0
2024/04/08 19:10,05F0055S,05F0287S,5,0,0
2024/04/08 19:10,05F0287S,05F0309S,31,83,60
2024/04/08 19:10,05F0287S,05F0309S,32,83,13
2024/04/08 19:10,05F0287S,05F0309S,41,92,5
2024/04/08 19:10,05F0287S,05F0309S,42,0,0
2024/04/08 19:10,05F0287S,05F0309S,5,0,0
2024/04/08 19:10,05F0309S,05F0439S,31,505,37
2024/04/08 19:10,05F0309S,05F0439S,32,509,8
2024/04/08 19:10,05F0309S,05F0439S,41,529,2
2024/04/08 19:10,05F0309S,05F0439S,42,0,0
2024/04/08 19:10,05F0309S,05F0439S,5,541,3
2024/04/08 19:10,05F0439S,05F0494S,31,208,11
2024/04/08 19:10,05F0439S,05F0494S,32,335,1
2024/04/08 19:10,05F0439S,05F0494S,41,0,0
2024/04/08 19:10,05F0439S,05F0494S,42,0,0
2024/04/08 19:10,05F0439S,05F0494S,5,191,1
2024/04/08 19:15,05F0000S,05F0055S,31,235,70
2024/04/08 19:15,05F0000S,05F0055S,32,237,15
2024/04/08 19:15,05F0000S,05F0055S,41,246,8
2024/04/08 19:15,05F0000S,05F0055S,42,0,0
2024/04/08 19:15,05F0000S,05F0055S,5,0,0
2024/04/08 19:15,05F0055S,05F0287S,31,983,96
2024/04/08 19:15,05F0055S,05F0287S,32,1014,16
2024/04/08 19:15,05F0055S,05F0287S,41,1076,8
2024/04/08 19:15,05F0055S,05F0287S,42,0,0
2024/04/08 19:15,05F0055S,05F0287S,5,0,0
2024/04/08 19:15,05F0287S,05F0309S,31,87,54
2024/04/08 19:15,05F0287S,05F0309S,32,90,14
2024/04/08 19:15,05F0287S,05F0309S,41,91,7
2024/04/08 19:15,05F0287S,05F0309S,42,0,0
2024/04/08 19:15,05F0287S,05F0309S,5,0,0
2024/04/08 19:15,05F0309S,05F0439S,31,493,54
2024/04/08 19:15,05F0309S,05F0439S,32,491,12
2024/04/08 19:15,05F0309S,05F0439S,41,523,5
2024/04/08 19:15,05F0309S,05F0439S,42,0,0
2024/04/08 19:15,05F0309S,05F0439S,5,572,2
2024/04/08 19:15,05F0439S,05F0494S,31,209,16
2024/04/08 19:15,05F0439S,05F0494S,32,204,3
2024/04/08 19:15,05F0439S,05F0494S,41,0,0
2024/04/08 19:15,05F0439S,05F0494S,42,0,0
2024/04/08 19:15,05F0439S,05F0494S,5,229,2
2024/04/08 19:20,05F0000S,05F0055S,31,241,70
2024/04/08 19:20,05F0000S,05F0055S,32,240,13
2024/04/08 19:20,05F0000S,05F0055S,41,250,6
2024/04/08 19:20,05F0000S,05F0055S,42,0,0
2024/04/08 19:20,05F0000S,05F0055S,5,0,0
2024/04/08 19:20,05F0055S,05F0287S,31,973,95
2024/04/08 19:20,05F0055S,05F0287S,32,980,20
2024/04/08 19:20,05F0055S,05F0287S,41,1001,7
2024/04/08 19:20,05F0055S,05F0287S,42,0,0
2024/04/08 19:20,05F0055S,05F0287S,5,0,0
2024/04/08 19:20,05F0287S,05F0309S,31,87,75
2024/04/08 19:20,05F0287S,05F0309S,32,87,14
2024/04/08 19:20,05F0287S,05F0309S,41,93,6
2024/04/08 19:20,05F0287S,05F0309S,42,0,0
2024/04/08 19:20,05F0287S,05F0309S,5,0,0
2024/04/08 19:20,05F0309S,05F0439S,31,492,23
2024/04/08 19:20,05F0309S,05F0439S,32,475,5
2024/04/08 19:20,05F0309S,05F0439S,41,1140,4
2024/04/08 19:20,05F0309S,05F0439S,42,0,0
2024/04/08 19:20,05F0309S,05F0439S,5,532,1
2024/04/08 19:20,05F0439S,05F0494S,31,207,7
2024/04/08 19:20,05F0439S,05F0494S,32,219,2
2024/04/08 19:20,05F0439S,05F0494S,41,0,0
2024/04/08 19:20,05F0439S,05F0494S,42,0,0
2024/04/08 19:20,05F0439S,05F0494S,5,237,2
2024/04/08 19:25,05F0000S,05F0055S,31,235,75
2024/04/08 19:25,05F0000S,05F0055S,32,242,13
2024/04/08 19:25,05F0000S,05F0055S,41,245,7
2024/04/08 19:25,05F0000S,05F0055S,42,0,0
2024/04/08 19:25,05F0000S,05F0055S,5,0,0
2024/04/08 19:25,05F0055S,05F0287S,31,966,64
2024/04/08 19:25,05F0055S,05F0287S,32,951,17
2024/04/08 19:25,05F0055S,05F0287S,41,1041,4
2024/04/08 19:25,05F0055S,05F0287S,42,0,0
2024/04/08 19:25,05F0055S,05F0287S,5,0,0
2024/04/08 19:25,05F0287S,05F0309S,31,86,53
2024/04/08 19:25,05F0287S,05F0309S,32,84,11
2024/04/08 19:25,05F0287S,05F0309S,41,92,3
2024/04/08 19:25,05F0287S,05F0309S,42,0,0
2024/04/08 19:25,05F0287S,05F0309S,5,0,0
2024/04/08 19:25,05F0309S,05F0439S,31,496,37
2024/04/08 19:25,05F0309S,05F0439S,32,509,11
2024/04/08 19:25,05F0309S,05F0439S,41,539,3
2024/04/08 19:25,05F0309S,05F0439S,42,0,0
2024/04/08 19:25,05F0309S,05F0439S,5,520,3
2024/04/08 19:25,05F0439S,05F0494S,31,193,7
2024/04/08 19:25,05F0439S,05F0494S,32,199,3
2024/04/08 19:25,05F0439S,05F0494S,41,0,0
2024/04/08 19:25,05F0439S,05F0494S,42,0,0
2024/04/08 19:25,05F0439S,05F0494S,5,0,0
2024/04/08 19:30,05F0000S,05F0055S,31,237,66
2024/04/08 19:30,05F0000S,05F0055S,32,240,24
2024/04/08 19:30,05F0000S,05F0055S,41,232,4
2024/04/08 19:30,05F0000S,05F0055S,42,0,0
2024/04/08 19:30,05F0000S,05F0055S,5,0,0
2024/04/08 19:30,05F0055S,05F0287S,31,966,90
2024/04/08 19:30,05F0055S,05F0287S,32,971,16
2024/04/08 19:30,05F0055S,05F0287S,41,1019,8
2024/04/08 19:30,05F0055S,05F0287S,42,0,0
2024/04/08 19:30,05F0055S,05F0287S,5,0,0
2024/04/08 19:30,05F0287S,05F0309S,31,85,57
2024/04/08 19:30,05F0287S,05F0309S,32,83,13
2024/04/08 19:30,05F0287S,05F0309S,41,90,5
2024/04/08 19:30,05F0287S,05F0309S,42,0,0
2024/04/08 19:30,05F0287S,05F0309S,5,0,0
2024/04/08 19:30,05F0309S,05F0439S,31,486,39
2024/04/08 19:30,05F0309S,05F0439S,32,496,10
2024/04/08 19:30,05F0309S,05F0439S,41,516,3
2024/04/08 19:30,05F0309S,05F0439S,42,544,1
2024/04/08 19:30,05F0309S,05F0439S,5,512,4
2024/04/08 19:30,05F0439S,05F0494S,31,559,6
2024/04/08 19:30,05F0439S,05F0494S,32,217,3
2024/04/08 19:30,05F0439S,05F0494S,41,0,0
2024/04/08 19:30,05F0439S,05F0494S,42,0,0
2024/04/08 19:30,05F0439S,05F0494S,5,218,4
2024/04/08 19:35,05F0000S,05F0055S,31,242,63
2024/04/08 19:35,05F0000S,05F0055S,32,247,15
2024/04/08 19:35,05F0000S,05F0055S,41,256,7
2024/04/08 19:35,05F0000S,05F0055S,42,0,0
2024/04/08 19:35,05F0000S,05F0055S,5,0,0
2024/04/08 19:35,05F0055S,05F0287S,31,967,68
2024/04/08 19:35,05F0055S,05F0287S,32,982,16
2024/04/08 19:35,05F0055S,05F0287S,41,1016,3
2024/04/08 19:35,05F0055S,05F0287S,42,0,0
2024/04/08 19:35,05F0055S,05F0287S,5,0,0
2024/04/08 19:35,05F0287S,05F0309S,31,85,57
2024/04/08 19:35,05F0287S,05F0309S,32,89,11
2024/04/08 19:35,05F0287S,05F0309S,41,83,1
2024/04/08 19:35,05F0287S,05F0309S,42,0,0
2024/04/08 19:35,05F0287S,05F0309S,5,0,0
2024/04/08 19:35,05F0309S,05F0439S,31,488,38
2024/04/08 19:35,05F0309S,05F0439S,32,495,5
2024/04/08 19:35,05F0309S,05F0439S,41,1150,6
2024/04/08 19:35,05F0309S,05F0439S,42,0,0
2024/04/08 19:35,05F0309S,05F0439S,5,558,1
2024/04/08 19:35,05F0439S,05F0494S,31,212,6
2024/04/08 19:35,05F0439S,05F0494S,32,210,2
2024/04/08 19:35,05F0439S,05F0494S,41,0,0
2024/04/08 19:35,05F0439S,05F0494S,42,0,0
2024/04/08 19:35,05F0439S,05F0494S,5,221,4
2024/04/08 19:40,05F0000S,05F0055S,31,240,83
2024/04/08 19:40,05F0000S,05F0055S,32,246,15
2024/04/08 19:40,05F0000S,05F0055S,41,247,2
2024/04/08 19:40,05F0000S,05F0055S,42,0,0
2024/04/08 19:40,05F0000S,05F0055S,5,0,0
2024/04/08 19:40,05F0055S,05F0287S,31,965,78
2024/04/08 19:40,05F0055S,05F0287S,32,960,14
2024/04/08 19:40,05F0055S,05F0287S,41,1087,6
2024/04/08 19:40,05F0055S,05F0287S,42,0,0
2024/04/08 19:40,05F0055S,05F0287S,5,0,0
2024/04/08 19:40,05F0287S,05F0309S,31,86,55
2024/04/08 19:40,05F0287S,05F0309S,32,86,11
2024/04/08 19:40,05F0287S,05F0309S,41,93,3
2024/04/08 19:40,05F0287S,05F0309S,42,0,0
2024/04/08 19:40,05F0287S,05F0309S,5,0,0
2024/04/08 19:40,05F0309S,05F0439S,31,476,38
2024/04/08 19:40,05F0309S,05F0439S,32,488,7
2024/04/08 19:40,05F0309S,05F0439S,41,511,2
2024/04/08 19:40,05F0309S,05F0439S,42,484,1
2024/04/08 19:40,05F0309S,05F0439S,5,537,2
2024/04/08 19:40,05F0439S,05F0494S,31,207,8
2024/04/08 19:40,05F0439S,05F0494S,32,314,2
2024/04/08 19:40,05F0439S,05F0494S,41,0,0
2024/04/08 19:40,05F0439S,05F0494S,42,223,1
2024/04/08 19:40,05F0439S,05F0494S,5,231,1
2024/04/08 19:45,05F0000S,05F0055S,31,235,62
2024/04/08 19:45,05F0000S,05F0055S,32,235,18
2024/04/08 19:45,05F0000S,05F0055S,41,250,8
2024/04/08 19:45,05F0000S,05F0055S,42,0,0
2024/04/08 19:45,05F0000S,05F0055S,5,0,0
2024/04/08 19:45,05F0055S,05F0287S,31,966,88
2024/04/08 19:45,05F0055S,05F0287S,32,975,26
2024/04/08 19:45,05F0055S,05F0287S,41,1059,7
2024/04/08 19:45,05F0055S,05F0287S,42,0,0
2024/04/08 19:45,05F0055S,05F0287S,5,0,0
2024/04/08 19:45,05F0287S,05F0309S,31,86,52
2024/04/08 19:45,05F0287S,05F0309S,32,84,14
2024/04/08 19:45,05F0287S,05F0309S,41,92,6
2024/04/08 19:45,05F0287S,05F0309S,42,0,0
2024/04/08 19:45,05F0287S,05F0309S,5,0,0
2024/04/08 19:45,05F0309S,05F0439S,31,482,33
2024/04/08 19:45,05F0309S,05F0439S,32,554,3
2024/04/08 19:45,05F0309S,05F0439S,41,1730,1
2024/04/08 19:45,05F0309S,05F0439S,42,0,0
2024/04/08 19:45,05F0309S,05F0439S,5,486,3
2024/04/08 19:45,05F0439S,05F0494S,31,210,7
2024/04/08 19:45,05F0439S,05F0494S,32,209,1
2024/04/08 19:45,05F0439S,05F0494S,41,0,0
2024/04/08 19:45,05F0439S,05F0494S,42,0,0
2024/04/08 19:45,05F0439S,05F0494S,5,217,2
2024/04/08 19:50,05F0000S,05F0055S,31,238,79
2024/04/08 19:50,05F0000S,05F0055S,32,237,13
2024/04/08 19:50,05F0000S,05F0055S,41,236,4
2024/04/08 19:50,05F0000S,05F0055S,42,0,0
2024/04/08 19:50,05F0000S,05F0055S,5,0,0
2024/04/08 19:50,05F0055S,05F0287S,31,969,59
2024/04/08 19:50,05F0055S,05F0287S,32,978,11
2024/04/08 19:50,05F0055S,05F0287S,41,1010,3
2024/04/08 19:50,05F0055S,05F0287S,42,0,0
2024/04/08 19:50,05F0055S,05F0287S,5,0,0
2024/04/08 19:50,05F0287S,05F0309S,31,86,54
2024/04/08 19:50,05F0287S,05F0309S,32,90,19
2024/04/08 19:50,05F0287S,05F0309S,41,93,4
2024/04/08 19:50,05F0287S,05F0309S,42,0,0
2024/04/08 19:50,05F0287S,05F0309S,5,0,0
2024/04/08 19:50,05F0309S,05F0439S,31,495,24
2024/04/08 19:50,05F0309S,05F0439S,32,501,10
2024/04/08 19:50,05F0309S,05F0439S,41,514,3
2024/04/08 19:50,05F0309S,05F0439S,42,489,1
2024/04/08 19:50,05F0309S,05F0439S,5,0,0
2024/04/08 19:50,05F0439S,05F0494S,31,204,10
2024/04/08 19:50,05F0439S,05F0494S,32,217,3
2024/04/08 19:50,05F0439S,05F0494S,41,0,0
2024/04/08 19:50,05F0439S,05F0494S,42,0,0
2024/04/08 19:50,05F0439S,05F0494S,5,237,1
2024/04/08 19:55,05F0000S,05F0055S,31,235,66
2024/04/08 19:55,05F0000S,05F0055S,32,244,13
2024/04/08 19:55,05F0000S,05F0055S,41,235,4
2024/04/08 19:55,05F0000S,05F0055S,42,0,0
2024/04/08 19:55,05F0000S,05F0055S,5,0,0
2024/04/08 19:55,05F0055S,05F0287S,31,965,82
2024/04/08 19:55,05F0055S,05F0287S,32,989,19
2024/04/08 19:55,05F0055S,05F0287S,41,1016,6
2024/04/08 19:55,05F0055S,05F0287S,42,0,0
2024/04/08 19:55,05F0055S,05F0287S,5,0,0
2024/04/08 19:55,05F0287S,05F0309S,31,84,50
2024/04/08 19:55,05F0287S,05F0309S,32,87,12
2024/04/08 19:55,05F0287S,05F0309S,41,92,6
2024/04/08 19:55,05F0287S,05F0309S,42,0,0
2024/04/08 19:55,05F0287S,05F0309S,5,0,0
2024/04/08 19:55,05F0309S,05F0439S,31,486,30
2024/04/08 19:55,05F0309S,05F0439S,32,491,12
2024/04/08 19:55,05F0309S,05F0439S,41,521,4
2024/04/08 19:55,05F0309S,05F0439S,42,0,0
2024/04/08 19:55,05F0309S,05F0439S,5,0,0
2024/04/08 19:55,05F0439S,05F0494S,31,207,11
2024/04/08 19:55,05F0439S,05F0494S,32,218,3
2024/04/08 19:55,05F0439S,05F0494S,41,206,1
2024/04/08 19:55,05F0439S,05F0494S,42,190,1
2024/04/08 19:55,05F0439S,05F0494S,5,0,0
2024/04/08 20:00,05F0000S,05F0055S,31,236,65
2024/04/08 20:00,05F0000S,05F0055S,32,234,9
2024/04/08 20:00,05F0000S,05F0055S,41,238,7
2024/04/08 20:00,05F0000S,05F0055S,42,0,0
2024/04/08 20:00,05F0000S,05F0055S,5,0,0
2024/04/08 20:00,05F0055S,05F0287S,31,972,90
2024/04/08 20:00,05F0055S,05F0287S,32,962,19
2024/04/08 20:00,05F0055S,05F0287S,41,991,6
2024/04/08 20:00,05F0055S,05F0287S,42,0,0
2024/04/08 20:00,05F0055S,05F0287S,5,0,0
2024/04/08 20:00,05F0287S,05F0309S,31,84,67
2024/04/08 20:00,05F0287S,05F0309S,32,87,11
2024/04/08 20:00,05F0287S,05F0309S,41,92,4
2024/04/08 20:00,05F0287S,05F0309S,42,0,0
2024/04/08 20:00,05F0287S,05F0309S,5,0,0
2024/04/08 20:00,05F0309S,05F0439S,31,478,37
2024/04/08 20:00,05F0309S,05F0439S,32,505,7
2024/04/08 20:00,05F0309S,05F0439S,41,524,2
2024/04/08 20:00,05F0309S,05F0439S,42,0,0
2024/04/08 20:00,05F0309S,05F0439S,5,499,1
2024/04/08 20:00,05F0439S,05F0494S,31,209,7
2024/04/08 20:00,05F0439S,05F0494S,32,217,3
2024/04/08 20:00,05F0439S,05F0494S,41,0,0
2024/04/08 20:00,05F0439S,05F0494S,42,0,0
2024/04/08 20:00,05F0439S,05F0494S,5,0,0
2024/04/08 20:05,05F0000S,05F0055S,31,231,59
2024/04/08 20:05,05F0000S,05F0055S,32,238,16
2024/04/08 20:05,05F0000S,05F0055S,41,277,2
2024/04/08 20:05,05F0000S,05F0055S,42,0,0
2024/04/08 20:05,05F0000S,05F0055S,5,0,0
2024/04/08 20:05,05F0055S,05F0287S,31,964,74
2024/04/08 20:05,05F0055S,05F0287S,32,969,19
2024/04/08 20:05,05F0055S,05F0287S,41,1003,5
2024/04/08 20:05,05F0055S,05F0287S,42,0,0
2024/04/08 20:05,05F0055S,05F0287S,5,0,0
2024/04/08 20:05,05F0287S,05F0309S,31,84,62
2024/04/08 20:05,05F0287S,05F0309S,32,87,15
2024/04/08 20:05,05F0287S,05F0309S,41,95,4
2024/04/08 20:05,05F0287S,05F0309S,42,0,0
2024/04/08 20:05,05F0287S,05F0309S,5,0,0
2024/04/08 20:05,05F0309S,05F0439S,31,459,37
2024/04/08 20:05,05F0309S,05F0439S,32,503,4
2024/04/08 20:05,05F0309S,05F0439S,41,535,1
2024/04/08 20:05,05F0309S,05F0439S,42,0,0
2024/04/08 20:05,05F0309S,05F0439S,5,0,0
2024/04/08 20:05,05F0439S,05F0494S,31,190,11
2024/04/08 20:05,05F0439S,05F0494S,32,217,1
2024/04/08 20:05,05F0439S,05F0494S,41,0,0
2024/04/08 20:05,05F0439S,05F0494S,42,262,1
2024/04/08 20:05,05F0439S,05F0494S,5,213,1
2024/04/08 20:10,05F0000S,05F0055S,31,238,49
2024/04/08 20:10,05F0000S,05F0055S,32,244,12
2024/04/08 20:10,05F0000S,05F0055S,41,244,8
2024/04/08 20:10,05F0000S,05F0055S,42,0,0
2024/04/08 20:10,05F0000S,05F0055S,5,0,0
2024/04/08 20:10,05F0055S,05F0287S,31,957,78
2024/04/08 20:10,05F0055S,05F0287S,32,955,13
2024/04/08 20:10,05F0055S,05F0287S,41,1019,2
2024/04/08 20:10,05F0055S,05F0287S,42,0,0
2024/04/08 20:10,05F0055S,05F0287S,5,0,0
2024/04/08 20:10,05F0287S,05F0309S,31,88,64
2024/04/08 20:10,05F0287S,05F0309S,32,88,8
2024/04/08 20:10,05F0287S,05F0309S,41,92,4
2024/04/08 20:10,05F0287S,05F0309S,42,0,0
2024/04/08 20:10,05F0287S,05F0309S,5,0,0
2024/04/08 20:10,05F0309S,05F0439S,31,484,29
2024/04/08 20:10,05F0309S,05F0439S,32,466,10
2024/04/08 20:10,05F0309S,05F0439S,41,523,2
2024/04/08 20:10,05F0309S,05F0439S,42,0,0
2024/04/08 20:10,05F0309S,05F0439S,5,487,3
2024/04/08 20:10,05F0439S,05F0494S,31,217,10
2024/04/08 20:10,05F0439S,05F0494S,32,203,2
2024/04/08 20:10,05F0439S,05F0494S,41,0,0
2024/04/08 20:10,05F0439S,05F0494S,42,0,0
2024/04/08 20:10,05F0439S,05F0494S,5,0,0
2024/04/08 20:15,05F0000S,05F0055S,31,243,57
2024/04/08 20:15,05F0000S,05F0055S,32,248,14
2024/04/08 20:15,05F0000S,05F0055S,41,262,3
2024/04/08 20:15,05F0000S,05F0055S,42,0,0
2024/04/08 20:15,05F0000S,05F0055S,5,0,0
2024/04/08 20:15,05F0055S,05F0287S,31,961,56
2024/04/08 20:15,05F0055S,05F0287S,32,955,5
2024/04/08 20:15,05F0055S,05F0287S,41,990,8
2024/04/08 20:15,05F0055S,05F0287S,42,0,0
2024/04/08 20:15,05F0055S,05F0287S,5,0,0
2024/04/08 20:15,05F0287S,05F0309S,31,85,46
2024/04/08 20:15,05F0287S,05F0309S,32,85,10
2024/04/08 20:15,05F0287S,05F0309S,41,92,5
2024/04/08 20:15,05F0287S,05F0309S,42,99,1
2024/04/08 20:15,05F0287S,05F0309S,5,0,0
2024/04/08 20:15,05F0309S,05F0439S,31,477,43
2024/04/08 20:15,05F0309S,05F0439S,32,497,7
2024/04/08 20:15,05F0309S,05F0439S,41,506,2
2024/04/08 20:15,05F0309S,05F0439S,42,0,0
2024/04/08 20:15,05F0309S,05F0439S,5,0,0
2024/04/08 20:15,05F0439S,05F0494S,31,201,7
2024/04/08 20:15,05F0439S,05F0494S,32,200,2
2024/04/08 20:15,05F0439S,05F0494S,41,0,0
2024/04/08 20:15,05F0439S,05F0494S,42,0,0
2024/04/08 20:15,05F0439S,05F0494S,5,234,1
2024/04/08 20:20,05F0000S,05F0055S,31,237,55
2024/04/08 20:20,05F0000S,05F0055S,32,227,7
2024/04/08 20:20,05F0000S,05F0055S,41,249,5
2024/04/08 20:20,05F0000S,05F0055S,42,0,0
2024/04/08 20:20,05F0000S,05F0055S,5,0,0
2024/04/08 20:20,05F0055S,05F0287S,31,960,64
2024/04/08 20:20,05F0055S,05F0287S,32,955,19
2024/04/08 20:20,05F0055S,05F0287S,41,1036,4
2024/04/08 20:20,05F0055S,05F0287S,42,0,0
2024/04/08 20:20,05F0055S,05F0287S,5,0,0
2024/04/08 20:20,05F0287S,05F0309S,31,86,61
2024/04/08 20:20,05F0287S,05F0309S,32,81,11
2024/04/08 20:20,05F0287S,05F0309S,41,94,3
2024/04/08 20:20,05F0287S,05F0309S,42,0,0
2024/04/08 20:20,05F0287S,05F0309S,5,0,0
2024/04/08 20:20,05F0309S,05F0439S,31,479,30
2024/04/08 20:20,05F0309S,05F0439S,32,497,2
2024/04/08 20:20,05F0309S,05F0439S,41,873,3
2024/04/08 20:20,05F0309S,05F0439S,42,579,2
2024/04/08 20:20,05F0309S,05F0439S,5,532,1
2024/04/08 20:20,05F0439S,05F0494S,31,210,12
2024/04/08 20:20,05F0439S,05F0494S,32,243,1
2024/04/08 20:20,05F0439S,05F0494S,41,0,0
2024/04/08 20:20,05F0439S,05F0494S,42,0,0
2024/04/08 20:20,05F0439S,05F0494S,5,0,0
2024/04/08 20:25,05F0000S,05F0055S,31,237,53
2024/04/08 20:25,05F0000S,05F0055S,32,235,16
2024/04/08 20:25,05F0000S,05F0055S,41,237,6
2024/04/08 20:25,05F0000S,05F0055S,42,247,1
2024/04/08 20:25,05F0000S,05F0055S,5,0,0
2024/04/08 20:25,05F0055S,05F0287S,31,969,64
2024/04/08 20:25,05F0055S,05F0287S,32,982,12
2024/04/08 20:25,05F0055S,05F0287S,41,1004,5
2024/04/08 20:25,05F0055S,05F0287S,42,0,0
2024/04/08 20:25,05F0055S,05F0287S,5,0,0
2024/04/08 20:25,05F0287S,05F0309S,31,84,42
2024/04/08 20:25,05F0287S,05F0309S,32,87,8
2024/04/08 20:25,05F0287S,05F0309S,41,98,6
2024/04/08 20:25,05F0287S,05F0309S,42,0,0
2024/04/08 20:25,05F0287S,05F0309S,5,0,0
2024/04/08 20:25,05F0309S,05F0439S,31,481,25
2024/04/08 20:25,05F0309S,05F0439S,32,469,5
2024/04/08 20:25,05F0309S,05F0439S,41,539,4
2024/04/08 20:25,05F0309S,05F0439S,42,490,2
2024/04/08 20:25,05F0309S,05F0439S,5,505,2
2024/04/08 20:25,05F0439S,05F0494S,31,208,9
2024/04/08 20:25,05F0439S,05F0494S,32,237,2
2024/04/08 20:25,05F0439S,05F0494S,41,0,0
2024/04/08 20:25,05F0439S,05F0494S,42,0,0
2024/04/08 20:25,05F0439S,05F0494S,5,226,1
2024/04/08 20:30,05F0000S,05F0055S,31,235,59
2024/04/08 20:30,05F0000S,05F0055S,32,238,10
2024/04/08 20:30,05F0000S,05F0055S,41,241,3
2024/04/08 20:30,05F0000S,05F0055S,42,0,0
2024/04/08 20:30,05F0000S,05F0055S,5,0,0
2024/04/08 20:30,05F0055S,05F0287S,31,964,50
2024/04/08 20:30,05F0055S,05F0287S,32,977,16
2024/04/08 20:30,05F0055S,05F0287S,41,1012,5
2024/04/08 20:30,05F0055S,05F0287S,42,0,0
2024/04/08 20:30,05F0055S,05F0287S,5,0,0
2024/04/08 20:30,05F0287S,05F0309S,31,81,35
2024/04/08 20:30,05F0287S,05F0309S,32,90,11
2024/04/08 20:30,05F0287S,05F0309S,41,90,6
2024/04/08 20:30,05F0287S,05F0309S,42,0,0
2024/04/08 20:30,05F0287S,05F0309S,5,0,0
2024/04/08 20:30,05F0309S,05F0439S,31,504,25
2024/04/08 20:30,05F0309S,05F0439S,32,463,5
2024/04/08 20:30,05F0309S,05F0439S,41,519,1
2024/04/08 20:30,05F0309S,05F0439S,42,0,0
2024/04/08 20:30,05F0309S,05F0439S,5,0,0
2024/04/08 20:30,05F0439S,05F0494S,31,188,10
2024/04/08 20:30,05F0439S,05F0494S,32,229,3
2024/04/08 20:30,05F0439S,05F0494S,41,0,0
2024/04/08 20:30,05F0439S,05F0494S,42,196,1
2024/04/08 20:30,05F0439S,05F0494S,5,224,1
2024/04/08 20:35,05F0000S,05F0055S,31,229,55
2024/04/08 20:35,05F0000S,05F0055S,32,236,5
2024/04/08 20:35,05F0000S,05F0055S,41,227,2
2024/04/08 20:35,05F0000S,05F0055S,42,0,0
2024/04/08 20:35,05F0000S,05F0055S,5,0,0
2024/04/08 20:35,05F0055S,05F0287S,31,954,64
2024/04/08 20:35,05F0055S,05F0287S,32,968,14
2024/04/08 20:35,05F0055S,05F0287S,41,1010,4
2024/04/08 20:35,05F0055S,05F0287S,42,0,0
2024/04/08 20:35,05F0055S,05F0287S,5,0,0
2024/04/08 20:35,05F0287S,05F0309S,31,87,44
2024/04/08 20:35,05F0287S,05F0309S,32,88,13
2024/04/08 20:35,05F0287S,05F0309S,41,91,5
2024/04/08 20:35,05F0287S,05F0309S,42,0,0
2024/04/08 20:35,05F0287S,05F0309S,5,0,0
2024/04/08 20:35,05F0309S,05F0439S,31,477,26
2024/04/08 20:35,05F0309S,05F0439S,32,498,5
2024/04/08 20:35,05F0309S,05F0439S,41,610,5
2024/04/08 20:35,05F0309S,05F0439S,42,0,0
2024/04/08 20:35,05F0309S,05F0439S,5,0,0
2024/04/08 20:35,05F0439S,05F0494S,31,227,8
2024/04/08 20:35,05F0439S,05F0494S,32,233,2
2024/04/08 20:35,05F0439S,05F0494S,41,0,0
2024/04/08 20:35,05F0439S,05F0494S,42,0,0
2024/04/08 20:35,05F0439S,05F0494S,5,0,0
2024/04/08 20:40,05F0000S,05F0055S,31,235,55
2024/04/08 20:40,05F0000S,05F0055S,32,239,10
2024/04/08 20:40,05F0000S,05F0055S,41,237,5
2024/04/08 20:40,05F0000S,05F0055S,42,0,0
2024/04/08 20:40,05F0000S,05F0055S,5,0,0
2024/04/08 20:40,05F0055S,05F0287S,31,949,58
2024/04/08 20:40,05F0055S,05F0287S,32,956,14
2024/04/08 20:40,05F0055S,05F0287S,41,1022,4
2024/04/08 20:40,05F0055S,05F0287S,42,0,0
2024/04/08 20:40,05F0055S,05F0287S,5,0,0
2024/04/08 20:40,05F0287S,05F0309S,31,85,44
2024/04/08 20:40,05F0287S,05F0309S,32,82,6
2024/04/08 20:40,05F0287S,05F0309S,41,89,3
2024/04/08 20:40,05F0287S,05F0309S,42,0,0
2024/04/08 20:40,05F0287S,05F0309S,5,0,0
2024/04/08 20:40,05F0309S,05F0439S,31,480,24
2024/04/08 20:40,05F0309S,05F0439S,32,516,6
2024/04/08 20:40,05F0309S,05F0439S,41,538,3
2024/04/08 20:40,05F0309S,05F0439S,42,552,1
2024/04/08 20:40,05F0309S,05F0439S,5,0,0
2024/04/08 20:40,05F0439S,05F0494S,31,214,8
2024/04/08 20:40,05F0439S,05F0494S,32,1571,1
2024/04/08 20:40,05F0439S,05F0494S,41,0,0
2024/04/08 20:40,05F0439S,05F0494S,42,0,0
2024/04/08 20:40,05F0439S,05F0494S,5,0,0
2024/04/08 20:45,05F0000S,05F0055S,31,237,51
2024/04/08 20:45,05F0000S,05F0055S,32,240,10
2024/04/08 20:45,05F0000S,05F0055S,41,244,2
2024/04/08 20:45,05F0000S,05F0055S,42,0,0
2024/04/08 20:45,05F0000S,05F0055S,5,0,0
2024/04/08 20:45,05F0055S,05F0287S,31,961,52
2024/04/08 20:45,05F0055S,05F0287S,32,975,9
2024/04/08 20:45,05F0055S,05F0287S,41,1021,6
2024/04/08 20:45,05F0055S,05F0287S,42,0,0
2024/04/08 20:45,05F0055S,05F0287S,5,0,0
2024/04/08 20:45,05F0287S,05F0309S,31,84,47
2024/04/08 20:45,05F0287S,05F0309S,32,89,13
2024/04/08 20:45,05F0287S,05F0309S,41,93,4
2024/04/08 20:45,05F0287S,05F0309S,42,0,0
2024/04/08 20:45,05F0287S,05F0309S,5,0,0
2024/04/08 20:45,05F0309S,05F0439S,31,485,31
2024/04/08 20:45,05F0309S,05F0439S,32,487,7
2024/04/08 20:45,05F0309S,05F0439S,41,519,3
2024/04/08 20:45,05F0309S,05F0439S,42,0,0
2024/04/08 20:45,05F0309S,05F0439S,5,547,1
2024/04/08 20:45,05F0439S,05F0494S,31,205,9
2024/04/08 20:45,05F0439S,05F0494S,32,218,5
2024/04/08 20:45,05F0439S,05F0494S,41,0,0
2024/04/08 20:45,05F0439S,05F0494S,42,0,0
2024/04/08 20:45,05F0439S,05F0494S,5,0,0
2024/04/08 20:50,05F0000S,05F0055S,31,236,56
2024/04/08 20:50,05F0000S,05F0055S,32,239,10
2024/04/08 20:50,05F0000S,05F0055S,41,235,4
2024/04/08 20:50,05F0000S,05F0055S,42,0,0
2024/04/08 20:50,05F0000S,05F0055S,5,0,0
2024/04/08 20:50,05F0055S,05F0287S,31,948,63
2024/04/08 20:50,05F0055S,05F0287S,32,963,8
2024/04/08 20:50,05F0055S,05F0287S,41,1015,3
2024/04/08 20:50,05F0055S,05F0287S,42,0,0
2024/04/08 20:50,05F0055S,05F0287S,5,0,0
2024/04/08 20:50,05F0287S,05F0309S,31,80,34
2024/04/08 20:50,05F0287S,05F0309S,32,82,3
2024/04/08 20:50,05F0287S,05F0309S,41,97,1
2024/04/08 20:50,05F0287S,05F0309S,42,0,0
2024/04/08 20:50,05F0287S,05F0309S,5,0,0
2024/04/08 20:50,05F0309S,05F0439S,31,483,29
2024/04/08 20:50,05F0309S,05F0439S,32,506,6
2024/04/08 20:50,05F0309S,05F0439S,41,783,1
2024/04/08 20:50,05F0309S,05F0439S,42,0,0
2024/04/08 20:50,05F0309S,05F0439S,5,541,2
2024/04/08 20:50,05F0439S,05F0494S,31,221,9
2024/04/08 20:50,05F0439S,05F0494S,32,185,1
2024/04/08 20:50,05F0439S,05F0494S,41,0,0
2024/04/08 20:50,05F0439S,05F0494S,42,0,0
2024/04/08 20:50,05F0439S,05F0494S,5,226,2
2024/04/08 20:55,05F0000S,05F0055S,31,239,63
2024/04/08 20:55,05F0000S,05F0055S,32,250,16
2024/04/08 20:55,05F0000S,05F0055S,41,236,2
2024/04/08 20:55,05F0000S,05F0055S,42,0,0
2024/04/08 20:55,05F0000S,05F0055S,5,0,0
2024/04/08 20:55,05F0055S,05F0287S,31,940,53
2024/04/08 20:55,05F0055S,05F0287S,32,939,9
2024/04/08 20:55,05F0055S,05F0287S,41,974,5
2024/04/08 20:55,05F0055S,05F0287S,42,0,0
2024/04/08 20:55,05F0055S,05F0287S,5,0,0
2024/04/08 20:55,05F0287S,05F0309S,31,80,43
2024/04/08 20:55,05F0287S,05F0309S,32,88,6
2024/04/08 20:55,05F0287S,05F0309S,41,92,3
2024/04/08 20:55,05F0287S,05F0309S,42,0,0
2024/04/08 20:55,05F0287S,05F0309S,5,0,0
2024/04/08 20:55,05F0309S,05F0439S,31,492,30
2024/04/08 20:55,05F0309S,05F0439S,32,483,6
2024/04/08 20:55,05F0309S,05F0439S,41,528,3
2024/04/08 20:55,05F0309S,05F0439S,42,538,1
2024/04/08 20:55,05F0309S,05F0439S,5,0,0
2024/04/08 20:55,05F0439S,05F0494S,31,211,8
2024/04/08 20:55,05F0439S,05F0494S,32,209,1
2024/04/08 20:55,05F0439S,05F0494S,41,0,0
2024/04/08 20:55,05F0439S,05F0494S,42,0,0
2024/04/08 20:55,05F0439S,05F0494S,5,215,1
2024/04/08 21:00,05F0000S,05F0055S,31,247,48
2024/04/08 21:00,05F0000S,05F0055S,32,248,14
2024/04/08 21:00,05F0000S,05F0055S,41,249,4
2024/04/08 21:00,05F0000S,05F0055S,42,0,0
2024/04/08 21:00,05F0000S,05F0055S,5,0,0
2024/04/08 21:00,05F0055S,05F0287S,31,948,56
2024/04/08 21:00,05F0055S,05F0287S,32,947,10
2024/04/08 21:00,05F0055S,05F0287S,41,952,1
2024/04/08 21:00,05F0055S,05F0287S,42,0,0
2024/04/08 21:00,05F0055S,05F0287S,5,0,0
2024/04/08 21:00,05F0287S,05F0309S,31,84,47
2024/04/08 21:00,05F0287S,05F0309S,32,88,8
2024/04/08 21:00,05F0287S,05F0309S,41,87,3
2024/04/08 21:00,05F0287S,05F0309S,42,0,0
2024/04/08 21:00,05F0287S,05F0309S,5,0,0
2024/04/08 21:00,05F0309S,05F0439S,31,468,23
2024/04/08 21:00,05F0309S,05F0439S,32,472,4
2024/04/08 21:00,05F0309S,05F0439S,41,1632,3
2024/04/08 21:00,05F0309S,05F0439S,42,479,1
2024/04/08 21:00,05F0309S,05F0439S,5,561,1
2024/04/08 21:00,05F0439S,05F0494S,31,218,6
2024/04/08 21:00,05F0439S,05F0494S,32,197,2
2024/04/08 21:00,05F0439S,05F0494S,41,0,0
2024/04/08 21:00,05F0439S,05F0494S,42,0,0
2024/04/08 21:00,05F0439S,05F0494S,5,0,0
2024/04/08 21:05,05F0000S,05F0055S,31,242,41
2024/04/08 21:05,05F0000S,05F0055S,32,234,18
2024/04/08 21:05,05F0000S,05F0055S,41,245,2
2024/04/08 21:05,05F0000S,05F0055S,42,0,0
2024/04/08 21:05,05F0000S,05F0055S,5,0,0
2024/04/08 21:05,05F0055S,05F0287S,31,945,61
2024/04/08 21:05,05F0055S,05F0287S,32,944,8
2024/04/08 21:05,05F0055S,05F0287S,41,999,4
2024/04/08 21:05,05F0055S,05F0287S,42,0,0
2024/04/08 21:05,05F0055S,05F0287S,5,0,0
2024/04/08 21:05,05F0287S,05F0309S,31,84,49
2024/04/08 21:05,05F0287S,05F0309S,32,88,6
2024/04/08 21:05,05F0287S,05F0309S,41,91,3
2024/04/08 21:05,05F0287S,05F0309S,42,0,0
2024/04/08 21:05,05F0287S,05F0309S,5,0,0
2024/04/08 21:05,05F0309S,05F0439S,31,463,29
2024/04/08 21:05,05F0309S,05F0439S,32,507,1
2024/04/08 21:05,05F0309S,05F0439S,41,528,3
2024/04/08 21:05,05F0309S,05F0439S,42,0,0
2024/04/08 21:05,05F0309S,05F0439S,5,0,0
2024/04/08 21:05,05F0439S,05F0494S,31,203,9
2024/04/08 21:05,05F0439S,05F0494S,32,213,1
2024/04/08 21:05,05F0439S,05F0494S,41,0,0
2024/04/08 21:05,05F0439S,05F0494S,42,0,0
2024/04/08 21:05,05F0439S,05F0494S,5,239,1
2024/04/08 21:10,05F0000S,05F0055S,31,238,55
2024/04/08 21:10,05F0000S,05F0055S,32,244,11
2024/04/08 21:10,05F0000S,05F0055S,41,256,3
2024/04/08 21:10,05F0000S,05F0055S,42,0,0
2024/04/08 21:10,05F0000S,05F0055S,5,0,0
2024/04/08 21:10,05F0055S,05F0287S,31,1005,59
2024/04/08 21:10,05F0055S,05F0287S,32,1010,17
2024/04/08 21:10,05F0055S,05F0287S,41,1022,2
2024/04/08 21:10,05F0055S,05F0287S,42,0,0
2024/04/08 21:10,05F0055S,05F0287S,5,0,0
2024/04/08 21:10,05F0287S,05F0309S,31,87,37
2024/04/08 21:10,05F0287S,05F0309S,32,85,9
2024/04/08 21:10,05F0287S,05F0309S,41,99,1
2024/04/08 21:10,05F0287S,05F0309S,42,0,0
2024/04/08 21:10,05F0287S,05F0309S,5,102,1
2024/04/08 21:10,05F0309S,05F0439S,31,461,19
2024/04/08 21:10,05F0309S,05F0439S,32,481,5
2024/04/08 21:10,05F0309S,05F0439S,41,0,0
2024/04/08 21:10,05F0309S,05F0439S,42,590,1
2024/04/08 21:10,05F0309S,05F0439S,5,512,2
2024/04/08 21:10,05F0439S,05F0494S,31,210,7
2024/04/08 21:10,05F0439S,05F0494S,32,180,2
2024/04/08 21:10,05F0439S,05F0494S,41,1129,1
2024/04/08 21:10,05F0439S,05F0494S,42,0,0
2024/04/08 21:10,05F0439S,05F0494S,5,0,0
2024/04/08 21:15,05F0000S,05F0055S,31,236,42
2024/04/08 21:15,05F0000S,05F0055S,32,252,14
2024/04/08 21:15,05F0000S,05F0055S,41,235,2
2024/04/08 21:15,05F0000S,05F0055S,42,0,0
2024/04/08 21:15,05F0000S,05F0055S,5,0,0
2024/04/08 21:15,05F0055S,05F0287S,31,978,55
2024/04/08 21:15,05F0055S,05F0287S,32,989,18
2024/04/08 21:15,05F0055S,05F0287S,41,1011,4
2024/04/08 21:15,05F0055S,05F0287S,42,0,0
2024/04/08 21:15,05F0055S,05F0287S,5,0,0
2024/04/08 21:15,05F0287S,05F0309S,31,88,43
2024/04/08 21:15,05F0287S,05F0309S,32,89,10
2024/04/08 21:15,05F0287S,05F0309S,41,90,4
2024/04/08 21:15,05F0287S,05F0309S,42,0,0
2024/04/08 21:15,05F0287S,05F0309S,5,0,0
2024/04/08 21:15,05F0309S,05F0439S,31,483,32
2024/04/08 21:15,05F0309S,05F0439S,32,406,1
2024/04/08 21:15,05F0309S,05F0439S,41,504,2
2024/04/08 21:15,05F0309S,05F0439S,42,0,0
2024/04/08 21:15,05F0309S,05F0439S,5,499,2
2024/04/08 21:15,05F0439S,05F0494S,31,209,8
2024/04/08 21:15,05F0439S,05F0494S,32,199,2
2024/04/08 21:15,05F0439S,05F0494S,41,0,0
2024/04/08 21:15,05F0439S,05F0494S,42,253,1
2024/04/08 21:15,05F0439S,05F0494S,5,0,0
2024/04/08 21:20,05F0000S,05F0055S,31,240,45
2024/04/08 21:20,05F0000S,05F0055S,32,244,11
2024/04/08 21:20,05F0000S,05F0055S,41,249,2
2024/04/08 21:20,05F0000S,05F0055S,42,0,0
2024/04/08 21:20,05F0000S,05F0055S,5,0,0
2024/04/08 21:20,05F0055S,05F0287S,31,964,51
2024/04/08 21:20,05F0055S,05F0287S,32,967,19
2024/04/08 21:20,05F0055S,05F0287S,41,986,2
2024/04/08 21:20,05F0055S,05F0287S,42,0,0
2024/04/08 21:20,05F0055S,05F0287S,5,0,0
2024/04/08 21:20,05F0287S,05F0309S,31,87,47
2024/04/08 21:20,05F0287S,05F0309S,32,89,13
2024/04/08 21:20,05F0287S,05F0309S,41,502,2
2024/04/08 21:20,05F0287S,05F0309S,42,0,0
2024/04/08 21:20,05F0287S,05F0309S,5,0,0
2024/04/08 21:20,05F0309S,05F0439S,31,486,38
2024/04/08 21:20,05F0309S,05F0439S,32,505,5
2024/04/08 21:20,05F0309S,05F0439S,41,536,2
2024/04/08 21:20,05F0309S,05F0439S,42,0,0
2024/04/08 21:20,05F0309S,05F0439S,5,0,0
2024/04/08 21:20,05F0439S,05F0494S,31,231,4
2024/04/08 21:20,05F0439S,05F0494S,32,0,0
2024/04/08 21:20,05F0439S,05F0494S,41,0,0
2024/04/08 21:20,05F0439S,05F0494S,42,0,0
2024/04/08 21:20,05F0439S,05F0494S,5,0,0
2024/04/08 21:25,05F0000S,05F0055S,31,241,53
2024/04/08 21:25,05F0000S,05F0055S,32,239,15
2024/04/08 21:25,05F0000S,05F0055S,41,249,4
2024/04/08 21:25,05F0000S,05F0055S,42,0,0
2024/04/08 21:25,05F0000S,05F0055S,5,0,0
2024/04/08 21:25,05F0055S,05F0287S,31,954,62
2024/04/08 21:25,05F0055S,05F0287S,32,963,13
2024/04/08 21:25,05F0055S,05F0287S,41,980,3
2024/04/08 21:25,05F0055S,05F0287S,42,0,0
2024/04/08 21:25,05F0055S,05F0287S,5,0,0
2024/04/08 21:25,05F0287S,05F0309S,31,84,40
2024/04/08 21:25,05F0287S,05F0309S,32,96,4
2024/04/08 21:25,05F0287S,05F0309S,41,90,4
2024/04/08 21:25,05F0287S,05F0309S,42,0,0
2024/04/08 21:25,05F0287S,05F0309S,5,0,0
2024/04/08 21:25,05F0309S,05F0439S,31,515,21
2024/04/08 21:25,05F0309S,05F0439S,32,529,3
2024/04/08 21:25,05F0309S,05F0439S,41,1771,2
2024/04/08 21:25,05F0309S,05F0439S,42,618,1
2024/04/08 21:25,05F0309S,05F0439S,5,0,0
2024/04/08 21:25,05F0439S,05F0494S,31,199,11
2024/04/08 21:25,05F0439S,05F0494S,32,199,1
2024/04/08 21:25,05F0439S,05F0494S,41,0,0
2024/04/08 21:25,05F0439S,05F0494S,42,0,0
2024/04/08 21:25,05F0439S,05F0494S,5,0,0
2024/04/08 21:30,05F0000S,05F0055S,31,241,49
2024/04/08 21:30,05F0000S,05F0055S,32,239,15
2024/04/08 21:30,05F0000S,05F0055S,41,231,3
2024/04/08 21:30,05F0000S,05F0055S,42,0,0
2024/04/08 21:30,05F0000S,05F0055S,5,0,0
2024/04/08 21:30,05F0055S,05F0287S,31,942,45
2024/04/08 21:30,05F0055S,05F0287S,32,988,14
2024/04/08 21:30,05F0055S,05F0287S,41,1032,2
2024/04/08 21:30,05F0055S,05F0287S,42,995,3
2024/04/08 21:30,05F0055S,05F0287S,5,0,0
2024/04/08 21:30,05F0287S,05F0309S,31,84,47
2024/04/08 21:30,05F0287S,05F0309S,32,82,8
2024/04/08 21:30,05F0287S,05F0309S,41,87,1
2024/04/08 21:30,05F0287S,05F0309S,42,0,0
2024/04/08 21:30,05F0287S,05F0309S,5,0,0
2024/04/08 21:30,05F0309S,05F0439S,31,492,31
2024/04/08 21:30,05F0309S,05F0439S,32,444,7
2024/04/08 21:30,05F0309S,05F0439S,41,536,3
2024/04/08 21:30,05F0309S,05F0439S,42,0,0
2024/04/08 21:30,05F0309S,05F0439S,5,523,2
2024/04/08 21:30,05F0439S,05F0494S,31,205,11
2024/04/08 21:30,05F0439S,05F0494S,32,224,3
2024/04/08 21:30,05F0439S,05F0494S,41,0,0
2024/04/08 21:30,05F0439S,05F0494S,42,0,0
2024/04/08 21:30,05F0439S,05F0494S,5,0,0
2024/04/08 21:35,05F0000S,05F0055S,31,242,61
2024/04/08 21:35,05F0000S,05F0055S,32,240,17
2024/04/08 21:35,05F0000S,05F0055S,41,256,2
2024/04/08 21:35,05F0000S,05F0055S,42,0,0
2024/04/08 21:35,05F0000S,05F0055S,5,0,0
2024/04/08 21:35,05F0055S,05F0287S,31,953,44
2024/04/08 21:35,05F0055S,05F0287S,32,982,10
2024/04/08 21:35,05F0055S,05F0287S,41,994,2
2024/04/08 21:35,05F0055S,05F0287S,42,0,0
2024/04/08 21:35,05F0055S,05F0287S,5,0,0
2024/04/08 21:35,05F0287S,05F0309S,31,85,36
2024/04/08 21:35,05F0287S,05F0309S,32,87,9
2024/04/08 21:35,05F0287S,05F0309S,41,96,4
2024/04/08 21:35,05F0287S,05F0309S,42,0,0
2024/04/08 21:35,05F0287S,05F0309S,5,0,0
2024/04/08 21:35,05F0309S,05F0439S,31,485,29
2024/04/08 21:35,05F0309S,05F0439S,32,451,4
2024/04/08 21:35,05F0309S,05F0439S,41,521,1
2024/04/08 21:35,05F0309S,05F0439S,42,472,1
2024/04/08 21:35,05F0309S,05F0439S,5,0,0
2024/04/08 21:35,05F0439S,05F0494S,31,190,10
2024/04/08 21:35,05F0439S,05F0494S,32,211,1
2024/04/08 21:35,05F0439S,05F0494S,41,0,0
2024/04/08 21:35,05F0439S,05F0494S,42,0,0
2024/04/08 21:35,05F0439S,05F0494S,5,0,0
2024/04/08 21:40,05F0000S,05F0055S,31,233,48
2024/04/08 21:40,05F0000S,05F0055S,32,227,10
2024/04/08 21:40,05F0000S,05F0055S,41,228,3
2024/04/08 21:40,05F0000S,05F0055S,42,0,0
2024/04/08 21:40,05F0000S,05F0055S,5,0,0
2024/04/08 21:40,05F0055S,05F0287S,31,960,56
2024/04/08 21:40,05F0055S,05F0287S,32,965,17
2024/04/08 21:40,05F0055S,05F0287S,41,1019,5
2024/04/08 21:40,05F0055S,05F0287S,42,0,0
2024/04/08 21:40,05F0055S,05F0287S,5,0,0
2024/04/08 21:40,05F0287S,05F0309S,31,84,34
2024/04/08 21:40,05F0287S,05F0309S,32,84,12
2024/04/08 21:40,05F0287S,05F0309S,41,0,0
2024/04/08 21:40,05F0287S,05F0309S,42,0,0
2024/04/08 21:40,05F0287S,05F0309S,5,0,0
2024/04/08 21:40,05F0309S,05F0439S,31,498,22
2024/04/08 21:40,05F0309S,05F0439S,32,512,5
2024/04/08 21:40,05F0309S,05F0439S,41,502,1
2024/04/08 21:40,05F0309S,05F0439S,42,510,1
2024/04/08 21:40,05F0309S,05F0439S,5,500,3
2024/04/08 21:40,05F0439S,05F0494S,31,209,13
2024/04/08 21:40,05F0439S,05F0494S,32,245,3
2024/04/08 21:40,05F0439S,05F0494S,41,0,0
2024/04/08 21:40,05F0439S,05F0494S,42,0,0
2024/04/08 21:40,05F0439S,05F0494S,5,251,1
2024/04/08 21:45,05F0000S,05F0055S,31,238,38
2024/04/08 21:45,05F0000S,05F0055S,32,244,7
2024/04/08 21:45,05F0000S,05F0055S,41,238,3
2024/04/08 21:45,05F0000S,05F0055S,42,0,0
2024/04/08 21:45,05F0000S,05F0055S,5,0,0
2024/04/08 21:45,05F0055S,05F0287S,31,970,47
2024/04/08 21:45,05F0055S,05F0287S,32,957,15
2024/04/08 21:45,05F0055S,05F0287S,41,1013,2
2024/04/08 21:45,05F0055S,05F0287S,42,0,0
2024/04/08 21:45,05F0055S,05F0287S,5,0,0
2024/04/08 21:45,05F0287S,05F0309S,31,84,27
2024/04/08 21:45,05F0287S,05F0309S,32,84,8
2024/04/08 21:45,05F0287S,05F0309S,41,92,5
2024/04/08 21:45,05F0287S,05F0309S,42,0,0
2024/04/08 21:45,05F0287S,05F0309S,5,0,0
2024/04/08 21:45,05F0309S,05F0439S,31,487,22
2024/04/08 21:45,05F0309S,05F0439S,32,495,6
2024/04/08 21:45,05F0309S,05F0439S,41,506,2
2024/04/08 21:45,05F0309S,05F0439S,42,0,0
2024/04/08 21:45,05F0309S,05F0439S,5,529,3
2024/04/08 21:45,05F0439S,05F0494S,31,217,9
2024/04/08 21:45,05F0439S,05F0494S,32,221,1
2024/04/08 21:45,05F0439S,05F0494S,41,0,0
2024/04/08 21:45,05F0439S,05F0494S,42,215,1
2024/04/08 21:45,05F0439S,05F0494S,5,212,4
2024/04/08 21:50,05F0000S,05F0055S,31,243,35
2024/04/08 21:50,05F0000S,05F0055S,32,250,11
2024/04/08 21:50,05F0000S,05F0055S,41,239,3
2024/04/08 21:50,05F0000S,05F0055S,42,0,0
2024/04/08 21:50,05F0000S,05F0055S,5,0,0
2024/04/08 21:50,05F0055S,05F0287S,31,965,70
2024/04/08 21:50,05F0055S,05F0287S,32,968,20
2024/04/08 21:50,05F0055S,05F0287S,41,997,3
2024/04/08 21:50,05F0055S,05F0287S,42,0,0
2024/04/08 21:50,05F0055S,05F0287S,5,0,0
2024/04/08 21:50,05F0287S,05F0309S,31,85,50
2024/04/08 21:50,05F0287S,05F0309S,32,85,14
2024/04/08 21:50,05F0287S,05F0309S,41,94,3
2024/04/08 21:50,05F0287S,05F0309S,42,0,0
2024/04/08 21:50,05F0287S,05F0309S,5,0,0
2024/04/08 21:50,05F0309S,05F0439S,31,486,28
2024/04/08 21:50,05F0309S,05F0439S,32,479,6
2024/04/08 21:50,05F0309S,05F0439S,41,519,2
2024/04/08 21:50,05F0309S,05F0439S,42,0,0
2024/04/08 21:50,05F0309S,05F0439S,5,503,1
2024/04/08 21:50,05F0439S,05F0494S,31,213,9
2024/04/08 21:50,05F0439S,05F0494S,32,211,1
2024/04/08 21:50,05F0439S,05F0494S,41,0,0
2024/04/08 21:50,05F0439S,05F0494S,42,0,0
2024/04/08 21:50,05F0439S,05F0494S,5,0,0
2024/04/08 21:55,05F0000S,05F0055S,31,238,49
2024/04/08 21:55,05F0000S,05F0055S,32,247,9
2024/04/08 21:55,05F0000S,05F0055S,41,232,4
2024/04/08 21:55,05F0000S,05F0055S,42,0,0
2024/04/08 21:55,05F0000S,05F0055S,5,0,0
2024/04/08 21:55,05F0055S,05F0287S,31,937,54
2024/04/08 21:55,05F0055S,05F0287S,32,929,13
2024/04/08 21:55,05F0055S,05F0287S,41,964,3
2024/04/08 21:55,05F0055S,05F0287S,42,0,0
2024/04/08 21:55,05F0055S,05F0287S,5,0,0
2024/04/08 21:55,05F0287S,05F0309S,31,85,45
2024/04/08 21:55,05F0287S,05F0309S,32,84,16
2024/04/08 21:55,05F0287S,05F0309S,41,574,2
2024/04/08 21:55,05F0287S,05F0309S,42,0,0
2024/04/08 21:55,05F0287S,05F0309S,5,0,0
2024/04/08 21:55,05F0309S,05F0439S,31,462,15
2024/04/08 21:55,05F0309S,05F0439S,32,440,5
2024/04/08 21:55,05F0309S,05F0439S,41,584,1
2024/04/08 21:55,05F0309S,05F0439S,42,0,0
2024/04/08 21:55,05F0309S,05F0439S,5,501,1
2024/04/08 21:55,05F0439S,05F0494S,31,207,9
2024/04/08 21:55,05F0439S,05F0494S,32,187,1
2024/04/08 21:55,05F0439S,05F0494S,41,0,0
2024/04/08 21:55,05F0439S,05F0494S,42,0,0
2024/04/08 21:55,05F0439S,05F0494S,5,203,1
2024/04/08 22:00,05F0000S,05F0055S,31,242,55
2024/04/08 22:00,05F0000S,05F0055S,32,238,8
2024/04/08 22:00,05F0000S,05F0055S,41,285,1
2024/04/08 22:00,05F0000S,05F0055S,42,0,0
2024/04/08 22:00,05F0000S,05F0055S,5,0,0
2024/04/08 22:00,05F0055S,05F0287S,31,962,36
2024/04/08 22:00,05F0055S,05F0287S,32,958,5
2024/04/08 22:00,05F0055S,05F0287S,41,977,3
2024/04/08 22:00,05F0055S,05F0287S,42,0,0
2024/04/08 22:00,05F0055S,05F0287S,5,0,0
2024/04/08 22:00,05F0287S,05F0309S,31,85,34
2024/04/08 22:00,05F0287S,05F0309S,32,87,5
2024/04/08 22:00,05F0287S,05F0309S,41,87,2
2024/04/08 22:00,05F0287S,05F0309S,42,0,0
2024/04/08 22:00,05F0287S,05F0309S,5,0,0
2024/04/08 22:00,05F0309S,05F0439S,31,497,31
2024/04/08 22:00,05F0309S,05F0439S,32,485,9
2024/04/08 22:00,05F0309S,05F0439S,41,532,1
2024/04/08 22:00,05F0309S,05F0439S,42,495,1
2024/04/08 22:00,05F0309S,05F0439S,5,0,0
2024/04/08 22:00,05F0439S,05F0494S,31,227,5
2024/04/08 22:00,05F0439S,05F0494S,32,225,2
2024/04/08 22:00,05F0439S,05F0494S,41,0,0
2024/04/08 22:00,05F0439S,05F0494S,42,0,0
2024/04/08 22:00,05F0439S,05F0494S,5,0,0
2024/04/08 22:05,05F0000S,05F0055S,31,240,39
2024/04/08 22:05,05F0000S,05F0055S,32,230,11
2024/04/08 22:05,05F0000S,05F0055S,41,238,3
2024/04/08 22:05,05F0000S,05F0055S,42,0,0
2024/04/08 22:05,05F0000S,05F0055S,5,0,0
2024/04/08 22:05,05F0055S,05F0287S,31,959,35
2024/04/08 22:05,05F0055S,05F0287S,32,974,9
2024/04/08 22:05,05F0055S,05F0287S,41,997,3
2024/04/08 22:05,05F0055S,05F0287S,42,0,0
2024/04/08 22:05,05F0055S,05F0287S,5,0,0
2024/04/08 22:05,05F0287S,05F0309S,31,87,29
2024/04/08 22:05,05F0287S,05F0309S,32,81,6
2024/04/08 22:05,05F0287S,05F0309S,41,90,4
2024/04/08 22:05,05F0287S,05F0309S,42,0,0
2024/04/08 22:05,05F0287S,05F0309S,5,0,0
2024/04/08 22:05,05F0309S,05F0439S,31,485,21
2024/04/08 22:05,05F0309S,05F0439S,32,465,7
2024/04/08 22:05,05F0309S,05F0439S,41,524,4
2024/04/08 22:05,05F0309S,05F0439S,42,1927,1
2024/04/08 22:05,05F0309S,05F0439S,5,522,2
2024/04/08 22:05,05F0439S,05F0494S,31,205,5
2024/04/08 22:05,05F0439S,05F0494S,32,214,4
2024/04/08 22:05,05F0439S,05F0494S,41,0,0
2024/04/08 22:05,05F0439S,05F0494S,42,0,0
2024/04/08 22:05,05F0439S,05F0494S,5,0,0
2024/04/08 22:10,05F0000S,05F0055S,31,241,46
2024/04/08 22:10,05F0000S,05F0055S,32,242,6
2024/04/08 22:10,05F0000S,05F0055S,41,241,3
2024/04/08 22:10,05F0000S,05F0055S,42,0,0
2024/04/08 22:10,05F0000S,05F0055S,5,0,0
2024/04/08 22:10,05F0055S,05F0287S,31,945,40
2024/04/08 22:10,05F0055S,05F0287S,32,953,8
2024/04/08 22:10,05F0055S,05F0287S,41,993,2
2024/04/08 22:10,05F0055S,05F0287S,42,0,0
2024/04/08 22:10,05F0055S,05F0287S,5,0,0
2024/04/08 22:10,05F0287S,05F0309S,31,87,31
2024/04/08 22:10,05F0287S,05F0309S,32,83,7
2024/04/08 22:10,05F0287S,05F0309S,41,0,0
2024/04/08 22:10,05F0287S,05F0309S,42,0,0
2024/04/08 22:10,05F0287S,05F0309S,5,88,2
2024/04/08 22:10,05F0309S,05F0439S,31,478,18
2024/04/08 22:10,05F0309S,05F0439S,32,499,1
2024/04/08 22:10,05F0309S,05F0439S,41,0,0
2024/04/08 22:10,05F0309S,05F0439S,42,532,1
2024/04/08 22:10,05F0309S,05F0439S,5,560,4
2024/04/08 22:10,05F0439S,05F0494S,31,204,5
2024/04/08 22:10,05F0439S,05F0494S,32,198,1
2024/04/08 22:10,05F0439S,05F0494S,41,0,0
2024/04/08 22:10,05F0439S,05F0494S,42,0,0
2024/04/08 22:10,05F0439S,05F0494S,5,244,1
2024/04/08 22:15,05F0000S,05F0055S,31,234,41
2024/04/08 22:15,05F0000S,05F0055S,32,240,8
2024/04/08 22:15,05F0000S,05F0055S,41,249,3
2024/04/08 22:15,05F0000S,05F0055S,42,0,0
2024/04/08 22:15,05F0000S,05F0055S,5,0,0
2024/04/08 22:15,05F0055S,05F0287S,31,965,66
2024/04/08 22:15,05F0055S,05F0287S,32,951,9
2024/04/08 22:15,05F0055S,05F0287S,41,997,3
2024/04/08 22:15,05F0055S,05F0287S,42,0,0
2024/04/08 22:15,05F0055S,05F0287S,5,0,0
2024/04/08 22:15,05F0287S,05F0309S,31,87,39
2024/04/08 22:15,05F0287S,05F0309S,32,88,6
2024/04/08 22:15,05F0287S,05F0309S,41,87,3
2024/04/08 22:15,05F0287S,05F0309S,42,0,0
2024/04/08 22:15,05F0287S,05F0309S,5,0,0
2024/04/08 22:15,05F0309S,05F0439S,31,491,20
2024/04/08 22:15,05F0309S,05F0439S,32,484,5
2024/04/08 22:15,05F0309S,05F0439S,41,527,3
2024/04/08 22:15,05F0309S,05F0439S,42,521,2
2024/04/08 22:15,05F0309S,05F0439S,5,0,0
2024/04/08 22:15,05F0439S,05F0494S,31,221,11
2024/04/08 22:15,05F0439S,05F0494S,32,218,2
2024/04/08 22:15,05F0439S,05F0494S,41,0,0
2024/04/08 22:15,05F0439S,05F0494S,42,205,1
2024/04/08 22:15,05F0439S,05F0494S,5,232,2
2024/04/08 22:20,05F0000S,05F0055S,31,235,44
2024/04/08 22:20,05F0000S,05F0055S,32,233,8
2024/04/08 22:20,05F0000S,05F0055S,41,227,2
2024/04/08 22:20,05F0000S,05F0055S,42,0,0
2024/04/08 22:20,05F0000S,05F0055S,5,0,0
2024/04/08 22:20,05F0055S,05F0287S,31,943,44
2024/04/08 22:20,05F0055S,05F0287S,32,936,10
2024/04/08 22:20,05F0055S,05F0287S,41,1050,2
2024/04/08 22:20,05F0055S,05F0287S,42,0,0
2024/04/08 22:20,05F0055S,05F0287S,5,0,0
2024/04/08 22:20,05F0287S,05F0309S,31,85,36
2024/04/08 22:20,05F0287S,05F0309S,32,87,8
2024/04/08 22:20,05F0287S,05F0309S,41,646,2
2024/04/08 22:20,05F0287S,05F0309S,42,0,0
2024/04/08 22:20,05F0287S,05F0309S,5,0,0
2024/04/08 22:20,05F0309S,05F0439S,31,488,17
2024/04/08 22:20,05F0309S,05F0439S,32,491,4
2024/04/08 22:20,05F0309S,05F0439S,41,527,1
2024/04/08 22:20,05F0309S,05F0439S,42,0,0
2024/04/08 22:20,05F0309S,05F0439S,5,0,0
2024/04/08 22:20,05F0439S,05F0494S,31,202,10
2024/04/08 22:20,05F0439S,05F0494S,32,216,3
2024/04/08 22:20,05F0439S,05F0494S,41,0,0
2024/04/08 22:20,05F0439S,05F0494S,42,0,0
2024/04/08 22:20,05F0439S,05F0494S,5,0,0
2024/04/08 22:25,05F0000S,05F0055S,31,232,37
2024/04/08 22:25,05F0000S,05F0055S,32,234,4
2024/04/08 22:25,05F0000S,05F0055S,41,236,3
2024/04/08 22:25,05F0000S,05F0055S,42,0,0
2024/04/08 22:25,05F0000S,05F0055S,5,0,0
2024/04/08 22:25,05F0055S,05F0287S,31,951,41
2024/04/08 22:25,05F0055S,05F0287S,32,990,8
2024/04/08 22:25,05F0055S,05F0287S,41,1001,4
2024/04/08 22:25,05F0055S,05F0287S,42,0,0
2024/04/08 22:25,05F0055S,05F0287S,5,0,0
2024/04/08 22:25,05F0287S,05F0309S,31,85,33
2024/04/08 22:25,05F0287S,05F0309S,32,87,6
2024/04/08 22:25,05F0287S,05F0309S,41,90,4
2024/04/08 22:25,05F0287S,05F0309S,42,0,0
2024/04/08 22:25,05F0287S,05F0309S,5,0,0
2024/04/08 22:25,05F0309S,05F0439S,31,503,21
2024/04/08 22:25,05F0309S,05F0439S,32,502,5
2024/04/08 22:25,05F0309S,05F0439S,41,503,1
2024/04/08 22:25,05F0309S,05F0439S,42,0,0
2024/04/08 22:25,05F0309S,05F0439S,5,0,0
2024/04/08 22:25,05F0439S,05F0494S,31,209,4
2024/04/08 22:25,05F0439S,05F0494S,32,217,4
2024/04/08 22:25,05F0439S,05F0494S,41,0,0
2024/04/08 22:25,05F0439S,05F0494S,42,0,0
2024/04/08 22:25,05F0439S,05F0494S,5,0,0
2024/04/08 22:30,05F0000S,05F0055S,31,235,28
2024/04/08 22:30,05F0000S,05F0055S,32,239,4
2024/04/08 22:30,05F0000S,05F0055S,41,228,2
2024/04/08 22:30,05F0000S,05F0055S,42,0,0
2024/04/08 22:30,05F0000S,05F0055S,5,0,0
2024/04/08 22:30,05F0055S,05F0287S,31,950,27
2024/04/08 22:30,05F0055S,05F0287S,32,944,4
2024/04/08 22:30,05F0055S,05F0287S,41,985,1
2024/04/08 22:30,05F0055S,05F0287S,42,0,0
2024/04/08 22:30,05F0055S,05F0287S,5,0,0
2024/04/08 22:30,05F0287S,05F0309S,31,84,30
2024/04/08 22:30,05F0287S,05F0309S,32,86,6
2024/04/08 22:30,05F0287S,05F0309S,41,87,2
2024/04/08 22:30,05F0287S,05F0309S,42,0,0
2024/04/08 22:30,05F0287S,05F0309S,5,0,0
2024/04/08 22:30,05F0309S,05F0439S,31,484,24
2024/04/08 22:30,05F0309S,05F0439S,32,472,7
2024/04/08 22:30,05F0309S,05F0439S,41,514,2
2024/04/08 22:30,05F0309S,05F0439S,42,0,0
2024/04/08 22:30,05F0309S,05F0439S,5,475,1
2024/04/08 22:30,05F0439S,05F0494S,31,209,4
2024/04/08 22:30,05F0439S,05F0494S,32,202,3
2024/04/08 22:30,05F0439S,05F0494S,41,0,0
2024/04/08 22:30,05F0439S,05F0494S,42,0,0
2024/04/08 22:30,05F0439S,05F0494S,5,0,0
2024/04/08 22:35,05F0000S,05F0055S,31,231,34
2024/04/08 22:35,05F0000S,05F0055S,32,237,8
2024/04/08 22:35,05F0000S,05F0055S,41,240,2
2024/04/08 22:35,05F0000S,05F0055S,42,0,0
2024/04/08 22:35,05F0000S,05F0055S,5,0,0
2024/04/08 22:35,05F0055S,05F0287S,31,994,54
2024/04/08 22:35,05F0055S,05F0287S,32,1023,11
2024/04/08 22:35,05F0055S,05F0287S,41,1114,1
2024/04/08 22:35,05F0055S,05F0287S,42,0,0
2024/04/08 22:35,05F0055S,05F0287S,5,0,0
2024/04/08 22:35,05F0287S,05F0309S,31,86,36
2024/04/08 22:35,05F0287S,05F0309S,32,98,3
2024/04/08 22:35,05F0287S,05F0309S,41,103,1
2024/04/08 22:35,05F0287S,05F0309S,42,0,0
2024/04/08 22:35,05F0287S,05F0309S,5,0,0
2024/04/08 22:35,05F0309S,05F0439S,31,507,21
2024/04/08 22:35,05F0309S,05F0439S,32,517,3
2024/04/08 22:35,05F0309S,05F0439S,41,547,2
2024/04/08 22:35,05F0309S,05F0439S,42,0,0
2024/04/08 22:35,05F0309S,05F0439S,5,501,1
2024/04/08 22:35,05F0439S,05F0494S,31,227,1
2024/04/08 22:35,05F0439S,05F0494S,32,0,0
2024/04/08 22:35,05F0439S,05F0494S,41,0,0
2024/04/08 22:35,05F0439S,05F0494S,42,0,0
2024/04/08 22:35,05F0439S,05F0494S,5,199,1
2024/04/08 22:40,05F0000S,05F0055S,31,234,41
2024/04/08 22:40,05F0000S,05F0055S,32,214,7
2024/04/08 22:40,05F0000S,05F0055S,41,228,1
2024/04/08 22:40,05F0000S,05F0055S,42,0,0
2024/04/08 22:40,05F0000S,05F0055S,5,0,0
2024/04/08 22:40,05F0055S,05F0287S,31,961,48
2024/04/08 22:40,05F0055S,05F0287S,32,982,8
2024/04/08 22:40,05F0055S,05F0287S,41,1011,5
2024/04/08 22:40,05F0055S,05F0287S,42,0,0
2024/04/08 22:40,05F0055S,05F0287S,5,0,0
2024/04/08 22:40,05F0287S,05F0309S,31,83,35
2024/04/08 22:40,05F0287S,05F0309S,32,83,7
2024/04/08 22:40,05F0287S,05F0309S,41,91,3
2024/04/08 22:40,05F0287S,05F0309S,42,0,0
2024/04/08 22:40,05F0287S,05F0309S,5,96,1
2024/04/08 22:40,05F0309S,05F0439S,31,456,15
2024/04/08 22:40,05F0309S,05F0439S,32,0,0
2024/04/08 22:40,05F0309S,05F0439S,41,0,0
2024/04/08 22:40,05F0309S,05F0439S,42,0,0
2024/04/08 22:40,05F0309S,05F0439S,5,0,0
2024/04/08 22:40,05F0439S,05F0494S,31,198,3
2024/04/08 22:40,05F0439S,05F0494S,32,213,1
2024/04/08 22:40,05F0439S,05F0494S,41,0,0
2024/04/08 22:40,05F0439S,05F0494S,42,232,1
2024/04/08 22:40,05F0439S,05F0494S,5,213,1
2024/04/08 22:45,05F0000S,05F0055S,31,233,35
2024/04/08 22:45,05F0000S,05F0055S,32,241,4
2024/04/08 22:45,05F0000S,05F0055S,41,232,2
2024/04/08 22:45,05F0000S,05F0055S,42,0,0
2024/04/08 22:45,05F0000S,05F0055S,5,0,0
2024/04/08 22:45,05F0055S,05F0287S,31,965,34
2024/04/08 22:45,05F0055S,05F0287S,32,958,2
2024/04/08 22:45,05F0055S,05F0287S,41,982,3
2024/04/08 22:45,05F0055S,05F0287S,42,0,0
2024/04/08 22:45,05F0055S,05F0287S,5,0,0
2024/04/08 22:45,05F0287S,05F0309S,31,85,20
2024/04/08 22:45,05F0287S,05F0309S,32,92,2
2024/04/08 22:45,05F0287S,05F0309S,41,95,4
2024/04/08 22:45,05F0287S,05F0309S,42,0,0
2024/04/08 22:45,05F0287S,05F0309S,5,0,0
2024/04/08 22:45,05F0309S,05F0439S,31,487,10
2024/04/08 22:45,05F0309S,05F0439S,32,498,5
2024/04/08 22:45,05F0309S,05F0439S,41,1566,2
2024/04/08 22:45,05F0309S,05F0439S,42,0,0
2024/04/08 22:45,05F0309S,05F0439S,5,590,1
2024/04/08 22:45,05F0439S,05F0494S,31,202,4
2024/04/08 22:45,05F0439S,05F0494S,32,230,1
2024/04/08 22:45,05F0439S,05F0494S,41,0,0
2024/04/08 22:45,05F0439S,05F0494S,42,0,0
2024/04/08 22:45,05F0439S,05F0494S,5,250,1
2024/04/08 22:50,05F0000S,05F0055S,31,240,31
2024/04/08 22:50,05F0000S,05F0055S,32,236,7
2024/04/08 22:50,05F0000S,05F0055S,41,227,3
2024/04/08 22:50,05F0000S,05F0055S,42,0,0
2024/04/08 22:50,05F0000S,05F0055S,5,0,0
2024/04/08 22:50,05F0055S,05F0287S,31,945,34
2024/04/08 22:50,05F0055S,05F0287S,32,958,7
2024/04/08 22:50,05F0055S,05F0287S,41,991,1
2024/04/08 22:50,05F0055S,05F0287S,42,0,0
2024/04/08 22:50,05F0055S,05F0287S,5,0,0
2024/04/08 22:50,05F0287S,05F0309S,31,81,29
2024/04/08 22:50,05F0287S,05F0309S,32,86,6
2024/04/08 22:50,05F0287S,05F0309S,41,0,0
2024/04/08 22:50,05F0287S,05F0309S,42,0,0
2024/04/08 22:50,05F0287S,05F0309S,5,0,0
2024/04/08 22:50,05F0309S,05F0439S,31,465,17
2024/04/08 22:50,05F0309S,05F0439S,32,514,1
2024/04/08 22:50,05F0309S,05F0439S,41,521,2
2024/04/08 22:50,05F0309S,05F0439S,42,0,0
2024/04/08 22:50,05F0309S,05F0439S,5,547,1
2024/04/08 22:50,05F0439S,05F0494S,31,216,4
2024/04/08 22:50,05F0439S,05F0494S,32,214,1
2024/04/08 22:50,05F0439S,05F0494S,41,0,0
2024/04/08 22:50,05F0439S,05F0494S,42,0,0
2024/04/08 22:50,05F0439S,05F0494S,5,0,0
2024/04/08 22:55,05F0000S,05F0055S,31,232,26
2024/04/08 22:55,05F0000S,05F0055S,32,235,6
2024/04/08 22:55,05F0000S,05F0055S,41,224,1
2024/04/08 22:55,05F0000S,05F0055S,42,0,0
2024/04/08 22:55,05F0000S,05F0055S,5,0,0
2024/04/08 22:55,05F0055S,05F0287S,31,962,36
2024/04/08 22:55,05F0055S,05F0287S,32,933,9
2024/04/08 22:55,05F0055S,05F0287S,41,1004,2
2024/04/08 22:55,05F0055S,05F0287S,42,0,0
2024/04/08 22:55,05F0055S,05F0287S,5,0,0
2024/04/08 22:55,05F0287S,05F0309S,31,85,24
2024/04/08 22:55,05F0287S,05F0309S,32,85,7
2024/04/08 22:55,05F0287S,05F0309S,41,96,4
2024/04/08 22:55,05F0287S,05F0309S,42,106,1
2024/04/08 22:55,05F0287S,05F0309S,5,0,0
2024/04/08 22:55,05F0309S,05F0439S,31,468,18
2024/04/08 22:55,05F0309S,05F0439S,32,508,3
2024/04/08 22:55,05F0309S,05F0439S,41,558,2
2024/04/08 22:55,05F0309S,05F0439S,42,597,2
2024/04/08 22:55,05F0309S,05F0439S,5,0,0
2024/04/08 22:55,05F0439S,05F0494S,31,0,0
2024/04/08 22:55,05F0439S,05F0494S,32,220,1
2024/04/08 22:55,05F0439S,05F0494S,41,0,0
2024/04/08 22:55,05F0439S,05F0494S,42,0,0
2024/04/08 22:55,05F0439S,05F0494S,5,0,0
2024/04/08 23:00,05F0000S,05F0055S,31,243,23
2024/04/08 23:00,05F0000S,05F0055S,32,247,5
2024/04/08 23:00,05F0000S,05F0055S,41,242,1
2024/04/08 23:00,05F0000S,05F0055S,42,0,0
2024/04/08 23:00,05F0000S,05F0055S,5,0,0
2024/04/08 23:00,05F0055S,05F0287S,31,978,44
2024/04/08 23:00,05F0055S,05F0287S,32,948,5
2024/04/08 23:00,05F0055S,05F0287S,41,1004,2
2024/04/08 23:00,05F0055S,05F0287S,42,0,0
2024/04/08 23:00,05F0055S,05F0287S,5,0,0
2024/04/08 23:00,05F0287S,05F0309S,31,84,26
2024/04/08 23:00,05F0287S,05F0309S,32,82,3
2024/04/08 23:00,05F0287S,05F0309S,41,96,3
2024/04/08 23:00,05F0287S,05F0309S,42,0,0
2024/04/08 23:00,05F0287S,05F0309S,5,0,0
2024/04/08 23:00,05F0309S,05F0439S,31,465,14
2024/04/08 23:00,05F0309S,05F0439S,32,430,3
2024/04/08 23:00,05F0309S,05F0439S,41,526,1
2024/04/08 23:00,05F0309S,05F0439S,42,536,1
2024/04/08 23:00,05F0309S,05F0439S,5,0,0
2024/04/08 23:00,05F0439S,05F0494S,31,195,4
2024/04/08 23:00,05F0439S,05F0494S,32,201,3
2024/04/08 23:00,05F0439S,05F0494S,41,0,0
2024/04/08 23:00,05F0439S,05F0494S,42,0,0
2024/04/08 23:00,05F0439S,05F0494S,5,0,0
2024/04/08 23:05,05F0000S,05F0055S,31,233,30
2024/04/08 23:05,05F0000S,05F0055S,32,242,9
2024/04/08 23:05,05F0000S,05F0055S,41,254,3
2024/04/08 23:05,05F0000S,05F0055S,42,0,0
2024/04/08 23:05,05F0000S,05F0055S,5,0,0
2024/04/08 23:05,05F0055S,05F0287S,31,971,29
2024/04/08 23:05,05F0055S,05F0287S,32,971,7
2024/04/08 23:05,05F0055S,05F0287S,41,0,0
2024/04/08 23:05,05F0055S,05F0287S,42,0,0
2024/04/08 23:05,05F0055S,05F0287S,5,0,0
2024/04/08 23:05,05F0287S,05F0309S,31,84,28
2024/04/08 23:05,05F0287S,05F0309S,32,86,7
2024/04/08 23:05,05F0287S,05F0309S,41,0,0
2024/04/08 23:05,05F0287S,05F0309S,42,0,0
2024/04/08 23:05,05F0287S,05F0309S,5,0,0
2024/04/08 23:05,05F0309S,05F0439S,31,485,10
2024/04/08 23:05,05F0309S,05F0439S,32,479,3
2024/04/08 23:05,05F0309S,05F0439S,41,561,3
2024/04/08 23:05,05F0309S,05F0439S,42,572,1
2024/04/08 23:05,05F0309S,05F0439S,5,542,2
2024/04/08 23:05,05F0439S,05F0494S,31,331,1
2024/04/08 23:05,05F0439S,05F0494S,32,0,0
2024/04/08 23:05,05F0439S,05F0494S,41,0,0
2024/04/08 23:05,05F0439S,05F0494S,42,0,0
2024/04/08 23:05,05F0439S,05F0494S,5,239,1
2024/04/08 23:10,05F0000S,05F0055S,31,232,27
2024/04/08 23:10,05F0000S,05F0055S,32,237,3
2024/04/08 23:10,05F0000S,05F0055S,41,284,1
2024/04/08 23:10,05F0000S,05F0055S,42,0,0
2024/04/08 23:10,05F0000S,05F0055S,5,0,0
2024/04/08 23:10,05F0055S,05F0287S,31,952,27
2024/04/08 23:10,05F0055S,05F0287S,32,968,5
2024/04/08 23:10,05F0055S,05F0287S,41,968,4
2024/04/08 23:10,05F0055S,05F0287S,42,0,0
2024/04/08 23:10,05F0055S,05F0287S,5,0,0
2024/04/08 23:10,05F0287S,05F0309S,31,82,18
2024/04/08 23:10,05F0287S,05F0309S,32,85,4
2024/04/08 23:10,05F0287S,05F0309S,41,91,2
2024/04/08 23:10,05F0287S,05F0309S,42,0,0
2024/04/08 23:10,05F0287S,05F0309S,5,85,2
2024/04/08 23:10,05F0309S,05F0439S,31,479,17
2024/04/08 23:10,05F0309S,05F0439S,32,0,0
2024/04/08 23:10,05F0309S,05F0439S,41,547,3
2024/04/08 23:10,05F0309S,05F0439S,42,0,0
2024/04/08 23:10,05F0309S,05F0439S,5,589,1
2024/04/08 23:10,05F0439S,05F0494S,31,198,6
2024/04/08 23:10,05F0439S,05F0494S,32,195,1
2024/04/08 23:10,05F0439S,05F0494S,41,0,0
2024/04/08 23:10,05F0439S,05F0494S,42,0,0
2024/04/08 23:10,05F0439S,05F0494S,5,0,0
2024/04/08 23:15,05F0000S,05F0055S,31,235,26
2024/04/08 23:15,05F0000S,05F0055S,32,239,9
2024/04/08 23:15,05F0000S,05F0055S,41,255,1
2024/04/08 23:15,05F0000S,05F0055S,42,0,0
2024/04/08 23:15,05F0000S,05F0055S,5,0,0
2024/04/08 23:15,05F0055S,05F0287S,31,975,24
2024/04/08 23:15,05F0055S,05F0287S,32,1011,3
2024/04/08 23:15,05F0055S,05F0287S,41,0,0
2024/04/08 23:15,05F0055S,05F0287S,42,0,0
2024/04/08 23:15,05F0055S,05F0287S,5,0,0
2024/04/08 23:15,05F0287S,05F0309S,31,85,21
2024/04/08 23:15,05F0287S,05F0309S,32,92,2
2024/04/08 23:15,05F0287S,05F0309S,41,92,1
2024/04/08 23:15,05F0287S,05F0309S,42,0,0
2024/04/08 23:15,05F0287S,05F0309S,5,0,0
2024/04/08 23:15,05F0309S,05F0439S,31,461,13
2024/04/08 23:15,05F0309S,05F0439S,32,489,3
2024/04/08 23:15,05F0309S,05F0439S,41,0,0
2024/04/08 23:15,05F0309S,05F0439S,42,0,0
2024/04/08 23:15,05F0309S,05F0439S,5,0,0
2024/04/08 23:15,05F0439S,05F0494S,31,204,9
2024/04/08 23:15,05F0439S,05F0494S,32,0,0
2024/04/08 23:15,05F0439S,05F0494S,41,0,0
2024/04/08 23:15,05F0439S,05F0494S,42,0,0
2024/04/08 23:15,05F0439S,05F0494S,5,236,1
2024/04/08 23:20,05F0000S,05F0055S,31,228,19
2024/04/08 23:20,05F0000S,05F0055S,32,224,4
2024/04/08 23:20,05F0000S,05F0055S,41,222,4
2024/04/08 23:20,05F0000S,05F0055S,42,0,0
2024/04/08 23:20,05F0000S,05F0055S,5,0,0
2024/04/08 23:20,05F0055S,05F0287S,31,995,30
2024/04/08 23:20,05F0055S,05F0287S,32,1002,8
2024/04/08 23:20,05F0055S,05F0287S,41,1054,3
2024/04/08 23:20,05F0055S,05F0287S,42,0,0
2024/04/08 23:20,05F0055S,05F0287S,5,0,0
2024/04/08 23:20,05F0287S,05F0309S,31,87,17
2024/04/08 23:20,05F0287S,05F0309S,32,95,4
2024/04/08 23:20,05F0287S,05F0309S,41,0,0
2024/04/08 23:20,05F0287S,05F0309S,42,0,0
2024/04/08 23:20,05F0287S,05F0309S,5,0,0
2024/04/08 23:20,05F0309S,05F0439S,31,475,11
2024/04/08 23:20,05F0309S,05F0439S,32,531,4
2024/04/08 23:20,05F0309S,05F0439S,41,522,2
2024/04/08 23:20,05F0309S,05F0439S,42,0,0
2024/04/08 23:20,05F0309S,05F0439S,5,514,2
2024/04/08 23:20,05F0439S,05F0494S,31,213,4
2024/04/08 23:20,05F0439S,05F0494S,32,210,1
2024/04/08 23:20,05F0439S,05F0494S,41,0,0
2024/04/08 23:20,05F0439S,05F0494S,42,0,0
2024/04/08 23:20,05F0439S,05F0494S,5,0,0
2024/04/08 23:25,05F0000S,05F0055S,31,226,32
2024/04/08 23:25,05F0000S,05F0055S,32,234,3
2024/04/08 23:25,05F0000S,05F0055S,41,0,0
2024/04/08 23:25,05F0000S,05F0055S,42,0,0
2024/04/08 23:25,05F0000S,05F0055S,5,0,0
2024/04/08 23:25,05F0055S,05F0287S,31,954,31
2024/04/08 23:25,05F0055S,05F0287S,32,1003,3
2024/04/08 23:25,05F0055S,05F0287S,41,1085,2
2024/04/08 23:25,05F0055S,05F0287S,42,0,0
2024/04/08 23:25,05F0055S,05F0287S,5,0,0
2024/04/08 23:25,05F0287S,05F0309S,31,81,25
2024/04/08 23:25,05F0287S,05F0309S,32,80,4
2024/04/08 23:25,05F0287S,05F0309S,41,94,4
2024/04/08 23:25,05F0287S,05F0309S,42,0,0
2024/04/08 23:25,05F0287S,05F0309S,5,0,0
2024/04/08 23:25,05F0309S,05F0439S,31,485,12
2024/04/08 23:25,05F0309S,05F0439S,32,552,1
2024/04/08 23:25,05F0309S,05F0439S,41,0,0
2024/04/08 23:25,05F0309S,05F0439S,42,0,0
2024/04/08 23:25,05F0309S,05F0439S,5,533,1
2024/04/08 23:25,05F0439S,05F0494S,31,208,1
2024/04/08 23:25,05F0439S,05F0494S,32,225,1
2024/04/08 23:25,05F0439S,05F0494S,41,0,0
2024/04/08 23:25,05F0439S,05F0494S,42,0,0
2024/04/08 23:25,05F0439S,05F0494S,5,0,0
2024/04/08 23:30,05F0000S,05F0055S,31,230,25
2024/04/08 23:30,05F0000S,05F0055S,32,241,9
2024/04/08 23:30,05F0000S,05F0055S,41,239,3
2024/04/08 23:30,05F0000S,05F0055S,42,0,0
2024/04/08 23:30,05F0000S,05F0055S,5,0,0
2024/04/08 23:30,05F0055S,05F0287S,31,961,32
2024/04/08 23:30,05F0055S,05F0287S,32,983,8
2024/04/08 23:30,05F0055S,05F0287S,41,0,0
2024/04/08 23:30,05F0055S,05F0287S,42,0,0
2024/04/08 23:30,05F0055S,05F0287S,5,0,0
2024/04/08 23:30,05F0287S,05F0309S,31,84,21
2024/04/08 23:30,05F0287S,05F0309S,32,87,4
2024/04/08 23:30,05F0287S,05F0309S,41,95,1
2024/04/08 23:30,05F0287S,05F0309S,42,0,0
2024/04/08 23:30,05F0287S,05F0309S,5,0,0
2024/04/08 23:30,05F0309S,05F0439S,31,457,15
2024/04/08 23:30,05F0309S,05F0439S,32,465,6
2024/04/08 23:30,05F0309S,05F0439S,41,0,0
2024/04/08 23:30,05F0309S,05F0439S,42,0,0
2024/04/08 23:30,05F0309S,05F0439S,5,0,0
2024/04/08 23:30,05F0439S,05F0494S,31,210,6
2024/04/08 23:30,05F0439S,05F0494S,32,213,1
2024/04/08 23:30,05F0439S,05F0494S,41,0,0
2024/04/08 23:30,05F0439S,05F0494S,42,0,0
2024/04/08 23:30,05F0439S,05F0494S,5,226,1
2024/04/08 23:35,05F0000S,05F0055S,31,230,26
2024/04/08 23:35,05F0000S,05F0055S,32,228,4
2024/04/08 23:35,05F0000S,05F0055S,41,277,1
2024/04/08 23:35,05F0000S,05F0055S,42,0,0
2024/04/08 23:35,05F0000S,05F0055S,5,0,0
2024/04/08 23:35,05F0055S,05F0287S,31,964,20
2024/04/08 23:35,05F0055S,05F0287S,32,956,8
2024/04/08 23:35,05F0055S,05F0287S,41,988,4
2024/04/08 23:35,05F0055S,05F0287S,42,0,0
2024/04/08 23:35,05F0055S,05F0287S,5,0,0
2024/04/08 23:35,05F0287S,05F0309S,31,78,19
2024/04/08 23:35,05F0287S,05F0309S,32,81,6
2024/04/08 23:35,05F0287S,05F0309S,41,92,3
2024/04/08 23:35,05F0287S,05F0309S,42,0,0
2024/04/08 23:35,05F0287S,05F0309S,5,0,0
2024/04/08 23:35,05F0309S,05F0439S,31,470,10
2024/04/08 23:35,05F0309S,05F0439S,32,0,0
2024/04/08 23:35,05F0309S,05F0439S,41,543,4
2024/04/08 23:35,05F0309S,05F0439S,42,553,1
2024/04/08 23:35,05F0309S,05F0439S,5,0,0
2024/04/08 23:35,05F0439S,05F0494S,31,214,6
2024/04/08 23:35,05F0439S,05F0494S,32,202,1
2024/04/08 23:35,05F0439S,05F0494S,41,0,0
2024/04/08 23:35,05F0439S,05F0494S,42,0,0
2024/04/08 23:35,05F0439S,05F0494S,5,0,0
2024/04/08 23:40,05F0000S,05F0055S,31,233,24
2024/04/08 23:40,05F0000S,05F0055S,32,217,2
2024/04/08 23:40,05F0000S,05F0055S,41,236,1
2024/04/08 23:40,05F0000S,05F0055S,42,0,0
2024/04/08 23:40,05F0000S,05F0055S,5,0,0
2024/04/08 23:40,05F0055S,05F0287S,31,930,27
2024/04/08 23:40,05F0055S,05F0287S,32,952,2
2024/04/08 23:40,05F0055S,05F0287S,41,1261,1
2024/04/08 23:40,05F0055S,05F0287S,42,0,0
2024/04/08 23:40,05F0055S,05F0287S,5,0,0
2024/04/08 23:40,05F0287S,05F0309S,31,83,18
2024/04/08 23:40,05F0287S,05F0309S,32,84,1
2024/04/08 23:40,05F0287S,05F0309S,41,91,1
2024/04/08 23:40,05F0287S,05F0309S,42,0,0
2024/04/08 23:40,05F0287S,05F0309S,5,0,0
2024/04/08 23:40,05F0309S,05F0439S,31,490,7
2024/04/08 23:40,05F0309S,05F0439S,32,511,5
2024/04/08 23:40,05F0309S,05F0439S,41,0,0
2024/04/08 23:40,05F0309S,05F0439S,42,501,1
2024/04/08 23:40,05F0309S,05F0439S,5,0,0
2024/04/08 23:40,05F0439S,05F0494S,31,171,2
2024/04/08 23:40,05F0439S,05F0494S,32,218,3
2024/04/08 23:40,05F0439S,05F0494S,41,0,0
2024/04/08 23:40,05F0439S,05F0494S,42,0,0
2024/04/08 23:40,05F0439S,05F0494S,5,0,0
2024/04/08 23:45,05F0000S,05F0055S,31,243,22
2024/04/08 23:45,05F0000S,05F0055S,32,242,5
2024/04/08 23:45,05F0000S,05F0055S,41,0,0
2024/04/08 23:45,05F0000S,05F0055S,42,0,0
2024/04/08 23:45,05F0000S,05F0055S,5,0,0
2024/04/08 23:45,05F0055S,05F0287S,31,940,24
2024/04/08 23:45,05F0055S,05F0287S,32,972,9
2024/04/08 23:45,05F0055S,05F0287S,41,1017,3
2024/04/08 23:45,05F0055S,05F0287S,42,0,0
2024/04/08 23:45,05F0055S,05F0287S,5,0,0
2024/04/08 23:45,05F0287S,05F0309S,31,81,16
2024/04/08 23:45,05F0287S,05F0309S,32,79,5
2024/04/08 23:45,05F0287S,05F0309S,41,83,1
2024/04/08 23:45,05F0287S,05F0309S,42,0,0
2024/04/08 23:45,05F0287S,05F0309S,5,0,0
2024/04/08 23:45,05F0309S,05F0439S,31,456,11
2024/04/08 23:45,05F0309S,05F0439S,32,487,2
2024/04/08 23:45,05F0309S,05F0439S,41,523,3
2024/04/08 23:45,05F0309S,05F0439S,42,0,0
2024/04/08 23:45,05F0309S,05F0439S,5,0,0
2024/04/08 23:45,05F0439S,05F0494S,31,238,2
2024/04/08 23:45,05F0439S,05F0494S,32,0,0
2024/04/08 23:45,05F0439S,05F0494S,41,0,0
2024/04/08 23:45,05F0439S,05F0494S,42,213,1
2024/04/08 23:45,05F0439S,05F0494S,5,0,0
2024/04/08 23:50,05F0000S,05F0055S,31,222,21
2024/04/08 23:50,05F0000S,05F0055S,32,231,10
2024/04/08 23:50,05F0000S,05F0055S,41,228,5
2024/04/08 23:50,05F0000S,05F0055S,42,0,0
2024/04/08 23:50,05F0000S,05F0055S,5,0,0
2024/04/08 23:50,05F0055S,05F0287S,31,957,31
2024/04/08 23:50,05F0055S,05F0287S,32,970,6
2024/04/08 23:50,05F0055S,05F0287S,41,0,0
2024/04/08 23:50,05F0055S,05F0287S,42,0,0
2024/04/08 23:50,05F0055S,05F0287S,5,0,0
2024/04/08 23:50,05F0287S,05F0309S,31,85,20
2024/04/08 23:50,05F0287S,05F0309S,32,91,8
2024/04/08 23:50,05F0287S,05F0309S,41,98,2
2024/04/08 23:50,05F0287S,05F0309S,42,0,0
2024/04/08 23:50,05F0287S,05F0309S,5,0,0
2024/04/08 23:50,05F0309S,05F0439S,31,451,8
2024/04/08 23:50,05F0309S,05F0439S,32,461,4
2024/04/08 23:50,05F0309S,05F0439S,41,479,1
2024/04/08 23:50,05F0309S,05F0439S,42,0,0
2024/04/08 23:50,05F0309S,05F0439S,5,511,2
2024/04/08 23:50,05F0439S,05F0494S,31,196,3
2024/04/08 23:50,05F0439S,05F0494S,32,0,0
2024/04/08 23:50,05F0439S,05F0494S,41,0,0
2024/04/08 23:50,05F0439S,05F0494S,42,0,0
2024/04/08 23:50,05F0439S,05F0494S,5,227,1
2024/04/08 23:55,05F0000S,05F0055S,31,223,20
2024/04/08 23:55,05F0000S,05F0055S,32,245,5
2024/04/08 23:55,05F0000S,05F0055S,41,0,0
2024/04/08 23:55,05F0000S,05F0055S,42,0,0
2024/04/08 23:55,05F0000S,05F0055S,5,0,0
2024/04/08 23:55,05F0055S,05F0287S,31,994,23
2024/04/08 23:55,05F0055S,05F0287S,32,962,2
2024/04/08 23:55,05F0055S,05F0287S,41,1087,1
2024/04/08 23:55,05F0055S,05F0287S,42,0,0
2024/04/08 23:55,05F0055S,05F0287S,5,0,0
2024/04/08 23:55,05F0287S,05F0309S,31,81,10
2024/04/08 23:55,05F0287S,05F0309S,32,0,0
2024/04/08 23:55,05F0287S,05F0309S,41,561,2
2024/04/08 23:55,05F0287S,05F0309S,42,0,0
2024/04/08 23:55,05F0287S,05F0309S,5,0,0
2024/04/08 23:55,05F0309S,05F0439S,31,505,6
2024/04/08 23:55,05F0309S,05F0439S,32,450,2
2024/04/08 23:55,05F0309S,05F0439S,41,525,1
2024/04/08 23:55,05F0309S,05F0439S,42,0,0
2024/04/08 23:55,05F0309S,05F0439S,5,516,1
2024/04/08 23:55,05F0439S,05F0494S,31,212,2
2024/04/08 23:55,05F0439S,05F0494S,32,208,1
2024/04/08 23:55,05F0439S,05F0494S,41,0,0
2024/04/08 23:55,05F0439S,05F0494S,42,0,0
2024/04/08 23:55,05F0439S,05F0494S,5,0,0
