2026/08/30 00:00,05F0000S,05F0055S,31,228,32
2026/08/30 00:00,05F0000S,05F0055S,32,240,7
2026/08/30 00:00,05F0000S,05F0055S,41,0,0
2026/08/30 00:00,05F0000S,05F0055S,42,0,0
2026/08/30 00:00,05F0000S,05F0055S,5,0,0
2026/08/30 00:00,05F0055S,05F0287S,31,923,40
2026/08/30 00:00,05F0055S,05F0287S,32,957,8
2026/08/30 00:00,05F0055S,05F0287S,41,989,5
2026/08/30 00:00,05F0055S,05F0287S,42,0,0
2026/08/30 00:00,05F0055S,05F0287S,5,0,0
2026/08/30 00:00,05F0287S,05F0309S,31,84,23
2026/08/30 00:00,05F0287S,05F0309S,32,91,6
2026/08/30 00:00,05F0287S,05F0309S,41,87,2
2026/08/30 00:00,05F0287S,05F0309S,42,0,0
2026/08/30 00:00,05F0287S,05F0309S,5,0,0
2026/08/30 00:00,05F0309S,05F0439S,31,473,21
2026/08/30 00:00,05F0309S,05F0439S,32,501,4
2026/08/30 00:00,05F0309S,05F0439S,41,531,3
2026/08/30 00:00,05F0309S,05F0439S,42,505,1
2026/08/30 00:00,05F0309S,05F0439S,5,0,0
2026/08/30 00:00,05F0439S,05F0494S,31,185,8
2026/08/30 00:00,05F0439S,05F0494S,32,197,2
2026/08/30 00:00,05F0439S,05F0494S,41,0,0
2026/08/30 00:00,05F0439S,05F0494S,42,227,2
2026/08/30 00:00,05F0439S,05F0494S,5,0,0
2026/08/30 00:05,05F0000S,05F0055S,31,231,22
2026/08/30 00:05,05F0000S,05F0055S,32,233,3
2026/08/30 00:05,05F0000S,05F0055S,41,254,2
2026/08/30 00:05,05F0000S,05F0055S,42,0,0
2026/08/30 00:05,05F0000S,05F0055S,5,0,0
2026/08/30 00:05,05F0055S,05F0287S,31,945,34
2026/08/30 00:05,05F0055S,05F0287S,32,965,8
2026/08/30 00:05,05F0055S,05F0287S,41,965,1
2026/08/30 00:05,05F0055S,05F0287S,42,0,0
2026/08/30 00:05,05F0055S,05F0287S,5,0,0
2026/08/30 00:05,05F0287S,05F0309S,31,85,22
2026/08/30 00:05,05F0287S,05F0309S,32,85,7
2026/08/30 00:05,05F0287S,05F0309S,41,94,3
2026/08/30 00:05,05F0287S,05F0309S,42,0,0
2026/08/30 00:05,05F0287S,05F0309S,5,0,0
2026/08/30 00:05,05F0309S,05F0439S,31,487,13
2026/08/30 00:05,05F0309S,05F0439S,32,506,4
2026/08/30 00:05,05F0309S,05F0439S,41,544,1
2026/08/30 00:05,05F0309S,05F0439S,42,0,0
2026/08/30 00:05,05F0309S,05F0439S,5,0,0
2026/08/30 00:05,05F0439S,05F0494S,31,218,4
2026/08/30 00:05,05F0439S,05F0494S,32,205,2
2026/08/30 00:05,05F0439S,05F0494S,41,0,0
2026/08/30 00:05,05F0439S,05F0494S,42,0,0
2026/08/30 00:05,05F0439S,05F0494S,5,0,0
2026/08/30 00:10,05F0000S,05F0055S,31,232,24
2026/08/30 00:10,05F0000S,05F0055S,32,239,7
2026/08/30 00:10,05F0000S,05F0055S,41,241,1
2026/08/30 00:10,05F0000S,05F0055S,42,0,0
2026/08/30 00:10,05F0000S,05F0055S,5,0,0
2026/08/30 00:10,05F0055S,05F0287S,31,911,38
2026/08/30 00:10,05F0055S,05F0287S,32,964,4
2026/08/30 00:10,05F0055S,05F0287S,41,0,0
2026/08/30 00:10,05F0055S,05F0287S,42,0,0
2026/08/30 00:10,05F0055S,05F0287S,5,0,0
2026/08/30 00:10,05F0287S,05F0309S,31,85,34
2026/08/30 00:10,05F0287S,05F0309S,32,85,4
2026/08/30 00:10,05F0287S,05F0309S,41,1513,1
2026/08/30 00:10,05F0287S,05F0309S,42,0,0
2026/08/30 00:10,05F0287S,05F0309S,5,0,0
2026/08/30 00:10,05F0309S,05F0439S,31,480,16
2026/08/30 00:10,05F0309S,05F0439S,32,504,4
2026/08/30 00:10,05F0309S,05F0439S,41,528,2
2026/08/30 00:10,05F0309S,05F0439S,42,500,1
2026/08/30 00:10,05F0309S,05F0439S,5,510,1
2026/08/30 00:10,05F0439S,05F0494S,31,209,6
2026/08/30 00:10,05F0439S,05F0494S,32,216,1
2026/08/30 00:10,05F0439S,05F0494S,41,0,0
2026/08/30 00:10,05F0439S,05F0494S,42,211,1
2026/08/30 00:10,05F0439S,05F0494S,5,0,0
2026/08/30 00:15,05F0000S,05F0055S,31,232,22
2026/08/30 00:15,05F0000S,05F0055S,32,251,5
2026/08/30 00:15,05F0000S,05F0055S,41,0,0
2026/08/30 00:15,05F0000S,05F0055S,42,0,0
2026/08/30 00:15,05F0000S,05F0055S,5,0,0
2026/08/30 00:15,05F0055S,05F0287S,31,919,27
2026/08/30 00:15,05F0055S,05F0287S,32,916,5
2026/08/30 00:15,05F0055S,05F0287S,41,0,0
2026/08/30 00:15,05F0055S,05F0287S,42,0,0
2026/08/30 00:15,05F0055S,05F0287S,5,0,0
2026/08/30 00:15,05F0287S,05F0309S,31,85,27
2026/08/30 00:15,05F0287S,05F0309S,32,90,1
2026/08/30 00:15,05F0287S,05F0309S,41,0,0
2026/08/30 00:15,05F0287S,05F0309S,42,0,0
2026/08/30 00:15,05F0287S,05F0309S,5,0,0
2026/08/30 00:15,05F0309S,05F0439S,31,482,18
2026/08/30 00:15,05F0309S,05F0439S,32,483,5
2026/08/30 00:15,05F0309S,05F0439S,41,537,1
2026/08/30 00:15,05F0309S,05F0439S,42,506,1
2026/08/30 00:15,05F0309S,05F0439S,5,483,1
2026/08/30 00:15,05F0439S,05F0494S,31,215,7
2026/08/30 00:15,05F0439S,05F0494S,32,209,2
2026/08/30 00:15,05F0439S,05F0494S,41,231,1
2026/08/30 00:15,05F0439S,05F0494S,42,0,0
2026/08/30 00:15,05F0439S,05F0494S,5,0,0
2026/08/30 00:20,05F0000S,05F0055S,31,230,30
2026/08/30 00:20,05F0000S,05F0055S,32,235,8
2026/08/30 00:20,05F0000S,05F0055S,41,0,0
2026/08/30 00:20,05F0000S,05F0055S,42,0,0
2026/08/30 00:20,05F0000S,05F0055S,5,0,0
2026/08/30 00:20,05F0055S,05F0287S,31,944,23
2026/08/30 00:20,05F0055S,05F0287S,32,995,6
2026/08/30 00:20,05F0055S,05F0287S,41,1016,2
2026/08/30 00:20,05F0055S,05F0287S,42,0,0
2026/08/30 00:20,05F0055S,05F0287S,5,0,0
2026/08/30 00:20,05F0287S,05F0309S,31,84,20
2026/08/30 00:20,05F0287S,05F0309S,32,89,6
2026/08/30 00:20,05F0287S,05F0309S,41,0,0
2026/08/30 00:20,05F0287S,05F0309S,42,0,0
2026/08/30 00:20,05F0287S,05F0309S,5,0,0
2026/08/30 00:20,05F0309S,05F0439S,31,472,20
2026/08/30 00:20,05F0309S,05F0439S,32,539,3
2026/08/30 00:20,05F0309S,05F0439S,41,543,1
2026/08/30 00:20,05F0309S,05F0439S,42,557,2
2026/08/30 00:20,05F0309S,05F0439S,5,514,2
2026/08/30 00:20,05F0439S,05F0494S,31,219,6
2026/08/30 00:20,05F0439S,05F0494S,32,211,1
2026/08/30 00:20,05F0439S,05F0494S,41,0,0
2026/08/30 00:20,05F0439S,05F0494S,42,0,0
2026/08/30 00:20,05F0439S,05F0494S,5,205,1
2026/08/30 00:25,05F0000S,05F0055S,31,229,28
2026/08/30 00:25,05F0000S,05F0055S,32,250,4
2026/08/30 00:25,05F0000S,05F0055S,41,235,4
2026/08/30 00:25,05F0000S,05F0055S,42,0,0
2026/08/30 00:25,05F0000S,05F0055S,5,0,0
2026/08/30 00:25,05F0055S,05F0287S,31,934,24
2026/08/30 00:25,05F0055S,05F0287S,32,928,8
2026/08/30 00:25,05F0055S,05F0287S,41,1021,1
2026/08/30 00:25,05F0055S,05F0287S,42,0,0
2026/08/30 00:25,05F0055S,05F0287S,5,0,0
2026/08/30 00:25,05F0287S,05F0309S,31,85,18
2026/08/30 00:25,05F0287S,05F0309S,32,80,4
2026/08/30 00:25,05F0287S,05F0309S,41,1501,1
2026/08/30 00:25,05F0287S,05F0309S,42,0,0
2026/08/30 00:25,05F0287S,05F0309S,5,0,0
2026/08/30 00:25,05F0309S,05F0439S,31,477,18
2026/08/30 00:25,05F0309S,05F0439S,32,482,3
2026/08/30 00:25,05F0309S,05F0439S,41,0,0
2026/08/30 00:25,05F0309S,05F0439S,42,0,0
2026/08/30 00:25,05F0309S,05F0439S,5,0,0
2026/08/30 00:25,05F0439S,05F0494S,31,187,4
2026/08/30 00:25,05F0439S,05F0494S,32,194,1
2026/08/30 00:25,05F0439S,05F0494S,41,0,0
2026/08/30 00:25,05F0439S,05F0494S,42,243,1
2026/08/30 00:25,05F0439S,05F0494S,5,219,2
2026/08/30 00:30,05F0000S,05F0055S,31,232,27
2026/08/30 00:30,05F0000S,05F0055S,32,229,9
2026/08/30 00:30,05F0000S,05F0055S,41,0,0
2026/08/30 00:30,05F0000S,05F0055S,42,0,0
2026/08/30 00:30,05F0000S,05F0055S,5,0,0
2026/08/30 00:30,05F0055S,05F0287S,31,923,23
2026/08/30 00:30,05F0055S,05F0287S,32,913,2
2026/08/30 00:30,05F0055S,05F0287S,41,0,0
2026/08/30 00:30,05F0055S,05F0287S,42,0,0
2026/08/30 00:30,05F0055S,05F0287S,5,0,0
2026/08/30 00:30,05F0287S,05F0309S,31,83,22
2026/08/30 00:30,05F0287S,05F0309S,32,82,3
2026/08/30 00:30,05F0287S,05F0309S,41,95,1
2026/08/30 00:30,05F0287S,05F0309S,42,0,0
2026/08/30 00:30,05F0287S,05F0309S,5,0,0
2026/08/30 00:30,05F0309S,05F0439S,31,466,11
2026/08/30 00:30,05F0309S,05F0439S,32,533,3
2026/08/30 00:30,05F0309S,05F0439S,41,0,0
2026/08/30 00:30,05F0309S,05F0439S,42,520,3
2026/08/30 00:30,05F0309S,05F0439S,5,0,0
2026/08/30 00:30,05F0439S,05F0494S,31,207,1
2026/08/30 00:30,05F0439S,05F0494S,32,231,1
2026/08/30 00:30,05F0439S,05F0494S,41,0,0
2026/08/30 00:30,05F0439S,05F0494S,42,0,0
2026/08/30 00:30,05F0439S,05F0494S,5,0,0
2026/08/30 00:35,05F0000S,05F0055S,31,231,24
2026/08/30 00:35,05F0000S,05F0055S,32,239,7
2026/08/30 00:35,05F0000S,05F0055S,41,0,0
2026/08/30 00:35,05F0000S,05F0055S,42,0,0
2026/08/30 00:35,05F0000S,05F0055S,5,0,0
2026/08/30 00:35,05F0055S,05F0287S,31,944,37
2026/08/30 00:35,05F0055S,05F0287S,32,942,10
2026/08/30 00:35,05F0055S,05F0287S,41,0,0
2026/08/30 00:35,05F0055S,05F0287S,42,0,0
2026/08/30 00:35,05F0055S,05F0287S,5,0,0
2026/08/30 00:35,05F0287S,05F0309S,31,81,23
2026/08/30 00:35,05F0287S,05F0309S,32,91,7
2026/08/30 00:35,05F0287S,05F0309S,41,0,0
2026/08/30 00:35,05F0287S,05F0309S,42,0,0
2026/08/30 00:35,05F0287S,05F0309S,5,0,0
2026/08/30 00:35,05F0309S,05F0439S,31,460,14
2026/08/30 00:35,05F0309S,05F0439S,32,468,3
2026/08/30 00:35,05F0309S,05F0439S,41,541,2
2026/08/30 00:35,05F0309S,05F0439S,42,0,0
2026/08/30 00:35,05F0309S,05F0439S,5,0,0
2026/08/30 00:35,05F0439S,05F0494S,31,206,3
2026/08/30 00:35,05F0439S,05F0494S,32,0,0
2026/08/30 00:35,05F0439S,05F0494S,41,0,0
2026/08/30 00:35,05F0439S,05F0494S,42,213,1
2026/08/30 00:35,05F0439S,05F0494S,5,0,0
2026/08/30 00:40,05F0000S,05F0055S,31,227,16
2026/08/30 00:40,05F0000S,05F0055S,32,238,8
2026/08/30 00:40,05F0000S,05F0055S,41,0,0
2026/08/30 00:40,05F0000S,05F0055S,42,0,0
2026/08/30 00:40,05F0000S,05F0055S,5,0,0
2026/08/30 00:40,05F0055S,05F0287S,31,939,29
2026/08/30 00:40,05F0055S,05F0287S,32,950,5
2026/08/30 00:40,05F0055S,05F0287S,41,1011,2
2026/08/30 00:40,05F0055S,05F0287S,42,0,0
2026/08/30 00:40,05F0055S,05F0287S,5,0,0
2026/08/30 00:40,05F0287S,05F0309S,31,84,23
2026/08/30 00:40,05F0287S,05F0309S,32,87,3
2026/08/30 00:40,05F0287S,05F0309S,41,0,0
2026/08/30 00:40,05F0287S,05F0309S,42,0,0
2026/08/30 00:40,05F0287S,05F0309S,5,0,0
2026/08/30 00:40,05F0309S,05F0439S,31,500,10
2026/08/30 00:40,05F0309S,05F0439S,32,512,1
2026/08/30 00:40,05F0309S,05F0439S,41,0,0
2026/08/30 00:40,05F0309S,05F0439S,42,0,0
2026/08/30 00:40,05F0309S,05F0439S,5,0,0
2026/08/30 00:40,05F0439S,05F0494S,31,208,9
2026/08/30 00:40,05F0439S,05F0494S,32,220,1
2026/08/30 00:40,05F0439S,05F0494S,41,0,0
2026/08/30 00:40,05F0439S,05F0494S,42,0,0
2026/08/30 00:40,05F0439S,05F0494S,5,0,0
2026/08/30 00:45,05F0000S,05F0055S,31,233,18
2026/08/30 00:45,05F0000S,05F0055S,32,222,3
2026/08/30 00:45,05F0000S,05F0055S,41,239,2
2026/08/30 00:45,05F0000S,05F0055S,42,0,0
2026/08/30 00:45,05F0000S,05F0055S,5,0,0
2026/08/30 00:45,05F0055S,05F0287S,31,932,30
2026/08/30 00:45,05F0055S,05F0287S,32,929,8
2026/08/30 00:45,05F0055S,05F0287S,41,1007,2
2026/08/30 00:45,05F0055S,05F0287S,42,0,0
2026/08/30 00:45,05F0055S,05F0287S,5,0,0
2026/08/30 00:45,05F0287S,05F0309S,31,84,16
2026/08/30 00:45,05F0287S,05F0309S,32,84,5
2026/08/30 00:45,05F0287S,05F0309S,41,94,3
2026/08/30 00:45,05F0287S,05F0309S,42,0,0
2026/08/30 00:45,05F0287S,05F0309S,5,0,0
2026/08/30 00:45,05F0309S,05F0439S,31,445,18
2026/08/30 00:45,05F0309S,05F0439S,32,539,3
2026/08/30 00:45,05F0309S,05F0439S,41,0,0
2026/08/30 00:45,05F0309S,05F0439S,42,514,3
2026/08/30 00:45,05F0309S,05F0439S,5,0,0
2026/08/30 00:45,05F0439S,05F0494S,31,204,3
2026/08/30 00:45,05F0439S,05F0494S,32,0,0
2026/08/30 00:45,05F0439S,05F0494S,41,0,0
2026/08/30 00:45,05F0439S,05F0494S,42,176,1
2026/08/30 00:45,05F0439S,05F0494S,5,0,0
2026/08/30 00:50,05F0000S,05F0055S,31,241,19
2026/08/30 00:50,05F0000S,05F0055S,32,244,2
2026/08/30 00:50,05F0000S,05F0055S,41,233,1
2026/08/30 00:50,05F0000S,05F0055S,42,0,0
2026/08/30 00:50,05F0000S,05F0055S,5,0,0
2026/08/30 00:50,05F0055S,05F0287S,31,940,24
2026/08/30 00:50,05F0055S,05F0287S,32,965,8
2026/08/30 00:50,05F0055S,05F0287S,41,0,0
2026/08/30 00:50,05F0055S,05F0287S,42,0,0
2026/08/30 00:50,05F0055S,05F0287S,5,0,0
2026/08/30 00:50,05F0287S,05F0309S,31,82,16
2026/08/30 00:50,05F0287S,05F0309S,32,86,3
2026/08/30 00:50,05F0287S,05F0309S,41,0,0
2026/08/30 00:50,05F0287S,05F0309S,42,0,0
2026/08/30 00:50,05F0287S,05F0309S,5,0,0
2026/08/30 00:50,05F0309S,05F0439S,31,472,10
2026/08/30 00:50,05F0309S,05F0439S,32,575,1
2026/08/30 00:50,05F0309S,05F0439S,41,0,0
2026/08/30 00:50,05F0309S,05F0439S,42,0,0
2026/08/30 00:50,05F0309S,05F0439S,5,0,0
2026/08/30 00:50,05F0439S,05F0494S,31,192,10
2026/08/30 00:50,05F0439S,05F0494S,32,221,2
2026/08/30 00:50,05F0439S,05F0494S,41,0,0
2026/08/30 00:50,05F0439S,05F0494S,42,218,3
2026/08/30 00:50,05F0439S,05F0494S,5,0,0
2026/08/30 00:55,05F0000S,05F0055S,31,233,19
2026/08/30 00:55,05F0000S,05F0055S,32,233,5
2026/08/30 00:55,05F0000S,05F0055S,41,0,0
2026/08/30 00:55,05F0000S,05F0055S,42,0,0
2026/08/30 00:55,05F0000S,05F0055S,5,0,0
2026/08/30 00:55,05F0055S,05F0287S,31,908,17
2026/08/30 00:55,05F0055S,05F0287S,32,901,7
2026/08/30 00:55,05F0055S,05F0287S,41,0,0
2026/08/30 00:55,05F0055S,05F0287S,42,0,0
2026/08/30 00:55,05F0055S,05F0287S,5,0,0
2026/08/30 00:55,05F0287S,05F0309S,31,85,16
2026/08/30 00:55,05F0287S,05F0309S,32,84,6
2026/08/30 00:55,05F0287S,05F0309S,41,0,0
2026/08/30 00:55,05F0287S,05F0309S,42,0,0
2026/08/30 00:55,05F0287S,05F0309S,5,0,0
2026/08/30 00:55,05F0309S,05F0439S,31,484,13
2026/08/30 00:55,05F0309S,05F0439S,32,478,3
2026/08/30 00:55,05F0309S,05F0439S,41,531,1
2026/08/30 00:55,05F0309S,05F0439S,42,584,1
2026/08/30 00:55,05F0309S,05F0439S,5,0,0
2026/08/30 00:55,05F0439S,05F0494S,31,237,2
2026/08/30 00:55,05F0439S,05F0494S,32,0,0
2026/08/30 00:55,05F0439S,05F0494S,41,0,0
2026/08/30 00:55,05F0439S,05F0494S,42,0,0
2026/08/30 00:55,05F0439S,05F0494S,5,0,0
2026/08/30 01:00,05F0000S,05F0055S,31,237,20
2026/08/30 01:00,05F0000S,05F0055S,32,234,5
2026/08/30 01:00,05F0000S,05F0055S,41,250,1
2026/08/30 01:00,05F0000S,05F0055S,42,0,0
2026/08/30 01:00,05F0000S,05F0055S,5,0,0
2026/08/30 01:00,05F0055S,05F0287S,31,924,14
2026/08/30 01:00,05F0055S,05F0287S,32,958,3
2026/08/30 01:00,05F0055S,05F0287S,41,985,1
2026/08/30 01:00,05F0055S,05F0287S,42,0,0
2026/08/30 01:00,05F0055S,05F0287S,5,0,0
2026/08/30 01:00,05F0287S,05F0309S,31,82,10
2026/08/30 01:00,05F0287S,05F0309S,32,92,5
2026/08/30 01:00,05F0287S,05F0309S,41,0,0
2026/08/30 01:00,05F0287S,05F0309S,42,0,0
2026/08/30 01:00,05F0287S,05F0309S,5,0,0
2026/08/30 01:00,05F0309S,05F0439S,31,488,12
2026/08/30 01:00,05F0309S,05F0439S,32,506,3
2026/08/30 01:00,05F0309S,05F0439S,41,0,0
2026/08/30 01:00,05F0309S,05F0439S,42,493,1
2026/08/30 01:00,05F0309S,05F0439S,5,555,1
2026/08/30 01:00,05F0439S,05F0494S,31,201,3
2026/08/30 01:00,05F0439S,05F0494S,32,0,0
2026/08/30 01:00,05F0439S,05F0494S,41,0,0
2026/08/30 01:00,05F0439S,05F0494S,42,262,1
2026/08/30 01:00,05F0439S,05F0494S,5,228,1
2026/08/30 01:05,05F0000S,05F0055S,31,229,23
2026/08/30 01:05,05F0000S,05F0055S,32,236,6
2026/08/30 01:05,05F0000S,05F0055S,41,0,0
2026/08/30 01:05,05F0000S,05F0055S,42,0,0
2026/08/30 01:05,05F0000S,05F0055S,5,0,0
2026/08/30 01:05,05F0055S,05F0287S,31,949,24
2026/08/30 01:05,05F0055S,05F0287S,32,961,4
2026/08/30 01:05,05F0055S,05F0287S,41,1089,2
2026/08/30 01:05,05F0055S,05F0287S,42,0,0
2026/08/30 01:05,05F0055S,05F0287S,5,0,0
2026/08/30 01:05,05F0287S,05F0309S,31,87,17
2026/08/30 01:05,05F0287S,05F0309S,32,90,4
2026/08/30 01:05,05F0287S,05F0309S,41,89,1
2026/08/30 01:05,05F0287S,05F0309S,42,0,0
2026/08/30 01:05,05F0287S,05F0309S,5,0,0
2026/08/30 01:05,05F0309S,05F0439S,31,495,4
2026/08/30 01:05,05F0309S,05F0439S,32,452,4
2026/08/30 01:05,05F0309S,05F0439S,41,0,0
2026/08/30 01:05,05F0309S,05F0439S,42,0,0
2026/08/30 01:05,05F0309S,05F0439S,5,0,0
2026/08/30 01:05,05F0439S,05F0494S,31,210,6
2026/08/30 01:05,05F0439S,05F0494S,32,200,1
2026/08/30 01:05,05F0439S,05F0494S,41,0,0
2026/08/30 01:05,05F0439S,05F0494S,42,209,1
2026/08/30 01:05,05F0439S,05F0494S,5,0,0
2026/08/30 01:10,05F0000S,05F0055S,31,232,30
2026/08/30 01:10,05F0000S,05F0055S,32,234,3
2026/08/30 01:10,05F0000S,05F0055S,41,0,0
2026/08/30 01:10,05F0000S,05F0055S,42,0,0
2026/08/30 01:10,05F0000S,05F0055S,5,0,0
2026/08/30 01:10,05F0055S,05F0287S,31,935,21
2026/08/30 01:10,05F0055S,05F0287S,32,918,4
2026/08/30 01:10,05F0055S,05F0287S,41,988,1
2026/08/30 01:10,05F0055S,05F0287S,42,0,0
2026/08/30 01:10,05F0055S,05F0287S,5,0,0
2026/08/30 01:10,05F0287S,05F0309S,31,89,17
2026/08/30 01:10,05F0287S,05F0309S,32,89,1
2026/08/30 01:10,05F0287S,05F0309S,41,0,0
2026/08/30 01:10,05F0287S,05F0309S,42,0,0
2026/08/30 01:10,05F0287S,05F0309S,5,0,0
2026/08/30 01:10,05F0309S,05F0439S,31,491,4
2026/08/30 01:10,05F0309S,05F0439S,32,547,2
2026/08/30 01:10,05F0309S,05F0439S,41,0,0
2026/08/30 01:10,05F0309S,05F0439S,42,536,1
2026/08/30 01:10,05F0309S,05F0439S,5,516,2
2026/08/30 01:10,05F0439S,05F0494S,31,180,2
2026/08/30 01:10,05F0439S,05F0494S,32,241,2
2026/08/30 01:10,05F0439S,05F0494S,41,0,0
2026/08/30 01:10,05F0439S,05F0494S,42,0,0
2026/08/30 01:10,05F0439S,05F0494S,5,196,1
2026/08/30 01:15,05F0000S,05F0055S,31,234,12
2026/08/30 01:15,05F0000S,05F0055S,32,233,6
2026/08/30 01:15,05F0000S,05F0055S,41,0,0
2026/08/30 01:15,05F0000S,05F0055S,42,0,0
2026/08/30 01:15,05F0000S,05F0055S,5,0,0
2026/08/30 01:15,05F0055S,05F0287S,31,912,23
2026/08/30 01:15,05F0055S,05F0287S,32,918,5
2026/08/30 01:15,05F0055S,05F0287S,41,0,0
2026/08/30 01:15,05F0055S,05F0287S,42,0,0
2026/08/30 01:15,05F0055S,05F0287S,5,0,0
2026/08/30 01:15,05F0287S,05F0309S,31,84,12
2026/08/30 01:15,05F0287S,05F0309S,32,91,4
2026/08/30 01:15,05F0287S,05F0309S,41,0,0
2026/08/30 01:15,05F0287S,05F0309S,42,0,0
2026/08/30 01:15,05F0287S,05F0309S,5,0,0
2026/08/30 01:15,05F0309S,05F0439S,31,488,18
2026/08/30 01:15,05F0309S,05F0439S,32,0,0
2026/08/30 01:15,05F0309S,05F0439S,41,498,1
2026/08/30 01:15,05F0309S,05F0439S,42,0,0
2026/08/30 01:15,05F0309S,05F0439S,5,0,0
2026/08/30 01:15,05F0439S,05F0494S,31,1422,2
2026/08/30 01:15,05F0439S,05F0494S,32,0,0
2026/08/30 01:15,05F0439S,05F0494S,41,0,0
2026/08/30 01:15,05F0439S,05F0494S,42,230,1
2026/08/30 01:15,05F0439S,05F0494S,5,241,1
2026/08/30 01:20,05F0000S,05F0055S,31,230,13
2026/08/30 01:20,05F0000S,05F0055S,32,234,5
2026/08/30 01:20,05F0000S,05F0055S,41,0,0
2026/08/30 01:20,05F0000S,05F0055S,42,0,0
2026/08/30 01:20,05F0000S,05F0055S,5,0,0
2026/08/30 01:20,05F0055S,05F0287S,31,947,27
2026/08/30 01:20,05F0055S,05F0287S,32,956,7
2026/08/30 01:20,05F0055S,05F0287S,41,995,1
2026/08/30 01:20,05F0055S,05F0287S,42,0,0
2026/08/30 01:20,05F0055S,05F0287S,5,0,0
2026/08/30 01:20,05F0287S,05F0309S,31,83,20
2026/08/30 01:20,05F0287S,05F0309S,32,93,4
2026/08/30 01:20,05F0287S,05F0309S,41,92,1
2026/08/30 01:20,05F0287S,05F0309S,42,0,0
2026/08/30 01:20,05F0287S,05F0309S,5,0,0
2026/08/30 01:20,05F0309S,05F0439S,31,473,11
2026/08/30 01:20,05F0309S,05F0439S,32,515,1
2026/08/30 01:20,05F0309S,05F0439S,41,0,0
2026/08/30 01:20,05F0309S,05F0439S,42,0,0
2026/08/30 01:20,05F0309S,05F0439S,5,568,1
2026/08/30 01:20,05F0439S,05F0494S,31,195,6
2026/08/30 01:20,05F0439S,05F0494S,32,0,0
2026/08/30 01:20,05F0439S,05F0494S,41,0,0
2026/08/30 01:20,05F0439S,05F0494S,42,0,0
2026/08/30 01:20,05F0439S,05F0494S,5,0,0
2026/08/30 01:25,05F0000S,05F0055S,31,237,18
2026/08/30 01:25,05F0000S,05F0055S,32,232,4
2026/08/30 01:25,05F0000S,05F0055S,41,0,0
2026/08/30 01:25,05F0000S,05F0055S,42,0,0
2026/08/30 01:25,05F0000S,05F0055S,5,0,0
2026/08/30 01:25,05F0055S,05F0287S,31,939,30
2026/08/30 01:25,05F0055S,05F0287S,32,930,3
2026/08/30 01:25,05F0055S,05F0287S,41,0,0
2026/08/30 01:25,05F0055S,05F0287S,42,0,0
2026/08/30 01:25,05F0055S,05F0287S,5,0,0
2026/08/30 01:25,05F0287S,05F0309S,31,84,28
2026/08/30 01:25,05F0287S,05F0309S,32,73,3
2026/08/30 01:25,05F0287S,05F0309S,41,0,0
2026/08/30 01:25,05F0287S,05F0309S,42,0,0
2026/08/30 01:25,05F0287S,05F0309S,5,0,0
2026/08/30 01:25,05F0309S,05F0439S,31,476,12
2026/08/30 01:25,05F0309S,05F0439S,32,465,3
2026/08/30 01:25,05F0309S,05F0439S,41,601,1
2026/08/30 01:25,05F0309S,05F0439S,42,0,0
2026/08/30 01:25,05F0309S,05F0439S,5,0,0
2026/08/30 01:25,05F0439S,05F0494S,31,199,3
2026/08/30 01:25,05F0439S,05F0494S,32,203,2
2026/08/30 01:25,05F0439S,05F0494S,41,0,0
2026/08/30 01:25,05F0439S,05F0494S,42,0,0
2026/08/30 01:25,05F0439S,05F0494S,5,244,1
2026/08/30 01:30,05F0000S,05F0055S,31,224,17
2026/08/30 01:30,05F0000S,05F0055S,32,243,7
2026/08/30 01:30,05F0000S,05F0055S,41,0,0
2026/08/30 01:30,05F0000S,05F0055S,42,0,0
2026/08/30 01:30,05F0000S,05F0055S,5,0,0
2026/08/30 01:30,05F0055S,05F0287S,31,945,13
2026/08/30 01:30,05F0055S,05F0287S,32,948,7
2026/08/30 01:30,05F0055S,05F0287S,41,0,0
2026/08/30 01:30,05F0055S,05F0287S,42,0,0
2026/08/30 01:30,05F0055S,05F0287S,5,0,0
2026/08/30 01:30,05F0287S,05F0309S,31,85,11
2026/08/30 01:30,05F0287S,05F0309S,32,89,5
2026/08/30 01:30,05F0287S,05F0309S,41,0,0
2026/08/30 01:30,05F0287S,05F0309S,42,0,0
2026/08/30 01:30,05F0287S,05F0309S,5,0,0
2026/08/30 01:30,05F0309S,05F0439S,31,449,7
2026/08/30 01:30,05F0309S,05F0439S,32,477,4
2026/08/30 01:30,05F0309S,05F0439S,41,527,1
2026/08/30 01:30,05F0309S,05F0439S,42,0,0
2026/08/30 01:30,05F0309S,05F0439S,5,0,0
2026/08/30 01:30,05F0439S,05F0494S,31,202,5
2026/08/30 01:30,05F0439S,05F0494S,32,236,1
2026/08/30 01:30,05F0439S,05F0494S,41,0,0
2026/08/30 01:30,05F0439S,05F0494S,42,0,0
2026/08/30 01:30,05F0439S,05F0494S,5,0,0
2026/08/30 01:35,05F0000S,05F0055S,31,228,22
2026/08/30 01:35,05F0000S,05F0055S,32,252,3
2026/08/30 01:35,05F0000S,05F0055S,41,0,0
2026/08/30 01:35,05F0000S,05F0055S,42,0,0
2026/08/30 01:35,05F0000S,05F0055S,5,0,0
2026/08/30 01:35,05F0055S,05F0287S,31,935,12
2026/08/30 01:35,05F0055S,05F0287S,32,938,6
2026/08/30 01:35,05F0055S,05F0287S,41,0,0
2026/08/30 01:35,05F0055S,05F0287S,42,0,0
2026/08/30 01:35,05F0055S,05F0287S,5,0,0
2026/08/30 01:35,05F0287S,05F0309S,31,83,8
2026/08/30 01:35,05F0287S,05F0309S,32,87,2
2026/08/30 01:35,05F0287S,05F0309S,41,0,0
2026/08/30 01:35,05F0287S,05F0309S,42,0,0
2026/08/30 01:35,05F0287S,05F0309S,5,0,0
2026/08/30 01:35,05F0309S,05F0439S,31,483,12
2026/08/30 01:35,05F0309S,05F0439S,32,434,2
2026/08/30 01:35,05F0309S,05F0439S,41,0,0
2026/08/30 01:35,05F0309S,05F0439S,42,490,1
2026/08/30 01:35,05F0309S,05F0439S,5,514,2
2026/08/30 01:35,05F0439S,05F0494S,31,177,2
2026/08/30 01:35,05F0439S,05F0494S,32,194,2
2026/08/30 01:35,05F0439S,05F0494S,41,0,0
2026/08/30 01:35,05F0439S,05F0494S,42,0,0
2026/08/30 01:35,05F0439S,05F0494S,5,0,0
2026/08/30 01:40,05F0000S,05F0055S,31,240,14
2026/08/30 01:40,05F0000S,05F0055S,32,238,7
2026/08/30 01:40,05F0000S,05F0055S,41,0,0
2026/08/30 01:40,05F0000S,05F0055S,42,0,0
2026/08/30 01:40,05F0000S,05F0055S,5,0,0
2026/08/30 01:40,05F0055S,05F0287S,31,949,26
2026/08/30 01:40,05F0055S,05F0287S,32,918,4
2026/08/30 01:40,05F0055S,05F0287S,41,0,0
2026/08/30 01:40,05F0055S,05F0287S,42,0,0
2026/08/30 01:40,05F0055S,05F0287S,5,0,0
2026/08/30 01:40,05F0287S,05F0309S,31,82,12
2026/08/30 01:40,05F0287S,05F0309S,32,84,3
2026/08/30 01:40,05F0287S,05F0309S,41,0,0
2026/08/30 01:40,05F0287S,05F0309S,42,0,0
2026/08/30 01:40,05F0287S,05F0309S,5,0,0
2026/08/30 01:40,05F0309S,05F0439S,31,462,5
2026/08/30 01:40,05F0309S,05F0439S,32,510,4
2026/08/30 01:40,05F0309S,05F0439S,41,0,0
2026/08/30 01:40,05F0309S,05F0439S,42,0,0
2026/08/30 01:40,05F0309S,05F0439S,5,791,1
2026/08/30 01:40,05F0439S,05F0494S,31,200,1
2026/08/30 01:40,05F0439S,05F0494S,32,196,2
2026/08/30 01:40,05F0439S,05F0494S,41,0,0
2026/08/30 01:40,05F0439S,05F0494S,42,208,1
2026/08/30 01:40,05F0439S,05F0494S,5,218,2
2026/08/30 01:45,05F0000S,05F0055S,31,240,18
2026/08/30 01:45,05F0000S,05F0055S,32,251,5
2026/08/30 01:45,05F0000S,05F0055S,41,0,0
2026/08/30 01:45,05F0000S,05F0055S,42,0,0
2026/08/30 01:45,05F0000S,05F0055S,5,0,0
2026/08/30 01:45,05F0055S,05F0287S,31,901,14
2026/08/30 01:45,05F0055S,05F0287S,32,938,6
2026/08/30 01:45,05F0055S,05F0287S,41,0,0
2026/08/30 01:45,05F0055S,05F0287S,42,0,0
2026/08/30 01:45,05F0055S,05F0287S,5,0,0
2026/08/30 01:45,05F0287S,05F0309S,31,84,19
2026/08/30 01:45,05F0287S,05F0309S,32,90,2
2026/08/30 01:45,05F0287S,05F0309S,41,0,0
2026/08/30 01:45,05F0287S,05F0309S,42,0,0
2026/08/30 01:45,05F0287S,05F0309S,5,0,0
2026/08/30 01:45,05F0309S,05F0439S,31,435,7
2026/08/30 01:45,05F0309S,05F0439S,32,488,2
2026/08/30 01:45,05F0309S,05F0439S,41,0,0
2026/08/30 01:45,05F0309S,05F0439S,42,0,0
2026/08/30 01:45,05F0309S,05F0439S,5,0,0
2026/08/30 01:45,05F0439S,05F0494S,31,190,1
2026/08/30 01:45,05F0439S,05F0494S,32,209,3
2026/08/30 01:45,05F0439S,05F0494S,41,0,0
2026/08/30 01:45,05F0439S,05F0494S,42,0,0
2026/08/30 01:45,05F0439S,05F0494S,5,316,1
2026/08/30 01:50,05F0000S,05F0055S,31,231,15
2026/08/30 01:50,05F0000S,05F0055S,32,260,4
2026/08/30 01:50,05F0000S,05F0055S,41,253,1
2026/08/30 01:50,05F0000S,05F0055S,42,0,0
2026/08/30 01:50,05F0000S,05F0055S,5,0,0
2026/08/30 01:50,05F0055S,05F0287S,31,914,20
2026/08/30 01:50,05F0055S,05F0287S,32,973,4
2026/08/30 01:50,05F0055S,05F0287S,41,0,0
2026/08/30 01:50,05F0055S,05F0287S,42,0,0
2026/08/30 01:50,05F0055S,05F0287S,5,0,0
2026/08/30 01:50,05F0287S,05F0309S,31,81,11
2026/08/30 01:50,05F0287S,05F0309S,32,79,3
2026/08/30 01:50,05F0287S,05F0309S,41,0,0
2026/08/30 01:50,05F0287S,05F0309S,42,139,1
2026/08/30 01:50,05F0287S,05F0309S,5,0,0
2026/08/30 01:50,05F0309S,05F0439S,31,501,10
2026/08/30 01:50,05F0309S,05F0439S,32,522,1
2026/08/30 01:50,05F0309S,05F0439S,41,0,0
2026/08/30 01:50,05F0309S,05F0439S,42,515,2
2026/08/30 01:50,05F0309S,05F0439S,5,526,1
2026/08/30 01:50,05F0439S,05F0494S,31,212,2
2026/08/30 01:50,05F0439S,05F0494S,32,213,1
2026/08/30 01:50,05F0439S,05F0494S,41,0,0
2026/08/30 01:50,05F0439S,05F0494S,42,226,1
2026/08/30 01:50,05F0439S,05F0494S,5,0,0
2026/08/30 01:55,05F0000S,05F0055S,31,233,19
2026/08/30 01:55,05F0000S,05F0055S,32,241,6
2026/08/30 01:55,05F0000S,05F0055S,41,0,0
2026/08/30 01:55,05F0000S,05F0055S,42,0,0
2026/08/30 01:55,05F0000S,05F0055S,5,0,0
2026/08/30 01:55,05F0055S,05F0287S,31,954,14
2026/08/30 01:55,05F0055S,05F0287S,32,931,6
2026/08/30 01:55,05F0055S,05F0287S,41,0,0
2026/08/30 01:55,05F0055S,05F0287S,42,0,0
2026/08/30 01:55,05F0055S,05F0287S,5,0,0
2026/08/30 01:55,05F0287S,05F0309S,31,87,14
2026/08/30 01:55,05F0287S,05F0309S,32,94,5
2026/08/30 01:55,05F0287S,05F0309S,41,0,0
2026/08/30 01:55,05F0287S,05F0309S,42,0,0
2026/08/30 01:55,05F0287S,05F0309S,5,0,0
2026/08/30 01:55,05F0309S,05F0439S,31,472,9
2026/08/30 01:55,05F0309S,05F0439S,32,450,4
2026/08/30 01:55,05F0309S,05F0439S,41,0,0
2026/08/30 01:55,05F0309S,05F0439S,42,523,4
2026/08/30 01:55,05F0309S,05F0439S,5,0,0
2026/08/30 01:55,05F0439S,05F0494S,31,221,3
2026/08/30 01:55,05F0439S,05F0494S,32,218,1
2026/08/30 01:55,05F0439S,05F0494S,41,0,0
2026/08/30 01:55,05F0439S,05F0494S,42,209,5
2026/08/30 01:55,05F0439S,05F0494S,5,222,1
2026/08/30 02:00,05F0000S,05F0055S,31,233,18
2026/08/30 02:00,05F0000S,05F0055S,32,228,6
2026/08/30 02:00,05F0000S,05F0055S,41,0,0
2026/08/30 02:00,05F0000S,05F0055S,42,0,0
2026/08/30 02:00,05F0000S,05F0055S,5,0,0
2026/08/30 02:00,05F0055S,05F0287S,31,953,23
2026/08/30 02:00,05F0055S,05F0287S,32,977,5
2026/08/30 02:00,05F0055S,05F0287S,41,0,0
2026/08/30 02:00,05F0055S,05F0287S,42,0,0
2026/08/30 02:00,05F0055S,05F0287S,5,0,0
2026/08/30 02:00,05F0287S,05F0309S,31,89,14
2026/08/30 02:00,05F0287S,05F0309S,32,85,6
2026/08/30 02:00,05F0287S,05F0309S,41,0,0
2026/08/30 02:00,05F0287S,05F0309S,42,0,0
2026/08/30 02:00,05F0287S,05F0309S,5,0,0
2026/08/30 02:00,05F0309S,05F0439S,31,487,6
2026/08/30 02:00,05F0309S,05F0439S,32,439,1
2026/08/30 02:00,05F0309S,05F0439S,41,0,0
2026/08/30 02:00,05F0309S,05F0439S,42,626,1
2026/08/30 02:00,05F0309S,05F0439S,5,0,0
2026/08/30 02:00,05F0439S,05F0494S,31,180,1
2026/08/30 02:00,05F0439S,05F0494S,32,177,2
2026/08/30 02:00,05F0439S,05F0494S,41,0,0
2026/08/30 02:00,05F0439S,05F0494S,42,0,0
2026/08/30 02:00,05F0439S,05F0494S,5,0,0
2026/08/30 02:05,05F0000S,05F0055S,31,238,9
2026/08/30 02:05,05F0000S,05F0055S,32,240,4
2026/08/30 02:05,05F0000S,05F0055S,41,0,0
2026/08/30 02:05,05F0000S,05F0055S,42,0,0
2026/08/30 02:05,05F0000S,05F0055S,5,0,0
2026/08/30 02:05,05F0055S,05F0287S,31,924,15
2026/08/30 02:05,05F0055S,05F0287S,32,935,2
2026/08/30 02:05,05F0055S,05F0287S,41,980,1
2026/08/30 02:05,05F0055S,05F0287S,42,0,0
2026/08/30 02:05,05F0055S,05F0287S,5,0,0
2026/08/30 02:05,05F0287S,05F0309S,31,85,19
2026/08/30 02:05,05F0287S,05F0309S,32,82,1
2026/08/30 02:05,05F0287S,05F0309S,41,0,0
2026/08/30 02:05,05F0287S,05F0309S,42,0,0
2026/08/30 02:05,05F0287S,05F0309S,5,0,0
2026/08/30 02:05,05F0309S,05F0439S,31,496,10
2026/08/30 02:05,05F0309S,05F0439S,32,495,4
2026/08/30 02:05,05F0309S,05F0439S,41,0,0
2026/08/30 02:05,05F0309S,05F0439S,42,0,0
2026/08/30 02:05,05F0309S,05F0439S,5,0,0
2026/08/30 02:05,05F0439S,05F0494S,31,205,5
2026/08/30 02:05,05F0439S,05F0494S,32,0,0
2026/08/30 02:05,05F0439S,05F0494S,41,0,0
2026/08/30 02:05,05F0439S,05F0494S,42,0,0
2026/08/30 02:05,05F0439S,05F0494S,5,0,0
2026/08/30 02:10,05F0000S,05F0055S,31,235,12
2026/08/30 02:10,05F0000S,05F0055S,32,214,12
2026/08/30 02:10,05F0000S,05F0055S,41,0,0
2026/08/30 02:10,05F0000S,05F0055S,42,0,0
2026/08/30 02:10,05F0000S,05F0055S,5,0,0
2026/08/30 02:10,05F0055S,05F0287S,31,954,18
2026/08/30 02:10,05F0055S,05F0287S,32,986,6
2026/08/30 02:10,05F0055S,05F0287S,41,0,0
2026/08/30 02:10,05F0055S,05F0287S,42,0,0
2026/08/30 02:10,05F0055S,05F0287S,5,0,0
2026/08/30 02:10,05F0287S,05F0309S,31,82,9
2026/08/30 02:10,05F0287S,05F0309S,32,0,0
2026/08/30 02:10,05F0287S,05F0309S,41,90,1
2026/08/30 02:10,05F0287S,05F0309S,42,0,0
2026/08/30 02:10,05F0287S,05F0309S,5,0,0
2026/08/30 02:10,05F0309S,05F0439S,31,478,15
2026/08/30 02:10,05F0309S,05F0439S,32,540,3
2026/08/30 02:10,05F0309S,05F0439S,41,0,0
2026/08/30 02:10,05F0309S,05F0439S,42,0,0
2026/08/30 02:10,05F0309S,05F0439S,5,0,0
2026/08/30 02:10,05F0439S,05F0494S,31,193,3
2026/08/30 02:10,05F0439S,05F0494S,32,230,2
2026/08/30 02:10,05F0439S,05F0494S,41,0,0
2026/08/30 02:10,05F0439S,05F0494S,42,0,0
2026/08/30 02:10,05F0439S,05F0494S,5,0,0
2026/08/30 02:15,05F0000S,05F0055S,31,222,10
2026/08/30 02:15,05F0000S,05F0055S,32,249,5
2026/08/30 02:15,05F0000S,05F0055S,41,0,0
2026/08/30 02:15,05F0000S,05F0055S,42,0,0
2026/08/30 02:15,05F0000S,05F0055S,5,0,0
2026/08/30 02:15,05F0055S,05F0287S,31,962,18
2026/08/30 02:15,05F0055S,05F0287S,32,943,6
2026/08/30 02:15,05F0055S,05F0287S,41,0,0
2026/08/30 02:15,05F0055S,05F0287S,42,0,0
2026/08/30 02:15,05F0055S,05F0287S,5,0,0
2026/08/30 02:15,05F0287S,05F0309S,31,85,12
2026/08/30 02:15,05F0287S,05F0309S,32,82,5
2026/08/30 02:15,05F0287S,05F0309S,41,0,0
2026/08/30 02:15,05F0287S,05F0309S,42,0,0
2026/08/30 02:15,05F0287S,05F0309S,5,0,0
2026/08/30 02:15,05F0309S,05F0439S,31,489,4
2026/08/30 02:15,05F0309S,05F0439S,32,481,1
2026/08/30 02:15,05F0309S,05F0439S,41,517,1
2026/08/30 02:15,05F0309S,05F0439S,42,0,0
2026/08/30 02:15,05F0309S,05F0439S,5,0,0
2026/08/30 02:15,05F0439S,05F0494S,31,203,3
2026/08/30 02:15,05F0439S,05F0494S,32,223,2
2026/08/30 02:15,05F0439S,05F0494S,41,0,0
2026/08/30 02:15,05F0439S,05F0494S,42,0,0
2026/08/30 02:15,05F0439S,05F0494S,5,0,0
2026/08/30 02:20,05F0000S,05F0055S,31,233,11
2026/08/30 02:20,05F0000S,05F0055S,32,223,2
2026/08/30 02:20,05F0000S,05F0055S,41,0,0
2026/08/30 02:20,05F0000S,05F0055S,42,0,0
2026/08/30 02:20,05F0000S,05F0055S,5,0,0
2026/08/30 02:20,05F0055S,05F0287S,31,979,12
2026/08/30 02:20,05F0055S,05F0287S,32,942,5
2026/08/30 02:20,05F0055S,05F0287S,41,0,0
2026/08/30 02:20,05F0055S,05F0287S,42,0,0
2026/08/30 02:20,05F0055S,05F0287S,5,0,0
2026/08/30 02:20,05F0287S,05F0309S,31,86,10
2026/08/30 02:20,05F0287S,05F0309S,32,84,3
2026/08/30 02:20,05F0287S,05F0309S,41,0,0
2026/08/30 02:20,05F0287S,05F0309S,42,0,0
2026/08/30 02:20,05F0287S,05F0309S,5,0,0
2026/08/30 02:20,05F0309S,05F0439S,31,480,8
2026/08/30 02:20,05F0309S,05F0439S,32,474,1
2026/08/30 02:20,05F0309S,05F0439S,41,0,0
2026/08/30 02:20,05F0309S,05F0439S,42,0,0
2026/08/30 02:20,05F0309S,05F0439S,5,0,0
2026/08/30 02:20,05F0439S,05F0494S,31,228,2
2026/08/30 02:20,05F0439S,05F0494S,32,0,0
2026/08/30 02:20,05F0439S,05F0494S,41,219,1
2026/08/30 02:20,05F0439S,05F0494S,42,0,0
2026/08/30 02:20,05F0439S,05F0494S,5,0,0
2026/08/30 02:25,05F0000S,05F0055S,31,228,10
2026/08/30 02:25,05F0000S,05F0055S,32,241,2
2026/08/30 02:25,05F0000S,05F0055S,41,0,0
2026/08/30 02:25,05F0000S,05F0055S,42,0,0
2026/08/30 02:25,05F0000S,05F0055S,5,0,0
2026/08/30 02:25,05F0055S,05F0287S,31,948,13
2026/08/30 02:25,05F0055S,05F0287S,32,927,12
2026/08/30 02:25,05F0055S,05F0287S,41,0,0
2026/08/30 02:25,05F0055S,05F0287S,42,0,0
2026/08/30 02:25,05F0055S,05F0287S,5,0,0
2026/08/30 02:25,05F0287S,05F0309S,31,89,8
2026/08/30 02:25,05F0287S,05F0309S,32,76,5
2026/08/30 02:25,05F0287S,05F0309S,41,0,0
2026/08/30 02:25,05F0287S,05F0309S,42,0,0
2026/08/30 02:25,05F0287S,05F0309S,5,0,0
2026/08/30 02:25,05F0309S,05F0439S,31,495,12
2026/08/30 02:25,05F0309S,05F0439S,32,511,4
2026/08/30 02:25,05F0309S,05F0439S,41,0,0
2026/08/30 02:25,05F0309S,05F0439S,42,503,2
2026/08/30 02:25,05F0309S,05F0439S,5,0,0
2026/08/30 02:25,05F0439S,05F0494S,31,210,3
2026/08/30 02:25,05F0439S,05F0494S,32,210,2
2026/08/30 02:25,05F0439S,05F0494S,41,0,0
2026/08/30 02:25,05F0439S,05F0494S,42,221,2
2026/08/30 02:25,05F0439S,05F0494S,5,0,0
2026/08/30 02:30,05F0000S,05F0055S,31,239,11
2026/08/30 02:30,05F0000S,05F0055S,32,227,6
2026/08/30 02:30,05F0000S,05F0055S,41,0,0
2026/08/30 02:30,05F0000S,05F0055S,42,0,0
2026/08/30 02:30,05F0000S,05F0055S,5,0,0
2026/08/30 02:30,05F0055S,05F0287S,31,893,11
2026/08/30 02:30,05F0055S,05F0287S,32,916,5
2026/08/30 02:30,05F0055S,05F0287S,41,0,0
2026/08/30 02:30,05F0055S,05F0287S,42,0,0
2026/08/30 02:30,05F0055S,05F0287S,5,0,0
2026/08/30 02:30,05F0287S,05F0309S,31,85,14
2026/08/30 02:30,05F0287S,05F0309S,32,87,7
2026/08/30 02:30,05F0287S,05F0309S,41,0,0
2026/08/30 02:30,05F0287S,05F0309S,42,0,0
2026/08/30 02:30,05F0287S,05F0309S,5,0,0
2026/08/30 02:30,05F0309S,05F0439S,31,471,3
2026/08/30 02:30,05F0309S,05F0439S,32,481,1
2026/08/30 02:30,05F0309S,05F0439S,41,0,0
2026/08/30 02:30,05F0309S,05F0439S,42,510,2
2026/08/30 02:30,05F0309S,05F0439S,5,0,0
2026/08/30 02:30,05F0439S,05F0494S,31,225,7
2026/08/30 02:30,05F0439S,05F0494S,32,194,1
2026/08/30 02:30,05F0439S,05F0494S,41,0,0
2026/08/30 02:30,05F0439S,05F0494S,42,0,0
2026/08/30 02:30,05F0439S,05F0494S,5,0,0
2026/08/30 02:35,05F0000S,05F0055S,31,239,15
2026/08/30 02:35,05F0000S,05F0055S,32,227,2
2026/08/30 02:35,05F0000S,05F0055S,41,0,0
2026/08/30 02:35,05F0000S,05F0055S,42,0,0
2026/08/30 02:35,05F0000S,05F0055S,5,0,0
2026/08/30 02:35,05F0055S,05F0287S,31,945,12
2026/08/30 02:35,05F0055S,05F0287S,32,950,3
2026/08/30 02:35,05F0055S,05F0287S,41,0,0
2026/08/30 02:35,05F0055S,05F0287S,42,0,0
2026/08/30 02:35,05F0055S,05F0287S,5,0,0
2026/08/30 02:35,05F0287S,05F0309S,31,91,7
2026/08/30 02:35,05F0287S,05F0309S,32,88,4
2026/08/30 02:35,05F0287S,05F0309S,41,0,0
2026/08/30 02:35,05F0287S,05F0309S,42,0,0
2026/08/30 02:35,05F0287S,05F0309S,5,0,0
2026/08/30 02:35,05F0309S,05F0439S,31,490,10
2026/08/30 02:35,05F0309S,05F0439S,32,475,6
2026/08/30 02:35,05F0309S,05F0439S,41,0,0
2026/08/30 02:35,05F0309S,05F0439S,42,0,0
2026/08/30 02:35,05F0309S,05F0439S,5,484,1
2026/08/30 02:35,05F0439S,05F0494S,31,225,4
2026/08/30 02:35,05F0439S,05F0494S,32,0,0
2026/08/30 02:35,05F0439S,05F0494S,41,0,0
2026/08/30 02:35,05F0439S,05F0494S,42,215,2
2026/08/30 02:35,05F0439S,05F0494S,5,0,0
2026/08/30 02:40,05F0000S,05F0055S,31,233,11
2026/08/30 02:40,05F0000S,05F0055S,32,353,2
2026/08/30 02:40,05F0000S,05F0055S,41,0,0
2026/08/30 02:40,05F0000S,05F0055S,42,0,0
2026/08/30 02:40,05F0000S,05F0055S,5,0,0
2026/08/30 02:40,05F0055S,05F0287S,31,920,11
2026/08/30 02:40,05F0055S,05F0287S,32,948,1
2026/08/30 02:40,05F0055S,05F0287S,41,0,0
2026/08/30 02:40,05F0055S,05F0287S,42,0,0
2026/08/30 02:40,05F0055S,05F0287S,5,0,0
2026/08/30 02:40,05F0287S,05F0309S,31,87,9
2026/08/30 02:40,05F0287S,05F0309S,32,101,1
2026/08/30 02:40,05F0287S,05F0309S,41,0,0
2026/08/30 02:40,05F0287S,05F0309S,42,0,0
2026/08/30 02:40,05F0287S,05F0309S,5,0,0
2026/08/30 02:40,05F0309S,05F0439S,31,519,5
2026/08/30 02:40,05F0309S,05F0439S,32,496,3
2026/08/30 02:40,05F0309S,05F0439S,41,0,0
2026/08/30 02:40,05F0309S,05F0439S,42,472,2
2026/08/30 02:40,05F0309S,05F0439S,5,577,1
2026/08/30 02:40,05F0439S,05F0494S,31,992,2
2026/08/30 02:40,05F0439S,05F0494S,32,220,2
2026/08/30 02:40,05F0439S,05F0494S,41,0,0
2026/08/30 02:40,05F0439S,05F0494S,42,1242,2
2026/08/30 02:40,05F0439S,05F0494S,5,224,2
2026/08/30 02:45,05F0000S,05F0055S,31,235,12
2026/08/30 02:45,05F0000S,05F0055S,32,210,2
2026/08/30 02:45,05F0000S,05F0055S,41,0,0
2026/08/30 02:45,05F0000S,05F0055S,42,0,0
2026/08/30 02:45,05F0000S,05F0055S,5,0,0
2026/08/30 02:45,05F0055S,05F0287S,31,930,8
2026/08/30 02:45,05F0055S,05F0287S,32,954,7
2026/08/30 02:45,05F0055S,05F0287S,41,0,0
2026/08/30 02:45,05F0055S,05F0287S,42,0,0
2026/08/30 02:45,05F0055S,05F0287S,5,0,0
2026/08/30 02:45,05F0287S,05F0309S,31,86,6
2026/08/30 02:45,05F0287S,05F0309S,32,91,5
2026/08/30 02:45,05F0287S,05F0309S,41,0,0
2026/08/30 02:45,05F0287S,05F0309S,42,0,0
2026/08/30 02:45,05F0287S,05F0309S,5,0,0
2026/08/30 02:45,05F0309S,05F0439S,31,496,5
2026/08/30 02:45,05F0309S,05F0439S,32,491,3
2026/08/30 02:45,05F0309S,05F0439S,41,0,0
2026/08/30 02:45,05F0309S,05F0439S,42,0,0
2026/08/30 02:45,05F0309S,05F0439S,5,0,0
2026/08/30 02:45,05F0439S,05F0494S,31,197,2
2026/08/30 02:45,05F0439S,05F0494S,32,221,2
2026/08/30 02:45,05F0439S,05F0494S,41,0,0
2026/08/30 02:45,05F0439S,05F0494S,42,197,2
2026/08/30 02:45,05F0439S,05F0494S,5,0,0
2026/08/30 02:50,05F0000S,05F0055S,31,215,6
2026/08/30 02:50,05F0000S,05F0055S,32,218,3
2026/08/30 02:50,05F0000S,05F0055S,41,0,0
2026/08/30 02:50,05F0000S,05F0055S,42,0,0
2026/08/30 02:50,05F0000S,05F0055S,5,0,0
2026/08/30 02:50,05F0055S,05F0287S,31,960,14
2026/08/30 02:50,05F0055S,05F0287S,32,921,2
2026/08/30 02:50,05F0055S,05F0287S,41,0,0
2026/08/30 02:50,05F0055S,05F0287S,42,0,0
2026/08/30 02:50,05F0055S,05F0287S,5,0,0
2026/08/30 02:50,05F0287S,05F0309S,31,84,10
2026/08/30 02:50,05F0287S,05F0309S,32,75,1
2026/08/30 02:50,05F0287S,05F0309S,41,0,0
2026/08/30 02:50,05F0287S,05F0309S,42,0,0
2026/08/30 02:50,05F0287S,05F0309S,5,0,0
2026/08/30 02:50,05F0309S,05F0439S,31,474,3
2026/08/30 02:50,05F0309S,05F0439S,32,513,2
2026/08/30 02:50,05F0309S,05F0439S,41,0,0
2026/08/30 02:50,05F0309S,05F0439S,42,0,0
2026/08/30 02:50,05F0309S,05F0439S,5,486,1
2026/08/30 02:50,05F0439S,05F0494S,31,224,5
2026/08/30 02:50,05F0439S,05F0494S,32,216,1
2026/08/30 02:50,05F0439S,05F0494S,41,0,0
2026/08/30 02:50,05F0439S,05F0494S,42,0,0
2026/08/30 02:50,05F0439S,05F0494S,5,0,0
2026/08/30 02:55,05F0000S,05F0055S,31,234,14
2026/08/30 02:55,05F0000S,05F0055S,32,247,7
2026/08/30 02:55,05F0000S,05F0055S,41,0,0
2026/08/30 02:55,05F0000S,05F0055S,42,0,0
2026/08/30 02:55,05F0000S,05F0055S,5,0,0
2026/08/30 02:55,05F0055S,05F0287S,31,961,16
2026/08/30 02:55,05F0055S,05F0287S,32,949,3
2026/08/30 02:55,05F0055S,05F0287S,41,0,0
2026/08/30 02:55,05F0055S,05F0287S,42,0,0
2026/08/30 02:55,05F0055S,05F0287S,5,0,0
2026/08/30 02:55,05F0287S,05F0309S,31,87,12
2026/08/30 02:55,05F0287S,05F0309S,32,0,0
2026/08/30 02:55,05F0287S,05F0309S,41,0,0
2026/08/30 02:55,05F0287S,05F0309S,42,0,0
2026/08/30 02:55,05F0287S,05F0309S,5,0,0
2026/08/30 02:55,05F0309S,05F0439S,31,469,8
2026/08/30 02:55,05F0309S,05F0439S,32,528,5
2026/08/30 02:55,05F0309S,05F0439S,41,0,0
2026/08/30 02:55,05F0309S,05F0439S,42,0,0
2026/08/30 02:55,05F0309S,05F0439S,5,0,0
2026/08/30 02:55,05F0439S,05F0494S,31,156,1
2026/08/30 02:55,05F0439S,05F0494S,32,0,0
2026/08/30 02:55,05F0439S,05F0494S,41,0,0
2026/08/30 02:55,05F0439S,05F0494S,42,0,0
2026/08/30 02:55,05F0439S,05F0494S,5,205,1
2026/08/30 03:00,05F0000S,05F0055S,31,232,11
2026/08/30 03:00,05F0000S,05F0055S,32,239,3
2026/08/30 03:00,05F0000S,05F0055S,41,0,0
2026/08/30 03:00,05F0000S,05F0055S,42,0,0
2026/08/30 03:00,05F0000S,05F0055S,5,0,0
2026/08/30 03:00,05F0055S,05F0287S,31,934,12
2026/08/30 03:00,05F0055S,05F0287S,32,880,2
2026/08/30 03:00,05F0055S,05F0287S,41,0,0
2026/08/30 03:00,05F0055S,05F0287S,42,0,0
2026/08/30 03:00,05F0055S,05F0287S,5,0,0
2026/08/30 03:00,05F0287S,05F0309S,31,86,11
2026/08/30 03:00,05F0287S,05F0309S,32,81,3
2026/08/30 03:00,05F0287S,05F0309S,41,0,0
2026/08/30 03:00,05F0287S,05F0309S,42,0,0
2026/08/30 03:00,05F0287S,05F0309S,5,0,0
2026/08/30 03:00,05F0309S,05F0439S,31,495,8
2026/08/30 03:00,05F0309S,05F0439S,32,0,0
2026/08/30 03:00,05F0309S,05F0439S,41,0,0
2026/08/30 03:00,05F0309S,05F0439S,42,0,0
2026/08/30 03:00,05F0309S,05F0439S,5,0,0
2026/08/30 03:00,05F0439S,05F0494S,31,186,3
2026/08/30 03:00,05F0439S,05F0494S,32,225,3
2026/08/30 03:00,05F0439S,05F0494S,41,0,0
2026/08/30 03:00,05F0439S,05F0494S,42,0,0
2026/08/30 03:00,05F0439S,05F0494S,5,0,0
2026/08/30 03:05,05F0000S,05F0055S,31,223,10
2026/08/30 03:05,05F0000S,05F0055S,32,244,1
2026/08/30 03:05,05F0000S,05F0055S,41,0,0
2026/08/30 03:05,05F0000S,05F0055S,42,0,0
2026/08/30 03:05,05F0000S,05F0055S,5,0,0
2026/08/30 03:05,05F0055S,05F0287S,31,952,8
2026/08/30 03:05,05F0055S,05F0287S,32,919,4
2026/08/30 03:05,05F0055S,05F0287S,41,0,0
2026/08/30 03:05,05F0055S,05F0287S,42,0,0
2026/08/30 03:05,05F0055S,05F0287S,5,0,0
2026/08/30 03:05,05F0287S,05F0309S,31,87,8
2026/08/30 03:05,05F0287S,05F0309S,32,0,0
2026/08/30 03:05,05F0287S,05F0309S,41,0,0
2026/08/30 03:05,05F0287S,05F0309S,42,0,0
2026/08/30 03:05,05F0287S,05F0309S,5,0,0
2026/08/30 03:05,05F0309S,05F0439S,31,491,13
2026/08/30 03:05,05F0309S,05F0439S,32,465,1
2026/08/30 03:05,05F0309S,05F0439S,41,0,0
2026/08/30 03:05,05F0309S,05F0439S,42,0,0
2026/08/30 03:05,05F0309S,05F0439S,5,0,0
2026/08/30 03:05,05F0439S,05F0494S,31,215,3
2026/08/30 03:05,05F0439S,05F0494S,32,0,0
2026/08/30 03:05,05F0439S,05F0494S,41,0,0
2026/08/30 03:05,05F0439S,05F0494S,42,0,0
2026/08/30 03:05,05F0439S,05F0494S,5,0,0
2026/08/30 03:10,05F0000S,05F0055S,31,244,14
2026/08/30 03:10,05F0000S,05F0055S,32,239,2
2026/08/30 03:10,05F0000S,05F0055S,41,0,0
2026/08/30 03:10,05F0000S,05F0055S,42,0,0
2026/08/30 03:10,05F0000S,05F0055S,5,0,0
2026/08/30 03:10,05F0055S,05F0287S,31,931,14
2026/08/30 03:10,05F0055S,05F0287S,32,891,4
2026/08/30 03:10,05F0055S,05F0287S,41,0,0
2026/08/30 03:10,05F0055S,05F0287S,42,0,0
2026/08/30 03:10,05F0055S,05F0287S,5,0,0
2026/08/30 03:10,05F0287S,05F0309S,31,85,9
2026/08/30 03:10,05F0287S,05F0309S,32,79,7
2026/08/30 03:10,05F0287S,05F0309S,41,0,0
2026/08/30 03:10,05F0287S,05F0309S,42,0,0
2026/08/30 03:10,05F0287S,05F0309S,5,0,0
2026/08/30 03:10,05F0309S,05F0439S,31,492,6
2026/08/30 03:10,05F0309S,05F0439S,32,426,1
2026/08/30 03:10,05F0309S,05F0439S,41,0,0
2026/08/30 03:10,05F0309S,05F0439S,42,797,1
2026/08/30 03:10,05F0309S,05F0439S,5,0,0
2026/08/30 03:10,05F0439S,05F0494S,31,212,5
2026/08/30 03:10,05F0439S,05F0494S,32,194,2
2026/08/30 03:10,05F0439S,05F0494S,41,0,0
2026/08/30 03:10,05F0439S,05F0494S,42,0,0
2026/08/30 03:10,05F0439S,05F0494S,5,0,0
2026/08/30 03:15,05F0000S,05F0055S,31,230,11
2026/08/30 03:15,05F0000S,05F0055S,32,235,6
2026/08/30 03:15,05F0000S,05F0055S,41,0,0
2026/08/30 03:15,05F0000S,05F0055S,42,0,0
2026/08/30 03:15,05F0000S,05F0055S,5,0,0
2026/08/30 03:15,05F0055S,05F0287S,31,941,9
2026/08/30 03:15,05F0055S,05F0287S,32,962,4
2026/08/30 03:15,05F0055S,05F0287S,41,0,0
2026/08/30 03:15,05F0055S,05F0287S,42,0,0
2026/08/30 03:15,05F0055S,05F0287S,5,0,0
2026/08/30 03:15,05F0287S,05F0309S,31,84,6
2026/08/30 03:15,05F0287S,05F0309S,32,92,3
2026/08/30 03:15,05F0287S,05F0309S,41,0,0
2026/08/30 03:15,05F0287S,05F0309S,42,0,0
2026/08/30 03:15,05F0287S,05F0309S,5,0,0
2026/08/30 03:15,05F0309S,05F0439S,31,519,4
2026/08/30 03:15,05F0309S,05F0439S,32,534,2
2026/08/30 03:15,05F0309S,05F0439S,41,0,0
2026/08/30 03:15,05F0309S,05F0439S,42,0,0
2026/08/30 03:15,05F0309S,05F0439S,5,0,0
2026/08/30 03:15,05F0439S,05F0494S,31,216,5
2026/08/30 03:15,05F0439S,05F0494S,32,177,1
2026/08/30 03:15,05F0439S,05F0494S,41,0,0
2026/08/30 03:15,05F0439S,05F0494S,42,343,1
2026/08/30 03:15,05F0439S,05F0494S,5,0,0
2026/08/30 03:20,05F0000S,05F0055S,31,237,3
2026/08/30 03:20,05F0000S,05F0055S,32,212,2
2026/08/30 03:20,05F0000S,05F0055S,41,0,0
2026/08/30 03:20,05F0000S,05F0055S,42,0,0
2026/08/30 03:20,05F0000S,05F0055S,5,0,0
2026/08/30 03:20,05F0055S,05F0287S,31,917,10
2026/08/30 03:20,05F0055S,05F0287S,32,983,1
2026/08/30 03:20,05F0055S,05F0287S,41,0,0
2026/08/30 03:20,05F0055S,05F0287S,42,0,0
2026/08/30 03:20,05F0055S,05F0287S,5,0,0
2026/08/30 03:20,05F0287S,05F0309S,31,83,11
2026/08/30 03:20,05F0287S,05F0309S,32,83,2
2026/08/30 03:20,05F0287S,05F0309S,41,0,0
2026/08/30 03:20,05F0287S,05F0309S,42,0,0
2026/08/30 03:20,05F0287S,05F0309S,5,0,0
2026/08/30 03:20,05F0309S,05F0439S,31,502,5
2026/08/30 03:20,05F0309S,05F0439S,32,455,4
2026/08/30 03:20,05F0309S,05F0439S,41,0,0
2026/08/30 03:20,05F0309S,05F0439S,42,0,0
2026/08/30 03:20,05F0309S,05F0439S,5,0,0
2026/08/30 03:20,05F0439S,05F0494S,31,227,1
2026/08/30 03:20,05F0439S,05F0494S,32,179,3
2026/08/30 03:20,05F0439S,05F0494S,41,0,0
2026/08/30 03:20,05F0439S,05F0494S,42,0,0
2026/08/30 03:20,05F0439S,05F0494S,5,0,0
2026/08/30 03:25,05F0000S,05F0055S,31,232,11
2026/08/30 03:25,05F0000S,05F0055S,32,255,5
2026/08/30 03:25,05F0000S,05F0055S,41,0,0
2026/08/30 03:25,05F0000S,05F0055S,42,0,0
2026/08/30 03:25,05F0000S,05F0055S,5,0,0
2026/08/30 03:25,05F0055S,05F0287S,31,958,8
2026/08/30 03:25,05F0055S,05F0287S,32,890,1
2026/08/30 03:25,05F0055S,05F0287S,41,0,0
2026/08/30 03:25,05F0055S,05F0287S,42,0,0
2026/08/30 03:25,05F0055S,05F0287S,5,0,0
2026/08/30 03:25,05F0287S,05F0309S,31,88,6
2026/08/30 03:25,05F0287S,05F0309S,32,82,1
2026/08/30 03:25,05F0287S,05F0309S,41,0,0
2026/08/30 03:25,05F0287S,05F0309S,42,0,0
2026/08/30 03:25,05F0287S,05F0309S,5,0,0
2026/08/30 03:25,05F0309S,05F0439S,31,474,7
2026/08/30 03:25,05F0309S,05F0439S,32,500,2
2026/08/30 03:25,05F0309S,05F0439S,41,0,0
2026/08/30 03:25,05F0309S,05F0439S,42,503,1
2026/08/30 03:25,05F0309S,05F0439S,5,0,0
2026/08/30 03:25,05F0439S,05F0494S,31,204,6
2026/08/30 03:25,05F0439S,05F0494S,32,221,1
2026/08/30 03:25,05F0439S,05F0494S,41,0,0
2026/08/30 03:25,05F0439S,05F0494S,42,0,0
2026/08/30 03:25,05F0439S,05F0494S,5,0,0
2026/08/30 03:30,05F0000S,05F0055S,31,242,11
2026/08/30 03:30,05F0000S,05F0055S,32,2011,1
2026/08/30 03:30,05F0000S,05F0055S,41,0,0
2026/08/30 03:30,05F0000S,05F0055S,42,0,0
2026/08/30 03:30,05F0000S,05F0055S,5,0,0
2026/08/30 03:30,05F0055S,05F0287S,31,988,15
2026/08/30 03:30,05F0055S,05F0287S,32,954,7
2026/08/30 03:30,05F0055S,05F0287S,41,0,0
2026/08/30 03:30,05F0055S,05F0287S,42,0,0
2026/08/30 03:30,05F0055S,05F0287S,5,0,0
2026/08/30 03:30,05F0287S,05F0309S,31,86,11
2026/08/30 03:30,05F0287S,05F0309S,32,86,5
2026/08/30 03:30,05F0287S,05F0309S,41,0,0
2026/08/30 03:30,05F0287S,05F0309S,42,0,0
2026/08/30 03:30,05F0287S,05F0309S,5,0,0
2026/08/30 03:30,05F0309S,05F0439S,31,478,2
2026/08/30 03:30,05F0309S,05F0439S,32,508,1
2026/08/30 03:30,05F0309S,05F0439S,41,0,0
2026/08/30 03:30,05F0309S,05F0439S,42,0,0
2026/08/30 03:30,05F0309S,05F0439S,5,522,2
2026/08/30 03:30,05F0439S,05F0494S,31,206,3
2026/08/30 03:30,05F0439S,05F0494S,32,225,3
2026/08/30 03:30,05F0439S,05F0494S,41,0,0
2026/08/30 03:30,05F0439S,05F0494S,42,214,1
2026/08/30 03:30,05F0439S,05F0494S,5,207,1
2026/08/30 03:35,05F0000S,05F0055S,31,222,10
2026/08/30 03:35,05F0000S,05F0055S,32,224,3
2026/08/30 03:35,05F0000S,05F0055S,41,0,0
2026/08/30 03:35,05F0000S,05F0055S,42,0,0
2026/08/30 03:35,05F0000S,05F0055S,5,0,0
2026/08/30 03:35,05F0055S,05F0287S,31,951,3
2026/08/30 03:35,05F0055S,05F0287S,32,892,2
2026/08/30 03:35,05F0055S,05F0287S,41,0,0
2026/08/30 03:35,05F0055S,05F0287S,42,0,0
2026/08/30 03:35,05F0055S,05F0287S,5,0,0
2026/08/30 03:35,05F0287S,05F0309S,31,90,5
2026/08/30 03:35,05F0287S,05F0309S,32,84,3
2026/08/30 03:35,05F0287S,05F0309S,41,0,0
2026/08/30 03:35,05F0287S,05F0309S,42,0,0
2026/08/30 03:35,05F0287S,05F0309S,5,0,0
2026/08/30 03:35,05F0309S,05F0439S,31,485,7
2026/08/30 03:35,05F0309S,05F0439S,32,0,0
2026/08/30 03:35,05F0309S,05F0439S,41,0,0
2026/08/30 03:35,05F0309S,05F0439S,42,0,0
2026/08/30 03:35,05F0309S,05F0439S,5,503,2
2026/08/30 03:35,05F0439S,05F0494S,31,203,4
2026/08/30 03:35,05F0439S,05F0494S,32,216,1
2026/08/30 03:35,05F0439S,05F0494S,41,0,0
2026/08/30 03:35,05F0439S,05F0494S,42,0,0
2026/08/30 03:35,05F0439S,05F0494S,5,235,1
2026/08/30 03:40,05F0000S,05F0055S,31,229,8
2026/08/30 03:40,05F0000S,05F0055S,32,244,6
2026/08/30 03:40,05F0000S,05F0055S,41,0,0
2026/08/30 03:40,05F0000S,05F0055S,42,0,0
2026/08/30 03:40,05F0000S,05F0055S,5,0,0
2026/08/30 03:40,05F0055S,05F0287S,31,942,13
2026/08/30 03:40,05F0055S,05F0287S,32,927,5
2026/08/30 03:40,05F0055S,05F0287S,41,0,0
2026/08/30 03:40,05F0055S,05F0287S,42,0,0
2026/08/30 03:40,05F0055S,05F0287S,5,0,0
2026/08/30 03:40,05F0287S,05F0309S,31,90,5
2026/08/30 03:40,05F0287S,05F0309S,32,0,0
2026/08/30 03:40,05F0287S,05F0309S,41,0,0
2026/08/30 03:40,05F0287S,05F0309S,42,0,0
2026/08/30 03:40,05F0287S,05F0309S,5,0,0
2026/08/30 03:40,05F0309S,05F0439S,31,490,7
2026/08/30 03:40,05F0309S,05F0439S,32,471,4
2026/08/30 03:40,05F0309S,05F0439S,41,0,0
2026/08/30 03:40,05F0309S,05F0439S,42,0,0
2026/08/30 03:40,05F0309S,05F0439S,5,507,1
2026/08/30 03:40,05F0439S,05F0494S,31,209,5
2026/08/30 03:40,05F0439S,05F0494S,32,201,2
2026/08/30 03:40,05F0439S,05F0494S,41,0,0
2026/08/30 03:40,05F0439S,05F0494S,42,0,0
2026/08/30 03:40,05F0439S,05F0494S,5,214,2
2026/08/30 03:45,05F0000S,05F0055S,31,226,10
2026/08/30 03:45,05F0000S,05F0055S,32,233,4
2026/08/30 03:45,05F0000S,05F0055S,41,0,0
2026/08/30 03:45,05F0000S,05F0055S,42,0,0
2026/08/30 03:45,05F0000S,05F0055S,5,0,0
2026/08/30 03:45,05F0055S,05F0287S,31,936,12
2026/08/30 03:45,05F0055S,05F0287S,32,897,1
2026/08/30 03:45,05F0055S,05F0287S,41,0,0
2026/08/30 03:45,05F0055S,05F0287S,42,0,0
2026/08/30 03:45,05F0055S,05F0287S,5,0,0
2026/08/30 03:45,05F0287S,05F0309S,31,85,11
2026/08/30 03:45,05F0287S,05F0309S,32,92,4
2026/08/30 03:45,05F0287S,05F0309S,41,0,0
2026/08/30 03:45,05F0287S,05F0309S,42,0,0
2026/08/30 03:45,05F0287S,05F0309S,5,0,0
2026/08/30 03:45,05F0309S,05F0439S,31,563,2
2026/08/30 03:45,05F0309S,05F0439S,32,477,1
2026/08/30 03:45,05F0309S,05F0439S,41,0,0
2026/08/30 03:45,05F0309S,05F0439S,42,489,1
2026/08/30 03:45,05F0309S,05F0439S,5,0,0
2026/08/30 03:45,05F0439S,05F0494S,31,205,4
2026/08/30 03:45,05F0439S,05F0494S,32,187,2
2026/08/30 03:45,05F0439S,05F0494S,41,0,0
2026/08/30 03:45,05F0439S,05F0494S,42,0,0
2026/08/30 03:45,05F0439S,05F0494S,5,210,1
2026/08/30 03:50,05F0000S,05F0055S,31,229,14
2026/08/30 03:50,05F0000S,05F0055S,32,234,6
2026/08/30 03:50,05F0000S,05F0055S,41,0,0
2026/08/30 03:50,05F0000S,05F0055S,42,0,0
2026/08/30 03:50,05F0000S,05F0055S,5,0,0
2026/08/30 03:50,05F0055S,05F0287S,31,902,10
2026/08/30 03:50,05F0055S,05F0287S,32,880,3
2026/08/30 03:50,05F0055S,05F0287S,41,0,0
2026/08/30 03:50,05F0055S,05F0287S,42,0,0
2026/08/30 03:50,05F0055S,05F0287S,5,0,0
2026/08/30 03:50,05F0287S,05F0309S,31,81,4
2026/08/30 03:50,05F0287S,05F0309S,32,75,2
2026/08/30 03:50,05F0287S,05F0309S,41,0,0
2026/08/30 03:50,05F0287S,05F0309S,42,0,0
2026/08/30 03:50,05F0287S,05F0309S,5,0,0
2026/08/30 03:50,05F0309S,05F0439S,31,520,7
2026/08/30 03:50,05F0309S,05F0439S,32,525,2
2026/08/30 03:50,05F0309S,05F0439S,41,0,0
2026/08/30 03:50,05F0309S,05F0439S,42,0,0
2026/08/30 03:50,05F0309S,05F0439S,5,0,0
2026/08/30 03:50,05F0439S,05F0494S,31,214,2
2026/08/30 03:50,05F0439S,05F0494S,32,0,0
2026/08/30 03:50,05F0439S,05F0494S,41,0,0
2026/08/30 03:50,05F0439S,05F0494S,42,203,1
2026/08/30 03:50,05F0439S,05F0494S,5,0,0
2026/08/30 03:55,05F0000S,05F0055S,31,230,10
2026/08/30 03:55,05F0000S,05F0055S,32,236,6
2026/08/30 03:55,05F0000S,05F0055S,41,0,0
2026/08/30 03:55,05F0000S,05F0055S,42,0,0
2026/08/30 03:55,05F0000S,05F0055S,5,0,0
2026/08/30 03:55,05F0055S,05F0287S,31,890,4
2026/08/30 03:55,05F0055S,05F0287S,32,986,5
2026/08/30 03:55,05F0055S,05F0287S,41,0,0
2026/08/30 03:55,05F0055S,05F0287S,42,0,0
2026/08/30 03:55,05F0055S,05F0287S,5,0,0
2026/08/30 03:55,05F0287S,05F0309S,31,75,6
2026/08/30 03:55,05F0287S,05F0309S,32,83,3
2026/08/30 03:55,05F0287S,05F0309S,41,0,0
2026/08/30 03:55,05F0287S,05F0309S,42,0,0
2026/08/30 03:55,05F0287S,05F0309S,5,0,0
2026/08/30 03:55,05F0309S,05F0439S,31,488,5
2026/08/30 03:55,05F0309S,05F0439S,32,473,3
2026/08/30 03:55,05F0309S,05F0439S,41,0,0
2026/08/30 03:55,05F0309S,05F0439S,42,496,1
2026/08/30 03:55,05F0309S,05F0439S,5,0,0
2026/08/30 03:55,05F0439S,05F0494S,31,211,3
2026/08/30 03:55,05F0439S,05F0494S,32,247,3
2026/08/30 03:55,05F0439S,05F0494S,41,0,0
2026/08/30 03:55,05F0439S,05F0494S,42,0,0
2026/08/30 03:55,05F0439S,05F0494S,5,0,0
2026/08/30 04:00,05F0000S,05F0055S,31,230,6
2026/08/30 04:00,05F0000S,05F0055S,32,232,5
2026/08/30 04:00,05F0000S,05F0055S,41,0,0
2026/08/30 04:00,05F0000S,05F0055S,42,0,0
2026/08/30 04:00,05F0000S,05F0055S,5,0,0
2026/08/30 04:00,05F0055S,05F0287S,31,941,12
2026/08/30 04:00,05F0055S,05F0287S,32,963,6
2026/08/30 04:00,05F0055S,05F0287S,41,0,0
2026/08/30 04:00,05F0055S,05F0287S,42,0,0
2026/08/30 04:00,05F0055S,05F0287S,5,0,0
2026/08/30 04:00,05F0287S,05F0309S,31,88,8
2026/08/30 04:00,05F0287S,05F0309S,32,84,4
2026/08/30 04:00,05F0287S,05F0309S,41,0,0
2026/08/30 04:00,05F0287S,05F0309S,42,0,0
2026/08/30 04:00,05F0287S,05F0309S,5,0,0
2026/08/30 04:00,05F0309S,05F0439S,31,478,3
2026/08/30 04:00,05F0309S,05F0439S,32,443,2
2026/08/30 04:00,05F0309S,05F0439S,41,0,0
2026/08/30 04:00,05F0309S,05F0439S,42,0,0
2026/08/30 04:00,05F0309S,05F0439S,5,0,0
2026/08/30 04:00,05F0439S,05F0494S,31,245,1
2026/08/30 04:00,05F0439S,05F0494S,32,187,1
2026/08/30 04:00,05F0439S,05F0494S,41,0,0
2026/08/30 04:00,05F0439S,05F0494S,42,209,1
2026/08/30 04:00,05F0439S,05F0494S,5,0,0
2026/08/30 04:05,05F0000S,05F0055S,31,235,8
2026/08/30 04:05,05F0000S,05F0055S,32,223,1
2026/08/30 04:05,05F0000S,05F0055S,41,0,0
2026/08/30 04:05,05F0000S,05F0055S,42,0,0
2026/08/30 04:05,05F0000S,05F0055S,5,0,0
2026/08/30 04:05,05F0055S,05F0287S,31,916,15
2026/08/30 04:05,05F0055S,05F0287S,32,911,5
2026/08/30 04:05,05F0055S,05F0287S,41,0,0
2026/08/30 04:05,05F0055S,05F0287S,42,0,0
2026/08/30 04:05,05F0055S,05F0287S,5,0,0
2026/08/30 04:05,05F0287S,05F0309S,31,82,6
2026/08/30 04:05,05F0287S,05F0309S,32,84,2
2026/08/30 04:05,05F0287S,05F0309S,41,0,0
2026/08/30 04:05,05F0287S,05F0309S,42,0,0
2026/08/30 04:05,05F0287S,05F0309S,5,0,0
2026/08/30 04:05,05F0309S,05F0439S,31,424,2
2026/08/30 04:05,05F0309S,05F0439S,32,465,4
2026/08/30 04:05,05F0309S,05F0439S,41,0,0
2026/08/30 04:05,05F0309S,05F0439S,42,0,0
2026/08/30 04:05,05F0309S,05F0439S,5,0,0
2026/08/30 04:05,05F0439S,05F0494S,31,203,1
2026/08/30 04:05,05F0439S,05F0494S,32,192,2
2026/08/30 04:05,05F0439S,05F0494S,41,0,0
2026/08/30 04:05,05F0439S,05F0494S,42,0,0
2026/08/30 04:05,05F0439S,05F0494S,5,0,0
2026/08/30 04:10,05F0000S,05F0055S,31,238,11
2026/08/30 04:10,05F0000S,05F0055S,32,235,5
2026/08/30 04:10,05F0000S,05F0055S,41,263,1
2026/08/30 04:10,05F0000S,05F0055S,42,0,0
2026/08/30 04:10,05F0000S,05F0055S,5,0,0
2026/08/30 04:10,05F0055S,05F0287S,31,938,8
2026/08/30 04:10,05F0055S,05F0287S,32,957,6
2026/08/30 04:10,05F0055S,05F0287S,41,0,0
2026/08/30 04:10,05F0055S,05F0287S,42,0,0
2026/08/30 04:10,05F0055S,05F0287S,5,0,0
2026/08/30 04:10,05F0287S,05F0309S,31,81,9
2026/08/30 04:10,05F0287S,05F0309S,32,91,3
2026/08/30 04:10,05F0287S,05F0309S,41,0,0
2026/08/30 04:10,05F0287S,05F0309S,42,0,0
2026/08/30 04:10,05F0287S,05F0309S,5,0,0
2026/08/30 04:10,05F0309S,05F0439S,31,511,7
2026/08/30 04:10,05F0309S,05F0439S,32,470,1
2026/08/30 04:10,05F0309S,05F0439S,41,0,0
2026/08/30 04:10,05F0309S,05F0439S,42,0,0
2026/08/30 04:10,05F0309S,05F0439S,5,0,0
2026/08/30 04:10,05F0439S,05F0494S,31,214,4
2026/08/30 04:10,05F0439S,05F0494S,32,199,4
2026/08/30 04:10,05F0439S,05F0494S,41,0,0
2026/08/30 04:10,05F0439S,05F0494S,42,0,0
2026/08/30 04:10,05F0439S,05F0494S,5,0,0
2026/08/30 04:15,05F0000S,05F0055S,31,223,12
2026/08/30 04:15,05F0000S,05F0055S,32,244,6
2026/08/30 04:15,05F0000S,05F0055S,41,0,0
2026/08/30 04:15,05F0000S,05F0055S,42,0,0
2026/08/30 04:15,05F0000S,05F0055S,5,0,0
2026/08/30 04:15,05F0055S,05F0287S,31,914,8
2026/08/30 04:15,05F0055S,05F0287S,32,948,4
2026/08/30 04:15,05F0055S,05F0287S,41,0,0
2026/08/30 04:15,05F0055S,05F0287S,42,0,0
2026/08/30 04:15,05F0055S,05F0287S,5,0,0
2026/08/30 04:15,05F0287S,05F0309S,31,85,8
2026/08/30 04:15,05F0287S,05F0309S,32,87,4
2026/08/30 04:15,05F0287S,05F0309S,41,0,0
2026/08/30 04:15,05F0287S,05F0309S,42,0,0
2026/08/30 04:15,05F0287S,05F0309S,5,0,0
2026/08/30 04:15,05F0309S,05F0439S,31,471,7
2026/08/30 04:15,05F0309S,05F0439S,32,0,0
2026/08/30 04:15,05F0309S,05F0439S,41,0,0
2026/08/30 04:15,05F0309S,05F0439S,42,0,0
2026/08/30 04:15,05F0309S,05F0439S,5,0,0
2026/08/30 04:15,05F0439S,05F0494S,31,199,5
2026/08/30 04:15,05F0439S,05F0494S,32,224,1
2026/08/30 04:15,05F0439S,05F0494S,41,0,0
2026/08/30 04:15,05F0439S,05F0494S,42,0,0
2026/08/30 04:15,05F0439S,05F0494S,5,0,0
2026/08/30 04:20,05F0000S,05F0055S,31,231,13
2026/08/30 04:20,05F0000S,05F0055S,32,243,3
2026/08/30 04:20,05F0000S,05F0055S,41,0,0
2026/08/30 04:20,05F0000S,05F0055S,42,0,0
2026/08/30 04:20,05F0000S,05F0055S,5,0,0
2026/08/30 04:20,05F0055S,05F0287S,31,933,9
2026/08/30 04:20,05F0055S,05F0287S,32,950,3
2026/08/30 04:20,05F0055S,05F0287S,41,0,0
2026/08/30 04:20,05F0055S,05F0287S,42,0,0
2026/08/30 04:20,05F0055S,05F0287S,5,0,0
2026/08/30 04:20,05F0287S,05F0309S,31,89,3
2026/08/30 04:20,05F0287S,05F0309S,32,84,3
2026/08/30 04:20,05F0287S,05F0309S,41,0,0
2026/08/30 04:20,05F0287S,05F0309S,42,0,0
2026/08/30 04:20,05F0287S,05F0309S,5,0,0
2026/08/30 04:20,05F0309S,05F0439S,31,490,5
2026/08/30 04:20,05F0309S,05F0439S,32,494,2
2026/08/30 04:20,05F0309S,05F0439S,41,0,0
2026/08/30 04:20,05F0309S,05F0439S,42,492,1
2026/08/30 04:20,05F0309S,05F0439S,5,0,0
2026/08/30 04:20,05F0439S,05F0494S,31,217,7
2026/08/30 04:20,05F0439S,05F0494S,32,0,0
2026/08/30 04:20,05F0439S,05F0494S,41,0,0
2026/08/30 04:20,05F0439S,05F0494S,42,0,0
2026/08/30 04:20,05F0439S,05F0494S,5,0,0
2026/08/30 04:25,05F0000S,05F0055S,31,230,18
2026/08/30 04:25,05F0000S,05F0055S,32,238,5
2026/08/30 04:25,05F0000S,05F0055S,41,0,0
2026/08/30 04:25,05F0000S,05F0055S,42,0,0
2026/08/30 04:25,05F0000S,05F0055S,5,0,0
2026/08/30 04:25,05F0055S,05F0287S,31,944,13
2026/08/30 04:25,05F0055S,05F0287S,32,954,4
2026/08/30 04:25,05F0055S,05F0287S,41,0,0
2026/08/30 04:25,05F0055S,05F0287S,42,0,0
2026/08/30 04:25,05F0055S,05F0287S,5,0,0
2026/08/30 04:25,05F0287S,05F0309S,31,86,4
2026/08/30 04:25,05F0287S,05F0309S,32,92,3
2026/08/30 04:25,05F0287S,05F0309S,41,0,0
2026/08/30 04:25,05F0287S,05F0309S,42,0,0
2026/08/30 04:25,05F0287S,05F0309S,5,0,0
2026/08/30 04:25,05F0309S,05F0439S,31,549,3
2026/08/30 04:25,05F0309S,05F0439S,32,496,3
2026/08/30 04:25,05F0309S,05F0439S,41,0,0
2026/08/30 04:25,05F0309S,05F0439S,42,0,0
2026/08/30 04:25,05F0309S,05F0439S,5,0,0
2026/08/30 04:25,05F0439S,05F0494S,31,207,5
2026/08/30 04:25,05F0439S,05F0494S,32,199,4
2026/08/30 04:25,05F0439S,05F0494S,41,0,0
2026/08/30 04:25,05F0439S,05F0494S,42,196,1
2026/08/30 04:25,05F0439S,05F0494S,5,224,1
2026/08/30 04:30,05F0000S,05F0055S,31,236,15
2026/08/30 04:30,05F0000S,05F0055S,32,235,7
2026/08/30 04:30,05F0000S,05F0055S,41,0,0
2026/08/30 04:30,05F0000S,05F0055S,42,0,0
2026/08/30 04:30,05F0000S,05F0055S,5,0,0
2026/08/30 04:30,05F0055S,05F0287S,31,938,11
2026/08/30 04:30,05F0055S,05F0287S,32,926,4
2026/08/30 04:30,05F0055S,05F0287S,41,1048,1
2026/08/30 04:30,05F0055S,05F0287S,42,0,0
2026/08/30 04:30,05F0055S,05F0287S,5,0,0
2026/08/30 04:30,05F0287S,05F0309S,31,83,7
2026/08/30 04:30,05F0287S,05F0309S,32,86,3
2026/08/30 04:30,05F0287S,05F0309S,41,89,1
2026/08/30 04:30,05F0287S,05F0309S,42,0,0
2026/08/30 04:30,05F0287S,05F0309S,5,0,0
2026/08/30 04:30,05F0309S,05F0439S,31,505,3
2026/08/30 04:30,05F0309S,05F0439S,32,498,3
2026/08/30 04:30,05F0309S,05F0439S,41,0,0
2026/08/30 04:30,05F0309S,05F0439S,42,0,0
2026/08/30 04:30,05F0309S,05F0439S,5,637,1
2026/08/30 04:30,05F0439S,05F0494S,31,215,2
2026/08/30 04:30,05F0439S,05F0494S,32,211,2
2026/08/30 04:30,05F0439S,05F0494S,41,0,0
2026/08/30 04:30,05F0439S,05F0494S,42,0,0
2026/08/30 04:30,05F0439S,05F0494S,5,0,0
2026/08/30 04:35,05F0000S,05F0055S,31,233,13
2026/08/30 04:35,05F0000S,05F0055S,32,238,9
2026/08/30 04:35,05F0000S,05F0055S,41,0,0
2026/08/30 04:35,05F0000S,05F0055S,42,0,0
2026/08/30 04:35,05F0000S,05F0055S,5,0,0
2026/08/30 04:35,05F0055S,05F0287S,31,897,9
2026/08/30 04:35,05F0055S,05F0287S,32,980,4
2026/08/30 04:35,05F0055S,05F0287S,41,0,0
2026/08/30 04:35,05F0055S,05F0287S,42,0,0
2026/08/30 04:35,05F0055S,05F0287S,5,0,0
2026/08/30 04:35,05F0287S,05F0309S,31,82,5
2026/08/30 04:35,05F0287S,05F0309S,32,88,3
2026/08/30 04:35,05F0287S,05F0309S,41,0,0
2026/08/30 04:35,05F0287S,05F0309S,42,0,0
2026/08/30 04:35,05F0287S,05F0309S,5,0,0
2026/08/30 04:35,05F0309S,05F0439S,31,478,5
2026/08/30 04:35,05F0309S,05F0439S,32,510,2
2026/08/30 04:35,05F0309S,05F0439S,41,0,0
2026/08/30 04:35,05F0309S,05F0439S,42,0,0
2026/08/30 04:35,05F0309S,05F0439S,5,484,2
2026/08/30 04:35,05F0439S,05F0494S,31,183,1
2026/08/30 04:35,05F0439S,05F0494S,32,178,1
2026/08/30 04:35,05F0439S,05F0494S,41,0,0
2026/08/30 04:35,05F0439S,05F0494S,42,0,0
2026/08/30 04:35,05F0439S,05F0494S,5,249,1
2026/08/30 04:40,05F0000S,05F0055S,31,236,11
2026/08/30 04:40,05F0000S,05F0055S,32,244,4
2026/08/30 04:40,05F0000S,05F0055S,41,0,0
2026/08/30 04:40,05F0000S,05F0055S,42,0,0
2026/08/30 04:40,05F0000S,05F0055S,5,0,0
2026/08/30 04:40,05F0055S,05F0287S,31,920,21
2026/08/30 04:40,05F0055S,05F0287S,32,937,4
2026/08/30 04:40,05F0055S,05F0287S,41,0,0
2026/08/30 04:40,05F0055S,05F0287S,42,0,0
2026/08/30 04:40,05F0055S,05F0287S,5,0,0
2026/08/30 04:40,05F0287S,05F0309S,31,85,11
2026/08/30 04:40,05F0287S,05F0309S,32,82,2
2026/08/30 04:40,05F0287S,05F0309S,41,0,0
2026/08/30 04:40,05F0287S,05F0309S,42,0,0
2026/08/30 04:40,05F0287S,05F0309S,5,0,0
2026/08/30 04:40,05F0309S,05F0439S,31,491,5
2026/08/30 04:40,05F0309S,05F0439S,32,507,2
2026/08/30 04:40,05F0309S,05F0439S,41,0,0
2026/08/30 04:40,05F0309S,05F0439S,42,0,0
2026/08/30 04:40,05F0309S,05F0439S,5,493,1
2026/08/30 04:40,05F0439S,05F0494S,31,194,6
2026/08/30 04:40,05F0439S,05F0494S,32,233,1
2026/08/30 04:40,05F0439S,05F0494S,41,0,0
2026/08/30 04:40,05F0439S,05F0494S,42,0,0
2026/08/30 04:40,05F0439S,05F0494S,5,204,2
2026/08/30 04:45,05F0000S,05F0055S,31,245,19
2026/08/30 04:45,05F0000S,05F0055S,32,248,8
2026/08/30 04:45,05F0000S,05F0055S,41,0,0
2026/08/30 04:45,05F0000S,05F0055S,42,0,0
2026/08/30 04:45,05F0000S,05F0055S,5,0,0
2026/08/30 04:45,05F0055S,05F0287S,31,972,10
2026/08/30 04:45,05F0055S,05F0287S,32,967,6
2026/08/30 04:45,05F0055S,05F0287S,41,0,0
2026/08/30 04:45,05F0055S,05F0287S,42,0,0
2026/08/30 04:45,05F0055S,05F0287S,5,0,0
2026/08/30 04:45,05F0287S,05F0309S,31,75,3
2026/08/30 04:45,05F0287S,05F0309S,32,79,2
2026/08/30 04:45,05F0287S,05F0309S,41,0,0
2026/08/30 04:45,05F0287S,05F0309S,42,0,0
2026/08/30 04:45,05F0287S,05F0309S,5,0,0
2026/08/30 04:45,05F0309S,05F0439S,31,470,5
2026/08/30 04:45,05F0309S,05F0439S,32,501,1
2026/08/30 04:45,05F0309S,05F0439S,41,0,0
2026/08/30 04:45,05F0309S,05F0439S,42,0,0
2026/08/30 04:45,05F0309S,05F0439S,5,547,1
2026/08/30 04:45,05F0439S,05F0494S,31,207,6
2026/08/30 04:45,05F0439S,05F0494S,32,208,3
2026/08/30 04:45,05F0439S,05F0494S,41,0,0
2026/08/30 04:45,05F0439S,05F0494S,42,0,0
2026/08/30 04:45,05F0439S,05F0494S,5,204,1
2026/08/30 04:50,05F0000S,05F0055S,31,227,23
2026/08/30 04:50,05F0000S,05F0055S,32,235,4
2026/08/30 04:50,05F0000S,05F0055S,41,0,0
2026/08/30 04:50,05F0000S,05F0055S,42,0,0
2026/08/30 04:50,05F0000S,05F0055S,5,0,0
2026/08/30 04:50,05F0055S,05F0287S,31,920,13
2026/08/30 04:50,05F0055S,05F0287S,32,947,6
2026/08/30 04:50,05F0055S,05F0287S,41,1038,1
2026/08/30 04:50,05F0055S,05F0287S,42,0,0
2026/08/30 04:50,05F0055S,05F0287S,5,0,0
2026/08/30 04:50,05F0287S,05F0309S,31,89,10
2026/08/30 04:50,05F0287S,05F0309S,32,87,5
2026/08/30 04:50,05F0287S,05F0309S,41,0,0
2026/08/30 04:50,05F0287S,05F0309S,42,0,0
2026/08/30 04:50,05F0287S,05F0309S,5,0,0
2026/08/30 04:50,05F0309S,05F0439S,31,492,6
2026/08/30 04:50,05F0309S,05F0439S,32,463,1
2026/08/30 04:50,05F0309S,05F0439S,41,0,0
2026/08/30 04:50,05F0309S,05F0439S,42,0,0
2026/08/30 04:50,05F0309S,05F0439S,5,0,0
2026/08/30 04:50,05F0439S,05F0494S,31,212,4
2026/08/30 04:50,05F0439S,05F0494S,32,207,3
2026/08/30 04:50,05F0439S,05F0494S,41,0,0
2026/08/30 04:50,05F0439S,05F0494S,42,0,0
2026/08/30 04:50,05F0439S,05F0494S,5,233,1
2026/08/30 04:55,05F0000S,05F0055S,31,239,20
2026/08/30 04:55,05F0000S,05F0055S,32,236,6
2026/08/30 04:55,05F0000S,05F0055S,41,0,0
2026/08/30 04:55,05F0000S,05F0055S,42,0,0
2026/08/30 04:55,05F0000S,05F0055S,5,0,0
2026/08/30 04:55,05F0055S,05F0287S,31,971,13
2026/08/30 04:55,05F0055S,05F0287S,32,959,9
2026/08/30 04:55,05F0055S,05F0287S,41,0,0
2026/08/30 04:55,05F0055S,05F0287S,42,0,0
2026/08/30 04:55,05F0055S,05F0287S,5,0,0
2026/08/30 04:55,05F0287S,05F0309S,31,90,5
2026/08/30 04:55,05F0287S,05F0309S,32,85,6
2026/08/30 04:55,05F0287S,05F0309S,41,95,1
2026/08/30 04:55,05F0287S,05F0309S,42,0,0
2026/08/30 04:55,05F0287S,05F0309S,5,0,0
2026/08/30 04:55,05F0309S,05F0439S,31,503,6
2026/08/30 04:55,05F0309S,05F0439S,32,519,2
2026/08/30 04:55,05F0309S,05F0439S,41,0,0
2026/08/30 04:55,05F0309S,05F0439S,42,0,0
2026/08/30 04:55,05F0309S,05F0439S,5,500,2
2026/08/30 04:55,05F0439S,05F0494S,31,237,5
2026/08/30 04:55,05F0439S,05F0494S,32,0,0
2026/08/30 04:55,05F0439S,05F0494S,41,0,0
2026/08/30 04:55,05F0439S,05F0494S,42,0,0
2026/08/30 04:55,05F0439S,05F0494S,5,0,0
2026/08/30 05:00,05F0000S,05F0055S,31,231,23
2026/08/30 05:00,05F0000S,05F0055S,32,245,7
2026/08/30 05:00,05F0000S,05F0055S,41,0,0
2026/08/30 05:00,05F0000S,05F0055S,42,0,0
2026/08/30 05:00,05F0000S,05F0055S,5,0,0
2026/08/30 05:00,05F0055S,05F0287S,31,961,12
2026/08/30 05:00,05F0055S,05F0287S,32,953,7
2026/08/30 05:00,05F0055S,05F0287S,41,0,0
2026/08/30 05:00,05F0055S,05F0287S,42,0,0
2026/08/30 05:00,05F0055S,05F0287S,5,0,0
2026/08/30 05:00,05F0287S,05F0309S,31,81,4
2026/08/30 05:00,05F0287S,05F0309S,32,89,5
2026/08/30 05:00,05F0287S,05F0309S,41,0,0
2026/08/30 05:00,05F0287S,05F0309S,42,0,0
2026/08/30 05:00,05F0287S,05F0309S,5,0,0
2026/08/30 05:00,05F0309S,05F0439S,31,457,4
2026/08/30 05:00,05F0309S,05F0439S,32,505,4
2026/08/30 05:00,05F0309S,05F0439S,41,0,0
2026/08/30 05:00,05F0309S,05F0439S,42,0,0
2026/08/30 05:00,05F0309S,05F0439S,5,516,1
2026/08/30 05:00,05F0439S,05F0494S,31,219,8
2026/08/30 05:00,05F0439S,05F0494S,32,0,0
2026/08/30 05:00,05F0439S,05F0494S,41,0,0
2026/08/30 05:00,05F0439S,05F0494S,42,0,0
2026/08/30 05:00,05F0439S,05F0494S,5,217,3
2026/08/30 05:05,05F0000S,05F0055S,31,231,18
2026/08/30 05:05,05F0000S,05F0055S,32,246,10
2026/08/30 05:05,05F0000S,05F0055S,41,0,0
2026/08/30 05:05,05F0000S,05F0055S,42,0,0
2026/08/30 05:05,05F0000S,05F0055S,5,0,0
2026/08/30 05:05,05F0055S,05F0287S,31,929,21
2026/08/30 05:05,05F0055S,05F0287S,32,932,4
2026/08/30 05:05,05F0055S,05F0287S,41,0,0
2026/08/30 05:05,05F0055S,05F0287S,42,0,0
2026/08/30 05:05,05F0055S,05F0287S,5,0,0
2026/08/30 05:05,05F0287S,05F0309S,31,84,15
2026/08/30 05:05,05F0287S,05F0309S,32,86,5
2026/08/30 05:05,05F0287S,05F0309S,41,0,0
2026/08/30 05:05,05F0287S,05F0309S,42,0,0
2026/08/30 05:05,05F0287S,05F0309S,5,0,0
2026/08/30 05:05,05F0309S,05F0439S,31,452,4
2026/08/30 05:05,05F0309S,05F0439S,32,525,2
2026/08/30 05:05,05F0309S,05F0439S,41,0,0
2026/08/30 05:05,05F0309S,05F0439S,42,541,2
2026/08/30 05:05,05F0309S,05F0439S,5,545,1
2026/08/30 05:05,05F0439S,05F0494S,31,201,3
2026/08/30 05:05,05F0439S,05F0494S,32,215,2
2026/08/30 05:05,05F0439S,05F0494S,41,0,0
2026/08/30 05:05,05F0439S,05F0494S,42,0,0
2026/08/30 05:05,05F0439S,05F0494S,5,0,0
2026/08/30 05:10,05F0000S,05F0055S,31,231,30
2026/08/30 05:10,05F0000S,05F0055S,32,226,5
2026/08/30 05:10,05F0000S,05F0055S,41,0,0
2026/08/30 05:10,05F0000S,05F0055S,42,0,0
2026/08/30 05:10,05F0000S,05F0055S,5,0,0
2026/08/30 05:10,05F0055S,05F0287S,31,945,18
2026/08/30 05:10,05F0055S,05F0287S,32,976,6
2026/08/30 05:10,05F0055S,05F0287S,41,0,0
2026/08/30 05:10,05F0055S,05F0287S,42,0,0
2026/08/30 05:10,05F0055S,05F0287S,5,0,0
2026/08/30 05:10,05F0287S,05F0309S,31,85,12
2026/08/30 05:10,05F0287S,05F0309S,32,93,4
2026/08/30 05:10,05F0287S,05F0309S,41,0,0
2026/08/30 05:10,05F0287S,05F0309S,42,0,0
2026/08/30 05:10,05F0287S,05F0309S,5,0,0
2026/08/30 05:10,05F0309S,05F0439S,31,454,7
2026/08/30 05:10,05F0309S,05F0439S,32,489,4
2026/08/30 05:10,05F0309S,05F0439S,41,0,0
2026/08/30 05:10,05F0309S,05F0439S,42,0,0
2026/08/30 05:10,05F0309S,05F0439S,5,0,0
2026/08/30 05:10,05F0439S,05F0494S,31,184,3
2026/08/30 05:10,05F0439S,05F0494S,32,218,1
2026/08/30 05:10,05F0439S,05F0494S,41,0,0
2026/08/30 05:10,05F0439S,05F0494S,42,0,0
2026/08/30 05:10,05F0439S,05F0494S,5,231,1
2026/08/30 05:15,05F0000S,05F0055S,31,234,31
2026/08/30 05:15,05F0000S,05F0055S,32,231,8
2026/08/30 05:15,05F0000S,05F0055S,41,276,2
2026/08/30 05:15,05F0000S,05F0055S,42,0,0
2026/08/30 05:15,05F0000S,05F0055S,5,0,0
2026/08/30 05:15,05F0055S,05F0287S,31,957,25
2026/08/30 05:15,05F0055S,05F0287S,32,964,7
2026/08/30 05:15,05F0055S,05F0287S,41,0,0
2026/08/30 05:15,05F0055S,05F0287S,42,0,0
2026/08/30 05:15,05F0055S,05F0287S,5,0,0
2026/08/30 05:15,05F0287S,05F0309S,31,87,11
2026/08/30 05:15,05F0287S,05F0309S,32,79,2
2026/08/30 05:15,05F0287S,05F0309S,41,0,0
2026/08/30 05:15,05F0287S,05F0309S,42,0,0
2026/08/30 05:15,05F0287S,05F0309S,5,0,0
2026/08/30 05:15,05F0309S,05F0439S,31,481,8
2026/08/30 05:15,05F0309S,05F0439S,32,496,3
2026/08/30 05:15,05F0309S,05F0439S,41,0,0
2026/08/30 05:15,05F0309S,05F0439S,42,0,0
2026/08/30 05:15,05F0309S,05F0439S,5,515,1
2026/08/30 05:15,05F0439S,05F0494S,31,191,6
2026/08/30 05:15,05F0439S,05F0494S,32,207,4
2026/08/30 05:15,05F0439S,05F0494S,41,0,0
2026/08/30 05:15,05F0439S,05F0494S,42,0,0
2026/08/30 05:15,05F0439S,05F0494S,5,0,0
2026/08/30 05:20,05F0000S,05F0055S,31,241,33
2026/08/30 05:20,05F0000S,05F0055S,32,235,11
2026/08/30 05:20,05F0000S,05F0055S,41,0,0
2026/08/30 05:20,05F0000S,05F0055S,42,0,0
2026/08/30 05:20,05F0000S,05F0055S,5,0,0
2026/08/30 05:20,05F0055S,05F0287S,31,938,17
2026/08/30 05:20,05F0055S,05F0287S,32,948,12
2026/08/30 05:20,05F0055S,05F0287S,41,0,0
2026/08/30 05:20,05F0055S,05F0287S,42,0,0
2026/08/30 05:20,05F0055S,05F0287S,5,0,0
2026/08/30 05:20,05F0287S,05F0309S,31,86,10
2026/08/30 05:20,05F0287S,05F0309S,32,90,4
2026/08/30 05:20,05F0287S,05F0309S,41,0,0
2026/08/30 05:20,05F0287S,05F0309S,42,0,0
2026/08/30 05:20,05F0287S,05F0309S,5,0,0
2026/08/30 05:20,05F0309S,05F0439S,31,509,5
2026/08/30 05:20,05F0309S,05F0439S,32,548,4
2026/08/30 05:20,05F0309S,05F0439S,41,0,0
2026/08/30 05:20,05F0309S,05F0439S,42,0,0
2026/08/30 05:20,05F0309S,05F0439S,5,506,2
2026/08/30 05:20,05F0439S,05F0494S,31,208,9
2026/08/30 05:20,05F0439S,05F0494S,32,215,2
2026/08/30 05:20,05F0439S,05F0494S,41,0,0
2026/08/30 05:20,05F0439S,05F0494S,42,0,0
2026/08/30 05:20,05F0439S,05F0494S,5,218,1
2026/08/30 05:25,05F0000S,05F0055S,31,223,25
2026/08/30 05:25,05F0000S,05F0055S,32,231,12
2026/08/30 05:25,05F0000S,05F0055S,41,0,0
2026/08/30 05:25,05F0000S,05F0055S,42,0,0
2026/08/30 05:25,05F0000S,05F0055S,5,0,0
2026/08/30 05:25,05F0055S,05F0287S,31,925,26
2026/08/30 05:25,05F0055S,05F0287S,32,932,6
2026/08/30 05:25,05F0055S,05F0287S,41,0,0
2026/08/30 05:25,05F0055S,05F0287S,42,0,0
2026/08/30 05:25,05F0055S,05F0287S,5,0,0
2026/08/30 05:25,05F0287S,05F0309S,31,81,12
2026/08/30 05:25,05F0287S,05F0309S,32,88,5
2026/08/30 05:25,05F0287S,05F0309S,41,0,0
2026/08/30 05:25,05F0287S,05F0309S,42,0,0
2026/08/30 05:25,05F0287S,05F0309S,5,0,0
2026/08/30 05:25,05F0309S,05F0439S,31,461,8
2026/08/30 05:25,05F0309S,05F0439S,32,519,3
2026/08/30 05:25,05F0309S,05F0439S,41,0,0
2026/08/30 05:25,05F0309S,05F0439S,42,0,0
2026/08/30 05:25,05F0309S,05F0439S,5,0,0
2026/08/30 05:25,05F0439S,05F0494S,31,213,6
2026/08/30 05:25,05F0439S,05F0494S,32,253,3
2026/08/30 05:25,05F0439S,05F0494S,41,0,0
2026/08/30 05:25,05F0439S,05F0494S,42,235,1
2026/08/30 05:25,05F0439S,05F0494S,5,198,1
2026/08/30 05:30,05F0000S,05F0055S,31,233,35
2026/08/30 05:30,05F0000S,05F0055S,32,245,11
2026/08/30 05:30,05F0000S,05F0055S,41,0,0
2026/08/30 05:30,05F0000S,05F0055S,42,0,0
2026/08/30 05:30,05F0000S,05F0055S,5,0,0
2026/08/30 05:30,05F0055S,05F0287S,31,928,28
2026/08/30 05:30,05F0055S,05F0287S,32,946,8
2026/08/30 05:30,05F0055S,05F0287S,41,0,0
2026/08/30 05:30,05F0055S,05F0287S,42,0,0
2026/08/30 05:30,05F0055S,05F0287S,5,0,0
2026/08/30 05:30,05F0287S,05F0309S,31,80,16
2026/08/30 05:30,05F0287S,05F0309S,32,83,4
2026/08/30 05:30,05F0287S,05F0309S,41,0,0
2026/08/30 05:30,05F0287S,05F0309S,42,0,0
2026/08/30 05:30,05F0287S,05F0309S,5,0,0
2026/08/30 05:30,05F0309S,05F0439S,31,490,6
2026/08/30 05:30,05F0309S,05F0439S,32,510,4
2026/08/30 05:30,05F0309S,05F0439S,41,0,0
2026/08/30 05:30,05F0309S,05F0439S,42,0,0
2026/08/30 05:30,05F0309S,05F0439S,5,0,0
2026/08/30 05:30,05F0439S,05F0494S,31,195,8
2026/08/30 05:30,05F0439S,05F0494S,32,238,1
2026/08/30 05:30,05F0439S,05F0494S,41,0,0
2026/08/30 05:30,05F0439S,05F0494S,42,0,0
2026/08/30 05:30,05F0439S,05F0494S,5,0,0
2026/08/30 05:35,05F0000S,05F0055S,31,240,37
2026/08/30 05:35,05F0000S,05F0055S,32,235,12
2026/08/30 05:35,05F0000S,05F0055S,41,0,0
2026/08/30 05:35,05F0000S,05F0055S,42,0,0
2026/08/30 05:35,05F0000S,05F0055S,5,0,0
2026/08/30 05:35,05F0055S,05F0287S,31,971,23
2026/08/30 05:35,05F0055S,05F0287S,32,960,12
2026/08/30 05:35,05F0055S,05F0287S,41,1057,2
2026/08/30 05:35,05F0055S,05F0287S,42,0,0
2026/08/30 05:35,05F0055S,05F0287S,5,0,0
2026/08/30 05:35,05F0287S,05F0309S,31,89,8
2026/08/30 05:35,05F0287S,05F0309S,32,85,6
2026/08/30 05:35,05F0287S,05F0309S,41,94,2
2026/08/30 05:35,05F0287S,05F0309S,42,0,0
2026/08/30 05:35,05F0287S,05F0309S,5,0,0
2026/08/30 05:35,05F0309S,05F0439S,31,464,15
2026/08/30 05:35,05F0309S,05F0439S,32,459,4
2026/08/30 05:35,05F0309S,05F0439S,41,0,0
2026/08/30 05:35,05F0309S,05F0439S,42,0,0
2026/08/30 05:35,05F0309S,05F0439S,5,0,0
2026/08/30 05:35,05F0439S,05F0494S,31,737,1
2026/08/30 05:35,05F0439S,05F0494S,32,211,2
2026/08/30 05:35,05F0439S,05F0494S,41,0,0
2026/08/30 05:35,05F0439S,05F0494S,42,0,0
2026/08/30 05:35,05F0439S,05F0494S,5,0,0
2026/08/30 05:40,05F0000S,05F0055S,31,233,64
2026/08/30 05:40,05F0000S,05F0055S,32,238,20
2026/08/30 05:40,05F0000S,05F0055S,41,0,0
2026/08/30 05:40,05F0000S,05F0055S,42,0,0
2026/08/30 05:40,05F0000S,05F0055S,5,0,0
2026/08/30 05:40,05F0055S,05F0287S,31,952,20
2026/08/30 05:40,05F0055S,05F0287S,32,930,11
2026/08/30 05:40,05F0055S,05F0287S,41,0,0
2026/08/30 05:40,05F0055S,05F0287S,42,0,0
2026/08/30 05:40,05F0055S,05F0287S,5,0,0
2026/08/30 05:40,05F0287S,05F0309S,31,81,15
2026/08/30 05:40,05F0287S,05F0309S,32,88,13
2026/08/30 05:40,05F0287S,05F0309S,41,0,0
2026/08/30 05:40,05F0287S,05F0309S,42,0,0
2026/08/30 05:40,05F0287S,05F0309S,5,0,0
2026/08/30 05:40,05F0309S,05F0439S,31,485,8
2026/08/30 05:40,05F0309S,05F0439S,32,482,4
2026/08/30 05:40,05F0309S,05F0439S,41,0,0
2026/08/30 05:40,05F0309S,05F0439S,42,0,0
2026/08/30 05:40,05F0309S,05F0439S,5,0,0
2026/08/30 05:40,05F0439S,05F0494S,31,200,13
2026/08/30 05:40,05F0439S,05F0494S,32,215,4
2026/08/30 05:40,05F0439S,05F0494S,41,222,1
2026/08/30 05:40,05F0439S,05F0494S,42,0,0
2026/08/30 05:40,05F0439S,05F0494S,5,0,0
2026/08/30 05:45,05F0000S,05F0055S,31,235,43
2026/08/30 05:45,05F0000S,05F0055S,32,226,12
2026/08/30 05:45,05F0000S,05F0055S,41,245,1
2026/08/30 05:45,05F0000S,05F0055S,42,0,0
2026/08/30 05:45,05F0000S,05F0055S,5,0,0
2026/08/30 05:45,05F0055S,05F0287S,31,943,28
2026/08/30 05:45,05F0055S,05F0287S,32,945,9
2026/08/30 05:45,05F0055S,05F0287S,41,0,0
2026/08/30 05:45,05F0055S,05F0287S,42,0,0
2026/08/30 05:45,05F0055S,05F0287S,5,0,0
2026/08/30 05:45,05F0287S,05F0309S,31,85,23
2026/08/30 05:45,05F0287S,05F0309S,32,83,7
2026/08/30 05:45,05F0287S,05F0309S,41,0,0
2026/08/30 05:45,05F0287S,05F0309S,42,0,0
2026/08/30 05:45,05F0287S,05F0309S,5,0,0
2026/08/30 05:45,05F0309S,05F0439S,31,474,10
2026/08/30 05:45,05F0309S,05F0439S,32,437,5
2026/08/30 05:45,05F0309S,05F0439S,41,550,1
2026/08/30 05:45,05F0309S,05F0439S,42,0,0
2026/08/30 05:45,05F0309S,05F0439S,5,528,1
2026/08/30 05:45,05F0439S,05F0494S,31,211,8
2026/08/30 05:45,05F0439S,05F0494S,32,206,3
2026/08/30 05:45,05F0439S,05F0494S,41,0,0
2026/08/30 05:45,05F0439S,05F0494S,42,0,0
2026/08/30 05:45,05F0439S,05F0494S,5,0,0
2026/08/30 05:50,05F0000S,05F0055S,31,230,45
2026/08/30 05:50,05F0000S,05F0055S,32,227,9
2026/08/30 05:50,05F0000S,05F0055S,41,0,0
2026/08/30 05:50,05F0000S,05F0055S,42,0,0
2026/08/30 05:50,05F0000S,05F0055S,5,0,0
2026/08/30 05:50,05F0055S,05F0287S,31,954,43
2026/08/30 05:50,05F0055S,05F0287S,32,929,8
2026/08/30 05:50,05F0055S,05F0287S,41,0,0
2026/08/30 05:50,05F0055S,05F0287S,42,0,0
2026/08/30 05:50,05F0055S,05F0287S,5,0,0
2026/08/30 05:50,05F0287S,05F0309S,31,86,13
2026/08/30 05:50,05F0287S,05F0309S,32,83,8
2026/08/30 05:50,05F0287S,05F0309S,41,0,0
2026/08/30 05:50,05F0287S,05F0309S,42,0,0
2026/08/30 05:50,05F0287S,05F0309S,5,0,0
2026/08/30 05:50,05F0309S,05F0439S,31,481,10
2026/08/30 05:50,05F0309S,05F0439S,32,516,8
2026/08/30 05:50,05F0309S,05F0439S,41,0,0
2026/08/30 05:50,05F0309S,05F0439S,42,0,0
2026/08/30 05:50,05F0309S,05F0439S,5,0,0
2026/08/30 05:50,05F0439S,05F0494S,31,193,9
2026/08/30 05:50,05F0439S,05F0494S,32,208,11
2026/08/30 05:50,05F0439S,05F0494S,41,0,0
2026/08/30 05:50,05F0439S,05F0494S,42,0,0
2026/08/30 05:50,05F0439S,05F0494S,5,0,0
2026/08/30 05:55,05F0000S,05F0055S,31,235,47
2026/08/30 05:55,05F0000S,05F0055S,32,237,19
2026/08/30 05:55,05F0000S,05F0055S,41,259,1
2026/08/30 05:55,05F0000S,05F0055S,42,0,0
2026/08/30 05:55,05F0000S,05F0055S,5,0,0
2026/08/30 05:55,05F0055S,05F0287S,31,981,47
2026/08/30 05:55,05F0055S,05F0287S,32,932,15
2026/08/30 05:55,05F0055S,05F0287S,41,0,0
2026/08/30 05:55,05F0055S,05F0287S,42,0,0
2026/08/30 05:55,05F0055S,05F0287S,5,0,0
2026/08/30 05:55,05F0287S,05F0309S,31,83,18
2026/08/30 05:55,05F0287S,05F0309S,32,83,10
2026/08/30 05:55,05F0287S,05F0309S,41,0,0
2026/08/30 05:55,05F0287S,05F0309S,42,0,0
2026/08/30 05:55,05F0287S,05F0309S,5,0,0
2026/08/30 05:55,05F0309S,05F0439S,31,485,14
2026/08/30 05:55,05F0309S,05F0439S,32,485,7
2026/08/30 05:55,05F0309S,05F0439S,41,0,0
2026/08/30 05:55,05F0309S,05F0439S,42,0,0
2026/08/30 05:55,05F0309S,05F0439S,5,509,1
2026/08/30 05:55,05F0439S,05F0494S,31,213,7
2026/08/30 05:55,05F0439S,05F0494S,32,206,5
2026/08/30 05:55,05F0439S,05F0494S,41,0,0
2026/08/30 05:55,05F0439S,05F0494S,42,0,0
2026/08/30 05:55,05F0439S,05F0494S,5,0,0
2026/08/30 06:00,05F0000S,05F0055S,31,233,63
2026/08/30 06:00,05F0000S,05F0055S,32,244,13
2026/08/30 06:00,05F0000S,05F0055S,41,0,0
2026/08/30 06:00,05F0000S,05F0055S,42,0,0
2026/08/30 06:00,05F0000S,05F0055S,5,0,0
2026/08/30 06:00,05F0055S,05F0287S,31,945,38
2026/08/30 06:00,05F0055S,05F0287S,32,943,17
2026/08/30 06:00,05F0055S,05F0287S,41,0,0
2026/08/30 06:00,05F0055S,05F0287S,42,0,0
2026/08/30 06:00,05F0055S,05F0287S,5,0,0
2026/08/30 06:00,05F0287S,05F0309S,31,87,35
2026/08/30 06:00,05F0287S,05F0309S,32,83,15
2026/08/30 06:00,05F0287S,05F0309S,41,0,0
2026/08/30 06:00,05F0287S,05F0309S,42,0,0
2026/08/30 06:00,05F0287S,05F0309S,5,0,0
2026/08/30 06:00,05F0309S,05F0439S,31,474,9
2026/08/30 06:00,05F0309S,05F0439S,32,462,9
2026/08/30 06:00,05F0309S,05F0439S,41,0,0
2026/08/30 06:00,05F0309S,05F0439S,42,0,0
2026/08/30 06:00,05F0309S,05F0439S,5,525,2
2026/08/30 06:00,05F0439S,05F0494S,31,204,3
2026/08/30 06:00,05F0439S,05F0494S,32,213,6
2026/08/30 06:00,05F0439S,05F0494S,41,255,1
2026/08/30 06:00,05F0439S,05F0494S,42,0,0
2026/08/30 06:00,05F0439S,05F0494S,5,224,2
2026/08/30 06:05,05F0000S,05F0055S,31,240,70
2026/08/30 06:05,05F0000S,05F0055S,32,237,9
2026/08/30 06:05,05F0000S,05F0055S,41,0,0
2026/08/30 06:05,05F0000S,05F0055S,42,0,0
2026/08/30 06:05,05F0000S,05F0055S,5,0,0
2026/08/30 06:05,05F0055S,05F0287S,31,933,44
2026/08/30 06:05,05F0055S,05F0287S,32,922,6
2026/08/30 06:05,05F0055S,05F0287S,41,1002,1
2026/08/30 06:05,05F0055S,05F0287S,42,0,0
2026/08/30 06:05,05F0055S,05F0287S,5,0,0
2026/08/30 06:05,05F0287S,05F0309S,31,85,32
2026/08/30 06:05,05F0287S,05F0309S,32,80,4
2026/08/30 06:05,05F0287S,05F0309S,41,0,0
2026/08/30 06:05,05F0287S,05F0309S,42,0,0
2026/08/30 06:05,05F0287S,05F0309S,5,0,0
2026/08/30 06:05,05F0309S,05F0439S,31,475,22
2026/08/30 06:05,05F0309S,05F0439S,32,473,11
2026/08/30 06:05,05F0309S,05F0439S,41,0,0
2026/08/30 06:05,05F0309S,05F0439S,42,528,1
2026/08/30 06:05,05F0309S,05F0439S,5,548,2
2026/08/30 06:05,05F0439S,05F0494S,31,208,10
2026/08/30 06:05,05F0439S,05F0494S,32,189,5
2026/08/30 06:05,05F0439S,05F0494S,41,0,0
2026/08/30 06:05,05F0439S,05F0494S,42,0,0
2026/08/30 06:05,05F0439S,05F0494S,5,222,2
2026/08/30 06:10,05F0000S,05F0055S,31,238,61
2026/08/30 06:10,05F0000S,05F0055S,32,237,26
2026/08/30 06:10,05F0000S,05F0055S,41,241,1
2026/08/30 06:10,05F0000S,05F0055S,42,0,0
2026/08/30 06:10,05F0000S,05F0055S,5,0,0
2026/08/30 06:10,05F0055S,05F0287S,31,936,40
2026/08/30 06:10,05F0055S,05F0287S,32,948,18
2026/08/30 06:10,05F0055S,05F0287S,41,1027,1
2026/08/30 06:10,05F0055S,05F0287S,42,0,0
2026/08/30 06:10,05F0055S,05F0287S,5,0,0
2026/08/30 06:10,05F0287S,05F0309S,31,84,19
2026/08/30 06:10,05F0287S,05F0309S,32,87,10
2026/08/30 06:10,05F0287S,05F0309S,41,0,0
2026/08/30 06:10,05F0287S,05F0309S,42,0,0
2026/08/30 06:10,05F0287S,05F0309S,5,0,0
2026/08/30 06:10,05F0309S,05F0439S,31,473,17
2026/08/30 06:10,05F0309S,05F0439S,32,467,4
2026/08/30 06:10,05F0309S,05F0439S,41,0,0
2026/08/30 06:10,05F0309S,05F0439S,42,0,0
2026/08/30 06:10,05F0309S,05F0439S,5,529,1
2026/08/30 06:10,05F0439S,05F0494S,31,199,16
2026/08/30 06:10,05F0439S,05F0494S,32,205,4
2026/08/30 06:10,05F0439S,05F0494S,41,0,0
2026/08/30 06:10,05F0439S,05F0494S,42,0,0
2026/08/30 06:10,05F0439S,05F0494S,5,231,2
2026/08/30 06:15,05F0000S,05F0055S,31,237,57
2026/08/30 06:15,05F0000S,05F0055S,32,231,19
2026/08/30 06:15,05F0000S,05F0055S,41,0,0
2026/08/30 06:15,05F0000S,05F0055S,42,0,0
2026/08/30 06:15,05F0000S,05F0055S,5,0,0
2026/08/30 06:15,05F0055S,05F0287S,31,955,64
2026/08/30 06:15,05F0055S,05F0287S,32,981,11
2026/08/30 06:15,05F0055S,05F0287S,41,0,0
2026/08/30 06:15,05F0055S,05F0287S,42,0,0
2026/08/30 06:15,05F0055S,05F0287S,5,0,0
2026/08/30 06:15,05F0287S,05F0309S,31,83,33
2026/08/30 06:15,05F0287S,05F0309S,32,82,11
2026/08/30 06:15,05F0287S,05F0309S,41,94,1
2026/08/30 06:15,05F0287S,05F0309S,42,0,0
2026/08/30 06:15,05F0287S,05F0309S,5,0,0
2026/08/30 06:15,05F0309S,05F0439S,31,455,25
2026/08/30 06:15,05F0309S,05F0439S,32,455,4
2026/08/30 06:15,05F0309S,05F0439S,41,0,0
2026/08/30 06:15,05F0309S,05F0439S,42,0,0
2026/08/30 06:15,05F0309S,05F0439S,5,483,1
2026/08/30 06:15,05F0439S,05F0494S,31,202,14
2026/08/30 06:15,05F0439S,05F0494S,32,199,3
2026/08/30 06:15,05F0439S,05F0494S,41,0,0
2026/08/30 06:15,05F0439S,05F0494S,42,0,0
2026/08/30 06:15,05F0439S,05F0494S,5,203,1
2026/08/30 06:20,05F0000S,05F0055S,31,241,95
2026/08/30 06:20,05F0000S,05F0055S,32,241,13
2026/08/30 06:20,05F0000S,05F0055S,41,251,1
2026/08/30 06:20,05F0000S,05F0055S,42,0,0
2026/08/30 06:20,05F0000S,05F0055S,5,0,0
2026/08/30 06:20,05F0055S,05F0287S,31,949,47
2026/08/30 06:20,05F0055S,05F0287S,32,956,13
2026/08/30 06:20,05F0055S,05F0287S,41,0,0
2026/08/30 06:20,05F0055S,05F0287S,42,0,0
2026/08/30 06:20,05F0055S,05F0287S,5,0,0
2026/08/30 06:20,05F0287S,05F0309S,31,85,31
2026/08/30 06:20,05F0287S,05F0309S,32,87,11
2026/08/30 06:20,05F0287S,05F0309S,41,0,0
2026/08/30 06:20,05F0287S,05F0309S,42,0,0
2026/08/30 06:20,05F0287S,05F0309S,5,0,0
2026/08/30 06:20,05F0309S,05F0439S,31,460,15
2026/08/30 06:20,05F0309S,05F0439S,32,472,8
2026/08/30 06:20,05F0309S,05F0439S,41,0,0
2026/08/30 06:20,05F0309S,05F0439S,42,490,1
2026/08/30 06:20,05F0309S,05F0439S,5,481,1
2026/08/30 06:20,05F0439S,05F0494S,31,205,14
2026/08/30 06:20,05F0439S,05F0494S,32,179,7
2026/08/30 06:20,05F0439S,05F0494S,41,0,0
2026/08/30 06:20,05F0439S,05F0494S,42,251,1
2026/08/30 06:20,05F0439S,05F0494S,5,204,1
2026/08/30 06:25,05F0000S,05F0055S,31,243,74
2026/08/30 06:25,05F0000S,05F0055S,32,237,16
2026/08/30 06:25,05F0000S,05F0055S,41,232,1
2026/08/30 06:25,05F0000S,05F0055S,42,0,0
2026/08/30 06:25,05F0000S,05F0055S,5,0,0
2026/08/30 06:25,05F0055S,05F0287S,31,961,52
2026/08/30 06:25,05F0055S,05F0287S,32,962,14
2026/08/30 06:25,05F0055S,05F0287S,41,995,1
2026/08/30 06:25,05F0055S,05F0287S,42,0,0
2026/08/30 06:25,05F0055S,05F0287S,5,0,0
2026/08/30 06:25,05F0287S,05F0309S,31,86,35
2026/08/30 06:25,05F0287S,05F0309S,32,80,8
2026/08/30 06:25,05F0287S,05F0309S,41,90,1
2026/08/30 06:25,05F0287S,05F0309S,42,0,0
2026/08/30 06:25,05F0287S,05F0309S,5,0,0
2026/08/30 06:25,05F0309S,05F0439S,31,480,26
2026/08/30 06:25,05F0309S,05F0439S,32,504,9
2026/08/30 06:25,05F0309S,05F0439S,41,530,1
2026/08/30 06:25,05F0309S,05F0439S,42,0,0
2026/08/30 06:25,05F0309S,05F0439S,5,0,0
2026/08/30 06:25,05F0439S,05F0494S,31,198,10
2026/08/30 06:25,05F0439S,05F0494S,32,212,3
2026/08/30 06:25,05F0439S,05F0494S,41,0,0
2026/08/30 06:25,05F0439S,05F0494S,42,0,0
2026/08/30 06:25,05F0439S,05F0494S,5,0,0
2026/08/30 06:30,05F0000S,05F0055S,31,243,66
2026/08/30 06:30,05F0000S,05F0055S,32,243,26
2026/08/30 06:30,05F0000S,05F0055S,41,258,4
2026/08/30 06:30,05F0000S,05F0055S,42,0,0
2026/08/30 06:30,05F0000S,05F0055S,5,0,0
2026/08/30 06:30,05F0055S,05F0287S,31,964,60
2026/08/30 06:30,05F0055S,05F0287S,32,974,24
2026/08/30 06:30,05F0055S,05F0287S,41,0,0
2026/08/30 06:30,05F0055S,05F0287S,42,0,0
2026/08/30 06:30,05F0055S,05F0287S,5,0,0
2026/08/30 06:30,05F0287S,05F0309S,31,87,36
2026/08/30 06:30,05F0287S,05F0309S,32,86,20
2026/08/30 06:30,05F0287S,05F0309S,41,0,0
2026/08/30 06:30,05F0287S,05F0309S,42,0,0
2026/08/30 06:30,05F0287S,05F0309S,5,0,0
2026/08/30 06:30,05F0309S,05F0439S,31,474,21
2026/08/30 06:30,05F0309S,05F0439S,32,439,2
2026/08/30 06:30,05F0309S,05F0439S,41,0,0
2026/08/30 06:30,05F0309S,05F0439S,42,521,1
2026/08/30 06:30,05F0309S,05F0439S,5,0,0
2026/08/30 06:30,05F0439S,05F0494S,31,205,9
2026/08/30 06:30,05F0439S,05F0494S,32,220,3
2026/08/30 06:30,05F0439S,05F0494S,41,0,0
2026/08/30 06:30,05F0439S,05F0494S,42,0,0
2026/08/30 06:30,05F0439S,05F0494S,5,0,0
2026/08/30 06:35,05F0000S,05F0055S,31,241,78
2026/08/30 06:35,05F0000S,05F0055S,32,235,13
2026/08/30 06:35,05F0000S,05F0055S,41,249,1
2026/08/30 06:35,05F0000S,05F0055S,42,0,0
2026/08/30 06:35,05F0000S,05F0055S,5,0,0
2026/08/30 06:35,05F0055S,05F0287S,31,962,72
2026/08/30 06:35,05F0055S,05F0287S,32,972,13
2026/08/30 06:35,05F0055S,05F0287S,41,0,0
2026/08/30 06:35,05F0055S,05F0287S,42,0,0
2026/08/30 06:35,05F0055S,05F0287S,5,0,0
2026/08/30 06:35,05F0287S,05F0309S,31,86,52
2026/08/30 06:35,05F0287S,05F0309S,32,82,8
2026/08/30 06:35,05F0287S,05F0309S,41,0,0
2026/08/30 06:35,05F0287S,05F0309S,42,0,0
2026/08/30 06:35,05F0287S,05F0309S,5,0,0
2026/08/30 06:35,05F0309S,05F0439S,31,483,27
2026/08/30 06:35,05F0309S,05F0439S,32,467,8
2026/08/30 06:35,05F0309S,05F0439S,41,528,1
2026/08/30 06:35,05F0309S,05F0439S,42,0,0
2026/08/30 06:35,05F0309S,05F0439S,5,490,1
2026/08/30 06:35,05F0439S,05F0494S,31,205,13
2026/08/30 06:35,05F0439S,05F0494S,32,187,3
2026/08/30 06:35,05F0439S,05F0494S,41,0,0
2026/08/30 06:35,05F0439S,05F0494S,42,215,1
2026/08/30 06:35,05F0439S,05F0494S,5,205,1
2026/08/30 06:40,05F0000S,05F0055S,31,251,78
2026/08/30 06:40,05F0000S,05F0055S,32,251,27
2026/08/30 06:40,05F0000S,05F0055S,41,250,2
2026/08/30 06:40,05F0000S,05F0055S,42,0,0
2026/08/30 06:40,05F0000S,05F0055S,5,0,0
2026/08/30 06:40,05F0055S,05F0287S,31,996,74
2026/08/30 06:40,05F0055S,05F0287S,32,978,12
2026/08/30 06:40,05F0055S,05F0287S,41,1040,2
2026/08/30 06:40,05F0055S,05F0287S,42,0,0
2026/08/30 06:40,05F0055S,05F0287S,5,0,0
2026/08/30 06:40,05F0287S,05F0309S,31,88,43
2026/08/30 06:40,05F0287S,05F0309S,32,91,12
2026/08/30 06:40,05F0287S,05F0309S,41,97,1
2026/08/30 06:40,05F0287S,05F0309S,42,0,0
2026/08/30 06:40,05F0287S,05F0309S,5,0,0
2026/08/30 06:40,05F0309S,05F0439S,31,488,21
2026/08/30 06:40,05F0309S,05F0439S,32,484,12
2026/08/30 06:40,05F0309S,05F0439S,41,0,0
2026/08/30 06:40,05F0309S,05F0439S,42,0,0
2026/08/30 06:40,05F0309S,05F0439S,5,0,0
2026/08/30 06:40,05F0439S,05F0494S,31,205,16
2026/08/30 06:40,05F0439S,05F0494S,32,194,7
2026/08/30 06:40,05F0439S,05F0494S,41,0,0
2026/08/30 06:40,05F0439S,05F0494S,42,0,0
2026/08/30 06:40,05F0439S,05F0494S,5,0,0
2026/08/30 06:45,05F0000S,05F0055S,31,242,76
2026/08/30 06:45,05F0000S,05F0055S,32,243,29
2026/08/30 06:45,05F0000S,05F0055S,41,239,3
2026/08/30 06:45,05F0000S,05F0055S,42,0,0
2026/08/30 06:45,05F0000S,05F0055S,5,0,0
2026/08/30 06:45,05F0055S,05F0287S,31,991,70
2026/08/30 06:45,05F0055S,05F0287S,32,988,25
2026/08/30 06:45,05F0055S,05F0287S,41,0,0
2026/08/30 06:45,05F0055S,05F0287S,42,0,0
2026/08/30 06:45,05F0055S,05F0287S,5,0,0
2026/08/30 06:45,05F0287S,05F0309S,31,91,57
2026/08/30 06:45,05F0287S,05F0309S,32,89,13
2026/08/30 06:45,05F0287S,05F0309S,41,0,0
2026/08/30 06:45,05F0287S,05F0309S,42,0,0
2026/08/30 06:45,05F0287S,05F0309S,5,0,0
2026/08/30 06:45,05F0309S,05F0439S,31,473,34
2026/08/30 06:45,05F0309S,05F0439S,32,505,4
2026/08/30 06:45,05F0309S,05F0439S,41,0,0
2026/08/30 06:45,05F0309S,05F0439S,42,0,0
2026/08/30 06:45,05F0309S,05F0439S,5,0,0
2026/08/30 06:45,05F0439S,05F0494S,31,201,19
2026/08/30 06:45,05F0439S,05F0494S,32,0,0
2026/08/30 06:45,05F0439S,05F0494S,41,0,0
2026/08/30 06:45,05F0439S,05F0494S,42,0,0
2026/08/30 06:45,05F0439S,05F0494S,5,0,0
2026/08/30 06:50,05F0000S,05F0055S,31,240,71
2026/08/30 06:50,05F0000S,05F0055S,32,241,13
2026/08/30 06:50,05F0000S,05F0055S,41,263,1
2026/08/30 06:50,05F0000S,05F0055S,42,0,0
2026/08/30 06:50,05F0000S,05F0055S,5,0,0
2026/08/30 06:50,05F0055S,05F0287S,31,971,67
2026/08/30 06:50,05F0055S,05F0287S,32,956,21
2026/08/30 06:50,05F0055S,05F0287S,41,1037,4
2026/08/30 06:50,05F0055S,05F0287S,42,0,0
2026/08/30 06:50,05F0055S,05F0287S,5,0,0
2026/08/30 06:50,05F0287S,05F0309S,31,86,50
2026/08/30 06:50,05F0287S,05F0309S,32,86,23
2026/08/30 06:50,05F0287S,05F0309S,41,90,3
2026/08/30 06:50,05F0287S,05F0309S,42,0,0
2026/08/30 06:50,05F0287S,05F0309S,5,0,0
2026/08/30 06:50,05F0309S,05F0439S,31,487,32
2026/08/30 06:50,05F0309S,05F0439S,32,473,10
2026/08/30 06:50,05F0309S,05F0439S,41,550,1
2026/08/30 06:50,05F0309S,05F0439S,42,522,1
2026/08/30 06:50,05F0309S,05F0439S,5,515,1
2026/08/30 06:50,05F0439S,05F0494S,31,196,15
2026/08/30 06:50,05F0439S,05F0494S,32,210,6
2026/08/30 06:50,05F0439S,05F0494S,41,0,0
2026/08/30 06:50,05F0439S,05F0494S,42,0,0
2026/08/30 06:50,05F0439S,05F0494S,5,0,0
2026/08/30 06:55,05F0000S,05F0055S,31,244,80
2026/08/30 06:55,05F0000S,05F0055S,32,250,26
2026/08/30 06:55,05F0000S,05F0055S,41,285,9
2026/08/30 06:55,05F0000S,05F0055S,42,0,0
2026/08/30 06:55,05F0000S,05F0055S,5,0,0
2026/08/30 06:55,05F0055S,05F0287S,31,991,79
2026/08/30 06:55,05F0055S,05F0287S,32,995,27
2026/08/30 06:55,05F0055S,05F0287S,41,1035,3
2026/08/30 06:55,05F0055S,05F0287S,42,0,0
2026/08/30 06:55,05F0055S,05F0287S,5,0,0
2026/08/30 06:55,05F0287S,05F0309S,31,87,53
2026/08/30 06:55,05F0287S,05F0309S,32,86,15
2026/08/30 06:55,05F0287S,05F0309S,41,91,1
2026/08/30 06:55,05F0287S,05F0309S,42,0,0
2026/08/30 06:55,05F0287S,05F0309S,5,0,0
2026/08/30 06:55,05F0309S,05F0439S,31,506,36
2026/08/30 06:55,05F0309S,05F0439S,32,486,16
2026/08/30 06:55,05F0309S,05F0439S,41,0,0
2026/08/30 06:55,05F0309S,05F0439S,42,0,0
2026/08/30 06:55,05F0309S,05F0439S,5,544,3
2026/08/30 06:55,05F0439S,05F0494S,31,206,25
2026/08/30 06:55,05F0439S,05F0494S,32,214,4
2026/08/30 06:55,05F0439S,05F0494S,41,0,0
2026/08/30 06:55,05F0439S,05F0494S,42,0,0
2026/08/30 06:55,05F0439S,05F0494S,5,206,1
2026/08/30 07:00,05F0000S,05F0055S,31,248,91
2026/08/30 07:00,05F0000S,05F0055S,32,244,32
2026/08/30 07:00,05F0000S,05F0055S,41,270,5
2026/08/30 07:00,05F0000S,05F0055S,42,0,0
2026/08/30 07:00,05F0000S,05F0055S,5,0,0
2026/08/30 07:00,05F0055S,05F0287S,31,968,80
2026/08/30 07:00,05F0055S,05F0287S,32,962,23
2026/08/30 07:00,05F0055S,05F0287S,41,1015,1
2026/08/30 07:00,05F0055S,05F0287S,42,0,0
2026/08/30 07:00,05F0055S,05F0287S,5,0,0
2026/08/30 07:00,05F0287S,05F0309S,31,87,44
2026/08/30 07:00,05F0287S,05F0309S,32,86,24
2026/08/30 07:00,05F0287S,05F0309S,41,88,2
2026/08/30 07:00,05F0287S,05F0309S,42,0,0
2026/08/30 07:00,05F0287S,05F0309S,5,0,0
2026/08/30 07:00,05F0309S,05F0439S,31,482,30
2026/08/30 07:00,05F0309S,05F0439S,32,442,7
2026/08/30 07:00,05F0309S,05F0439S,41,522,3
2026/08/30 07:00,05F0309S,05F0439S,42,0,0
2026/08/30 07:00,05F0309S,05F0439S,5,0,0
2026/08/30 07:00,05F0439S,05F0494S,31,202,14
2026/08/30 07:00,05F0439S,05F0494S,32,189,8
2026/08/30 07:00,05F0439S,05F0494S,41,215,2
2026/08/30 07:00,05F0439S,05F0494S,42,0,0
2026/08/30 07:00,05F0439S,05F0494S,5,228,3
2026/08/30 07:05,05F0000S,05F0055S,31,248,76
2026/08/30 07:05,05F0000S,05F0055S,32,249,31
2026/08/30 07:05,05F0000S,05F0055S,41,248,3
2026/08/30 07:05,05F0000S,05F0055S,42,0,0
2026/08/30 07:05,05F0000S,05F0055S,5,0,0
2026/08/30 07:05,05F0055S,05F0287S,31,962,76
2026/08/30 07:05,05F0055S,05F0287S,32,975,21
2026/08/30 07:05,05F0055S,05F0287S,41,1004,2
2026/08/30 07:05,05F0055S,05F0287S,42,0,0
2026/08/30 07:05,05F0055S,05F0287S,5,0,0
2026/08/30 07:05,05F0287S,05F0309S,31,86,65
2026/08/30 07:05,05F0287S,05F0309S,32,87,22
2026/08/30 07:05,05F0287S,05F0309S,41,90,2
2026/08/30 07:05,05F0287S,05F0309S,42,0,0
2026/08/30 07:05,05F0287S,05F0309S,5,0,0
2026/08/30 07:05,05F0309S,05F0439S,31,478,38
2026/08/30 07:05,05F0309S,05F0439S,32,465,18
2026/08/30 07:05,05F0309S,05F0439S,41,484,1
2026/08/30 07:05,05F0309S,05F0439S,42,560,1
2026/08/30 07:05,05F0309S,05F0439S,5,0,0
2026/08/30 07:05,05F0439S,05F0494S,31,203,12
2026/08/30 07:05,05F0439S,05F0494S,32,193,2
2026/08/30 07:05,05F0439S,05F0494S,41,205,1
2026/08/30 07:05,05F0439S,05F0494S,42,0,0
2026/08/30 07:05,05F0439S,05F0494S,5,0,0
2026/08/30 07:10,05F0000S,05F0055S,31,247,82
2026/08/30 07:10,05F0000S,05F0055S,32,250,17
2026/08/30 07:10,05F0000S,05F0055S,41,244,2
2026/08/30 07:10,05F0000S,05F0055S,42,0,0
2026/08/30 07:10,05F0000S,05F0055S,5,0,0
2026/08/30 07:10,05F0055S,05F0287S,31,999,72
2026/08/30 07:10,05F0055S,05F0287S,32,1003,18
2026/08/30 07:10,05F0055S,05F0287S,41,1080,6
2026/08/30 07:10,05F0055S,05F0287S,42,0,0
2026/08/30 07:10,05F0055S,05F0287S,5,0,0
2026/08/30 07:10,05F0287S,05F0309S,31,87,36
2026/08/30 07:10,05F0287S,05F0309S,32,85,6
2026/08/30 07:10,05F0287S,05F0309S,41,0,0
2026/08/30 07:10,05F0287S,05F0309S,42,0,0
2026/08/30 07:10,05F0287S,05F0309S,5,0,0
2026/08/30 07:10,05F0309S,05F0439S,31,473,33
2026/08/30 07:10,05F0309S,05F0439S,32,471,9
2026/08/30 07:10,05F0309S,05F0439S,41,520,1
2026/08/30 07:10,05F0309S,05F0439S,42,501,2
2026/08/30 07:10,05F0309S,05F0439S,5,559,3
2026/08/30 07:10,05F0439S,05F0494S,31,199,18
2026/08/30 07:10,05F0439S,05F0494S,32,202,13
2026/08/30 07:10,05F0439S,05F0494S,41,0,0
2026/08/30 07:10,05F0439S,05F0494S,42,0,0
2026/08/30 07:10,05F0439S,05F0494S,5,221,2
2026/08/30 07:15,05F0000S,05F0055S,31,249,99
2026/08/30 07:15,05F0000S,05F0055S,32,253,24
2026/08/30 07:15,05F0000S,05F0055S,41,748,8
2026/08/30 07:15,05F0000S,05F0055S,42,0,0
2026/08/30 07:15,05F0000S,05F0055S,5,0,0
2026/08/30 07:15,05F0055S,05F0287S,31,980,67
2026/08/30 07:15,05F0055S,05F0287S,32,980,29
2026/08/30 07:15,05F0055S,05F0287S,41,1032,6
2026/08/30 07:15,05F0055S,05F0287S,42,0,0
2026/08/30 07:15,05F0055S,05F0287S,5,0,0
2026/08/30 07:15,05F0287S,05F0309S,31,88,56
2026/08/30 07:15,05F0287S,05F0309S,32,86,27
2026/08/30 07:15,05F0287S,05F0309S,41,94,7
2026/08/30 07:15,05F0287S,05F0309S,42,110,1
2026/08/30 07:15,05F0287S,05F0309S,5,0,0
2026/08/30 07:15,05F0309S,05F0439S,31,471,33
2026/08/30 07:15,05F0309S,05F0439S,32,492,9
2026/08/30 07:15,05F0309S,05F0439S,41,514,2
2026/08/30 07:15,05F0309S,05F0439S,42,0,0
2026/08/30 07:15,05F0309S,05F0439S,5,512,1
2026/08/30 07:15,05F0439S,05F0494S,31,205,23
2026/08/30 07:15,05F0439S,05F0494S,32,207,5
2026/08/30 07:15,05F0439S,05F0494S,41,0,0
2026/08/30 07:15,05F0439S,05F0494S,42,212,2
2026/08/30 07:15,05F0439S,05F0494S,5,256,1
2026/08/30 07:20,05F0000S,05F0055S,31,252,89
2026/08/30 07:20,05F0000S,05F0055S,32,251,22
2026/08/30 07:20,05F0000S,05F0055S,41,263,7
2026/08/30 07:20,05F0000S,05F0055S,42,0,0
2026/08/30 07:20,05F0000S,05F0055S,5,0,0
2026/08/30 07:20,05F0055S,05F0287S,31,1016,92
2026/08/30 07:20,05F0055S,05F0287S,32,1020,33
2026/08/30 07:20,05F0055S,05F0287S,41,1078,6
2026/08/30 07:20,05F0055S,05F0287S,42,1706,1
2026/08/30 07:20,05F0055S,05F0287S,5,0,0
2026/08/30 07:20,05F0287S,05F0309S,31,88,72
2026/08/30 07:20,05F0287S,05F0309S,32,90,24
2026/08/30 07:20,05F0287S,05F0309S,41,95,2
2026/08/30 07:20,05F0287S,05F0309S,42,104,1
2026/08/30 07:20,05F0287S,05F0309S,5,0,0
2026/08/30 07:20,05F0309S,05F0439S,31,481,38
2026/08/30 07:20,05F0309S,05F0439S,32,489,12
2026/08/30 07:20,05F0309S,05F0439S,41,531,2
2026/08/30 07:20,05F0309S,05F0439S,42,554,1
2026/08/30 07:20,05F0309S,05F0439S,5,0,0
2026/08/30 07:20,05F0439S,05F0494S,31,213,18
2026/08/30 07:20,05F0439S,05F0494S,32,219,2
2026/08/30 07:20,05F0439S,05F0494S,41,0,0
2026/08/30 07:20,05F0439S,05F0494S,42,0,0
2026/08/30 07:20,05F0439S,05F0494S,5,215,1
2026/08/30 07:25,05F0000S,05F0055S,31,253,96
2026/08/30 07:25,05F0000S,05F0055S,32,259,28
2026/08/30 07:25,05F0000S,05F0055S,41,267,4
2026/08/30 07:25,05F0000S,05F0055S,42,0,0
2026/08/30 07:25,05F0000S,05F0055S,5,0,0
2026/08/30 07:25,05F0055S,05F0287S,31,982,86
2026/08/30 07:25,05F0055S,05F0287S,32,999,27
2026/08/30 07:25,05F0055S,05F0287S,41,0,0
2026/08/30 07:25,05F0055S,05F0287S,42,0,0
2026/08/30 07:25,05F0055S,05F0287S,5,0,0
2026/08/30 07:25,05F0287S,05F0309S,31,87,79
2026/08/30 07:25,05F0287S,05F0309S,32,91,23
2026/08/30 07:25,05F0287S,05F0309S,41,94,1
2026/08/30 07:25,05F0287S,05F0309S,42,0,0
2026/08/30 07:25,05F0287S,05F0309S,5,0,0
2026/08/30 07:25,05F0309S,05F0439S,31,481,38
2026/08/30 07:25,05F0309S,05F0439S,32,481,10
2026/08/30 07:25,05F0309S,05F0439S,41,545,1
2026/08/30 07:25,05F0309S,05F0439S,42,547,1
2026/08/30 07:25,05F0309S,05F0439S,5,464,1
2026/08/30 07:25,05F0439S,05F0494S,31,202,32
2026/08/30 07:25,05F0439S,05F0494S,32,204,12
2026/08/30 07:25,05F0439S,05F0494S,41,227,2
2026/08/30 07:25,05F0439S,05F0494S,42,234,1
2026/08/30 07:25,05F0439S,05F0494S,5,0,0
2026/08/30 07:30,05F0000S,05F0055S,31,255,87
2026/08/30 07:30,05F0000S,05F0055S,32,254,20
2026/08/30 07:30,05F0000S,05F0055S,41,280,3
2026/08/30 07:30,05F0000S,05F0055S,42,0,0
2026/08/30 07:30,05F0000S,05F0055S,5,0,0
2026/08/30 07:30,05F0055S,05F0287S,31,1004,94
2026/08/30 07:30,05F0055S,05F0287S,32,1013,25
2026/08/30 07:30,05F0055S,05F0287S,41,1040,4
2026/08/30 07:30,05F0055S,05F0287S,42,0,0
2026/08/30 07:30,05F0055S,05F0287S,5,0,0
2026/08/30 07:30,05F0287S,05F0309S,31,87,48
2026/08/30 07:30,05F0287S,05F0309S,32,87,17
2026/08/30 07:30,05F0287S,05F0309S,41,89,2
2026/08/30 07:30,05F0287S,05F0309S,42,0,0
2026/08/30 07:30,05F0287S,05F0309S,5,0,0
2026/08/30 07:30,05F0309S,05F0439S,31,480,53
2026/08/30 07:30,05F0309S,05F0439S,32,495,17
2026/08/30 07:30,05F0309S,05F0439S,41,526,2
2026/08/30 07:30,05F0309S,05F0439S,42,0,0
2026/08/30 07:30,05F0309S,05F0439S,5,0,0
2026/08/30 07:30,05F0439S,05F0494S,31,205,30
2026/08/30 07:30,05F0439S,05F0494S,32,222,9
2026/08/30 07:30,05F0439S,05F0494S,41,0,0
2026/08/30 07:30,05F0439S,05F0494S,42,0,0
2026/08/30 07:30,05F0439S,05F0494S,5,209,2
2026/08/30 07:35,05F0000S,05F0055S,31,257,99
2026/08/30 07:35,05F0000S,05F0055S,32,254,40
2026/08/30 07:35,05F0000S,05F0055S,41,275,11
2026/08/30 07:35,05F0000S,05F0055S,42,0,0
2026/08/30 07:35,05F0000S,05F0055S,5,0,0
2026/08/30 07:35,05F0055S,05F0287S,31,992,92
2026/08/30 07:35,05F0055S,05F0287S,32,992,27
2026/08/30 07:35,05F0055S,05F0287S,41,1072,4
2026/08/30 07:35,05F0055S,05F0287S,42,0,0
2026/08/30 07:35,05F0055S,05F0287S,5,0,0
2026/08/30 07:35,05F0287S,05F0309S,31,84,57
2026/08/30 07:35,05F0287S,05F0309S,32,86,23
2026/08/30 07:35,05F0287S,05F0309S,41,93,4
2026/08/30 07:35,05F0287S,05F0309S,42,0,0
2026/08/30 07:35,05F0287S,05F0309S,5,0,0
2026/08/30 07:35,05F0309S,05F0439S,31,482,51
2026/08/30 07:35,05F0309S,05F0439S,32,503,17
2026/08/30 07:35,05F0309S,05F0439S,41,467,1
2026/08/30 07:35,05F0309S,05F0439S,42,0,0
2026/08/30 07:35,05F0309S,05F0439S,5,559,1
2026/08/30 07:35,05F0439S,05F0494S,31,202,33
2026/08/30 07:35,05F0439S,05F0494S,32,209,15
2026/08/30 07:35,05F0439S,05F0494S,41,218,1
2026/08/30 07:35,05F0439S,05F0494S,42,0,0
2026/08/30 07:35,05F0439S,05F0494S,5,196,1
2026/08/30 07:40,05F0000S,05F0055S,31,240,82
2026/08/30 07:40,05F0000S,05F0055S,32,241,19
2026/08/30 07:40,05F0000S,05F0055S,41,265,3
2026/08/30 07:40,05F0000S,05F0055S,42,0,0
2026/08/30 07:40,05F0000S,05F0055S,5,0,0
2026/08/30 07:40,05F0055S,05F0287S,31,1001,83
2026/08/30 07:40,05F0055S,05F0287S,32,1011,30
2026/08/30 07:40,05F0055S,05F0287S,41,1055,7
2026/08/30 07:40,05F0055S,05F0287S,42,0,0
2026/08/30 07:40,05F0055S,05F0287S,5,0,0
2026/08/30 07:40,05F0287S,05F0309S,31,87,70
2026/08/30 07:40,05F0287S,05F0309S,32,86,14
2026/08/30 07:40,05F0287S,05F0309S,41,96,5
2026/08/30 07:40,05F0287S,05F0309S,42,0,0
2026/08/30 07:40,05F0287S,05F0309S,5,0,0
2026/08/30 07:40,05F0309S,05F0439S,31,468,38
2026/08/30 07:40,05F0309S,05F0439S,32,472,15
2026/08/30 07:40,05F0309S,05F0439S,41,524,2
2026/08/30 07:40,05F0309S,05F0439S,42,525,3
2026/08/30 07:40,05F0309S,05F0439S,5,0,0
2026/08/30 07:40,05F0439S,05F0494S,31,198,12
2026/08/30 07:40,05F0439S,05F0494S,32,206,3
2026/08/30 07:40,05F0439S,05F0494S,41,200,1
2026/08/30 07:40,05F0439S,05F0494S,42,223,1
2026/08/30 07:40,05F0439S,05F0494S,5,237,1
2026/08/30 07:45,05F0000S,05F0055S,31,248,99
2026/08/30 07:45,05F0000S,05F0055S,32,248,17
2026/08/30 07:45,05F0000S,05F0055S,41,1039,7
2026/08/30 07:45,05F0000S,05F0055S,42,0,0
2026/08/30 07:45,05F0000S,05F0055S,5,0,0
2026/08/30 07:45,05F0055S,05F0287S,31,1004,88
2026/08/30 07:45,05F0055S,05F0287S,32,1001,16
2026/08/30 07:45,05F0055S,05F0287S,41,1028,2
2026/08/30 07:45,05F0055S,05F0287S,42,0,0
2026/08/30 07:45,05F0055S,05F0287S,5,0,0
2026/08/30 07:45,05F0287S,05F0309S,31,88,68
2026/08/30 07:45,05F0287S,05F0309S,32,88,18
2026/08/30 07:45,05F0287S,05F0309S,41,92,5
2026/08/30 07:45,05F0287S,05F0309S,42,0,0
2026/08/30 07:45,05F0287S,05F0309S,5,0,0
2026/08/30 07:45,05F0309S,05F0439S,31,471,34
2026/08/30 07:45,05F0309S,05F0439S,32,486,18
2026/08/30 07:45,05F0309S,05F0439S,41,537,2
2026/08/30 07:45,05F0309S,05F0439S,42,0,0
2026/08/30 07:45,05F0309S,05F0439S,5,441,1
2026/08/30 07:45,05F0439S,05F0494S,31,203,18
2026/08/30 07:45,05F0439S,05F0494S,32,198,11
2026/08/30 07:45,05F0439S,05F0494S,41,241,3
2026/08/30 07:45,05F0439S,05F0494S,42,219,1
2026/08/30 07:45,05F0439S,05F0494S,5,0,0
2026/08/30 07:50,05F0000S,05F0055S,31,249,75
2026/08/30 07:50,05F0000S,05F0055S,32,251,16
2026/08/30 07:50,05F0000S,05F0055S,41,252,5
2026/08/30 07:50,05F0000S,05F0055S,42,0,0
2026/08/30 07:50,05F0000S,05F0055S,5,0,0
2026/08/30 07:50,05F0055S,05F0287S,31,1014,89
2026/08/30 07:50,05F0055S,05F0287S,32,1015,26
2026/08/30 07:50,05F0055S,05F0287S,41,1077,12
2026/08/30 07:50,05F0055S,05F0287S,42,0,0
2026/08/30 07:50,05F0055S,05F0287S,5,0,0
2026/08/30 07:50,05F0287S,05F0309S,31,87,61
2026/08/30 07:50,05F0287S,05F0309S,32,81,14
2026/08/30 07:50,05F0287S,05F0309S,41,93,2
2026/08/30 07:50,05F0287S,05F0309S,42,0,0
2026/08/30 07:50,05F0287S,05F0309S,5,0,0
2026/08/30 07:50,05F0309S,05F0439S,31,479,47
2026/08/30 07:50,05F0309S,05F0439S,32,455,6
2026/08/30 07:50,05F0309S,05F0439S,41,506,3
2026/08/30 07:50,05F0309S,05F0439S,42,0,0
2026/08/30 07:50,05F0309S,05F0439S,5,0,0
2026/08/30 07:50,05F0439S,05F0494S,31,206,19
2026/08/30 07:50,05F0439S,05F0494S,32,216,9
2026/08/30 07:50,05F0439S,05F0494S,41,0,0
2026/08/30 07:50,05F0439S,05F0494S,42,234,1
2026/08/30 07:50,05F0439S,05F0494S,5,200,1
2026/08/30 07:55,05F0000S,05F0055S,31,256,77
2026/08/30 07:55,05F0000S,05F0055S,32,248,21
2026/08/30 07:55,05F0000S,05F0055S,41,257,7
2026/08/30 07:55,05F0000S,05F0055S,42,0,0
2026/08/30 07:55,05F0000S,05F0055S,5,0,0
2026/08/30 07:55,05F0055S,05F0287S,31,1044,95
2026/08/30 07:55,05F0055S,05F0287S,32,1039,36
2026/08/30 07:55,05F0055S,05F0287S,41,1107,5
2026/08/30 07:55,05F0055S,05F0287S,42,0,0
2026/08/30 07:55,05F0055S,05F0287S,5,0,0
2026/08/30 07:55,05F0287S,05F0309S,31,86,60
2026/08/30 07:55,05F0287S,05F0309S,32,89,27
2026/08/30 07:55,05F0287S,05F0309S,41,95,5
2026/08/30 07:55,05F0287S,05F0309S,42,0,0
2026/08/30 07:55,05F0287S,05F0309S,5,0,0
2026/08/30 07:55,05F0309S,05F0439S,31,476,39
2026/08/30 07:55,05F0309S,05F0439S,32,451,5
2026/08/30 07:55,05F0309S,05F0439S,41,530,2
2026/08/30 07:55,05F0309S,05F0439S,42,0,0
2026/08/30 07:55,05F0309S,05F0439S,5,528,2
2026/08/30 07:55,05F0439S,05F0494S,31,204,35
2026/08/30 07:55,05F0439S,05F0494S,32,213,8
2026/08/30 07:55,05F0439S,05F0494S,41,223,2
2026/08/30 07:55,05F0439S,05F0494S,42,239,1
2026/08/30 07:55,05F0439S,05F0494S,5,222,1
2026/08/30 08:00,05F0000S,05F0055S,31,241,65
2026/08/30 08:00,05F0000S,05F0055S,32,243,16
2026/08/30 08:00,05F0000S,05F0055S,41,257,5
2026/08/30 08:00,05F0000S,05F0055S,42,0,0
2026/08/30 08:00,05F0000S,05F0055S,5,0,0
2026/08/30 08:00,05F0055S,05F0287S,31,1001,81
2026/08/30 08:00,05F0055S,05F0287S,32,986,7
2026/08/30 08:00,05F0055S,05F0287S,41,1054,3
2026/08/30 08:00,05F0055S,05F0287S,42,0,0
2026/08/30 08:00,05F0055S,05F0287S,5,0,0
2026/08/30 08:00,05F0287S,05F0309S,31,85,74
2026/08/30 08:00,05F0287S,05F0309S,32,86,10
2026/08/30 08:00,05F0287S,05F0309S,41,92,1
2026/08/30 08:00,05F0287S,05F0309S,42,0,0
2026/08/30 08:00,05F0287S,05F0309S,5,0,0
2026/08/30 08:00,05F0309S,05F0439S,31,476,37
2026/08/30 08:00,05F0309S,05F0439S,32,465,12
2026/08/30 08:00,05F0309S,05F0439S,41,509,2
2026/08/30 08:00,05F0309S,05F0439S,42,0,0
2026/08/30 08:00,05F0309S,05F0439S,5,472,1
2026/08/30 08:00,05F0439S,05F0494S,31,198,22
2026/08/30 08:00,05F0439S,05F0494S,32,190,5
2026/08/30 08:00,05F0439S,05F0494S,41,0,0
2026/08/30 08:00,05F0439S,05F0494S,42,244,1
2026/08/30 08:00,05F0439S,05F0494S,5,225,1
2026/08/30 08:05,05F0000S,05F0055S,31,251,90
2026/08/30 08:05,05F0000S,05F0055S,32,251,23
2026/08/30 08:05,05F0000S,05F0055S,41,274,5
2026/08/30 08:05,05F0000S,05F0055S,42,0,0
2026/08/30 08:05,05F0000S,05F0055S,5,0,0
2026/08/30 08:05,05F0055S,05F0287S,31,1014,96
2026/08/30 08:05,05F0055S,05F0287S,32,1019,19
2026/08/30 08:05,05F0055S,05F0287S,41,1101,10
2026/08/30 08:05,05F0055S,05F0287S,42,0,0
2026/08/30 08:05,05F0055S,05F0287S,5,0,0
2026/08/30 08:05,05F0287S,05F0309S,31,85,62
2026/08/30 08:05,05F0287S,05F0309S,32,88,9
2026/08/30 08:05,05F0287S,05F0309S,41,93,7
2026/08/30 08:05,05F0287S,05F0309S,42,0,0
2026/08/30 08:05,05F0287S,05F0309S,5,0,0
2026/08/30 08:05,05F0309S,05F0439S,31,473,45
2026/08/30 08:05,05F0309S,05F0439S,32,488,15
2026/08/30 08:05,05F0309S,05F0439S,41,540,1
2026/08/30 08:05,05F0309S,05F0439S,42,0,0
2026/08/30 08:05,05F0309S,05F0439S,5,0,0
2026/08/30 08:05,05F0439S,05F0494S,31,215,20
2026/08/30 08:05,05F0439S,05F0494S,32,214,11
2026/08/30 08:05,05F0439S,05F0494S,41,0,0
2026/08/30 08:05,05F0439S,05F0494S,42,0,0
2026/08/30 08:05,05F0439S,05F0494S,5,227,1
2026/08/30 08:10,05F0000S,05F0055S,31,245,81
2026/08/30 08:10,05F0000S,05F0055S,32,243,16
2026/08/30 08:10,05F0000S,05F0055S,41,236,5
2026/08/30 08:10,05F0000S,05F0055S,42,0,0
2026/08/30 08:10,05F0000S,05F0055S,5,0,0
2026/08/30 08:10,05F0055S,05F0287S,31,1018,78
2026/08/30 08:10,05F0055S,05F0287S,32,1030,19
2026/08/30 08:10,05F0055S,05F0287S,41,1008,4
2026/08/30 08:10,05F0055S,05F0287S,42,0,0
2026/08/30 08:10,05F0055S,05F0287S,5,0,0
2026/08/30 08:10,05F0287S,05F0309S,31,90,38
2026/08/30 08:10,05F0287S,05F0309S,32,89,12
2026/08/30 08:10,05F0287S,05F0309S,41,98,3
2026/08/30 08:10,05F0287S,05F0309S,42,0,0
2026/08/30 08:10,05F0287S,05F0309S,5,0,0
2026/08/30 08:10,05F0309S,05F0439S,31,477,36
2026/08/30 08:10,05F0309S,05F0439S,32,479,5
2026/08/30 08:10,05F0309S,05F0439S,41,0,0
2026/08/30 08:10,05F0309S,05F0439S,42,576,2
2026/08/30 08:10,05F0309S,05F0439S,5,505,3
2026/08/30 08:10,05F0439S,05F0494S,31,202,15
2026/08/30 08:10,05F0439S,05F0494S,32,202,8
2026/08/30 08:10,05F0439S,05F0494S,41,0,0
2026/08/30 08:10,05F0439S,05F0494S,42,0,0
2026/08/30 08:10,05F0439S,05F0494S,5,202,2
2026/08/30 08:15,05F0000S,05F0055S,31,246,86
2026/08/30 08:15,05F0000S,05F0055S,32,242,20
2026/08/30 08:15,05F0000S,05F0055S,41,267,5
2026/08/30 08:15,05F0000S,05F0055S,42,0,0
2026/08/30 08:15,05F0000S,05F0055S,5,0,0
2026/08/30 08:15,05F0055S,05F0287S,31,992,83
2026/08/30 08:15,05F0055S,05F0287S,32,1005,20
2026/08/30 08:15,05F0055S,05F0287S,41,1045,7
2026/08/30 08:15,05F0055S,05F0287S,42,0,0
2026/08/30 08:15,05F0055S,05F0287S,5,0,0
2026/08/30 08:15,05F0287S,05F0309S,31,85,62
2026/08/30 08:15,05F0287S,05F0309S,32,83,20
2026/08/30 08:15,05F0287S,05F0309S,41,93,5
2026/08/30 08:15,05F0287S,05F0309S,42,0,0
2026/08/30 08:15,05F0287S,05F0309S,5,0,0
2026/08/30 08:15,05F0309S,05F0439S,31,481,39
2026/08/30 08:15,05F0309S,05F0439S,32,476,6
2026/08/30 08:15,05F0309S,05F0439S,41,533,5
2026/08/30 08:15,05F0309S,05F0439S,42,0,0
2026/08/30 08:15,05F0309S,05F0439S,5,520,2
2026/08/30 08:15,05F0439S,05F0494S,31,209,27
2026/08/30 08:15,05F0439S,05F0494S,32,200,5
2026/08/30 08:15,05F0439S,05F0494S,41,0,0
2026/08/30 08:15,05F0439S,05F0494S,42,244,1
2026/08/30 08:15,05F0439S,05F0494S,5,203,1
2026/08/30 08:20,05F0000S,05F0055S,31,249,86
2026/08/30 08:20,05F0000S,05F0055S,32,253,20
2026/08/30 08:20,05F0000S,05F0055S,41,271,9
2026/08/30 08:20,05F0000S,05F0055S,42,0,0
2026/08/30 08:20,05F0000S,05F0055S,5,0,0
2026/08/30 08:20,05F0055S,05F0287S,31,1003,64
2026/08/30 08:20,05F0055S,05F0287S,32,1004,19
2026/08/30 08:20,05F0055S,05F0287S,41,1071,7
2026/08/30 08:20,05F0055S,05F0287S,42,0,0
2026/08/30 08:20,05F0055S,05F0287S,5,0,0
2026/08/30 08:20,05F0287S,05F0309S,31,85,41
2026/08/30 08:20,05F0287S,05F0309S,32,82,11
2026/08/30 08:20,05F0287S,05F0309S,41,1822,5
2026/08/30 08:20,05F0287S,05F0309S,42,0,0
2026/08/30 08:20,05F0287S,05F0309S,5,0,0
2026/08/30 08:20,05F0309S,05F0439S,31,485,30
2026/08/30 08:20,05F0309S,05F0439S,32,489,13
2026/08/30 08:20,05F0309S,05F0439S,41,547,3
2026/08/30 08:20,05F0309S,05F0439S,42,471,2
2026/08/30 08:20,05F0309S,05F0439S,5,592,1
2026/08/30 08:20,05F0439S,05F0494S,31,197,19
2026/08/30 08:20,05F0439S,05F0494S,32,207,7
2026/08/30 08:20,05F0439S,05F0494S,41,219,2
2026/08/30 08:20,05F0439S,05F0494S,42,229,1
2026/08/30 08:20,05F0439S,05F0494S,5,219,2
2026/08/30 08:25,05F0000S,05F0055S,31,244,88
2026/08/30 08:25,05F0000S,05F0055S,32,250,23
2026/08/30 08:25,05F0000S,05F0055S,41,241,4
2026/08/30 08:25,05F0000S,05F0055S,42,0,0
2026/08/30 08:25,05F0000S,05F0055S,5,0,0
2026/08/30 08:25,05F0055S,05F0287S,31,993,102
2026/08/30 08:25,05F0055S,05F0287S,32,995,22
2026/08/30 08:25,05F0055S,05F0287S,41,1022,5
2026/08/30 08:25,05F0055S,05F0287S,42,0,0
2026/08/30 08:25,05F0055S,05F0287S,5,0,0
2026/08/30 08:25,05F0287S,05F0309S,31,86,70
2026/08/30 08:25,05F0287S,05F0309S,32,91,13
2026/08/30 08:25,05F0287S,05F0309S,41,95,3
2026/08/30 08:25,05F0287S,05F0309S,42,0,0
2026/08/30 08:25,05F0287S,05F0309S,5,0,0
2026/08/30 08:25,05F0309S,05F0439S,31,456,28
2026/08/30 08:25,05F0309S,05F0439S,32,495,8
2026/08/30 08:25,05F0309S,05F0439S,41,524,2
2026/08/30 08:25,05F0309S,05F0439S,42,0,0
2026/08/30 08:25,05F0309S,05F0439S,5,0,0
2026/08/30 08:25,05F0439S,05F0494S,31,203,22
2026/08/30 08:25,05F0439S,05F0494S,32,213,6
2026/08/30 08:25,05F0439S,05F0494S,41,250,1
2026/08/30 08:25,05F0439S,05F0494S,42,208,2
2026/08/30 08:25,05F0439S,05F0494S,5,0,0
2026/08/30 08:30,05F0000S,05F0055S,31,257,93
2026/08/30 08:30,05F0000S,05F0055S,32,257,16
2026/08/30 08:30,05F0000S,05F0055S,41,271,5
2026/08/30 08:30,05F0000S,05F0055S,42,0,0
2026/08/30 08:30,05F0000S,05F0055S,5,0,0
2026/08/30 08:30,05F0055S,05F0287S,31,1016,80
2026/08/30 08:30,05F0055S,05F0287S,32,1019,21
2026/08/30 08:30,05F0055S,05F0287S,41,1002,3
2026/08/30 08:30,05F0055S,05F0287S,42,0,0
2026/08/30 08:30,05F0055S,05F0287S,5,0,0
2026/08/30 08:30,05F0287S,05F0309S,31,87,48
2026/08/30 08:30,05F0287S,05F0309S,32,86,13
2026/08/30 08:30,05F0287S,05F0309S,41,90,4
2026/08/30 08:30,05F0287S,05F0309S,42,0,0
2026/08/30 08:30,05F0287S,05F0309S,5,0,0
2026/08/30 08:30,05F0309S,05F0439S,31,468,42
2026/08/30 08:30,05F0309S,05F0439S,32,479,11
2026/08/30 08:30,05F0309S,05F0439S,41,0,0
2026/08/30 08:30,05F0309S,05F0439S,42,0,0
2026/08/30 08:30,05F0309S,05F0439S,5,0,0
2026/08/30 08:30,05F0439S,05F0494S,31,202,21
2026/08/30 08:30,05F0439S,05F0494S,32,212,10
2026/08/30 08:30,05F0439S,05F0494S,41,229,1
2026/08/30 08:30,05F0439S,05F0494S,42,0,0
2026/08/30 08:30,05F0439S,05F0494S,5,0,0
2026/08/30 08:35,05F0000S,05F0055S,31,249,98
2026/08/30 08:35,05F0000S,05F0055S,32,251,23
2026/08/30 08:35,05F0000S,05F0055S,41,284,5
2026/08/30 08:35,05F0000S,05F0055S,42,0,0
2026/08/30 08:35,05F0000S,05F0055S,5,0,0
2026/08/30 08:35,05F0055S,05F0287S,31,1001,65
2026/08/30 08:35,05F0055S,05F0287S,32,992,20
2026/08/30 08:35,05F0055S,05F0287S,41,1035,8
2026/08/30 08:35,05F0055S,05F0287S,42,0,0
2026/08/30 08:35,05F0055S,05F0287S,5,0,0
2026/08/30 08:35,05F0287S,05F0309S,31,84,62
2026/08/30 08:35,05F0287S,05F0309S,32,86,15
2026/08/30 08:35,05F0287S,05F0309S,41,94,7
2026/08/30 08:35,05F0287S,05F0309S,42,0,0
2026/08/30 08:35,05F0287S,05F0309S,5,0,0
2026/08/30 08:35,05F0309S,05F0439S,31,483,42
2026/08/30 08:35,05F0309S,05F0439S,32,495,6
2026/08/30 08:35,05F0309S,05F0439S,41,468,1
2026/08/30 08:35,05F0309S,05F0439S,42,0,0
2026/08/30 08:35,05F0309S,05F0439S,5,584,1
2026/08/30 08:35,05F0439S,05F0494S,31,204,30
2026/08/30 08:35,05F0439S,05F0494S,32,219,7
2026/08/30 08:35,05F0439S,05F0494S,41,278,2
2026/08/30 08:35,05F0439S,05F0494S,42,0,0
2026/08/30 08:35,05F0439S,05F0494S,5,0,0
2026/08/30 08:40,05F0000S,05F0055S,31,245,89
2026/08/30 08:40,05F0000S,05F0055S,32,248,16
2026/08/30 08:40,05F0000S,05F0055S,41,251,1
2026/08/30 08:40,05F0000S,05F0055S,42,0,0
2026/08/30 08:40,05F0000S,05F0055S,5,0,0
2026/08/30 08:40,05F0055S,05F0287S,31,1004,103
2026/08/30 08:40,05F0055S,05F0287S,32,1013,28
2026/08/30 08:40,05F0055S,05F0287S,41,1113,7
2026/08/30 08:40,05F0055S,05F0287S,42,0,0
2026/08/30 08:40,05F0055S,05F0287S,5,0,0
2026/08/30 08:40,05F0287S,05F0309S,31,87,68
2026/08/30 08:40,05F0287S,05F0309S,32,85,20
2026/08/30 08:40,05F0287S,05F0309S,41,94,4
2026/08/30 08:40,05F0287S,05F0309S,42,0,0
2026/08/30 08:40,05F0287S,05F0309S,5,0,0
2026/08/30 08:40,05F0309S,05F0439S,31,486,48
2026/08/30 08:40,05F0309S,05F0439S,32,508,9
2026/08/30 08:40,05F0309S,05F0439S,41,529,2
2026/08/30 08:40,05F0309S,05F0439S,42,0,0
2026/08/30 08:40,05F0309S,05F0439S,5,0,0
2026/08/30 08:40,05F0439S,05F0494S,31,208,22
2026/08/30 08:40,05F0439S,05F0494S,32,227,7
2026/08/30 08:40,05F0439S,05F0494S,41,0,0
2026/08/30 08:40,05F0439S,05F0494S,42,0,0
2026/08/30 08:40,05F0439S,05F0494S,5,258,1
2026/08/30 08:45,05F0000S,05F0055S,31,256,90
2026/08/30 08:45,05F0000S,05F0055S,32,254,28
2026/08/30 08:45,05F0000S,05F0055S,41,258,3
2026/08/30 08:45,05F0000S,05F0055S,42,0,0
2026/08/30 08:45,05F0000S,05F0055S,5,0,0
2026/08/30 08:45,05F0055S,05F0287S,31,1004,82
2026/08/30 08:45,05F0055S,05F0287S,32,1016,13
2026/08/30 08:45,05F0055S,05F0287S,41,1054,3
2026/08/30 08:45,05F0055S,05F0287S,42,0,0
2026/08/30 08:45,05F0055S,05F0287S,5,0,0
2026/08/30 08:45,05F0287S,05F0309S,31,86,51
2026/08/30 08:45,05F0287S,05F0309S,32,84,10
2026/08/30 08:45,05F0287S,05F0309S,41,92,4
2026/08/30 08:45,05F0287S,05F0309S,42,0,0
2026/08/30 08:45,05F0287S,05F0309S,5,0,0
2026/08/30 08:45,05F0309S,05F0439S,31,477,26
2026/08/30 08:45,05F0309S,05F0439S,32,477,13
2026/08/30 08:45,05F0309S,05F0439S,41,524,5
2026/08/30 08:45,05F0309S,05F0439S,42,572,1
2026/08/30 08:45,05F0309S,05F0439S,5,0,0
2026/08/30 08:45,05F0439S,05F0494S,31,202,25
2026/08/30 08:45,05F0439S,05F0494S,32,206,10
2026/08/30 08:45,05F0439S,05F0494S,41,229,1
2026/08/30 08:45,05F0439S,05F0494S,42,0,0
2026/08/30 08:45,05F0439S,05F0494S,5,0,0
2026/08/30 08:50,05F0000S,05F0055S,31,258,84
2026/08/30 08:50,05F0000S,05F0055S,32,255,13
2026/08/30 08:50,05F0000S,05F0055S,41,245,3
2026/08/30 08:50,05F0000S,05F0055S,42,0,0
2026/08/30 08:50,05F0000S,05F0055S,5,0,0
2026/08/30 08:50,05F0055S,05F0287S,31,1016,102
2026/08/30 08:50,05F0055S,05F0287S,32,1031,24
2026/08/30 08:50,05F0055S,05F0287S,41,1017,5
2026/08/30 08:50,05F0055S,05F0287S,42,0,0
2026/08/30 08:50,05F0055S,05F0287S,5,0,0
2026/08/30 08:50,05F0287S,05F0309S,31,85,74
2026/08/30 08:50,05F0287S,05F0309S,32,86,16
2026/08/30 08:50,05F0287S,05F0309S,41,1604,5
2026/08/30 08:50,05F0287S,05F0309S,42,0,0
2026/08/30 08:50,05F0287S,05F0309S,5,0,0
2026/08/30 08:50,05F0309S,05F0439S,31,475,50
2026/08/30 08:50,05F0309S,05F0439S,32,473,13
2026/08/30 08:50,05F0309S,05F0439S,41,525,4
2026/08/30 08:50,05F0309S,05F0439S,42,567,1
2026/08/30 08:50,05F0309S,05F0439S,5,0,0
2026/08/30 08:50,05F0439S,05F0494S,31,203,19
2026/08/30 08:50,05F0439S,05F0494S,32,202,14
2026/08/30 08:50,05F0439S,05F0494S,41,227,4
2026/08/30 08:50,05F0439S,05F0494S,42,231,1
2026/08/30 08:50,05F0439S,05F0494S,5,0,0
2026/08/30 08:55,05F0000S,05F0055S,31,255,117
2026/08/30 08:55,05F0000S,05F0055S,32,254,14
2026/08/30 08:55,05F0000S,05F0055S,41,249,5
2026/08/30 08:55,05F0000S,05F0055S,42,0,0
2026/08/30 08:55,05F0000S,05F0055S,5,0,0
2026/08/30 08:55,05F0055S,05F0287S,31,994,83
2026/08/30 08:55,05F0055S,05F0287S,32,988,12
2026/08/30 08:55,05F0055S,05F0287S,41,1063,4
2026/08/30 08:55,05F0055S,05F0287S,42,0,0
2026/08/30 08:55,05F0055S,05F0287S,5,0,0
2026/08/30 08:55,05F0287S,05F0309S,31,87,77
2026/08/30 08:55,05F0287S,05F0309S,32,88,13
2026/08/30 08:55,05F0287S,05F0309S,41,90,3
2026/08/30 08:55,05F0287S,05F0309S,42,0,0
2026/08/30 08:55,05F0287S,05F0309S,5,0,0
2026/08/30 08:55,05F0309S,05F0439S,31,483,39
2026/08/30 08:55,05F0309S,05F0439S,32,483,5
2026/08/30 08:55,05F0309S,05F0439S,41,536,4
2026/08/30 08:55,05F0309S,05F0439S,42,0,0
2026/08/30 08:55,05F0309S,05F0439S,5,0,0
2026/08/30 08:55,05F0439S,05F0494S,31,204,19
2026/08/30 08:55,05F0439S,05F0494S,32,210,12
2026/08/30 08:55,05F0439S,05F0494S,41,216,2
2026/08/30 08:55,05F0439S,05F0494S,42,239,1
2026/08/30 08:55,05F0439S,05F0494S,5,0,0
2026/08/30 09:00,05F0000S,05F0055S,31,259,97
2026/08/30 09:00,05F0000S,05F0055S,32,259,34
2026/08/30 09:00,05F0000S,05F0055S,41,276,9
2026/08/30 09:00,05F0000S,05F0055S,42,0,0
2026/08/30 09:00,05F0000S,05F0055S,5,0,0
2026/08/30 09:00,05F0055S,05F0287S,31,991,80
2026/08/30 09:00,05F0055S,05F0287S,32,993,25
2026/08/30 09:00,05F0055S,05F0287S,41,993,2
2026/08/30 09:00,05F0055S,05F0287S,42,0,0
2026/08/30 09:00,05F0055S,05F0287S,5,0,0
2026/08/30 09:00,05F0287S,05F0309S,31,85,61
2026/08/30 09:00,05F0287S,05F0309S,32,87,18
2026/08/30 09:00,05F0287S,05F0309S,41,90,2
2026/08/30 09:00,05F0287S,05F0309S,42,0,0
2026/08/30 09:00,05F0287S,05F0309S,5,0,0
2026/08/30 09:00,05F0309S,05F0439S,31,473,45
2026/08/30 09:00,05F0309S,05F0439S,32,493,16
2026/08/30 09:00,05F0309S,05F0439S,41,648,3
2026/08/30 09:00,05F0309S,05F0439S,42,0,0
2026/08/30 09:00,05F0309S,05F0439S,5,508,2
2026/08/30 09:00,05F0439S,05F0494S,31,211,17
2026/08/30 09:00,05F0439S,05F0494S,32,203,7
2026/08/30 09:00,05F0439S,05F0494S,41,228,1
2026/08/30 09:00,05F0439S,05F0494S,42,0,0
2026/08/30 09:00,05F0439S,05F0494S,5,0,0
2026/08/30 09:05,05F0000S,05F0055S,31,253,87
2026/08/30 09:05,05F0000S,05F0055S,32,255,20
2026/08/30 09:05,05F0000S,05F0055S,41,650,2
2026/08/30 09:05,05F0000S,05F0055S,42,0,0
2026/08/30 09:05,05F0000S,05F0055S,5,0,0
2026/08/30 09:05,05F0055S,05F0287S,31,1008,70
2026/08/30 09:05,05F0055S,05F0287S,32,1008,12
2026/08/30 09:05,05F0055S,05F0287S,41,1031,2
2026/08/30 09:05,05F0055S,05F0287S,42,0,0
2026/08/30 09:05,05F0055S,05F0287S,5,0,0
2026/08/30 09:05,05F0287S,05F0309S,31,88,52
2026/08/30 09:05,05F0287S,05F0309S,32,92,9
2026/08/30 09:05,05F0287S,05F0309S,41,93,2
2026/08/30 09:05,05F0287S,05F0309S,42,0,0
2026/08/30 09:05,05F0287S,05F0309S,5,0,0
2026/08/30 09:05,05F0309S,05F0439S,31,469,48
2026/08/30 09:05,05F0309S,05F0439S,32,491,8
2026/08/30 09:05,05F0309S,05F0439S,41,523,2
2026/08/30 09:05,05F0309S,05F0439S,42,0,0
2026/08/30 09:05,05F0309S,05F0439S,5,513,2
2026/08/30 09:05,05F0439S,05F0494S,31,201,34
2026/08/30 09:05,05F0439S,05F0494S,32,203,10
2026/08/30 09:05,05F0439S,05F0494S,41,0,0
2026/08/30 09:05,05F0439S,05F0494S,42,0,0
2026/08/30 09:05,05F0439S,05F0494S,5,214,2
2026/08/30 09:10,05F0000S,05F0055S,31,248,84
2026/08/30 09:10,05F0000S,05F0055S,32,250,21
2026/08/30 09:10,05F0000S,05F0055S,41,255,3
2026/08/30 09:10,05F0000S,05F0055S,42,0,0
2026/08/30 09:10,05F0000S,05F0055S,5,0,0
2026/08/30 09:10,05F0055S,05F0287S,31,1016,108
2026/08/30 09:10,05F0055S,05F0287S,32,1026,20
2026/08/30 09:10,05F0055S,05F0287S,41,1035,3
2026/08/30 09:10,05F0055S,05F0287S,42,0,0
2026/08/30 09:10,05F0055S,05F0287S,5,0,0
2026/08/30 09:10,05F0287S,05F0309S,31,87,67
2026/08/30 09:10,05F0287S,05F0309S,32,86,12
2026/08/30 09:10,05F0287S,05F0309S,41,90,3
2026/08/30 09:10,05F0287S,05F0309S,42,0,0
2026/08/30 09:10,05F0287S,05F0309S,5,0,0
2026/08/30 09:10,05F0309S,05F0439S,31,470,33
2026/08/30 09:10,05F0309S,05F0439S,32,470,9
2026/08/30 09:10,05F0309S,05F0439S,41,509,2
2026/08/30 09:10,05F0309S,05F0439S,42,0,0
2026/08/30 09:10,05F0309S,05F0439S,5,0,0
2026/08/30 09:10,05F0439S,05F0494S,31,195,33
2026/08/30 09:10,05F0439S,05F0494S,32,221,6
2026/08/30 09:10,05F0439S,05F0494S,41,0,0
2026/08/30 09:10,05F0439S,05F0494S,42,0,0
2026/08/30 09:10,05F0439S,05F0494S,5,204,1
2026/08/30 09:15,05F0000S,05F0055S,31,259,123
2026/08/30 09:15,05F0000S,05F0055S,32,264,22
2026/08/30 09:15,05F0000S,05F0055S,41,270,6
2026/08/30 09:15,05F0000S,05F0055S,42,0,0
2026/08/30 09:15,05F0000S,05F0055S,5,0,0
2026/08/30 09:15,05F0055S,05F0287S,31,1000,104
2026/08/30 09:15,05F0055S,05F0287S,32,1007,29
2026/08/30 09:15,05F0055S,05F0287S,41,1051,8
2026/08/30 09:15,05F0055S,05F0287S,42,0,0
2026/08/30 09:15,05F0055S,05F0287S,5,0,0
2026/08/30 09:15,05F0287S,05F0309S,31,89,80
2026/08/30 09:15,05F0287S,05F0309S,32,94,11
2026/08/30 09:15,05F0287S,05F0309S,41,93,6
2026/08/30 09:15,05F0287S,05F0309S,42,0,0
2026/08/30 09:15,05F0287S,05F0309S,5,0,0
2026/08/30 09:15,05F0309S,05F0439S,31,496,34
2026/08/30 09:15,05F0309S,05F0439S,32,520,8
2026/08/30 09:15,05F0309S,05F0439S,41,492,1
2026/08/30 09:15,05F0309S,05F0439S,42,531,3
2026/08/30 09:15,05F0309S,05F0439S,5,0,0
2026/08/30 09:15,05F0439S,05F0494S,31,212,30
2026/08/30 09:15,05F0439S,05F0494S,32,212,8
2026/08/30 09:15,05F0439S,05F0494S,41,0,0
2026/08/30 09:15,05F0439S,05F0494S,42,0,0
2026/08/30 09:15,05F0439S,05F0494S,5,0,0
2026/08/30 09:20,05F0000S,05F0055S,31,260,105
2026/08/30 09:20,05F0000S,05F0055S,32,261,23
2026/08/30 09:20,05F0000S,05F0055S,41,283,7
2026/08/30 09:20,05F0000S,05F0055S,42,0,0
2026/08/30 09:20,05F0000S,05F0055S,5,0,0
2026/08/30 09:20,05F0055S,05F0287S,31,1019,82
2026/08/30 09:20,05F0055S,05F0287S,32,1020,23
2026/08/30 09:20,05F0055S,05F0287S,41,1027,5
2026/08/30 09:20,05F0055S,05F0287S,42,0,0
2026/08/30 09:20,05F0055S,05F0287S,5,0,0
2026/08/30 09:20,05F0287S,05F0309S,31,86,58
2026/08/30 09:20,05F0287S,05F0309S,32,87,24
2026/08/30 09:20,05F0287S,05F0309S,41,93,6
2026/08/30 09:20,05F0287S,05F0309S,42,0,0
2026/08/30 09:20,05F0287S,05F0309S,5,0,0
2026/08/30 09:20,05F0309S,05F0439S,31,484,51
2026/08/30 09:20,05F0309S,05F0439S,32,506,9
2026/08/30 09:20,05F0309S,05F0439S,41,508,2
2026/08/30 09:20,05F0309S,05F0439S,42,565,1
2026/08/30 09:20,05F0309S,05F0439S,5,504,1
2026/08/30 09:20,05F0439S,05F0494S,31,215,21
2026/08/30 09:20,05F0439S,05F0494S,32,225,4
2026/08/30 09:20,05F0439S,05F0494S,41,215,2
2026/08/30 09:20,05F0439S,05F0494S,42,244,2
2026/08/30 09:20,05F0439S,05F0494S,5,0,0
2026/08/30 09:25,05F0000S,05F0055S,31,255,100
2026/08/30 09:25,05F0000S,05F0055S,32,254,25
2026/08/30 09:25,05F0000S,05F0055S,41,276,7
2026/08/30 09:25,05F0000S,05F0055S,42,0,0
2026/08/30 09:25,05F0000S,05F0055S,5,0,0
2026/08/30 09:25,05F0055S,05F0287S,31,1013,105
2026/08/30 09:25,05F0055S,05F0287S,32,1013,17
2026/08/30 09:25,05F0055S,05F0287S,41,1073,3
2026/08/30 09:25,05F0055S,05F0287S,42,0,0
2026/08/30 09:25,05F0055S,05F0287S,5,0,0
2026/08/30 09:25,05F0287S,05F0309S,31,88,67
2026/08/30 09:25,05F0287S,05F0309S,32,92,9
2026/08/30 09:25,05F0287S,05F0309S,41,0,0
2026/08/30 09:25,05F0287S,05F0309S,42,0,0
2026/08/30 09:25,05F0287S,05F0309S,5,0,0
2026/08/30 09:25,05F0309S,05F0439S,31,486,51
2026/08/30 09:25,05F0309S,05F0439S,32,487,13
2026/08/30 09:25,05F0309S,05F0439S,41,531,5
2026/08/30 09:25,05F0309S,05F0439S,42,0,0
2026/08/30 09:25,05F0309S,05F0439S,5,0,0
2026/08/30 09:25,05F0439S,05F0494S,31,207,34
2026/08/30 09:25,05F0439S,05F0494S,32,213,11
2026/08/30 09:25,05F0439S,05F0494S,41,0,0
2026/08/30 09:25,05F0439S,05F0494S,42,238,2
2026/08/30 09:25,05F0439S,05F0494S,5,227,1
2026/08/30 09:30,05F0000S,05F0055S,31,253,110
2026/08/30 09:30,05F0000S,05F0055S,32,252,22
2026/08/30 09:30,05F0000S,05F0055S,41,250,5
2026/08/30 09:30,05F0000S,05F0055S,42,0,0
2026/08/30 09:30,05F0000S,05F0055S,5,0,0
2026/08/30 09:30,05F0055S,05F0287S,31,1010,90
2026/08/30 09:30,05F0055S,05F0287S,32,996,12
2026/08/30 09:30,05F0055S,05F0287S,41,1039,3
2026/08/30 09:30,05F0055S,05F0287S,42,0,0
2026/08/30 09:30,05F0055S,05F0287S,5,0,0
2026/08/30 09:30,05F0287S,05F0309S,31,86,66
2026/08/30 09:30,05F0287S,05F0309S,32,85,12
2026/08/30 09:30,05F0287S,05F0309S,41,100,2
2026/08/30 09:30,05F0287S,05F0309S,42,0,0
2026/08/30 09:30,05F0287S,05F0309S,5,0,0
2026/08/30 09:30,05F0309S,05F0439S,31,486,42
2026/08/30 09:30,05F0309S,05F0439S,32,505,15
2026/08/30 09:30,05F0309S,05F0439S,41,533,3
2026/08/30 09:30,05F0309S,05F0439S,42,604,1
2026/08/30 09:30,05F0309S,05F0439S,5,493,1
2026/08/30 09:30,05F0439S,05F0494S,31,207,31
2026/08/30 09:30,05F0439S,05F0494S,32,207,14
2026/08/30 09:30,05F0439S,05F0494S,41,223,1
2026/08/30 09:30,05F0439S,05F0494S,42,0,0
2026/08/30 09:30,05F0439S,05F0494S,5,0,0
2026/08/30 09:35,05F0000S,05F0055S,31,260,133
2026/08/30 09:35,05F0000S,05F0055S,32,258,24
2026/08/30 09:35,05F0000S,05F0055S,41,279,5
2026/08/30 09:35,05F0000S,05F0055S,42,0,0
2026/08/30 09:35,05F0000S,05F0055S,5,0,0
2026/08/30 09:35,05F0055S,05F0287S,31,1032,114
2026/08/30 09:35,05F0055S,05F0287S,32,1033,32
2026/08/30 09:35,05F0055S,05F0287S,41,1067,7
2026/08/30 09:35,05F0055S,05F0287S,42,0,0
2026/08/30 09:35,05F0055S,05F0287S,5,0,0
2026/08/30 09:35,05F0287S,05F0309S,31,90,88
2026/08/30 09:35,05F0287S,05F0309S,32,86,11
2026/08/30 09:35,05F0287S,05F0309S,41,95,3
2026/08/30 09:35,05F0287S,05F0309S,42,0,0
2026/08/30 09:35,05F0287S,05F0309S,5,0,0
2026/08/30 09:35,05F0309S,05F0439S,31,483,46
2026/08/30 09:35,05F0309S,05F0439S,32,494,9
2026/08/30 09:35,05F0309S,05F0439S,41,501,1
2026/08/30 09:35,05F0309S,05F0439S,42,0,0
2026/08/30 09:35,05F0309S,05F0439S,5,537,1
2026/08/30 09:35,05F0439S,05F0494S,31,208,25
2026/08/30 09:35,05F0439S,05F0494S,32,214,7
2026/08/30 09:35,05F0439S,05F0494S,41,222,1
2026/08/30 09:35,05F0439S,05F0494S,42,0,0
2026/08/30 09:35,05F0439S,05F0494S,5,0,0
2026/08/30 09:40,05F0000S,05F0055S,31,256,110
2026/08/30 09:40,05F0000S,05F0055S,32,259,30
2026/08/30 09:40,05F0000S,05F0055S,41,256,6
2026/08/30 09:40,05F0000S,05F0055S,42,0,0
2026/08/30 09:40,05F0000S,05F0055S,5,0,0
2026/08/30 09:40,05F0055S,05F0287S,31,1025,85
2026/08/30 09:40,05F0055S,05F0287S,32,1023,21
2026/08/30 09:40,05F0055S,05F0287S,41,1084,9
2026/08/30 09:40,05F0055S,05F0287S,42,0,0
2026/08/30 09:40,05F0055S,05F0287S,5,0,0
2026/08/30 09:40,05F0287S,05F0309S,31,89,66
2026/08/30 09:40,05F0287S,05F0309S,32,89,13
2026/08/30 09:40,05F0287S,05F0309S,41,90,5
2026/08/30 09:40,05F0287S,05F0309S,42,0,0
2026/08/30 09:40,05F0287S,05F0309S,5,0,0
2026/08/30 09:40,05F0309S,05F0439S,31,478,43
2026/08/30 09:40,05F0309S,05F0439S,32,492,7
2026/08/30 09:40,05F0309S,05F0439S,41,0,0
2026/08/30 09:40,05F0309S,05F0439S,42,0,0
2026/08/30 09:40,05F0309S,05F0439S,5,548,2
2026/08/30 09:40,05F0439S,05F0494S,31,200,29
2026/08/30 09:40,05F0439S,05F0494S,32,208,6
2026/08/30 09:40,05F0439S,05F0494S,41,0,0
2026/08/30 09:40,05F0439S,05F0494S,42,246,1
2026/08/30 09:40,05F0439S,05F0494S,5,223,1
2026/08/30 09:45,05F0000S,05F0055S,31,258,133
2026/08/30 09:45,05F0000S,05F0055S,32,254,23
2026/08/30 09:45,05F0000S,05F0055S,41,0,0
2026/08/30 09:45,05F0000S,05F0055S,42,0,0
2026/08/30 09:45,05F0000S,05F0055S,5,0,0
2026/08/30 09:45,05F0055S,05F0287S,31,1029,119
2026/08/30 09:45,05F0055S,05F0287S,32,1036,23
2026/08/30 09:45,05F0055S,05F0287S,41,1104,2
2026/08/30 09:45,05F0055S,05F0287S,42,0,0
2026/08/30 09:45,05F0055S,05F0287S,5,0,0
2026/08/30 09:45,05F0287S,05F0309S,31,89,72
2026/08/30 09:45,05F0287S,05F0309S,32,88,13
2026/08/30 09:45,05F0287S,05F0309S,41,95,6
2026/08/30 09:45,05F0287S,05F0309S,42,0,0
2026/08/30 09:45,05F0287S,05F0309S,5,0,0
2026/08/30 09:45,05F0309S,05F0439S,31,499,58
2026/08/30 09:45,05F0309S,05F0439S,32,488,11
2026/08/30 09:45,05F0309S,05F0439S,41,533,3
2026/08/30 09:45,05F0309S,05F0439S,42,0,0
2026/08/30 09:45,05F0309S,05F0439S,5,0,0
2026/08/30 09:45,05F0439S,05F0494S,31,205,29
2026/08/30 09:45,05F0439S,05F0494S,32,208,2
2026/08/30 09:45,05F0439S,05F0494S,41,0,0
2026/08/30 09:45,05F0439S,05F0494S,42,239,1
2026/08/30 09:45,05F0439S,05F0494S,5,215,2
2026/08/30 09:50,05F0000S,05F0055S,31,273,156
2026/08/30 09:50,05F0000S,05F0055S,32,274,38
2026/08/30 09:50,05F0000S,05F0055S,41,282,3
2026/08/30 09:50,05F0000S,05F0055S,42,0,0
2026/08/30 09:50,05F0000S,05F0055S,5,0,0
2026/08/30 09:50,05F0055S,05F0287S,31,1010,117
2026/08/30 09:50,05F0055S,05F0287S,32,1022,24
2026/08/30 09:50,05F0055S,05F0287S,41,1038,7
2026/08/30 09:50,05F0055S,05F0287S,42,0,0
2026/08/30 09:50,05F0055S,05F0287S,5,0,0
2026/08/30 09:50,05F0287S,05F0309S,31,90,85
2026/08/30 09:50,05F0287S,05F0309S,32,89,21
2026/08/30 09:50,05F0287S,05F0309S,41,90,5
2026/08/30 09:50,05F0287S,05F0309S,42,0,0
2026/08/30 09:50,05F0287S,05F0309S,5,0,0
2026/08/30 09:50,05F0309S,05F0439S,31,492,53
2026/08/30 09:50,05F0309S,05F0439S,32,506,9
2026/08/30 09:50,05F0309S,05F0439S,41,521,4
2026/08/30 09:50,05F0309S,05F0439S,42,0,0
2026/08/30 09:50,05F0309S,05F0439S,5,544,1
2026/08/30 09:50,05F0439S,05F0494S,31,205,30
2026/08/30 09:50,05F0439S,05F0494S,32,218,7
2026/08/30 09:50,05F0439S,05F0494S,41,0,0
2026/08/30 09:50,05F0439S,05F0494S,42,0,0
2026/08/30 09:50,05F0439S,05F0494S,5,0,0
2026/08/30 09:55,05F0000S,05F0055S,31,266,119
2026/08/30 09:55,05F0000S,05F0055S,32,266,31
2026/08/30 09:55,05F0000S,05F0055S,41,273,3
2026/08/30 09:55,05F0000S,05F0055S,42,0,0
2026/08/30 09:55,05F0000S,05F0055S,5,0,0
2026/08/30 09:55,05F0055S,05F0287S,31,1019,114
2026/08/30 09:55,05F0055S,05F0287S,32,1022,33
2026/08/30 09:55,05F0055S,05F0287S,41,1040,5
2026/08/30 09:55,05F0055S,05F0287S,42,0,0
2026/08/30 09:55,05F0055S,05F0287S,5,0,0
2026/08/30 09:55,05F0287S,05F0309S,31,89,71
2026/08/30 09:55,05F0287S,05F0309S,32,87,18
2026/08/30 09:55,05F0287S,05F0309S,41,91,3
2026/08/30 09:55,05F0287S,05F0309S,42,0,0
2026/08/30 09:55,05F0287S,05F0309S,5,0,0
2026/08/30 09:55,05F0309S,05F0439S,31,488,57
2026/08/30 09:55,05F0309S,05F0439S,32,483,10
2026/08/30 09:55,05F0309S,05F0439S,41,535,1
2026/08/30 09:55,05F0309S,05F0439S,42,0,0
2026/08/30 09:55,05F0309S,05F0439S,5,492,1
2026/08/30 09:55,05F0439S,05F0494S,31,207,22
2026/08/30 09:55,05F0439S,05F0494S,32,199,6
2026/08/30 09:55,05F0439S,05F0494S,41,222,2
2026/08/30 09:55,05F0439S,05F0494S,42,0,0
2026/08/30 09:55,05F0439S,05F0494S,5,216,2
2026/08/30 10:00,05F0000S,05F0055S,31,256,120
2026/08/30 10:00,05F0000S,05F0055S,32,255,27
2026/08/30 10:00,05F0000S,05F0055S,41,251,4
2026/08/30 10:00,05F0000S,05F0055S,42,0,0
2026/08/30 10:00,05F0000S,05F0055S,5,0,0
2026/08/30 10:00,05F0055S,05F0287S,31,1019,125
2026/08/30 10:00,05F0055S,05F0287S,32,1017,30
2026/08/30 10:00,05F0055S,05F0287S,41,1063,4
2026/08/30 10:00,05F0055S,05F0287S,42,0,0
2026/08/30 10:00,05F0055S,05F0287S,5,0,0
2026/08/30 10:00,05F0287S,05F0309S,31,89,94
2026/08/30 10:00,05F0287S,05F0309S,32,86,21
2026/08/30 10:00,05F0287S,05F0309S,41,92,5
2026/08/30 10:00,05F0287S,05F0309S,42,0,0
2026/08/30 10:00,05F0287S,05F0309S,5,0,0
2026/08/30 10:00,05F0309S,05F0439S,31,478,57
2026/08/30 10:00,05F0309S,05F0439S,32,492,13
2026/08/30 10:00,05F0309S,05F0439S,41,506,3
2026/08/30 10:00,05F0309S,05F0439S,42,0,0
2026/08/30 10:00,05F0309S,05F0439S,5,532,1
2026/08/30 10:00,05F0439S,05F0494S,31,206,49
2026/08/30 10:00,05F0439S,05F0494S,32,201,8
2026/08/30 10:00,05F0439S,05F0494S,41,0,0
2026/08/30 10:00,05F0439S,05F0494S,42,0,0
2026/08/30 10:00,05F0439S,05F0494S,5,199,1
2026/08/30 10:05,05F0000S,05F0055S,31,272,158
2026/08/30 10:05,05F0000S,05F0055S,32,273,30
2026/08/30 10:05,05F0000S,05F0055S,41,287,4
2026/08/30 10:05,05F0000S,05F0055S,42,0,0
2026/08/30 10:05,05F0000S,05F0055S,5,0,0
2026/08/30 10:05,05F0055S,05F0287S,31,1024,125
2026/08/30 10:05,05F0055S,05F0287S,32,1030,27
2026/08/30 10:05,05F0055S,05F0287S,41,1043,3
2026/08/30 10:05,05F0055S,05F0287S,42,0,0
2026/08/30 10:05,05F0055S,05F0287S,5,0,0
2026/08/30 10:05,05F0287S,05F0309S,31,86,84
2026/08/30 10:05,05F0287S,05F0309S,32,87,21
2026/08/30 10:05,05F0287S,05F0309S,41,0,0
2026/08/30 10:05,05F0287S,05F0309S,42,0,0
2026/08/30 10:05,05F0287S,05F0309S,5,0,0
2026/08/30 10:05,05F0309S,05F0439S,31,503,51
2026/08/30 10:05,05F0309S,05F0439S,32,523,13
2026/08/30 10:05,05F0309S,05F0439S,41,522,2
2026/08/30 10:05,05F0309S,05F0439S,42,0,0
2026/08/30 10:05,05F0309S,05F0439S,5,0,0
2026/08/30 10:05,05F0439S,05F0494S,31,206,36
2026/08/30 10:05,05F0439S,05F0494S,32,206,8
2026/08/30 10:05,05F0439S,05F0494S,41,0,0
2026/08/30 10:05,05F0439S,05F0494S,42,241,1
2026/08/30 10:05,05F0439S,05F0494S,5,214,1
2026/08/30 10:10,05F0000S,05F0055S,31,264,139
2026/08/30 10:10,05F0000S,05F0055S,32,263,19
2026/08/30 10:10,05F0000S,05F0055S,41,264,4
2026/08/30 10:10,05F0000S,05F0055S,42,0,0
2026/08/30 10:10,05F0000S,05F0055S,5,0,0
2026/08/30 10:10,05F0055S,05F0287S,31,1044,155
2026/08/30 10:10,05F0055S,05F0287S,32,1041,35
2026/08/30 10:10,05F0055S,05F0287S,41,1085,1
2026/08/30 10:10,05F0055S,05F0287S,42,0,0
2026/08/30 10:10,05F0055S,05F0287S,5,0,0
2026/08/30 10:10,05F0287S,05F0309S,31,86,98
2026/08/30 10:10,05F0287S,05F0309S,32,90,20
2026/08/30 10:10,05F0287S,05F0309S,41,90,3
2026/08/30 10:10,05F0287S,05F0309S,42,0,0
2026/08/30 10:10,05F0287S,05F0309S,5,0,0
2026/08/30 10:10,05F0309S,05F0439S,31,475,64
2026/08/30 10:10,05F0309S,05F0439S,32,499,15
2026/08/30 10:10,05F0309S,05F0439S,41,519,2
2026/08/30 10:10,05F0309S,05F0439S,42,0,0
2026/08/30 10:10,05F0309S,05F0439S,5,0,0
2026/08/30 10:10,05F0439S,05F0494S,31,208,48
2026/08/30 10:10,05F0439S,05F0494S,32,218,9
2026/08/30 10:10,05F0439S,05F0494S,41,0,0
2026/08/30 10:10,05F0439S,05F0494S,42,0,0
2026/08/30 10:10,05F0439S,05F0494S,5,0,0
2026/08/30 10:15,05F0000S,05F0055S,31,264,126
2026/08/30 10:15,05F0000S,05F0055S,32,261,31
2026/08/30 10:15,05F0000S,05F0055S,41,266,3
2026/08/30 10:15,05F0000S,05F0055S,42,0,0
2026/08/30 10:15,05F0000S,05F0055S,5,0,0
2026/08/30 10:15,05F0055S,05F0287S,31,1058,118
2026/08/30 10:15,05F0055S,05F0287S,32,1071,26
2026/08/30 10:15,05F0055S,05F0287S,41,1061,6
2026/08/30 10:15,05F0055S,05F0287S,42,0,0
2026/08/30 10:15,05F0055S,05F0287S,5,0,0
2026/08/30 10:15,05F0287S,05F0309S,31,88,78
2026/08/30 10:15,05F0287S,05F0309S,32,86,17
2026/08/30 10:15,05F0287S,05F0309S,41,96,3
2026/08/30 10:15,05F0287S,05F0309S,42,0,0
2026/08/30 10:15,05F0287S,05F0309S,5,0,0
2026/08/30 10:15,05F0309S,05F0439S,31,482,53
2026/08/30 10:15,05F0309S,05F0439S,32,497,13
2026/08/30 10:15,05F0309S,05F0439S,41,0,0
2026/08/30 10:15,05F0309S,05F0439S,42,0,0
2026/08/30 10:15,05F0309S,05F0439S,5,0,0
2026/08/30 10:15,05F0439S,05F0494S,31,204,31
2026/08/30 10:15,05F0439S,05F0494S,32,208,5
2026/08/30 10:15,05F0439S,05F0494S,41,0,0
2026/08/30 10:15,05F0439S,05F0494S,42,0,0
2026/08/30 10:15,05F0439S,05F0494S,5,0,0
2026/08/30 10:20,05F0000S,05F0055S,31,268,138
2026/08/30 10:20,05F0000S,05F0055S,32,267,33
2026/08/30 10:20,05F0000S,05F0055S,41,267,7
2026/08/30 10:20,05F0000S,05F0055S,42,0,0
2026/08/30 10:20,05F0000S,05F0055S,5,0,0
2026/08/30 10:20,05F0055S,05F0287S,31,1028,143
2026/08/30 10:20,05F0055S,05F0287S,32,1024,28
2026/08/30 10:20,05F0055S,05F0287S,41,1035,1
2026/08/30 10:20,05F0055S,05F0287S,42,0,0
2026/08/30 10:20,05F0055S,05F0287S,5,0,0
2026/08/30 10:20,05F0287S,05F0309S,31,88,88
2026/08/30 10:20,05F0287S,05F0309S,32,90,24
2026/08/30 10:20,05F0287S,05F0309S,41,91,2
2026/08/30 10:20,05F0287S,05F0309S,42,0,0
2026/08/30 10:20,05F0287S,05F0309S,5,0,0
2026/08/30 10:20,05F0309S,05F0439S,31,488,76
2026/08/30 10:20,05F0309S,05F0439S,32,485,11
2026/08/30 10:20,05F0309S,05F0439S,41,518,1
2026/08/30 10:20,05F0309S,05F0439S,42,501,1
2026/08/30 10:20,05F0309S,05F0439S,5,0,0
2026/08/30 10:20,05F0439S,05F0494S,31,207,38
2026/08/30 10:20,05F0439S,05F0494S,32,202,3
2026/08/30 10:20,05F0439S,05F0494S,41,0,0
2026/08/30 10:20,05F0439S,05F0494S,42,218,1
2026/08/30 10:20,05F0439S,05F0494S,5,267,1
2026/08/30 10:25,05F0000S,05F0055S,31,265,132
2026/08/30 10:25,05F0000S,05F0055S,32,265,24
2026/08/30 10:25,05F0000S,05F0055S,41,267,1
2026/08/30 10:25,05F0000S,05F0055S,42,0,0
2026/08/30 10:25,05F0000S,05F0055S,5,0,0
2026/08/30 10:25,05F0055S,05F0287S,31,1031,145
2026/08/30 10:25,05F0055S,05F0287S,32,1037,30
2026/08/30 10:25,05F0055S,05F0287S,41,1072,6
2026/08/30 10:25,05F0055S,05F0287S,42,0,0
2026/08/30 10:25,05F0055S,05F0287S,5,0,0
2026/08/30 10:25,05F0287S,05F0309S,31,86,95
2026/08/30 10:25,05F0287S,05F0309S,32,90,16
2026/08/30 10:25,05F0287S,05F0309S,41,89,3
2026/08/30 10:25,05F0287S,05F0309S,42,0,0
2026/08/30 10:25,05F0287S,05F0309S,5,0,0
2026/08/30 10:25,05F0309S,05F0439S,31,476,54
2026/08/30 10:25,05F0309S,05F0439S,32,519,15
2026/08/30 10:25,05F0309S,05F0439S,41,533,2
2026/08/30 10:25,05F0309S,05F0439S,42,637,1
2026/08/30 10:25,05F0309S,05F0439S,5,0,0
2026/08/30 10:25,05F0439S,05F0494S,31,216,26
2026/08/30 10:25,05F0439S,05F0494S,32,206,7
2026/08/30 10:25,05F0439S,05F0494S,41,0,0
2026/08/30 10:25,05F0439S,05F0494S,42,220,1
2026/08/30 10:25,05F0439S,05F0494S,5,0,0
2026/08/30 10:30,05F0000S,05F0055S,31,266,124
2026/08/30 10:30,05F0000S,05F0055S,32,266,38
2026/08/30 10:30,05F0000S,05F0055S,41,276,6
2026/08/30 10:30,05F0000S,05F0055S,42,0,0
2026/08/30 10:30,05F0000S,05F0055S,5,0,0
2026/08/30 10:30,05F0055S,05F0287S,31,1039,140
2026/08/30 10:30,05F0055S,05F0287S,32,1038,23
2026/08/30 10:30,05F0055S,05F0287S,41,1073,3
2026/08/30 10:30,05F0055S,05F0287S,42,0,0
2026/08/30 10:30,05F0055S,05F0287S,5,0,0
2026/08/30 10:30,05F0287S,05F0309S,31,87,98
2026/08/30 10:30,05F0287S,05F0309S,32,89,16
2026/08/30 10:30,05F0287S,05F0309S,41,90,2
2026/08/30 10:30,05F0287S,05F0309S,42,0,0
2026/08/30 10:30,05F0287S,05F0309S,5,0,0
2026/08/30 10:30,05F0309S,05F0439S,31,490,64
2026/08/30 10:30,05F0309S,05F0439S,32,498,22
2026/08/30 10:30,05F0309S,05F0439S,41,495,1
2026/08/30 10:30,05F0309S,05F0439S,42,0,0
2026/08/30 10:30,05F0309S,05F0439S,5,0,0
2026/08/30 10:30,05F0439S,05F0494S,31,209,34
2026/08/30 10:30,05F0439S,05F0494S,32,224,12
2026/08/30 10:30,05F0439S,05F0494S,41,227,1
2026/08/30 10:30,05F0439S,05F0494S,42,235,1
2026/08/30 10:30,05F0439S,05F0494S,5,0,0
2026/08/30 10:35,05F0000S,05F0055S,31,275,132
2026/08/30 10:35,05F0000S,05F0055S,32,275,24
2026/08/30 10:35,05F0000S,05F0055S,41,273,8
2026/08/30 10:35,05F0000S,05F0055S,42,0,0
2026/08/30 10:35,05F0000S,05F0055S,5,0,0
2026/08/30 10:35,05F0055S,05F0287S,31,1036,130
2026/08/30 10:35,05F0055S,05F0287S,32,1037,23
2026/08/30 10:35,05F0055S,05F0287S,41,1062,5
2026/08/30 10:35,05F0055S,05F0287S,42,0,0
2026/08/30 10:35,05F0055S,05F0287S,5,0,0
2026/08/30 10:35,05F0287S,05F0309S,31,87,88
2026/08/30 10:35,05F0287S,05F0309S,32,87,14
2026/08/30 10:35,05F0287S,05F0309S,41,1154,3
2026/08/30 10:35,05F0287S,05F0309S,42,0,0
2026/08/30 10:35,05F0287S,05F0309S,5,0,0
2026/08/30 10:35,05F0309S,05F0439S,31,484,55
2026/08/30 10:35,05F0309S,05F0439S,32,523,6
2026/08/30 10:35,05F0309S,05F0439S,41,553,1
2026/08/30 10:35,05F0309S,05F0439S,42,514,1
2026/08/30 10:35,05F0309S,05F0439S,5,0,0
2026/08/30 10:35,05F0439S,05F0494S,31,210,30
2026/08/30 10:35,05F0439S,05F0494S,32,216,9
2026/08/30 10:35,05F0439S,05F0494S,41,0,0
2026/08/30 10:35,05F0439S,05F0494S,42,233,2
2026/08/30 10:35,05F0439S,05F0494S,5,0,0
2026/08/30 10:40,05F0000S,05F0055S,31,281,149
2026/08/30 10:40,05F0000S,05F0055S,32,279,35
2026/08/30 10:40,05F0000S,05F0055S,41,278,3
2026/08/30 10:40,05F0000S,05F0055S,42,0,0
2026/08/30 10:40,05F0000S,05F0055S,5,0,0
2026/08/30 10:40,05F0055S,05F0287S,31,1024,127
2026/08/30 10:40,05F0055S,05F0287S,32,1029,33
2026/08/30 10:40,05F0055S,05F0287S,41,1065,5
2026/08/30 10:40,05F0055S,05F0287S,42,0,0
2026/08/30 10:40,05F0055S,05F0287S,5,0,0
2026/08/30 10:40,05F0287S,05F0309S,31,88,95
2026/08/30 10:40,05F0287S,05F0309S,32,89,26
2026/08/30 10:40,05F0287S,05F0309S,41,91,5
2026/08/30 10:40,05F0287S,05F0309S,42,0,0
2026/08/30 10:40,05F0287S,05F0309S,5,0,0
2026/08/30 10:40,05F0309S,05F0439S,31,480,58
2026/08/30 10:40,05F0309S,05F0439S,32,479,8
2026/08/30 10:40,05F0309S,05F0439S,41,529,2
2026/08/30 10:40,05F0309S,05F0439S,42,0,0
2026/08/30 10:40,05F0309S,05F0439S,5,481,1
2026/08/30 10:40,05F0439S,05F0494S,31,208,34
2026/08/30 10:40,05F0439S,05F0494S,32,219,12
2026/08/30 10:40,05F0439S,05F0494S,41,0,0
2026/08/30 10:40,05F0439S,05F0494S,42,0,0
2026/08/30 10:40,05F0439S,05F0494S,5,0,0
2026/08/30 10:45,05F0000S,05F0055S,31,273,151
2026/08/30 10:45,05F0000S,05F0055S,32,272,31
2026/08/30 10:45,05F0000S,05F0055S,41,269,6
2026/08/30 10:45,05F0000S,05F0055S,42,0,0
2026/08/30 10:45,05F0000S,05F0055S,5,0,0
2026/08/30 10:45,05F0055S,05F0287S,31,1036,128
2026/08/30 10:45,05F0055S,05F0287S,32,1032,29
2026/08/30 10:45,05F0055S,05F0287S,41,1087,4
2026/08/30 10:45,05F0055S,05F0287S,42,0,0
2026/08/30 10:45,05F0055S,05F0287S,5,0,0
2026/08/30 10:45,05F0287S,05F0309S,31,90,81
2026/08/30 10:45,05F0287S,05F0309S,32,89,21
2026/08/30 10:45,05F0287S,05F0309S,41,90,1
2026/08/30 10:45,05F0287S,05F0309S,42,0,0
2026/08/30 10:45,05F0287S,05F0309S,5,0,0
2026/08/30 10:45,05F0309S,05F0439S,31,485,66
2026/08/30 10:45,05F0309S,05F0439S,32,491,13
2026/08/30 10:45,05F0309S,05F0439S,41,525,2
2026/08/30 10:45,05F0309S,05F0439S,42,0,0
2026/08/30 10:45,05F0309S,05F0439S,5,0,0
2026/08/30 10:45,05F0439S,05F0494S,31,206,48
2026/08/30 10:45,05F0439S,05F0494S,32,203,8
2026/08/30 10:45,05F0439S,05F0494S,41,0,0
2026/08/30 10:45,05F0439S,05F0494S,42,0,0
2026/08/30 10:45,05F0439S,05F0494S,5,201,1
2026/08/30 10:50,05F0000S,05F0055S,31,260,143
2026/08/30 10:50,05F0000S,05F0055S,32,261,27
2026/08/30 10:50,05F0000S,05F0055S,41,264,6
2026/08/30 10:50,05F0000S,05F0055S,42,0,0
2026/08/30 10:50,05F0000S,05F0055S,5,0,0
2026/08/30 10:50,05F0055S,05F0287S,31,1034,127
2026/08/30 10:50,05F0055S,05F0287S,32,1035,26
2026/08/30 10:50,05F0055S,05F0287S,41,1048,5
2026/08/30 10:50,05F0055S,05F0287S,42,0,0
2026/08/30 10:50,05F0055S,05F0287S,5,0,0
2026/08/30 10:50,05F0287S,05F0309S,31,87,84
2026/08/30 10:50,05F0287S,05F0309S,32,85,23
2026/08/30 10:50,05F0287S,05F0309S,41,94,4
2026/08/30 10:50,05F0287S,05F0309S,42,0,0
2026/08/30 10:50,05F0287S,05F0309S,5,0,0
2026/08/30 10:50,05F0309S,05F0439S,31,485,57
2026/08/30 10:50,05F0309S,05F0439S,32,494,9
2026/08/30 10:50,05F0309S,05F0439S,41,516,2
2026/08/30 10:50,05F0309S,05F0439S,42,0,0
2026/08/30 10:50,05F0309S,05F0439S,5,509,2
2026/08/30 10:50,05F0439S,05F0494S,31,211,32
2026/08/30 10:50,05F0439S,05F0494S,32,213,5
2026/08/30 10:50,05F0439S,05F0494S,41,0,0
2026/08/30 10:50,05F0439S,05F0494S,42,0,0
2026/08/30 10:50,05F0439S,05F0494S,5,0,0
2026/08/30 10:55,05F0000S,05F0055S,31,280,137
2026/08/30 10:55,05F0000S,05F0055S,32,279,32
2026/08/30 10:55,05F0000S,05F0055S,41,264,2
2026/08/30 10:55,05F0000S,05F0055S,42,0,0
2026/08/30 10:55,05F0000S,05F0055S,5,0,0
2026/08/30 10:55,05F0055S,05F0287S,31,1050,134
2026/08/30 10:55,05F0055S,05F0287S,32,1051,28
2026/08/30 10:55,05F0055S,05F0287S,41,1072,8
2026/08/30 10:55,05F0055S,05F0287S,42,0,0
2026/08/30 10:55,05F0055S,05F0287S,5,0,0
2026/08/30 10:55,05F0287S,05F0309S,31,88,78
2026/08/30 10:55,05F0287S,05F0309S,32,88,17
2026/08/30 10:55,05F0287S,05F0309S,41,91,6
2026/08/30 10:55,05F0287S,05F0309S,42,0,0
2026/08/30 10:55,05F0287S,05F0309S,5,0,0
2026/08/30 10:55,05F0309S,05F0439S,31,484,51
2026/08/30 10:55,05F0309S,05F0439S,32,474,15
2026/08/30 10:55,05F0309S,05F0439S,41,533,1
2026/08/30 10:55,05F0309S,05F0439S,42,522,1
2026/08/30 10:55,05F0309S,05F0439S,5,0,0
2026/08/30 10:55,05F0439S,05F0494S,31,206,34
2026/08/30 10:55,05F0439S,05F0494S,32,210,9
2026/08/30 10:55,05F0439S,05F0494S,41,217,1
2026/08/30 10:55,05F0439S,05F0494S,42,0,0
2026/08/30 10:55,05F0439S,05F0494S,5,0,0
2026/08/30 11:00,05F0000S,05F0055S,31,282,167
2026/08/30 11:00,05F0000S,05F0055S,32,284,28
2026/08/30 11:00,05F0000S,05F0055S,41,286,10
2026/08/30 11:00,05F0000S,05F0055S,42,0,0
2026/08/30 11:00,05F0000S,05F0055S,5,0,0
2026/08/30 11:00,05F0055S,05F0287S,31,1095,114
2026/08/30 11:00,05F0055S,05F0287S,32,1123,22
2026/08/30 11:00,05F0055S,05F0287S,41,1028,1
2026/08/30 11:00,05F0055S,05F0287S,42,0,0
2026/08/30 11:00,05F0055S,05F0287S,5,0,0
2026/08/30 11:00,05F0287S,05F0309S,31,88,74
2026/08/30 11:00,05F0287S,05F0309S,32,87,11
2026/08/30 11:00,05F0287S,05F0309S,41,97,3
2026/08/30 11:00,05F0287S,05F0309S,42,0,0
2026/08/30 11:00,05F0287S,05F0309S,5,0,0
2026/08/30 11:00,05F0309S,05F0439S,31,485,55
2026/08/30 11:00,05F0309S,05F0439S,32,475,15
2026/08/30 11:00,05F0309S,05F0439S,41,531,2
2026/08/30 11:00,05F0309S,05F0439S,42,531,1
2026/08/30 11:00,05F0309S,05F0439S,5,490,1
2026/08/30 11:00,05F0439S,05F0494S,31,210,43
2026/08/30 11:00,05F0439S,05F0494S,32,203,11
2026/08/30 11:00,05F0439S,05F0494S,41,0,0
2026/08/30 11:00,05F0439S,05F0494S,42,241,1
2026/08/30 11:00,05F0439S,05F0494S,5,0,0
2026/08/30 11:05,05F0000S,05F0055S,31,281,158
2026/08/30 11:05,05F0000S,05F0055S,32,279,31
2026/08/30 11:05,05F0000S,05F0055S,41,282,4
2026/08/30 11:05,05F0000S,05F0055S,42,0,0
2026/08/30 11:05,05F0000S,05F0055S,5,0,0
2026/08/30 11:05,05F0055S,05F0287S,31,1082,178
2026/08/30 11:05,05F0055S,05F0287S,32,1093,34
2026/08/30 11:05,05F0055S,05F0287S,41,1090,7
2026/08/30 11:05,05F0055S,05F0287S,42,0,0
2026/08/30 11:05,05F0055S,05F0287S,5,0,0
2026/08/30 11:05,05F0287S,05F0309S,31,88,117
2026/08/30 11:05,05F0287S,05F0309S,32,89,22
2026/08/30 11:05,05F0287S,05F0309S,41,93,3
2026/08/30 11:05,05F0287S,05F0309S,42,0,0
2026/08/30 11:05,05F0287S,05F0309S,5,0,0
2026/08/30 11:05,05F0309S,05F0439S,31,485,48
2026/08/30 11:05,05F0309S,05F0439S,32,493,11
2026/08/30 11:05,05F0309S,05F0439S,41,515,5
2026/08/30 11:05,05F0309S,05F0439S,42,541,1
2026/08/30 11:05,05F0309S,05F0439S,5,0,0
2026/08/30 11:05,05F0439S,05F0494S,31,208,26
2026/08/30 11:05,05F0439S,05F0494S,32,212,10
2026/08/30 11:05,05F0439S,05F0494S,41,0,0
2026/08/30 11:05,05F0439S,05F0494S,42,248,1
2026/08/30 11:05,05F0439S,05F0494S,5,0,0
2026/08/30 11:10,05F0000S,05F0055S,31,257,116
2026/08/30 11:10,05F0000S,05F0055S,32,258,30
2026/08/30 11:10,05F0000S,05F0055S,41,258,5
2026/08/30 11:10,05F0000S,05F0055S,42,0,0
2026/08/30 11:10,05F0000S,05F0055S,5,0,0
2026/08/30 11:10,05F0055S,05F0287S,31,1058,139
2026/08/30 11:10,05F0055S,05F0287S,32,1058,33
2026/08/30 11:10,05F0055S,05F0287S,41,1086,6
2026/08/30 11:10,05F0055S,05F0287S,42,0,0
2026/08/30 11:10,05F0055S,05F0287S,5,0,0
2026/08/30 11:10,05F0287S,05F0309S,31,87,94
2026/08/30 11:10,05F0287S,05F0309S,32,90,20
2026/08/30 11:10,05F0287S,05F0309S,41,94,5
2026/08/30 11:10,05F0287S,05F0309S,42,0,0
2026/08/30 11:10,05F0287S,05F0309S,5,0,0
2026/08/30 11:10,05F0309S,05F0439S,31,494,51
2026/08/30 11:10,05F0309S,05F0439S,32,496,12
2026/08/30 11:10,05F0309S,05F0439S,41,507,1
2026/08/30 11:10,05F0309S,05F0439S,42,503,1
2026/08/30 11:10,05F0309S,05F0439S,5,0,0
2026/08/30 11:10,05F0439S,05F0494S,31,209,44
2026/08/30 11:10,05F0439S,05F0494S,32,203,8
2026/08/30 11:10,05F0439S,05F0494S,41,220,3
2026/08/30 11:10,05F0439S,05F0494S,42,225,1
2026/08/30 11:10,05F0439S,05F0494S,5,0,0
2026/08/30 11:15,05F0000S,05F0055S,31,281,148
2026/08/30 11:15,05F0000S,05F0055S,32,283,26
2026/08/30 11:15,05F0000S,05F0055S,41,287,6
2026/08/30 11:15,05F0000S,05F0055S,42,0,0
2026/08/30 11:15,05F0000S,05F0055S,5,0,0
2026/08/30 11:15,05F0055S,05F0287S,31,1070,146
2026/08/30 11:15,05F0055S,05F0287S,32,1096,27
2026/08/30 11:15,05F0055S,05F0287S,41,1145,3
2026/08/30 11:15,05F0055S,05F0287S,42,0,0
2026/08/30 11:15,05F0055S,05F0287S,5,0,0
2026/08/30 11:15,05F0287S,05F0309S,31,85,79
2026/08/30 11:15,05F0287S,05F0309S,32,91,13
2026/08/30 11:15,05F0287S,05F0309S,41,95,1
2026/08/30 11:15,05F0287S,05F0309S,42,0,0
2026/08/30 11:15,05F0287S,05F0309S,5,0,0
2026/08/30 11:15,05F0309S,05F0439S,31,471,53
2026/08/30 11:15,05F0309S,05F0439S,32,473,10
2026/08/30 11:15,05F0309S,05F0439S,41,503,3
2026/08/30 11:15,05F0309S,05F0439S,42,0,0
2026/08/30 11:15,05F0309S,05F0439S,5,0,0
2026/08/30 11:15,05F0439S,05F0494S,31,202,32
2026/08/30 11:15,05F0439S,05F0494S,32,206,9
2026/08/30 11:15,05F0439S,05F0494S,41,217,1
2026/08/30 11:15,05F0439S,05F0494S,42,221,1
2026/08/30 11:15,05F0439S,05F0494S,5,0,0
2026/08/30 11:20,05F0000S,05F0055S,31,269,144
2026/08/30 11:20,05F0000S,05F0055S,32,269,33
2026/08/30 11:20,05F0000S,05F0055S,41,269,5
2026/08/30 11:20,05F0000S,05F0055S,42,0,0
2026/08/30 11:20,05F0000S,05F0055S,5,0,0
2026/08/30 11:20,05F0055S,05F0287S,31,1081,170
2026/08/30 11:20,05F0055S,05F0287S,32,1072,36
2026/08/30 11:20,05F0055S,05F0287S,41,1129,10
2026/08/30 11:20,05F0055S,05F0287S,42,0,0
2026/08/30 11:20,05F0055S,05F0287S,5,0,0
2026/08/30 11:20,05F0287S,05F0309S,31,89,91
2026/08/30 11:20,05F0287S,05F0309S,32,89,21
2026/08/30 11:20,05F0287S,05F0309S,41,95,8
2026/08/30 11:20,05F0287S,05F0309S,42,0,0
2026/08/30 11:20,05F0287S,05F0309S,5,0,0
2026/08/30 11:20,05F0309S,05F0439S,31,473,45
2026/08/30 11:20,05F0309S,05F0439S,32,502,17
2026/08/30 11:20,05F0309S,05F0439S,41,533,3
2026/08/30 11:20,05F0309S,05F0439S,42,0,0
2026/08/30 11:20,05F0309S,05F0439S,5,0,0
2026/08/30 11:20,05F0439S,05F0494S,31,207,34
2026/08/30 11:20,05F0439S,05F0494S,32,211,11
2026/08/30 11:20,05F0439S,05F0494S,41,0,0
2026/08/30 11:20,05F0439S,05F0494S,42,231,2
2026/08/30 11:20,05F0439S,05F0494S,5,0,0
2026/08/30 11:25,05F0000S,05F0055S,31,279,152
2026/08/30 11:25,05F0000S,05F0055S,32,280,26
2026/08/30 11:25,05F0000S,05F0055S,41,286,5
2026/08/30 11:25,05F0000S,05F0055S,42,0,0
2026/08/30 11:25,05F0000S,05F0055S,5,0,0
2026/08/30 11:25,05F0055S,05F0287S,31,1060,143
2026/08/30 11:25,05F0055S,05F0287S,32,1053,32
2026/08/30 11:25,05F0055S,05F0287S,41,1076,6
2026/08/30 11:25,05F0055S,05F0287S,42,0,0
2026/08/30 11:25,05F0055S,05F0287S,5,0,0
2026/08/30 11:25,05F0287S,05F0309S,31,88,109
2026/08/30 11:25,05F0287S,05F0309S,32,90,24
2026/08/30 11:25,05F0287S,05F0309S,41,93,6
2026/08/30 11:25,05F0287S,05F0309S,42,0,0
2026/08/30 11:25,05F0287S,05F0309S,5,0,0
2026/08/30 11:25,05F0309S,05F0439S,31,489,54
2026/08/30 11:25,05F0309S,05F0439S,32,512,10
2026/08/30 11:25,05F0309S,05F0439S,41,0,0
2026/08/30 11:25,05F0309S,05F0439S,42,0,0
2026/08/30 11:25,05F0309S,05F0439S,5,507,1
2026/08/30 11:25,05F0439S,05F0494S,31,206,38
2026/08/30 11:25,05F0439S,05F0494S,32,207,13
2026/08/30 11:25,05F0439S,05F0494S,41,228,1
2026/08/30 11:25,05F0439S,05F0494S,42,0,0
2026/08/30 11:25,05F0439S,05F0494S,5,0,0
2026/08/30 11:30,05F0000S,05F0055S,31,275,148
2026/08/30 11:30,05F0000S,05F0055S,32,276,43
2026/08/30 11:30,05F0000S,05F0055S,41,265,4
2026/08/30 11:30,05F0000S,05F0055S,42,0,0
2026/08/30 11:30,05F0000S,05F0055S,5,0,0
2026/08/30 11:30,05F0055S,05F0287S,31,1028,127
2026/08/30 11:30,05F0055S,05F0287S,32,1035,38
2026/08/30 11:30,05F0055S,05F0287S,41,1053,6
2026/08/30 11:30,05F0055S,05F0287S,42,0,0
2026/08/30 11:30,05F0055S,05F0287S,5,0,0
2026/08/30 11:30,05F0287S,05F0309S,31,88,85
2026/08/30 11:30,05F0287S,05F0309S,32,89,22
2026/08/30 11:30,05F0287S,05F0309S,41,93,2
2026/08/30 11:30,05F0287S,05F0309S,42,0,0
2026/08/30 11:30,05F0287S,05F0309S,5,0,0
2026/08/30 11:30,05F0309S,05F0439S,31,490,61
2026/08/30 11:30,05F0309S,05F0439S,32,501,12
2026/08/30 11:30,05F0309S,05F0439S,41,545,6
2026/08/30 11:30,05F0309S,05F0439S,42,0,0
2026/08/30 11:30,05F0309S,05F0439S,5,0,0
2026/08/30 11:30,05F0439S,05F0494S,31,211,34
2026/08/30 11:30,05F0439S,05F0494S,32,223,8
2026/08/30 11:30,05F0439S,05F0494S,41,0,0
2026/08/30 11:30,05F0439S,05F0494S,42,0,0
2026/08/30 11:30,05F0439S,05F0494S,5,0,0
2026/08/30 11:35,05F0000S,05F0055S,31,258,108
2026/08/30 11:35,05F0000S,05F0055S,32,247,30
2026/08/30 11:35,05F0000S,05F0055S,41,254,3
2026/08/30 11:35,05F0000S,05F0055S,42,0,0
2026/08/30 11:35,05F0000S,05F0055S,5,0,0
2026/08/30 11:35,05F0055S,05F0287S,31,1030,157
2026/08/30 11:35,05F0055S,05F0287S,32,1036,30
2026/08/30 11:35,05F0055S,05F0287S,41,1072,6
2026/08/30 11:35,05F0055S,05F0287S,42,0,0
2026/08/30 11:35,05F0055S,05F0287S,5,0,0
2026/08/30 11:35,05F0287S,05F0309S,31,88,91
2026/08/30 11:35,05F0287S,05F0309S,32,87,16
2026/08/30 11:35,05F0287S,05F0309S,41,95,6
2026/08/30 11:35,05F0287S,05F0309S,42,0,0
2026/08/30 11:35,05F0287S,05F0309S,5,0,0
2026/08/30 11:35,05F0309S,05F0439S,31,496,56
2026/08/30 11:35,05F0309S,05F0439S,32,507,12
2026/08/30 11:35,05F0309S,05F0439S,41,522,3
2026/08/30 11:35,05F0309S,05F0439S,42,0,0
2026/08/30 11:35,05F0309S,05F0439S,5,0,0
2026/08/30 11:35,05F0439S,05F0494S,31,203,44
2026/08/30 11:35,05F0439S,05F0494S,32,203,6
2026/08/30 11:35,05F0439S,05F0494S,41,236,2
2026/08/30 11:35,05F0439S,05F0494S,42,0,0
2026/08/30 11:35,05F0439S,05F0494S,5,0,0
2026/08/30 11:40,05F0000S,05F0055S,31,287,154
2026/08/30 11:40,05F0000S,05F0055S,32,293,36
2026/08/30 11:40,05F0000S,05F0055S,41,293,3
2026/08/30 11:40,05F0000S,05F0055S,42,0,0
2026/08/30 11:40,05F0000S,05F0055S,5,0,0
2026/08/30 11:40,05F0055S,05F0287S,31,1058,115
2026/08/30 11:40,05F0055S,05F0287S,32,1044,28
2026/08/30 11:40,05F0055S,05F0287S,41,1068,4
2026/08/30 11:40,05F0055S,05F0287S,42,0,0
2026/08/30 11:40,05F0055S,05F0287S,5,0,0
2026/08/30 11:40,05F0287S,05F0309S,31,88,72
2026/08/30 11:40,05F0287S,05F0309S,32,86,28
2026/08/30 11:40,05F0287S,05F0309S,41,94,2
2026/08/30 11:40,05F0287S,05F0309S,42,0,0
2026/08/30 11:40,05F0287S,05F0309S,5,0,0
2026/08/30 11:40,05F0309S,05F0439S,31,490,52
2026/08/30 11:40,05F0309S,05F0439S,32,506,16
2026/08/30 11:40,05F0309S,05F0439S,41,535,3
2026/08/30 11:40,05F0309S,05F0439S,42,0,0
2026/08/30 11:40,05F0309S,05F0439S,5,0,0
2026/08/30 11:40,05F0439S,05F0494S,31,205,40
2026/08/30 11:40,05F0439S,05F0494S,32,211,9
2026/08/30 11:40,05F0439S,05F0494S,41,0,0
2026/08/30 11:40,05F0439S,05F0494S,42,0,0
2026/08/30 11:40,05F0439S,05F0494S,5,0,0
2026/08/30 11:45,05F0000S,05F0055S,31,259,129
2026/08/30 11:45,05F0000S,05F0055S,32,267,29
2026/08/30 11:45,05F0000S,05F0055S,41,263,5
2026/08/30 11:45,05F0000S,05F0055S,42,0,0
2026/08/30 11:45,05F0000S,05F0055S,5,0,0
2026/08/30 11:45,05F0055S,05F0287S,31,1077,145
2026/08/30 11:45,05F0055S,05F0287S,32,1078,28
2026/08/30 11:45,05F0055S,05F0287S,41,1082,5
2026/08/30 11:45,05F0055S,05F0287S,42,0,0
2026/08/30 11:45,05F0055S,05F0287S,5,0,0
2026/08/30 11:45,05F0287S,05F0309S,31,90,91
2026/08/30 11:45,05F0287S,05F0309S,32,93,19
2026/08/30 11:45,05F0287S,05F0309S,41,95,5
2026/08/30 11:45,05F0287S,05F0309S,42,0,0
2026/08/30 11:45,05F0287S,05F0309S,5,0,0
2026/08/30 11:45,05F0309S,05F0439S,31,480,36
2026/08/30 11:45,05F0309S,05F0439S,32,500,10
2026/08/30 11:45,05F0309S,05F0439S,41,552,2
2026/08/30 11:45,05F0309S,05F0439S,42,0,0
2026/08/30 11:45,05F0309S,05F0439S,5,0,0
2026/08/30 11:45,05F0439S,05F0494S,31,210,43
2026/08/30 11:45,05F0439S,05F0494S,32,218,12
2026/08/30 11:45,05F0439S,05F0494S,41,0,0
2026/08/30 11:45,05F0439S,05F0494S,42,0,0
2026/08/30 11:45,05F0439S,05F0494S,5,0,0
2026/08/30 11:50,05F0000S,05F0055S,31,267,101
2026/08/30 11:50,05F0000S,05F0055S,32,258,32
2026/08/30 11:50,05F0000S,05F0055S,41,254,4
2026/08/30 11:50,05F0000S,05F0055S,42,0,0
2026/08/30 11:50,05F0000S,05F0055S,5,0,0
2026/08/30 11:50,05F0055S,05F0287S,31,1081,162
2026/08/30 11:50,05F0055S,05F0287S,32,1080,51
2026/08/30 11:50,05F0055S,05F0287S,41,1087,4
2026/08/30 11:50,05F0055S,05F0287S,42,0,0
2026/08/30 11:50,05F0055S,05F0287S,5,0,0
2026/08/30 11:50,05F0287S,05F0309S,31,87,85
2026/08/30 11:50,05F0287S,05F0309S,32,88,24
2026/08/30 11:50,05F0287S,05F0309S,41,96,3
2026/08/30 11:50,05F0287S,05F0309S,42,0,0
2026/08/30 11:50,05F0287S,05F0309S,5,0,0
2026/08/30 11:50,05F0309S,05F0439S,31,490,48
2026/08/30 11:50,05F0309S,05F0439S,32,492,16
2026/08/30 11:50,05F0309S,05F0439S,41,511,1
2026/08/30 11:50,05F0309S,05F0439S,42,0,0
2026/08/30 11:50,05F0309S,05F0439S,5,510,3
2026/08/30 11:50,05F0439S,05F0494S,31,214,35
2026/08/30 11:50,05F0439S,05F0494S,32,190,5
2026/08/30 11:50,05F0439S,05F0494S,41,0,0
2026/08/30 11:50,05F0439S,05F0494S,42,230,1
2026/08/30 11:50,05F0439S,05F0494S,5,0,0
2026/08/30 11:55,05F0000S,05F0055S,31,257,129
2026/08/30 11:55,05F0000S,05F0055S,32,259,34
2026/08/30 11:55,05F0000S,05F0055S,41,263,2
2026/08/30 11:55,05F0000S,05F0055S,42,0,0
2026/08/30 11:55,05F0000S,05F0055S,5,0,0
2026/08/30 11:55,05F0055S,05F0287S,31,1019,100
2026/08/30 11:55,05F0055S,05F0287S,32,1040,30
2026/08/30 11:55,05F0055S,05F0287S,41,1035,3
2026/08/30 11:55,05F0055S,05F0287S,42,0,0
2026/08/30 11:55,05F0055S,05F0287S,5,0,0
2026/08/30 11:55,05F0287S,05F0309S,31,90,82
2026/08/30 11:55,05F0287S,05F0309S,32,91,21
2026/08/30 11:55,05F0287S,05F0309S,41,93,3
2026/08/30 11:55,05F0287S,05F0309S,42,0,0
2026/08/30 11:55,05F0287S,05F0309S,5,0,0
2026/08/30 11:55,05F0309S,05F0439S,31,484,57
2026/08/30 11:55,05F0309S,05F0439S,32,513,10
2026/08/30 11:55,05F0309S,05F0439S,41,544,2
2026/08/30 11:55,05F0309S,05F0439S,42,0,0
2026/08/30 11:55,05F0309S,05F0439S,5,557,1
2026/08/30 11:55,05F0439S,05F0494S,31,207,41
2026/08/30 11:55,05F0439S,05F0494S,32,215,10
2026/08/30 11:55,05F0439S,05F0494S,41,0,0
2026/08/30 11:55,05F0439S,05F0494S,42,0,0
2026/08/30 11:55,05F0439S,05F0494S,5,217,3
2026/08/30 12:00,05F0000S,05F0055S,31,263,125
2026/08/30 12:00,05F0000S,05F0055S,32,264,17
2026/08/30 12:00,05F0000S,05F0055S,41,262,8
2026/08/30 12:00,05F0000S,05F0055S,42,0,0
2026/08/30 12:00,05F0000S,05F0055S,5,0,0
2026/08/30 12:00,05F0055S,05F0287S,31,1073,141
2026/08/30 12:00,05F0055S,05F0287S,32,1073,32
2026/08/30 12:00,05F0055S,05F0287S,41,1095,2
2026/08/30 12:00,05F0055S,05F0287S,42,0,0
2026/08/30 12:00,05F0055S,05F0287S,5,0,0
2026/08/30 12:00,05F0287S,05F0309S,31,87,70
2026/08/30 12:00,05F0287S,05F0309S,32,90,25
2026/08/30 12:00,05F0287S,05F0309S,41,98,2
2026/08/30 12:00,05F0287S,05F0309S,42,0,0
2026/08/30 12:00,05F0287S,05F0309S,5,0,0
2026/08/30 12:00,05F0309S,05F0439S,31,491,65
2026/08/30 12:00,05F0309S,05F0439S,32,505,19
2026/08/30 12:00,05F0309S,05F0439S,41,544,2
2026/08/30 12:00,05F0309S,05F0439S,42,0,0
2026/08/30 12:00,05F0309S,05F0439S,5,0,0
2026/08/30 12:00,05F0439S,05F0494S,31,211,30
2026/08/30 12:00,05F0439S,05F0494S,32,213,6
2026/08/30 12:00,05F0439S,05F0494S,41,216,1
2026/08/30 12:00,05F0439S,05F0494S,42,0,0
2026/08/30 12:00,05F0439S,05F0494S,5,0,0
2026/08/30 12:05,05F0000S,05F0055S,31,254,112
2026/08/30 12:05,05F0000S,05F0055S,32,252,35
2026/08/30 12:05,05F0000S,05F0055S,41,247,2
2026/08/30 12:05,05F0000S,05F0055S,42,0,0
2026/08/30 12:05,05F0000S,05F0055S,5,0,0
2026/08/30 12:05,05F0055S,05F0287S,31,1043,108
2026/08/30 12:05,05F0055S,05F0287S,32,1066,27
2026/08/30 12:05,05F0055S,05F0287S,41,1105,6
2026/08/30 12:05,05F0055S,05F0287S,42,0,0
2026/08/30 12:05,05F0055S,05F0287S,5,0,0
2026/08/30 12:05,05F0287S,05F0309S,31,88,81
2026/08/30 12:05,05F0287S,05F0309S,32,87,20
2026/08/30 12:05,05F0287S,05F0309S,41,96,4
2026/08/30 12:05,05F0287S,05F0309S,42,0,0
2026/08/30 12:05,05F0287S,05F0309S,5,0,0
2026/08/30 12:05,05F0309S,05F0439S,31,491,34
2026/08/30 12:05,05F0309S,05F0439S,32,488,10
2026/08/30 12:05,05F0309S,05F0439S,41,621,1
2026/08/30 12:05,05F0309S,05F0439S,42,0,0
2026/08/30 12:05,05F0309S,05F0439S,5,487,2
2026/08/30 12:05,05F0439S,05F0494S,31,208,30
2026/08/30 12:05,05F0439S,05F0494S,32,211,14
2026/08/30 12:05,05F0439S,05F0494S,41,260,1
2026/08/30 12:05,05F0439S,05F0494S,42,0,0
2026/08/30 12:05,05F0439S,05F0494S,5,0,0
2026/08/30 12:10,05F0000S,05F0055S,31,254,123
2026/08/30 12:10,05F0000S,05F0055S,32,256,19
2026/08/30 12:10,05F0000S,05F0055S,41,253,5
2026/08/30 12:10,05F0000S,05F0055S,42,0,0
2026/08/30 12:10,05F0000S,05F0055S,5,0,0
2026/08/30 12:10,05F0055S,05F0287S,31,1100,89
2026/08/30 12:10,05F0055S,05F0287S,32,1113,21
2026/08/30 12:10,05F0055S,05F0287S,41,1109,4
2026/08/30 12:10,05F0055S,05F0287S,42,0,0
2026/08/30 12:10,05F0055S,05F0287S,5,0,0
2026/08/30 12:10,05F0287S,05F0309S,31,90,43
2026/08/30 12:10,05F0287S,05F0309S,32,89,14
2026/08/30 12:10,05F0287S,05F0309S,41,94,3
2026/08/30 12:10,05F0287S,05F0309S,42,0,0
2026/08/30 12:10,05F0287S,05F0309S,5,0,0
2026/08/30 12:10,05F0309S,05F0439S,31,482,43
2026/08/30 12:10,05F0309S,05F0439S,32,483,16
2026/08/30 12:10,05F0309S,05F0439S,41,538,2
2026/08/30 12:10,05F0309S,05F0439S,42,0,0
2026/08/30 12:10,05F0309S,05F0439S,5,500,2
2026/08/30 12:10,05F0439S,05F0494S,31,205,26
2026/08/30 12:10,05F0439S,05F0494S,32,205,4
2026/08/30 12:10,05F0439S,05F0494S,41,0,0
2026/08/30 12:10,05F0439S,05F0494S,42,219,1
2026/08/30 12:10,05F0439S,05F0494S,5,204,2
2026/08/30 12:15,05F0000S,05F0055S,31,254,107
2026/08/30 12:15,05F0000S,05F0055S,32,247,24
2026/08/30 12:15,05F0000S,05F0055S,41,248,5
2026/08/30 12:15,05F0000S,05F0055S,42,0,0
2026/08/30 12:15,05F0000S,05F0055S,5,0,0
2026/08/30 12:15,05F0055S,05F0287S,31,1111,182
2026/08/30 12:15,05F0055S,05F0287S,32,1127,37
2026/08/30 12:15,05F0055S,05F0287S,41,1087,6
2026/08/30 12:15,05F0055S,05F0287S,42,0,0
2026/08/30 12:15,05F0055S,05F0287S,5,0,0
2026/08/30 12:15,05F0287S,05F0309S,31,90,94
2026/08/30 12:15,05F0287S,05F0309S,32,94,28
2026/08/30 12:15,05F0287S,05F0309S,41,93,3
2026/08/30 12:15,05F0287S,05F0309S,42,0,0
2026/08/30 12:15,05F0287S,05F0309S,5,0,0
2026/08/30 12:15,05F0309S,05F0439S,31,493,32
2026/08/30 12:15,05F0309S,05F0439S,32,517,7
2026/08/30 12:15,05F0309S,05F0439S,41,557,2
2026/08/30 12:15,05F0309S,05F0439S,42,571,1
2026/08/30 12:15,05F0309S,05F0439S,5,0,0
2026/08/30 12:15,05F0439S,05F0494S,31,204,24
2026/08/30 12:15,05F0439S,05F0494S,32,203,9
2026/08/30 12:15,05F0439S,05F0494S,41,227,1
2026/08/30 12:15,05F0439S,05F0494S,42,0,0
2026/08/30 12:15,05F0439S,05F0494S,5,213,2
2026/08/30 12:20,05F0000S,05F0055S,31,256,108
2026/08/30 12:20,05F0000S,05F0055S,32,258,23
2026/08/30 12:20,05F0000S,05F0055S,41,265,3
2026/08/30 12:20,05F0000S,05F0055S,42,0,0
2026/08/30 12:20,05F0000S,05F0055S,5,0,0
2026/08/30 12:20,05F0055S,05F0287S,31,1055,115
2026/08/30 12:20,05F0055S,05F0287S,32,1058,29
2026/08/30 12:20,05F0055S,05F0287S,41,1038,4
2026/08/30 12:20,05F0055S,05F0287S,42,0,0
2026/08/30 12:20,05F0055S,05F0287S,5,0,0
2026/08/30 12:20,05F0287S,05F0309S,31,90,101
2026/08/30 12:20,05F0287S,05F0309S,32,90,13
2026/08/30 12:20,05F0287S,05F0309S,41,99,6
2026/08/30 12:20,05F0287S,05F0309S,42,0,0
2026/08/30 12:20,05F0287S,05F0309S,5,0,0
2026/08/30 12:20,05F0309S,05F0439S,31,491,28
2026/08/30 12:20,05F0309S,05F0439S,32,496,10
2026/08/30 12:20,05F0309S,05F0439S,41,538,3
2026/08/30 12:20,05F0309S,05F0439S,42,0,0
2026/08/30 12:20,05F0309S,05F0439S,5,505,1
2026/08/30 12:20,05F0439S,05F0494S,31,217,27
2026/08/30 12:20,05F0439S,05F0494S,32,216,6
2026/08/30 12:20,05F0439S,05F0494S,41,0,0
2026/08/30 12:20,05F0439S,05F0494S,42,242,1
2026/08/30 12:20,05F0439S,05F0494S,5,0,0
2026/08/30 12:25,05F0000S,05F0055S,31,246,78
2026/08/30 12:25,05F0000S,05F0055S,32,250,19
2026/08/30 12:25,05F0000S,05F0055S,41,260,3
2026/08/30 12:25,05F0000S,05F0055S,42,0,0
2026/08/30 12:25,05F0000S,05F0055S,5,0,0
2026/08/30 12:25,05F0055S,05F0287S,31,1016,128
2026/08/30 12:25,05F0055S,05F0287S,32,1030,25
2026/08/30 12:25,05F0055S,05F0287S,41,1050,4
2026/08/30 12:25,05F0055S,05F0287S,42,0,0
2026/08/30 12:25,05F0055S,05F0287S,5,0,0
2026/08/30 12:25,05F0287S,05F0309S,31,89,97
2026/08/30 12:25,05F0287S,05F0309S,32,90,20
2026/08/30 12:25,05F0287S,05F0309S,41,94,2
2026/08/30 12:25,05F0287S,05F0309S,42,0,0
2026/08/30 12:25,05F0287S,05F0309S,5,0,0
2026/08/30 12:25,05F0309S,05F0439S,31,492,66
2026/08/30 12:25,05F0309S,05F0439S,32,507,16
2026/08/30 12:25,05F0309S,05F0439S,41,546,3
2026/08/30 12:25,05F0309S,05F0439S,42,0,0
2026/08/30 12:25,05F0309S,05F0439S,5,0,0
2026/08/30 12:25,05F0439S,05F0494S,31,208,34
2026/08/30 12:25,05F0439S,05F0494S,32,195,9
2026/08/30 12:25,05F0439S,05F0494S,41,229,1
2026/08/30 12:25,05F0439S,05F0494S,42,0,0
2026/08/30 12:25,05F0439S,05F0494S,5,0,0
2026/08/30 12:30,05F0000S,05F0055S,31,257,133
2026/08/30 12:30,05F0000S,05F0055S,32,264,25
2026/08/30 12:30,05F0000S,05F0055S,41,260,8
2026/08/30 12:30,05F0000S,05F0055S,42,0,0
2026/08/30 12:30,05F0000S,05F0055S,5,0,0
2026/08/30 12:30,05F0055S,05F0287S,31,1008,122
2026/08/30 12:30,05F0055S,05F0287S,32,1000,23
2026/08/30 12:30,05F0055S,05F0287S,41,1017,7
2026/08/30 12:30,05F0055S,05F0287S,42,0,0
2026/08/30 12:30,05F0055S,05F0287S,5,0,0
2026/08/30 12:30,05F0287S,05F0309S,31,86,79
2026/08/30 12:30,05F0287S,05F0309S,32,85,12
2026/08/30 12:30,05F0287S,05F0309S,41,96,5
2026/08/30 12:30,05F0287S,05F0309S,42,95,1
2026/08/30 12:30,05F0287S,05F0309S,5,0,0
2026/08/30 12:30,05F0309S,05F0439S,31,504,57
2026/08/30 12:30,05F0309S,05F0439S,32,488,9
2026/08/30 12:30,05F0309S,05F0439S,41,527,2
2026/08/30 12:30,05F0309S,05F0439S,42,0,0
2026/08/30 12:30,05F0309S,05F0439S,5,540,1
2026/08/30 12:30,05F0439S,05F0494S,31,207,28
2026/08/30 12:30,05F0439S,05F0494S,32,212,8
2026/08/30 12:30,05F0439S,05F0494S,41,0,0
2026/08/30 12:30,05F0439S,05F0494S,42,243,1
2026/08/30 12:30,05F0439S,05F0494S,5,230,1
2026/08/30 12:35,05F0000S,05F0055S,31,259,114
2026/08/30 12:35,05F0000S,05F0055S,32,258,21
2026/08/30 12:35,05F0000S,05F0055S,41,265,2
2026/08/30 12:35,05F0000S,05F0055S,42,0,0
2026/08/30 12:35,05F0000S,05F0055S,5,0,0
2026/08/30 12:35,05F0055S,05F0287S,31,994,103
2026/08/30 12:35,05F0055S,05F0287S,32,991,23
2026/08/30 12:35,05F0055S,05F0287S,41,1070,3
2026/08/30 12:35,05F0055S,05F0287S,42,0,0
2026/08/30 12:35,05F0055S,05F0287S,5,0,0
2026/08/30 12:35,05F0287S,05F0309S,31,85,53
2026/08/30 12:35,05F0287S,05F0309S,32,84,16
2026/08/30 12:35,05F0287S,05F0309S,41,93,3
2026/08/30 12:35,05F0287S,05F0309S,42,0,0
2026/08/30 12:35,05F0287S,05F0309S,5,0,0
2026/08/30 12:35,05F0309S,05F0439S,31,484,52
2026/08/30 12:35,05F0309S,05F0439S,32,515,12
2026/08/30 12:35,05F0309S,05F0439S,41,523,1
2026/08/30 12:35,05F0309S,05F0439S,42,0,0
2026/08/30 12:35,05F0309S,05F0439S,5,632,1
2026/08/30 12:35,05F0439S,05F0494S,31,208,39
2026/08/30 12:35,05F0439S,05F0494S,32,210,9
2026/08/30 12:35,05F0439S,05F0494S,41,0,0
2026/08/30 12:35,05F0439S,05F0494S,42,0,0
2026/08/30 12:35,05F0439S,05F0494S,5,0,0
2026/08/30 12:40,05F0000S,05F0055S,31,254,101
2026/08/30 12:40,05F0000S,05F0055S,32,256,32
2026/08/30 12:40,05F0000S,05F0055S,41,257,5
2026/08/30 12:40,05F0000S,05F0055S,42,0,0
2026/08/30 12:40,05F0000S,05F0055S,5,0,0
2026/08/30 12:40,05F0055S,05F0287S,31,998,106
2026/08/30 12:40,05F0055S,05F0287S,32,1008,17
2026/08/30 12:40,05F0055S,05F0287S,41,1004,3
2026/08/30 12:40,05F0055S,05F0287S,42,0,0
2026/08/30 12:40,05F0055S,05F0287S,5,0,0
2026/08/30 12:40,05F0287S,05F0309S,31,88,85
2026/08/30 12:40,05F0287S,05F0309S,32,88,10
2026/08/30 12:40,05F0287S,05F0309S,41,93,3
2026/08/30 12:40,05F0287S,05F0309S,42,0,0
2026/08/30 12:40,05F0287S,05F0309S,5,0,0
2026/08/30 12:40,05F0309S,05F0439S,31,469,46
2026/08/30 12:40,05F0309S,05F0439S,32,496,9
2026/08/30 12:40,05F0309S,05F0439S,41,514,4
2026/08/30 12:40,05F0309S,05F0439S,42,0,0
2026/08/30 12:40,05F0309S,05F0439S,5,599,1
2026/08/30 12:40,05F0439S,05F0494S,31,212,41
2026/08/30 12:40,05F0439S,05F0494S,32,209,9
2026/08/30 12:40,05F0439S,05F0494S,41,0,0
2026/08/30 12:40,05F0439S,05F0494S,42,0,0
2026/08/30 12:40,05F0439S,05F0494S,5,248,1
2026/08/30 12:45,05F0000S,05F0055S,31,252,99
2026/08/30 12:45,05F0000S,05F0055S,32,253,29
2026/08/30 12:45,05F0000S,05F0055S,41,251,6
2026/08/30 12:45,05F0000S,05F0055S,42,0,0
2026/08/30 12:45,05F0000S,05F0055S,5,0,0
2026/08/30 12:45,05F0055S,05F0287S,31,1004,102
2026/08/30 12:45,05F0055S,05F0287S,32,1033,22
2026/08/30 12:45,05F0055S,05F0287S,41,1046,5
2026/08/30 12:45,05F0055S,05F0287S,42,0,0
2026/08/30 12:45,05F0055S,05F0287S,5,0,0
2026/08/30 12:45,05F0287S,05F0309S,31,86,64
2026/08/30 12:45,05F0287S,05F0309S,32,90,10
2026/08/30 12:45,05F0287S,05F0309S,41,91,3
2026/08/30 12:45,05F0287S,05F0309S,42,0,0
2026/08/30 12:45,05F0287S,05F0309S,5,0,0
2026/08/30 12:45,05F0309S,05F0439S,31,479,25
2026/08/30 12:45,05F0309S,05F0439S,32,520,6
2026/08/30 12:45,05F0309S,05F0439S,41,526,2
2026/08/30 12:45,05F0309S,05F0439S,42,0,0
2026/08/30 12:45,05F0309S,05F0439S,5,482,1
2026/08/30 12:45,05F0439S,05F0494S,31,203,30
2026/08/30 12:45,05F0439S,05F0494S,32,208,6
2026/08/30 12:45,05F0439S,05F0494S,41,207,3
2026/08/30 12:45,05F0439S,05F0494S,42,0,0
2026/08/30 12:45,05F0439S,05F0494S,5,0,0
2026/08/30 12:50,05F0000S,05F0055S,31,269,124
2026/08/30 12:50,05F0000S,05F0055S,32,274,23
2026/08/30 12:50,05F0000S,05F0055S,41,261,3
2026/08/30 12:50,05F0000S,05F0055S,42,0,0
2026/08/30 12:50,05F0000S,05F0055S,5,0,0
2026/08/30 12:50,05F0055S,05F0287S,31,1009,125
2026/08/30 12:50,05F0055S,05F0287S,32,1004,23
2026/08/30 12:50,05F0055S,05F0287S,41,1021,5
2026/08/30 12:50,05F0055S,05F0287S,42,0,0
2026/08/30 12:50,05F0055S,05F0287S,5,0,0
2026/08/30 12:50,05F0287S,05F0309S,31,85,75
2026/08/30 12:50,05F0287S,05F0309S,32,88,12
2026/08/30 12:50,05F0287S,05F0309S,41,90,4
2026/08/30 12:50,05F0287S,05F0309S,42,0,0
2026/08/30 12:50,05F0287S,05F0309S,5,0,0
2026/08/30 12:50,05F0309S,05F0439S,31,473,46
2026/08/30 12:50,05F0309S,05F0439S,32,515,8
2026/08/30 12:50,05F0309S,05F0439S,41,538,2
2026/08/30 12:50,05F0309S,05F0439S,42,541,1
2026/08/30 12:50,05F0309S,05F0439S,5,538,1
2026/08/30 12:50,05F0439S,05F0494S,31,203,27
2026/08/30 12:50,05F0439S,05F0494S,32,208,3
2026/08/30 12:50,05F0439S,05F0494S,41,217,1
2026/08/30 12:50,05F0439S,05F0494S,42,228,1
2026/08/30 12:50,05F0439S,05F0494S,5,216,2
2026/08/30 12:55,05F0000S,05F0055S,31,246,107
2026/08/30 12:55,05F0000S,05F0055S,32,245,24
2026/08/30 12:55,05F0000S,05F0055S,41,246,5
2026/08/30 12:55,05F0000S,05F0055S,42,0,0
2026/08/30 12:55,05F0000S,05F0055S,5,0,0
2026/08/30 12:55,05F0055S,05F0287S,31,1034,117
2026/08/30 12:55,05F0055S,05F0287S,32,1028,27
2026/08/30 12:55,05F0055S,05F0287S,41,1082,5
2026/08/30 12:55,05F0055S,05F0287S,42,0,0
2026/08/30 12:55,05F0055S,05F0287S,5,0,0
2026/08/30 12:55,05F0287S,05F0309S,31,86,63
2026/08/30 12:55,05F0287S,05F0309S,32,86,14
2026/08/30 12:55,05F0287S,05F0309S,41,0,0
2026/08/30 12:55,05F0287S,05F0309S,42,0,0
2026/08/30 12:55,05F0287S,05F0309S,5,0,0
2026/08/30 12:55,05F0309S,05F0439S,31,458,42
2026/08/30 12:55,05F0309S,05F0439S,32,489,6
2026/08/30 12:55,05F0309S,05F0439S,41,507,2
2026/08/30 12:55,05F0309S,05F0439S,42,1474,1
2026/08/30 12:55,05F0309S,05F0439S,5,0,0
2026/08/30 12:55,05F0439S,05F0494S,31,200,30
2026/08/30 12:55,05F0439S,05F0494S,32,189,3
2026/08/30 12:55,05F0439S,05F0494S,41,236,1
2026/08/30 12:55,05F0439S,05F0494S,42,0,0
2026/08/30 12:55,05F0439S,05F0494S,5,0,0
2026/08/30 13:00,05F0000S,05F0055S,31,253,104
2026/08/30 13:00,05F0000S,05F0055S,32,256,33
2026/08/30 13:00,05F0000S,05F0055S,41,253,2
2026/08/30 13:00,05F0000S,05F0055S,42,0,0
2026/08/30 13:00,05F0000S,05F0055S,5,0,0
2026/08/30 13:00,05F0055S,05F0287S,31,998,90
2026/08/30 13:00,05F0055S,05F0287S,32,987,24
2026/08/30 13:00,05F0055S,05F0287S,41,994,4
2026/08/30 13:00,05F0055S,05F0287S,42,0,0
2026/08/30 13:00,05F0055S,05F0287S,5,0,0
2026/08/30 13:00,05F0287S,05F0309S,31,90,72
2026/08/30 13:00,05F0287S,05F0309S,32,91,21
2026/08/30 13:00,05F0287S,05F0309S,41,95,4
2026/08/30 13:00,05F0287S,05F0309S,42,0,0
2026/08/30 13:00,05F0287S,05F0309S,5,0,0
2026/08/30 13:00,05F0309S,05F0439S,31,483,47
2026/08/30 13:00,05F0309S,05F0439S,32,494,9
2026/08/30 13:00,05F0309S,05F0439S,41,530,2
2026/08/30 13:00,05F0309S,05F0439S,42,0,0
2026/08/30 13:00,05F0309S,05F0439S,5,513,3
2026/08/30 13:00,05F0439S,05F0494S,31,205,23
2026/08/30 13:00,05F0439S,05F0494S,32,235,5
2026/08/30 13:00,05F0439S,05F0494S,41,0,0
2026/08/30 13:00,05F0439S,05F0494S,42,0,0
2026/08/30 13:00,05F0439S,05F0494S,5,0,0
2026/08/30 13:05,05F0000S,05F0055S,31,255,119
2026/08/30 13:05,05F0000S,05F0055S,32,254,20
2026/08/30 13:05,05F0000S,05F0055S,41,264,3
2026/08/30 13:05,05F0000S,05F0055S,42,0,0
2026/08/30 13:05,05F0000S,05F0055S,5,0,0
2026/08/30 13:05,05F0055S,05F0287S,31,1038,109
2026/08/30 13:05,05F0055S,05F0287S,32,1053,30
2026/08/30 13:05,05F0055S,05F0287S,41,1057,3
2026/08/30 13:05,05F0055S,05F0287S,42,0,0
2026/08/30 13:05,05F0055S,05F0287S,5,0,0
2026/08/30 13:05,05F0287S,05F0309S,31,87,63
2026/08/30 13:05,05F0287S,05F0309S,32,90,23
2026/08/30 13:05,05F0287S,05F0309S,41,93,5
2026/08/30 13:05,05F0287S,05F0309S,42,0,0
2026/08/30 13:05,05F0287S,05F0309S,5,0,0
2026/08/30 13:05,05F0309S,05F0439S,31,486,44
2026/08/30 13:05,05F0309S,05F0439S,32,497,7
2026/08/30 13:05,05F0309S,05F0439S,41,547,2
2026/08/30 13:05,05F0309S,05F0439S,42,0,0
2026/08/30 13:05,05F0309S,05F0439S,5,0,0
2026/08/30 13:05,05F0439S,05F0494S,31,207,23
2026/08/30 13:05,05F0439S,05F0494S,32,213,6
2026/08/30 13:05,05F0439S,05F0494S,41,240,1
2026/08/30 13:05,05F0439S,05F0494S,42,0,0
2026/08/30 13:05,05F0439S,05F0494S,5,219,3
2026/08/30 13:10,05F0000S,05F0055S,31,255,123
2026/08/30 13:10,05F0000S,05F0055S,32,261,16
2026/08/30 13:10,05F0000S,05F0055S,41,256,4
2026/08/30 13:10,05F0000S,05F0055S,42,0,0
2026/08/30 13:10,05F0000S,05F0055S,5,0,0
2026/08/30 13:10,05F0055S,05F0287S,31,1051,148
2026/08/30 13:10,05F0055S,05F0287S,32,1046,26
2026/08/30 13:10,05F0055S,05F0287S,41,1084,7
2026/08/30 13:10,05F0055S,05F0287S,42,0,0
2026/08/30 13:10,05F0055S,05F0287S,5,0,0
2026/08/30 13:10,05F0287S,05F0309S,31,88,80
2026/08/30 13:10,05F0287S,05F0309S,32,90,14
2026/08/30 13:10,05F0287S,05F0309S,41,98,1
2026/08/30 13:10,05F0287S,05F0309S,42,0,0
2026/08/30 13:10,05F0287S,05F0309S,5,0,0
2026/08/30 13:10,05F0309S,05F0439S,31,485,40
2026/08/30 13:10,05F0309S,05F0439S,32,505,9
2026/08/30 13:10,05F0309S,05F0439S,41,544,4
2026/08/30 13:10,05F0309S,05F0439S,42,0,0
2026/08/30 13:10,05F0309S,05F0439S,5,0,0
2026/08/30 13:10,05F0439S,05F0494S,31,207,35
2026/08/30 13:10,05F0439S,05F0494S,32,215,6
2026/08/30 13:10,05F0439S,05F0494S,41,0,0
2026/08/30 13:10,05F0439S,05F0494S,42,0,0
2026/08/30 13:10,05F0439S,05F0494S,5,0,0
2026/08/30 13:15,05F0000S,05F0055S,31,256,115
2026/08/30 13:15,05F0000S,05F0055S,32,255,19
2026/08/30 13:15,05F0000S,05F0055S,41,269,9
2026/08/30 13:15,05F0000S,05F0055S,42,0,0
2026/08/30 13:15,05F0000S,05F0055S,5,0,0
2026/08/30 13:15,05F0055S,05F0287S,31,995,91
2026/08/30 13:15,05F0055S,05F0287S,32,994,22
2026/08/30 13:15,05F0055S,05F0287S,41,997,2
2026/08/30 13:15,05F0055S,05F0287S,42,0,0
2026/08/30 13:15,05F0055S,05F0287S,5,0,0
2026/08/30 13:15,05F0287S,05F0309S,31,90,85
2026/08/30 13:15,05F0287S,05F0309S,32,90,20
2026/08/30 13:15,05F0287S,05F0309S,41,91,6
2026/08/30 13:15,05F0287S,05F0309S,42,0,0
2026/08/30 13:15,05F0287S,05F0309S,5,0,0
2026/08/30 13:15,05F0309S,05F0439S,31,480,43
2026/08/30 13:15,05F0309S,05F0439S,32,481,11
2026/08/30 13:15,05F0309S,05F0439S,41,542,2
2026/08/30 13:15,05F0309S,05F0439S,42,515,1
2026/08/30 13:15,05F0309S,05F0439S,5,486,1
2026/08/30 13:15,05F0439S,05F0494S,31,208,34
2026/08/30 13:15,05F0439S,05F0494S,32,208,7
2026/08/30 13:15,05F0439S,05F0494S,41,0,0
2026/08/30 13:15,05F0439S,05F0494S,42,0,0
2026/08/30 13:15,05F0439S,05F0494S,5,207,1
2026/08/30 13:20,05F0000S,05F0055S,31,252,114
2026/08/30 13:20,05F0000S,05F0055S,32,251,12
2026/08/30 13:20,05F0000S,05F0055S,41,268,5
2026/08/30 13:20,05F0000S,05F0055S,42,0,0
2026/08/30 13:20,05F0000S,05F0055S,5,0,0
2026/08/30 13:20,05F0055S,05F0287S,31,1010,124
2026/08/30 13:20,05F0055S,05F0287S,32,1003,24
2026/08/30 13:20,05F0055S,05F0287S,41,1054,2
2026/08/30 13:20,05F0055S,05F0287S,42,0,0
2026/08/30 13:20,05F0055S,05F0287S,5,0,0
2026/08/30 13:20,05F0287S,05F0309S,31,88,80
2026/08/30 13:20,05F0287S,05F0309S,32,88,22
2026/08/30 13:20,05F0287S,05F0309S,41,498,2
2026/08/30 13:20,05F0287S,05F0309S,42,0,0
2026/08/30 13:20,05F0287S,05F0309S,5,0,0
2026/08/30 13:20,05F0309S,05F0439S,31,481,60
2026/08/30 13:20,05F0309S,05F0439S,32,499,9
2026/08/30 13:20,05F0309S,05F0439S,41,525,3
2026/08/30 13:20,05F0309S,05F0439S,42,0,0
2026/08/30 13:20,05F0309S,05F0439S,5,478,1
2026/08/30 13:20,05F0439S,05F0494S,31,207,45
2026/08/30 13:20,05F0439S,05F0494S,32,219,6
2026/08/30 13:20,05F0439S,05F0494S,41,0,0
2026/08/30 13:20,05F0439S,05F0494S,42,0,0
2026/08/30 13:20,05F0439S,05F0494S,5,203,1
2026/08/30 13:25,05F0000S,05F0055S,31,255,99
2026/08/30 13:25,05F0000S,05F0055S,32,262,23
2026/08/30 13:25,05F0000S,05F0055S,41,260,6
2026/08/30 13:25,05F0000S,05F0055S,42,0,0
2026/08/30 13:25,05F0000S,05F0055S,5,0,0
2026/08/30 13:25,05F0055S,05F0287S,31,1018,135
2026/08/30 13:25,05F0055S,05F0287S,32,1028,14
2026/08/30 13:25,05F0055S,05F0287S,41,1053,3
2026/08/30 13:25,05F0055S,05F0287S,42,0,0
2026/08/30 13:25,05F0055S,05F0287S,5,0,0
2026/08/30 13:25,05F0287S,05F0309S,31,87,73
2026/08/30 13:25,05F0287S,05F0309S,32,85,9
2026/08/30 13:25,05F0287S,05F0309S,41,96,2
2026/08/30 13:25,05F0287S,05F0309S,42,0,0
2026/08/30 13:25,05F0287S,05F0309S,5,0,0
2026/08/30 13:25,05F0309S,05F0439S,31,488,50
2026/08/30 13:25,05F0309S,05F0439S,32,479,13
2026/08/30 13:25,05F0309S,05F0439S,41,493,1
2026/08/30 13:25,05F0309S,05F0439S,42,586,1
2026/08/30 13:25,05F0309S,05F0439S,5,0,0
2026/08/30 13:25,05F0439S,05F0494S,31,206,44
2026/08/30 13:25,05F0439S,05F0494S,32,219,8
2026/08/30 13:25,05F0439S,05F0494S,41,0,0
2026/08/30 13:25,05F0439S,05F0494S,42,0,0
2026/08/30 13:25,05F0439S,05F0494S,5,0,0
2026/08/30 13:30,05F0000S,05F0055S,31,252,98
2026/08/30 13:30,05F0000S,05F0055S,32,252,27
2026/08/30 13:30,05F0000S,05F0055S,41,256,4
2026/08/30 13:30,05F0000S,05F0055S,42,0,0
2026/08/30 13:30,05F0000S,05F0055S,5,0,0
2026/08/30 13:30,05F0055S,05F0287S,31,1016,112
2026/08/30 13:30,05F0055S,05F0287S,32,1024,24
2026/08/30 13:30,05F0055S,05F0287S,41,1010,5
2026/08/30 13:30,05F0055S,05F0287S,42,0,0
2026/08/30 13:30,05F0055S,05F0287S,5,0,0
2026/08/30 13:30,05F0287S,05F0309S,31,87,67
2026/08/30 13:30,05F0287S,05F0309S,32,90,15
2026/08/30 13:30,05F0287S,05F0309S,41,92,4
2026/08/30 13:30,05F0287S,05F0309S,42,0,0
2026/08/30 13:30,05F0287S,05F0309S,5,0,0
2026/08/30 13:30,05F0309S,05F0439S,31,482,46
2026/08/30 13:30,05F0309S,05F0439S,32,479,8
2026/08/30 13:30,05F0309S,05F0439S,41,532,2
2026/08/30 13:30,05F0309S,05F0439S,42,0,0
2026/08/30 13:30,05F0309S,05F0439S,5,487,1
2026/08/30 13:30,05F0439S,05F0494S,31,204,40
2026/08/30 13:30,05F0439S,05F0494S,32,201,10
2026/08/30 13:30,05F0439S,05F0494S,41,0,0
2026/08/30 13:30,05F0439S,05F0494S,42,0,0
2026/08/30 13:30,05F0439S,05F0494S,5,0,0
2026/08/30 13:35,05F0000S,05F0055S,31,264,133
2026/08/30 13:35,05F0000S,05F0055S,32,266,22
2026/08/30 13:35,05F0000S,05F0055S,41,247,3
2026/08/30 13:35,05F0000S,05F0055S,42,0,0
2026/08/30 13:35,05F0000S,05F0055S,5,0,0
2026/08/30 13:35,05F0055S,05F0287S,31,1006,123
2026/08/30 13:35,05F0055S,05F0287S,32,1006,12
2026/08/30 13:35,05F0055S,05F0287S,41,1053,6
2026/08/30 13:35,05F0055S,05F0287S,42,0,0
2026/08/30 13:35,05F0055S,05F0287S,5,0,0
2026/08/30 13:35,05F0287S,05F0309S,31,88,99
2026/08/30 13:35,05F0287S,05F0309S,32,89,12
2026/08/30 13:35,05F0287S,05F0309S,41,93,4
2026/08/30 13:35,05F0287S,05F0309S,42,0,0
2026/08/30 13:35,05F0287S,05F0309S,5,0,0
2026/08/30 13:35,05F0309S,05F0439S,31,495,43
2026/08/30 13:35,05F0309S,05F0439S,32,500,5
2026/08/30 13:35,05F0309S,05F0439S,41,0,0
2026/08/30 13:35,05F0309S,05F0439S,42,0,0
2026/08/30 13:35,05F0309S,05F0439S,5,0,0
2026/08/30 13:35,05F0439S,05F0494S,31,197,29
2026/08/30 13:35,05F0439S,05F0494S,32,203,4
2026/08/30 13:35,05F0439S,05F0494S,41,223,3
2026/08/30 13:35,05F0439S,05F0494S,42,0,0
2026/08/30 13:35,05F0439S,05F0494S,5,202,1
2026/08/30 13:40,05F0000S,05F0055S,31,245,83
2026/08/30 13:40,05F0000S,05F0055S,32,243,26
2026/08/30 13:40,05F0000S,05F0055S,41,934,6
2026/08/30 13:40,05F0000S,05F0055S,42,0,0
2026/08/30 13:40,05F0000S,05F0055S,5,0,0
2026/08/30 13:40,05F0055S,05F0287S,31,1018,90
2026/08/30 13:40,05F0055S,05F0287S,32,1016,18
2026/08/30 13:40,05F0055S,05F0287S,41,1076,5
2026/08/30 13:40,05F0055S,05F0287S,42,0,0
2026/08/30 13:40,05F0055S,05F0287S,5,0,0
2026/08/30 13:40,05F0287S,05F0309S,31,86,63
2026/08/30 13:40,05F0287S,05F0309S,32,87,7
2026/08/30 13:40,05F0287S,05F0309S,41,97,3
2026/08/30 13:40,05F0287S,05F0309S,42,0,0
2026/08/30 13:40,05F0287S,05F0309S,5,0,0
2026/08/30 13:40,05F0309S,05F0439S,31,486,53
2026/08/30 13:40,05F0309S,05F0439S,32,499,7
2026/08/30 13:40,05F0309S,05F0439S,41,516,2
2026/08/30 13:40,05F0309S,05F0439S,42,0,0
2026/08/30 13:40,05F0309S,05F0439S,5,615,1
2026/08/30 13:40,05F0439S,05F0494S,31,204,30
2026/08/30 13:40,05F0439S,05F0494S,32,226,4
2026/08/30 13:40,05F0439S,05F0494S,41,0,0
2026/08/30 13:40,05F0439S,05F0494S,42,0,0
2026/08/30 13:40,05F0439S,05F0494S,5,259,1
2026/08/30 13:45,05F0000S,05F0055S,31,252,112
2026/08/30 13:45,05F0000S,05F0055S,32,255,19
2026/08/30 13:45,05F0000S,05F0055S,41,255,4
2026/08/30 13:45,05F0000S,05F0055S,42,0,0
2026/08/30 13:45,05F0000S,05F0055S,5,0,0
2026/08/30 13:45,05F0055S,05F0287S,31,1037,131
2026/08/30 13:45,05F0055S,05F0287S,32,1023,33
2026/08/30 13:45,05F0055S,05F0287S,41,1094,5
2026/08/30 13:45,05F0055S,05F0287S,42,0,0
2026/08/30 13:45,05F0055S,05F0287S,5,0,0
2026/08/30 13:45,05F0287S,05F0309S,31,89,86
2026/08/30 13:45,05F0287S,05F0309S,32,90,25
2026/08/30 13:45,05F0287S,05F0309S,41,100,5
2026/08/30 13:45,05F0287S,05F0309S,42,0,0
2026/08/30 13:45,05F0287S,05F0309S,5,0,0
2026/08/30 13:45,05F0309S,05F0439S,31,475,60
2026/08/30 13:45,05F0309S,05F0439S,32,503,8
2026/08/30 13:45,05F0309S,05F0439S,41,536,4
2026/08/30 13:45,05F0309S,05F0439S,42,486,1
2026/08/30 13:45,05F0309S,05F0439S,5,0,0
2026/08/30 13:45,05F0439S,05F0494S,31,203,45
2026/08/30 13:45,05F0439S,05F0494S,32,213,9
2026/08/30 13:45,05F0439S,05F0494S,41,0,0
2026/08/30 13:45,05F0439S,05F0494S,42,0,0
2026/08/30 13:45,05F0439S,05F0494S,5,0,0
2026/08/30 13:50,05F0000S,05F0055S,31,254,120
2026/08/30 13:50,05F0000S,05F0055S,32,260,19
2026/08/30 13:50,05F0000S,05F0055S,41,277,7
2026/08/30 13:50,05F0000S,05F0055S,42,0,0
2026/08/30 13:50,05F0000S,05F0055S,5,0,0
2026/08/30 13:50,05F0055S,05F0287S,31,1013,103
2026/08/30 13:50,05F0055S,05F0287S,32,1014,22
2026/08/30 13:50,05F0055S,05F0287S,41,1054,5
2026/08/30 13:50,05F0055S,05F0287S,42,0,0
2026/08/30 13:50,05F0055S,05F0287S,5,0,0
2026/08/30 13:50,05F0287S,05F0309S,31,87,72
2026/08/30 13:50,05F0287S,05F0309S,32,87,23
2026/08/30 13:50,05F0287S,05F0309S,41,92,2
2026/08/30 13:50,05F0287S,05F0309S,42,0,0
2026/08/30 13:50,05F0287S,05F0309S,5,0,0
2026/08/30 13:50,05F0309S,05F0439S,31,486,37
2026/08/30 13:50,05F0309S,05F0439S,32,502,10
2026/08/30 13:50,05F0309S,05F0439S,41,542,3
2026/08/30 13:50,05F0309S,05F0439S,42,552,1
2026/08/30 13:50,05F0309S,05F0439S,5,0,0
2026/08/30 13:50,05F0439S,05F0494S,31,200,37
2026/08/30 13:50,05F0439S,05F0494S,32,217,10
2026/08/30 13:50,05F0439S,05F0494S,41,239,1
2026/08/30 13:50,05F0439S,05F0494S,42,198,1
2026/08/30 13:50,05F0439S,05F0494S,5,0,0
2026/08/30 13:55,05F0000S,05F0055S,31,254,104
2026/08/30 13:55,05F0000S,05F0055S,32,253,27
2026/08/30 13:55,05F0000S,05F0055S,41,263,8
2026/08/30 13:55,05F0000S,05F0055S,42,0,0
2026/08/30 13:55,05F0000S,05F0055S,5,0,0
2026/08/30 13:55,05F0055S,05F0287S,31,1023,115
2026/08/30 13:55,05F0055S,05F0287S,32,1011,26
2026/08/30 13:55,05F0055S,05F0287S,41,1036,3
2026/08/30 13:55,05F0055S,05F0287S,42,0,0
2026/08/30 13:55,05F0055S,05F0287S,5,0,0
2026/08/30 13:55,05F0287S,05F0309S,31,88,69
2026/08/30 13:55,05F0287S,05F0309S,32,88,22
2026/08/30 13:55,05F0287S,05F0309S,41,93,3
2026/08/30 13:55,05F0287S,05F0309S,42,0,0
2026/08/30 13:55,05F0287S,05F0309S,5,0,0
2026/08/30 13:55,05F0309S,05F0439S,31,493,53
2026/08/30 13:55,05F0309S,05F0439S,32,486,21
2026/08/30 13:55,05F0309S,05F0439S,41,544,2
2026/08/30 13:55,05F0309S,05F0439S,42,0,0
2026/08/30 13:55,05F0309S,05F0439S,5,0,0
2026/08/30 13:55,05F0439S,05F0494S,31,211,34
2026/08/30 13:55,05F0439S,05F0494S,32,227,9
2026/08/30 13:55,05F0439S,05F0494S,41,219,1
2026/08/30 13:55,05F0439S,05F0494S,42,0,0
2026/08/30 13:55,05F0439S,05F0494S,5,0,0
2026/08/30 14:00,05F0000S,05F0055S,31,248,112
2026/08/30 14:00,05F0000S,05F0055S,32,251,25
2026/08/30 14:00,05F0000S,05F0055S,41,246,5
2026/08/30 14:00,05F0000S,05F0055S,42,0,0
2026/08/30 14:00,05F0000S,05F0055S,5,0,0
2026/08/30 14:00,05F0055S,05F0287S,31,1005,103
2026/08/30 14:00,05F0055S,05F0287S,32,1016,21
2026/08/30 14:00,05F0055S,05F0287S,41,1068,8
2026/08/30 14:00,05F0055S,05F0287S,42,0,0
2026/08/30 14:00,05F0055S,05F0287S,5,0,0
2026/08/30 14:00,05F0287S,05F0309S,31,86,59
2026/08/30 14:00,05F0287S,05F0309S,32,87,14
2026/08/30 14:00,05F0287S,05F0309S,41,93,8
2026/08/30 14:00,05F0287S,05F0309S,42,0,0
2026/08/30 14:00,05F0287S,05F0309S,5,0,0
2026/08/30 14:00,05F0309S,05F0439S,31,491,37
2026/08/30 14:00,05F0309S,05F0439S,32,508,9
2026/08/30 14:00,05F0309S,05F0439S,41,533,2
2026/08/30 14:00,05F0309S,05F0439S,42,0,0
2026/08/30 14:00,05F0309S,05F0439S,5,0,0
2026/08/30 14:00,05F0439S,05F0494S,31,205,33
2026/08/30 14:00,05F0439S,05F0494S,32,209,14
2026/08/30 14:00,05F0439S,05F0494S,41,0,0
2026/08/30 14:00,05F0439S,05F0494S,42,0,0
2026/08/30 14:00,05F0439S,05F0494S,5,0,0
2026/08/30 14:05,05F0000S,05F0055S,31,239,89
2026/08/30 14:05,05F0000S,05F0055S,32,247,17
2026/08/30 14:05,05F0000S,05F0055S,41,257,4
2026/08/30 14:05,05F0000S,05F0055S,42,0,0
2026/08/30 14:05,05F0000S,05F0055S,5,0,0
2026/08/30 14:05,05F0055S,05F0287S,31,1010,119
2026/08/30 14:05,05F0055S,05F0287S,32,1008,22
2026/08/30 14:05,05F0055S,05F0287S,41,1083,6
2026/08/30 14:05,05F0055S,05F0287S,42,0,0
2026/08/30 14:05,05F0055S,05F0287S,5,0,0
2026/08/30 14:05,05F0287S,05F0309S,31,87,84
2026/08/30 14:05,05F0287S,05F0309S,32,91,19
2026/08/30 14:05,05F0287S,05F0309S,41,91,3
2026/08/30 14:05,05F0287S,05F0309S,42,0,0
2026/08/30 14:05,05F0287S,05F0309S,5,0,0
2026/08/30 14:05,05F0309S,05F0439S,31,495,43
2026/08/30 14:05,05F0309S,05F0439S,32,458,10
2026/08/30 14:05,05F0309S,05F0439S,41,536,1
2026/08/30 14:05,05F0309S,05F0439S,42,538,1
2026/08/30 14:05,05F0309S,05F0439S,5,0,0
2026/08/30 14:05,05F0439S,05F0494S,31,213,33
2026/08/30 14:05,05F0439S,05F0494S,32,212,7
2026/08/30 14:05,05F0439S,05F0494S,41,225,1
2026/08/30 14:05,05F0439S,05F0494S,42,274,1
2026/08/30 14:05,05F0439S,05F0494S,5,0,0
2026/08/30 14:10,05F0000S,05F0055S,31,259,122
2026/08/30 14:10,05F0000S,05F0055S,32,259,32
2026/08/30 14:10,05F0000S,05F0055S,41,263,7
2026/08/30 14:10,05F0000S,05F0055S,42,0,0
2026/08/30 14:10,05F0000S,05F0055S,5,0,0
2026/08/30 14:10,05F0055S,05F0287S,31,1002,118
2026/08/30 14:10,05F0055S,05F0287S,32,1034,26
2026/08/30 14:10,05F0055S,05F0287S,41,1060,6
2026/08/30 14:10,05F0055S,05F0287S,42,0,0
2026/08/30 14:10,05F0055S,05F0287S,5,0,0
2026/08/30 14:10,05F0287S,05F0309S,31,87,97
2026/08/30 14:10,05F0287S,05F0309S,32,91,12
2026/08/30 14:10,05F0287S,05F0309S,41,95,6
2026/08/30 14:10,05F0287S,05F0309S,42,0,0
2026/08/30 14:10,05F0287S,05F0309S,5,0,0
2026/08/30 14:10,05F0309S,05F0439S,31,483,43
2026/08/30 14:10,05F0309S,05F0439S,32,496,7
2026/08/30 14:10,05F0309S,05F0439S,41,531,3
2026/08/30 14:10,05F0309S,05F0439S,42,0,0
2026/08/30 14:10,05F0309S,05F0439S,5,486,1
2026/08/30 14:10,05F0439S,05F0494S,31,220,35
2026/08/30 14:10,05F0439S,05F0494S,32,210,10
2026/08/30 14:10,05F0439S,05F0494S,41,261,1
2026/08/30 14:10,05F0439S,05F0494S,42,221,1
2026/08/30 14:10,05F0439S,05F0494S,5,0,0
2026/08/30 14:15,05F0000S,05F0055S,31,253,120
2026/08/30 14:15,05F0000S,05F0055S,32,252,14
2026/08/30 14:15,05F0000S,05F0055S,41,243,2
2026/08/30 14:15,05F0000S,05F0055S,42,0,0
2026/08/30 14:15,05F0000S,05F0055S,5,0,0
2026/08/30 14:15,05F0055S,05F0287S,31,1030,112
2026/08/30 14:15,05F0055S,05F0287S,32,1049,26
2026/08/30 14:15,05F0055S,05F0287S,41,1094,7
2026/08/30 14:15,05F0055S,05F0287S,42,0,0
2026/08/30 14:15,05F0055S,05F0287S,5,0,0
2026/08/30 14:15,05F0287S,05F0309S,31,89,62
2026/08/30 14:15,05F0287S,05F0309S,32,87,17
2026/08/30 14:15,05F0287S,05F0309S,41,95,6
2026/08/30 14:15,05F0287S,05F0309S,42,0,0
2026/08/30 14:15,05F0287S,05F0309S,5,0,0
2026/08/30 14:15,05F0309S,05F0439S,31,473,64
2026/08/30 14:15,05F0309S,05F0439S,32,508,12
2026/08/30 14:15,05F0309S,05F0439S,41,551,4
2026/08/30 14:15,05F0309S,05F0439S,42,524,1
2026/08/30 14:15,05F0309S,05F0439S,5,0,0
2026/08/30 14:15,05F0439S,05F0494S,31,206,44
2026/08/30 14:15,05F0439S,05F0494S,32,216,7
2026/08/30 14:15,05F0439S,05F0494S,41,225,1
2026/08/30 14:15,05F0439S,05F0494S,42,0,0
2026/08/30 14:15,05F0439S,05F0494S,5,207,1
2026/08/30 14:20,05F0000S,05F0055S,31,253,117
2026/08/30 14:20,05F0000S,05F0055S,32,261,24
2026/08/30 14:20,05F0000S,05F0055S,41,264,5
2026/08/30 14:20,05F0000S,05F0055S,42,0,0
2026/08/30 14:20,05F0000S,05F0055S,5,0,0
2026/08/30 14:20,05F0055S,05F0287S,31,984,112
2026/08/30 14:20,05F0055S,05F0287S,32,998,25
2026/08/30 14:20,05F0055S,05F0287S,41,1029,6
2026/08/30 14:20,05F0055S,05F0287S,42,0,0
2026/08/30 14:20,05F0055S,05F0287S,5,0,0
2026/08/30 14:20,05F0287S,05F0309S,31,87,87
2026/08/30 14:20,05F0287S,05F0309S,32,88,16
2026/08/30 14:20,05F0287S,05F0309S,41,91,5
2026/08/30 14:20,05F0287S,05F0309S,42,0,0
2026/08/30 14:20,05F0287S,05F0309S,5,0,0
2026/08/30 14:20,05F0309S,05F0439S,31,489,41
2026/08/30 14:20,05F0309S,05F0439S,32,504,10
2026/08/30 14:20,05F0309S,05F0439S,41,518,1
2026/08/30 14:20,05F0309S,05F0439S,42,0,0
2026/08/30 14:20,05F0309S,05F0439S,5,0,0
2026/08/30 14:20,05F0439S,05F0494S,31,202,34
2026/08/30 14:20,05F0439S,05F0494S,32,214,10
2026/08/30 14:20,05F0439S,05F0494S,41,0,0
2026/08/30 14:20,05F0439S,05F0494S,42,219,1
2026/08/30 14:20,05F0439S,05F0494S,5,0,0
2026/08/30 14:25,05F0000S,05F0055S,31,258,115
2026/08/30 14:25,05F0000S,05F0055S,32,266,20
2026/08/30 14:25,05F0000S,05F0055S,41,270,4
2026/08/30 14:25,05F0000S,05F0055S,42,0,0
2026/08/30 14:25,05F0000S,05F0055S,5,0,0
2026/08/30 14:25,05F0055S,05F0287S,31,1024,96
2026/08/30 14:25,05F0055S,05F0287S,32,1030,23
2026/08/30 14:25,05F0055S,05F0287S,41,1062,3
2026/08/30 14:25,05F0055S,05F0287S,42,0,0
2026/08/30 14:25,05F0055S,05F0287S,5,0,0
2026/08/30 14:25,05F0287S,05F0309S,31,87,52
2026/08/30 14:25,05F0287S,05F0309S,32,88,14
2026/08/30 14:25,05F0287S,05F0309S,41,92,4
2026/08/30 14:25,05F0287S,05F0309S,42,124,1
2026/08/30 14:25,05F0287S,05F0309S,5,0,0
2026/08/30 14:25,05F0309S,05F0439S,31,495,54
2026/08/30 14:25,05F0309S,05F0439S,32,495,17
2026/08/30 14:25,05F0309S,05F0439S,41,539,5
2026/08/30 14:25,05F0309S,05F0439S,42,0,0
2026/08/30 14:25,05F0309S,05F0439S,5,0,0
2026/08/30 14:25,05F0439S,05F0494S,31,215,20
2026/08/30 14:25,05F0439S,05F0494S,32,213,9
2026/08/30 14:25,05F0439S,05F0494S,41,226,2
2026/08/30 14:25,05F0439S,05F0494S,42,2060,1
2026/08/30 14:25,05F0439S,05F0494S,5,0,0
2026/08/30 14:30,05F0000S,05F0055S,31,254,110
2026/08/30 14:30,05F0000S,05F0055S,32,259,19
2026/08/30 14:30,05F0000S,05F0055S,41,273,3
2026/08/30 14:30,05F0000S,05F0055S,42,0,0
2026/08/30 14:30,05F0000S,05F0055S,5,0,0
2026/08/30 14:30,05F0055S,05F0287S,31,1037,121
2026/08/30 14:30,05F0055S,05F0287S,32,1044,27
2026/08/30 14:30,05F0055S,05F0287S,41,1066,4
2026/08/30 14:30,05F0055S,05F0287S,42,0,0
2026/08/30 14:30,05F0055S,05F0287S,5,0,0
2026/08/30 14:30,05F0287S,05F0309S,31,89,78
2026/08/30 14:30,05F0287S,05F0309S,32,90,20
2026/08/30 14:30,05F0287S,05F0309S,41,93,4
2026/08/30 14:30,05F0287S,05F0309S,42,0,0
2026/08/30 14:30,05F0287S,05F0309S,5,0,0
2026/08/30 14:30,05F0309S,05F0439S,31,485,54
2026/08/30 14:30,05F0309S,05F0439S,32,499,9
2026/08/30 14:30,05F0309S,05F0439S,41,490,1
2026/08/30 14:30,05F0309S,05F0439S,42,620,1
2026/08/30 14:30,05F0309S,05F0439S,5,0,0
2026/08/30 14:30,05F0439S,05F0494S,31,213,43
2026/08/30 14:30,05F0439S,05F0494S,32,211,9
2026/08/30 14:30,05F0439S,05F0494S,41,224,1
2026/08/30 14:30,05F0439S,05F0494S,42,0,0
2026/08/30 14:30,05F0439S,05F0494S,5,0,0
2026/08/30 14:35,05F0000S,05F0055S,31,263,129
2026/08/30 14:35,05F0000S,05F0055S,32,267,32
2026/08/30 14:35,05F0000S,05F0055S,41,272,6
2026/08/30 14:35,05F0000S,05F0055S,42,0,0
2026/08/30 14:35,05F0000S,05F0055S,5,0,0
2026/08/30 14:35,05F0055S,05F0287S,31,1000,130
2026/08/30 14:35,05F0055S,05F0287S,32,989,18
2026/08/30 14:35,05F0055S,05F0287S,41,1050,3
2026/08/30 14:35,05F0055S,05F0287S,42,0,0
2026/08/30 14:35,05F0055S,05F0287S,5,0,0
2026/08/30 14:35,05F0287S,05F0309S,31,88,91
2026/08/30 14:35,05F0287S,05F0309S,32,87,16
2026/08/30 14:35,05F0287S,05F0309S,41,87,1
2026/08/30 14:35,05F0287S,05F0309S,42,0,0
2026/08/30 14:35,05F0287S,05F0309S,5,0,0
2026/08/30 14:35,05F0309S,05F0439S,31,482,25
2026/08/30 14:35,05F0309S,05F0439S,32,497,9
2026/08/30 14:35,05F0309S,05F0439S,41,529,4
2026/08/30 14:35,05F0309S,05F0439S,42,589,1
2026/08/30 14:35,05F0309S,05F0439S,5,503,1
2026/08/30 14:35,05F0439S,05F0494S,31,204,34
2026/08/30 14:35,05F0439S,05F0494S,32,195,3
2026/08/30 14:35,05F0439S,05F0494S,41,0,0
2026/08/30 14:35,05F0439S,05F0494S,42,257,1
2026/08/30 14:35,05F0439S,05F0494S,5,0,0
2026/08/30 14:40,05F0000S,05F0055S,31,251,124
2026/08/30 14:40,05F0000S,05F0055S,32,251,23
2026/08/30 14:40,05F0000S,05F0055S,41,247,4
2026/08/30 14:40,05F0000S,05F0055S,42,0,0
2026/08/30 14:40,05F0000S,05F0055S,5,0,0
2026/08/30 14:40,05F0055S,05F0287S,31,1049,126
2026/08/30 14:40,05F0055S,05F0287S,32,1045,25
2026/08/30 14:40,05F0055S,05F0287S,41,1092,7
2026/08/30 14:40,05F0055S,05F0287S,42,0,0
2026/08/30 14:40,05F0055S,05F0287S,5,0,0
2026/08/30 14:40,05F0287S,05F0309S,31,88,61
2026/08/30 14:40,05F0287S,05F0309S,32,87,13
2026/08/30 14:40,05F0287S,05F0309S,41,97,5
2026/08/30 14:40,05F0287S,05F0309S,42,0,0
2026/08/30 14:40,05F0287S,05F0309S,5,0,0
2026/08/30 14:40,05F0309S,05F0439S,31,488,66
2026/08/30 14:40,05F0309S,05F0439S,32,500,14
2026/08/30 14:40,05F0309S,05F0439S,41,530,2
2026/08/30 14:40,05F0309S,05F0439S,42,529,1
2026/08/30 14:40,05F0309S,05F0439S,5,516,1
2026/08/30 14:40,05F0439S,05F0494S,31,207,29
2026/08/30 14:40,05F0439S,05F0494S,32,207,7
2026/08/30 14:40,05F0439S,05F0494S,41,228,1
2026/08/30 14:40,05F0439S,05F0494S,42,241,1
2026/08/30 14:40,05F0439S,05F0494S,5,207,2
2026/08/30 14:45,05F0000S,05F0055S,31,266,121
2026/08/30 14:45,05F0000S,05F0055S,32,269,28
2026/08/30 14:45,05F0000S,05F0055S,41,265,5
2026/08/30 14:45,05F0000S,05F0055S,42,0,0
2026/08/30 14:45,05F0000S,05F0055S,5,0,0
2026/08/30 14:45,05F0055S,05F0287S,31,996,121
2026/08/30 14:45,05F0055S,05F0287S,32,1004,22
2026/08/30 14:45,05F0055S,05F0287S,41,1050,4
2026/08/30 14:45,05F0055S,05F0287S,42,0,0
2026/08/30 14:45,05F0055S,05F0287S,5,0,0
2026/08/30 14:45,05F0287S,05F0309S,31,86,112
2026/08/30 14:45,05F0287S,05F0309S,32,89,12
2026/08/30 14:45,05F0287S,05F0309S,41,92,6
2026/08/30 14:45,05F0287S,05F0309S,42,0,0
2026/08/30 14:45,05F0287S,05F0309S,5,0,0
2026/08/30 14:45,05F0309S,05F0439S,31,488,43
2026/08/30 14:45,05F0309S,05F0439S,32,498,7
2026/08/30 14:45,05F0309S,05F0439S,41,520,1
2026/08/30 14:45,05F0309S,05F0439S,42,548,1
2026/08/30 14:45,05F0309S,05F0439S,5,499,1
2026/08/30 14:45,05F0439S,05F0494S,31,210,46
2026/08/30 14:45,05F0439S,05F0494S,32,227,8
2026/08/30 14:45,05F0439S,05F0494S,41,218,1
2026/08/30 14:45,05F0439S,05F0494S,42,229,2
2026/08/30 14:45,05F0439S,05F0494S,5,210,1
2026/08/30 14:50,05F0000S,05F0055S,31,258,130
2026/08/30 14:50,05F0000S,05F0055S,32,258,24
2026/08/30 14:50,05F0000S,05F0055S,41,264,6
2026/08/30 14:50,05F0000S,05F0055S,42,0,0
2026/08/30 14:50,05F0000S,05F0055S,5,0,0
2026/08/30 14:50,05F0055S,05F0287S,31,996,98
2026/08/30 14:50,05F0055S,05F0287S,32,986,25
2026/08/30 14:50,05F0055S,05F0287S,41,1001,2
2026/08/30 14:50,05F0055S,05F0287S,42,0,0
2026/08/30 14:50,05F0055S,05F0287S,5,0,0
2026/08/30 14:50,05F0287S,05F0309S,31,85,67
2026/08/30 14:50,05F0287S,05F0309S,32,83,16
2026/08/30 14:50,05F0287S,05F0309S,41,93,2
2026/08/30 14:50,05F0287S,05F0309S,42,0,0
2026/08/30 14:50,05F0287S,05F0309S,5,0,0
2026/08/30 14:50,05F0309S,05F0439S,31,481,50
2026/08/30 14:50,05F0309S,05F0439S,32,493,9
2026/08/30 14:50,05F0309S,05F0439S,41,528,3
2026/08/30 14:50,05F0309S,05F0439S,42,529,2
2026/08/30 14:50,05F0309S,05F0439S,5,0,0
2026/08/30 14:50,05F0439S,05F0494S,31,203,29
2026/08/30 14:50,05F0439S,05F0494S,32,202,10
2026/08/30 14:50,05F0439S,05F0494S,41,0,0
2026/08/30 14:50,05F0439S,05F0494S,42,742,1
2026/08/30 14:50,05F0439S,05F0494S,5,0,0
2026/08/30 14:55,05F0000S,05F0055S,31,246,88
2026/08/30 14:55,05F0000S,05F0055S,32,252,26
2026/08/30 14:55,05F0000S,05F0055S,41,257,5
2026/08/30 14:55,05F0000S,05F0055S,42,0,0
2026/08/30 14:55,05F0000S,05F0055S,5,0,0
2026/08/30 14:55,05F0055S,05F0287S,31,1030,150
2026/08/30 14:55,05F0055S,05F0287S,32,1029,36
2026/08/30 14:55,05F0055S,05F0287S,41,1038,7
2026/08/30 14:55,05F0055S,05F0287S,42,0,0
2026/08/30 14:55,05F0055S,05F0287S,5,0,0
2026/08/30 14:55,05F0287S,05F0309S,31,87,93
2026/08/30 14:55,05F0287S,05F0309S,32,88,26
2026/08/30 14:55,05F0287S,05F0309S,41,93,5
2026/08/30 14:55,05F0287S,05F0309S,42,0,0
2026/08/30 14:55,05F0287S,05F0309S,5,0,0
2026/08/30 14:55,05F0309S,05F0439S,31,473,62
2026/08/30 14:55,05F0309S,05F0439S,32,496,11
2026/08/30 14:55,05F0309S,05F0439S,41,531,2
2026/08/30 14:55,05F0309S,05F0439S,42,0,0
2026/08/30 14:55,05F0309S,05F0439S,5,0,0
2026/08/30 14:55,05F0439S,05F0494S,31,207,35
2026/08/30 14:55,05F0439S,05F0494S,32,209,7
2026/08/30 14:55,05F0439S,05F0494S,41,231,1
2026/08/30 14:55,05F0439S,05F0494S,42,215,2
2026/08/30 14:55,05F0439S,05F0494S,5,0,0
2026/08/30 15:00,05F0000S,05F0055S,31,247,106
2026/08/30 15:00,05F0000S,05F0055S,32,243,26
2026/08/30 15:00,05F0000S,05F0055S,41,267,7
2026/08/30 15:00,05F0000S,05F0055S,42,0,0
2026/08/30 15:00,05F0000S,05F0055S,5,0,0
2026/08/30 15:00,05F0055S,05F0287S,31,1023,116
2026/08/30 15:00,05F0055S,05F0287S,32,1013,19
2026/08/30 15:00,05F0055S,05F0287S,41,1052,5
2026/08/30 15:00,05F0055S,05F0287S,42,0,0
2026/08/30 15:00,05F0055S,05F0287S,5,0,0
2026/08/30 15:00,05F0287S,05F0309S,31,87,81
2026/08/30 15:00,05F0287S,05F0309S,32,85,14
2026/08/30 15:00,05F0287S,05F0309S,41,92,3
2026/08/30 15:00,05F0287S,05F0309S,42,0,0
2026/08/30 15:00,05F0287S,05F0309S,5,0,0
2026/08/30 15:00,05F0309S,05F0439S,31,501,42
2026/08/30 15:00,05F0309S,05F0439S,32,490,15
2026/08/30 15:00,05F0309S,05F0439S,41,0,0
2026/08/30 15:00,05F0309S,05F0439S,42,0,0
2026/08/30 15:00,05F0309S,05F0439S,5,0,0
2026/08/30 15:00,05F0439S,05F0494S,31,207,31
2026/08/30 15:00,05F0439S,05F0494S,32,215,5
2026/08/30 15:00,05F0439S,05F0494S,41,0,0
2026/08/30 15:00,05F0439S,05F0494S,42,193,1
2026/08/30 15:00,05F0439S,05F0494S,5,0,0
2026/08/30 15:05,05F0000S,05F0055S,31,245,90
2026/08/30 15:05,05F0000S,05F0055S,32,253,25
2026/08/30 15:05,05F0000S,05F0055S,41,251,3
2026/08/30 15:05,05F0000S,05F0055S,42,0,0
2026/08/30 15:05,05F0000S,05F0055S,5,0,0
2026/08/30 15:05,05F0055S,05F0287S,31,1035,139
2026/08/30 15:05,05F0055S,05F0287S,32,1031,25
2026/08/30 15:05,05F0055S,05F0287S,41,1058,5
2026/08/30 15:05,05F0055S,05F0287S,42,0,0
2026/08/30 15:05,05F0055S,05F0287S,5,0,0
2026/08/30 15:05,05F0287S,05F0309S,31,85,94
2026/08/30 15:05,05F0287S,05F0309S,32,92,19
2026/08/30 15:05,05F0287S,05F0309S,41,95,2
2026/08/30 15:05,05F0287S,05F0309S,42,101,1
2026/08/30 15:05,05F0287S,05F0309S,5,0,0
2026/08/30 15:05,05F0309S,05F0439S,31,483,61
2026/08/30 15:05,05F0309S,05F0439S,32,488,13
2026/08/30 15:05,05F0309S,05F0439S,41,533,5
2026/08/30 15:05,05F0309S,05F0439S,42,515,2
2026/08/30 15:05,05F0309S,05F0439S,5,0,0
2026/08/30 15:05,05F0439S,05F0494S,31,209,33
2026/08/30 15:05,05F0439S,05F0494S,32,207,6
2026/08/30 15:05,05F0439S,05F0494S,41,0,0
2026/08/30 15:05,05F0439S,05F0494S,42,206,1
2026/08/30 15:05,05F0439S,05F0494S,5,0,0
2026/08/30 15:10,05F0000S,05F0055S,31,256,112
2026/08/30 15:10,05F0000S,05F0055S,32,259,20
2026/08/30 15:10,05F0000S,05F0055S,41,259,3
2026/08/30 15:10,05F0000S,05F0055S,42,0,0
2026/08/30 15:10,05F0000S,05F0055S,5,0,0
2026/08/30 15:10,05F0055S,05F0287S,31,1016,135
2026/08/30 15:10,05F0055S,05F0287S,32,1023,33
2026/08/30 15:10,05F0055S,05F0287S,41,1077,3
2026/08/30 15:10,05F0055S,05F0287S,42,0,0
2026/08/30 15:10,05F0055S,05F0287S,5,0,0
2026/08/30 15:10,05F0287S,05F0309S,31,87,107
2026/08/30 15:10,05F0287S,05F0309S,32,89,25
2026/08/30 15:10,05F0287S,05F0309S,41,98,5
2026/08/30 15:10,05F0287S,05F0309S,42,0,0
2026/08/30 15:10,05F0287S,05F0309S,5,0,0
2026/08/30 15:10,05F0309S,05F0439S,31,493,57
2026/08/30 15:10,05F0309S,05F0439S,32,502,10
2026/08/30 15:10,05F0309S,05F0439S,41,528,3
2026/08/30 15:10,05F0309S,05F0439S,42,0,0
2026/08/30 15:10,05F0309S,05F0439S,5,0,0
2026/08/30 15:10,05F0439S,05F0494S,31,205,26
2026/08/30 15:10,05F0439S,05F0494S,32,214,5
2026/08/30 15:10,05F0439S,05F0494S,41,222,1
2026/08/30 15:10,05F0439S,05F0494S,42,256,1
2026/08/30 15:10,05F0439S,05F0494S,5,0,0
2026/08/30 15:15,05F0000S,05F0055S,31,260,111
2026/08/30 15:15,05F0000S,05F0055S,32,263,21
2026/08/30 15:15,05F0000S,05F0055S,41,264,4
2026/08/30 15:15,05F0000S,05F0055S,42,0,0
2026/08/30 15:15,05F0000S,05F0055S,5,0,0
2026/08/30 15:15,05F0055S,05F0287S,31,1012,119
2026/08/30 15:15,05F0055S,05F0287S,32,1011,23
2026/08/30 15:15,05F0055S,05F0287S,41,1044,11
2026/08/30 15:15,05F0055S,05F0287S,42,0,0
2026/08/30 15:15,05F0055S,05F0287S,5,0,0
2026/08/30 15:15,05F0287S,05F0309S,31,85,75
2026/08/30 15:15,05F0287S,05F0309S,32,92,8
2026/08/30 15:15,05F0287S,05F0309S,41,92,6
2026/08/30 15:15,05F0287S,05F0309S,42,0,0
2026/08/30 15:15,05F0287S,05F0309S,5,0,0
2026/08/30 15:15,05F0309S,05F0439S,31,481,61
2026/08/30 15:15,05F0309S,05F0439S,32,501,13
2026/08/30 15:15,05F0309S,05F0439S,41,540,2
2026/08/30 15:15,05F0309S,05F0439S,42,560,2
2026/08/30 15:15,05F0309S,05F0439S,5,522,1
2026/08/30 15:15,05F0439S,05F0494S,31,214,35
2026/08/30 15:15,05F0439S,05F0494S,32,219,10
2026/08/30 15:15,05F0439S,05F0494S,41,218,1
2026/08/30 15:15,05F0439S,05F0494S,42,0,0
2026/08/30 15:15,05F0439S,05F0494S,5,0,0
2026/08/30 15:20,05F0000S,05F0055S,31,255,109
2026/08/30 15:20,05F0000S,05F0055S,32,256,27
2026/08/30 15:20,05F0000S,05F0055S,41,262,6
2026/08/30 15:20,05F0000S,05F0055S,42,0,0
2026/08/30 15:20,05F0000S,05F0055S,5,0,0
2026/08/30 15:20,05F0055S,05F0287S,31,1009,66
2026/08/30 15:20,05F0055S,05F0287S,32,1014,28
2026/08/30 15:20,05F0055S,05F0287S,41,1091,1
2026/08/30 15:20,05F0055S,05F0287S,42,0,0
2026/08/30 15:20,05F0055S,05F0287S,5,0,0
2026/08/30 15:20,05F0287S,05F0309S,31,86,65
2026/08/30 15:20,05F0287S,05F0309S,32,87,23
2026/08/30 15:20,05F0287S,05F0309S,41,92,3
2026/08/30 15:20,05F0287S,05F0309S,42,0,0
2026/08/30 15:20,05F0287S,05F0309S,5,0,0
2026/08/30 15:20,05F0309S,05F0439S,31,477,53
2026/08/30 15:20,05F0309S,05F0439S,32,484,13
2026/08/30 15:20,05F0309S,05F0439S,41,565,1
2026/08/30 15:20,05F0309S,05F0439S,42,0,0
2026/08/30 15:20,05F0309S,05F0439S,5,0,0
2026/08/30 15:20,05F0439S,05F0494S,31,203,40
2026/08/30 15:20,05F0439S,05F0494S,32,193,13
2026/08/30 15:20,05F0439S,05F0494S,41,0,0
2026/08/30 15:20,05F0439S,05F0494S,42,226,2
2026/08/30 15:20,05F0439S,05F0494S,5,210,1
2026/08/30 15:25,05F0000S,05F0055S,31,258,101
2026/08/30 15:25,05F0000S,05F0055S,32,257,23
2026/08/30 15:25,05F0000S,05F0055S,41,270,3
2026/08/30 15:25,05F0000S,05F0055S,42,0,0
2026/08/30 15:25,05F0000S,05F0055S,5,0,0
2026/08/30 15:25,05F0055S,05F0287S,31,991,120
2026/08/30 15:25,05F0055S,05F0287S,32,995,22
2026/08/30 15:25,05F0055S,05F0287S,41,1050,4
2026/08/30 15:25,05F0055S,05F0287S,42,0,0
2026/08/30 15:25,05F0055S,05F0287S,5,0,0
2026/08/30 15:25,05F0287S,05F0309S,31,86,86
2026/08/30 15:25,05F0287S,05F0309S,32,86,17
2026/08/30 15:25,05F0287S,05F0309S,41,93,5
2026/08/30 15:25,05F0287S,05F0309S,42,0,0
2026/08/30 15:25,05F0287S,05F0309S,5,0,0
2026/08/30 15:25,05F0309S,05F0439S,31,489,41
2026/08/30 15:25,05F0309S,05F0439S,32,507,12
2026/08/30 15:25,05F0309S,05F0439S,41,562,5
2026/08/30 15:25,05F0309S,05F0439S,42,0,0
2026/08/30 15:25,05F0309S,05F0439S,5,0,0
2026/08/30 15:25,05F0439S,05F0494S,31,201,31
2026/08/30 15:25,05F0439S,05F0494S,32,201,6
2026/08/30 15:25,05F0439S,05F0494S,41,0,0
2026/08/30 15:25,05F0439S,05F0494S,42,0,0
2026/08/30 15:25,05F0439S,05F0494S,5,0,0
2026/08/30 15:30,05F0000S,05F0055S,31,255,120
2026/08/30 15:30,05F0000S,05F0055S,32,254,26
2026/08/30 15:30,05F0000S,05F0055S,41,259,7
2026/08/30 15:30,05F0000S,05F0055S,42,0,0
2026/08/30 15:30,05F0000S,05F0055S,5,0,0
2026/08/30 15:30,05F0055S,05F0287S,31,996,115
2026/08/30 15:30,05F0055S,05F0287S,32,1001,22
2026/08/30 15:30,05F0055S,05F0287S,41,1033,3
2026/08/30 15:30,05F0055S,05F0287S,42,0,0
2026/08/30 15:30,05F0055S,05F0287S,5,0,0
2026/08/30 15:30,05F0287S,05F0309S,31,85,71
2026/08/30 15:30,05F0287S,05F0309S,32,85,15
2026/08/30 15:30,05F0287S,05F0309S,41,93,2
2026/08/30 15:30,05F0287S,05F0309S,42,0,0
2026/08/30 15:30,05F0287S,05F0309S,5,0,0
2026/08/30 15:30,05F0309S,05F0439S,31,481,41
2026/08/30 15:30,05F0309S,05F0439S,32,478,10
2026/08/30 15:30,05F0309S,05F0439S,41,524,1
2026/08/30 15:30,05F0309S,05F0439S,42,0,0
2026/08/30 15:30,05F0309S,05F0439S,5,510,1
2026/08/30 15:30,05F0439S,05F0494S,31,209,31
2026/08/30 15:30,05F0439S,05F0494S,32,214,9
2026/08/30 15:30,05F0439S,05F0494S,41,217,1
2026/08/30 15:30,05F0439S,05F0494S,42,0,0
2026/08/30 15:30,05F0439S,05F0494S,5,0,0
2026/08/30 15:35,05F0000S,05F0055S,31,248,106
2026/08/30 15:35,05F0000S,05F0055S,32,258,27
2026/08/30 15:35,05F0000S,05F0055S,41,263,7
2026/08/30 15:35,05F0000S,05F0055S,42,0,0
2026/08/30 15:35,05F0000S,05F0055S,5,0,0
2026/08/30 15:35,05F0055S,05F0287S,31,996,113
2026/08/30 15:35,05F0055S,05F0287S,32,1002,28
2026/08/30 15:35,05F0055S,05F0287S,41,1018,7
2026/08/30 15:35,05F0055S,05F0287S,42,0,0
2026/08/30 15:35,05F0055S,05F0287S,5,0,0
2026/08/30 15:35,05F0287S,05F0309S,31,86,78
2026/08/30 15:35,05F0287S,05F0309S,32,87,13
2026/08/30 15:35,05F0287S,05F0309S,41,94,6
2026/08/30 15:35,05F0287S,05F0309S,42,0,0
2026/08/30 15:35,05F0287S,05F0309S,5,0,0
2026/08/30 15:35,05F0309S,05F0439S,31,482,49
2026/08/30 15:35,05F0309S,05F0439S,32,481,13
2026/08/30 15:35,05F0309S,05F0439S,41,526,2
2026/08/30 15:35,05F0309S,05F0439S,42,515,1
2026/08/30 15:35,05F0309S,05F0439S,5,0,0
2026/08/30 15:35,05F0439S,05F0494S,31,211,31
2026/08/30 15:35,05F0439S,05F0494S,32,205,11
2026/08/30 15:35,05F0439S,05F0494S,41,0,0
2026/08/30 15:35,05F0439S,05F0494S,42,0,0
2026/08/30 15:35,05F0439S,05F0494S,5,216,1
2026/08/30 15:40,05F0000S,05F0055S,31,261,109
2026/08/30 15:40,05F0000S,05F0055S,32,258,28
2026/08/30 15:40,05F0000S,05F0055S,41,254,5
2026/08/30 15:40,05F0000S,05F0055S,42,0,0
2026/08/30 15:40,05F0000S,05F0055S,5,0,0
2026/08/30 15:40,05F0055S,05F0287S,31,998,100
2026/08/30 15:40,05F0055S,05F0287S,32,1004,24
2026/08/30 15:40,05F0055S,05F0287S,41,1055,4
2026/08/30 15:40,05F0055S,05F0287S,42,0,0
2026/08/30 15:40,05F0055S,05F0287S,5,0,0
2026/08/30 15:40,05F0287S,05F0309S,31,86,64
2026/08/30 15:40,05F0287S,05F0309S,32,89,15
2026/08/30 15:40,05F0287S,05F0309S,41,90,4
2026/08/30 15:40,05F0287S,05F0309S,42,0,0
2026/08/30 15:40,05F0287S,05F0309S,5,0,0
2026/08/30 15:40,05F0309S,05F0439S,31,481,45
2026/08/30 15:40,05F0309S,05F0439S,32,494,6
2026/08/30 15:40,05F0309S,05F0439S,41,521,3
2026/08/30 15:40,05F0309S,05F0439S,42,0,0
2026/08/30 15:40,05F0309S,05F0439S,5,0,0
2026/08/30 15:40,05F0439S,05F0494S,31,205,33
2026/08/30 15:40,05F0439S,05F0494S,32,211,6
2026/08/30 15:40,05F0439S,05F0494S,41,0,0
2026/08/30 15:40,05F0439S,05F0494S,42,0,0
2026/08/30 15:40,05F0439S,05F0494S,5,0,0
2026/08/30 15:45,05F0000S,05F0055S,31,259,110
2026/08/30 15:45,05F0000S,05F0055S,32,259,27
2026/08/30 15:45,05F0000S,05F0055S,41,253,6
2026/08/30 15:45,05F0000S,05F0055S,42,0,0
2026/08/30 15:45,05F0000S,05F0055S,5,0,0
2026/08/30 15:45,05F0055S,05F0287S,31,1005,97
2026/08/30 15:45,05F0055S,05F0287S,32,1008,22
2026/08/30 15:45,05F0055S,05F0287S,41,1029,4
2026/08/30 15:45,05F0055S,05F0287S,42,0,0
2026/08/30 15:45,05F0055S,05F0287S,5,0,0
2026/08/30 15:45,05F0287S,05F0309S,31,87,75
2026/08/30 15:45,05F0287S,05F0309S,32,93,15
2026/08/30 15:45,05F0287S,05F0309S,41,91,4
2026/08/30 15:45,05F0287S,05F0309S,42,0,0
2026/08/30 15:45,05F0287S,05F0309S,5,0,0
2026/08/30 15:45,05F0309S,05F0439S,31,478,51
2026/08/30 15:45,05F0309S,05F0439S,32,509,11
2026/08/30 15:45,05F0309S,05F0439S,41,511,3
2026/08/30 15:45,05F0309S,05F0439S,42,0,0
2026/08/30 15:45,05F0309S,05F0439S,5,0,0
2026/08/30 15:45,05F0439S,05F0494S,31,207,23
2026/08/30 15:45,05F0439S,05F0494S,32,208,3
2026/08/30 15:45,05F0439S,05F0494S,41,0,0
2026/08/30 15:45,05F0439S,05F0494S,42,0,0
2026/08/30 15:45,05F0439S,05F0494S,5,0,0
2026/08/30 15:50,05F0000S,05F0055S,31,246,97
2026/08/30 15:50,05F0000S,05F0055S,32,249,21
2026/08/30 15:50,05F0000S,05F0055S,41,240,4
2026/08/30 15:50,05F0000S,05F0055S,42,0,0
2026/08/30 15:50,05F0000S,05F0055S,5,0,0
2026/08/30 15:50,05F0055S,05F0287S,31,1034,133
2026/08/30 15:50,05F0055S,05F0287S,32,1048,30
2026/08/30 15:50,05F0055S,05F0287S,41,1084,10
2026/08/30 15:50,05F0055S,05F0287S,42,0,0
2026/08/30 15:50,05F0055S,05F0287S,5,0,0
2026/08/30 15:50,05F0287S,05F0309S,31,85,82
2026/08/30 15:50,05F0287S,05F0309S,32,87,21
2026/08/30 15:50,05F0287S,05F0309S,41,93,4
2026/08/30 15:50,05F0287S,05F0309S,42,0,0
2026/08/30 15:50,05F0287S,05F0309S,5,0,0
2026/08/30 15:50,05F0309S,05F0439S,31,483,46
2026/08/30 15:50,05F0309S,05F0439S,32,491,12
2026/08/30 15:50,05F0309S,05F0439S,41,513,2
2026/08/30 15:50,05F0309S,05F0439S,42,0,0
2026/08/30 15:50,05F0309S,05F0439S,5,0,0
2026/08/30 15:50,05F0439S,05F0494S,31,208,32
2026/08/30 15:50,05F0439S,05F0494S,32,217,5
2026/08/30 15:50,05F0439S,05F0494S,41,0,0
2026/08/30 15:50,05F0439S,05F0494S,42,212,1
2026/08/30 15:50,05F0439S,05F0494S,5,0,0
2026/08/30 15:55,05F0000S,05F0055S,31,246,86
2026/08/30 15:55,05F0000S,05F0055S,32,246,22
2026/08/30 15:55,05F0000S,05F0055S,41,243,5
2026/08/30 15:55,05F0000S,05F0055S,42,0,0
2026/08/30 15:55,05F0000S,05F0055S,5,0,0
2026/08/30 15:55,05F0055S,05F0287S,31,1036,97
2026/08/30 15:55,05F0055S,05F0287S,32,1046,28
2026/08/30 15:55,05F0055S,05F0287S,41,1105,3
2026/08/30 15:55,05F0055S,05F0287S,42,0,0
2026/08/30 15:55,05F0055S,05F0287S,5,0,0
2026/08/30 15:55,05F0287S,05F0309S,31,86,83
2026/08/30 15:55,05F0287S,05F0309S,32,92,17
2026/08/30 15:55,05F0287S,05F0309S,41,93,5
2026/08/30 15:55,05F0287S,05F0309S,42,0,0
2026/08/30 15:55,05F0287S,05F0309S,5,0,0
2026/08/30 15:55,05F0309S,05F0439S,31,483,48
2026/08/30 15:55,05F0309S,05F0439S,32,505,9
2026/08/30 15:55,05F0309S,05F0439S,41,504,3
2026/08/30 15:55,05F0309S,05F0439S,42,0,0
2026/08/30 15:55,05F0309S,05F0439S,5,0,0
2026/08/30 15:55,05F0439S,05F0494S,31,202,36
2026/08/30 15:55,05F0439S,05F0494S,32,213,6
2026/08/30 15:55,05F0439S,05F0494S,41,225,2
2026/08/30 15:55,05F0439S,05F0494S,42,0,0
2026/08/30 15:55,05F0439S,05F0494S,5,0,0
2026/08/30 16:00,05F0000S,05F0055S,31,253,119
2026/08/30 16:00,05F0000S,05F0055S,32,255,21
2026/08/30 16:00,05F0000S,05F0055S,41,261,4
2026/08/30 16:00,05F0000S,05F0055S,42,0,0
2026/08/30 16:00,05F0000S,05F0055S,5,0,0
2026/08/30 16:00,05F0055S,05F0287S,31,1023,119
2026/08/30 16:00,05F0055S,05F0287S,32,1020,29
2026/08/30 16:00,05F0055S,05F0287S,41,1051,6
2026/08/30 16:00,05F0055S,05F0287S,42,0,0
2026/08/30 16:00,05F0055S,05F0287S,5,0,0
2026/08/30 16:00,05F0287S,05F0309S,31,88,100
2026/08/30 16:00,05F0287S,05F0309S,32,87,26
2026/08/30 16:00,05F0287S,05F0309S,41,93,6
2026/08/30 16:00,05F0287S,05F0309S,42,0,0
2026/08/30 16:00,05F0287S,05F0309S,5,0,0
2026/08/30 16:00,05F0309S,05F0439S,31,480,51
2026/08/30 16:00,05F0309S,05F0439S,32,491,15
2026/08/30 16:00,05F0309S,05F0439S,41,535,3
2026/08/30 16:00,05F0309S,05F0439S,42,0,0
2026/08/30 16:00,05F0309S,05F0439S,5,0,0
2026/08/30 16:00,05F0439S,05F0494S,31,199,28
2026/08/30 16:00,05F0439S,05F0494S,32,209,8
2026/08/30 16:00,05F0439S,05F0494S,41,0,0
2026/08/30 16:00,05F0439S,05F0494S,42,0,0
2026/08/30 16:00,05F0439S,05F0494S,5,0,0
2026/08/30 16:05,05F0000S,05F0055S,31,248,98
2026/08/30 16:05,05F0000S,05F0055S,32,254,19
2026/08/30 16:05,05F0000S,05F0055S,41,256,4
2026/08/30 16:05,05F0000S,05F0055S,42,256,1
2026/08/30 16:05,05F0000S,05F0055S,5,0,0
2026/08/30 16:05,05F0055S,05F0287S,31,1023,135
2026/08/30 16:05,05F0055S,05F0287S,32,1026,30
2026/08/30 16:05,05F0055S,05F0287S,41,1043,5
2026/08/30 16:05,05F0055S,05F0287S,42,0,0
2026/08/30 16:05,05F0055S,05F0287S,5,0,0
2026/08/30 16:05,05F0287S,05F0309S,31,86,76
2026/08/30 16:05,05F0287S,05F0309S,32,86,15
2026/08/30 16:05,05F0287S,05F0309S,41,94,5
2026/08/30 16:05,05F0287S,05F0309S,42,0,0
2026/08/30 16:05,05F0287S,05F0309S,5,0,0
2026/08/30 16:05,05F0309S,05F0439S,31,487,56
2026/08/30 16:05,05F0309S,05F0439S,32,486,15
2026/08/30 16:05,05F0309S,05F0439S,41,534,3
2026/08/30 16:05,05F0309S,05F0439S,42,0,0
2026/08/30 16:05,05F0309S,05F0439S,5,505,1
2026/08/30 16:05,05F0439S,05F0494S,31,211,38
2026/08/30 16:05,05F0439S,05F0494S,32,200,5
2026/08/30 16:05,05F0439S,05F0494S,41,0,0
2026/08/30 16:05,05F0439S,05F0494S,42,0,0
2026/08/30 16:05,05F0439S,05F0494S,5,0,0
2026/08/30 16:10,05F0000S,05F0055S,31,249,111
2026/08/30 16:10,05F0000S,05F0055S,32,251,11
2026/08/30 16:10,05F0000S,05F0055S,41,258,7
2026/08/30 16:10,05F0000S,05F0055S,42,0,0
2026/08/30 16:10,05F0000S,05F0055S,5,0,0
2026/08/30 16:10,05F0055S,05F0287S,31,987,89
2026/08/30 16:10,05F0055S,05F0287S,32,980,25
2026/08/30 16:10,05F0055S,05F0287S,41,1027,5
2026/08/30 16:10,05F0055S,05F0287S,42,0,0
2026/08/30 16:10,05F0055S,05F0287S,5,0,0
2026/08/30 16:10,05F0287S,05F0309S,31,88,81
2026/08/30 16:10,05F0287S,05F0309S,32,83,24
2026/08/30 16:10,05F0287S,05F0309S,41,90,2
2026/08/30 16:10,05F0287S,05F0309S,42,0,0
2026/08/30 16:10,05F0287S,05F0309S,5,0,0
2026/08/30 16:10,05F0309S,05F0439S,31,486,50
2026/08/30 16:10,05F0309S,05F0439S,32,495,10
2026/08/30 16:10,05F0309S,05F0439S,41,542,3
2026/08/30 16:10,05F0309S,05F0439S,42,0,0
2026/08/30 16:10,05F0309S,05F0439S,5,0,0
2026/08/30 16:10,05F0439S,05F0494S,31,204,36
2026/08/30 16:10,05F0439S,05F0494S,32,202,4
2026/08/30 16:10,05F0439S,05F0494S,41,0,0
2026/08/30 16:10,05F0439S,05F0494S,42,0,0
2026/08/30 16:10,05F0439S,05F0494S,5,213,1
2026/08/30 16:15,05F0000S,05F0055S,31,245,96
2026/08/30 16:15,05F0000S,05F0055S,32,248,24
2026/08/30 16:15,05F0000S,05F0055S,41,250,5
2026/08/30 16:15,05F0000S,05F0055S,42,0,0
2026/08/30 16:15,05F0000S,05F0055S,5,0,0
2026/08/30 16:15,05F0055S,05F0287S,31,987,109
2026/08/30 16:15,05F0055S,05F0287S,32,982,20
2026/08/30 16:15,05F0055S,05F0287S,41,1009,6
2026/08/30 16:15,05F0055S,05F0287S,42,0,0
2026/08/30 16:15,05F0055S,05F0287S,5,0,0
2026/08/30 16:15,05F0287S,05F0309S,31,86,74
2026/08/30 16:15,05F0287S,05F0309S,32,86,16
2026/08/30 16:15,05F0287S,05F0309S,41,92,5
2026/08/30 16:15,05F0287S,05F0309S,42,0,0
2026/08/30 16:15,05F0287S,05F0309S,5,0,0
2026/08/30 16:15,05F0309S,05F0439S,31,484,55
2026/08/30 16:15,05F0309S,05F0439S,32,477,10
2026/08/30 16:15,05F0309S,05F0439S,41,541,3
2026/08/30 16:15,05F0309S,05F0439S,42,0,0
2026/08/30 16:15,05F0309S,05F0439S,5,0,0
2026/08/30 16:15,05F0439S,05F0494S,31,199,32
2026/08/30 16:15,05F0439S,05F0494S,32,197,9
2026/08/30 16:15,05F0439S,05F0494S,41,249,1
2026/08/30 16:15,05F0439S,05F0494S,42,0,0
2026/08/30 16:15,05F0439S,05F0494S,5,0,0
2026/08/30 16:20,05F0000S,05F0055S,31,243,86
2026/08/30 16:20,05F0000S,05F0055S,32,237,21
2026/08/30 16:20,05F0000S,05F0055S,41,239,3
2026/08/30 16:20,05F0000S,05F0055S,42,0,0
2026/08/30 16:20,05F0000S,05F0055S,5,0,0
2026/08/30 16:20,05F0055S,05F0287S,31,974,112
2026/08/30 16:20,05F0055S,05F0287S,32,968,21
2026/08/30 16:20,05F0055S,05F0287S,41,1008,1
2026/08/30 16:20,05F0055S,05F0287S,42,0,0
2026/08/30 16:20,05F0055S,05F0287S,5,0,0
2026/08/30 16:20,05F0287S,05F0309S,31,85,82
2026/08/30 16:20,05F0287S,05F0309S,32,87,17
2026/08/30 16:20,05F0287S,05F0309S,41,82,1
2026/08/30 16:20,05F0287S,05F0309S,42,0,0
2026/08/30 16:20,05F0287S,05F0309S,5,0,0
2026/08/30 16:20,05F0309S,05F0439S,31,484,43
2026/08/30 16:20,05F0309S,05F0439S,32,475,16
2026/08/30 16:20,05F0309S,05F0439S,41,510,1
2026/08/30 16:20,05F0309S,05F0439S,42,534,1
2026/08/30 16:20,05F0309S,05F0439S,5,0,0
2026/08/30 16:20,05F0439S,05F0494S,31,208,27
2026/08/30 16:20,05F0439S,05F0494S,32,195,9
2026/08/30 16:20,05F0439S,05F0494S,41,0,0
2026/08/30 16:20,05F0439S,05F0494S,42,0,0
2026/08/30 16:20,05F0439S,05F0494S,5,0,0
2026/08/30 16:25,05F0000S,05F0055S,31,251,95
2026/08/30 16:25,05F0000S,05F0055S,32,247,21
2026/08/30 16:25,05F0000S,05F0055S,41,266,2
2026/08/30 16:25,05F0000S,05F0055S,42,0,0
2026/08/30 16:25,05F0000S,05F0055S,5,0,0
2026/08/30 16:25,05F0055S,05F0287S,31,973,101
2026/08/30 16:25,05F0055S,05F0287S,32,979,15
2026/08/30 16:25,05F0055S,05F0287S,41,1044,4
2026/08/30 16:25,05F0055S,05F0287S,42,0,0
2026/08/30 16:25,05F0055S,05F0287S,5,0,0
2026/08/30 16:25,05F0287S,05F0309S,31,86,81
2026/08/30 16:25,05F0287S,05F0309S,32,90,15
2026/08/30 16:25,05F0287S,05F0309S,41,92,6
2026/08/30 16:25,05F0287S,05F0309S,42,0,0
2026/08/30 16:25,05F0287S,05F0309S,5,0,0
2026/08/30 16:25,05F0309S,05F0439S,31,465,48
2026/08/30 16:25,05F0309S,05F0439S,32,489,9
2026/08/30 16:25,05F0309S,05F0439S,41,521,3
2026/08/30 16:25,05F0309S,05F0439S,42,0,0
2026/08/30 16:25,05F0309S,05F0439S,5,0,0
2026/08/30 16:25,05F0439S,05F0494S,31,199,25
2026/08/30 16:25,05F0439S,05F0494S,32,205,9
2026/08/30 16:25,05F0439S,05F0494S,41,212,1
2026/08/30 16:25,05F0439S,05F0494S,42,0,0
2026/08/30 16:25,05F0439S,05F0494S,5,0,0
2026/08/30 16:30,05F0000S,05F0055S,31,239,91
2026/08/30 16:30,05F0000S,05F0055S,32,242,16
2026/08/30 16:30,05F0000S,05F0055S,41,238,6
2026/08/30 16:30,05F0000S,05F0055S,42,248,1
2026/08/30 16:30,05F0000S,05F0055S,5,0,0
2026/08/30 16:30,05F0055S,05F0287S,31,1018,112
2026/08/30 16:30,05F0055S,05F0287S,32,1007,23
2026/08/30 16:30,05F0055S,05F0287S,41,1071,9
2026/08/30 16:30,05F0055S,05F0287S,42,0,0
2026/08/30 16:30,05F0055S,05F0287S,5,0,0
2026/08/30 16:30,05F0287S,05F0309S,31,88,64
2026/08/30 16:30,05F0287S,05F0309S,32,84,11
2026/08/30 16:30,05F0287S,05F0309S,41,90,7
2026/08/30 16:30,05F0287S,05F0309S,42,0,0
2026/08/30 16:30,05F0287S,05F0309S,5,0,0
2026/08/30 16:30,05F0309S,05F0439S,31,463,51
2026/08/30 16:30,05F0309S,05F0439S,32,502,11
2026/08/30 16:30,05F0309S,05F0439S,41,528,2
2026/08/30 16:30,05F0309S,05F0439S,42,0,0
2026/08/30 16:30,05F0309S,05F0439S,5,560,1
2026/08/30 16:30,05F0439S,05F0494S,31,202,25
2026/08/30 16:30,05F0439S,05F0494S,32,206,5
2026/08/30 16:30,05F0439S,05F0494S,41,0,0
2026/08/30 16:30,05F0439S,05F0494S,42,0,0
2026/08/30 16:30,05F0439S,05F0494S,5,0,0
2026/08/30 16:35,05F0000S,05F0055S,31,244,94
2026/08/30 16:35,05F0000S,05F0055S,32,246,28
2026/08/30 16:35,05F0000S,05F0055S,41,265,3
2026/08/30 16:35,05F0000S,05F0055S,42,0,0
2026/08/30 16:35,05F0000S,05F0055S,5,0,0
2026/08/30 16:35,05F0055S,05F0287S,31,975,102
2026/08/30 16:35,05F0055S,05F0287S,32,971,16
2026/08/30 16:35,05F0055S,05F0287S,41,994,4
2026/08/30 16:35,05F0055S,05F0287S,42,0,0
2026/08/30 16:35,05F0055S,05F0287S,5,0,0
2026/08/30 16:35,05F0287S,05F0309S,31,85,83
2026/08/30 16:35,05F0287S,05F0309S,32,84,12
2026/08/30 16:35,05F0287S,05F0309S,41,93,3
2026/08/30 16:35,05F0287S,05F0309S,42,0,0
2026/08/30 16:35,05F0287S,05F0309S,5,0,0
2026/08/30 16:35,05F0309S,05F0439S,31,481,41
2026/08/30 16:35,05F0309S,05F0439S,32,497,8
2026/08/30 16:35,05F0309S,05F0439S,41,529,2
2026/08/30 16:35,05F0309S,05F0439S,42,469,1
2026/08/30 16:35,05F0309S,05F0439S,5,496,2
2026/08/30 16:35,05F0439S,05F0494S,31,206,38
2026/08/30 16:35,05F0439S,05F0494S,32,215,5
2026/08/30 16:35,05F0439S,05F0494S,41,0,0
2026/08/30 16:35,05F0439S,05F0494S,42,0,0
2026/08/30 16:35,05F0439S,05F0494S,5,218,2
2026/08/30 16:40,05F0000S,05F0055S,31,245,104
2026/08/30 16:40,05F0000S,05F0055S,32,245,13
2026/08/30 16:40,05F0000S,05F0055S,41,255,4
2026/08/30 16:40,05F0000S,05F0055S,42,0,0
2026/08/30 16:40,05F0000S,05F0055S,5,0,0
2026/08/30 16:40,05F0055S,05F0287S,31,1039,69
2026/08/30 16:40,05F0055S,05F0287S,32,998,18
2026/08/30 16:40,05F0055S,05F0287S,41,1063,2
2026/08/30 16:40,05F0055S,05F0287S,42,0,0
2026/08/30 16:40,05F0055S,05F0287S,5,0,0
2026/08/30 16:40,05F0287S,05F0309S,31,88,55
2026/08/30 16:40,05F0287S,05F0309S,32,86,16
2026/08/30 16:40,05F0287S,05F0309S,41,97,1
2026/08/30 16:40,05F0287S,05F0309S,42,0,0
2026/08/30 16:40,05F0287S,05F0309S,5,0,0
2026/08/30 16:40,05F0309S,05F0439S,31,480,61
2026/08/30 16:40,05F0309S,05F0439S,32,483,7
2026/08/30 16:40,05F0309S,05F0439S,41,515,6
2026/08/30 16:40,05F0309S,05F0439S,42,0,0
2026/08/30 16:40,05F0309S,05F0439S,5,0,0
2026/08/30 16:40,05F0439S,05F0494S,31,204,29
2026/08/30 16:40,05F0439S,05F0494S,32,203,4
2026/08/30 16:40,05F0439S,05F0494S,41,0,0
2026/08/30 16:40,05F0439S,05F0494S,42,0,0
2026/08/30 16:40,05F0439S,05F0494S,5,217,1
2026/08/30 16:45,05F0000S,05F0055S,31,245,107
2026/08/30 16:45,05F0000S,05F0055S,32,250,16
2026/08/30 16:45,05F0000S,05F0055S,41,245,5
2026/08/30 16:45,05F0000S,05F0055S,42,0,0
2026/08/30 16:45,05F0000S,05F0055S,5,0,0
2026/08/30 16:45,05F0055S,05F0287S,31,1010,135
2026/08/30 16:45,05F0055S,05F0287S,32,1013,24
2026/08/30 16:45,05F0055S,05F0287S,41,1009,4
2026/08/30 16:45,05F0055S,05F0287S,42,1014,1
2026/08/30 16:45,05F0055S,05F0287S,5,0,0
2026/08/30 16:45,05F0287S,05F0309S,31,88,115
2026/08/30 16:45,05F0287S,05F0309S,32,86,18
2026/08/30 16:45,05F0287S,05F0309S,41,96,4
2026/08/30 16:45,05F0287S,05F0309S,42,94,1
2026/08/30 16:45,05F0287S,05F0309S,5,0,0
2026/08/30 16:45,05F0309S,05F0439S,31,483,49
2026/08/30 16:45,05F0309S,05F0439S,32,484,12
2026/08/30 16:45,05F0309S,05F0439S,41,527,1
2026/08/30 16:45,05F0309S,05F0439S,42,0,0
2026/08/30 16:45,05F0309S,05F0439S,5,0,0
2026/08/30 16:45,05F0439S,05F0494S,31,205,30
2026/08/30 16:45,05F0439S,05F0494S,32,209,5
2026/08/30 16:45,05F0439S,05F0494S,41,0,0
2026/08/30 16:45,05F0439S,05F0494S,42,0,0
2026/08/30 16:45,05F0439S,05F0494S,5,0,0
2026/08/30 16:50,05F0000S,05F0055S,31,249,103
2026/08/30 16:50,05F0000S,05F0055S,32,256,27
2026/08/30 16:50,05F0000S,05F0055S,41,246,6
2026/08/30 16:50,05F0000S,05F0055S,42,0,0
2026/08/30 16:50,05F0000S,05F0055S,5,0,0
2026/08/30 16:50,05F0055S,05F0287S,31,982,96
2026/08/30 16:50,05F0055S,05F0287S,32,988,30
2026/08/30 16:50,05F0055S,05F0287S,41,1006,3
2026/08/30 16:50,05F0055S,05F0287S,42,0,0
2026/08/30 16:50,05F0055S,05F0287S,5,0,0
2026/08/30 16:50,05F0287S,05F0309S,31,87,76
2026/08/30 16:50,05F0287S,05F0309S,32,89,17
2026/08/30 16:50,05F0287S,05F0309S,41,92,3
2026/08/30 16:50,05F0287S,05F0309S,42,0,0
2026/08/30 16:50,05F0287S,05F0309S,5,0,0
2026/08/30 16:50,05F0309S,05F0439S,31,486,49
2026/08/30 16:50,05F0309S,05F0439S,32,479,10
2026/08/30 16:50,05F0309S,05F0439S,41,540,1
2026/08/30 16:50,05F0309S,05F0439S,42,0,0
2026/08/30 16:50,05F0309S,05F0439S,5,0,0
2026/08/30 16:50,05F0439S,05F0494S,31,212,30
2026/08/30 16:50,05F0439S,05F0494S,32,202,12
2026/08/30 16:50,05F0439S,05F0494S,41,0,0
2026/08/30 16:50,05F0439S,05F0494S,42,0,0
2026/08/30 16:50,05F0439S,05F0494S,5,0,0
2026/08/30 16:55,05F0000S,05F0055S,31,243,88
2026/08/30 16:55,05F0000S,05F0055S,32,245,20
2026/08/30 16:55,05F0000S,05F0055S,41,245,8
2026/08/30 16:55,05F0000S,05F0055S,42,0,0
2026/08/30 16:55,05F0000S,05F0055S,5,0,0
2026/08/30 16:55,05F0055S,05F0287S,31,991,101
2026/08/30 16:55,05F0055S,05F0287S,32,993,17
2026/08/30 16:55,05F0055S,05F0287S,41,1051,7
2026/08/30 16:55,05F0055S,05F0287S,42,0,0
2026/08/30 16:55,05F0055S,05F0287S,5,0,0
2026/08/30 16:55,05F0287S,05F0309S,31,85,67
2026/08/30 16:55,05F0287S,05F0309S,32,86,16
2026/08/30 16:55,05F0287S,05F0309S,41,95,3
2026/08/30 16:55,05F0287S,05F0309S,42,0,0
2026/08/30 16:55,05F0287S,05F0309S,5,0,0
2026/08/30 16:55,05F0309S,05F0439S,31,482,56
2026/08/30 16:55,05F0309S,05F0439S,32,468,7
2026/08/30 16:55,05F0309S,05F0439S,41,529,1
2026/08/30 16:55,05F0309S,05F0439S,42,516,1
2026/08/30 16:55,05F0309S,05F0439S,5,0,0
2026/08/30 16:55,05F0439S,05F0494S,31,206,30
2026/08/30 16:55,05F0439S,05F0494S,32,221,6
2026/08/30 16:55,05F0439S,05F0494S,41,0,0
2026/08/30 16:55,05F0439S,05F0494S,42,0,0
2026/08/30 16:55,05F0439S,05F0494S,5,0,0
2026/08/30 17:00,05F0000S,05F0055S,31,240,108
2026/08/30 17:00,05F0000S,05F0055S,32,244,17
2026/08/30 17:00,05F0000S,05F0055S,41,245,4
2026/08/30 17:00,05F0000S,05F0055S,42,0,0
2026/08/30 17:00,05F0000S,05F0055S,5,0,0
2026/08/30 17:00,05F0055S,05F0287S,31,979,100
2026/08/30 17:00,05F0055S,05F0287S,32,981,15
2026/08/30 17:00,05F0055S,05F0287S,41,993,4
2026/08/30 17:00,05F0055S,05F0287S,42,0,0
2026/08/30 17:00,05F0055S,05F0287S,5,0,0
2026/08/30 17:00,05F0287S,05F0309S,31,86,78
2026/08/30 17:00,05F0287S,05F0309S,32,87,7
2026/08/30 17:00,05F0287S,05F0309S,41,92,7
2026/08/30 17:00,05F0287S,05F0309S,42,0,0
2026/08/30 17:00,05F0287S,05F0309S,5,0,0
2026/08/30 17:00,05F0309S,05F0439S,31,460,48
2026/08/30 17:00,05F0309S,05F0439S,32,489,13
2026/08/30 17:00,05F0309S,05F0439S,41,535,3
2026/08/30 17:00,05F0309S,05F0439S,42,0,0
2026/08/30 17:00,05F0309S,05F0439S,5,476,1
2026/08/30 17:00,05F0439S,05F0494S,31,201,30
2026/08/30 17:00,05F0439S,05F0494S,32,193,9
2026/08/30 17:00,05F0439S,05F0494S,41,0,0
2026/08/30 17:00,05F0439S,05F0494S,42,0,0
2026/08/30 17:00,05F0439S,05F0494S,5,0,0
2026/08/30 17:05,05F0000S,05F0055S,31,242,104
2026/08/30 17:05,05F0000S,05F0055S,32,243,23
2026/08/30 17:05,05F0000S,05F0055S,41,246,5
2026/08/30 17:05,05F0000S,05F0055S,42,0,0
2026/08/30 17:05,05F0000S,05F0055S,5,0,0
2026/08/30 17:05,05F0055S,05F0287S,31,991,108
2026/08/30 17:05,05F0055S,05F0287S,32,997,24
2026/08/30 17:05,05F0055S,05F0287S,41,1025,6
2026/08/30 17:05,05F0055S,05F0287S,42,0,0
2026/08/30 17:05,05F0055S,05F0287S,5,0,0
2026/08/30 17:05,05F0287S,05F0309S,31,87,85
2026/08/30 17:05,05F0287S,05F0309S,32,88,19
2026/08/30 17:05,05F0287S,05F0309S,41,94,2
2026/08/30 17:05,05F0287S,05F0309S,42,0,0
2026/08/30 17:05,05F0287S,05F0309S,5,0,0
2026/08/30 17:05,05F0309S,05F0439S,31,481,48
2026/08/30 17:05,05F0309S,05F0439S,32,467,11
2026/08/30 17:05,05F0309S,05F0439S,41,524,3
2026/08/30 17:05,05F0309S,05F0439S,42,0,0
2026/08/30 17:05,05F0309S,05F0439S,5,0,0
2026/08/30 17:05,05F0439S,05F0494S,31,206,27
2026/08/30 17:05,05F0439S,05F0494S,32,213,7
2026/08/30 17:05,05F0439S,05F0494S,41,227,1
2026/08/30 17:05,05F0439S,05F0494S,42,0,0
2026/08/30 17:05,05F0439S,05F0494S,5,203,1
2026/08/30 17:10,05F0000S,05F0055S,31,247,91
2026/08/30 17:10,05F0000S,05F0055S,32,248,22
2026/08/30 17:10,05F0000S,05F0055S,41,255,4
2026/08/30 17:10,05F0000S,05F0055S,42,0,0
2026/08/30 17:10,05F0000S,05F0055S,5,0,0
2026/08/30 17:10,05F0055S,05F0287S,31,1010,107
2026/08/30 17:10,05F0055S,05F0287S,32,1011,25
2026/08/30 17:10,05F0055S,05F0287S,41,1032,5
2026/08/30 17:10,05F0055S,05F0287S,42,0,0
2026/08/30 17:10,05F0055S,05F0287S,5,0,0
2026/08/30 17:10,05F0287S,05F0309S,31,85,70
2026/08/30 17:10,05F0287S,05F0309S,32,84,14
2026/08/30 17:10,05F0287S,05F0309S,41,91,3
2026/08/30 17:10,05F0287S,05F0309S,42,0,0
2026/08/30 17:10,05F0287S,05F0309S,5,0,0
2026/08/30 17:10,05F0309S,05F0439S,31,481,50
2026/08/30 17:10,05F0309S,05F0439S,32,493,8
2026/08/30 17:10,05F0309S,05F0439S,41,518,3
2026/08/30 17:10,05F0309S,05F0439S,42,560,1
2026/08/30 17:10,05F0309S,05F0439S,5,514,3
2026/08/30 17:10,05F0439S,05F0494S,31,207,29
2026/08/30 17:10,05F0439S,05F0494S,32,217,4
2026/08/30 17:10,05F0439S,05F0494S,41,230,1
2026/08/30 17:10,05F0439S,05F0494S,42,248,1
2026/08/30 17:10,05F0439S,05F0494S,5,0,0
2026/08/30 17:15,05F0000S,05F0055S,31,249,119
2026/08/30 17:15,05F0000S,05F0055S,32,239,20
2026/08/30 17:15,05F0000S,05F0055S,41,263,4
2026/08/30 17:15,05F0000S,05F0055S,42,0,0
2026/08/30 17:15,05F0000S,05F0055S,5,0,0
2026/08/30 17:15,05F0055S,05F0287S,31,996,110
2026/08/30 17:15,05F0055S,05F0287S,32,1004,21
2026/08/30 17:15,05F0055S,05F0287S,41,1045,7
2026/08/30 17:15,05F0055S,05F0287S,42,0,0
2026/08/30 17:15,05F0055S,05F0287S,5,0,0
2026/08/30 17:15,05F0287S,05F0309S,31,88,85
2026/08/30 17:15,05F0287S,05F0309S,32,89,18
2026/08/30 17:15,05F0287S,05F0309S,41,91,6
2026/08/30 17:15,05F0287S,05F0309S,42,0,0
2026/08/30 17:15,05F0287S,05F0309S,5,0,0
2026/08/30 17:15,05F0309S,05F0439S,31,488,46
2026/08/30 17:15,05F0309S,05F0439S,32,493,12
2026/08/30 17:15,05F0309S,05F0439S,41,0,0
2026/08/30 17:15,05F0309S,05F0439S,42,565,2
2026/08/30 17:15,05F0309S,05F0439S,5,0,0
2026/08/30 17:15,05F0439S,05F0494S,31,202,29
2026/08/30 17:15,05F0439S,05F0494S,32,214,3
2026/08/30 17:15,05F0439S,05F0494S,41,0,0
2026/08/30 17:15,05F0439S,05F0494S,42,0,0
2026/08/30 17:15,05F0439S,05F0494S,5,209,2
2026/08/30 17:20,05F0000S,05F0055S,31,249,92
2026/08/30 17:20,05F0000S,05F0055S,32,252,18
2026/08/30 17:20,05F0000S,05F0055S,41,255,9
2026/08/30 17:20,05F0000S,05F0055S,42,0,0
2026/08/30 17:20,05F0000S,05F0055S,5,0,0
2026/08/30 17:20,05F0055S,05F0287S,31,986,106
2026/08/30 17:20,05F0055S,05F0287S,32,983,24
2026/08/30 17:20,05F0055S,05F0287S,41,1003,7
2026/08/30 17:20,05F0055S,05F0287S,42,0,0
2026/08/30 17:20,05F0055S,05F0287S,5,0,0
2026/08/30 17:20,05F0287S,05F0309S,31,86,90
2026/08/30 17:20,05F0287S,05F0309S,32,92,15
2026/08/30 17:20,05F0287S,05F0309S,41,90,4
2026/08/30 17:20,05F0287S,05F0309S,42,0,0
2026/08/30 17:20,05F0287S,05F0309S,5,0,0
2026/08/30 17:20,05F0309S,05F0439S,31,487,59
2026/08/30 17:20,05F0309S,05F0439S,32,481,8
2026/08/30 17:20,05F0309S,05F0439S,41,540,2
2026/08/30 17:20,05F0309S,05F0439S,42,0,0
2026/08/30 17:20,05F0309S,05F0439S,5,0,0
2026/08/30 17:20,05F0439S,05F0494S,31,203,24
2026/08/30 17:20,05F0439S,05F0494S,32,216,11
2026/08/30 17:20,05F0439S,05F0494S,41,0,0
2026/08/30 17:20,05F0439S,05F0494S,42,237,2
2026/08/30 17:20,05F0439S,05F0494S,5,0,0
2026/08/30 17:25,05F0000S,05F0055S,31,242,96
2026/08/30 17:25,05F0000S,05F0055S,32,243,22
2026/08/30 17:25,05F0000S,05F0055S,41,240,3
2026/08/30 17:25,05F0000S,05F0055S,42,0,0
2026/08/30 17:25,05F0000S,05F0055S,5,0,0
2026/08/30 17:25,05F0055S,05F0287S,31,989,97
2026/08/30 17:25,05F0055S,05F0287S,32,987,27
2026/08/30 17:25,05F0055S,05F0287S,41,996,2
2026/08/30 17:25,05F0055S,05F0287S,42,0,0
2026/08/30 17:25,05F0055S,05F0287S,5,0,0
2026/08/30 17:25,05F0287S,05F0309S,31,87,85
2026/08/30 17:25,05F0287S,05F0309S,32,89,21
2026/08/30 17:25,05F0287S,05F0309S,41,93,1
2026/08/30 17:25,05F0287S,05F0309S,42,0,0
2026/08/30 17:25,05F0287S,05F0309S,5,0,0
2026/08/30 17:25,05F0309S,05F0439S,31,487,52
2026/08/30 17:25,05F0309S,05F0439S,32,521,13
2026/08/30 17:25,05F0309S,05F0439S,41,514,4
2026/08/30 17:25,05F0309S,05F0439S,42,0,0
2026/08/30 17:25,05F0309S,05F0439S,5,0,0
2026/08/30 17:25,05F0439S,05F0494S,31,201,29
2026/08/30 17:25,05F0439S,05F0494S,32,220,5
2026/08/30 17:25,05F0439S,05F0494S,41,0,0
2026/08/30 17:25,05F0439S,05F0494S,42,0,0
2026/08/30 17:25,05F0439S,05F0494S,5,0,0
2026/08/30 17:30,05F0000S,05F0055S,31,247,100
2026/08/30 17:30,05F0000S,05F0055S,32,252,18
2026/08/30 17:30,05F0000S,05F0055S,41,253,6
2026/08/30 17:30,05F0000S,05F0055S,42,0,0
2026/08/30 17:30,05F0000S,05F0055S,5,0,0
2026/08/30 17:30,05F0055S,05F0287S,31,1002,133
2026/08/30 17:30,05F0055S,05F0287S,32,1013,24
2026/08/30 17:30,05F0055S,05F0287S,41,1010,5
2026/08/30 17:30,05F0055S,05F0287S,42,0,0
2026/08/30 17:30,05F0055S,05F0287S,5,0,0
2026/08/30 17:30,05F0287S,05F0309S,31,87,78
2026/08/30 17:30,05F0287S,05F0309S,32,90,15
2026/08/30 17:30,05F0287S,05F0309S,41,91,4
2026/08/30 17:30,05F0287S,05F0309S,42,0,0
2026/08/30 17:30,05F0287S,05F0309S,5,0,0
2026/08/30 17:30,05F0309S,05F0439S,31,488,53
2026/08/30 17:30,05F0309S,05F0439S,32,518,10
2026/08/30 17:30,05F0309S,05F0439S,41,517,1
2026/08/30 17:30,05F0309S,05F0439S,42,0,0
2026/08/30 17:30,05F0309S,05F0439S,5,0,0
2026/08/30 17:30,05F0439S,05F0494S,31,206,22
2026/08/30 17:30,05F0439S,05F0494S,32,220,9
2026/08/30 17:30,05F0439S,05F0494S,41,227,1
2026/08/30 17:30,05F0439S,05F0494S,42,0,0
2026/08/30 17:30,05F0439S,05F0494S,5,0,0
2026/08/30 17:35,05F0000S,05F0055S,31,240,95
2026/08/30 17:35,05F0000S,05F0055S,32,238,22
2026/08/30 17:35,05F0000S,05F0055S,41,241,2
2026/08/30 17:35,05F0000S,05F0055S,42,0,0
2026/08/30 17:35,05F0000S,05F0055S,5,0,0
2026/08/30 17:35,05F0055S,05F0287S,31,980,89
2026/08/30 17:35,05F0055S,05F0287S,32,999,17
2026/08/30 17:35,05F0055S,05F0287S,41,1020,6
2026/08/30 17:35,05F0055S,05F0287S,42,0,0
2026/08/30 17:35,05F0055S,05F0287S,5,0,0
2026/08/30 17:35,05F0287S,05F0309S,31,89,91
2026/08/30 17:35,05F0287S,05F0309S,32,87,12
2026/08/30 17:35,05F0287S,05F0309S,41,93,4
2026/08/30 17:35,05F0287S,05F0309S,42,0,0
2026/08/30 17:35,05F0287S,05F0309S,5,0,0
2026/08/30 17:35,05F0309S,05F0439S,31,483,44
2026/08/30 17:35,05F0309S,05F0439S,32,481,13
2026/08/30 17:35,05F0309S,05F0439S,41,495,1
2026/08/30 17:35,05F0309S,05F0439S,42,0,0
2026/08/30 17:35,05F0309S,05F0439S,5,0,0
2026/08/30 17:35,05F0439S,05F0494S,31,207,31
2026/08/30 17:35,05F0439S,05F0494S,32,207,13
2026/08/30 17:35,05F0439S,05F0494S,41,333,1
2026/08/30 17:35,05F0439S,05F0494S,42,0,0
2026/08/30 17:35,05F0439S,05F0494S,5,0,0
2026/08/30 17:40,05F0000S,05F0055S,31,238,70
2026/08/30 17:40,05F0000S,05F0055S,32,237,22
2026/08/30 17:40,05F0000S,05F0055S,41,241,4
2026/08/30 17:40,05F0000S,05F0055S,42,0,0
2026/08/30 17:40,05F0000S,05F0055S,5,0,0
2026/08/30 17:40,05F0055S,05F0287S,31,1004,116
2026/08/30 17:40,05F0055S,05F0287S,32,996,22
2026/08/30 17:40,05F0055S,05F0287S,41,1039,5
2026/08/30 17:40,05F0055S,05F0287S,42,0,0
2026/08/30 17:40,05F0055S,05F0287S,5,0,0
2026/08/30 17:40,05F0287S,05F0309S,31,84,77
2026/08/30 17:40,05F0287S,05F0309S,32,86,23
2026/08/30 17:40,05F0287S,05F0309S,41,93,7
2026/08/30 17:40,05F0287S,05F0309S,42,0,0
2026/08/30 17:40,05F0287S,05F0309S,5,0,0
2026/08/30 17:40,05F0309S,05F0439S,31,486,62
2026/08/30 17:40,05F0309S,05F0439S,32,492,12
2026/08/30 17:40,05F0309S,05F0439S,41,536,3
2026/08/30 17:40,05F0309S,05F0439S,42,494,1
2026/08/30 17:40,05F0309S,05F0439S,5,0,0
2026/08/30 17:40,05F0439S,05F0494S,31,203,27
2026/08/30 17:40,05F0439S,05F0494S,32,193,4
2026/08/30 17:40,05F0439S,05F0494S,41,994,1
2026/08/30 17:40,05F0439S,05F0494S,42,0,0
2026/08/30 17:40,05F0439S,05F0494S,5,0,0
2026/08/30 17:45,05F0000S,05F0055S,31,248,98
2026/08/30 17:45,05F0000S,05F0055S,32,248,18
2026/08/30 17:45,05F0000S,05F0055S,41,257,7
2026/08/30 17:45,05F0000S,05F0055S,42,0,0
2026/08/30 17:45,05F0000S,05F0055S,5,0,0
2026/08/30 17:45,05F0055S,05F0287S,31,973,98
2026/08/30 17:45,05F0055S,05F0287S,32,981,25
2026/08/30 17:45,05F0055S,05F0287S,41,1025,5
2026/08/30 17:45,05F0055S,05F0287S,42,0,0
2026/08/30 17:45,05F0055S,05F0287S,5,0,0
2026/08/30 17:45,05F0287S,05F0309S,31,87,86
2026/08/30 17:45,05F0287S,05F0309S,32,87,20
2026/08/30 17:45,05F0287S,05F0309S,41,96,3
2026/08/30 17:45,05F0287S,05F0309S,42,0,0
2026/08/30 17:45,05F0287S,05F0309S,5,0,0
2026/08/30 17:45,05F0309S,05F0439S,31,488,42
2026/08/30 17:45,05F0309S,05F0439S,32,476,10
2026/08/30 17:45,05F0309S,05F0439S,41,526,4
2026/08/30 17:45,05F0309S,05F0439S,42,0,0
2026/08/30 17:45,05F0309S,05F0439S,5,586,1
2026/08/30 17:45,05F0439S,05F0494S,31,214,17
2026/08/30 17:45,05F0439S,05F0494S,32,213,5
2026/08/30 17:45,05F0439S,05F0494S,41,0,0
2026/08/30 17:45,05F0439S,05F0494S,42,202,1
2026/08/30 17:45,05F0439S,05F0494S,5,0,0
2026/08/30 17:50,05F0000S,05F0055S,31,250,95
2026/08/30 17:50,05F0000S,05F0055S,32,247,15
2026/08/30 17:50,05F0000S,05F0055S,41,257,6
2026/08/30 17:50,05F0000S,05F0055S,42,0,0
2026/08/30 17:50,05F0000S,05F0055S,5,0,0
2026/08/30 17:50,05F0055S,05F0287S,31,991,112
2026/08/30 17:50,05F0055S,05F0287S,32,986,22
2026/08/30 17:50,05F0055S,05F0287S,41,1000,4
2026/08/30 17:50,05F0055S,05F0287S,42,0,0
2026/08/30 17:50,05F0055S,05F0287S,5,0,0
2026/08/30 17:50,05F0287S,05F0309S,31,86,85
2026/08/30 17:50,05F0287S,05F0309S,32,88,18
2026/08/30 17:50,05F0287S,05F0309S,41,92,4
2026/08/30 17:50,05F0287S,05F0309S,42,0,0
2026/08/30 17:50,05F0287S,05F0309S,5,0,0
2026/08/30 17:50,05F0309S,05F0439S,31,479,47
2026/08/30 17:50,05F0309S,05F0439S,32,483,15
2026/08/30 17:50,05F0309S,05F0439S,41,523,4
2026/08/30 17:50,05F0309S,05F0439S,42,0,0
2026/08/30 17:50,05F0309S,05F0439S,5,0,0
2026/08/30 17:50,05F0439S,05F0494S,31,201,24
2026/08/30 17:50,05F0439S,05F0494S,32,205,9
2026/08/30 17:50,05F0439S,05F0494S,41,0,0
2026/08/30 17:50,05F0439S,05F0494S,42,0,0
2026/08/30 17:50,05F0439S,05F0494S,5,0,0
2026/08/30 17:55,05F0000S,05F0055S,31,247,81
2026/08/30 17:55,05F0000S,05F0055S,32,252,22
2026/08/30 17:55,05F0000S,05F0055S,41,261,3
2026/08/30 17:55,05F0000S,05F0055S,42,0,0
2026/08/30 17:55,05F0000S,05F0055S,5,0,0
2026/08/30 17:55,05F0055S,05F0287S,31,968,89
2026/08/30 17:55,05F0055S,05F0287S,32,978,26
2026/08/30 17:55,05F0055S,05F0287S,41,1007,5
2026/08/30 17:55,05F0055S,05F0287S,42,0,0
2026/08/30 17:55,05F0055S,05F0287S,5,0,0
2026/08/30 17:55,05F0287S,05F0309S,31,87,68
2026/08/30 17:55,05F0287S,05F0309S,32,87,24
2026/08/30 17:55,05F0287S,05F0309S,41,94,3
2026/08/30 17:55,05F0287S,05F0309S,42,0,0
2026/08/30 17:55,05F0287S,05F0309S,5,0,0
2026/08/30 17:55,05F0309S,05F0439S,31,463,47
2026/08/30 17:55,05F0309S,05F0439S,32,488,16
2026/08/30 17:55,05F0309S,05F0439S,41,505,1
2026/08/30 17:55,05F0309S,05F0439S,42,0,0
2026/08/30 17:55,05F0309S,05F0439S,5,0,0
2026/08/30 17:55,05F0439S,05F0494S,31,199,18
2026/08/30 17:55,05F0439S,05F0494S,32,207,5
2026/08/30 17:55,05F0439S,05F0494S,41,0,0
2026/08/30 17:55,05F0439S,05F0494S,42,0,0
2026/08/30 17:55,05F0439S,05F0494S,5,0,0
2026/08/30 18:00,05F0000S,05F0055S,31,243,88
2026/08/30 18:00,05F0000S,05F0055S,32,246,21
2026/08/30 18:00,05F0000S,05F0055S,41,244,7
2026/08/30 18:00,05F0000S,05F0055S,42,0,0
2026/08/30 18:00,05F0000S,05F0055S,5,0,0
2026/08/30 18:00,05F0055S,05F0287S,31,972,81
2026/08/30 18:00,05F0055S,05F0287S,32,972,20
2026/08/30 18:00,05F0055S,05F0287S,41,1001,4
2026/08/30 18:00,05F0055S,05F0287S,42,0,0
2026/08/30 18:00,05F0055S,05F0287S,5,0,0
2026/08/30 18:00,05F0287S,05F0309S,31,86,62
2026/08/30 18:00,05F0287S,05F0309S,32,87,15
2026/08/30 18:00,05F0287S,05F0309S,41,90,2
2026/08/30 18:00,05F0287S,05F0309S,42,0,0
2026/08/30 18:00,05F0287S,05F0309S,5,0,0
2026/08/30 18:00,05F0309S,05F0439S,31,494,47
2026/08/30 18:00,05F0309S,05F0439S,32,499,11
2026/08/30 18:00,05F0309S,05F0439S,41,530,2
2026/08/30 18:00,05F0309S,05F0439S,42,477,3
2026/08/30 18:00,05F0309S,05F0439S,5,0,0
2026/08/30 18:00,05F0439S,05F0494S,31,200,22
2026/08/30 18:00,05F0439S,05F0494S,32,191,3
2026/08/30 18:00,05F0439S,05F0494S,41,0,0
2026/08/30 18:00,05F0439S,05F0494S,42,0,0
2026/08/30 18:00,05F0439S,05F0494S,5,0,0
2026/08/30 18:05,05F0000S,05F0055S,31,243,76
2026/08/30 18:05,05F0000S,05F0055S,32,240,17
2026/08/30 18:05,05F0000S,05F0055S,41,255,4
2026/08/30 18:05,05F0000S,05F0055S,42,0,0
2026/08/30 18:05,05F0000S,05F0055S,5,0,0
2026/08/30 18:05,05F0055S,05F0287S,31,988,99
2026/08/30 18:05,05F0055S,05F0287S,32,992,12
2026/08/30 18:05,05F0055S,05F0287S,41,1031,6
2026/08/30 18:05,05F0055S,05F0287S,42,0,0
2026/08/30 18:05,05F0055S,05F0287S,5,0,0
2026/08/30 18:05,05F0287S,05F0309S,31,86,79
2026/08/30 18:05,05F0287S,05F0309S,32,90,13
2026/08/30 18:05,05F0287S,05F0309S,41,95,6
2026/08/30 18:05,05F0287S,05F0309S,42,0,0
2026/08/30 18:05,05F0287S,05F0309S,5,0,0
2026/08/30 18:05,05F0309S,05F0439S,31,477,45
2026/08/30 18:05,05F0309S,05F0439S,32,466,15
2026/08/30 18:05,05F0309S,05F0439S,41,519,2
2026/08/30 18:05,05F0309S,05F0439S,42,0,0
2026/08/30 18:05,05F0309S,05F0439S,5,0,0
2026/08/30 18:05,05F0439S,05F0494S,31,197,16
2026/08/30 18:05,05F0439S,05F0494S,32,220,7
2026/08/30 18:05,05F0439S,05F0494S,41,0,0
2026/08/30 18:05,05F0439S,05F0494S,42,206,3
2026/08/30 18:05,05F0439S,05F0494S,5,0,0
2026/08/30 18:10,05F0000S,05F0055S,31,245,76
2026/08/30 18:10,05F0000S,05F0055S,32,247,20
2026/08/30 18:10,05F0000S,05F0055S,41,261,7
2026/08/30 18:10,05F0000S,05F0055S,42,272,1
2026/08/30 18:10,05F0000S,05F0055S,5,0,0
2026/08/30 18:10,05F0055S,05F0287S,31,1003,92
2026/08/30 18:10,05F0055S,05F0287S,32,1003,25
2026/08/30 18:10,05F0055S,05F0287S,41,1036,5
2026/08/30 18:10,05F0055S,05F0287S,42,0,0
2026/08/30 18:10,05F0055S,05F0287S,5,0,0
2026/08/30 18:10,05F0287S,05F0309S,31,89,71
2026/08/30 18:10,05F0287S,05F0309S,32,89,21
2026/08/30 18:10,05F0287S,05F0309S,41,94,4
2026/08/30 18:10,05F0287S,05F0309S,42,0,0
2026/08/30 18:10,05F0287S,05F0309S,5,0,0
2026/08/30 18:10,05F0309S,05F0439S,31,474,46
2026/08/30 18:10,05F0309S,05F0439S,32,481,12
2026/08/30 18:10,05F0309S,05F0439S,41,522,1
2026/08/30 18:10,05F0309S,05F0439S,42,0,0
2026/08/30 18:10,05F0309S,05F0439S,5,0,0
2026/08/30 18:10,05F0439S,05F0494S,31,216,19
2026/08/30 18:10,05F0439S,05F0494S,32,207,5
2026/08/30 18:10,05F0439S,05F0494S,41,0,0
2026/08/30 18:10,05F0439S,05F0494S,42,0,0
2026/08/30 18:10,05F0439S,05F0494S,5,0,0
2026/08/30 18:15,05F0000S,05F0055S,31,245,74
2026/08/30 18:15,05F0000S,05F0055S,32,245,14
2026/08/30 18:15,05F0000S,05F0055S,41,254,6
2026/08/30 18:15,05F0000S,05F0055S,42,0,0
2026/08/30 18:15,05F0000S,05F0055S,5,0,0
2026/08/30 18:15,05F0055S,05F0287S,31,1008,94
2026/08/30 18:15,05F0055S,05F0287S,32,1004,30
2026/08/30 18:15,05F0055S,05F0287S,41,1041,7
2026/08/30 18:15,05F0055S,05F0287S,42,0,0
2026/08/30 18:15,05F0055S,05F0287S,5,0,0
2026/08/30 18:15,05F0287S,05F0309S,31,86,76
2026/08/30 18:15,05F0287S,05F0309S,32,87,13
2026/08/30 18:15,05F0287S,05F0309S,41,90,4
2026/08/30 18:15,05F0287S,05F0309S,42,0,0
2026/08/30 18:15,05F0287S,05F0309S,5,0,0
2026/08/30 18:15,05F0309S,05F0439S,31,489,47
2026/08/30 18:15,05F0309S,05F0439S,32,488,9
2026/08/30 18:15,05F0309S,05F0439S,41,537,4
2026/08/30 18:15,05F0309S,05F0439S,42,0,0
2026/08/30 18:15,05F0309S,05F0439S,5,0,0
2026/08/30 18:15,05F0439S,05F0494S,31,206,16
2026/08/30 18:15,05F0439S,05F0494S,32,210,5
2026/08/30 18:15,05F0439S,05F0494S,41,0,0
2026/08/30 18:15,05F0439S,05F0494S,42,0,0
2026/08/30 18:15,05F0439S,05F0494S,5,0,0
2026/08/30 18:20,05F0000S,05F0055S,31,244,89
2026/08/30 18:20,05F0000S,05F0055S,32,248,15
2026/08/30 18:20,05F0000S,05F0055S,41,244,8
2026/08/30 18:20,05F0000S,05F0055S,42,0,0
2026/08/30 18:20,05F0000S,05F0055S,5,0,0
2026/08/30 18:20,05F0055S,05F0287S,31,988,94
2026/08/30 18:20,05F0055S,05F0287S,32,991,23
2026/08/30 18:20,05F0055S,05F0287S,41,1027,5
2026/08/30 18:20,05F0055S,05F0287S,42,0,0
2026/08/30 18:20,05F0055S,05F0287S,5,0,0
2026/08/30 18:20,05F0287S,05F0309S,31,87,73
2026/08/30 18:20,05F0287S,05F0309S,32,84,20
2026/08/30 18:20,05F0287S,05F0309S,41,93,7
2026/08/30 18:20,05F0287S,05F0309S,42,0,0
2026/08/30 18:20,05F0287S,05F0309S,5,0,0
2026/08/30 18:20,05F0309S,05F0439S,31,494,51
2026/08/30 18:20,05F0309S,05F0439S,32,501,12
2026/08/30 18:20,05F0309S,05F0439S,41,526,2
2026/08/30 18:20,05F0309S,05F0439S,42,0,0
2026/08/30 18:20,05F0309S,05F0439S,5,0,0
2026/08/30 18:20,05F0439S,05F0494S,31,205,20
2026/08/30 18:20,05F0439S,05F0494S,32,201,5
2026/08/30 18:20,05F0439S,05F0494S,41,0,0
2026/08/30 18:20,05F0439S,05F0494S,42,0,0
2026/08/30 18:20,05F0439S,05F0494S,5,0,0
2026/08/30 18:25,05F0000S,05F0055S,31,244,61
2026/08/30 18:25,05F0000S,05F0055S,32,243,23
2026/08/30 18:25,05F0000S,05F0055S,41,239,4
2026/08/30 18:25,05F0000S,05F0055S,42,0,0
2026/08/30 18:25,05F0000S,05F0055S,5,0,0
2026/08/30 18:25,05F0055S,05F0287S,31,970,84
2026/08/30 18:25,05F0055S,05F0287S,32,977,21
2026/08/30 18:25,05F0055S,05F0287S,41,1013,4
2026/08/30 18:25,05F0055S,05F0287S,42,0,0
2026/08/30 18:25,05F0055S,05F0287S,5,0,0
2026/08/30 18:25,05F0287S,05F0309S,31,89,73
2026/08/30 18:25,05F0287S,05F0309S,32,87,22
2026/08/30 18:25,05F0287S,05F0309S,41,89,2
2026/08/30 18:25,05F0287S,05F0309S,42,0,0
2026/08/30 18:25,05F0287S,05F0309S,5,0,0
2026/08/30 18:25,05F0309S,05F0439S,31,481,51
2026/08/30 18:25,05F0309S,05F0439S,32,492,12
2026/08/30 18:25,05F0309S,05F0439S,41,515,2
2026/08/30 18:25,05F0309S,05F0439S,42,0,0
2026/08/30 18:25,05F0309S,05F0439S,5,0,0
2026/08/30 18:25,05F0439S,05F0494S,31,212,19
2026/08/30 18:25,05F0439S,05F0494S,32,204,6
2026/08/30 18:25,05F0439S,05F0494S,41,0,0
2026/08/30 18:25,05F0439S,05F0494S,42,0,0
2026/08/30 18:25,05F0439S,05F0494S,5,0,0
2026/08/30 18:30,05F0000S,05F0055S,31,249,83
2026/08/30 18:30,05F0000S,05F0055S,32,247,15
2026/08/30 18:30,05F0000S,05F0055S,41,258,4
2026/08/30 18:30,05F0000S,05F0055S,42,0,0
2026/08/30 18:30,05F0000S,05F0055S,5,0,0
2026/08/30 18:30,05F0055S,05F0287S,31,969,82
2026/08/30 18:30,05F0055S,05F0287S,32,957,19
2026/08/30 18:30,05F0055S,05F0287S,41,1025,5
2026/08/30 18:30,05F0055S,05F0287S,42,0,0
2026/08/30 18:30,05F0055S,05F0287S,5,0,0
2026/08/30 18:30,05F0287S,05F0309S,31,86,68
2026/08/30 18:30,05F0287S,05F0309S,32,85,9
2026/08/30 18:30,05F0287S,05F0309S,41,92,6
2026/08/30 18:30,05F0287S,05F0309S,42,0,0
2026/08/30 18:30,05F0287S,05F0309S,5,0,0
2026/08/30 18:30,05F0309S,05F0439S,31,493,48
2026/08/30 18:30,05F0309S,05F0439S,32,486,18
2026/08/30 18:30,05F0309S,05F0439S,41,538,3
2026/08/30 18:30,05F0309S,05F0439S,42,0,0
2026/08/30 18:30,05F0309S,05F0439S,5,0,0
2026/08/30 18:30,05F0439S,05F0494S,31,207,28
2026/08/30 18:30,05F0439S,05F0494S,32,219,6
2026/08/30 18:30,05F0439S,05F0494S,41,0,0
2026/08/30 18:30,05F0439S,05F0494S,42,0,0
2026/08/30 18:30,05F0439S,05F0494S,5,0,0
2026/08/30 18:35,05F0000S,05F0055S,31,247,80
2026/08/30 18:35,05F0000S,05F0055S,32,247,13
2026/08/30 18:35,05F0000S,05F0055S,41,252,8
2026/08/30 18:35,05F0000S,05F0055S,42,0,0
2026/08/30 18:35,05F0000S,05F0055S,5,0,0
2026/08/30 18:35,05F0055S,05F0287S,31,993,77
2026/08/30 18:35,05F0055S,05F0287S,32,962,16
2026/08/30 18:35,05F0055S,05F0287S,41,1024,9
2026/08/30 18:35,05F0055S,05F0287S,42,0,0
2026/08/30 18:35,05F0055S,05F0287S,5,0,0
2026/08/30 18:35,05F0287S,05F0309S,31,90,78
2026/08/30 18:35,05F0287S,05F0309S,32,87,13
2026/08/30 18:35,05F0287S,05F0309S,41,94,7
2026/08/30 18:35,05F0287S,05F0309S,42,0,0
2026/08/30 18:35,05F0287S,05F0309S,5,0,0
2026/08/30 18:35,05F0309S,05F0439S,31,494,53
2026/08/30 18:35,05F0309S,05F0439S,32,516,13
2026/08/30 18:35,05F0309S,05F0439S,41,539,2
2026/08/30 18:35,05F0309S,05F0439S,42,558,1
2026/08/30 18:35,05F0309S,05F0439S,5,560,1
2026/08/30 18:35,05F0439S,05F0494S,31,214,18
2026/08/30 18:35,05F0439S,05F0494S,32,234,2
2026/08/30 18:35,05F0439S,05F0494S,41,0,0
2026/08/30 18:35,05F0439S,05F0494S,42,0,0
2026/08/30 18:35,05F0439S,05F0494S,5,0,0
2026/08/30 18:40,05F0000S,05F0055S,31,239,56
2026/08/30 18:40,05F0000S,05F0055S,32,240,10
2026/08/30 18:40,05F0000S,05F0055S,41,236,2
2026/08/30 18:40,05F0000S,05F0055S,42,0,0
2026/08/30 18:40,05F0000S,05F0055S,5,0,0
2026/08/30 18:40,05F0055S,05F0287S,31,983,100
2026/08/30 18:40,05F0055S,05F0287S,32,981,24
2026/08/30 18:40,05F0055S,05F0287S,41,1006,6
2026/08/30 18:40,05F0055S,05F0287S,42,0,0
2026/08/30 18:40,05F0055S,05F0287S,5,0,0
2026/08/30 18:40,05F0287S,05F0309S,31,88,65
2026/08/30 18:40,05F0287S,05F0309S,32,91,14
2026/08/30 18:40,05F0287S,05F0309S,41,85,5
2026/08/30 18:40,05F0287S,05F0309S,42,0,0
2026/08/30 18:40,05F0287S,05F0309S,5,0,0
2026/08/30 18:40,05F0309S,05F0439S,31,483,48
2026/08/30 18:40,05F0309S,05F0439S,32,496,7
2026/08/30 18:40,05F0309S,05F0439S,41,531,2
2026/08/30 18:40,05F0309S,05F0439S,42,0,0
2026/08/30 18:40,05F0309S,05F0439S,5,0,0
2026/08/30 18:40,05F0439S,05F0494S,31,206,20
2026/08/30 18:40,05F0439S,05F0494S,32,226,2
2026/08/30 18:40,05F0439S,05F0494S,41,0,0
2026/08/30 18:40,05F0439S,05F0494S,42,235,1
2026/08/30 18:40,05F0439S,05F0494S,5,245,2
2026/08/30 18:45,05F0000S,05F0055S,31,241,62
2026/08/30 18:45,05F0000S,05F0055S,32,245,22
2026/08/30 18:45,05F0000S,05F0055S,41,234,4
2026/08/30 18:45,05F0000S,05F0055S,42,0,0
2026/08/30 18:45,05F0000S,05F0055S,5,0,0
2026/08/30 18:45,05F0055S,05F0287S,31,1000,69
2026/08/30 18:45,05F0055S,05F0287S,32,997,22
2026/08/30 18:45,05F0055S,05F0287S,41,1046,4
2026/08/30 18:45,05F0055S,05F0287S,42,0,0
2026/08/30 18:45,05F0055S,05F0287S,5,0,0
2026/08/30 18:45,05F0287S,05F0309S,31,90,40
2026/08/30 18:45,05F0287S,05F0309S,32,89,19
2026/08/30 18:45,05F0287S,05F0309S,41,95,4
2026/08/30 18:45,05F0287S,05F0309S,42,0,0
2026/08/30 18:45,05F0287S,05F0309S,5,0,0
2026/08/30 18:45,05F0309S,05F0439S,31,495,55
2026/08/30 18:45,05F0309S,05F0439S,32,511,9
2026/08/30 18:45,05F0309S,05F0439S,41,543,3
2026/08/30 18:45,05F0309S,05F0439S,42,553,2
2026/08/30 18:45,05F0309S,05F0439S,5,0,0
2026/08/30 18:45,05F0439S,05F0494S,31,205,20
2026/08/30 18:45,05F0439S,05F0494S,32,206,4
2026/08/30 18:45,05F0439S,05F0494S,41,0,0
2026/08/30 18:45,05F0439S,05F0494S,42,0,0
2026/08/30 18:45,05F0439S,05F0494S,5,0,0
2026/08/30 18:50,05F0000S,05F0055S,31,236,58
2026/08/30 18:50,05F0000S,05F0055S,32,245,10
2026/08/30 18:50,05F0000S,05F0055S,41,238,6
2026/08/30 18:50,05F0000S,05F0055S,42,0,0
2026/08/30 18:50,05F0000S,05F0055S,5,0,0
2026/08/30 18:50,05F0055S,05F0287S,31,980,82
2026/08/30 18:50,05F0055S,05F0287S,32,992,12
2026/08/30 18:50,05F0055S,05F0287S,41,1029,5
2026/08/30 18:50,05F0055S,05F0287S,42,0,0
2026/08/30 18:50,05F0055S,05F0287S,5,0,0
2026/08/30 18:50,05F0287S,05F0309S,31,87,85
2026/08/30 18:50,05F0287S,05F0309S,32,92,13
2026/08/30 18:50,05F0287S,05F0309S,41,98,5
2026/08/30 18:50,05F0287S,05F0309S,42,0,0
2026/08/30 18:50,05F0287S,05F0309S,5,0,0
2026/08/30 18:50,05F0309S,05F0439S,31,498,49
2026/08/30 18:50,05F0309S,05F0439S,32,505,13
2026/08/30 18:50,05F0309S,05F0439S,41,514,2
2026/08/30 18:50,05F0309S,05F0439S,42,0,0
2026/08/30 18:50,05F0309S,05F0439S,5,0,0
2026/08/30 18:50,05F0439S,05F0494S,31,208,29
2026/08/30 18:50,05F0439S,05F0494S,32,225,2
2026/08/30 18:50,05F0439S,05F0494S,41,0,0
2026/08/30 18:50,05F0439S,05F0494S,42,0,0
2026/08/30 18:50,05F0439S,05F0494S,5,0,0
2026/08/30 18:55,05F0000S,05F0055S,31,235,67
2026/08/30 18:55,05F0000S,05F0055S,32,241,17
2026/08/30 18:55,05F0000S,05F0055S,41,254,8
2026/08/30 18:55,05F0000S,05F0055S,42,0,0
2026/08/30 18:55,05F0000S,05F0055S,5,0,0
2026/08/30 18:55,05F0055S,05F0287S,31,961,77
2026/08/30 18:55,05F0055S,05F0287S,32,963,12
2026/08/30 18:55,05F0055S,05F0287S,41,1004,6
2026/08/30 18:55,05F0055S,05F0287S,42,0,0
2026/08/30 18:55,05F0055S,05F0287S,5,0,0
2026/08/30 18:55,05F0287S,05F0309S,31,88,78
2026/08/30 18:55,05F0287S,05F0309S,32,94,10
2026/08/30 18:55,05F0287S,05F0309S,41,92,3
2026/08/30 18:55,05F0287S,05F0309S,42,0,0
2026/08/30 18:55,05F0287S,05F0309S,5,0,0
2026/08/30 18:55,05F0309S,05F0439S,31,495,30
2026/08/30 18:55,05F0309S,05F0439S,32,515,11
2026/08/30 18:55,05F0309S,05F0439S,41,555,2
2026/08/30 18:55,05F0309S,05F0439S,42,0,0
2026/08/30 18:55,05F0309S,05F0439S,5,0,0
2026/08/30 18:55,05F0439S,05F0494S,31,217,16
2026/08/30 18:55,05F0439S,05F0494S,32,215,6
2026/08/30 18:55,05F0439S,05F0494S,41,219,1
2026/08/30 18:55,05F0439S,05F0494S,42,486,2
2026/08/30 18:55,05F0439S,05F0494S,5,0,0
2026/08/30 19:00,05F0000S,05F0055S,31,242,71
2026/08/30 19:00,05F0000S,05F0055S,32,247,15
2026/08/30 19:00,05F0000S,05F0055S,41,263,3
2026/08/30 19:00,05F0000S,05F0055S,42,0,0
2026/08/30 19:00,05F0000S,05F0055S,5,0,0
2026/08/30 19:00,05F0055S,05F0287S,31,987,59
2026/08/30 19:00,05F0055S,05F0287S,32,971,22
2026/08/30 19:00,05F0055S,05F0287S,41,1036,1
2026/08/30 19:00,05F0055S,05F0287S,42,0,0
2026/08/30 19:00,05F0055S,05F0287S,5,0,0
2026/08/30 19:00,05F0287S,05F0309S,31,88,38
2026/08/30 19:00,05F0287S,05F0309S,32,85,13
2026/08/30 19:00,05F0287S,05F0309S,41,86,1
2026/08/30 19:00,05F0287S,05F0309S,42,0,0
2026/08/30 19:00,05F0287S,05F0309S,5,0,0
2026/08/30 19:00,05F0309S,05F0439S,31,501,61
2026/08/30 19:00,05F0309S,05F0439S,32,544,8
2026/08/30 19:00,05F0309S,05F0439S,41,539,4
2026/08/30 19:00,05F0309S,05F0439S,42,0,0
2026/08/30 19:00,05F0309S,05F0439S,5,537,1
2026/08/30 19:00,05F0439S,05F0494S,31,211,13
2026/08/30 19:00,05F0439S,05F0494S,32,212,5
2026/08/30 19:00,05F0439S,05F0494S,41,0,0
2026/08/30 19:00,05F0439S,05F0494S,42,0,0
2026/08/30 19:00,05F0439S,05F0494S,5,0,0
2026/08/30 19:05,05F0000S,05F0055S,31,231,59
2026/08/30 19:05,05F0000S,05F0055S,32,239,10
2026/08/30 19:05,05F0000S,05F0055S,41,241,5
2026/08/30 19:05,05F0000S,05F0055S,42,0,0
2026/08/30 19:05,05F0000S,05F0055S,5,0,0
2026/08/30 19:05,05F0055S,05F0287S,31,960,63
2026/08/30 19:05,05F0055S,05F0287S,32,971,16
2026/08/30 19:05,05F0055S,05F0287S,41,1005,8
2026/08/30 19:05,05F0055S,05F0287S,42,0,0
2026/08/30 19:05,05F0055S,05F0287S,5,0,0
2026/08/30 19:05,05F0287S,05F0309S,31,86,63
2026/08/30 19:05,05F0287S,05F0309S,32,89,16
2026/08/30 19:05,05F0287S,05F0309S,41,92,6
2026/08/30 19:05,05F0287S,05F0309S,42,0,0
2026/08/30 19:05,05F0287S,05F0309S,5,0,0
2026/08/30 19:05,05F0309S,05F0439S,31,507,53
2026/08/30 19:05,05F0309S,05F0439S,32,485,7
2026/08/30 19:05,05F0309S,05F0439S,41,527,2
2026/08/30 19:05,05F0309S,05F0439S,42,0,0
2026/08/30 19:05,05F0309S,05F0439S,5,0,0
2026/08/30 19:05,05F0439S,05F0494S,31,212,24
2026/08/30 19:05,05F0439S,05F0494S,32,0,0
2026/08/30 19:05,05F0439S,05F0494S,41,0,0
2026/08/30 19:05,05F0439S,05F0494S,42,0,0
2026/08/30 19:05,05F0439S,05F0494S,5,237,1
2026/08/30 19:10,05F0000S,05F0055S,31,246,63
2026/08/30 19:10,05F0000S,05F0055S,32,252,21
2026/08/30 19:10,05F0000S,05F0055S,41,264,3
2026/08/30 19:10,05F0000S,05F0055S,42,0,0
2026/08/30 19:10,05F0000S,05F0055S,5,0,0
2026/08/30 19:10,05F0055S,05F0287S,31,962,78
2026/08/30 19:10,05F0055S,05F0287S,32,956,19
2026/08/30 19:10,05F0055S,05F0287S,41,1050,5
2026/08/30 19:10,05F0055S,05F0287S,42,0,0
2026/08/30 19:10,05F0055S,05F0287S,5,0,0
2026/08/30 19:10,05F0287S,05F0309S,31,85,46
2026/08/30 19:10,05F0287S,05F0309S,32,85,9
2026/08/30 19:10,05F0287S,05F0309S,41,92,2
2026/08/30 19:10,05F0287S,05F0309S,42,0,0
2026/08/30 19:10,05F0287S,05F0309S,5,0,0
2026/08/30 19:10,05F0309S,05F0439S,31,488,34
2026/08/30 19:10,05F0309S,05F0439S,32,502,11
2026/08/30 19:10,05F0309S,05F0439S,41,0,0
2026/08/30 19:10,05F0309S,05F0439S,42,485,1
2026/08/30 19:10,05F0309S,05F0439S,5,0,0
2026/08/30 19:10,05F0439S,05F0494S,31,211,15
2026/08/30 19:10,05F0439S,05F0494S,32,206,2
2026/08/30 19:10,05F0439S,05F0494S,41,0,0
2026/08/30 19:10,05F0439S,05F0494S,42,0,0
2026/08/30 19:10,05F0439S,05F0494S,5,0,0
2026/08/30 19:15,05F0000S,05F0055S,31,243,66
2026/08/30 19:15,05F0000S,05F0055S,32,247,15
2026/08/30 19:15,05F0000S,05F0055S,41,247,7
2026/08/30 19:15,05F0000S,05F0055S,42,0,0
2026/08/30 19:15,05F0000S,05F0055S,5,0,0
2026/08/30 19:15,05F0055S,05F0287S,31,968,69
2026/08/30 19:15,05F0055S,05F0287S,32,994,15
2026/08/30 19:15,05F0055S,05F0287S,41,1029,6
2026/08/30 19:15,05F0055S,05F0287S,42,0,0
2026/08/30 19:15,05F0055S,05F0287S,5,0,0
2026/08/30 19:15,05F0287S,05F0309S,31,87,59
2026/08/30 19:15,05F0287S,05F0309S,32,86,14
2026/08/30 19:15,05F0287S,05F0309S,41,94,7
2026/08/30 19:15,05F0287S,05F0309S,42,0,0
2026/08/30 19:15,05F0287S,05F0309S,5,0,0
2026/08/30 19:15,05F0309S,05F0439S,31,482,43
2026/08/30 19:15,05F0309S,05F0439S,32,515,5
2026/08/30 19:15,05F0309S,05F0439S,41,521,4
2026/08/30 19:15,05F0309S,05F0439S,42,0,0
2026/08/30 19:15,05F0309S,05F0439S,5,0,0
2026/08/30 19:15,05F0439S,05F0494S,31,201,14
2026/08/30 19:15,05F0439S,05F0494S,32,227,6
2026/08/30 19:15,05F0439S,05F0494S,41,0,0
2026/08/30 19:15,05F0439S,05F0494S,42,206,1
2026/08/30 19:15,05F0439S,05F0494S,5,0,0
2026/08/30 19:20,05F0000S,05F0055S,31,239,74
2026/08/30 19:20,05F0000S,05F0055S,32,241,18
2026/08/30 19:20,05F0000S,05F0055S,41,229,4
2026/08/30 19:20,05F0000S,05F0055S,42,0,0
2026/08/30 19:20,05F0000S,05F0055S,5,0,0
2026/08/30 19:20,05F0055S,05F0287S,31,961,77
2026/08/30 19:20,05F0055S,05F0287S,32,972,12
2026/08/30 19:20,05F0055S,05F0287S,41,1048,5
2026/08/30 19:20,05F0055S,05F0287S,42,0,0
2026/08/30 19:20,05F0055S,05F0287S,5,0,0
2026/08/30 19:20,05F0287S,05F0309S,31,85,67
2026/08/30 19:20,05F0287S,05F0309S,32,87,10
2026/08/30 19:20,05F0287S,05F0309S,41,89,3
2026/08/30 19:20,05F0287S,05F0309S,42,0,0
2026/08/30 19:20,05F0287S,05F0309S,5,0,0
2026/08/30 19:20,05F0309S,05F0439S,31,486,37
2026/08/30 19:20,05F0309S,05F0439S,32,474,11
2026/08/30 19:20,05F0309S,05F0439S,41,517,2
2026/08/30 19:20,05F0309S,05F0439S,42,0,0
2026/08/30 19:20,05F0309S,05F0439S,5,0,0
2026/08/30 19:20,05F0439S,05F0494S,31,201,24
2026/08/30 19:20,05F0439S,05F0494S,32,204,1
2026/08/30 19:20,05F0439S,05F0494S,41,0,0
2026/08/30 19:20,05F0439S,05F0494S,42,0,0
2026/08/30 19:20,05F0439S,05F0494S,5,0,0
2026/08/30 19:25,05F0000S,05F0055S,31,238,64
2026/08/30 19:25,05F0000S,05F0055S,32,241,13
2026/08/30 19:25,05F0000S,05F0055S,41,244,4
2026/08/30 19:25,05F0000S,05F0055S,42,0,0
2026/08/30 19:25,05F0000S,05F0055S,5,0,0
2026/08/30 19:25,05F0055S,05F0287S,31,956,54
2026/08/30 19:25,05F0055S,05F0287S,32,974,19
2026/08/30 19:25,05F0055S,05F0287S,41,984,4
2026/08/30 19:25,05F0055S,05F0287S,42,0,0
2026/08/30 19:25,05F0055S,05F0287S,5,0,0
2026/08/30 19:25,05F0287S,05F0309S,31,86,44
2026/08/30 19:25,05F0287S,05F0309S,32,84,14
2026/08/30 19:25,05F0287S,05F0309S,41,94,4
2026/08/30 19:25,05F0287S,05F0309S,42,0,0
2026/08/30 19:25,05F0287S,05F0309S,5,0,0
2026/08/30 19:25,05F0309S,05F0439S,31,487,36
2026/08/30 19:25,05F0309S,05F0439S,32,518,10
2026/08/30 19:25,05F0309S,05F0439S,41,548,4
2026/08/30 19:25,05F0309S,05F0439S,42,544,1
2026/08/30 19:25,05F0309S,05F0439S,5,0,0
2026/08/30 19:25,05F0439S,05F0494S,31,208,16
2026/08/30 19:25,05F0439S,05F0494S,32,215,6
2026/08/30 19:25,05F0439S,05F0494S,41,0,0
2026/08/30 19:25,05F0439S,05F0494S,42,224,2
2026/08/30 19:25,05F0439S,05F0494S,5,0,0
2026/08/30 19:30,05F0000S,05F0055S,31,240,70
2026/08/30 19:30,05F0000S,05F0055S,32,237,20
2026/08/30 19:30,05F0000S,05F0055S,41,239,6
2026/08/30 19:30,05F0000S,05F0055S,42,0,0
2026/08/30 19:30,05F0000S,05F0055S,5,0,0
2026/08/30 19:30,05F0055S,05F0287S,31,969,72
2026/08/30 19:30,05F0055S,05F0287S,32,973,21
2026/08/30 19:30,05F0055S,05F0287S,41,1016,6
2026/08/30 19:30,05F0055S,05F0287S,42,0,0
2026/08/30 19:30,05F0055S,05F0287S,5,0,0
2026/08/30 19:30,05F0287S,05F0309S,31,85,65
2026/08/30 19:30,05F0287S,05F0309S,32,89,19
2026/08/30 19:30,05F0287S,05F0309S,41,91,5
2026/08/30 19:30,05F0287S,05F0309S,42,0,0
2026/08/30 19:30,05F0287S,05F0309S,5,0,0
2026/08/30 19:30,05F0309S,05F0439S,31,490,46
2026/08/30 19:30,05F0309S,05F0439S,32,485,8
2026/08/30 19:30,05F0309S,05F0439S,41,523,2
2026/08/30 19:30,05F0309S,05F0439S,42,564,1
2026/08/30 19:30,05F0309S,05F0439S,5,0,0
2026/08/30 19:30,05F0439S,05F0494S,31,207,17
2026/08/30 19:30,05F0439S,05F0494S,32,233,3
2026/08/30 19:30,05F0439S,05F0494S,41,0,0
2026/08/30 19:30,05F0439S,05F0494S,42,233,2
2026/08/30 19:30,05F0439S,05F0494S,5,0,0
2026/08/30 19:35,05F0000S,05F0055S,31,245,70
2026/08/30 19:35,05F0000S,05F0055S,32,248,12
2026/08/30 19:35,05F0000S,05F0055S,41,247,3
2026/08/30 19:35,05F0000S,05F0055S,42,272,1
2026/08/30 19:35,05F0000S,05F0055S,5,0,0
2026/08/30 19:35,05F0055S,05F0287S,31,981,95
2026/08/30 19:35,05F0055S,05F0287S,32,978,21
2026/08/30 19:35,05F0055S,05F0287S,41,988,3
2026/08/30 19:35,05F0055S,05F0287S,42,0,0
2026/08/30 19:35,05F0055S,05F0287S,5,0,0
2026/08/30 19:35,05F0287S,05F0309S,31,86,47
2026/08/30 19:35,05F0287S,05F0309S,32,90,11
2026/08/30 19:35,05F0287S,05F0309S,41,92,4
2026/08/30 19:35,05F0287S,05F0309S,42,0,0
2026/08/30 19:35,05F0287S,05F0309S,5,0,0
2026/08/30 19:35,05F0309S,05F0439S,31,473,33
2026/08/30 19:35,05F0309S,05F0439S,32,485,9
2026/08/30 19:35,05F0309S,05F0439S,41,530,3
2026/08/30 19:35,05F0309S,05F0439S,42,0,0
2026/08/30 19:35,05F0309S,05F0439S,5,0,0
2026/08/30 19:35,05F0439S,05F0494S,31,207,23
2026/08/30 19:35,05F0439S,05F0494S,32,205,5
2026/08/30 19:35,05F0439S,05F0494S,41,0,0
2026/08/30 19:35,05F0439S,05F0494S,42,0,0
2026/08/30 19:35,05F0439S,05F0494S,5,0,0
2026/08/30 19:40,05F0000S,05F0055S,31,243,88
2026/08/30 19:40,05F0000S,05F0055S,32,237,21
2026/08/30 19:40,05F0000S,05F0055S,41,242,5
2026/08/30 19:40,05F0000S,05F0055S,42,0,0
2026/08/30 19:40,05F0000S,05F0055S,5,0,0
2026/08/30 19:40,05F0055S,05F0287S,31,967,61
2026/08/30 19:40,05F0055S,05F0287S,32,987,13
2026/08/30 19:40,05F0055S,05F0287S,41,1000,4
2026/08/30 19:40,05F0055S,05F0287S,42,0,0
2026/08/30 19:40,05F0055S,05F0287S,5,0,0
2026/08/30 19:40,05F0287S,05F0309S,31,87,69
2026/08/30 19:40,05F0287S,05F0309S,32,85,17
2026/08/30 19:40,05F0287S,05F0309S,41,92,2
2026/08/30 19:40,05F0287S,05F0309S,42,0,0
2026/08/30 19:40,05F0287S,05F0309S,5,0,0
2026/08/30 19:40,05F0309S,05F0439S,31,493,30
2026/08/30 19:40,05F0309S,05F0439S,32,491,9
2026/08/30 19:40,05F0309S,05F0439S,41,520,3
2026/08/30 19:40,05F0309S,05F0439S,42,0,0
2026/08/30 19:40,05F0309S,05F0439S,5,0,0
2026/08/30 19:40,05F0439S,05F0494S,31,203,18
2026/08/30 19:40,05F0439S,05F0494S,32,201,5
2026/08/30 19:40,05F0439S,05F0494S,41,0,0
2026/08/30 19:40,05F0439S,05F0494S,42,0,0
2026/08/30 19:40,05F0439S,05F0494S,5,0,0
2026/08/30 19:45,05F0000S,05F0055S,31,235,68
2026/08/30 19:45,05F0000S,05F0055S,32,242,13
2026/08/30 19:45,05F0000S,05F0055S,41,251,5
2026/08/30 19:45,05F0000S,05F0055S,42,0,0
2026/08/30 19:45,05F0000S,05F0055S,5,0,0
2026/08/30 19:45,05F0055S,05F0287S,31,965,89
2026/08/30 19:45,05F0055S,05F0287S,32,953,22
2026/08/30 19:45,05F0055S,05F0287S,41,996,7
2026/08/30 19:45,05F0055S,05F0287S,42,0,0
2026/08/30 19:45,05F0055S,05F0287S,5,0,0
2026/08/30 19:45,05F0287S,05F0309S,31,86,63
2026/08/30 19:45,05F0287S,05F0309S,32,87,15
2026/08/30 19:45,05F0287S,05F0309S,41,92,8
2026/08/30 19:45,05F0287S,05F0309S,42,0,0
2026/08/30 19:45,05F0287S,05F0309S,5,0,0
2026/08/30 19:45,05F0309S,05F0439S,31,476,41
2026/08/30 19:45,05F0309S,05F0439S,32,485,10
2026/08/30 19:45,05F0309S,05F0439S,41,527,3
2026/08/30 19:45,05F0309S,05F0439S,42,0,0
2026/08/30 19:45,05F0309S,05F0439S,5,0,0
2026/08/30 19:45,05F0439S,05F0494S,31,196,22
2026/08/30 19:45,05F0439S,05F0494S,32,224,4
2026/08/30 19:45,05F0439S,05F0494S,41,0,0
2026/08/30 19:45,05F0439S,05F0494S,42,0,0
2026/08/30 19:45,05F0439S,05F0494S,5,0,0
2026/08/30 19:50,05F0000S,05F0055S,31,236,74
2026/08/30 19:50,05F0000S,05F0055S,32,242,15
2026/08/30 19:50,05F0000S,05F0055S,41,246,8
2026/08/30 19:50,05F0000S,05F0055S,42,0,0
2026/08/30 19:50,05F0000S,05F0055S,5,0,0
2026/08/30 19:50,05F0055S,05F0287S,31,942,64
2026/08/30 19:50,05F0055S,05F0287S,32,947,11
2026/08/30 19:50,05F0055S,05F0287S,41,998,3
2026/08/30 19:50,05F0055S,05F0287S,42,0,0
2026/08/30 19:50,05F0055S,05F0287S,5,0,0
2026/08/30 19:50,05F0287S,05F0309S,31,84,51
2026/08/30 19:50,05F0287S,05F0309S,32,84,9
2026/08/30 19:50,05F0287S,05F0309S,41,90,3
2026/08/30 19:50,05F0287S,05F0309S,42,0,0
2026/08/30 19:50,05F0287S,05F0309S,5,0,0
2026/08/30 19:50,05F0309S,05F0439S,31,503,33
2026/08/30 19:50,05F0309S,05F0439S,32,463,7
2026/08/30 19:50,05F0309S,05F0439S,41,533,5
2026/08/30 19:50,05F0309S,05F0439S,42,0,0
2026/08/30 19:50,05F0309S,05F0439S,5,574,1
2026/08/30 19:50,05F0439S,05F0494S,31,204,19
2026/08/30 19:50,05F0439S,05F0494S,32,205,4
2026/08/30 19:50,05F0439S,05F0494S,41,0,0
2026/08/30 19:50,05F0439S,05F0494S,42,0,0
2026/08/30 19:50,05F0439S,05F0494S,5,0,0
2026/08/30 19:55,05F0000S,05F0055S,31,236,75
2026/08/30 19:55,05F0000S,05F0055S,32,239,16
2026/08/30 19:55,05F0000S,05F0055S,41,239,7
2026/08/30 19:55,05F0000S,05F0055S,42,0,0
2026/08/30 19:55,05F0000S,05F0055S,5,0,0
2026/08/30 19:55,05F0055S,05F0287S,31,964,81
2026/08/30 19:55,05F0055S,05F0287S,32,968,22
2026/08/30 19:55,05F0055S,05F0287S,41,1003,4
2026/08/30 19:55,05F0055S,05F0287S,42,0,0
2026/08/30 19:55,05F0055S,05F0287S,5,0,0
2026/08/30 19:55,05F0287S,05F0309S,31,87,69
2026/08/30 19:55,05F0287S,05F0309S,32,88,18
2026/08/30 19:55,05F0287S,05F0309S,41,94,3
2026/08/30 19:55,05F0287S,05F0309S,42,0,0
2026/08/30 19:55,05F0287S,05F0309S,5,0,0
2026/08/30 19:55,05F0309S,05F0439S,31,487,57
2026/08/30 19:55,05F0309S,05F0439S,32,470,14
2026/08/30 19:55,05F0309S,05F0439S,41,520,3
2026/08/30 19:55,05F0309S,05F0439S,42,0,0
2026/08/30 19:55,05F0309S,05F0439S,5,639,2
2026/08/30 19:55,05F0439S,05F0494S,31,213,14
2026/08/30 19:55,05F0439S,05F0494S,32,199,9
2026/08/30 19:55,05F0439S,05F0494S,41,0,0
2026/08/30 19:55,05F0439S,05F0494S,42,0,0
2026/08/30 19:55,05F0439S,05F0494S,5,234,1
2026/08/30 20:00,05F0000S,05F0055S,31,238,92
2026/08/30 20:00,05F0000S,05F0055S,32,245,20
2026/08/30 20:00,05F0000S,05F0055S,41,254,2
2026/08/30 20:00,05F0000S,05F0055S,42,0,0
2026/08/30 20:00,05F0000S,05F0055S,5,0,0
2026/08/30 20:00,05F0055S,05F0287S,31,964,90
2026/08/30 20:00,05F0055S,05F0287S,32,978,19
2026/08/30 20:00,05F0055S,05F0287S,41,979,3
2026/08/30 20:00,05F0055S,05F0287S,42,0,0
2026/08/30 20:00,05F0055S,05F0287S,5,0,0
2026/08/30 20:00,05F0287S,05F0309S,31,86,72
2026/08/30 20:00,05F0287S,05F0309S,32,86,17
2026/08/30 20:00,05F0287S,05F0309S,41,85,3
2026/08/30 20:00,05F0287S,05F0309S,42,0,0
2026/08/30 20:00,05F0287S,05F0309S,5,0,0
2026/08/30 20:00,05F0309S,05F0439S,31,480,36
2026/08/30 20:00,05F0309S,05F0439S,32,475,8
2026/08/30 20:00,05F0309S,05F0439S,41,522,1
2026/08/30 20:00,05F0309S,05F0439S,42,570,1
2026/08/30 20:00,05F0309S,05F0439S,5,0,0
2026/08/30 20:00,05F0439S,05F0494S,31,203,12
2026/08/30 20:00,05F0439S,05F0494S,32,212,3
2026/08/30 20:00,05F0439S,05F0494S,41,0,0
2026/08/30 20:00,05F0439S,05F0494S,42,0,0
2026/08/30 20:00,05F0439S,05F0494S,5,281,2
2026/08/30 20:05,05F0000S,05F0055S,31,240,93
2026/08/30 20:05,05F0000S,05F0055S,32,241,12
2026/08/30 20:05,05F0000S,05F0055S,41,238,4
2026/08/30 20:05,05F0000S,05F0055S,42,0,0
2026/08/30 20:05,05F0000S,05F0055S,5,0,0
2026/08/30 20:05,05F0055S,05F0287S,31,949,59
2026/08/30 20:05,05F0055S,05F0287S,32,942,11
2026/08/30 20:05,05F0055S,05F0287S,41,1003,8
2026/08/30 20:05,05F0055S,05F0287S,42,0,0
2026/08/30 20:05,05F0055S,05F0287S,5,0,0
2026/08/30 20:05,05F0287S,05F0309S,31,86,64
2026/08/30 20:05,05F0287S,05F0309S,32,90,10
2026/08/30 20:05,05F0287S,05F0309S,41,95,5
2026/08/30 20:05,05F0287S,05F0309S,42,0,0
2026/08/30 20:05,05F0287S,05F0309S,5,0,0
2026/08/30 20:05,05F0309S,05F0439S,31,474,47
2026/08/30 20:05,05F0309S,05F0439S,32,496,14
2026/08/30 20:05,05F0309S,05F0439S,41,521,3
2026/08/30 20:05,05F0309S,05F0439S,42,0,0
2026/08/30 20:05,05F0309S,05F0439S,5,0,0
2026/08/30 20:05,05F0439S,05F0494S,31,190,17
2026/08/30 20:05,05F0439S,05F0494S,32,201,7
2026/08/30 20:05,05F0439S,05F0494S,41,0,0
2026/08/30 20:05,05F0439S,05F0494S,42,248,1
2026/08/30 20:05,05F0439S,05F0494S,5,0,0
2026/08/30 20:10,05F0000S,05F0055S,31,243,91
2026/08/30 20:10,05F0000S,05F0055S,32,252,26
2026/08/30 20:10,05F0000S,05F0055S,41,246,5
2026/08/30 20:10,05F0000S,05F0055S,42,0,0
2026/08/30 20:10,05F0000S,05F0055S,5,0,0
2026/08/30 20:10,05F0055S,05F0287S,31,976,84
2026/08/30 20:10,05F0055S,05F0287S,32,972,23
2026/08/30 20:10,05F0055S,05F0287S,41,1013,8
2026/08/30 20:10,05F0055S,05F0287S,42,0,0
2026/08/30 20:10,05F0055S,05F0287S,5,0,0
2026/08/30 20:10,05F0287S,05F0309S,31,86,63
2026/08/30 20:10,05F0287S,05F0309S,32,87,14
2026/08/30 20:10,05F0287S,05F0309S,41,93,8
2026/08/30 20:10,05F0287S,05F0309S,42,0,0
2026/08/30 20:10,05F0287S,05F0309S,5,0,0
2026/08/30 20:10,05F0309S,05F0439S,31,492,41
2026/08/30 20:10,05F0309S,05F0439S,32,466,10
2026/08/30 20:10,05F0309S,05F0439S,41,0,0
2026/08/30 20:10,05F0309S,05F0439S,42,0,0
2026/08/30 20:10,05F0309S,05F0439S,5,482,1
2026/08/30 20:10,05F0439S,05F0494S,31,197,23
2026/08/30 20:10,05F0439S,05F0494S,32,208,10
2026/08/30 20:10,05F0439S,05F0494S,41,0,0
2026/08/30 20:10,05F0439S,05F0494S,42,0,0
2026/08/30 20:10,05F0439S,05F0494S,5,0,0
2026/08/30 20:15,05F0000S,05F0055S,31,250,90
2026/08/30 20:15,05F0000S,05F0055S,32,246,20
2026/08/30 20:15,05F0000S,05F0055S,41,255,6
2026/08/30 20:15,05F0000S,05F0055S,42,0,0
2026/08/30 20:15,05F0000S,05F0055S,5,0,0
2026/08/30 20:15,05F0055S,05F0287S,31,953,93
2026/08/30 20:15,05F0055S,05F0287S,32,954,21
2026/08/30 20:15,05F0055S,05F0287S,41,1045,4
2026/08/30 20:15,05F0055S,05F0287S,42,0,0
2026/08/30 20:15,05F0055S,05F0287S,5,0,0
2026/08/30 20:15,05F0287S,05F0309S,31,87,66
2026/08/30 20:15,05F0287S,05F0309S,32,88,13
2026/08/30 20:15,05F0287S,05F0309S,41,91,5
2026/08/30 20:15,05F0287S,05F0309S,42,0,0
2026/08/30 20:15,05F0287S,05F0309S,5,0,0
2026/08/30 20:15,05F0309S,05F0439S,31,495,36
2026/08/30 20:15,05F0309S,05F0439S,32,500,6
2026/08/30 20:15,05F0309S,05F0439S,41,523,4
2026/08/30 20:15,05F0309S,05F0439S,42,0,0
2026/08/30 20:15,05F0309S,05F0439S,5,0,0
2026/08/30 20:15,05F0439S,05F0494S,31,214,14
2026/08/30 20:15,05F0439S,05F0494S,32,201,3
2026/08/30 20:15,05F0439S,05F0494S,41,0,0
2026/08/30 20:15,05F0439S,05F0494S,42,0,0
2026/08/30 20:15,05F0439S,05F0494S,5,203,1
2026/08/30 20:20,05F0000S,05F0055S,31,238,81
2026/08/30 20:20,05F0000S,05F0055S,32,246,22
2026/08/30 20:20,05F0000S,05F0055S,41,246,3
2026/08/30 20:20,05F0000S,05F0055S,42,0,0
2026/08/30 20:20,05F0000S,05F0055S,5,0,0
2026/08/30 20:20,05F0055S,05F0287S,31,985,102
2026/08/30 20:20,05F0055S,05F0287S,32,996,16
2026/08/30 20:20,05F0055S,05F0287S,41,1030,4
2026/08/30 20:20,05F0055S,05F0287S,42,0,0
2026/08/30 20:20,05F0055S,05F0287S,5,0,0
2026/08/30 20:20,05F0287S,05F0309S,31,86,70
2026/08/30 20:20,05F0287S,05F0309S,32,87,17
2026/08/30 20:20,05F0287S,05F0309S,41,94,2
2026/08/30 20:20,05F0287S,05F0309S,42,0,0
2026/08/30 20:20,05F0287S,05F0309S,5,0,0
2026/08/30 20:20,05F0309S,05F0439S,31,467,48
2026/08/30 20:20,05F0309S,05F0439S,32,492,15
2026/08/30 20:20,05F0309S,05F0439S,41,519,4
2026/08/30 20:20,05F0309S,05F0439S,42,0,0
2026/08/30 20:20,05F0309S,05F0439S,5,0,0
2026/08/30 20:20,05F0439S,05F0494S,31,200,23
2026/08/30 20:20,05F0439S,05F0494S,32,203,5
2026/08/30 20:20,05F0439S,05F0494S,41,0,0
2026/08/30 20:20,05F0439S,05F0494S,42,0,0
2026/08/30 20:20,05F0439S,05F0494S,5,0,0
2026/08/30 20:25,05F0000S,05F0055S,31,244,91
2026/08/30 20:25,05F0000S,05F0055S,32,240,28
2026/08/30 20:25,05F0000S,05F0055S,41,249,3
2026/08/30 20:25,05F0000S,05F0055S,42,0,0
2026/08/30 20:25,05F0000S,05F0055S,5,0,0
2026/08/30 20:25,05F0055S,05F0287S,31,978,79
2026/08/30 20:25,05F0055S,05F0287S,32,989,25
2026/08/30 20:25,05F0055S,05F0287S,41,996,6
2026/08/30 20:25,05F0055S,05F0287S,42,0,0
2026/08/30 20:25,05F0055S,05F0287S,5,0,0
2026/08/30 20:25,05F0287S,05F0309S,31,87,77
2026/08/30 20:25,05F0287S,05F0309S,32,90,21
2026/08/30 20:25,05F0287S,05F0309S,41,98,3
2026/08/30 20:25,05F0287S,05F0309S,42,0,0
2026/08/30 20:25,05F0287S,05F0309S,5,0,0
2026/08/30 20:25,05F0309S,05F0439S,31,499,46
2026/08/30 20:25,05F0309S,05F0439S,32,483,13
2026/08/30 20:25,05F0309S,05F0439S,41,542,2
2026/08/30 20:25,05F0309S,05F0439S,42,515,1
2026/08/30 20:25,05F0309S,05F0439S,5,0,0
2026/08/30 20:25,05F0439S,05F0494S,31,219,14
2026/08/30 20:25,05F0439S,05F0494S,32,220,6
2026/08/30 20:25,05F0439S,05F0494S,41,0,0
2026/08/30 20:25,05F0439S,05F0494S,42,0,0
2026/08/30 20:25,05F0439S,05F0494S,5,0,0
2026/08/30 20:30,05F0000S,05F0055S,31,244,81
2026/08/30 20:30,05F0000S,05F0055S,32,243,13
2026/08/30 20:30,05F0000S,05F0055S,41,242,4
2026/08/30 20:30,05F0000S,05F0055S,42,0,0
2026/08/30 20:30,05F0000S,05F0055S,5,0,0
2026/08/30 20:30,05F0055S,05F0287S,31,980,83
2026/08/30 20:30,05F0055S,05F0287S,32,983,17
2026/08/30 20:30,05F0055S,05F0287S,41,989,2
2026/08/30 20:30,05F0055S,05F0287S,42,0,0
2026/08/30 20:30,05F0055S,05F0287S,5,0,0
2026/08/30 20:30,05F0287S,05F0309S,31,88,74
2026/08/30 20:30,05F0287S,05F0309S,32,89,20
2026/08/30 20:30,05F0287S,05F0309S,41,92,4
2026/08/30 20:30,05F0287S,05F0309S,42,0,0
2026/08/30 20:30,05F0287S,05F0309S,5,0,0
2026/08/30 20:30,05F0309S,05F0439S,31,486,47
2026/08/30 20:30,05F0309S,05F0439S,32,506,7
2026/08/30 20:30,05F0309S,05F0439S,41,539,2
2026/08/30 20:30,05F0309S,05F0439S,42,512,1
2026/08/30 20:30,05F0309S,05F0439S,5,0,0
2026/08/30 20:30,05F0439S,05F0494S,31,213,20
2026/08/30 20:30,05F0439S,05F0494S,32,204,4
2026/08/30 20:30,05F0439S,05F0494S,41,0,0
2026/08/30 20:30,05F0439S,05F0494S,42,213,2
2026/08/30 20:30,05F0439S,05F0494S,5,0,0
2026/08/30 20:35,05F0000S,05F0055S,31,238,84
2026/08/30 20:35,05F0000S,05F0055S,32,238,15
2026/08/30 20:35,05F0000S,05F0055S,41,248,9
2026/08/30 20:35,05F0000S,05F0055S,42,0,0
2026/08/30 20:35,05F0000S,05F0055S,5,0,0
2026/08/30 20:35,05F0055S,05F0287S,31,975,114
2026/08/30 20:35,05F0055S,05F0287S,32,978,22
2026/08/30 20:35,05F0055S,05F0287S,41,1001,6
2026/08/30 20:35,05F0055S,05F0287S,42,0,0
2026/08/30 20:35,05F0055S,05F0287S,5,0,0
2026/08/30 20:35,05F0287S,05F0309S,31,89,85
2026/08/30 20:35,05F0287S,05F0309S,32,89,13
2026/08/30 20:35,05F0287S,05F0309S,41,97,4
2026/08/30 20:35,05F0287S,05F0309S,42,0,0
2026/08/30 20:35,05F0287S,05F0309S,5,0,0
2026/08/30 20:35,05F0309S,05F0439S,31,492,42
2026/08/30 20:35,05F0309S,05F0439S,32,504,15
2026/08/30 20:35,05F0309S,05F0439S,41,527,2
2026/08/30 20:35,05F0309S,05F0439S,42,0,0
2026/08/30 20:35,05F0309S,05F0439S,5,0,0
2026/08/30 20:35,05F0439S,05F0494S,31,202,16
2026/08/30 20:35,05F0439S,05F0494S,32,210,5
2026/08/30 20:35,05F0439S,05F0494S,41,228,1
2026/08/30 20:35,05F0439S,05F0494S,42,0,0
2026/08/30 20:35,05F0439S,05F0494S,5,0,0
2026/08/30 20:40,05F0000S,05F0055S,31,245,78
2026/08/30 20:40,05F0000S,05F0055S,32,243,11
2026/08/30 20:40,05F0000S,05F0055S,41,249,8
2026/08/30 20:40,05F0000S,05F0055S,42,0,0
2026/08/30 20:40,05F0000S,05F0055S,5,0,0
2026/08/30 20:40,05F0055S,05F0287S,31,959,90
2026/08/30 20:40,05F0055S,05F0287S,32,976,21
2026/08/30 20:40,05F0055S,05F0287S,41,1042,3
2026/08/30 20:40,05F0055S,05F0287S,42,0,0
2026/08/30 20:40,05F0055S,05F0287S,5,0,0
2026/08/30 20:40,05F0287S,05F0309S,31,86,88
2026/08/30 20:40,05F0287S,05F0309S,32,89,18
2026/08/30 20:40,05F0287S,05F0309S,41,94,3
2026/08/30 20:40,05F0287S,05F0309S,42,0,0
2026/08/30 20:40,05F0287S,05F0309S,5,0,0
2026/08/30 20:40,05F0309S,05F0439S,31,492,47
2026/08/30 20:40,05F0309S,05F0439S,32,500,10
2026/08/30 20:40,05F0309S,05F0439S,41,0,0
2026/08/30 20:40,05F0309S,05F0439S,42,0,0
2026/08/30 20:40,05F0309S,05F0439S,5,0,0
2026/08/30 20:40,05F0439S,05F0494S,31,206,19
2026/08/30 20:40,05F0439S,05F0494S,32,213,4
2026/08/30 20:40,05F0439S,05F0494S,41,0,0
2026/08/30 20:40,05F0439S,05F0494S,42,0,0
2026/08/30 20:40,05F0439S,05F0494S,5,0,0
2026/08/30 20:45,05F0000S,05F0055S,31,244,98
2026/08/30 20:45,05F0000S,05F0055S,32,244,8
2026/08/30 20:45,05F0000S,05F0055S,41,239,6
2026/08/30 20:45,05F0000S,05F0055S,42,0,0
2026/08/30 20:45,05F0000S,05F0055S,5,0,0
2026/08/30 20:45,05F0055S,05F0287S,31,968,74
2026/08/30 20:45,05F0055S,05F0287S,32,959,23
2026/08/30 20:45,05F0055S,05F0287S,41,1016,2
2026/08/30 20:45,05F0055S,05F0287S,42,0,0
2026/08/30 20:45,05F0055S,05F0287S,5,0,0
2026/08/30 20:45,05F0287S,05F0309S,31,88,67
2026/08/30 20:45,05F0287S,05F0309S,32,86,20
2026/08/30 20:45,05F0287S,05F0309S,41,98,4
2026/08/30 20:45,05F0287S,05F0309S,42,0,0
2026/08/30 20:45,05F0287S,05F0309S,5,0,0
2026/08/30 20:45,05F0309S,05F0439S,31,482,60
2026/08/30 20:45,05F0309S,05F0439S,32,490,14
2026/08/30 20:45,05F0309S,05F0439S,41,532,3
2026/08/30 20:45,05F0309S,05F0439S,42,574,1
2026/08/30 20:45,05F0309S,05F0439S,5,0,0
2026/08/30 20:45,05F0439S,05F0494S,31,204,25
2026/08/30 20:45,05F0439S,05F0494S,32,222,3
2026/08/30 20:45,05F0439S,05F0494S,41,0,0
2026/08/30 20:45,05F0439S,05F0494S,42,0,0
2026/08/30 20:45,05F0439S,05F0494S,5,0,0
2026/08/30 20:50,05F0000S,05F0055S,31,239,80
2026/08/30 20:50,05F0000S,05F0055S,32,243,13
2026/08/30 20:50,05F0000S,05F0055S,41,238,5
2026/08/30 20:50,05F0000S,05F0055S,42,0,0
2026/08/30 20:50,05F0000S,05F0055S,5,0,0
2026/08/30 20:50,05F0055S,05F0287S,31,966,110
2026/08/30 20:50,05F0055S,05F0287S,32,978,19
2026/08/30 20:50,05F0055S,05F0287S,41,1023,10
2026/08/30 20:50,05F0055S,05F0287S,42,0,0
2026/08/30 20:50,05F0055S,05F0287S,5,0,0
2026/08/30 20:50,05F0287S,05F0309S,31,86,78
2026/08/30 20:50,05F0287S,05F0309S,32,84,10
2026/08/30 20:50,05F0287S,05F0309S,41,93,4
2026/08/30 20:50,05F0287S,05F0309S,42,0,0
2026/08/30 20:50,05F0287S,05F0309S,5,0,0
2026/08/30 20:50,05F0309S,05F0439S,31,488,44
2026/08/30 20:50,05F0309S,05F0439S,32,481,13
2026/08/30 20:50,05F0309S,05F0439S,41,555,3
2026/08/30 20:50,05F0309S,05F0439S,42,566,1
2026/08/30 20:50,05F0309S,05F0439S,5,506,1
2026/08/30 20:50,05F0439S,05F0494S,31,198,18
2026/08/30 20:50,05F0439S,05F0494S,32,210,6
2026/08/30 20:50,05F0439S,05F0494S,41,0,0
2026/08/30 20:50,05F0439S,05F0494S,42,240,1
2026/08/30 20:50,05F0439S,05F0494S,5,214,1
2026/08/30 20:55,05F0000S,05F0055S,31,241,74
2026/08/30 20:55,05F0000S,05F0055S,32,241,16
2026/08/30 20:55,05F0000S,05F0055S,41,245,4
2026/08/30 20:55,05F0000S,05F0055S,42,0,0
2026/08/30 20:55,05F0000S,05F0055S,5,0,0
2026/08/30 20:55,05F0055S,05F0287S,31,966,66
2026/08/30 20:55,05F0055S,05F0287S,32,972,11
2026/08/30 20:55,05F0055S,05F0287S,41,999,7
2026/08/30 20:55,05F0055S,05F0287S,42,0,0
2026/08/30 20:55,05F0055S,05F0287S,5,0,0
2026/08/30 20:55,05F0287S,05F0309S,31,87,62
2026/08/30 20:55,05F0287S,05F0309S,32,87,9
2026/08/30 20:55,05F0287S,05F0309S,41,90,10
2026/08/30 20:55,05F0287S,05F0309S,42,0,0
2026/08/30 20:55,05F0287S,05F0309S,5,0,0
2026/08/30 20:55,05F0309S,05F0439S,31,483,47
2026/08/30 20:55,05F0309S,05F0439S,32,505,12
2026/08/30 20:55,05F0309S,05F0439S,41,559,2
2026/08/30 20:55,05F0309S,05F0439S,42,464,1
2026/08/30 20:55,05F0309S,05F0439S,5,0,0
2026/08/30 20:55,05F0439S,05F0494S,31,206,26
2026/08/30 20:55,05F0439S,05F0494S,32,213,9
2026/08/30 20:55,05F0439S,05F0494S,41,0,0
2026/08/30 20:55,05F0439S,05F0494S,42,0,0
2026/08/30 20:55,05F0439S,05F0494S,5,249,1
2026/08/30 21:00,05F0000S,05F0055S,31,239,88
2026/08/30 21:00,05F0000S,05F0055S,32,241,13
2026/08/30 21:00,05F0000S,05F0055S,41,240,4
2026/08/30 21:00,05F0000S,05F0055S,42,0,0
2026/08/30 21:00,05F0000S,05F0055S,5,0,0
2026/08/30 21:00,05F0055S,05F0287S,31,981,107
2026/08/30 21:00,05F0055S,05F0287S,32,977,13
2026/08/30 21:00,05F0055S,05F0287S,41,1018,7
2026/08/30 21:00,05F0055S,05F0287S,42,0,0
2026/08/30 21:00,05F0055S,05F0287S,5,0,0
2026/08/30 21:00,05F0287S,05F0309S,31,85,84
2026/08/30 21:00,05F0287S,05F0309S,32,89,11
2026/08/30 21:00,05F0287S,05F0309S,41,87,5
2026/08/30 21:00,05F0287S,05F0309S,42,0,0
2026/08/30 21:00,05F0287S,05F0309S,5,0,0
2026/08/30 21:00,05F0309S,05F0439S,31,496,46
2026/08/30 21:00,05F0309S,05F0439S,32,481,8
2026/08/30 21:00,05F0309S,05F0439S,41,534,2
2026/08/30 21:00,05F0309S,05F0439S,42,0,0
2026/08/30 21:00,05F0309S,05F0439S,5,0,0
2026/08/30 21:00,05F0439S,05F0494S,31,204,20
2026/08/30 21:00,05F0439S,05F0494S,32,206,5
2026/08/30 21:00,05F0439S,05F0494S,41,0,0
2026/08/30 21:00,05F0439S,05F0494S,42,0,0
2026/08/30 21:00,05F0439S,05F0494S,5,0,0
2026/08/30 21:05,05F0000S,05F0055S,31,239,90
2026/08/30 21:05,05F0000S,05F0055S,32,238,15
2026/08/30 21:05,05F0000S,05F0055S,41,241,5
2026/08/30 21:05,05F0000S,05F0055S,42,0,0
2026/08/30 21:05,05F0000S,05F0055S,5,0,0
2026/08/30 21:05,05F0055S,05F0287S,31,957,87
2026/08/30 21:05,05F0055S,05F0287S,32,991,10
2026/08/30 21:05,05F0055S,05F0287S,41,1031,6
2026/08/30 21:05,05F0055S,05F0287S,42,0,0
2026/08/30 21:05,05F0055S,05F0287S,5,0,0
2026/08/30 21:05,05F0287S,05F0309S,31,86,76
2026/08/30 21:05,05F0287S,05F0309S,32,91,10
2026/08/30 21:05,05F0287S,05F0309S,41,92,8
2026/08/30 21:05,05F0287S,05F0309S,42,0,0
2026/08/30 21:05,05F0287S,05F0309S,5,0,0
2026/08/30 21:05,05F0309S,05F0439S,31,475,36
2026/08/30 21:05,05F0309S,05F0439S,32,479,5
2026/08/30 21:05,05F0309S,05F0439S,41,520,5
2026/08/30 21:05,05F0309S,05F0439S,42,0,0
2026/08/30 21:05,05F0309S,05F0439S,5,0,0
2026/08/30 21:05,05F0439S,05F0494S,31,209,17
2026/08/30 21:05,05F0439S,05F0494S,32,205,5
2026/08/30 21:05,05F0439S,05F0494S,41,0,0
2026/08/30 21:05,05F0439S,05F0494S,42,0,0
2026/08/30 21:05,05F0439S,05F0494S,5,0,0
2026/08/30 21:10,05F0000S,05F0055S,31,242,81
2026/08/30 21:10,05F0000S,05F0055S,32,243,13
2026/08/30 21:10,05F0000S,05F0055S,41,252,5
2026/08/30 21:10,05F0000S,05F0055S,42,0,0
2026/08/30 21:10,05F0000S,05F0055S,5,0,0
2026/08/30 21:10,05F0055S,05F0287S,31,972,84
2026/08/30 21:10,05F0055S,05F0287S,32,972,22
2026/08/30 21:10,05F0055S,05F0287S,41,1014,4
2026/08/30 21:10,05F0055S,05F0287S,42,0,0
2026/08/30 21:10,05F0055S,05F0287S,5,0,0
2026/08/30 21:10,05F0287S,05F0309S,31,85,75
2026/08/30 21:10,05F0287S,05F0309S,32,85,14
2026/08/30 21:10,05F0287S,05F0309S,41,96,3
2026/08/30 21:10,05F0287S,05F0309S,42,0,0
2026/08/30 21:10,05F0287S,05F0309S,5,0,0
2026/08/30 21:10,05F0309S,05F0439S,31,482,57
2026/08/30 21:10,05F0309S,05F0439S,32,488,4
2026/08/30 21:10,05F0309S,05F0439S,41,527,2
2026/08/30 21:10,05F0309S,05F0439S,42,0,0
2026/08/30 21:10,05F0309S,05F0439S,5,0,0
2026/08/30 21:10,05F0439S,05F0494S,31,199,21
2026/08/30 21:10,05F0439S,05F0494S,32,215,3
2026/08/30 21:10,05F0439S,05F0494S,41,236,1
2026/08/30 21:10,05F0439S,05F0494S,42,0,0
2026/08/30 21:10,05F0439S,05F0494S,5,0,0
2026/08/30 21:15,05F0000S,05F0055S,31,241,83
2026/08/30 21:15,05F0000S,05F0055S,32,249,20
2026/08/30 21:15,05F0000S,05F0055S,41,248,3
2026/08/30 21:15,05F0000S,05F0055S,42,0,0
2026/08/30 21:15,05F0000S,05F0055S,5,0,0
2026/08/30 21:15,05F0055S,05F0287S,31,969,86
2026/08/30 21:15,05F0055S,05F0287S,32,985,13
2026/08/30 21:15,05F0055S,05F0287S,41,998,6
2026/08/30 21:15,05F0055S,05F0287S,42,0,0
2026/08/30 21:15,05F0055S,05F0287S,5,0,0
2026/08/30 21:15,05F0287S,05F0309S,31,87,73
2026/08/30 21:15,05F0287S,05F0309S,32,90,9
2026/08/30 21:15,05F0287S,05F0309S,41,89,4
2026/08/30 21:15,05F0287S,05F0309S,42,0,0
2026/08/30 21:15,05F0287S,05F0309S,5,0,0
2026/08/30 21:15,05F0309S,05F0439S,31,484,45
2026/08/30 21:15,05F0309S,05F0439S,32,483,10
2026/08/30 21:15,05F0309S,05F0439S,41,537,1
2026/08/30 21:15,05F0309S,05F0439S,42,497,1
2026/08/30 21:15,05F0309S,05F0439S,5,0,0
2026/08/30 21:15,05F0439S,05F0494S,31,201,21
2026/08/30 21:15,05F0439S,05F0494S,32,193,2
2026/08/30 21:15,05F0439S,05F0494S,41,0,0
2026/08/30 21:15,05F0439S,05F0494S,42,0,0
2026/08/30 21:15,05F0439S,05F0494S,5,0,0
2026/08/30 21:20,05F0000S,05F0055S,31,236,80
2026/08/30 21:20,05F0000S,05F0055S,32,235,20
2026/08/30 21:20,05F0000S,05F0055S,41,226,1
2026/08/30 21:20,05F0000S,05F0055S,42,0,0
2026/08/30 21:20,05F0000S,05F0055S,5,0,0
2026/08/30 21:20,05F0055S,05F0287S,31,969,94
2026/08/30 21:20,05F0055S,05F0287S,32,980,15
2026/08/30 21:20,05F0055S,05F0287S,41,1006,3
2026/08/30 21:20,05F0055S,05F0287S,42,0,0
2026/08/30 21:20,05F0055S,05F0287S,5,0,0
2026/08/30 21:20,05F0287S,05F0309S,31,84,57
2026/08/30 21:20,05F0287S,05F0309S,32,83,9
2026/08/30 21:20,05F0287S,05F0309S,41,87,5
2026/08/30 21:20,05F0287S,05F0309S,42,0,0
2026/08/30 21:20,05F0287S,05F0309S,5,0,0
2026/08/30 21:20,05F0309S,05F0439S,31,485,48
2026/08/30 21:20,05F0309S,05F0439S,32,470,7
2026/08/30 21:20,05F0309S,05F0439S,41,532,3
2026/08/30 21:20,05F0309S,05F0439S,42,0,0
2026/08/30 21:20,05F0309S,05F0439S,5,0,0
2026/08/30 21:20,05F0439S,05F0494S,31,202,19
2026/08/30 21:20,05F0439S,05F0494S,32,209,2
2026/08/30 21:20,05F0439S,05F0494S,41,0,0
2026/08/30 21:20,05F0439S,05F0494S,42,0,0
2026/08/30 21:20,05F0439S,05F0494S,5,0,0
2026/08/30 21:25,05F0000S,05F0055S,31,237,66
2026/08/30 21:25,05F0000S,05F0055S,32,241,17
2026/08/30 21:25,05F0000S,05F0055S,41,235,5
2026/08/30 21:25,05F0000S,05F0055S,42,0,0
2026/08/30 21:25,05F0000S,05F0055S,5,0,0
2026/08/30 21:25,05F0055S,05F0287S,31,952,76
2026/08/30 21:25,05F0055S,05F0287S,32,955,20
2026/08/30 21:25,05F0055S,05F0287S,41,983,4
2026/08/30 21:25,05F0055S,05F0287S,42,0,0
2026/08/30 21:25,05F0055S,05F0287S,5,0,0
2026/08/30 21:25,05F0287S,05F0309S,31,85,76
2026/08/30 21:25,05F0287S,05F0309S,32,86,17
2026/08/30 21:25,05F0287S,05F0309S,41,94,3
2026/08/30 21:25,05F0287S,05F0309S,42,0,0
2026/08/30 21:25,05F0287S,05F0309S,5,0,0
2026/08/30 21:25,05F0309S,05F0439S,31,495,46
2026/08/30 21:25,05F0309S,05F0439S,32,496,8
2026/08/30 21:25,05F0309S,05F0439S,41,533,4
2026/08/30 21:25,05F0309S,05F0439S,42,653,1
2026/08/30 21:25,05F0309S,05F0439S,5,0,0
2026/08/30 21:25,05F0439S,05F0494S,31,211,13
2026/08/30 21:25,05F0439S,05F0494S,32,228,2
2026/08/30 21:25,05F0439S,05F0494S,41,248,1
2026/08/30 21:25,05F0439S,05F0494S,42,0,0
2026/08/30 21:25,05F0439S,05F0494S,5,0,0
2026/08/30 21:30,05F0000S,05F0055S,31,236,69
2026/08/30 21:30,05F0000S,05F0055S,32,246,9
2026/08/30 21:30,05F0000S,05F0055S,41,237,3
2026/08/30 21:30,05F0000S,05F0055S,42,244,1
2026/08/30 21:30,05F0000S,05F0055S,5,0,0
2026/08/30 21:30,05F0055S,05F0287S,31,963,105
2026/08/30 21:30,05F0055S,05F0287S,32,972,17
2026/08/30 21:30,05F0055S,05F0287S,41,1009,5
2026/08/30 21:30,05F0055S,05F0287S,42,0,0
2026/08/30 21:30,05F0055S,05F0287S,5,0,0
2026/08/30 21:30,05F0287S,05F0309S,31,87,73
2026/08/30 21:30,05F0287S,05F0309S,32,90,11
2026/08/30 21:30,05F0287S,05F0309S,41,93,5
2026/08/30 21:30,05F0287S,05F0309S,42,0,0
2026/08/30 21:30,05F0287S,05F0309S,5,0,0
2026/08/30 21:30,05F0309S,05F0439S,31,484,55
2026/08/30 21:30,05F0309S,05F0439S,32,489,10
2026/08/30 21:30,05F0309S,05F0439S,41,502,1
2026/08/30 21:30,05F0309S,05F0439S,42,554,2
2026/08/30 21:30,05F0309S,05F0439S,5,0,0
2026/08/30 21:30,05F0439S,05F0494S,31,203,20
2026/08/30 21:30,05F0439S,05F0494S,32,209,6
2026/08/30 21:30,05F0439S,05F0494S,41,0,0
2026/08/30 21:30,05F0439S,05F0494S,42,258,1
2026/08/30 21:30,05F0439S,05F0494S,5,0,0
2026/08/30 21:35,05F0000S,05F0055S,31,235,77
2026/08/30 21:35,05F0000S,05F0055S,32,246,15
2026/08/30 21:35,05F0000S,05F0055S,41,245,3
2026/08/30 21:35,05F0000S,05F0055S,42,0,0
2026/08/30 21:35,05F0000S,05F0055S,5,0,0
2026/08/30 21:35,05F0055S,05F0287S,31,962,75
2026/08/30 21:35,05F0055S,05F0287S,32,959,22
2026/08/30 21:35,05F0055S,05F0287S,41,979,1
2026/08/30 21:35,05F0055S,05F0287S,42,0,0
2026/08/30 21:35,05F0055S,05F0287S,5,0,0
2026/08/30 21:35,05F0287S,05F0309S,31,85,60
2026/08/30 21:35,05F0287S,05F0309S,32,85,20
2026/08/30 21:35,05F0287S,05F0309S,41,93,1
2026/08/30 21:35,05F0287S,05F0309S,42,0,0
2026/08/30 21:35,05F0287S,05F0309S,5,0,0
2026/08/30 21:35,05F0309S,05F0439S,31,484,41
2026/08/30 21:35,05F0309S,05F0439S,32,533,8
2026/08/30 21:35,05F0309S,05F0439S,41,536,3
2026/08/30 21:35,05F0309S,05F0439S,42,544,2
2026/08/30 21:35,05F0309S,05F0439S,5,0,0
2026/08/30 21:35,05F0439S,05F0494S,31,214,15
2026/08/30 21:35,05F0439S,05F0494S,32,196,2
2026/08/30 21:35,05F0439S,05F0494S,41,0,0
2026/08/30 21:35,05F0439S,05F0494S,42,208,1
2026/08/30 21:35,05F0439S,05F0494S,5,0,0
2026/08/30 21:40,05F0000S,05F0055S,31,241,74
2026/08/30 21:40,05F0000S,05F0055S,32,247,9
2026/08/30 21:40,05F0000S,05F0055S,41,240,2
2026/08/30 21:40,05F0000S,05F0055S,42,0,0
2026/08/30 21:40,05F0000S,05F0055S,5,0,0
2026/08/30 21:40,05F0055S,05F0287S,31,958,64
2026/08/30 21:40,05F0055S,05F0287S,32,946,15
2026/08/30 21:40,05F0055S,05F0287S,41,1009,2
2026/08/30 21:40,05F0055S,05F0287S,42,0,0
2026/08/30 21:40,05F0055S,05F0287S,5,0,0
2026/08/30 21:40,05F0287S,05F0309S,31,84,56
2026/08/30 21:40,05F0287S,05F0309S,32,84,14
2026/08/30 21:40,05F0287S,05F0309S,41,93,4
2026/08/30 21:40,05F0287S,05F0309S,42,0,0
2026/08/30 21:40,05F0287S,05F0309S,5,0,0
2026/08/30 21:40,05F0309S,05F0439S,31,485,38
2026/08/30 21:40,05F0309S,05F0439S,32,481,9
2026/08/30 21:40,05F0309S,05F0439S,41,533,1
2026/08/30 21:40,05F0309S,05F0439S,42,0,0
2026/08/30 21:40,05F0309S,05F0439S,5,532,1
2026/08/30 21:40,05F0439S,05F0494S,31,207,15
2026/08/30 21:40,05F0439S,05F0494S,32,210,3
2026/08/30 21:40,05F0439S,05F0494S,41,0,0
2026/08/30 21:40,05F0439S,05F0494S,42,0,0
2026/08/30 21:40,05F0439S,05F0494S,5,0,0
2026/08/30 21:45,05F0000S,05F0055S,31,236,60
2026/08/30 21:45,05F0000S,05F0055S,32,230,17
2026/08/30 21:45,05F0000S,05F0055S,41,248,6
2026/08/30 21:45,05F0000S,05F0055S,42,0,0
2026/08/30 21:45,05F0000S,05F0055S,5,0,0
2026/08/30 21:45,05F0055S,05F0287S,31,945,78
2026/08/30 21:45,05F0055S,05F0287S,32,991,11
2026/08/30 21:45,05F0055S,05F0287S,41,1003,4
2026/08/30 21:45,05F0055S,05F0287S,42,0,0
2026/08/30 21:45,05F0055S,05F0287S,5,0,0
2026/08/30 21:45,05F0287S,05F0309S,31,86,61
2026/08/30 21:45,05F0287S,05F0309S,32,84,7
2026/08/30 21:45,05F0287S,05F0309S,41,93,3
2026/08/30 21:45,05F0287S,05F0309S,42,0,0
2026/08/30 21:45,05F0287S,05F0309S,5,0,0
2026/08/30 21:45,05F0309S,05F0439S,31,486,37
2026/08/30 21:45,05F0309S,05F0439S,32,505,11
2026/08/30 21:45,05F0309S,05F0439S,41,529,1
2026/08/30 21:45,05F0309S,05F0439S,42,544,1
2026/08/30 21:45,05F0309S,05F0439S,5,0,0
2026/08/30 21:45,05F0439S,05F0494S,31,205,12
2026/08/30 21:45,05F0439S,05F0494S,32,205,7
2026/08/30 21:45,05F0439S,05F0494S,41,0,0
2026/08/30 21:45,05F0439S,05F0494S,42,0,0
2026/08/30 21:45,05F0439S,05F0494S,5,0,0
2026/08/30 21:50,05F0000S,05F0055S,31,237,73
2026/08/30 21:50,05F0000S,05F0055S,32,239,12
2026/08/30 21:50,05F0000S,05F0055S,41,251,5
2026/08/30 21:50,05F0000S,05F0055S,42,0,0
2026/08/30 21:50,05F0000S,05F0055S,5,0,0
2026/08/30 21:50,05F0055S,05F0287S,31,959,84
2026/08/30 21:50,05F0055S,05F0287S,32,981,20
2026/08/30 21:50,05F0055S,05F0287S,41,1000,4
2026/08/30 21:50,05F0055S,05F0287S,42,0,0
2026/08/30 21:50,05F0055S,05F0287S,5,0,0
2026/08/30 21:50,05F0287S,05F0309S,31,87,63
2026/08/30 21:50,05F0287S,05F0309S,32,90,13
2026/08/30 21:50,05F0287S,05F0309S,41,95,1
2026/08/30 21:50,05F0287S,05F0309S,42,0,0
2026/08/30 21:50,05F0287S,05F0309S,5,0,0
2026/08/30 21:50,05F0309S,05F0439S,31,487,27
2026/08/30 21:50,05F0309S,05F0439S,32,493,11
2026/08/30 21:50,05F0309S,05F0439S,41,536,2
2026/08/30 21:50,05F0309S,05F0439S,42,0,0
2026/08/30 21:50,05F0309S,05F0439S,5,0,0
2026/08/30 21:50,05F0439S,05F0494S,31,214,10
2026/08/30 21:50,05F0439S,05F0494S,32,225,6
2026/08/30 21:50,05F0439S,05F0494S,41,0,0
2026/08/30 21:50,05F0439S,05F0494S,42,227,1
2026/08/30 21:50,05F0439S,05F0494S,5,0,0
2026/08/30 21:55,05F0000S,05F0055S,31,232,52
2026/08/30 21:55,05F0000S,05F0055S,32,239,14
2026/08/30 21:55,05F0000S,05F0055S,41,237,4
2026/08/30 21:55,05F0000S,05F0055S,42,0,0
2026/08/30 21:55,05F0000S,05F0055S,5,0,0
2026/08/30 21:55,05F0055S,05F0287S,31,955,72
2026/08/30 21:55,05F0055S,05F0287S,32,960,8
2026/08/30 21:55,05F0055S,05F0287S,41,1127,2
2026/08/30 21:55,05F0055S,05F0287S,42,0,0
2026/08/30 21:55,05F0055S,05F0287S,5,0,0
2026/08/30 21:55,05F0287S,05F0309S,31,85,61
2026/08/30 21:55,05F0287S,05F0309S,32,82,10
2026/08/30 21:55,05F0287S,05F0309S,41,94,3
2026/08/30 21:55,05F0287S,05F0309S,42,0,0
2026/08/30 21:55,05F0287S,05F0309S,5,0,0
2026/08/30 21:55,05F0309S,05F0439S,31,487,39
2026/08/30 21:55,05F0309S,05F0439S,32,498,5
2026/08/30 21:55,05F0309S,05F0439S,41,537,2
2026/08/30 21:55,05F0309S,05F0439S,42,552,1
2026/08/30 21:55,05F0309S,05F0439S,5,0,0
2026/08/30 21:55,05F0439S,05F0494S,31,213,7
2026/08/30 21:55,05F0439S,05F0494S,32,215,3
2026/08/30 21:55,05F0439S,05F0494S,41,0,0
2026/08/30 21:55,05F0439S,05F0494S,42,0,0
2026/08/30 21:55,05F0439S,05F0494S,5,0,0
2026/08/30 22:00,05F0000S,05F0055S,31,235,71
2026/08/30 22:00,05F0000S,05F0055S,32,234,14
2026/08/30 22:00,05F0000S,05F0055S,41,240,4
2026/08/30 22:00,05F0000S,05F0055S,42,0,0
2026/08/30 22:00,05F0000S,05F0055S,5,0,0
2026/08/30 22:00,05F0055S,05F0287S,31,946,70
2026/08/30 22:00,05F0055S,05F0287S,32,966,17
2026/08/30 22:00,05F0055S,05F0287S,41,1023,7
2026/08/30 22:00,05F0055S,05F0287S,42,0,0
2026/08/30 22:00,05F0055S,05F0287S,5,0,0
2026/08/30 22:00,05F0287S,05F0309S,31,87,65
2026/08/30 22:00,05F0287S,05F0309S,32,80,13
2026/08/30 22:00,05F0287S,05F0309S,41,93,3
2026/08/30 22:00,05F0287S,05F0309S,42,0,0
2026/08/30 22:00,05F0287S,05F0309S,5,0,0
2026/08/30 22:00,05F0309S,05F0439S,31,486,49
2026/08/30 22:00,05F0309S,05F0439S,32,482,13
2026/08/30 22:00,05F0309S,05F0439S,41,509,1
2026/08/30 22:00,05F0309S,05F0439S,42,0,0
2026/08/30 22:00,05F0309S,05F0439S,5,0,0
2026/08/30 22:00,05F0439S,05F0494S,31,202,12
2026/08/30 22:00,05F0439S,05F0494S,32,214,3
2026/08/30 22:00,05F0439S,05F0494S,41,0,0
2026/08/30 22:00,05F0439S,05F0494S,42,232,1
2026/08/30 22:00,05F0439S,05F0494S,5,0,0
2026/08/30 22:05,05F0000S,05F0055S,31,239,63
2026/08/30 22:05,05F0000S,05F0055S,32,239,16
2026/08/30 22:05,05F0000S,05F0055S,41,238,4
2026/08/30 22:05,05F0000S,05F0055S,42,0,0
2026/08/30 22:05,05F0000S,05F0055S,5,0,0
2026/08/30 22:05,05F0055S,05F0287S,31,945,73
2026/08/30 22:05,05F0055S,05F0287S,32,950,8
2026/08/30 22:05,05F0055S,05F0287S,41,957,2
2026/08/30 22:05,05F0055S,05F0287S,42,0,0
2026/08/30 22:05,05F0055S,05F0287S,5,0,0
2026/08/30 22:05,05F0287S,05F0309S,31,85,51
2026/08/30 22:05,05F0287S,05F0309S,32,92,8
2026/08/30 22:05,05F0287S,05F0309S,41,94,6
2026/08/30 22:05,05F0287S,05F0309S,42,0,0
2026/08/30 22:05,05F0287S,05F0309S,5,0,0
2026/08/30 22:05,05F0309S,05F0439S,31,478,41
2026/08/30 22:05,05F0309S,05F0439S,32,446,6
2026/08/30 22:05,05F0309S,05F0439S,41,545,2
2026/08/30 22:05,05F0309S,05F0439S,42,0,0
2026/08/30 22:05,05F0309S,05F0439S,5,0,0
2026/08/30 22:05,05F0439S,05F0494S,31,205,17
2026/08/30 22:05,05F0439S,05F0494S,32,220,4
2026/08/30 22:05,05F0439S,05F0494S,41,0,0
2026/08/30 22:05,05F0439S,05F0494S,42,0,0
2026/08/30 22:05,05F0439S,05F0494S,5,0,0
2026/08/30 22:10,05F0000S,05F0055S,31,233,55
2026/08/30 22:10,05F0000S,05F0055S,32,234,9
2026/08/30 22:10,05F0000S,05F0055S,41,249,4
2026/08/30 22:10,05F0000S,05F0055S,42,0,0
2026/08/30 22:10,05F0000S,05F0055S,5,0,0
2026/08/30 22:10,05F0055S,05F0287S,31,941,56
2026/08/30 22:10,05F0055S,05F0287S,32,943,17
2026/08/30 22:10,05F0055S,05F0287S,41,978,7
2026/08/30 22:10,05F0055S,05F0287S,42,0,0
2026/08/30 22:10,05F0055S,05F0287S,5,0,0
2026/08/30 22:10,05F0287S,05F0309S,31,84,52
2026/08/30 22:10,05F0287S,05F0309S,32,85,13
2026/08/30 22:10,05F0287S,05F0309S,41,95,3
2026/08/30 22:10,05F0287S,05F0309S,42,0,0
2026/08/30 22:10,05F0287S,05F0309S,5,0,0
2026/08/30 22:10,05F0309S,05F0439S,31,479,32
2026/08/30 22:10,05F0309S,05F0439S,32,467,6
2026/08/30 22:10,05F0309S,05F0439S,41,527,3
2026/08/30 22:10,05F0309S,05F0439S,42,560,1
2026/08/30 22:10,05F0309S,05F0439S,5,0,0
2026/08/30 22:10,05F0439S,05F0494S,31,202,12
2026/08/30 22:10,05F0439S,05F0494S,32,160,5
2026/08/30 22:10,05F0439S,05F0494S,41,0,0
2026/08/30 22:10,05F0439S,05F0494S,42,0,0
2026/08/30 22:10,05F0439S,05F0494S,5,0,0
2026/08/30 22:15,05F0000S,05F0055S,31,238,38
2026/08/30 22:15,05F0000S,05F0055S,32,234,12
2026/08/30 22:15,05F0000S,05F0055S,41,246,6
2026/08/30 22:15,05F0000S,05F0055S,42,0,0
2026/08/30 22:15,05F0000S,05F0055S,5,0,0
2026/08/30 22:15,05F0055S,05F0287S,31,945,77
2026/08/30 22:15,05F0055S,05F0287S,32,979,17
2026/08/30 22:15,05F0055S,05F0287S,41,1003,4
2026/08/30 22:15,05F0055S,05F0287S,42,0,0
2026/08/30 22:15,05F0055S,05F0287S,5,0,0
2026/08/30 22:15,05F0287S,05F0309S,31,85,57
2026/08/30 22:15,05F0287S,05F0309S,32,89,14
2026/08/30 22:15,05F0287S,05F0309S,41,92,5
2026/08/30 22:15,05F0287S,05F0309S,42,0,0
2026/08/30 22:15,05F0287S,05F0309S,5,0,0
2026/08/30 22:15,05F0309S,05F0439S,31,483,48
2026/08/30 22:15,05F0309S,05F0439S,32,483,6
2026/08/30 22:15,05F0309S,05F0439S,41,531,4
2026/08/30 22:15,05F0309S,05F0439S,42,0,0
2026/08/30 22:15,05F0309S,05F0439S,5,0,0
2026/08/30 22:15,05F0439S,05F0494S,31,204,13
2026/08/30 22:15,05F0439S,05F0494S,32,220,2
2026/08/30 22:15,05F0439S,05F0494S,41,0,0
2026/08/30 22:15,05F0439S,05F0494S,42,242,1
2026/08/30 22:15,05F0439S,05F0494S,5,0,0
2026/08/30 22:20,05F0000S,05F0055S,31,238,49
2026/08/30 22:20,05F0000S,05F0055S,32,240,14
2026/08/30 22:20,05F0000S,05F0055S,41,228,3
2026/08/30 22:20,05F0000S,05F0055S,42,0,0
2026/08/30 22:20,05F0000S,05F0055S,5,0,0
2026/08/30 22:20,05F0055S,05F0287S,31,962,65
2026/08/30 22:20,05F0055S,05F0287S,32,953,14
2026/08/30 22:20,05F0055S,05F0287S,41,1017,2
2026/08/30 22:20,05F0055S,05F0287S,42,0,0
2026/08/30 22:20,05F0055S,05F0287S,5,0,0
2026/08/30 22:20,05F0287S,05F0309S,31,85,51
2026/08/30 22:20,05F0287S,05F0309S,32,87,10
2026/08/30 22:20,05F0287S,05F0309S,41,603,2
2026/08/30 22:20,05F0287S,05F0309S,42,110,1
2026/08/30 22:20,05F0287S,05F0309S,5,0,0
2026/08/30 22:20,05F0309S,05F0439S,31,492,27
2026/08/30 22:20,05F0309S,05F0439S,32,490,6
2026/08/30 22:20,05F0309S,05F0439S,41,540,1
2026/08/30 22:20,05F0309S,05F0439S,42,475,1
2026/08/30 22:20,05F0309S,05F0439S,5,608,1
2026/08/30 22:20,05F0439S,05F0494S,31,222,11
2026/08/30 22:20,05F0439S,05F0494S,32,200,3
2026/08/30 22:20,05F0439S,05F0494S,41,0,0
2026/08/30 22:20,05F0439S,05F0494S,42,0,0
2026/08/30 22:20,05F0439S,05F0494S,5,0,0
2026/08/30 22:25,05F0000S,05F0055S,31,233,50
2026/08/30 22:25,05F0000S,05F0055S,32,238,7
2026/08/30 22:25,05F0000S,05F0055S,41,250,5
2026/08/30 22:25,05F0000S,05F0055S,42,0,0
2026/08/30 22:25,05F0000S,05F0055S,5,0,0
2026/08/30 22:25,05F0055S,05F0287S,31,949,48
2026/08/30 22:25,05F0055S,05F0287S,32,923,9
2026/08/30 22:25,05F0055S,05F0287S,41,995,2
2026/08/30 22:25,05F0055S,05F0287S,42,0,0
2026/08/30 22:25,05F0055S,05F0287S,5,0,0
2026/08/30 22:25,05F0287S,05F0309S,31,86,63
2026/08/30 22:25,05F0287S,05F0309S,32,83,10
2026/08/30 22:25,05F0287S,05F0309S,41,96,5
2026/08/30 22:25,05F0287S,05F0309S,42,0,0
2026/08/30 22:25,05F0287S,05F0309S,5,0,0
2026/08/30 22:25,05F0309S,05F0439S,31,488,35
2026/08/30 22:25,05F0309S,05F0439S,32,479,11
2026/08/30 22:25,05F0309S,05F0439S,41,527,3
2026/08/30 22:25,05F0309S,05F0439S,42,0,0
2026/08/30 22:25,05F0309S,05F0439S,5,0,0
2026/08/30 22:25,05F0439S,05F0494S,31,205,9
2026/08/30 22:25,05F0439S,05F0494S,32,210,6
2026/08/30 22:25,05F0439S,05F0494S,41,0,0
2026/08/30 22:25,05F0439S,05F0494S,42,0,0
2026/08/30 22:25,05F0439S,05F0494S,5,255,1
2026/08/30 22:30,05F0000S,05F0055S,31,237,54
2026/08/30 22:30,05F0000S,05F0055S,32,238,10
2026/08/30 22:30,05F0000S,05F0055S,41,251,2
2026/08/30 22:30,05F0000S,05F0055S,42,0,0
2026/08/30 22:30,05F0000S,05F0055S,5,0,0
2026/08/30 22:30,05F0055S,05F0287S,31,961,45
2026/08/30 22:30,05F0055S,05F0287S,32,958,9
2026/08/30 22:30,05F0055S,05F0287S,41,1021,8
2026/08/30 22:30,05F0055S,05F0287S,42,0,0
2026/08/30 22:30,05F0055S,05F0287S,5,0,0
2026/08/30 22:30,05F0287S,05F0309S,31,88,31
2026/08/30 22:30,05F0287S,05F0309S,32,87,8
2026/08/30 22:30,05F0287S,05F0309S,41,93,6
2026/08/30 22:30,05F0287S,05F0309S,42,0,0
2026/08/30 22:30,05F0287S,05F0309S,5,0,0
2026/08/30 22:30,05F0309S,05F0439S,31,489,37
2026/08/30 22:30,05F0309S,05F0439S,32,483,9
2026/08/30 22:30,05F0309S,05F0439S,41,498,2
2026/08/30 22:30,05F0309S,05F0439S,42,521,2
2026/08/30 22:30,05F0309S,05F0439S,5,0,0
2026/08/30 22:30,05F0439S,05F0494S,31,202,11
2026/08/30 22:30,05F0439S,05F0494S,32,210,4
2026/08/30 22:30,05F0439S,05F0494S,41,0,0
2026/08/30 22:30,05F0439S,05F0494S,42,207,1
2026/08/30 22:30,05F0439S,05F0494S,5,0,0
2026/08/30 22:35,05F0000S,05F0055S,31,238,56
2026/08/30 22:35,05F0000S,05F0055S,32,231,7
2026/08/30 22:35,05F0000S,05F0055S,41,236,5
2026/08/30 22:35,05F0000S,05F0055S,42,0,0
2026/08/30 22:35,05F0000S,05F0055S,5,0,0
2026/08/30 22:35,05F0055S,05F0287S,31,945,54
2026/08/30 22:35,05F0055S,05F0287S,32,954,14
2026/08/30 22:35,05F0055S,05F0287S,41,983,5
2026/08/30 22:35,05F0055S,05F0287S,42,0,0
2026/08/30 22:35,05F0055S,05F0287S,5,0,0
2026/08/30 22:35,05F0287S,05F0309S,31,86,44
2026/08/30 22:35,05F0287S,05F0309S,32,85,11
2026/08/30 22:35,05F0287S,05F0309S,41,93,5
2026/08/30 22:35,05F0287S,05F0309S,42,0,0
2026/08/30 22:35,05F0287S,05F0309S,5,0,0
2026/08/30 22:35,05F0309S,05F0439S,31,486,24
2026/08/30 22:35,05F0309S,05F0439S,32,533,2
2026/08/30 22:35,05F0309S,05F0439S,41,540,2
2026/08/30 22:35,05F0309S,05F0439S,42,0,0
2026/08/30 22:35,05F0309S,05F0439S,5,0,0
2026/08/30 22:35,05F0439S,05F0494S,31,199,10
2026/08/30 22:35,05F0439S,05F0494S,32,195,6
2026/08/30 22:35,05F0439S,05F0494S,41,0,0
2026/08/30 22:35,05F0439S,05F0494S,42,232,2
2026/08/30 22:35,05F0439S,05F0494S,5,0,0
2026/08/30 22:40,05F0000S,05F0055S,31,234,66
2026/08/30 22:40,05F0000S,05F0055S,32,249,15
2026/08/30 22:40,05F0000S,05F0055S,41,0,0
2026/08/30 22:40,05F0000S,05F0055S,42,256,1
2026/08/30 22:40,05F0000S,05F0055S,5,0,0
2026/08/30 22:40,05F0055S,05F0287S,31,950,47
2026/08/30 22:40,05F0055S,05F0287S,32,956,8
2026/08/30 22:40,05F0055S,05F0287S,41,1026,2
2026/08/30 22:40,05F0055S,05F0287S,42,0,0
2026/08/30 22:40,05F0055S,05F0287S,5,0,0
2026/08/30 22:40,05F0287S,05F0309S,31,86,41
2026/08/30 22:40,05F0287S,05F0309S,32,89,7
2026/08/30 22:40,05F0287S,05F0309S,41,89,3
2026/08/30 22:40,05F0287S,05F0309S,42,0,0
2026/08/30 22:40,05F0287S,05F0309S,5,0,0
2026/08/30 22:40,05F0309S,05F0439S,31,513,19
2026/08/30 22:40,05F0309S,05F0439S,32,446,3
2026/08/30 22:40,05F0309S,05F0439S,41,510,5
2026/08/30 22:40,05F0309S,05F0439S,42,485,1
2026/08/30 22:40,05F0309S,05F0439S,5,0,0
2026/08/30 22:40,05F0439S,05F0494S,31,218,6
2026/08/30 22:40,05F0439S,05F0494S,32,188,1
2026/08/30 22:40,05F0439S,05F0494S,41,231,1
2026/08/30 22:40,05F0439S,05F0494S,42,0,0
2026/08/30 22:40,05F0439S,05F0494S,5,0,0
2026/08/30 22:45,05F0000S,05F0055S,31,231,54
2026/08/30 22:45,05F0000S,05F0055S,32,230,6
2026/08/30 22:45,05F0000S,05F0055S,41,231,5
2026/08/30 22:45,05F0000S,05F0055S,42,0,0
2026/08/30 22:45,05F0000S,05F0055S,5,0,0
2026/08/30 22:45,05F0055S,05F0287S,31,950,56
2026/08/30 22:45,05F0055S,05F0287S,32,960,6
2026/08/30 22:45,05F0055S,05F0287S,41,970,5
2026/08/30 22:45,05F0055S,05F0287S,42,0,0
2026/08/30 22:45,05F0055S,05F0287S,5,0,0
2026/08/30 22:45,05F0287S,05F0309S,31,84,40
2026/08/30 22:45,05F0287S,05F0309S,32,88,5
2026/08/30 22:45,05F0287S,05F0309S,41,98,4
2026/08/30 22:45,05F0287S,05F0309S,42,0,0
2026/08/30 22:45,05F0287S,05F0309S,5,0,0
2026/08/30 22:45,05F0309S,05F0439S,31,487,37
2026/08/30 22:45,05F0309S,05F0439S,32,487,5
2026/08/30 22:45,05F0309S,05F0439S,41,524,4
2026/08/30 22:45,05F0309S,05F0439S,42,0,0
2026/08/30 22:45,05F0309S,05F0439S,5,0,0
2026/08/30 22:45,05F0439S,05F0494S,31,207,10
2026/08/30 22:45,05F0439S,05F0494S,32,217,1
2026/08/30 22:45,05F0439S,05F0494S,41,236,1
2026/08/30 22:45,05F0439S,05F0494S,42,205,1
2026/08/30 22:45,05F0439S,05F0494S,5,0,0
2026/08/30 22:50,05F0000S,05F0055S,31,230,52
2026/08/30 22:50,05F0000S,05F0055S,32,231,12
2026/08/30 22:50,05F0000S,05F0055S,41,231,2
2026/08/30 22:50,05F0000S,05F0055S,42,0,0
2026/08/30 22:50,05F0000S,05F0055S,5,0,0
2026/08/30 22:50,05F0055S,05F0287S,31,954,61
2026/08/30 22:50,05F0055S,05F0287S,32,981,15
2026/08/30 22:50,05F0055S,05F0287S,41,1003,4
2026/08/30 22:50,05F0055S,05F0287S,42,0,0
2026/08/30 22:50,05F0055S,05F0287S,5,0,0
2026/08/30 22:50,05F0287S,05F0309S,31,89,44
2026/08/30 22:50,05F0287S,05F0309S,32,91,10
2026/08/30 22:50,05F0287S,05F0309S,41,91,1
2026/08/30 22:50,05F0287S,05F0309S,42,0,0
2026/08/30 22:50,05F0287S,05F0309S,5,0,0
2026/08/30 22:50,05F0309S,05F0439S,31,492,18
2026/08/30 22:50,05F0309S,05F0439S,32,514,2
2026/08/30 22:50,05F0309S,05F0439S,41,528,2
2026/08/30 22:50,05F0309S,05F0439S,42,557,1
2026/08/30 22:50,05F0309S,05F0439S,5,498,1
2026/08/30 22:50,05F0439S,05F0494S,31,202,12
2026/08/30 22:50,05F0439S,05F0494S,32,199,2
2026/08/30 22:50,05F0439S,05F0494S,41,0,0
2026/08/30 22:50,05F0439S,05F0494S,42,0,0
2026/08/30 22:50,05F0439S,05F0494S,5,0,0
2026/08/30 22:55,05F0000S,05F0055S,31,230,48
2026/08/30 22:55,05F0000S,05F0055S,32,232,9
2026/08/30 22:55,05F0000S,05F0055S,41,240,1
2026/08/30 22:55,05F0000S,05F0055S,42,0,0
2026/08/30 22:55,05F0000S,05F0055S,5,0,0
2026/08/30 22:55,05F0055S,05F0287S,31,946,63
2026/08/30 22:55,05F0055S,05F0287S,32,945,11
2026/08/30 22:55,05F0055S,05F0287S,41,958,1
2026/08/30 22:55,05F0055S,05F0287S,42,0,0
2026/08/30 22:55,05F0055S,05F0287S,5,0,0
2026/08/30 22:55,05F0287S,05F0309S,31,86,52
2026/08/30 22:55,05F0287S,05F0309S,32,88,9
2026/08/30 22:55,05F0287S,05F0309S,41,91,4
2026/08/30 22:55,05F0287S,05F0309S,42,0,0
2026/08/30 22:55,05F0287S,05F0309S,5,0,0
2026/08/30 22:55,05F0309S,05F0439S,31,482,29
2026/08/30 22:55,05F0309S,05F0439S,32,474,6
2026/08/30 22:55,05F0309S,05F0439S,41,0,0
2026/08/30 22:55,05F0309S,05F0439S,42,658,1
2026/08/30 22:55,05F0309S,05F0439S,5,0,0
2026/08/30 22:55,05F0439S,05F0494S,31,196,4
2026/08/30 22:55,05F0439S,05F0494S,32,207,2
2026/08/30 22:55,05F0439S,05F0494S,41,0,0
2026/08/30 22:55,05F0439S,05F0494S,42,231,1
2026/08/30 22:55,05F0439S,05F0494S,5,210,1
2026/08/30 23:00,05F0000S,05F0055S,31,229,44
2026/08/30 23:00,05F0000S,05F0055S,32,232,11
2026/08/30 23:00,05F0000S,05F0055S,41,234,4
2026/08/30 23:00,05F0000S,05F0055S,42,0,0
2026/08/30 23:00,05F0000S,05F0055S,5,0,0
2026/08/30 23:00,05F0055S,05F0287S,31,933,51
2026/08/30 23:00,05F0055S,05F0287S,32,967,10
2026/08/30 23:00,05F0055S,05F0287S,41,971,3
2026/08/30 23:00,05F0055S,05F0287S,42,0,0
2026/08/30 23:00,05F0055S,05F0287S,5,0,0
2026/08/30 23:00,05F0287S,05F0309S,31,84,47
2026/08/30 23:00,05F0287S,05F0309S,32,88,10
2026/08/30 23:00,05F0287S,05F0309S,41,509,2
2026/08/30 23:00,05F0287S,05F0309S,42,0,0
2026/08/30 23:00,05F0287S,05F0309S,5,0,0
2026/08/30 23:00,05F0309S,05F0439S,31,491,37
2026/08/30 23:00,05F0309S,05F0439S,32,503,6
2026/08/30 23:00,05F0309S,05F0439S,41,520,3
2026/08/30 23:00,05F0309S,05F0439S,42,592,1
2026/08/30 23:00,05F0309S,05F0439S,5,0,0
2026/08/30 23:00,05F0439S,05F0494S,31,207,12
2026/08/30 23:00,05F0439S,05F0494S,32,205,3
2026/08/30 23:00,05F0439S,05F0494S,41,0,0
2026/08/30 23:00,05F0439S,05F0494S,42,0,0
2026/08/30 23:00,05F0439S,05F0494S,5,0,0
2026/08/30 23:05,05F0000S,05F0055S,31,239,44
2026/08/30 23:05,05F0000S,05F0055S,32,223,11
2026/08/30 23:05,05F0000S,05F0055S,41,236,2
2026/08/30 23:05,05F0000S,05F0055S,42,0,0
2026/08/30 23:05,05F0000S,05F0055S,5,0,0
2026/08/30 23:05,05F0055S,05F0287S,31,940,63
2026/08/30 23:05,05F0055S,05F0287S,32,916,9
2026/08/30 23:05,05F0055S,05F0287S,41,990,4
2026/08/30 23:05,05F0055S,05F0287S,42,0,0
2026/08/30 23:05,05F0055S,05F0287S,5,0,0
2026/08/30 23:05,05F0287S,05F0309S,31,83,46
2026/08/30 23:05,05F0287S,05F0309S,32,88,4
2026/08/30 23:05,05F0287S,05F0309S,41,95,5
2026/08/30 23:05,05F0287S,05F0309S,42,0,0
2026/08/30 23:05,05F0287S,05F0309S,5,0,0
2026/08/30 23:05,05F0309S,05F0439S,31,482,31
2026/08/30 23:05,05F0309S,05F0439S,32,502,9
2026/08/30 23:05,05F0309S,05F0439S,41,510,1
2026/08/30 23:05,05F0309S,05F0439S,42,496,1
2026/08/30 23:05,05F0309S,05F0439S,5,0,0
2026/08/30 23:05,05F0439S,05F0494S,31,209,14
2026/08/30 23:05,05F0439S,05F0494S,32,208,4
2026/08/30 23:05,05F0439S,05F0494S,41,0,0
2026/08/30 23:05,05F0439S,05F0494S,42,0,0
2026/08/30 23:05,05F0439S,05F0494S,5,0,0
2026/08/30 23:10,05F0000S,05F0055S,31,227,45
2026/08/30 23:10,05F0000S,05F0055S,32,223,11
2026/08/30 23:10,05F0000S,05F0055S,41,0,0
2026/08/30 23:10,05F0000S,05F0055S,42,0,0
2026/08/30 23:10,05F0000S,05F0055S,5,0,0
2026/08/30 23:10,05F0055S,05F0287S,31,944,56
2026/08/30 23:10,05F0055S,05F0287S,32,951,13
2026/08/30 23:10,05F0055S,05F0287S,41,976,1
2026/08/30 23:10,05F0055S,05F0287S,42,1811,1
2026/08/30 23:10,05F0055S,05F0287S,5,0,0
2026/08/30 23:10,05F0287S,05F0309S,31,84,38
2026/08/30 23:10,05F0287S,05F0309S,32,86,14
2026/08/30 23:10,05F0287S,05F0309S,41,91,2
2026/08/30 23:10,05F0287S,05F0309S,42,0,0
2026/08/30 23:10,05F0287S,05F0309S,5,0,0
2026/08/30 23:10,05F0309S,05F0439S,31,485,27
2026/08/30 23:10,05F0309S,05F0439S,32,479,7
2026/08/30 23:10,05F0309S,05F0439S,41,0,0
2026/08/30 23:10,05F0309S,05F0439S,42,0,0
2026/08/30 23:10,05F0309S,05F0439S,5,0,0
2026/08/30 23:10,05F0439S,05F0494S,31,201,7
2026/08/30 23:10,05F0439S,05F0494S,32,208,4
2026/08/30 23:10,05F0439S,05F0494S,41,0,0
2026/08/30 23:10,05F0439S,05F0494S,42,209,1
2026/08/30 23:10,05F0439S,05F0494S,5,0,0
2026/08/30 23:15,05F0000S,05F0055S,31,224,34
2026/08/30 23:15,05F0000S,05F0055S,32,232,7
2026/08/30 23:15,05F0000S,05F0055S,41,237,6
2026/08/30 23:15,05F0000S,05F0055S,42,0,0
2026/08/30 23:15,05F0000S,05F0055S,5,0,0
2026/08/30 23:15,05F0055S,05F0287S,31,921,46
2026/08/30 23:15,05F0055S,05F0287S,32,946,10
2026/08/30 23:15,05F0055S,05F0287S,41,982,4
2026/08/30 23:15,05F0055S,05F0287S,42,0,0
2026/08/30 23:15,05F0055S,05F0287S,5,0,0
2026/08/30 23:15,05F0287S,05F0309S,31,85,40
2026/08/30 23:15,05F0287S,05F0309S,32,82,7
2026/08/30 23:15,05F0287S,05F0309S,41,531,2
2026/08/30 23:15,05F0287S,05F0309S,42,0,0
2026/08/30 23:15,05F0287S,05F0309S,5,0,0
2026/08/30 23:15,05F0309S,05F0439S,31,470,35
2026/08/30 23:15,05F0309S,05F0439S,32,463,7
2026/08/30 23:15,05F0309S,05F0439S,41,537,4
2026/08/30 23:15,05F0309S,05F0439S,42,438,2
2026/08/30 23:15,05F0309S,05F0439S,5,0,0
2026/08/30 23:15,05F0439S,05F0494S,31,199,13
2026/08/30 23:15,05F0439S,05F0494S,32,180,1
2026/08/30 23:15,05F0439S,05F0494S,41,0,0
2026/08/30 23:15,05F0439S,05F0494S,42,0,0
2026/08/30 23:15,05F0439S,05F0494S,5,0,0
2026/08/30 23:20,05F0000S,05F0055S,31,233,36
2026/08/30 23:20,05F0000S,05F0055S,32,235,10
2026/08/30 23:20,05F0000S,05F0055S,41,235,1
2026/08/30 23:20,05F0000S,05F0055S,42,0,0
2026/08/30 23:20,05F0000S,05F0055S,5,0,0
2026/08/30 23:20,05F0055S,05F0287S,31,931,41
2026/08/30 23:20,05F0055S,05F0287S,32,947,12
2026/08/30 23:20,05F0055S,05F0287S,41,976,1
2026/08/30 23:20,05F0055S,05F0287S,42,0,0
2026/08/30 23:20,05F0055S,05F0287S,5,0,0
2026/08/30 23:20,05F0287S,05F0309S,31,84,26
2026/08/30 23:20,05F0287S,05F0309S,32,90,8
2026/08/30 23:20,05F0287S,05F0309S,41,92,2
2026/08/30 23:20,05F0287S,05F0309S,42,0,0
2026/08/30 23:20,05F0287S,05F0309S,5,0,0
2026/08/30 23:20,05F0309S,05F0439S,31,485,30
2026/08/30 23:20,05F0309S,05F0439S,32,513,9
2026/08/30 23:20,05F0309S,05F0439S,41,520,1
2026/08/30 23:20,05F0309S,05F0439S,42,0,0
2026/08/30 23:20,05F0309S,05F0439S,5,0,0
2026/08/30 23:20,05F0439S,05F0494S,31,195,5
2026/08/30 23:20,05F0439S,05F0494S,32,196,4
2026/08/30 23:20,05F0439S,05F0494S,41,0,0
2026/08/30 23:20,05F0439S,05F0494S,42,190,2
2026/08/30 23:20,05F0439S,05F0494S,5,0,0
2026/08/30 23:25,05F0000S,05F0055S,31,229,37
2026/08/30 23:25,05F0000S,05F0055S,32,232,9
2026/08/30 23:25,05F0000S,05F0055S,41,244,1
2026/08/30 23:25,05F0000S,05F0055S,42,0,0
2026/08/30 23:25,05F0000S,05F0055S,5,0,0
2026/08/30 23:25,05F0055S,05F0287S,31,922,48
2026/08/30 23:25,05F0055S,05F0287S,32,916,10
2026/08/30 23:25,05F0055S,05F0287S,41,960,1
2026/08/30 23:25,05F0055S,05F0287S,42,0,0
2026/08/30 23:25,05F0055S,05F0287S,5,0,0
2026/08/30 23:25,05F0287S,05F0309S,31,88,46
2026/08/30 23:25,05F0287S,05F0309S,32,94,10
2026/08/30 23:25,05F0287S,05F0309S,41,92,1
2026/08/30 23:25,05F0287S,05F0309S,42,0,0
2026/08/30 23:25,05F0287S,05F0309S,5,0,0
2026/08/30 23:25,05F0309S,05F0439S,31,478,19
2026/08/30 23:25,05F0309S,05F0439S,32,478,5
2026/08/30 23:25,05F0309S,05F0439S,41,527,1
2026/08/30 23:25,05F0309S,05F0439S,42,0,0
2026/08/30 23:25,05F0309S,05F0439S,5,0,0
2026/08/30 23:25,05F0439S,05F0494S,31,205,13
2026/08/30 23:25,05F0439S,05F0494S,32,206,3
2026/08/30 23:25,05F0439S,05F0494S,41,0,0
2026/08/30 23:25,05F0439S,05F0494S,42,0,0
2026/08/30 23:25,05F0439S,05F0494S,5,247,1
2026/08/30 23:30,05F0000S,05F0055S,31,233,34
2026/08/30 23:30,05F0000S,05F0055S,32,234,4
2026/08/30 23:30,05F0000S,05F0055S,41,230,2
2026/08/30 23:30,05F0000S,05F0055S,42,0,0
2026/08/30 23:30,05F0000S,05F0055S,5,0,0
2026/08/30 23:30,05F0055S,05F0287S,31,922,45
2026/08/30 23:30,05F0055S,05F0287S,32,948,9
2026/08/30 23:30,05F0055S,05F0287S,41,983,5
2026/08/30 23:30,05F0055S,05F0287S,42,0,0
2026/08/30 23:30,05F0055S,05F0287S,5,0,0
2026/08/30 23:30,05F0287S,05F0309S,31,84,34
2026/08/30 23:30,05F0287S,05F0309S,32,87,8
2026/08/30 23:30,05F0287S,05F0309S,41,92,3
2026/08/30 23:30,05F0287S,05F0309S,42,0,0
2026/08/30 23:30,05F0287S,05F0309S,5,0,0
2026/08/30 23:30,05F0309S,05F0439S,31,467,23
2026/08/30 23:30,05F0309S,05F0439S,32,488,5
2026/08/30 23:30,05F0309S,05F0439S,41,573,1
2026/08/30 23:30,05F0309S,05F0439S,42,0,0
2026/08/30 23:30,05F0309S,05F0439S,5,0,0
2026/08/30 23:30,05F0439S,05F0494S,31,194,5
2026/08/30 23:30,05F0439S,05F0494S,32,214,2
2026/08/30 23:30,05F0439S,05F0494S,41,0,0
2026/08/30 23:30,05F0439S,05F0494S,42,0,0
2026/08/30 23:30,05F0439S,05F0494S,5,0,0
2026/08/30 23:35,05F0000S,05F0055S,31,232,29
2026/08/30 23:35,05F0000S,05F0055S,32,244,1
2026/08/30 23:35,05F0000S,05F0055S,41,250,1
2026/08/30 23:35,05F0000S,05F0055S,42,0,0
2026/08/30 23:35,05F0000S,05F0055S,5,0,0
2026/08/30 23:35,05F0055S,05F0287S,31,937,35
2026/08/30 23:35,05F0055S,05F0287S,32,951,10
2026/08/30 23:35,05F0055S,05F0287S,41,1105,2
2026/08/30 23:35,05F0055S,05F0287S,42,0,0
2026/08/30 23:35,05F0055S,05F0287S,5,0,0
2026/08/30 23:35,05F0287S,05F0309S,31,85,30
2026/08/30 23:35,05F0287S,05F0309S,32,95,6
2026/08/30 23:35,05F0287S,05F0309S,41,587,2
2026/08/30 23:35,05F0287S,05F0309S,42,0,0
2026/08/30 23:35,05F0287S,05F0309S,5,0,0
2026/08/30 23:35,05F0309S,05F0439S,31,483,18
2026/08/30 23:35,05F0309S,05F0439S,32,447,3
2026/08/30 23:35,05F0309S,05F0439S,41,0,0
2026/08/30 23:35,05F0309S,05F0439S,42,526,3
2026/08/30 23:35,05F0309S,05F0439S,5,521,1
2026/08/30 23:35,05F0439S,05F0494S,31,213,10
2026/08/30 23:35,05F0439S,05F0494S,32,197,3
2026/08/30 23:35,05F0439S,05F0494S,41,0,0
2026/08/30 23:35,05F0439S,05F0494S,42,0,0
2026/08/30 23:35,05F0439S,05F0494S,5,0,0
2026/08/30 23:40,05F0000S,05F0055S,31,229,20
2026/08/30 23:40,05F0000S,05F0055S,32,220,7
2026/08/30 23:40,05F0000S,05F0055S,41,226,1
2026/08/30 23:40,05F0000S,05F0055S,42,0,0
2026/08/30 23:40,05F0000S,05F0055S,5,0,0
2026/08/30 23:40,05F0055S,05F0287S,31,937,34
2026/08/30 23:40,05F0055S,05F0287S,32,916,8
2026/08/30 23:40,05F0055S,05F0287S,41,0,0
2026/08/30 23:40,05F0055S,05F0287S,42,0,0
2026/08/30 23:40,05F0055S,05F0287S,5,0,0
2026/08/30 23:40,05F0287S,05F0309S,31,86,32
2026/08/30 23:40,05F0287S,05F0309S,32,87,11
2026/08/30 23:40,05F0287S,05F0309S,41,86,3
2026/08/30 23:40,05F0287S,05F0309S,42,0,0
2026/08/30 23:40,05F0287S,05F0309S,5,0,0
2026/08/30 23:40,05F0309S,05F0439S,31,483,22
2026/08/30 23:40,05F0309S,05F0439S,32,490,6
2026/08/30 23:40,05F0309S,05F0439S,41,529,3
2026/08/30 23:40,05F0309S,05F0439S,42,0,0
2026/08/30 23:40,05F0309S,05F0439S,5,457,1
2026/08/30 23:40,05F0439S,05F0494S,31,195,10
2026/08/30 23:40,05F0439S,05F0494S,32,208,3
2026/08/30 23:40,05F0439S,05F0494S,41,0,0
2026/08/30 23:40,05F0439S,05F0494S,42,0,0
2026/08/30 23:40,05F0439S,05F0494S,5,202,2
2026/08/30 23:45,05F0000S,05F0055S,31,230,29
2026/08/30 23:45,05F0000S,05F0055S,32,251,3
2026/08/30 23:45,05F0000S,05F0055S,41,228,4
2026/08/30 23:45,05F0000S,05F0055S,42,0,0
2026/08/30 23:45,05F0000S,05F0055S,5,0,0
2026/08/30 23:45,05F0055S,05F0287S,31,942,33
2026/08/30 23:45,05F0055S,05F0287S,32,909,3
2026/08/30 23:45,05F0055S,05F0287S,41,985,3
2026/08/30 23:45,05F0055S,05F0287S,42,0,0
2026/08/30 23:45,05F0055S,05F0287S,5,0,0
2026/08/30 23:45,05F0287S,05F0309S,31,85,21
2026/08/30 23:45,05F0287S,05F0309S,32,89,2
2026/08/30 23:45,05F0287S,05F0309S,41,90,2
2026/08/30 23:45,05F0287S,05F0309S,42,0,0
2026/08/30 23:45,05F0287S,05F0309S,5,0,0
2026/08/30 23:45,05F0309S,05F0439S,31,470,19
2026/08/30 23:45,05F0309S,05F0439S,32,506,6
2026/08/30 23:45,05F0309S,05F0439S,41,505,2
2026/08/30 23:45,05F0309S,05F0439S,42,672,1
2026/08/30 23:45,05F0309S,05F0439S,5,491,1
2026/08/30 23:45,05F0439S,05F0494S,31,197,5
2026/08/30 23:45,05F0439S,05F0494S,32,220,3
2026/08/30 23:45,05F0439S,05F0494S,41,0,0
2026/08/30 23:45,05F0439S,05F0494S,42,0,0
2026/08/30 23:45,05F0439S,05F0494S,5,0,0
2026/08/30 23:50,05F0000S,05F0055S,31,231,29
2026/08/30 23:50,05F0000S,05F0055S,32,226,7
2026/08/30 23:50,05F0000S,05F0055S,41,0,0
2026/08/30 23:50,05F0000S,05F0055S,42,0,0
2026/08/30 23:50,05F0000S,05F0055S,5,0,0
2026/08/30 23:50,05F0055S,05F0287S,31,946,44
2026/08/30 23:50,05F0055S,05F0287S,32,965,4
2026/08/30 23:50,05F0055S,05F0287S,41,1007,1
2026/08/30 23:50,05F0055S,05F0287S,42,0,0
2026/08/30 23:50,05F0055S,05F0287S,5,0,0
2026/08/30 23:50,05F0287S,05F0309S,31,86,32
2026/08/30 23:50,05F0287S,05F0309S,32,96,5
2026/08/30 23:50,05F0287S,05F0309S,41,92,1
2026/08/30 23:50,05F0287S,05F0309S,42,0,0
2026/08/30 23:50,05F0287S,05F0309S,5,0,0
2026/08/30 23:50,05F0309S,05F0439S,31,477,15
2026/08/30 23:50,05F0309S,05F0439S,32,471,4
2026/08/30 23:50,05F0309S,05F0439S,41,542,1
2026/08/30 23:50,05F0309S,05F0439S,42,559,2
2026/08/30 23:50,05F0309S,05F0439S,5,519,1
2026/08/30 23:50,05F0439S,05F0494S,31,193,6
2026/08/30 23:50,05F0439S,05F0494S,32,186,3
2026/08/30 23:50,05F0439S,05F0494S,41,0,0
2026/08/30 23:50,05F0439S,05F0494S,42,0,0
2026/08/30 23:50,05F0439S,05F0494S,5,205,1
2026/08/30 23:55,05F0000S,05F0055S,31,229,30
2026/08/30 23:55,05F0000S,05F0055S,32,224,8
2026/08/30 23:55,05F0000S,05F0055S,41,0,0
2026/08/30 23:55,05F0000S,05F0055S,42,0,0
2026/08/30 23:55,05F0000S,05F0055S,5,0,0
2026/08/30 23:55,05F0055S,05F0287S,31,917,18
2026/08/30 23:55,05F0055S,05F0287S,32,917,5
2026/08/30 23:55,05F0055S,05F0287S,41,997,1
2026/08/30 23:55,05F0055S,05F0287S,42,0,0
2026/08/30 23:55,05F0055S,05F0287S,5,0,0
2026/08/30 23:55,05F0287S,05F0309S,31,84,23
2026/08/30 23:55,05F0287S,05F0309S,32,75,4
2026/08/30 23:55,05F0287S,05F0309S,41,0,0
2026/08/30 23:55,05F0287S,05F0309S,42,0,0
2026/08/30 23:55,05F0287S,05F0309S,5,0,0
2026/08/30 23:55,05F0309S,05F0439S,31,486,17
2026/08/30 23:55,05F0309S,05F0439S,32,466,3
2026/08/30 23:55,05F0309S,05F0439S,41,520,2
2026/08/30 23:55,05F0309S,05F0439S,42,0,0
2026/08/30 23:55,05F0309S,05F0439S,5,0,0
2026/08/30 23:55,05F0439S,05F0494S,31,214,7
2026/08/30 23:55,05F0439S,05F0494S,32,178,2
2026/08/30 23:55,05F0439S,05F0494S,41,0,0
2026/08/30 23:55,05F0439S,05F0494S,42,0,0
2026/08/30 23:55,05F0439S,05F0494S,5,213,1
