2026/06/15 00:00,05F0000S,05F0055S,31,235,24
2026/06/15 00:00,05F0000S,05F0055S,32,230,8
2026/06/15 00:00,05F0000S,05F0055S,41,238,1
2026/06/15 00:00,05F0000S,05F0055S,42,0,0
2026/06/15 00:00,05F0000S,05F0055S,5,0,0
2026/06/15 00:00,05F0055S,05F0287S,31,946,28
2026/06/15 00:00,05F0055S,05F0287S,32,950,4
2026/06/15 00:00,05F0055S,05F0287S,41,979,3
2026/06/15 00:00,05F0055S,05F0287S,42,0,0
2026/06/15 00:00,05F0055S,05F0287S,5,0,0
2026/06/15 00:00,05F0287S,05F0309S,31,89,16
2026/06/15 00:00,05F0287S,05F0309S,32,85,4
2026/06/15 00:00,05F0287S,05F0309S,41,95,1
2026/06/15 00:00,05F0287S,05F0309S,42,0,0
2026/06/15 00:00,05F0287S,05F0309S,5,0,0
2026/06/15 00:00,05F0309S,05F0439S,31,489,15
2026/06/15 00:00,05F0309S,05F0439S,32,483,2
2026/06/15 00:00,05F0309S,05F0439S,41,530,1
2026/06/15 00:00,05F0309S,05F0439S,42,622,1
2026/06/15 00:00,05F0309S,05F0439S,5,0,0
2026/06/15 00:00,05F0439S,05F0494S,31,191,7
2026/06/15 00:00,05F0439S,05F0494S,32,208,1
2026/06/15 00:00,05F0439S,05F0494S,41,0,0
2026/06/15 00:00,05F0439S,05F0494S,42,0,0
2026/06/15 00:00,05F0439S,05F0494S,5,284,1
2026/06/15 00:05,05F0000S,05F0055S,31,234,29
2026/06/15 00:05,05F0000S,05F0055S,32,229,6
2026/06/15 00:05,05F0000S,05F0055S,41,0,0
2026/06/15 00:05,05F0000S,05F0055S,42,0,0
2026/06/15 00:05,05F0000S,05F0055S,5,0,0
2026/06/15 00:05,05F0055S,05F0287S,31,933,48
2026/06/15 00:05,05F0055S,05F0287S,32,947,3
2026/06/15 00:05,05F0055S,05F0287S,41,1065,1
2026/06/15 00:05,05F0055S,05F0287S,42,0,0
2026/06/15 00:05,05F0055S,05F0287S,5,0,0
2026/06/15 00:05,05F0287S,05F0309S,31,85,35
2026/06/15 00:05,05F0287S,05F0309S,32,80,3
2026/06/15 00:05,05F0287S,05F0309S,41,96,3
2026/06/15 00:05,05F0287S,05F0309S,42,0,0
2026/06/15 00:05,05F0287S,05F0309S,5,0,0
2026/06/15 00:05,05F0309S,05F0439S,31,461,15
2026/06/15 00:05,05F0309S,05F0439S,32,485,3
2026/06/15 00:05,05F0309S,05F0439S,41,0,0
2026/06/15 00:05,05F0309S,05F0439S,42,0,0
2026/06/15 00:05,05F0309S,05F0439S,5,0,0
2026/06/15 00:05,05F0439S,05F0494S,31,160,1
2026/06/15 00:05,05F0439S,05F0494S,32,186,1
2026/06/15 00:05,05F0439S,05F0494S,41,0,0
2026/06/15 00:05,05F0439S,05F0494S,42,266,1
2026/06/15 00:05,05F0439S,05F0494S,5,0,0
2026/06/15 00:10,05F0000S,05F0055S,31,230,24
2026/06/15 00:10,05F0000S,05F0055S,32,247,5
2026/06/15 00:10,05F0000S,05F0055S,41,272,1
2026/06/15 00:10,05F0000S,05F0055S,42,0,0
2026/06/15 00:10,05F0000S,05F0055S,5,0,0
2026/06/15 00:10,05F0055S,05F0287S,31,948,33
2026/06/15 00:10,05F0055S,05F0287S,32,940,4
2026/06/15 00:10,05F0055S,05F0287S,41,1000,1
2026/06/15 00:10,05F0055S,05F0287S,42,0,0
2026/06/15 00:10,05F0055S,05F0287S,5,0,0
2026/06/15 00:10,05F0287S,05F0309S,31,86,25
2026/06/15 00:10,05F0287S,05F0309S,32,82,4
2026/06/15 00:10,05F0287S,05F0309S,41,93,1
2026/06/15 00:10,05F0287S,05F0309S,42,0,0
2026/06/15 00:10,05F0287S,05F0309S,5,0,0
2026/06/15 00:10,05F0309S,05F0439S,31,492,22
2026/06/15 00:10,05F0309S,05F0439S,32,505,1
2026/06/15 00:10,05F0309S,05F0439S,41,543,1
2026/06/15 00:10,05F0309S,05F0439S,42,0,0
2026/06/15 00:10,05F0309S,05F0439S,5,0,0
2026/06/15 00:10,05F0439S,05F0494S,31,200,3
2026/06/15 00:10,05F0439S,05F0494S,32,0,0
2026/06/15 00:10,05F0439S,05F0494S,41,0,0
2026/06/15 00:10,05F0439S,05F0494S,42,257,1
2026/06/15 00:10,05F0439S,05F0494S,5,0,0
2026/06/15 00:15,05F0000S,05F0055S,31,234,9
2026/06/15 00:15,05F0000S,05F0055S,32,261,5
2026/06/15 00:15,05F0000S,05F0055S,41,0,0
2026/06/15 00:15,05F0000S,05F0055S,42,0,0
2026/06/15 00:15,05F0000S,05F0055S,5,0,0
2026/06/15 00:15,05F0055S,05F0287S,31,935,25
2026/06/15 00:15,05F0055S,05F0287S,32,956,7
2026/06/15 00:15,05F0055S,05F0287S,41,1013,2
2026/06/15 00:15,05F0055S,05F0287S,42,0,0
2026/06/15 00:15,05F0055S,05F0287S,5,0,0
2026/06/15 00:15,05F0287S,05F0309S,31,86,23
2026/06/15 00:15,05F0287S,05F0309S,32,85,6
2026/06/15 00:15,05F0287S,05F0309S,41,103,3
2026/06/15 00:15,05F0287S,05F0309S,42,0,0
2026/06/15 00:15,05F0287S,05F0309S,5,0,0
2026/06/15 00:15,05F0309S,05F0439S,31,488,20
2026/06/15 00:15,05F0309S,05F0439S,32,516,4
2026/06/15 00:15,05F0309S,05F0439S,41,540,1
2026/06/15 00:15,05F0309S,05F0439S,42,547,2
2026/06/15 00:15,05F0309S,05F0439S,5,0,0
2026/06/15 00:15,05F0439S,05F0494S,31,208,7
2026/06/15 00:15,05F0439S,05F0494S,32,175,1
2026/06/15 00:15,05F0439S,05F0494S,41,0,0
2026/06/15 00:15,05F0439S,05F0494S,42,0,0
2026/06/15 00:15,05F0439S,05F0494S,5,0,0
2026/06/15 00:20,05F0000S,05F0055S,31,221,13
2026/06/15 00:20,05F0000S,05F0055S,32,234,7
2026/06/15 00:20,05F0000S,05F0055S,41,0,0
2026/06/15 00:20,05F0000S,05F0055S,42,0,0
2026/06/15 00:20,05F0000S,05F0055S,5,0,0
2026/06/15 00:20,05F0055S,05F0287S,31,939,28
2026/06/15 00:20,05F0055S,05F0287S,32,952,9
2026/06/15 00:20,05F0055S,05F0287S,41,0,0
2026/06/15 00:20,05F0055S,05F0287S,42,0,0
2026/06/15 00:20,05F0055S,05F0287S,5,0,0
2026/06/15 00:20,05F0287S,05F0309S,31,86,21
2026/06/15 00:20,05F0287S,05F0309S,32,84,5
2026/06/15 00:20,05F0287S,05F0309S,41,0,0
2026/06/15 00:20,05F0287S,05F0309S,42,0,0
2026/06/15 00:20,05F0287S,05F0309S,5,0,0
2026/06/15 00:20,05F0309S,05F0439S,31,489,20
2026/06/15 00:20,05F0309S,05F0439S,32,453,5
2026/06/15 00:20,05F0309S,05F0439S,41,528,1
2026/06/15 00:20,05F0309S,05F0439S,42,491,2
2026/06/15 00:20,05F0309S,05F0439S,5,0,0
2026/06/15 00:20,05F0439S,05F0494S,31,209,8
2026/06/15 00:20,05F0439S,05F0494S,32,199,2
2026/06/15 00:20,05F0439S,05F0494S,41,0,0
2026/06/15 00:20,05F0439S,05F0494S,42,200,1
2026/06/15 00:20,05F0439S,05F0494S,5,0,0
2026/06/15 00:25,05F0000S,05F0055S,31,223,23
2026/06/15 00:25,05F0000S,05F0055S,32,228,3
2026/06/15 00:25,05F0000S,05F0055S,41,233,1
2026/06/15 00:25,05F0000S,05F0055S,42,0,0
2026/06/15 00:25,05F0000S,05F0055S,5,0,0
2026/06/15 00:25,05F0055S,05F0287S,31,943,31
2026/06/15 00:25,05F0055S,05F0287S,32,958,5
2026/06/15 00:25,05F0055S,05F0287S,41,0,0
2026/06/15 00:25,05F0055S,05F0287S,42,0,0
2026/06/15 00:25,05F0055S,05F0287S,5,0,0
2026/06/15 00:25,05F0287S,05F0309S,31,87,19
2026/06/15 00:25,05F0287S,05F0309S,32,92,5
2026/06/15 00:25,05F0287S,05F0309S,41,0,0
2026/06/15 00:25,05F0287S,05F0309S,42,0,0
2026/06/15 00:25,05F0287S,05F0309S,5,0,0
2026/06/15 00:25,05F0309S,05F0439S,31,486,11
2026/06/15 00:25,05F0309S,05F0439S,32,438,2
2026/06/15 00:25,05F0309S,05F0439S,41,527,2
2026/06/15 00:25,05F0309S,05F0439S,42,578,1
2026/06/15 00:25,05F0309S,05F0439S,5,495,2
2026/06/15 00:25,05F0439S,05F0494S,31,241,4
2026/06/15 00:25,05F0439S,05F0494S,32,250,1
2026/06/15 00:25,05F0439S,05F0494S,41,0,0
2026/06/15 00:25,05F0439S,05F0494S,42,0,0
2026/06/15 00:25,05F0439S,05F0494S,5,210,3
2026/06/15 00:30,05F0000S,05F0055S,31,230,16
2026/06/15 00:30,05F0000S,05F0055S,32,222,2
2026/06/15 00:30,05F0000S,05F0055S,41,0,0
2026/06/15 00:30,05F0000S,05F0055S,42,0,0
2026/06/15 00:30,05F0000S,05F0055S,5,0,0
2026/06/15 00:30,05F0055S,05F0287S,31,938,13
2026/06/15 00:30,05F0055S,05F0287S,32,987,6
2026/06/15 00:30,05F0055S,05F0287S,41,1080,1
2026/06/15 00:30,05F0055S,05F0287S,42,0,0
2026/06/15 00:30,05F0055S,05F0287S,5,0,0
2026/06/15 00:30,05F0287S,05F0309S,31,86,18
2026/06/15 00:30,05F0287S,05F0309S,32,89,4
2026/06/15 00:30,05F0287S,05F0309S,41,0,0
2026/06/15 00:30,05F0287S,05F0309S,42,0,0
2026/06/15 00:30,05F0287S,05F0309S,5,0,0
2026/06/15 00:30,05F0309S,05F0439S,31,482,16
2026/06/15 00:30,05F0309S,05F0439S,32,540,1
2026/06/15 00:30,05F0309S,05F0439S,41,0,0
2026/06/15 00:30,05F0309S,05F0439S,42,0,0
2026/06/15 00:30,05F0309S,05F0439S,5,0,0
2026/06/15 00:30,05F0439S,05F0494S,31,211,5
2026/06/15 00:30,05F0439S,05F0494S,32,183,2
2026/06/15 00:30,05F0439S,05F0494S,41,0,0
2026/06/15 00:30,05F0439S,05F0494S,42,0,0
2026/06/15 00:30,05F0439S,05F0494S,5,0,0
2026/06/15 00:35,05F0000S,05F0055S,31,233,17
2026/06/15 00:35,05F0000S,05F0055S,32,253,4
2026/06/15 00:35,05F0000S,05F0055S,41,0,0
2026/06/15 00:35,05F0000S,05F0055S,42,0,0
2026/06/15 00:35,05F0000S,05F0055S,5,0,0
2026/06/15 00:35,05F0055S,05F0287S,31,906,14
2026/06/15 00:35,05F0055S,05F0287S,32,920,5
2026/06/15 00:35,05F0055S,05F0287S,41,0,0
2026/06/15 00:35,05F0055S,05F0287S,42,0,0
2026/06/15 00:35,05F0055S,05F0287S,5,0,0
2026/06/15 00:35,05F0287S,05F0309S,31,80,10
2026/06/15 00:35,05F0287S,05F0309S,32,85,6
2026/06/15 00:35,05F0287S,05F0309S,41,0,0
2026/06/15 00:35,05F0287S,05F0309S,42,0,0
2026/06/15 00:35,05F0287S,05F0309S,5,0,0
2026/06/15 00:35,05F0309S,05F0439S,31,508,7
2026/06/15 00:35,05F0309S,05F0439S,32,576,2
2026/06/15 00:35,05F0309S,05F0439S,41,0,0
2026/06/15 00:35,05F0309S,05F0439S,42,0,0
2026/06/15 00:35,05F0309S,05F0439S,5,0,0
2026/06/15 00:35,05F0439S,05F0494S,31,204,3
2026/06/15 00:35,05F0439S,05F0494S,32,219,1
2026/06/15 00:35,05F0439S,05F0494S,41,0,0
2026/06/15 00:35,05F0439S,05F0494S,42,0,0
2026/06/15 00:35,05F0439S,05F0494S,5,0,0
2026/06/15 00:40,05F0000S,05F0055S,31,237,21
2026/06/15 00:40,05F0000S,05F0055S,32,233,3
2026/06/15 00:40,05F0000S,05F0055S,41,0,0
2026/06/15 00:40,05F0000S,05F0055S,42,0,0
2026/06/15 00:40,05F0000S,05F0055S,5,0,0
2026/06/15 00:40,05F0055S,05F0287S,31,927,20
2026/06/15 00:40,05F0055S,05F0287S,32,1010,5
2026/06/15 00:40,05F0055S,05F0287S,41,0,0
2026/06/15 00:40,05F0055S,05F0287S,42,0,0
2026/06/15 00:40,05F0055S,05F0287S,5,0,0
2026/06/15 00:40,05F0287S,05F0309S,31,82,12
2026/06/15 00:40,05F0287S,05F0309S,32,88,4
2026/06/15 00:40,05F0287S,05F0309S,41,0,0
2026/06/15 00:40,05F0287S,05F0309S,42,0,0
2026/06/15 00:40,05F0287S,05F0309S,5,0,0
2026/06/15 00:40,05F0309S,05F0439S,31,476,6
2026/06/15 00:40,05F0309S,05F0439S,32,515,3
2026/06/15 00:40,05F0309S,05F0439S,41,0,0
2026/06/15 00:40,05F0309S,05F0439S,42,0,0
2026/06/15 00:40,05F0309S,05F0439S,5,0,0
2026/06/15 00:40,05F0439S,05F0494S,31,208,3
2026/06/15 00:40,05F0439S,05F0494S,32,220,2
2026/06/15 00:40,05F0439S,05F0494S,41,0,0
2026/06/15 00:40,05F0439S,05F0494S,42,0,0
2026/06/15 00:40,05F0439S,05F0494S,5,0,0
2026/06/15 00:45,05F0000S,05F0055S,31,231,19
2026/06/15 00:45,05F0000S,05F0055S,32,239,3
2026/06/15 00:45,05F0000S,05F0055S,41,230,1
2026/06/15 00:45,05F0000S,05F0055S,42,0,0
2026/06/15 00:45,05F0000S,05F0055S,5,0,0
2026/06/15 00:45,05F0055S,05F0287S,31,942,16
2026/06/15 00:45,05F0055S,05F0287S,32,895,2
2026/06/15 00:45,05F0055S,05F0287S,41,993,1
2026/06/15 00:45,05F0055S,05F0287S,42,0,0
2026/06/15 00:45,05F0055S,05F0287S,5,0,0
2026/06/15 00:45,05F0287S,05F0309S,31,83,14
2026/06/15 00:45,05F0287S,05F0309S,32,91,4
2026/06/15 00:45,05F0287S,05F0309S,41,0,0
2026/06/15 00:45,05F0287S,05F0309S,42,0,0
2026/06/15 00:45,05F0287S,05F0309S,5,0,0
2026/06/15 00:45,05F0309S,05F0439S,31,452,5
2026/06/15 00:45,05F0309S,05F0439S,32,441,2
2026/06/15 00:45,05F0309S,05F0439S,41,0,0
2026/06/15 00:45,05F0309S,05F0439S,42,652,1
2026/06/15 00:45,05F0309S,05F0439S,5,506,2
2026/06/15 00:45,05F0439S,05F0494S,31,153,3
2026/06/15 00:45,05F0439S,05F0494S,32,218,3
2026/06/15 00:45,05F0439S,05F0494S,41,0,0
2026/06/15 00:45,05F0439S,05F0494S,42,269,1
2026/06/15 00:45,05F0439S,05F0494S,5,0,0
2026/06/15 00:50,05F0000S,05F0055S,31,232,15
2026/06/15 00:50,05F0000S,05F0055S,32,215,7
2026/06/15 00:50,05F0000S,05F0055S,41,235,2
2026/06/15 00:50,05F0000S,05F0055S,42,0,0
2026/06/15 00:50,05F0000S,05F0055S,5,0,0
2026/06/15 00:50,05F0055S,05F0287S,31,934,19
2026/06/15 00:50,05F0055S,05F0287S,32,960,4
2026/06/15 00:50,05F0055S,05F0287S,41,0,0
2026/06/15 00:50,05F0055S,05F0287S,42,0,0
2026/06/15 00:50,05F0055S,05F0287S,5,0,0
2026/06/15 00:50,05F0287S,05F0309S,31,86,18
2026/06/15 00:50,05F0287S,05F0309S,32,90,2
2026/06/15 00:50,05F0287S,05F0309S,41,0,0
2026/06/15 00:50,05F0287S,05F0309S,42,0,0
2026/06/15 00:50,05F0287S,05F0309S,5,0,0
2026/06/15 00:50,05F0309S,05F0439S,31,470,9
2026/06/15 00:50,05F0309S,05F0439S,32,544,1
2026/06/15 00:50,05F0309S,05F0439S,41,0,0
2026/06/15 00:50,05F0309S,05F0439S,42,0,0
2026/06/15 00:50,05F0309S,05F0439S,5,0,0
2026/06/15 00:50,05F0439S,05F0494S,31,206,5
2026/06/15 00:50,05F0439S,05F0494S,32,0,0
2026/06/15 00:50,05F0439S,05F0494S,41,0,0
2026/06/15 00:50,05F0439S,05F0494S,42,0,0
2026/06/15 00:50,05F0439S,05F0494S,5,231,1
2026/06/15 00:55,05F0000S,05F0055S,31,240,11
2026/06/15 00:55,05F0000S,05F0055S,32,226,4
2026/06/15 00:55,05F0000S,05F0055S,41,0,0
2026/06/15 00:55,05F0000S,05F0055S,42,0,0
2026/06/15 00:55,05F0000S,05F0055S,5,0,0
2026/06/15 00:55,05F0055S,05F0287S,31,935,17
2026/06/15 00:55,05F0055S,05F0287S,32,937,3
2026/06/15 00:55,05F0055S,05F0287S,41,0,0
2026/06/15 00:55,05F0055S,05F0287S,42,0,0
2026/06/15 00:55,05F0055S,05F0287S,5,0,0
2026/06/15 00:55,05F0287S,05F0309S,31,88,14
2026/06/15 00:55,05F0287S,05F0309S,32,102,2
2026/06/15 00:55,05F0287S,05F0309S,41,0,0
2026/06/15 00:55,05F0287S,05F0309S,42,0,0
2026/06/15 00:55,05F0287S,05F0309S,5,0,0
2026/06/15 00:55,05F0309S,05F0439S,31,493,9
2026/06/15 00:55,05F0309S,05F0439S,32,537,3
2026/06/15 00:55,05F0309S,05F0439S,41,0,0
2026/06/15 00:55,05F0309S,05F0439S,42,0,0
2026/06/15 00:55,05F0309S,05F0439S,5,0,0
2026/06/15 00:55,05F0439S,05F0494S,31,171,1
2026/06/15 00:55,05F0439S,05F0494S,32,227,2
2026/06/15 00:55,05F0439S,05F0494S,41,0,0
2026/06/15 00:55,05F0439S,05F0494S,42,0,0
2026/06/15 00:55,05F0439S,05F0494S,5,0,0
2026/06/15 01:00,05F0000S,05F0055S,31,236,15
2026/06/15 01:00,05F0000S,05F0055S,32,207,4
2026/06/15 01:00,05F0000S,05F0055S,41,0,0
2026/06/15 01:00,05F0000S,05F0055S,42,0,0
2026/06/15 01:00,05F0000S,05F0055S,5,0,0
2026/06/15 01:00,05F0055S,05F0287S,31,965,21
2026/06/15 01:00,05F0055S,05F0287S,32,967,5
2026/06/15 01:00,05F0055S,05F0287S,41,925,1
2026/06/15 01:00,05F0055S,05F0287S,42,0,0
2026/06/15 01:00,05F0055S,05F0287S,5,0,0
2026/06/15 01:00,05F0287S,05F0309S,31,87,17
2026/06/15 01:00,05F0287S,05F0309S,32,99,2
2026/06/15 01:00,05F0287S,05F0309S,41,85,1
2026/06/15 01:00,05F0287S,05F0309S,42,0,0
2026/06/15 01:00,05F0287S,05F0309S,5,0,0
2026/06/15 01:00,05F0309S,05F0439S,31,484,7
2026/06/15 01:00,05F0309S,05F0439S,32,505,2
2026/06/15 01:00,05F0309S,05F0439S,41,0,0
2026/06/15 01:00,05F0309S,05F0439S,42,0,0
2026/06/15 01:00,05F0309S,05F0439S,5,530,1
2026/06/15 01:00,05F0439S,05F0494S,31,251,3
2026/06/15 01:00,05F0439S,05F0494S,32,299,1
2026/06/15 01:00,05F0439S,05F0494S,41,0,0
2026/06/15 01:00,05F0439S,05F0494S,42,0,0
2026/06/15 01:00,05F0439S,05F0494S,5,224,1
2026/06/15 01:05,05F0000S,05F0055S,31,226,11
2026/06/15 01:05,05F0000S,05F0055S,32,198,3
2026/06/15 01:05,05F0000S,05F0055S,41,0,0
2026/06/15 01:05,05F0000S,05F0055S,42,0,0
2026/06/15 01:05,05F0000S,05F0055S,5,0,0
2026/06/15 01:05,05F0055S,05F0287S,31,929,14
2026/06/15 01:05,05F0055S,05F0287S,32,966,7
2026/06/15 01:05,05F0055S,05F0287S,41,0,0
2026/06/15 01:05,05F0055S,05F0287S,42,0,0
2026/06/15 01:05,05F0055S,05F0287S,5,0,0
2026/06/15 01:05,05F0287S,05F0309S,31,85,14
2026/06/15 01:05,05F0287S,05F0309S,32,91,5
2026/06/15 01:05,05F0287S,05F0309S,41,0,0
2026/06/15 01:05,05F0287S,05F0309S,42,0,0
2026/06/15 01:05,05F0287S,05F0309S,5,0,0
2026/06/15 01:05,05F0309S,05F0439S,31,460,11
2026/06/15 01:05,05F0309S,05F0439S,32,532,1
2026/06/15 01:05,05F0309S,05F0439S,41,484,1
2026/06/15 01:05,05F0309S,05F0439S,42,0,0
2026/06/15 01:05,05F0309S,05F0439S,5,647,1
2026/06/15 01:05,05F0439S,05F0494S,31,207,7
2026/06/15 01:05,05F0439S,05F0494S,32,224,1
2026/06/15 01:05,05F0439S,05F0494S,41,0,0
2026/06/15 01:05,05F0439S,05F0494S,42,0,0
2026/06/15 01:05,05F0439S,05F0494S,5,0,0
2026/06/15 01:10,05F0000S,05F0055S,31,231,14
2026/06/15 01:10,05F0000S,05F0055S,32,0,0
2026/06/15 01:10,05F0000S,05F0055S,41,0,0
2026/06/15 01:10,05F0000S,05F0055S,42,0,0
2026/06/15 01:10,05F0000S,05F0055S,5,0,0
2026/06/15 01:10,05F0055S,05F0287S,31,958,13
2026/06/15 01:10,05F0055S,05F0287S,32,957,1
2026/06/15 01:10,05F0055S,05F0287S,41,1003,2
2026/06/15 01:10,05F0055S,05F0287S,42,0,0
2026/06/15 01:10,05F0055S,05F0287S,5,0,0
2026/06/15 01:10,05F0287S,05F0309S,31,81,10
2026/06/15 01:10,05F0287S,05F0309S,32,92,2
2026/06/15 01:10,05F0287S,05F0309S,41,0,0
2026/06/15 01:10,05F0287S,05F0309S,42,0,0
2026/06/15 01:10,05F0287S,05F0309S,5,0,0
2026/06/15 01:10,05F0309S,05F0439S,31,491,11
2026/06/15 01:10,05F0309S,05F0439S,32,516,5
2026/06/15 01:10,05F0309S,05F0439S,41,0,0
2026/06/15 01:10,05F0309S,05F0439S,42,0,0
2026/06/15 01:10,05F0309S,05F0439S,5,519,2
2026/06/15 01:10,05F0439S,05F0494S,31,208,3
2026/06/15 01:10,05F0439S,05F0494S,32,0,0
2026/06/15 01:10,05F0439S,05F0494S,41,0,0
2026/06/15 01:10,05F0439S,05F0494S,42,0,0
2026/06/15 01:10,05F0439S,05F0494S,5,258,1
2026/06/15 01:15,05F0000S,05F0055S,31,249,9
2026/06/15 01:15,05F0000S,05F0055S,32,257,5
2026/06/15 01:15,05F0000S,05F0055S,41,0,0
2026/06/15 01:15,05F0000S,05F0055S,42,0,0
2026/06/15 01:15,05F0000S,05F0055S,5,0,0
2026/06/15 01:15,05F0055S,05F0287S,31,931,19
2026/06/15 01:15,05F0055S,05F0287S,32,917,8
2026/06/15 01:15,05F0055S,05F0287S,41,0,0
2026/06/15 01:15,05F0055S,05F0287S,42,0,0
2026/06/15 01:15,05F0055S,05F0287S,5,0,0
2026/06/15 01:15,05F0287S,05F0309S,31,86,14
2026/06/15 01:15,05F0287S,05F0309S,32,86,3
2026/06/15 01:15,05F0287S,05F0309S,41,0,0
2026/06/15 01:15,05F0287S,05F0309S,42,0,0
2026/06/15 01:15,05F0287S,05F0309S,5,0,0
2026/06/15 01:15,05F0309S,05F0439S,31,471,9
2026/06/15 01:15,05F0309S,05F0439S,32,524,1
2026/06/15 01:15,05F0309S,05F0439S,41,0,0
2026/06/15 01:15,05F0309S,05F0439S,42,0,0
2026/06/15 01:15,05F0309S,05F0439S,5,508,2
2026/06/15 01:15,05F0439S,05F0494S,31,206,6
2026/06/15 01:15,05F0439S,05F0494S,32,213,1
2026/06/15 01:15,05F0439S,05F0494S,41,0,0
2026/06/15 01:15,05F0439S,05F0494S,42,0,0
2026/06/15 01:15,05F0439S,05F0494S,5,220,2
2026/06/15 01:20,05F0000S,05F0055S,31,234,12
2026/06/15 01:20,05F0000S,05F0055S,32,218,2
2026/06/15 01:20,05F0000S,05F0055S,41,0,0
2026/06/15 01:20,05F0000S,05F0055S,42,0,0
2026/06/15 01:20,05F0000S,05F0055S,5,0,0
2026/06/15 01:20,05F0055S,05F0287S,31,901,11
2026/06/15 01:20,05F0055S,05F0287S,32,912,2
2026/06/15 01:20,05F0055S,05F0287S,41,0,0
2026/06/15 01:20,05F0055S,05F0287S,42,0,0
2026/06/15 01:20,05F0055S,05F0287S,5,0,0
2026/06/15 01:20,05F0287S,05F0309S,31,84,8
2026/06/15 01:20,05F0287S,05F0309S,32,79,4
2026/06/15 01:20,05F0287S,05F0309S,41,0,0
2026/06/15 01:20,05F0287S,05F0309S,42,0,0
2026/06/15 01:20,05F0287S,05F0309S,5,0,0
2026/06/15 01:20,05F0309S,05F0439S,31,508,8
2026/06/15 01:20,05F0309S,05F0439S,32,497,2
2026/06/15 01:20,05F0309S,05F0439S,41,0,0
2026/06/15 01:20,05F0309S,05F0439S,42,514,1
2026/06/15 01:20,05F0309S,05F0439S,5,0,0
2026/06/15 01:20,05F0439S,05F0494S,31,203,5
2026/06/15 01:20,05F0439S,05F0494S,32,0,0
2026/06/15 01:20,05F0439S,05F0494S,41,0,0
2026/06/15 01:20,05F0439S,05F0494S,42,0,0
2026/06/15 01:20,05F0439S,05F0494S,5,214,2
2026/06/15 01:25,05F0000S,05F0055S,31,218,19
2026/06/15 01:25,05F0000S,05F0055S,32,232,5
2026/06/15 01:25,05F0000S,05F0055S,41,0,0
2026/06/15 01:25,05F0000S,05F0055S,42,0,0
2026/06/15 01:25,05F0000S,05F0055S,5,0,0
2026/06/15 01:25,05F0055S,05F0287S,31,926,11
2026/06/15 01:25,05F0055S,05F0287S,32,1043,1
2026/06/15 01:25,05F0055S,05F0287S,41,0,0
2026/06/15 01:25,05F0055S,05F0287S,42,0,0
2026/06/15 01:25,05F0055S,05F0287S,5,0,0
2026/06/15 01:25,05F0287S,05F0309S,31,83,8
2026/06/15 01:25,05F0287S,05F0309S,32,0,0
2026/06/15 01:25,05F0287S,05F0309S,41,0,0
2026/06/15 01:25,05F0287S,05F0309S,42,0,0
2026/06/15 01:25,05F0287S,05F0309S,5,0,0
2026/06/15 01:25,05F0309S,05F0439S,31,491,8
2026/06/15 01:25,05F0309S,05F0439S,32,450,3
2026/06/15 01:25,05F0309S,05F0439S,41,0,0
2026/06/15 01:25,05F0309S,05F0439S,42,0,0
2026/06/15 01:25,05F0309S,05F0439S,5,0,0
2026/06/15 01:25,05F0439S,05F0494S,31,219,4
2026/06/15 01:25,05F0439S,05F0494S,32,201,1
2026/06/15 01:25,05F0439S,05F0494S,41,0,0
2026/06/15 01:25,05F0439S,05F0494S,42,0,0
2026/06/15 01:25,05F0439S,05F0494S,5,239,1
2026/06/15 01:30,05F0000S,05F0055S,31,235,18
2026/06/15 01:30,05F0000S,05F0055S,32,354,2
2026/06/15 01:30,05F0000S,05F0055S,41,0,0
2026/06/15 01:30,05F0000S,05F0055S,42,0,0
2026/06/15 01:30,05F0000S,05F0055S,5,0,0
2026/06/15 01:30,05F0055S,05F0287S,31,968,9
2026/06/15 01:30,05F0055S,05F0287S,32,1037,3
2026/06/15 01:30,05F0055S,05F0287S,41,0,0
2026/06/15 01:30,05F0055S,05F0287S,42,0,0
2026/06/15 01:30,05F0055S,05F0287S,5,0,0
2026/06/15 01:30,05F0287S,05F0309S,31,89,6
2026/06/15 01:30,05F0287S,05F0309S,32,81,2
2026/06/15 01:30,05F0287S,05F0309S,41,0,0
2026/06/15 01:30,05F0287S,05F0309S,42,0,0
2026/06/15 01:30,05F0287S,05F0309S,5,0,0
2026/06/15 01:30,05F0309S,05F0439S,31,475,4
2026/06/15 01:30,05F0309S,05F0439S,32,0,0
2026/06/15 01:30,05F0309S,05F0439S,41,0,0
2026/06/15 01:30,05F0309S,05F0439S,42,0,0
2026/06/15 01:30,05F0309S,05F0439S,5,0,0
2026/06/15 01:30,05F0439S,05F0494S,31,198,2
2026/06/15 01:30,05F0439S,05F0494S,32,192,2
2026/06/15 01:30,05F0439S,05F0494S,41,0,0
2026/06/15 01:30,05F0439S,05F0494S,42,0,0
2026/06/15 01:30,05F0439S,05F0494S,5,0,0
2026/06/15 01:35,05F0000S,05F0055S,31,228,12
2026/06/15 01:35,05F0000S,05F0055S,32,221,3
2026/06/15 01:35,05F0000S,05F0055S,41,0,0
2026/06/15 01:35,05F0000S,05F0055S,42,0,0
2026/06/15 01:35,05F0000S,05F0055S,5,0,0
2026/06/15 01:35,05F0055S,05F0287S,31,934,14
2026/06/15 01:35,05F0055S,05F0287S,32,933,4
2026/06/15 01:35,05F0055S,05F0287S,41,0,0
2026/06/15 01:35,05F0055S,05F0287S,42,0,0
2026/06/15 01:35,05F0055S,05F0287S,5,0,0
2026/06/15 01:35,05F0287S,05F0309S,31,87,10
2026/06/15 01:35,05F0287S,05F0309S,32,82,5
2026/06/15 01:35,05F0287S,05F0309S,41,0,0
2026/06/15 01:35,05F0287S,05F0309S,42,0,0
2026/06/15 01:35,05F0287S,05F0309S,5,0,0
2026/06/15 01:35,05F0309S,05F0439S,31,537,1
2026/06/15 01:35,05F0309S,05F0439S,32,0,0
2026/06/15 01:35,05F0309S,05F0439S,41,0,0
2026/06/15 01:35,05F0309S,05F0439S,42,502,1
2026/06/15 01:35,05F0309S,05F0439S,5,521,2
2026/06/15 01:35,05F0439S,05F0494S,31,194,2
2026/06/15 01:35,05F0439S,05F0494S,32,0,0
2026/06/15 01:35,05F0439S,05F0494S,41,0,0
2026/06/15 01:35,05F0439S,05F0494S,42,0,0
2026/06/15 01:35,05F0439S,05F0494S,5,219,2
2026/06/15 01:40,05F0000S,05F0055S,31,223,16
2026/06/15 01:40,05F0000S,05F0055S,32,257,2
2026/06/15 01:40,05F0000S,05F0055S,41,0,0
2026/06/15 01:40,05F0000S,05F0055S,42,0,0
2026/06/15 01:40,05F0000S,05F0055S,5,0,0
2026/06/15 01:40,05F0055S,05F0287S,31,900,21
2026/06/15 01:40,05F0055S,05F0287S,32,946,5
2026/06/15 01:40,05F0055S,05F0287S,41,0,0
2026/06/15 01:40,05F0055S,05F0287S,42,0,0
2026/06/15 01:40,05F0055S,05F0287S,5,0,0
2026/06/15 01:40,05F0287S,05F0309S,31,86,13
2026/06/15 01:40,05F0287S,05F0309S,32,83,1
2026/06/15 01:40,05F0287S,05F0309S,41,0,0
2026/06/15 01:40,05F0287S,05F0309S,42,0,0
2026/06/15 01:40,05F0287S,05F0309S,5,0,0
2026/06/15 01:40,05F0309S,05F0439S,31,498,2
2026/06/15 01:40,05F0309S,05F0439S,32,440,2
2026/06/15 01:40,05F0309S,05F0439S,41,0,0
2026/06/15 01:40,05F0309S,05F0439S,42,0,0
2026/06/15 01:40,05F0309S,05F0439S,5,582,1
2026/06/15 01:40,05F0439S,05F0494S,31,229,1
2026/06/15 01:40,05F0439S,05F0494S,32,212,1
2026/06/15 01:40,05F0439S,05F0494S,41,0,0
2026/06/15 01:40,05F0439S,05F0494S,42,0,0
2026/06/15 01:40,05F0439S,05F0494S,5,0,0
2026/06/15 01:45,05F0000S,05F0055S,31,257,9
2026/06/15 01:45,05F0000S,05F0055S,32,246,5
2026/06/15 01:45,05F0000S,05F0055S,41,0,0
2026/06/15 01:45,05F0000S,05F0055S,42,0,0
2026/06/15 01:45,05F0000S,05F0055S,5,0,0
2026/06/15 01:45,05F0055S,05F0287S,31,909,15
2026/06/15 01:45,05F0055S,05F0287S,32,900,1
2026/06/15 01:45,05F0055S,05F0287S,41,0,0
2026/06/15 01:45,05F0055S,05F0287S,42,0,0
2026/06/15 01:45,05F0055S,05F0287S,5,0,0
2026/06/15 01:45,05F0287S,05F0309S,31,82,14
2026/06/15 01:45,05F0287S,05F0309S,32,86,3
2026/06/15 01:45,05F0287S,05F0309S,41,0,0
2026/06/15 01:45,05F0287S,05F0309S,42,0,0
2026/06/15 01:45,05F0287S,05F0309S,5,0,0
2026/06/15 01:45,05F0309S,05F0439S,31,473,9
2026/06/15 01:45,05F0309S,05F0439S,32,483,2
2026/06/15 01:45,05F0309S,05F0439S,41,0,0
2026/06/15 01:45,05F0309S,05F0439S,42,0,0
2026/06/15 01:45,05F0309S,05F0439S,5,514,1
2026/06/15 01:45,05F0439S,05F0494S,31,211,2
2026/06/15 01:45,05F0439S,05F0494S,32,168,1
2026/06/15 01:45,05F0439S,05F0494S,41,0,0
2026/06/15 01:45,05F0439S,05F0494S,42,0,0
2026/06/15 01:45,05F0439S,05F0494S,5,224,1
2026/06/15 01:50,05F0000S,05F0055S,31,235,8
2026/06/15 01:50,05F0000S,05F0055S,32,250,3
2026/06/15 01:50,05F0000S,05F0055S,41,0,0
2026/06/15 01:50,05F0000S,05F0055S,42,0,0
2026/06/15 01:50,05F0000S,05F0055S,5,0,0
2026/06/15 01:50,05F0055S,05F0287S,31,914,11
2026/06/15 01:50,05F0055S,05F0287S,32,972,4
2026/06/15 01:50,05F0055S,05F0287S,41,0,0
2026/06/15 01:50,05F0055S,05F0287S,42,0,0
2026/06/15 01:50,05F0055S,05F0287S,5,0,0
2026/06/15 01:50,05F0287S,05F0309S,31,84,10
2026/06/15 01:50,05F0287S,05F0309S,32,90,1
2026/06/15 01:50,05F0287S,05F0309S,41,0,0
2026/06/15 01:50,05F0287S,05F0309S,42,0,0
2026/06/15 01:50,05F0287S,05F0309S,5,0,0
2026/06/15 01:50,05F0309S,05F0439S,31,508,7
2026/06/15 01:50,05F0309S,05F0439S,32,474,3
2026/06/15 01:50,05F0309S,05F0439S,41,0,0
2026/06/15 01:50,05F0309S,05F0439S,42,0,0
2026/06/15 01:50,05F0309S,05F0439S,5,533,1
2026/06/15 01:50,05F0439S,05F0494S,31,215,3
2026/06/15 01:50,05F0439S,05F0494S,32,201,2
2026/06/15 01:50,05F0439S,05F0494S,41,0,0
2026/06/15 01:50,05F0439S,05F0494S,42,0,0
2026/06/15 01:50,05F0439S,05F0494S,5,0,0
2026/06/15 01:55,05F0000S,05F0055S,31,226,10
2026/06/15 01:55,05F0000S,05F0055S,32,232,3
2026/06/15 01:55,05F0000S,05F0055S,41,0,0
2026/06/15 01:55,05F0000S,05F0055S,42,0,0
2026/06/15 01:55,05F0000S,05F0055S,5,0,0
2026/06/15 01:55,05F0055S,05F0287S,31,922,16
2026/06/15 01:55,05F0055S,05F0287S,32,979,2
2026/06/15 01:55,05F0055S,05F0287S,41,0,0
2026/06/15 01:55,05F0055S,05F0287S,42,0,0
2026/06/15 01:55,05F0055S,05F0287S,5,0,0
2026/06/15 01:55,05F0287S,05F0309S,31,84,10
2026/06/15 01:55,05F0287S,05F0309S,32,88,3
2026/06/15 01:55,05F0287S,05F0309S,41,0,0
2026/06/15 01:55,05F0287S,05F0309S,42,0,0
2026/06/15 01:55,05F0287S,05F0309S,5,0,0
2026/06/15 01:55,05F0309S,05F0439S,31,450,9
2026/06/15 01:55,05F0309S,05F0439S,32,486,1
2026/06/15 01:55,05F0309S,05F0439S,41,0,0
2026/06/15 01:55,05F0309S,05F0439S,42,492,1
2026/06/15 01:55,05F0309S,05F0439S,5,0,0
2026/06/15 01:55,05F0439S,05F0494S,31,243,2
2026/06/15 01:55,05F0439S,05F0494S,32,209,2
2026/06/15 01:55,05F0439S,05F0494S,41,0,0
2026/06/15 01:55,05F0439S,05F0494S,42,189,1
2026/06/15 01:55,05F0439S,05F0494S,5,225,1
2026/06/15 02:00,05F0000S,05F0055S,31,242,12
2026/06/15 02:00,05F0000S,05F0055S,32,223,3
2026/06/15 02:00,05F0000S,05F0055S,41,0,0
2026/06/15 02:00,05F0000S,05F0055S,42,0,0
2026/06/15 02:00,05F0000S,05F0055S,5,0,0
2026/06/15 02:00,05F0055S,05F0287S,31,1007,10
2026/06/15 02:00,05F0055S,05F0287S,32,953,3
2026/06/15 02:00,05F0055S,05F0287S,41,0,0
2026/06/15 02:00,05F0055S,05F0287S,42,0,0
2026/06/15 02:00,05F0055S,05F0287S,5,0,0
2026/06/15 02:00,05F0287S,05F0309S,31,90,11
2026/06/15 02:00,05F0287S,05F0309S,32,83,3
2026/06/15 02:00,05F0287S,05F0309S,41,0,0
2026/06/15 02:00,05F0287S,05F0309S,42,0,0
2026/06/15 02:00,05F0287S,05F0309S,5,0,0
2026/06/15 02:00,05F0309S,05F0439S,31,479,3
2026/06/15 02:00,05F0309S,05F0439S,32,498,4
2026/06/15 02:00,05F0309S,05F0439S,41,0,0
2026/06/15 02:00,05F0309S,05F0439S,42,0,0
2026/06/15 02:00,05F0309S,05F0439S,5,0,0
2026/06/15 02:00,05F0439S,05F0494S,31,221,2
2026/06/15 02:00,05F0439S,05F0494S,32,0,0
2026/06/15 02:00,05F0439S,05F0494S,41,0,0
2026/06/15 02:00,05F0439S,05F0494S,42,0,0
2026/06/15 02:00,05F0439S,05F0494S,5,0,0
2026/06/15 02:05,05F0000S,05F0055S,31,239,8
2026/06/15 02:05,05F0000S,05F0055S,32,218,4
2026/06/15 02:05,05F0000S,05F0055S,41,0,0
2026/06/15 02:05,05F0000S,05F0055S,42,0,0
2026/06/15 02:05,05F0000S,05F0055S,5,0,0
2026/06/15 02:05,05F0055S,05F0287S,31,939,7
2026/06/15 02:05,05F0055S,05F0287S,32,1013,5
2026/06/15 02:05,05F0055S,05F0287S,41,0,0
2026/06/15 02:05,05F0055S,05F0287S,42,0,0
2026/06/15 02:05,05F0055S,05F0287S,5,0,0
2026/06/15 02:05,05F0287S,05F0309S,31,83,6
2026/06/15 02:05,05F0287S,05F0309S,32,86,4
2026/06/15 02:05,05F0287S,05F0309S,41,0,0
2026/06/15 02:05,05F0287S,05F0309S,42,0,0
2026/06/15 02:05,05F0287S,05F0309S,5,0,0
2026/06/15 02:05,05F0309S,05F0439S,31,499,5
2026/06/15 02:05,05F0309S,05F0439S,32,0,0
2026/06/15 02:05,05F0309S,05F0439S,41,0,0
2026/06/15 02:05,05F0309S,05F0439S,42,546,2
2026/06/15 02:05,05F0309S,05F0439S,5,532,1
2026/06/15 02:05,05F0439S,05F0494S,31,214,1
2026/06/15 02:05,05F0439S,05F0494S,32,208,2
2026/06/15 02:05,05F0439S,05F0494S,41,0,0
2026/06/15 02:05,05F0439S,05F0494S,42,208,1
2026/06/15 02:05,05F0439S,05F0494S,5,0,0
2026/06/15 02:10,05F0000S,05F0055S,31,235,7
2026/06/15 02:10,05F0000S,05F0055S,32,225,4
2026/06/15 02:10,05F0000S,05F0055S,41,0,0
2026/06/15 02:10,05F0000S,05F0055S,42,0,0
2026/06/15 02:10,05F0000S,05F0055S,5,0,0
2026/06/15 02:10,05F0055S,05F0287S,31,927,13
2026/06/15 02:10,05F0055S,05F0287S,32,917,5
2026/06/15 02:10,05F0055S,05F0287S,41,0,0
2026/06/15 02:10,05F0055S,05F0287S,42,0,0
2026/06/15 02:10,05F0055S,05F0287S,5,0,0
2026/06/15 02:10,05F0287S,05F0309S,31,82,12
2026/06/15 02:10,05F0287S,05F0309S,32,91,3
2026/06/15 02:10,05F0287S,05F0309S,41,0,0
2026/06/15 02:10,05F0287S,05F0309S,42,0,0
2026/06/15 02:10,05F0287S,05F0309S,5,0,0
2026/06/15 02:10,05F0309S,05F0439S,31,534,2
2026/06/15 02:10,05F0309S,05F0439S,32,453,4
2026/06/15 02:10,05F0309S,05F0439S,41,0,0
2026/06/15 02:10,05F0309S,05F0439S,42,0,0
2026/06/15 02:10,05F0309S,05F0439S,5,523,1
2026/06/15 02:10,05F0439S,05F0494S,31,216,3
2026/06/15 02:10,05F0439S,05F0494S,32,213,1
2026/06/15 02:10,05F0439S,05F0494S,41,0,0
2026/06/15 02:10,05F0439S,05F0494S,42,0,0
2026/06/15 02:10,05F0439S,05F0494S,5,223,2
2026/06/15 02:15,05F0000S,05F0055S,31,232,8
2026/06/15 02:15,05F0000S,05F0055S,32,240,1
2026/06/15 02:15,05F0000S,05F0055S,41,0,0
2026/06/15 02:15,05F0000S,05F0055S,42,0,0
2026/06/15 02:15,05F0000S,05F0055S,5,0,0
2026/06/15 02:15,05F0055S,05F0287S,31,944,13
2026/06/15 02:15,05F0055S,05F0287S,32,959,4
2026/06/15 02:15,05F0055S,05F0287S,41,0,0
2026/06/15 02:15,05F0055S,05F0287S,42,0,0
2026/06/15 02:15,05F0055S,05F0287S,5,0,0
2026/06/15 02:15,05F0287S,05F0309S,31,86,10
2026/06/15 02:15,05F0287S,05F0309S,32,86,4
2026/06/15 02:15,05F0287S,05F0309S,41,0,0
2026/06/15 02:15,05F0287S,05F0309S,42,0,0
2026/06/15 02:15,05F0287S,05F0309S,5,0,0
2026/06/15 02:15,05F0309S,05F0439S,31,483,8
2026/06/15 02:15,05F0309S,05F0439S,32,521,3
2026/06/15 02:15,05F0309S,05F0439S,41,0,0
2026/06/15 02:15,05F0309S,05F0439S,42,514,1
2026/06/15 02:15,05F0309S,05F0439S,5,532,3
2026/06/15 02:15,05F0439S,05F0494S,31,210,2
2026/06/15 02:15,05F0439S,05F0494S,32,216,3
2026/06/15 02:15,05F0439S,05F0494S,41,0,0
2026/06/15 02:15,05F0439S,05F0494S,42,0,0
2026/06/15 02:15,05F0439S,05F0494S,5,0,0
2026/06/15 02:20,05F0000S,05F0055S,31,228,9
2026/06/15 02:20,05F0000S,05F0055S,32,229,7
2026/06/15 02:20,05F0000S,05F0055S,41,0,0
2026/06/15 02:20,05F0000S,05F0055S,42,0,0
2026/06/15 02:20,05F0000S,05F0055S,5,0,0
2026/06/15 02:20,05F0055S,05F0287S,31,923,6
2026/06/15 02:20,05F0055S,05F0287S,32,906,4
2026/06/15 02:20,05F0055S,05F0287S,41,0,0
2026/06/15 02:20,05F0055S,05F0287S,42,0,0
2026/06/15 02:20,05F0055S,05F0287S,5,0,0
2026/06/15 02:20,05F0287S,05F0309S,31,83,5
2026/06/15 02:20,05F0287S,05F0309S,32,83,4
2026/06/15 02:20,05F0287S,05F0309S,41,0,0
2026/06/15 02:20,05F0287S,05F0309S,42,0,0
2026/06/15 02:20,05F0287S,05F0309S,5,0,0
2026/06/15 02:20,05F0309S,05F0439S,31,469,6
2026/06/15 02:20,05F0309S,05F0439S,32,482,3
2026/06/15 02:20,05F0309S,05F0439S,41,0,0
2026/06/15 02:20,05F0309S,05F0439S,42,0,0
2026/06/15 02:20,05F0309S,05F0439S,5,518,2
2026/06/15 02:20,05F0439S,05F0494S,31,188,5
2026/06/15 02:20,05F0439S,05F0494S,32,0,0
2026/06/15 02:20,05F0439S,05F0494S,41,0,0
2026/06/15 02:20,05F0439S,05F0494S,42,211,1
2026/06/15 02:20,05F0439S,05F0494S,5,227,2
2026/06/15 02:25,05F0000S,05F0055S,31,233,10
2026/06/15 02:25,05F0000S,05F0055S,32,246,7
2026/06/15 02:25,05F0000S,05F0055S,41,0,0
2026/06/15 02:25,05F0000S,05F0055S,42,0,0
2026/06/15 02:25,05F0000S,05F0055S,5,0,0
2026/06/15 02:25,05F0055S,05F0287S,31,956,9
2026/06/15 02:25,05F0055S,05F0287S,32,918,4
2026/06/15 02:25,05F0055S,05F0287S,41,0,0
2026/06/15 02:25,05F0055S,05F0287S,42,0,0
2026/06/15 02:25,05F0055S,05F0287S,5,0,0
2026/06/15 02:25,05F0287S,05F0309S,31,89,8
2026/06/15 02:25,05F0287S,05F0309S,32,81,5
2026/06/15 02:25,05F0287S,05F0309S,41,0,0
2026/06/15 02:25,05F0287S,05F0309S,42,0,0
2026/06/15 02:25,05F0287S,05F0309S,5,0,0
2026/06/15 02:25,05F0309S,05F0439S,31,462,7
2026/06/15 02:25,05F0309S,05F0439S,32,511,3
2026/06/15 02:25,05F0309S,05F0439S,41,0,0
2026/06/15 02:25,05F0309S,05F0439S,42,0,0
2026/06/15 02:25,05F0309S,05F0439S,5,0,0
2026/06/15 02:25,05F0439S,05F0494S,31,168,1
2026/06/15 02:25,05F0439S,05F0494S,32,194,1
2026/06/15 02:25,05F0439S,05F0494S,41,0,0
2026/06/15 02:25,05F0439S,05F0494S,42,0,0
2026/06/15 02:25,05F0439S,05F0494S,5,219,2
2026/06/15 02:30,05F0000S,05F0055S,31,227,9
2026/06/15 02:30,05F0000S,05F0055S,32,238,1
2026/06/15 02:30,05F0000S,05F0055S,41,0,0
2026/06/15 02:30,05F0000S,05F0055S,42,0,0
2026/06/15 02:30,05F0000S,05F0055S,5,0,0
2026/06/15 02:30,05F0055S,05F0287S,31,909,8
2026/06/15 02:30,05F0055S,05F0287S,32,1028,1
2026/06/15 02:30,05F0055S,05F0287S,41,0,0
2026/06/15 02:30,05F0055S,05F0287S,42,0,0
2026/06/15 02:30,05F0055S,05F0287S,5,0,0
2026/06/15 02:30,05F0287S,05F0309S,31,86,7
2026/06/15 02:30,05F0287S,05F0309S,32,0,0
2026/06/15 02:30,05F0287S,05F0309S,41,0,0
2026/06/15 02:30,05F0287S,05F0309S,42,0,0
2026/06/15 02:30,05F0287S,05F0309S,5,0,0
2026/06/15 02:30,05F0309S,05F0439S,31,488,4
2026/06/15 02:30,05F0309S,05F0439S,32,442,5
2026/06/15 02:30,05F0309S,05F0439S,41,0,0
2026/06/15 02:30,05F0309S,05F0439S,42,576,1
2026/06/15 02:30,05F0309S,05F0439S,5,592,3
2026/06/15 02:30,05F0439S,05F0494S,31,195,3
2026/06/15 02:30,05F0439S,05F0494S,32,196,6
2026/06/15 02:30,05F0439S,05F0494S,41,0,0
2026/06/15 02:30,05F0439S,05F0494S,42,0,0
2026/06/15 02:30,05F0439S,05F0494S,5,245,2
2026/06/15 02:35,05F0000S,05F0055S,31,228,10
2026/06/15 02:35,05F0000S,05F0055S,32,223,2
2026/06/15 02:35,05F0000S,05F0055S,41,0,0
2026/06/15 02:35,05F0000S,05F0055S,42,0,0
2026/06/15 02:35,05F0000S,05F0055S,5,0,0
2026/06/15 02:35,05F0055S,05F0287S,31,899,8
2026/06/15 02:35,05F0055S,05F0287S,32,896,7
2026/06/15 02:35,05F0055S,05F0287S,41,0,0
2026/06/15 02:35,05F0055S,05F0287S,42,0,0
2026/06/15 02:35,05F0055S,05F0287S,5,0,0
2026/06/15 02:35,05F0287S,05F0309S,31,87,5
2026/06/15 02:35,05F0287S,05F0309S,32,80,4
2026/06/15 02:35,05F0287S,05F0309S,41,0,0
2026/06/15 02:35,05F0287S,05F0309S,42,0,0
2026/06/15 02:35,05F0287S,05F0309S,5,0,0
2026/06/15 02:35,05F0309S,05F0439S,31,502,4
2026/06/15 02:35,05F0309S,05F0439S,32,452,1
2026/06/15 02:35,05F0309S,05F0439S,41,0,0
2026/06/15 02:35,05F0309S,05F0439S,42,484,1
2026/06/15 02:35,05F0309S,05F0439S,5,0,0
2026/06/15 02:35,05F0439S,05F0494S,31,212,4
2026/06/15 02:35,05F0439S,05F0494S,32,187,2
2026/06/15 02:35,05F0439S,05F0494S,41,0,0
2026/06/15 02:35,05F0439S,05F0494S,42,256,1
2026/06/15 02:35,05F0439S,05F0494S,5,0,0
2026/06/15 02:40,05F0000S,05F0055S,31,216,10
2026/06/15 02:40,05F0000S,05F0055S,32,216,2
2026/06/15 02:40,05F0000S,05F0055S,41,0,0
2026/06/15 02:40,05F0000S,05F0055S,42,0,0
2026/06/15 02:40,05F0000S,05F0055S,5,0,0
2026/06/15 02:40,05F0055S,05F0287S,31,956,9
2026/06/15 02:40,05F0055S,05F0287S,32,973,4
2026/06/15 02:40,05F0055S,05F0287S,41,0,0
2026/06/15 02:40,05F0055S,05F0287S,42,0,0
2026/06/15 02:40,05F0055S,05F0287S,5,0,0
2026/06/15 02:40,05F0287S,05F0309S,31,88,6
2026/06/15 02:40,05F0287S,05F0309S,32,81,4
2026/06/15 02:40,05F0287S,05F0309S,41,0,0
2026/06/15 02:40,05F0287S,05F0309S,42,0,0
2026/06/15 02:40,05F0287S,05F0309S,5,0,0
2026/06/15 02:40,05F0309S,05F0439S,31,478,3
2026/06/15 02:40,05F0309S,05F0439S,32,0,0
2026/06/15 02:40,05F0309S,05F0439S,41,0,0
2026/06/15 02:40,05F0309S,05F0439S,42,0,0
2026/06/15 02:40,05F0309S,05F0439S,5,468,1
2026/06/15 02:40,05F0439S,05F0494S,31,218,1
2026/06/15 02:40,05F0439S,05F0494S,32,0,0
2026/06/15 02:40,05F0439S,05F0494S,41,0,0
2026/06/15 02:40,05F0439S,05F0494S,42,205,1
2026/06/15 02:40,05F0439S,05F0494S,5,0,0
2026/06/15 02:45,05F0000S,05F0055S,31,246,6
2026/06/15 02:45,05F0000S,05F0055S,32,236,6
2026/06/15 02:45,05F0000S,05F0055S,41,0,0
2026/06/15 02:45,05F0000S,05F0055S,42,0,0
2026/06/15 02:45,05F0000S,05F0055S,5,0,0
2026/06/15 02:45,05F0055S,05F0287S,31,955,11
2026/06/15 02:45,05F0055S,05F0287S,32,978,3
2026/06/15 02:45,05F0055S,05F0287S,41,0,0
2026/06/15 02:45,05F0055S,05F0287S,42,0,0
2026/06/15 02:45,05F0055S,05F0287S,5,0,0
2026/06/15 02:45,05F0287S,05F0309S,31,84,4
2026/06/15 02:45,05F0287S,05F0309S,32,89,3
2026/06/15 02:45,05F0287S,05F0309S,41,0,0
2026/06/15 02:45,05F0287S,05F0309S,42,0,0
2026/06/15 02:45,05F0287S,05F0309S,5,0,0
2026/06/15 02:45,05F0309S,05F0439S,31,423,2
2026/06/15 02:45,05F0309S,05F0439S,32,467,7
2026/06/15 02:45,05F0309S,05F0439S,41,0,0
2026/06/15 02:45,05F0309S,05F0439S,42,532,1
2026/06/15 02:45,05F0309S,05F0439S,5,526,1
2026/06/15 02:45,05F0439S,05F0494S,31,203,5
2026/06/15 02:45,05F0439S,05F0494S,32,201,1
2026/06/15 02:45,05F0439S,05F0494S,41,0,0
2026/06/15 02:45,05F0439S,05F0494S,42,0,0
2026/06/15 02:45,05F0439S,05F0494S,5,0,0
2026/06/15 02:50,05F0000S,05F0055S,31,229,11
2026/06/15 02:50,05F0000S,05F0055S,32,255,4
2026/06/15 02:50,05F0000S,05F0055S,41,0,0
2026/06/15 02:50,05F0000S,05F0055S,42,0,0
2026/06/15 02:50,05F0000S,05F0055S,5,0,0
2026/06/15 02:50,05F0055S,05F0287S,31,913,9
2026/06/15 02:50,05F0055S,05F0287S,32,973,2
2026/06/15 02:50,05F0055S,05F0287S,41,0,0
2026/06/15 02:50,05F0055S,05F0287S,42,0,0
2026/06/15 02:50,05F0055S,05F0287S,5,0,0
2026/06/15 02:50,05F0287S,05F0309S,31,82,4
2026/06/15 02:50,05F0287S,05F0309S,32,78,1
2026/06/15 02:50,05F0287S,05F0309S,41,0,0
2026/06/15 02:50,05F0287S,05F0309S,42,0,0
2026/06/15 02:50,05F0287S,05F0309S,5,0,0
2026/06/15 02:50,05F0309S,05F0439S,31,490,1
2026/06/15 02:50,05F0309S,05F0439S,32,481,3
2026/06/15 02:50,05F0309S,05F0439S,41,0,0
2026/06/15 02:50,05F0309S,05F0439S,42,515,1
2026/06/15 02:50,05F0309S,05F0439S,5,500,2
2026/06/15 02:50,05F0439S,05F0494S,31,212,2
2026/06/15 02:50,05F0439S,05F0494S,32,204,2
2026/06/15 02:50,05F0439S,05F0494S,41,0,0
2026/06/15 02:50,05F0439S,05F0494S,42,225,1
2026/06/15 02:50,05F0439S,05F0494S,5,224,2
2026/06/15 02:55,05F0000S,05F0055S,31,239,8
2026/06/15 02:55,05F0000S,05F0055S,32,233,1
2026/06/15 02:55,05F0000S,05F0055S,41,0,0
2026/06/15 02:55,05F0000S,05F0055S,42,0,0
2026/06/15 02:55,05F0000S,05F0055S,5,0,0
2026/06/15 02:55,05F0055S,05F0287S,31,908,11
2026/06/15 02:55,05F0055S,05F0287S,32,918,3
2026/06/15 02:55,05F0055S,05F0287S,41,0,0
2026/06/15 02:55,05F0055S,05F0287S,42,0,0
2026/06/15 02:55,05F0055S,05F0287S,5,0,0
2026/06/15 02:55,05F0287S,05F0309S,31,85,7
2026/06/15 02:55,05F0287S,05F0309S,32,95,1
2026/06/15 02:55,05F0287S,05F0309S,41,0,0
2026/06/15 02:55,05F0287S,05F0309S,42,0,0
2026/06/15 02:55,05F0287S,05F0309S,5,0,0
2026/06/15 02:55,05F0309S,05F0439S,31,462,4
2026/06/15 02:55,05F0309S,05F0439S,32,487,2
2026/06/15 02:55,05F0309S,05F0439S,41,0,0
2026/06/15 02:55,05F0309S,05F0439S,42,0,0
2026/06/15 02:55,05F0309S,05F0439S,5,473,1
2026/06/15 02:55,05F0439S,05F0494S,31,187,1
2026/06/15 02:55,05F0439S,05F0494S,32,208,2
2026/06/15 02:55,05F0439S,05F0494S,41,0,0
2026/06/15 02:55,05F0439S,05F0494S,42,226,1
2026/06/15 02:55,05F0439S,05F0494S,5,296,1
2026/06/15 03:00,05F0000S,05F0055S,31,228,8
2026/06/15 03:00,05F0000S,05F0055S,32,235,2
2026/06/15 03:00,05F0000S,05F0055S,41,0,0
2026/06/15 03:00,05F0000S,05F0055S,42,0,0
2026/06/15 03:00,05F0000S,05F0055S,5,0,0
2026/06/15 03:00,05F0055S,05F0287S,31,915,6
2026/06/15 03:00,05F0055S,05F0287S,32,918,3
2026/06/15 03:00,05F0055S,05F0287S,41,0,0
2026/06/15 03:00,05F0055S,05F0287S,42,0,0
2026/06/15 03:00,05F0055S,05F0287S,5,0,0
2026/06/15 03:00,05F0287S,05F0309S,31,86,7
2026/06/15 03:00,05F0287S,05F0309S,32,85,2
2026/06/15 03:00,05F0287S,05F0309S,41,0,0
2026/06/15 03:00,05F0287S,05F0309S,42,0,0
2026/06/15 03:00,05F0287S,05F0309S,5,0,0
2026/06/15 03:00,05F0309S,05F0439S,31,471,3
2026/06/15 03:00,05F0309S,05F0439S,32,0,0
2026/06/15 03:00,05F0309S,05F0439S,41,0,0
2026/06/15 03:00,05F0309S,05F0439S,42,543,1
2026/06/15 03:00,05F0309S,05F0439S,5,548,2
2026/06/15 03:00,05F0439S,05F0494S,31,180,1
2026/06/15 03:00,05F0439S,05F0494S,32,226,1
2026/06/15 03:00,05F0439S,05F0494S,41,0,0
2026/06/15 03:00,05F0439S,05F0494S,42,0,0
2026/06/15 03:00,05F0439S,05F0494S,5,201,1
2026/06/15 03:05,05F0000S,05F0055S,31,219,10
2026/06/15 03:05,05F0000S,05F0055S,32,224,2
2026/06/15 03:05,05F0000S,05F0055S,41,0,0
2026/06/15 03:05,05F0000S,05F0055S,42,0,0
2026/06/15 03:05,05F0000S,05F0055S,5,0,0
2026/06/15 03:05,05F0055S,05F0287S,31,914,11
2026/06/15 03:05,05F0055S,05F0287S,32,1003,4
2026/06/15 03:05,05F0055S,05F0287S,41,0,0
2026/06/15 03:05,05F0055S,05F0287S,42,0,0
2026/06/15 03:05,05F0055S,05F0287S,5,0,0
2026/06/15 03:05,05F0287S,05F0309S,31,84,6
2026/06/15 03:05,05F0287S,05F0309S,32,92,3
2026/06/15 03:05,05F0287S,05F0309S,41,0,0
2026/06/15 03:05,05F0287S,05F0309S,42,0,0
2026/06/15 03:05,05F0287S,05F0309S,5,0,0
2026/06/15 03:05,05F0309S,05F0439S,31,476,5
2026/06/15 03:05,05F0309S,05F0439S,32,433,1
2026/06/15 03:05,05F0309S,05F0439S,41,0,0
2026/06/15 03:05,05F0309S,05F0439S,42,666,1
2026/06/15 03:05,05F0309S,05F0439S,5,0,0
2026/06/15 03:05,05F0439S,05F0494S,31,200,3
2026/06/15 03:05,05F0439S,05F0494S,32,0,0
2026/06/15 03:05,05F0439S,05F0494S,41,0,0
2026/06/15 03:05,05F0439S,05F0494S,42,0,0
2026/06/15 03:05,05F0439S,05F0494S,5,238,2
2026/06/15 03:10,05F0000S,05F0055S,31,234,11
2026/06/15 03:10,05F0000S,05F0055S,32,236,4
2026/06/15 03:10,05F0000S,05F0055S,41,0,0
2026/06/15 03:10,05F0000S,05F0055S,42,0,0
2026/06/15 03:10,05F0000S,05F0055S,5,0,0
2026/06/15 03:10,05F0055S,05F0287S,31,944,9
2026/06/15 03:10,05F0055S,05F0287S,32,1052,3
2026/06/15 03:10,05F0055S,05F0287S,41,0,0
2026/06/15 03:10,05F0055S,05F0287S,42,0,0
2026/06/15 03:10,05F0055S,05F0287S,5,0,0
2026/06/15 03:10,05F0287S,05F0309S,31,85,4
2026/06/15 03:10,05F0287S,05F0309S,32,102,3
2026/06/15 03:10,05F0287S,05F0309S,41,0,0
2026/06/15 03:10,05F0287S,05F0309S,42,0,0
2026/06/15 03:10,05F0287S,05F0309S,5,0,0
2026/06/15 03:10,05F0309S,05F0439S,31,478,4
2026/06/15 03:10,05F0309S,05F0439S,32,501,1
2026/06/15 03:10,05F0309S,05F0439S,41,0,0
2026/06/15 03:10,05F0309S,05F0439S,42,0,0
2026/06/15 03:10,05F0309S,05F0439S,5,501,2
2026/06/15 03:10,05F0439S,05F0494S,31,238,3
2026/06/15 03:10,05F0439S,05F0494S,32,177,1
2026/06/15 03:10,05F0439S,05F0494S,41,0,0
2026/06/15 03:10,05F0439S,05F0494S,42,0,0
2026/06/15 03:10,05F0439S,05F0494S,5,211,2
2026/06/15 03:15,05F0000S,05F0055S,31,236,7
2026/06/15 03:15,05F0000S,05F0055S,32,236,4
2026/06/15 03:15,05F0000S,05F0055S,41,0,0
2026/06/15 03:15,05F0000S,05F0055S,42,0,0
2026/06/15 03:15,05F0000S,05F0055S,5,0,0
2026/06/15 03:15,05F0055S,05F0287S,31,929,12
2026/06/15 03:15,05F0055S,05F0287S,32,956,2
2026/06/15 03:15,05F0055S,05F0287S,41,0,0
2026/06/15 03:15,05F0055S,05F0287S,42,0,0
2026/06/15 03:15,05F0055S,05F0287S,5,0,0
2026/06/15 03:15,05F0287S,05F0309S,31,89,5
2026/06/15 03:15,05F0287S,05F0309S,32,96,1
2026/06/15 03:15,05F0287S,05F0309S,41,0,0
2026/06/15 03:15,05F0287S,05F0309S,42,0,0
2026/06/15 03:15,05F0287S,05F0309S,5,0,0
2026/06/15 03:15,05F0309S,05F0439S,31,517,2
2026/06/15 03:15,05F0309S,05F0439S,32,510,1
2026/06/15 03:15,05F0309S,05F0439S,41,0,0
2026/06/15 03:15,05F0309S,05F0439S,42,534,2
2026/06/15 03:15,05F0309S,05F0439S,5,0,0
2026/06/15 03:15,05F0439S,05F0494S,31,229,1
2026/06/15 03:15,05F0439S,05F0494S,32,0,0
2026/06/15 03:15,05F0439S,05F0494S,41,0,0
2026/06/15 03:15,05F0439S,05F0494S,42,221,1
2026/06/15 03:15,05F0439S,05F0494S,5,207,2
2026/06/15 03:20,05F0000S,05F0055S,31,251,1
2026/06/15 03:20,05F0000S,05F0055S,32,242,3
2026/06/15 03:20,05F0000S,05F0055S,41,0,0
2026/06/15 03:20,05F0000S,05F0055S,42,0,0
2026/06/15 03:20,05F0000S,05F0055S,5,0,0
2026/06/15 03:20,05F0055S,05F0287S,31,905,9
2026/06/15 03:20,05F0055S,05F0287S,32,939,2
2026/06/15 03:20,05F0055S,05F0287S,41,0,0
2026/06/15 03:20,05F0055S,05F0287S,42,0,0
2026/06/15 03:20,05F0055S,05F0287S,5,0,0
2026/06/15 03:20,05F0287S,05F0309S,31,84,10
2026/06/15 03:20,05F0287S,05F0309S,32,85,2
2026/06/15 03:20,05F0287S,05F0309S,41,0,0
2026/06/15 03:20,05F0287S,05F0309S,42,0,0
2026/06/15 03:20,05F0287S,05F0309S,5,0,0
2026/06/15 03:20,05F0309S,05F0439S,31,478,7
2026/06/15 03:20,05F0309S,05F0439S,32,582,3
2026/06/15 03:20,05F0309S,05F0439S,41,0,0
2026/06/15 03:20,05F0309S,05F0439S,42,0,0
2026/06/15 03:20,05F0309S,05F0439S,5,546,2
2026/06/15 03:20,05F0439S,05F0494S,31,195,2
2026/06/15 03:20,05F0439S,05F0494S,32,0,0
2026/06/15 03:20,05F0439S,05F0494S,41,0,0
2026/06/15 03:20,05F0439S,05F0494S,42,260,1
2026/06/15 03:20,05F0439S,05F0494S,5,0,0
2026/06/15 03:25,05F0000S,05F0055S,31,230,6
2026/06/15 03:25,05F0000S,05F0055S,32,237,4
2026/06/15 03:25,05F0000S,05F0055S,41,0,0
2026/06/15 03:25,05F0000S,05F0055S,42,0,0
2026/06/15 03:25,05F0000S,05F0055S,5,0,0
2026/06/15 03:25,05F0055S,05F0287S,31,939,10
2026/06/15 03:25,05F0055S,05F0287S,32,935,5
2026/06/15 03:25,05F0055S,05F0287S,41,0,0
2026/06/15 03:25,05F0055S,05F0287S,42,0,0
2026/06/15 03:25,05F0055S,05F0287S,5,0,0
2026/06/15 03:25,05F0287S,05F0309S,31,84,8
2026/06/15 03:25,05F0287S,05F0309S,32,85,3
2026/06/15 03:25,05F0287S,05F0309S,41,0,0
2026/06/15 03:25,05F0287S,05F0309S,42,0,0
2026/06/15 03:25,05F0287S,05F0309S,5,0,0
2026/06/15 03:25,05F0309S,05F0439S,31,520,6
2026/06/15 03:25,05F0309S,05F0439S,32,436,1
2026/06/15 03:25,05F0309S,05F0439S,41,0,0
2026/06/15 03:25,05F0309S,05F0439S,42,0,0
2026/06/15 03:25,05F0309S,05F0439S,5,548,2
2026/06/15 03:25,05F0439S,05F0494S,31,220,6
2026/06/15 03:25,05F0439S,05F0494S,32,235,3
2026/06/15 03:25,05F0439S,05F0494S,41,0,0
2026/06/15 03:25,05F0439S,05F0494S,42,0,0
2026/06/15 03:25,05F0439S,05F0494S,5,220,1
2026/06/15 03:30,05F0000S,05F0055S,31,234,6
2026/06/15 03:30,05F0000S,05F0055S,32,223,6
2026/06/15 03:30,05F0000S,05F0055S,41,0,0
2026/06/15 03:30,05F0000S,05F0055S,42,0,0
2026/06/15 03:30,05F0000S,05F0055S,5,0,0
2026/06/15 03:30,05F0055S,05F0287S,31,953,8
2026/06/15 03:30,05F0055S,05F0287S,32,932,4
2026/06/15 03:30,05F0055S,05F0287S,41,0,0
2026/06/15 03:30,05F0055S,05F0287S,42,0,0
2026/06/15 03:30,05F0055S,05F0287S,5,0,0
2026/06/15 03:30,05F0287S,05F0309S,31,82,6
2026/06/15 03:30,05F0287S,05F0309S,32,82,3
2026/06/15 03:30,05F0287S,05F0309S,41,0,0
2026/06/15 03:30,05F0287S,05F0309S,42,0,0
2026/06/15 03:30,05F0287S,05F0309S,5,0,0
2026/06/15 03:30,05F0309S,05F0439S,31,509,4
2026/06/15 03:30,05F0309S,05F0439S,32,497,2
2026/06/15 03:30,05F0309S,05F0439S,41,0,0
2026/06/15 03:30,05F0309S,05F0439S,42,0,0
2026/06/15 03:30,05F0309S,05F0439S,5,546,1
2026/06/15 03:30,05F0439S,05F0494S,31,210,2
2026/06/15 03:30,05F0439S,05F0494S,32,195,2
2026/06/15 03:30,05F0439S,05F0494S,41,0,0
2026/06/15 03:30,05F0439S,05F0494S,42,0,0
2026/06/15 03:30,05F0439S,05F0494S,5,229,3
2026/06/15 03:35,05F0000S,05F0055S,31,228,7
2026/06/15 03:35,05F0000S,05F0055S,32,245,5
2026/06/15 03:35,05F0000S,05F0055S,41,0,0
2026/06/15 03:35,05F0000S,05F0055S,42,0,0
2026/06/15 03:35,05F0000S,05F0055S,5,0,0
2026/06/15 03:35,05F0055S,05F0287S,31,976,1
2026/06/15 03:35,05F0055S,05F0287S,32,966,3
2026/06/15 03:35,05F0055S,05F0287S,41,0,0
2026/06/15 03:35,05F0055S,05F0287S,42,0,0
2026/06/15 03:35,05F0055S,05F0287S,5,0,0
2026/06/15 03:35,05F0287S,05F0309S,31,86,2
2026/06/15 03:35,05F0287S,05F0309S,32,101,2
2026/06/15 03:35,05F0287S,05F0309S,41,0,0
2026/06/15 03:35,05F0287S,05F0309S,42,0,0
2026/06/15 03:35,05F0287S,05F0309S,5,0,0
2026/06/15 03:35,05F0309S,05F0439S,31,478,6
2026/06/15 03:35,05F0309S,05F0439S,32,490,4
2026/06/15 03:35,05F0309S,05F0439S,41,0,0
2026/06/15 03:35,05F0309S,05F0439S,42,525,1
2026/06/15 03:35,05F0309S,05F0439S,5,527,2
2026/06/15 03:35,05F0439S,05F0494S,31,208,5
2026/06/15 03:35,05F0439S,05F0494S,32,0,0
2026/06/15 03:35,05F0439S,05F0494S,41,0,0
2026/06/15 03:35,05F0439S,05F0494S,42,0,0
2026/06/15 03:35,05F0439S,05F0494S,5,0,0
2026/06/15 03:40,05F0000S,05F0055S,31,250,5
2026/06/15 03:40,05F0000S,05F0055S,32,244,1
2026/06/15 03:40,05F0000S,05F0055S,41,0,0
2026/06/15 03:40,05F0000S,05F0055S,42,0,0
2026/06/15 03:40,05F0000S,05F0055S,5,0,0
2026/06/15 03:40,05F0055S,05F0287S,31,940,5
2026/06/15 03:40,05F0055S,05F0287S,32,938,2
2026/06/15 03:40,05F0055S,05F0287S,41,0,0
2026/06/15 03:40,05F0055S,05F0287S,42,0,0
2026/06/15 03:40,05F0055S,05F0287S,5,0,0
2026/06/15 03:40,05F0287S,05F0309S,31,87,4
2026/06/15 03:40,05F0287S,05F0309S,32,87,1
2026/06/15 03:40,05F0287S,05F0309S,41,0,0
2026/06/15 03:40,05F0287S,05F0309S,42,0,0
2026/06/15 03:40,05F0287S,05F0309S,5,0,0
2026/06/15 03:40,05F0309S,05F0439S,31,512,4
2026/06/15 03:40,05F0309S,05F0439S,32,483,1
2026/06/15 03:40,05F0309S,05F0439S,41,0,0
2026/06/15 03:40,05F0309S,05F0439S,42,516,1
2026/06/15 03:40,05F0309S,05F0439S,5,0,0
2026/06/15 03:40,05F0439S,05F0494S,31,201,2
2026/06/15 03:40,05F0439S,05F0494S,32,211,5
2026/06/15 03:40,05F0439S,05F0494S,41,0,0
2026/06/15 03:40,05F0439S,05F0494S,42,225,1
2026/06/15 03:40,05F0439S,05F0494S,5,226,3
2026/06/15 03:45,05F0000S,05F0055S,31,222,5
2026/06/15 03:45,05F0000S,05F0055S,32,216,1
2026/06/15 03:45,05F0000S,05F0055S,41,0,0
2026/06/15 03:45,05F0000S,05F0055S,42,0,0
2026/06/15 03:45,05F0000S,05F0055S,5,0,0
2026/06/15 03:45,05F0055S,05F0287S,31,919,8
2026/06/15 03:45,05F0055S,05F0287S,32,919,7
2026/06/15 03:45,05F0055S,05F0287S,41,0,0
2026/06/15 03:45,05F0055S,05F0287S,42,0,0
2026/06/15 03:45,05F0055S,05F0287S,5,0,0
2026/06/15 03:45,05F0287S,05F0309S,31,86,7
2026/06/15 03:45,05F0287S,05F0309S,32,90,6
2026/06/15 03:45,05F0287S,05F0309S,41,0,0
2026/06/15 03:45,05F0287S,05F0309S,42,0,0
2026/06/15 03:45,05F0287S,05F0309S,5,0,0
2026/06/15 03:45,05F0309S,05F0439S,31,0,0
2026/06/15 03:45,05F0309S,05F0439S,32,496,3
2026/06/15 03:45,05F0309S,05F0439S,41,0,0
2026/06/15 03:45,05F0309S,05F0439S,42,515,2
2026/06/15 03:45,05F0309S,05F0439S,5,0,0
2026/06/15 03:45,05F0439S,05F0494S,31,219,4
2026/06/15 03:45,05F0439S,05F0494S,32,202,1
2026/06/15 03:45,05F0439S,05F0494S,41,0,0
2026/06/15 03:45,05F0439S,05F0494S,42,222,1
2026/06/15 03:45,05F0439S,05F0494S,5,0,0
2026/06/15 03:50,05F0000S,05F0055S,31,232,6
2026/06/15 03:50,05F0000S,05F0055S,32,238,4
2026/06/15 03:50,05F0000S,05F0055S,41,0,0
2026/06/15 03:50,05F0000S,05F0055S,42,0,0
2026/06/15 03:50,05F0000S,05F0055S,5,0,0
2026/06/15 03:50,05F0055S,05F0287S,31,980,6
2026/06/15 03:50,05F0055S,05F0287S,32,1070,3
2026/06/15 03:50,05F0055S,05F0287S,41,0,0
2026/06/15 03:50,05F0055S,05F0287S,42,0,0
2026/06/15 03:50,05F0055S,05F0287S,5,0,0
2026/06/15 03:50,05F0287S,05F0309S,31,85,3
2026/06/15 03:50,05F0287S,05F0309S,32,96,3
2026/06/15 03:50,05F0287S,05F0309S,41,0,0
2026/06/15 03:50,05F0287S,05F0309S,42,0,0
2026/06/15 03:50,05F0287S,05F0309S,5,0,0
2026/06/15 03:50,05F0309S,05F0439S,31,483,1
2026/06/15 03:50,05F0309S,05F0439S,32,479,2
2026/06/15 03:50,05F0309S,05F0439S,41,0,0
2026/06/15 03:50,05F0309S,05F0439S,42,537,2
2026/06/15 03:50,05F0309S,05F0439S,5,542,1
2026/06/15 03:50,05F0439S,05F0494S,31,0,0
2026/06/15 03:50,05F0439S,05F0494S,32,0,0
2026/06/15 03:50,05F0439S,05F0494S,41,0,0
2026/06/15 03:50,05F0439S,05F0494S,42,216,2
2026/06/15 03:50,05F0439S,05F0494S,5,0,0
2026/06/15 03:55,05F0000S,05F0055S,31,244,5
2026/06/15 03:55,05F0000S,05F0055S,32,217,2
2026/06/15 03:55,05F0000S,05F0055S,41,0,0
2026/06/15 03:55,05F0000S,05F0055S,42,0,0
2026/06/15 03:55,05F0000S,05F0055S,5,0,0
2026/06/15 03:55,05F0055S,05F0287S,31,1025,3
2026/06/15 03:55,05F0055S,05F0287S,32,953,3
2026/06/15 03:55,05F0055S,05F0287S,41,0,0
2026/06/15 03:55,05F0055S,05F0287S,42,0,0
2026/06/15 03:55,05F0055S,05F0287S,5,0,0
2026/06/15 03:55,05F0287S,05F0309S,31,90,3
2026/06/15 03:55,05F0287S,05F0309S,32,91,3
2026/06/15 03:55,05F0287S,05F0309S,41,0,0
2026/06/15 03:55,05F0287S,05F0309S,42,0,0
2026/06/15 03:55,05F0287S,05F0309S,5,0,0
2026/06/15 03:55,05F0309S,05F0439S,31,483,6
2026/06/15 03:55,05F0309S,05F0439S,32,473,5
2026/06/15 03:55,05F0309S,05F0439S,41,0,0
2026/06/15 03:55,05F0309S,05F0439S,42,529,3
2026/06/15 03:55,05F0309S,05F0439S,5,637,1
2026/06/15 03:55,05F0439S,05F0494S,31,0,0
2026/06/15 03:55,05F0439S,05F0494S,32,193,3
2026/06/15 03:55,05F0439S,05F0494S,41,0,0
2026/06/15 03:55,05F0439S,05F0494S,42,229,2
2026/06/15 03:55,05F0439S,05F0494S,5,232,1
2026/06/15 04:00,05F0000S,05F0055S,31,235,6
2026/06/15 04:00,05F0000S,05F0055S,32,0,0
2026/06/15 04:00,05F0000S,05F0055S,41,0,0
2026/06/15 04:00,05F0000S,05F0055S,42,0,0
2026/06/15 04:00,05F0000S,05F0055S,5,0,0
2026/06/15 04:00,05F0055S,05F0287S,31,921,8
2026/06/15 04:00,05F0055S,05F0287S,32,906,1
2026/06/15 04:00,05F0055S,05F0287S,41,0,0
2026/06/15 04:00,05F0055S,05F0287S,42,0,0
2026/06/15 04:00,05F0055S,05F0287S,5,0,0
2026/06/15 04:00,05F0287S,05F0309S,31,89,4
2026/06/15 04:00,05F0287S,05F0309S,32,88,1
2026/06/15 04:00,05F0287S,05F0309S,41,0,0
2026/06/15 04:00,05F0287S,05F0309S,42,0,0
2026/06/15 04:00,05F0287S,05F0309S,5,0,0
2026/06/15 04:00,05F0309S,05F0439S,31,523,2
2026/06/15 04:00,05F0309S,05F0439S,32,542,3
2026/06/15 04:00,05F0309S,05F0439S,41,0,0
2026/06/15 04:00,05F0309S,05F0439S,42,0,0
2026/06/15 04:00,05F0309S,05F0439S,5,513,1
2026/06/15 04:00,05F0439S,05F0494S,31,198,2
2026/06/15 04:00,05F0439S,05F0494S,32,209,4
2026/06/15 04:00,05F0439S,05F0494S,41,0,0
2026/06/15 04:00,05F0439S,05F0494S,42,225,1
2026/06/15 04:00,05F0439S,05F0494S,5,270,1
2026/06/15 04:05,05F0000S,05F0055S,31,230,8
2026/06/15 04:05,05F0000S,05F0055S,32,249,5
2026/06/15 04:05,05F0000S,05F0055S,41,0,0
2026/06/15 04:05,05F0000S,05F0055S,42,0,0
2026/06/15 04:05,05F0000S,05F0055S,5,0,0
2026/06/15 04:05,05F0055S,05F0287S,31,948,5
2026/06/15 04:05,05F0055S,05F0287S,32,947,4
2026/06/15 04:05,05F0055S,05F0287S,41,0,0
2026/06/15 04:05,05F0055S,05F0287S,42,0,0
2026/06/15 04:05,05F0055S,05F0287S,5,0,0
2026/06/15 04:05,05F0287S,05F0309S,31,91,4
2026/06/15 04:05,05F0287S,05F0309S,32,86,4
2026/06/15 04:05,05F0287S,05F0309S,41,0,0
2026/06/15 04:05,05F0287S,05F0309S,42,0,0
2026/06/15 04:05,05F0287S,05F0309S,5,0,0
2026/06/15 04:05,05F0309S,05F0439S,31,519,2
2026/06/15 04:05,05F0309S,05F0439S,32,534,1
2026/06/15 04:05,05F0309S,05F0439S,41,0,0
2026/06/15 04:05,05F0309S,05F0439S,42,548,1
2026/06/15 04:05,05F0309S,05F0439S,5,485,3
2026/06/15 04:05,05F0439S,05F0494S,31,224,1
2026/06/15 04:05,05F0439S,05F0494S,32,250,1
2026/06/15 04:05,05F0439S,05F0494S,41,0,0
2026/06/15 04:05,05F0439S,05F0494S,42,0,0
2026/06/15 04:05,05F0439S,05F0494S,5,217,3
2026/06/15 04:10,05F0000S,05F0055S,31,231,7
2026/06/15 04:10,05F0000S,05F0055S,32,249,6
2026/06/15 04:10,05F0000S,05F0055S,41,0,0
2026/06/15 04:10,05F0000S,05F0055S,42,0,0
2026/06/15 04:10,05F0000S,05F0055S,5,0,0
2026/06/15 04:10,05F0055S,05F0287S,31,962,9
2026/06/15 04:10,05F0055S,05F0287S,32,1640,2
2026/06/15 04:10,05F0055S,05F0287S,41,0,0
2026/06/15 04:10,05F0055S,05F0287S,42,0,0
2026/06/15 04:10,05F0055S,05F0287S,5,0,0
2026/06/15 04:10,05F0287S,05F0309S,31,84,5
2026/06/15 04:10,05F0287S,05F0309S,32,0,0
2026/06/15 04:10,05F0287S,05F0309S,41,0,0
2026/06/15 04:10,05F0287S,05F0309S,42,0,0
2026/06/15 04:10,05F0287S,05F0309S,5,0,0
2026/06/15 04:10,05F0309S,05F0439S,31,553,2
2026/06/15 04:10,05F0309S,05F0439S,32,440,1
2026/06/15 04:10,05F0309S,05F0439S,41,0,0
2026/06/15 04:10,05F0309S,05F0439S,42,0,0
2026/06/15 04:10,05F0309S,05F0439S,5,0,0
2026/06/15 04:10,05F0439S,05F0494S,31,220,1
2026/06/15 04:10,05F0439S,05F0494S,32,0,0
2026/06/15 04:10,05F0439S,05F0494S,41,0,0
2026/06/15 04:10,05F0439S,05F0494S,42,221,3
2026/06/15 04:10,05F0439S,05F0494S,5,201,1
2026/06/15 04:15,05F0000S,05F0055S,31,224,10
2026/06/15 04:15,05F0000S,05F0055S,32,234,8
2026/06/15 04:15,05F0000S,05F0055S,41,0,0
2026/06/15 04:15,05F0000S,05F0055S,42,0,0
2026/06/15 04:15,05F0000S,05F0055S,5,0,0
2026/06/15 04:15,05F0055S,05F0287S,31,926,5
2026/06/15 04:15,05F0055S,05F0287S,32,981,1
2026/06/15 04:15,05F0055S,05F0287S,41,0,0
2026/06/15 04:15,05F0055S,05F0287S,42,0,0
2026/06/15 04:15,05F0055S,05F0287S,5,0,0
2026/06/15 04:15,05F0287S,05F0309S,31,86,4
2026/06/15 04:15,05F0287S,05F0309S,32,91,2
2026/06/15 04:15,05F0287S,05F0309S,41,0,0
2026/06/15 04:15,05F0287S,05F0309S,42,0,0
2026/06/15 04:15,05F0287S,05F0309S,5,0,0
2026/06/15 04:15,05F0309S,05F0439S,31,455,4
2026/06/15 04:15,05F0309S,05F0439S,32,521,2
2026/06/15 04:15,05F0309S,05F0439S,41,0,0
2026/06/15 04:15,05F0309S,05F0439S,42,0,0
2026/06/15 04:15,05F0309S,05F0439S,5,500,1
2026/06/15 04:15,05F0439S,05F0494S,31,200,1
2026/06/15 04:15,05F0439S,05F0494S,32,186,2
2026/06/15 04:15,05F0439S,05F0494S,41,0,0
2026/06/15 04:15,05F0439S,05F0494S,42,0,0
2026/06/15 04:15,05F0439S,05F0494S,5,0,0
2026/06/15 04:20,05F0000S,05F0055S,31,244,7
2026/06/15 04:20,05F0000S,05F0055S,32,280,3
2026/06/15 04:20,05F0000S,05F0055S,41,0,0
2026/06/15 04:20,05F0000S,05F0055S,42,0,0
2026/06/15 04:20,05F0000S,05F0055S,5,0,0
2026/06/15 04:20,05F0055S,05F0287S,31,952,9
2026/06/15 04:20,05F0055S,05F0287S,32,991,5
2026/06/15 04:20,05F0055S,05F0287S,41,0,0
2026/06/15 04:20,05F0055S,05F0287S,42,0,0
2026/06/15 04:20,05F0055S,05F0287S,5,0,0
2026/06/15 04:20,05F0287S,05F0309S,31,85,4
2026/06/15 04:20,05F0287S,05F0309S,32,0,0
2026/06/15 04:20,05F0287S,05F0309S,41,0,0
2026/06/15 04:20,05F0287S,05F0309S,42,0,0
2026/06/15 04:20,05F0287S,05F0309S,5,0,0
2026/06/15 04:20,05F0309S,05F0439S,31,502,5
2026/06/15 04:20,05F0309S,05F0439S,32,524,1
2026/06/15 04:20,05F0309S,05F0439S,41,0,0
2026/06/15 04:20,05F0309S,05F0439S,42,0,0
2026/06/15 04:20,05F0309S,05F0439S,5,496,1
2026/06/15 04:20,05F0439S,05F0494S,31,190,2
2026/06/15 04:20,05F0439S,05F0494S,32,211,2
2026/06/15 04:20,05F0439S,05F0494S,41,0,0
2026/06/15 04:20,05F0439S,05F0494S,42,0,0
2026/06/15 04:20,05F0439S,05F0494S,5,215,1
2026/06/15 04:25,05F0000S,05F0055S,31,230,9
2026/06/15 04:25,05F0000S,05F0055S,32,232,9
2026/06/15 04:25,05F0000S,05F0055S,41,0,0
2026/06/15 04:25,05F0000S,05F0055S,42,0,0
2026/06/15 04:25,05F0000S,05F0055S,5,0,0
2026/06/15 04:25,05F0055S,05F0287S,31,917,11
2026/06/15 04:25,05F0055S,05F0287S,32,970,4
2026/06/15 04:25,05F0055S,05F0287S,41,0,0
2026/06/15 04:25,05F0055S,05F0287S,42,0,0
2026/06/15 04:25,05F0055S,05F0287S,5,0,0
2026/06/15 04:25,05F0287S,05F0309S,31,86,7
2026/06/15 04:25,05F0287S,05F0309S,32,90,6
2026/06/15 04:25,05F0287S,05F0309S,41,0,0
2026/06/15 04:25,05F0287S,05F0309S,42,0,0
2026/06/15 04:25,05F0287S,05F0309S,5,0,0
2026/06/15 04:25,05F0309S,05F0439S,31,487,4
2026/06/15 04:25,05F0309S,05F0439S,32,530,1
2026/06/15 04:25,05F0309S,05F0439S,41,0,0
2026/06/15 04:25,05F0309S,05F0439S,42,0,0
2026/06/15 04:25,05F0309S,05F0439S,5,552,1
2026/06/15 04:25,05F0439S,05F0494S,31,212,3
2026/06/15 04:25,05F0439S,05F0494S,32,0,0
2026/06/15 04:25,05F0439S,05F0494S,41,0,0
2026/06/15 04:25,05F0439S,05F0494S,42,0,0
2026/06/15 04:25,05F0439S,05F0494S,5,0,0
2026/06/15 04:30,05F0000S,05F0055S,31,234,9
2026/06/15 04:30,05F0000S,05F0055S,32,243,8
2026/06/15 04:30,05F0000S,05F0055S,41,0,0
2026/06/15 04:30,05F0000S,05F0055S,42,0,0
2026/06/15 04:30,05F0000S,05F0055S,5,0,0
2026/06/15 04:30,05F0055S,05F0287S,31,903,9
2026/06/15 04:30,05F0055S,05F0287S,32,960,10
2026/06/15 04:30,05F0055S,05F0287S,41,0,0
2026/06/15 04:30,05F0055S,05F0287S,42,0,0
2026/06/15 04:30,05F0055S,05F0287S,5,0,0
2026/06/15 04:30,05F0287S,05F0309S,31,83,9
2026/06/15 04:30,05F0287S,05F0309S,32,91,6
2026/06/15 04:30,05F0287S,05F0309S,41,0,0
2026/06/15 04:30,05F0287S,05F0309S,42,0,0
2026/06/15 04:30,05F0287S,05F0309S,5,0,0
2026/06/15 04:30,05F0309S,05F0439S,31,491,4
2026/06/15 04:30,05F0309S,05F0439S,32,503,2
2026/06/15 04:30,05F0309S,05F0439S,41,0,0
2026/06/15 04:30,05F0309S,05F0439S,42,633,1
2026/06/15 04:30,05F0309S,05F0439S,5,517,3
2026/06/15 04:30,05F0439S,05F0494S,31,217,6
2026/06/15 04:30,05F0439S,05F0494S,32,224,1
2026/06/15 04:30,05F0439S,05F0494S,41,0,0
2026/06/15 04:30,05F0439S,05F0494S,42,0,0
2026/06/15 04:30,05F0439S,05F0494S,5,237,1
2026/06/15 04:35,05F0000S,05F0055S,31,231,15
2026/06/15 04:35,05F0000S,05F0055S,32,259,6
2026/06/15 04:35,05F0000S,05F0055S,41,0,0
2026/06/15 04:35,05F0000S,05F0055S,42,0,0
2026/06/15 04:35,05F0000S,05F0055S,5,0,0
2026/06/15 04:35,05F0055S,05F0287S,31,972,5
2026/06/15 04:35,05F0055S,05F0287S,32,995,4
2026/06/15 04:35,05F0055S,05F0287S,41,0,0
2026/06/15 04:35,05F0055S,05F0287S,42,0,0
2026/06/15 04:35,05F0055S,05F0287S,5,0,0
2026/06/15 04:35,05F0287S,05F0309S,31,84,4
2026/06/15 04:35,05F0287S,05F0309S,32,85,3
2026/06/15 04:35,05F0287S,05F0309S,41,0,0
2026/06/15 04:35,05F0287S,05F0309S,42,0,0
2026/06/15 04:35,05F0287S,05F0309S,5,0,0
2026/06/15 04:35,05F0309S,05F0439S,31,476,3
2026/06/15 04:35,05F0309S,05F0439S,32,514,3
2026/06/15 04:35,05F0309S,05F0439S,41,0,0
2026/06/15 04:35,05F0309S,05F0439S,42,505,1
2026/06/15 04:35,05F0309S,05F0439S,5,0,0
2026/06/15 04:35,05F0439S,05F0494S,31,207,5
2026/06/15 04:35,05F0439S,05F0494S,32,216,3
2026/06/15 04:35,05F0439S,05F0494S,41,0,0
2026/06/15 04:35,05F0439S,05F0494S,42,0,0
2026/06/15 04:35,05F0439S,05F0494S,5,215,2
2026/06/15 04:40,05F0000S,05F0055S,31,236,10
2026/06/15 04:40,05F0000S,05F0055S,32,245,6
2026/06/15 04:40,05F0000S,05F0055S,41,224,1
2026/06/15 04:40,05F0000S,05F0055S,42,0,0
2026/06/15 04:40,05F0000S,05F0055S,5,0,0
2026/06/15 04:40,05F0055S,05F0287S,31,942,13
2026/06/15 04:40,05F0055S,05F0287S,32,935,9
2026/06/15 04:40,05F0055S,05F0287S,41,0,0
2026/06/15 04:40,05F0055S,05F0287S,42,0,0
2026/06/15 04:40,05F0055S,05F0287S,5,0,0
2026/06/15 04:40,05F0287S,05F0309S,31,80,5
2026/06/15 04:40,05F0287S,05F0309S,32,91,7
2026/06/15 04:40,05F0287S,05F0309S,41,0,0
2026/06/15 04:40,05F0287S,05F0309S,42,0,0
2026/06/15 04:40,05F0287S,05F0309S,5,0,0
2026/06/15 04:40,05F0309S,05F0439S,31,461,8
2026/06/15 04:40,05F0309S,05F0439S,32,516,6
2026/06/15 04:40,05F0309S,05F0439S,41,0,0
2026/06/15 04:40,05F0309S,05F0439S,42,0,0
2026/06/15 04:40,05F0309S,05F0439S,5,505,2
2026/06/15 04:40,05F0439S,05F0494S,31,180,5
2026/06/15 04:40,05F0439S,05F0494S,32,213,5
2026/06/15 04:40,05F0439S,05F0494S,41,0,0
2026/06/15 04:40,05F0439S,05F0494S,42,0,0
2026/06/15 04:40,05F0439S,05F0494S,5,205,1
2026/06/15 04:45,05F0000S,05F0055S,31,238,12
2026/06/15 04:45,05F0000S,05F0055S,32,246,3
2026/06/15 04:45,05F0000S,05F0055S,41,0,0
2026/06/15 04:45,05F0000S,05F0055S,42,0,0
2026/06/15 04:45,05F0000S,05F0055S,5,0,0
2026/06/15 04:45,05F0055S,05F0287S,31,935,10
2026/06/15 04:45,05F0055S,05F0287S,32,946,4
2026/06/15 04:45,05F0055S,05F0287S,41,0,0
2026/06/15 04:45,05F0055S,05F0287S,42,0,0
2026/06/15 04:45,05F0055S,05F0287S,5,0,0
2026/06/15 04:45,05F0287S,05F0309S,31,88,8
2026/06/15 04:45,05F0287S,05F0309S,32,100,1
2026/06/15 04:45,05F0287S,05F0309S,41,0,0
2026/06/15 04:45,05F0287S,05F0309S,42,0,0
2026/06/15 04:45,05F0287S,05F0309S,5,0,0
2026/06/15 04:45,05F0309S,05F0439S,31,483,2
2026/06/15 04:45,05F0309S,05F0439S,32,532,2
2026/06/15 04:45,05F0309S,05F0439S,41,0,0
2026/06/15 04:45,05F0309S,05F0439S,42,495,1
2026/06/15 04:45,05F0309S,05F0439S,5,524,6
2026/06/15 04:45,05F0439S,05F0494S,31,208,5
2026/06/15 04:45,05F0439S,05F0494S,32,251,4
2026/06/15 04:45,05F0439S,05F0494S,41,0,0
2026/06/15 04:45,05F0439S,05F0494S,42,0,0
2026/06/15 04:45,05F0439S,05F0494S,5,218,3
2026/06/15 04:50,05F0000S,05F0055S,31,232,16
2026/06/15 04:50,05F0000S,05F0055S,32,253,6
2026/06/15 04:50,05F0000S,05F0055S,41,0,0
2026/06/15 04:50,05F0000S,05F0055S,42,0,0
2026/06/15 04:50,05F0000S,05F0055S,5,0,0
2026/06/15 04:50,05F0055S,05F0287S,31,925,12
2026/06/15 04:50,05F0055S,05F0287S,32,984,11
2026/06/15 04:50,05F0055S,05F0287S,41,0,0
2026/06/15 04:50,05F0055S,05F0287S,42,0,0
2026/06/15 04:50,05F0055S,05F0287S,5,0,0
2026/06/15 04:50,05F0287S,05F0309S,31,82,8
2026/06/15 04:50,05F0287S,05F0309S,32,89,8
2026/06/15 04:50,05F0287S,05F0309S,41,0,0
2026/06/15 04:50,05F0287S,05F0309S,42,0,0
2026/06/15 04:50,05F0287S,05F0309S,5,0,0
2026/06/15 04:50,05F0309S,05F0439S,31,438,4
2026/06/15 04:50,05F0309S,05F0439S,32,548,5
2026/06/15 04:50,05F0309S,05F0439S,41,0,0
2026/06/15 04:50,05F0309S,05F0439S,42,0,0
2026/06/15 04:50,05F0309S,05F0439S,5,532,2
2026/06/15 04:50,05F0439S,05F0494S,31,210,4
2026/06/15 04:50,05F0439S,05F0494S,32,216,4
2026/06/15 04:50,05F0439S,05F0494S,41,0,0
2026/06/15 04:50,05F0439S,05F0494S,42,206,1
2026/06/15 04:50,05F0439S,05F0494S,5,240,2
2026/06/15 04:55,05F0000S,05F0055S,31,230,17
2026/06/15 04:55,05F0000S,05F0055S,32,235,5
2026/06/15 04:55,05F0000S,05F0055S,41,0,0
2026/06/15 04:55,05F0000S,05F0055S,42,0,0
2026/06/15 04:55,05F0000S,05F0055S,5,0,0
2026/06/15 04:55,05F0055S,05F0287S,31,928,14
2026/06/15 04:55,05F0055S,05F0287S,32,986,6
2026/06/15 04:55,05F0055S,05F0287S,41,945,1
2026/06/15 04:55,05F0055S,05F0287S,42,0,0
2026/06/15 04:55,05F0055S,05F0287S,5,0,0
2026/06/15 04:55,05F0287S,05F0309S,31,83,6
2026/06/15 04:55,05F0287S,05F0309S,32,91,4
2026/06/15 04:55,05F0287S,05F0309S,41,87,1
2026/06/15 04:55,05F0287S,05F0309S,42,0,0
2026/06/15 04:55,05F0287S,05F0309S,5,0,0
2026/06/15 04:55,05F0309S,05F0439S,31,490,8
2026/06/15 04:55,05F0309S,05F0439S,32,468,1
2026/06/15 04:55,05F0309S,05F0439S,41,0,0
2026/06/15 04:55,05F0309S,05F0439S,42,0,0
2026/06/15 04:55,05F0309S,05F0439S,5,492,3
2026/06/15 04:55,05F0439S,05F0494S,31,205,6
2026/06/15 04:55,05F0439S,05F0494S,32,227,1
2026/06/15 04:55,05F0439S,05F0494S,41,0,0
2026/06/15 04:55,05F0439S,05F0494S,42,213,1
2026/06/15 04:55,05F0439S,05F0494S,5,216,3
2026/06/15 05:00,05F0000S,05F0055S,31,230,12
2026/06/15 05:00,05F0000S,05F0055S,32,246,6
2026/06/15 05:00,05F0000S,05F0055S,41,0,0
2026/06/15 05:00,05F0000S,05F0055S,42,0,0
2026/06/15 05:00,05F0000S,05F0055S,5,0,0
2026/06/15 05:00,05F0055S,05F0287S,31,923,10
2026/06/15 05:00,05F0055S,05F0287S,32,1055,2
2026/06/15 05:00,05F0055S,05F0287S,41,0,0
2026/06/15 05:00,05F0055S,05F0287S,42,0,0
2026/06/15 05:00,05F0055S,05F0287S,5,0,0
2026/06/15 05:00,05F0287S,05F0309S,31,87,5
2026/06/15 05:00,05F0287S,05F0309S,32,95,3
2026/06/15 05:00,05F0287S,05F0309S,41,0,0
2026/06/15 05:00,05F0287S,05F0309S,42,0,0
2026/06/15 05:00,05F0287S,05F0309S,5,0,0
2026/06/15 05:00,05F0309S,05F0439S,31,480,11
2026/06/15 05:00,05F0309S,05F0439S,32,501,5
2026/06/15 05:00,05F0309S,05F0439S,41,0,0
2026/06/15 05:00,05F0309S,05F0439S,42,570,1
2026/06/15 05:00,05F0309S,05F0439S,5,513,4
2026/06/15 05:00,05F0439S,05F0494S,31,206,7
2026/06/15 05:00,05F0439S,05F0494S,32,211,3
2026/06/15 05:00,05F0439S,05F0494S,41,0,0
2026/06/15 05:00,05F0439S,05F0494S,42,0,0
2026/06/15 05:00,05F0439S,05F0494S,5,217,6
2026/06/15 05:05,05F0000S,05F0055S,31,234,20
2026/06/15 05:05,05F0000S,05F0055S,32,219,7
2026/06/15 05:05,05F0000S,05F0055S,41,0,0
2026/06/15 05:05,05F0000S,05F0055S,42,0,0
2026/06/15 05:05,05F0000S,05F0055S,5,0,0
2026/06/15 05:05,05F0055S,05F0287S,31,919,20
2026/06/15 05:05,05F0055S,05F0287S,32,956,9
2026/06/15 05:05,05F0055S,05F0287S,41,0,0
2026/06/15 05:05,05F0055S,05F0287S,42,0,0
2026/06/15 05:05,05F0055S,05F0287S,5,0,0
2026/06/15 05:05,05F0287S,05F0309S,31,76,9
2026/06/15 05:05,05F0287S,05F0309S,32,88,7
2026/06/15 05:05,05F0287S,05F0309S,41,0,0
2026/06/15 05:05,05F0287S,05F0309S,42,0,0
2026/06/15 05:05,05F0287S,05F0309S,5,0,0
2026/06/15 05:05,05F0309S,05F0439S,31,445,2
2026/06/15 05:05,05F0309S,05F0439S,32,511,3
2026/06/15 05:05,05F0309S,05F0439S,41,0,0
2026/06/15 05:05,05F0309S,05F0439S,42,0,0
2026/06/15 05:05,05F0309S,05F0439S,5,0,0
2026/06/15 05:05,05F0439S,05F0494S,31,206,5
2026/06/15 05:05,05F0439S,05F0494S,32,221,4
2026/06/15 05:05,05F0439S,05F0494S,41,0,0
2026/06/15 05:05,05F0439S,05F0494S,42,0,0
2026/06/15 05:05,05F0439S,05F0494S,5,216,2
2026/06/15 05:10,05F0000S,05F0055S,31,229,26
2026/06/15 05:10,05F0000S,05F0055S,32,240,11
2026/06/15 05:10,05F0000S,05F0055S,41,0,0
2026/06/15 05:10,05F0000S,05F0055S,42,0,0
2026/06/15 05:10,05F0000S,05F0055S,5,0,0
2026/06/15 05:10,05F0055S,05F0287S,31,942,15
2026/06/15 05:10,05F0055S,05F0287S,32,925,7
2026/06/15 05:10,05F0055S,05F0287S,41,0,0
2026/06/15 05:10,05F0055S,05F0287S,42,0,0
2026/06/15 05:10,05F0055S,05F0287S,5,0,0
2026/06/15 05:10,05F0287S,05F0309S,31,85,9
2026/06/15 05:10,05F0287S,05F0309S,32,88,7
2026/06/15 05:10,05F0287S,05F0309S,41,0,0
2026/06/15 05:10,05F0287S,05F0309S,42,0,0
2026/06/15 05:10,05F0287S,05F0309S,5,0,0
2026/06/15 05:10,05F0309S,05F0439S,31,422,7
2026/06/15 05:10,05F0309S,05F0439S,32,493,3
2026/06/15 05:10,05F0309S,05F0439S,41,0,0
2026/06/15 05:10,05F0309S,05F0439S,42,0,0
2026/06/15 05:10,05F0309S,05F0439S,5,0,0
2026/06/15 05:10,05F0439S,05F0494S,31,184,2
2026/06/15 05:10,05F0439S,05F0494S,32,191,2
2026/06/15 05:10,05F0439S,05F0494S,41,0,0
2026/06/15 05:10,05F0439S,05F0494S,42,216,1
2026/06/15 05:10,05F0439S,05F0494S,5,248,1
2026/06/15 05:15,05F0000S,05F0055S,31,225,27
2026/06/15 05:15,05F0000S,05F0055S,32,239,8
2026/06/15 05:15,05F0000S,05F0055S,41,0,0
2026/06/15 05:15,05F0000S,05F0055S,42,0,0
2026/06/15 05:15,05F0000S,05F0055S,5,0,0
2026/06/15 05:15,05F0055S,05F0287S,31,941,14
2026/06/15 05:15,05F0055S,05F0287S,32,958,6
2026/06/15 05:15,05F0055S,05F0287S,41,0,0
2026/06/15 05:15,05F0055S,05F0287S,42,0,0
2026/06/15 05:15,05F0055S,05F0287S,5,0,0
2026/06/15 05:15,05F0287S,05F0309S,31,85,8
2026/06/15 05:15,05F0287S,05F0309S,32,91,5
2026/06/15 05:15,05F0287S,05F0309S,41,0,0
2026/06/15 05:15,05F0287S,05F0309S,42,0,0
2026/06/15 05:15,05F0287S,05F0309S,5,0,0
2026/06/15 05:15,05F0309S,05F0439S,31,438,2
2026/06/15 05:15,05F0309S,05F0439S,32,500,8
2026/06/15 05:15,05F0309S,05F0439S,41,0,0
2026/06/15 05:15,05F0309S,05F0439S,42,549,2
2026/06/15 05:15,05F0309S,05F0439S,5,535,5
2026/06/15 05:15,05F0439S,05F0494S,31,189,10
2026/06/15 05:15,05F0439S,05F0494S,32,204,3
2026/06/15 05:15,05F0439S,05F0494S,41,0,0
2026/06/15 05:15,05F0439S,05F0494S,42,226,1
2026/06/15 05:15,05F0439S,05F0494S,5,0,0
2026/06/15 05:20,05F0000S,05F0055S,31,237,17
2026/06/15 05:20,05F0000S,05F0055S,32,245,11
2026/06/15 05:20,05F0000S,05F0055S,41,270,1
2026/06/15 05:20,05F0000S,05F0055S,42,0,0
2026/06/15 05:20,05F0000S,05F0055S,5,0,0
2026/06/15 05:20,05F0055S,05F0287S,31,949,16
2026/06/15 05:20,05F0055S,05F0287S,32,963,6
2026/06/15 05:20,05F0055S,05F0287S,41,0,0
2026/06/15 05:20,05F0055S,05F0287S,42,0,0
2026/06/15 05:20,05F0055S,05F0287S,5,0,0
2026/06/15 05:20,05F0287S,05F0309S,31,78,4
2026/06/15 05:20,05F0287S,05F0309S,32,81,7
2026/06/15 05:20,05F0287S,05F0309S,41,0,0
2026/06/15 05:20,05F0287S,05F0309S,42,0,0
2026/06/15 05:20,05F0287S,05F0309S,5,0,0
2026/06/15 05:20,05F0309S,05F0439S,31,475,8
2026/06/15 05:20,05F0309S,05F0439S,32,479,6
2026/06/15 05:20,05F0309S,05F0439S,41,0,0
2026/06/15 05:20,05F0309S,05F0439S,42,0,0
2026/06/15 05:20,05F0309S,05F0439S,5,534,2
2026/06/15 05:20,05F0439S,05F0494S,31,199,4
2026/06/15 05:20,05F0439S,05F0494S,32,215,4
2026/06/15 05:20,05F0439S,05F0494S,41,0,0
2026/06/15 05:20,05F0439S,05F0494S,42,229,2
2026/06/15 05:20,05F0439S,05F0494S,5,224,5
2026/06/15 05:25,05F0000S,05F0055S,31,221,24
2026/06/15 05:25,05F0000S,05F0055S,32,236,9
2026/06/15 05:25,05F0000S,05F0055S,41,0,0
2026/06/15 05:25,05F0000S,05F0055S,42,0,0
2026/06/15 05:25,05F0000S,05F0055S,5,0,0
2026/06/15 05:25,05F0055S,05F0287S,31,944,25
2026/06/15 05:25,05F0055S,05F0287S,32,948,15
2026/06/15 05:25,05F0055S,05F0287S,41,0,0
2026/06/15 05:25,05F0055S,05F0287S,42,0,0
2026/06/15 05:25,05F0055S,05F0287S,5,0,0
2026/06/15 05:25,05F0287S,05F0309S,31,84,20
2026/06/15 05:25,05F0287S,05F0309S,32,91,9
2026/06/15 05:25,05F0287S,05F0309S,41,0,0
2026/06/15 05:25,05F0287S,05F0309S,42,0,0
2026/06/15 05:25,05F0287S,05F0309S,5,0,0
2026/06/15 05:25,05F0309S,05F0439S,31,477,5
2026/06/15 05:25,05F0309S,05F0439S,32,504,7
2026/06/15 05:25,05F0309S,05F0439S,41,0,0
2026/06/15 05:25,05F0309S,05F0439S,42,572,1
2026/06/15 05:25,05F0309S,05F0439S,5,487,3
2026/06/15 05:25,05F0439S,05F0494S,31,199,6
2026/06/15 05:25,05F0439S,05F0494S,32,201,2
2026/06/15 05:25,05F0439S,05F0494S,41,0,0
2026/06/15 05:25,05F0439S,05F0494S,42,0,0
2026/06/15 05:25,05F0439S,05F0494S,5,219,2
2026/06/15 05:30,05F0000S,05F0055S,31,232,22
2026/06/15 05:30,05F0000S,05F0055S,32,241,5
2026/06/15 05:30,05F0000S,05F0055S,41,232,1
2026/06/15 05:30,05F0000S,05F0055S,42,0,0
2026/06/15 05:30,05F0000S,05F0055S,5,0,0
2026/06/15 05:30,05F0055S,05F0287S,31,929,31
2026/06/15 05:30,05F0055S,05F0287S,32,940,5
2026/06/15 05:30,05F0055S,05F0287S,41,0,0
2026/06/15 05:30,05F0055S,05F0287S,42,0,0
2026/06/15 05:30,05F0055S,05F0287S,5,0,0
2026/06/15 05:30,05F0287S,05F0309S,31,83,22
2026/06/15 05:30,05F0287S,05F0309S,32,79,4
2026/06/15 05:30,05F0287S,05F0309S,41,0,0
2026/06/15 05:30,05F0287S,05F0309S,42,0,0
2026/06/15 05:30,05F0287S,05F0309S,5,0,0
2026/06/15 05:30,05F0309S,05F0439S,31,452,12
2026/06/15 05:30,05F0309S,05F0439S,32,447,3
2026/06/15 05:30,05F0309S,05F0439S,41,0,0
2026/06/15 05:30,05F0309S,05F0439S,42,0,0
2026/06/15 05:30,05F0309S,05F0439S,5,0,0
2026/06/15 05:30,05F0439S,05F0494S,31,216,4
2026/06/15 05:30,05F0439S,05F0494S,32,213,5
2026/06/15 05:30,05F0439S,05F0494S,41,0,0
2026/06/15 05:30,05F0439S,05F0494S,42,207,1
2026/06/15 05:30,05F0439S,05F0494S,5,208,2
2026/06/15 05:35,05F0000S,05F0055S,31,233,19
2026/06/15 05:35,05F0000S,05F0055S,32,228,7
2026/06/15 05:35,05F0000S,05F0055S,41,0,0
2026/06/15 05:35,05F0000S,05F0055S,42,0,0
2026/06/15 05:35,05F0000S,05F0055S,5,0,0
2026/06/15 05:35,05F0055S,05F0287S,31,983,15
2026/06/15 05:35,05F0055S,05F0287S,32,967,12
2026/06/15 05:35,05F0055S,05F0287S,41,1046,1
2026/06/15 05:35,05F0055S,05F0287S,42,0,0
2026/06/15 05:35,05F0055S,05F0287S,5,0,0
2026/06/15 05:35,05F0287S,05F0309S,31,85,15
2026/06/15 05:35,05F0287S,05F0309S,32,91,8
2026/06/15 05:35,05F0287S,05F0309S,41,0,0
2026/06/15 05:35,05F0287S,05F0309S,42,0,0
2026/06/15 05:35,05F0287S,05F0309S,5,0,0
2026/06/15 05:35,05F0309S,05F0439S,31,474,15
2026/06/15 05:35,05F0309S,05F0439S,32,481,5
2026/06/15 05:35,05F0309S,05F0439S,41,0,0
2026/06/15 05:35,05F0309S,05F0439S,42,579,1
2026/06/15 05:35,05F0309S,05F0439S,5,526,3
2026/06/15 05:35,05F0439S,05F0494S,31,193,11
2026/06/15 05:35,05F0439S,05F0494S,32,280,4
2026/06/15 05:35,05F0439S,05F0494S,41,0,0
2026/06/15 05:35,05F0439S,05F0494S,42,0,0
2026/06/15 05:35,05F0439S,05F0494S,5,211,3
2026/06/15 05:40,05F0000S,05F0055S,31,232,27
2026/06/15 05:40,05F0000S,05F0055S,32,228,9
2026/06/15 05:40,05F0000S,05F0055S,41,0,0
2026/06/15 05:40,05F0000S,05F0055S,42,0,0
2026/06/15 05:40,05F0000S,05F0055S,5,0,0
2026/06/15 05:40,05F0055S,05F0287S,31,914,27
2026/06/15 05:40,05F0055S,05F0287S,32,948,12
2026/06/15 05:40,05F0055S,05F0287S,41,0,0
2026/06/15 05:40,05F0055S,05F0287S,42,0,0
2026/06/15 05:40,05F0055S,05F0287S,5,0,0
2026/06/15 05:40,05F0287S,05F0309S,31,81,18
2026/06/15 05:40,05F0287S,05F0309S,32,88,11
2026/06/15 05:40,05F0287S,05F0309S,41,95,1
2026/06/15 05:40,05F0287S,05F0309S,42,0,0
2026/06/15 05:40,05F0287S,05F0309S,5,0,0
2026/06/15 05:40,05F0309S,05F0439S,31,479,15
2026/06/15 05:40,05F0309S,05F0439S,32,480,5
2026/06/15 05:40,05F0309S,05F0439S,41,0,0
2026/06/15 05:40,05F0309S,05F0439S,42,0,0
2026/06/15 05:40,05F0309S,05F0439S,5,515,2
2026/06/15 05:40,05F0439S,05F0494S,31,206,7
2026/06/15 05:40,05F0439S,05F0494S,32,199,5
2026/06/15 05:40,05F0439S,05F0494S,41,0,0
2026/06/15 05:40,05F0439S,05F0494S,42,247,1
2026/06/15 05:40,05F0439S,05F0494S,5,218,6
2026/06/15 05:45,05F0000S,05F0055S,31,232,38
2026/06/15 05:45,05F0000S,05F0055S,32,240,15
2026/06/15 05:45,05F0000S,05F0055S,41,239,2
2026/06/15 05:45,05F0000S,05F0055S,42,0,0
2026/06/15 05:45,05F0000S,05F0055S,5,0,0
2026/06/15 05:45,05F0055S,05F0287S,31,939,17
2026/06/15 05:45,05F0055S,05F0287S,32,945,6
2026/06/15 05:45,05F0055S,05F0287S,41,982,1
2026/06/15 05:45,05F0055S,05F0287S,42,0,0
2026/06/15 05:45,05F0055S,05F0287S,5,0,0
2026/06/15 05:45,05F0287S,05F0309S,31,85,10
2026/06/15 05:45,05F0287S,05F0309S,32,91,7
2026/06/15 05:45,05F0287S,05F0309S,41,0,0
2026/06/15 05:45,05F0287S,05F0309S,42,0,0
2026/06/15 05:45,05F0287S,05F0309S,5,0,0
2026/06/15 05:45,05F0309S,05F0439S,31,471,17
2026/06/15 05:45,05F0309S,05F0439S,32,496,9
2026/06/15 05:45,05F0309S,05F0439S,41,0,0
2026/06/15 05:45,05F0309S,05F0439S,42,486,1
2026/06/15 05:45,05F0309S,05F0439S,5,547,3
2026/06/15 05:45,05F0439S,05F0494S,31,203,13
2026/06/15 05:45,05F0439S,05F0494S,32,221,2
2026/06/15 05:45,05F0439S,05F0494S,41,0,0
2026/06/15 05:45,05F0439S,05F0494S,42,0,0
2026/06/15 05:45,05F0439S,05F0494S,5,224,2
2026/06/15 05:50,05F0000S,05F0055S,31,226,39
2026/06/15 05:50,05F0000S,05F0055S,32,232,15
2026/06/15 05:50,05F0000S,05F0055S,41,259,1
2026/06/15 05:50,05F0000S,05F0055S,42,0,0
2026/06/15 05:50,05F0000S,05F0055S,5,0,0
2026/06/15 05:50,05F0055S,05F0287S,31,952,23
2026/06/15 05:50,05F0055S,05F0287S,32,966,9
2026/06/15 05:50,05F0055S,05F0287S,41,0,0
2026/06/15 05:50,05F0055S,05F0287S,42,0,0
2026/06/15 05:50,05F0055S,05F0287S,5,0,0
2026/06/15 05:50,05F0287S,05F0309S,31,85,12
2026/06/15 05:50,05F0287S,05F0309S,32,92,5
2026/06/15 05:50,05F0287S,05F0309S,41,93,1
2026/06/15 05:50,05F0287S,05F0309S,42,0,0
2026/06/15 05:50,05F0287S,05F0309S,5,0,0
2026/06/15 05:50,05F0309S,05F0439S,31,484,15
2026/06/15 05:50,05F0309S,05F0439S,32,514,8
2026/06/15 05:50,05F0309S,05F0439S,41,0,0
2026/06/15 05:50,05F0309S,05F0439S,42,0,0
2026/06/15 05:50,05F0309S,05F0439S,5,511,1
2026/06/15 05:50,05F0439S,05F0494S,31,206,13
2026/06/15 05:50,05F0439S,05F0494S,32,211,8
2026/06/15 05:50,05F0439S,05F0494S,41,270,1
2026/06/15 05:50,05F0439S,05F0494S,42,204,1
2026/06/15 05:50,05F0439S,05F0494S,5,222,5
2026/06/15 05:55,05F0000S,05F0055S,31,237,35
2026/06/15 05:55,05F0000S,05F0055S,32,239,10
2026/06/15 05:55,05F0000S,05F0055S,41,246,1
2026/06/15 05:55,05F0000S,05F0055S,42,0,0
2026/06/15 05:55,05F0000S,05F0055S,5,0,0
2026/06/15 05:55,05F0055S,05F0287S,31,929,29
2026/06/15 05:55,05F0055S,05F0287S,32,942,12
2026/06/15 05:55,05F0055S,05F0287S,41,0,0
2026/06/15 05:55,05F0055S,05F0287S,42,0,0
2026/06/15 05:55,05F0055S,05F0287S,5,0,0
2026/06/15 05:55,05F0287S,05F0309S,31,85,19
2026/06/15 05:55,05F0287S,05F0309S,32,85,8
2026/06/15 05:55,05F0287S,05F0309S,41,0,0
2026/06/15 05:55,05F0287S,05F0309S,42,0,0
2026/06/15 05:55,05F0287S,05F0309S,5,0,0
2026/06/15 05:55,05F0309S,05F0439S,31,473,9
2026/06/15 05:55,05F0309S,05F0439S,32,524,3
2026/06/15 05:55,05F0309S,05F0439S,41,0,0
2026/06/15 05:55,05F0309S,05F0439S,42,556,1
2026/06/15 05:55,05F0309S,05F0439S,5,520,4
2026/06/15 05:55,05F0439S,05F0494S,31,194,13
2026/06/15 05:55,05F0439S,05F0494S,32,203,5
2026/06/15 05:55,05F0439S,05F0494S,41,214,1
2026/06/15 05:55,05F0439S,05F0494S,42,0,0
2026/06/15 05:55,05F0439S,05F0494S,5,241,2
2026/06/15 06:00,05F0000S,05F0055S,31,233,45
2026/06/15 06:00,05F0000S,05F0055S,32,247,21
2026/06/15 06:00,05F0000S,05F0055S,41,0,0
2026/06/15 06:00,05F0000S,05F0055S,42,0,0
2026/06/15 06:00,05F0000S,05F0055S,5,0,0
2026/06/15 06:00,05F0055S,05F0287S,31,935,40
2026/06/15 06:00,05F0055S,05F0287S,32,928,14
2026/06/15 06:00,05F0055S,05F0287S,41,1027,1
2026/06/15 06:00,05F0055S,05F0287S,42,0,0
2026/06/15 06:00,05F0055S,05F0287S,5,0,0
2026/06/15 06:00,05F0287S,05F0309S,31,83,28
2026/06/15 06:00,05F0287S,05F0309S,32,86,14
2026/06/15 06:00,05F0287S,05F0309S,41,0,0
2026/06/15 06:00,05F0287S,05F0309S,42,0,0
2026/06/15 06:00,05F0287S,05F0309S,5,0,0
2026/06/15 06:00,05F0309S,05F0439S,31,441,15
2026/06/15 06:00,05F0309S,05F0439S,32,507,8
2026/06/15 06:00,05F0309S,05F0439S,41,0,0
2026/06/15 06:00,05F0309S,05F0439S,42,0,0
2026/06/15 06:00,05F0309S,05F0439S,5,459,3
2026/06/15 06:00,05F0439S,05F0494S,31,219,9
2026/06/15 06:00,05F0439S,05F0494S,32,198,2
2026/06/15 06:00,05F0439S,05F0494S,41,0,0
2026/06/15 06:00,05F0439S,05F0494S,42,0,0
2026/06/15 06:00,05F0439S,05F0494S,5,212,4
2026/06/15 06:05,05F0000S,05F0055S,31,232,57
2026/06/15 06:05,05F0000S,05F0055S,32,232,12
2026/06/15 06:05,05F0000S,05F0055S,41,232,2
2026/06/15 06:05,05F0000S,05F0055S,42,0,0
2026/06/15 06:05,05F0000S,05F0055S,5,0,0
2026/06/15 06:05,05F0055S,05F0287S,31,942,35
2026/06/15 06:05,05F0055S,05F0287S,32,951,14
2026/06/15 06:05,05F0055S,05F0287S,41,1022,2
2026/06/15 06:05,05F0055S,05F0287S,42,0,0
2026/06/15 06:05,05F0055S,05F0287S,5,0,0
2026/06/15 06:05,05F0287S,05F0309S,31,81,18
2026/06/15 06:05,05F0287S,05F0309S,32,82,10
2026/06/15 06:05,05F0287S,05F0309S,41,92,2
2026/06/15 06:05,05F0287S,05F0309S,42,0,0
2026/06/15 06:05,05F0287S,05F0309S,5,0,0
2026/06/15 06:05,05F0309S,05F0439S,31,466,12
2026/06/15 06:05,05F0309S,05F0439S,32,480,8
2026/06/15 06:05,05F0309S,05F0439S,41,0,0
2026/06/15 06:05,05F0309S,05F0439S,42,569,3
2026/06/15 06:05,05F0309S,05F0439S,5,506,4
2026/06/15 06:05,05F0439S,05F0494S,31,189,12
2026/06/15 06:05,05F0439S,05F0494S,32,218,7
2026/06/15 06:05,05F0439S,05F0494S,41,0,0
2026/06/15 06:05,05F0439S,05F0494S,42,244,1
2026/06/15 06:05,05F0439S,05F0494S,5,218,1
2026/06/15 06:10,05F0000S,05F0055S,31,233,56
2026/06/15 06:10,05F0000S,05F0055S,32,237,23
2026/06/15 06:10,05F0000S,05F0055S,41,230,1
2026/06/15 06:10,05F0000S,05F0055S,42,0,0
2026/06/15 06:10,05F0000S,05F0055S,5,0,0
2026/06/15 06:10,05F0055S,05F0287S,31,969,39
2026/06/15 06:10,05F0055S,05F0287S,32,940,12
2026/06/15 06:10,05F0055S,05F0287S,41,1007,2
2026/06/15 06:10,05F0055S,05F0287S,42,0,0
2026/06/15 06:10,05F0055S,05F0287S,5,0,0
2026/06/15 06:10,05F0287S,05F0309S,31,86,29
2026/06/15 06:10,05F0287S,05F0309S,32,88,7
2026/06/15 06:10,05F0287S,05F0309S,41,97,2
2026/06/15 06:10,05F0287S,05F0309S,42,0,0
2026/06/15 06:10,05F0287S,05F0309S,5,0,0
2026/06/15 06:10,05F0309S,05F0439S,31,453,21
2026/06/15 06:10,05F0309S,05F0439S,32,484,12
2026/06/15 06:10,05F0309S,05F0439S,41,530,1
2026/06/15 06:10,05F0309S,05F0439S,42,557,1
2026/06/15 06:10,05F0309S,05F0439S,5,0,0
2026/06/15 06:10,05F0439S,05F0494S,31,198,13
2026/06/15 06:10,05F0439S,05F0494S,32,206,7
2026/06/15 06:10,05F0439S,05F0494S,41,0,0
2026/06/15 06:10,05F0439S,05F0494S,42,263,1
2026/06/15 06:10,05F0439S,05F0494S,5,214,2
2026/06/15 06:15,05F0000S,05F0055S,31,235,57
2026/06/15 06:15,05F0000S,05F0055S,32,232,24
2026/06/15 06:15,05F0000S,05F0055S,41,241,2
2026/06/15 06:15,05F0000S,05F0055S,42,0,0
2026/06/15 06:15,05F0000S,05F0055S,5,0,0
2026/06/15 06:15,05F0055S,05F0287S,31,947,44
2026/06/15 06:15,05F0055S,05F0287S,32,954,19
2026/06/15 06:15,05F0055S,05F0287S,41,0,0
2026/06/15 06:15,05F0055S,05F0287S,42,0,0
2026/06/15 06:15,05F0055S,05F0287S,5,0,0
2026/06/15 06:15,05F0287S,05F0309S,31,83,38
2026/06/15 06:15,05F0287S,05F0309S,32,85,13
2026/06/15 06:15,05F0287S,05F0309S,41,0,0
2026/06/15 06:15,05F0287S,05F0309S,42,0,0
2026/06/15 06:15,05F0287S,05F0309S,5,0,0
2026/06/15 06:15,05F0309S,05F0439S,31,465,17
2026/06/15 06:15,05F0309S,05F0439S,32,476,8
2026/06/15 06:15,05F0309S,05F0439S,41,0,0
2026/06/15 06:15,05F0309S,05F0439S,42,482,1
2026/06/15 06:15,05F0309S,05F0439S,5,531,2
2026/06/15 06:15,05F0439S,05F0494S,31,201,8
2026/06/15 06:15,05F0439S,05F0494S,32,213,10
2026/06/15 06:15,05F0439S,05F0494S,41,225,1
2026/06/15 06:15,05F0439S,05F0494S,42,0,0
2026/06/15 06:15,05F0439S,05F0494S,5,0,0
2026/06/15 06:20,05F0000S,05F0055S,31,234,50
2026/06/15 06:20,05F0000S,05F0055S,32,237,22
2026/06/15 06:20,05F0000S,05F0055S,41,0,0
2026/06/15 06:20,05F0000S,05F0055S,42,0,0
2026/06/15 06:20,05F0000S,05F0055S,5,0,0
2026/06/15 06:20,05F0055S,05F0287S,31,939,54
2026/06/15 06:20,05F0055S,05F0287S,32,962,15
2026/06/15 06:20,05F0055S,05F0287S,41,942,1
2026/06/15 06:20,05F0055S,05F0287S,42,0,0
2026/06/15 06:20,05F0055S,05F0287S,5,0,0
2026/06/15 06:20,05F0287S,05F0309S,31,83,43
2026/06/15 06:20,05F0287S,05F0309S,32,84,16
2026/06/15 06:20,05F0287S,05F0309S,41,80,1
2026/06/15 06:20,05F0287S,05F0309S,42,0,0
2026/06/15 06:20,05F0287S,05F0309S,5,0,0
2026/06/15 06:20,05F0309S,05F0439S,31,497,26
2026/06/15 06:20,05F0309S,05F0439S,32,443,5
2026/06/15 06:20,05F0309S,05F0439S,41,0,0
2026/06/15 06:20,05F0309S,05F0439S,42,569,2
2026/06/15 06:20,05F0309S,05F0439S,5,511,1
2026/06/15 06:20,05F0439S,05F0494S,31,211,11
2026/06/15 06:20,05F0439S,05F0494S,32,207,8
2026/06/15 06:20,05F0439S,05F0494S,41,0,0
2026/06/15 06:20,05F0439S,05F0494S,42,228,2
2026/06/15 06:20,05F0439S,05F0494S,5,224,1
2026/06/15 06:25,05F0000S,05F0055S,31,232,70
2026/06/15 06:25,05F0000S,05F0055S,32,238,22
2026/06/15 06:25,05F0000S,05F0055S,41,250,3
2026/06/15 06:25,05F0000S,05F0055S,42,0,0
2026/06/15 06:25,05F0000S,05F0055S,5,0,0
2026/06/15 06:25,05F0055S,05F0287S,31,950,65
2026/06/15 06:25,05F0055S,05F0287S,32,942,20
2026/06/15 06:25,05F0055S,05F0287S,41,964,2
2026/06/15 06:25,05F0055S,05F0287S,42,0,0
2026/06/15 06:25,05F0055S,05F0287S,5,0,0
2026/06/15 06:25,05F0287S,05F0309S,31,84,52
2026/06/15 06:25,05F0287S,05F0309S,32,84,14
2026/06/15 06:25,05F0287S,05F0309S,41,93,1
2026/06/15 06:25,05F0287S,05F0309S,42,0,0
2026/06/15 06:25,05F0287S,05F0309S,5,0,0
2026/06/15 06:25,05F0309S,05F0439S,31,447,34
2026/06/15 06:25,05F0309S,05F0439S,32,491,11
2026/06/15 06:25,05F0309S,05F0439S,41,0,0
2026/06/15 06:25,05F0309S,05F0439S,42,511,3
2026/06/15 06:25,05F0309S,05F0439S,5,516,1
2026/06/15 06:25,05F0439S,05F0494S,31,202,22
2026/06/15 06:25,05F0439S,05F0494S,32,212,5
2026/06/15 06:25,05F0439S,05F0494S,41,0,0
2026/06/15 06:25,05F0439S,05F0494S,42,0,0
2026/06/15 06:25,05F0439S,05F0494S,5,213,2
2026/06/15 06:30,05F0000S,05F0055S,31,238,73
2026/06/15 06:30,05F0000S,05F0055S,32,241,23
2026/06/15 06:30,05F0000S,05F0055S,41,0,0
2026/06/15 06:30,05F0000S,05F0055S,42,0,0
2026/06/15 06:30,05F0000S,05F0055S,5,0,0
2026/06/15 06:30,05F0055S,05F0287S,31,950,66
2026/06/15 06:30,05F0055S,05F0287S,32,961,30
2026/06/15 06:30,05F0055S,05F0287S,41,984,1
2026/06/15 06:30,05F0055S,05F0287S,42,0,0
2026/06/15 06:30,05F0055S,05F0287S,5,0,0
2026/06/15 06:30,05F0287S,05F0309S,31,85,35
2026/06/15 06:30,05F0287S,05F0309S,32,84,19
2026/06/15 06:30,05F0287S,05F0309S,41,86,1
2026/06/15 06:30,05F0287S,05F0309S,42,0,0
2026/06/15 06:30,05F0287S,05F0309S,5,0,0
2026/06/15 06:30,05F0309S,05F0439S,31,464,29
2026/06/15 06:30,05F0309S,05F0439S,32,489,12
2026/06/15 06:30,05F0309S,05F0439S,41,0,0
2026/06/15 06:30,05F0309S,05F0439S,42,515,3
2026/06/15 06:30,05F0309S,05F0439S,5,512,1
2026/06/15 06:30,05F0439S,05F0494S,31,195,18
2026/06/15 06:30,05F0439S,05F0494S,32,204,15
2026/06/15 06:30,05F0439S,05F0494S,41,231,1
2026/06/15 06:30,05F0439S,05F0494S,42,215,2
2026/06/15 06:30,05F0439S,05F0494S,5,219,1
2026/06/15 06:35,05F0000S,05F0055S,31,240,54
2026/06/15 06:35,05F0000S,05F0055S,32,254,22
2026/06/15 06:35,05F0000S,05F0055S,41,268,3
2026/06/15 06:35,05F0000S,05F0055S,42,0,0
2026/06/15 06:35,05F0000S,05F0055S,5,0,0
2026/06/15 06:35,05F0055S,05F0287S,31,941,38
2026/06/15 06:35,05F0055S,05F0287S,32,919,15
2026/06/15 06:35,05F0055S,05F0287S,41,994,1
2026/06/15 06:35,05F0055S,05F0287S,42,0,0
2026/06/15 06:35,05F0055S,05F0287S,5,0,0
2026/06/15 06:35,05F0287S,05F0309S,31,84,44
2026/06/15 06:35,05F0287S,05F0309S,32,85,15
2026/06/15 06:35,05F0287S,05F0309S,41,90,1
2026/06/15 06:35,05F0287S,05F0309S,42,0,0
2026/06/15 06:35,05F0287S,05F0309S,5,0,0
2026/06/15 06:35,05F0309S,05F0439S,31,467,41
2026/06/15 06:35,05F0309S,05F0439S,32,456,13
2026/06/15 06:35,05F0309S,05F0439S,41,507,2
2026/06/15 06:35,05F0309S,05F0439S,42,494,1
2026/06/15 06:35,05F0309S,05F0439S,5,550,2
2026/06/15 06:35,05F0439S,05F0494S,31,192,24
2026/06/15 06:35,05F0439S,05F0494S,32,192,8
2026/06/15 06:35,05F0439S,05F0494S,41,0,0
2026/06/15 06:35,05F0439S,05F0494S,42,223,4
2026/06/15 06:35,05F0439S,05F0494S,5,206,2
2026/06/15 06:40,05F0000S,05F0055S,31,239,80
2026/06/15 06:40,05F0000S,05F0055S,32,242,31
2026/06/15 06:40,05F0000S,05F0055S,41,236,2
2026/06/15 06:40,05F0000S,05F0055S,42,0,0
2026/06/15 06:40,05F0000S,05F0055S,5,0,0
2026/06/15 06:40,05F0055S,05F0287S,31,954,83
2026/06/15 06:40,05F0055S,05F0287S,32,969,28
2026/06/15 06:40,05F0055S,05F0287S,41,0,0
2026/06/15 06:40,05F0055S,05F0287S,42,0,0
2026/06/15 06:40,05F0055S,05F0287S,5,0,0
2026/06/15 06:40,05F0287S,05F0309S,31,83,53
2026/06/15 06:40,05F0287S,05F0309S,32,86,20
2026/06/15 06:40,05F0287S,05F0309S,41,0,0
2026/06/15 06:40,05F0287S,05F0309S,42,0,0
2026/06/15 06:40,05F0287S,05F0309S,5,0,0
2026/06/15 06:40,05F0309S,05F0439S,31,464,30
2026/06/15 06:40,05F0309S,05F0439S,32,459,18
2026/06/15 06:40,05F0309S,05F0439S,41,0,0
2026/06/15 06:40,05F0309S,05F0439S,42,582,1
2026/06/15 06:40,05F0309S,05F0439S,5,553,2
2026/06/15 06:40,05F0439S,05F0494S,31,201,19
2026/06/15 06:40,05F0439S,05F0494S,32,191,8
2026/06/15 06:40,05F0439S,05F0494S,41,0,0
2026/06/15 06:40,05F0439S,05F0494S,42,0,0
2026/06/15 06:40,05F0439S,05F0494S,5,215,2
2026/06/15 06:45,05F0000S,05F0055S,31,245,77
2026/06/15 06:45,05F0000S,05F0055S,32,246,29
2026/06/15 06:45,05F0000S,05F0055S,41,0,0
2026/06/15 06:45,05F0000S,05F0055S,42,0,0
2026/06/15 06:45,05F0000S,05F0055S,5,0,0
2026/06/15 06:45,05F0055S,05F0287S,31,955,64
2026/06/15 06:45,05F0055S,05F0287S,32,965,23
2026/06/15 06:45,05F0055S,05F0287S,41,1002,3
2026/06/15 06:45,05F0055S,05F0287S,42,0,0
2026/06/15 06:45,05F0055S,05F0287S,5,0,0
2026/06/15 06:45,05F0287S,05F0309S,31,84,57
2026/06/15 06:45,05F0287S,05F0309S,32,87,23
2026/06/15 06:45,05F0287S,05F0309S,41,97,1
2026/06/15 06:45,05F0287S,05F0309S,42,0,0
2026/06/15 06:45,05F0287S,05F0309S,5,0,0
2026/06/15 06:45,05F0309S,05F0439S,31,476,25
2026/06/15 06:45,05F0309S,05F0439S,32,470,12
2026/06/15 06:45,05F0309S,05F0439S,41,516,1
2026/06/15 06:45,05F0309S,05F0439S,42,557,1
2026/06/15 06:45,05F0309S,05F0439S,5,513,6
2026/06/15 06:45,05F0439S,05F0494S,31,205,17
2026/06/15 06:45,05F0439S,05F0494S,32,192,5
2026/06/15 06:45,05F0439S,05F0494S,41,0,0
2026/06/15 06:45,05F0439S,05F0494S,42,229,1
2026/06/15 06:45,05F0439S,05F0494S,5,217,4
2026/06/15 06:50,05F0000S,05F0055S,31,241,71
2026/06/15 06:50,05F0000S,05F0055S,32,243,31
2026/06/15 06:50,05F0000S,05F0055S,41,253,3
2026/06/15 06:50,05F0000S,05F0055S,42,0,0
2026/06/15 06:50,05F0000S,05F0055S,5,0,0
2026/06/15 06:50,05F0055S,05F0287S,31,958,58
2026/06/15 06:50,05F0055S,05F0287S,32,962,21
2026/06/15 06:50,05F0055S,05F0287S,41,977,1
2026/06/15 06:50,05F0055S,05F0287S,42,0,0
2026/06/15 06:50,05F0055S,05F0287S,5,0,0
2026/06/15 06:50,05F0287S,05F0309S,31,84,47
2026/06/15 06:50,05F0287S,05F0309S,32,84,14
2026/06/15 06:50,05F0287S,05F0309S,41,91,1
2026/06/15 06:50,05F0287S,05F0309S,42,0,0
2026/06/15 06:50,05F0287S,05F0309S,5,0,0
2026/06/15 06:50,05F0309S,05F0439S,31,471,38
2026/06/15 06:50,05F0309S,05F0439S,32,494,17
2026/06/15 06:50,05F0309S,05F0439S,41,0,0
2026/06/15 06:50,05F0309S,05F0439S,42,569,5
2026/06/15 06:50,05F0309S,05F0439S,5,507,3
2026/06/15 06:50,05F0439S,05F0494S,31,199,20
2026/06/15 06:50,05F0439S,05F0494S,32,204,13
2026/06/15 06:50,05F0439S,05F0494S,41,0,0
2026/06/15 06:50,05F0439S,05F0494S,42,229,2
2026/06/15 06:50,05F0439S,05F0494S,5,224,3
2026/06/15 06:55,05F0000S,05F0055S,31,242,71
2026/06/15 06:55,05F0000S,05F0055S,32,252,35
2026/06/15 06:55,05F0000S,05F0055S,41,253,3
2026/06/15 06:55,05F0000S,05F0055S,42,0,0
2026/06/15 06:55,05F0000S,05F0055S,5,0,0
2026/06/15 06:55,05F0055S,05F0287S,31,957,78
2026/06/15 06:55,05F0055S,05F0287S,32,973,33
2026/06/15 06:55,05F0055S,05F0287S,41,1081,3
2026/06/15 06:55,05F0055S,05F0287S,42,0,0
2026/06/15 06:55,05F0055S,05F0287S,5,0,0
2026/06/15 06:55,05F0287S,05F0309S,31,84,62
2026/06/15 06:55,05F0287S,05F0309S,32,86,27
2026/06/15 06:55,05F0287S,05F0309S,41,103,2
2026/06/15 06:55,05F0287S,05F0309S,42,0,0
2026/06/15 06:55,05F0287S,05F0309S,5,0,0
2026/06/15 06:55,05F0309S,05F0439S,31,451,42
2026/06/15 06:55,05F0309S,05F0439S,32,493,17
2026/06/15 06:55,05F0309S,05F0439S,41,0,0
2026/06/15 06:55,05F0309S,05F0439S,42,558,3
2026/06/15 06:55,05F0309S,05F0439S,5,504,2
2026/06/15 06:55,05F0439S,05F0494S,31,194,34
2026/06/15 06:55,05F0439S,05F0494S,32,200,13
2026/06/15 06:55,05F0439S,05F0494S,41,0,0
2026/06/15 06:55,05F0439S,05F0494S,42,227,2
2026/06/15 06:55,05F0439S,05F0494S,5,210,3
2026/06/15 07:00,05F0000S,05F0055S,31,241,81
2026/06/15 07:00,05F0000S,05F0055S,32,244,25
2026/06/15 07:00,05F0000S,05F0055S,41,243,2
2026/06/15 07:00,05F0000S,05F0055S,42,0,0
2026/06/15 07:00,05F0000S,05F0055S,5,0,0
2026/06/15 07:00,05F0055S,05F0287S,31,973,89
2026/06/15 07:00,05F0055S,05F0287S,32,999,27
2026/06/15 07:00,05F0055S,05F0287S,41,992,1
2026/06/15 07:00,05F0055S,05F0287S,42,0,0
2026/06/15 07:00,05F0055S,05F0287S,5,0,0
2026/06/15 07:00,05F0287S,05F0309S,31,86,55
2026/06/15 07:00,05F0287S,05F0309S,32,89,16
2026/06/15 07:00,05F0287S,05F0309S,41,85,2
2026/06/15 07:00,05F0287S,05F0309S,42,0,0
2026/06/15 07:00,05F0287S,05F0309S,5,0,0
2026/06/15 07:00,05F0309S,05F0439S,31,470,44
2026/06/15 07:00,05F0309S,05F0439S,32,501,9
2026/06/15 07:00,05F0309S,05F0439S,41,527,1
2026/06/15 07:00,05F0309S,05F0439S,42,504,2
2026/06/15 07:00,05F0309S,05F0439S,5,508,3
2026/06/15 07:00,05F0439S,05F0494S,31,197,22
2026/06/15 07:00,05F0439S,05F0494S,32,214,8
2026/06/15 07:00,05F0439S,05F0494S,41,0,0
2026/06/15 07:00,05F0439S,05F0494S,42,0,0
2026/06/15 07:00,05F0439S,05F0494S,5,216,3
2026/06/15 07:05,05F0000S,05F0055S,31,239,76
2026/06/15 07:05,05F0000S,05F0055S,32,242,33
2026/06/15 07:05,05F0000S,05F0055S,41,249,4
2026/06/15 07:05,05F0000S,05F0055S,42,0,0
2026/06/15 07:05,05F0000S,05F0055S,5,0,0
2026/06/15 07:05,05F0055S,05F0287S,31,983,71
2026/06/15 07:05,05F0055S,05F0287S,32,995,27
2026/06/15 07:05,05F0055S,05F0287S,41,1012,2
2026/06/15 07:05,05F0055S,05F0287S,42,0,0
2026/06/15 07:05,05F0055S,05F0287S,5,0,0
2026/06/15 07:05,05F0287S,05F0309S,31,87,54
2026/06/15 07:05,05F0287S,05F0309S,32,89,24
2026/06/15 07:05,05F0287S,05F0309S,41,93,1
2026/06/15 07:05,05F0287S,05F0309S,42,0,0
2026/06/15 07:05,05F0287S,05F0309S,5,0,0
2026/06/15 07:05,05F0309S,05F0439S,31,471,42
2026/06/15 07:05,05F0309S,05F0439S,32,491,23
2026/06/15 07:05,05F0309S,05F0439S,41,0,0
2026/06/15 07:05,05F0309S,05F0439S,42,532,1
2026/06/15 07:05,05F0309S,05F0439S,5,513,5
2026/06/15 07:05,05F0439S,05F0494S,31,191,27
2026/06/15 07:05,05F0439S,05F0494S,32,201,13
2026/06/15 07:05,05F0439S,05F0494S,41,0,0
2026/06/15 07:05,05F0439S,05F0494S,42,0,0
2026/06/15 07:05,05F0439S,05F0494S,5,205,1
2026/06/15 07:10,05F0000S,05F0055S,31,239,73
2026/06/15 07:10,05F0000S,05F0055S,32,238,26
2026/06/15 07:10,05F0000S,05F0055S,41,684,2
2026/06/15 07:10,05F0000S,05F0055S,42,0,0
2026/06/15 07:10,05F0000S,05F0055S,5,0,0
2026/06/15 07:10,05F0055S,05F0287S,31,980,81
2026/06/15 07:10,05F0055S,05F0287S,32,994,34
2026/06/15 07:10,05F0055S,05F0287S,41,997,2
2026/06/15 07:10,05F0055S,05F0287S,42,0,0
2026/06/15 07:10,05F0055S,05F0287S,5,0,0
2026/06/15 07:10,05F0287S,05F0309S,31,87,59
2026/06/15 07:10,05F0287S,05F0309S,32,89,24
2026/06/15 07:10,05F0287S,05F0309S,41,91,3
2026/06/15 07:10,05F0287S,05F0309S,42,0,0
2026/06/15 07:10,05F0287S,05F0309S,5,0,0
2026/06/15 07:10,05F0309S,05F0439S,31,472,56
2026/06/15 07:10,05F0309S,05F0439S,32,481,23
2026/06/15 07:10,05F0309S,05F0439S,41,484,1
2026/06/15 07:10,05F0309S,05F0439S,42,534,2
2026/06/15 07:10,05F0309S,05F0439S,5,536,6
2026/06/15 07:10,05F0439S,05F0494S,31,205,33
2026/06/15 07:10,05F0439S,05F0494S,32,224,15
2026/06/15 07:10,05F0439S,05F0494S,41,0,0
2026/06/15 07:10,05F0439S,05F0494S,42,229,1
2026/06/15 07:10,05F0439S,05F0494S,5,214,3
2026/06/15 07:15,05F0000S,05F0055S,31,244,68
2026/06/15 07:15,05F0000S,05F0055S,32,243,22
2026/06/15 07:15,05F0000S,05F0055S,41,0,0
2026/06/15 07:15,05F0000S,05F0055S,42,0,0
2026/06/15 07:15,05F0000S,05F0055S,5,0,0
2026/06/15 07:15,05F0055S,05F0287S,31,965,90
2026/06/15 07:15,05F0055S,05F0287S,32,973,23
2026/06/15 07:15,05F0055S,05F0287S,41,1030,4
2026/06/15 07:15,05F0055S,05F0287S,42,0,0
2026/06/15 07:15,05F0055S,05F0287S,5,0,0
2026/06/15 07:15,05F0287S,05F0309S,31,86,62
2026/06/15 07:15,05F0287S,05F0309S,32,86,19
2026/06/15 07:15,05F0287S,05F0309S,41,93,2
2026/06/15 07:15,05F0287S,05F0309S,42,0,0
2026/06/15 07:15,05F0287S,05F0309S,5,0,0
2026/06/15 07:15,05F0309S,05F0439S,31,490,41
2026/06/15 07:15,05F0309S,05F0439S,32,493,14
2026/06/15 07:15,05F0309S,05F0439S,41,536,1
2026/06/15 07:15,05F0309S,05F0439S,42,0,0
2026/06/15 07:15,05F0309S,05F0439S,5,506,2
2026/06/15 07:15,05F0439S,05F0494S,31,197,37
2026/06/15 07:15,05F0439S,05F0494S,32,208,18
2026/06/15 07:15,05F0439S,05F0494S,41,0,0
2026/06/15 07:15,05F0439S,05F0494S,42,211,1
2026/06/15 07:15,05F0439S,05F0494S,5,213,6
2026/06/15 07:20,05F0000S,05F0055S,31,235,68
2026/06/15 07:20,05F0000S,05F0055S,32,240,28
2026/06/15 07:20,05F0000S,05F0055S,41,250,6
2026/06/15 07:20,05F0000S,05F0055S,42,0,0
2026/06/15 07:20,05F0000S,05F0055S,5,0,0
2026/06/15 07:20,05F0055S,05F0287S,31,969,69
2026/06/15 07:20,05F0055S,05F0287S,32,988,30
2026/06/15 07:20,05F0055S,05F0287S,41,994,4
2026/06/15 07:20,05F0055S,05F0287S,42,0,0
2026/06/15 07:20,05F0055S,05F0287S,5,0,0
2026/06/15 07:20,05F0287S,05F0309S,31,87,65
2026/06/15 07:20,05F0287S,05F0309S,32,88,20
2026/06/15 07:20,05F0287S,05F0309S,41,91,3
2026/06/15 07:20,05F0287S,05F0309S,42,0,0
2026/06/15 07:20,05F0287S,05F0309S,5,0,0
2026/06/15 07:20,05F0309S,05F0439S,31,485,53
2026/06/15 07:20,05F0309S,05F0439S,32,512,24
2026/06/15 07:20,05F0309S,05F0439S,41,514,2
2026/06/15 07:20,05F0309S,05F0439S,42,517,2
2026/06/15 07:20,05F0309S,05F0439S,5,496,6
2026/06/15 07:20,05F0439S,05F0494S,31,201,55
2026/06/15 07:20,05F0439S,05F0494S,32,208,13
2026/06/15 07:20,05F0439S,05F0494S,41,0,0
2026/06/15 07:20,05F0439S,05F0494S,42,217,2
2026/06/15 07:20,05F0439S,05F0494S,5,202,4
2026/06/15 07:25,05F0000S,05F0055S,31,241,60
2026/06/15 07:25,05F0000S,05F0055S,32,246,20
2026/06/15 07:25,05F0000S,05F0055S,41,249,4
2026/06/15 07:25,05F0000S,05F0055S,42,0,0
2026/06/15 07:25,05F0000S,05F0055S,5,0,0
2026/06/15 07:25,05F0055S,05F0287S,31,974,90
2026/06/15 07:25,05F0055S,05F0287S,32,990,42
2026/06/15 07:25,05F0055S,05F0287S,41,1034,2
2026/06/15 07:25,05F0055S,05F0287S,42,0,0
2026/06/15 07:25,05F0055S,05F0287S,5,0,0
2026/06/15 07:25,05F0287S,05F0309S,31,86,71
2026/06/15 07:25,05F0287S,05F0309S,32,91,33
2026/06/15 07:25,05F0287S,05F0309S,41,94,2
2026/06/15 07:25,05F0287S,05F0309S,42,0,0
2026/06/15 07:25,05F0287S,05F0309S,5,0,0
2026/06/15 07:25,05F0309S,05F0439S,31,481,50
2026/06/15 07:25,05F0309S,05F0439S,32,484,18
2026/06/15 07:25,05F0309S,05F0439S,41,541,3
2026/06/15 07:25,05F0309S,05F0439S,42,520,1
2026/06/15 07:25,05F0309S,05F0439S,5,515,10
2026/06/15 07:25,05F0439S,05F0494S,31,202,56
2026/06/15 07:25,05F0439S,05F0494S,32,199,15
2026/06/15 07:25,05F0439S,05F0494S,41,0,0
2026/06/15 07:25,05F0439S,05F0494S,42,0,0
2026/06/15 07:25,05F0439S,05F0494S,5,214,6
2026/06/15 07:30,05F0000S,05F0055S,31,239,72
2026/06/15 07:30,05F0000S,05F0055S,32,249,18
2026/06/15 07:30,05F0000S,05F0055S,41,272,4
2026/06/15 07:30,05F0000S,05F0055S,42,0,0
2026/06/15 07:30,05F0000S,05F0055S,5,0,0
2026/06/15 07:30,05F0055S,05F0287S,31,974,62
2026/06/15 07:30,05F0055S,05F0287S,32,979,24
2026/06/15 07:30,05F0055S,05F0287S,41,0,0
2026/06/15 07:30,05F0055S,05F0287S,42,0,0
2026/06/15 07:30,05F0055S,05F0287S,5,0,0
2026/06/15 07:30,05F0287S,05F0309S,31,84,48
2026/06/15 07:30,05F0287S,05F0309S,32,90,21
2026/06/15 07:30,05F0287S,05F0309S,41,92,1
2026/06/15 07:30,05F0287S,05F0309S,42,0,0
2026/06/15 07:30,05F0287S,05F0309S,5,0,0
2026/06/15 07:30,05F0309S,05F0439S,31,488,47
2026/06/15 07:30,05F0309S,05F0439S,32,495,19
2026/06/15 07:30,05F0309S,05F0439S,41,513,2
2026/06/15 07:30,05F0309S,05F0439S,42,494,1
2026/06/15 07:30,05F0309S,05F0439S,5,531,3
2026/06/15 07:30,05F0439S,05F0494S,31,203,54
2026/06/15 07:30,05F0439S,05F0494S,32,209,23
2026/06/15 07:30,05F0439S,05F0494S,41,226,2
2026/06/15 07:30,05F0439S,05F0494S,42,0,0
2026/06/15 07:30,05F0439S,05F0494S,5,225,4
2026/06/15 07:35,05F0000S,05F0055S,31,240,48
2026/06/15 07:35,05F0000S,05F0055S,32,245,21
2026/06/15 07:35,05F0000S,05F0055S,41,267,5
2026/06/15 07:35,05F0000S,05F0055S,42,0,0
2026/06/15 07:35,05F0000S,05F0055S,5,0,0
2026/06/15 07:35,05F0055S,05F0287S,31,984,86
2026/06/15 07:35,05F0055S,05F0287S,32,999,26
2026/06/15 07:35,05F0055S,05F0287S,41,1032,5
2026/06/15 07:35,05F0055S,05F0287S,42,0,0
2026/06/15 07:35,05F0055S,05F0287S,5,0,0
2026/06/15 07:35,05F0287S,05F0309S,31,89,64
2026/06/15 07:35,05F0287S,05F0309S,32,96,17
2026/06/15 07:35,05F0287S,05F0309S,41,0,0
2026/06/15 07:35,05F0287S,05F0309S,42,0,0
2026/06/15 07:35,05F0287S,05F0309S,5,0,0
2026/06/15 07:35,05F0309S,05F0439S,31,478,50
2026/06/15 07:35,05F0309S,05F0439S,32,485,26
2026/06/15 07:35,05F0309S,05F0439S,41,0,0
2026/06/15 07:35,05F0309S,05F0439S,42,527,4
2026/06/15 07:35,05F0309S,05F0439S,5,506,4
2026/06/15 07:35,05F0439S,05F0494S,31,195,65
2026/06/15 07:35,05F0439S,05F0494S,32,210,19
2026/06/15 07:35,05F0439S,05F0494S,41,213,1
2026/06/15 07:35,05F0439S,05F0494S,42,225,1
2026/06/15 07:35,05F0439S,05F0494S,5,224,1
2026/06/15 07:40,05F0000S,05F0055S,31,245,57
2026/06/15 07:40,05F0000S,05F0055S,32,246,27
2026/06/15 07:40,05F0000S,05F0055S,41,239,2
2026/06/15 07:40,05F0000S,05F0055S,42,0,0
2026/06/15 07:40,05F0000S,05F0055S,5,0,0
2026/06/15 07:40,05F0055S,05F0287S,31,978,63
2026/06/15 07:40,05F0055S,05F0287S,32,992,29
2026/06/15 07:40,05F0055S,05F0287S,41,1045,3
2026/06/15 07:40,05F0055S,05F0287S,42,0,0
2026/06/15 07:40,05F0055S,05F0287S,5,0,0
2026/06/15 07:40,05F0287S,05F0309S,31,81,46
2026/06/15 07:40,05F0287S,05F0309S,32,88,27
2026/06/15 07:40,05F0287S,05F0309S,41,93,6
2026/06/15 07:40,05F0287S,05F0309S,42,0,0
2026/06/15 07:40,05F0287S,05F0309S,5,0,0
2026/06/15 07:40,05F0309S,05F0439S,31,484,44
2026/06/15 07:40,05F0309S,05F0439S,32,499,15
2026/06/15 07:40,05F0309S,05F0439S,41,529,1
2026/06/15 07:40,05F0309S,05F0439S,42,560,3
2026/06/15 07:40,05F0309S,05F0439S,5,587,3
2026/06/15 07:40,05F0439S,05F0494S,31,198,57
2026/06/15 07:40,05F0439S,05F0494S,32,196,15
2026/06/15 07:40,05F0439S,05F0494S,41,225,1
2026/06/15 07:40,05F0439S,05F0494S,42,218,2
2026/06/15 07:40,05F0439S,05F0494S,5,0,0
2026/06/15 07:45,05F0000S,05F0055S,31,244,46
2026/06/15 07:45,05F0000S,05F0055S,32,243,26
2026/06/15 07:45,05F0000S,05F0055S,41,241,3
2026/06/15 07:45,05F0000S,05F0055S,42,0,0
2026/06/15 07:45,05F0000S,05F0055S,5,0,0
2026/06/15 07:45,05F0055S,05F0287S,31,959,62
2026/06/15 07:45,05F0055S,05F0287S,32,988,20
2026/06/15 07:45,05F0055S,05F0287S,41,1004,4
2026/06/15 07:45,05F0055S,05F0287S,42,0,0
2026/06/15 07:45,05F0055S,05F0287S,5,0,0
2026/06/15 07:45,05F0287S,05F0309S,31,87,64
2026/06/15 07:45,05F0287S,05F0309S,32,90,18
2026/06/15 07:45,05F0287S,05F0309S,41,90,3
2026/06/15 07:45,05F0287S,05F0309S,42,0,0
2026/06/15 07:45,05F0287S,05F0309S,5,0,0
2026/06/15 07:45,05F0309S,05F0439S,31,483,57
2026/06/15 07:45,05F0309S,05F0439S,32,494,23
2026/06/15 07:45,05F0309S,05F0439S,41,514,1
2026/06/15 07:45,05F0309S,05F0439S,42,614,1
2026/06/15 07:45,05F0309S,05F0439S,5,536,6
2026/06/15 07:45,05F0439S,05F0494S,31,203,49
2026/06/15 07:45,05F0439S,05F0494S,32,196,15
2026/06/15 07:45,05F0439S,05F0494S,41,0,0
2026/06/15 07:45,05F0439S,05F0494S,42,209,2
2026/06/15 07:45,05F0439S,05F0494S,5,218,2
2026/06/15 07:50,05F0000S,05F0055S,31,243,73
2026/06/15 07:50,05F0000S,05F0055S,32,251,27
2026/06/15 07:50,05F0000S,05F0055S,41,269,5
2026/06/15 07:50,05F0000S,05F0055S,42,270,1
2026/06/15 07:50,05F0000S,05F0055S,5,0,0
2026/06/15 07:50,05F0055S,05F0287S,31,973,74
2026/06/15 07:50,05F0055S,05F0287S,32,984,20
2026/06/15 07:50,05F0055S,05F0287S,41,1072,4
2026/06/15 07:50,05F0055S,05F0287S,42,0,0
2026/06/15 07:50,05F0055S,05F0287S,5,0,0
2026/06/15 07:50,05F0287S,05F0309S,31,83,57
2026/06/15 07:50,05F0287S,05F0309S,32,87,13
2026/06/15 07:50,05F0287S,05F0309S,41,93,4
2026/06/15 07:50,05F0287S,05F0309S,42,0,0
2026/06/15 07:50,05F0287S,05F0309S,5,0,0
2026/06/15 07:50,05F0309S,05F0439S,31,465,34
2026/06/15 07:50,05F0309S,05F0439S,32,490,17
2026/06/15 07:50,05F0309S,05F0439S,41,509,2
2026/06/15 07:50,05F0309S,05F0439S,42,0,0
2026/06/15 07:50,05F0309S,05F0439S,5,498,6
2026/06/15 07:50,05F0439S,05F0494S,31,190,49
2026/06/15 07:50,05F0439S,05F0494S,32,214,19
2026/06/15 07:50,05F0439S,05F0494S,41,0,0
2026/06/15 07:50,05F0439S,05F0494S,42,0,0
2026/06/15 07:50,05F0439S,05F0494S,5,232,5
2026/06/15 07:55,05F0000S,05F0055S,31,237,32
2026/06/15 07:55,05F0000S,05F0055S,32,235,13
2026/06/15 07:55,05F0000S,05F0055S,41,237,3
2026/06/15 07:55,05F0000S,05F0055S,42,0,0
2026/06/15 07:55,05F0000S,05F0055S,5,0,0
2026/06/15 07:55,05F0055S,05F0287S,31,969,56
2026/06/15 07:55,05F0055S,05F0287S,32,981,29
2026/06/15 07:55,05F0055S,05F0287S,41,1064,3
2026/06/15 07:55,05F0055S,05F0287S,42,0,0
2026/06/15 07:55,05F0055S,05F0287S,5,0,0
2026/06/15 07:55,05F0287S,05F0309S,31,86,38
2026/06/15 07:55,05F0287S,05F0309S,32,89,18
2026/06/15 07:55,05F0287S,05F0309S,41,91,2
2026/06/15 07:55,05F0287S,05F0309S,42,0,0
2026/06/15 07:55,05F0287S,05F0309S,5,0,0
2026/06/15 07:55,05F0309S,05F0439S,31,475,37
2026/06/15 07:55,05F0309S,05F0439S,32,526,9
2026/06/15 07:55,05F0309S,05F0439S,41,515,2
2026/06/15 07:55,05F0309S,05F0439S,42,554,3
2026/06/15 07:55,05F0309S,05F0439S,5,488,1
2026/06/15 07:55,05F0439S,05F0494S,31,200,40
2026/06/15 07:55,05F0439S,05F0494S,32,223,13
2026/06/15 07:55,05F0439S,05F0494S,41,211,1
2026/06/15 07:55,05F0439S,05F0494S,42,0,0
2026/06/15 07:55,05F0439S,05F0494S,5,203,4
2026/06/15 08:00,05F0000S,05F0055S,31,243,53
2026/06/15 08:00,05F0000S,05F0055S,32,245,27
2026/06/15 08:00,05F0000S,05F0055S,41,253,3
2026/06/15 08:00,05F0000S,05F0055S,42,0,0
2026/06/15 08:00,05F0000S,05F0055S,5,0,0
2026/06/15 08:00,05F0055S,05F0287S,31,992,70
2026/06/15 08:00,05F0055S,05F0287S,32,991,35
2026/06/15 08:00,05F0055S,05F0287S,41,1024,5
2026/06/15 08:00,05F0055S,05F0287S,42,0,0
2026/06/15 08:00,05F0055S,05F0287S,5,0,0
2026/06/15 08:00,05F0287S,05F0309S,31,85,52
2026/06/15 08:00,05F0287S,05F0309S,32,86,25
2026/06/15 08:00,05F0287S,05F0309S,41,93,4
2026/06/15 08:00,05F0287S,05F0309S,42,0,0
2026/06/15 08:00,05F0287S,05F0309S,5,0,0
2026/06/15 08:00,05F0309S,05F0439S,31,485,42
2026/06/15 08:00,05F0309S,05F0439S,32,481,14
2026/06/15 08:00,05F0309S,05F0439S,41,536,4
2026/06/15 08:00,05F0309S,05F0439S,42,581,3
2026/06/15 08:00,05F0309S,05F0439S,5,524,3
2026/06/15 08:00,05F0439S,05F0494S,31,197,33
2026/06/15 08:00,05F0439S,05F0494S,32,209,11
2026/06/15 08:00,05F0439S,05F0494S,41,0,0
2026/06/15 08:00,05F0439S,05F0494S,42,233,5
2026/06/15 08:00,05F0439S,05F0494S,5,204,2
2026/06/15 08:05,05F0000S,05F0055S,31,240,51
2026/06/15 08:05,05F0000S,05F0055S,32,239,27
2026/06/15 08:05,05F0000S,05F0055S,41,250,5
2026/06/15 08:05,05F0000S,05F0055S,42,0,0
2026/06/15 08:05,05F0000S,05F0055S,5,0,0
2026/06/15 08:05,05F0055S,05F0287S,31,991,66
2026/06/15 08:05,05F0055S,05F0287S,32,990,23
2026/06/15 08:05,05F0055S,05F0287S,41,1054,3
2026/06/15 08:05,05F0055S,05F0287S,42,0,0
2026/06/15 08:05,05F0055S,05F0287S,5,0,0
2026/06/15 08:05,05F0287S,05F0309S,31,86,51
2026/06/15 08:05,05F0287S,05F0309S,32,86,26
2026/06/15 08:05,05F0287S,05F0309S,41,94,3
2026/06/15 08:05,05F0287S,05F0309S,42,0,0
2026/06/15 08:05,05F0287S,05F0309S,5,0,0
2026/06/15 08:05,05F0309S,05F0439S,31,462,34
2026/06/15 08:05,05F0309S,05F0439S,32,498,15
2026/06/15 08:05,05F0309S,05F0439S,41,517,2
2026/06/15 08:05,05F0309S,05F0439S,42,552,3
2026/06/15 08:05,05F0309S,05F0439S,5,575,1
2026/06/15 08:05,05F0439S,05F0494S,31,196,28
2026/06/15 08:05,05F0439S,05F0494S,32,207,9
2026/06/15 08:05,05F0439S,05F0494S,41,235,1
2026/06/15 08:05,05F0439S,05F0494S,42,0,0
2026/06/15 08:05,05F0439S,05F0494S,5,209,2
2026/06/15 08:10,05F0000S,05F0055S,31,240,54
2026/06/15 08:10,05F0000S,05F0055S,32,242,22
2026/06/15 08:10,05F0000S,05F0055S,41,234,2
2026/06/15 08:10,05F0000S,05F0055S,42,0,0
2026/06/15 08:10,05F0000S,05F0055S,5,0,0
2026/06/15 08:10,05F0055S,05F0287S,31,988,65
2026/06/15 08:10,05F0055S,05F0287S,32,987,18
2026/06/15 08:10,05F0055S,05F0287S,41,1018,4
2026/06/15 08:10,05F0055S,05F0287S,42,0,0
2026/06/15 08:10,05F0055S,05F0287S,5,0,0
2026/06/15 08:10,05F0287S,05F0309S,31,86,61
2026/06/15 08:10,05F0287S,05F0309S,32,85,18
2026/06/15 08:10,05F0287S,05F0309S,41,91,3
2026/06/15 08:10,05F0287S,05F0309S,42,0,0
2026/06/15 08:10,05F0287S,05F0309S,5,0,0
2026/06/15 08:10,05F0309S,05F0439S,31,475,41
2026/06/15 08:10,05F0309S,05F0439S,32,472,23
2026/06/15 08:10,05F0309S,05F0439S,41,540,2
2026/06/15 08:10,05F0309S,05F0439S,42,0,0
2026/06/15 08:10,05F0309S,05F0439S,5,538,2
2026/06/15 08:10,05F0439S,05F0494S,31,196,39
2026/06/15 08:10,05F0439S,05F0494S,32,194,14
2026/06/15 08:10,05F0439S,05F0494S,41,228,4
2026/06/15 08:10,05F0439S,05F0494S,42,238,3
2026/06/15 08:10,05F0439S,05F0494S,5,0,0
2026/06/15 08:15,05F0000S,05F0055S,31,242,46
2026/06/15 08:15,05F0000S,05F0055S,32,251,27
2026/06/15 08:15,05F0000S,05F0055S,41,265,3
2026/06/15 08:15,05F0000S,05F0055S,42,0,0
2026/06/15 08:15,05F0000S,05F0055S,5,0,0
2026/06/15 08:15,05F0055S,05F0287S,31,950,52
2026/06/15 08:15,05F0055S,05F0287S,32,973,28
2026/06/15 08:15,05F0055S,05F0287S,41,990,2
2026/06/15 08:15,05F0055S,05F0287S,42,0,0
2026/06/15 08:15,05F0055S,05F0287S,5,0,0
2026/06/15 08:15,05F0287S,05F0309S,31,86,39
2026/06/15 08:15,05F0287S,05F0309S,32,89,25
2026/06/15 08:15,05F0287S,05F0309S,41,0,0
2026/06/15 08:15,05F0287S,05F0309S,42,0,0
2026/06/15 08:15,05F0287S,05F0309S,5,0,0
2026/06/15 08:15,05F0309S,05F0439S,31,466,37
2026/06/15 08:15,05F0309S,05F0439S,32,506,16
2026/06/15 08:15,05F0309S,05F0439S,41,541,2
2026/06/15 08:15,05F0309S,05F0439S,42,548,4
2026/06/15 08:15,05F0309S,05F0439S,5,581,3
2026/06/15 08:15,05F0439S,05F0494S,31,199,44
2026/06/15 08:15,05F0439S,05F0494S,32,216,12
2026/06/15 08:15,05F0439S,05F0494S,41,0,0
2026/06/15 08:15,05F0439S,05F0494S,42,228,1
2026/06/15 08:15,05F0439S,05F0494S,5,207,3
2026/06/15 08:20,05F0000S,05F0055S,31,242,53
2026/06/15 08:20,05F0000S,05F0055S,32,251,19
2026/06/15 08:20,05F0000S,05F0055S,41,241,4
2026/06/15 08:20,05F0000S,05F0055S,42,0,0
2026/06/15 08:20,05F0000S,05F0055S,5,0,0
2026/06/15 08:20,05F0055S,05F0287S,31,1000,58
2026/06/15 08:20,05F0055S,05F0287S,32,1010,38
2026/06/15 08:20,05F0055S,05F0287S,41,1024,7
2026/06/15 08:20,05F0055S,05F0287S,42,0,0
2026/06/15 08:20,05F0055S,05F0287S,5,0,0
2026/06/15 08:20,05F0287S,05F0309S,31,86,32
2026/06/15 08:20,05F0287S,05F0309S,32,88,27
2026/06/15 08:20,05F0287S,05F0309S,41,93,6
2026/06/15 08:20,05F0287S,05F0309S,42,0,0
2026/06/15 08:20,05F0287S,05F0309S,5,0,0
2026/06/15 08:20,05F0309S,05F0439S,31,479,37
2026/06/15 08:20,05F0309S,05F0439S,32,496,14
2026/06/15 08:20,05F0309S,05F0439S,41,514,1
2026/06/15 08:20,05F0309S,05F0439S,42,507,4
2026/06/15 08:20,05F0309S,05F0439S,5,521,7
2026/06/15 08:20,05F0439S,05F0494S,31,201,33
2026/06/15 08:20,05F0439S,05F0494S,32,203,10
2026/06/15 08:20,05F0439S,05F0494S,41,219,1
2026/06/15 08:20,05F0439S,05F0494S,42,230,1
2026/06/15 08:20,05F0439S,05F0494S,5,220,4
2026/06/15 08:25,05F0000S,05F0055S,31,243,33
2026/06/15 08:25,05F0000S,05F0055S,32,244,15
2026/06/15 08:25,05F0000S,05F0055S,41,251,6
2026/06/15 08:25,05F0000S,05F0055S,42,0,0
2026/06/15 08:25,05F0000S,05F0055S,5,0,0
2026/06/15 08:25,05F0055S,05F0287S,31,979,68
2026/06/15 08:25,05F0055S,05F0287S,32,998,24
2026/06/15 08:25,05F0055S,05F0287S,41,1040,1
2026/06/15 08:25,05F0055S,05F0287S,42,0,0
2026/06/15 08:25,05F0055S,05F0287S,5,0,0
2026/06/15 08:25,05F0287S,05F0309S,31,85,55
2026/06/15 08:25,05F0287S,05F0309S,32,93,13
2026/06/15 08:25,05F0287S,05F0309S,41,93,2
2026/06/15 08:25,05F0287S,05F0309S,42,0,0
2026/06/15 08:25,05F0287S,05F0309S,5,0,0
2026/06/15 08:25,05F0309S,05F0439S,31,476,32
2026/06/15 08:25,05F0309S,05F0439S,32,488,14
2026/06/15 08:25,05F0309S,05F0439S,41,0,0
2026/06/15 08:25,05F0309S,05F0439S,42,0,0
2026/06/15 08:25,05F0309S,05F0439S,5,537,2
2026/06/15 08:25,05F0439S,05F0494S,31,201,35
2026/06/15 08:25,05F0439S,05F0494S,32,217,7
2026/06/15 08:25,05F0439S,05F0494S,41,238,3
2026/06/15 08:25,05F0439S,05F0494S,42,220,4
2026/06/15 08:25,05F0439S,05F0494S,5,215,5
2026/06/15 08:30,05F0000S,05F0055S,31,245,47
2026/06/15 08:30,05F0000S,05F0055S,32,247,20
2026/06/15 08:30,05F0000S,05F0055S,41,243,8
2026/06/15 08:30,05F0000S,05F0055S,42,0,0
2026/06/15 08:30,05F0000S,05F0055S,5,0,0
2026/06/15 08:30,05F0055S,05F0287S,31,970,65
2026/06/15 08:30,05F0055S,05F0287S,32,971,30
2026/06/15 08:30,05F0055S,05F0287S,41,1023,5
2026/06/15 08:30,05F0055S,05F0287S,42,0,0
2026/06/15 08:30,05F0055S,05F0287S,5,0,0
2026/06/15 08:30,05F0287S,05F0309S,31,87,47
2026/06/15 08:30,05F0287S,05F0309S,32,86,30
2026/06/15 08:30,05F0287S,05F0309S,41,93,1
2026/06/15 08:30,05F0287S,05F0309S,42,0,0
2026/06/15 08:30,05F0287S,05F0309S,5,0,0
2026/06/15 08:30,05F0309S,05F0439S,31,477,34
2026/06/15 08:30,05F0309S,05F0439S,32,500,21
2026/06/15 08:30,05F0309S,05F0439S,41,535,3
2026/06/15 08:30,05F0309S,05F0439S,42,447,1
2026/06/15 08:30,05F0309S,05F0439S,5,551,1
2026/06/15 08:30,05F0439S,05F0494S,31,206,11
2026/06/15 08:30,05F0439S,05F0494S,32,204,11
2026/06/15 08:30,05F0439S,05F0494S,41,0,0
2026/06/15 08:30,05F0439S,05F0494S,42,172,1
2026/06/15 08:30,05F0439S,05F0494S,5,220,1
2026/06/15 08:35,05F0000S,05F0055S,31,247,60
2026/06/15 08:35,05F0000S,05F0055S,32,254,25
2026/06/15 08:35,05F0000S,05F0055S,41,241,5
2026/06/15 08:35,05F0000S,05F0055S,42,1548,1
2026/06/15 08:35,05F0000S,05F0055S,5,0,0
2026/06/15 08:35,05F0055S,05F0287S,31,982,56
2026/06/15 08:35,05F0055S,05F0287S,32,1000,19
2026/06/15 08:35,05F0055S,05F0287S,41,1037,1
2026/06/15 08:35,05F0055S,05F0287S,42,0,0
2026/06/15 08:35,05F0055S,05F0287S,5,0,0
2026/06/15 08:35,05F0287S,05F0309S,31,86,49
2026/06/15 08:35,05F0287S,05F0309S,32,90,16
2026/06/15 08:35,05F0287S,05F0309S,41,91,4
2026/06/15 08:35,05F0287S,05F0309S,42,0,0
2026/06/15 08:35,05F0287S,05F0309S,5,0,0
2026/06/15 08:35,05F0309S,05F0439S,31,474,35
2026/06/15 08:35,05F0309S,05F0439S,32,503,18
2026/06/15 08:35,05F0309S,05F0439S,41,523,2
2026/06/15 08:35,05F0309S,05F0439S,42,0,0
2026/06/15 08:35,05F0309S,05F0439S,5,549,3
2026/06/15 08:35,05F0439S,05F0494S,31,191,28
2026/06/15 08:35,05F0439S,05F0494S,32,218,14
2026/06/15 08:35,05F0439S,05F0494S,41,0,0
2026/06/15 08:35,05F0439S,05F0494S,42,0,0
2026/06/15 08:35,05F0439S,05F0494S,5,0,0
2026/06/15 08:40,05F0000S,05F0055S,31,247,41
2026/06/15 08:40,05F0000S,05F0055S,32,241,23
2026/06/15 08:40,05F0000S,05F0055S,41,247,5
2026/06/15 08:40,05F0000S,05F0055S,42,0,0
2026/06/15 08:40,05F0000S,05F0055S,5,0,0
2026/06/15 08:40,05F0055S,05F0287S,31,993,61
2026/06/15 08:40,05F0055S,05F0287S,32,1002,30
2026/06/15 08:40,05F0055S,05F0287S,41,1028,6
2026/06/15 08:40,05F0055S,05F0287S,42,0,0
2026/06/15 08:40,05F0055S,05F0287S,5,0,0
2026/06/15 08:40,05F0287S,05F0309S,31,89,35
2026/06/15 08:40,05F0287S,05F0309S,32,93,21
2026/06/15 08:40,05F0287S,05F0309S,41,95,7
2026/06/15 08:40,05F0287S,05F0309S,42,0,0
2026/06/15 08:40,05F0287S,05F0309S,5,0,0
2026/06/15 08:40,05F0309S,05F0439S,31,489,30
2026/06/15 08:40,05F0309S,05F0439S,32,476,22
2026/06/15 08:40,05F0309S,05F0439S,41,520,2
2026/06/15 08:40,05F0309S,05F0439S,42,494,1
2026/06/15 08:40,05F0309S,05F0439S,5,541,2
2026/06/15 08:40,05F0439S,05F0494S,31,204,20
2026/06/15 08:40,05F0439S,05F0494S,32,195,11
2026/06/15 08:40,05F0439S,05F0494S,41,0,0
2026/06/15 08:40,05F0439S,05F0494S,42,0,0
2026/06/15 08:40,05F0439S,05F0494S,5,227,1
2026/06/15 08:45,05F0000S,05F0055S,31,249,60
2026/06/15 08:45,05F0000S,05F0055S,32,249,28
2026/06/15 08:45,05F0000S,05F0055S,41,245,4
2026/06/15 08:45,05F0000S,05F0055S,42,0,0
2026/06/15 08:45,05F0000S,05F0055S,5,0,0
2026/06/15 08:45,05F0055S,05F0287S,31,973,55
2026/06/15 08:45,05F0055S,05F0287S,32,985,22
2026/06/15 08:45,05F0055S,05F0287S,41,1023,14
2026/06/15 08:45,05F0055S,05F0287S,42,0,0
2026/06/15 08:45,05F0055S,05F0287S,5,0,0
2026/06/15 08:45,05F0287S,05F0309S,31,86,40
2026/06/15 08:45,05F0287S,05F0309S,32,89,17
2026/06/15 08:45,05F0287S,05F0309S,41,93,4
2026/06/15 08:45,05F0287S,05F0309S,42,0,0
2026/06/15 08:45,05F0287S,05F0309S,5,0,0
2026/06/15 08:45,05F0309S,05F0439S,31,483,31
2026/06/15 08:45,05F0309S,05F0439S,32,488,11
2026/06/15 08:45,05F0309S,05F0439S,41,519,2
2026/06/15 08:45,05F0309S,05F0439S,42,508,2
2026/06/15 08:45,05F0309S,05F0439S,5,535,2
2026/06/15 08:45,05F0439S,05F0494S,31,208,22
2026/06/15 08:45,05F0439S,05F0494S,32,210,10
2026/06/15 08:45,05F0439S,05F0494S,41,224,2
2026/06/15 08:45,05F0439S,05F0494S,42,248,1
2026/06/15 08:45,05F0439S,05F0494S,5,214,1
2026/06/15 08:50,05F0000S,05F0055S,31,253,51
2026/06/15 08:50,05F0000S,05F0055S,32,253,21
2026/06/15 08:50,05F0000S,05F0055S,41,247,6
2026/06/15 08:50,05F0000S,05F0055S,42,0,0
2026/06/15 08:50,05F0000S,05F0055S,5,0,0
2026/06/15 08:50,05F0055S,05F0287S,31,1005,76
2026/06/15 08:50,05F0055S,05F0287S,32,1014,31
2026/06/15 08:50,05F0055S,05F0287S,41,1051,3
2026/06/15 08:50,05F0055S,05F0287S,42,1093,1
2026/06/15 08:50,05F0055S,05F0287S,5,0,0
2026/06/15 08:50,05F0287S,05F0309S,31,86,48
2026/06/15 08:50,05F0287S,05F0309S,32,89,19
2026/06/15 08:50,05F0287S,05F0309S,41,95,7
2026/06/15 08:50,05F0287S,05F0309S,42,0,0
2026/06/15 08:50,05F0287S,05F0309S,5,0,0
2026/06/15 08:50,05F0309S,05F0439S,31,490,29
2026/06/15 08:50,05F0309S,05F0439S,32,500,17
2026/06/15 08:50,05F0309S,05F0439S,41,531,3
2026/06/15 08:50,05F0309S,05F0439S,42,0,0
2026/06/15 08:50,05F0309S,05F0439S,5,537,4
2026/06/15 08:50,05F0439S,05F0494S,31,208,31
2026/06/15 08:50,05F0439S,05F0494S,32,209,9
2026/06/15 08:50,05F0439S,05F0494S,41,219,1
2026/06/15 08:50,05F0439S,05F0494S,42,226,2
2026/06/15 08:50,05F0439S,05F0494S,5,206,3
2026/06/15 08:55,05F0000S,05F0055S,31,251,63
2026/06/15 08:55,05F0000S,05F0055S,32,259,19
2026/06/15 08:55,05F0000S,05F0055S,41,256,10
2026/06/15 08:55,05F0000S,05F0055S,42,0,0
2026/06/15 08:55,05F0000S,05F0055S,5,0,0
2026/06/15 08:55,05F0055S,05F0287S,31,993,73
2026/06/15 08:55,05F0055S,05F0287S,32,980,30
2026/06/15 08:55,05F0055S,05F0287S,41,1054,8
2026/06/15 08:55,05F0055S,05F0287S,42,0,0
2026/06/15 08:55,05F0055S,05F0287S,5,0,0
2026/06/15 08:55,05F0287S,05F0309S,31,87,57
2026/06/15 08:55,05F0287S,05F0309S,32,89,33
2026/06/15 08:55,05F0287S,05F0309S,41,96,4
2026/06/15 08:55,05F0287S,05F0309S,42,103,1
2026/06/15 08:55,05F0287S,05F0309S,5,0,0
2026/06/15 08:55,05F0309S,05F0439S,31,476,31
2026/06/15 08:55,05F0309S,05F0439S,32,494,16
2026/06/15 08:55,05F0309S,05F0439S,41,530,6
2026/06/15 08:55,05F0309S,05F0439S,42,544,2
2026/06/15 08:55,05F0309S,05F0439S,5,516,3
2026/06/15 08:55,05F0439S,05F0494S,31,206,19
2026/06/15 08:55,05F0439S,05F0494S,32,216,13
2026/06/15 08:55,05F0439S,05F0494S,41,0,0
2026/06/15 08:55,05F0439S,05F0494S,42,0,0
2026/06/15 08:55,05F0439S,05F0494S,5,218,5
2026/06/15 09:00,05F0000S,05F0055S,31,251,54
2026/06/15 09:00,05F0000S,05F0055S,32,264,27
2026/06/15 09:00,05F0000S,05F0055S,41,257,11
2026/06/15 09:00,05F0000S,05F0055S,42,0,0
2026/06/15 09:00,05F0000S,05F0055S,5,0,0
2026/06/15 09:00,05F0055S,05F0287S,31,994,66
2026/06/15 09:00,05F0055S,05F0287S,32,998,38
2026/06/15 09:00,05F0055S,05F0287S,41,1085,2
2026/06/15 09:00,05F0055S,05F0287S,42,1045,1
2026/06/15 09:00,05F0055S,05F0287S,5,0,0
2026/06/15 09:00,05F0287S,05F0309S,31,86,55
2026/06/15 09:00,05F0287S,05F0309S,32,87,28
2026/06/15 09:00,05F0287S,05F0309S,41,95,4
2026/06/15 09:00,05F0287S,05F0309S,42,0,0
2026/06/15 09:00,05F0287S,05F0309S,5,0,0
2026/06/15 09:00,05F0309S,05F0439S,31,483,33
2026/06/15 09:00,05F0309S,05F0439S,32,476,14
2026/06/15 09:00,05F0309S,05F0439S,41,528,1
2026/06/15 09:00,05F0309S,05F0439S,42,0,0
2026/06/15 09:00,05F0309S,05F0439S,5,571,1
2026/06/15 09:00,05F0439S,05F0494S,31,208,11
2026/06/15 09:00,05F0439S,05F0494S,32,209,10
2026/06/15 09:00,05F0439S,05F0494S,41,304,3
2026/06/15 09:00,05F0439S,05F0494S,42,244,1
2026/06/15 09:00,05F0439S,05F0494S,5,214,8
2026/06/15 09:05,05F0000S,05F0055S,31,262,55
2026/06/15 09:05,05F0000S,05F0055S,32,267,30
2026/06/15 09:05,05F0000S,05F0055S,41,270,9
2026/06/15 09:05,05F0000S,05F0055S,42,269,1
2026/06/15 09:05,05F0000S,05F0055S,5,0,0
2026/06/15 09:05,05F0055S,05F0287S,31,1043,76
2026/06/15 09:05,05F0055S,05F0287S,32,1056,31
2026/06/15 09:05,05F0055S,05F0287S,41,1075,9
2026/06/15 09:05,05F0055S,05F0287S,42,0,0
2026/06/15 09:05,05F0055S,05F0287S,5,0,0
2026/06/15 09:05,05F0287S,05F0309S,31,93,40
2026/06/15 09:05,05F0287S,05F0309S,32,90,20
2026/06/15 09:05,05F0287S,05F0309S,41,94,4
2026/06/15 09:05,05F0287S,05F0309S,42,0,0
2026/06/15 09:05,05F0287S,05F0309S,5,0,0
2026/06/15 09:05,05F0309S,05F0439S,31,491,37
2026/06/15 09:05,05F0309S,05F0439S,32,495,18
2026/06/15 09:05,05F0309S,05F0439S,41,540,3
2026/06/15 09:05,05F0309S,05F0439S,42,578,1
2026/06/15 09:05,05F0309S,05F0439S,5,0,0
2026/06/15 09:05,05F0439S,05F0494S,31,212,17
2026/06/15 09:05,05F0439S,05F0494S,32,206,7
2026/06/15 09:05,05F0439S,05F0494S,41,0,0
2026/06/15 09:05,05F0439S,05F0494S,42,228,1
2026/06/15 09:05,05F0439S,05F0494S,5,211,2
2026/06/15 09:10,05F0000S,05F0055S,31,262,72
2026/06/15 09:10,05F0000S,05F0055S,32,266,29
2026/06/15 09:10,05F0000S,05F0055S,41,268,11
2026/06/15 09:10,05F0000S,05F0055S,42,0,0
2026/06/15 09:10,05F0000S,05F0055S,5,0,0
2026/06/15 09:10,05F0055S,05F0287S,31,1029,59
2026/06/15 09:10,05F0055S,05F0287S,32,1039,19
2026/06/15 09:10,05F0055S,05F0287S,41,1047,1
2026/06/15 09:10,05F0055S,05F0287S,42,0,0
2026/06/15 09:10,05F0055S,05F0287S,5,0,0
2026/06/15 09:10,05F0287S,05F0309S,31,89,66
2026/06/15 09:10,05F0287S,05F0309S,32,88,19
2026/06/15 09:10,05F0287S,05F0309S,41,92,4
2026/06/15 09:10,05F0287S,05F0309S,42,0,0
2026/06/15 09:10,05F0287S,05F0309S,5,0,0
2026/06/15 09:10,05F0309S,05F0439S,31,499,27
2026/06/15 09:10,05F0309S,05F0439S,32,497,23
2026/06/15 09:10,05F0309S,05F0439S,41,547,3
2026/06/15 09:10,05F0309S,05F0439S,42,0,0
2026/06/15 09:10,05F0309S,05F0439S,5,505,3
2026/06/15 09:10,05F0439S,05F0494S,31,212,29
2026/06/15 09:10,05F0439S,05F0494S,32,210,13
2026/06/15 09:10,05F0439S,05F0494S,41,238,1
2026/06/15 09:10,05F0439S,05F0494S,42,248,2
2026/06/15 09:10,05F0439S,05F0494S,5,0,0
2026/06/15 09:15,05F0000S,05F0055S,31,251,65
2026/06/15 09:15,05F0000S,05F0055S,32,253,32
2026/06/15 09:15,05F0000S,05F0055S,41,258,12
2026/06/15 09:15,05F0000S,05F0055S,42,0,0
2026/06/15 09:15,05F0000S,05F0055S,5,0,0
2026/06/15 09:15,05F0055S,05F0287S,31,1026,98
2026/06/15 09:15,05F0055S,05F0287S,32,1033,50
2026/06/15 09:15,05F0055S,05F0287S,41,1087,18
2026/06/15 09:15,05F0055S,05F0287S,42,0,0
2026/06/15 09:15,05F0055S,05F0287S,5,0,0
2026/06/15 09:15,05F0287S,05F0309S,31,93,67
2026/06/15 09:15,05F0287S,05F0309S,32,94,29
2026/06/15 09:15,05F0287S,05F0309S,41,96,10
2026/06/15 09:15,05F0287S,05F0309S,42,0,0
2026/06/15 09:15,05F0287S,05F0309S,5,0,0
2026/06/15 09:15,05F0309S,05F0439S,31,514,46
2026/06/15 09:15,05F0309S,05F0439S,32,504,14
2026/06/15 09:15,05F0309S,05F0439S,41,526,6
2026/06/15 09:15,05F0309S,05F0439S,42,501,1
2026/06/15 09:15,05F0309S,05F0439S,5,535,2
2026/06/15 09:15,05F0439S,05F0494S,31,212,13
2026/06/15 09:15,05F0439S,05F0494S,32,226,7
2026/06/15 09:15,05F0439S,05F0494S,41,230,1
2026/06/15 09:15,05F0439S,05F0494S,42,0,0
2026/06/15 09:15,05F0439S,05F0494S,5,235,1
2026/06/15 09:20,05F0000S,05F0055S,31,258,70
2026/06/15 09:20,05F0000S,05F0055S,32,260,23
2026/06/15 09:20,05F0000S,05F0055S,41,251,5
2026/06/15 09:20,05F0000S,05F0055S,42,0,0
2026/06/15 09:20,05F0000S,05F0055S,5,0,0
2026/06/15 09:20,05F0055S,05F0287S,31,1025,78
2026/06/15 09:20,05F0055S,05F0287S,32,1037,38
2026/06/15 09:20,05F0055S,05F0287S,41,1046,8
2026/06/15 09:20,05F0055S,05F0287S,42,0,0
2026/06/15 09:20,05F0055S,05F0287S,5,0,0
2026/06/15 09:20,05F0287S,05F0309S,31,86,63
2026/06/15 09:20,05F0287S,05F0309S,32,86,26
2026/06/15 09:20,05F0287S,05F0309S,41,94,6
2026/06/15 09:20,05F0287S,05F0309S,42,0,0
2026/06/15 09:20,05F0287S,05F0309S,5,0,0
2026/06/15 09:20,05F0309S,05F0439S,31,498,32
2026/06/15 09:20,05F0309S,05F0439S,32,529,9
2026/06/15 09:20,05F0309S,05F0439S,41,543,1
2026/06/15 09:20,05F0309S,05F0439S,42,505,1
2026/06/15 09:20,05F0309S,05F0439S,5,547,3
2026/06/15 09:20,05F0439S,05F0494S,31,210,23
2026/06/15 09:20,05F0439S,05F0494S,32,213,11
2026/06/15 09:20,05F0439S,05F0494S,41,225,1
2026/06/15 09:20,05F0439S,05F0494S,42,241,2
2026/06/15 09:20,05F0439S,05F0494S,5,222,4
2026/06/15 09:25,05F0000S,05F0055S,31,280,50
2026/06/15 09:25,05F0000S,05F0055S,32,281,26
2026/06/15 09:25,05F0000S,05F0055S,41,287,7
2026/06/15 09:25,05F0000S,05F0055S,42,0,0
2026/06/15 09:25,05F0000S,05F0055S,5,0,0
2026/06/15 09:25,05F0055S,05F0287S,31,1022,83
2026/06/15 09:25,05F0055S,05F0287S,32,1039,48
2026/06/15 09:25,05F0055S,05F0287S,41,1070,10
2026/06/15 09:25,05F0055S,05F0287S,42,0,0
2026/06/15 09:25,05F0055S,05F0287S,5,0,0
2026/06/15 09:25,05F0287S,05F0309S,31,87,59
2026/06/15 09:25,05F0287S,05F0309S,32,89,45
2026/06/15 09:25,05F0287S,05F0309S,41,95,13
2026/06/15 09:25,05F0287S,05F0309S,42,0,0
2026/06/15 09:25,05F0287S,05F0309S,5,0,0
2026/06/15 09:25,05F0309S,05F0439S,31,509,45
2026/06/15 09:25,05F0309S,05F0439S,32,510,22
2026/06/15 09:25,05F0309S,05F0439S,41,546,6
2026/06/15 09:25,05F0309S,05F0439S,42,570,1
2026/06/15 09:25,05F0309S,05F0439S,5,552,2
2026/06/15 09:25,05F0439S,05F0494S,31,210,20
2026/06/15 09:25,05F0439S,05F0494S,32,198,12
2026/06/15 09:25,05F0439S,05F0494S,41,219,2
2026/06/15 09:25,05F0439S,05F0494S,42,0,0
2026/06/15 09:25,05F0439S,05F0494S,5,240,2
2026/06/15 09:30,05F0000S,05F0055S,31,350,79
2026/06/15 09:30,05F0000S,05F0055S,32,351,32
2026/06/15 09:30,05F0000S,05F0055S,41,373,11
2026/06/15 09:30,05F0000S,05F0055S,42,1781,2
2026/06/15 09:30,05F0000S,05F0055S,5,0,0
2026/06/15 09:30,05F0055S,05F0287S,31,1046,92
2026/06/15 09:30,05F0055S,05F0287S,32,1050,46
2026/06/15 09:30,05F0055S,05F0287S,41,1088,10
2026/06/15 09:30,05F0055S,05F0287S,42,1482,1
2026/06/15 09:30,05F0055S,05F0287S,5,0,0
2026/06/15 09:30,05F0287S,05F0309S,31,86,68
2026/06/15 09:30,05F0287S,05F0309S,32,89,40
2026/06/15 09:30,05F0287S,05F0309S,41,94,8
2026/06/15 09:30,05F0287S,05F0309S,42,86,1
2026/06/15 09:30,05F0287S,05F0309S,5,0,0
2026/06/15 09:30,05F0309S,05F0439S,31,513,38
2026/06/15 09:30,05F0309S,05F0439S,32,518,21
2026/06/15 09:30,05F0309S,05F0439S,41,551,5
2026/06/15 09:30,05F0309S,05F0439S,42,583,1
2026/06/15 09:30,05F0309S,05F0439S,5,533,6
2026/06/15 09:30,05F0439S,05F0494S,31,211,14
2026/06/15 09:30,05F0439S,05F0494S,32,210,8
2026/06/15 09:30,05F0439S,05F0494S,41,231,2
2026/06/15 09:30,05F0439S,05F0494S,42,232,2
2026/06/15 09:30,05F0439S,05F0494S,5,211,5
2026/06/15 09:35,05F0000S,05F0055S,31,296,92
2026/06/15 09:35,05F0000S,05F0055S,32,307,43
2026/06/15 09:35,05F0000S,05F0055S,41,265,11
2026/06/15 09:35,05F0000S,05F0055S,42,0,0
2026/06/15 09:35,05F0000S,05F0055S,5,0,0
2026/06/15 09:35,05F0055S,05F0287S,31,1041,112
2026/06/15 09:35,05F0055S,05F0287S,32,1045,31
2026/06/15 09:35,05F0055S,05F0287S,41,1072,10
2026/06/15 09:35,05F0055S,05F0287S,42,0,0
2026/06/15 09:35,05F0055S,05F0287S,5,0,0
2026/06/15 09:35,05F0287S,05F0309S,31,89,87
2026/06/15 09:35,05F0287S,05F0309S,32,91,32
2026/06/15 09:35,05F0287S,05F0309S,41,95,12
2026/06/15 09:35,05F0287S,05F0309S,42,0,0
2026/06/15 09:35,05F0287S,05F0309S,5,0,0
2026/06/15 09:35,05F0309S,05F0439S,31,545,46
2026/06/15 09:35,05F0309S,05F0439S,32,556,28
2026/06/15 09:35,05F0309S,05F0439S,41,570,6
2026/06/15 09:35,05F0309S,05F0439S,42,604,2
2026/06/15 09:35,05F0309S,05F0439S,5,568,1
2026/06/15 09:35,05F0439S,05F0494S,31,210,30
2026/06/15 09:35,05F0439S,05F0494S,32,212,13
2026/06/15 09:35,05F0439S,05F0494S,41,0,0
2026/06/15 09:35,05F0439S,05F0494S,42,230,1
2026/06/15 09:35,05F0439S,05F0494S,5,212,3
2026/06/15 09:40,05F0000S,05F0055S,31,252,71
2026/06/15 09:40,05F0000S,05F0055S,32,253,39
2026/06/15 09:40,05F0000S,05F0055S,41,257,10
2026/06/15 09:40,05F0000S,05F0055S,42,0,0
2026/06/15 09:40,05F0000S,05F0055S,5,0,0
2026/06/15 09:40,05F0055S,05F0287S,31,1008,90
2026/06/15 09:40,05F0055S,05F0287S,32,1027,40
2026/06/15 09:40,05F0055S,05F0287S,41,1043,6
2026/06/15 09:40,05F0055S,05F0287S,42,0,0
2026/06/15 09:40,05F0055S,05F0287S,5,0,0
2026/06/15 09:40,05F0287S,05F0309S,31,88,70
2026/06/15 09:40,05F0287S,05F0309S,32,90,26
2026/06/15 09:40,05F0287S,05F0309S,41,93,4
2026/06/15 09:40,05F0287S,05F0309S,42,0,0
2026/06/15 09:40,05F0287S,05F0309S,5,0,0
2026/06/15 09:40,05F0309S,05F0439S,31,577,36
2026/06/15 09:40,05F0309S,05F0439S,32,584,22
2026/06/15 09:40,05F0309S,05F0439S,41,608,4
2026/06/15 09:40,05F0309S,05F0439S,42,634,4
2026/06/15 09:40,05F0309S,05F0439S,5,614,1
2026/06/15 09:40,05F0439S,05F0494S,31,213,14
2026/06/15 09:40,05F0439S,05F0494S,32,209,12
2026/06/15 09:40,05F0439S,05F0494S,41,268,1
2026/06/15 09:40,05F0439S,05F0494S,42,236,1
2026/06/15 09:40,05F0439S,05F0494S,5,222,2
2026/06/15 09:45,05F0000S,05F0055S,31,265,93
2026/06/15 09:45,05F0000S,05F0055S,32,262,30
2026/06/15 09:45,05F0000S,05F0055S,41,272,5
2026/06/15 09:45,05F0000S,05F0055S,42,0,0
2026/06/15 09:45,05F0000S,05F0055S,5,0,0
2026/06/15 09:45,05F0055S,05F0287S,31,1008,84
2026/06/15 09:45,05F0055S,05F0287S,32,1008,27
2026/06/15 09:45,05F0055S,05F0287S,41,1046,7
2026/06/15 09:45,05F0055S,05F0287S,42,0,0
2026/06/15 09:45,05F0055S,05F0287S,5,0,0
2026/06/15 09:45,05F0287S,05F0309S,31,88,56
2026/06/15 09:45,05F0287S,05F0309S,32,90,25
2026/06/15 09:45,05F0287S,05F0309S,41,92,7
2026/06/15 09:45,05F0287S,05F0309S,42,0,0
2026/06/15 09:45,05F0287S,05F0309S,5,0,0
2026/06/15 09:45,05F0309S,05F0439S,31,618,46
2026/06/15 09:45,05F0309S,05F0439S,32,612,15
2026/06/15 09:45,05F0309S,05F0439S,41,639,8
2026/06/15 09:45,05F0309S,05F0439S,42,0,0
2026/06/15 09:45,05F0309S,05F0439S,5,0,0
2026/06/15 09:45,05F0439S,05F0494S,31,211,20
2026/06/15 09:45,05F0439S,05F0494S,32,218,13
2026/06/15 09:45,05F0439S,05F0494S,41,212,1
2026/06/15 09:45,05F0439S,05F0494S,42,241,3
2026/06/15 09:45,05F0439S,05F0494S,5,0,0
2026/06/15 09:50,05F0000S,05F0055S,31,264,110
2026/06/15 09:50,05F0000S,05F0055S,32,261,47
2026/06/15 09:50,05F0000S,05F0055S,41,266,8
2026/06/15 09:50,05F0000S,05F0055S,42,0,0
2026/06/15 09:50,05F0000S,05F0055S,5,0,0
2026/06/15 09:50,05F0055S,05F0287S,31,1072,97
2026/06/15 09:50,05F0055S,05F0287S,32,1073,39
2026/06/15 09:50,05F0055S,05F0287S,41,1078,10
2026/06/15 09:50,05F0055S,05F0287S,42,0,0
2026/06/15 09:50,05F0055S,05F0287S,5,0,0
2026/06/15 09:50,05F0287S,05F0309S,31,86,75
2026/06/15 09:50,05F0287S,05F0309S,32,87,30
2026/06/15 09:50,05F0287S,05F0309S,41,92,7
2026/06/15 09:50,05F0287S,05F0309S,42,0,0
2026/06/15 09:50,05F0287S,05F0309S,5,0,0
2026/06/15 09:50,05F0309S,05F0439S,31,659,49
2026/06/15 09:50,05F0309S,05F0439S,32,666,15
2026/06/15 09:50,05F0309S,05F0439S,41,683,4
2026/06/15 09:50,05F0309S,05F0439S,42,0,0
2026/06/15 09:50,05F0309S,05F0439S,5,684,4
2026/06/15 09:50,05F0439S,05F0494S,31,210,25
2026/06/15 09:50,05F0439S,05F0494S,32,221,10
2026/06/15 09:50,05F0439S,05F0494S,41,0,0
2026/06/15 09:50,05F0439S,05F0494S,42,0,0
2026/06/15 09:50,05F0439S,05F0494S,5,213,1
2026/06/15 09:55,05F0000S,05F0055S,31,260,90
2026/06/15 09:55,05F0000S,05F0055S,32,264,43
2026/06/15 09:55,05F0000S,05F0055S,41,259,4
2026/06/15 09:55,05F0000S,05F0055S,42,0,0
2026/06/15 09:55,05F0000S,05F0055S,5,0,0
2026/06/15 09:55,05F0055S,05F0287S,31,1133,94
2026/06/15 09:55,05F0055S,05F0287S,32,1137,41
2026/06/15 09:55,05F0055S,05F0287S,41,1101,16
2026/06/15 09:55,05F0055S,05F0287S,42,0,0
2026/06/15 09:55,05F0055S,05F0287S,5,0,0
2026/06/15 09:55,05F0287S,05F0309S,31,89,73
2026/06/15 09:55,05F0287S,05F0309S,32,87,27
2026/06/15 09:55,05F0287S,05F0309S,41,93,10
2026/06/15 09:55,05F0287S,05F0309S,42,0,0
2026/06/15 09:55,05F0287S,05F0309S,5,0,0
2026/06/15 09:55,05F0309S,05F0439S,31,636,37
2026/06/15 09:55,05F0309S,05F0439S,32,634,19
2026/06/15 09:55,05F0309S,05F0439S,41,673,2
2026/06/15 09:55,05F0309S,05F0439S,42,0,0
2026/06/15 09:55,05F0309S,05F0439S,5,613,3
2026/06/15 09:55,05F0439S,05F0494S,31,220,10
2026/06/15 09:55,05F0439S,05F0494S,32,219,13
2026/06/15 09:55,05F0439S,05F0494S,41,0,0
2026/06/15 09:55,05F0439S,05F0494S,42,0,0
2026/06/15 09:55,05F0439S,05F0494S,5,178,2
2026/06/15 10:00,05F0000S,05F0055S,31,290,119
2026/06/15 10:00,05F0000S,05F0055S,32,291,43
2026/06/15 10:00,05F0000S,05F0055S,41,298,4
2026/06/15 10:00,05F0000S,05F0055S,42,0,0
2026/06/15 10:00,05F0000S,05F0055S,5,0,0
2026/06/15 10:00,05F0055S,05F0287S,31,1146,111
2026/06/15 10:00,05F0055S,05F0287S,32,1154,51
2026/06/15 10:00,05F0055S,05F0287S,41,1075,9
2026/06/15 10:00,05F0055S,05F0287S,42,0,0
2026/06/15 10:00,05F0055S,05F0287S,5,0,0
2026/06/15 10:00,05F0287S,05F0309S,31,87,71
2026/06/15 10:00,05F0287S,05F0309S,32,90,40
2026/06/15 10:00,05F0287S,05F0309S,41,93,9
2026/06/15 10:00,05F0287S,05F0309S,42,0,0
2026/06/15 10:00,05F0287S,05F0309S,5,0,0
2026/06/15 10:00,05F0309S,05F0439S,31,617,45
2026/06/15 10:00,05F0309S,05F0439S,32,621,23
2026/06/15 10:00,05F0309S,05F0439S,41,643,7
2026/06/15 10:00,05F0309S,05F0439S,42,664,2
2026/06/15 10:00,05F0309S,05F0439S,5,636,3
2026/06/15 10:00,05F0439S,05F0494S,31,212,21
2026/06/15 10:00,05F0439S,05F0494S,32,203,14
2026/06/15 10:00,05F0439S,05F0494S,41,0,0
2026/06/15 10:00,05F0439S,05F0494S,42,229,1
2026/06/15 10:00,05F0439S,05F0494S,5,203,3
2026/06/15 10:05,05F0000S,05F0055S,31,274,100
2026/06/15 10:05,05F0000S,05F0055S,32,272,38
2026/06/15 10:05,05F0000S,05F0055S,41,263,7
2026/06/15 10:05,05F0000S,05F0055S,42,0,0
2026/06/15 10:05,05F0000S,05F0055S,5,0,0
2026/06/15 10:05,05F0055S,05F0287S,31,1180,81
2026/06/15 10:05,05F0055S,05F0287S,32,1169,29
2026/06/15 10:05,05F0055S,05F0287S,41,1059,5
2026/06/15 10:05,05F0055S,05F0287S,42,0,0
2026/06/15 10:05,05F0055S,05F0287S,5,0,0
2026/06/15 10:05,05F0287S,05F0309S,31,87,68
2026/06/15 10:05,05F0287S,05F0309S,32,88,26
2026/06/15 10:05,05F0287S,05F0309S,41,97,4
2026/06/15 10:05,05F0287S,05F0309S,42,0,0
2026/06/15 10:05,05F0287S,05F0309S,5,0,0
2026/06/15 10:05,05F0309S,05F0439S,31,640,46
2026/06/15 10:05,05F0309S,05F0439S,32,649,19
2026/06/15 10:05,05F0309S,05F0439S,41,670,8
2026/06/15 10:05,05F0309S,05F0439S,42,683,1
2026/06/15 10:05,05F0309S,05F0439S,5,627,3
2026/06/15 10:05,05F0439S,05F0494S,31,208,21
2026/06/15 10:05,05F0439S,05F0494S,32,216,11
2026/06/15 10:05,05F0439S,05F0494S,41,207,2
2026/06/15 10:05,05F0439S,05F0494S,42,205,1
2026/06/15 10:05,05F0439S,05F0494S,5,234,2
2026/06/15 10:10,05F0000S,05F0055S,31,272,108
2026/06/15 10:10,05F0000S,05F0055S,32,267,48
2026/06/15 10:10,05F0000S,05F0055S,41,276,6
2026/06/15 10:10,05F0000S,05F0055S,42,0,0
2026/06/15 10:10,05F0000S,05F0055S,5,0,0
2026/06/15 10:10,05F0055S,05F0287S,31,1260,115
2026/06/15 10:10,05F0055S,05F0287S,32,1264,44
2026/06/15 10:10,05F0055S,05F0287S,41,1074,10
2026/06/15 10:10,05F0055S,05F0287S,42,0,0
2026/06/15 10:10,05F0055S,05F0287S,5,0,0
2026/06/15 10:10,05F0287S,05F0309S,31,90,56
2026/06/15 10:10,05F0287S,05F0309S,32,89,28
2026/06/15 10:10,05F0287S,05F0309S,41,92,8
2026/06/15 10:10,05F0287S,05F0309S,42,0,0
2026/06/15 10:10,05F0287S,05F0309S,5,0,0
2026/06/15 10:10,05F0309S,05F0439S,31,670,36
2026/06/15 10:10,05F0309S,05F0439S,32,679,21
2026/06/15 10:10,05F0309S,05F0439S,41,684,6
2026/06/15 10:10,05F0309S,05F0439S,42,718,1
2026/06/15 10:10,05F0309S,05F0439S,5,669,3
2026/06/15 10:10,05F0439S,05F0494S,31,212,20
2026/06/15 10:10,05F0439S,05F0494S,32,214,6
2026/06/15 10:10,05F0439S,05F0494S,41,221,1
2026/06/15 10:10,05F0439S,05F0494S,42,252,1
2026/06/15 10:10,05F0439S,05F0494S,5,205,4
2026/06/15 10:15,05F0000S,05F0055S,31,268,93
2026/06/15 10:15,05F0000S,05F0055S,32,268,44
2026/06/15 10:15,05F0000S,05F0055S,41,259,9
2026/06/15 10:15,05F0000S,05F0055S,42,0,0
2026/06/15 10:15,05F0000S,05F0055S,5,0,0
2026/06/15 10:15,05F0055S,05F0287S,31,1313,88
2026/06/15 10:15,05F0055S,05F0287S,32,1345,42
2026/06/15 10:15,05F0055S,05F0287S,41,1039,3
2026/06/15 10:15,05F0055S,05F0287S,42,0,0
2026/06/15 10:15,05F0055S,05F0287S,5,0,0
2026/06/15 10:15,05F0287S,05F0309S,31,87,70
2026/06/15 10:15,05F0287S,05F0309S,32,90,27
2026/06/15 10:15,05F0287S,05F0309S,41,94,3
2026/06/15 10:15,05F0287S,05F0309S,42,109,1
2026/06/15 10:15,05F0287S,05F0309S,5,0,0
2026/06/15 10:15,05F0309S,05F0439S,31,699,50
2026/06/15 10:15,05F0309S,05F0439S,32,708,23
2026/06/15 10:15,05F0309S,05F0439S,41,712,2
2026/06/15 10:15,05F0309S,05F0439S,42,748,1
2026/06/15 10:15,05F0309S,05F0439S,5,784,3
2026/06/15 10:15,05F0439S,05F0494S,31,206,18
2026/06/15 10:15,05F0439S,05F0494S,32,207,9
2026/06/15 10:15,05F0439S,05F0494S,41,0,0
2026/06/15 10:15,05F0439S,05F0494S,42,244,1
2026/06/15 10:15,05F0439S,05F0494S,5,225,4
2026/06/15 10:20,05F0000S,05F0055S,31,270,114
2026/06/15 10:20,05F0000S,05F0055S,32,272,41
2026/06/15 10:20,05F0000S,05F0055S,41,274,3
2026/06/15 10:20,05F0000S,05F0055S,42,0,0
2026/06/15 10:20,05F0000S,05F0055S,5,0,0
2026/06/15 10:20,05F0055S,05F0287S,31,1390,93
2026/06/15 10:20,05F0055S,05F0287S,32,1401,37
2026/06/15 10:20,05F0055S,05F0287S,41,1086,7
2026/06/15 10:20,05F0055S,05F0287S,42,0,0
2026/06/15 10:20,05F0055S,05F0287S,5,0,0
2026/06/15 10:20,05F0287S,05F0309S,31,90,62
2026/06/15 10:20,05F0287S,05F0309S,32,91,36
2026/06/15 10:20,05F0287S,05F0309S,41,92,4
2026/06/15 10:20,05F0287S,05F0309S,42,0,0
2026/06/15 10:20,05F0287S,05F0309S,5,0,0
2026/06/15 10:20,05F0309S,05F0439S,31,653,50
2026/06/15 10:20,05F0309S,05F0439S,32,686,15
2026/06/15 10:20,05F0309S,05F0439S,41,705,4
2026/06/15 10:20,05F0309S,05F0439S,42,759,1
2026/06/15 10:20,05F0309S,05F0439S,5,651,2
2026/06/15 10:20,05F0439S,05F0494S,31,210,30
2026/06/15 10:20,05F0439S,05F0494S,32,209,13
2026/06/15 10:20,05F0439S,05F0494S,41,0,0
2026/06/15 10:20,05F0439S,05F0494S,42,0,0
2026/06/15 10:20,05F0439S,05F0494S,5,220,2
2026/06/15 10:25,05F0000S,05F0055S,31,293,127
2026/06/15 10:25,05F0000S,05F0055S,32,295,39
2026/06/15 10:25,05F0000S,05F0055S,41,287,8
2026/06/15 10:25,05F0000S,05F0055S,42,1922,1
2026/06/15 10:25,05F0000S,05F0055S,5,0,0
2026/06/15 10:25,05F0055S,05F0287S,31,1500,80
2026/06/15 10:25,05F0055S,05F0287S,32,1502,30
2026/06/15 10:25,05F0055S,05F0287S,41,1158,3
2026/06/15 10:25,05F0055S,05F0287S,42,0,0
2026/06/15 10:25,05F0055S,05F0287S,5,0,0
2026/06/15 10:25,05F0287S,05F0309S,31,87,57
2026/06/15 10:25,05F0287S,05F0309S,32,87,34
2026/06/15 10:25,05F0287S,05F0309S,41,96,4
2026/06/15 10:25,05F0287S,05F0309S,42,1027,1
2026/06/15 10:25,05F0287S,05F0309S,5,0,0
2026/06/15 10:25,05F0309S,05F0439S,31,652,49
2026/06/15 10:25,05F0309S,05F0439S,32,653,22
2026/06/15 10:25,05F0309S,05F0439S,41,709,4
2026/06/15 10:25,05F0309S,05F0439S,42,687,2
2026/06/15 10:25,05F0309S,05F0439S,5,672,4
2026/06/15 10:25,05F0439S,05F0494S,31,201,26
2026/06/15 10:25,05F0439S,05F0494S,32,208,13
2026/06/15 10:25,05F0439S,05F0494S,41,221,1
2026/06/15 10:25,05F0439S,05F0494S,42,0,0
2026/06/15 10:25,05F0439S,05F0494S,5,209,4
2026/06/15 10:30,05F0000S,05F0055S,31,317,117
2026/06/15 10:30,05F0000S,05F0055S,32,324,51
2026/06/15 10:30,05F0000S,05F0055S,41,316,2
2026/06/15 10:30,05F0000S,05F0055S,42,0,0
2026/06/15 10:30,05F0000S,05F0055S,5,0,0
2026/06/15 10:30,05F0055S,05F0287S,31,1579,104
2026/06/15 10:30,05F0055S,05F0287S,32,1582,42
2026/06/15 10:30,05F0055S,05F0287S,41,1301,4
2026/06/15 10:30,05F0055S,05F0287S,42,0,0
2026/06/15 10:30,05F0055S,05F0287S,5,0,0
2026/06/15 10:30,05F0287S,05F0309S,31,89,63
2026/06/15 10:30,05F0287S,05F0309S,32,91,24
2026/06/15 10:30,05F0287S,05F0309S,41,96,3
2026/06/15 10:30,05F0287S,05F0309S,42,0,0
2026/06/15 10:30,05F0287S,05F0309S,5,0,0
2026/06/15 10:30,05F0309S,05F0439S,31,639,35
2026/06/15 10:30,05F0309S,05F0439S,32,648,20
2026/06/15 10:30,05F0309S,05F0439S,41,660,2
2026/06/15 10:30,05F0309S,05F0439S,42,696,2
2026/06/15 10:30,05F0309S,05F0439S,5,642,4
2026/06/15 10:30,05F0439S,05F0494S,31,211,24
2026/06/15 10:30,05F0439S,05F0494S,32,211,16
2026/06/15 10:30,05F0439S,05F0494S,41,0,0
2026/06/15 10:30,05F0439S,05F0494S,42,284,1
2026/06/15 10:30,05F0439S,05F0494S,5,206,1
2026/06/15 10:35,05F0000S,05F0055S,31,286,124
2026/06/15 10:35,05F0000S,05F0055S,32,287,47
2026/06/15 10:35,05F0000S,05F0055S,41,286,8
2026/06/15 10:35,05F0000S,05F0055S,42,0,0
2026/06/15 10:35,05F0000S,05F0055S,5,0,0
2026/06/15 10:35,05F0055S,05F0287S,31,1601,104
2026/06/15 10:35,05F0055S,05F0287S,32,1601,48
2026/06/15 10:35,05F0055S,05F0287S,41,1364,7
2026/06/15 10:35,05F0055S,05F0287S,42,0,0
2026/06/15 10:35,05F0055S,05F0287S,5,0,0
2026/06/15 10:35,05F0287S,05F0309S,31,89,79
2026/06/15 10:35,05F0287S,05F0309S,32,91,46
2026/06/15 10:35,05F0287S,05F0309S,41,91,5
2026/06/15 10:35,05F0287S,05F0309S,42,0,0
2026/06/15 10:35,05F0287S,05F0309S,5,0,0
2026/06/15 10:35,05F0309S,05F0439S,31,593,42
2026/06/15 10:35,05F0309S,05F0439S,32,632,25
2026/06/15 10:35,05F0309S,05F0439S,41,632,5
2026/06/15 10:35,05F0309S,05F0439S,42,609,2
2026/06/15 10:35,05F0309S,05F0439S,5,662,7
2026/06/15 10:35,05F0439S,05F0494S,31,209,30
2026/06/15 10:35,05F0439S,05F0494S,32,217,18
2026/06/15 10:35,05F0439S,05F0494S,41,192,1
2026/06/15 10:35,05F0439S,05F0494S,42,0,0
2026/06/15 10:35,05F0439S,05F0494S,5,226,4
2026/06/15 10:40,05F0000S,05F0055S,31,288,149
2026/06/15 10:40,05F0000S,05F0055S,32,287,31
2026/06/15 10:40,05F0000S,05F0055S,41,278,6
2026/06/15 10:40,05F0000S,05F0055S,42,0,0
2026/06/15 10:40,05F0000S,05F0055S,5,0,0
2026/06/15 10:40,05F0055S,05F0287S,31,1683,104
2026/06/15 10:40,05F0055S,05F0287S,32,1680,29
2026/06/15 10:40,05F0055S,05F0287S,41,1464,6
2026/06/15 10:40,05F0055S,05F0287S,42,0,0
2026/06/15 10:40,05F0055S,05F0287S,5,0,0
2026/06/15 10:40,05F0287S,05F0309S,31,91,57
2026/06/15 10:40,05F0287S,05F0309S,32,95,17
2026/06/15 10:40,05F0287S,05F0309S,41,95,2
2026/06/15 10:40,05F0287S,05F0309S,42,0,0
2026/06/15 10:40,05F0287S,05F0309S,5,0,0
2026/06/15 10:40,05F0309S,05F0439S,31,569,46
2026/06/15 10:40,05F0309S,05F0439S,32,582,14
2026/06/15 10:40,05F0309S,05F0439S,41,589,1
2026/06/15 10:40,05F0309S,05F0439S,42,689,1
2026/06/15 10:40,05F0309S,05F0439S,5,628,7
2026/06/15 10:40,05F0439S,05F0494S,31,190,23
2026/06/15 10:40,05F0439S,05F0494S,32,214,11
2026/06/15 10:40,05F0439S,05F0494S,41,0,0
2026/06/15 10:40,05F0439S,05F0494S,42,217,1
2026/06/15 10:40,05F0439S,05F0494S,5,223,1
2026/06/15 10:45,05F0000S,05F0055S,31,277,136
2026/06/15 10:45,05F0000S,05F0055S,32,277,47
2026/06/15 10:45,05F0000S,05F0055S,41,270,8
2026/06/15 10:45,05F0000S,05F0055S,42,0,0
2026/06/15 10:45,05F0000S,05F0055S,5,0,0
2026/06/15 10:45,05F0055S,05F0287S,31,1681,123
2026/06/15 10:45,05F0055S,05F0287S,32,1686,52
2026/06/15 10:45,05F0055S,05F0287S,41,1515,2
2026/06/15 10:45,05F0055S,05F0287S,42,0,0
2026/06/15 10:45,05F0055S,05F0287S,5,0,0
2026/06/15 10:45,05F0287S,05F0309S,31,97,78
2026/06/15 10:45,05F0287S,05F0309S,32,99,38
2026/06/15 10:45,05F0287S,05F0309S,41,92,3
2026/06/15 10:45,05F0287S,05F0309S,42,0,0
2026/06/15 10:45,05F0287S,05F0309S,5,0,0
2026/06/15 10:45,05F0309S,05F0439S,31,600,51
2026/06/15 10:45,05F0309S,05F0439S,32,620,30
2026/06/15 10:45,05F0309S,05F0439S,41,652,2
2026/06/15 10:45,05F0309S,05F0439S,42,0,0
2026/06/15 10:45,05F0309S,05F0439S,5,623,3
2026/06/15 10:45,05F0439S,05F0494S,31,207,27
2026/06/15 10:45,05F0439S,05F0494S,32,215,9
2026/06/15 10:45,05F0439S,05F0494S,41,0,0
2026/06/15 10:45,05F0439S,05F0494S,42,0,0
2026/06/15 10:45,05F0439S,05F0494S,5,223,5
2026/06/15 10:50,05F0000S,05F0055S,31,289,146
2026/06/15 10:50,05F0000S,05F0055S,32,287,47
2026/06/15 10:50,05F0000S,05F0055S,41,280,10
2026/06/15 10:50,05F0000S,05F0055S,42,0,0
2026/06/15 10:50,05F0000S,05F0055S,5,0,0
2026/06/15 10:50,05F0055S,05F0287S,31,1675,140
2026/06/15 10:50,05F0055S,05F0287S,32,1678,39
2026/06/15 10:50,05F0055S,05F0287S,41,1608,4
2026/06/15 10:50,05F0055S,05F0287S,42,0,0
2026/06/15 10:50,05F0055S,05F0287S,5,0,0
2026/06/15 10:50,05F0287S,05F0309S,31,133,67
2026/06/15 10:50,05F0287S,05F0309S,32,146,19
2026/06/15 10:50,05F0287S,05F0309S,41,147,1
2026/06/15 10:50,05F0287S,05F0309S,42,0,0
2026/06/15 10:50,05F0287S,05F0309S,5,0,0
2026/06/15 10:50,05F0309S,05F0439S,31,600,50
2026/06/15 10:50,05F0309S,05F0439S,32,630,14
2026/06/15 10:50,05F0309S,05F0439S,41,650,4
2026/06/15 10:50,05F0309S,05F0439S,42,0,0
2026/06/15 10:50,05F0309S,05F0439S,5,669,7
2026/06/15 10:50,05F0439S,05F0494S,31,196,23
2026/06/15 10:50,05F0439S,05F0494S,32,207,12
2026/06/15 10:50,05F0439S,05F0494S,41,231,1
2026/06/15 10:50,05F0439S,05F0494S,42,0,0
2026/06/15 10:50,05F0439S,05F0494S,5,220,4
2026/06/15 10:55,05F0000S,05F0055S,31,273,134
2026/06/15 10:55,05F0000S,05F0055S,32,279,48
2026/06/15 10:55,05F0000S,05F0055S,41,267,3
2026/06/15 10:55,05F0000S,05F0055S,42,0,0
2026/06/15 10:55,05F0000S,05F0055S,5,0,0
2026/06/15 10:55,05F0055S,05F0287S,31,1683,128
2026/06/15 10:55,05F0055S,05F0287S,32,1682,47
2026/06/15 10:55,05F0055S,05F0287S,41,1640,7
2026/06/15 10:55,05F0055S,05F0287S,42,0,0
2026/06/15 10:55,05F0055S,05F0287S,5,0,0
2026/06/15 10:55,05F0287S,05F0309S,31,177,98
2026/06/15 10:55,05F0287S,05F0309S,32,180,36
2026/06/15 10:55,05F0287S,05F0309S,41,188,5
2026/06/15 10:55,05F0287S,05F0309S,42,0,0
2026/06/15 10:55,05F0287S,05F0309S,5,0,0
2026/06/15 10:55,05F0309S,05F0439S,31,622,46
2026/06/15 10:55,05F0309S,05F0439S,32,623,27
2026/06/15 10:55,05F0309S,05F0439S,41,639,2
2026/06/15 10:55,05F0309S,05F0439S,42,0,0
2026/06/15 10:55,05F0309S,05F0439S,5,658,5
2026/06/15 10:55,05F0439S,05F0494S,31,206,22
2026/06/15 10:55,05F0439S,05F0494S,32,215,8
2026/06/15 10:55,05F0439S,05F0494S,41,231,1
2026/06/15 10:55,05F0439S,05F0494S,42,0,0
2026/06/15 10:55,05F0439S,05F0494S,5,211,9
2026/06/15 11:00,05F0000S,05F0055S,31,283,116
2026/06/15 11:00,05F0000S,05F0055S,32,285,57
2026/06/15 11:00,05F0000S,05F0055S,41,282,5
2026/06/15 11:00,05F0000S,05F0055S,42,0,0
2026/06/15 11:00,05F0000S,05F0055S,5,0,0
2026/06/15 11:00,05F0055S,05F0287S,31,1664,146
2026/06/15 11:00,05F0055S,05F0287S,32,1670,64
2026/06/15 11:00,05F0055S,05F0287S,41,1622,6
2026/06/15 11:00,05F0055S,05F0287S,42,0,0
2026/06/15 11:00,05F0055S,05F0287S,5,0,0
2026/06/15 11:00,05F0287S,05F0309S,31,135,107
2026/06/15 11:00,05F0287S,05F0309S,32,139,44
2026/06/15 11:00,05F0287S,05F0309S,41,150,6
2026/06/15 11:00,05F0287S,05F0309S,42,0,0
2026/06/15 11:00,05F0287S,05F0309S,5,0,0
2026/06/15 11:00,05F0309S,05F0439S,31,629,47
2026/06/15 11:00,05F0309S,05F0439S,32,640,15
2026/06/15 11:00,05F0309S,05F0439S,41,650,2
2026/06/15 11:00,05F0309S,05F0439S,42,688,1
2026/06/15 11:00,05F0309S,05F0439S,5,646,7
2026/06/15 11:00,05F0439S,05F0494S,31,201,32
2026/06/15 11:00,05F0439S,05F0494S,32,207,18
2026/06/15 11:00,05F0439S,05F0494S,41,240,1
2026/06/15 11:00,05F0439S,05F0494S,42,236,1
2026/06/15 11:00,05F0439S,05F0494S,5,213,2
2026/06/15 11:05,05F0000S,05F0055S,31,274,119
2026/06/15 11:05,05F0000S,05F0055S,32,279,57
2026/06/15 11:05,05F0000S,05F0055S,41,274,4
2026/06/15 11:05,05F0000S,05F0055S,42,0,0
2026/06/15 11:05,05F0000S,05F0055S,5,0,0
2026/06/15 11:05,05F0055S,05F0287S,31,1640,153
2026/06/15 11:05,05F0055S,05F0287S,32,1646,44
2026/06/15 11:05,05F0055S,05F0287S,41,1621,8
2026/06/15 11:05,05F0055S,05F0287S,42,0,0
2026/06/15 11:05,05F0055S,05F0287S,5,0,0
2026/06/15 11:05,05F0287S,05F0309S,31,146,104
2026/06/15 11:05,05F0287S,05F0309S,32,148,38
2026/06/15 11:05,05F0287S,05F0309S,41,144,4
2026/06/15 11:05,05F0287S,05F0309S,42,1369,2
2026/06/15 11:05,05F0287S,05F0309S,5,0,0
2026/06/15 11:05,05F0309S,05F0439S,31,631,48
2026/06/15 11:05,05F0309S,05F0439S,32,650,20
2026/06/15 11:05,05F0309S,05F0439S,41,639,2
2026/06/15 11:05,05F0309S,05F0439S,42,695,2
2026/06/15 11:05,05F0309S,05F0439S,5,662,4
2026/06/15 11:05,05F0439S,05F0494S,31,209,18
2026/06/15 11:05,05F0439S,05F0494S,32,206,12
2026/06/15 11:05,05F0439S,05F0494S,41,207,1
2026/06/15 11:05,05F0439S,05F0494S,42,233,1
2026/06/15 11:05,05F0439S,05F0494S,5,207,5
2026/06/15 11:10,05F0000S,05F0055S,31,268,135
2026/06/15 11:10,05F0000S,05F0055S,32,272,33
2026/06/15 11:10,05F0000S,05F0055S,41,280,4
2026/06/15 11:10,05F0000S,05F0055S,42,505,1
2026/06/15 11:10,05F0000S,05F0055S,5,0,0
2026/06/15 11:10,05F0055S,05F0287S,31,1655,162
2026/06/15 11:10,05F0055S,05F0287S,32,1660,41
2026/06/15 11:10,05F0055S,05F0287S,41,1583,5
2026/06/15 11:10,05F0055S,05F0287S,42,0,0
2026/06/15 11:10,05F0055S,05F0287S,5,0,0
2026/06/15 11:10,05F0287S,05F0309S,31,111,110
2026/06/15 11:10,05F0287S,05F0309S,32,119,30
2026/06/15 11:10,05F0287S,05F0309S,41,165,8
2026/06/15 11:10,05F0287S,05F0309S,42,0,0
2026/06/15 11:10,05F0287S,05F0309S,5,0,0
2026/06/15 11:10,05F0309S,05F0439S,31,715,54
2026/06/15 11:10,05F0309S,05F0439S,32,721,14
2026/06/15 11:10,05F0309S,05F0439S,41,720,5
2026/06/15 11:10,05F0309S,05F0439S,42,738,1
2026/06/15 11:10,05F0309S,05F0439S,5,707,3
2026/06/15 11:10,05F0439S,05F0494S,31,201,22
2026/06/15 11:10,05F0439S,05F0494S,32,210,3
2026/06/15 11:10,05F0439S,05F0494S,41,225,1
2026/06/15 11:10,05F0439S,05F0494S,42,242,2
2026/06/15 11:10,05F0439S,05F0494S,5,213,6
2026/06/15 11:15,05F0000S,05F0055S,31,268,134
2026/06/15 11:15,05F0000S,05F0055S,32,265,30
2026/06/15 11:15,05F0000S,05F0055S,41,256,5
2026/06/15 11:15,05F0000S,05F0055S,42,0,0
2026/06/15 11:15,05F0000S,05F0055S,5,0,0
2026/06/15 11:15,05F0055S,05F0287S,31,1661,137
2026/06/15 11:15,05F0055S,05F0287S,32,1661,51
2026/06/15 11:15,05F0055S,05F0287S,41,1605,13
2026/06/15 11:15,05F0055S,05F0287S,42,0,0
2026/06/15 11:15,05F0055S,05F0287S,5,0,0
2026/06/15 11:15,05F0287S,05F0309S,31,91,85
2026/06/15 11:15,05F0287S,05F0309S,32,90,37
2026/06/15 11:15,05F0287S,05F0309S,41,91,4
2026/06/15 11:15,05F0287S,05F0309S,42,0,0
2026/06/15 11:15,05F0287S,05F0309S,5,0,0
2026/06/15 11:15,05F0309S,05F0439S,31,796,41
2026/06/15 11:15,05F0309S,05F0439S,32,810,26
2026/06/15 11:15,05F0309S,05F0439S,41,829,2
2026/06/15 11:15,05F0309S,05F0439S,42,813,1
2026/06/15 11:15,05F0309S,05F0439S,5,755,5
2026/06/15 11:15,05F0439S,05F0494S,31,205,34
2026/06/15 11:15,05F0439S,05F0494S,32,220,8
2026/06/15 11:15,05F0439S,05F0494S,41,0,0
2026/06/15 11:15,05F0439S,05F0494S,42,243,1
2026/06/15 11:15,05F0439S,05F0494S,5,203,6
2026/06/15 11:20,05F0000S,05F0055S,31,258,121
2026/06/15 11:20,05F0000S,05F0055S,32,262,40
2026/06/15 11:20,05F0000S,05F0055S,41,249,3
2026/06/15 11:20,05F0000S,05F0055S,42,0,0
2026/06/15 11:20,05F0000S,05F0055S,5,0,0
2026/06/15 11:20,05F0055S,05F0287S,31,1674,164
2026/06/15 11:20,05F0055S,05F0287S,32,1686,59
2026/06/15 11:20,05F0055S,05F0287S,41,1593,5
2026/06/15 11:20,05F0055S,05F0287S,42,0,0
2026/06/15 11:20,05F0055S,05F0287S,5,0,0
2026/06/15 11:20,05F0287S,05F0309S,31,93,95
2026/06/15 11:20,05F0287S,05F0309S,32,93,28
2026/06/15 11:20,05F0287S,05F0309S,41,101,8
2026/06/15 11:20,05F0287S,05F0309S,42,0,0
2026/06/15 11:20,05F0287S,05F0309S,5,0,0
2026/06/15 11:20,05F0309S,05F0439S,31,862,51
2026/06/15 11:20,05F0309S,05F0439S,32,880,16
2026/06/15 11:20,05F0309S,05F0439S,41,897,1
2026/06/15 11:20,05F0309S,05F0439S,42,937,2
2026/06/15 11:20,05F0309S,05F0439S,5,918,6
2026/06/15 11:20,05F0439S,05F0494S,31,209,30
2026/06/15 11:20,05F0439S,05F0494S,32,210,16
2026/06/15 11:20,05F0439S,05F0494S,41,217,1
2026/06/15 11:20,05F0439S,05F0494S,42,0,0
2026/06/15 11:20,05F0439S,05F0494S,5,225,2
2026/06/15 11:25,05F0000S,05F0055S,31,265,134
2026/06/15 11:25,05F0000S,05F0055S,32,277,28
2026/06/15 11:25,05F0000S,05F0055S,41,264,4
2026/06/15 11:25,05F0000S,05F0055S,42,0,0
2026/06/15 11:25,05F0000S,05F0055S,5,0,0
2026/06/15 11:25,05F0055S,05F0287S,31,1638,152
2026/06/15 11:25,05F0055S,05F0287S,32,1642,65
2026/06/15 11:25,05F0055S,05F0287S,41,2438,2
2026/06/15 11:25,05F0055S,05F0287S,42,0,0
2026/06/15 11:25,05F0055S,05F0287S,5,0,0
2026/06/15 11:25,05F0287S,05F0309S,31,99,84
2026/06/15 11:25,05F0287S,05F0309S,32,101,43
2026/06/15 11:25,05F0287S,05F0309S,41,104,1
2026/06/15 11:25,05F0287S,05F0309S,42,0,0
2026/06/15 11:25,05F0287S,05F0309S,5,0,0
2026/06/15 11:25,05F0309S,05F0439S,31,937,59
2026/06/15 11:25,05F0309S,05F0439S,32,950,17
2026/06/15 11:25,05F0309S,05F0439S,41,1047,5
2026/06/15 11:25,05F0309S,05F0439S,42,1014,2
2026/06/15 11:25,05F0309S,05F0439S,5,1005,7
2026/06/15 11:25,05F0439S,05F0494S,31,209,33
2026/06/15 11:25,05F0439S,05F0494S,32,212,11
2026/06/15 11:25,05F0439S,05F0494S,41,220,1
2026/06/15 11:25,05F0439S,05F0494S,42,0,0
2026/06/15 11:25,05F0439S,05F0494S,5,216,7
2026/06/15 11:30,05F0000S,05F0055S,31,258,107
2026/06/15 11:30,05F0000S,05F0055S,32,256,27
2026/06/15 11:30,05F0000S,05F0055S,41,257,3
2026/06/15 11:30,05F0000S,05F0055S,42,0,0
2026/06/15 11:30,05F0000S,05F0055S,5,0,0
2026/06/15 11:30,05F0055S,05F0287S,31,1633,119
2026/06/15 11:30,05F0055S,05F0287S,32,1634,50
2026/06/15 11:30,05F0055S,05F0287S,41,1564,8
2026/06/15 11:30,05F0055S,05F0287S,42,0,0
2026/06/15 11:30,05F0055S,05F0287S,5,0,0
2026/06/15 11:30,05F0287S,05F0309S,31,102,83
2026/06/15 11:30,05F0287S,05F0309S,32,101,37
2026/06/15 11:30,05F0287S,05F0309S,41,102,4
2026/06/15 11:30,05F0287S,05F0309S,42,0,0
2026/06/15 11:30,05F0287S,05F0309S,5,0,0
2026/06/15 11:30,05F0309S,05F0439S,31,1030,46
2026/06/15 11:30,05F0309S,05F0439S,32,1036,18
2026/06/15 11:30,05F0309S,05F0439S,41,1064,4
2026/06/15 11:30,05F0309S,05F0439S,42,0,0
2026/06/15 11:30,05F0309S,05F0439S,5,1047,3
2026/06/15 11:30,05F0439S,05F0494S,31,205,30
2026/06/15 11:30,05F0439S,05F0494S,32,201,5
2026/06/15 11:30,05F0439S,05F0494S,41,221,3
2026/06/15 11:30,05F0439S,05F0494S,42,213,3
2026/06/15 11:30,05F0439S,05F0494S,5,223,7
2026/06/15 11:35,05F0000S,05F0055S,31,253,100
2026/06/15 11:35,05F0000S,05F0055S,32,257,34
2026/06/15 11:35,05F0000S,05F0055S,41,254,2
2026/06/15 11:35,05F0000S,05F0055S,42,0,0
2026/06/15 11:35,05F0000S,05F0055S,5,0,0
2026/06/15 11:35,05F0055S,05F0287S,31,1635,146
2026/06/15 11:35,05F0055S,05F0287S,32,1655,47
2026/06/15 11:35,05F0055S,05F0287S,41,1596,1
2026/06/15 11:35,05F0055S,05F0287S,42,1596,1
2026/06/15 11:35,05F0055S,05F0287S,5,0,0
2026/06/15 11:35,05F0287S,05F0309S,31,94,81
2026/06/15 11:35,05F0287S,05F0309S,32,95,29
2026/06/15 11:35,05F0287S,05F0309S,41,107,3
2026/06/15 11:35,05F0287S,05F0309S,42,0,0
2026/06/15 11:35,05F0287S,05F0309S,5,0,0
2026/06/15 11:35,05F0309S,05F0439S,31,1107,44
2026/06/15 11:35,05F0309S,05F0439S,32,1098,23
2026/06/15 11:35,05F0309S,05F0439S,41,1155,1
2026/06/15 11:35,05F0309S,05F0439S,42,1106,1
2026/06/15 11:35,05F0309S,05F0439S,5,1150,8
2026/06/15 11:35,05F0439S,05F0494S,31,209,23
2026/06/15 11:35,05F0439S,05F0494S,32,212,20
2026/06/15 11:35,05F0439S,05F0494S,41,0,0
2026/06/15 11:35,05F0439S,05F0494S,42,1551,1
2026/06/15 11:35,05F0439S,05F0494S,5,200,4
2026/06/15 11:40,05F0000S,05F0055S,31,258,105
2026/06/15 11:40,05F0000S,05F0055S,32,257,48
2026/06/15 11:40,05F0000S,05F0055S,41,253,7
2026/06/15 11:40,05F0000S,05F0055S,42,0,0
2026/06/15 11:40,05F0000S,05F0055S,5,0,0
2026/06/15 11:40,05F0055S,05F0287S,31,1591,161
2026/06/15 11:40,05F0055S,05F0287S,32,1599,48
2026/06/15 11:40,05F0055S,05F0287S,41,1612,8
2026/06/15 11:40,05F0055S,05F0287S,42,0,0
2026/06/15 11:40,05F0055S,05F0287S,5,0,0
2026/06/15 11:40,05F0287S,05F0309S,31,112,85
2026/06/15 11:40,05F0287S,05F0309S,32,116,34
2026/06/15 11:40,05F0287S,05F0309S,41,127,2
2026/06/15 11:40,05F0287S,05F0309S,42,0,0
2026/06/15 11:40,05F0287S,05F0309S,5,0,0
2026/06/15 11:40,05F0309S,05F0439S,31,1169,55
2026/06/15 11:40,05F0309S,05F0439S,32,1179,17
2026/06/15 11:40,05F0309S,05F0439S,41,1165,3
2026/06/15 11:40,05F0309S,05F0439S,42,0,0
2026/06/15 11:40,05F0309S,05F0439S,5,1181,6
2026/06/15 11:40,05F0439S,05F0494S,31,205,25
2026/06/15 11:40,05F0439S,05F0494S,32,208,11
2026/06/15 11:40,05F0439S,05F0494S,41,0,0
2026/06/15 11:40,05F0439S,05F0494S,42,0,0
2026/06/15 11:40,05F0439S,05F0494S,5,216,5
2026/06/15 11:45,05F0000S,05F0055S,31,250,93
2026/06/15 11:45,05F0000S,05F0055S,32,246,24
2026/06/15 11:45,05F0000S,05F0055S,41,249,3
2026/06/15 11:45,05F0000S,05F0055S,42,0,0
2026/06/15 11:45,05F0000S,05F0055S,5,0,0
2026/06/15 11:45,05F0055S,05F0287S,31,1525,164
2026/06/15 11:45,05F0055S,05F0287S,32,1533,49
2026/06/15 11:45,05F0055S,05F0287S,41,1493,5
2026/06/15 11:45,05F0055S,05F0287S,42,0,0
2026/06/15 11:45,05F0055S,05F0287S,5,0,0
2026/06/15 11:45,05F0287S,05F0309S,31,122,72
2026/06/15 11:45,05F0287S,05F0309S,32,135,25
2026/06/15 11:45,05F0287S,05F0309S,41,141,6
2026/06/15 11:45,05F0287S,05F0309S,42,0,0
2026/06/15 11:45,05F0287S,05F0309S,5,0,0
2026/06/15 11:45,05F0309S,05F0439S,31,1211,55
2026/06/15 11:45,05F0309S,05F0439S,32,1222,20
2026/06/15 11:45,05F0309S,05F0439S,41,0,0
2026/06/15 11:45,05F0309S,05F0439S,42,0,0
2026/06/15 11:45,05F0309S,05F0439S,5,1221,4
2026/06/15 11:45,05F0439S,05F0494S,31,208,26
2026/06/15 11:45,05F0439S,05F0494S,32,214,7
2026/06/15 11:45,05F0439S,05F0494S,41,0,0
2026/06/15 11:45,05F0439S,05F0494S,42,0,0
2026/06/15 11:45,05F0439S,05F0494S,5,210,5
2026/06/15 11:50,05F0000S,05F0055S,31,259,92
2026/06/15 11:50,05F0000S,05F0055S,32,256,18
2026/06/15 11:50,05F0000S,05F0055S,41,256,4
2026/06/15 11:50,05F0000S,05F0055S,42,0,0
2026/06/15 11:50,05F0000S,05F0055S,5,0,0
2026/06/15 11:50,05F0055S,05F0287S,31,1447,184
2026/06/15 11:50,05F0055S,05F0287S,32,1453,35
2026/06/15 11:50,05F0055S,05F0287S,41,1452,3
2026/06/15 11:50,05F0055S,05F0287S,42,0,0
2026/06/15 11:50,05F0055S,05F0287S,5,0,0
2026/06/15 11:50,05F0287S,05F0309S,31,209,70
2026/06/15 11:50,05F0287S,05F0309S,32,226,21
2026/06/15 11:50,05F0287S,05F0309S,41,272,3
2026/06/15 11:50,05F0287S,05F0309S,42,0,0
2026/06/15 11:50,05F0287S,05F0309S,5,0,0
2026/06/15 11:50,05F0309S,05F0439S,31,1232,38
2026/06/15 11:50,05F0309S,05F0439S,32,1247,21
2026/06/15 11:50,05F0309S,05F0439S,41,1272,3
2026/06/15 11:50,05F0309S,05F0439S,42,0,0
2026/06/15 11:50,05F0309S,05F0439S,5,1266,2
2026/06/15 11:50,05F0439S,05F0494S,31,206,31
2026/06/15 11:50,05F0439S,05F0494S,32,210,12
2026/06/15 11:50,05F0439S,05F0494S,41,0,0
2026/06/15 11:50,05F0439S,05F0494S,42,0,0
2026/06/15 11:50,05F0439S,05F0494S,5,201,4
2026/06/15 11:55,05F0000S,05F0055S,31,257,106
2026/06/15 11:55,05F0000S,05F0055S,32,256,33
2026/06/15 11:55,05F0000S,05F0055S,41,264,3
2026/06/15 11:55,05F0000S,05F0055S,42,0,0
2026/06/15 11:55,05F0000S,05F0055S,5,0,0
2026/06/15 11:55,05F0055S,05F0287S,31,1309,178
2026/06/15 11:55,05F0055S,05F0287S,32,1301,52
2026/06/15 11:55,05F0055S,05F0287S,41,1345,5
2026/06/15 11:55,05F0055S,05F0287S,42,0,0
2026/06/15 11:55,05F0055S,05F0287S,5,0,0
2026/06/15 11:55,05F0287S,05F0309S,31,278,92
2026/06/15 11:55,05F0287S,05F0309S,32,278,21
2026/06/15 11:55,05F0287S,05F0309S,41,285,3
2026/06/15 11:55,05F0287S,05F0309S,42,0,0
2026/06/15 11:55,05F0287S,05F0309S,5,0,0
2026/06/15 11:55,05F0309S,05F0439S,31,1248,63
2026/06/15 11:55,05F0309S,05F0439S,32,1264,29
2026/06/15 11:55,05F0309S,05F0439S,41,0,0
2026/06/15 11:55,05F0309S,05F0439S,42,0,0
2026/06/15 11:55,05F0309S,05F0439S,5,1362,3
2026/06/15 11:55,05F0439S,05F0494S,31,204,33
2026/06/15 11:55,05F0439S,05F0494S,32,199,14
2026/06/15 11:55,05F0439S,05F0494S,41,0,0
2026/06/15 11:55,05F0439S,05F0494S,42,0,0
2026/06/15 11:55,05F0439S,05F0494S,5,200,4
2026/06/15 12:00,05F0000S,05F0055S,31,267,101
2026/06/15 12:00,05F0000S,05F0055S,32,273,35
2026/06/15 12:00,05F0000S,05F0055S,41,258,4
2026/06/15 12:00,05F0000S,05F0055S,42,0,0
2026/06/15 12:00,05F0000S,05F0055S,5,0,0
2026/06/15 12:00,05F0055S,05F0287S,31,1136,167
2026/06/15 12:00,05F0055S,05F0287S,32,1138,61
2026/06/15 12:00,05F0055S,05F0287S,41,1136,7
2026/06/15 12:00,05F0055S,05F0287S,42,0,0
2026/06/15 12:00,05F0055S,05F0287S,5,0,0
2026/06/15 12:00,05F0287S,05F0309S,31,324,89
2026/06/15 12:00,05F0287S,05F0309S,32,318,32
2026/06/15 12:00,05F0287S,05F0309S,41,334,4
2026/06/15 12:00,05F0287S,05F0309S,42,156,1
2026/06/15 12:00,05F0287S,05F0309S,5,0,0
2026/06/15 12:00,05F0309S,05F0439S,31,1262,39
2026/06/15 12:00,05F0309S,05F0439S,32,1274,18
2026/06/15 12:00,05F0309S,05F0439S,41,1299,3
2026/06/15 12:00,05F0309S,05F0439S,42,1303,1
2026/06/15 12:00,05F0309S,05F0439S,5,1265,4
2026/06/15 12:00,05F0439S,05F0494S,31,201,15
2026/06/15 12:00,05F0439S,05F0494S,32,207,12
2026/06/15 12:00,05F0439S,05F0494S,41,0,0
2026/06/15 12:00,05F0439S,05F0494S,42,0,0
2026/06/15 12:00,05F0439S,05F0494S,5,211,5
2026/06/15 12:05,05F0000S,05F0055S,31,301,86
2026/06/15 12:05,05F0000S,05F0055S,32,325,24
2026/06/15 12:05,05F0000S,05F0055S,41,250,2
2026/06/15 12:05,05F0000S,05F0055S,42,0,0
2026/06/15 12:05,05F0000S,05F0055S,5,0,0
2026/06/15 12:05,05F0055S,05F0287S,31,1025,111
2026/06/15 12:05,05F0055S,05F0287S,32,1039,27
2026/06/15 12:05,05F0055S,05F0287S,41,1062,4
2026/06/15 12:05,05F0055S,05F0287S,42,0,0
2026/06/15 12:05,05F0055S,05F0287S,5,0,0
2026/06/15 12:05,05F0287S,05F0309S,31,330,91
2026/06/15 12:05,05F0287S,05F0309S,32,334,32
2026/06/15 12:05,05F0287S,05F0309S,41,338,7
2026/06/15 12:05,05F0287S,05F0309S,42,0,0
2026/06/15 12:05,05F0287S,05F0309S,5,0,0
2026/06/15 12:05,05F0309S,05F0439S,31,1310,48
2026/06/15 12:05,05F0309S,05F0439S,32,1303,18
2026/06/15 12:05,05F0309S,05F0439S,41,1335,4
2026/06/15 12:05,05F0309S,05F0439S,42,0,0
2026/06/15 12:05,05F0309S,05F0439S,5,1324,4
2026/06/15 12:05,05F0439S,05F0494S,31,205,26
2026/06/15 12:05,05F0439S,05F0494S,32,210,14
2026/06/15 12:05,05F0439S,05F0494S,41,0,0
2026/06/15 12:05,05F0439S,05F0494S,42,0,0
2026/06/15 12:05,05F0439S,05F0494S,5,209,5
2026/06/15 12:10,05F0000S,05F0055S,31,387,70
2026/06/15 12:10,05F0000S,05F0055S,32,389,23
2026/06/15 12:10,05F0000S,05F0055S,41,252,4
2026/06/15 12:10,05F0000S,05F0055S,42,0,0
2026/06/15 12:10,05F0000S,05F0055S,5,0,0
2026/06/15 12:10,05F0055S,05F0287S,31,1041,112
2026/06/15 12:10,05F0055S,05F0287S,32,1042,23
2026/06/15 12:10,05F0055S,05F0287S,41,1028,6
2026/06/15 12:10,05F0055S,05F0287S,42,0,0
2026/06/15 12:10,05F0055S,05F0287S,5,0,0
2026/06/15 12:10,05F0287S,05F0309S,31,338,71
2026/06/15 12:10,05F0287S,05F0309S,32,328,17
2026/06/15 12:10,05F0287S,05F0309S,41,328,3
2026/06/15 12:10,05F0287S,05F0309S,42,0,0
2026/06/15 12:10,05F0287S,05F0309S,5,0,0
2026/06/15 12:10,05F0309S,05F0439S,31,1253,50
2026/06/15 12:10,05F0309S,05F0439S,32,1265,17
2026/06/15 12:10,05F0309S,05F0439S,41,1288,2
2026/06/15 12:10,05F0309S,05F0439S,42,1214,1
2026/06/15 12:10,05F0309S,05F0439S,5,1254,6
2026/06/15 12:10,05F0439S,05F0494S,31,207,33
2026/06/15 12:10,05F0439S,05F0494S,32,207,12
2026/06/15 12:10,05F0439S,05F0494S,41,229,1
2026/06/15 12:10,05F0439S,05F0494S,42,251,1
2026/06/15 12:10,05F0439S,05F0494S,5,202,3
2026/06/15 12:15,05F0000S,05F0055S,31,438,77
2026/06/15 12:15,05F0000S,05F0055S,32,445,16
2026/06/15 12:15,05F0000S,05F0055S,41,282,2
2026/06/15 12:15,05F0000S,05F0055S,42,0,0
2026/06/15 12:15,05F0000S,05F0055S,5,0,0
2026/06/15 12:15,05F0055S,05F0287S,31,1083,95
2026/06/15 12:15,05F0055S,05F0287S,32,1091,31
2026/06/15 12:15,05F0055S,05F0287S,41,0,0
2026/06/15 12:15,05F0055S,05F0287S,42,0,0
2026/06/15 12:15,05F0055S,05F0287S,5,0,0
2026/06/15 12:15,05F0287S,05F0309S,31,237,75
2026/06/15 12:15,05F0287S,05F0309S,32,226,17
2026/06/15 12:15,05F0287S,05F0309S,41,239,4
2026/06/15 12:15,05F0287S,05F0309S,42,0,0
2026/06/15 12:15,05F0287S,05F0309S,5,0,0
2026/06/15 12:15,05F0309S,05F0439S,31,1254,60
2026/06/15 12:15,05F0309S,05F0439S,32,1262,17
2026/06/15 12:15,05F0309S,05F0439S,41,1287,1
2026/06/15 12:15,05F0309S,05F0439S,42,1273,1
2026/06/15 12:15,05F0309S,05F0439S,5,1278,2
2026/06/15 12:15,05F0439S,05F0494S,31,205,32
2026/06/15 12:15,05F0439S,05F0494S,32,219,8
2026/06/15 12:15,05F0439S,05F0494S,41,0,0
2026/06/15 12:15,05F0439S,05F0494S,42,231,2
2026/06/15 12:15,05F0439S,05F0494S,5,219,6
2026/06/15 12:20,05F0000S,05F0055S,31,465,77
2026/06/15 12:20,05F0000S,05F0055S,32,474,31
2026/06/15 12:20,05F0000S,05F0055S,41,376,2
2026/06/15 12:20,05F0000S,05F0055S,42,0,0
2026/06/15 12:20,05F0000S,05F0055S,5,0,0
2026/06/15 12:20,05F0055S,05F0287S,31,1149,86
2026/06/15 12:20,05F0055S,05F0287S,32,1137,25
2026/06/15 12:20,05F0055S,05F0287S,41,1037,5
2026/06/15 12:20,05F0055S,05F0287S,42,0,0
2026/06/15 12:20,05F0055S,05F0287S,5,0,0
2026/06/15 12:20,05F0287S,05F0309S,31,195,56
2026/06/15 12:20,05F0287S,05F0309S,32,197,26
2026/06/15 12:20,05F0287S,05F0309S,41,122,3
2026/06/15 12:20,05F0287S,05F0309S,42,0,0
2026/06/15 12:20,05F0287S,05F0309S,5,0,0
2026/06/15 12:20,05F0309S,05F0439S,31,1272,52
2026/06/15 12:20,05F0309S,05F0439S,32,1289,14
2026/06/15 12:20,05F0309S,05F0439S,41,1287,2
2026/06/15 12:20,05F0309S,05F0439S,42,1214,1
2026/06/15 12:20,05F0309S,05F0439S,5,1315,2
2026/06/15 12:20,05F0439S,05F0494S,31,203,32
2026/06/15 12:20,05F0439S,05F0494S,32,208,9
2026/06/15 12:20,05F0439S,05F0494S,41,0,0
2026/06/15 12:20,05F0439S,05F0494S,42,252,1
2026/06/15 12:20,05F0439S,05F0494S,5,207,5
2026/06/15 12:25,05F0000S,05F0055S,31,516,82
2026/06/15 12:25,05F0000S,05F0055S,32,533,20
2026/06/15 12:25,05F0000S,05F0055S,41,419,2
2026/06/15 12:25,05F0000S,05F0055S,42,0,0
2026/06/15 12:25,05F0000S,05F0055S,5,0,0
2026/06/15 12:25,05F0055S,05F0287S,31,1159,91
2026/06/15 12:25,05F0055S,05F0287S,32,1178,30
2026/06/15 12:25,05F0055S,05F0287S,41,1040,6
2026/06/15 12:25,05F0055S,05F0287S,42,0,0
2026/06/15 12:25,05F0055S,05F0287S,5,0,0
2026/06/15 12:25,05F0287S,05F0309S,31,88,59
2026/06/15 12:25,05F0287S,05F0309S,32,91,17
2026/06/15 12:25,05F0287S,05F0309S,41,94,1
2026/06/15 12:25,05F0287S,05F0309S,42,0,0
2026/06/15 12:25,05F0287S,05F0309S,5,0,0
2026/06/15 12:25,05F0309S,05F0439S,31,1306,50
2026/06/15 12:25,05F0309S,05F0439S,32,1334,18
2026/06/15 12:25,05F0309S,05F0439S,41,1353,3
2026/06/15 12:25,05F0309S,05F0439S,42,1300,1
2026/06/15 12:25,05F0309S,05F0439S,5,1330,4
2026/06/15 12:25,05F0439S,05F0494S,31,211,28
2026/06/15 12:25,05F0439S,05F0494S,32,206,11
2026/06/15 12:25,05F0439S,05F0494S,41,0,0
2026/06/15 12:25,05F0439S,05F0494S,42,0,0
2026/06/15 12:25,05F0439S,05F0494S,5,221,4
2026/06/15 12:30,05F0000S,05F0055S,31,600,83
2026/06/15 12:30,05F0000S,05F0055S,32,616,26
2026/06/15 12:30,05F0000S,05F0055S,41,503,2
2026/06/15 12:30,05F0000S,05F0055S,42,0,0
2026/06/15 12:30,05F0000S,05F0055S,5,0,0
2026/06/15 12:30,05F0055S,05F0287S,31,1165,74
2026/06/15 12:30,05F0055S,05F0287S,32,1193,20
2026/06/15 12:30,05F0055S,05F0287S,41,0,0
2026/06/15 12:30,05F0055S,05F0287S,42,0,0
2026/06/15 12:30,05F0055S,05F0287S,5,0,0
2026/06/15 12:30,05F0287S,05F0309S,31,88,41
2026/06/15 12:30,05F0287S,05F0309S,32,93,12
2026/06/15 12:30,05F0287S,05F0309S,41,91,3
2026/06/15 12:30,05F0287S,05F0309S,42,0,0
2026/06/15 12:30,05F0287S,05F0309S,5,0,0
2026/06/15 12:30,05F0309S,05F0439S,31,1346,51
2026/06/15 12:30,05F0309S,05F0439S,32,1359,14
2026/06/15 12:30,05F0309S,05F0439S,41,1371,4
2026/06/15 12:30,05F0309S,05F0439S,42,0,0
2026/06/15 12:30,05F0309S,05F0439S,5,1330,2
2026/06/15 12:30,05F0439S,05F0494S,31,210,35
2026/06/15 12:30,05F0439S,05F0494S,32,202,6
2026/06/15 12:30,05F0439S,05F0494S,41,226,2
2026/06/15 12:30,05F0439S,05F0494S,42,201,1
2026/06/15 12:30,05F0439S,05F0494S,5,217,6
2026/06/15 12:35,05F0000S,05F0055S,31,638,85
2026/06/15 12:35,05F0000S,05F0055S,32,641,25
2026/06/15 12:35,05F0000S,05F0055S,41,486,3
2026/06/15 12:35,05F0000S,05F0055S,42,0,0
2026/06/15 12:35,05F0000S,05F0055S,5,0,0
2026/06/15 12:35,05F0055S,05F0287S,31,1141,97
2026/06/15 12:35,05F0055S,05F0287S,32,1175,28
2026/06/15 12:35,05F0055S,05F0287S,41,1052,4
2026/06/15 12:35,05F0055S,05F0287S,42,0,0
2026/06/15 12:35,05F0055S,05F0287S,5,0,0
2026/06/15 12:35,05F0287S,05F0309S,31,88,53
2026/06/15 12:35,05F0287S,05F0309S,32,99,20
2026/06/15 12:35,05F0287S,05F0309S,41,97,1
2026/06/15 12:35,05F0287S,05F0309S,42,0,0
2026/06/15 12:35,05F0287S,05F0309S,5,0,0
2026/06/15 12:35,05F0309S,05F0439S,31,1323,64
2026/06/15 12:35,05F0309S,05F0439S,32,1323,17
2026/06/15 12:35,05F0309S,05F0439S,41,1365,2
2026/06/15 12:35,05F0309S,05F0439S,42,0,0
2026/06/15 12:35,05F0309S,05F0439S,5,1319,3
2026/06/15 12:35,05F0439S,05F0494S,31,203,34
2026/06/15 12:35,05F0439S,05F0494S,32,206,9
2026/06/15 12:35,05F0439S,05F0494S,41,0,0
2026/06/15 12:35,05F0439S,05F0494S,42,233,1
2026/06/15 12:35,05F0439S,05F0494S,5,213,4
2026/06/15 12:40,05F0000S,05F0055S,31,656,83
2026/06/15 12:40,05F0000S,05F0055S,32,716,31
2026/06/15 12:40,05F0000S,05F0055S,41,611,1
2026/06/15 12:40,05F0000S,05F0055S,42,0,0
2026/06/15 12:40,05F0000S,05F0055S,5,0,0
2026/06/15 12:40,05F0055S,05F0287S,31,1144,74
2026/06/15 12:40,05F0055S,05F0287S,32,1157,29
2026/06/15 12:40,05F0055S,05F0287S,41,0,0
2026/06/15 12:40,05F0055S,05F0287S,42,0,0
2026/06/15 12:40,05F0055S,05F0287S,5,0,0
2026/06/15 12:40,05F0287S,05F0309S,31,85,48
2026/06/15 12:40,05F0287S,05F0309S,32,90,18
2026/06/15 12:40,05F0287S,05F0309S,41,92,2
2026/06/15 12:40,05F0287S,05F0309S,42,0,0
2026/06/15 12:40,05F0287S,05F0309S,5,0,0
2026/06/15 12:40,05F0309S,05F0439S,31,1275,44
2026/06/15 12:40,05F0309S,05F0439S,32,1298,19
2026/06/15 12:40,05F0309S,05F0439S,41,1309,1
2026/06/15 12:40,05F0309S,05F0439S,42,1324,1
2026/06/15 12:40,05F0309S,05F0439S,5,1309,7
2026/06/15 12:40,05F0439S,05F0494S,31,208,33
2026/06/15 12:40,05F0439S,05F0494S,32,199,7
2026/06/15 12:40,05F0439S,05F0494S,41,0,0
2026/06/15 12:40,05F0439S,05F0494S,42,1715,1
2026/06/15 12:40,05F0439S,05F0494S,5,206,3
2026/06/15 12:45,05F0000S,05F0055S,31,740,87
2026/06/15 12:45,05F0000S,05F0055S,32,746,26
2026/06/15 12:45,05F0000S,05F0055S,41,615,6
2026/06/15 12:45,05F0000S,05F0055S,42,0,0
2026/06/15 12:45,05F0000S,05F0055S,5,0,0
2026/06/15 12:45,05F0055S,05F0287S,31,1162,92
2026/06/15 12:45,05F0055S,05F0287S,32,1174,20
2026/06/15 12:45,05F0055S,05F0287S,41,1059,4
2026/06/15 12:45,05F0055S,05F0287S,42,0,0
2026/06/15 12:45,05F0055S,05F0287S,5,0,0
2026/06/15 12:45,05F0287S,05F0309S,31,87,49
2026/06/15 12:45,05F0287S,05F0309S,32,90,14
2026/06/15 12:45,05F0287S,05F0309S,41,93,3
2026/06/15 12:45,05F0287S,05F0309S,42,0,0
2026/06/15 12:45,05F0287S,05F0309S,5,0,0
2026/06/15 12:45,05F0309S,05F0439S,31,1191,46
2026/06/15 12:45,05F0309S,05F0439S,32,1198,16
2026/06/15 12:45,05F0309S,05F0439S,41,1265,2
2026/06/15 12:45,05F0309S,05F0439S,42,1375,1
2026/06/15 12:45,05F0309S,05F0439S,5,1299,5
2026/06/15 12:45,05F0439S,05F0494S,31,187,22
2026/06/15 12:45,05F0439S,05F0494S,32,218,9
2026/06/15 12:45,05F0439S,05F0494S,41,0,0
2026/06/15 12:45,05F0439S,05F0494S,42,218,1
2026/06/15 12:45,05F0439S,05F0494S,5,214,7
2026/06/15 12:50,05F0000S,05F0055S,31,777,89
2026/06/15 12:50,05F0000S,05F0055S,32,765,24
2026/06/15 12:50,05F0000S,05F0055S,41,663,4
2026/06/15 12:50,05F0000S,05F0055S,42,0,0
2026/06/15 12:50,05F0000S,05F0055S,5,0,0
2026/06/15 12:50,05F0055S,05F0287S,31,1167,96
2026/06/15 12:50,05F0055S,05F0287S,32,1167,28
2026/06/15 12:50,05F0055S,05F0287S,41,1040,2
2026/06/15 12:50,05F0055S,05F0287S,42,0,0
2026/06/15 12:50,05F0055S,05F0287S,5,0,0
2026/06/15 12:50,05F0287S,05F0309S,31,88,66
2026/06/15 12:50,05F0287S,05F0309S,32,91,19
2026/06/15 12:50,05F0287S,05F0309S,41,93,2
2026/06/15 12:50,05F0287S,05F0309S,42,0,0
2026/06/15 12:50,05F0287S,05F0309S,5,0,0
2026/06/15 12:50,05F0309S,05F0439S,31,1066,35
2026/06/15 12:50,05F0309S,05F0439S,32,1076,16
2026/06/15 12:50,05F0309S,05F0439S,41,1173,2
2026/06/15 12:50,05F0309S,05F0439S,42,0,0
2026/06/15 12:50,05F0309S,05F0439S,5,1120,10
2026/06/15 12:50,05F0439S,05F0494S,31,208,30
2026/06/15 12:50,05F0439S,05F0494S,32,211,10
2026/06/15 12:50,05F0439S,05F0494S,41,0,0
2026/06/15 12:50,05F0439S,05F0494S,42,240,1
2026/06/15 12:50,05F0439S,05F0494S,5,213,9
2026/06/15 12:55,05F0000S,05F0055S,31,825,70
2026/06/15 12:55,05F0000S,05F0055S,32,818,22
2026/06/15 12:55,05F0000S,05F0055S,41,641,4
2026/06/15 12:55,05F0000S,05F0055S,42,0,0
2026/06/15 12:55,05F0000S,05F0055S,5,0,0
2026/06/15 12:55,05F0055S,05F0287S,31,1144,93
2026/06/15 12:55,05F0055S,05F0287S,32,1145,29
2026/06/15 12:55,05F0055S,05F0287S,41,1005,1
2026/06/15 12:55,05F0055S,05F0287S,42,0,0
2026/06/15 12:55,05F0055S,05F0287S,5,0,0
2026/06/15 12:55,05F0287S,05F0309S,31,86,60
2026/06/15 12:55,05F0287S,05F0309S,32,90,16
2026/06/15 12:55,05F0287S,05F0309S,41,91,1
2026/06/15 12:55,05F0287S,05F0309S,42,0,0
2026/06/15 12:55,05F0287S,05F0309S,5,0,0
2026/06/15 12:55,05F0309S,05F0439S,31,932,55
2026/06/15 12:55,05F0309S,05F0439S,32,980,22
2026/06/15 12:55,05F0309S,05F0439S,41,990,2
2026/06/15 12:55,05F0309S,05F0439S,42,1038,2
2026/06/15 12:55,05F0309S,05F0439S,5,1042,4
2026/06/15 12:55,05F0439S,05F0494S,31,201,22
2026/06/15 12:55,05F0439S,05F0494S,32,222,10
2026/06/15 12:55,05F0439S,05F0494S,41,200,1
2026/06/15 12:55,05F0439S,05F0494S,42,246,1
2026/06/15 12:55,05F0439S,05F0494S,5,222,6
2026/06/15 13:00,05F0000S,05F0055S,31,842,83
2026/06/15 13:00,05F0000S,05F0055S,32,907,27
2026/06/15 13:00,05F0000S,05F0055S,41,0,0
2026/06/15 13:00,05F0000S,05F0055S,42,0,0
2026/06/15 13:00,05F0000S,05F0055S,5,0,0
2026/06/15 13:00,05F0055S,05F0287S,31,1151,88
2026/06/15 13:00,05F0055S,05F0287S,32,1174,29
2026/06/15 13:00,05F0055S,05F0287S,41,1027,7
2026/06/15 13:00,05F0055S,05F0287S,42,0,0
2026/06/15 13:00,05F0055S,05F0287S,5,0,0
2026/06/15 13:00,05F0287S,05F0309S,31,88,56
2026/06/15 13:00,05F0287S,05F0309S,32,91,17
2026/06/15 13:00,05F0287S,05F0309S,41,94,3
2026/06/15 13:00,05F0287S,05F0309S,42,0,0
2026/06/15 13:00,05F0287S,05F0309S,5,0,0
2026/06/15 13:00,05F0309S,05F0439S,31,758,62
2026/06/15 13:00,05F0309S,05F0439S,32,750,19
2026/06/15 13:00,05F0309S,05F0439S,41,816,2
2026/06/15 13:00,05F0309S,05F0439S,42,744,1
2026/06/15 13:00,05F0309S,05F0439S,5,807,3
2026/06/15 13:00,05F0439S,05F0494S,31,211,31
2026/06/15 13:00,05F0439S,05F0494S,32,204,15
2026/06/15 13:00,05F0439S,05F0494S,41,0,0
2026/06/15 13:00,05F0439S,05F0494S,42,243,1
2026/06/15 13:00,05F0439S,05F0494S,5,231,5
2026/06/15 13:05,05F0000S,05F0055S,31,917,77
2026/06/15 13:05,05F0000S,05F0055S,32,936,28
2026/06/15 13:05,05F0000S,05F0055S,41,812,6
2026/06/15 13:05,05F0000S,05F0055S,42,0,0
2026/06/15 13:05,05F0000S,05F0055S,5,0,0
2026/06/15 13:05,05F0055S,05F0287S,31,1131,96
2026/06/15 13:05,05F0055S,05F0287S,32,1137,28
2026/06/15 13:05,05F0055S,05F0287S,41,1019,2
2026/06/15 13:05,05F0055S,05F0287S,42,0,0
2026/06/15 13:05,05F0055S,05F0287S,5,0,0
2026/06/15 13:05,05F0287S,05F0309S,31,88,65
2026/06/15 13:05,05F0287S,05F0309S,32,87,21
2026/06/15 13:05,05F0287S,05F0309S,41,93,1
2026/06/15 13:05,05F0287S,05F0309S,42,0,0
2026/06/15 13:05,05F0287S,05F0309S,5,0,0
2026/06/15 13:05,05F0309S,05F0439S,31,691,67
2026/06/15 13:05,05F0309S,05F0439S,32,693,14
2026/06/15 13:05,05F0309S,05F0439S,41,736,1
2026/06/15 13:05,05F0309S,05F0439S,42,0,0
2026/06/15 13:05,05F0309S,05F0439S,5,689,2
2026/06/15 13:05,05F0439S,05F0494S,31,205,35
2026/06/15 13:05,05F0439S,05F0494S,32,209,15
2026/06/15 13:05,05F0439S,05F0494S,41,0,0
2026/06/15 13:05,05F0439S,05F0494S,42,0,0
2026/06/15 13:05,05F0439S,05F0494S,5,218,1
2026/06/15 13:10,05F0000S,05F0055S,31,919,94
2026/06/15 13:10,05F0000S,05F0055S,32,926,26
2026/06/15 13:10,05F0000S,05F0055S,41,838,2
2026/06/15 13:10,05F0000S,05F0055S,42,0,0
2026/06/15 13:10,05F0000S,05F0055S,5,0,0
2026/06/15 13:10,05F0055S,05F0287S,31,1177,89
2026/06/15 13:10,05F0055S,05F0287S,32,1209,30
2026/06/15 13:10,05F0055S,05F0287S,41,1083,5
2026/06/15 13:10,05F0055S,05F0287S,42,0,0
2026/06/15 13:10,05F0055S,05F0287S,5,0,0
2026/06/15 13:10,05F0287S,05F0309S,31,90,37
2026/06/15 13:10,05F0287S,05F0309S,32,94,24
2026/06/15 13:10,05F0287S,05F0309S,41,97,4
2026/06/15 13:10,05F0287S,05F0309S,42,0,0
2026/06/15 13:10,05F0287S,05F0309S,5,0,0
2026/06/15 13:10,05F0309S,05F0439S,31,572,56
2026/06/15 13:10,05F0309S,05F0439S,32,596,11
2026/06/15 13:10,05F0309S,05F0439S,41,616,3
2026/06/15 13:10,05F0309S,05F0439S,42,0,0
2026/06/15 13:10,05F0309S,05F0439S,5,645,1
2026/06/15 13:10,05F0439S,05F0494S,31,201,35
2026/06/15 13:10,05F0439S,05F0494S,32,205,11
2026/06/15 13:10,05F0439S,05F0494S,41,0,0
2026/06/15 13:10,05F0439S,05F0494S,42,0,0
2026/06/15 13:10,05F0439S,05F0494S,5,201,4
2026/06/15 13:15,05F0000S,05F0055S,31,957,85
2026/06/15 13:15,05F0000S,05F0055S,32,958,23
2026/06/15 13:15,05F0000S,05F0055S,41,797,4
2026/06/15 13:15,05F0000S,05F0055S,42,0,0
2026/06/15 13:15,05F0000S,05F0055S,5,0,0
2026/06/15 13:15,05F0055S,05F0287S,31,1144,83
2026/06/15 13:15,05F0055S,05F0287S,32,1144,23
2026/06/15 13:15,05F0055S,05F0287S,41,1042,1
2026/06/15 13:15,05F0055S,05F0287S,42,0,0
2026/06/15 13:15,05F0055S,05F0287S,5,0,0
2026/06/15 13:15,05F0287S,05F0309S,31,87,71
2026/06/15 13:15,05F0287S,05F0309S,32,90,19
2026/06/15 13:15,05F0287S,05F0309S,41,94,2
2026/06/15 13:15,05F0287S,05F0309S,42,0,0
2026/06/15 13:15,05F0287S,05F0309S,5,0,0
2026/06/15 13:15,05F0309S,05F0439S,31,546,49
2026/06/15 13:15,05F0309S,05F0439S,32,562,18
2026/06/15 13:15,05F0309S,05F0439S,41,598,1
2026/06/15 13:15,05F0309S,05F0439S,42,0,0
2026/06/15 13:15,05F0309S,05F0439S,5,566,6
2026/06/15 13:15,05F0439S,05F0494S,31,210,22
2026/06/15 13:15,05F0439S,05F0494S,32,209,4
2026/06/15 13:15,05F0439S,05F0494S,41,224,1
2026/06/15 13:15,05F0439S,05F0494S,42,0,0
2026/06/15 13:15,05F0439S,05F0494S,5,206,4
2026/06/15 13:20,05F0000S,05F0055S,31,822,129
2026/06/15 13:20,05F0000S,05F0055S,32,806,35
2026/06/15 13:20,05F0000S,05F0055S,41,802,3
2026/06/15 13:20,05F0000S,05F0055S,42,0,0
2026/06/15 13:20,05F0000S,05F0055S,5,0,0
2026/06/15 13:20,05F0055S,05F0287S,31,1178,83
2026/06/15 13:20,05F0055S,05F0287S,32,1190,32
2026/06/15 13:20,05F0055S,05F0287S,41,1090,4
2026/06/15 13:20,05F0055S,05F0287S,42,0,0
2026/06/15 13:20,05F0055S,05F0287S,5,0,0
2026/06/15 13:20,05F0287S,05F0309S,31,88,50
2026/06/15 13:20,05F0287S,05F0309S,32,97,23
2026/06/15 13:20,05F0287S,05F0309S,41,1194,1
2026/06/15 13:20,05F0287S,05F0309S,42,0,0
2026/06/15 13:20,05F0287S,05F0309S,5,0,0
2026/06/15 13:20,05F0309S,05F0439S,31,500,56
2026/06/15 13:20,05F0309S,05F0439S,32,511,19
2026/06/15 13:20,05F0309S,05F0439S,41,525,2
2026/06/15 13:20,05F0309S,05F0439S,42,553,2
2026/06/15 13:20,05F0309S,05F0439S,5,531,3
2026/06/15 13:20,05F0439S,05F0494S,31,212,38
2026/06/15 13:20,05F0439S,05F0494S,32,211,9
2026/06/15 13:20,05F0439S,05F0494S,41,0,0
2026/06/15 13:20,05F0439S,05F0494S,42,0,0
2026/06/15 13:20,05F0439S,05F0494S,5,210,4
2026/06/15 13:25,05F0000S,05F0055S,31,567,144
2026/06/15 13:25,05F0000S,05F0055S,32,618,68
2026/06/15 13:25,05F0000S,05F0055S,41,577,10
2026/06/15 13:25,05F0000S,05F0055S,42,0,0
2026/06/15 13:25,05F0000S,05F0055S,5,0,0
2026/06/15 13:25,05F0055S,05F0287S,31,1147,116
2026/06/15 13:25,05F0055S,05F0287S,32,1155,29
2026/06/15 13:25,05F0055S,05F0287S,41,1076,3
2026/06/15 13:25,05F0055S,05F0287S,42,0,0
2026/06/15 13:25,05F0055S,05F0287S,5,0,0
2026/06/15 13:25,05F0287S,05F0309S,31,88,74
2026/06/15 13:25,05F0287S,05F0309S,32,90,28
2026/06/15 13:25,05F0287S,05F0309S,41,93,6
2026/06/15 13:25,05F0287S,05F0309S,42,0,0
2026/06/15 13:25,05F0287S,05F0309S,5,0,0
2026/06/15 13:25,05F0309S,05F0439S,31,483,34
2026/06/15 13:25,05F0309S,05F0439S,32,501,14
2026/06/15 13:25,05F0309S,05F0439S,41,540,1
2026/06/15 13:25,05F0309S,05F0439S,42,471,1
2026/06/15 13:25,05F0309S,05F0439S,5,548,3
2026/06/15 13:25,05F0439S,05F0494S,31,210,21
2026/06/15 13:25,05F0439S,05F0494S,32,212,7
2026/06/15 13:25,05F0439S,05F0494S,41,216,1
2026/06/15 13:25,05F0439S,05F0494S,42,229,2
2026/06/15 13:25,05F0439S,05F0494S,5,205,7
2026/06/15 13:30,05F0000S,05F0055S,31,359,147
2026/06/15 13:30,05F0000S,05F0055S,32,372,38
2026/06/15 13:30,05F0000S,05F0055S,41,372,4
2026/06/15 13:30,05F0000S,05F0055S,42,0,0
2026/06/15 13:30,05F0000S,05F0055S,5,0,0
2026/06/15 13:30,05F0055S,05F0287S,31,1125,112
2026/06/15 13:30,05F0055S,05F0287S,32,1119,32
2026/06/15 13:30,05F0055S,05F0287S,41,1037,3
2026/06/15 13:30,05F0055S,05F0287S,42,0,0
2026/06/15 13:30,05F0055S,05F0287S,5,0,0
2026/06/15 13:30,05F0287S,05F0309S,31,87,65
2026/06/15 13:30,05F0287S,05F0309S,32,88,25
2026/06/15 13:30,05F0287S,05F0309S,41,93,1
2026/06/15 13:30,05F0287S,05F0309S,42,0,0
2026/06/15 13:30,05F0287S,05F0309S,5,0,0
2026/06/15 13:30,05F0309S,05F0439S,31,479,32
2026/06/15 13:30,05F0309S,05F0439S,32,505,14
2026/06/15 13:30,05F0309S,05F0439S,41,535,1
2026/06/15 13:30,05F0309S,05F0439S,42,0,0
2026/06/15 13:30,05F0309S,05F0439S,5,539,6
2026/06/15 13:30,05F0439S,05F0494S,31,205,19
2026/06/15 13:30,05F0439S,05F0494S,32,211,13
2026/06/15 13:30,05F0439S,05F0494S,41,0,0
2026/06/15 13:30,05F0439S,05F0494S,42,196,1
2026/06/15 13:30,05F0439S,05F0494S,5,220,4
2026/06/15 13:35,05F0000S,05F0055S,31,256,107
2026/06/15 13:35,05F0000S,05F0055S,32,257,36
2026/06/15 13:35,05F0000S,05F0055S,41,260,2
2026/06/15 13:35,05F0000S,05F0055S,42,0,0
2026/06/15 13:35,05F0000S,05F0055S,5,0,0
2026/06/15 13:35,05F0055S,05F0287S,31,1088,104
2026/06/15 13:35,05F0055S,05F0287S,32,1094,25
2026/06/15 13:35,05F0055S,05F0287S,41,1055,4
2026/06/15 13:35,05F0055S,05F0287S,42,0,0
2026/06/15 13:35,05F0055S,05F0287S,5,0,0
2026/06/15 13:35,05F0287S,05F0309S,31,87,79
2026/06/15 13:35,05F0287S,05F0309S,32,90,20
2026/06/15 13:35,05F0287S,05F0309S,41,92,5
2026/06/15 13:35,05F0287S,05F0309S,42,104,1
2026/06/15 13:35,05F0287S,05F0309S,5,0,0
2026/06/15 13:35,05F0309S,05F0439S,31,508,48
2026/06/15 13:35,05F0309S,05F0439S,32,519,14
2026/06/15 13:35,05F0309S,05F0439S,41,549,2
2026/06/15 13:35,05F0309S,05F0439S,42,530,2
2026/06/15 13:35,05F0309S,05F0439S,5,535,3
2026/06/15 13:35,05F0439S,05F0494S,31,192,19
2026/06/15 13:35,05F0439S,05F0494S,32,206,9
2026/06/15 13:35,05F0439S,05F0494S,41,0,0
2026/06/15 13:35,05F0439S,05F0494S,42,0,0
2026/06/15 13:35,05F0439S,05F0494S,5,208,3
2026/06/15 13:40,05F0000S,05F0055S,31,241,72
2026/06/15 13:40,05F0000S,05F0055S,32,239,25
2026/06/15 13:40,05F0000S,05F0055S,41,234,5
2026/06/15 13:40,05F0000S,05F0055S,42,0,0
2026/06/15 13:40,05F0000S,05F0055S,5,0,0
2026/06/15 13:40,05F0055S,05F0287S,31,1138,131
2026/06/15 13:40,05F0055S,05F0287S,32,1142,44
2026/06/15 13:40,05F0055S,05F0287S,41,1141,3
2026/06/15 13:40,05F0055S,05F0287S,42,0,0
2026/06/15 13:40,05F0055S,05F0287S,5,0,0
2026/06/15 13:40,05F0287S,05F0309S,31,85,79
2026/06/15 13:40,05F0287S,05F0309S,32,89,24
2026/06/15 13:40,05F0287S,05F0309S,41,90,3
2026/06/15 13:40,05F0287S,05F0309S,42,0,0
2026/06/15 13:40,05F0287S,05F0309S,5,0,0
2026/06/15 13:40,05F0309S,05F0439S,31,505,50
2026/06/15 13:40,05F0309S,05F0439S,32,504,19
2026/06/15 13:40,05F0309S,05F0439S,41,567,1
2026/06/15 13:40,05F0309S,05F0439S,42,0,0
2026/06/15 13:40,05F0309S,05F0439S,5,547,4
2026/06/15 13:40,05F0439S,05F0494S,31,211,20
2026/06/15 13:40,05F0439S,05F0494S,32,205,7
2026/06/15 13:40,05F0439S,05F0494S,41,0,0
2026/06/15 13:40,05F0439S,05F0494S,42,0,0
2026/06/15 13:40,05F0439S,05F0494S,5,205,6
2026/06/15 13:45,05F0000S,05F0055S,31,243,84
2026/06/15 13:45,05F0000S,05F0055S,32,244,22
2026/06/15 13:45,05F0000S,05F0055S,41,240,4
2026/06/15 13:45,05F0000S,05F0055S,42,0,0
2026/06/15 13:45,05F0000S,05F0055S,5,0,0
2026/06/15 13:45,05F0055S,05F0287S,31,1184,137
2026/06/15 13:45,05F0055S,05F0287S,32,1187,55
2026/06/15 13:45,05F0055S,05F0287S,41,1189,9
2026/06/15 13:45,05F0055S,05F0287S,42,0,0
2026/06/15 13:45,05F0055S,05F0287S,5,0,0
2026/06/15 13:45,05F0287S,05F0309S,31,87,87
2026/06/15 13:45,05F0287S,05F0309S,32,89,44
2026/06/15 13:45,05F0287S,05F0309S,41,95,6
2026/06/15 13:45,05F0287S,05F0309S,42,0,0
2026/06/15 13:45,05F0287S,05F0309S,5,0,0
2026/06/15 13:45,05F0309S,05F0439S,31,512,54
2026/06/15 13:45,05F0309S,05F0439S,32,529,13
2026/06/15 13:45,05F0309S,05F0439S,41,570,3
2026/06/15 13:45,05F0309S,05F0439S,42,0,0
2026/06/15 13:45,05F0309S,05F0439S,5,551,4
2026/06/15 13:45,05F0439S,05F0494S,31,204,19
2026/06/15 13:45,05F0439S,05F0494S,32,212,11
2026/06/15 13:45,05F0439S,05F0494S,41,0,0
2026/06/15 13:45,05F0439S,05F0494S,42,222,1
2026/06/15 13:45,05F0439S,05F0494S,5,233,2
2026/06/15 13:50,05F0000S,05F0055S,31,243,75
2026/06/15 13:50,05F0000S,05F0055S,32,246,29
2026/06/15 13:50,05F0000S,05F0055S,41,253,2
2026/06/15 13:50,05F0000S,05F0055S,42,0,0
2026/06/15 13:50,05F0000S,05F0055S,5,0,0
2026/06/15 13:50,05F0055S,05F0287S,31,1224,153
2026/06/15 13:50,05F0055S,05F0287S,32,1209,39
2026/06/15 13:50,05F0055S,05F0287S,41,1177,4
2026/06/15 13:50,05F0055S,05F0287S,42,0,0
2026/06/15 13:50,05F0055S,05F0287S,5,0,0
2026/06/15 13:50,05F0287S,05F0309S,31,89,103
2026/06/15 13:50,05F0287S,05F0309S,32,92,28
2026/06/15 13:50,05F0287S,05F0309S,41,97,4
2026/06/15 13:50,05F0287S,05F0309S,42,0,0
2026/06/15 13:50,05F0287S,05F0309S,5,0,0
2026/06/15 13:50,05F0309S,05F0439S,31,530,52
2026/06/15 13:50,05F0309S,05F0439S,32,544,18
2026/06/15 13:50,05F0309S,05F0439S,41,569,3
2026/06/15 13:50,05F0309S,05F0439S,42,0,0
2026/06/15 13:50,05F0309S,05F0439S,5,606,5
2026/06/15 13:50,05F0439S,05F0494S,31,197,37
2026/06/15 13:50,05F0439S,05F0494S,32,218,13
2026/06/15 13:50,05F0439S,05F0494S,41,0,0
2026/06/15 13:50,05F0439S,05F0494S,42,0,0
2026/06/15 13:50,05F0439S,05F0494S,5,203,1
2026/06/15 13:55,05F0000S,05F0055S,31,246,85
2026/06/15 13:55,05F0000S,05F0055S,32,255,35
2026/06/15 13:55,05F0000S,05F0055S,41,268,3
2026/06/15 13:55,05F0000S,05F0055S,42,0,0
2026/06/15 13:55,05F0000S,05F0055S,5,0,0
2026/06/15 13:55,05F0055S,05F0287S,31,1211,144
2026/06/15 13:55,05F0055S,05F0287S,32,1218,38
2026/06/15 13:55,05F0055S,05F0287S,41,1283,2
2026/06/15 13:55,05F0055S,05F0287S,42,0,0
2026/06/15 13:55,05F0055S,05F0287S,5,0,0
2026/06/15 13:55,05F0287S,05F0309S,31,87,107
2026/06/15 13:55,05F0287S,05F0309S,32,87,28
2026/06/15 13:55,05F0287S,05F0309S,41,0,0
2026/06/15 13:55,05F0287S,05F0309S,42,0,0
2026/06/15 13:55,05F0287S,05F0309S,5,0,0
2026/06/15 13:55,05F0309S,05F0439S,31,571,39
2026/06/15 13:55,05F0309S,05F0439S,32,601,18
2026/06/15 13:55,05F0309S,05F0439S,41,640,4
2026/06/15 13:55,05F0309S,05F0439S,42,0,0
2026/06/15 13:55,05F0309S,05F0439S,5,596,4
2026/06/15 13:55,05F0439S,05F0494S,31,209,25
2026/06/15 13:55,05F0439S,05F0494S,32,213,11
2026/06/15 13:55,05F0439S,05F0494S,41,0,0
2026/06/15 13:55,05F0439S,05F0494S,42,207,1
2026/06/15 13:55,05F0439S,05F0494S,5,231,4
2026/06/15 14:00,05F0000S,05F0055S,31,248,91
2026/06/15 14:00,05F0000S,05F0055S,32,249,36
2026/06/15 14:00,05F0000S,05F0055S,41,253,2
2026/06/15 14:00,05F0000S,05F0055S,42,0,0
2026/06/15 14:00,05F0000S,05F0055S,5,0,0
2026/06/15 14:00,05F0055S,05F0287S,31,1133,139
2026/06/15 14:00,05F0055S,05F0287S,32,1135,51
2026/06/15 14:00,05F0055S,05F0287S,41,1122,8
2026/06/15 14:00,05F0055S,05F0287S,42,0,0
2026/06/15 14:00,05F0055S,05F0287S,5,0,0
2026/06/15 14:00,05F0287S,05F0309S,31,88,84
2026/06/15 14:00,05F0287S,05F0309S,32,90,29
2026/06/15 14:00,05F0287S,05F0309S,41,90,5
2026/06/15 14:00,05F0287S,05F0309S,42,0,0
2026/06/15 14:00,05F0287S,05F0309S,5,0,0
2026/06/15 14:00,05F0309S,05F0439S,31,669,54
2026/06/15 14:00,05F0309S,05F0439S,32,683,17
2026/06/15 14:00,05F0309S,05F0439S,41,689,3
2026/06/15 14:00,05F0309S,05F0439S,42,0,0
2026/06/15 14:00,05F0309S,05F0439S,5,682,4
2026/06/15 14:00,05F0439S,05F0494S,31,209,14
2026/06/15 14:00,05F0439S,05F0494S,32,209,11
2026/06/15 14:00,05F0439S,05F0494S,41,0,0
2026/06/15 14:00,05F0439S,05F0494S,42,237,1
2026/06/15 14:00,05F0439S,05F0494S,5,212,2
2026/06/15 14:05,05F0000S,05F0055S,31,247,90
2026/06/15 14:05,05F0000S,05F0055S,32,248,19
2026/06/15 14:05,05F0000S,05F0055S,41,257,3
2026/06/15 14:05,05F0000S,05F0055S,42,0,0
2026/06/15 14:05,05F0000S,05F0055S,5,0,0
2026/06/15 14:05,05F0055S,05F0287S,31,989,108
2026/06/15 14:05,05F0055S,05F0287S,32,994,32
2026/06/15 14:05,05F0055S,05F0287S,41,1029,2
2026/06/15 14:05,05F0055S,05F0287S,42,0,0
2026/06/15 14:05,05F0055S,05F0287S,5,0,0
2026/06/15 14:05,05F0287S,05F0309S,31,87,88
2026/06/15 14:05,05F0287S,05F0309S,32,87,31
2026/06/15 14:05,05F0287S,05F0309S,41,98,6
2026/06/15 14:05,05F0287S,05F0309S,42,0,0
2026/06/15 14:05,05F0287S,05F0309S,5,0,0
2026/06/15 14:05,05F0309S,05F0439S,31,731,49
2026/06/15 14:05,05F0309S,05F0439S,32,764,14
2026/06/15 14:05,05F0309S,05F0439S,41,0,0
2026/06/15 14:05,05F0309S,05F0439S,42,0,0
2026/06/15 14:05,05F0309S,05F0439S,5,812,2
2026/06/15 14:05,05F0439S,05F0494S,31,201,28
2026/06/15 14:05,05F0439S,05F0494S,32,228,6
2026/06/15 14:05,05F0439S,05F0494S,41,0,0
2026/06/15 14:05,05F0439S,05F0494S,42,0,0
2026/06/15 14:05,05F0439S,05F0494S,5,229,5
2026/06/15 14:10,05F0000S,05F0055S,31,247,88
2026/06/15 14:10,05F0000S,05F0055S,32,252,35
2026/06/15 14:10,05F0000S,05F0055S,41,261,4
2026/06/15 14:10,05F0000S,05F0055S,42,0,0
2026/06/15 14:10,05F0000S,05F0055S,5,0,0
2026/06/15 14:10,05F0055S,05F0287S,31,996,76
2026/06/15 14:10,05F0055S,05F0287S,32,1002,32
2026/06/15 14:10,05F0055S,05F0287S,41,1074,4
2026/06/15 14:10,05F0055S,05F0287S,42,0,0
2026/06/15 14:10,05F0055S,05F0287S,5,0,0
2026/06/15 14:10,05F0287S,05F0309S,31,86,39
2026/06/15 14:10,05F0287S,05F0309S,32,90,21
2026/06/15 14:10,05F0287S,05F0309S,41,91,1
2026/06/15 14:10,05F0287S,05F0309S,42,0,0
2026/06/15 14:10,05F0287S,05F0309S,5,0,0
2026/06/15 14:10,05F0309S,05F0439S,31,790,51
2026/06/15 14:10,05F0309S,05F0439S,32,810,20
2026/06/15 14:10,05F0309S,05F0439S,41,0,0
2026/06/15 14:10,05F0309S,05F0439S,42,801,1
2026/06/15 14:10,05F0309S,05F0439S,5,805,3
2026/06/15 14:10,05F0439S,05F0494S,31,205,26
2026/06/15 14:10,05F0439S,05F0494S,32,221,11
2026/06/15 14:10,05F0439S,05F0494S,41,0,0
2026/06/15 14:10,05F0439S,05F0494S,42,0,0
2026/06/15 14:10,05F0439S,05F0494S,5,220,6
2026/06/15 14:15,05F0000S,05F0055S,31,252,87
2026/06/15 14:15,05F0000S,05F0055S,32,254,38
2026/06/15 14:15,05F0000S,05F0055S,41,248,2
2026/06/15 14:15,05F0000S,05F0055S,42,0,0
2026/06/15 14:15,05F0000S,05F0055S,5,0,0
2026/06/15 14:15,05F0055S,05F0287S,31,989,99
2026/06/15 14:15,05F0055S,05F0287S,32,1010,41
2026/06/15 14:15,05F0055S,05F0287S,41,0,0
2026/06/15 14:15,05F0055S,05F0287S,42,0,0
2026/06/15 14:15,05F0055S,05F0287S,5,0,0
2026/06/15 14:15,05F0287S,05F0309S,31,87,78
2026/06/15 14:15,05F0287S,05F0309S,32,89,21
2026/06/15 14:15,05F0287S,05F0309S,41,928,1
2026/06/15 14:15,05F0287S,05F0309S,42,0,0
2026/06/15 14:15,05F0287S,05F0309S,5,0,0
2026/06/15 14:15,05F0309S,05F0439S,31,839,48
2026/06/15 14:15,05F0309S,05F0439S,32,837,18
2026/06/15 14:15,05F0309S,05F0439S,41,848,3
2026/06/15 14:15,05F0309S,05F0439S,42,0,0
2026/06/15 14:15,05F0309S,05F0439S,5,859,6
2026/06/15 14:15,05F0439S,05F0494S,31,202,25
2026/06/15 14:15,05F0439S,05F0494S,32,208,11
2026/06/15 14:15,05F0439S,05F0494S,41,0,0
2026/06/15 14:15,05F0439S,05F0494S,42,210,1
2026/06/15 14:15,05F0439S,05F0494S,5,196,5
2026/06/15 14:20,05F0000S,05F0055S,31,262,87
2026/06/15 14:20,05F0000S,05F0055S,32,266,32
2026/06/15 14:20,05F0000S,05F0055S,41,272,5
2026/06/15 14:20,05F0000S,05F0055S,42,0,0
2026/06/15 14:20,05F0000S,05F0055S,5,0,0
2026/06/15 14:20,05F0055S,05F0287S,31,993,98
2026/06/15 14:20,05F0055S,05F0287S,32,1011,28
2026/06/15 14:20,05F0055S,05F0287S,41,1016,4
2026/06/15 14:20,05F0055S,05F0287S,42,0,0
2026/06/15 14:20,05F0055S,05F0287S,5,0,0
2026/06/15 14:20,05F0287S,05F0309S,31,87,73
2026/06/15 14:20,05F0287S,05F0309S,32,89,32
2026/06/15 14:20,05F0287S,05F0309S,41,93,3
2026/06/15 14:20,05F0287S,05F0309S,42,0,0
2026/06/15 14:20,05F0287S,05F0309S,5,0,0
2026/06/15 14:20,05F0309S,05F0439S,31,887,43
2026/06/15 14:20,05F0309S,05F0439S,32,891,20
2026/06/15 14:20,05F0309S,05F0439S,41,912,3
2026/06/15 14:20,05F0309S,05F0439S,42,873,1
2026/06/15 14:20,05F0309S,05F0439S,5,876,4
2026/06/15 14:20,05F0439S,05F0494S,31,203,19
2026/06/15 14:20,05F0439S,05F0494S,32,206,12
2026/06/15 14:20,05F0439S,05F0494S,41,0,0
2026/06/15 14:20,05F0439S,05F0494S,42,2719,1
2026/06/15 14:20,05F0439S,05F0494S,5,205,6
2026/06/15 14:25,05F0000S,05F0055S,31,249,98
2026/06/15 14:25,05F0000S,05F0055S,32,255,37
2026/06/15 14:25,05F0000S,05F0055S,41,267,2
2026/06/15 14:25,05F0000S,05F0055S,42,0,0
2026/06/15 14:25,05F0000S,05F0055S,5,0,0
2026/06/15 14:25,05F0055S,05F0287S,31,1005,100
2026/06/15 14:25,05F0055S,05F0287S,32,1015,33
2026/06/15 14:25,05F0055S,05F0287S,41,1030,3
2026/06/15 14:25,05F0055S,05F0287S,42,0,0
2026/06/15 14:25,05F0055S,05F0287S,5,0,0
2026/06/15 14:25,05F0287S,05F0309S,31,85,62
2026/06/15 14:25,05F0287S,05F0309S,32,87,21
2026/06/15 14:25,05F0287S,05F0309S,41,845,2
2026/06/15 14:25,05F0287S,05F0309S,42,0,0
2026/06/15 14:25,05F0287S,05F0309S,5,0,0
2026/06/15 14:25,05F0309S,05F0439S,31,808,52
2026/06/15 14:25,05F0309S,05F0439S,32,870,13
2026/06/15 14:25,05F0309S,05F0439S,41,909,1
2026/06/15 14:25,05F0309S,05F0439S,42,0,0
2026/06/15 14:25,05F0309S,05F0439S,5,836,4
2026/06/15 14:25,05F0439S,05F0494S,31,201,27
2026/06/15 14:25,05F0439S,05F0494S,32,203,11
2026/06/15 14:25,05F0439S,05F0494S,41,0,0
2026/06/15 14:25,05F0439S,05F0494S,42,0,0
2026/06/15 14:25,05F0439S,05F0494S,5,206,3
2026/06/15 14:30,05F0000S,05F0055S,31,251,99
2026/06/15 14:30,05F0000S,05F0055S,32,252,34
2026/06/15 14:30,05F0000S,05F0055S,41,261,4
2026/06/15 14:30,05F0000S,05F0055S,42,0,0
2026/06/15 14:30,05F0000S,05F0055S,5,0,0
2026/06/15 14:30,05F0055S,05F0287S,31,1002,85
2026/06/15 14:30,05F0055S,05F0287S,32,1014,39
2026/06/15 14:30,05F0055S,05F0287S,41,1076,3
2026/06/15 14:30,05F0055S,05F0287S,42,0,0
2026/06/15 14:30,05F0055S,05F0287S,5,0,0
2026/06/15 14:30,05F0287S,05F0309S,31,88,54
2026/06/15 14:30,05F0287S,05F0309S,32,94,23
2026/06/15 14:30,05F0287S,05F0309S,41,91,4
2026/06/15 14:30,05F0287S,05F0309S,42,118,1
2026/06/15 14:30,05F0287S,05F0309S,5,0,0
2026/06/15 14:30,05F0309S,05F0439S,31,804,46
2026/06/15 14:30,05F0309S,05F0439S,32,818,20
2026/06/15 14:30,05F0309S,05F0439S,41,0,0
2026/06/15 14:30,05F0309S,05F0439S,42,826,1
2026/06/15 14:30,05F0309S,05F0439S,5,829,3
2026/06/15 14:30,05F0439S,05F0494S,31,201,33
2026/06/15 14:30,05F0439S,05F0494S,32,222,7
2026/06/15 14:30,05F0439S,05F0494S,41,0,0
2026/06/15 14:30,05F0439S,05F0494S,42,0,0
2026/06/15 14:30,05F0439S,05F0494S,5,219,4
2026/06/15 14:35,05F0000S,05F0055S,31,249,97
2026/06/15 14:35,05F0000S,05F0055S,32,259,23
2026/06/15 14:35,05F0000S,05F0055S,41,255,2
2026/06/15 14:35,05F0000S,05F0055S,42,0,0
2026/06/15 14:35,05F0000S,05F0055S,5,0,0
2026/06/15 14:35,05F0055S,05F0287S,31,1023,90
2026/06/15 14:35,05F0055S,05F0287S,32,1021,40
2026/06/15 14:35,05F0055S,05F0287S,41,1053,4
2026/06/15 14:35,05F0055S,05F0287S,42,0,0
2026/06/15 14:35,05F0055S,05F0287S,5,0,0
2026/06/15 14:35,05F0287S,05F0309S,31,87,56
2026/06/15 14:35,05F0287S,05F0309S,32,89,28
2026/06/15 14:35,05F0287S,05F0309S,41,94,3
2026/06/15 14:35,05F0287S,05F0309S,42,0,0
2026/06/15 14:35,05F0287S,05F0309S,5,0,0
2026/06/15 14:35,05F0309S,05F0439S,31,743,57
2026/06/15 14:35,05F0309S,05F0439S,32,748,17
2026/06/15 14:35,05F0309S,05F0439S,41,796,3
2026/06/15 14:35,05F0309S,05F0439S,42,776,2
2026/06/15 14:35,05F0309S,05F0439S,5,765,5
2026/06/15 14:35,05F0439S,05F0494S,31,205,27
2026/06/15 14:35,05F0439S,05F0494S,32,201,11
2026/06/15 14:35,05F0439S,05F0494S,41,0,0
2026/06/15 14:35,05F0439S,05F0494S,42,219,1
2026/06/15 14:35,05F0439S,05F0494S,5,221,2
2026/06/15 14:40,05F0000S,05F0055S,31,250,90
2026/06/15 14:40,05F0000S,05F0055S,32,255,26
2026/06/15 14:40,05F0000S,05F0055S,41,261,5
2026/06/15 14:40,05F0000S,05F0055S,42,0,0
2026/06/15 14:40,05F0000S,05F0055S,5,0,0
2026/06/15 14:40,05F0055S,05F0287S,31,1012,102
2026/06/15 14:40,05F0055S,05F0287S,32,1032,36
2026/06/15 14:40,05F0055S,05F0287S,41,1069,1
2026/06/15 14:40,05F0055S,05F0287S,42,0,0
2026/06/15 14:40,05F0055S,05F0287S,5,0,0
2026/06/15 14:40,05F0287S,05F0309S,31,87,78
2026/06/15 14:40,05F0287S,05F0309S,32,92,32
2026/06/15 14:40,05F0287S,05F0309S,41,93,1
2026/06/15 14:40,05F0287S,05F0309S,42,0,0
2026/06/15 14:40,05F0287S,05F0309S,5,0,0
2026/06/15 14:40,05F0309S,05F0439S,31,730,37
2026/06/15 14:40,05F0309S,05F0439S,32,740,18
2026/06/15 14:40,05F0309S,05F0439S,41,804,1
2026/06/15 14:40,05F0309S,05F0439S,42,791,3
2026/06/15 14:40,05F0309S,05F0439S,5,768,5
2026/06/15 14:40,05F0439S,05F0494S,31,203,19
2026/06/15 14:40,05F0439S,05F0494S,32,202,4
2026/06/15 14:40,05F0439S,05F0494S,41,0,0
2026/06/15 14:40,05F0439S,05F0494S,42,212,3
2026/06/15 14:40,05F0439S,05F0494S,5,216,4
2026/06/15 14:45,05F0000S,05F0055S,31,255,100
2026/06/15 14:45,05F0000S,05F0055S,32,254,41
2026/06/15 14:45,05F0000S,05F0055S,41,259,3
2026/06/15 14:45,05F0000S,05F0055S,42,0,0
2026/06/15 14:45,05F0000S,05F0055S,5,0,0
2026/06/15 14:45,05F0055S,05F0287S,31,998,102
2026/06/15 14:45,05F0055S,05F0287S,32,1009,35
2026/06/15 14:45,05F0055S,05F0287S,41,1040,6
2026/06/15 14:45,05F0055S,05F0287S,42,0,0
2026/06/15 14:45,05F0055S,05F0287S,5,0,0
2026/06/15 14:45,05F0287S,05F0309S,31,85,62
2026/06/15 14:45,05F0287S,05F0309S,32,88,24
2026/06/15 14:45,05F0287S,05F0309S,41,92,4
2026/06/15 14:45,05F0287S,05F0309S,42,0,0
2026/06/15 14:45,05F0287S,05F0309S,5,0,0
2026/06/15 14:45,05F0309S,05F0439S,31,725,47
2026/06/15 14:45,05F0309S,05F0439S,32,747,22
2026/06/15 14:45,05F0309S,05F0439S,41,780,2
2026/06/15 14:45,05F0309S,05F0439S,42,819,3
2026/06/15 14:45,05F0309S,05F0439S,5,775,2
2026/06/15 14:45,05F0439S,05F0494S,31,197,14
2026/06/15 14:45,05F0439S,05F0494S,32,207,10
2026/06/15 14:45,05F0439S,05F0494S,41,221,2
2026/06/15 14:45,05F0439S,05F0494S,42,256,1
2026/06/15 14:45,05F0439S,05F0494S,5,206,8
2026/06/15 14:50,05F0000S,05F0055S,31,246,101
2026/06/15 14:50,05F0000S,05F0055S,32,249,28
2026/06/15 14:50,05F0000S,05F0055S,41,249,3
2026/06/15 14:50,05F0000S,05F0055S,42,0,0
2026/06/15 14:50,05F0000S,05F0055S,5,0,0
2026/06/15 14:50,05F0055S,05F0287S,31,1010,105
2026/06/15 14:50,05F0055S,05F0287S,32,1021,30
2026/06/15 14:50,05F0055S,05F0287S,41,1049,3
2026/06/15 14:50,05F0055S,05F0287S,42,0,0
2026/06/15 14:50,05F0055S,05F0287S,5,0,0
2026/06/15 14:50,05F0287S,05F0309S,31,87,57
2026/06/15 14:50,05F0287S,05F0309S,32,89,32
2026/06/15 14:50,05F0287S,05F0309S,41,94,4
2026/06/15 14:50,05F0287S,05F0309S,42,0,0
2026/06/15 14:50,05F0287S,05F0309S,5,0,0
2026/06/15 14:50,05F0309S,05F0439S,31,682,48
2026/06/15 14:50,05F0309S,05F0439S,32,701,16
2026/06/15 14:50,05F0309S,05F0439S,41,682,1
2026/06/15 14:50,05F0309S,05F0439S,42,755,3
2026/06/15 14:50,05F0309S,05F0439S,5,708,3
2026/06/15 14:50,05F0439S,05F0494S,31,203,19
2026/06/15 14:50,05F0439S,05F0494S,32,208,7
2026/06/15 14:50,05F0439S,05F0494S,41,0,0
2026/06/15 14:50,05F0439S,05F0494S,42,224,1
2026/06/15 14:50,05F0439S,05F0494S,5,203,1
2026/06/15 14:55,05F0000S,05F0055S,31,251,93
2026/06/15 14:55,05F0000S,05F0055S,32,247,36
2026/06/15 14:55,05F0000S,05F0055S,41,269,4
2026/06/15 14:55,05F0000S,05F0055S,42,0,0
2026/06/15 14:55,05F0000S,05F0055S,5,0,0
2026/06/15 14:55,05F0055S,05F0287S,31,999,115
2026/06/15 14:55,05F0055S,05F0287S,32,1003,37
2026/06/15 14:55,05F0055S,05F0287S,41,1052,4
2026/06/15 14:55,05F0055S,05F0287S,42,0,0
2026/06/15 14:55,05F0055S,05F0287S,5,0,0
2026/06/15 14:55,05F0287S,05F0309S,31,90,77
2026/06/15 14:55,05F0287S,05F0309S,32,91,33
2026/06/15 14:55,05F0287S,05F0309S,41,103,4
2026/06/15 14:55,05F0287S,05F0309S,42,0,0
2026/06/15 14:55,05F0287S,05F0309S,5,0,0
2026/06/15 14:55,05F0309S,05F0439S,31,710,53
2026/06/15 14:55,05F0309S,05F0439S,32,716,20
2026/06/15 14:55,05F0309S,05F0439S,41,725,3
2026/06/15 14:55,05F0309S,05F0439S,42,726,2
2026/06/15 14:55,05F0309S,05F0439S,5,748,6
2026/06/15 14:55,05F0439S,05F0494S,31,205,19
2026/06/15 14:55,05F0439S,05F0494S,32,223,4
2026/06/15 14:55,05F0439S,05F0494S,41,0,0
2026/06/15 14:55,05F0439S,05F0494S,42,0,0
2026/06/15 14:55,05F0439S,05F0494S,5,203,4
2026/06/15 15:00,05F0000S,05F0055S,31,247,108
2026/06/15 15:00,05F0000S,05F0055S,32,244,33
2026/06/15 15:00,05F0000S,05F0055S,41,245,4
2026/06/15 15:00,05F0000S,05F0055S,42,0,0
2026/06/15 15:00,05F0000S,05F0055S,5,0,0
2026/06/15 15:00,05F0055S,05F0287S,31,997,82
2026/06/15 15:00,05F0055S,05F0287S,32,997,42
2026/06/15 15:00,05F0055S,05F0287S,41,1030,3
2026/06/15 15:00,05F0055S,05F0287S,42,0,0
2026/06/15 15:00,05F0055S,05F0287S,5,0,0
2026/06/15 15:00,05F0287S,05F0309S,31,87,59
2026/06/15 15:00,05F0287S,05F0309S,32,88,26
2026/06/15 15:00,05F0287S,05F0309S,41,89,2
2026/06/15 15:00,05F0287S,05F0309S,42,0,0
2026/06/15 15:00,05F0287S,05F0309S,5,0,0
2026/06/15 15:00,05F0309S,05F0439S,31,688,38
2026/06/15 15:00,05F0309S,05F0439S,32,698,21
2026/06/15 15:00,05F0309S,05F0439S,41,766,3
2026/06/15 15:00,05F0309S,05F0439S,42,802,3
2026/06/15 15:00,05F0309S,05F0439S,5,740,6
2026/06/15 15:00,05F0439S,05F0494S,31,207,25
2026/06/15 15:00,05F0439S,05F0494S,32,213,10
2026/06/15 15:00,05F0439S,05F0494S,41,0,0
2026/06/15 15:00,05F0439S,05F0494S,42,211,2
2026/06/15 15:00,05F0439S,05F0494S,5,212,8
2026/06/15 15:05,05F0000S,05F0055S,31,242,89
2026/06/15 15:05,05F0000S,05F0055S,32,247,35
2026/06/15 15:05,05F0000S,05F0055S,41,256,2
2026/06/15 15:05,05F0000S,05F0055S,42,0,0
2026/06/15 15:05,05F0000S,05F0055S,5,0,0
2026/06/15 15:05,05F0055S,05F0287S,31,1004,118
2026/06/15 15:05,05F0055S,05F0287S,32,994,29
2026/06/15 15:05,05F0055S,05F0287S,41,1030,5
2026/06/15 15:05,05F0055S,05F0287S,42,0,0
2026/06/15 15:05,05F0055S,05F0287S,5,0,0
2026/06/15 15:05,05F0287S,05F0309S,31,88,75
2026/06/15 15:05,05F0287S,05F0309S,32,87,24
2026/06/15 15:05,05F0287S,05F0309S,41,92,5
2026/06/15 15:05,05F0287S,05F0309S,42,0,0
2026/06/15 15:05,05F0287S,05F0309S,5,0,0
2026/06/15 15:05,05F0309S,05F0439S,31,689,42
2026/06/15 15:05,05F0309S,05F0439S,32,688,17
2026/06/15 15:05,05F0309S,05F0439S,41,0,0
2026/06/15 15:05,05F0309S,05F0439S,42,742,1
2026/06/15 15:05,05F0309S,05F0439S,5,735,7
2026/06/15 15:05,05F0439S,05F0494S,31,210,23
2026/06/15 15:05,05F0439S,05F0494S,32,221,6
2026/06/15 15:05,05F0439S,05F0494S,41,231,1
2026/06/15 15:05,05F0439S,05F0494S,42,212,1
2026/06/15 15:05,05F0439S,05F0494S,5,210,5
2026/06/15 15:10,05F0000S,05F0055S,31,243,86
2026/06/15 15:10,05F0000S,05F0055S,32,249,35
2026/06/15 15:10,05F0000S,05F0055S,41,259,1
2026/06/15 15:10,05F0000S,05F0055S,42,0,0
2026/06/15 15:10,05F0000S,05F0055S,5,0,0
2026/06/15 15:10,05F0055S,05F0287S,31,996,93
2026/06/15 15:10,05F0055S,05F0287S,32,999,37
2026/06/15 15:10,05F0055S,05F0287S,41,0,0
2026/06/15 15:10,05F0055S,05F0287S,42,0,0
2026/06/15 15:10,05F0055S,05F0287S,5,0,0
2026/06/15 15:10,05F0287S,05F0309S,31,87,67
2026/06/15 15:10,05F0287S,05F0309S,32,88,27
2026/06/15 15:10,05F0287S,05F0309S,41,0,0
2026/06/15 15:10,05F0287S,05F0309S,42,0,0
2026/06/15 15:10,05F0287S,05F0309S,5,0,0
2026/06/15 15:10,05F0309S,05F0439S,31,747,34
2026/06/15 15:10,05F0309S,05F0439S,32,751,12
2026/06/15 15:10,05F0309S,05F0439S,41,757,3
2026/06/15 15:10,05F0309S,05F0439S,42,0,0
2026/06/15 15:10,05F0309S,05F0439S,5,769,4
2026/06/15 15:10,05F0439S,05F0494S,31,202,15
2026/06/15 15:10,05F0439S,05F0494S,32,215,9
2026/06/15 15:10,05F0439S,05F0494S,41,0,0
2026/06/15 15:10,05F0439S,05F0494S,42,220,1
2026/06/15 15:10,05F0439S,05F0494S,5,209,7
2026/06/15 15:15,05F0000S,05F0055S,31,247,84
2026/06/15 15:15,05F0000S,05F0055S,32,249,39
2026/06/15 15:15,05F0000S,05F0055S,41,250,7
2026/06/15 15:15,05F0000S,05F0055S,42,0,0
2026/06/15 15:15,05F0000S,05F0055S,5,0,0
2026/06/15 15:15,05F0055S,05F0287S,31,1043,97
2026/06/15 15:15,05F0055S,05F0287S,32,1045,36
2026/06/15 15:15,05F0055S,05F0287S,41,1108,7
2026/06/15 15:15,05F0055S,05F0287S,42,0,0
2026/06/15 15:15,05F0055S,05F0287S,5,0,0
2026/06/15 15:15,05F0287S,05F0309S,31,86,63
2026/06/15 15:15,05F0287S,05F0309S,32,89,26
2026/06/15 15:15,05F0287S,05F0309S,41,0,0
2026/06/15 15:15,05F0287S,05F0309S,42,0,0
2026/06/15 15:15,05F0287S,05F0309S,5,0,0
2026/06/15 15:15,05F0309S,05F0439S,31,717,47
2026/06/15 15:15,05F0309S,05F0439S,32,733,26
2026/06/15 15:15,05F0309S,05F0439S,41,799,2
2026/06/15 15:15,05F0309S,05F0439S,42,764,1
2026/06/15 15:15,05F0309S,05F0439S,5,728,5
2026/06/15 15:15,05F0439S,05F0494S,31,208,27
2026/06/15 15:15,05F0439S,05F0494S,32,204,8
2026/06/15 15:15,05F0439S,05F0494S,41,236,1
2026/06/15 15:15,05F0439S,05F0494S,42,193,1
2026/06/15 15:15,05F0439S,05F0494S,5,222,4
2026/06/15 15:20,05F0000S,05F0055S,31,253,99
2026/06/15 15:20,05F0000S,05F0055S,32,252,36
2026/06/15 15:20,05F0000S,05F0055S,41,252,1
2026/06/15 15:20,05F0000S,05F0055S,42,0,0
2026/06/15 15:20,05F0000S,05F0055S,5,0,0
2026/06/15 15:20,05F0055S,05F0287S,31,1023,115
2026/06/15 15:20,05F0055S,05F0287S,32,1026,42
2026/06/15 15:20,05F0055S,05F0287S,41,1027,2
2026/06/15 15:20,05F0055S,05F0287S,42,0,0
2026/06/15 15:20,05F0055S,05F0287S,5,0,0
2026/06/15 15:20,05F0287S,05F0309S,31,87,94
2026/06/15 15:20,05F0287S,05F0309S,32,86,35
2026/06/15 15:20,05F0287S,05F0309S,41,94,4
2026/06/15 15:20,05F0287S,05F0309S,42,0,0
2026/06/15 15:20,05F0287S,05F0309S,5,0,0
2026/06/15 15:20,05F0309S,05F0439S,31,704,50
2026/06/15 15:20,05F0309S,05F0439S,32,721,16
2026/06/15 15:20,05F0309S,05F0439S,41,738,2
2026/06/15 15:20,05F0309S,05F0439S,42,0,0
2026/06/15 15:20,05F0309S,05F0439S,5,735,2
2026/06/15 15:20,05F0439S,05F0494S,31,200,26
2026/06/15 15:20,05F0439S,05F0494S,32,218,6
2026/06/15 15:20,05F0439S,05F0494S,41,216,1
2026/06/15 15:20,05F0439S,05F0494S,42,0,0
2026/06/15 15:20,05F0439S,05F0494S,5,230,7
2026/06/15 15:25,05F0000S,05F0055S,31,251,88
2026/06/15 15:25,05F0000S,05F0055S,32,247,30
2026/06/15 15:25,05F0000S,05F0055S,41,256,1
2026/06/15 15:25,05F0000S,05F0055S,42,0,0
2026/06/15 15:25,05F0000S,05F0055S,5,0,0
2026/06/15 15:25,05F0055S,05F0287S,31,1010,106
2026/06/15 15:25,05F0055S,05F0287S,32,1010,39
2026/06/15 15:25,05F0055S,05F0287S,41,1052,2
2026/06/15 15:25,05F0055S,05F0287S,42,0,0
2026/06/15 15:25,05F0055S,05F0287S,5,0,0
2026/06/15 15:25,05F0287S,05F0309S,31,86,69
2026/06/15 15:25,05F0287S,05F0309S,32,87,29
2026/06/15 15:25,05F0287S,05F0309S,41,94,1
2026/06/15 15:25,05F0287S,05F0309S,42,0,0
2026/06/15 15:25,05F0287S,05F0309S,5,0,0
2026/06/15 15:25,05F0309S,05F0439S,31,664,47
2026/06/15 15:25,05F0309S,05F0439S,32,655,19
2026/06/15 15:25,05F0309S,05F0439S,41,705,1
2026/06/15 15:25,05F0309S,05F0439S,42,730,1
2026/06/15 15:25,05F0309S,05F0439S,5,747,4
2026/06/15 15:25,05F0439S,05F0494S,31,209,27
2026/06/15 15:25,05F0439S,05F0494S,32,217,13
2026/06/15 15:25,05F0439S,05F0494S,41,252,1
2026/06/15 15:25,05F0439S,05F0494S,42,0,0
2026/06/15 15:25,05F0439S,05F0494S,5,206,1
2026/06/15 15:30,05F0000S,05F0055S,31,248,98
2026/06/15 15:30,05F0000S,05F0055S,32,249,34
2026/06/15 15:30,05F0000S,05F0055S,41,262,4
2026/06/15 15:30,05F0000S,05F0055S,42,0,0
2026/06/15 15:30,05F0000S,05F0055S,5,0,0
2026/06/15 15:30,05F0055S,05F0287S,31,1011,88
2026/06/15 15:30,05F0055S,05F0287S,32,1006,34
2026/06/15 15:30,05F0055S,05F0287S,41,1022,4
2026/06/15 15:30,05F0055S,05F0287S,42,0,0
2026/06/15 15:30,05F0055S,05F0287S,5,0,0
2026/06/15 15:30,05F0287S,05F0309S,31,88,71
2026/06/15 15:30,05F0287S,05F0309S,32,86,22
2026/06/15 15:30,05F0287S,05F0309S,41,95,2
2026/06/15 15:30,05F0287S,05F0309S,42,0,0
2026/06/15 15:30,05F0287S,05F0309S,5,0,0
2026/06/15 15:30,05F0309S,05F0439S,31,653,47
2026/06/15 15:30,05F0309S,05F0439S,32,660,16
2026/06/15 15:30,05F0309S,05F0439S,41,694,1
2026/06/15 15:30,05F0309S,05F0439S,42,662,1
2026/06/15 15:30,05F0309S,05F0439S,5,645,3
2026/06/15 15:30,05F0439S,05F0494S,31,207,20
2026/06/15 15:30,05F0439S,05F0494S,32,220,6
2026/06/15 15:30,05F0439S,05F0494S,41,0,0
2026/06/15 15:30,05F0439S,05F0494S,42,0,0
2026/06/15 15:30,05F0439S,05F0494S,5,222,6
2026/06/15 15:35,05F0000S,05F0055S,31,249,94
2026/06/15 15:35,05F0000S,05F0055S,32,252,31
2026/06/15 15:35,05F0000S,05F0055S,41,263,2
2026/06/15 15:35,05F0000S,05F0055S,42,0,0
2026/06/15 15:35,05F0000S,05F0055S,5,0,0
2026/06/15 15:35,05F0055S,05F0287S,31,997,93
2026/06/15 15:35,05F0055S,05F0287S,32,1012,47
2026/06/15 15:35,05F0055S,05F0287S,41,1039,4
2026/06/15 15:35,05F0055S,05F0287S,42,0,0
2026/06/15 15:35,05F0055S,05F0287S,5,0,0
2026/06/15 15:35,05F0287S,05F0309S,31,86,70
2026/06/15 15:35,05F0287S,05F0309S,32,89,34
2026/06/15 15:35,05F0287S,05F0309S,41,90,5
2026/06/15 15:35,05F0287S,05F0309S,42,0,0
2026/06/15 15:35,05F0287S,05F0309S,5,0,0
2026/06/15 15:35,05F0309S,05F0439S,31,687,42
2026/06/15 15:35,05F0309S,05F0439S,32,689,19
2026/06/15 15:35,05F0309S,05F0439S,41,714,1
2026/06/15 15:35,05F0309S,05F0439S,42,752,2
2026/06/15 15:35,05F0309S,05F0439S,5,0,0
2026/06/15 15:35,05F0439S,05F0494S,31,197,12
2026/06/15 15:35,05F0439S,05F0494S,32,217,11
2026/06/15 15:35,05F0439S,05F0494S,41,0,0
2026/06/15 15:35,05F0439S,05F0494S,42,230,1
2026/06/15 15:35,05F0439S,05F0494S,5,204,3
2026/06/15 15:40,05F0000S,05F0055S,31,248,100
2026/06/15 15:40,05F0000S,05F0055S,32,250,29
2026/06/15 15:40,05F0000S,05F0055S,41,252,3
2026/06/15 15:40,05F0000S,05F0055S,42,0,0
2026/06/15 15:40,05F0000S,05F0055S,5,0,0
2026/06/15 15:40,05F0055S,05F0287S,31,1011,102
2026/06/15 15:40,05F0055S,05F0287S,32,1010,32
2026/06/15 15:40,05F0055S,05F0287S,41,1015,1
2026/06/15 15:40,05F0055S,05F0287S,42,0,0
2026/06/15 15:40,05F0055S,05F0287S,5,0,0
2026/06/15 15:40,05F0287S,05F0309S,31,90,62
2026/06/15 15:40,05F0287S,05F0309S,32,88,22
2026/06/15 15:40,05F0287S,05F0309S,41,93,1
2026/06/15 15:40,05F0287S,05F0309S,42,0,0
2026/06/15 15:40,05F0287S,05F0309S,5,0,0
2026/06/15 15:40,05F0309S,05F0439S,31,664,43
2026/06/15 15:40,05F0309S,05F0439S,32,673,18
2026/06/15 15:40,05F0309S,05F0439S,41,743,1
2026/06/15 15:40,05F0309S,05F0439S,42,0,0
2026/06/15 15:40,05F0309S,05F0439S,5,698,3
2026/06/15 15:40,05F0439S,05F0494S,31,208,25
2026/06/15 15:40,05F0439S,05F0494S,32,212,13
2026/06/15 15:40,05F0439S,05F0494S,41,0,0
2026/06/15 15:40,05F0439S,05F0494S,42,257,1
2026/06/15 15:40,05F0439S,05F0494S,5,0,0
2026/06/15 15:45,05F0000S,05F0055S,31,248,77
2026/06/15 15:45,05F0000S,05F0055S,32,246,43
2026/06/15 15:45,05F0000S,05F0055S,41,0,0
2026/06/15 15:45,05F0000S,05F0055S,42,274,1
2026/06/15 15:45,05F0000S,05F0055S,5,0,0
2026/06/15 15:45,05F0055S,05F0287S,31,1005,80
2026/06/15 15:45,05F0055S,05F0287S,32,985,28
2026/06/15 15:45,05F0055S,05F0287S,41,0,0
2026/06/15 15:45,05F0055S,05F0287S,42,0,0
2026/06/15 15:45,05F0055S,05F0287S,5,0,0
2026/06/15 15:45,05F0287S,05F0309S,31,89,62
2026/06/15 15:45,05F0287S,05F0309S,32,86,22
2026/06/15 15:45,05F0287S,05F0309S,41,0,0
2026/06/15 15:45,05F0287S,05F0309S,42,0,0
2026/06/15 15:45,05F0287S,05F0309S,5,0,0
2026/06/15 15:45,05F0309S,05F0439S,31,678,50
2026/06/15 15:45,05F0309S,05F0439S,32,692,19
2026/06/15 15:45,05F0309S,05F0439S,41,672,1
2026/06/15 15:45,05F0309S,05F0439S,42,633,2
2026/06/15 15:45,05F0309S,05F0439S,5,698,2
2026/06/15 15:45,05F0439S,05F0494S,31,203,15
2026/06/15 15:45,05F0439S,05F0494S,32,200,6
2026/06/15 15:45,05F0439S,05F0494S,41,0,0
2026/06/15 15:45,05F0439S,05F0494S,42,201,1
2026/06/15 15:45,05F0439S,05F0494S,5,202,1
2026/06/15 15:50,05F0000S,05F0055S,31,237,74
2026/06/15 15:50,05F0000S,05F0055S,32,246,30
2026/06/15 15:50,05F0000S,05F0055S,41,248,6
2026/06/15 15:50,05F0000S,05F0055S,42,0,0
2026/06/15 15:50,05F0000S,05F0055S,5,0,0
2026/06/15 15:50,05F0055S,05F0287S,31,1010,113
2026/06/15 15:50,05F0055S,05F0287S,32,1010,45
2026/06/15 15:50,05F0055S,05F0287S,41,1045,5
2026/06/15 15:50,05F0055S,05F0287S,42,0,0
2026/06/15 15:50,05F0055S,05F0287S,5,0,0
2026/06/15 15:50,05F0287S,05F0309S,31,87,72
2026/06/15 15:50,05F0287S,05F0309S,32,88,29
2026/06/15 15:50,05F0287S,05F0309S,41,92,3
2026/06/15 15:50,05F0287S,05F0309S,42,126,1
2026/06/15 15:50,05F0287S,05F0309S,5,0,0
2026/06/15 15:50,05F0309S,05F0439S,31,648,47
2026/06/15 15:50,05F0309S,05F0439S,32,688,18
2026/06/15 15:50,05F0309S,05F0439S,41,668,2
2026/06/15 15:50,05F0309S,05F0439S,42,0,0
2026/06/15 15:50,05F0309S,05F0439S,5,665,4
2026/06/15 15:50,05F0439S,05F0494S,31,199,23
2026/06/15 15:50,05F0439S,05F0494S,32,210,10
2026/06/15 15:50,05F0439S,05F0494S,41,0,0
2026/06/15 15:50,05F0439S,05F0494S,42,178,1
2026/06/15 15:50,05F0439S,05F0494S,5,238,7
2026/06/15 15:55,05F0000S,05F0055S,31,245,81
2026/06/15 15:55,05F0000S,05F0055S,32,243,24
2026/06/15 15:55,05F0000S,05F0055S,41,278,5
2026/06/15 15:55,05F0000S,05F0055S,42,0,0
2026/06/15 15:55,05F0000S,05F0055S,5,0,0
2026/06/15 15:55,05F0055S,05F0287S,31,1008,113
2026/06/15 15:55,05F0055S,05F0287S,32,1012,28
2026/06/15 15:55,05F0055S,05F0287S,41,1039,2
2026/06/15 15:55,05F0055S,05F0287S,42,0,0
2026/06/15 15:55,05F0055S,05F0287S,5,0,0
2026/06/15 15:55,05F0287S,05F0309S,31,87,80
2026/06/15 15:55,05F0287S,05F0309S,32,87,23
2026/06/15 15:55,05F0287S,05F0309S,41,93,2
2026/06/15 15:55,05F0287S,05F0309S,42,0,0
2026/06/15 15:55,05F0287S,05F0309S,5,0,0
2026/06/15 15:55,05F0309S,05F0439S,31,633,55
2026/06/15 15:55,05F0309S,05F0439S,32,631,20
2026/06/15 15:55,05F0309S,05F0439S,41,697,1
2026/06/15 15:55,05F0309S,05F0439S,42,659,1
2026/06/15 15:55,05F0309S,05F0439S,5,652,6
2026/06/15 15:55,05F0439S,05F0494S,31,208,30
2026/06/15 15:55,05F0439S,05F0494S,32,203,10
2026/06/15 15:55,05F0439S,05F0494S,41,0,0
2026/06/15 15:55,05F0439S,05F0494S,42,202,1
2026/06/15 15:55,05F0439S,05F0494S,5,213,4
2026/06/15 16:00,05F0000S,05F0055S,31,246,85
2026/06/15 16:00,05F0000S,05F0055S,32,244,26
2026/06/15 16:00,05F0000S,05F0055S,41,238,4
2026/06/15 16:00,05F0000S,05F0055S,42,0,0
2026/06/15 16:00,05F0000S,05F0055S,5,0,0
2026/06/15 16:00,05F0055S,05F0287S,31,1014,95
2026/06/15 16:00,05F0055S,05F0287S,32,1007,46
2026/06/15 16:00,05F0055S,05F0287S,41,1074,2
2026/06/15 16:00,05F0055S,05F0287S,42,0,0
2026/06/15 16:00,05F0055S,05F0287S,5,0,0
2026/06/15 16:00,05F0287S,05F0309S,31,88,76
2026/06/15 16:00,05F0287S,05F0309S,32,90,35
2026/06/15 16:00,05F0287S,05F0309S,41,96,1
2026/06/15 16:00,05F0287S,05F0309S,42,0,0
2026/06/15 16:00,05F0287S,05F0309S,5,0,0
2026/06/15 16:00,05F0309S,05F0439S,31,533,52
2026/06/15 16:00,05F0309S,05F0439S,32,539,24
2026/06/15 16:00,05F0309S,05F0439S,41,590,2
2026/06/15 16:00,05F0309S,05F0439S,42,547,1
2026/06/15 16:00,05F0309S,05F0439S,5,574,4
2026/06/15 16:00,05F0439S,05F0494S,31,199,19
2026/06/15 16:00,05F0439S,05F0494S,32,213,8
2026/06/15 16:00,05F0439S,05F0494S,41,0,0
2026/06/15 16:00,05F0439S,05F0494S,42,0,0
2026/06/15 16:00,05F0439S,05F0494S,5,201,4
2026/06/15 16:05,05F0000S,05F0055S,31,244,74
2026/06/15 16:05,05F0000S,05F0055S,32,244,15
2026/06/15 16:05,05F0000S,05F0055S,41,257,2
2026/06/15 16:05,05F0000S,05F0055S,42,0,0
2026/06/15 16:05,05F0000S,05F0055S,5,0,0
2026/06/15 16:05,05F0055S,05F0287S,31,996,89
2026/06/15 16:05,05F0055S,05F0287S,32,1005,43
2026/06/15 16:05,05F0055S,05F0287S,41,1033,2
2026/06/15 16:05,05F0055S,05F0287S,42,1074,1
2026/06/15 16:05,05F0055S,05F0287S,5,0,0
2026/06/15 16:05,05F0287S,05F0309S,31,87,63
2026/06/15 16:05,05F0287S,05F0309S,32,89,33
2026/06/15 16:05,05F0287S,05F0309S,41,0,0
2026/06/15 16:05,05F0287S,05F0309S,42,0,0
2026/06/15 16:05,05F0287S,05F0309S,5,0,0
2026/06/15 16:05,05F0309S,05F0439S,31,482,53
2026/06/15 16:05,05F0309S,05F0439S,32,472,10
2026/06/15 16:05,05F0309S,05F0439S,41,521,1
2026/06/15 16:05,05F0309S,05F0439S,42,493,1
2026/06/15 16:05,05F0309S,05F0439S,5,521,8
2026/06/15 16:05,05F0439S,05F0494S,31,205,22
2026/06/15 16:05,05F0439S,05F0494S,32,201,13
2026/06/15 16:05,05F0439S,05F0494S,41,0,0
2026/06/15 16:05,05F0439S,05F0494S,42,258,1
2026/06/15 16:05,05F0439S,05F0494S,5,211,7
2026/06/15 16:10,05F0000S,05F0055S,31,245,89
2026/06/15 16:10,05F0000S,05F0055S,32,245,26
2026/06/15 16:10,05F0000S,05F0055S,41,255,7
2026/06/15 16:10,05F0000S,05F0055S,42,0,0
2026/06/15 16:10,05F0000S,05F0055S,5,0,0
2026/06/15 16:10,05F0055S,05F0287S,31,982,79
2026/06/15 16:10,05F0055S,05F0287S,32,997,20
2026/06/15 16:10,05F0055S,05F0287S,41,1037,8
2026/06/15 16:10,05F0055S,05F0287S,42,0,0
2026/06/15 16:10,05F0055S,05F0287S,5,0,0
2026/06/15 16:10,05F0287S,05F0309S,31,88,61
2026/06/15 16:10,05F0287S,05F0309S,32,89,26
2026/06/15 16:10,05F0287S,05F0309S,41,90,6
2026/06/15 16:10,05F0287S,05F0309S,42,0,0
2026/06/15 16:10,05F0287S,05F0309S,5,0,0
2026/06/15 16:10,05F0309S,05F0439S,31,477,58
2026/06/15 16:10,05F0309S,05F0439S,32,488,20
2026/06/15 16:10,05F0309S,05F0439S,41,563,2
2026/06/15 16:10,05F0309S,05F0439S,42,542,1
2026/06/15 16:10,05F0309S,05F0439S,5,491,3
2026/06/15 16:10,05F0439S,05F0494S,31,206,28
2026/06/15 16:10,05F0439S,05F0494S,32,205,8
2026/06/15 16:10,05F0439S,05F0494S,41,0,0
2026/06/15 16:10,05F0439S,05F0494S,42,0,0
2026/06/15 16:10,05F0439S,05F0494S,5,222,3
2026/06/15 16:15,05F0000S,05F0055S,31,237,86
2026/06/15 16:15,05F0000S,05F0055S,32,246,31
2026/06/15 16:15,05F0000S,05F0055S,41,234,1
2026/06/15 16:15,05F0000S,05F0055S,42,243,1
2026/06/15 16:15,05F0000S,05F0055S,5,0,0
2026/06/15 16:15,05F0055S,05F0287S,31,971,85
2026/06/15 16:15,05F0055S,05F0287S,32,966,32
2026/06/15 16:15,05F0055S,05F0287S,41,1019,4
2026/06/15 16:15,05F0055S,05F0287S,42,0,0
2026/06/15 16:15,05F0055S,05F0287S,5,0,0
2026/06/15 16:15,05F0287S,05F0309S,31,86,54
2026/06/15 16:15,05F0287S,05F0309S,32,90,21
2026/06/15 16:15,05F0287S,05F0309S,41,99,3
2026/06/15 16:15,05F0287S,05F0309S,42,0,0
2026/06/15 16:15,05F0287S,05F0309S,5,0,0
2026/06/15 16:15,05F0309S,05F0439S,31,487,45
2026/06/15 16:15,05F0309S,05F0439S,32,501,23
2026/06/15 16:15,05F0309S,05F0439S,41,0,0
2026/06/15 16:15,05F0309S,05F0439S,42,618,1
2026/06/15 16:15,05F0309S,05F0439S,5,481,1
2026/06/15 16:15,05F0439S,05F0494S,31,200,25
2026/06/15 16:15,05F0439S,05F0494S,32,215,12
2026/06/15 16:15,05F0439S,05F0494S,41,0,0
2026/06/15 16:15,05F0439S,05F0494S,42,216,1
2026/06/15 16:15,05F0439S,05F0494S,5,204,3
2026/06/15 16:20,05F0000S,05F0055S,31,244,92
2026/06/15 16:20,05F0000S,05F0055S,32,250,30
2026/06/15 16:20,05F0000S,05F0055S,41,245,4
2026/06/15 16:20,05F0000S,05F0055S,42,0,0
2026/06/15 16:20,05F0000S,05F0055S,5,0,0
2026/06/15 16:20,05F0055S,05F0287S,31,1000,91
2026/06/15 16:20,05F0055S,05F0287S,32,995,26
2026/06/15 16:20,05F0055S,05F0287S,41,1089,3
2026/06/15 16:20,05F0055S,05F0287S,42,0,0
2026/06/15 16:20,05F0055S,05F0287S,5,0,0
2026/06/15 16:20,05F0287S,05F0309S,31,88,61
2026/06/15 16:20,05F0287S,05F0309S,32,92,23
2026/06/15 16:20,05F0287S,05F0309S,41,89,2
2026/06/15 16:20,05F0287S,05F0309S,42,0,0
2026/06/15 16:20,05F0287S,05F0309S,5,0,0
2026/06/15 16:20,05F0309S,05F0439S,31,476,31
2026/06/15 16:20,05F0309S,05F0439S,32,497,11
2026/06/15 16:20,05F0309S,05F0439S,41,520,3
2026/06/15 16:20,05F0309S,05F0439S,42,0,0
2026/06/15 16:20,05F0309S,05F0439S,5,488,6
2026/06/15 16:20,05F0439S,05F0494S,31,211,17
2026/06/15 16:20,05F0439S,05F0494S,32,216,14
2026/06/15 16:20,05F0439S,05F0494S,41,0,0
2026/06/15 16:20,05F0439S,05F0494S,42,261,1
2026/06/15 16:20,05F0439S,05F0494S,5,203,5
2026/06/15 16:25,05F0000S,05F0055S,31,238,86
2026/06/15 16:25,05F0000S,05F0055S,32,244,38
2026/06/15 16:25,05F0000S,05F0055S,41,268,4
2026/06/15 16:25,05F0000S,05F0055S,42,273,3
2026/06/15 16:25,05F0000S,05F0055S,5,0,0
2026/06/15 16:25,05F0055S,05F0287S,31,969,96
2026/06/15 16:25,05F0055S,05F0287S,32,966,19
2026/06/15 16:25,05F0055S,05F0287S,41,1006,6
2026/06/15 16:25,05F0055S,05F0287S,42,0,0
2026/06/15 16:25,05F0055S,05F0287S,5,0,0
2026/06/15 16:25,05F0287S,05F0309S,31,89,75
2026/06/15 16:25,05F0287S,05F0309S,32,93,16
2026/06/15 16:25,05F0287S,05F0309S,41,92,4
2026/06/15 16:25,05F0287S,05F0309S,42,0,0
2026/06/15 16:25,05F0287S,05F0309S,5,0,0
2026/06/15 16:25,05F0309S,05F0439S,31,466,47
2026/06/15 16:25,05F0309S,05F0439S,32,490,14
2026/06/15 16:25,05F0309S,05F0439S,41,0,0
2026/06/15 16:25,05F0309S,05F0439S,42,470,1
2026/06/15 16:25,05F0309S,05F0439S,5,507,6
2026/06/15 16:25,05F0439S,05F0494S,31,191,13
2026/06/15 16:25,05F0439S,05F0494S,32,209,9
2026/06/15 16:25,05F0439S,05F0494S,41,0,0
2026/06/15 16:25,05F0439S,05F0494S,42,0,0
2026/06/15 16:25,05F0439S,05F0494S,5,209,1
2026/06/15 16:30,05F0000S,05F0055S,31,243,98
2026/06/15 16:30,05F0000S,05F0055S,32,245,28
2026/06/15 16:30,05F0000S,05F0055S,41,232,3
2026/06/15 16:30,05F0000S,05F0055S,42,252,1
2026/06/15 16:30,05F0000S,05F0055S,5,0,0
2026/06/15 16:30,05F0055S,05F0287S,31,969,104
2026/06/15 16:30,05F0055S,05F0287S,32,977,31
2026/06/15 16:30,05F0055S,05F0287S,41,1015,2
2026/06/15 16:30,05F0055S,05F0287S,42,0,0
2026/06/15 16:30,05F0055S,05F0287S,5,0,0
2026/06/15 16:30,05F0287S,05F0309S,31,86,72
2026/06/15 16:30,05F0287S,05F0309S,32,87,20
2026/06/15 16:30,05F0287S,05F0309S,41,92,2
2026/06/15 16:30,05F0287S,05F0309S,42,0,0
2026/06/15 16:30,05F0287S,05F0309S,5,0,0
2026/06/15 16:30,05F0309S,05F0439S,31,480,39
2026/06/15 16:30,05F0309S,05F0439S,32,501,12
2026/06/15 16:30,05F0309S,05F0439S,41,503,2
2026/06/15 16:30,05F0309S,05F0439S,42,535,2
2026/06/15 16:30,05F0309S,05F0439S,5,515,3
2026/06/15 16:30,05F0439S,05F0494S,31,202,18
2026/06/15 16:30,05F0439S,05F0494S,32,203,5
2026/06/15 16:30,05F0439S,05F0494S,41,0,0
2026/06/15 16:30,05F0439S,05F0494S,42,187,1
2026/06/15 16:30,05F0439S,05F0494S,5,206,4
2026/06/15 16:35,05F0000S,05F0055S,31,246,83
2026/06/15 16:35,05F0000S,05F0055S,32,244,31
2026/06/15 16:35,05F0000S,05F0055S,41,262,3
2026/06/15 16:35,05F0000S,05F0055S,42,236,1
2026/06/15 16:35,05F0000S,05F0055S,5,0,0
2026/06/15 16:35,05F0055S,05F0287S,31,977,68
2026/06/15 16:35,05F0055S,05F0287S,32,982,32
2026/06/15 16:35,05F0055S,05F0287S,41,995,3
2026/06/15 16:35,05F0055S,05F0287S,42,0,0
2026/06/15 16:35,05F0055S,05F0287S,5,0,0
2026/06/15 16:35,05F0287S,05F0309S,31,85,57
2026/06/15 16:35,05F0287S,05F0309S,32,90,33
2026/06/15 16:35,05F0287S,05F0309S,41,92,3
2026/06/15 16:35,05F0287S,05F0309S,42,0,0
2026/06/15 16:35,05F0287S,05F0309S,5,0,0
2026/06/15 16:35,05F0309S,05F0439S,31,483,55
2026/06/15 16:35,05F0309S,05F0439S,32,512,14
2026/06/15 16:35,05F0309S,05F0439S,41,525,3
2026/06/15 16:35,05F0309S,05F0439S,42,0,0
2026/06/15 16:35,05F0309S,05F0439S,5,491,5
2026/06/15 16:35,05F0439S,05F0494S,31,198,24
2026/06/15 16:35,05F0439S,05F0494S,32,210,4
2026/06/15 16:35,05F0439S,05F0494S,41,0,0
2026/06/15 16:35,05F0439S,05F0494S,42,0,0
2026/06/15 16:35,05F0439S,05F0494S,5,217,4
2026/06/15 16:40,05F0000S,05F0055S,31,242,89
2026/06/15 16:40,05F0000S,05F0055S,32,245,38
2026/06/15 16:40,05F0000S,05F0055S,41,255,4
2026/06/15 16:40,05F0000S,05F0055S,42,0,0
2026/06/15 16:40,05F0000S,05F0055S,5,0,0
2026/06/15 16:40,05F0055S,05F0287S,31,1003,126
2026/06/15 16:40,05F0055S,05F0287S,32,998,44
2026/06/15 16:40,05F0055S,05F0287S,41,1028,1
2026/06/15 16:40,05F0055S,05F0287S,42,0,0
2026/06/15 16:40,05F0055S,05F0287S,5,0,0
2026/06/15 16:40,05F0287S,05F0309S,31,88,80
2026/06/15 16:40,05F0287S,05F0309S,32,86,20
2026/06/15 16:40,05F0287S,05F0309S,41,94,1
2026/06/15 16:40,05F0287S,05F0309S,42,0,0
2026/06/15 16:40,05F0287S,05F0309S,5,0,0
2026/06/15 16:40,05F0309S,05F0439S,31,462,39
2026/06/15 16:40,05F0309S,05F0439S,32,482,18
2026/06/15 16:40,05F0309S,05F0439S,41,0,0
2026/06/15 16:40,05F0309S,05F0439S,42,540,1
2026/06/15 16:40,05F0309S,05F0439S,5,509,6
2026/06/15 16:40,05F0439S,05F0494S,31,207,21
2026/06/15 16:40,05F0439S,05F0494S,32,209,7
2026/06/15 16:40,05F0439S,05F0494S,41,0,0
2026/06/15 16:40,05F0439S,05F0494S,42,0,0
2026/06/15 16:40,05F0439S,05F0494S,5,204,7
2026/06/15 16:45,05F0000S,05F0055S,31,238,93
2026/06/15 16:45,05F0000S,05F0055S,32,242,42
2026/06/15 16:45,05F0000S,05F0055S,41,255,2
2026/06/15 16:45,05F0000S,05F0055S,42,0,0
2026/06/15 16:45,05F0000S,05F0055S,5,0,0
2026/06/15 16:45,05F0055S,05F0287S,31,1003,78
2026/06/15 16:45,05F0055S,05F0287S,32,1011,30
2026/06/15 16:45,05F0055S,05F0287S,41,1016,5
2026/06/15 16:45,05F0055S,05F0287S,42,1008,3
2026/06/15 16:45,05F0055S,05F0287S,5,0,0
2026/06/15 16:45,05F0287S,05F0309S,31,89,62
2026/06/15 16:45,05F0287S,05F0309S,32,89,26
2026/06/15 16:45,05F0287S,05F0309S,41,95,4
2026/06/15 16:45,05F0287S,05F0309S,42,87,3
2026/06/15 16:45,05F0287S,05F0309S,5,0,0
2026/06/15 16:45,05F0309S,05F0439S,31,465,43
2026/06/15 16:45,05F0309S,05F0439S,32,517,15
2026/06/15 16:45,05F0309S,05F0439S,41,534,2
2026/06/15 16:45,05F0309S,05F0439S,42,499,1
2026/06/15 16:45,05F0309S,05F0439S,5,494,3
2026/06/15 16:45,05F0439S,05F0494S,31,189,16
2026/06/15 16:45,05F0439S,05F0494S,32,206,9
2026/06/15 16:45,05F0439S,05F0494S,41,0,0
2026/06/15 16:45,05F0439S,05F0494S,42,211,1
2026/06/15 16:45,05F0439S,05F0494S,5,211,2
2026/06/15 16:50,05F0000S,05F0055S,31,244,93
2026/06/15 16:50,05F0000S,05F0055S,32,251,22
2026/06/15 16:50,05F0000S,05F0055S,41,640,2
2026/06/15 16:50,05F0000S,05F0055S,42,0,0
2026/06/15 16:50,05F0000S,05F0055S,5,0,0
2026/06/15 16:50,05F0055S,05F0287S,31,998,105
2026/06/15 16:50,05F0055S,05F0287S,32,992,38
2026/06/15 16:50,05F0055S,05F0287S,41,1003,3
2026/06/15 16:50,05F0055S,05F0287S,42,1030,2
2026/06/15 16:50,05F0055S,05F0287S,5,0,0
2026/06/15 16:50,05F0287S,05F0309S,31,87,71
2026/06/15 16:50,05F0287S,05F0309S,32,88,33
2026/06/15 16:50,05F0287S,05F0309S,41,91,2
2026/06/15 16:50,05F0287S,05F0309S,42,92,2
2026/06/15 16:50,05F0287S,05F0309S,5,0,0
2026/06/15 16:50,05F0309S,05F0439S,31,478,52
2026/06/15 16:50,05F0309S,05F0439S,32,479,18
2026/06/15 16:50,05F0309S,05F0439S,41,0,0
2026/06/15 16:50,05F0309S,05F0439S,42,493,1
2026/06/15 16:50,05F0309S,05F0439S,5,483,4
2026/06/15 16:50,05F0439S,05F0494S,31,202,21
2026/06/15 16:50,05F0439S,05F0494S,32,224,9
2026/06/15 16:50,05F0439S,05F0494S,41,0,0
2026/06/15 16:50,05F0439S,05F0494S,42,192,1
2026/06/15 16:50,05F0439S,05F0494S,5,205,4
2026/06/15 16:55,05F0000S,05F0055S,31,241,91
2026/06/15 16:55,05F0000S,05F0055S,32,245,37
2026/06/15 16:55,05F0000S,05F0055S,41,250,6
2026/06/15 16:55,05F0000S,05F0055S,42,0,0
2026/06/15 16:55,05F0000S,05F0055S,5,0,0
2026/06/15 16:55,05F0055S,05F0287S,31,1005,108
2026/06/15 16:55,05F0055S,05F0287S,32,1008,44
2026/06/15 16:55,05F0055S,05F0287S,41,1038,5
2026/06/15 16:55,05F0055S,05F0287S,42,0,0
2026/06/15 16:55,05F0055S,05F0287S,5,0,0
2026/06/15 16:55,05F0287S,05F0309S,31,89,76
2026/06/15 16:55,05F0287S,05F0309S,32,88,32
2026/06/15 16:55,05F0287S,05F0309S,41,91,1
2026/06/15 16:55,05F0287S,05F0309S,42,0,0
2026/06/15 16:55,05F0287S,05F0309S,5,0,0
2026/06/15 16:55,05F0309S,05F0439S,31,481,46
2026/06/15 16:55,05F0309S,05F0439S,32,489,22
2026/06/15 16:55,05F0309S,05F0439S,41,527,4
2026/06/15 16:55,05F0309S,05F0439S,42,464,3
2026/06/15 16:55,05F0309S,05F0439S,5,519,4
2026/06/15 16:55,05F0439S,05F0494S,31,199,18
2026/06/15 16:55,05F0439S,05F0494S,32,204,8
2026/06/15 16:55,05F0439S,05F0494S,41,0,0
2026/06/15 16:55,05F0439S,05F0494S,42,0,0
2026/06/15 16:55,05F0439S,05F0494S,5,204,4
2026/06/15 17:00,05F0000S,05F0055S,31,250,109
2026/06/15 17:00,05F0000S,05F0055S,32,250,38
2026/06/15 17:00,05F0000S,05F0055S,41,253,4
2026/06/15 17:00,05F0000S,05F0055S,42,0,0
2026/06/15 17:00,05F0000S,05F0055S,5,0,0
2026/06/15 17:00,05F0055S,05F0287S,31,986,85
2026/06/15 17:00,05F0055S,05F0287S,32,984,46
2026/06/15 17:00,05F0055S,05F0287S,41,1023,2
2026/06/15 17:00,05F0055S,05F0287S,42,0,0
2026/06/15 17:00,05F0055S,05F0287S,5,0,0
2026/06/15 17:00,05F0287S,05F0309S,31,88,76
2026/06/15 17:00,05F0287S,05F0309S,32,88,35
2026/06/15 17:00,05F0287S,05F0309S,41,93,4
2026/06/15 17:00,05F0287S,05F0309S,42,0,0
2026/06/15 17:00,05F0287S,05F0309S,5,0,0
2026/06/15 17:00,05F0309S,05F0439S,31,487,40
2026/06/15 17:00,05F0309S,05F0439S,32,504,23
2026/06/15 17:00,05F0309S,05F0439S,41,0,0
2026/06/15 17:00,05F0309S,05F0439S,42,519,1
2026/06/15 17:00,05F0309S,05F0439S,5,544,5
2026/06/15 17:00,05F0439S,05F0494S,31,206,21
2026/06/15 17:00,05F0439S,05F0494S,32,216,3
2026/06/15 17:00,05F0439S,05F0494S,41,0,0
2026/06/15 17:00,05F0439S,05F0494S,42,0,0
2026/06/15 17:00,05F0439S,05F0494S,5,217,3
2026/06/15 17:05,05F0000S,05F0055S,31,243,115
2026/06/15 17:05,05F0000S,05F0055S,32,248,34
2026/06/15 17:05,05F0000S,05F0055S,41,240,5
2026/06/15 17:05,05F0000S,05F0055S,42,0,0
2026/06/15 17:05,05F0000S,05F0055S,5,0,0
2026/06/15 17:05,05F0055S,05F0287S,31,988,102
2026/06/15 17:05,05F0055S,05F0287S,32,998,34
2026/06/15 17:05,05F0055S,05F0287S,41,1036,3
2026/06/15 17:05,05F0055S,05F0287S,42,0,0
2026/06/15 17:05,05F0055S,05F0287S,5,0,0
2026/06/15 17:05,05F0287S,05F0309S,31,85,78
2026/06/15 17:05,05F0287S,05F0309S,32,87,25
2026/06/15 17:05,05F0287S,05F0309S,41,100,3
2026/06/15 17:05,05F0287S,05F0309S,42,0,0
2026/06/15 17:05,05F0287S,05F0309S,5,0,0
2026/06/15 17:05,05F0309S,05F0439S,31,474,50
2026/06/15 17:05,05F0309S,05F0439S,32,477,23
2026/06/15 17:05,05F0309S,05F0439S,41,489,2
2026/06/15 17:05,05F0309S,05F0439S,42,0,0
2026/06/15 17:05,05F0309S,05F0439S,5,497,1
2026/06/15 17:05,05F0439S,05F0494S,31,217,15
2026/06/15 17:05,05F0439S,05F0494S,32,243,6
2026/06/15 17:05,05F0439S,05F0494S,41,0,0
2026/06/15 17:05,05F0439S,05F0494S,42,0,0
2026/06/15 17:05,05F0439S,05F0494S,5,220,4
2026/06/15 17:10,05F0000S,05F0055S,31,246,85
2026/06/15 17:10,05F0000S,05F0055S,32,246,37
2026/06/15 17:10,05F0000S,05F0055S,41,249,3
2026/06/15 17:10,05F0000S,05F0055S,42,0,0
2026/06/15 17:10,05F0000S,05F0055S,5,0,0
2026/06/15 17:10,05F0055S,05F0287S,31,998,103
2026/06/15 17:10,05F0055S,05F0287S,32,1013,34
2026/06/15 17:10,05F0055S,05F0287S,41,1018,3
2026/06/15 17:10,05F0055S,05F0287S,42,0,0
2026/06/15 17:10,05F0055S,05F0287S,5,0,0
2026/06/15 17:10,05F0287S,05F0309S,31,87,68
2026/06/15 17:10,05F0287S,05F0309S,32,87,19
2026/06/15 17:10,05F0287S,05F0309S,41,95,2
2026/06/15 17:10,05F0287S,05F0309S,42,0,0
2026/06/15 17:10,05F0287S,05F0309S,5,0,0
2026/06/15 17:10,05F0309S,05F0439S,31,483,46
2026/06/15 17:10,05F0309S,05F0439S,32,473,14
2026/06/15 17:10,05F0309S,05F0439S,41,0,0
2026/06/15 17:10,05F0309S,05F0439S,42,487,1
2026/06/15 17:10,05F0309S,05F0439S,5,604,3
2026/06/15 17:10,05F0439S,05F0494S,31,209,27
2026/06/15 17:10,05F0439S,05F0494S,32,201,11
2026/06/15 17:10,05F0439S,05F0494S,41,0,0
2026/06/15 17:10,05F0439S,05F0494S,42,195,1
2026/06/15 17:10,05F0439S,05F0494S,5,0,0
2026/06/15 17:15,05F0000S,05F0055S,31,240,92
2026/06/15 17:15,05F0000S,05F0055S,32,237,38
2026/06/15 17:15,05F0000S,05F0055S,41,247,6
2026/06/15 17:15,05F0000S,05F0055S,42,0,0
2026/06/15 17:15,05F0000S,05F0055S,5,0,0
2026/06/15 17:15,05F0055S,05F0287S,31,1006,94
2026/06/15 17:15,05F0055S,05F0287S,32,1011,33
2026/06/15 17:15,05F0055S,05F0287S,41,1069,7
2026/06/15 17:15,05F0055S,05F0287S,42,0,0
2026/06/15 17:15,05F0055S,05F0287S,5,0,0
2026/06/15 17:15,05F0287S,05F0309S,31,86,66
2026/06/15 17:15,05F0287S,05F0309S,32,89,28
2026/06/15 17:15,05F0287S,05F0309S,41,99,3
2026/06/15 17:15,05F0287S,05F0309S,42,0,0
2026/06/15 17:15,05F0287S,05F0309S,5,0,0
2026/06/15 17:15,05F0309S,05F0439S,31,482,50
2026/06/15 17:15,05F0309S,05F0439S,32,487,16
2026/06/15 17:15,05F0309S,05F0439S,41,541,1
2026/06/15 17:15,05F0309S,05F0439S,42,0,0
2026/06/15 17:15,05F0309S,05F0439S,5,526,3
2026/06/15 17:15,05F0439S,05F0494S,31,204,24
2026/06/15 17:15,05F0439S,05F0494S,32,208,6
2026/06/15 17:15,05F0439S,05F0494S,41,0,0
2026/06/15 17:15,05F0439S,05F0494S,42,0,0
2026/06/15 17:15,05F0439S,05F0494S,5,230,3
2026/06/15 17:20,05F0000S,05F0055S,31,245,98
2026/06/15 17:20,05F0000S,05F0055S,32,245,37
2026/06/15 17:20,05F0000S,05F0055S,41,246,4
2026/06/15 17:20,05F0000S,05F0055S,42,0,0
2026/06/15 17:20,05F0000S,05F0055S,5,0,0
2026/06/15 17:20,05F0055S,05F0287S,31,1016,137
2026/06/15 17:20,05F0055S,05F0287S,32,1021,41
2026/06/15 17:20,05F0055S,05F0287S,41,1033,1
2026/06/15 17:20,05F0055S,05F0287S,42,0,0
2026/06/15 17:20,05F0055S,05F0287S,5,0,0
2026/06/15 17:20,05F0287S,05F0309S,31,89,94
2026/06/15 17:20,05F0287S,05F0309S,32,88,31
2026/06/15 17:20,05F0287S,05F0309S,41,99,4
2026/06/15 17:20,05F0287S,05F0309S,42,0,0
2026/06/15 17:20,05F0287S,05F0309S,5,0,0
2026/06/15 17:20,05F0309S,05F0439S,31,475,37
2026/06/15 17:20,05F0309S,05F0439S,32,494,18
2026/06/15 17:20,05F0309S,05F0439S,41,539,2
2026/06/15 17:20,05F0309S,05F0439S,42,0,0
2026/06/15 17:20,05F0309S,05F0439S,5,0,0
2026/06/15 17:20,05F0439S,05F0494S,31,199,31
2026/06/15 17:20,05F0439S,05F0494S,32,211,4
2026/06/15 17:20,05F0439S,05F0494S,41,0,0
2026/06/15 17:20,05F0439S,05F0494S,42,0,0
2026/06/15 17:20,05F0439S,05F0494S,5,211,1
2026/06/15 17:25,05F0000S,05F0055S,31,249,117
2026/06/15 17:25,05F0000S,05F0055S,32,247,43
2026/06/15 17:25,05F0000S,05F0055S,41,251,3
2026/06/15 17:25,05F0000S,05F0055S,42,0,0
2026/06/15 17:25,05F0000S,05F0055S,5,0,0
2026/06/15 17:25,05F0055S,05F0287S,31,1003,96
2026/06/15 17:25,05F0055S,05F0287S,32,998,43
2026/06/15 17:25,05F0055S,05F0287S,41,1018,6
2026/06/15 17:25,05F0055S,05F0287S,42,0,0
2026/06/15 17:25,05F0055S,05F0287S,5,0,0
2026/06/15 17:25,05F0287S,05F0309S,31,89,98
2026/06/15 17:25,05F0287S,05F0309S,32,87,35
2026/06/15 17:25,05F0287S,05F0309S,41,95,6
2026/06/15 17:25,05F0287S,05F0309S,42,0,0
2026/06/15 17:25,05F0287S,05F0309S,5,0,0
2026/06/15 17:25,05F0309S,05F0439S,31,475,44
2026/06/15 17:25,05F0309S,05F0439S,32,487,14
2026/06/15 17:25,05F0309S,05F0439S,41,522,3
2026/06/15 17:25,05F0309S,05F0439S,42,0,0
2026/06/15 17:25,05F0309S,05F0439S,5,511,3
2026/06/15 17:25,05F0439S,05F0494S,31,204,16
2026/06/15 17:25,05F0439S,05F0494S,32,215,4
2026/06/15 17:25,05F0439S,05F0494S,41,0,0
2026/06/15 17:25,05F0439S,05F0494S,42,0,0
2026/06/15 17:25,05F0439S,05F0494S,5,0,0
2026/06/15 17:30,05F0000S,05F0055S,31,245,117
2026/06/15 17:30,05F0000S,05F0055S,32,248,35
2026/06/15 17:30,05F0000S,05F0055S,41,252,4
2026/06/15 17:30,05F0000S,05F0055S,42,0,0
2026/06/15 17:30,05F0000S,05F0055S,5,0,0
2026/06/15 17:30,05F0055S,05F0287S,31,1002,107
2026/06/15 17:30,05F0055S,05F0287S,32,1005,53
2026/06/15 17:30,05F0055S,05F0287S,41,1022,6
2026/06/15 17:30,05F0055S,05F0287S,42,0,0
2026/06/15 17:30,05F0055S,05F0287S,5,0,0
2026/06/15 17:30,05F0287S,05F0309S,31,88,77
2026/06/15 17:30,05F0287S,05F0309S,32,88,24
2026/06/15 17:30,05F0287S,05F0309S,41,92,5
2026/06/15 17:30,05F0287S,05F0309S,42,0,0
2026/06/15 17:30,05F0287S,05F0309S,5,0,0
2026/06/15 17:30,05F0309S,05F0439S,31,500,70
2026/06/15 17:30,05F0309S,05F0439S,32,516,17
2026/06/15 17:30,05F0309S,05F0439S,41,526,2
2026/06/15 17:30,05F0309S,05F0439S,42,0,0
2026/06/15 17:30,05F0309S,05F0439S,5,0,0
2026/06/15 17:30,05F0439S,05F0494S,31,190,16
2026/06/15 17:30,05F0439S,05F0494S,32,222,6
2026/06/15 17:30,05F0439S,05F0494S,41,0,0
2026/06/15 17:30,05F0439S,05F0494S,42,0,0
2026/06/15 17:30,05F0439S,05F0494S,5,203,1
2026/06/15 17:35,05F0000S,05F0055S,31,251,112
2026/06/15 17:35,05F0000S,05F0055S,32,248,46
2026/06/15 17:35,05F0000S,05F0055S,41,252,5
2026/06/15 17:35,05F0000S,05F0055S,42,0,0
2026/06/15 17:35,05F0000S,05F0055S,5,0,0
2026/06/15 17:35,05F0055S,05F0287S,31,982,105
2026/06/15 17:35,05F0055S,05F0287S,32,985,39
2026/06/15 17:35,05F0055S,05F0287S,41,1004,4
2026/06/15 17:35,05F0055S,05F0287S,42,0,0
2026/06/15 17:35,05F0055S,05F0287S,5,0,0
2026/06/15 17:35,05F0287S,05F0309S,31,86,83
2026/06/15 17:35,05F0287S,05F0309S,32,88,35
2026/06/15 17:35,05F0287S,05F0309S,41,90,1
2026/06/15 17:35,05F0287S,05F0309S,42,0,0
2026/06/15 17:35,05F0287S,05F0309S,5,0,0
2026/06/15 17:35,05F0309S,05F0439S,31,485,46
2026/06/15 17:35,05F0309S,05F0439S,32,471,19
2026/06/15 17:35,05F0309S,05F0439S,41,537,2
2026/06/15 17:35,05F0309S,05F0439S,42,0,0
2026/06/15 17:35,05F0309S,05F0439S,5,0,0
2026/06/15 17:35,05F0439S,05F0494S,31,199,28
2026/06/15 17:35,05F0439S,05F0494S,32,227,7
2026/06/15 17:35,05F0439S,05F0494S,41,0,0
2026/06/15 17:35,05F0439S,05F0494S,42,0,0
2026/06/15 17:35,05F0439S,05F0494S,5,241,1
2026/06/15 17:40,05F0000S,05F0055S,31,248,106
2026/06/15 17:40,05F0000S,05F0055S,32,254,26
2026/06/15 17:40,05F0000S,05F0055S,41,253,4
2026/06/15 17:40,05F0000S,05F0055S,42,0,0
2026/06/15 17:40,05F0000S,05F0055S,5,0,0
2026/06/15 17:40,05F0055S,05F0287S,31,1002,134
2026/06/15 17:40,05F0055S,05F0287S,32,1006,52
2026/06/15 17:40,05F0055S,05F0287S,41,1017,2
2026/06/15 17:40,05F0055S,05F0287S,42,0,0
2026/06/15 17:40,05F0055S,05F0287S,5,0,0
2026/06/15 17:40,05F0287S,05F0309S,31,89,89
2026/06/15 17:40,05F0287S,05F0309S,32,89,36
2026/06/15 17:40,05F0287S,05F0309S,41,91,3
2026/06/15 17:40,05F0287S,05F0309S,42,0,0
2026/06/15 17:40,05F0287S,05F0309S,5,0,0
2026/06/15 17:40,05F0309S,05F0439S,31,475,52
2026/06/15 17:40,05F0309S,05F0439S,32,491,14
2026/06/15 17:40,05F0309S,05F0439S,41,489,2
2026/06/15 17:40,05F0309S,05F0439S,42,0,0
2026/06/15 17:40,05F0309S,05F0439S,5,631,1
2026/06/15 17:40,05F0439S,05F0494S,31,207,21
2026/06/15 17:40,05F0439S,05F0494S,32,209,6
2026/06/15 17:40,05F0439S,05F0494S,41,0,0
2026/06/15 17:40,05F0439S,05F0494S,42,0,0
2026/06/15 17:40,05F0439S,05F0494S,5,204,1
2026/06/15 17:45,05F0000S,05F0055S,31,244,108
2026/06/15 17:45,05F0000S,05F0055S,32,245,39
2026/06/15 17:45,05F0000S,05F0055S,41,249,5
2026/06/15 17:45,05F0000S,05F0055S,42,0,0
2026/06/15 17:45,05F0000S,05F0055S,5,0,0
2026/06/15 17:45,05F0055S,05F0287S,31,999,127
2026/06/15 17:45,05F0055S,05F0287S,32,993,44
2026/06/15 17:45,05F0055S,05F0287S,41,1037,4
2026/06/15 17:45,05F0055S,05F0287S,42,0,0
2026/06/15 17:45,05F0055S,05F0287S,5,0,0
2026/06/15 17:45,05F0287S,05F0309S,31,87,90
2026/06/15 17:45,05F0287S,05F0309S,32,88,31
2026/06/15 17:45,05F0287S,05F0309S,41,94,1
2026/06/15 17:45,05F0287S,05F0309S,42,0,0
2026/06/15 17:45,05F0287S,05F0309S,5,0,0
2026/06/15 17:45,05F0309S,05F0439S,31,489,43
2026/06/15 17:45,05F0309S,05F0439S,32,487,8
2026/06/15 17:45,05F0309S,05F0439S,41,524,2
2026/06/15 17:45,05F0309S,05F0439S,42,559,1
2026/06/15 17:45,05F0309S,05F0439S,5,566,6
2026/06/15 17:45,05F0439S,05F0494S,31,201,22
2026/06/15 17:45,05F0439S,05F0494S,32,192,3
2026/06/15 17:45,05F0439S,05F0494S,41,935,1
2026/06/15 17:45,05F0439S,05F0494S,42,0,0
2026/06/15 17:45,05F0439S,05F0494S,5,260,2
2026/06/15 17:50,05F0000S,05F0055S,31,239,79
2026/06/15 17:50,05F0000S,05F0055S,32,241,28
2026/06/15 17:50,05F0000S,05F0055S,41,245,1
2026/06/15 17:50,05F0000S,05F0055S,42,0,0
2026/06/15 17:50,05F0000S,05F0055S,5,0,0
2026/06/15 17:50,05F0055S,05F0287S,31,989,127
2026/06/15 17:50,05F0055S,05F0287S,32,989,43
2026/06/15 17:50,05F0055S,05F0287S,41,995,7
2026/06/15 17:50,05F0055S,05F0287S,42,0,0
2026/06/15 17:50,05F0055S,05F0287S,5,0,0
2026/06/15 17:50,05F0287S,05F0309S,31,89,100
2026/06/15 17:50,05F0287S,05F0309S,32,91,35
2026/06/15 17:50,05F0287S,05F0309S,41,98,7
2026/06/15 17:50,05F0287S,05F0309S,42,0,0
2026/06/15 17:50,05F0287S,05F0309S,5,0,0
2026/06/15 17:50,05F0309S,05F0439S,31,483,59
2026/06/15 17:50,05F0309S,05F0439S,32,481,22
2026/06/15 17:50,05F0309S,05F0439S,41,537,1
2026/06/15 17:50,05F0309S,05F0439S,42,484,1
2026/06/15 17:50,05F0309S,05F0439S,5,578,2
2026/06/15 17:50,05F0439S,05F0494S,31,213,24
2026/06/15 17:50,05F0439S,05F0494S,32,204,1
2026/06/15 17:50,05F0439S,05F0494S,41,0,0
2026/06/15 17:50,05F0439S,05F0494S,42,0,0
2026/06/15 17:50,05F0439S,05F0494S,5,234,3
2026/06/15 17:55,05F0000S,05F0055S,31,243,102
2026/06/15 17:55,05F0000S,05F0055S,32,245,23
2026/06/15 17:55,05F0000S,05F0055S,41,250,6
2026/06/15 17:55,05F0000S,05F0055S,42,0,0
2026/06/15 17:55,05F0000S,05F0055S,5,0,0
2026/06/15 17:55,05F0055S,05F0287S,31,1009,115
2026/06/15 17:55,05F0055S,05F0287S,32,1009,46
2026/06/15 17:55,05F0055S,05F0287S,41,995,3
2026/06/15 17:55,05F0055S,05F0287S,42,0,0
2026/06/15 17:55,05F0055S,05F0287S,5,0,0
2026/06/15 17:55,05F0287S,05F0309S,31,86,76
2026/06/15 17:55,05F0287S,05F0309S,32,88,30
2026/06/15 17:55,05F0287S,05F0309S,41,89,3
2026/06/15 17:55,05F0287S,05F0309S,42,0,0
2026/06/15 17:55,05F0287S,05F0309S,5,0,0
2026/06/15 17:55,05F0309S,05F0439S,31,490,47
2026/06/15 17:55,05F0309S,05F0439S,32,496,18
2026/06/15 17:55,05F0309S,05F0439S,41,540,2
2026/06/15 17:55,05F0309S,05F0439S,42,0,0
2026/06/15 17:55,05F0309S,05F0439S,5,481,5
2026/06/15 17:55,05F0439S,05F0494S,31,210,26
2026/06/15 17:55,05F0439S,05F0494S,32,204,9
2026/06/15 17:55,05F0439S,05F0494S,41,0,0
2026/06/15 17:55,05F0439S,05F0494S,42,0,0
2026/06/15 17:55,05F0439S,05F0494S,5,192,4
2026/06/15 18:00,05F0000S,05F0055S,31,243,94
2026/06/15 18:00,05F0000S,05F0055S,32,249,20
2026/06/15 18:00,05F0000S,05F0055S,41,246,5
2026/06/15 18:00,05F0000S,05F0055S,42,0,0
2026/06/15 18:00,05F0000S,05F0055S,5,0,0
2026/06/15 18:00,05F0055S,05F0287S,31,1012,118
2026/06/15 18:00,05F0055S,05F0287S,32,1009,42
2026/06/15 18:00,05F0055S,05F0287S,41,1015,1
2026/06/15 18:00,05F0055S,05F0287S,42,0,0
2026/06/15 18:00,05F0055S,05F0287S,5,0,0
2026/06/15 18:00,05F0287S,05F0309S,31,87,96
2026/06/15 18:00,05F0287S,05F0309S,32,88,33
2026/06/15 18:00,05F0287S,05F0309S,41,95,1
2026/06/15 18:00,05F0287S,05F0309S,42,0,0
2026/06/15 18:00,05F0287S,05F0309S,5,0,0
2026/06/15 18:00,05F0309S,05F0439S,31,477,53
2026/06/15 18:00,05F0309S,05F0439S,32,472,20
2026/06/15 18:00,05F0309S,05F0439S,41,548,3
2026/06/15 18:00,05F0309S,05F0439S,42,0,0
2026/06/15 18:00,05F0309S,05F0439S,5,505,5
2026/06/15 18:00,05F0439S,05F0494S,31,200,15
2026/06/15 18:00,05F0439S,05F0494S,32,211,5
2026/06/15 18:00,05F0439S,05F0494S,41,0,0
2026/06/15 18:00,05F0439S,05F0494S,42,247,1
2026/06/15 18:00,05F0439S,05F0494S,5,211,4
2026/06/15 18:05,05F0000S,05F0055S,31,240,74
2026/06/15 18:05,05F0000S,05F0055S,32,244,20
2026/06/15 18:05,05F0000S,05F0055S,41,242,4
2026/06/15 18:05,05F0000S,05F0055S,42,0,0
2026/06/15 18:05,05F0000S,05F0055S,5,0,0
2026/06/15 18:05,05F0055S,05F0287S,31,981,104
2026/06/15 18:05,05F0055S,05F0287S,32,978,32
2026/06/15 18:05,05F0055S,05F0287S,41,1031,6
2026/06/15 18:05,05F0055S,05F0287S,42,0,0
2026/06/15 18:05,05F0055S,05F0287S,5,0,0
2026/06/15 18:05,05F0287S,05F0309S,31,86,92
2026/06/15 18:05,05F0287S,05F0309S,32,87,28
2026/06/15 18:05,05F0287S,05F0309S,41,92,5
2026/06/15 18:05,05F0287S,05F0309S,42,0,0
2026/06/15 18:05,05F0287S,05F0309S,5,0,0
2026/06/15 18:05,05F0309S,05F0439S,31,478,50
2026/06/15 18:05,05F0309S,05F0439S,32,497,15
2026/06/15 18:05,05F0309S,05F0439S,41,518,2
2026/06/15 18:05,05F0309S,05F0439S,42,0,0
2026/06/15 18:05,05F0309S,05F0439S,5,497,1
2026/06/15 18:05,05F0439S,05F0494S,31,207,14
2026/06/15 18:05,05F0439S,05F0494S,32,215,8
2026/06/15 18:05,05F0439S,05F0494S,41,0,0
2026/06/15 18:05,05F0439S,05F0494S,42,0,0
2026/06/15 18:05,05F0439S,05F0494S,5,204,2
2026/06/15 18:10,05F0000S,05F0055S,31,239,74
2026/06/15 18:10,05F0000S,05F0055S,32,239,27
2026/06/15 18:10,05F0000S,05F0055S,41,259,5
2026/06/15 18:10,05F0000S,05F0055S,42,0,0
2026/06/15 18:10,05F0000S,05F0055S,5,0,0
2026/06/15 18:10,05F0055S,05F0287S,31,974,102
2026/06/15 18:10,05F0055S,05F0287S,32,985,29
2026/06/15 18:10,05F0055S,05F0287S,41,999,3
2026/06/15 18:10,05F0055S,05F0287S,42,0,0
2026/06/15 18:10,05F0055S,05F0287S,5,0,0
2026/06/15 18:10,05F0287S,05F0309S,31,87,65
2026/06/15 18:10,05F0287S,05F0309S,32,88,31
2026/06/15 18:10,05F0287S,05F0309S,41,98,1
2026/06/15 18:10,05F0287S,05F0309S,42,0,0
2026/06/15 18:10,05F0287S,05F0309S,5,0,0
2026/06/15 18:10,05F0309S,05F0439S,31,486,50
2026/06/15 18:10,05F0309S,05F0439S,32,484,22
2026/06/15 18:10,05F0309S,05F0439S,41,545,1
2026/06/15 18:10,05F0309S,05F0439S,42,0,0
2026/06/15 18:10,05F0309S,05F0439S,5,529,2
2026/06/15 18:10,05F0439S,05F0494S,31,190,15
2026/06/15 18:10,05F0439S,05F0494S,32,193,9
2026/06/15 18:10,05F0439S,05F0494S,41,0,0
2026/06/15 18:10,05F0439S,05F0494S,42,0,0
2026/06/15 18:10,05F0439S,05F0494S,5,217,2
2026/06/15 18:15,05F0000S,05F0055S,31,243,88
2026/06/15 18:15,05F0000S,05F0055S,32,249,21
2026/06/15 18:15,05F0000S,05F0055S,41,244,6
2026/06/15 18:15,05F0000S,05F0055S,42,0,0
2026/06/15 18:15,05F0000S,05F0055S,5,0,0
2026/06/15 18:15,05F0055S,05F0287S,31,993,105
2026/06/15 18:15,05F0055S,05F0287S,32,993,28
2026/06/15 18:15,05F0055S,05F0287S,41,1039,6
2026/06/15 18:15,05F0055S,05F0287S,42,0,0
2026/06/15 18:15,05F0055S,05F0287S,5,0,0
2026/06/15 18:15,05F0287S,05F0309S,31,87,73
2026/06/15 18:15,05F0287S,05F0309S,32,91,25
2026/06/15 18:15,05F0287S,05F0309S,41,94,5
2026/06/15 18:15,05F0287S,05F0309S,42,0,0
2026/06/15 18:15,05F0287S,05F0309S,5,0,0
2026/06/15 18:15,05F0309S,05F0439S,31,487,34
2026/06/15 18:15,05F0309S,05F0439S,32,484,15
2026/06/15 18:15,05F0309S,05F0439S,41,526,2
2026/06/15 18:15,05F0309S,05F0439S,42,0,0
2026/06/15 18:15,05F0309S,05F0439S,5,525,1
2026/06/15 18:15,05F0439S,05F0494S,31,204,28
2026/06/15 18:15,05F0439S,05F0494S,32,207,4
2026/06/15 18:15,05F0439S,05F0494S,41,0,0
2026/06/15 18:15,05F0439S,05F0494S,42,0,0
2026/06/15 18:15,05F0439S,05F0494S,5,214,1
2026/06/15 18:20,05F0000S,05F0055S,31,248,96
2026/06/15 18:20,05F0000S,05F0055S,32,244,17
2026/06/15 18:20,05F0000S,05F0055S,41,234,7
2026/06/15 18:20,05F0000S,05F0055S,42,0,0
2026/06/15 18:20,05F0000S,05F0055S,5,0,0
2026/06/15 18:20,05F0055S,05F0287S,31,963,101
2026/06/15 18:20,05F0055S,05F0287S,32,966,23
2026/06/15 18:20,05F0055S,05F0287S,41,1015,5
2026/06/15 18:20,05F0055S,05F0287S,42,0,0
2026/06/15 18:20,05F0055S,05F0287S,5,0,0
2026/06/15 18:20,05F0287S,05F0309S,31,86,92
2026/06/15 18:20,05F0287S,05F0309S,32,89,17
2026/06/15 18:20,05F0287S,05F0309S,41,92,4
2026/06/15 18:20,05F0287S,05F0309S,42,0,0
2026/06/15 18:20,05F0287S,05F0309S,5,0,0
2026/06/15 18:20,05F0309S,05F0439S,31,470,38
2026/06/15 18:20,05F0309S,05F0439S,32,478,10
2026/06/15 18:20,05F0309S,05F0439S,41,0,0
2026/06/15 18:20,05F0309S,05F0439S,42,0,0
2026/06/15 18:20,05F0309S,05F0439S,5,542,4
2026/06/15 18:20,05F0439S,05F0494S,31,182,16
2026/06/15 18:20,05F0439S,05F0494S,32,192,6
2026/06/15 18:20,05F0439S,05F0494S,41,0,0
2026/06/15 18:20,05F0439S,05F0494S,42,0,0
2026/06/15 18:20,05F0439S,05F0494S,5,223,3
2026/06/15 18:25,05F0000S,05F0055S,31,241,100
2026/06/15 18:25,05F0000S,05F0055S,32,246,22
2026/06/15 18:25,05F0000S,05F0055S,41,246,2
2026/06/15 18:25,05F0000S,05F0055S,42,0,0
2026/06/15 18:25,05F0000S,05F0055S,5,0,0
2026/06/15 18:25,05F0055S,05F0287S,31,961,59
2026/06/15 18:25,05F0055S,05F0287S,32,975,24
2026/06/15 18:25,05F0055S,05F0287S,41,1013,3
2026/06/15 18:25,05F0055S,05F0287S,42,0,0
2026/06/15 18:25,05F0055S,05F0287S,5,0,0
2026/06/15 18:25,05F0287S,05F0309S,31,87,56
2026/06/15 18:25,05F0287S,05F0309S,32,86,21
2026/06/15 18:25,05F0287S,05F0309S,41,92,2
2026/06/15 18:25,05F0287S,05F0309S,42,0,0
2026/06/15 18:25,05F0287S,05F0309S,5,0,0
2026/06/15 18:25,05F0309S,05F0439S,31,481,57
2026/06/15 18:25,05F0309S,05F0439S,32,509,16
2026/06/15 18:25,05F0309S,05F0439S,41,539,4
2026/06/15 18:25,05F0309S,05F0439S,42,0,0
2026/06/15 18:25,05F0309S,05F0439S,5,491,2
2026/06/15 18:25,05F0439S,05F0494S,31,203,14
2026/06/15 18:25,05F0439S,05F0494S,32,205,5
2026/06/15 18:25,05F0439S,05F0494S,41,219,1
2026/06/15 18:25,05F0439S,05F0494S,42,0,0
2026/06/15 18:25,05F0439S,05F0494S,5,225,2
2026/06/15 18:30,05F0000S,05F0055S,31,251,90
2026/06/15 18:30,05F0000S,05F0055S,32,248,23
2026/06/15 18:30,05F0000S,05F0055S,41,237,9
2026/06/15 18:30,05F0000S,05F0055S,42,0,0
2026/06/15 18:30,05F0000S,05F0055S,5,0,0
2026/06/15 18:30,05F0055S,05F0287S,31,989,112
2026/06/15 18:30,05F0055S,05F0287S,32,1004,27
2026/06/15 18:30,05F0055S,05F0287S,41,1014,8
2026/06/15 18:30,05F0055S,05F0287S,42,0,0
2026/06/15 18:30,05F0055S,05F0287S,5,0,0
2026/06/15 18:30,05F0287S,05F0309S,31,84,67
2026/06/15 18:30,05F0287S,05F0309S,32,86,19
2026/06/15 18:30,05F0287S,05F0309S,41,93,6
2026/06/15 18:30,05F0287S,05F0309S,42,0,0
2026/06/15 18:30,05F0287S,05F0309S,5,0,0
2026/06/15 18:30,05F0309S,05F0439S,31,482,44
2026/06/15 18:30,05F0309S,05F0439S,32,474,9
2026/06/15 18:30,05F0309S,05F0439S,41,545,2
2026/06/15 18:30,05F0309S,05F0439S,42,0,0
2026/06/15 18:30,05F0309S,05F0439S,5,510,2
2026/06/15 18:30,05F0439S,05F0494S,31,195,22
2026/06/15 18:30,05F0439S,05F0494S,32,407,3
2026/06/15 18:30,05F0439S,05F0494S,41,0,0
2026/06/15 18:30,05F0439S,05F0494S,42,0,0
2026/06/15 18:30,05F0439S,05F0494S,5,210,3
2026/06/15 18:35,05F0000S,05F0055S,31,243,86
2026/06/15 18:35,05F0000S,05F0055S,32,244,26
2026/06/15 18:35,05F0000S,05F0055S,41,250,7
2026/06/15 18:35,05F0000S,05F0055S,42,0,0
2026/06/15 18:35,05F0000S,05F0055S,5,0,0
2026/06/15 18:35,05F0055S,05F0287S,31,995,97
2026/06/15 18:35,05F0055S,05F0287S,32,997,23
2026/06/15 18:35,05F0055S,05F0287S,41,1057,5
2026/06/15 18:35,05F0055S,05F0287S,42,0,0
2026/06/15 18:35,05F0055S,05F0287S,5,0,0
2026/06/15 18:35,05F0287S,05F0309S,31,86,76
2026/06/15 18:35,05F0287S,05F0309S,32,88,14
2026/06/15 18:35,05F0287S,05F0309S,41,91,4
2026/06/15 18:35,05F0287S,05F0309S,42,0,0
2026/06/15 18:35,05F0287S,05F0309S,5,0,0
2026/06/15 18:35,05F0309S,05F0439S,31,479,28
2026/06/15 18:35,05F0309S,05F0439S,32,487,17
2026/06/15 18:35,05F0309S,05F0439S,41,543,2
2026/06/15 18:35,05F0309S,05F0439S,42,543,1
2026/06/15 18:35,05F0309S,05F0439S,5,524,2
2026/06/15 18:35,05F0439S,05F0494S,31,213,15
2026/06/15 18:35,05F0439S,05F0494S,32,203,6
2026/06/15 18:35,05F0439S,05F0494S,41,0,0
2026/06/15 18:35,05F0439S,05F0494S,42,0,0
2026/06/15 18:35,05F0439S,05F0494S,5,221,3
2026/06/15 18:40,05F0000S,05F0055S,31,238,105
2026/06/15 18:40,05F0000S,05F0055S,32,240,16
2026/06/15 18:40,05F0000S,05F0055S,41,244,9
2026/06/15 18:40,05F0000S,05F0055S,42,0,0
2026/06/15 18:40,05F0000S,05F0055S,5,0,0
2026/06/15 18:40,05F0055S,05F0287S,31,977,102
2026/06/15 18:40,05F0055S,05F0287S,32,992,22
2026/06/15 18:40,05F0055S,05F0287S,41,1023,3
2026/06/15 18:40,05F0055S,05F0287S,42,0,0
2026/06/15 18:40,05F0055S,05F0287S,5,0,0
2026/06/15 18:40,05F0287S,05F0309S,31,85,83
2026/06/15 18:40,05F0287S,05F0309S,32,89,21
2026/06/15 18:40,05F0287S,05F0309S,41,90,5
2026/06/15 18:40,05F0287S,05F0309S,42,0,0
2026/06/15 18:40,05F0287S,05F0309S,5,0,0
2026/06/15 18:40,05F0309S,05F0439S,31,478,47
2026/06/15 18:40,05F0309S,05F0439S,32,485,10
2026/06/15 18:40,05F0309S,05F0439S,41,533,4
2026/06/15 18:40,05F0309S,05F0439S,42,553,2
2026/06/15 18:40,05F0309S,05F0439S,5,563,1
2026/06/15 18:40,05F0439S,05F0494S,31,202,12
2026/06/15 18:40,05F0439S,05F0494S,32,207,6
2026/06/15 18:40,05F0439S,05F0494S,41,0,0
2026/06/15 18:40,05F0439S,05F0494S,42,209,2
2026/06/15 18:40,05F0439S,05F0494S,5,217,2
2026/06/15 18:45,05F0000S,05F0055S,31,246,82
2026/06/15 18:45,05F0000S,05F0055S,32,239,21
2026/06/15 18:45,05F0000S,05F0055S,41,254,7
2026/06/15 18:45,05F0000S,05F0055S,42,0,0
2026/06/15 18:45,05F0000S,05F0055S,5,0,0
2026/06/15 18:45,05F0055S,05F0287S,31,994,91
2026/06/15 18:45,05F0055S,05F0287S,32,1003,23
2026/06/15 18:45,05F0055S,05F0287S,41,1015,11
2026/06/15 18:45,05F0055S,05F0287S,42,0,0
2026/06/15 18:45,05F0055S,05F0287S,5,0,0
2026/06/15 18:45,05F0287S,05F0309S,31,88,71
2026/06/15 18:45,05F0287S,05F0309S,32,92,20
2026/06/15 18:45,05F0287S,05F0309S,41,91,12
2026/06/15 18:45,05F0287S,05F0309S,42,0,0
2026/06/15 18:45,05F0287S,05F0309S,5,0,0
2026/06/15 18:45,05F0309S,05F0439S,31,485,35
2026/06/15 18:45,05F0309S,05F0439S,32,463,8
2026/06/15 18:45,05F0309S,05F0439S,41,495,1
2026/06/15 18:45,05F0309S,05F0439S,42,0,0
2026/06/15 18:45,05F0309S,05F0439S,5,516,4
2026/06/15 18:45,05F0439S,05F0494S,31,209,11
2026/06/15 18:45,05F0439S,05F0494S,32,207,1
2026/06/15 18:45,05F0439S,05F0494S,41,0,0
2026/06/15 18:45,05F0439S,05F0494S,42,278,1
2026/06/15 18:45,05F0439S,05F0494S,5,208,3
2026/06/15 18:50,05F0000S,05F0055S,31,234,81
2026/06/15 18:50,05F0000S,05F0055S,32,237,24
2026/06/15 18:50,05F0000S,05F0055S,41,239,9
2026/06/15 18:50,05F0000S,05F0055S,42,0,0
2026/06/15 18:50,05F0000S,05F0055S,5,0,0
2026/06/15 18:50,05F0055S,05F0287S,31,994,101
2026/06/15 18:50,05F0055S,05F0287S,32,1002,28
2026/06/15 18:50,05F0055S,05F0287S,41,1015,1
2026/06/15 18:50,05F0055S,05F0287S,42,0,0
2026/06/15 18:50,05F0055S,05F0287S,5,0,0
2026/06/15 18:50,05F0287S,05F0309S,31,87,60
2026/06/15 18:50,05F0287S,05F0309S,32,90,22
2026/06/15 18:50,05F0287S,05F0309S,41,93,1
2026/06/15 18:50,05F0287S,05F0309S,42,0,0
2026/06/15 18:50,05F0287S,05F0309S,5,0,0
2026/06/15 18:50,05F0309S,05F0439S,31,482,45
2026/06/15 18:50,05F0309S,05F0439S,32,511,10
2026/06/15 18:50,05F0309S,05F0439S,41,512,1
2026/06/15 18:50,05F0309S,05F0439S,42,0,0
2026/06/15 18:50,05F0309S,05F0439S,5,517,3
2026/06/15 18:50,05F0439S,05F0494S,31,202,13
2026/06/15 18:50,05F0439S,05F0494S,32,247,2
2026/06/15 18:50,05F0439S,05F0494S,41,0,0
2026/06/15 18:50,05F0439S,05F0494S,42,0,0
2026/06/15 18:50,05F0439S,05F0494S,5,216,1
2026/06/15 18:55,05F0000S,05F0055S,31,236,81
2026/06/15 18:55,05F0000S,05F0055S,32,241,13
2026/06/15 18:55,05F0000S,05F0055S,41,246,4
2026/06/15 18:55,05F0000S,05F0055S,42,0,0
2026/06/15 18:55,05F0000S,05F0055S,5,0,0
2026/06/15 18:55,05F0055S,05F0287S,31,973,114
2026/06/15 18:55,05F0055S,05F0287S,32,1004,22
2026/06/15 18:55,05F0055S,05F0287S,41,1041,9
2026/06/15 18:55,05F0055S,05F0287S,42,0,0
2026/06/15 18:55,05F0055S,05F0287S,5,0,0
2026/06/15 18:55,05F0287S,05F0309S,31,87,80
2026/06/15 18:55,05F0287S,05F0309S,32,88,17
2026/06/15 18:55,05F0287S,05F0309S,41,95,6
2026/06/15 18:55,05F0287S,05F0309S,42,0,0
2026/06/15 18:55,05F0287S,05F0309S,5,0,0
2026/06/15 18:55,05F0309S,05F0439S,31,487,37
2026/06/15 18:55,05F0309S,05F0439S,32,497,9
2026/06/15 18:55,05F0309S,05F0439S,41,527,7
2026/06/15 18:55,05F0309S,05F0439S,42,0,0
2026/06/15 18:55,05F0309S,05F0439S,5,536,5
2026/06/15 18:55,05F0439S,05F0494S,31,201,12
2026/06/15 18:55,05F0439S,05F0494S,32,224,7
2026/06/15 18:55,05F0439S,05F0494S,41,0,0
2026/06/15 18:55,05F0439S,05F0494S,42,242,1
2026/06/15 18:55,05F0439S,05F0494S,5,208,4
2026/06/15 19:00,05F0000S,05F0055S,31,237,85
2026/06/15 19:00,05F0000S,05F0055S,32,238,28
2026/06/15 19:00,05F0000S,05F0055S,41,250,9
2026/06/15 19:00,05F0000S,05F0055S,42,0,0
2026/06/15 19:00,05F0000S,05F0055S,5,0,0
2026/06/15 19:00,05F0055S,05F0287S,31,971,100
2026/06/15 19:00,05F0055S,05F0287S,32,973,29
2026/06/15 19:00,05F0055S,05F0287S,41,1021,9
2026/06/15 19:00,05F0055S,05F0287S,42,0,0
2026/06/15 19:00,05F0055S,05F0287S,5,0,0
2026/06/15 19:00,05F0287S,05F0309S,31,86,90
2026/06/15 19:00,05F0287S,05F0309S,32,86,16
2026/06/15 19:00,05F0287S,05F0309S,41,94,7
2026/06/15 19:00,05F0287S,05F0309S,42,0,0
2026/06/15 19:00,05F0287S,05F0309S,5,0,0
2026/06/15 19:00,05F0309S,05F0439S,31,495,39
2026/06/15 19:00,05F0309S,05F0439S,32,496,11
2026/06/15 19:00,05F0309S,05F0439S,41,524,1
2026/06/15 19:00,05F0309S,05F0439S,42,0,0
2026/06/15 19:00,05F0309S,05F0439S,5,505,3
2026/06/15 19:00,05F0439S,05F0494S,31,215,14
2026/06/15 19:00,05F0439S,05F0494S,32,207,4
2026/06/15 19:00,05F0439S,05F0494S,41,0,0
2026/06/15 19:00,05F0439S,05F0494S,42,0,0
2026/06/15 19:00,05F0439S,05F0494S,5,235,3
2026/06/15 19:05,05F0000S,05F0055S,31,247,97
2026/06/15 19:05,05F0000S,05F0055S,32,252,18
2026/06/15 19:05,05F0000S,05F0055S,41,242,8
2026/06/15 19:05,05F0000S,05F0055S,42,0,0
2026/06/15 19:05,05F0000S,05F0055S,5,0,0
2026/06/15 19:05,05F0055S,05F0287S,31,943,64
2026/06/15 19:05,05F0055S,05F0287S,32,974,23
2026/06/15 19:05,05F0055S,05F0287S,41,1000,7
2026/06/15 19:05,05F0055S,05F0287S,42,0,0
2026/06/15 19:05,05F0055S,05F0287S,5,0,0
2026/06/15 19:05,05F0287S,05F0309S,31,85,51
2026/06/15 19:05,05F0287S,05F0309S,32,87,19
2026/06/15 19:05,05F0287S,05F0309S,41,94,4
2026/06/15 19:05,05F0287S,05F0309S,42,0,0
2026/06/15 19:05,05F0287S,05F0309S,5,0,0
2026/06/15 19:05,05F0309S,05F0439S,31,479,50
2026/06/15 19:05,05F0309S,05F0439S,32,504,11
2026/06/15 19:05,05F0309S,05F0439S,41,527,2
2026/06/15 19:05,05F0309S,05F0439S,42,589,1
2026/06/15 19:05,05F0309S,05F0439S,5,492,4
2026/06/15 19:05,05F0439S,05F0494S,31,210,12
2026/06/15 19:05,05F0439S,05F0494S,32,206,4
2026/06/15 19:05,05F0439S,05F0494S,41,576,2
2026/06/15 19:05,05F0439S,05F0494S,42,0,0
2026/06/15 19:05,05F0439S,05F0494S,5,209,3
2026/06/15 19:10,05F0000S,05F0055S,31,239,90
2026/06/15 19:10,05F0000S,05F0055S,32,245,19
2026/06/15 19:10,05F0000S,05F0055S,41,244,6
2026/06/15 19:10,05F0000S,05F0055S,42,0,0
2026/06/15 19:10,05F0000S,05F0055S,5,0,0
2026/06/15 19:10,05F0055S,05F0287S,31,976,122
2026/06/15 19:10,05F0055S,05F0287S,32,995,22
2026/06/15 19:10,05F0055S,05F0287S,41,1033,9
2026/06/15 19:10,05F0055S,05F0287S,42,0,0
2026/06/15 19:10,05F0055S,05F0287S,5,0,0
2026/06/15 19:10,05F0287S,05F0309S,31,88,67
2026/06/15 19:10,05F0287S,05F0309S,32,91,13
2026/06/15 19:10,05F0287S,05F0309S,41,93,8
2026/06/15 19:10,05F0287S,05F0309S,42,0,0
2026/06/15 19:10,05F0287S,05F0309S,5,0,0
2026/06/15 19:10,05F0309S,05F0439S,31,478,38
2026/06/15 19:10,05F0309S,05F0439S,32,462,8
2026/06/15 19:10,05F0309S,05F0439S,41,537,4
2026/06/15 19:10,05F0309S,05F0439S,42,0,0
2026/06/15 19:10,05F0309S,05F0439S,5,488,1
2026/06/15 19:10,05F0439S,05F0494S,31,206,15
2026/06/15 19:10,05F0439S,05F0494S,32,222,7
2026/06/15 19:10,05F0439S,05F0494S,41,0,0
2026/06/15 19:10,05F0439S,05F0494S,42,259,1
2026/06/15 19:10,05F0439S,05F0494S,5,210,1
2026/06/15 19:15,05F0000S,05F0055S,31,243,77
2026/06/15 19:15,05F0000S,05F0055S,32,245,19
2026/06/15 19:15,05F0000S,05F0055S,41,255,5
2026/06/15 19:15,05F0000S,05F0055S,42,0,0
2026/06/15 19:15,05F0000S,05F0055S,5,0,0
2026/06/15 19:15,05F0055S,05F0287S,31,951,86
2026/06/15 19:15,05F0055S,05F0287S,32,964,23
2026/06/15 19:15,05F0055S,05F0287S,41,989,8
2026/06/15 19:15,05F0055S,05F0287S,42,0,0
2026/06/15 19:15,05F0055S,05F0287S,5,0,0
2026/06/15 19:15,05F0287S,05F0309S,31,83,69
2026/06/15 19:15,05F0287S,05F0309S,32,91,20
2026/06/15 19:15,05F0287S,05F0309S,41,93,5
2026/06/15 19:15,05F0287S,05F0309S,42,0,0
2026/06/15 19:15,05F0287S,05F0309S,5,0,0
2026/06/15 19:15,05F0309S,05F0439S,31,473,24
2026/06/15 19:15,05F0309S,05F0439S,32,516,10
2026/06/15 19:15,05F0309S,05F0439S,41,538,3
2026/06/15 19:15,05F0309S,05F0439S,42,0,0
2026/06/15 19:15,05F0309S,05F0439S,5,570,1
2026/06/15 19:15,05F0439S,05F0494S,31,201,12
2026/06/15 19:15,05F0439S,05F0494S,32,211,1
2026/06/15 19:15,05F0439S,05F0494S,41,0,0
2026/06/15 19:15,05F0439S,05F0494S,42,0,0
2026/06/15 19:15,05F0439S,05F0494S,5,223,2
2026/06/15 19:20,05F0000S,05F0055S,31,238,87
2026/06/15 19:20,05F0000S,05F0055S,32,240,14
2026/06/15 19:20,05F0000S,05F0055S,41,242,6
2026/06/15 19:20,05F0000S,05F0055S,42,0,0
2026/06/15 19:20,05F0000S,05F0055S,5,0,0
2026/06/15 19:20,05F0055S,05F0287S,31,983,100
2026/06/15 19:20,05F0055S,05F0287S,32,986,19
2026/06/15 19:20,05F0055S,05F0287S,41,1004,8
2026/06/15 19:20,05F0055S,05F0287S,42,0,0
2026/06/15 19:20,05F0055S,05F0287S,5,0,0
2026/06/15 19:20,05F0287S,05F0309S,31,86,77
2026/06/15 19:20,05F0287S,05F0309S,32,89,18
2026/06/15 19:20,05F0287S,05F0309S,41,91,8
2026/06/15 19:20,05F0287S,05F0309S,42,0,0
2026/06/15 19:20,05F0287S,05F0309S,5,0,0
2026/06/15 19:20,05F0309S,05F0439S,31,488,43
2026/06/15 19:20,05F0309S,05F0439S,32,495,8
2026/06/15 19:20,05F0309S,05F0439S,41,523,4
2026/06/15 19:20,05F0309S,05F0439S,42,0,0
2026/06/15 19:20,05F0309S,05F0439S,5,543,1
2026/06/15 19:20,05F0439S,05F0494S,31,202,5
2026/06/15 19:20,05F0439S,05F0494S,32,0,0
2026/06/15 19:20,05F0439S,05F0494S,41,0,0
2026/06/15 19:20,05F0439S,05F0494S,42,0,0
2026/06/15 19:20,05F0439S,05F0494S,5,234,1
2026/06/15 19:25,05F0000S,05F0055S,31,237,71
2026/06/15 19:25,05F0000S,05F0055S,32,242,18
2026/06/15 19:25,05F0000S,05F0055S,41,256,2
2026/06/15 19:25,05F0000S,05F0055S,42,263,1
2026/06/15 19:25,05F0000S,05F0055S,5,0,0
2026/06/15 19:25,05F0055S,05F0287S,31,970,100
2026/06/15 19:25,05F0055S,05F0287S,32,983,26
2026/06/15 19:25,05F0055S,05F0287S,41,1009,8
2026/06/15 19:25,05F0055S,05F0287S,42,0,0
2026/06/15 19:25,05F0055S,05F0287S,5,0,0
2026/06/15 19:25,05F0287S,05F0309S,31,87,79
2026/06/15 19:25,05F0287S,05F0309S,32,88,20
2026/06/15 19:25,05F0287S,05F0309S,41,91,8
2026/06/15 19:25,05F0287S,05F0309S,42,0,0
2026/06/15 19:25,05F0287S,05F0309S,5,0,0
2026/06/15 19:25,05F0309S,05F0439S,31,477,39
2026/06/15 19:25,05F0309S,05F0439S,32,502,9
2026/06/15 19:25,05F0309S,05F0439S,41,539,4
2026/06/15 19:25,05F0309S,05F0439S,42,0,0
2026/06/15 19:25,05F0309S,05F0439S,5,527,1
2026/06/15 19:25,05F0439S,05F0494S,31,192,11
2026/06/15 19:25,05F0439S,05F0494S,32,216,1
2026/06/15 19:25,05F0439S,05F0494S,41,0,0
2026/06/15 19:25,05F0439S,05F0494S,42,0,0
2026/06/15 19:25,05F0439S,05F0494S,5,0,0
2026/06/15 19:30,05F0000S,05F0055S,31,239,71
2026/06/15 19:30,05F0000S,05F0055S,32,243,11
2026/06/15 19:30,05F0000S,05F0055S,41,250,7
2026/06/15 19:30,05F0000S,05F0055S,42,0,0
2026/06/15 19:30,05F0000S,05F0055S,5,0,0
2026/06/15 19:30,05F0055S,05F0287S,31,977,91
2026/06/15 19:30,05F0055S,05F0287S,32,968,18
2026/06/15 19:30,05F0055S,05F0287S,41,1014,4
2026/06/15 19:30,05F0055S,05F0287S,42,0,0
2026/06/15 19:30,05F0055S,05F0287S,5,0,0
2026/06/15 19:30,05F0287S,05F0309S,31,85,64
2026/06/15 19:30,05F0287S,05F0309S,32,90,14
2026/06/15 19:30,05F0287S,05F0309S,41,96,4
2026/06/15 19:30,05F0287S,05F0309S,42,0,0
2026/06/15 19:30,05F0287S,05F0309S,5,0,0
2026/06/15 19:30,05F0309S,05F0439S,31,490,34
2026/06/15 19:30,05F0309S,05F0439S,32,519,10
2026/06/15 19:30,05F0309S,05F0439S,41,504,4
2026/06/15 19:30,05F0309S,05F0439S,42,573,1
2026/06/15 19:30,05F0309S,05F0439S,5,503,1
2026/06/15 19:30,05F0439S,05F0494S,31,207,13
2026/06/15 19:30,05F0439S,05F0494S,32,229,5
2026/06/15 19:30,05F0439S,05F0494S,41,0,0
2026/06/15 19:30,05F0439S,05F0494S,42,0,0
2026/06/15 19:30,05F0439S,05F0494S,5,223,1
2026/06/15 19:35,05F0000S,05F0055S,31,234,76
2026/06/15 19:35,05F0000S,05F0055S,32,235,8
2026/06/15 19:35,05F0000S,05F0055S,41,234,5
2026/06/15 19:35,05F0000S,05F0055S,42,0,0
2026/06/15 19:35,05F0000S,05F0055S,5,0,0
2026/06/15 19:35,05F0055S,05F0287S,31,968,98
2026/06/15 19:35,05F0055S,05F0287S,32,951,15
2026/06/15 19:35,05F0055S,05F0287S,41,998,3
2026/06/15 19:35,05F0055S,05F0287S,42,0,0
2026/06/15 19:35,05F0055S,05F0287S,5,0,0
2026/06/15 19:35,05F0287S,05F0309S,31,87,63
2026/06/15 19:35,05F0287S,05F0309S,32,86,16
2026/06/15 19:35,05F0287S,05F0309S,41,88,2
2026/06/15 19:35,05F0287S,05F0309S,42,0,0
2026/06/15 19:35,05F0287S,05F0309S,5,0,0
2026/06/15 19:35,05F0309S,05F0439S,31,486,40
2026/06/15 19:35,05F0309S,05F0439S,32,512,10
2026/06/15 19:35,05F0309S,05F0439S,41,528,5
2026/06/15 19:35,05F0309S,05F0439S,42,473,1
2026/06/15 19:35,05F0309S,05F0439S,5,483,2
2026/06/15 19:35,05F0439S,05F0494S,31,211,13
2026/06/15 19:35,05F0439S,05F0494S,32,210,2
2026/06/15 19:35,05F0439S,05F0494S,41,0,0
2026/06/15 19:35,05F0439S,05F0494S,42,0,0
2026/06/15 19:35,05F0439S,05F0494S,5,207,1
2026/06/15 19:40,05F0000S,05F0055S,31,236,66
2026/06/15 19:40,05F0000S,05F0055S,32,234,12
2026/06/15 19:40,05F0000S,05F0055S,41,240,3
2026/06/15 19:40,05F0000S,05F0055S,42,0,0
2026/06/15 19:40,05F0000S,05F0055S,5,0,0
2026/06/15 19:40,05F0055S,05F0287S,31,955,74
2026/06/15 19:40,05F0055S,05F0287S,32,965,22
2026/06/15 19:40,05F0055S,05F0287S,41,997,4
2026/06/15 19:40,05F0055S,05F0287S,42,0,0
2026/06/15 19:40,05F0055S,05F0287S,5,0,0
2026/06/15 19:40,05F0287S,05F0309S,31,85,68
2026/06/15 19:40,05F0287S,05F0309S,32,83,13
2026/06/15 19:40,05F0287S,05F0309S,41,91,4
2026/06/15 19:40,05F0287S,05F0309S,42,0,0
2026/06/15 19:40,05F0287S,05F0309S,5,0,0
2026/06/15 19:40,05F0309S,05F0439S,31,482,44
2026/06/15 19:40,05F0309S,05F0439S,32,497,11
2026/06/15 19:40,05F0309S,05F0439S,41,536,2
2026/06/15 19:40,05F0309S,05F0439S,42,487,3
2026/06/15 19:40,05F0309S,05F0439S,5,556,1
2026/06/15 19:40,05F0439S,05F0494S,31,216,20
2026/06/15 19:40,05F0439S,05F0494S,32,212,7
2026/06/15 19:40,05F0439S,05F0494S,41,0,0
2026/06/15 19:40,05F0439S,05F0494S,42,209,1
2026/06/15 19:40,05F0439S,05F0494S,5,195,2
2026/06/15 19:45,05F0000S,05F0055S,31,232,58
2026/06/15 19:45,05F0000S,05F0055S,32,231,13
2026/06/15 19:45,05F0000S,05F0055S,41,244,5
2026/06/15 19:45,05F0000S,05F0055S,42,0,0
2026/06/15 19:45,05F0000S,05F0055S,5,0,0
2026/06/15 19:45,05F0055S,05F0287S,31,970,70
2026/06/15 19:45,05F0055S,05F0287S,32,978,12
2026/06/15 19:45,05F0055S,05F0287S,41,1023,6
2026/06/15 19:45,05F0055S,05F0287S,42,0,0
2026/06/15 19:45,05F0055S,05F0287S,5,0,0
2026/06/15 19:45,05F0287S,05F0309S,31,85,61
2026/06/15 19:45,05F0287S,05F0309S,32,83,9
2026/06/15 19:45,05F0287S,05F0309S,41,93,4
2026/06/15 19:45,05F0287S,05F0309S,42,0,0
2026/06/15 19:45,05F0287S,05F0309S,5,0,0
2026/06/15 19:45,05F0309S,05F0439S,31,481,45
2026/06/15 19:45,05F0309S,05F0439S,32,492,11
2026/06/15 19:45,05F0309S,05F0439S,41,0,0
2026/06/15 19:45,05F0309S,05F0439S,42,0,0
2026/06/15 19:45,05F0309S,05F0439S,5,424,1
2026/06/15 19:45,05F0439S,05F0494S,31,205,12
2026/06/15 19:45,05F0439S,05F0494S,32,204,3
2026/06/15 19:45,05F0439S,05F0494S,41,0,0
2026/06/15 19:45,05F0439S,05F0494S,42,239,2
2026/06/15 19:45,05F0439S,05F0494S,5,201,2
2026/06/15 19:50,05F0000S,05F0055S,31,238,56
2026/06/15 19:50,05F0000S,05F0055S,32,242,17
2026/06/15 19:50,05F0000S,05F0055S,41,263,2
2026/06/15 19:50,05F0000S,05F0055S,42,0,0
2026/06/15 19:50,05F0000S,05F0055S,5,0,0
2026/06/15 19:50,05F0055S,05F0287S,31,964,90
2026/06/15 19:50,05F0055S,05F0287S,32,959,8
2026/06/15 19:50,05F0055S,05F0287S,41,1002,6
2026/06/15 19:50,05F0055S,05F0287S,42,0,0
2026/06/15 19:50,05F0055S,05F0287S,5,0,0
2026/06/15 19:50,05F0287S,05F0309S,31,87,64
2026/06/15 19:50,05F0287S,05F0309S,32,90,7
2026/06/15 19:50,05F0287S,05F0309S,41,93,6
2026/06/15 19:50,05F0287S,05F0309S,42,0,0
2026/06/15 19:50,05F0287S,05F0309S,5,0,0
2026/06/15 19:50,05F0309S,05F0439S,31,487,26
2026/06/15 19:50,05F0309S,05F0439S,32,491,6
2026/06/15 19:50,05F0309S,05F0439S,41,512,1
2026/06/15 19:50,05F0309S,05F0439S,42,0,0
2026/06/15 19:50,05F0309S,05F0439S,5,489,4
2026/06/15 19:50,05F0439S,05F0494S,31,210,17
2026/06/15 19:50,05F0439S,05F0494S,32,316,1
2026/06/15 19:50,05F0439S,05F0494S,41,0,0
2026/06/15 19:50,05F0439S,05F0494S,42,0,0
2026/06/15 19:50,05F0439S,05F0494S,5,204,1
2026/06/15 19:55,05F0000S,05F0055S,31,232,62
2026/06/15 19:55,05F0000S,05F0055S,32,248,16
2026/06/15 19:55,05F0000S,05F0055S,41,251,5
2026/06/15 19:55,05F0000S,05F0055S,42,0,0
2026/06/15 19:55,05F0000S,05F0055S,5,0,0
2026/06/15 19:55,05F0055S,05F0287S,31,950,75
2026/06/15 19:55,05F0055S,05F0287S,32,927,9
2026/06/15 19:55,05F0055S,05F0287S,41,1040,4
2026/06/15 19:55,05F0055S,05F0287S,42,0,0
2026/06/15 19:55,05F0055S,05F0287S,5,0,0
2026/06/15 19:55,05F0287S,05F0309S,31,86,62
2026/06/15 19:55,05F0287S,05F0309S,32,87,9
2026/06/15 19:55,05F0287S,05F0309S,41,95,2
2026/06/15 19:55,05F0287S,05F0309S,42,0,0
2026/06/15 19:55,05F0287S,05F0309S,5,0,0
2026/06/15 19:55,05F0309S,05F0439S,31,478,29
2026/06/15 19:55,05F0309S,05F0439S,32,468,6
2026/06/15 19:55,05F0309S,05F0439S,41,530,3
2026/06/15 19:55,05F0309S,05F0439S,42,0,0
2026/06/15 19:55,05F0309S,05F0439S,5,522,1
2026/06/15 19:55,05F0439S,05F0494S,31,214,10
2026/06/15 19:55,05F0439S,05F0494S,32,205,2
2026/06/15 19:55,05F0439S,05F0494S,41,0,0
2026/06/15 19:55,05F0439S,05F0494S,42,0,0
2026/06/15 19:55,05F0439S,05F0494S,5,204,2
2026/06/15 20:00,05F0000S,05F0055S,31,237,53
2026/06/15 20:00,05F0000S,05F0055S,32,241,13
2026/06/15 20:00,05F0000S,05F0055S,41,245,4
2026/06/15 20:00,05F0000S,05F0055S,42,0,0
2026/06/15 20:00,05F0000S,05F0055S,5,0,0
2026/06/15 20:00,05F0055S,05F0287S,31,947,67
2026/06/15 20:00,05F0055S,05F0287S,32,951,15
2026/06/15 20:00,05F0055S,05F0287S,41,978,5
2026/06/15 20:00,05F0055S,05F0287S,42,0,0
2026/06/15 20:00,05F0055S,05F0287S,5,0,0
2026/06/15 20:00,05F0287S,05F0309S,31,85,52
2026/06/15 20:00,05F0287S,05F0309S,32,82,3
2026/06/15 20:00,05F0287S,05F0309S,41,92,7
2026/06/15 20:00,05F0287S,05F0309S,42,0,0
2026/06/15 20:00,05F0287S,05F0309S,5,0,0
2026/06/15 20:00,05F0309S,05F0439S,31,488,42
2026/06/15 20:00,05F0309S,05F0439S,32,536,7
2026/06/15 20:00,05F0309S,05F0439S,41,523,4
2026/06/15 20:00,05F0309S,05F0439S,42,466,1
2026/06/15 20:00,05F0309S,05F0439S,5,0,0
2026/06/15 20:00,05F0439S,05F0494S,31,211,16
2026/06/15 20:00,05F0439S,05F0494S,32,208,5
2026/06/15 20:00,05F0439S,05F0494S,41,0,0
2026/06/15 20:00,05F0439S,05F0494S,42,0,0
2026/06/15 20:00,05F0439S,05F0494S,5,0,0
2026/06/15 20:05,05F0000S,05F0055S,31,243,78
2026/06/15 20:05,05F0000S,05F0055S,32,249,23
2026/06/15 20:05,05F0000S,05F0055S,41,241,4
2026/06/15 20:05,05F0000S,05F0055S,42,0,0
2026/06/15 20:05,05F0000S,05F0055S,5,0,0
2026/06/15 20:05,05F0055S,05F0287S,31,958,51
2026/06/15 20:05,05F0055S,05F0287S,32,964,17
2026/06/15 20:05,05F0055S,05F0287S,41,1024,2
2026/06/15 20:05,05F0055S,05F0287S,42,0,0
2026/06/15 20:05,05F0055S,05F0287S,5,0,0
2026/06/15 20:05,05F0287S,05F0309S,31,86,40
2026/06/15 20:05,05F0287S,05F0309S,32,89,12
2026/06/15 20:05,05F0287S,05F0309S,41,95,1
2026/06/15 20:05,05F0287S,05F0309S,42,0,0
2026/06/15 20:05,05F0287S,05F0309S,5,0,0
2026/06/15 20:05,05F0309S,05F0439S,31,490,33
2026/06/15 20:05,05F0309S,05F0439S,32,415,3
2026/06/15 20:05,05F0309S,05F0439S,41,524,3
2026/06/15 20:05,05F0309S,05F0439S,42,0,0
2026/06/15 20:05,05F0309S,05F0439S,5,546,2
2026/06/15 20:05,05F0439S,05F0494S,31,214,9
2026/06/15 20:05,05F0439S,05F0494S,32,202,2
2026/06/15 20:05,05F0439S,05F0494S,41,0,0
2026/06/15 20:05,05F0439S,05F0494S,42,0,0
2026/06/15 20:05,05F0439S,05F0494S,5,0,0
2026/06/15 20:10,05F0000S,05F0055S,31,233,79
2026/06/15 20:10,05F0000S,05F0055S,32,232,17
2026/06/15 20:10,05F0000S,05F0055S,41,254,3
2026/06/15 20:10,05F0000S,05F0055S,42,0,0
2026/06/15 20:10,05F0000S,05F0055S,5,0,0
2026/06/15 20:10,05F0055S,05F0287S,31,941,65
2026/06/15 20:10,05F0055S,05F0287S,32,970,14
2026/06/15 20:10,05F0055S,05F0287S,41,992,3
2026/06/15 20:10,05F0055S,05F0287S,42,1080,1
2026/06/15 20:10,05F0055S,05F0287S,5,0,0
2026/06/15 20:10,05F0287S,05F0309S,31,85,58
2026/06/15 20:10,05F0287S,05F0309S,32,88,13
2026/06/15 20:10,05F0287S,05F0309S,41,94,4
2026/06/15 20:10,05F0287S,05F0309S,42,99,1
2026/06/15 20:10,05F0287S,05F0309S,5,0,0
2026/06/15 20:10,05F0309S,05F0439S,31,483,32
2026/06/15 20:10,05F0309S,05F0439S,32,437,2
2026/06/15 20:10,05F0309S,05F0439S,41,506,1
2026/06/15 20:10,05F0309S,05F0439S,42,511,1
2026/06/15 20:10,05F0309S,05F0439S,5,0,0
2026/06/15 20:10,05F0439S,05F0494S,31,207,12
2026/06/15 20:10,05F0439S,05F0494S,32,233,4
2026/06/15 20:10,05F0439S,05F0494S,41,0,0
2026/06/15 20:10,05F0439S,05F0494S,42,217,1
2026/06/15 20:10,05F0439S,05F0494S,5,213,1
2026/06/15 20:15,05F0000S,05F0055S,31,235,60
2026/06/15 20:15,05F0000S,05F0055S,32,235,16
2026/06/15 20:15,05F0000S,05F0055S,41,243,5
2026/06/15 20:15,05F0000S,05F0055S,42,0,0
2026/06/15 20:15,05F0000S,05F0055S,5,0,0
2026/06/15 20:15,05F0055S,05F0287S,31,959,64
2026/06/15 20:15,05F0055S,05F0287S,32,981,18
2026/06/15 20:15,05F0055S,05F0287S,41,1036,6
2026/06/15 20:15,05F0055S,05F0287S,42,0,0
2026/06/15 20:15,05F0055S,05F0287S,5,0,0
2026/06/15 20:15,05F0287S,05F0309S,31,84,41
2026/06/15 20:15,05F0287S,05F0309S,32,89,13
2026/06/15 20:15,05F0287S,05F0309S,41,92,3
2026/06/15 20:15,05F0287S,05F0309S,42,0,0
2026/06/15 20:15,05F0287S,05F0309S,5,0,0
2026/06/15 20:15,05F0309S,05F0439S,31,492,30
2026/06/15 20:15,05F0309S,05F0439S,32,452,10
2026/06/15 20:15,05F0309S,05F0439S,41,465,1
2026/06/15 20:15,05F0309S,05F0439S,42,552,2
2026/06/15 20:15,05F0309S,05F0439S,5,0,0
2026/06/15 20:15,05F0439S,05F0494S,31,205,10
2026/06/15 20:15,05F0439S,05F0494S,32,204,2
2026/06/15 20:15,05F0439S,05F0494S,41,0,0
2026/06/15 20:15,05F0439S,05F0494S,42,258,1
2026/06/15 20:15,05F0439S,05F0494S,5,0,0
2026/06/15 20:20,05F0000S,05F0055S,31,240,61
2026/06/15 20:20,05F0000S,05F0055S,32,246,12
2026/06/15 20:20,05F0000S,05F0055S,41,243,4
2026/06/15 20:20,05F0000S,05F0055S,42,0,0
2026/06/15 20:20,05F0000S,05F0055S,5,0,0
2026/06/15 20:20,05F0055S,05F0287S,31,936,41
2026/06/15 20:20,05F0055S,05F0287S,32,949,15
2026/06/15 20:20,05F0055S,05F0287S,41,988,3
2026/06/15 20:20,05F0055S,05F0287S,42,0,0
2026/06/15 20:20,05F0055S,05F0287S,5,0,0
2026/06/15 20:20,05F0287S,05F0309S,31,84,37
2026/06/15 20:20,05F0287S,05F0309S,32,86,15
2026/06/15 20:20,05F0287S,05F0309S,41,92,3
2026/06/15 20:20,05F0287S,05F0309S,42,0,0
2026/06/15 20:20,05F0287S,05F0309S,5,0,0
2026/06/15 20:20,05F0309S,05F0439S,31,490,34
2026/06/15 20:20,05F0309S,05F0439S,32,528,6
2026/06/15 20:20,05F0309S,05F0439S,41,539,3
2026/06/15 20:20,05F0309S,05F0439S,42,638,2
2026/06/15 20:20,05F0309S,05F0439S,5,500,3
2026/06/15 20:20,05F0439S,05F0494S,31,208,16
2026/06/15 20:20,05F0439S,05F0494S,32,195,4
2026/06/15 20:20,05F0439S,05F0494S,41,0,0
2026/06/15 20:20,05F0439S,05F0494S,42,231,1
2026/06/15 20:20,05F0439S,05F0494S,5,233,1
2026/06/15 20:25,05F0000S,05F0055S,31,240,56
2026/06/15 20:25,05F0000S,05F0055S,32,239,22
2026/06/15 20:25,05F0000S,05F0055S,41,246,4
2026/06/15 20:25,05F0000S,05F0055S,42,0,0
2026/06/15 20:25,05F0000S,05F0055S,5,0,0
2026/06/15 20:25,05F0055S,05F0287S,31,989,112
2026/06/15 20:25,05F0055S,05F0287S,32,995,24
2026/06/15 20:25,05F0055S,05F0287S,41,1007,4
2026/06/15 20:25,05F0055S,05F0287S,42,0,0
2026/06/15 20:25,05F0055S,05F0287S,5,0,0
2026/06/15 20:25,05F0287S,05F0309S,31,88,81
2026/06/15 20:25,05F0287S,05F0309S,32,93,20
2026/06/15 20:25,05F0287S,05F0309S,41,92,5
2026/06/15 20:25,05F0287S,05F0309S,42,0,0
2026/06/15 20:25,05F0287S,05F0309S,5,0,0
2026/06/15 20:25,05F0309S,05F0439S,31,477,19
2026/06/15 20:25,05F0309S,05F0439S,32,496,11
2026/06/15 20:25,05F0309S,05F0439S,41,523,3
2026/06/15 20:25,05F0309S,05F0439S,42,625,1
2026/06/15 20:25,05F0309S,05F0439S,5,0,0
2026/06/15 20:25,05F0439S,05F0494S,31,221,8
2026/06/15 20:25,05F0439S,05F0494S,32,207,2
2026/06/15 20:25,05F0439S,05F0494S,41,0,0
2026/06/15 20:25,05F0439S,05F0494S,42,0,0
2026/06/15 20:25,05F0439S,05F0494S,5,220,2
2026/06/15 20:30,05F0000S,05F0055S,31,234,68
2026/06/15 20:30,05F0000S,05F0055S,32,239,11
2026/06/15 20:30,05F0000S,05F0055S,41,246,3
2026/06/15 20:30,05F0000S,05F0055S,42,0,0
2026/06/15 20:30,05F0000S,05F0055S,5,0,0
2026/06/15 20:30,05F0055S,05F0287S,31,950,60
2026/06/15 20:30,05F0055S,05F0287S,32,961,16
2026/06/15 20:30,05F0055S,05F0287S,41,987,4
2026/06/15 20:30,05F0055S,05F0287S,42,0,0
2026/06/15 20:30,05F0055S,05F0287S,5,0,0
2026/06/15 20:30,05F0287S,05F0309S,31,85,48
2026/06/15 20:30,05F0287S,05F0309S,32,86,10
2026/06/15 20:30,05F0287S,05F0309S,41,93,3
2026/06/15 20:30,05F0287S,05F0309S,42,0,0
2026/06/15 20:30,05F0287S,05F0309S,5,0,0
2026/06/15 20:30,05F0309S,05F0439S,31,483,14
2026/06/15 20:30,05F0309S,05F0439S,32,478,5
2026/06/15 20:30,05F0309S,05F0439S,41,0,0
2026/06/15 20:30,05F0309S,05F0439S,42,0,0
2026/06/15 20:30,05F0309S,05F0439S,5,599,1
2026/06/15 20:30,05F0439S,05F0494S,31,210,15
2026/06/15 20:30,05F0439S,05F0494S,32,211,6
2026/06/15 20:30,05F0439S,05F0494S,41,0,0
2026/06/15 20:30,05F0439S,05F0494S,42,0,0
2026/06/15 20:30,05F0439S,05F0494S,5,0,0
2026/06/15 20:35,05F0000S,05F0055S,31,233,56
2026/06/15 20:35,05F0000S,05F0055S,32,242,12
2026/06/15 20:35,05F0000S,05F0055S,41,233,5
2026/06/15 20:35,05F0000S,05F0055S,42,0,0
2026/06/15 20:35,05F0000S,05F0055S,5,0,0
2026/06/15 20:35,05F0055S,05F0287S,31,954,70
2026/06/15 20:35,05F0055S,05F0287S,32,955,11
2026/06/15 20:35,05F0055S,05F0287S,41,998,4
2026/06/15 20:35,05F0055S,05F0287S,42,0,0
2026/06/15 20:35,05F0055S,05F0287S,5,0,0
2026/06/15 20:35,05F0287S,05F0309S,31,87,42
2026/06/15 20:35,05F0287S,05F0309S,32,85,11
2026/06/15 20:35,05F0287S,05F0309S,41,93,4
2026/06/15 20:35,05F0287S,05F0309S,42,0,0
2026/06/15 20:35,05F0287S,05F0309S,5,0,0
2026/06/15 20:35,05F0309S,05F0439S,31,490,48
2026/06/15 20:35,05F0309S,05F0439S,32,513,11
2026/06/15 20:35,05F0309S,05F0439S,41,525,3
2026/06/15 20:35,05F0309S,05F0439S,42,0,0
2026/06/15 20:35,05F0309S,05F0439S,5,534,5
2026/06/15 20:35,05F0439S,05F0494S,31,215,8
2026/06/15 20:35,05F0439S,05F0494S,32,219,2
2026/06/15 20:35,05F0439S,05F0494S,41,0,0
2026/06/15 20:35,05F0439S,05F0494S,42,0,0
2026/06/15 20:35,05F0439S,05F0494S,5,237,1
2026/06/15 20:40,05F0000S,05F0055S,31,241,66
2026/06/15 20:40,05F0000S,05F0055S,32,246,14
2026/06/15 20:40,05F0000S,05F0055S,41,242,4
2026/06/15 20:40,05F0000S,05F0055S,42,0,0
2026/06/15 20:40,05F0000S,05F0055S,5,0,0
2026/06/15 20:40,05F0055S,05F0287S,31,945,58
2026/06/15 20:40,05F0055S,05F0287S,32,962,18
2026/06/15 20:40,05F0055S,05F0287S,41,992,5
2026/06/15 20:40,05F0055S,05F0287S,42,0,0
2026/06/15 20:40,05F0055S,05F0287S,5,0,0
2026/06/15 20:40,05F0287S,05F0309S,31,87,47
2026/06/15 20:40,05F0287S,05F0309S,32,90,15
2026/06/15 20:40,05F0287S,05F0309S,41,97,3
2026/06/15 20:40,05F0287S,05F0309S,42,0,0
2026/06/15 20:40,05F0287S,05F0309S,5,0,0
2026/06/15 20:40,05F0309S,05F0439S,31,504,25
2026/06/15 20:40,05F0309S,05F0439S,32,473,13
2026/06/15 20:40,05F0309S,05F0439S,41,522,2
2026/06/15 20:40,05F0309S,05F0439S,42,503,2
2026/06/15 20:40,05F0309S,05F0439S,5,482,5
2026/06/15 20:40,05F0439S,05F0494S,31,214,19
2026/06/15 20:40,05F0439S,05F0494S,32,0,0
2026/06/15 20:40,05F0439S,05F0494S,41,218,1
2026/06/15 20:40,05F0439S,05F0494S,42,214,1
2026/06/15 20:40,05F0439S,05F0494S,5,223,6
2026/06/15 20:45,05F0000S,05F0055S,31,237,56
2026/06/15 20:45,05F0000S,05F0055S,32,234,14
2026/06/15 20:45,05F0000S,05F0055S,41,252,4
2026/06/15 20:45,05F0000S,05F0055S,42,0,0
2026/06/15 20:45,05F0000S,05F0055S,5,0,0
2026/06/15 20:45,05F0055S,05F0287S,31,949,68
2026/06/15 20:45,05F0055S,05F0287S,32,967,17
2026/06/15 20:45,05F0055S,05F0287S,41,1015,2
2026/06/15 20:45,05F0055S,05F0287S,42,0,0
2026/06/15 20:45,05F0055S,05F0287S,5,0,0
2026/06/15 20:45,05F0287S,05F0309S,31,85,56
2026/06/15 20:45,05F0287S,05F0309S,32,92,12
2026/06/15 20:45,05F0287S,05F0309S,41,97,4
2026/06/15 20:45,05F0287S,05F0309S,42,0,0
2026/06/15 20:45,05F0287S,05F0309S,5,0,0
2026/06/15 20:45,05F0309S,05F0439S,31,482,26
2026/06/15 20:45,05F0309S,05F0439S,32,538,2
2026/06/15 20:45,05F0309S,05F0439S,41,528,1
2026/06/15 20:45,05F0309S,05F0439S,42,511,1
2026/06/15 20:45,05F0309S,05F0439S,5,0,0
2026/06/15 20:45,05F0439S,05F0494S,31,201,10
2026/06/15 20:45,05F0439S,05F0494S,32,184,4
2026/06/15 20:45,05F0439S,05F0494S,41,0,0
2026/06/15 20:45,05F0439S,05F0494S,42,213,1
2026/06/15 20:45,05F0439S,05F0494S,5,203,4
2026/06/15 20:50,05F0000S,05F0055S,31,233,51
2026/06/15 20:50,05F0000S,05F0055S,32,241,10
2026/06/15 20:50,05F0000S,05F0055S,41,244,6
2026/06/15 20:50,05F0000S,05F0055S,42,263,1
2026/06/15 20:50,05F0000S,05F0055S,5,0,0
2026/06/15 20:50,05F0055S,05F0287S,31,965,69
2026/06/15 20:50,05F0055S,05F0287S,32,951,11
2026/06/15 20:50,05F0055S,05F0287S,41,996,6
2026/06/15 20:50,05F0055S,05F0287S,42,0,0
2026/06/15 20:50,05F0055S,05F0287S,5,0,0
2026/06/15 20:50,05F0287S,05F0309S,31,85,44
2026/06/15 20:50,05F0287S,05F0309S,32,87,8
2026/06/15 20:50,05F0287S,05F0309S,41,92,1
2026/06/15 20:50,05F0287S,05F0309S,42,0,0
2026/06/15 20:50,05F0287S,05F0309S,5,0,0
2026/06/15 20:50,05F0309S,05F0439S,31,485,31
2026/06/15 20:50,05F0309S,05F0439S,32,489,7
2026/06/15 20:50,05F0309S,05F0439S,41,530,3
2026/06/15 20:50,05F0309S,05F0439S,42,0,0
2026/06/15 20:50,05F0309S,05F0439S,5,558,4
2026/06/15 20:50,05F0439S,05F0494S,31,195,11
2026/06/15 20:50,05F0439S,05F0494S,32,220,3
2026/06/15 20:50,05F0439S,05F0494S,41,0,0
2026/06/15 20:50,05F0439S,05F0494S,42,0,0
2026/06/15 20:50,05F0439S,05F0494S,5,0,0
2026/06/15 20:55,05F0000S,05F0055S,31,236,64
2026/06/15 20:55,05F0000S,05F0055S,32,233,11
2026/06/15 20:55,05F0000S,05F0055S,41,232,3
2026/06/15 20:55,05F0000S,05F0055S,42,0,0
2026/06/15 20:55,05F0000S,05F0055S,5,0,0
2026/06/15 20:55,05F0055S,05F0287S,31,949,57
2026/06/15 20:55,05F0055S,05F0287S,32,959,19
2026/06/15 20:55,05F0055S,05F0287S,41,1003,3
2026/06/15 20:55,05F0055S,05F0287S,42,0,0
2026/06/15 20:55,05F0055S,05F0287S,5,0,0
2026/06/15 20:55,05F0287S,05F0309S,31,87,43
2026/06/15 20:55,05F0287S,05F0309S,32,86,11
2026/06/15 20:55,05F0287S,05F0309S,41,93,5
2026/06/15 20:55,05F0287S,05F0309S,42,0,0
2026/06/15 20:55,05F0287S,05F0309S,5,0,0
2026/06/15 20:55,05F0309S,05F0439S,31,489,33
2026/06/15 20:55,05F0309S,05F0439S,32,503,11
2026/06/15 20:55,05F0309S,05F0439S,41,0,0
2026/06/15 20:55,05F0309S,05F0439S,42,0,0
2026/06/15 20:55,05F0309S,05F0439S,5,531,1
2026/06/15 20:55,05F0439S,05F0494S,31,218,11
2026/06/15 20:55,05F0439S,05F0494S,32,204,4
2026/06/15 20:55,05F0439S,05F0494S,41,0,0
2026/06/15 20:55,05F0439S,05F0494S,42,0,0
2026/06/15 20:55,05F0439S,05F0494S,5,228,4
2026/06/15 21:00,05F0000S,05F0055S,31,236,52
2026/06/15 21:00,05F0000S,05F0055S,32,233,18
2026/06/15 21:00,05F0000S,05F0055S,41,236,3
2026/06/15 21:00,05F0000S,05F0055S,42,0,0
2026/06/15 21:00,05F0000S,05F0055S,5,0,0
2026/06/15 21:00,05F0055S,05F0287S,31,958,67
2026/06/15 21:00,05F0055S,05F0287S,32,956,13
2026/06/15 21:00,05F0055S,05F0287S,41,1025,5
2026/06/15 21:00,05F0055S,05F0287S,42,0,0
2026/06/15 21:00,05F0055S,05F0287S,5,0,0
2026/06/15 21:00,05F0287S,05F0309S,31,84,49
2026/06/15 21:00,05F0287S,05F0309S,32,86,12
2026/06/15 21:00,05F0287S,05F0309S,41,90,3
2026/06/15 21:00,05F0287S,05F0309S,42,0,0
2026/06/15 21:00,05F0287S,05F0309S,5,0,0
2026/06/15 21:00,05F0309S,05F0439S,31,488,28
2026/06/15 21:00,05F0309S,05F0439S,32,499,6
2026/06/15 21:00,05F0309S,05F0439S,41,519,1
2026/06/15 21:00,05F0309S,05F0439S,42,0,0
2026/06/15 21:00,05F0309S,05F0439S,5,507,2
2026/06/15 21:00,05F0439S,05F0494S,31,202,14
2026/06/15 21:00,05F0439S,05F0494S,32,213,7
2026/06/15 21:00,05F0439S,05F0494S,41,0,0
2026/06/15 21:00,05F0439S,05F0494S,42,0,0
2026/06/15 21:00,05F0439S,05F0494S,5,218,1
2026/06/15 21:05,05F0000S,05F0055S,31,232,49
2026/06/15 21:05,05F0000S,05F0055S,32,243,12
2026/06/15 21:05,05F0000S,05F0055S,41,241,4
2026/06/15 21:05,05F0000S,05F0055S,42,0,0
2026/06/15 21:05,05F0000S,05F0055S,5,0,0
2026/06/15 21:05,05F0055S,05F0287S,31,978,53
2026/06/15 21:05,05F0055S,05F0287S,32,974,8
2026/06/15 21:05,05F0055S,05F0287S,41,1078,2
2026/06/15 21:05,05F0055S,05F0287S,42,0,0
2026/06/15 21:05,05F0055S,05F0287S,5,0,0
2026/06/15 21:05,05F0287S,05F0309S,31,87,46
2026/06/15 21:05,05F0287S,05F0309S,32,90,7
2026/06/15 21:05,05F0287S,05F0309S,41,98,3
2026/06/15 21:05,05F0287S,05F0309S,42,0,0
2026/06/15 21:05,05F0287S,05F0309S,5,0,0
2026/06/15 21:05,05F0309S,05F0439S,31,485,30
2026/06/15 21:05,05F0309S,05F0439S,32,491,8
2026/06/15 21:05,05F0309S,05F0439S,41,543,4
2026/06/15 21:05,05F0309S,05F0439S,42,0,0
2026/06/15 21:05,05F0309S,05F0439S,5,518,2
2026/06/15 21:05,05F0439S,05F0494S,31,206,8
2026/06/15 21:05,05F0439S,05F0494S,32,217,4
2026/06/15 21:05,05F0439S,05F0494S,41,0,0
2026/06/15 21:05,05F0439S,05F0494S,42,0,0
2026/06/15 21:05,05F0439S,05F0494S,5,235,3
2026/06/15 21:10,05F0000S,05F0055S,31,242,51
2026/06/15 21:10,05F0000S,05F0055S,32,240,19
2026/06/15 21:10,05F0000S,05F0055S,41,244,2
2026/06/15 21:10,05F0000S,05F0055S,42,0,0
2026/06/15 21:10,05F0000S,05F0055S,5,0,0
2026/06/15 21:10,05F0055S,05F0287S,31,957,68
2026/06/15 21:10,05F0055S,05F0287S,32,973,14
2026/06/15 21:10,05F0055S,05F0287S,41,999,8
2026/06/15 21:10,05F0055S,05F0287S,42,0,0
2026/06/15 21:10,05F0055S,05F0287S,5,0,0
2026/06/15 21:10,05F0287S,05F0309S,31,87,49
2026/06/15 21:10,05F0287S,05F0309S,32,86,8
2026/06/15 21:10,05F0287S,05F0309S,41,95,7
2026/06/15 21:10,05F0287S,05F0309S,42,0,0
2026/06/15 21:10,05F0287S,05F0309S,5,0,0
2026/06/15 21:10,05F0309S,05F0439S,31,480,32
2026/06/15 21:10,05F0309S,05F0439S,32,491,10
2026/06/15 21:10,05F0309S,05F0439S,41,530,2
2026/06/15 21:10,05F0309S,05F0439S,42,0,0
2026/06/15 21:10,05F0309S,05F0439S,5,515,2
2026/06/15 21:10,05F0439S,05F0494S,31,201,18
2026/06/15 21:10,05F0439S,05F0494S,32,195,5
2026/06/15 21:10,05F0439S,05F0494S,41,0,0
2026/06/15 21:10,05F0439S,05F0494S,42,0,0
2026/06/15 21:10,05F0439S,05F0494S,5,205,1
2026/06/15 21:15,05F0000S,05F0055S,31,237,61
2026/06/15 21:15,05F0000S,05F0055S,32,238,13
2026/06/15 21:15,05F0000S,05F0055S,41,244,2
2026/06/15 21:15,05F0000S,05F0055S,42,0,0
2026/06/15 21:15,05F0000S,05F0055S,5,0,0
2026/06/15 21:15,05F0055S,05F0287S,31,949,58
2026/06/15 21:15,05F0055S,05F0287S,32,944,25
2026/06/15 21:15,05F0055S,05F0287S,41,969,3
2026/06/15 21:15,05F0055S,05F0287S,42,0,0
2026/06/15 21:15,05F0055S,05F0287S,5,0,0
2026/06/15 21:15,05F0287S,05F0309S,31,84,46
2026/06/15 21:15,05F0287S,05F0309S,32,85,20
2026/06/15 21:15,05F0287S,05F0309S,41,91,1
2026/06/15 21:15,05F0287S,05F0309S,42,0,0
2026/06/15 21:15,05F0287S,05F0309S,5,0,0
2026/06/15 21:15,05F0309S,05F0439S,31,471,27
2026/06/15 21:15,05F0309S,05F0439S,32,521,3
2026/06/15 21:15,05F0309S,05F0439S,41,535,1
2026/06/15 21:15,05F0309S,05F0439S,42,685,2
2026/06/15 21:15,05F0309S,05F0439S,5,0,0
2026/06/15 21:15,05F0439S,05F0494S,31,210,12
2026/06/15 21:15,05F0439S,05F0494S,32,212,7
2026/06/15 21:15,05F0439S,05F0494S,41,0,0
2026/06/15 21:15,05F0439S,05F0494S,42,0,0
2026/06/15 21:15,05F0439S,05F0494S,5,220,1
2026/06/15 21:20,05F0000S,05F0055S,31,233,59
2026/06/15 21:20,05F0000S,05F0055S,32,239,10
2026/06/15 21:20,05F0000S,05F0055S,41,239,4
2026/06/15 21:20,05F0000S,05F0055S,42,0,0
2026/06/15 21:20,05F0000S,05F0055S,5,0,0
2026/06/15 21:20,05F0055S,05F0287S,31,930,48
2026/06/15 21:20,05F0055S,05F0287S,32,931,12
2026/06/15 21:20,05F0055S,05F0287S,41,965,2
2026/06/15 21:20,05F0055S,05F0287S,42,0,0
2026/06/15 21:20,05F0055S,05F0287S,5,0,0
2026/06/15 21:20,05F0287S,05F0309S,31,85,45
2026/06/15 21:20,05F0287S,05F0309S,32,90,14
2026/06/15 21:20,05F0287S,05F0309S,41,91,3
2026/06/15 21:20,05F0287S,05F0309S,42,0,0
2026/06/15 21:20,05F0287S,05F0309S,5,0,0
2026/06/15 21:20,05F0309S,05F0439S,31,488,34
2026/06/15 21:20,05F0309S,05F0439S,32,486,9
2026/06/15 21:20,05F0309S,05F0439S,41,552,4
2026/06/15 21:20,05F0309S,05F0439S,42,501,1
2026/06/15 21:20,05F0309S,05F0439S,5,513,2
2026/06/15 21:20,05F0439S,05F0494S,31,219,14
2026/06/15 21:20,05F0439S,05F0494S,32,198,2
2026/06/15 21:20,05F0439S,05F0494S,41,0,0
2026/06/15 21:20,05F0439S,05F0494S,42,283,1
2026/06/15 21:20,05F0439S,05F0494S,5,0,0
2026/06/15 21:25,05F0000S,05F0055S,31,227,43
2026/06/15 21:25,05F0000S,05F0055S,32,215,9
2026/06/15 21:25,05F0000S,05F0055S,41,230,3
2026/06/15 21:25,05F0000S,05F0055S,42,0,0
2026/06/15 21:25,05F0000S,05F0055S,5,0,0
2026/06/15 21:25,05F0055S,05F0287S,31,948,52
2026/06/15 21:25,05F0055S,05F0287S,32,956,19
2026/06/15 21:25,05F0055S,05F0287S,41,975,4
2026/06/15 21:25,05F0055S,05F0287S,42,0,0
2026/06/15 21:25,05F0055S,05F0287S,5,0,0
2026/06/15 21:25,05F0287S,05F0309S,31,86,24
2026/06/15 21:25,05F0287S,05F0309S,32,88,15
2026/06/15 21:25,05F0287S,05F0309S,41,524,4
2026/06/15 21:25,05F0287S,05F0309S,42,0,0
2026/06/15 21:25,05F0287S,05F0309S,5,0,0
2026/06/15 21:25,05F0309S,05F0439S,31,486,24
2026/06/15 21:25,05F0309S,05F0439S,32,486,10
2026/06/15 21:25,05F0309S,05F0439S,41,502,2
2026/06/15 21:25,05F0309S,05F0439S,42,551,2
2026/06/15 21:25,05F0309S,05F0439S,5,497,1
2026/06/15 21:25,05F0439S,05F0494S,31,207,15
2026/06/15 21:25,05F0439S,05F0494S,32,222,2
2026/06/15 21:25,05F0439S,05F0494S,41,0,0
2026/06/15 21:25,05F0439S,05F0494S,42,0,0
2026/06/15 21:25,05F0439S,05F0494S,5,213,2
2026/06/15 21:30,05F0000S,05F0055S,31,232,60
2026/06/15 21:30,05F0000S,05F0055S,32,239,16
2026/06/15 21:30,05F0000S,05F0055S,41,242,2
2026/06/15 21:30,05F0000S,05F0055S,42,0,0
2026/06/15 21:30,05F0000S,05F0055S,5,0,0
2026/06/15 21:30,05F0055S,05F0287S,31,947,59
2026/06/15 21:30,05F0055S,05F0287S,32,947,12
2026/06/15 21:30,05F0055S,05F0287S,41,982,2
2026/06/15 21:30,05F0055S,05F0287S,42,0,0
2026/06/15 21:30,05F0055S,05F0287S,5,0,0
2026/06/15 21:30,05F0287S,05F0309S,31,87,52
2026/06/15 21:30,05F0287S,05F0309S,32,90,12
2026/06/15 21:30,05F0287S,05F0309S,41,92,2
2026/06/15 21:30,05F0287S,05F0309S,42,0,0
2026/06/15 21:30,05F0287S,05F0309S,5,0,0
2026/06/15 21:30,05F0309S,05F0439S,31,471,30
2026/06/15 21:30,05F0309S,05F0439S,32,482,7
2026/06/15 21:30,05F0309S,05F0439S,41,533,1
2026/06/15 21:30,05F0309S,05F0439S,42,0,0
2026/06/15 21:30,05F0309S,05F0439S,5,0,0
2026/06/15 21:30,05F0439S,05F0494S,31,205,11
2026/06/15 21:30,05F0439S,05F0494S,32,219,3
2026/06/15 21:30,05F0439S,05F0494S,41,0,0
2026/06/15 21:30,05F0439S,05F0494S,42,236,2
2026/06/15 21:30,05F0439S,05F0494S,5,0,0
2026/06/15 21:35,05F0000S,05F0055S,31,234,51
2026/06/15 21:35,05F0000S,05F0055S,32,225,11
2026/06/15 21:35,05F0000S,05F0055S,41,234,3
2026/06/15 21:35,05F0000S,05F0055S,42,0,0
2026/06/15 21:35,05F0000S,05F0055S,5,0,0
2026/06/15 21:35,05F0055S,05F0287S,31,945,58
2026/06/15 21:35,05F0055S,05F0287S,32,974,13
2026/06/15 21:35,05F0055S,05F0287S,41,962,2
2026/06/15 21:35,05F0055S,05F0287S,42,0,0
2026/06/15 21:35,05F0055S,05F0287S,5,0,0
2026/06/15 21:35,05F0287S,05F0309S,31,85,37
2026/06/15 21:35,05F0287S,05F0309S,32,89,11
2026/06/15 21:35,05F0287S,05F0309S,41,91,2
2026/06/15 21:35,05F0287S,05F0309S,42,0,0
2026/06/15 21:35,05F0287S,05F0309S,5,0,0
2026/06/15 21:35,05F0309S,05F0439S,31,474,24
2026/06/15 21:35,05F0309S,05F0439S,32,476,10
2026/06/15 21:35,05F0309S,05F0439S,41,531,2
2026/06/15 21:35,05F0309S,05F0439S,42,497,3
2026/06/15 21:35,05F0309S,05F0439S,5,505,1
2026/06/15 21:35,05F0439S,05F0494S,31,203,10
2026/06/15 21:35,05F0439S,05F0494S,32,703,2
2026/06/15 21:35,05F0439S,05F0494S,41,0,0
2026/06/15 21:35,05F0439S,05F0494S,42,0,0
2026/06/15 21:35,05F0439S,05F0494S,5,0,0
2026/06/15 21:40,05F0000S,05F0055S,31,230,55
2026/06/15 21:40,05F0000S,05F0055S,32,236,15
2026/06/15 21:40,05F0000S,05F0055S,41,226,5
2026/06/15 21:40,05F0000S,05F0055S,42,0,0
2026/06/15 21:40,05F0000S,05F0055S,5,0,0
2026/06/15 21:40,05F0055S,05F0287S,31,946,59
2026/06/15 21:40,05F0055S,05F0287S,32,942,12
2026/06/15 21:40,05F0055S,05F0287S,41,1040,5
2026/06/15 21:40,05F0055S,05F0287S,42,0,0
2026/06/15 21:40,05F0055S,05F0287S,5,0,0
2026/06/15 21:40,05F0287S,05F0309S,31,85,35
2026/06/15 21:40,05F0287S,05F0309S,32,85,6
2026/06/15 21:40,05F0287S,05F0309S,41,91,3
2026/06/15 21:40,05F0287S,05F0309S,42,0,0
2026/06/15 21:40,05F0287S,05F0309S,5,0,0
2026/06/15 21:40,05F0309S,05F0439S,31,482,26
2026/06/15 21:40,05F0309S,05F0439S,32,527,3
2026/06/15 21:40,05F0309S,05F0439S,41,0,0
2026/06/15 21:40,05F0309S,05F0439S,42,0,0
2026/06/15 21:40,05F0309S,05F0439S,5,512,2
2026/06/15 21:40,05F0439S,05F0494S,31,203,12
2026/06/15 21:40,05F0439S,05F0494S,32,232,1
2026/06/15 21:40,05F0439S,05F0494S,41,0,0
2026/06/15 21:40,05F0439S,05F0494S,42,0,0
2026/06/15 21:40,05F0439S,05F0494S,5,213,1
2026/06/15 21:45,05F0000S,05F0055S,31,234,53
2026/06/15 21:45,05F0000S,05F0055S,32,241,13
2026/06/15 21:45,05F0000S,05F0055S,41,233,3
2026/06/15 21:45,05F0000S,05F0055S,42,0,0
2026/06/15 21:45,05F0000S,05F0055S,5,0,0
2026/06/15 21:45,05F0055S,05F0287S,31,938,48
2026/06/15 21:45,05F0055S,05F0287S,32,956,13
2026/06/15 21:45,05F0055S,05F0287S,41,0,0
2026/06/15 21:45,05F0055S,05F0287S,42,0,0
2026/06/15 21:45,05F0055S,05F0287S,5,0,0
2026/06/15 21:45,05F0287S,05F0309S,31,84,37
2026/06/15 21:45,05F0287S,05F0309S,32,83,11
2026/06/15 21:45,05F0287S,05F0309S,41,92,3
2026/06/15 21:45,05F0287S,05F0309S,42,0,0
2026/06/15 21:45,05F0287S,05F0309S,5,0,0
2026/06/15 21:45,05F0309S,05F0439S,31,492,19
2026/06/15 21:45,05F0309S,05F0439S,32,510,7
2026/06/15 21:45,05F0309S,05F0439S,41,513,1
2026/06/15 21:45,05F0309S,05F0439S,42,0,0
2026/06/15 21:45,05F0309S,05F0439S,5,0,0
2026/06/15 21:45,05F0439S,05F0494S,31,215,9
2026/06/15 21:45,05F0439S,05F0494S,32,227,4
2026/06/15 21:45,05F0439S,05F0494S,41,0,0
2026/06/15 21:45,05F0439S,05F0494S,42,0,0
2026/06/15 21:45,05F0439S,05F0494S,5,214,1
2026/06/15 21:50,05F0000S,05F0055S,31,229,49
2026/06/15 21:50,05F0000S,05F0055S,32,232,15
2026/06/15 21:50,05F0000S,05F0055S,41,243,1
2026/06/15 21:50,05F0000S,05F0055S,42,0,0
2026/06/15 21:50,05F0000S,05F0055S,5,0,0
2026/06/15 21:50,05F0055S,05F0287S,31,953,58
2026/06/15 21:50,05F0055S,05F0287S,32,971,15
2026/06/15 21:50,05F0055S,05F0287S,41,992,5
2026/06/15 21:50,05F0055S,05F0287S,42,0,0
2026/06/15 21:50,05F0055S,05F0287S,5,0,0
2026/06/15 21:50,05F0287S,05F0309S,31,85,49
2026/06/15 21:50,05F0287S,05F0309S,32,87,13
2026/06/15 21:50,05F0287S,05F0309S,41,93,2
2026/06/15 21:50,05F0287S,05F0309S,42,0,0
2026/06/15 21:50,05F0287S,05F0309S,5,0,0
2026/06/15 21:50,05F0309S,05F0439S,31,470,24
2026/06/15 21:50,05F0309S,05F0439S,32,468,6
2026/06/15 21:50,05F0309S,05F0439S,41,523,4
2026/06/15 21:50,05F0309S,05F0439S,42,0,0
2026/06/15 21:50,05F0309S,05F0439S,5,0,0
2026/06/15 21:50,05F0439S,05F0494S,31,183,3
2026/06/15 21:50,05F0439S,05F0494S,32,217,3
2026/06/15 21:50,05F0439S,05F0494S,41,0,0
2026/06/15 21:50,05F0439S,05F0494S,42,0,0
2026/06/15 21:50,05F0439S,05F0494S,5,0,0
2026/06/15 21:55,05F0000S,05F0055S,31,237,66
2026/06/15 21:55,05F0000S,05F0055S,32,237,10
2026/06/15 21:55,05F0000S,05F0055S,41,232,2
2026/06/15 21:55,05F0000S,05F0055S,42,0,0
2026/06/15 21:55,05F0000S,05F0055S,5,0,0
2026/06/15 21:55,05F0055S,05F0287S,31,937,64
2026/06/15 21:55,05F0055S,05F0287S,32,930,15
2026/06/15 21:55,05F0055S,05F0287S,41,961,4
2026/06/15 21:55,05F0055S,05F0287S,42,0,0
2026/06/15 21:55,05F0055S,05F0287S,5,0,0
2026/06/15 21:55,05F0287S,05F0309S,31,84,46
2026/06/15 21:55,05F0287S,05F0309S,32,83,12
2026/06/15 21:55,05F0287S,05F0309S,41,91,5
2026/06/15 21:55,05F0287S,05F0309S,42,0,0
2026/06/15 21:55,05F0287S,05F0309S,5,0,0
2026/06/15 21:55,05F0309S,05F0439S,31,484,24
2026/06/15 21:55,05F0309S,05F0439S,32,489,6
2026/06/15 21:55,05F0309S,05F0439S,41,539,1
2026/06/15 21:55,05F0309S,05F0439S,42,580,3
2026/06/15 21:55,05F0309S,05F0439S,5,0,0
2026/06/15 21:55,05F0439S,05F0494S,31,206,10
2026/06/15 21:55,05F0439S,05F0494S,32,191,6
2026/06/15 21:55,05F0439S,05F0494S,41,0,0
2026/06/15 21:55,05F0439S,05F0494S,42,0,0
2026/06/15 21:55,05F0439S,05F0494S,5,0,0
2026/06/15 22:00,05F0000S,05F0055S,31,230,49
2026/06/15 22:00,05F0000S,05F0055S,32,231,8
2026/06/15 22:00,05F0000S,05F0055S,41,230,5
2026/06/15 22:00,05F0000S,05F0055S,42,0,0
2026/06/15 22:00,05F0000S,05F0055S,5,0,0
2026/06/15 22:00,05F0055S,05F0287S,31,943,55
2026/06/15 22:00,05F0055S,05F0287S,32,964,13
2026/06/15 22:00,05F0055S,05F0287S,41,996,4
2026/06/15 22:00,05F0055S,05F0287S,42,0,0
2026/06/15 22:00,05F0055S,05F0287S,5,0,0
2026/06/15 22:00,05F0287S,05F0309S,31,85,52
2026/06/15 22:00,05F0287S,05F0309S,32,91,12
2026/06/15 22:00,05F0287S,05F0309S,41,91,3
2026/06/15 22:00,05F0287S,05F0309S,42,0,0
2026/06/15 22:00,05F0287S,05F0309S,5,0,0
2026/06/15 22:00,05F0309S,05F0439S,31,479,30
2026/06/15 22:00,05F0309S,05F0439S,32,416,5
2026/06/15 22:00,05F0309S,05F0439S,41,536,2
2026/06/15 22:00,05F0309S,05F0439S,42,0,0
2026/06/15 22:00,05F0309S,05F0439S,5,0,0
2026/06/15 22:00,05F0439S,05F0494S,31,212,11
2026/06/15 22:00,05F0439S,05F0494S,32,205,1
2026/06/15 22:00,05F0439S,05F0494S,41,0,0
2026/06/15 22:00,05F0439S,05F0494S,42,244,1
2026/06/15 22:00,05F0439S,05F0494S,5,0,0
2026/06/15 22:05,05F0000S,05F0055S,31,239,43
2026/06/15 22:05,05F0000S,05F0055S,32,241,16
2026/06/15 22:05,05F0000S,05F0055S,41,0,0
2026/06/15 22:05,05F0000S,05F0055S,42,0,0
2026/06/15 22:05,05F0000S,05F0055S,5,0,0
2026/06/15 22:05,05F0055S,05F0287S,31,957,45
2026/06/15 22:05,05F0055S,05F0287S,32,938,12
2026/06/15 22:05,05F0055S,05F0287S,41,992,1
2026/06/15 22:05,05F0055S,05F0287S,42,0,0
2026/06/15 22:05,05F0055S,05F0287S,5,0,0
2026/06/15 22:05,05F0287S,05F0309S,31,84,33
2026/06/15 22:05,05F0287S,05F0309S,32,89,10
2026/06/15 22:05,05F0287S,05F0309S,41,93,2
2026/06/15 22:05,05F0287S,05F0309S,42,0,0
2026/06/15 22:05,05F0287S,05F0309S,5,0,0
2026/06/15 22:05,05F0309S,05F0439S,31,479,24
2026/06/15 22:05,05F0309S,05F0439S,32,466,7
2026/06/15 22:05,05F0309S,05F0439S,41,519,3
2026/06/15 22:05,05F0309S,05F0439S,42,0,0
2026/06/15 22:05,05F0309S,05F0439S,5,525,2
2026/06/15 22:05,05F0439S,05F0494S,31,205,14
2026/06/15 22:05,05F0439S,05F0494S,32,185,1
2026/06/15 22:05,05F0439S,05F0494S,41,0,0
2026/06/15 22:05,05F0439S,05F0494S,42,0,0
2026/06/15 22:05,05F0439S,05F0494S,5,0,0
2026/06/15 22:10,05F0000S,05F0055S,31,230,55
2026/06/15 22:10,05F0000S,05F0055S,32,230,9
2026/06/15 22:10,05F0000S,05F0055S,41,234,6
2026/06/15 22:10,05F0000S,05F0055S,42,0,0
2026/06/15 22:10,05F0000S,05F0055S,5,0,0
2026/06/15 22:10,05F0055S,05F0287S,31,980,54
2026/06/15 22:10,05F0055S,05F0287S,32,955,12
2026/06/15 22:10,05F0055S,05F0287S,41,1020,2
2026/06/15 22:10,05F0055S,05F0287S,42,0,0
2026/06/15 22:10,05F0055S,05F0287S,5,0,0
2026/06/15 22:10,05F0287S,05F0309S,31,84,39
2026/06/15 22:10,05F0287S,05F0309S,32,74,7
2026/06/15 22:10,05F0287S,05F0309S,41,95,1
2026/06/15 22:10,05F0287S,05F0309S,42,0,0
2026/06/15 22:10,05F0287S,05F0309S,5,0,0
2026/06/15 22:10,05F0309S,05F0439S,31,475,26
2026/06/15 22:10,05F0309S,05F0439S,32,505,9
2026/06/15 22:10,05F0309S,05F0439S,41,592,1
2026/06/15 22:10,05F0309S,05F0439S,42,489,1
2026/06/15 22:10,05F0309S,05F0439S,5,0,0
2026/06/15 22:10,05F0439S,05F0494S,31,194,6
2026/06/15 22:10,05F0439S,05F0494S,32,202,2
2026/06/15 22:10,05F0439S,05F0494S,41,0,0
2026/06/15 22:10,05F0439S,05F0494S,42,0,0
2026/06/15 22:10,05F0439S,05F0494S,5,220,2
2026/06/15 22:15,05F0000S,05F0055S,31,232,27
2026/06/15 22:15,05F0000S,05F0055S,32,232,8
2026/06/15 22:15,05F0000S,05F0055S,41,245,2
2026/06/15 22:15,05F0000S,05F0055S,42,0,0
2026/06/15 22:15,05F0000S,05F0055S,5,0,0
2026/06/15 22:15,05F0055S,05F0287S,31,994,65
2026/06/15 22:15,05F0055S,05F0287S,32,996,10
2026/06/15 22:15,05F0055S,05F0287S,41,1006,3
2026/06/15 22:15,05F0055S,05F0287S,42,0,0
2026/06/15 22:15,05F0055S,05F0287S,5,0,0
2026/06/15 22:15,05F0287S,05F0309S,31,84,46
2026/06/15 22:15,05F0287S,05F0309S,32,85,7
2026/06/15 22:15,05F0287S,05F0309S,41,538,2
2026/06/15 22:15,05F0287S,05F0309S,42,0,0
2026/06/15 22:15,05F0287S,05F0309S,5,0,0
2026/06/15 22:15,05F0309S,05F0439S,31,477,19
2026/06/15 22:15,05F0309S,05F0439S,32,483,7
2026/06/15 22:15,05F0309S,05F0439S,41,530,1
2026/06/15 22:15,05F0309S,05F0439S,42,0,0
2026/06/15 22:15,05F0309S,05F0439S,5,621,1
2026/06/15 22:15,05F0439S,05F0494S,31,197,16
2026/06/15 22:15,05F0439S,05F0494S,32,214,6
2026/06/15 22:15,05F0439S,05F0494S,41,0,0
2026/06/15 22:15,05F0439S,05F0494S,42,0,0
2026/06/15 22:15,05F0439S,05F0494S,5,0,0
2026/06/15 22:20,05F0000S,05F0055S,31,229,41
2026/06/15 22:20,05F0000S,05F0055S,32,225,7
2026/06/15 22:20,05F0000S,05F0055S,41,232,3
2026/06/15 22:20,05F0000S,05F0055S,42,0,0
2026/06/15 22:20,05F0000S,05F0055S,5,0,0
2026/06/15 22:20,05F0055S,05F0287S,31,985,39
2026/06/15 22:20,05F0055S,05F0287S,32,989,12
2026/06/15 22:20,05F0055S,05F0287S,41,978,2
2026/06/15 22:20,05F0055S,05F0287S,42,0,0
2026/06/15 22:20,05F0055S,05F0287S,5,0,0
2026/06/15 22:20,05F0287S,05F0309S,31,87,39
2026/06/15 22:20,05F0287S,05F0309S,32,88,8
2026/06/15 22:20,05F0287S,05F0309S,41,92,4
2026/06/15 22:20,05F0287S,05F0309S,42,0,0
2026/06/15 22:20,05F0287S,05F0309S,5,0,0
2026/06/15 22:20,05F0309S,05F0439S,31,476,27
2026/06/15 22:20,05F0309S,05F0439S,32,499,4
2026/06/15 22:20,05F0309S,05F0439S,41,535,1
2026/06/15 22:20,05F0309S,05F0439S,42,536,1
2026/06/15 22:20,05F0309S,05F0439S,5,577,3
2026/06/15 22:20,05F0439S,05F0494S,31,198,9
2026/06/15 22:20,05F0439S,05F0494S,32,793,2
2026/06/15 22:20,05F0439S,05F0494S,41,0,0
2026/06/15 22:20,05F0439S,05F0494S,42,0,0
2026/06/15 22:20,05F0439S,05F0494S,5,255,1
2026/06/15 22:25,05F0000S,05F0055S,31,232,47
2026/06/15 22:25,05F0000S,05F0055S,32,229,6
2026/06/15 22:25,05F0000S,05F0055S,41,250,2
2026/06/15 22:25,05F0000S,05F0055S,42,0,0
2026/06/15 22:25,05F0000S,05F0055S,5,0,0
2026/06/15 22:25,05F0055S,05F0287S,31,977,55
2026/06/15 22:25,05F0055S,05F0287S,32,982,10
2026/06/15 22:25,05F0055S,05F0287S,41,1030,5
2026/06/15 22:25,05F0055S,05F0287S,42,0,0
2026/06/15 22:25,05F0055S,05F0287S,5,0,0
2026/06/15 22:25,05F0287S,05F0309S,31,86,37
2026/06/15 22:25,05F0287S,05F0309S,32,84,10
2026/06/15 22:25,05F0287S,05F0309S,41,90,1
2026/06/15 22:25,05F0287S,05F0309S,42,0,0
2026/06/15 22:25,05F0287S,05F0309S,5,0,0
2026/06/15 22:25,05F0309S,05F0439S,31,481,22
2026/06/15 22:25,05F0309S,05F0439S,32,491,7
2026/06/15 22:25,05F0309S,05F0439S,41,0,0
2026/06/15 22:25,05F0309S,05F0439S,42,497,1
2026/06/15 22:25,05F0309S,05F0439S,5,546,2
2026/06/15 22:25,05F0439S,05F0494S,31,204,12
2026/06/15 22:25,05F0439S,05F0494S,32,202,1
2026/06/15 22:25,05F0439S,05F0494S,41,0,0
2026/06/15 22:25,05F0439S,05F0494S,42,232,1
2026/06/15 22:25,05F0439S,05F0494S,5,253,3
2026/06/15 22:30,05F0000S,05F0055S,31,232,38
2026/06/15 22:30,05F0000S,05F0055S,32,246,8
2026/06/15 22:30,05F0000S,05F0055S,41,251,4
2026/06/15 22:30,05F0000S,05F0055S,42,2435,1
2026/06/15 22:30,05F0000S,05F0055S,5,0,0
2026/06/15 22:30,05F0055S,05F0287S,31,962,37
2026/06/15 22:30,05F0055S,05F0287S,32,966,9
2026/06/15 22:30,05F0055S,05F0287S,41,989,3
2026/06/15 22:30,05F0055S,05F0287S,42,0,0
2026/06/15 22:30,05F0055S,05F0287S,5,0,0
2026/06/15 22:30,05F0287S,05F0309S,31,85,39
2026/06/15 22:30,05F0287S,05F0309S,32,86,9
2026/06/15 22:30,05F0287S,05F0309S,41,88,5
2026/06/15 22:30,05F0287S,05F0309S,42,0,0
2026/06/15 22:30,05F0287S,05F0309S,5,0,0
2026/06/15 22:30,05F0309S,05F0439S,31,506,12
2026/06/15 22:30,05F0309S,05F0439S,32,475,6
2026/06/15 22:30,05F0309S,05F0439S,41,503,2
2026/06/15 22:30,05F0309S,05F0439S,42,0,0
2026/06/15 22:30,05F0309S,05F0439S,5,0,0
2026/06/15 22:30,05F0439S,05F0494S,31,216,5
2026/06/15 22:30,05F0439S,05F0494S,32,206,3
2026/06/15 22:30,05F0439S,05F0494S,41,0,0
2026/06/15 22:30,05F0439S,05F0494S,42,210,1
2026/06/15 22:30,05F0439S,05F0494S,5,219,1
2026/06/15 22:35,05F0000S,05F0055S,31,237,45
2026/06/15 22:35,05F0000S,05F0055S,32,232,15
2026/06/15 22:35,05F0000S,05F0055S,41,245,2
2026/06/15 22:35,05F0000S,05F0055S,42,0,0
2026/06/15 22:35,05F0000S,05F0055S,5,0,0
2026/06/15 22:35,05F0055S,05F0287S,31,955,38
2026/06/15 22:35,05F0055S,05F0287S,32,957,9
2026/06/15 22:35,05F0055S,05F0287S,41,995,2
2026/06/15 22:35,05F0055S,05F0287S,42,0,0
2026/06/15 22:35,05F0055S,05F0287S,5,0,0
2026/06/15 22:35,05F0287S,05F0309S,31,81,19
2026/06/15 22:35,05F0287S,05F0309S,32,81,7
2026/06/15 22:35,05F0287S,05F0309S,41,1202,1
2026/06/15 22:35,05F0287S,05F0309S,42,0,0
2026/06/15 22:35,05F0287S,05F0309S,5,0,0
2026/06/15 22:35,05F0309S,05F0439S,31,471,19
2026/06/15 22:35,05F0309S,05F0439S,32,511,5
2026/06/15 22:35,05F0309S,05F0439S,41,529,2
2026/06/15 22:35,05F0309S,05F0439S,42,0,0
2026/06/15 22:35,05F0309S,05F0439S,5,592,3
2026/06/15 22:35,05F0439S,05F0494S,31,192,6
2026/06/15 22:35,05F0439S,05F0494S,32,222,2
2026/06/15 22:35,05F0439S,05F0494S,41,0,0
2026/06/15 22:35,05F0439S,05F0494S,42,0,0
2026/06/15 22:35,05F0439S,05F0494S,5,0,0
2026/06/15 22:40,05F0000S,05F0055S,31,227,35
2026/06/15 22:40,05F0000S,05F0055S,32,238,8
2026/06/15 22:40,05F0000S,05F0055S,41,233,2
2026/06/15 22:40,05F0000S,05F0055S,42,0,0
2026/06/15 22:40,05F0000S,05F0055S,5,0,0
2026/06/15 22:40,05F0055S,05F0287S,31,973,39
2026/06/15 22:40,05F0055S,05F0287S,32,965,6
2026/06/15 22:40,05F0055S,05F0287S,41,1202,2
2026/06/15 22:40,05F0055S,05F0287S,42,0,0
2026/06/15 22:40,05F0055S,05F0287S,5,0,0
2026/06/15 22:40,05F0287S,05F0309S,31,86,27
2026/06/15 22:40,05F0287S,05F0309S,32,86,7
2026/06/15 22:40,05F0287S,05F0309S,41,95,3
2026/06/15 22:40,05F0287S,05F0309S,42,0,0
2026/06/15 22:40,05F0287S,05F0309S,5,0,0
2026/06/15 22:40,05F0309S,05F0439S,31,511,13
2026/06/15 22:40,05F0309S,05F0439S,32,484,2
2026/06/15 22:40,05F0309S,05F0439S,41,528,1
2026/06/15 22:40,05F0309S,05F0439S,42,0,0
2026/06/15 22:40,05F0309S,05F0439S,5,483,1
2026/06/15 22:40,05F0439S,05F0494S,31,192,6
2026/06/15 22:40,05F0439S,05F0494S,32,209,2
2026/06/15 22:40,05F0439S,05F0494S,41,0,0
2026/06/15 22:40,05F0439S,05F0494S,42,0,0
2026/06/15 22:40,05F0439S,05F0494S,5,227,4
2026/06/15 22:45,05F0000S,05F0055S,31,234,43
2026/06/15 22:45,05F0000S,05F0055S,32,233,4
2026/06/15 22:45,05F0000S,05F0055S,41,243,1
2026/06/15 22:45,05F0000S,05F0055S,42,0,0
2026/06/15 22:45,05F0000S,05F0055S,5,0,0
2026/06/15 22:45,05F0055S,05F0287S,31,954,46
2026/06/15 22:45,05F0055S,05F0287S,32,966,6
2026/06/15 22:45,05F0055S,05F0287S,41,1002,3
2026/06/15 22:45,05F0055S,05F0287S,42,0,0
2026/06/15 22:45,05F0055S,05F0287S,5,0,0
2026/06/15 22:45,05F0287S,05F0309S,31,82,33
2026/06/15 22:45,05F0287S,05F0309S,32,85,5
2026/06/15 22:45,05F0287S,05F0309S,41,92,5
2026/06/15 22:45,05F0287S,05F0309S,42,0,0
2026/06/15 22:45,05F0287S,05F0309S,5,0,0
2026/06/15 22:45,05F0309S,05F0439S,31,472,21
2026/06/15 22:45,05F0309S,05F0439S,32,487,8
2026/06/15 22:45,05F0309S,05F0439S,41,528,2
2026/06/15 22:45,05F0309S,05F0439S,42,544,1
2026/06/15 22:45,05F0309S,05F0439S,5,530,2
2026/06/15 22:45,05F0439S,05F0494S,31,219,4
2026/06/15 22:45,05F0439S,05F0494S,32,0,0
2026/06/15 22:45,05F0439S,05F0494S,41,0,0
2026/06/15 22:45,05F0439S,05F0494S,42,0,0
2026/06/15 22:45,05F0439S,05F0494S,5,0,0
2026/06/15 22:50,05F0000S,05F0055S,31,228,27
2026/06/15 22:50,05F0000S,05F0055S,32,231,5
2026/06/15 22:50,05F0000S,05F0055S,41,230,2
2026/06/15 22:50,05F0000S,05F0055S,42,0,0
2026/06/15 22:50,05F0000S,05F0055S,5,0,0
2026/06/15 22:50,05F0055S,05F0287S,31,1002,45
2026/06/15 22:50,05F0055S,05F0287S,32,984,12
2026/06/15 22:50,05F0055S,05F0287S,41,1033,3
2026/06/15 22:50,05F0055S,05F0287S,42,0,0
2026/06/15 22:50,05F0055S,05F0287S,5,0,0
2026/06/15 22:50,05F0287S,05F0309S,31,81,23
2026/06/15 22:50,05F0287S,05F0309S,32,85,8
2026/06/15 22:50,05F0287S,05F0309S,41,94,2
2026/06/15 22:50,05F0287S,05F0309S,42,0,0
2026/06/15 22:50,05F0287S,05F0309S,5,0,0
2026/06/15 22:50,05F0309S,05F0439S,31,495,13
2026/06/15 22:50,05F0309S,05F0439S,32,480,5
2026/06/15 22:50,05F0309S,05F0439S,41,496,2
2026/06/15 22:50,05F0309S,05F0439S,42,534,2
2026/06/15 22:50,05F0309S,05F0439S,5,482,1
2026/06/15 22:50,05F0439S,05F0494S,31,194,6
2026/06/15 22:50,05F0439S,05F0494S,32,217,5
2026/06/15 22:50,05F0439S,05F0494S,41,0,0
2026/06/15 22:50,05F0439S,05F0494S,42,214,2
2026/06/15 22:50,05F0439S,05F0494S,5,229,2
2026/06/15 22:55,05F0000S,05F0055S,31,230,35
2026/06/15 22:55,05F0000S,05F0055S,32,229,5
2026/06/15 22:55,05F0000S,05F0055S,41,236,4
2026/06/15 22:55,05F0000S,05F0055S,42,0,0
2026/06/15 22:55,05F0000S,05F0055S,5,0,0
2026/06/15 22:55,05F0055S,05F0287S,31,1012,30
2026/06/15 22:55,05F0055S,05F0287S,32,999,12
2026/06/15 22:55,05F0055S,05F0287S,41,992,3
2026/06/15 22:55,05F0055S,05F0287S,42,0,0
2026/06/15 22:55,05F0055S,05F0287S,5,0,0
2026/06/15 22:55,05F0287S,05F0309S,31,86,26
2026/06/15 22:55,05F0287S,05F0309S,32,84,8
2026/06/15 22:55,05F0287S,05F0309S,41,93,2
2026/06/15 22:55,05F0287S,05F0309S,42,0,0
2026/06/15 22:55,05F0287S,05F0309S,5,0,0
2026/06/15 22:55,05F0309S,05F0439S,31,475,15
2026/06/15 22:55,05F0309S,05F0439S,32,458,3
2026/06/15 22:55,05F0309S,05F0439S,41,554,2
2026/06/15 22:55,05F0309S,05F0439S,42,0,0
2026/06/15 22:55,05F0309S,05F0439S,5,501,2
2026/06/15 22:55,05F0439S,05F0494S,31,217,7
2026/06/15 22:55,05F0439S,05F0494S,32,218,5
2026/06/15 22:55,05F0439S,05F0494S,41,216,1
2026/06/15 22:55,05F0439S,05F0494S,42,245,1
2026/06/15 22:55,05F0439S,05F0494S,5,211,1
2026/06/15 23:00,05F0000S,05F0055S,31,233,29
2026/06/15 23:00,05F0000S,05F0055S,32,230,10
2026/06/15 23:00,05F0000S,05F0055S,41,235,1
2026/06/15 23:00,05F0000S,05F0055S,42,0,0
2026/06/15 23:00,05F0000S,05F0055S,5,0,0
2026/06/15 23:00,05F0055S,05F0287S,31,977,40
2026/06/15 23:00,05F0055S,05F0287S,32,975,3
2026/06/15 23:00,05F0055S,05F0287S,41,1018,1
2026/06/15 23:00,05F0055S,05F0287S,42,0,0
2026/06/15 23:00,05F0055S,05F0287S,5,0,0
2026/06/15 23:00,05F0287S,05F0309S,31,86,33
2026/06/15 23:00,05F0287S,05F0309S,32,82,4
2026/06/15 23:00,05F0287S,05F0309S,41,91,3
2026/06/15 23:00,05F0287S,05F0309S,42,0,0
2026/06/15 23:00,05F0287S,05F0309S,5,0,0
2026/06/15 23:00,05F0309S,05F0439S,31,461,17
2026/06/15 23:00,05F0309S,05F0439S,32,495,5
2026/06/15 23:00,05F0309S,05F0439S,41,530,1
2026/06/15 23:00,05F0309S,05F0439S,42,502,2
2026/06/15 23:00,05F0309S,05F0439S,5,487,2
2026/06/15 23:00,05F0439S,05F0494S,31,207,4
2026/06/15 23:00,05F0439S,05F0494S,32,216,1
2026/06/15 23:00,05F0439S,05F0494S,41,0,0
2026/06/15 23:00,05F0439S,05F0494S,42,210,2
2026/06/15 23:00,05F0439S,05F0494S,5,213,2
2026/06/15 23:05,05F0000S,05F0055S,31,228,25
2026/06/15 23:05,05F0000S,05F0055S,32,236,8
2026/06/15 23:05,05F0000S,05F0055S,41,0,0
2026/06/15 23:05,05F0000S,05F0055S,42,0,0
2026/06/15 23:05,05F0000S,05F0055S,5,0,0
2026/06/15 23:05,05F0055S,05F0287S,31,1004,41
2026/06/15 23:05,05F0055S,05F0287S,32,984,7
2026/06/15 23:05,05F0055S,05F0287S,41,951,1
2026/06/15 23:05,05F0055S,05F0287S,42,0,0
2026/06/15 23:05,05F0055S,05F0287S,5,0,0
2026/06/15 23:05,05F0287S,05F0309S,31,89,27
2026/06/15 23:05,05F0287S,05F0309S,32,88,6
2026/06/15 23:05,05F0287S,05F0309S,41,543,2
2026/06/15 23:05,05F0287S,05F0309S,42,0,0
2026/06/15 23:05,05F0287S,05F0309S,5,0,0
2026/06/15 23:05,05F0309S,05F0439S,31,474,16
2026/06/15 23:05,05F0309S,05F0439S,32,496,5
2026/06/15 23:05,05F0309S,05F0439S,41,529,2
2026/06/15 23:05,05F0309S,05F0439S,42,483,2
2026/06/15 23:05,05F0309S,05F0439S,5,530,3
2026/06/15 23:05,05F0439S,05F0494S,31,204,5
2026/06/15 23:05,05F0439S,05F0494S,32,211,2
2026/06/15 23:05,05F0439S,05F0494S,41,0,0
2026/06/15 23:05,05F0439S,05F0494S,42,0,0
2026/06/15 23:05,05F0439S,05F0494S,5,232,3
2026/06/15 23:10,05F0000S,05F0055S,31,232,15
2026/06/15 23:10,05F0000S,05F0055S,32,235,5
2026/06/15 23:10,05F0000S,05F0055S,41,240,3
2026/06/15 23:10,05F0000S,05F0055S,42,0,0
2026/06/15 23:10,05F0000S,05F0055S,5,0,0
2026/06/15 23:10,05F0055S,05F0287S,31,942,40
2026/06/15 23:10,05F0055S,05F0287S,32,965,4
2026/06/15 23:10,05F0055S,05F0287S,41,1026,2
2026/06/15 23:10,05F0055S,05F0287S,42,0,0
2026/06/15 23:10,05F0055S,05F0287S,5,0,0
2026/06/15 23:10,05F0287S,05F0309S,31,83,31
2026/06/15 23:10,05F0287S,05F0309S,32,84,4
2026/06/15 23:10,05F0287S,05F0309S,41,0,0
2026/06/15 23:10,05F0287S,05F0309S,42,0,0
2026/06/15 23:10,05F0287S,05F0309S,5,0,0
2026/06/15 23:10,05F0309S,05F0439S,31,500,16
2026/06/15 23:10,05F0309S,05F0439S,32,0,0
2026/06/15 23:10,05F0309S,05F0439S,41,0,0
2026/06/15 23:10,05F0309S,05F0439S,42,0,0
2026/06/15 23:10,05F0309S,05F0439S,5,504,4
2026/06/15 23:10,05F0439S,05F0494S,31,204,7
2026/06/15 23:10,05F0439S,05F0494S,32,170,1
2026/06/15 23:10,05F0439S,05F0494S,41,0,0
2026/06/15 23:10,05F0439S,05F0494S,42,179,1
2026/06/15 23:10,05F0439S,05F0494S,5,211,1
2026/06/15 23:15,05F0000S,05F0055S,31,227,14
2026/06/15 23:15,05F0000S,05F0055S,32,238,3
2026/06/15 23:15,05F0000S,05F0055S,41,0,0
2026/06/15 23:15,05F0000S,05F0055S,42,0,0
2026/06/15 23:15,05F0000S,05F0055S,5,0,0
2026/06/15 23:15,05F0055S,05F0287S,31,973,27
2026/06/15 23:15,05F0055S,05F0287S,32,969,10
2026/06/15 23:15,05F0055S,05F0287S,41,995,4
2026/06/15 23:15,05F0055S,05F0287S,42,0,0
2026/06/15 23:15,05F0055S,05F0287S,5,0,0
2026/06/15 23:15,05F0287S,05F0309S,31,84,23
2026/06/15 23:15,05F0287S,05F0309S,32,88,6
2026/06/15 23:15,05F0287S,05F0309S,41,95,3
2026/06/15 23:15,05F0287S,05F0309S,42,0,0
2026/06/15 23:15,05F0287S,05F0309S,5,0,0
2026/06/15 23:15,05F0309S,05F0439S,31,499,25
2026/06/15 23:15,05F0309S,05F0439S,32,484,7
2026/06/15 23:15,05F0309S,05F0439S,41,496,2
2026/06/15 23:15,05F0309S,05F0439S,42,505,1
2026/06/15 23:15,05F0309S,05F0439S,5,568,1
2026/06/15 23:15,05F0439S,05F0494S,31,194,4
2026/06/15 23:15,05F0439S,05F0494S,32,0,0
2026/06/15 23:15,05F0439S,05F0494S,41,0,0
2026/06/15 23:15,05F0439S,05F0494S,42,0,0
2026/06/15 23:15,05F0439S,05F0494S,5,209,4
2026/06/15 23:20,05F0000S,05F0055S,31,230,26
2026/06/15 23:20,05F0000S,05F0055S,32,233,12
2026/06/15 23:20,05F0000S,05F0055S,41,237,4
2026/06/15 23:20,05F0000S,05F0055S,42,0,0
2026/06/15 23:20,05F0000S,05F0055S,5,0,0
2026/06/15 23:20,05F0055S,05F0287S,31,1019,26
2026/06/15 23:20,05F0055S,05F0287S,32,1054,10
2026/06/15 23:20,05F0055S,05F0287S,41,0,0
2026/06/15 23:20,05F0055S,05F0287S,42,0,0
2026/06/15 23:20,05F0055S,05F0287S,5,0,0
2026/06/15 23:20,05F0287S,05F0309S,31,87,21
2026/06/15 23:20,05F0287S,05F0309S,32,94,5
2026/06/15 23:20,05F0287S,05F0309S,41,85,1
2026/06/15 23:20,05F0287S,05F0309S,42,0,0
2026/06/15 23:20,05F0287S,05F0309S,5,0,0
2026/06/15 23:20,05F0309S,05F0439S,31,474,16
2026/06/15 23:20,05F0309S,05F0439S,32,459,2
2026/06/15 23:20,05F0309S,05F0439S,41,0,0
2026/06/15 23:20,05F0309S,05F0439S,42,517,2
2026/06/15 23:20,05F0309S,05F0439S,5,524,3
2026/06/15 23:20,05F0439S,05F0494S,31,211,11
2026/06/15 23:20,05F0439S,05F0494S,32,227,2
2026/06/15 23:20,05F0439S,05F0494S,41,0,0
2026/06/15 23:20,05F0439S,05F0494S,42,213,1
2026/06/15 23:20,05F0439S,05F0494S,5,227,2
2026/06/15 23:25,05F0000S,05F0055S,31,230,24
2026/06/15 23:25,05F0000S,05F0055S,32,235,6
2026/06/15 23:25,05F0000S,05F0055S,41,237,2
2026/06/15 23:25,05F0000S,05F0055S,42,0,0
2026/06/15 23:25,05F0000S,05F0055S,5,0,0
2026/06/15 23:25,05F0055S,05F0287S,31,971,18
2026/06/15 23:25,05F0055S,05F0287S,32,948,5
2026/06/15 23:25,05F0055S,05F0287S,41,955,1
2026/06/15 23:25,05F0055S,05F0287S,42,0,0
2026/06/15 23:25,05F0055S,05F0287S,5,0,0
2026/06/15 23:25,05F0287S,05F0309S,31,84,19
2026/06/15 23:25,05F0287S,05F0309S,32,89,10
2026/06/15 23:25,05F0287S,05F0309S,41,93,1
2026/06/15 23:25,05F0287S,05F0309S,42,0,0
2026/06/15 23:25,05F0287S,05F0309S,5,0,0
2026/06/15 23:25,05F0309S,05F0439S,31,472,11
2026/06/15 23:25,05F0309S,05F0439S,32,516,8
2026/06/15 23:25,05F0309S,05F0439S,41,547,2
2026/06/15 23:25,05F0309S,05F0439S,42,533,1
2026/06/15 23:25,05F0309S,05F0439S,5,0,0
2026/06/15 23:25,05F0439S,05F0494S,31,201,7
2026/06/15 23:25,05F0439S,05F0494S,32,213,2
2026/06/15 23:25,05F0439S,05F0494S,41,0,0
2026/06/15 23:25,05F0439S,05F0494S,42,212,1
2026/06/15 23:25,05F0439S,05F0494S,5,225,1
2026/06/15 23:30,05F0000S,05F0055S,31,239,29
2026/06/15 23:30,05F0000S,05F0055S,32,235,11
2026/06/15 23:30,05F0000S,05F0055S,41,253,2
2026/06/15 23:30,05F0000S,05F0055S,42,0,0
2026/06/15 23:30,05F0000S,05F0055S,5,0,0
2026/06/15 23:30,05F0055S,05F0287S,31,975,19
2026/06/15 23:30,05F0055S,05F0287S,32,981,5
2026/06/15 23:30,05F0055S,05F0287S,41,1051,2
2026/06/15 23:30,05F0055S,05F0287S,42,0,0
2026/06/15 23:30,05F0055S,05F0287S,5,0,0
2026/06/15 23:30,05F0287S,05F0309S,31,87,11
2026/06/15 23:30,05F0287S,05F0309S,32,94,4
2026/06/15 23:30,05F0287S,05F0309S,41,98,3
2026/06/15 23:30,05F0287S,05F0309S,42,0,0
2026/06/15 23:30,05F0287S,05F0309S,5,0,0
2026/06/15 23:30,05F0309S,05F0439S,31,481,15
2026/06/15 23:30,05F0309S,05F0439S,32,480,5
2026/06/15 23:30,05F0309S,05F0439S,41,0,0
2026/06/15 23:30,05F0309S,05F0439S,42,0,0
2026/06/15 23:30,05F0309S,05F0439S,5,0,0
2026/06/15 23:30,05F0439S,05F0494S,31,207,5
2026/06/15 23:30,05F0439S,05F0494S,32,218,3
2026/06/15 23:30,05F0439S,05F0494S,41,0,0
2026/06/15 23:30,05F0439S,05F0494S,42,0,0
2026/06/15 23:30,05F0439S,05F0494S,5,0,0
2026/06/15 23:35,05F0000S,05F0055S,31,225,18
2026/06/15 23:35,05F0000S,05F0055S,32,229,5
2026/06/15 23:35,05F0000S,05F0055S,41,228,1
2026/06/15 23:35,05F0000S,05F0055S,42,0,0
2026/06/15 23:35,05F0000S,05F0055S,5,0,0
2026/06/15 23:35,05F0055S,05F0287S,31,967,27
2026/06/15 23:35,05F0055S,05F0287S,32,959,9
2026/06/15 23:35,05F0055S,05F0287S,41,957,2
2026/06/15 23:35,05F0055S,05F0287S,42,0,0
2026/06/15 23:35,05F0055S,05F0287S,5,0,0
2026/06/15 23:35,05F0287S,05F0309S,31,85,15
2026/06/15 23:35,05F0287S,05F0309S,32,90,7
2026/06/15 23:35,05F0287S,05F0309S,41,1694,1
2026/06/15 23:35,05F0287S,05F0309S,42,0,0
2026/06/15 23:35,05F0287S,05F0309S,5,0,0
2026/06/15 23:35,05F0309S,05F0439S,31,487,6
2026/06/15 23:35,05F0309S,05F0439S,32,474,3
2026/06/15 23:35,05F0309S,05F0439S,41,526,1
2026/06/15 23:35,05F0309S,05F0439S,42,0,0
2026/06/15 23:35,05F0309S,05F0439S,5,499,1
2026/06/15 23:35,05F0439S,05F0494S,31,213,5
2026/06/15 23:35,05F0439S,05F0494S,32,189,3
2026/06/15 23:35,05F0439S,05F0494S,41,0,0
2026/06/15 23:35,05F0439S,05F0494S,42,0,0
2026/06/15 23:35,05F0439S,05F0494S,5,0,0
2026/06/15 23:40,05F0000S,05F0055S,31,232,25
2026/06/15 23:40,05F0000S,05F0055S,32,229,5
2026/06/15 23:40,05F0000S,05F0055S,41,246,1
2026/06/15 23:40,05F0000S,05F0055S,42,0,0
2026/06/15 23:40,05F0000S,05F0055S,5,0,0
2026/06/15 23:40,05F0055S,05F0287S,31,1015,26
2026/06/15 23:40,05F0055S,05F0287S,32,995,10
2026/06/15 23:40,05F0055S,05F0287S,41,996,3
2026/06/15 23:40,05F0055S,05F0287S,42,0,0
2026/06/15 23:40,05F0055S,05F0287S,5,0,0
2026/06/15 23:40,05F0287S,05F0309S,31,86,25
2026/06/15 23:40,05F0287S,05F0309S,32,83,8
2026/06/15 23:40,05F0287S,05F0309S,41,92,3
2026/06/15 23:40,05F0287S,05F0309S,42,0,0
2026/06/15 23:40,05F0287S,05F0309S,5,0,0
2026/06/15 23:40,05F0309S,05F0439S,31,428,4
2026/06/15 23:40,05F0309S,05F0439S,32,508,3
2026/06/15 23:40,05F0309S,05F0439S,41,535,3
2026/06/15 23:40,05F0309S,05F0439S,42,541,1
2026/06/15 23:40,05F0309S,05F0439S,5,574,2
2026/06/15 23:40,05F0439S,05F0494S,31,203,7
2026/06/15 23:40,05F0439S,05F0494S,32,0,0
2026/06/15 23:40,05F0439S,05F0494S,41,0,0
2026/06/15 23:40,05F0439S,05F0494S,42,0,0
2026/06/15 23:40,05F0439S,05F0494S,5,218,1
2026/06/15 23:45,05F0000S,05F0055S,31,231,15
2026/06/15 23:45,05F0000S,05F0055S,32,229,8
2026/06/15 23:45,05F0000S,05F0055S,41,0,0
2026/06/15 23:45,05F0000S,05F0055S,42,0,0
2026/06/15 23:45,05F0000S,05F0055S,5,0,0
2026/06/15 23:45,05F0055S,05F0287S,31,980,31
2026/06/15 23:45,05F0055S,05F0287S,32,989,9
2026/06/15 23:45,05F0055S,05F0287S,41,1139,2
2026/06/15 23:45,05F0055S,05F0287S,42,0,0
2026/06/15 23:45,05F0055S,05F0287S,5,0,0
2026/06/15 23:45,05F0287S,05F0309S,31,85,20
2026/06/15 23:45,05F0287S,05F0309S,32,87,6
2026/06/15 23:45,05F0287S,05F0309S,41,92,2
2026/06/15 23:45,05F0287S,05F0309S,42,0,0
2026/06/15 23:45,05F0287S,05F0309S,5,0,0
2026/06/15 23:45,05F0309S,05F0439S,31,493,14
2026/06/15 23:45,05F0309S,05F0439S,32,463,5
2026/06/15 23:45,05F0309S,05F0439S,41,546,1
2026/06/15 23:45,05F0309S,05F0439S,42,581,2
2026/06/15 23:45,05F0309S,05F0439S,5,0,0
2026/06/15 23:45,05F0439S,05F0494S,31,196,2
2026/06/15 23:45,05F0439S,05F0494S,32,211,1
2026/06/15 23:45,05F0439S,05F0494S,41,0,0
2026/06/15 23:45,05F0439S,05F0494S,42,0,0
2026/06/15 23:45,05F0439S,05F0494S,5,251,1
2026/06/15 23:50,05F0000S,05F0055S,31,223,13
2026/06/15 23:50,05F0000S,05F0055S,32,215,6
2026/06/15 23:50,05F0000S,05F0055S,41,225,4
2026/06/15 23:50,05F0000S,05F0055S,42,0,0
2026/06/15 23:50,05F0000S,05F0055S,5,0,0
2026/06/15 23:50,05F0055S,05F0287S,31,945,26
2026/06/15 23:50,05F0055S,05F0287S,32,945,7
2026/06/15 23:50,05F0055S,05F0287S,41,974,2
2026/06/15 23:50,05F0055S,05F0287S,42,0,0
2026/06/15 23:50,05F0055S,05F0287S,5,0,0
2026/06/15 23:50,05F0287S,05F0309S,31,85,25
2026/06/15 23:50,05F0287S,05F0309S,32,88,8
2026/06/15 23:50,05F0287S,05F0309S,41,92,3
2026/06/15 23:50,05F0287S,05F0309S,42,0,0
2026/06/15 23:50,05F0287S,05F0309S,5,0,0
2026/06/15 23:50,05F0309S,05F0439S,31,472,20
2026/06/15 23:50,05F0309S,05F0439S,32,463,4
2026/06/15 23:50,05F0309S,05F0439S,41,544,1
2026/06/15 23:50,05F0309S,05F0439S,42,0,0
2026/06/15 23:50,05F0309S,05F0439S,5,0,0
2026/06/15 23:50,05F0439S,05F0494S,31,191,2
2026/06/15 23:50,05F0439S,05F0494S,32,217,3
2026/06/15 23:50,05F0439S,05F0494S,41,0,0
2026/06/15 23:50,05F0439S,05F0494S,42,0,0
2026/06/15 23:50,05F0439S,05F0494S,5,0,0
2026/06/15 23:55,05F0000S,05F0055S,31,224,18
2026/06/15 23:55,05F0000S,05F0055S,32,240,5
2026/06/15 23:55,05F0000S,05F0055S,41,0,0
2026/06/15 23:55,05F0000S,05F0055S,42,0,0
2026/06/15 23:55,05F0000S,05F0055S,5,0,0
2026/06/15 23:55,05F0055S,05F0287S,31,939,28
2026/06/15 23:55,05F0055S,05F0287S,32,933,7
2026/06/15 23:55,05F0055S,05F0287S,41,952,1
2026/06/15 23:55,05F0055S,05F0287S,42,0,0
2026/06/15 23:55,05F0055S,05F0287S,5,0,0
2026/06/15 23:55,05F0287S,05F0309S,31,82,18
2026/06/15 23:55,05F0287S,05F0309S,32,82,7
2026/06/15 23:55,05F0287S,05F0309S,41,385,2
2026/06/15 23:55,05F0287S,05F0309S,42,0,0
2026/06/15 23:55,05F0287S,05F0309S,5,0,0
2026/06/15 23:55,05F0309S,05F0439S,31,471,19
2026/06/15 23:55,05F0309S,05F0439S,32,433,2
2026/06/15 23:55,05F0309S,05F0439S,41,530,2
2026/06/15 23:55,05F0309S,05F0439S,42,517,2
2026/06/15 23:55,05F0309S,05F0439S,5,576,1
2026/06/15 23:55,05F0439S,05F0494S,31,181,7
2026/06/15 23:55,05F0439S,05F0494S,32,191,2
2026/06/15 23:55,05F0439S,05F0494S,41,0,0
2026/06/15 23:55,05F0439S,05F0494S,42,0,0
2026/06/15 23:55,05F0439S,05F0494S,5,249,1
