2025/03/10 00:00,05F0000S,05F0055S,31,232,24
2025/03/10 00:00,05F0000S,05F0055S,32,236,6
2025/03/10 00:00,05F0000S,05F0055S,41,230,1
2025/03/10 00:00,05F0000S,05F0055S,42,0,0
2025/03/10 00:00,05F0000S,05F0055S,5,0,0
2025/03/10 00:00,05F0055S,05F0287S,31,945,27
2025/03/10 00:00,05F0055S,05F0287S,32,924,4
2025/03/10 00:00,05F0055S,05F0287S,41,952,3
2025/03/10 00:00,05F0055S,05F0287S,42,0,0
2025/03/10 00:00,05F0055S,05F0287S,5,0,0
2025/03/10 00:00,05F0287S,05F0309S,31,86,25
2025/03/10 00:00,05F0287S,05F0309S,32,72,2
2025/03/10 00:00,05F0287S,05F0309S,41,90,3
2025/03/10 00:00,05F0287S,05F0309S,42,0,0
2025/03/10 00:00,05F0287S,05F0309S,5,0,0
2025/03/10 00:00,05F0309S,05F0439S,31,488,20
2025/03/10 00:00,05F0309S,05F0439S,32,466,1
2025/03/10 00:00,05F0309S,05F0439S,41,519,3
2025/03/10 00:00,05F0309S,05F0439S,42,535,1
2025/03/10 00:00,05F0309S,05F0439S,5,482,1
2025/03/10 00:00,05F0439S,05F0494S,31,208,6
2025/03/10 00:00,05F0439S,05F0494S,32,243,1
2025/03/10 00:00,05F0439S,05F0494S,41,0,0
2025/03/10 00:00,05F0439S,05F0494S,42,224,1
2025/03/10 00:00,05F0439S,05F0494S,5,215,2
2025/03/10 00:05,05F0000S,05F0055S,31,221,28
2025/03/10 00:05,05F0000S,05F0055S,32,210,5
2025/03/10 00:05,05F0000S,05F0055S,41,0,0
2025/03/10 00:05,05F0000S,05F0055S,42,0,0
2025/03/10 00:05,05F0000S,05F0055S,5,0,0
2025/03/10 00:05,05F0055S,05F0287S,31,928,31
2025/03/10 00:05,05F0055S,05F0287S,32,953,7
2025/03/10 00:05,05F0055S,05F0287S,41,0,0
2025/03/10 00:05,05F0055S,05F0287S,42,0,0
2025/03/10 00:05,05F0055S,05F0287S,5,0,0
2025/03/10 00:05,05F0287S,05F0309S,31,86,25
2025/03/10 00:05,05F0287S,05F0309S,32,84,4
2025/03/10 00:05,05F0287S,05F0309S,41,1397,1
2025/03/10 00:05,05F0287S,05F0309S,42,0,0
2025/03/10 00:05,05F0287S,05F0309S,5,0,0
2025/03/10 00:05,05F0309S,05F0439S,31,487,22
2025/03/10 00:05,05F0309S,05F0439S,32,522,3
2025/03/10 00:05,05F0309S,05F0439S,41,519,2
2025/03/10 00:05,05F0309S,05F0439S,42,0,0
2025/03/10 00:05,05F0309S,05F0439S,5,0,0
2025/03/10 00:05,05F0439S,05F0494S,31,204,10
2025/03/10 00:05,05F0439S,05F0494S,32,0,0
2025/03/10 00:05,05F0439S,05F0494S,41,0,0
2025/03/10 00:05,05F0439S,05F0494S,42,0,0
2025/03/10 00:05,05F0439S,05F0494S,5,0,0
2025/03/10 00:10,05F0000S,05F0055S,31,229,21
2025/03/10 00:10,05F0000S,05F0055S,32,235,9
2025/03/10 00:10,05F0000S,05F0055S,41,237,1
2025/03/10 00:10,05F0000S,05F0055S,42,0,0
2025/03/10 00:10,05F0000S,05F0055S,5,0,0
2025/03/10 00:10,05F0055S,05F0287S,31,952,28
2025/03/10 00:10,05F0055S,05F0287S,32,944,6
2025/03/10 00:10,05F0055S,05F0287S,41,1008,2
2025/03/10 00:10,05F0055S,05F0287S,42,0,0
2025/03/10 00:10,05F0055S,05F0287S,5,0,0
2025/03/10 00:10,05F0287S,05F0309S,31,85,17
2025/03/10 00:10,05F0287S,05F0309S,32,88,5
2025/03/10 00:10,05F0287S,05F0309S,41,89,2
2025/03/10 00:10,05F0287S,05F0309S,42,0,0
2025/03/10 00:10,05F0287S,05F0309S,5,0,0
2025/03/10 00:10,05F0309S,05F0439S,31,489,15
2025/03/10 00:10,05F0309S,05F0439S,32,447,2
2025/03/10 00:10,05F0309S,05F0439S,41,521,1
2025/03/10 00:10,05F0309S,05F0439S,42,0,0
2025/03/10 00:10,05F0309S,05F0439S,5,0,0
2025/03/10 00:10,05F0439S,05F0494S,31,198,8
2025/03/10 00:10,05F0439S,05F0494S,32,226,2
2025/03/10 00:10,05F0439S,05F0494S,41,0,0
2025/03/10 00:10,05F0439S,05F0494S,42,0,0
2025/03/10 00:10,05F0439S,05F0494S,5,0,0
2025/03/10 00:15,05F0000S,05F0055S,31,227,18
2025/03/10 00:15,05F0000S,05F0055S,32,228,8
2025/03/10 00:15,05F0000S,05F0055S,41,236,1
2025/03/10 00:15,05F0000S,05F0055S,42,0,0
2025/03/10 00:15,05F0000S,05F0055S,5,0,0
2025/03/10 00:15,05F0055S,05F0287S,31,918,21
2025/03/10 00:15,05F0055S,05F0287S,32,925,4
2025/03/10 00:15,05F0055S,05F0287S,41,963,2
2025/03/10 00:15,05F0055S,05F0287S,42,0,0
2025/03/10 00:15,05F0055S,05F0287S,5,0,0
2025/03/10 00:15,05F0287S,05F0309S,31,88,21
2025/03/10 00:15,05F0287S,05F0309S,32,84,4
2025/03/10 00:15,05F0287S,05F0309S,41,539,2
2025/03/10 00:15,05F0287S,05F0309S,42,0,0
2025/03/10 00:15,05F0287S,05F0309S,5,0,0
2025/03/10 00:15,05F0309S,05F0439S,31,483,16
2025/03/10 00:15,05F0309S,05F0439S,32,580,1
2025/03/10 00:15,05F0309S,05F0439S,41,1310,2
2025/03/10 00:15,05F0309S,05F0439S,42,0,0
2025/03/10 00:15,05F0309S,05F0439S,5,540,1
2025/03/10 00:15,05F0439S,05F0494S,31,204,7
2025/03/10 00:15,05F0439S,05F0494S,32,209,1
2025/03/10 00:15,05F0439S,05F0494S,41,0,0
2025/03/10 00:15,05F0439S,05F0494S,42,0,0
2025/03/10 00:15,05F0439S,05F0494S,5,229,1
2025/03/10 00:20,05F0000S,05F0055S,31,230,27
2025/03/10 00:20,05F0000S,05F0055S,32,249,4
2025/03/10 00:20,05F0000S,05F0055S,41,0,0
2025/03/10 00:20,05F0000S,05F0055S,42,0,0
2025/03/10 00:20,05F0000S,05F0055S,5,0,0
2025/03/10 00:20,05F0055S,05F0287S,31,930,33
2025/03/10 00:20,05F0055S,05F0287S,32,941,6
2025/03/10 00:20,05F0055S,05F0287S,41,0,0
2025/03/10 00:20,05F0055S,05F0287S,42,0,0
2025/03/10 00:20,05F0055S,05F0287S,5,0,0
2025/03/10 00:20,05F0287S,05F0309S,31,84,27
2025/03/10 00:20,05F0287S,05F0309S,32,86,5
2025/03/10 00:20,05F0287S,05F0309S,41,0,0
2025/03/10 00:20,05F0287S,05F0309S,42,0,0
2025/03/10 00:20,05F0287S,05F0309S,5,0,0
2025/03/10 00:20,05F0309S,05F0439S,31,479,15
2025/03/10 00:20,05F0309S,05F0439S,32,457,5
2025/03/10 00:20,05F0309S,05F0439S,41,555,1
2025/03/10 00:20,05F0309S,05F0439S,42,0,0
2025/03/10 00:20,05F0309S,05F0439S,5,559,1
2025/03/10 00:20,05F0439S,05F0494S,31,209,6
2025/03/10 00:20,05F0439S,05F0494S,32,185,2
2025/03/10 00:20,05F0439S,05F0494S,41,0,0
2025/03/10 00:20,05F0439S,05F0494S,42,0,0
2025/03/10 00:20,05F0439S,05F0494S,5,0,0
2025/03/10 00:25,05F0000S,05F0055S,31,229,25
2025/03/10 00:25,05F0000S,05F0055S,32,234,3
2025/03/10 00:25,05F0000S,05F0055S,41,229,1
2025/03/10 00:25,05F0000S,05F0055S,42,0,0
2025/03/10 00:25,05F0000S,05F0055S,5,0,0
2025/03/10 00:25,05F0055S,05F0287S,31,942,24
2025/03/10 00:25,05F0055S,05F0287S,32,965,10
2025/03/10 00:25,05F0055S,05F0287S,41,1023,1
2025/03/10 00:25,05F0055S,05F0287S,42,0,0
2025/03/10 00:25,05F0055S,05F0287S,5,0,0
2025/03/10 00:25,05F0287S,05F0309S,31,87,20
2025/03/10 00:25,05F0287S,05F0309S,32,89,6
2025/03/10 00:25,05F0287S,05F0309S,41,0,0
2025/03/10 00:25,05F0287S,05F0309S,42,0,0
2025/03/10 00:25,05F0287S,05F0309S,5,0,0
2025/03/10 00:25,05F0309S,05F0439S,31,475,10
2025/03/10 00:25,05F0309S,05F0439S,32,493,3
2025/03/10 00:25,05F0309S,05F0439S,41,524,1
2025/03/10 00:25,05F0309S,05F0439S,42,596,1
2025/03/10 00:25,05F0309S,05F0439S,5,487,1
2025/03/10 00:25,05F0439S,05F0494S,31,208,5
2025/03/10 00:25,05F0439S,05F0494S,32,0,0
2025/03/10 00:25,05F0439S,05F0494S,41,0,0
2025/03/10 00:25,05F0439S,05F0494S,42,0,0
2025/03/10 00:25,05F0439S,05F0494S,5,235,1
2025/03/10 00:30,05F0000S,05F0055S,31,229,24
2025/03/10 00:30,05F0000S,05F0055S,32,236,5
2025/03/10 00:30,05F0000S,05F0055S,41,227,1
2025/03/10 00:30,05F0000S,05F0055S,42,0,0
2025/03/10 00:30,05F0000S,05F0055S,5,0,0
2025/03/10 00:30,05F0055S,05F0287S,31,925,21
2025/03/10 00:30,05F0055S,05F0287S,32,913,7
2025/03/10 00:30,05F0055S,05F0287S,41,0,0
2025/03/10 00:30,05F0055S,05F0287S,42,0,0
2025/03/10 00:30,05F0055S,05F0287S,5,0,0
2025/03/10 00:30,05F0287S,05F0309S,31,85,16
2025/03/10 00:30,05F0287S,05F0309S,32,87,6
2025/03/10 00:30,05F0287S,05F0309S,41,90,1
2025/03/10 00:30,05F0287S,05F0309S,42,0,0
2025/03/10 00:30,05F0287S,05F0309S,5,0,0
2025/03/10 00:30,05F0309S,05F0439S,31,479,13
2025/03/10 00:30,05F0309S,05F0439S,32,470,4
2025/03/10 00:30,05F0309S,05F0439S,41,0,0
2025/03/10 00:30,05F0309S,05F0439S,42,0,0
2025/03/10 00:30,05F0309S,05F0439S,5,0,0
2025/03/10 00:30,05F0439S,05F0494S,31,205,7
2025/03/10 00:30,05F0439S,05F0494S,32,204,4
2025/03/10 00:30,05F0439S,05F0494S,41,0,0
2025/03/10 00:30,05F0439S,05F0494S,42,248,1
2025/03/10 00:30,05F0439S,05F0494S,5,0,0
2025/03/10 00:35,05F0000S,05F0055S,31,234,23
2025/03/10 00:35,05F0000S,05F0055S,32,242,6
2025/03/10 00:35,05F0000S,05F0055S,41,0,0
2025/03/10 00:35,05F0000S,05F0055S,42,0,0
2025/03/10 00:35,05F0000S,05F0055S,5,0,0
2025/03/10 00:35,05F0055S,05F0287S,31,920,28
2025/03/10 00:35,05F0055S,05F0287S,32,919,5
2025/03/10 00:35,05F0055S,05F0287S,41,1034,1
2025/03/10 00:35,05F0055S,05F0287S,42,0,0
2025/03/10 00:35,05F0055S,05F0287S,5,0,0
2025/03/10 00:35,05F0287S,05F0309S,31,84,20
2025/03/10 00:35,05F0287S,05F0309S,32,85,5
2025/03/10 00:35,05F0287S,05F0309S,41,88,1
2025/03/10 00:35,05F0287S,05F0309S,42,0,0
2025/03/10 00:35,05F0287S,05F0309S,5,0,0
2025/03/10 00:35,05F0309S,05F0439S,31,484,10
2025/03/10 00:35,05F0309S,05F0439S,32,482,4
2025/03/10 00:35,05F0309S,05F0439S,41,2229,1
2025/03/10 00:35,05F0309S,05F0439S,42,0,0
2025/03/10 00:35,05F0309S,05F0439S,5,0,0
2025/03/10 00:35,05F0439S,05F0494S,31,243,2
2025/03/10 00:35,05F0439S,05F0494S,32,0,0
2025/03/10 00:35,05F0439S,05F0494S,41,0,0
2025/03/10 00:35,05F0439S,05F0494S,42,0,0
2025/03/10 00:35,05F0439S,05F0494S,5,0,0
2025/03/10 00:40,05F0000S,05F0055S,31,217,13
2025/03/10 00:40,05F0000S,05F0055S,32,231,3
2025/03/10 00:40,05F0000S,05F0055S,41,0,0
2025/03/10 00:40,05F0000S,05F0055S,42,0,0
2025/03/10 00:40,05F0000S,05F0055S,5,0,0
2025/03/10 00:40,05F0055S,05F0287S,31,921,28
2025/03/10 00:40,05F0055S,05F0287S,32,932,5
2025/03/10 00:40,05F0055S,05F0287S,41,977,1
2025/03/10 00:40,05F0055S,05F0287S,42,0,0
2025/03/10 00:40,05F0055S,05F0287S,5,0,0
2025/03/10 00:40,05F0287S,05F0309S,31,81,15
2025/03/10 00:40,05F0287S,05F0309S,32,88,3
2025/03/10 00:40,05F0287S,05F0309S,41,0,0
2025/03/10 00:40,05F0287S,05F0309S,42,0,0
2025/03/10 00:40,05F0287S,05F0309S,5,0,0
2025/03/10 00:40,05F0309S,05F0439S,31,484,9
2025/03/10 00:40,05F0309S,05F0439S,32,489,5
2025/03/10 00:40,05F0309S,05F0439S,41,0,0
2025/03/10 00:40,05F0309S,05F0439S,42,0,0
2025/03/10 00:40,05F0309S,05F0439S,5,0,0
2025/03/10 00:40,05F0439S,05F0494S,31,197,4
2025/03/10 00:40,05F0439S,05F0494S,32,0,0
2025/03/10 00:40,05F0439S,05F0494S,41,0,0
2025/03/10 00:40,05F0439S,05F0494S,42,0,0
2025/03/10 00:40,05F0439S,05F0494S,5,0,0
2025/03/10 00:45,05F0000S,05F0055S,31,239,13
2025/03/10 00:45,05F0000S,05F0055S,32,270,4
2025/03/10 00:45,05F0000S,05F0055S,41,229,2
2025/03/10 00:45,05F0000S,05F0055S,42,0,0
2025/03/10 00:45,05F0000S,05F0055S,5,0,0
2025/03/10 00:45,05F0055S,05F0287S,31,923,25
2025/03/10 00:45,05F0055S,05F0287S,32,945,4
2025/03/10 00:45,05F0055S,05F0287S,41,0,0
2025/03/10 00:45,05F0055S,05F0287S,42,0,0
2025/03/10 00:45,05F0055S,05F0287S,5,0,0
2025/03/10 00:45,05F0287S,05F0309S,31,85,22
2025/03/10 00:45,05F0287S,05F0309S,32,82,2
2025/03/10 00:45,05F0287S,05F0309S,41,0,0
2025/03/10 00:45,05F0287S,05F0309S,42,0,0
2025/03/10 00:45,05F0287S,05F0309S,5,0,0
2025/03/10 00:45,05F0309S,05F0439S,31,487,14
2025/03/10 00:45,05F0309S,05F0439S,32,458,1
2025/03/10 00:45,05F0309S,05F0439S,41,0,0
2025/03/10 00:45,05F0309S,05F0439S,42,0,0
2025/03/10 00:45,05F0309S,05F0439S,5,556,1
2025/03/10 00:45,05F0439S,05F0494S,31,215,4
2025/03/10 00:45,05F0439S,05F0494S,32,158,1
2025/03/10 00:45,05F0439S,05F0494S,41,0,0
2025/03/10 00:45,05F0439S,05F0494S,42,0,0
2025/03/10 00:45,05F0439S,05F0494S,5,0,0
2025/03/10 00:50,05F0000S,05F0055S,31,233,14
2025/03/10 00:50,05F0000S,05F0055S,32,238,3
2025/03/10 00:50,05F0000S,05F0055S,41,241,1
2025/03/10 00:50,05F0000S,05F0055S,42,0,0
2025/03/10 00:50,05F0000S,05F0055S,5,0,0
2025/03/10 00:50,05F0055S,05F0287S,31,929,20
2025/03/10 00:50,05F0055S,05F0287S,32,956,7
2025/03/10 00:50,05F0055S,05F0287S,41,987,1
2025/03/10 00:50,05F0055S,05F0287S,42,0,0
2025/03/10 00:50,05F0055S,05F0287S,5,0,0
2025/03/10 00:50,05F0287S,05F0309S,31,84,19
2025/03/10 00:50,05F0287S,05F0309S,32,84,3
2025/03/10 00:50,05F0287S,05F0309S,41,87,1
2025/03/10 00:50,05F0287S,05F0309S,42,0,0
2025/03/10 00:50,05F0287S,05F0309S,5,0,0
2025/03/10 00:50,05F0309S,05F0439S,31,487,11
2025/03/10 00:50,05F0309S,05F0439S,32,496,3
2025/03/10 00:50,05F0309S,05F0439S,41,0,0
2025/03/10 00:50,05F0309S,05F0439S,42,536,1
2025/03/10 00:50,05F0309S,05F0439S,5,482,1
2025/03/10 00:50,05F0439S,05F0494S,31,206,5
2025/03/10 00:50,05F0439S,05F0494S,32,0,0
2025/03/10 00:50,05F0439S,05F0494S,41,0,0
2025/03/10 00:50,05F0439S,05F0494S,42,0,0
2025/03/10 00:50,05F0439S,05F0494S,5,205,1
2025/03/10 00:55,05F0000S,05F0055S,31,224,16
2025/03/10 00:55,05F0000S,05F0055S,32,245,1
2025/03/10 00:55,05F0000S,05F0055S,41,0,0
2025/03/10 00:55,05F0000S,05F0055S,42,0,0
2025/03/10 00:55,05F0000S,05F0055S,5,0,0
2025/03/10 00:55,05F0055S,05F0287S,31,934,16
2025/03/10 00:55,05F0055S,05F0287S,32,943,3
2025/03/10 00:55,05F0055S,05F0287S,41,0,0
2025/03/10 00:55,05F0055S,05F0287S,42,0,0
2025/03/10 00:55,05F0055S,05F0287S,5,0,0
2025/03/10 00:55,05F0287S,05F0309S,31,87,17
2025/03/10 00:55,05F0287S,05F0309S,32,91,5
2025/03/10 00:55,05F0287S,05F0309S,41,0,0
2025/03/10 00:55,05F0287S,05F0309S,42,0,0
2025/03/10 00:55,05F0287S,05F0309S,5,0,0
2025/03/10 00:55,05F0309S,05F0439S,31,475,19
2025/03/10 00:55,05F0309S,05F0439S,32,510,1
2025/03/10 00:55,05F0309S,05F0439S,41,0,0
2025/03/10 00:55,05F0309S,05F0439S,42,561,1
2025/03/10 00:55,05F0309S,05F0439S,5,0,0
2025/03/10 00:55,05F0439S,05F0494S,31,194,6
2025/03/10 00:55,05F0439S,05F0494S,32,202,2
2025/03/10 00:55,05F0439S,05F0494S,41,0,0
2025/03/10 00:55,05F0439S,05F0494S,42,223,1
2025/03/10 00:55,05F0439S,05F0494S,5,0,0
2025/03/10 01:00,05F0000S,05F0055S,31,232,16
2025/03/10 01:00,05F0000S,05F0055S,32,228,3
2025/03/10 01:00,05F0000S,05F0055S,41,0,0
2025/03/10 01:00,05F0000S,05F0055S,42,0,0
2025/03/10 01:00,05F0000S,05F0055S,5,0,0
2025/03/10 01:00,05F0055S,05F0287S,31,994,12
2025/03/10 01:00,05F0055S,05F0287S,32,973,4
2025/03/10 01:00,05F0055S,05F0287S,41,991,2
2025/03/10 01:00,05F0055S,05F0287S,42,0,0
2025/03/10 01:00,05F0055S,05F0287S,5,0,0
2025/03/10 01:00,05F0287S,05F0309S,31,92,3
2025/03/10 01:00,05F0287S,05F0309S,32,93,2
2025/03/10 01:00,05F0287S,05F0309S,41,85,1
2025/03/10 01:00,05F0287S,05F0309S,42,0,0
2025/03/10 01:00,05F0287S,05F0309S,5,0,0
2025/03/10 01:00,05F0309S,05F0439S,31,495,10
2025/03/10 01:00,05F0309S,05F0439S,32,501,1
2025/03/10 01:00,05F0309S,05F0439S,41,720,1
2025/03/10 01:00,05F0309S,05F0439S,42,0,0
2025/03/10 01:00,05F0309S,05F0439S,5,924,1
2025/03/10 01:00,05F0439S,05F0494S,31,205,6
2025/03/10 01:00,05F0439S,05F0494S,32,0,0
2025/03/10 01:00,05F0439S,05F0494S,41,0,0
2025/03/10 01:00,05F0439S,05F0494S,42,227,1
2025/03/10 01:00,05F0439S,05F0494S,5,204,1
2025/03/10 01:05,05F0000S,05F0055S,31,238,15
2025/03/10 01:05,05F0000S,05F0055S,32,238,7
2025/03/10 01:05,05F0000S,05F0055S,41,0,0
2025/03/10 01:05,05F0000S,05F0055S,42,0,0
2025/03/10 01:05,05F0000S,05F0055S,5,0,0
2025/03/10 01:05,05F0055S,05F0287S,31,939,11
2025/03/10 01:05,05F0055S,05F0287S,32,951,3
2025/03/10 01:05,05F0055S,05F0287S,41,998,1
2025/03/10 01:05,05F0055S,05F0287S,42,0,0
2025/03/10 01:05,05F0055S,05F0287S,5,0,0
2025/03/10 01:05,05F0287S,05F0309S,31,91,14
2025/03/10 01:05,05F0287S,05F0309S,32,90,4
2025/03/10 01:05,05F0287S,05F0309S,41,0,0
2025/03/10 01:05,05F0287S,05F0309S,42,0,0
2025/03/10 01:05,05F0287S,05F0309S,5,0,0
2025/03/10 01:05,05F0309S,05F0439S,31,471,7
2025/03/10 01:05,05F0309S,05F0439S,32,483,1
2025/03/10 01:05,05F0309S,05F0439S,41,0,0
2025/03/10 01:05,05F0309S,05F0439S,42,0,0
2025/03/10 01:05,05F0309S,05F0439S,5,0,0
2025/03/10 01:05,05F0439S,05F0494S,31,226,3
2025/03/10 01:05,05F0439S,05F0494S,32,217,2
2025/03/10 01:05,05F0439S,05F0494S,41,0,0
2025/03/10 01:05,05F0439S,05F0494S,42,0,0
2025/03/10 01:05,05F0439S,05F0494S,5,311,1
2025/03/10 01:10,05F0000S,05F0055S,31,231,12
2025/03/10 01:10,05F0000S,05F0055S,32,229,4
2025/03/10 01:10,05F0000S,05F0055S,41,0,0
2025/03/10 01:10,05F0000S,05F0055S,42,0,0
2025/03/10 01:10,05F0000S,05F0055S,5,0,0
2025/03/10 01:10,05F0055S,05F0287S,31,909,20
2025/03/10 01:10,05F0055S,05F0287S,32,1008,2
2025/03/10 01:10,05F0055S,05F0287S,41,0,0
2025/03/10 01:10,05F0055S,05F0287S,42,0,0
2025/03/10 01:10,05F0055S,05F0287S,5,0,0
2025/03/10 01:10,05F0287S,05F0309S,31,81,17
2025/03/10 01:10,05F0287S,05F0309S,32,85,2
2025/03/10 01:10,05F0287S,05F0309S,41,0,0
2025/03/10 01:10,05F0287S,05F0309S,42,0,0
2025/03/10 01:10,05F0287S,05F0309S,5,0,0
2025/03/10 01:10,05F0309S,05F0439S,31,527,8
2025/03/10 01:10,05F0309S,05F0439S,32,470,3
2025/03/10 01:10,05F0309S,05F0439S,41,485,1
2025/03/10 01:10,05F0309S,05F0439S,42,566,1
2025/03/10 01:10,05F0309S,05F0439S,5,0,0
2025/03/10 01:10,05F0439S,05F0494S,31,201,4
2025/03/10 01:10,05F0439S,05F0494S,32,207,2
2025/03/10 01:10,05F0439S,05F0494S,41,0,0
2025/03/10 01:10,05F0439S,05F0494S,42,0,0
2025/03/10 01:10,05F0439S,05F0494S,5,0,0
2025/03/10 01:15,05F0000S,05F0055S,31,233,10
2025/03/10 01:15,05F0000S,05F0055S,32,227,2
2025/03/10 01:15,05F0000S,05F0055S,41,0,0
2025/03/10 01:15,05F0000S,05F0055S,42,0,0
2025/03/10 01:15,05F0000S,05F0055S,5,0,0
2025/03/10 01:15,05F0055S,05F0287S,31,929,15
2025/03/10 01:15,05F0055S,05F0287S,32,903,1
2025/03/10 01:15,05F0055S,05F0287S,41,0,0
2025/03/10 01:15,05F0055S,05F0287S,42,0,0
2025/03/10 01:15,05F0055S,05F0287S,5,0,0
2025/03/10 01:15,05F0287S,05F0309S,31,83,12
2025/03/10 01:15,05F0287S,05F0309S,32,0,0
2025/03/10 01:15,05F0287S,05F0309S,41,0,0
2025/03/10 01:15,05F0287S,05F0309S,42,0,0
2025/03/10 01:15,05F0287S,05F0309S,5,0,0
2025/03/10 01:15,05F0309S,05F0439S,31,472,11
2025/03/10 01:15,05F0309S,05F0439S,32,512,2
2025/03/10 01:15,05F0309S,05F0439S,41,0,0
2025/03/10 01:15,05F0309S,05F0439S,42,567,1
2025/03/10 01:15,05F0309S,05F0439S,5,533,1
2025/03/10 01:15,05F0439S,05F0494S,31,227,5
2025/03/10 01:15,05F0439S,05F0494S,32,216,2
2025/03/10 01:15,05F0439S,05F0494S,41,0,0
2025/03/10 01:15,05F0439S,05F0494S,42,0,0
2025/03/10 01:15,05F0439S,05F0494S,5,252,1
2025/03/10 01:20,05F0000S,05F0055S,31,224,11
2025/03/10 01:20,05F0000S,05F0055S,32,240,3
2025/03/10 01:20,05F0000S,05F0055S,41,0,0
2025/03/10 01:20,05F0000S,05F0055S,42,0,0
2025/03/10 01:20,05F0000S,05F0055S,5,0,0
2025/03/10 01:20,05F0055S,05F0287S,31,950,21
2025/03/10 01:20,05F0055S,05F0287S,32,968,6
2025/03/10 01:20,05F0055S,05F0287S,41,0,0
2025/03/10 01:20,05F0055S,05F0287S,42,0,0
2025/03/10 01:20,05F0055S,05F0287S,5,0,0
2025/03/10 01:20,05F0287S,05F0309S,31,78,18
2025/03/10 01:20,05F0287S,05F0309S,32,83,4
2025/03/10 01:20,05F0287S,05F0309S,41,0,0
2025/03/10 01:20,05F0287S,05F0309S,42,0,0
2025/03/10 01:20,05F0287S,05F0309S,5,0,0
2025/03/10 01:20,05F0309S,05F0439S,31,477,8
2025/03/10 01:20,05F0309S,05F0439S,32,474,3
2025/03/10 01:20,05F0309S,05F0439S,41,0,0
2025/03/10 01:20,05F0309S,05F0439S,42,0,0
2025/03/10 01:20,05F0309S,05F0439S,5,0,0
2025/03/10 01:20,05F0439S,05F0494S,31,0,0
2025/03/10 01:20,05F0439S,05F0494S,32,228,3
2025/03/10 01:20,05F0439S,05F0494S,41,0,0
2025/03/10 01:20,05F0439S,05F0494S,42,227,1
2025/03/10 01:20,05F0439S,05F0494S,5,225,1
2025/03/10 01:25,05F0000S,05F0055S,31,223,11
2025/03/10 01:25,05F0000S,05F0055S,32,224,2
2025/03/10 01:25,05F0000S,05F0055S,41,0,0
2025/03/10 01:25,05F0000S,05F0055S,42,0,0
2025/03/10 01:25,05F0000S,05F0055S,5,0,0
2025/03/10 01:25,05F0055S,05F0287S,31,911,12
2025/03/10 01:25,05F0055S,05F0287S,32,967,5
2025/03/10 01:25,05F0055S,05F0287S,41,0,0
2025/03/10 01:25,05F0055S,05F0287S,42,0,0
2025/03/10 01:25,05F0055S,05F0287S,5,0,0
2025/03/10 01:25,05F0287S,05F0309S,31,83,9
2025/03/10 01:25,05F0287S,05F0309S,32,79,5
2025/03/10 01:25,05F0287S,05F0309S,41,0,0
2025/03/10 01:25,05F0287S,05F0309S,42,0,0
2025/03/10 01:25,05F0287S,05F0309S,5,0,0
2025/03/10 01:25,05F0309S,05F0439S,31,454,9
2025/03/10 01:25,05F0309S,05F0439S,32,0,0
2025/03/10 01:25,05F0309S,05F0439S,41,0,0
2025/03/10 01:25,05F0309S,05F0439S,42,547,1
2025/03/10 01:25,05F0309S,05F0439S,5,534,1
2025/03/10 01:25,05F0439S,05F0494S,31,203,2
2025/03/10 01:25,05F0439S,05F0494S,32,183,1
2025/03/10 01:25,05F0439S,05F0494S,41,0,0
2025/03/10 01:25,05F0439S,05F0494S,42,0,0
2025/03/10 01:25,05F0439S,05F0494S,5,0,0
2025/03/10 01:30,05F0000S,05F0055S,31,227,14
2025/03/10 01:30,05F0000S,05F0055S,32,223,4
2025/03/10 01:30,05F0000S,05F0055S,41,0,0
2025/03/10 01:30,05F0000S,05F0055S,42,0,0
2025/03/10 01:30,05F0000S,05F0055S,5,0,0
2025/03/10 01:30,05F0055S,05F0287S,31,955,11
2025/03/10 01:30,05F0055S,05F0287S,32,935,3
2025/03/10 01:30,05F0055S,05F0287S,41,0,0
2025/03/10 01:30,05F0055S,05F0287S,42,0,0
2025/03/10 01:30,05F0055S,05F0287S,5,0,0
2025/03/10 01:30,05F0287S,05F0309S,31,86,7
2025/03/10 01:30,05F0287S,05F0309S,32,86,3
2025/03/10 01:30,05F0287S,05F0309S,41,0,0
2025/03/10 01:30,05F0287S,05F0309S,42,0,0
2025/03/10 01:30,05F0287S,05F0309S,5,0,0
2025/03/10 01:30,05F0309S,05F0439S,31,488,14
2025/03/10 01:30,05F0309S,05F0439S,32,499,3
2025/03/10 01:30,05F0309S,05F0439S,41,0,0
2025/03/10 01:30,05F0309S,05F0439S,42,0,0
2025/03/10 01:30,05F0309S,05F0439S,5,0,0
2025/03/10 01:30,05F0439S,05F0494S,31,172,8
2025/03/10 01:30,05F0439S,05F0494S,32,205,1
2025/03/10 01:30,05F0439S,05F0494S,41,0,0
2025/03/10 01:30,05F0439S,05F0494S,42,0,0
2025/03/10 01:30,05F0439S,05F0494S,5,223,1
2025/03/10 01:35,05F0000S,05F0055S,31,225,5
2025/03/10 01:35,05F0000S,05F0055S,32,262,5
2025/03/10 01:35,05F0000S,05F0055S,41,231,1
2025/03/10 01:35,05F0000S,05F0055S,42,0,0
2025/03/10 01:35,05F0000S,05F0055S,5,0,0
2025/03/10 01:35,05F0055S,05F0287S,31,915,16
2025/03/10 01:35,05F0055S,05F0287S,32,961,4
2025/03/10 01:35,05F0055S,05F0287S,41,0,0
2025/03/10 01:35,05F0055S,05F0287S,42,0,0
2025/03/10 01:35,05F0055S,05F0287S,5,0,0
2025/03/10 01:35,05F0287S,05F0309S,31,84,7
2025/03/10 01:35,05F0287S,05F0309S,32,0,0
2025/03/10 01:35,05F0287S,05F0309S,41,0,0
2025/03/10 01:35,05F0287S,05F0309S,42,0,0
2025/03/10 01:35,05F0287S,05F0309S,5,0,0
2025/03/10 01:35,05F0309S,05F0439S,31,499,7
2025/03/10 01:35,05F0309S,05F0439S,32,515,2
2025/03/10 01:35,05F0309S,05F0439S,41,0,0
2025/03/10 01:35,05F0309S,05F0439S,42,0,0
2025/03/10 01:35,05F0309S,05F0439S,5,0,0
2025/03/10 01:35,05F0439S,05F0494S,31,217,5
2025/03/10 01:35,05F0439S,05F0494S,32,197,1
2025/03/10 01:35,05F0439S,05F0494S,41,0,0
2025/03/10 01:35,05F0439S,05F0494S,42,0,0
2025/03/10 01:35,05F0439S,05F0494S,5,0,0
2025/03/10 01:40,05F0000S,05F0055S,31,254,13
2025/03/10 01:40,05F0000S,05F0055S,32,407,2
2025/03/10 01:40,05F0000S,05F0055S,41,257,1
2025/03/10 01:40,05F0000S,05F0055S,42,0,0
2025/03/10 01:40,05F0000S,05F0055S,5,0,0
2025/03/10 01:40,05F0055S,05F0287S,31,907,12
2025/03/10 01:40,05F0055S,05F0287S,32,915,3
2025/03/10 01:40,05F0055S,05F0287S,41,0,0
2025/03/10 01:40,05F0055S,05F0287S,42,0,0
2025/03/10 01:40,05F0055S,05F0287S,5,0,0
2025/03/10 01:40,05F0287S,05F0309S,31,80,11
2025/03/10 01:40,05F0287S,05F0309S,32,87,3
2025/03/10 01:40,05F0287S,05F0309S,41,0,0
2025/03/10 01:40,05F0287S,05F0309S,42,0,0
2025/03/10 01:40,05F0287S,05F0309S,5,0,0
2025/03/10 01:40,05F0309S,05F0439S,31,476,5
2025/03/10 01:40,05F0309S,05F0439S,32,507,3
2025/03/10 01:40,05F0309S,05F0439S,41,0,0
2025/03/10 01:40,05F0309S,05F0439S,42,495,2
2025/03/10 01:40,05F0309S,05F0439S,5,541,1
2025/03/10 01:40,05F0439S,05F0494S,31,216,4
2025/03/10 01:40,05F0439S,05F0494S,32,235,1
2025/03/10 01:40,05F0439S,05F0494S,41,0,0
2025/03/10 01:40,05F0439S,05F0494S,42,208,2
2025/03/10 01:40,05F0439S,05F0494S,5,0,0
2025/03/10 01:45,05F0000S,05F0055S,31,225,7
2025/03/10 01:45,05F0000S,05F0055S,32,255,5
2025/03/10 01:45,05F0000S,05F0055S,41,0,0
2025/03/10 01:45,05F0000S,05F0055S,42,0,0
2025/03/10 01:45,05F0000S,05F0055S,5,0,0
2025/03/10 01:45,05F0055S,05F0287S,31,932,14
2025/03/10 01:45,05F0055S,05F0287S,32,911,4
2025/03/10 01:45,05F0055S,05F0287S,41,0,0
2025/03/10 01:45,05F0055S,05F0287S,42,0,0
2025/03/10 01:45,05F0055S,05F0287S,5,0,0
2025/03/10 01:45,05F0287S,05F0309S,31,84,7
2025/03/10 01:45,05F0287S,05F0309S,32,79,5
2025/03/10 01:45,05F0287S,05F0309S,41,0,0
2025/03/10 01:45,05F0287S,05F0309S,42,0,0
2025/03/10 01:45,05F0287S,05F0309S,5,0,0
2025/03/10 01:45,05F0309S,05F0439S,31,470,5
2025/03/10 01:45,05F0309S,05F0439S,32,472,1
2025/03/10 01:45,05F0309S,05F0439S,41,0,0
2025/03/10 01:45,05F0309S,05F0439S,42,0,0
2025/03/10 01:45,05F0309S,05F0439S,5,549,1
2025/03/10 01:45,05F0439S,05F0494S,31,194,1
2025/03/10 01:45,05F0439S,05F0494S,32,223,2
2025/03/10 01:45,05F0439S,05F0494S,41,0,0
2025/03/10 01:45,05F0439S,05F0494S,42,0,0
2025/03/10 01:45,05F0439S,05F0494S,5,241,2
2025/03/10 01:50,05F0000S,05F0055S,31,214,12
2025/03/10 01:50,05F0000S,05F0055S,32,243,3
2025/03/10 01:50,05F0000S,05F0055S,41,0,0
2025/03/10 01:50,05F0000S,05F0055S,42,0,0
2025/03/10 01:50,05F0000S,05F0055S,5,0,0
2025/03/10 01:50,05F0055S,05F0287S,31,906,8
2025/03/10 01:50,05F0055S,05F0287S,32,931,4
2025/03/10 01:50,05F0055S,05F0287S,41,965,1
2025/03/10 01:50,05F0055S,05F0287S,42,0,0
2025/03/10 01:50,05F0055S,05F0287S,5,0,0
2025/03/10 01:50,05F0287S,05F0309S,31,75,4
2025/03/10 01:50,05F0287S,05F0309S,32,86,3
2025/03/10 01:50,05F0287S,05F0309S,41,0,0
2025/03/10 01:50,05F0287S,05F0309S,42,0,0
2025/03/10 01:50,05F0287S,05F0309S,5,0,0
2025/03/10 01:50,05F0309S,05F0439S,31,518,3
2025/03/10 01:50,05F0309S,05F0439S,32,472,6
2025/03/10 01:50,05F0309S,05F0439S,41,0,0
2025/03/10 01:50,05F0309S,05F0439S,42,0,0
2025/03/10 01:50,05F0309S,05F0439S,5,528,1
2025/03/10 01:50,05F0439S,05F0494S,31,209,1
2025/03/10 01:50,05F0439S,05F0494S,32,183,2
2025/03/10 01:50,05F0439S,05F0494S,41,0,0
2025/03/10 01:50,05F0439S,05F0494S,42,0,0
2025/03/10 01:50,05F0439S,05F0494S,5,232,1
2025/03/10 01:55,05F0000S,05F0055S,31,220,4
2025/03/10 01:55,05F0000S,05F0055S,32,228,2
2025/03/10 01:55,05F0000S,05F0055S,41,0,0
2025/03/10 01:55,05F0000S,05F0055S,42,0,0
2025/03/10 01:55,05F0000S,05F0055S,5,0,0
2025/03/10 01:55,05F0055S,05F0287S,31,920,13
2025/03/10 01:55,05F0055S,05F0287S,32,1033,3
2025/03/10 01:55,05F0055S,05F0287S,41,0,0
2025/03/10 01:55,05F0055S,05F0287S,42,0,0
2025/03/10 01:55,05F0055S,05F0287S,5,0,0
2025/03/10 01:55,05F0287S,05F0309S,31,77,8
2025/03/10 01:55,05F0287S,05F0309S,32,89,4
2025/03/10 01:55,05F0287S,05F0309S,41,89,1
2025/03/10 01:55,05F0287S,05F0309S,42,0,0
2025/03/10 01:55,05F0287S,05F0309S,5,0,0
2025/03/10 01:55,05F0309S,05F0439S,31,467,4
2025/03/10 01:55,05F0309S,05F0439S,32,0,0
2025/03/10 01:55,05F0309S,05F0439S,41,0,0
2025/03/10 01:55,05F0309S,05F0439S,42,0,0
2025/03/10 01:55,05F0309S,05F0439S,5,569,2
2025/03/10 01:55,05F0439S,05F0494S,31,192,2
2025/03/10 01:55,05F0439S,05F0494S,32,197,3
2025/03/10 01:55,05F0439S,05F0494S,41,0,0
2025/03/10 01:55,05F0439S,05F0494S,42,0,0
2025/03/10 01:55,05F0439S,05F0494S,5,216,2
2025/03/10 02:00,05F0000S,05F0055S,31,222,14
2025/03/10 02:00,05F0000S,05F0055S,32,239,3
2025/03/10 02:00,05F0000S,05F0055S,41,0,0
2025/03/10 02:00,05F0000S,05F0055S,42,0,0
2025/03/10 02:00,05F0000S,05F0055S,5,0,0
2025/03/10 02:00,05F0055S,05F0287S,31,976,8
2025/03/10 02:00,05F0055S,05F0287S,32,946,5
2025/03/10 02:00,05F0055S,05F0287S,41,1038,1
2025/03/10 02:00,05F0055S,05F0287S,42,0,0
2025/03/10 02:00,05F0055S,05F0287S,5,0,0
2025/03/10 02:00,05F0287S,05F0309S,31,85,10
2025/03/10 02:00,05F0287S,05F0309S,32,87,4
2025/03/10 02:00,05F0287S,05F0309S,41,95,1
2025/03/10 02:00,05F0287S,05F0309S,42,0,0
2025/03/10 02:00,05F0287S,05F0309S,5,0,0
2025/03/10 02:00,05F0309S,05F0439S,31,454,2
2025/03/10 02:00,05F0309S,05F0439S,32,523,3
2025/03/10 02:00,05F0309S,05F0439S,41,500,1
2025/03/10 02:00,05F0309S,05F0439S,42,0,0
2025/03/10 02:00,05F0309S,05F0439S,5,0,0
2025/03/10 02:00,05F0439S,05F0494S,31,208,1
2025/03/10 02:00,05F0439S,05F0494S,32,0,0
2025/03/10 02:00,05F0439S,05F0494S,41,0,0
2025/03/10 02:00,05F0439S,05F0494S,42,0,0
2025/03/10 02:00,05F0439S,05F0494S,5,255,1
2025/03/10 02:05,05F0000S,05F0055S,31,237,4
2025/03/10 02:05,05F0000S,05F0055S,32,225,8
2025/03/10 02:05,05F0000S,05F0055S,41,0,0
2025/03/10 02:05,05F0000S,05F0055S,42,0,0
2025/03/10 02:05,05F0000S,05F0055S,5,0,0
2025/03/10 02:05,05F0055S,05F0287S,31,924,13
2025/03/10 02:05,05F0055S,05F0287S,32,1027,2
2025/03/10 02:05,05F0055S,05F0287S,41,0,0
2025/03/10 02:05,05F0055S,05F0287S,42,0,0
2025/03/10 02:05,05F0055S,05F0287S,5,0,0
2025/03/10 02:05,05F0287S,05F0309S,31,85,10
2025/03/10 02:05,05F0287S,05F0309S,32,86,1
2025/03/10 02:05,05F0287S,05F0309S,41,0,0
2025/03/10 02:05,05F0287S,05F0309S,42,0,0
2025/03/10 02:05,05F0287S,05F0309S,5,0,0
2025/03/10 02:05,05F0309S,05F0439S,31,474,7
2025/03/10 02:05,05F0309S,05F0439S,32,500,4
2025/03/10 02:05,05F0309S,05F0439S,41,0,0
2025/03/10 02:05,05F0309S,05F0439S,42,543,1
2025/03/10 02:05,05F0309S,05F0439S,5,0,0
2025/03/10 02:05,05F0439S,05F0494S,31,194,2
2025/03/10 02:05,05F0439S,05F0494S,32,188,1
2025/03/10 02:05,05F0439S,05F0494S,41,0,0
2025/03/10 02:05,05F0439S,05F0494S,42,0,0
2025/03/10 02:05,05F0439S,05F0494S,5,0,0
2025/03/10 02:10,05F0000S,05F0055S,31,230,6
2025/03/10 02:10,05F0000S,05F0055S,32,228,2
2025/03/10 02:10,05F0000S,05F0055S,41,0,0
2025/03/10 02:10,05F0000S,05F0055S,42,0,0
2025/03/10 02:10,05F0000S,05F0055S,5,0,0
2025/03/10 02:10,05F0055S,05F0287S,31,921,7
2025/03/10 02:10,05F0055S,05F0287S,32,928,3
2025/03/10 02:10,05F0055S,05F0287S,41,0,0
2025/03/10 02:10,05F0055S,05F0287S,42,0,0
2025/03/10 02:10,05F0055S,05F0287S,5,0,0
2025/03/10 02:10,05F0287S,05F0309S,31,84,6
2025/03/10 02:10,05F0287S,05F0309S,32,87,3
2025/03/10 02:10,05F0287S,05F0309S,41,0,0
2025/03/10 02:10,05F0287S,05F0309S,42,0,0
2025/03/10 02:10,05F0287S,05F0309S,5,0,0
2025/03/10 02:10,05F0309S,05F0439S,31,514,4
2025/03/10 02:10,05F0309S,05F0439S,32,515,3
2025/03/10 02:10,05F0309S,05F0439S,41,531,1
2025/03/10 02:10,05F0309S,05F0439S,42,0,0
2025/03/10 02:10,05F0309S,05F0439S,5,516,3
2025/03/10 02:10,05F0439S,05F0494S,31,203,5
2025/03/10 02:10,05F0439S,05F0494S,32,208,3
2025/03/10 02:10,05F0439S,05F0494S,41,0,0
2025/03/10 02:10,05F0439S,05F0494S,42,0,0
2025/03/10 02:10,05F0439S,05F0494S,5,214,1
2025/03/10 02:15,05F0000S,05F0055S,31,236,10
2025/03/10 02:15,05F0000S,05F0055S,32,224,2
2025/03/10 02:15,05F0000S,05F0055S,41,0,0
2025/03/10 02:15,05F0000S,05F0055S,42,0,0
2025/03/10 02:15,05F0000S,05F0055S,5,0,0
2025/03/10 02:15,05F0055S,05F0287S,31,925,14
2025/03/10 02:15,05F0055S,05F0287S,32,947,3
2025/03/10 02:15,05F0055S,05F0287S,41,0,0
2025/03/10 02:15,05F0055S,05F0287S,42,0,0
2025/03/10 02:15,05F0055S,05F0287S,5,0,0
2025/03/10 02:15,05F0287S,05F0309S,31,85,9
2025/03/10 02:15,05F0287S,05F0309S,32,87,2
2025/03/10 02:15,05F0287S,05F0309S,41,0,0
2025/03/10 02:15,05F0287S,05F0309S,42,0,0
2025/03/10 02:15,05F0287S,05F0309S,5,0,0
2025/03/10 02:15,05F0309S,05F0439S,31,486,6
2025/03/10 02:15,05F0309S,05F0439S,32,578,1
2025/03/10 02:15,05F0309S,05F0439S,41,0,0
2025/03/10 02:15,05F0309S,05F0439S,42,0,0
2025/03/10 02:15,05F0309S,05F0439S,5,530,3
2025/03/10 02:15,05F0439S,05F0494S,31,200,3
2025/03/10 02:15,05F0439S,05F0494S,32,214,2
2025/03/10 02:15,05F0439S,05F0494S,41,0,0
2025/03/10 02:15,05F0439S,05F0494S,42,0,0
2025/03/10 02:15,05F0439S,05F0494S,5,222,3
2025/03/10 02:20,05F0000S,05F0055S,31,237,8
2025/03/10 02:20,05F0000S,05F0055S,32,224,2
2025/03/10 02:20,05F0000S,05F0055S,41,0,0
2025/03/10 02:20,05F0000S,05F0055S,42,0,0
2025/03/10 02:20,05F0000S,05F0055S,5,0,0
2025/03/10 02:20,05F0055S,05F0287S,31,976,2
2025/03/10 02:20,05F0055S,05F0287S,32,959,7
2025/03/10 02:20,05F0055S,05F0287S,41,0,0
2025/03/10 02:20,05F0055S,05F0287S,42,0,0
2025/03/10 02:20,05F0055S,05F0287S,5,0,0
2025/03/10 02:20,05F0287S,05F0309S,31,93,4
2025/03/10 02:20,05F0287S,05F0309S,32,81,3
2025/03/10 02:20,05F0287S,05F0309S,41,0,0
2025/03/10 02:20,05F0287S,05F0309S,42,0,0
2025/03/10 02:20,05F0287S,05F0309S,5,0,0
2025/03/10 02:20,05F0309S,05F0439S,31,488,6
2025/03/10 02:20,05F0309S,05F0439S,32,479,2
2025/03/10 02:20,05F0309S,05F0439S,41,0,0
2025/03/10 02:20,05F0309S,05F0439S,42,0,0
2025/03/10 02:20,05F0309S,05F0439S,5,0,0
2025/03/10 02:20,05F0439S,05F0494S,31,205,1
2025/03/10 02:20,05F0439S,05F0494S,32,193,1
2025/03/10 02:20,05F0439S,05F0494S,41,0,0
2025/03/10 02:20,05F0439S,05F0494S,42,0,0
2025/03/10 02:20,05F0439S,05F0494S,5,231,2
2025/03/10 02:25,05F0000S,05F0055S,31,222,7
2025/03/10 02:25,05F0000S,05F0055S,32,225,2
2025/03/10 02:25,05F0000S,05F0055S,41,0,0
2025/03/10 02:25,05F0000S,05F0055S,42,0,0
2025/03/10 02:25,05F0000S,05F0055S,5,0,0
2025/03/10 02:25,05F0055S,05F0287S,31,932,10
2025/03/10 02:25,05F0055S,05F0287S,32,934,3
2025/03/10 02:25,05F0055S,05F0287S,41,0,0
2025/03/10 02:25,05F0055S,05F0287S,42,0,0
2025/03/10 02:25,05F0055S,05F0287S,5,0,0
2025/03/10 02:25,05F0287S,05F0309S,31,84,4
2025/03/10 02:25,05F0287S,05F0309S,32,91,4
2025/03/10 02:25,05F0287S,05F0309S,41,0,0
2025/03/10 02:25,05F0287S,05F0309S,42,0,0
2025/03/10 02:25,05F0287S,05F0309S,5,0,0
2025/03/10 02:25,05F0309S,05F0439S,31,441,4
2025/03/10 02:25,05F0309S,05F0439S,32,500,2
2025/03/10 02:25,05F0309S,05F0439S,41,0,0
2025/03/10 02:25,05F0309S,05F0439S,42,0,0
2025/03/10 02:25,05F0309S,05F0439S,5,481,1
2025/03/10 02:25,05F0439S,05F0494S,31,207,2
2025/03/10 02:25,05F0439S,05F0494S,32,0,0
2025/03/10 02:25,05F0439S,05F0494S,41,0,0
2025/03/10 02:25,05F0439S,05F0494S,42,0,0
2025/03/10 02:25,05F0439S,05F0494S,5,0,0
2025/03/10 02:30,05F0000S,05F0055S,31,259,3
2025/03/10 02:30,05F0000S,05F0055S,32,221,4
2025/03/10 02:30,05F0000S,05F0055S,41,0,0
2025/03/10 02:30,05F0000S,05F0055S,42,0,0
2025/03/10 02:30,05F0000S,05F0055S,5,0,0
2025/03/10 02:30,05F0055S,05F0287S,31,965,11
2025/03/10 02:30,05F0055S,05F0287S,32,951,2
2025/03/10 02:30,05F0055S,05F0287S,41,0,0
2025/03/10 02:30,05F0055S,05F0287S,42,0,0
2025/03/10 02:30,05F0055S,05F0287S,5,0,0
2025/03/10 02:30,05F0287S,05F0309S,31,83,4
2025/03/10 02:30,05F0287S,05F0309S,32,92,1
2025/03/10 02:30,05F0287S,05F0309S,41,0,0
2025/03/10 02:30,05F0287S,05F0309S,42,0,0
2025/03/10 02:30,05F0287S,05F0309S,5,0,0
2025/03/10 02:30,05F0309S,05F0439S,31,506,2
2025/03/10 02:30,05F0309S,05F0439S,32,508,3
2025/03/10 02:30,05F0309S,05F0439S,41,0,0
2025/03/10 02:30,05F0309S,05F0439S,42,0,0
2025/03/10 02:30,05F0309S,05F0439S,5,0,0
2025/03/10 02:30,05F0439S,05F0494S,31,198,4
2025/03/10 02:30,05F0439S,05F0494S,32,215,1
2025/03/10 02:30,05F0439S,05F0494S,41,0,0
2025/03/10 02:30,05F0439S,05F0494S,42,0,0
2025/03/10 02:30,05F0439S,05F0494S,5,0,0
2025/03/10 02:35,05F0000S,05F0055S,31,230,8
2025/03/10 02:35,05F0000S,05F0055S,32,226,1
2025/03/10 02:35,05F0000S,05F0055S,41,0,0
2025/03/10 02:35,05F0000S,05F0055S,42,0,0
2025/03/10 02:35,05F0000S,05F0055S,5,0,0
2025/03/10 02:35,05F0055S,05F0287S,31,956,10
2025/03/10 02:35,05F0055S,05F0287S,32,894,3
2025/03/10 02:35,05F0055S,05F0287S,41,0,0
2025/03/10 02:35,05F0055S,05F0287S,42,0,0
2025/03/10 02:35,05F0055S,05F0287S,5,0,0
2025/03/10 02:35,05F0287S,05F0309S,31,89,8
2025/03/10 02:35,05F0287S,05F0309S,32,82,3
2025/03/10 02:35,05F0287S,05F0309S,41,0,0
2025/03/10 02:35,05F0287S,05F0309S,42,0,0
2025/03/10 02:35,05F0287S,05F0309S,5,0,0
2025/03/10 02:35,05F0309S,05F0439S,31,502,3
2025/03/10 02:35,05F0309S,05F0439S,32,531,2
2025/03/10 02:35,05F0309S,05F0439S,41,0,0
2025/03/10 02:35,05F0309S,05F0439S,42,501,1
2025/03/10 02:35,05F0309S,05F0439S,5,529,1
2025/03/10 02:35,05F0439S,05F0494S,31,208,1
2025/03/10 02:35,05F0439S,05F0494S,32,211,1
2025/03/10 02:35,05F0439S,05F0494S,41,0,0
2025/03/10 02:35,05F0439S,05F0494S,42,217,1
2025/03/10 02:35,05F0439S,05F0494S,5,0,0
2025/03/10 02:40,05F0000S,05F0055S,31,228,8
2025/03/10 02:40,05F0000S,05F0055S,32,221,3
2025/03/10 02:40,05F0000S,05F0055S,41,0,0
2025/03/10 02:40,05F0000S,05F0055S,42,0,0
2025/03/10 02:40,05F0000S,05F0055S,5,0,0
2025/03/10 02:40,05F0055S,05F0287S,31,929,9
2025/03/10 02:40,05F0055S,05F0287S,32,0,0
2025/03/10 02:40,05F0055S,05F0287S,41,0,0
2025/03/10 02:40,05F0055S,05F0287S,42,0,0
2025/03/10 02:40,05F0055S,05F0287S,5,0,0
2025/03/10 02:40,05F0287S,05F0309S,31,86,7
2025/03/10 02:40,05F0287S,05F0309S,32,78,1
2025/03/10 02:40,05F0287S,05F0309S,41,0,0
2025/03/10 02:40,05F0287S,05F0309S,42,0,0
2025/03/10 02:40,05F0287S,05F0309S,5,0,0
2025/03/10 02:40,05F0309S,05F0439S,31,491,4
2025/03/10 02:40,05F0309S,05F0439S,32,503,1
2025/03/10 02:40,05F0309S,05F0439S,41,0,0
2025/03/10 02:40,05F0309S,05F0439S,42,0,0
2025/03/10 02:40,05F0309S,05F0439S,5,0,0
2025/03/10 02:40,05F0439S,05F0494S,31,208,1
2025/03/10 02:40,05F0439S,05F0494S,32,0,0
2025/03/10 02:40,05F0439S,05F0494S,41,0,0
2025/03/10 02:40,05F0439S,05F0494S,42,0,0
2025/03/10 02:40,05F0439S,05F0494S,5,247,1
2025/03/10 02:45,05F0000S,05F0055S,31,227,12
2025/03/10 02:45,05F0000S,05F0055S,32,274,4
2025/03/10 02:45,05F0000S,05F0055S,41,0,0
2025/03/10 02:45,05F0000S,05F0055S,42,0,0
2025/03/10 02:45,05F0000S,05F0055S,5,0,0
2025/03/10 02:45,05F0055S,05F0287S,31,1023,2
2025/03/10 02:45,05F0055S,05F0287S,32,921,5
2025/03/10 02:45,05F0055S,05F0287S,41,0,0
2025/03/10 02:45,05F0055S,05F0287S,42,0,0
2025/03/10 02:45,05F0055S,05F0287S,5,0,0
2025/03/10 02:45,05F0287S,05F0309S,31,91,4
2025/03/10 02:45,05F0287S,05F0309S,32,84,2
2025/03/10 02:45,05F0287S,05F0309S,41,0,0
2025/03/10 02:45,05F0287S,05F0309S,42,0,0
2025/03/10 02:45,05F0287S,05F0309S,5,0,0
2025/03/10 02:45,05F0309S,05F0439S,31,527,3
2025/03/10 02:45,05F0309S,05F0439S,32,447,1
2025/03/10 02:45,05F0309S,05F0439S,41,0,0
2025/03/10 02:45,05F0309S,05F0439S,42,0,0
2025/03/10 02:45,05F0309S,05F0439S,5,483,1
2025/03/10 02:45,05F0439S,05F0494S,31,209,1
2025/03/10 02:45,05F0439S,05F0494S,32,229,1
2025/03/10 02:45,05F0439S,05F0494S,41,0,0
2025/03/10 02:45,05F0439S,05F0494S,42,0,0
2025/03/10 02:45,05F0439S,05F0494S,5,0,0
2025/03/10 02:50,05F0000S,05F0055S,31,237,11
2025/03/10 02:50,05F0000S,05F0055S,32,222,2
2025/03/10 02:50,05F0000S,05F0055S,41,285,1
2025/03/10 02:50,05F0000S,05F0055S,42,0,0
2025/03/10 02:50,05F0000S,05F0055S,5,0,0
2025/03/10 02:50,05F0055S,05F0287S,31,932,9
2025/03/10 02:50,05F0055S,05F0287S,32,955,1
2025/03/10 02:50,05F0055S,05F0287S,41,0,0
2025/03/10 02:50,05F0055S,05F0287S,42,0,0
2025/03/10 02:50,05F0055S,05F0287S,5,0,0
2025/03/10 02:50,05F0287S,05F0309S,31,87,5
2025/03/10 02:50,05F0287S,05F0309S,32,86,3
2025/03/10 02:50,05F0287S,05F0309S,41,0,0
2025/03/10 02:50,05F0287S,05F0309S,42,0,0
2025/03/10 02:50,05F0287S,05F0309S,5,0,0
2025/03/10 02:50,05F0309S,05F0439S,31,494,3
2025/03/10 02:50,05F0309S,05F0439S,32,463,1
2025/03/10 02:50,05F0309S,05F0439S,41,0,0
2025/03/10 02:50,05F0309S,05F0439S,42,0,0
2025/03/10 02:50,05F0309S,05F0439S,5,502,3
2025/03/10 02:50,05F0439S,05F0494S,31,0,0
2025/03/10 02:50,05F0439S,05F0494S,32,0,0
2025/03/10 02:50,05F0439S,05F0494S,41,0,0
2025/03/10 02:50,05F0439S,05F0494S,42,0,0
2025/03/10 02:50,05F0439S,05F0494S,5,213,2
2025/03/10 02:55,05F0000S,05F0055S,31,238,11
2025/03/10 02:55,05F0000S,05F0055S,32,249,6
2025/03/10 02:55,05F0000S,05F0055S,41,0,0
2025/03/10 02:55,05F0000S,05F0055S,42,0,0
2025/03/10 02:55,05F0000S,05F0055S,5,0,0
2025/03/10 02:55,05F0055S,05F0287S,31,947,10
2025/03/10 02:55,05F0055S,05F0287S,32,912,3
2025/03/10 02:55,05F0055S,05F0287S,41,0,0
2025/03/10 02:55,05F0055S,05F0287S,42,0,0
2025/03/10 02:55,05F0055S,05F0287S,5,0,0
2025/03/10 02:55,05F0287S,05F0309S,31,84,6
2025/03/10 02:55,05F0287S,05F0309S,32,84,2
2025/03/10 02:55,05F0287S,05F0309S,41,0,0
2025/03/10 02:55,05F0287S,05F0309S,42,0,0
2025/03/10 02:55,05F0287S,05F0309S,5,0,0
2025/03/10 02:55,05F0309S,05F0439S,31,681,2
2025/03/10 02:55,05F0309S,05F0439S,32,477,3
2025/03/10 02:55,05F0309S,05F0439S,41,0,0
2025/03/10 02:55,05F0309S,05F0439S,42,0,0
2025/03/10 02:55,05F0309S,05F0439S,5,525,3
2025/03/10 02:55,05F0439S,05F0494S,31,211,3
2025/03/10 02:55,05F0439S,05F0494S,32,222,1
2025/03/10 02:55,05F0439S,05F0494S,41,0,0
2025/03/10 02:55,05F0439S,05F0494S,42,0,0
2025/03/10 02:55,05F0439S,05F0494S,5,0,0
2025/03/10 03:00,05F0000S,05F0055S,31,240,10
2025/03/10 03:00,05F0000S,05F0055S,32,265,8
2025/03/10 03:00,05F0000S,05F0055S,41,0,0
2025/03/10 03:00,05F0000S,05F0055S,42,0,0
2025/03/10 03:00,05F0000S,05F0055S,5,0,0
2025/03/10 03:00,05F0055S,05F0287S,31,950,9
2025/03/10 03:00,05F0055S,05F0287S,32,973,3
2025/03/10 03:00,05F0055S,05F0287S,41,0,0
2025/03/10 03:00,05F0055S,05F0287S,42,0,0
2025/03/10 03:00,05F0055S,05F0287S,5,0,0
2025/03/10 03:00,05F0287S,05F0309S,31,79,7
2025/03/10 03:00,05F0287S,05F0309S,32,90,1
2025/03/10 03:00,05F0287S,05F0309S,41,0,0
2025/03/10 03:00,05F0287S,05F0309S,42,0,0
2025/03/10 03:00,05F0287S,05F0309S,5,0,0
2025/03/10 03:00,05F0309S,05F0439S,31,476,6
2025/03/10 03:00,05F0309S,05F0439S,32,528,2
2025/03/10 03:00,05F0309S,05F0439S,41,0,0
2025/03/10 03:00,05F0309S,05F0439S,42,635,1
2025/03/10 03:00,05F0309S,05F0439S,5,0,0
2025/03/10 03:00,05F0439S,05F0494S,31,955,2
2025/03/10 03:00,05F0439S,05F0494S,32,0,0
2025/03/10 03:00,05F0439S,05F0494S,41,0,0
2025/03/10 03:00,05F0439S,05F0494S,42,0,0
2025/03/10 03:00,05F0439S,05F0494S,5,241,2
2025/03/10 03:05,05F0000S,05F0055S,31,219,9
2025/03/10 03:05,05F0000S,05F0055S,32,0,0
2025/03/10 03:05,05F0000S,05F0055S,41,0,0
2025/03/10 03:05,05F0000S,05F0055S,42,0,0
2025/03/10 03:05,05F0000S,05F0055S,5,0,0
2025/03/10 03:05,05F0055S,05F0287S,31,955,10
2025/03/10 03:05,05F0055S,05F0287S,32,993,3
2025/03/10 03:05,05F0055S,05F0287S,41,0,0
2025/03/10 03:05,05F0055S,05F0287S,42,0,0
2025/03/10 03:05,05F0055S,05F0287S,5,0,0
2025/03/10 03:05,05F0287S,05F0309S,31,93,4
2025/03/10 03:05,05F0287S,05F0309S,32,100,1
2025/03/10 03:05,05F0287S,05F0309S,41,0,0
2025/03/10 03:05,05F0287S,05F0309S,42,0,0
2025/03/10 03:05,05F0287S,05F0309S,5,0,0
2025/03/10 03:05,05F0309S,05F0439S,31,514,6
2025/03/10 03:05,05F0309S,05F0439S,32,510,4
2025/03/10 03:05,05F0309S,05F0439S,41,0,0
2025/03/10 03:05,05F0309S,05F0439S,42,0,0
2025/03/10 03:05,05F0309S,05F0439S,5,549,1
2025/03/10 03:05,05F0439S,05F0494S,31,203,2
2025/03/10 03:05,05F0439S,05F0494S,32,218,1
2025/03/10 03:05,05F0439S,05F0494S,41,0,0
2025/03/10 03:05,05F0439S,05F0494S,42,281,1
2025/03/10 03:05,05F0439S,05F0494S,5,233,1
2025/03/10 03:10,05F0000S,05F0055S,31,232,7
2025/03/10 03:10,05F0000S,05F0055S,32,241,2
2025/03/10 03:10,05F0000S,05F0055S,41,0,0
2025/03/10 03:10,05F0000S,05F0055S,42,0,0
2025/03/10 03:10,05F0000S,05F0055S,5,0,0
2025/03/10 03:10,05F0055S,05F0287S,31,935,14
2025/03/10 03:10,05F0055S,05F0287S,32,989,4
2025/03/10 03:10,05F0055S,05F0287S,41,1056,1
2025/03/10 03:10,05F0055S,05F0287S,42,0,0
2025/03/10 03:10,05F0055S,05F0287S,5,0,0
2025/03/10 03:10,05F0287S,05F0309S,31,86,9
2025/03/10 03:10,05F0287S,05F0309S,32,90,3
2025/03/10 03:10,05F0287S,05F0309S,41,107,1
2025/03/10 03:10,05F0287S,05F0309S,42,0,0
2025/03/10 03:10,05F0287S,05F0309S,5,0,0
2025/03/10 03:10,05F0309S,05F0439S,31,519,3
2025/03/10 03:10,05F0309S,05F0439S,32,511,1
2025/03/10 03:10,05F0309S,05F0439S,41,0,0
2025/03/10 03:10,05F0309S,05F0439S,42,0,0
2025/03/10 03:10,05F0309S,05F0439S,5,599,1
2025/03/10 03:10,05F0439S,05F0494S,31,206,2
2025/03/10 03:10,05F0439S,05F0494S,32,0,0
2025/03/10 03:10,05F0439S,05F0494S,41,0,0
2025/03/10 03:10,05F0439S,05F0494S,42,0,0
2025/03/10 03:10,05F0439S,05F0494S,5,0,0
2025/03/10 03:15,05F0000S,05F0055S,31,230,10
2025/03/10 03:15,05F0000S,05F0055S,32,232,4
2025/03/10 03:15,05F0000S,05F0055S,41,0,0
2025/03/10 03:15,05F0000S,05F0055S,42,0,0
2025/03/10 03:15,05F0000S,05F0055S,5,0,0
2025/03/10 03:15,05F0055S,05F0287S,31,934,10
2025/03/10 03:15,05F0055S,05F0287S,32,1011,7
2025/03/10 03:15,05F0055S,05F0287S,41,0,0
2025/03/10 03:15,05F0055S,05F0287S,42,0,0
2025/03/10 03:15,05F0055S,05F0287S,5,0,0
2025/03/10 03:15,05F0287S,05F0309S,31,82,8
2025/03/10 03:15,05F0287S,05F0309S,32,91,4
2025/03/10 03:15,05F0287S,05F0309S,41,0,0
2025/03/10 03:15,05F0287S,05F0309S,42,0,0
2025/03/10 03:15,05F0287S,05F0309S,5,0,0
2025/03/10 03:15,05F0309S,05F0439S,31,459,4
2025/03/10 03:15,05F0309S,05F0439S,32,487,2
2025/03/10 03:15,05F0309S,05F0439S,41,0,0
2025/03/10 03:15,05F0309S,05F0439S,42,495,1
2025/03/10 03:15,05F0309S,05F0439S,5,603,1
2025/03/10 03:15,05F0439S,05F0494S,31,215,4
2025/03/10 03:15,05F0439S,05F0494S,32,0,0
2025/03/10 03:15,05F0439S,05F0494S,41,0,0
2025/03/10 03:15,05F0439S,05F0494S,42,207,1
2025/03/10 03:15,05F0439S,05F0494S,5,253,1
2025/03/10 03:20,05F0000S,05F0055S,31,239,9
2025/03/10 03:20,05F0000S,05F0055S,32,231,4
2025/03/10 03:20,05F0000S,05F0055S,41,0,0
2025/03/10 03:20,05F0000S,05F0055S,42,0,0
2025/03/10 03:20,05F0000S,05F0055S,5,0,0
2025/03/10 03:20,05F0055S,05F0287S,31,918,10
2025/03/10 03:20,05F0055S,05F0287S,32,1049,4
2025/03/10 03:20,05F0055S,05F0287S,41,0,0
2025/03/10 03:20,05F0055S,05F0287S,42,0,0
2025/03/10 03:20,05F0055S,05F0287S,5,0,0
2025/03/10 03:20,05F0287S,05F0309S,31,84,5
2025/03/10 03:20,05F0287S,05F0309S,32,93,6
2025/03/10 03:20,05F0287S,05F0309S,41,0,0
2025/03/10 03:20,05F0287S,05F0309S,42,0,0
2025/03/10 03:20,05F0287S,05F0309S,5,0,0
2025/03/10 03:20,05F0309S,05F0439S,31,494,7
2025/03/10 03:20,05F0309S,05F0439S,32,519,3
2025/03/10 03:20,05F0309S,05F0439S,41,608,1
2025/03/10 03:20,05F0309S,05F0439S,42,0,0
2025/03/10 03:20,05F0309S,05F0439S,5,0,0
2025/03/10 03:20,05F0439S,05F0494S,31,218,4
2025/03/10 03:20,05F0439S,05F0494S,32,220,1
2025/03/10 03:20,05F0439S,05F0494S,41,0,0
2025/03/10 03:20,05F0439S,05F0494S,42,0,0
2025/03/10 03:20,05F0439S,05F0494S,5,247,1
2025/03/10 03:25,05F0000S,05F0055S,31,229,8
2025/03/10 03:25,05F0000S,05F0055S,32,226,2
2025/03/10 03:25,05F0000S,05F0055S,41,0,0
2025/03/10 03:25,05F0000S,05F0055S,42,0,0
2025/03/10 03:25,05F0000S,05F0055S,5,0,0
2025/03/10 03:25,05F0055S,05F0287S,31,908,7
2025/03/10 03:25,05F0055S,05F0287S,32,942,2
2025/03/10 03:25,05F0055S,05F0287S,41,0,0
2025/03/10 03:25,05F0055S,05F0287S,42,0,0
2025/03/10 03:25,05F0055S,05F0287S,5,0,0
2025/03/10 03:25,05F0287S,05F0309S,31,83,8
2025/03/10 03:25,05F0287S,05F0309S,32,91,1
2025/03/10 03:25,05F0287S,05F0309S,41,0,0
2025/03/10 03:25,05F0287S,05F0309S,42,0,0
2025/03/10 03:25,05F0287S,05F0309S,5,0,0
2025/03/10 03:25,05F0309S,05F0439S,31,467,3
2025/03/10 03:25,05F0309S,05F0439S,32,527,4
2025/03/10 03:25,05F0309S,05F0439S,41,0,0
2025/03/10 03:25,05F0309S,05F0439S,42,0,0
2025/03/10 03:25,05F0309S,05F0439S,5,586,1
2025/03/10 03:25,05F0439S,05F0494S,31,196,4
2025/03/10 03:25,05F0439S,05F0494S,32,201,1
2025/03/10 03:25,05F0439S,05F0494S,41,0,0
2025/03/10 03:25,05F0439S,05F0494S,42,0,0
2025/03/10 03:25,05F0439S,05F0494S,5,0,0
2025/03/10 03:30,05F0000S,05F0055S,31,242,5
2025/03/10 03:30,05F0000S,05F0055S,32,230,2
2025/03/10 03:30,05F0000S,05F0055S,41,0,0
2025/03/10 03:30,05F0000S,05F0055S,42,0,0
2025/03/10 03:30,05F0000S,05F0055S,5,0,0
2025/03/10 03:30,05F0055S,05F0287S,31,929,9
2025/03/10 03:30,05F0055S,05F0287S,32,922,1
2025/03/10 03:30,05F0055S,05F0287S,41,0,0
2025/03/10 03:30,05F0055S,05F0287S,42,0,0
2025/03/10 03:30,05F0055S,05F0287S,5,0,0
2025/03/10 03:30,05F0287S,05F0309S,31,85,4
2025/03/10 03:30,05F0287S,05F0309S,32,0,0
2025/03/10 03:30,05F0287S,05F0309S,41,0,0
2025/03/10 03:30,05F0287S,05F0309S,42,0,0
2025/03/10 03:30,05F0287S,05F0309S,5,0,0
2025/03/10 03:30,05F0309S,05F0439S,31,486,7
2025/03/10 03:30,05F0309S,05F0439S,32,508,4
2025/03/10 03:30,05F0309S,05F0439S,41,0,0
2025/03/10 03:30,05F0309S,05F0439S,42,0,0
2025/03/10 03:30,05F0309S,05F0439S,5,0,0
2025/03/10 03:30,05F0439S,05F0494S,31,0,0
2025/03/10 03:30,05F0439S,05F0494S,32,221,6
2025/03/10 03:30,05F0439S,05F0494S,41,0,0
2025/03/10 03:30,05F0439S,05F0494S,42,0,0
2025/03/10 03:30,05F0439S,05F0494S,5,243,2
2025/03/10 03:35,05F0000S,05F0055S,31,228,10
2025/03/10 03:35,05F0000S,05F0055S,32,226,4
2025/03/10 03:35,05F0000S,05F0055S,41,0,0
2025/03/10 03:35,05F0000S,05F0055S,42,0,0
2025/03/10 03:35,05F0000S,05F0055S,5,0,0
2025/03/10 03:35,05F0055S,05F0287S,31,978,8
2025/03/10 03:35,05F0055S,05F0287S,32,926,7
2025/03/10 03:35,05F0055S,05F0287S,41,0,0
2025/03/10 03:35,05F0055S,05F0287S,42,0,0
2025/03/10 03:35,05F0055S,05F0287S,5,0,0
2025/03/10 03:35,05F0287S,05F0309S,31,88,8
2025/03/10 03:35,05F0287S,05F0309S,32,86,5
2025/03/10 03:35,05F0287S,05F0309S,41,0,0
2025/03/10 03:35,05F0287S,05F0309S,42,0,0
2025/03/10 03:35,05F0287S,05F0309S,5,0,0
2025/03/10 03:35,05F0309S,05F0439S,31,429,2
2025/03/10 03:35,05F0309S,05F0439S,32,498,1
2025/03/10 03:35,05F0309S,05F0439S,41,0,0
2025/03/10 03:35,05F0309S,05F0439S,42,0,0
2025/03/10 03:35,05F0309S,05F0439S,5,560,2
2025/03/10 03:35,05F0439S,05F0494S,31,210,6
2025/03/10 03:35,05F0439S,05F0494S,32,0,0
2025/03/10 03:35,05F0439S,05F0494S,41,0,0
2025/03/10 03:35,05F0439S,05F0494S,42,0,0
2025/03/10 03:35,05F0439S,05F0494S,5,213,1
2025/03/10 03:40,05F0000S,05F0055S,31,235,7
2025/03/10 03:40,05F0000S,05F0055S,32,236,5
2025/03/10 03:40,05F0000S,05F0055S,41,0,0
2025/03/10 03:40,05F0000S,05F0055S,42,0,0
2025/03/10 03:40,05F0000S,05F0055S,5,0,0
2025/03/10 03:40,05F0055S,05F0287S,31,942,10
2025/03/10 03:40,05F0055S,05F0287S,32,910,1
2025/03/10 03:40,05F0055S,05F0287S,41,0,0
2025/03/10 03:40,05F0055S,05F0287S,42,0,0
2025/03/10 03:40,05F0055S,05F0287S,5,0,0
2025/03/10 03:40,05F0287S,05F0309S,31,81,9
2025/03/10 03:40,05F0287S,05F0309S,32,77,1
2025/03/10 03:40,05F0287S,05F0309S,41,0,0
2025/03/10 03:40,05F0287S,05F0309S,42,0,0
2025/03/10 03:40,05F0287S,05F0309S,5,0,0
2025/03/10 03:40,05F0309S,05F0439S,31,485,6
2025/03/10 03:40,05F0309S,05F0439S,32,0,0
2025/03/10 03:40,05F0309S,05F0439S,41,0,0
2025/03/10 03:40,05F0309S,05F0439S,42,0,0
2025/03/10 03:40,05F0309S,05F0439S,5,0,0
2025/03/10 03:40,05F0439S,05F0494S,31,204,1
2025/03/10 03:40,05F0439S,05F0494S,32,0,0
2025/03/10 03:40,05F0439S,05F0494S,41,0,0
2025/03/10 03:40,05F0439S,05F0494S,42,0,0
2025/03/10 03:40,05F0439S,05F0494S,5,228,1
2025/03/10 03:45,05F0000S,05F0055S,31,237,10
2025/03/10 03:45,05F0000S,05F0055S,32,224,3
2025/03/10 03:45,05F0000S,05F0055S,41,0,0
2025/03/10 03:45,05F0000S,05F0055S,42,0,0
2025/03/10 03:45,05F0000S,05F0055S,5,0,0
2025/03/10 03:45,05F0055S,05F0287S,31,966,5
2025/03/10 03:45,05F0055S,05F0287S,32,986,3
2025/03/10 03:45,05F0055S,05F0287S,41,0,0
2025/03/10 03:45,05F0055S,05F0287S,42,0,0
2025/03/10 03:45,05F0055S,05F0287S,5,0,0
2025/03/10 03:45,05F0287S,05F0309S,31,77,5
2025/03/10 03:45,05F0287S,05F0309S,32,84,2
2025/03/10 03:45,05F0287S,05F0309S,41,0,0
2025/03/10 03:45,05F0287S,05F0309S,42,0,0
2025/03/10 03:45,05F0287S,05F0309S,5,0,0
2025/03/10 03:45,05F0309S,05F0439S,31,477,7
2025/03/10 03:45,05F0309S,05F0439S,32,467,5
2025/03/10 03:45,05F0309S,05F0439S,41,0,0
2025/03/10 03:45,05F0309S,05F0439S,42,526,4
2025/03/10 03:45,05F0309S,05F0439S,5,532,1
2025/03/10 03:45,05F0439S,05F0494S,31,203,7
2025/03/10 03:45,05F0439S,05F0494S,32,211,2
2025/03/10 03:45,05F0439S,05F0494S,41,0,0
2025/03/10 03:45,05F0439S,05F0494S,42,235,1
2025/03/10 03:45,05F0439S,05F0494S,5,0,0
2025/03/10 03:50,05F0000S,05F0055S,31,226,8
2025/03/10 03:50,05F0000S,05F0055S,32,258,4
2025/03/10 03:50,05F0000S,05F0055S,41,0,0
2025/03/10 03:50,05F0000S,05F0055S,42,0,0
2025/03/10 03:50,05F0000S,05F0055S,5,0,0
2025/03/10 03:50,05F0055S,05F0287S,31,935,11
2025/03/10 03:50,05F0055S,05F0287S,32,871,3
2025/03/10 03:50,05F0055S,05F0287S,41,0,0
2025/03/10 03:50,05F0055S,05F0287S,42,0,0
2025/03/10 03:50,05F0055S,05F0287S,5,0,0
2025/03/10 03:50,05F0287S,05F0309S,31,90,5
2025/03/10 03:50,05F0287S,05F0309S,32,83,3
2025/03/10 03:50,05F0287S,05F0309S,41,0,0
2025/03/10 03:50,05F0287S,05F0309S,42,0,0
2025/03/10 03:50,05F0287S,05F0309S,5,0,0
2025/03/10 03:50,05F0309S,05F0439S,31,460,8
2025/03/10 03:50,05F0309S,05F0439S,32,0,0
2025/03/10 03:50,05F0309S,05F0439S,41,0,0
2025/03/10 03:50,05F0309S,05F0439S,42,484,2
2025/03/10 03:50,05F0309S,05F0439S,5,533,1
2025/03/10 03:50,05F0439S,05F0494S,31,206,4
2025/03/10 03:50,05F0439S,05F0494S,32,195,1
2025/03/10 03:50,05F0439S,05F0494S,41,0,0
2025/03/10 03:50,05F0439S,05F0494S,42,216,4
2025/03/10 03:50,05F0439S,05F0494S,5,218,1
2025/03/10 03:55,05F0000S,05F0055S,31,232,9
2025/03/10 03:55,05F0000S,05F0055S,32,244,4
2025/03/10 03:55,05F0000S,05F0055S,41,0,0
2025/03/10 03:55,05F0000S,05F0055S,42,0,0
2025/03/10 03:55,05F0000S,05F0055S,5,0,0
2025/03/10 03:55,05F0055S,05F0287S,31,936,7
2025/03/10 03:55,05F0055S,05F0287S,32,968,4
2025/03/10 03:55,05F0055S,05F0287S,41,0,0
2025/03/10 03:55,05F0055S,05F0287S,42,0,0
2025/03/10 03:55,05F0055S,05F0287S,5,0,0
2025/03/10 03:55,05F0287S,05F0309S,31,76,5
2025/03/10 03:55,05F0287S,05F0309S,32,80,4
2025/03/10 03:55,05F0287S,05F0309S,41,0,0
2025/03/10 03:55,05F0287S,05F0309S,42,0,0
2025/03/10 03:55,05F0287S,05F0309S,5,0,0
2025/03/10 03:55,05F0309S,05F0439S,31,476,3
2025/03/10 03:55,05F0309S,05F0439S,32,495,2
2025/03/10 03:55,05F0309S,05F0439S,41,0,0
2025/03/10 03:55,05F0309S,05F0439S,42,0,0
2025/03/10 03:55,05F0309S,05F0439S,5,558,2
2025/03/10 03:55,05F0439S,05F0494S,31,176,2
2025/03/10 03:55,05F0439S,05F0494S,32,220,1
2025/03/10 03:55,05F0439S,05F0494S,41,0,0
2025/03/10 03:55,05F0439S,05F0494S,42,208,1
2025/03/10 03:55,05F0439S,05F0494S,5,225,1
2025/03/10 04:00,05F0000S,05F0055S,31,234,14
2025/03/10 04:00,05F0000S,05F0055S,32,232,5
2025/03/10 04:00,05F0000S,05F0055S,41,0,0
2025/03/10 04:00,05F0000S,05F0055S,42,0,0
2025/03/10 04:00,05F0000S,05F0055S,5,0,0
2025/03/10 04:00,05F0055S,05F0287S,31,936,11
2025/03/10 04:00,05F0055S,05F0287S,32,964,8
2025/03/10 04:00,05F0055S,05F0287S,41,0,0
2025/03/10 04:00,05F0055S,05F0287S,42,0,0
2025/03/10 04:00,05F0055S,05F0287S,5,0,0
2025/03/10 04:00,05F0287S,05F0309S,31,82,8
2025/03/10 04:00,05F0287S,05F0309S,32,94,1
2025/03/10 04:00,05F0287S,05F0309S,41,0,0
2025/03/10 04:00,05F0287S,05F0309S,42,0,0
2025/03/10 04:00,05F0287S,05F0309S,5,0,0
2025/03/10 04:00,05F0309S,05F0439S,31,498,6
2025/03/10 04:00,05F0309S,05F0439S,32,446,4
2025/03/10 04:00,05F0309S,05F0439S,41,0,0
2025/03/10 04:00,05F0309S,05F0439S,42,0,0
2025/03/10 04:00,05F0309S,05F0439S,5,499,3
2025/03/10 04:00,05F0439S,05F0494S,31,201,3
2025/03/10 04:00,05F0439S,05F0494S,32,216,3
2025/03/10 04:00,05F0439S,05F0494S,41,0,0
2025/03/10 04:00,05F0439S,05F0494S,42,0,0
2025/03/10 04:00,05F0439S,05F0494S,5,233,4
2025/03/10 04:05,05F0000S,05F0055S,31,235,11
2025/03/10 04:05,05F0000S,05F0055S,32,239,10
2025/03/10 04:05,05F0000S,05F0055S,41,0,0
2025/03/10 04:05,05F0000S,05F0055S,42,0,0
2025/03/10 04:05,05F0000S,05F0055S,5,0,0
2025/03/10 04:05,05F0055S,05F0287S,31,912,5
2025/03/10 04:05,05F0055S,05F0287S,32,957,1
2025/03/10 04:05,05F0055S,05F0287S,41,0,0
2025/03/10 04:05,05F0055S,05F0287S,42,0,0
2025/03/10 04:05,05F0055S,05F0287S,5,0,0
2025/03/10 04:05,05F0287S,05F0309S,31,87,2
2025/03/10 04:05,05F0287S,05F0309S,32,91,3
2025/03/10 04:05,05F0287S,05F0309S,41,0,0
2025/03/10 04:05,05F0287S,05F0309S,42,0,0
2025/03/10 04:05,05F0287S,05F0309S,5,0,0
2025/03/10 04:05,05F0309S,05F0439S,31,439,4
2025/03/10 04:05,05F0309S,05F0439S,32,487,1
2025/03/10 04:05,05F0309S,05F0439S,41,0,0
2025/03/10 04:05,05F0309S,05F0439S,42,496,1
2025/03/10 04:05,05F0309S,05F0439S,5,530,3
2025/03/10 04:05,05F0439S,05F0494S,31,205,4
2025/03/10 04:05,05F0439S,05F0494S,32,188,3
2025/03/10 04:05,05F0439S,05F0494S,41,0,0
2025/03/10 04:05,05F0439S,05F0494S,42,0,0
2025/03/10 04:05,05F0439S,05F0494S,5,215,2
2025/03/10 04:10,05F0000S,05F0055S,31,236,10
2025/03/10 04:10,05F0000S,05F0055S,32,247,3
2025/03/10 04:10,05F0000S,05F0055S,41,0,0
2025/03/10 04:10,05F0000S,05F0055S,42,0,0
2025/03/10 04:10,05F0000S,05F0055S,5,0,0
2025/03/10 04:10,05F0055S,05F0287S,31,936,10
2025/03/10 04:10,05F0055S,05F0287S,32,981,5
2025/03/10 04:10,05F0055S,05F0287S,41,0,0
2025/03/10 04:10,05F0055S,05F0287S,42,0,0
2025/03/10 04:10,05F0055S,05F0287S,5,0,0
2025/03/10 04:10,05F0287S,05F0309S,31,84,7
2025/03/10 04:10,05F0287S,05F0309S,32,85,2
2025/03/10 04:10,05F0287S,05F0309S,41,0,0
2025/03/10 04:10,05F0287S,05F0309S,42,0,0
2025/03/10 04:10,05F0287S,05F0309S,5,0,0
2025/03/10 04:10,05F0309S,05F0439S,31,489,4
2025/03/10 04:10,05F0309S,05F0439S,32,510,4
2025/03/10 04:10,05F0309S,05F0439S,41,0,0
2025/03/10 04:10,05F0309S,05F0439S,42,0,0
2025/03/10 04:10,05F0309S,05F0439S,5,525,2
2025/03/10 04:10,05F0439S,05F0494S,31,195,5
2025/03/10 04:10,05F0439S,05F0494S,32,208,2
2025/03/10 04:10,05F0439S,05F0494S,41,0,0
2025/03/10 04:10,05F0439S,05F0494S,42,211,1
2025/03/10 04:10,05F0439S,05F0494S,5,228,2
2025/03/10 04:15,05F0000S,05F0055S,31,231,14
2025/03/10 04:15,05F0000S,05F0055S,32,242,5
2025/03/10 04:15,05F0000S,05F0055S,41,0,0
2025/03/10 04:15,05F0000S,05F0055S,42,0,0
2025/03/10 04:15,05F0000S,05F0055S,5,0,0
2025/03/10 04:15,05F0055S,05F0287S,31,958,13
2025/03/10 04:15,05F0055S,05F0287S,32,949,6
2025/03/10 04:15,05F0055S,05F0287S,41,0,0
2025/03/10 04:15,05F0055S,05F0287S,42,0,0
2025/03/10 04:15,05F0055S,05F0287S,5,0,0
2025/03/10 04:15,05F0287S,05F0309S,31,88,9
2025/03/10 04:15,05F0287S,05F0309S,32,87,4
2025/03/10 04:15,05F0287S,05F0309S,41,0,0
2025/03/10 04:15,05F0287S,05F0309S,42,0,0
2025/03/10 04:15,05F0287S,05F0309S,5,0,0
2025/03/10 04:15,05F0309S,05F0439S,31,548,1
2025/03/10 04:15,05F0309S,05F0439S,32,402,1
2025/03/10 04:15,05F0309S,05F0439S,41,0,0
2025/03/10 04:15,05F0309S,05F0439S,42,573,1
2025/03/10 04:15,05F0309S,05F0439S,5,529,1
2025/03/10 04:15,05F0439S,05F0494S,31,0,0
2025/03/10 04:15,05F0439S,05F0494S,32,219,3
2025/03/10 04:15,05F0439S,05F0494S,41,0,0
2025/03/10 04:15,05F0439S,05F0494S,42,0,0
2025/03/10 04:15,05F0439S,05F0494S,5,0,0
2025/03/10 04:20,05F0000S,05F0055S,31,235,11
2025/03/10 04:20,05F0000S,05F0055S,32,244,4
2025/03/10 04:20,05F0000S,05F0055S,41,0,0
2025/03/10 04:20,05F0000S,05F0055S,42,0,0
2025/03/10 04:20,05F0000S,05F0055S,5,0,0
2025/03/10 04:20,05F0055S,05F0287S,31,921,12
2025/03/10 04:20,05F0055S,05F0287S,32,915,7
2025/03/10 04:20,05F0055S,05F0287S,41,0,0
2025/03/10 04:20,05F0055S,05F0287S,42,0,0
2025/03/10 04:20,05F0055S,05F0287S,5,0,0
2025/03/10 04:20,05F0287S,05F0309S,31,80,11
2025/03/10 04:20,05F0287S,05F0309S,32,85,6
2025/03/10 04:20,05F0287S,05F0309S,41,0,0
2025/03/10 04:20,05F0287S,05F0309S,42,0,0
2025/03/10 04:20,05F0287S,05F0309S,5,0,0
2025/03/10 04:20,05F0309S,05F0439S,31,496,6
2025/03/10 04:20,05F0309S,05F0439S,32,542,1
2025/03/10 04:20,05F0309S,05F0439S,41,0,0
2025/03/10 04:20,05F0309S,05F0439S,42,0,0
2025/03/10 04:20,05F0309S,05F0439S,5,0,0
2025/03/10 04:20,05F0439S,05F0494S,31,219,2
2025/03/10 04:20,05F0439S,05F0494S,32,200,2
2025/03/10 04:20,05F0439S,05F0494S,41,0,0
2025/03/10 04:20,05F0439S,05F0494S,42,0,0
2025/03/10 04:20,05F0439S,05F0494S,5,224,1
2025/03/10 04:25,05F0000S,05F0055S,31,243,10
2025/03/10 04:25,05F0000S,05F0055S,32,254,7
2025/03/10 04:25,05F0000S,05F0055S,41,0,0
2025/03/10 04:25,05F0000S,05F0055S,42,0,0
2025/03/10 04:25,05F0000S,05F0055S,5,0,0
2025/03/10 04:25,05F0055S,05F0287S,31,922,11
2025/03/10 04:25,05F0055S,05F0287S,32,985,5
2025/03/10 04:25,05F0055S,05F0287S,41,0,0
2025/03/10 04:25,05F0055S,05F0287S,42,0,0
2025/03/10 04:25,05F0055S,05F0287S,5,0,0
2025/03/10 04:25,05F0287S,05F0309S,31,83,8
2025/03/10 04:25,05F0287S,05F0309S,32,84,6
2025/03/10 04:25,05F0287S,05F0309S,41,0,0
2025/03/10 04:25,05F0287S,05F0309S,42,0,0
2025/03/10 04:25,05F0287S,05F0309S,5,0,0
2025/03/10 04:25,05F0309S,05F0439S,31,515,4
2025/03/10 04:25,05F0309S,05F0439S,32,431,2
2025/03/10 04:25,05F0309S,05F0439S,41,0,0
2025/03/10 04:25,05F0309S,05F0439S,42,0,0
2025/03/10 04:25,05F0309S,05F0439S,5,518,4
2025/03/10 04:25,05F0439S,05F0494S,31,215,4
2025/03/10 04:25,05F0439S,05F0494S,32,173,2
2025/03/10 04:25,05F0439S,05F0494S,41,0,0
2025/03/10 04:25,05F0439S,05F0494S,42,0,0
2025/03/10 04:25,05F0439S,05F0494S,5,0,0
2025/03/10 04:30,05F0000S,05F0055S,31,233,9
2025/03/10 04:30,05F0000S,05F0055S,32,241,4
2025/03/10 04:30,05F0000S,05F0055S,41,0,0
2025/03/10 04:30,05F0000S,05F0055S,42,0,0
2025/03/10 04:30,05F0000S,05F0055S,5,0,0
2025/03/10 04:30,05F0055S,05F0287S,31,914,14
2025/03/10 04:30,05F0055S,05F0287S,32,939,4
2025/03/10 04:30,05F0055S,05F0287S,41,0,0
2025/03/10 04:30,05F0055S,05F0287S,42,0,0
2025/03/10 04:30,05F0055S,05F0287S,5,0,0
2025/03/10 04:30,05F0287S,05F0309S,31,86,9
2025/03/10 04:30,05F0287S,05F0309S,32,88,1
2025/03/10 04:30,05F0287S,05F0309S,41,0,0
2025/03/10 04:30,05F0287S,05F0309S,42,0,0
2025/03/10 04:30,05F0287S,05F0309S,5,0,0
2025/03/10 04:30,05F0309S,05F0439S,31,426,8
2025/03/10 04:30,05F0309S,05F0439S,32,491,4
2025/03/10 04:30,05F0309S,05F0439S,41,0,0
2025/03/10 04:30,05F0309S,05F0439S,42,0,0
2025/03/10 04:30,05F0309S,05F0439S,5,0,0
2025/03/10 04:30,05F0439S,05F0494S,31,200,4
2025/03/10 04:30,05F0439S,05F0494S,32,203,2
2025/03/10 04:30,05F0439S,05F0494S,41,0,0
2025/03/10 04:30,05F0439S,05F0494S,42,0,0
2025/03/10 04:30,05F0439S,05F0494S,5,220,4
2025/03/10 04:35,05F0000S,05F0055S,31,238,14
2025/03/10 04:35,05F0000S,05F0055S,32,233,6
2025/03/10 04:35,05F0000S,05F0055S,41,0,0
2025/03/10 04:35,05F0000S,05F0055S,42,0,0
2025/03/10 04:35,05F0000S,05F0055S,5,0,0
2025/03/10 04:35,05F0055S,05F0287S,31,958,13
2025/03/10 04:35,05F0055S,05F0287S,32,988,7
2025/03/10 04:35,05F0055S,05F0287S,41,0,0
2025/03/10 04:35,05F0055S,05F0287S,42,0,0
2025/03/10 04:35,05F0055S,05F0287S,5,0,0
2025/03/10 04:35,05F0287S,05F0309S,31,87,10
2025/03/10 04:35,05F0287S,05F0309S,32,90,6
2025/03/10 04:35,05F0287S,05F0309S,41,0,0
2025/03/10 04:35,05F0287S,05F0309S,42,0,0
2025/03/10 04:35,05F0287S,05F0309S,5,0,0
2025/03/10 04:35,05F0309S,05F0439S,31,474,4
2025/03/10 04:35,05F0309S,05F0439S,32,493,6
2025/03/10 04:35,05F0309S,05F0439S,41,0,0
2025/03/10 04:35,05F0309S,05F0439S,42,0,0
2025/03/10 04:35,05F0309S,05F0439S,5,497,2
2025/03/10 04:35,05F0439S,05F0494S,31,175,3
2025/03/10 04:35,05F0439S,05F0494S,32,205,5
2025/03/10 04:35,05F0439S,05F0494S,41,0,0
2025/03/10 04:35,05F0439S,05F0494S,42,211,1
2025/03/10 04:35,05F0439S,05F0494S,5,201,3
2025/03/10 04:40,05F0000S,05F0055S,31,232,10
2025/03/10 04:40,05F0000S,05F0055S,32,247,5
2025/03/10 04:40,05F0000S,05F0055S,41,0,0
2025/03/10 04:40,05F0000S,05F0055S,42,0,0
2025/03/10 04:40,05F0000S,05F0055S,5,0,0
2025/03/10 04:40,05F0055S,05F0287S,31,976,9
2025/03/10 04:40,05F0055S,05F0287S,32,951,7
2025/03/10 04:40,05F0055S,05F0287S,41,0,0
2025/03/10 04:40,05F0055S,05F0287S,42,0,0
2025/03/10 04:40,05F0055S,05F0287S,5,0,0
2025/03/10 04:40,05F0287S,05F0309S,31,89,7
2025/03/10 04:40,05F0287S,05F0309S,32,88,6
2025/03/10 04:40,05F0287S,05F0309S,41,0,0
2025/03/10 04:40,05F0287S,05F0309S,42,0,0
2025/03/10 04:40,05F0287S,05F0309S,5,0,0
2025/03/10 04:40,05F0309S,05F0439S,31,472,13
2025/03/10 04:40,05F0309S,05F0439S,32,444,1
2025/03/10 04:40,05F0309S,05F0439S,41,0,0
2025/03/10 04:40,05F0309S,05F0439S,42,0,0
2025/03/10 04:40,05F0309S,05F0439S,5,557,1
2025/03/10 04:40,05F0439S,05F0494S,31,212,3
2025/03/10 04:40,05F0439S,05F0494S,32,219,2
2025/03/10 04:40,05F0439S,05F0494S,41,0,0
2025/03/10 04:40,05F0439S,05F0494S,42,0,0
2025/03/10 04:40,05F0439S,05F0494S,5,210,4
2025/03/10 04:45,05F0000S,05F0055S,31,242,16
2025/03/10 04:45,05F0000S,05F0055S,32,244,4
2025/03/10 04:45,05F0000S,05F0055S,41,260,1
2025/03/10 04:45,05F0000S,05F0055S,42,0,0
2025/03/10 04:45,05F0000S,05F0055S,5,0,0
2025/03/10 04:45,05F0055S,05F0287S,31,979,4
2025/03/10 04:45,05F0055S,05F0287S,32,973,2
2025/03/10 04:45,05F0055S,05F0287S,41,0,0
2025/03/10 04:45,05F0055S,05F0287S,42,0,0
2025/03/10 04:45,05F0055S,05F0287S,5,0,0
2025/03/10 04:45,05F0287S,05F0309S,31,95,6
2025/03/10 04:45,05F0287S,05F0309S,32,93,3
2025/03/10 04:45,05F0287S,05F0309S,41,0,0
2025/03/10 04:45,05F0287S,05F0309S,42,0,0
2025/03/10 04:45,05F0287S,05F0309S,5,0,0
2025/03/10 04:45,05F0309S,05F0439S,31,489,8
2025/03/10 04:45,05F0309S,05F0439S,32,527,3
2025/03/10 04:45,05F0309S,05F0439S,41,0,0
2025/03/10 04:45,05F0309S,05F0439S,42,528,2
2025/03/10 04:45,05F0309S,05F0439S,5,536,4
2025/03/10 04:45,05F0439S,05F0494S,31,193,7
2025/03/10 04:45,05F0439S,05F0494S,32,205,2
2025/03/10 04:45,05F0439S,05F0494S,41,0,0
2025/03/10 04:45,05F0439S,05F0494S,42,0,0
2025/03/10 04:45,05F0439S,05F0494S,5,234,2
2025/03/10 04:50,05F0000S,05F0055S,31,237,24
2025/03/10 04:50,05F0000S,05F0055S,32,243,6
2025/03/10 04:50,05F0000S,05F0055S,41,274,1
2025/03/10 04:50,05F0000S,05F0055S,42,0,0
2025/03/10 04:50,05F0000S,05F0055S,5,0,0
2025/03/10 04:50,05F0055S,05F0287S,31,948,19
2025/03/10 04:50,05F0055S,05F0287S,32,979,11
2025/03/10 04:50,05F0055S,05F0287S,41,0,0
2025/03/10 04:50,05F0055S,05F0287S,42,0,0
2025/03/10 04:50,05F0055S,05F0287S,5,0,0
2025/03/10 04:50,05F0287S,05F0309S,31,88,8
2025/03/10 04:50,05F0287S,05F0309S,32,93,7
2025/03/10 04:50,05F0287S,05F0309S,41,0,0
2025/03/10 04:50,05F0287S,05F0309S,42,0,0
2025/03/10 04:50,05F0287S,05F0309S,5,0,0
2025/03/10 04:50,05F0309S,05F0439S,31,514,3
2025/03/10 04:50,05F0309S,05F0439S,32,496,3
2025/03/10 04:50,05F0309S,05F0439S,41,0,0
2025/03/10 04:50,05F0309S,05F0439S,42,522,1
2025/03/10 04:50,05F0309S,05F0439S,5,533,4
2025/03/10 04:50,05F0439S,05F0494S,31,205,5
2025/03/10 04:50,05F0439S,05F0494S,32,204,2
2025/03/10 04:50,05F0439S,05F0494S,41,0,0
2025/03/10 04:50,05F0439S,05F0494S,42,215,1
2025/03/10 04:50,05F0439S,05F0494S,5,219,6
2025/03/10 04:55,05F0000S,05F0055S,31,235,16
2025/03/10 04:55,05F0000S,05F0055S,32,242,10
2025/03/10 04:55,05F0000S,05F0055S,41,0,0
2025/03/10 04:55,05F0000S,05F0055S,42,0,0
2025/03/10 04:55,05F0000S,05F0055S,5,0,0
2025/03/10 04:55,05F0055S,05F0287S,31,953,10
2025/03/10 04:55,05F0055S,05F0287S,32,983,5
2025/03/10 04:55,05F0055S,05F0287S,41,0,0
2025/03/10 04:55,05F0055S,05F0287S,42,0,0
2025/03/10 04:55,05F0055S,05F0287S,5,0,0
2025/03/10 04:55,05F0287S,05F0309S,31,87,8
2025/03/10 04:55,05F0287S,05F0309S,32,87,4
2025/03/10 04:55,05F0287S,05F0309S,41,0,0
2025/03/10 04:55,05F0287S,05F0309S,42,0,0
2025/03/10 04:55,05F0287S,05F0309S,5,0,0
2025/03/10 04:55,05F0309S,05F0439S,31,482,4
2025/03/10 04:55,05F0309S,05F0439S,32,497,1
2025/03/10 04:55,05F0309S,05F0439S,41,0,0
2025/03/10 04:55,05F0309S,05F0439S,42,536,1
2025/03/10 04:55,05F0309S,05F0439S,5,511,1
2025/03/10 04:55,05F0439S,05F0494S,31,227,3
2025/03/10 04:55,05F0439S,05F0494S,32,201,4
2025/03/10 04:55,05F0439S,05F0494S,41,0,0
2025/03/10 04:55,05F0439S,05F0494S,42,228,1
2025/03/10 04:55,05F0439S,05F0494S,5,248,5
2025/03/10 05:00,05F0000S,05F0055S,31,229,17
2025/03/10 05:00,05F0000S,05F0055S,32,239,9
2025/03/10 05:00,05F0000S,05F0055S,41,0,0
2025/03/10 05:00,05F0000S,05F0055S,42,0,0
2025/03/10 05:00,05F0000S,05F0055S,5,0,0
2025/03/10 05:00,05F0055S,05F0287S,31,917,16
2025/03/10 05:00,05F0055S,05F0287S,32,949,5
2025/03/10 05:00,05F0055S,05F0287S,41,1018,1
2025/03/10 05:00,05F0055S,05F0287S,42,0,0
2025/03/10 05:00,05F0055S,05F0287S,5,0,0
2025/03/10 05:00,05F0287S,05F0309S,31,80,13
2025/03/10 05:00,05F0287S,05F0309S,32,81,2
2025/03/10 05:00,05F0287S,05F0309S,41,0,0
2025/03/10 05:00,05F0287S,05F0309S,42,0,0
2025/03/10 05:00,05F0287S,05F0309S,5,0,0
2025/03/10 05:00,05F0309S,05F0439S,31,517,8
2025/03/10 05:00,05F0309S,05F0439S,32,515,6
2025/03/10 05:00,05F0309S,05F0439S,41,0,0
2025/03/10 05:00,05F0309S,05F0439S,42,484,1
2025/03/10 05:00,05F0309S,05F0439S,5,0,0
2025/03/10 05:00,05F0439S,05F0494S,31,207,5
2025/03/10 05:00,05F0439S,05F0494S,32,0,0
2025/03/10 05:00,05F0439S,05F0494S,41,0,0
2025/03/10 05:00,05F0439S,05F0494S,42,0,0
2025/03/10 05:00,05F0439S,05F0494S,5,214,1
2025/03/10 05:05,05F0000S,05F0055S,31,233,15
2025/03/10 05:05,05F0000S,05F0055S,32,247,13
2025/03/10 05:05,05F0000S,05F0055S,41,0,0
2025/03/10 05:05,05F0000S,05F0055S,42,0,0
2025/03/10 05:05,05F0000S,05F0055S,5,0,0
2025/03/10 05:05,05F0055S,05F0287S,31,919,21
2025/03/10 05:05,05F0055S,05F0287S,32,928,7
2025/03/10 05:05,05F0055S,05F0287S,41,1026,1
2025/03/10 05:05,05F0055S,05F0287S,42,0,0
2025/03/10 05:05,05F0055S,05F0287S,5,0,0
2025/03/10 05:05,05F0287S,05F0309S,31,87,13
2025/03/10 05:05,05F0287S,05F0309S,32,86,5
2025/03/10 05:05,05F0287S,05F0309S,41,95,1
2025/03/10 05:05,05F0287S,05F0309S,42,0,0
2025/03/10 05:05,05F0287S,05F0309S,5,0,0
2025/03/10 05:05,05F0309S,05F0439S,31,463,9
2025/03/10 05:05,05F0309S,05F0439S,32,517,2
2025/03/10 05:05,05F0309S,05F0439S,41,0,0
2025/03/10 05:05,05F0309S,05F0439S,42,0,0
2025/03/10 05:05,05F0309S,05F0439S,5,530,1
2025/03/10 05:05,05F0439S,05F0494S,31,198,6
2025/03/10 05:05,05F0439S,05F0494S,32,219,4
2025/03/10 05:05,05F0439S,05F0494S,41,0,0
2025/03/10 05:05,05F0439S,05F0494S,42,0,0
2025/03/10 05:05,05F0439S,05F0494S,5,264,1
2025/03/10 05:10,05F0000S,05F0055S,31,243,17
2025/03/10 05:10,05F0000S,05F0055S,32,238,6
2025/03/10 05:10,05F0000S,05F0055S,41,0,0
2025/03/10 05:10,05F0000S,05F0055S,42,0,0
2025/03/10 05:10,05F0000S,05F0055S,5,0,0
2025/03/10 05:10,05F0055S,05F0287S,31,953,20
2025/03/10 05:10,05F0055S,05F0287S,32,954,14
2025/03/10 05:10,05F0055S,05F0287S,41,0,0
2025/03/10 05:10,05F0055S,05F0287S,42,0,0
2025/03/10 05:10,05F0055S,05F0287S,5,0,0
2025/03/10 05:10,05F0287S,05F0309S,31,88,16
2025/03/10 05:10,05F0287S,05F0309S,32,85,7
2025/03/10 05:10,05F0287S,05F0309S,41,100,1
2025/03/10 05:10,05F0287S,05F0309S,42,0,0
2025/03/10 05:10,05F0287S,05F0309S,5,0,0
2025/03/10 05:10,05F0309S,05F0439S,31,495,12
2025/03/10 05:10,05F0309S,05F0439S,32,486,5
2025/03/10 05:10,05F0309S,05F0439S,41,546,1
2025/03/10 05:10,05F0309S,05F0439S,42,0,0
2025/03/10 05:10,05F0309S,05F0439S,5,0,0
2025/03/10 05:10,05F0439S,05F0494S,31,219,5
2025/03/10 05:10,05F0439S,05F0494S,32,215,4
2025/03/10 05:10,05F0439S,05F0494S,41,0,0
2025/03/10 05:10,05F0439S,05F0494S,42,0,0
2025/03/10 05:10,05F0439S,05F0494S,5,224,1
2025/03/10 05:15,05F0000S,05F0055S,31,234,17
2025/03/10 05:15,05F0000S,05F0055S,32,239,9
2025/03/10 05:15,05F0000S,05F0055S,41,0,0
2025/03/10 05:15,05F0000S,05F0055S,42,0,0
2025/03/10 05:15,05F0000S,05F0055S,5,0,0
2025/03/10 05:15,05F0055S,05F0287S,31,923,14
2025/03/10 05:15,05F0055S,05F0287S,32,921,5
2025/03/10 05:15,05F0055S,05F0287S,41,0,0
2025/03/10 05:15,05F0055S,05F0287S,42,0,0
2025/03/10 05:15,05F0055S,05F0287S,5,0,0
2025/03/10 05:15,05F0287S,05F0309S,31,80,10
2025/03/10 05:15,05F0287S,05F0309S,32,88,9
2025/03/10 05:15,05F0287S,05F0309S,41,0,0
2025/03/10 05:15,05F0287S,05F0309S,42,0,0
2025/03/10 05:15,05F0287S,05F0309S,5,0,0
2025/03/10 05:15,05F0309S,05F0439S,31,514,11
2025/03/10 05:15,05F0309S,05F0439S,32,509,5
2025/03/10 05:15,05F0309S,05F0439S,41,0,0
2025/03/10 05:15,05F0309S,05F0439S,42,0,0
2025/03/10 05:15,05F0309S,05F0439S,5,540,2
2025/03/10 05:15,05F0439S,05F0494S,31,194,6
2025/03/10 05:15,05F0439S,05F0494S,32,198,4
2025/03/10 05:15,05F0439S,05F0494S,41,224,1
2025/03/10 05:15,05F0439S,05F0494S,42,0,0
2025/03/10 05:15,05F0439S,05F0494S,5,217,1
2025/03/10 05:20,05F0000S,05F0055S,31,234,23
2025/03/10 05:20,05F0000S,05F0055S,32,245,9
2025/03/10 05:20,05F0000S,05F0055S,41,233,2
2025/03/10 05:20,05F0000S,05F0055S,42,0,0
2025/03/10 05:20,05F0000S,05F0055S,5,0,0
2025/03/10 05:20,05F0055S,05F0287S,31,929,12
2025/03/10 05:20,05F0055S,05F0287S,32,979,13
2025/03/10 05:20,05F0055S,05F0287S,41,0,0
2025/03/10 05:20,05F0055S,05F0287S,42,0,0
2025/03/10 05:20,05F0055S,05F0287S,5,0,0
2025/03/10 05:20,05F0287S,05F0309S,31,88,10
2025/03/10 05:20,05F0287S,05F0309S,32,92,6
2025/03/10 05:20,05F0287S,05F0309S,41,0,0
2025/03/10 05:20,05F0287S,05F0309S,42,0,0
2025/03/10 05:20,05F0287S,05F0309S,5,0,0
2025/03/10 05:20,05F0309S,05F0439S,31,508,12
2025/03/10 05:20,05F0309S,05F0439S,32,487,9
2025/03/10 05:20,05F0309S,05F0439S,41,0,0
2025/03/10 05:20,05F0309S,05F0439S,42,0,0
2025/03/10 05:20,05F0309S,05F0439S,5,0,0
2025/03/10 05:20,05F0439S,05F0494S,31,217,13
2025/03/10 05:20,05F0439S,05F0494S,32,228,3
2025/03/10 05:20,05F0439S,05F0494S,41,0,0
2025/03/10 05:20,05F0439S,05F0494S,42,0,0
2025/03/10 05:20,05F0439S,05F0494S,5,225,2
2025/03/10 05:25,05F0000S,05F0055S,31,232,26
2025/03/10 05:25,05F0000S,05F0055S,32,234,12
2025/03/10 05:25,05F0000S,05F0055S,41,0,0
2025/03/10 05:25,05F0000S,05F0055S,42,0,0
2025/03/10 05:25,05F0000S,05F0055S,5,0,0
2025/03/10 05:25,05F0055S,05F0287S,31,952,20
2025/03/10 05:25,05F0055S,05F0287S,32,968,10
2025/03/10 05:25,05F0055S,05F0287S,41,0,0
2025/03/10 05:25,05F0055S,05F0287S,42,0,0
2025/03/10 05:25,05F0055S,05F0287S,5,0,0
2025/03/10 05:25,05F0287S,05F0309S,31,86,11
2025/03/10 05:25,05F0287S,05F0309S,32,89,8
2025/03/10 05:25,05F0287S,05F0309S,41,0,0
2025/03/10 05:25,05F0287S,05F0309S,42,0,0
2025/03/10 05:25,05F0287S,05F0309S,5,0,0
2025/03/10 05:25,05F0309S,05F0439S,31,421,1
2025/03/10 05:25,05F0309S,05F0439S,32,494,3
2025/03/10 05:25,05F0309S,05F0439S,41,0,0
2025/03/10 05:25,05F0309S,05F0439S,42,578,2
2025/03/10 05:25,05F0309S,05F0439S,5,500,3
2025/03/10 05:25,05F0439S,05F0494S,31,216,5
2025/03/10 05:25,05F0439S,05F0494S,32,212,9
2025/03/10 05:25,05F0439S,05F0494S,41,0,0
2025/03/10 05:25,05F0439S,05F0494S,42,225,1
2025/03/10 05:25,05F0439S,05F0494S,5,231,3
2025/03/10 05:30,05F0000S,05F0055S,31,239,20
2025/03/10 05:30,05F0000S,05F0055S,32,240,16
2025/03/10 05:30,05F0000S,05F0055S,41,0,0
2025/03/10 05:30,05F0000S,05F0055S,42,0,0
2025/03/10 05:30,05F0000S,05F0055S,5,0,0
2025/03/10 05:30,05F0055S,05F0287S,31,950,22
2025/03/10 05:30,05F0055S,05F0287S,32,947,6
2025/03/10 05:30,05F0055S,05F0287S,41,0,0
2025/03/10 05:30,05F0055S,05F0287S,42,0,0
2025/03/10 05:30,05F0055S,05F0287S,5,0,0
2025/03/10 05:30,05F0287S,05F0309S,31,87,14
2025/03/10 05:30,05F0287S,05F0309S,32,79,5
2025/03/10 05:30,05F0287S,05F0309S,41,0,0
2025/03/10 05:30,05F0287S,05F0309S,42,0,0
2025/03/10 05:30,05F0287S,05F0309S,5,0,0
2025/03/10 05:30,05F0309S,05F0439S,31,493,9
2025/03/10 05:30,05F0309S,05F0439S,32,519,6
2025/03/10 05:30,05F0309S,05F0439S,41,0,0
2025/03/10 05:30,05F0309S,05F0439S,42,0,0
2025/03/10 05:30,05F0309S,05F0439S,5,503,4
2025/03/10 05:30,05F0439S,05F0494S,31,220,5
2025/03/10 05:30,05F0439S,05F0494S,32,230,2
2025/03/10 05:30,05F0439S,05F0494S,41,0,0
2025/03/10 05:30,05F0439S,05F0494S,42,224,1
2025/03/10 05:30,05F0439S,05F0494S,5,223,1
2025/03/10 05:35,05F0000S,05F0055S,31,237,24
2025/03/10 05:35,05F0000S,05F0055S,32,234,26
2025/03/10 05:35,05F0000S,05F0055S,41,0,0
2025/03/10 05:35,05F0000S,05F0055S,42,0,0
2025/03/10 05:35,05F0000S,05F0055S,5,0,0
2025/03/10 05:35,05F0055S,05F0287S,31,978,25
2025/03/10 05:35,05F0055S,05F0287S,32,961,12
2025/03/10 05:35,05F0055S,05F0287S,41,952,1
2025/03/10 05:35,05F0055S,05F0287S,42,0,0
2025/03/10 05:35,05F0055S,05F0287S,5,0,0
2025/03/10 05:35,05F0287S,05F0309S,31,86,14
2025/03/10 05:35,05F0287S,05F0309S,32,88,7
2025/03/10 05:35,05F0287S,05F0309S,41,0,0
2025/03/10 05:35,05F0287S,05F0309S,42,0,0
2025/03/10 05:35,05F0287S,05F0309S,5,0,0
2025/03/10 05:35,05F0309S,05F0439S,31,499,10
2025/03/10 05:35,05F0309S,05F0439S,32,504,9
2025/03/10 05:35,05F0309S,05F0439S,41,0,0
2025/03/10 05:35,05F0309S,05F0439S,42,542,2
2025/03/10 05:35,05F0309S,05F0439S,5,546,1
2025/03/10 05:35,05F0439S,05F0494S,31,205,7
2025/03/10 05:35,05F0439S,05F0494S,32,215,5
2025/03/10 05:35,05F0439S,05F0494S,41,0,0
2025/03/10 05:35,05F0439S,05F0494S,42,212,1
2025/03/10 05:35,05F0439S,05F0494S,5,206,2
2025/03/10 05:40,05F0000S,05F0055S,31,235,29
2025/03/10 05:40,05F0000S,05F0055S,32,240,14
2025/03/10 05:40,05F0000S,05F0055S,41,0,0
2025/03/10 05:40,05F0000S,05F0055S,42,0,0
2025/03/10 05:40,05F0000S,05F0055S,5,0,0
2025/03/10 05:40,05F0055S,05F0287S,31,957,23
2025/03/10 05:40,05F0055S,05F0287S,32,950,10
2025/03/10 05:40,05F0055S,05F0287S,41,1012,1
2025/03/10 05:40,05F0055S,05F0287S,42,0,0
2025/03/10 05:40,05F0055S,05F0287S,5,0,0
2025/03/10 05:40,05F0287S,05F0309S,31,90,14
2025/03/10 05:40,05F0287S,05F0309S,32,87,5
2025/03/10 05:40,05F0287S,05F0309S,41,89,2
2025/03/10 05:40,05F0287S,05F0309S,42,0,0
2025/03/10 05:40,05F0287S,05F0309S,5,0,0
2025/03/10 05:40,05F0309S,05F0439S,31,498,13
2025/03/10 05:40,05F0309S,05F0439S,32,522,2
2025/03/10 05:40,05F0309S,05F0439S,41,0,0
2025/03/10 05:40,05F0309S,05F0439S,42,578,2
2025/03/10 05:40,05F0309S,05F0439S,5,530,4
2025/03/10 05:40,05F0439S,05F0494S,31,214,11
2025/03/10 05:40,05F0439S,05F0494S,32,241,4
2025/03/10 05:40,05F0439S,05F0494S,41,0,0
2025/03/10 05:40,05F0439S,05F0494S,42,224,2
2025/03/10 05:40,05F0439S,05F0494S,5,232,2
2025/03/10 05:45,05F0000S,05F0055S,31,242,32
2025/03/10 05:45,05F0000S,05F0055S,32,235,15
2025/03/10 05:45,05F0000S,05F0055S,41,254,1
2025/03/10 05:45,05F0000S,05F0055S,42,0,0
2025/03/10 05:45,05F0000S,05F0055S,5,0,0
2025/03/10 05:45,05F0055S,05F0287S,31,948,25
2025/03/10 05:45,05F0055S,05F0287S,32,967,15
2025/03/10 05:45,05F0055S,05F0287S,41,0,0
2025/03/10 05:45,05F0055S,05F0287S,42,0,0
2025/03/10 05:45,05F0055S,05F0287S,5,0,0
2025/03/10 05:45,05F0287S,05F0309S,31,86,23
2025/03/10 05:45,05F0287S,05F0309S,32,90,10
2025/03/10 05:45,05F0287S,05F0309S,41,0,0
2025/03/10 05:45,05F0287S,05F0309S,42,0,0
2025/03/10 05:45,05F0287S,05F0309S,5,0,0
2025/03/10 05:45,05F0309S,05F0439S,31,466,17
2025/03/10 05:45,05F0309S,05F0439S,32,493,6
2025/03/10 05:45,05F0309S,05F0439S,41,0,0
2025/03/10 05:45,05F0309S,05F0439S,42,0,0
2025/03/10 05:45,05F0309S,05F0439S,5,548,2
2025/03/10 05:45,05F0439S,05F0494S,31,206,9
2025/03/10 05:45,05F0439S,05F0494S,32,209,2
2025/03/10 05:45,05F0439S,05F0494S,41,0,0
2025/03/10 05:45,05F0439S,05F0494S,42,0,0
2025/03/10 05:45,05F0439S,05F0494S,5,212,5
2025/03/10 05:50,05F0000S,05F0055S,31,232,42
2025/03/10 05:50,05F0000S,05F0055S,32,228,16
2025/03/10 05:50,05F0000S,05F0055S,41,241,1
2025/03/10 05:50,05F0000S,05F0055S,42,0,0
2025/03/10 05:50,05F0000S,05F0055S,5,0,0
2025/03/10 05:50,05F0055S,05F0287S,31,942,28
2025/03/10 05:50,05F0055S,05F0287S,32,956,24
2025/03/10 05:50,05F0055S,05F0287S,41,0,0
2025/03/10 05:50,05F0055S,05F0287S,42,0,0
2025/03/10 05:50,05F0055S,05F0287S,5,0,0
2025/03/10 05:50,05F0287S,05F0309S,31,85,14
2025/03/10 05:50,05F0287S,05F0309S,32,85,14
2025/03/10 05:50,05F0287S,05F0309S,41,0,0
2025/03/10 05:50,05F0287S,05F0309S,42,0,0
2025/03/10 05:50,05F0287S,05F0309S,5,0,0
2025/03/10 05:50,05F0309S,05F0439S,31,509,12
2025/03/10 05:50,05F0309S,05F0439S,32,517,2
2025/03/10 05:50,05F0309S,05F0439S,41,0,0
2025/03/10 05:50,05F0309S,05F0439S,42,511,1
2025/03/10 05:50,05F0309S,05F0439S,5,525,2
2025/03/10 05:50,05F0439S,05F0494S,31,208,12
2025/03/10 05:50,05F0439S,05F0494S,32,209,4
2025/03/10 05:50,05F0439S,05F0494S,41,229,1
2025/03/10 05:50,05F0439S,05F0494S,42,0,0
2025/03/10 05:50,05F0439S,05F0494S,5,206,1
2025/03/10 05:55,05F0000S,05F0055S,31,230,48
2025/03/10 05:55,05F0000S,05F0055S,32,235,21
2025/03/10 05:55,05F0000S,05F0055S,41,0,0
2025/03/10 05:55,05F0000S,05F0055S,42,0,0
2025/03/10 05:55,05F0000S,05F0055S,5,0,0
2025/03/10 05:55,05F0055S,05F0287S,31,946,23
2025/03/10 05:55,05F0055S,05F0287S,32,968,15
2025/03/10 05:55,05F0055S,05F0287S,41,0,0
2025/03/10 05:55,05F0055S,05F0287S,42,0,0
2025/03/10 05:55,05F0055S,05F0287S,5,0,0
2025/03/10 05:55,05F0287S,05F0309S,31,84,19
2025/03/10 05:55,05F0287S,05F0309S,32,89,18
2025/03/10 05:55,05F0287S,05F0309S,41,0,0
2025/03/10 05:55,05F0287S,05F0309S,42,0,0
2025/03/10 05:55,05F0287S,05F0309S,5,0,0
2025/03/10 05:55,05F0309S,05F0439S,31,469,14
2025/03/10 05:55,05F0309S,05F0439S,32,488,6
2025/03/10 05:55,05F0309S,05F0439S,41,0,0
2025/03/10 05:55,05F0309S,05F0439S,42,0,0
2025/03/10 05:55,05F0309S,05F0439S,5,539,2
2025/03/10 05:55,05F0439S,05F0494S,31,204,15
2025/03/10 05:55,05F0439S,05F0494S,32,202,4
2025/03/10 05:55,05F0439S,05F0494S,41,0,0
2025/03/10 05:55,05F0439S,05F0494S,42,217,2
2025/03/10 05:55,05F0439S,05F0494S,5,224,2
2025/03/10 06:00,05F0000S,05F0055S,31,234,45
2025/03/10 06:00,05F0000S,05F0055S,32,239,20
2025/03/10 06:00,05F0000S,05F0055S,41,0,0
2025/03/10 06:00,05F0000S,05F0055S,42,0,0
2025/03/10 06:00,05F0000S,05F0055S,5,0,0
2025/03/10 06:00,05F0055S,05F0287S,31,954,37
2025/03/10 06:00,05F0055S,05F0287S,32,944,17
2025/03/10 06:00,05F0055S,05F0287S,41,981,1
2025/03/10 06:00,05F0055S,05F0287S,42,0,0
2025/03/10 06:00,05F0055S,05F0287S,5,0,0
2025/03/10 06:00,05F0287S,05F0309S,31,82,14
2025/03/10 06:00,05F0287S,05F0309S,32,85,13
2025/03/10 06:00,05F0287S,05F0309S,41,0,0
2025/03/10 06:00,05F0287S,05F0309S,42,0,0
2025/03/10 06:00,05F0287S,05F0309S,5,0,0
2025/03/10 06:00,05F0309S,05F0439S,31,479,11
2025/03/10 06:00,05F0309S,05F0439S,32,513,13
2025/03/10 06:00,05F0309S,05F0439S,41,0,0
2025/03/10 06:00,05F0309S,05F0439S,42,557,1
2025/03/10 06:00,05F0309S,05F0439S,5,509,4
2025/03/10 06:00,05F0439S,05F0494S,31,200,8
2025/03/10 06:00,05F0439S,05F0494S,32,202,4
2025/03/10 06:00,05F0439S,05F0494S,41,0,0
2025/03/10 06:00,05F0439S,05F0494S,42,0,0
2025/03/10 06:00,05F0439S,05F0494S,5,218,3
2025/03/10 06:05,05F0000S,05F0055S,31,239,46
2025/03/10 06:05,05F0000S,05F0055S,32,234,20
2025/03/10 06:05,05F0000S,05F0055S,41,259,4
2025/03/10 06:05,05F0000S,05F0055S,42,0,0
2025/03/10 06:05,05F0000S,05F0055S,5,0,0
2025/03/10 06:05,05F0055S,05F0287S,31,949,40
2025/03/10 06:05,05F0055S,05F0287S,32,932,14
2025/03/10 06:05,05F0055S,05F0287S,41,980,1
2025/03/10 06:05,05F0055S,05F0287S,42,0,0
2025/03/10 06:05,05F0055S,05F0287S,5,0,0
2025/03/10 06:05,05F0287S,05F0309S,31,85,33
2025/03/10 06:05,05F0287S,05F0309S,32,84,15
2025/03/10 06:05,05F0287S,05F0309S,41,0,0
2025/03/10 06:05,05F0287S,05F0309S,42,0,0
2025/03/10 06:05,05F0287S,05F0309S,5,0,0
2025/03/10 06:05,05F0309S,05F0439S,31,475,16
2025/03/10 06:05,05F0309S,05F0439S,32,469,8
2025/03/10 06:05,05F0309S,05F0439S,41,0,0
2025/03/10 06:05,05F0309S,05F0439S,42,0,0
2025/03/10 06:05,05F0309S,05F0439S,5,528,2
2025/03/10 06:05,05F0439S,05F0494S,31,214,10
2025/03/10 06:05,05F0439S,05F0494S,32,215,6
2025/03/10 06:05,05F0439S,05F0494S,41,0,0
2025/03/10 06:05,05F0439S,05F0494S,42,0,0
2025/03/10 06:05,05F0439S,05F0494S,5,227,3
2025/03/10 06:10,05F0000S,05F0055S,31,236,67
2025/03/10 06:10,05F0000S,05F0055S,32,238,28
2025/03/10 06:10,05F0000S,05F0055S,41,237,2
2025/03/10 06:10,05F0000S,05F0055S,42,0,0
2025/03/10 06:10,05F0000S,05F0055S,5,0,0
2025/03/10 06:10,05F0055S,05F0287S,31,942,51
2025/03/10 06:10,05F0055S,05F0287S,32,930,21
2025/03/10 06:10,05F0055S,05F0287S,41,0,0
2025/03/10 06:10,05F0055S,05F0287S,42,0,0
2025/03/10 06:10,05F0055S,05F0287S,5,0,0
2025/03/10 06:10,05F0287S,05F0309S,31,84,23
2025/03/10 06:10,05F0287S,05F0309S,32,83,16
2025/03/10 06:10,05F0287S,05F0309S,41,0,0
2025/03/10 06:10,05F0287S,05F0309S,42,0,0
2025/03/10 06:10,05F0287S,05F0309S,5,0,0
2025/03/10 06:10,05F0309S,05F0439S,31,480,9
2025/03/10 06:10,05F0309S,05F0439S,32,488,10
2025/03/10 06:10,05F0309S,05F0439S,41,0,0
2025/03/10 06:10,05F0309S,05F0439S,42,537,1
2025/03/10 06:10,05F0309S,05F0439S,5,579,1
2025/03/10 06:10,05F0439S,05F0494S,31,202,15
2025/03/10 06:10,05F0439S,05F0494S,32,206,6
2025/03/10 06:10,05F0439S,05F0494S,41,0,0
2025/03/10 06:10,05F0439S,05F0494S,42,0,0
2025/03/10 06:10,05F0439S,05F0494S,5,218,1
2025/03/10 06:15,05F0000S,05F0055S,31,234,56
2025/03/10 06:15,05F0000S,05F0055S,32,233,38
2025/03/10 06:15,05F0000S,05F0055S,41,239,1
2025/03/10 06:15,05F0000S,05F0055S,42,0,0
2025/03/10 06:15,05F0000S,05F0055S,5,0,0
2025/03/10 06:15,05F0055S,05F0287S,31,947,58
2025/03/10 06:15,05F0055S,05F0287S,32,959,23
2025/03/10 06:15,05F0055S,05F0287S,41,0,0
2025/03/10 06:15,05F0055S,05F0287S,42,0,0
2025/03/10 06:15,05F0055S,05F0287S,5,0,0
2025/03/10 06:15,05F0287S,05F0309S,31,84,35
2025/03/10 06:15,05F0287S,05F0309S,32,87,14
2025/03/10 06:15,05F0287S,05F0309S,41,0,0
2025/03/10 06:15,05F0287S,05F0309S,42,0,0
2025/03/10 06:15,05F0287S,05F0309S,5,0,0
2025/03/10 06:15,05F0309S,05F0439S,31,487,24
2025/03/10 06:15,05F0309S,05F0439S,32,462,8
2025/03/10 06:15,05F0309S,05F0439S,41,0,0
2025/03/10 06:15,05F0309S,05F0439S,42,549,2
2025/03/10 06:15,05F0309S,05F0439S,5,0,0
2025/03/10 06:15,05F0439S,05F0494S,31,207,9
2025/03/10 06:15,05F0439S,05F0494S,32,184,10
2025/03/10 06:15,05F0439S,05F0494S,41,0,0
2025/03/10 06:15,05F0439S,05F0494S,42,0,0
2025/03/10 06:15,05F0439S,05F0494S,5,226,1
2025/03/10 06:20,05F0000S,05F0055S,31,239,66
2025/03/10 06:20,05F0000S,05F0055S,32,242,27
2025/03/10 06:20,05F0000S,05F0055S,41,282,1
2025/03/10 06:20,05F0000S,05F0055S,42,0,0
2025/03/10 06:20,05F0000S,05F0055S,5,0,0
2025/03/10 06:20,05F0055S,05F0287S,31,950,46
2025/03/10 06:20,05F0055S,05F0287S,32,940,25
2025/03/10 06:20,05F0055S,05F0287S,41,1020,4
2025/03/10 06:20,05F0055S,05F0287S,42,0,0
2025/03/10 06:20,05F0055S,05F0287S,5,0,0
2025/03/10 06:20,05F0287S,05F0309S,31,83,41
2025/03/10 06:20,05F0287S,05F0309S,32,85,24
2025/03/10 06:20,05F0287S,05F0309S,41,82,1
2025/03/10 06:20,05F0287S,05F0309S,42,0,0
2025/03/10 06:20,05F0287S,05F0309S,5,0,0
2025/03/10 06:20,05F0309S,05F0439S,31,460,20
2025/03/10 06:20,05F0309S,05F0439S,32,456,11
2025/03/10 06:20,05F0309S,05F0439S,41,0,0
2025/03/10 06:20,05F0309S,05F0439S,42,566,1
2025/03/10 06:20,05F0309S,05F0439S,5,0,0
2025/03/10 06:20,05F0439S,05F0494S,31,208,18
2025/03/10 06:20,05F0439S,05F0494S,32,192,8
2025/03/10 06:20,05F0439S,05F0494S,41,0,0
2025/03/10 06:20,05F0439S,05F0494S,42,238,3
2025/03/10 06:20,05F0439S,05F0494S,5,0,0
2025/03/10 06:25,05F0000S,05F0055S,31,239,76
2025/03/10 06:25,05F0000S,05F0055S,32,238,35
2025/03/10 06:25,05F0000S,05F0055S,41,259,2
2025/03/10 06:25,05F0000S,05F0055S,42,0,0
2025/03/10 06:25,05F0000S,05F0055S,5,0,0
2025/03/10 06:25,05F0055S,05F0287S,31,944,61
2025/03/10 06:25,05F0055S,05F0287S,32,959,26
2025/03/10 06:25,05F0055S,05F0287S,41,988,2
2025/03/10 06:25,05F0055S,05F0287S,42,0,0
2025/03/10 06:25,05F0055S,05F0287S,5,0,0
2025/03/10 06:25,05F0287S,05F0309S,31,85,37
2025/03/10 06:25,05F0287S,05F0309S,32,88,15
2025/03/10 06:25,05F0287S,05F0309S,41,94,3
2025/03/10 06:25,05F0287S,05F0309S,42,0,0
2025/03/10 06:25,05F0287S,05F0309S,5,0,0
2025/03/10 06:25,05F0309S,05F0439S,31,464,22
2025/03/10 06:25,05F0309S,05F0439S,32,476,18
2025/03/10 06:25,05F0309S,05F0439S,41,0,0
2025/03/10 06:25,05F0309S,05F0439S,42,550,2
2025/03/10 06:25,05F0309S,05F0439S,5,0,0
2025/03/10 06:25,05F0439S,05F0494S,31,195,18
2025/03/10 06:25,05F0439S,05F0494S,32,205,9
2025/03/10 06:25,05F0439S,05F0494S,41,0,0
2025/03/10 06:25,05F0439S,05F0494S,42,0,0
2025/03/10 06:25,05F0439S,05F0494S,5,223,3
2025/03/10 06:30,05F0000S,05F0055S,31,237,70
2025/03/10 06:30,05F0000S,05F0055S,32,238,29
2025/03/10 06:30,05F0000S,05F0055S,41,248,3
2025/03/10 06:30,05F0000S,05F0055S,42,0,0
2025/03/10 06:30,05F0000S,05F0055S,5,0,0
2025/03/10 06:30,05F0055S,05F0287S,31,953,58
2025/03/10 06:30,05F0055S,05F0287S,32,945,31
2025/03/10 06:30,05F0055S,05F0287S,41,0,0
2025/03/10 06:30,05F0055S,05F0287S,42,0,0
2025/03/10 06:30,05F0055S,05F0287S,5,0,0
2025/03/10 06:30,05F0287S,05F0309S,31,83,44
2025/03/10 06:30,05F0287S,05F0309S,32,87,23
2025/03/10 06:30,05F0287S,05F0309S,41,90,2
2025/03/10 06:30,05F0287S,05F0309S,42,0,0
2025/03/10 06:30,05F0287S,05F0309S,5,0,0
2025/03/10 06:30,05F0309S,05F0439S,31,477,23
2025/03/10 06:30,05F0309S,05F0439S,32,484,11
2025/03/10 06:30,05F0309S,05F0439S,41,0,0
2025/03/10 06:30,05F0309S,05F0439S,42,0,0
2025/03/10 06:30,05F0309S,05F0439S,5,504,1
2025/03/10 06:30,05F0439S,05F0494S,31,205,20
2025/03/10 06:30,05F0439S,05F0494S,32,212,8
2025/03/10 06:30,05F0439S,05F0494S,41,0,0
2025/03/10 06:30,05F0439S,05F0494S,42,1605,2
2025/03/10 06:30,05F0439S,05F0494S,5,222,2
2025/03/10 06:35,05F0000S,05F0055S,31,238,82
2025/03/10 06:35,05F0000S,05F0055S,32,240,31
2025/03/10 06:35,05F0000S,05F0055S,41,253,3
2025/03/10 06:35,05F0000S,05F0055S,42,0,0
2025/03/10 06:35,05F0000S,05F0055S,5,0,0
2025/03/10 06:35,05F0055S,05F0287S,31,975,73
2025/03/10 06:35,05F0055S,05F0287S,32,979,32
2025/03/10 06:35,05F0055S,05F0287S,41,966,1
2025/03/10 06:35,05F0055S,05F0287S,42,0,0
2025/03/10 06:35,05F0055S,05F0287S,5,0,0
2025/03/10 06:35,05F0287S,05F0309S,31,84,41
2025/03/10 06:35,05F0287S,05F0309S,32,84,21
2025/03/10 06:35,05F0287S,05F0309S,41,91,1
2025/03/10 06:35,05F0287S,05F0309S,42,0,0
2025/03/10 06:35,05F0287S,05F0309S,5,0,0
2025/03/10 06:35,05F0309S,05F0439S,31,468,35
2025/03/10 06:35,05F0309S,05F0439S,32,466,12
2025/03/10 06:35,05F0309S,05F0439S,41,512,2
2025/03/10 06:35,05F0309S,05F0439S,42,523,2
2025/03/10 06:35,05F0309S,05F0439S,5,512,4
2025/03/10 06:35,05F0439S,05F0494S,31,199,30
2025/03/10 06:35,05F0439S,05F0494S,32,199,6
2025/03/10 06:35,05F0439S,05F0494S,41,0,0
2025/03/10 06:35,05F0439S,05F0494S,42,0,0
2025/03/10 06:35,05F0439S,05F0494S,5,215,4
2025/03/10 06:40,05F0000S,05F0055S,31,252,85
2025/03/10 06:40,05F0000S,05F0055S,32,249,33
2025/03/10 06:40,05F0000S,05F0055S,41,279,12
2025/03/10 06:40,05F0000S,05F0055S,42,0,0
2025/03/10 06:40,05F0000S,05F0055S,5,0,0
2025/03/10 06:40,05F0055S,05F0287S,31,983,71
2025/03/10 06:40,05F0055S,05F0287S,32,985,38
2025/03/10 06:40,05F0055S,05F0287S,41,998,2
2025/03/10 06:40,05F0055S,05F0287S,42,0,0
2025/03/10 06:40,05F0055S,05F0287S,5,0,0
2025/03/10 06:40,05F0287S,05F0309S,31,86,58
2025/03/10 06:40,05F0287S,05F0309S,32,88,25
2025/03/10 06:40,05F0287S,05F0309S,41,100,1
2025/03/10 06:40,05F0287S,05F0309S,42,0,0
2025/03/10 06:40,05F0287S,05F0309S,5,0,0
2025/03/10 06:40,05F0309S,05F0439S,31,484,32
2025/03/10 06:40,05F0309S,05F0439S,32,488,13
2025/03/10 06:40,05F0309S,05F0439S,41,0,0
2025/03/10 06:40,05F0309S,05F0439S,42,0,0
2025/03/10 06:40,05F0309S,05F0439S,5,578,6
2025/03/10 06:40,05F0439S,05F0494S,31,203,20
2025/03/10 06:40,05F0439S,05F0494S,32,207,7
2025/03/10 06:40,05F0439S,05F0494S,41,0,0
2025/03/10 06:40,05F0439S,05F0494S,42,217,2
2025/03/10 06:40,05F0439S,05F0494S,5,218,6
2025/03/10 06:45,05F0000S,05F0055S,31,243,83
2025/03/10 06:45,05F0000S,05F0055S,32,243,37
2025/03/10 06:45,05F0000S,05F0055S,41,1149,1
2025/03/10 06:45,05F0000S,05F0055S,42,0,0
2025/03/10 06:45,05F0000S,05F0055S,5,0,0
2025/03/10 06:45,05F0055S,05F0287S,31,965,77
2025/03/10 06:45,05F0055S,05F0287S,32,977,32
2025/03/10 06:45,05F0055S,05F0287S,41,1013,3
2025/03/10 06:45,05F0055S,05F0287S,42,0,0
2025/03/10 06:45,05F0055S,05F0287S,5,0,0
2025/03/10 06:45,05F0287S,05F0309S,31,86,52
2025/03/10 06:45,05F0287S,05F0309S,32,89,23
2025/03/10 06:45,05F0287S,05F0309S,41,101,2
2025/03/10 06:45,05F0287S,05F0309S,42,0,0
2025/03/10 06:45,05F0287S,05F0309S,5,0,0
2025/03/10 06:45,05F0309S,05F0439S,31,482,35
2025/03/10 06:45,05F0309S,05F0439S,32,483,18
2025/03/10 06:45,05F0309S,05F0439S,41,519,1
2025/03/10 06:45,05F0309S,05F0439S,42,492,2
2025/03/10 06:45,05F0309S,05F0439S,5,501,2
2025/03/10 06:45,05F0439S,05F0494S,31,207,23
2025/03/10 06:45,05F0439S,05F0494S,32,213,9
2025/03/10 06:45,05F0439S,05F0494S,41,0,0
2025/03/10 06:45,05F0439S,05F0494S,42,0,0
2025/03/10 06:45,05F0439S,05F0494S,5,226,6
2025/03/10 06:50,05F0000S,05F0055S,31,249,76
2025/03/10 06:50,05F0000S,05F0055S,32,253,37
2025/03/10 06:50,05F0000S,05F0055S,41,252,2
2025/03/10 06:50,05F0000S,05F0055S,42,0,0
2025/03/10 06:50,05F0000S,05F0055S,5,0,0
2025/03/10 06:50,05F0055S,05F0287S,31,960,78
2025/03/10 06:50,05F0055S,05F0287S,32,967,29
2025/03/10 06:50,05F0055S,05F0287S,41,990,3
2025/03/10 06:50,05F0055S,05F0287S,42,0,0
2025/03/10 06:50,05F0055S,05F0287S,5,0,0
2025/03/10 06:50,05F0287S,05F0309S,31,84,66
2025/03/10 06:50,05F0287S,05F0309S,32,86,33
2025/03/10 06:50,05F0287S,05F0309S,41,90,2
2025/03/10 06:50,05F0287S,05F0309S,42,0,0
2025/03/10 06:50,05F0287S,05F0309S,5,0,0
2025/03/10 06:50,05F0309S,05F0439S,31,473,41
2025/03/10 06:50,05F0309S,05F0439S,32,491,16
2025/03/10 06:50,05F0309S,05F0439S,41,0,0
2025/03/10 06:50,05F0309S,05F0439S,42,519,2
2025/03/10 06:50,05F0309S,05F0439S,5,517,3
2025/03/10 06:50,05F0439S,05F0494S,31,199,32
2025/03/10 06:50,05F0439S,05F0494S,32,203,11
2025/03/10 06:50,05F0439S,05F0494S,41,0,0
2025/03/10 06:50,05F0439S,05F0494S,42,205,2
2025/03/10 06:50,05F0439S,05F0494S,5,207,2
2025/03/10 06:55,05F0000S,05F0055S,31,249,94
2025/03/10 06:55,05F0000S,05F0055S,32,247,42
2025/03/10 06:55,05F0000S,05F0055S,41,255,2
2025/03/10 06:55,05F0000S,05F0055S,42,0,0
2025/03/10 06:55,05F0000S,05F0055S,5,0,0
2025/03/10 06:55,05F0055S,05F0287S,31,983,88
2025/03/10 06:55,05F0055S,05F0287S,32,985,35
2025/03/10 06:55,05F0055S,05F0287S,41,1005,4
2025/03/10 06:55,05F0055S,05F0287S,42,0,0
2025/03/10 06:55,05F0055S,05F0287S,5,0,0
2025/03/10 06:55,05F0287S,05F0309S,31,85,61
2025/03/10 06:55,05F0287S,05F0309S,32,89,18
2025/03/10 06:55,05F0287S,05F0309S,41,86,3
2025/03/10 06:55,05F0287S,05F0309S,42,0,0
2025/03/10 06:55,05F0287S,05F0309S,5,0,0
2025/03/10 06:55,05F0309S,05F0439S,31,484,37
2025/03/10 06:55,05F0309S,05F0439S,32,486,20
2025/03/10 06:55,05F0309S,05F0439S,41,587,1
2025/03/10 06:55,05F0309S,05F0439S,42,465,1
2025/03/10 06:55,05F0309S,05F0439S,5,490,1
2025/03/10 06:55,05F0439S,05F0494S,31,195,28
2025/03/10 06:55,05F0439S,05F0494S,32,201,17
2025/03/10 06:55,05F0439S,05F0494S,41,0,0
2025/03/10 06:55,05F0439S,05F0494S,42,0,0
2025/03/10 06:55,05F0439S,05F0494S,5,224,3
2025/03/10 07:00,05F0000S,05F0055S,31,249,92
2025/03/10 07:00,05F0000S,05F0055S,32,251,41
2025/03/10 07:00,05F0000S,05F0055S,41,257,2
2025/03/10 07:00,05F0000S,05F0055S,42,0,0
2025/03/10 07:00,05F0000S,05F0055S,5,0,0
2025/03/10 07:00,05F0055S,05F0287S,31,1015,93
2025/03/10 07:00,05F0055S,05F0287S,32,1032,29
2025/03/10 07:00,05F0055S,05F0287S,41,1062,10
2025/03/10 07:00,05F0055S,05F0287S,42,0,0
2025/03/10 07:00,05F0055S,05F0287S,5,0,0
2025/03/10 07:00,05F0287S,05F0309S,31,88,63
2025/03/10 07:00,05F0287S,05F0309S,32,89,25
2025/03/10 07:00,05F0287S,05F0309S,41,0,0
2025/03/10 07:00,05F0287S,05F0309S,42,0,0
2025/03/10 07:00,05F0287S,05F0309S,5,0,0
2025/03/10 07:00,05F0309S,05F0439S,31,483,49
2025/03/10 07:00,05F0309S,05F0439S,32,458,15
2025/03/10 07:00,05F0309S,05F0439S,41,535,1
2025/03/10 07:00,05F0309S,05F0439S,42,537,2
2025/03/10 07:00,05F0309S,05F0439S,5,496,1
2025/03/10 07:00,05F0439S,05F0494S,31,203,32
2025/03/10 07:00,05F0439S,05F0494S,32,192,9
2025/03/10 07:00,05F0439S,05F0494S,41,0,0
2025/03/10 07:00,05F0439S,05F0494S,42,0,0
2025/03/10 07:00,05F0439S,05F0494S,5,209,3
2025/03/10 07:05,05F0000S,05F0055S,31,247,77
2025/03/10 07:05,05F0000S,05F0055S,32,249,28
2025/03/10 07:05,05F0000S,05F0055S,41,262,2
2025/03/10 07:05,05F0000S,05F0055S,42,0,0
2025/03/10 07:05,05F0000S,05F0055S,5,0,0
2025/03/10 07:05,05F0055S,05F0287S,31,967,88
2025/03/10 07:05,05F0055S,05F0287S,32,987,41
2025/03/10 07:05,05F0055S,05F0287S,41,989,2
2025/03/10 07:05,05F0055S,05F0287S,42,0,0
2025/03/10 07:05,05F0055S,05F0287S,5,0,0
2025/03/10 07:05,05F0287S,05F0309S,31,87,64
2025/03/10 07:05,05F0287S,05F0309S,32,91,26
2025/03/10 07:05,05F0287S,05F0309S,41,92,2
2025/03/10 07:05,05F0287S,05F0309S,42,0,0
2025/03/10 07:05,05F0287S,05F0309S,5,0,0
2025/03/10 07:05,05F0309S,05F0439S,31,473,42
2025/03/10 07:05,05F0309S,05F0439S,32,487,18
2025/03/10 07:05,05F0309S,05F0439S,41,499,1
2025/03/10 07:05,05F0309S,05F0439S,42,527,3
2025/03/10 07:05,05F0309S,05F0439S,5,493,5
2025/03/10 07:05,05F0439S,05F0494S,31,210,30
2025/03/10 07:05,05F0439S,05F0494S,32,211,11
2025/03/10 07:05,05F0439S,05F0494S,41,0,0
2025/03/10 07:05,05F0439S,05F0494S,42,254,1
2025/03/10 07:05,05F0439S,05F0494S,5,208,3
2025/03/10 07:10,05F0000S,05F0055S,31,243,94
2025/03/10 07:10,05F0000S,05F0055S,32,246,28
2025/03/10 07:10,05F0000S,05F0055S,41,254,4
2025/03/10 07:10,05F0000S,05F0055S,42,0,0
2025/03/10 07:10,05F0000S,05F0055S,5,0,0
2025/03/10 07:10,05F0055S,05F0287S,31,1005,89
2025/03/10 07:10,05F0055S,05F0287S,32,1010,41
2025/03/10 07:10,05F0055S,05F0287S,41,1044,1
2025/03/10 07:10,05F0055S,05F0287S,42,0,0
2025/03/10 07:10,05F0055S,05F0287S,5,0,0
2025/03/10 07:10,05F0287S,05F0309S,31,87,63
2025/03/10 07:10,05F0287S,05F0309S,32,87,24
2025/03/10 07:10,05F0287S,05F0309S,41,0,0
2025/03/10 07:10,05F0287S,05F0309S,42,0,0
2025/03/10 07:10,05F0287S,05F0309S,5,0,0
2025/03/10 07:10,05F0309S,05F0439S,31,481,57
2025/03/10 07:10,05F0309S,05F0439S,32,485,20
2025/03/10 07:10,05F0309S,05F0439S,41,0,0
2025/03/10 07:10,05F0309S,05F0439S,42,562,2
2025/03/10 07:10,05F0309S,05F0439S,5,526,3
2025/03/10 07:10,05F0439S,05F0494S,31,196,42
2025/03/10 07:10,05F0439S,05F0494S,32,207,11
2025/03/10 07:10,05F0439S,05F0494S,41,0,0
2025/03/10 07:10,05F0439S,05F0494S,42,219,1
2025/03/10 07:10,05F0439S,05F0494S,5,198,2
2025/03/10 07:15,05F0000S,05F0055S,31,248,84
2025/03/10 07:15,05F0000S,05F0055S,32,245,25
2025/03/10 07:15,05F0000S,05F0055S,41,268,4
2025/03/10 07:15,05F0000S,05F0055S,42,0,0
2025/03/10 07:15,05F0000S,05F0055S,5,0,0
2025/03/10 07:15,05F0055S,05F0287S,31,1008,98
2025/03/10 07:15,05F0055S,05F0287S,32,1020,38
2025/03/10 07:15,05F0055S,05F0287S,41,1081,2
2025/03/10 07:15,05F0055S,05F0287S,42,0,0
2025/03/10 07:15,05F0055S,05F0287S,5,0,0
2025/03/10 07:15,05F0287S,05F0309S,31,87,72
2025/03/10 07:15,05F0287S,05F0309S,32,88,27
2025/03/10 07:15,05F0287S,05F0309S,41,97,2
2025/03/10 07:15,05F0287S,05F0309S,42,0,0
2025/03/10 07:15,05F0287S,05F0309S,5,0,0
2025/03/10 07:15,05F0309S,05F0439S,31,481,35
2025/03/10 07:15,05F0309S,05F0439S,32,486,19
2025/03/10 07:15,05F0309S,05F0439S,41,530,2
2025/03/10 07:15,05F0309S,05F0439S,42,508,1
2025/03/10 07:15,05F0309S,05F0439S,5,528,2
2025/03/10 07:15,05F0439S,05F0494S,31,200,52
2025/03/10 07:15,05F0439S,05F0494S,32,196,12
2025/03/10 07:15,05F0439S,05F0494S,41,0,0
2025/03/10 07:15,05F0439S,05F0494S,42,0,0
2025/03/10 07:15,05F0439S,05F0494S,5,214,4
2025/03/10 07:20,05F0000S,05F0055S,31,242,73
2025/03/10 07:20,05F0000S,05F0055S,32,246,37
2025/03/10 07:20,05F0000S,05F0055S,41,250,5
2025/03/10 07:20,05F0000S,05F0055S,42,0,0
2025/03/10 07:20,05F0000S,05F0055S,5,0,0
2025/03/10 07:20,05F0055S,05F0287S,31,995,88
2025/03/10 07:20,05F0055S,05F0287S,32,1002,36
2025/03/10 07:20,05F0055S,05F0287S,41,1066,3
2025/03/10 07:20,05F0055S,05F0287S,42,0,0
2025/03/10 07:20,05F0055S,05F0287S,5,0,0
2025/03/10 07:20,05F0287S,05F0309S,31,87,81
2025/03/10 07:20,05F0287S,05F0309S,32,88,38
2025/03/10 07:20,05F0287S,05F0309S,41,94,2
2025/03/10 07:20,05F0287S,05F0309S,42,0,0
2025/03/10 07:20,05F0287S,05F0309S,5,0,0
2025/03/10 07:20,05F0309S,05F0439S,31,476,54
2025/03/10 07:20,05F0309S,05F0439S,32,488,25
2025/03/10 07:20,05F0309S,05F0439S,41,0,0
2025/03/10 07:20,05F0309S,05F0439S,42,572,2
2025/03/10 07:20,05F0309S,05F0439S,5,518,2
2025/03/10 07:20,05F0439S,05F0494S,31,202,43
2025/03/10 07:20,05F0439S,05F0494S,32,204,11
2025/03/10 07:20,05F0439S,05F0494S,41,0,0
2025/03/10 07:20,05F0439S,05F0494S,42,245,1
2025/03/10 07:20,05F0439S,05F0494S,5,224,3
2025/03/10 07:25,05F0000S,05F0055S,31,245,77
2025/03/10 07:25,05F0000S,05F0055S,32,247,34
2025/03/10 07:25,05F0000S,05F0055S,41,252,5
2025/03/10 07:25,05F0000S,05F0055S,42,252,1
2025/03/10 07:25,05F0000S,05F0055S,5,0,0
2025/03/10 07:25,05F0055S,05F0287S,31,1007,113
2025/03/10 07:25,05F0055S,05F0287S,32,1013,27
2025/03/10 07:25,05F0055S,05F0287S,41,1074,5
2025/03/10 07:25,05F0055S,05F0287S,42,0,0
2025/03/10 07:25,05F0055S,05F0287S,5,0,0
2025/03/10 07:25,05F0287S,05F0309S,31,85,66
2025/03/10 07:25,05F0287S,05F0309S,32,85,17
2025/03/10 07:25,05F0287S,05F0309S,41,93,3
2025/03/10 07:25,05F0287S,05F0309S,42,0,0
2025/03/10 07:25,05F0287S,05F0309S,5,0,0
2025/03/10 07:25,05F0309S,05F0439S,31,473,65
2025/03/10 07:25,05F0309S,05F0439S,32,495,28
2025/03/10 07:25,05F0309S,05F0439S,41,551,2
2025/03/10 07:25,05F0309S,05F0439S,42,532,2
2025/03/10 07:25,05F0309S,05F0439S,5,536,6
2025/03/10 07:25,05F0439S,05F0494S,31,196,56
2025/03/10 07:25,05F0439S,05F0494S,32,198,14
2025/03/10 07:25,05F0439S,05F0494S,41,213,2
2025/03/10 07:25,05F0439S,05F0494S,42,250,3
2025/03/10 07:25,05F0439S,05F0494S,5,230,5
2025/03/10 07:30,05F0000S,05F0055S,31,240,55
2025/03/10 07:30,05F0000S,05F0055S,32,245,33
2025/03/10 07:30,05F0000S,05F0055S,41,0,0
2025/03/10 07:30,05F0000S,05F0055S,42,0,0
2025/03/10 07:30,05F0000S,05F0055S,5,0,0
2025/03/10 07:30,05F0055S,05F0287S,31,990,72
2025/03/10 07:30,05F0055S,05F0287S,32,1004,27
2025/03/10 07:30,05F0055S,05F0287S,41,1016,2
2025/03/10 07:30,05F0055S,05F0287S,42,0,0
2025/03/10 07:30,05F0055S,05F0287S,5,0,0
2025/03/10 07:30,05F0287S,05F0309S,31,89,64
2025/03/10 07:30,05F0287S,05F0309S,32,94,20
2025/03/10 07:30,05F0287S,05F0309S,41,95,2
2025/03/10 07:30,05F0287S,05F0309S,42,0,0
2025/03/10 07:30,05F0287S,05F0309S,5,0,0
2025/03/10 07:30,05F0309S,05F0439S,31,490,52
2025/03/10 07:30,05F0309S,05F0439S,32,490,15
2025/03/10 07:30,05F0309S,05F0439S,41,525,2
2025/03/10 07:30,05F0309S,05F0439S,42,549,2
2025/03/10 07:30,05F0309S,05F0439S,5,538,4
2025/03/10 07:30,05F0439S,05F0494S,31,202,72
2025/03/10 07:30,05F0439S,05F0494S,32,205,23
2025/03/10 07:30,05F0439S,05F0494S,41,0,0
2025/03/10 07:30,05F0439S,05F0494S,42,236,2
2025/03/10 07:30,05F0439S,05F0494S,5,227,2
2025/03/10 07:35,05F0000S,05F0055S,31,244,70
2025/03/10 07:35,05F0000S,05F0055S,32,245,25
2025/03/10 07:35,05F0000S,05F0055S,41,248,4
2025/03/10 07:35,05F0000S,05F0055S,42,0,0
2025/03/10 07:35,05F0000S,05F0055S,5,0,0
2025/03/10 07:35,05F0055S,05F0287S,31,1037,98
2025/03/10 07:35,05F0055S,05F0287S,32,1038,34
2025/03/10 07:35,05F0055S,05F0287S,41,1132,2
2025/03/10 07:35,05F0055S,05F0287S,42,0,0
2025/03/10 07:35,05F0055S,05F0287S,5,0,0
2025/03/10 07:35,05F0287S,05F0309S,31,87,68
2025/03/10 07:35,05F0287S,05F0309S,32,90,16
2025/03/10 07:35,05F0287S,05F0309S,41,96,2
2025/03/10 07:35,05F0287S,05F0309S,42,0,0
2025/03/10 07:35,05F0287S,05F0309S,5,0,0
2025/03/10 07:35,05F0309S,05F0439S,31,482,52
2025/03/10 07:35,05F0309S,05F0439S,32,493,18
2025/03/10 07:35,05F0309S,05F0439S,41,530,1
2025/03/10 07:35,05F0309S,05F0439S,42,523,3
2025/03/10 07:35,05F0309S,05F0439S,5,529,7
2025/03/10 07:35,05F0439S,05F0494S,31,200,61
2025/03/10 07:35,05F0439S,05F0494S,32,211,21
2025/03/10 07:35,05F0439S,05F0494S,41,209,1
2025/03/10 07:35,05F0439S,05F0494S,42,251,1
2025/03/10 07:35,05F0439S,05F0494S,5,260,1
2025/03/10 07:40,05F0000S,05F0055S,31,244,76
2025/03/10 07:40,05F0000S,05F0055S,32,246,22
2025/03/10 07:40,05F0000S,05F0055S,41,259,1
2025/03/10 07:40,05F0000S,05F0055S,42,0,0
2025/03/10 07:40,05F0000S,05F0055S,5,0,0
2025/03/10 07:40,05F0055S,05F0287S,31,978,75
2025/03/10 07:40,05F0055S,05F0287S,32,985,41
2025/03/10 07:40,05F0055S,05F0287S,41,1020,5
2025/03/10 07:40,05F0055S,05F0287S,42,0,0
2025/03/10 07:40,05F0055S,05F0287S,5,0,0
2025/03/10 07:40,05F0287S,05F0309S,31,84,79
2025/03/10 07:40,05F0287S,05F0309S,32,86,38
2025/03/10 07:40,05F0287S,05F0309S,41,93,4
2025/03/10 07:40,05F0287S,05F0309S,42,0,0
2025/03/10 07:40,05F0287S,05F0309S,5,0,0
2025/03/10 07:40,05F0309S,05F0439S,31,508,40
2025/03/10 07:40,05F0309S,05F0439S,32,517,22
2025/03/10 07:40,05F0309S,05F0439S,41,563,1
2025/03/10 07:40,05F0309S,05F0439S,42,515,2
2025/03/10 07:40,05F0309S,05F0439S,5,478,1
2025/03/10 07:40,05F0439S,05F0494S,31,197,61
2025/03/10 07:40,05F0439S,05F0494S,32,202,22
2025/03/10 07:40,05F0439S,05F0494S,41,0,0
2025/03/10 07:40,05F0439S,05F0494S,42,221,2
2025/03/10 07:40,05F0439S,05F0494S,5,225,5
2025/03/10 07:45,05F0000S,05F0055S,31,244,69
2025/03/10 07:45,05F0000S,05F0055S,32,244,32
2025/03/10 07:45,05F0000S,05F0055S,41,281,5
2025/03/10 07:45,05F0000S,05F0055S,42,0,0
2025/03/10 07:45,05F0000S,05F0055S,5,0,0
2025/03/10 07:45,05F0055S,05F0287S,31,974,76
2025/03/10 07:45,05F0055S,05F0287S,32,981,28
2025/03/10 07:45,05F0055S,05F0287S,41,1025,3
2025/03/10 07:45,05F0055S,05F0287S,42,0,0
2025/03/10 07:45,05F0055S,05F0287S,5,0,0
2025/03/10 07:45,05F0287S,05F0309S,31,84,53
2025/03/10 07:45,05F0287S,05F0309S,32,89,19
2025/03/10 07:45,05F0287S,05F0309S,41,90,3
2025/03/10 07:45,05F0287S,05F0309S,42,0,0
2025/03/10 07:45,05F0287S,05F0309S,5,0,0
2025/03/10 07:45,05F0309S,05F0439S,31,493,53
2025/03/10 07:45,05F0309S,05F0439S,32,483,13
2025/03/10 07:45,05F0309S,05F0439S,41,551,3
2025/03/10 07:45,05F0309S,05F0439S,42,526,2
2025/03/10 07:45,05F0309S,05F0439S,5,516,4
2025/03/10 07:45,05F0439S,05F0494S,31,196,40
2025/03/10 07:45,05F0439S,05F0494S,32,204,19
2025/03/10 07:45,05F0439S,05F0494S,41,0,0
2025/03/10 07:45,05F0439S,05F0494S,42,225,1
2025/03/10 07:45,05F0439S,05F0494S,5,0,0
2025/03/10 07:50,05F0000S,05F0055S,31,246,53
2025/03/10 07:50,05F0000S,05F0055S,32,252,36
2025/03/10 07:50,05F0000S,05F0055S,41,270,2
2025/03/10 07:50,05F0000S,05F0055S,42,0,0
2025/03/10 07:50,05F0000S,05F0055S,5,0,0
2025/03/10 07:50,05F0055S,05F0287S,31,996,67
2025/03/10 07:50,05F0055S,05F0287S,32,996,31
2025/03/10 07:50,05F0055S,05F0287S,41,1022,4
2025/03/10 07:50,05F0055S,05F0287S,42,0,0
2025/03/10 07:50,05F0055S,05F0287S,5,0,0
2025/03/10 07:50,05F0287S,05F0309S,31,83,49
2025/03/10 07:50,05F0287S,05F0309S,32,85,24
2025/03/10 07:50,05F0287S,05F0309S,41,92,2
2025/03/10 07:50,05F0287S,05F0309S,42,0,0
2025/03/10 07:50,05F0287S,05F0309S,5,0,0
2025/03/10 07:50,05F0309S,05F0439S,31,492,60
2025/03/10 07:50,05F0309S,05F0439S,32,499,28
2025/03/10 07:50,05F0309S,05F0439S,41,514,2
2025/03/10 07:50,05F0309S,05F0439S,42,536,1
2025/03/10 07:50,05F0309S,05F0439S,5,545,3
2025/03/10 07:50,05F0439S,05F0494S,31,198,64
2025/03/10 07:50,05F0439S,05F0494S,32,195,13
2025/03/10 07:50,05F0439S,05F0494S,41,226,1
2025/03/10 07:50,05F0439S,05F0494S,42,222,1
2025/03/10 07:50,05F0439S,05F0494S,5,220,3
2025/03/10 07:55,05F0000S,05F0055S,31,250,65
2025/03/10 07:55,05F0000S,05F0055S,32,249,24
2025/03/10 07:55,05F0000S,05F0055S,41,253,5
2025/03/10 07:55,05F0000S,05F0055S,42,0,0
2025/03/10 07:55,05F0000S,05F0055S,5,0,0
2025/03/10 07:55,05F0055S,05F0287S,31,1000,89
2025/03/10 07:55,05F0055S,05F0287S,32,1001,28
2025/03/10 07:55,05F0055S,05F0287S,41,1033,2
2025/03/10 07:55,05F0055S,05F0287S,42,0,0
2025/03/10 07:55,05F0055S,05F0287S,5,0,0
2025/03/10 07:55,05F0287S,05F0309S,31,86,61
2025/03/10 07:55,05F0287S,05F0309S,32,86,20
2025/03/10 07:55,05F0287S,05F0309S,41,92,1
2025/03/10 07:55,05F0287S,05F0309S,42,0,0
2025/03/10 07:55,05F0287S,05F0309S,5,0,0
2025/03/10 07:55,05F0309S,05F0439S,31,471,38
2025/03/10 07:55,05F0309S,05F0439S,32,491,20
2025/03/10 07:55,05F0309S,05F0439S,41,541,1
2025/03/10 07:55,05F0309S,05F0439S,42,551,2
2025/03/10 07:55,05F0309S,05F0439S,5,535,3
2025/03/10 07:55,05F0439S,05F0494S,31,203,53
2025/03/10 07:55,05F0439S,05F0494S,32,202,12
2025/03/10 07:55,05F0439S,05F0494S,41,249,1
2025/03/10 07:55,05F0439S,05F0494S,42,248,2
2025/03/10 07:55,05F0439S,05F0494S,5,226,7
2025/03/10 08:00,05F0000S,05F0055S,31,247,56
2025/03/10 08:00,05F0000S,05F0055S,32,249,24
2025/03/10 08:00,05F0000S,05F0055S,41,251,6
2025/03/10 08:00,05F0000S,05F0055S,42,0,0
2025/03/10 08:00,05F0000S,05F0055S,5,0,0
2025/03/10 08:00,05F0055S,05F0287S,31,972,88
2025/03/10 08:00,05F0055S,05F0287S,32,986,31
2025/03/10 08:00,05F0055S,05F0287S,41,1036,3
2025/03/10 08:00,05F0055S,05F0287S,42,0,0
2025/03/10 08:00,05F0055S,05F0287S,5,0,0
2025/03/10 08:00,05F0287S,05F0309S,31,86,75
2025/03/10 08:00,05F0287S,05F0309S,32,86,30
2025/03/10 08:00,05F0287S,05F0309S,41,91,2
2025/03/10 08:00,05F0287S,05F0309S,42,0,0
2025/03/10 08:00,05F0287S,05F0309S,5,0,0
2025/03/10 08:00,05F0309S,05F0439S,31,462,37
2025/03/10 08:00,05F0309S,05F0439S,32,493,15
2025/03/10 08:00,05F0309S,05F0439S,41,526,2
2025/03/10 08:00,05F0309S,05F0439S,42,583,4
2025/03/10 08:00,05F0309S,05F0439S,5,585,7
2025/03/10 08:00,05F0439S,05F0494S,31,200,29
2025/03/10 08:00,05F0439S,05F0494S,32,210,11
2025/03/10 08:00,05F0439S,05F0494S,41,0,0
2025/03/10 08:00,05F0439S,05F0494S,42,230,1
2025/03/10 08:00,05F0439S,05F0494S,5,213,2
2025/03/10 08:05,05F0000S,05F0055S,31,245,61
2025/03/10 08:05,05F0000S,05F0055S,32,245,26
2025/03/10 08:05,05F0000S,05F0055S,41,244,1
2025/03/10 08:05,05F0000S,05F0055S,42,253,1
2025/03/10 08:05,05F0000S,05F0055S,5,0,0
2025/03/10 08:05,05F0055S,05F0287S,31,998,67
2025/03/10 08:05,05F0055S,05F0287S,32,1008,31
2025/03/10 08:05,05F0055S,05F0287S,41,1074,2
2025/03/10 08:05,05F0055S,05F0287S,42,0,0
2025/03/10 08:05,05F0055S,05F0287S,5,0,0
2025/03/10 08:05,05F0287S,05F0309S,31,88,59
2025/03/10 08:05,05F0287S,05F0309S,32,87,24
2025/03/10 08:05,05F0287S,05F0309S,41,93,4
2025/03/10 08:05,05F0287S,05F0309S,42,0,0
2025/03/10 08:05,05F0287S,05F0309S,5,0,0
2025/03/10 08:05,05F0309S,05F0439S,31,486,57
2025/03/10 08:05,05F0309S,05F0439S,32,500,13
2025/03/10 08:05,05F0309S,05F0439S,41,0,0
2025/03/10 08:05,05F0309S,05F0439S,42,532,2
2025/03/10 08:05,05F0309S,05F0439S,5,491,2
2025/03/10 08:05,05F0439S,05F0494S,31,202,38
2025/03/10 08:05,05F0439S,05F0494S,32,206,10
2025/03/10 08:05,05F0439S,05F0494S,41,0,0
2025/03/10 08:05,05F0439S,05F0494S,42,257,3
2025/03/10 08:05,05F0439S,05F0494S,5,234,4
2025/03/10 08:10,05F0000S,05F0055S,31,248,50
2025/03/10 08:10,05F0000S,05F0055S,32,247,29
2025/03/10 08:10,05F0000S,05F0055S,41,257,2
2025/03/10 08:10,05F0000S,05F0055S,42,0,0
2025/03/10 08:10,05F0000S,05F0055S,5,0,0
2025/03/10 08:10,05F0055S,05F0287S,31,995,77
2025/03/10 08:10,05F0055S,05F0287S,32,1007,35
2025/03/10 08:10,05F0055S,05F0287S,41,1021,6
2025/03/10 08:10,05F0055S,05F0287S,42,0,0
2025/03/10 08:10,05F0055S,05F0287S,5,0,0
2025/03/10 08:10,05F0287S,05F0309S,31,87,44
2025/03/10 08:10,05F0287S,05F0309S,32,91,26
2025/03/10 08:10,05F0287S,05F0309S,41,93,3
2025/03/10 08:10,05F0287S,05F0309S,42,0,0
2025/03/10 08:10,05F0287S,05F0309S,5,0,0
2025/03/10 08:10,05F0309S,05F0439S,31,466,47
2025/03/10 08:10,05F0309S,05F0439S,32,473,22
2025/03/10 08:10,05F0309S,05F0439S,41,510,2
2025/03/10 08:10,05F0309S,05F0439S,42,487,1
2025/03/10 08:10,05F0309S,05F0439S,5,510,5
2025/03/10 08:10,05F0439S,05F0494S,31,198,39
2025/03/10 08:10,05F0439S,05F0494S,32,208,11
2025/03/10 08:10,05F0439S,05F0494S,41,0,0
2025/03/10 08:10,05F0439S,05F0494S,42,239,1
2025/03/10 08:10,05F0439S,05F0494S,5,216,3
2025/03/10 08:15,05F0000S,05F0055S,31,248,55
2025/03/10 08:15,05F0000S,05F0055S,32,249,36
2025/03/10 08:15,05F0000S,05F0055S,41,251,6
2025/03/10 08:15,05F0000S,05F0055S,42,0,0
2025/03/10 08:15,05F0000S,05F0055S,5,0,0
2025/03/10 08:15,05F0055S,05F0287S,31,987,60
2025/03/10 08:15,05F0055S,05F0287S,32,999,31
2025/03/10 08:15,05F0055S,05F0287S,41,1024,7
2025/03/10 08:15,05F0055S,05F0287S,42,0,0
2025/03/10 08:15,05F0055S,05F0287S,5,0,0
2025/03/10 08:15,05F0287S,05F0309S,31,86,51
2025/03/10 08:15,05F0287S,05F0309S,32,86,21
2025/03/10 08:15,05F0287S,05F0309S,41,91,4
2025/03/10 08:15,05F0287S,05F0309S,42,0,0
2025/03/10 08:15,05F0287S,05F0309S,5,0,0
2025/03/10 08:15,05F0309S,05F0439S,31,485,40
2025/03/10 08:15,05F0309S,05F0439S,32,493,11
2025/03/10 08:15,05F0309S,05F0439S,41,528,2
2025/03/10 08:15,05F0309S,05F0439S,42,543,1
2025/03/10 08:15,05F0309S,05F0439S,5,522,4
2025/03/10 08:15,05F0439S,05F0494S,31,197,36
2025/03/10 08:15,05F0439S,05F0494S,32,198,12
2025/03/10 08:15,05F0439S,05F0494S,41,203,1
2025/03/10 08:15,05F0439S,05F0494S,42,0,0
2025/03/10 08:15,05F0439S,05F0494S,5,203,5
2025/03/10 08:20,05F0000S,05F0055S,31,244,71
2025/03/10 08:20,05F0000S,05F0055S,32,250,22
2025/03/10 08:20,05F0000S,05F0055S,41,265,6
2025/03/10 08:20,05F0000S,05F0055S,42,0,0
2025/03/10 08:20,05F0000S,05F0055S,5,0,0
2025/03/10 08:20,05F0055S,05F0287S,31,989,81
2025/03/10 08:20,05F0055S,05F0287S,32,996,33
2025/03/10 08:20,05F0055S,05F0287S,41,1013,1
2025/03/10 08:20,05F0055S,05F0287S,42,0,0
2025/03/10 08:20,05F0055S,05F0287S,5,0,0
2025/03/10 08:20,05F0287S,05F0309S,31,86,56
2025/03/10 08:20,05F0287S,05F0309S,32,87,27
2025/03/10 08:20,05F0287S,05F0309S,41,96,2
2025/03/10 08:20,05F0287S,05F0309S,42,0,0
2025/03/10 08:20,05F0287S,05F0309S,5,0,0
2025/03/10 08:20,05F0309S,05F0439S,31,496,38
2025/03/10 08:20,05F0309S,05F0439S,32,488,27
2025/03/10 08:20,05F0309S,05F0439S,41,575,2
2025/03/10 08:20,05F0309S,05F0439S,42,0,0
2025/03/10 08:20,05F0309S,05F0439S,5,535,2
2025/03/10 08:20,05F0439S,05F0494S,31,203,30
2025/03/10 08:20,05F0439S,05F0494S,32,203,12
2025/03/10 08:20,05F0439S,05F0494S,41,0,0
2025/03/10 08:20,05F0439S,05F0494S,42,221,2
2025/03/10 08:20,05F0439S,05F0494S,5,221,4
2025/03/10 08:25,05F0000S,05F0055S,31,249,65
2025/03/10 08:25,05F0000S,05F0055S,32,248,36
2025/03/10 08:25,05F0000S,05F0055S,41,273,4
2025/03/10 08:25,05F0000S,05F0055S,42,0,0
2025/03/10 08:25,05F0000S,05F0055S,5,0,0
2025/03/10 08:25,05F0055S,05F0287S,31,994,61
2025/03/10 08:25,05F0055S,05F0287S,32,991,31
2025/03/10 08:25,05F0055S,05F0287S,41,1016,2
2025/03/10 08:25,05F0055S,05F0287S,42,0,0
2025/03/10 08:25,05F0055S,05F0287S,5,0,0
2025/03/10 08:25,05F0287S,05F0309S,31,87,43
2025/03/10 08:25,05F0287S,05F0309S,32,87,20
2025/03/10 08:25,05F0287S,05F0309S,41,90,1
2025/03/10 08:25,05F0287S,05F0309S,42,0,0
2025/03/10 08:25,05F0287S,05F0309S,5,0,0
2025/03/10 08:25,05F0309S,05F0439S,31,464,26
2025/03/10 08:25,05F0309S,05F0439S,32,495,17
2025/03/10 08:25,05F0309S,05F0439S,41,539,3
2025/03/10 08:25,05F0309S,05F0439S,42,501,1
2025/03/10 08:25,05F0309S,05F0439S,5,509,5
2025/03/10 08:25,05F0439S,05F0494S,31,191,22
2025/03/10 08:25,05F0439S,05F0494S,32,214,8
2025/03/10 08:25,05F0439S,05F0494S,41,0,0
2025/03/10 08:25,05F0439S,05F0494S,42,0,0
2025/03/10 08:25,05F0439S,05F0494S,5,223,3
2025/03/10 08:30,05F0000S,05F0055S,31,255,47
2025/03/10 08:30,05F0000S,05F0055S,32,251,25
2025/03/10 08:30,05F0000S,05F0055S,41,250,3
2025/03/10 08:30,05F0000S,05F0055S,42,0,0
2025/03/10 08:30,05F0000S,05F0055S,5,0,0
2025/03/10 08:30,05F0055S,05F0287S,31,995,55
2025/03/10 08:30,05F0055S,05F0287S,32,992,35
2025/03/10 08:30,05F0055S,05F0287S,41,1026,3
2025/03/10 08:30,05F0055S,05F0287S,42,0,0
2025/03/10 08:30,05F0055S,05F0287S,5,0,0
2025/03/10 08:30,05F0287S,05F0309S,31,86,45
2025/03/10 08:30,05F0287S,05F0309S,32,84,30
2025/03/10 08:30,05F0287S,05F0309S,41,91,4
2025/03/10 08:30,05F0287S,05F0309S,42,0,0
2025/03/10 08:30,05F0287S,05F0309S,5,0,0
2025/03/10 08:30,05F0309S,05F0439S,31,488,37
2025/03/10 08:30,05F0309S,05F0439S,32,472,15
2025/03/10 08:30,05F0309S,05F0439S,41,538,1
2025/03/10 08:30,05F0309S,05F0439S,42,517,4
2025/03/10 08:30,05F0309S,05F0439S,5,580,4
2025/03/10 08:30,05F0439S,05F0494S,31,201,26
2025/03/10 08:30,05F0439S,05F0494S,32,210,12
2025/03/10 08:30,05F0439S,05F0494S,41,0,0
2025/03/10 08:30,05F0439S,05F0494S,42,232,1
2025/03/10 08:30,05F0439S,05F0494S,5,216,5
2025/03/10 08:35,05F0000S,05F0055S,31,250,51
2025/03/10 08:35,05F0000S,05F0055S,32,255,23
2025/03/10 08:35,05F0000S,05F0055S,41,251,8
2025/03/10 08:35,05F0000S,05F0055S,42,0,0
2025/03/10 08:35,05F0000S,05F0055S,5,0,0
2025/03/10 08:35,05F0055S,05F0287S,31,992,90
2025/03/10 08:35,05F0055S,05F0287S,32,1011,36
2025/03/10 08:35,05F0055S,05F0287S,41,1042,10
2025/03/10 08:35,05F0055S,05F0287S,42,0,0
2025/03/10 08:35,05F0055S,05F0287S,5,0,0
2025/03/10 08:35,05F0287S,05F0309S,31,84,59
2025/03/10 08:35,05F0287S,05F0309S,32,90,32
2025/03/10 08:35,05F0287S,05F0309S,41,89,4
2025/03/10 08:35,05F0287S,05F0309S,42,0,0
2025/03/10 08:35,05F0287S,05F0309S,5,0,0
2025/03/10 08:35,05F0309S,05F0439S,31,493,46
2025/03/10 08:35,05F0309S,05F0439S,32,490,13
2025/03/10 08:35,05F0309S,05F0439S,41,0,0
2025/03/10 08:35,05F0309S,05F0439S,42,551,6
2025/03/10 08:35,05F0309S,05F0439S,5,488,4
2025/03/10 08:35,05F0439S,05F0494S,31,202,21
2025/03/10 08:35,05F0439S,05F0494S,32,205,10
2025/03/10 08:35,05F0439S,05F0494S,41,0,0
2025/03/10 08:35,05F0439S,05F0494S,42,218,4
2025/03/10 08:35,05F0439S,05F0494S,5,217,3
2025/03/10 08:40,05F0000S,05F0055S,31,248,65
2025/03/10 08:40,05F0000S,05F0055S,32,249,34
2025/03/10 08:40,05F0000S,05F0055S,41,261,2
2025/03/10 08:40,05F0000S,05F0055S,42,0,0
2025/03/10 08:40,05F0000S,05F0055S,5,0,0
2025/03/10 08:40,05F0055S,05F0287S,31,997,63
2025/03/10 08:40,05F0055S,05F0287S,32,1008,31
2025/03/10 08:40,05F0055S,05F0287S,41,1033,4
2025/03/10 08:40,05F0055S,05F0287S,42,0,0
2025/03/10 08:40,05F0055S,05F0287S,5,0,0
2025/03/10 08:40,05F0287S,05F0309S,31,86,52
2025/03/10 08:40,05F0287S,05F0309S,32,86,26
2025/03/10 08:40,05F0287S,05F0309S,41,94,6
2025/03/10 08:40,05F0287S,05F0309S,42,0,0
2025/03/10 08:40,05F0287S,05F0309S,5,0,0
2025/03/10 08:40,05F0309S,05F0439S,31,471,25
2025/03/10 08:40,05F0309S,05F0439S,32,500,16
2025/03/10 08:40,05F0309S,05F0439S,41,519,3
2025/03/10 08:40,05F0309S,05F0439S,42,507,5
2025/03/10 08:40,05F0309S,05F0439S,5,533,7
2025/03/10 08:40,05F0439S,05F0494S,31,204,24
2025/03/10 08:40,05F0439S,05F0494S,32,207,10
2025/03/10 08:40,05F0439S,05F0494S,41,0,0
2025/03/10 08:40,05F0439S,05F0494S,42,265,2
2025/03/10 08:40,05F0439S,05F0494S,5,204,8
2025/03/10 08:45,05F0000S,05F0055S,31,249,53
2025/03/10 08:45,05F0000S,05F0055S,32,256,14
2025/03/10 08:45,05F0000S,05F0055S,41,255,6
2025/03/10 08:45,05F0000S,05F0055S,42,0,0
2025/03/10 08:45,05F0000S,05F0055S,5,0,0
2025/03/10 08:45,05F0055S,05F0287S,31,1011,71
2025/03/10 08:45,05F0055S,05F0287S,32,1019,33
2025/03/10 08:45,05F0055S,05F0287S,41,1094,4
2025/03/10 08:45,05F0055S,05F0287S,42,0,0
2025/03/10 08:45,05F0055S,05F0287S,5,0,0
2025/03/10 08:45,05F0287S,05F0309S,31,88,57
2025/03/10 08:45,05F0287S,05F0309S,32,90,29
2025/03/10 08:45,05F0287S,05F0309S,41,93,3
2025/03/10 08:45,05F0287S,05F0309S,42,0,0
2025/03/10 08:45,05F0287S,05F0309S,5,0,0
2025/03/10 08:45,05F0309S,05F0439S,31,487,45
2025/03/10 08:45,05F0309S,05F0439S,32,479,23
2025/03/10 08:45,05F0309S,05F0439S,41,528,4
2025/03/10 08:45,05F0309S,05F0439S,42,0,0
2025/03/10 08:45,05F0309S,05F0439S,5,606,1
2025/03/10 08:45,05F0439S,05F0494S,31,202,20
2025/03/10 08:45,05F0439S,05F0494S,32,214,9
2025/03/10 08:45,05F0439S,05F0494S,41,218,1
2025/03/10 08:45,05F0439S,05F0494S,42,216,2
2025/03/10 08:45,05F0439S,05F0494S,5,229,3
2025/03/10 08:50,05F0000S,05F0055S,31,242,59
2025/03/10 08:50,05F0000S,05F0055S,32,249,29
2025/03/10 08:50,05F0000S,05F0055S,41,255,4
2025/03/10 08:50,05F0000S,05F0055S,42,0,0
2025/03/10 08:50,05F0000S,05F0055S,5,0,0
2025/03/10 08:50,05F0055S,05F0287S,31,990,63
2025/03/10 08:50,05F0055S,05F0287S,32,994,33
2025/03/10 08:50,05F0055S,05F0287S,41,1021,9
2025/03/10 08:50,05F0055S,05F0287S,42,0,0
2025/03/10 08:50,05F0055S,05F0287S,5,0,0
2025/03/10 08:50,05F0287S,05F0309S,31,87,44
2025/03/10 08:50,05F0287S,05F0309S,32,88,20
2025/03/10 08:50,05F0287S,05F0309S,41,93,8
2025/03/10 08:50,05F0287S,05F0309S,42,0,0
2025/03/10 08:50,05F0287S,05F0309S,5,0,0
2025/03/10 08:50,05F0309S,05F0439S,31,481,30
2025/03/10 08:50,05F0309S,05F0439S,32,490,16
2025/03/10 08:50,05F0309S,05F0439S,41,522,2
2025/03/10 08:50,05F0309S,05F0439S,42,523,2
2025/03/10 08:50,05F0309S,05F0439S,5,554,2
2025/03/10 08:50,05F0439S,05F0494S,31,200,25
2025/03/10 08:50,05F0439S,05F0494S,32,207,13
2025/03/10 08:50,05F0439S,05F0494S,41,0,0
2025/03/10 08:50,05F0439S,05F0494S,42,217,2
2025/03/10 08:50,05F0439S,05F0494S,5,225,2
2025/03/10 08:55,05F0000S,05F0055S,31,247,68
2025/03/10 08:55,05F0000S,05F0055S,32,249,39
2025/03/10 08:55,05F0000S,05F0055S,41,249,5
2025/03/10 08:55,05F0000S,05F0055S,42,0,0
2025/03/10 08:55,05F0000S,05F0055S,5,0,0
2025/03/10 08:55,05F0055S,05F0287S,31,1016,79
2025/03/10 08:55,05F0055S,05F0287S,32,1019,35
2025/03/10 08:55,05F0055S,05F0287S,41,1056,6
2025/03/10 08:55,05F0055S,05F0287S,42,0,0
2025/03/10 08:55,05F0055S,05F0287S,5,0,0
2025/03/10 08:55,05F0287S,05F0309S,31,88,63
2025/03/10 08:55,05F0287S,05F0309S,32,90,27
2025/03/10 08:55,05F0287S,05F0309S,41,97,3
2025/03/10 08:55,05F0287S,05F0309S,42,0,0
2025/03/10 08:55,05F0287S,05F0309S,5,0,0
2025/03/10 08:55,05F0309S,05F0439S,31,498,34
2025/03/10 08:55,05F0309S,05F0439S,32,510,19
2025/03/10 08:55,05F0309S,05F0439S,41,0,0
2025/03/10 08:55,05F0309S,05F0439S,42,503,2
2025/03/10 08:55,05F0309S,05F0439S,5,525,3
2025/03/10 08:55,05F0439S,05F0494S,31,212,22
2025/03/10 08:55,05F0439S,05F0494S,32,218,3
2025/03/10 08:55,05F0439S,05F0494S,41,227,1
2025/03/10 08:55,05F0439S,05F0494S,42,0,0
2025/03/10 08:55,05F0439S,05F0494S,5,222,3
2025/03/10 09:00,05F0000S,05F0055S,31,251,69
2025/03/10 09:00,05F0000S,05F0055S,32,259,27
2025/03/10 09:00,05F0000S,05F0055S,41,255,8
2025/03/10 09:00,05F0000S,05F0055S,42,0,0
2025/03/10 09:00,05F0000S,05F0055S,5,0,0
2025/03/10 09:00,05F0055S,05F0287S,31,997,72
2025/03/10 09:00,05F0055S,05F0287S,32,1004,31
2025/03/10 09:00,05F0055S,05F0287S,41,1063,5
2025/03/10 09:00,05F0055S,05F0287S,42,0,0
2025/03/10 09:00,05F0055S,05F0287S,5,0,0
2025/03/10 09:00,05F0287S,05F0309S,31,87,59
2025/03/10 09:00,05F0287S,05F0309S,32,90,30
2025/03/10 09:00,05F0287S,05F0309S,41,90,7
2025/03/10 09:00,05F0287S,05F0309S,42,0,0
2025/03/10 09:00,05F0287S,05F0309S,5,0,0
2025/03/10 09:00,05F0309S,05F0439S,31,472,45
2025/03/10 09:00,05F0309S,05F0439S,32,486,17
2025/03/10 09:00,05F0309S,05F0439S,41,525,4
2025/03/10 09:00,05F0309S,05F0439S,42,482,1
2025/03/10 09:00,05F0309S,05F0439S,5,516,3
2025/03/10 09:00,05F0439S,05F0494S,31,213,15
2025/03/10 09:00,05F0439S,05F0494S,32,206,16
2025/03/10 09:00,05F0439S,05F0494S,41,0,0
2025/03/10 09:00,05F0439S,05F0494S,42,225,2
2025/03/10 09:00,05F0439S,05F0494S,5,221,5
2025/03/10 09:05,05F0000S,05F0055S,31,253,85
2025/03/10 09:05,05F0000S,05F0055S,32,253,28
2025/03/10 09:05,05F0000S,05F0055S,41,253,7
2025/03/10 09:05,05F0000S,05F0055S,42,0,0
2025/03/10 09:05,05F0000S,05F0055S,5,0,0
2025/03/10 09:05,05F0055S,05F0287S,31,1010,87
2025/03/10 09:05,05F0055S,05F0287S,32,1017,41
2025/03/10 09:05,05F0055S,05F0287S,41,1028,5
2025/03/10 09:05,05F0055S,05F0287S,42,0,0
2025/03/10 09:05,05F0055S,05F0287S,5,0,0
2025/03/10 09:05,05F0287S,05F0309S,31,85,56
2025/03/10 09:05,05F0287S,05F0309S,32,86,23
2025/03/10 09:05,05F0287S,05F0309S,41,90,4
2025/03/10 09:05,05F0287S,05F0309S,42,0,0
2025/03/10 09:05,05F0287S,05F0309S,5,0,0
2025/03/10 09:05,05F0309S,05F0439S,31,493,47
2025/03/10 09:05,05F0309S,05F0439S,32,494,14
2025/03/10 09:05,05F0309S,05F0439S,41,497,3
2025/03/10 09:05,05F0309S,05F0439S,42,0,0
2025/03/10 09:05,05F0309S,05F0439S,5,581,2
2025/03/10 09:05,05F0439S,05F0494S,31,207,28
2025/03/10 09:05,05F0439S,05F0494S,32,206,7
2025/03/10 09:05,05F0439S,05F0494S,41,0,0
2025/03/10 09:05,05F0439S,05F0494S,42,210,1
2025/03/10 09:05,05F0439S,05F0494S,5,225,4
2025/03/10 09:10,05F0000S,05F0055S,31,262,68
2025/03/10 09:10,05F0000S,05F0055S,32,263,36
2025/03/10 09:10,05F0000S,05F0055S,41,270,14
2025/03/10 09:10,05F0000S,05F0055S,42,254,1
2025/03/10 09:10,05F0000S,05F0055S,5,0,0
2025/03/10 09:10,05F0055S,05F0287S,31,1006,76
2025/03/10 09:10,05F0055S,05F0287S,32,1016,43
2025/03/10 09:10,05F0055S,05F0287S,41,1074,5
2025/03/10 09:10,05F0055S,05F0287S,42,0,0
2025/03/10 09:10,05F0055S,05F0287S,5,0,0
2025/03/10 09:10,05F0287S,05F0309S,31,87,55
2025/03/10 09:10,05F0287S,05F0309S,32,87,40
2025/03/10 09:10,05F0287S,05F0309S,41,94,1
2025/03/10 09:10,05F0287S,05F0309S,42,0,0
2025/03/10 09:10,05F0287S,05F0309S,5,0,0
2025/03/10 09:10,05F0309S,05F0439S,31,483,31
2025/03/10 09:10,05F0309S,05F0439S,32,505,18
2025/03/10 09:10,05F0309S,05F0439S,41,497,3
2025/03/10 09:10,05F0309S,05F0439S,42,484,1
2025/03/10 09:10,05F0309S,05F0439S,5,477,5
2025/03/10 09:10,05F0439S,05F0494S,31,205,22
2025/03/10 09:10,05F0439S,05F0494S,32,210,11
2025/03/10 09:10,05F0439S,05F0494S,41,223,1
2025/03/10 09:10,05F0439S,05F0494S,42,0,0
2025/03/10 09:10,05F0439S,05F0494S,5,202,2
2025/03/10 09:15,05F0000S,05F0055S,31,251,81
2025/03/10 09:15,05F0000S,05F0055S,32,255,23
2025/03/10 09:15,05F0000S,05F0055S,41,266,12
2025/03/10 09:15,05F0000S,05F0055S,42,0,0
2025/03/10 09:15,05F0000S,05F0055S,5,0,0
2025/03/10 09:15,05F0055S,05F0287S,31,1035,103
2025/03/10 09:15,05F0055S,05F0287S,32,1040,42
2025/03/10 09:15,05F0055S,05F0287S,41,1081,7
2025/03/10 09:15,05F0055S,05F0287S,42,0,0
2025/03/10 09:15,05F0055S,05F0287S,5,0,0
2025/03/10 09:15,05F0287S,05F0309S,31,90,63
2025/03/10 09:15,05F0287S,05F0309S,32,89,29
2025/03/10 09:15,05F0287S,05F0309S,41,92,5
2025/03/10 09:15,05F0287S,05F0309S,42,0,0
2025/03/10 09:15,05F0287S,05F0309S,5,0,0
2025/03/10 09:15,05F0309S,05F0439S,31,481,42
2025/03/10 09:15,05F0309S,05F0439S,32,496,28
2025/03/10 09:15,05F0309S,05F0439S,41,506,2
2025/03/10 09:15,05F0309S,05F0439S,42,488,1
2025/03/10 09:15,05F0309S,05F0439S,5,527,3
2025/03/10 09:15,05F0439S,05F0494S,31,202,16
2025/03/10 09:15,05F0439S,05F0494S,32,209,16
2025/03/10 09:15,05F0439S,05F0494S,41,192,1
2025/03/10 09:15,05F0439S,05F0494S,42,0,0
2025/03/10 09:15,05F0439S,05F0494S,5,200,4
2025/03/10 09:20,05F0000S,05F0055S,31,262,81
2025/03/10 09:20,05F0000S,05F0055S,32,262,37
2025/03/10 09:20,05F0000S,05F0055S,41,272,9
2025/03/10 09:20,05F0000S,05F0055S,42,0,0
2025/03/10 09:20,05F0000S,05F0055S,5,0,0
2025/03/10 09:20,05F0055S,05F0287S,31,1051,95
2025/03/10 09:20,05F0055S,05F0287S,32,1054,43
2025/03/10 09:20,05F0055S,05F0287S,41,1059,10
2025/03/10 09:20,05F0055S,05F0287S,42,0,0
2025/03/10 09:20,05F0055S,05F0287S,5,0,0
2025/03/10 09:20,05F0287S,05F0309S,31,87,64
2025/03/10 09:20,05F0287S,05F0309S,32,89,35
2025/03/10 09:20,05F0287S,05F0309S,41,92,8
2025/03/10 09:20,05F0287S,05F0309S,42,0,0
2025/03/10 09:20,05F0287S,05F0309S,5,0,0
2025/03/10 09:20,05F0309S,05F0439S,31,486,39
2025/03/10 09:20,05F0309S,05F0439S,32,478,24
2025/03/10 09:20,05F0309S,05F0439S,41,535,3
2025/03/10 09:20,05F0309S,05F0439S,42,497,2
2025/03/10 09:20,05F0309S,05F0439S,5,516,5
2025/03/10 09:20,05F0439S,05F0494S,31,203,17
2025/03/10 09:20,05F0439S,05F0494S,32,211,19
2025/03/10 09:20,05F0439S,05F0494S,41,0,0
2025/03/10 09:20,05F0439S,05F0494S,42,230,3
2025/03/10 09:20,05F0439S,05F0494S,5,212,5
2025/03/10 09:25,05F0000S,05F0055S,31,261,89
2025/03/10 09:25,05F0000S,05F0055S,32,266,34
2025/03/10 09:25,05F0000S,05F0055S,41,267,7
2025/03/10 09:25,05F0000S,05F0055S,42,0,0
2025/03/10 09:25,05F0000S,05F0055S,5,0,0
2025/03/10 09:25,05F0055S,05F0287S,31,1033,102
2025/03/10 09:25,05F0055S,05F0287S,32,1045,52
2025/03/10 09:25,05F0055S,05F0287S,41,1070,6
2025/03/10 09:25,05F0055S,05F0287S,42,0,0
2025/03/10 09:25,05F0055S,05F0287S,5,0,0
2025/03/10 09:25,05F0287S,05F0309S,31,86,67
2025/03/10 09:25,05F0287S,05F0309S,32,91,37
2025/03/10 09:25,05F0287S,05F0309S,41,91,4
2025/03/10 09:25,05F0287S,05F0309S,42,0,0
2025/03/10 09:25,05F0287S,05F0309S,5,0,0
2025/03/10 09:25,05F0309S,05F0439S,31,493,46
2025/03/10 09:25,05F0309S,05F0439S,32,492,28
2025/03/10 09:25,05F0309S,05F0439S,41,525,3
2025/03/10 09:25,05F0309S,05F0439S,42,527,1
2025/03/10 09:25,05F0309S,05F0439S,5,0,0
2025/03/10 09:25,05F0439S,05F0494S,31,196,17
2025/03/10 09:25,05F0439S,05F0494S,32,198,8
2025/03/10 09:25,05F0439S,05F0494S,41,232,1
2025/03/10 09:25,05F0439S,05F0494S,42,229,2
2025/03/10 09:25,05F0439S,05F0494S,5,208,4
2025/03/10 09:30,05F0000S,05F0055S,31,276,101
2025/03/10 09:30,05F0000S,05F0055S,32,275,34
2025/03/10 09:30,05F0000S,05F0055S,41,273,12
2025/03/10 09:30,05F0000S,05F0055S,42,0,0
2025/03/10 09:30,05F0000S,05F0055S,5,0,0
2025/03/10 09:30,05F0055S,05F0287S,31,1049,100
2025/03/10 09:30,05F0055S,05F0287S,32,1051,40
2025/03/10 09:30,05F0055S,05F0287S,41,1070,12
2025/03/10 09:30,05F0055S,05F0287S,42,0,0
2025/03/10 09:30,05F0055S,05F0287S,5,0,0
2025/03/10 09:30,05F0287S,05F0309S,31,88,66
2025/03/10 09:30,05F0287S,05F0309S,32,91,30
2025/03/10 09:30,05F0287S,05F0309S,41,93,11
2025/03/10 09:30,05F0287S,05F0309S,42,0,0
2025/03/10 09:30,05F0287S,05F0309S,5,0,0
2025/03/10 09:30,05F0309S,05F0439S,31,483,37
2025/03/10 09:30,05F0309S,05F0439S,32,495,20
2025/03/10 09:30,05F0309S,05F0439S,41,530,4
2025/03/10 09:30,05F0309S,05F0439S,42,561,1
2025/03/10 09:30,05F0309S,05F0439S,5,526,2
2025/03/10 09:30,05F0439S,05F0494S,31,209,26
2025/03/10 09:30,05F0439S,05F0494S,32,208,13
2025/03/10 09:30,05F0439S,05F0494S,41,0,0
2025/03/10 09:30,05F0439S,05F0494S,42,0,0
2025/03/10 09:30,05F0439S,05F0494S,5,219,3
2025/03/10 09:35,05F0000S,05F0055S,31,267,104
2025/03/10 09:35,05F0000S,05F0055S,32,267,30
2025/03/10 09:35,05F0000S,05F0055S,41,264,7
2025/03/10 09:35,05F0000S,05F0055S,42,0,0
2025/03/10 09:35,05F0000S,05F0055S,5,0,0
2025/03/10 09:35,05F0055S,05F0287S,31,1042,97
2025/03/10 09:35,05F0055S,05F0287S,32,1050,33
2025/03/10 09:35,05F0055S,05F0287S,41,1103,14
2025/03/10 09:35,05F0055S,05F0287S,42,1355,2
2025/03/10 09:35,05F0055S,05F0287S,5,0,0
2025/03/10 09:35,05F0287S,05F0309S,31,88,73
2025/03/10 09:35,05F0287S,05F0309S,32,87,26
2025/03/10 09:35,05F0287S,05F0309S,41,93,8
2025/03/10 09:35,05F0287S,05F0309S,42,93,1
2025/03/10 09:35,05F0287S,05F0309S,5,0,0
2025/03/10 09:35,05F0309S,05F0439S,31,491,49
2025/03/10 09:35,05F0309S,05F0439S,32,512,24
2025/03/10 09:35,05F0309S,05F0439S,41,510,6
2025/03/10 09:35,05F0309S,05F0439S,42,527,2
2025/03/10 09:35,05F0309S,05F0439S,5,486,3
2025/03/10 09:35,05F0439S,05F0494S,31,205,23
2025/03/10 09:35,05F0439S,05F0494S,32,206,9
2025/03/10 09:35,05F0439S,05F0494S,41,0,0
2025/03/10 09:35,05F0439S,05F0494S,42,238,1
2025/03/10 09:35,05F0439S,05F0494S,5,218,2
2025/03/10 09:40,05F0000S,05F0055S,31,264,98
2025/03/10 09:40,05F0000S,05F0055S,32,268,32
2025/03/10 09:40,05F0000S,05F0055S,41,259,5
2025/03/10 09:40,05F0000S,05F0055S,42,0,0
2025/03/10 09:40,05F0000S,05F0055S,5,0,0
2025/03/10 09:40,05F0055S,05F0287S,31,1064,97
2025/03/10 09:40,05F0055S,05F0287S,32,1072,48
2025/03/10 09:40,05F0055S,05F0287S,41,1098,9
2025/03/10 09:40,05F0055S,05F0287S,42,0,0
2025/03/10 09:40,05F0055S,05F0287S,5,0,0
2025/03/10 09:40,05F0287S,05F0309S,31,88,80
2025/03/10 09:40,05F0287S,05F0309S,32,88,30
2025/03/10 09:40,05F0287S,05F0309S,41,96,9
2025/03/10 09:40,05F0287S,05F0309S,42,0,0
2025/03/10 09:40,05F0287S,05F0309S,5,0,0
2025/03/10 09:40,05F0309S,05F0439S,31,479,51
2025/03/10 09:40,05F0309S,05F0439S,32,496,23
2025/03/10 09:40,05F0309S,05F0439S,41,543,4
2025/03/10 09:40,05F0309S,05F0439S,42,0,0
2025/03/10 09:40,05F0309S,05F0439S,5,0,0
2025/03/10 09:40,05F0439S,05F0494S,31,200,24
2025/03/10 09:40,05F0439S,05F0494S,32,214,18
2025/03/10 09:40,05F0439S,05F0494S,41,218,3
2025/03/10 09:40,05F0439S,05F0494S,42,236,4
2025/03/10 09:40,05F0439S,05F0494S,5,208,3
2025/03/10 09:45,05F0000S,05F0055S,31,276,116
2025/03/10 09:45,05F0000S,05F0055S,32,276,36
2025/03/10 09:45,05F0000S,05F0055S,41,282,11
2025/03/10 09:45,05F0000S,05F0055S,42,0,0
2025/03/10 09:45,05F0000S,05F0055S,5,0,0
2025/03/10 09:45,05F0055S,05F0287S,31,1129,118
2025/03/10 09:45,05F0055S,05F0287S,32,1123,39
2025/03/10 09:45,05F0055S,05F0287S,41,1117,10
2025/03/10 09:45,05F0055S,05F0287S,42,0,0
2025/03/10 09:45,05F0055S,05F0287S,5,0,0
2025/03/10 09:45,05F0287S,05F0309S,31,89,78
2025/03/10 09:45,05F0287S,05F0309S,32,91,33
2025/03/10 09:45,05F0287S,05F0309S,41,92,4
2025/03/10 09:45,05F0287S,05F0309S,42,0,0
2025/03/10 09:45,05F0287S,05F0309S,5,0,0
2025/03/10 09:45,05F0309S,05F0439S,31,483,42
2025/03/10 09:45,05F0309S,05F0439S,32,488,18
2025/03/10 09:45,05F0309S,05F0439S,41,528,4
2025/03/10 09:45,05F0309S,05F0439S,42,511,1
2025/03/10 09:45,05F0309S,05F0439S,5,524,4
2025/03/10 09:45,05F0439S,05F0494S,31,207,21
2025/03/10 09:45,05F0439S,05F0494S,32,211,15
2025/03/10 09:45,05F0439S,05F0494S,41,0,0
2025/03/10 09:45,05F0439S,05F0494S,42,224,1
2025/03/10 09:45,05F0439S,05F0494S,5,210,1
2025/03/10 09:50,05F0000S,05F0055S,31,262,113
2025/03/10 09:50,05F0000S,05F0055S,32,265,43
2025/03/10 09:50,05F0000S,05F0055S,41,269,5
2025/03/10 09:50,05F0000S,05F0055S,42,0,0
2025/03/10 09:50,05F0000S,05F0055S,5,0,0
2025/03/10 09:50,05F0055S,05F0287S,31,1159,132
2025/03/10 09:50,05F0055S,05F0287S,32,1170,46
2025/03/10 09:50,05F0055S,05F0287S,41,1183,8
2025/03/10 09:50,05F0055S,05F0287S,42,0,0
2025/03/10 09:50,05F0055S,05F0287S,5,0,0
2025/03/10 09:50,05F0287S,05F0309S,31,89,79
2025/03/10 09:50,05F0287S,05F0309S,32,91,26
2025/03/10 09:50,05F0287S,05F0309S,41,93,6
2025/03/10 09:50,05F0287S,05F0309S,42,0,0
2025/03/10 09:50,05F0287S,05F0309S,5,0,0
2025/03/10 09:50,05F0309S,05F0439S,31,500,43
2025/03/10 09:50,05F0309S,05F0439S,32,491,20
2025/03/10 09:50,05F0309S,05F0439S,41,563,6
2025/03/10 09:50,05F0309S,05F0439S,42,496,2
2025/03/10 09:50,05F0309S,05F0439S,5,565,2
2025/03/10 09:50,05F0439S,05F0494S,31,209,23
2025/03/10 09:50,05F0439S,05F0494S,32,204,10
2025/03/10 09:50,05F0439S,05F0494S,41,0,0
2025/03/10 09:50,05F0439S,05F0494S,42,0,0
2025/03/10 09:50,05F0439S,05F0494S,5,221,4
2025/03/10 09:55,05F0000S,05F0055S,31,270,118
2025/03/10 09:55,05F0000S,05F0055S,32,270,43
2025/03/10 09:55,05F0000S,05F0055S,41,262,3
2025/03/10 09:55,05F0000S,05F0055S,42,0,0
2025/03/10 09:55,05F0000S,05F0055S,5,0,0
2025/03/10 09:55,05F0055S,05F0287S,31,1157,143
2025/03/10 09:55,05F0055S,05F0287S,32,1161,61
2025/03/10 09:55,05F0055S,05F0287S,41,1184,11
2025/03/10 09:55,05F0055S,05F0287S,42,0,0
2025/03/10 09:55,05F0055S,05F0287S,5,0,0
2025/03/10 09:55,05F0287S,05F0309S,31,89,97
2025/03/10 09:55,05F0287S,05F0309S,32,90,42
2025/03/10 09:55,05F0287S,05F0309S,41,93,10
2025/03/10 09:55,05F0287S,05F0309S,42,0,0
2025/03/10 09:55,05F0287S,05F0309S,5,0,0
2025/03/10 09:55,05F0309S,05F0439S,31,488,67
2025/03/10 09:55,05F0309S,05F0439S,32,503,16
2025/03/10 09:55,05F0309S,05F0439S,41,544,2
2025/03/10 09:55,05F0309S,05F0439S,42,0,0
2025/03/10 09:55,05F0309S,05F0439S,5,491,10
2025/03/10 09:55,05F0439S,05F0494S,31,200,25
2025/03/10 09:55,05F0439S,05F0494S,32,213,8
2025/03/10 09:55,05F0439S,05F0494S,41,246,1
2025/03/10 09:55,05F0439S,05F0494S,42,2670,1
2025/03/10 09:55,05F0439S,05F0494S,5,217,4
2025/03/10 10:00,05F0000S,05F0055S,31,281,115
2025/03/10 10:00,05F0000S,05F0055S,32,281,35
2025/03/10 10:00,05F0000S,05F0055S,41,288,5
2025/03/10 10:00,05F0000S,05F0055S,42,0,0
2025/03/10 10:00,05F0000S,05F0055S,5,0,0
2025/03/10 10:00,05F0055S,05F0287S,31,1132,128
2025/03/10 10:00,05F0055S,05F0287S,32,1135,49
2025/03/10 10:00,05F0055S,05F0287S,41,1124,11
2025/03/10 10:00,05F0055S,05F0287S,42,0,0
2025/03/10 10:00,05F0055S,05F0287S,5,0,0
2025/03/10 10:00,05F0287S,05F0309S,31,91,89
2025/03/10 10:00,05F0287S,05F0309S,32,93,42
2025/03/10 10:00,05F0287S,05F0309S,41,89,5
2025/03/10 10:00,05F0287S,05F0309S,42,0,0
2025/03/10 10:00,05F0287S,05F0309S,5,0,0
2025/03/10 10:00,05F0309S,05F0439S,31,480,49
2025/03/10 10:00,05F0309S,05F0439S,32,493,24
2025/03/10 10:00,05F0309S,05F0439S,41,525,7
2025/03/10 10:00,05F0309S,05F0439S,42,454,1
2025/03/10 10:00,05F0309S,05F0439S,5,473,3
2025/03/10 10:00,05F0439S,05F0494S,31,208,31
2025/03/10 10:00,05F0439S,05F0494S,32,224,8
2025/03/10 10:00,05F0439S,05F0494S,41,0,0
2025/03/10 10:00,05F0439S,05F0494S,42,238,1
2025/03/10 10:00,05F0439S,05F0494S,5,208,8
2025/03/10 10:05,05F0000S,05F0055S,31,288,123
2025/03/10 10:05,05F0000S,05F0055S,32,288,39
2025/03/10 10:05,05F0000S,05F0055S,41,286,7
2025/03/10 10:05,05F0000S,05F0055S,42,0,0
2025/03/10 10:05,05F0000S,05F0055S,5,0,0
2025/03/10 10:05,05F0055S,05F0287S,31,1144,151
2025/03/10 10:05,05F0055S,05F0287S,32,1144,48
2025/03/10 10:05,05F0055S,05F0287S,41,1150,7
2025/03/10 10:05,05F0055S,05F0287S,42,0,0
2025/03/10 10:05,05F0055S,05F0287S,5,0,0
2025/03/10 10:05,05F0287S,05F0309S,31,89,94
2025/03/10 10:05,05F0287S,05F0309S,32,91,33
2025/03/10 10:05,05F0287S,05F0309S,41,91,10
2025/03/10 10:05,05F0287S,05F0309S,42,0,0
2025/03/10 10:05,05F0287S,05F0309S,5,0,0
2025/03/10 10:05,05F0309S,05F0439S,31,497,65
2025/03/10 10:05,05F0309S,05F0439S,32,507,31
2025/03/10 10:05,05F0309S,05F0439S,41,517,3
2025/03/10 10:05,05F0309S,05F0439S,42,587,1
2025/03/10 10:05,05F0309S,05F0439S,5,530,5
2025/03/10 10:05,05F0439S,05F0494S,31,206,25
2025/03/10 10:05,05F0439S,05F0494S,32,208,14
2025/03/10 10:05,05F0439S,05F0494S,41,215,2
2025/03/10 10:05,05F0439S,05F0494S,42,187,2
2025/03/10 10:05,05F0439S,05F0494S,5,202,3
2025/03/10 10:10,05F0000S,05F0055S,31,276,119
2025/03/10 10:10,05F0000S,05F0055S,32,274,53
2025/03/10 10:10,05F0000S,05F0055S,41,271,7
2025/03/10 10:10,05F0000S,05F0055S,42,0,0
2025/03/10 10:10,05F0000S,05F0055S,5,0,0
2025/03/10 10:10,05F0055S,05F0287S,31,1154,140
2025/03/10 10:10,05F0055S,05F0287S,32,1157,51
2025/03/10 10:10,05F0055S,05F0287S,41,1155,4
2025/03/10 10:10,05F0055S,05F0287S,42,0,0
2025/03/10 10:10,05F0055S,05F0287S,5,0,0
2025/03/10 10:10,05F0287S,05F0309S,31,90,89
2025/03/10 10:10,05F0287S,05F0309S,32,92,31
2025/03/10 10:10,05F0287S,05F0309S,41,94,4
2025/03/10 10:10,05F0287S,05F0309S,42,0,0
2025/03/10 10:10,05F0287S,05F0309S,5,0,0
2025/03/10 10:10,05F0309S,05F0439S,31,494,66
2025/03/10 10:10,05F0309S,05F0439S,32,515,30
2025/03/10 10:10,05F0309S,05F0439S,41,534,8
2025/03/10 10:10,05F0309S,05F0439S,42,618,1
2025/03/10 10:10,05F0309S,05F0439S,5,490,6
2025/03/10 10:10,05F0439S,05F0494S,31,208,35
2025/03/10 10:10,05F0439S,05F0494S,32,202,15
2025/03/10 10:10,05F0439S,05F0494S,41,209,2
2025/03/10 10:10,05F0439S,05F0494S,42,239,1
2025/03/10 10:10,05F0439S,05F0494S,5,204,5
2025/03/10 10:15,05F0000S,05F0055S,31,268,124
2025/03/10 10:15,05F0000S,05F0055S,32,270,34
2025/03/10 10:15,05F0000S,05F0055S,41,271,4
2025/03/10 10:15,05F0000S,05F0055S,42,1905,1
2025/03/10 10:15,05F0000S,05F0055S,5,0,0
2025/03/10 10:15,05F0055S,05F0287S,31,1158,147
2025/03/10 10:15,05F0055S,05F0287S,32,1151,54
2025/03/10 10:15,05F0055S,05F0287S,41,1129,3
2025/03/10 10:15,05F0055S,05F0287S,42,0,0
2025/03/10 10:15,05F0055S,05F0287S,5,0,0
2025/03/10 10:15,05F0287S,05F0309S,31,90,101
2025/03/10 10:15,05F0287S,05F0309S,32,90,49
2025/03/10 10:15,05F0287S,05F0309S,41,99,3
2025/03/10 10:15,05F0287S,05F0309S,42,0,0
2025/03/10 10:15,05F0287S,05F0309S,5,0,0
2025/03/10 10:15,05F0309S,05F0439S,31,486,76
2025/03/10 10:15,05F0309S,05F0439S,32,490,18
2025/03/10 10:15,05F0309S,05F0439S,41,531,3
2025/03/10 10:15,05F0309S,05F0439S,42,569,2
2025/03/10 10:15,05F0309S,05F0439S,5,480,6
2025/03/10 10:15,05F0439S,05F0494S,31,204,36
2025/03/10 10:15,05F0439S,05F0494S,32,216,12
2025/03/10 10:15,05F0439S,05F0494S,41,236,2
2025/03/10 10:15,05F0439S,05F0494S,42,0,0
2025/03/10 10:15,05F0439S,05F0494S,5,216,1
2025/03/10 10:20,05F0000S,05F0055S,31,281,108
2025/03/10 10:20,05F0000S,05F0055S,32,280,55
2025/03/10 10:20,05F0000S,05F0055S,41,300,3
2025/03/10 10:20,05F0000S,05F0055S,42,267,1
2025/03/10 10:20,05F0000S,05F0055S,5,0,0
2025/03/10 10:20,05F0055S,05F0287S,31,1152,146
2025/03/10 10:20,05F0055S,05F0287S,32,1144,42
2025/03/10 10:20,05F0055S,05F0287S,41,1145,6
2025/03/10 10:20,05F0055S,05F0287S,42,0,0
2025/03/10 10:20,05F0055S,05F0287S,5,0,0
2025/03/10 10:20,05F0287S,05F0309S,31,89,116
2025/03/10 10:20,05F0287S,05F0309S,32,91,32
2025/03/10 10:20,05F0287S,05F0309S,41,95,4
2025/03/10 10:20,05F0287S,05F0309S,42,0,0
2025/03/10 10:20,05F0287S,05F0309S,5,0,0
2025/03/10 10:20,05F0309S,05F0439S,31,504,53
2025/03/10 10:20,05F0309S,05F0439S,32,489,28
2025/03/10 10:20,05F0309S,05F0439S,41,576,2
2025/03/10 10:20,05F0309S,05F0439S,42,0,0
2025/03/10 10:20,05F0309S,05F0439S,5,496,2
2025/03/10 10:20,05F0439S,05F0494S,31,203,19
2025/03/10 10:20,05F0439S,05F0494S,32,202,14
2025/03/10 10:20,05F0439S,05F0494S,41,0,0
2025/03/10 10:20,05F0439S,05F0494S,42,0,0
2025/03/10 10:20,05F0439S,05F0494S,5,199,4
2025/03/10 10:25,05F0000S,05F0055S,31,284,127
2025/03/10 10:25,05F0000S,05F0055S,32,285,52
2025/03/10 10:25,05F0000S,05F0055S,41,286,4
2025/03/10 10:25,05F0000S,05F0055S,42,0,0
2025/03/10 10:25,05F0000S,05F0055S,5,0,0
2025/03/10 10:25,05F0055S,05F0287S,31,1187,122
2025/03/10 10:25,05F0055S,05F0287S,32,1189,40
2025/03/10 10:25,05F0055S,05F0287S,41,1196,7
2025/03/10 10:25,05F0055S,05F0287S,42,0,0
2025/03/10 10:25,05F0055S,05F0287S,5,0,0
2025/03/10 10:25,05F0287S,05F0309S,31,89,92
2025/03/10 10:25,05F0287S,05F0309S,32,91,26
2025/03/10 10:25,05F0287S,05F0309S,41,91,5
2025/03/10 10:25,05F0287S,05F0309S,42,96,1
2025/03/10 10:25,05F0287S,05F0309S,5,0,0
2025/03/10 10:25,05F0309S,05F0439S,31,495,72
2025/03/10 10:25,05F0309S,05F0439S,32,497,28
2025/03/10 10:25,05F0309S,05F0439S,41,539,2
2025/03/10 10:25,05F0309S,05F0439S,42,597,2
2025/03/10 10:25,05F0309S,05F0439S,5,517,6
2025/03/10 10:25,05F0439S,05F0494S,31,210,29
2025/03/10 10:25,05F0439S,05F0494S,32,205,23
2025/03/10 10:25,05F0439S,05F0494S,41,0,0
2025/03/10 10:25,05F0439S,05F0494S,42,194,1
2025/03/10 10:25,05F0439S,05F0494S,5,212,4
2025/03/10 10:30,05F0000S,05F0055S,31,300,115
2025/03/10 10:30,05F0000S,05F0055S,32,298,45
2025/03/10 10:30,05F0000S,05F0055S,41,298,6
2025/03/10 10:30,05F0000S,05F0055S,42,286,1
2025/03/10 10:30,05F0000S,05F0055S,5,0,0
2025/03/10 10:30,05F0055S,05F0287S,31,1215,139
2025/03/10 10:30,05F0055S,05F0287S,32,1220,63
2025/03/10 10:30,05F0055S,05F0287S,41,1219,9
2025/03/10 10:30,05F0055S,05F0287S,42,0,0
2025/03/10 10:30,05F0055S,05F0287S,5,0,0
2025/03/10 10:30,05F0287S,05F0309S,31,90,84
2025/03/10 10:30,05F0287S,05F0309S,32,90,47
2025/03/10 10:30,05F0287S,05F0309S,41,94,6
2025/03/10 10:30,05F0287S,05F0309S,42,0,0
2025/03/10 10:30,05F0287S,05F0309S,5,0,0
2025/03/10 10:30,05F0309S,05F0439S,31,494,78
2025/03/10 10:30,05F0309S,05F0439S,32,506,18
2025/03/10 10:30,05F0309S,05F0439S,41,518,3
2025/03/10 10:30,05F0309S,05F0439S,42,0,0
2025/03/10 10:30,05F0309S,05F0439S,5,580,2
2025/03/10 10:30,05F0439S,05F0494S,31,203,45
2025/03/10 10:30,05F0439S,05F0494S,32,216,16
2025/03/10 10:30,05F0439S,05F0494S,41,0,0
2025/03/10 10:30,05F0439S,05F0494S,42,215,1
2025/03/10 10:30,05F0439S,05F0494S,5,221,4
2025/03/10 10:35,05F0000S,05F0055S,31,344,126
2025/03/10 10:35,05F0000S,05F0055S,32,347,53
2025/03/10 10:35,05F0000S,05F0055S,41,346,4
2025/03/10 10:35,05F0000S,05F0055S,42,0,0
2025/03/10 10:35,05F0000S,05F0055S,5,0,0
2025/03/10 10:35,05F0055S,05F0287S,31,1233,143
2025/03/10 10:35,05F0055S,05F0287S,32,1227,40
2025/03/10 10:35,05F0055S,05F0287S,41,1220,4
2025/03/10 10:35,05F0055S,05F0287S,42,0,0
2025/03/10 10:35,05F0055S,05F0287S,5,0,0
2025/03/10 10:35,05F0287S,05F0309S,31,90,100
2025/03/10 10:35,05F0287S,05F0309S,32,90,33
2025/03/10 10:35,05F0287S,05F0309S,41,92,5
2025/03/10 10:35,05F0287S,05F0309S,42,0,0
2025/03/10 10:35,05F0287S,05F0309S,5,0,0
2025/03/10 10:35,05F0309S,05F0439S,31,486,61
2025/03/10 10:35,05F0309S,05F0439S,32,493,14
2025/03/10 10:35,05F0309S,05F0439S,41,533,6
2025/03/10 10:35,05F0309S,05F0439S,42,579,2
2025/03/10 10:35,05F0309S,05F0439S,5,518,3
2025/03/10 10:35,05F0439S,05F0494S,31,205,37
2025/03/10 10:35,05F0439S,05F0494S,32,206,11
2025/03/10 10:35,05F0439S,05F0494S,41,184,2
2025/03/10 10:35,05F0439S,05F0494S,42,224,2
2025/03/10 10:35,05F0439S,05F0494S,5,239,3
2025/03/10 10:40,05F0000S,05F0055S,31,352,135
2025/03/10 10:40,05F0000S,05F0055S,32,353,34
2025/03/10 10:40,05F0000S,05F0055S,41,351,5
2025/03/10 10:40,05F0000S,05F0055S,42,0,0
2025/03/10 10:40,05F0000S,05F0055S,5,0,0
2025/03/10 10:40,05F0055S,05F0287S,31,1242,120
2025/03/10 10:40,05F0055S,05F0287S,32,1251,54
2025/03/10 10:40,05F0055S,05F0287S,41,1215,10
2025/03/10 10:40,05F0055S,05F0287S,42,1224,1
2025/03/10 10:40,05F0055S,05F0287S,5,0,0
2025/03/10 10:40,05F0287S,05F0309S,31,91,83
2025/03/10 10:40,05F0287S,05F0309S,32,93,35
2025/03/10 10:40,05F0287S,05F0309S,41,99,1
2025/03/10 10:40,05F0287S,05F0309S,42,104,2
2025/03/10 10:40,05F0287S,05F0309S,5,0,0
2025/03/10 10:40,05F0309S,05F0439S,31,495,71
2025/03/10 10:40,05F0309S,05F0439S,32,507,38
2025/03/10 10:40,05F0309S,05F0439S,41,532,10
2025/03/10 10:40,05F0309S,05F0439S,42,606,1
2025/03/10 10:40,05F0309S,05F0439S,5,518,9
2025/03/10 10:40,05F0439S,05F0494S,31,207,25
2025/03/10 10:40,05F0439S,05F0494S,32,215,8
2025/03/10 10:40,05F0439S,05F0494S,41,221,8
2025/03/10 10:40,05F0439S,05F0494S,42,233,3
2025/03/10 10:40,05F0439S,05F0494S,5,211,5
2025/03/10 10:45,05F0000S,05F0055S,31,364,139
2025/03/10 10:45,05F0000S,05F0055S,32,365,36
2025/03/10 10:45,05F0000S,05F0055S,41,363,3
2025/03/10 10:45,05F0000S,05F0055S,42,1135,1
2025/03/10 10:45,05F0000S,05F0055S,5,0,0
2025/03/10 10:45,05F0055S,05F0287S,31,1287,133
2025/03/10 10:45,05F0055S,05F0287S,32,1285,57
2025/03/10 10:45,05F0055S,05F0287S,41,1267,2
2025/03/10 10:45,05F0055S,05F0287S,42,0,0
2025/03/10 10:45,05F0055S,05F0287S,5,0,0
2025/03/10 10:45,05F0287S,05F0309S,31,89,91
2025/03/10 10:45,05F0287S,05F0309S,32,90,44
2025/03/10 10:45,05F0287S,05F0309S,41,97,3
2025/03/10 10:45,05F0287S,05F0309S,42,0,0
2025/03/10 10:45,05F0287S,05F0309S,5,0,0
2025/03/10 10:45,05F0309S,05F0439S,31,500,64
2025/03/10 10:45,05F0309S,05F0439S,32,516,19
2025/03/10 10:45,05F0309S,05F0439S,41,502,2
2025/03/10 10:45,05F0309S,05F0439S,42,540,1
2025/03/10 10:45,05F0309S,05F0439S,5,497,5
2025/03/10 10:45,05F0439S,05F0494S,31,203,31
2025/03/10 10:45,05F0439S,05F0494S,32,202,9
2025/03/10 10:45,05F0439S,05F0494S,41,199,1
2025/03/10 10:45,05F0439S,05F0494S,42,0,0
2025/03/10 10:45,05F0439S,05F0494S,5,211,11
2025/03/10 10:50,05F0000S,05F0055S,31,386,135
2025/03/10 10:50,05F0000S,05F0055S,32,386,47
2025/03/10 10:50,05F0000S,05F0055S,41,392,8
2025/03/10 10:50,05F0000S,05F0055S,42,0,0
2025/03/10 10:50,05F0000S,05F0055S,5,0,0
2025/03/10 10:50,05F0055S,05F0287S,31,1309,142
2025/03/10 10:50,05F0055S,05F0287S,32,1310,56
2025/03/10 10:50,05F0055S,05F0287S,41,1261,8
2025/03/10 10:50,05F0055S,05F0287S,42,1268,1
2025/03/10 10:50,05F0055S,05F0287S,5,0,0
2025/03/10 10:50,05F0287S,05F0309S,31,91,95
2025/03/10 10:50,05F0287S,05F0309S,32,91,46
2025/03/10 10:50,05F0287S,05F0309S,41,95,3
2025/03/10 10:50,05F0287S,05F0309S,42,0,0
2025/03/10 10:50,05F0287S,05F0309S,5,0,0
2025/03/10 10:50,05F0309S,05F0439S,31,494,54
2025/03/10 10:50,05F0309S,05F0439S,32,510,30
2025/03/10 10:50,05F0309S,05F0439S,41,554,2
2025/03/10 10:50,05F0309S,05F0439S,42,0,0
2025/03/10 10:50,05F0309S,05F0439S,5,505,9
2025/03/10 10:50,05F0439S,05F0494S,31,201,22
2025/03/10 10:50,05F0439S,05F0494S,32,206,5
2025/03/10 10:50,05F0439S,05F0494S,41,0,0
2025/03/10 10:50,05F0439S,05F0494S,42,228,1
2025/03/10 10:50,05F0439S,05F0494S,5,204,5
2025/03/10 10:55,05F0000S,05F0055S,31,412,141
2025/03/10 10:55,05F0000S,05F0055S,32,409,36
2025/03/10 10:55,05F0000S,05F0055S,41,429,3
2025/03/10 10:55,05F0000S,05F0055S,42,0,0
2025/03/10 10:55,05F0000S,05F0055S,5,0,0
2025/03/10 10:55,05F0055S,05F0287S,31,1315,130
2025/03/10 10:55,05F0055S,05F0287S,32,1316,50
2025/03/10 10:55,05F0055S,05F0287S,41,1307,5
2025/03/10 10:55,05F0055S,05F0287S,42,0,0
2025/03/10 10:55,05F0055S,05F0287S,5,0,0
2025/03/10 10:55,05F0287S,05F0309S,31,91,91
2025/03/10 10:55,05F0287S,05F0309S,32,91,35
2025/03/10 10:55,05F0287S,05F0309S,41,95,5
2025/03/10 10:55,05F0287S,05F0309S,42,0,0
2025/03/10 10:55,05F0287S,05F0309S,5,0,0
2025/03/10 10:55,05F0309S,05F0439S,31,492,51
2025/03/10 10:55,05F0309S,05F0439S,32,513,24
2025/03/10 10:55,05F0309S,05F0439S,41,531,5
2025/03/10 10:55,05F0309S,05F0439S,42,509,1
2025/03/10 10:55,05F0309S,05F0439S,5,492,7
2025/03/10 10:55,05F0439S,05F0494S,31,206,23
2025/03/10 10:55,05F0439S,05F0494S,32,217,14
2025/03/10 10:55,05F0439S,05F0494S,41,0,0
2025/03/10 10:55,05F0439S,05F0494S,42,0,0
2025/03/10 10:55,05F0439S,05F0494S,5,211,8
2025/03/10 11:00,05F0000S,05F0055S,31,415,134
2025/03/10 11:00,05F0000S,05F0055S,32,413,35
2025/03/10 11:00,05F0000S,05F0055S,41,426,7
2025/03/10 11:00,05F0000S,05F0055S,42,0,0
2025/03/10 11:00,05F0000S,05F0055S,5,0,0
2025/03/10 11:00,05F0055S,05F0287S,31,1334,150
2025/03/10 11:00,05F0055S,05F0287S,32,1321,50
2025/03/10 11:00,05F0055S,05F0287S,41,1294,8
2025/03/10 11:00,05F0055S,05F0287S,42,0,0
2025/03/10 11:00,05F0055S,05F0287S,5,0,0
2025/03/10 11:00,05F0287S,05F0309S,31,89,91
2025/03/10 11:00,05F0287S,05F0309S,32,89,45
2025/03/10 11:00,05F0287S,05F0309S,41,90,8
2025/03/10 11:00,05F0287S,05F0309S,42,0,0
2025/03/10 11:00,05F0287S,05F0309S,5,0,0
2025/03/10 11:00,05F0309S,05F0439S,31,502,60
2025/03/10 11:00,05F0309S,05F0439S,32,505,35
2025/03/10 11:00,05F0309S,05F0439S,41,538,3
2025/03/10 11:00,05F0309S,05F0439S,42,572,1
2025/03/10 11:00,05F0309S,05F0439S,5,569,5
2025/03/10 11:00,05F0439S,05F0494S,31,211,28
2025/03/10 11:00,05F0439S,05F0494S,32,221,12
2025/03/10 11:00,05F0439S,05F0494S,41,0,0
2025/03/10 11:00,05F0439S,05F0494S,42,233,1
2025/03/10 11:00,05F0439S,05F0494S,5,206,8
2025/03/10 11:05,05F0000S,05F0055S,31,415,141
2025/03/10 11:05,05F0000S,05F0055S,32,418,51
2025/03/10 11:05,05F0000S,05F0055S,41,430,3
2025/03/10 11:05,05F0000S,05F0055S,42,0,0
2025/03/10 11:05,05F0000S,05F0055S,5,0,0
2025/03/10 11:05,05F0055S,05F0287S,31,1342,163
2025/03/10 11:05,05F0055S,05F0287S,32,1355,41
2025/03/10 11:05,05F0055S,05F0287S,41,1284,3
2025/03/10 11:05,05F0055S,05F0287S,42,0,0
2025/03/10 11:05,05F0055S,05F0287S,5,0,0
2025/03/10 11:05,05F0287S,05F0309S,31,91,113
2025/03/10 11:05,05F0287S,05F0309S,32,94,29
2025/03/10 11:05,05F0287S,05F0309S,41,94,3
2025/03/10 11:05,05F0287S,05F0309S,42,0,0
2025/03/10 11:05,05F0287S,05F0309S,5,0,0
2025/03/10 11:05,05F0309S,05F0439S,31,511,62
2025/03/10 11:05,05F0309S,05F0439S,32,515,31
2025/03/10 11:05,05F0309S,05F0439S,41,524,4
2025/03/10 11:05,05F0309S,05F0439S,42,483,1
2025/03/10 11:05,05F0309S,05F0439S,5,524,5
2025/03/10 11:05,05F0439S,05F0494S,31,209,22
2025/03/10 11:05,05F0439S,05F0494S,32,216,16
2025/03/10 11:05,05F0439S,05F0494S,41,200,1
2025/03/10 11:05,05F0439S,05F0494S,42,239,1
2025/03/10 11:05,05F0439S,05F0494S,5,219,3
2025/03/10 11:10,05F0000S,05F0055S,31,426,127
2025/03/10 11:10,05F0000S,05F0055S,32,432,41
2025/03/10 11:10,05F0000S,05F0055S,41,455,3
2025/03/10 11:10,05F0000S,05F0055S,42,0,0
2025/03/10 11:10,05F0000S,05F0055S,5,0,0
2025/03/10 11:10,05F0055S,05F0287S,31,1376,152
2025/03/10 11:10,05F0055S,05F0287S,32,1377,43
2025/03/10 11:10,05F0055S,05F0287S,41,1326,5
2025/03/10 11:10,05F0055S,05F0287S,42,1559,1
2025/03/10 11:10,05F0055S,05F0287S,5,0,0
2025/03/10 11:10,05F0287S,05F0309S,31,91,99
2025/03/10 11:10,05F0287S,05F0309S,32,91,25
2025/03/10 11:10,05F0287S,05F0309S,41,91,3
2025/03/10 11:10,05F0287S,05F0309S,42,0,0
2025/03/10 11:10,05F0287S,05F0309S,5,0,0
2025/03/10 11:10,05F0309S,05F0439S,31,489,64
2025/03/10 11:10,05F0309S,05F0439S,32,503,16
2025/03/10 11:10,05F0309S,05F0439S,41,530,4
2025/03/10 11:10,05F0309S,05F0439S,42,530,2
2025/03/10 11:10,05F0309S,05F0439S,5,500,7
2025/03/10 11:10,05F0439S,05F0494S,31,204,24
2025/03/10 11:10,05F0439S,05F0494S,32,210,14
2025/03/10 11:10,05F0439S,05F0494S,41,0,0
2025/03/10 11:10,05F0439S,05F0494S,42,0,0
2025/03/10 11:10,05F0439S,05F0494S,5,214,6
2025/03/10 11:15,05F0000S,05F0055S,31,411,132
2025/03/10 11:15,05F0000S,05F0055S,32,414,51
2025/03/10 11:15,05F0000S,05F0055S,41,443,5
2025/03/10 11:15,05F0000S,05F0055S,42,0,0
2025/03/10 11:15,05F0000S,05F0055S,5,0,0
2025/03/10 11:15,05F0055S,05F0287S,31,1372,158
2025/03/10 11:15,05F0055S,05F0287S,32,1340,48
2025/03/10 11:15,05F0055S,05F0287S,41,1316,7
2025/03/10 11:15,05F0055S,05F0287S,42,0,0
2025/03/10 11:15,05F0055S,05F0287S,5,0,0
2025/03/10 11:15,05F0287S,05F0309S,31,90,109
2025/03/10 11:15,05F0287S,05F0309S,32,91,38
2025/03/10 11:15,05F0287S,05F0309S,41,92,6
2025/03/10 11:15,05F0287S,05F0309S,42,0,0
2025/03/10 11:15,05F0287S,05F0309S,5,0,0
2025/03/10 11:15,05F0309S,05F0439S,31,497,71
2025/03/10 11:15,05F0309S,05F0439S,32,519,28
2025/03/10 11:15,05F0309S,05F0439S,41,499,1
2025/03/10 11:15,05F0309S,05F0439S,42,0,0
2025/03/10 11:15,05F0309S,05F0439S,5,486,6
2025/03/10 11:15,05F0439S,05F0494S,31,203,18
2025/03/10 11:15,05F0439S,05F0494S,32,212,8
2025/03/10 11:15,05F0439S,05F0494S,41,209,1
2025/03/10 11:15,05F0439S,05F0494S,42,226,1
2025/03/10 11:15,05F0439S,05F0494S,5,203,3
2025/03/10 11:20,05F0000S,05F0055S,31,383,135
2025/03/10 11:20,05F0000S,05F0055S,32,379,49
2025/03/10 11:20,05F0000S,05F0055S,41,383,11
2025/03/10 11:20,05F0000S,05F0055S,42,0,0
2025/03/10 11:20,05F0000S,05F0055S,5,0,0
2025/03/10 11:20,05F0055S,05F0287S,31,1364,159
2025/03/10 11:20,05F0055S,05F0287S,32,1371,41
2025/03/10 11:20,05F0055S,05F0287S,41,1346,2
2025/03/10 11:20,05F0055S,05F0287S,42,0,0
2025/03/10 11:20,05F0055S,05F0287S,5,0,0
2025/03/10 11:20,05F0287S,05F0309S,31,90,96
2025/03/10 11:20,05F0287S,05F0309S,32,93,30
2025/03/10 11:20,05F0287S,05F0309S,41,1579,2
2025/03/10 11:20,05F0287S,05F0309S,42,0,0
2025/03/10 11:20,05F0287S,05F0309S,5,0,0
2025/03/10 11:20,05F0309S,05F0439S,31,494,50
2025/03/10 11:20,05F0309S,05F0439S,32,499,18
2025/03/10 11:20,05F0309S,05F0439S,41,516,2
2025/03/10 11:20,05F0309S,05F0439S,42,477,1
2025/03/10 11:20,05F0309S,05F0439S,5,512,8
2025/03/10 11:20,05F0439S,05F0494S,31,211,34
2025/03/10 11:20,05F0439S,05F0494S,32,219,13
2025/03/10 11:20,05F0439S,05F0494S,41,209,1
2025/03/10 11:20,05F0439S,05F0494S,42,0,0
2025/03/10 11:20,05F0439S,05F0494S,5,212,5
2025/03/10 11:25,05F0000S,05F0055S,31,379,127
2025/03/10 11:25,05F0000S,05F0055S,32,375,49
2025/03/10 11:25,05F0000S,05F0055S,41,392,5
2025/03/10 11:25,05F0000S,05F0055S,42,0,0
2025/03/10 11:25,05F0000S,05F0055S,5,0,0
2025/03/10 11:25,05F0055S,05F0287S,31,1361,155
2025/03/10 11:25,05F0055S,05F0287S,32,1363,50
2025/03/10 11:25,05F0055S,05F0287S,41,1372,8
2025/03/10 11:25,05F0055S,05F0287S,42,0,0
2025/03/10 11:25,05F0055S,05F0287S,5,0,0
2025/03/10 11:25,05F0287S,05F0309S,31,92,110
2025/03/10 11:25,05F0287S,05F0309S,32,94,30
2025/03/10 11:25,05F0287S,05F0309S,41,93,5
2025/03/10 11:25,05F0287S,05F0309S,42,0,0
2025/03/10 11:25,05F0287S,05F0309S,5,0,0
2025/03/10 11:25,05F0309S,05F0439S,31,492,75
2025/03/10 11:25,05F0309S,05F0439S,32,507,22
2025/03/10 11:25,05F0309S,05F0439S,41,530,2
2025/03/10 11:25,05F0309S,05F0439S,42,581,1
2025/03/10 11:25,05F0309S,05F0439S,5,501,3
2025/03/10 11:25,05F0439S,05F0494S,31,212,28
2025/03/10 11:25,05F0439S,05F0494S,32,204,9
2025/03/10 11:25,05F0439S,05F0494S,41,0,0
2025/03/10 11:25,05F0439S,05F0494S,42,244,1
2025/03/10 11:25,05F0439S,05F0494S,5,214,3
2025/03/10 11:30,05F0000S,05F0055S,31,365,146
2025/03/10 11:30,05F0000S,05F0055S,32,366,45
2025/03/10 11:30,05F0000S,05F0055S,41,364,4
2025/03/10 11:30,05F0000S,05F0055S,42,0,0
2025/03/10 11:30,05F0000S,05F0055S,5,0,0
2025/03/10 11:30,05F0055S,05F0287S,31,1352,144
2025/03/10 11:30,05F0055S,05F0287S,32,1355,67
2025/03/10 11:30,05F0055S,05F0287S,41,1367,4
2025/03/10 11:30,05F0055S,05F0287S,42,0,0
2025/03/10 11:30,05F0055S,05F0287S,5,0,0
2025/03/10 11:30,05F0287S,05F0309S,31,91,98
2025/03/10 11:30,05F0287S,05F0309S,32,92,41
2025/03/10 11:30,05F0287S,05F0309S,41,94,3
2025/03/10 11:30,05F0287S,05F0309S,42,825,1
2025/03/10 11:30,05F0287S,05F0309S,5,0,0
2025/03/10 11:30,05F0309S,05F0439S,31,490,60
2025/03/10 11:30,05F0309S,05F0439S,32,509,27
2025/03/10 11:30,05F0309S,05F0439S,41,0,0
2025/03/10 11:30,05F0309S,05F0439S,42,0,0
2025/03/10 11:30,05F0309S,05F0439S,5,489,4
2025/03/10 11:30,05F0439S,05F0494S,31,216,39
2025/03/10 11:30,05F0439S,05F0494S,32,206,4
2025/03/10 11:30,05F0439S,05F0494S,41,231,2
2025/03/10 11:30,05F0439S,05F0494S,42,225,2
2025/03/10 11:30,05F0439S,05F0494S,5,224,2
2025/03/10 11:35,05F0000S,05F0055S,31,335,132
2025/03/10 11:35,05F0000S,05F0055S,32,339,48
2025/03/10 11:35,05F0000S,05F0055S,41,330,5
2025/03/10 11:35,05F0000S,05F0055S,42,0,0
2025/03/10 11:35,05F0000S,05F0055S,5,0,0
2025/03/10 11:35,05F0055S,05F0287S,31,1347,147
2025/03/10 11:35,05F0055S,05F0287S,32,1351,61
2025/03/10 11:35,05F0055S,05F0287S,41,1335,5
2025/03/10 11:35,05F0055S,05F0287S,42,0,0
2025/03/10 11:35,05F0055S,05F0287S,5,0,0
2025/03/10 11:35,05F0287S,05F0309S,31,90,93
2025/03/10 11:35,05F0287S,05F0309S,32,91,44
2025/03/10 11:35,05F0287S,05F0309S,41,89,2
2025/03/10 11:35,05F0287S,05F0309S,42,0,0
2025/03/10 11:35,05F0287S,05F0309S,5,0,0
2025/03/10 11:35,05F0309S,05F0439S,31,494,82
2025/03/10 11:35,05F0309S,05F0439S,32,512,24
2025/03/10 11:35,05F0309S,05F0439S,41,530,2
2025/03/10 11:35,05F0309S,05F0439S,42,0,0
2025/03/10 11:35,05F0309S,05F0439S,5,494,4
2025/03/10 11:35,05F0439S,05F0494S,31,206,21
2025/03/10 11:35,05F0439S,05F0494S,32,213,14
2025/03/10 11:35,05F0439S,05F0494S,41,0,0
2025/03/10 11:35,05F0439S,05F0494S,42,238,1
2025/03/10 11:35,05F0439S,05F0494S,5,221,4
2025/03/10 11:40,05F0000S,05F0055S,31,264,132
2025/03/10 11:40,05F0000S,05F0055S,32,261,23
2025/03/10 11:40,05F0000S,05F0055S,41,262,3
2025/03/10 11:40,05F0000S,05F0055S,42,0,0
2025/03/10 11:40,05F0000S,05F0055S,5,0,0
2025/03/10 11:40,05F0055S,05F0287S,31,1342,148
2025/03/10 11:40,05F0055S,05F0287S,32,1342,52
2025/03/10 11:40,05F0055S,05F0287S,41,1368,4
2025/03/10 11:40,05F0055S,05F0287S,42,0,0
2025/03/10 11:40,05F0055S,05F0287S,5,0,0
2025/03/10 11:40,05F0287S,05F0309S,31,90,96
2025/03/10 11:40,05F0287S,05F0309S,32,93,41
2025/03/10 11:40,05F0287S,05F0309S,41,97,2
2025/03/10 11:40,05F0287S,05F0309S,42,0,0
2025/03/10 11:40,05F0287S,05F0309S,5,0,0
2025/03/10 11:40,05F0309S,05F0439S,31,497,43
2025/03/10 11:40,05F0309S,05F0439S,32,502,23
2025/03/10 11:40,05F0309S,05F0439S,41,509,2
2025/03/10 11:40,05F0309S,05F0439S,42,0,0
2025/03/10 11:40,05F0309S,05F0439S,5,502,4
2025/03/10 11:40,05F0439S,05F0494S,31,200,33
2025/03/10 11:40,05F0439S,05F0494S,32,217,10
2025/03/10 11:40,05F0439S,05F0494S,41,0,0
2025/03/10 11:40,05F0439S,05F0494S,42,0,0
2025/03/10 11:40,05F0439S,05F0494S,5,212,4
2025/03/10 11:45,05F0000S,05F0055S,31,256,89
2025/03/10 11:45,05F0000S,05F0055S,32,259,40
2025/03/10 11:45,05F0000S,05F0055S,41,261,5
2025/03/10 11:45,05F0000S,05F0055S,42,0,0
2025/03/10 11:45,05F0000S,05F0055S,5,0,0
2025/03/10 11:45,05F0055S,05F0287S,31,1346,157
2025/03/10 11:45,05F0055S,05F0287S,32,1346,40
2025/03/10 11:45,05F0055S,05F0287S,41,1374,10
2025/03/10 11:45,05F0055S,05F0287S,42,0,0
2025/03/10 11:45,05F0055S,05F0287S,5,0,0
2025/03/10 11:45,05F0287S,05F0309S,31,90,95
2025/03/10 11:45,05F0287S,05F0309S,32,91,31
2025/03/10 11:45,05F0287S,05F0309S,41,92,10
2025/03/10 11:45,05F0287S,05F0309S,42,0,0
2025/03/10 11:45,05F0287S,05F0309S,5,0,0
2025/03/10 11:45,05F0309S,05F0439S,31,503,68
2025/03/10 11:45,05F0309S,05F0439S,32,521,31
2025/03/10 11:45,05F0309S,05F0439S,41,0,0
2025/03/10 11:45,05F0309S,05F0439S,42,622,1
2025/03/10 11:45,05F0309S,05F0439S,5,525,4
2025/03/10 11:45,05F0439S,05F0494S,31,202,27
2025/03/10 11:45,05F0439S,05F0494S,32,206,12
2025/03/10 11:45,05F0439S,05F0494S,41,0,0
2025/03/10 11:45,05F0439S,05F0494S,42,0,0
2025/03/10 11:45,05F0439S,05F0494S,5,222,4
2025/03/10 11:50,05F0000S,05F0055S,31,270,133
2025/03/10 11:50,05F0000S,05F0055S,32,268,40
2025/03/10 11:50,05F0000S,05F0055S,41,260,4
2025/03/10 11:50,05F0000S,05F0055S,42,0,0
2025/03/10 11:50,05F0000S,05F0055S,5,0,0
2025/03/10 11:50,05F0055S,05F0287S,31,1349,158
2025/03/10 11:50,05F0055S,05F0287S,32,1342,64
2025/03/10 11:50,05F0055S,05F0287S,41,1326,5
2025/03/10 11:50,05F0055S,05F0287S,42,0,0
2025/03/10 11:50,05F0055S,05F0287S,5,0,0
2025/03/10 11:50,05F0287S,05F0309S,31,92,89
2025/03/10 11:50,05F0287S,05F0309S,32,93,43
2025/03/10 11:50,05F0287S,05F0309S,41,93,3
2025/03/10 11:50,05F0287S,05F0309S,42,0,0
2025/03/10 11:50,05F0287S,05F0309S,5,0,0
2025/03/10 11:50,05F0309S,05F0439S,31,490,73
2025/03/10 11:50,05F0309S,05F0439S,32,509,28
2025/03/10 11:50,05F0309S,05F0439S,41,535,1
2025/03/10 11:50,05F0309S,05F0439S,42,560,2
2025/03/10 11:50,05F0309S,05F0439S,5,549,2
2025/03/10 11:50,05F0439S,05F0494S,31,208,28
2025/03/10 11:50,05F0439S,05F0494S,32,214,12
2025/03/10 11:50,05F0439S,05F0494S,41,0,0
2025/03/10 11:50,05F0439S,05F0494S,42,246,1
2025/03/10 11:50,05F0439S,05F0494S,5,207,3
2025/03/10 11:55,05F0000S,05F0055S,31,253,115
2025/03/10 11:55,05F0000S,05F0055S,32,257,42
2025/03/10 11:55,05F0000S,05F0055S,41,264,6
2025/03/10 11:55,05F0000S,05F0055S,42,0,0
2025/03/10 11:55,05F0000S,05F0055S,5,0,0
2025/03/10 11:55,05F0055S,05F0287S,31,1382,152
2025/03/10 11:55,05F0055S,05F0287S,32,1290,54
2025/03/10 11:55,05F0055S,05F0287S,41,1257,6
2025/03/10 11:55,05F0055S,05F0287S,42,0,0
2025/03/10 11:55,05F0055S,05F0287S,5,0,0
2025/03/10 11:55,05F0287S,05F0309S,31,90,114
2025/03/10 11:55,05F0287S,05F0309S,32,92,37
2025/03/10 11:55,05F0287S,05F0309S,41,94,1
2025/03/10 11:55,05F0287S,05F0309S,42,0,0
2025/03/10 11:55,05F0287S,05F0309S,5,0,0
2025/03/10 11:55,05F0309S,05F0439S,31,494,65
2025/03/10 11:55,05F0309S,05F0439S,32,508,26
2025/03/10 11:55,05F0309S,05F0439S,41,525,3
2025/03/10 11:55,05F0309S,05F0439S,42,0,0
2025/03/10 11:55,05F0309S,05F0439S,5,495,3
2025/03/10 11:55,05F0439S,05F0494S,31,195,22
2025/03/10 11:55,05F0439S,05F0494S,32,216,10
2025/03/10 11:55,05F0439S,05F0494S,41,0,0
2025/03/10 11:55,05F0439S,05F0494S,42,0,0
2025/03/10 11:55,05F0439S,05F0494S,5,216,2
2025/03/10 12:00,05F0000S,05F0055S,31,261,116
2025/03/10 12:00,05F0000S,05F0055S,32,258,35
2025/03/10 12:00,05F0000S,05F0055S,41,251,1
2025/03/10 12:00,05F0000S,05F0055S,42,0,0
2025/03/10 12:00,05F0000S,05F0055S,5,0,0
2025/03/10 12:00,05F0055S,05F0287S,31,1423,152
2025/03/10 12:00,05F0055S,05F0287S,32,1421,44
2025/03/10 12:00,05F0055S,05F0287S,41,1252,3
2025/03/10 12:00,05F0055S,05F0287S,42,0,0
2025/03/10 12:00,05F0055S,05F0287S,5,0,0
2025/03/10 12:00,05F0287S,05F0309S,31,89,87
2025/03/10 12:00,05F0287S,05F0309S,32,90,34
2025/03/10 12:00,05F0287S,05F0309S,41,94,6
2025/03/10 12:00,05F0287S,05F0309S,42,0,0
2025/03/10 12:00,05F0287S,05F0309S,5,0,0
2025/03/10 12:00,05F0309S,05F0439S,31,501,63
2025/03/10 12:00,05F0309S,05F0439S,32,522,24
2025/03/10 12:00,05F0309S,05F0439S,41,533,3
2025/03/10 12:00,05F0309S,05F0439S,42,596,3
2025/03/10 12:00,05F0309S,05F0439S,5,565,3
2025/03/10 12:00,05F0439S,05F0494S,31,201,26
2025/03/10 12:00,05F0439S,05F0494S,32,209,12
2025/03/10 12:00,05F0439S,05F0494S,41,0,0
2025/03/10 12:00,05F0439S,05F0494S,42,0,0
2025/03/10 12:00,05F0439S,05F0494S,5,212,2
2025/03/10 12:05,05F0000S,05F0055S,31,252,101
2025/03/10 12:05,05F0000S,05F0055S,32,253,28
2025/03/10 12:05,05F0000S,05F0055S,41,258,7
2025/03/10 12:05,05F0000S,05F0055S,42,0,0
2025/03/10 12:05,05F0000S,05F0055S,5,0,0
2025/03/10 12:05,05F0055S,05F0287S,31,1397,145
2025/03/10 12:05,05F0055S,05F0287S,32,1317,36
2025/03/10 12:05,05F0055S,05F0287S,41,1207,6
2025/03/10 12:05,05F0055S,05F0287S,42,0,0
2025/03/10 12:05,05F0055S,05F0287S,5,0,0
2025/03/10 12:05,05F0287S,05F0309S,31,87,110
2025/03/10 12:05,05F0287S,05F0309S,32,87,23
2025/03/10 12:05,05F0287S,05F0309S,41,90,2
2025/03/10 12:05,05F0287S,05F0309S,42,0,0
2025/03/10 12:05,05F0287S,05F0309S,5,0,0
2025/03/10 12:05,05F0309S,05F0439S,31,495,70
2025/03/10 12:05,05F0309S,05F0439S,32,516,33
2025/03/10 12:05,05F0309S,05F0439S,41,544,2
2025/03/10 12:05,05F0309S,05F0439S,42,1889,2
2025/03/10 12:05,05F0309S,05F0439S,5,528,9
2025/03/10 12:05,05F0439S,05F0494S,31,202,33
2025/03/10 12:05,05F0439S,05F0494S,32,217,14
2025/03/10 12:05,05F0439S,05F0494S,41,0,0
2025/03/10 12:05,05F0439S,05F0494S,42,227,1
2025/03/10 12:05,05F0439S,05F0494S,5,218,4
2025/03/10 12:10,05F0000S,05F0055S,31,254,99
2025/03/10 12:10,05F0000S,05F0055S,32,257,37
2025/03/10 12:10,05F0000S,05F0055S,41,271,2
2025/03/10 12:10,05F0000S,05F0055S,42,0,0
2025/03/10 12:10,05F0000S,05F0055S,5,0,0
2025/03/10 12:10,05F0055S,05F0287S,31,1349,121
2025/03/10 12:10,05F0055S,05F0287S,32,1374,46
2025/03/10 12:10,05F0055S,05F0287S,41,1197,4
2025/03/10 12:10,05F0055S,05F0287S,42,0,0
2025/03/10 12:10,05F0055S,05F0287S,5,0,0
2025/03/10 12:10,05F0287S,05F0309S,31,88,82
2025/03/10 12:10,05F0287S,05F0309S,32,90,31
2025/03/10 12:10,05F0287S,05F0309S,41,94,5
2025/03/10 12:10,05F0287S,05F0309S,42,0,0
2025/03/10 12:10,05F0287S,05F0309S,5,0,0
2025/03/10 12:10,05F0309S,05F0439S,31,481,60
2025/03/10 12:10,05F0309S,05F0439S,32,493,13
2025/03/10 12:10,05F0309S,05F0439S,41,538,3
2025/03/10 12:10,05F0309S,05F0439S,42,0,0
2025/03/10 12:10,05F0309S,05F0439S,5,515,6
2025/03/10 12:10,05F0439S,05F0494S,31,213,38
2025/03/10 12:10,05F0439S,05F0494S,32,212,11
2025/03/10 12:10,05F0439S,05F0494S,41,0,0
2025/03/10 12:10,05F0439S,05F0494S,42,219,1
2025/03/10 12:10,05F0439S,05F0494S,5,233,2
2025/03/10 12:15,05F0000S,05F0055S,31,260,121
2025/03/10 12:15,05F0000S,05F0055S,32,256,42
2025/03/10 12:15,05F0000S,05F0055S,41,272,3
2025/03/10 12:15,05F0000S,05F0055S,42,0,0
2025/03/10 12:15,05F0000S,05F0055S,5,0,0
2025/03/10 12:15,05F0055S,05F0287S,31,1392,141
2025/03/10 12:15,05F0055S,05F0287S,32,1251,50
2025/03/10 12:15,05F0055S,05F0287S,41,1238,6
2025/03/10 12:15,05F0055S,05F0287S,42,0,0
2025/03/10 12:15,05F0055S,05F0287S,5,0,0
2025/03/10 12:15,05F0287S,05F0309S,31,86,83
2025/03/10 12:15,05F0287S,05F0309S,32,90,28
2025/03/10 12:15,05F0287S,05F0309S,41,95,4
2025/03/10 12:15,05F0287S,05F0309S,42,0,0
2025/03/10 12:15,05F0287S,05F0309S,5,0,0
2025/03/10 12:15,05F0309S,05F0439S,31,492,58
2025/03/10 12:15,05F0309S,05F0439S,32,514,18
2025/03/10 12:15,05F0309S,05F0439S,41,526,3
2025/03/10 12:15,05F0309S,05F0439S,42,0,0
2025/03/10 12:15,05F0309S,05F0439S,5,513,5
2025/03/10 12:15,05F0439S,05F0494S,31,206,35
2025/03/10 12:15,05F0439S,05F0494S,32,211,6
2025/03/10 12:15,05F0439S,05F0494S,41,0,0
2025/03/10 12:15,05F0439S,05F0494S,42,0,0
2025/03/10 12:15,05F0439S,05F0494S,5,213,7
2025/03/10 12:20,05F0000S,05F0055S,31,253,109
2025/03/10 12:20,05F0000S,05F0055S,32,254,39
2025/03/10 12:20,05F0000S,05F0055S,41,255,5
2025/03/10 12:20,05F0000S,05F0055S,42,0,0
2025/03/10 12:20,05F0000S,05F0055S,5,0,0
2025/03/10 12:20,05F0055S,05F0287S,31,1337,151
2025/03/10 12:20,05F0055S,05F0287S,32,1341,44
2025/03/10 12:20,05F0055S,05F0287S,41,1137,3
2025/03/10 12:20,05F0055S,05F0287S,42,0,0
2025/03/10 12:20,05F0055S,05F0287S,5,0,0
2025/03/10 12:20,05F0287S,05F0309S,31,88,90
2025/03/10 12:20,05F0287S,05F0309S,32,89,27
2025/03/10 12:20,05F0287S,05F0309S,41,0,0
2025/03/10 12:20,05F0287S,05F0309S,42,0,0
2025/03/10 12:20,05F0287S,05F0309S,5,0,0
2025/03/10 12:20,05F0309S,05F0439S,31,489,58
2025/03/10 12:20,05F0309S,05F0439S,32,503,19
2025/03/10 12:20,05F0309S,05F0439S,41,530,1
2025/03/10 12:20,05F0309S,05F0439S,42,0,0
2025/03/10 12:20,05F0309S,05F0439S,5,530,4
2025/03/10 12:20,05F0439S,05F0494S,31,204,28
2025/03/10 12:20,05F0439S,05F0494S,32,213,11
2025/03/10 12:20,05F0439S,05F0494S,41,0,0
2025/03/10 12:20,05F0439S,05F0494S,42,232,1
2025/03/10 12:20,05F0439S,05F0494S,5,212,4
2025/03/10 12:25,05F0000S,05F0055S,31,254,122
2025/03/10 12:25,05F0000S,05F0055S,32,252,31
2025/03/10 12:25,05F0000S,05F0055S,41,242,3
2025/03/10 12:25,05F0000S,05F0055S,42,0,0
2025/03/10 12:25,05F0000S,05F0055S,5,0,0
2025/03/10 12:25,05F0055S,05F0287S,31,1279,140
2025/03/10 12:25,05F0055S,05F0287S,32,1272,35
2025/03/10 12:25,05F0055S,05F0287S,41,1143,6
2025/03/10 12:25,05F0055S,05F0287S,42,0,0
2025/03/10 12:25,05F0055S,05F0287S,5,0,0
2025/03/10 12:25,05F0287S,05F0309S,31,89,95
2025/03/10 12:25,05F0287S,05F0309S,32,90,20
2025/03/10 12:25,05F0287S,05F0309S,41,92,4
2025/03/10 12:25,05F0287S,05F0309S,42,0,0
2025/03/10 12:25,05F0287S,05F0309S,5,0,0
2025/03/10 12:25,05F0309S,05F0439S,31,485,58
2025/03/10 12:25,05F0309S,05F0439S,32,515,23
2025/03/10 12:25,05F0309S,05F0439S,41,563,4
2025/03/10 12:25,05F0309S,05F0439S,42,586,2
2025/03/10 12:25,05F0309S,05F0439S,5,541,7
2025/03/10 12:25,05F0439S,05F0494S,31,207,33
2025/03/10 12:25,05F0439S,05F0494S,32,211,12
2025/03/10 12:25,05F0439S,05F0494S,41,0,0
2025/03/10 12:25,05F0439S,05F0494S,42,0,0
2025/03/10 12:25,05F0439S,05F0494S,5,218,6
2025/03/10 12:30,05F0000S,05F0055S,31,250,85
2025/03/10 12:30,05F0000S,05F0055S,32,250,31
2025/03/10 12:30,05F0000S,05F0055S,41,250,3
2025/03/10 12:30,05F0000S,05F0055S,42,0,0
2025/03/10 12:30,05F0000S,05F0055S,5,0,0
2025/03/10 12:30,05F0055S,05F0287S,31,1176,117
2025/03/10 12:30,05F0055S,05F0287S,32,1176,42
2025/03/10 12:30,05F0055S,05F0287S,41,1146,1
2025/03/10 12:30,05F0055S,05F0287S,42,0,0
2025/03/10 12:30,05F0055S,05F0287S,5,0,0
2025/03/10 12:30,05F0287S,05F0309S,31,87,79
2025/03/10 12:30,05F0287S,05F0309S,32,90,35
2025/03/10 12:30,05F0287S,05F0309S,41,89,1
2025/03/10 12:30,05F0287S,05F0309S,42,0,0
2025/03/10 12:30,05F0287S,05F0309S,5,0,0
2025/03/10 12:30,05F0309S,05F0439S,31,475,49
2025/03/10 12:30,05F0309S,05F0439S,32,507,15
2025/03/10 12:30,05F0309S,05F0439S,41,555,1
2025/03/10 12:30,05F0309S,05F0439S,42,515,2
2025/03/10 12:30,05F0309S,05F0439S,5,555,3
2025/03/10 12:30,05F0439S,05F0494S,31,207,26
2025/03/10 12:30,05F0439S,05F0494S,32,204,8
2025/03/10 12:30,05F0439S,05F0494S,41,231,1
2025/03/10 12:30,05F0439S,05F0494S,42,246,3
2025/03/10 12:30,05F0439S,05F0494S,5,223,5
2025/03/10 12:35,05F0000S,05F0055S,31,257,96
2025/03/10 12:35,05F0000S,05F0055S,32,257,29
2025/03/10 12:35,05F0000S,05F0055S,41,277,3
2025/03/10 12:35,05F0000S,05F0055S,42,0,0
2025/03/10 12:35,05F0000S,05F0055S,5,0,0
2025/03/10 12:35,05F0055S,05F0287S,31,1139,144
2025/03/10 12:35,05F0055S,05F0287S,32,1137,57
2025/03/10 12:35,05F0055S,05F0287S,41,1125,7
2025/03/10 12:35,05F0055S,05F0287S,42,0,0
2025/03/10 12:35,05F0055S,05F0287S,5,0,0
2025/03/10 12:35,05F0287S,05F0309S,31,87,91
2025/03/10 12:35,05F0287S,05F0309S,32,93,40
2025/03/10 12:35,05F0287S,05F0309S,41,92,6
2025/03/10 12:35,05F0287S,05F0309S,42,0,0
2025/03/10 12:35,05F0287S,05F0309S,5,0,0
2025/03/10 12:35,05F0309S,05F0439S,31,486,69
2025/03/10 12:35,05F0309S,05F0439S,32,503,17
2025/03/10 12:35,05F0309S,05F0439S,41,535,3
2025/03/10 12:35,05F0309S,05F0439S,42,639,2
2025/03/10 12:35,05F0309S,05F0439S,5,577,3
2025/03/10 12:35,05F0439S,05F0494S,31,206,27
2025/03/10 12:35,05F0439S,05F0494S,32,213,8
2025/03/10 12:35,05F0439S,05F0494S,41,0,0
2025/03/10 12:35,05F0439S,05F0494S,42,209,1
2025/03/10 12:35,05F0439S,05F0494S,5,225,2
2025/03/10 12:40,05F0000S,05F0055S,31,253,89
2025/03/10 12:40,05F0000S,05F0055S,32,254,19
2025/03/10 12:40,05F0000S,05F0055S,41,254,1
2025/03/10 12:40,05F0000S,05F0055S,42,0,0
2025/03/10 12:40,05F0000S,05F0055S,5,0,0
2025/03/10 12:40,05F0055S,05F0287S,31,1094,149
2025/03/10 12:40,05F0055S,05F0287S,32,1097,44
2025/03/10 12:40,05F0055S,05F0287S,41,1101,3
2025/03/10 12:40,05F0055S,05F0287S,42,0,0
2025/03/10 12:40,05F0055S,05F0287S,5,0,0
2025/03/10 12:40,05F0287S,05F0309S,31,88,105
2025/03/10 12:40,05F0287S,05F0309S,32,87,34
2025/03/10 12:40,05F0287S,05F0309S,41,92,6
2025/03/10 12:40,05F0287S,05F0309S,42,0,0
2025/03/10 12:40,05F0287S,05F0309S,5,0,0
2025/03/10 12:40,05F0309S,05F0439S,31,492,54
2025/03/10 12:40,05F0309S,05F0439S,32,500,22
2025/03/10 12:40,05F0309S,05F0439S,41,479,1
2025/03/10 12:40,05F0309S,05F0439S,42,0,0
2025/03/10 12:40,05F0309S,05F0439S,5,501,5
2025/03/10 12:40,05F0439S,05F0494S,31,202,32
2025/03/10 12:40,05F0439S,05F0494S,32,210,13
2025/03/10 12:40,05F0439S,05F0494S,41,0,0
2025/03/10 12:40,05F0439S,05F0494S,42,225,3
2025/03/10 12:40,05F0439S,05F0494S,5,219,3
2025/03/10 12:45,05F0000S,05F0055S,31,281,89
2025/03/10 12:45,05F0000S,05F0055S,32,295,41
2025/03/10 12:45,05F0000S,05F0055S,41,295,4
2025/03/10 12:45,05F0000S,05F0055S,42,0,0
2025/03/10 12:45,05F0000S,05F0055S,5,0,0
2025/03/10 12:45,05F0055S,05F0287S,31,1051,119
2025/03/10 12:45,05F0055S,05F0287S,32,1048,34
2025/03/10 12:45,05F0055S,05F0287S,41,1045,6
2025/03/10 12:45,05F0055S,05F0287S,42,0,0
2025/03/10 12:45,05F0055S,05F0287S,5,0,0
2025/03/10 12:45,05F0287S,05F0309S,31,86,106
2025/03/10 12:45,05F0287S,05F0309S,32,88,31
2025/03/10 12:45,05F0287S,05F0309S,41,93,4
2025/03/10 12:45,05F0287S,05F0309S,42,88,1
2025/03/10 12:45,05F0287S,05F0309S,5,0,0
2025/03/10 12:45,05F0309S,05F0439S,31,485,61
2025/03/10 12:45,05F0309S,05F0439S,32,496,32
2025/03/10 12:45,05F0309S,05F0439S,41,538,4
2025/03/10 12:45,05F0309S,05F0439S,42,0,0
2025/03/10 12:45,05F0309S,05F0439S,5,537,4
2025/03/10 12:45,05F0439S,05F0494S,31,205,23
2025/03/10 12:45,05F0439S,05F0494S,32,212,13
2025/03/10 12:45,05F0439S,05F0494S,41,0,0
2025/03/10 12:45,05F0439S,05F0494S,42,0,0
2025/03/10 12:45,05F0439S,05F0494S,5,201,6
2025/03/10 12:50,05F0000S,05F0055S,31,278,93
2025/03/10 12:50,05F0000S,05F0055S,32,276,31
2025/03/10 12:50,05F0000S,05F0055S,41,291,8
2025/03/10 12:50,05F0000S,05F0055S,42,0,0
2025/03/10 12:50,05F0000S,05F0055S,5,0,0
2025/03/10 12:50,05F0055S,05F0287S,31,1049,98
2025/03/10 12:50,05F0055S,05F0287S,32,1048,36
2025/03/10 12:50,05F0055S,05F0287S,41,1055,2
2025/03/10 12:50,05F0055S,05F0287S,42,0,0
2025/03/10 12:50,05F0055S,05F0287S,5,0,0
2025/03/10 12:50,05F0287S,05F0309S,31,87,47
2025/03/10 12:50,05F0287S,05F0309S,32,91,17
2025/03/10 12:50,05F0287S,05F0309S,41,91,2
2025/03/10 12:50,05F0287S,05F0309S,42,0,0
2025/03/10 12:50,05F0287S,05F0309S,5,0,0
2025/03/10 12:50,05F0309S,05F0439S,31,487,61
2025/03/10 12:50,05F0309S,05F0439S,32,488,21
2025/03/10 12:50,05F0309S,05F0439S,41,514,4
2025/03/10 12:50,05F0309S,05F0439S,42,486,2
2025/03/10 12:50,05F0309S,05F0439S,5,511,2
2025/03/10 12:50,05F0439S,05F0494S,31,207,31
2025/03/10 12:50,05F0439S,05F0494S,32,210,21
2025/03/10 12:50,05F0439S,05F0494S,41,0,0
2025/03/10 12:50,05F0439S,05F0494S,42,229,1
2025/03/10 12:50,05F0439S,05F0494S,5,230,3
2025/03/10 12:55,05F0000S,05F0055S,31,289,92
2025/03/10 12:55,05F0000S,05F0055S,32,283,30
2025/03/10 12:55,05F0000S,05F0055S,41,275,2
2025/03/10 12:55,05F0000S,05F0055S,42,0,0
2025/03/10 12:55,05F0000S,05F0055S,5,0,0
2025/03/10 12:55,05F0055S,05F0287S,31,1015,102
2025/03/10 12:55,05F0055S,05F0287S,32,1020,25
2025/03/10 12:55,05F0055S,05F0287S,41,1061,1
2025/03/10 12:55,05F0055S,05F0287S,42,0,0
2025/03/10 12:55,05F0055S,05F0287S,5,0,0
2025/03/10 12:55,05F0287S,05F0309S,31,87,88
2025/03/10 12:55,05F0287S,05F0309S,32,88,30
2025/03/10 12:55,05F0287S,05F0309S,41,90,1
2025/03/10 12:55,05F0287S,05F0309S,42,0,0
2025/03/10 12:55,05F0287S,05F0309S,5,0,0
2025/03/10 12:55,05F0309S,05F0439S,31,479,53
2025/03/10 12:55,05F0309S,05F0439S,32,493,17
2025/03/10 12:55,05F0309S,05F0439S,41,510,2
2025/03/10 12:55,05F0309S,05F0439S,42,526,1
2025/03/10 12:55,05F0309S,05F0439S,5,544,3
2025/03/10 12:55,05F0439S,05F0494S,31,204,27
2025/03/10 12:55,05F0439S,05F0494S,32,211,9
2025/03/10 12:55,05F0439S,05F0494S,41,0,0
2025/03/10 12:55,05F0439S,05F0494S,42,240,3
2025/03/10 12:55,05F0439S,05F0494S,5,217,2
2025/03/10 13:00,05F0000S,05F0055S,31,271,102
2025/03/10 13:00,05F0000S,05F0055S,32,280,30
2025/03/10 13:00,05F0000S,05F0055S,41,261,2
2025/03/10 13:00,05F0000S,05F0055S,42,0,0
2025/03/10 13:00,05F0000S,05F0055S,5,0,0
2025/03/10 13:00,05F0055S,05F0287S,31,1026,95
2025/03/10 13:00,05F0055S,05F0287S,32,1020,30
2025/03/10 13:00,05F0055S,05F0287S,41,1065,3
2025/03/10 13:00,05F0055S,05F0287S,42,0,0
2025/03/10 13:00,05F0055S,05F0287S,5,0,0
2025/03/10 13:00,05F0287S,05F0309S,31,85,50
2025/03/10 13:00,05F0287S,05F0309S,32,86,23
2025/03/10 13:00,05F0287S,05F0309S,41,86,1
2025/03/10 13:00,05F0287S,05F0309S,42,94,1
2025/03/10 13:00,05F0287S,05F0309S,5,0,0
2025/03/10 13:00,05F0309S,05F0439S,31,483,56
2025/03/10 13:00,05F0309S,05F0439S,32,503,22
2025/03/10 13:00,05F0309S,05F0439S,41,0,0
2025/03/10 13:00,05F0309S,05F0439S,42,548,3
2025/03/10 13:00,05F0309S,05F0439S,5,522,3
2025/03/10 13:00,05F0439S,05F0494S,31,208,24
2025/03/10 13:00,05F0439S,05F0494S,32,208,13
2025/03/10 13:00,05F0439S,05F0494S,41,0,0
2025/03/10 13:00,05F0439S,05F0494S,42,0,0
2025/03/10 13:00,05F0439S,05F0494S,5,221,4
2025/03/10 13:05,05F0000S,05F0055S,31,267,91
2025/03/10 13:05,05F0000S,05F0055S,32,269,28
2025/03/10 13:05,05F0000S,05F0055S,41,272,4
2025/03/10 13:05,05F0000S,05F0055S,42,0,0
2025/03/10 13:05,05F0000S,05F0055S,5,0,0
2025/03/10 13:05,05F0055S,05F0287S,31,1005,97
2025/03/10 13:05,05F0055S,05F0287S,32,1018,42
2025/03/10 13:05,05F0055S,05F0287S,41,1087,6
2025/03/10 13:05,05F0055S,05F0287S,42,0,0
2025/03/10 13:05,05F0055S,05F0287S,5,0,0
2025/03/10 13:05,05F0287S,05F0309S,31,87,65
2025/03/10 13:05,05F0287S,05F0309S,32,87,35
2025/03/10 13:05,05F0287S,05F0309S,41,91,3
2025/03/10 13:05,05F0287S,05F0309S,42,0,0
2025/03/10 13:05,05F0287S,05F0309S,5,0,0
2025/03/10 13:05,05F0309S,05F0439S,31,489,55
2025/03/10 13:05,05F0309S,05F0439S,32,484,17
2025/03/10 13:05,05F0309S,05F0439S,41,552,2
2025/03/10 13:05,05F0309S,05F0439S,42,575,3
2025/03/10 13:05,05F0309S,05F0439S,5,503,6
2025/03/10 13:05,05F0439S,05F0494S,31,198,19
2025/03/10 13:05,05F0439S,05F0494S,32,211,9
2025/03/10 13:05,05F0439S,05F0494S,41,0,0
2025/03/10 13:05,05F0439S,05F0494S,42,225,3
2025/03/10 13:05,05F0439S,05F0494S,5,206,3
2025/03/10 13:10,05F0000S,05F0055S,31,296,99
2025/03/10 13:10,05F0000S,05F0055S,32,298,28
2025/03/10 13:10,05F0000S,05F0055S,41,305,3
2025/03/10 13:10,05F0000S,05F0055S,42,0,0
2025/03/10 13:10,05F0000S,05F0055S,5,0,0
2025/03/10 13:10,05F0055S,05F0287S,31,1023,93
2025/03/10 13:10,05F0055S,05F0287S,32,1019,32
2025/03/10 13:10,05F0055S,05F0287S,41,1096,6
2025/03/10 13:10,05F0055S,05F0287S,42,0,0
2025/03/10 13:10,05F0055S,05F0287S,5,0,0
2025/03/10 13:10,05F0287S,05F0309S,31,85,72
2025/03/10 13:10,05F0287S,05F0309S,32,88,24
2025/03/10 13:10,05F0287S,05F0309S,41,94,8
2025/03/10 13:10,05F0287S,05F0309S,42,0,0
2025/03/10 13:10,05F0287S,05F0309S,5,0,0
2025/03/10 13:10,05F0309S,05F0439S,31,505,38
2025/03/10 13:10,05F0309S,05F0439S,32,500,14
2025/03/10 13:10,05F0309S,05F0439S,41,514,1
2025/03/10 13:10,05F0309S,05F0439S,42,0,0
2025/03/10 13:10,05F0309S,05F0439S,5,505,3
2025/03/10 13:10,05F0439S,05F0494S,31,209,17
2025/03/10 13:10,05F0439S,05F0494S,32,198,12
2025/03/10 13:10,05F0439S,05F0494S,41,0,0
2025/03/10 13:10,05F0439S,05F0494S,42,220,3
2025/03/10 13:10,05F0439S,05F0494S,5,206,6
2025/03/10 13:15,05F0000S,05F0055S,31,306,101
2025/03/10 13:15,05F0000S,05F0055S,32,311,33
2025/03/10 13:15,05F0000S,05F0055S,41,316,2
2025/03/10 13:15,05F0000S,05F0055S,42,0,0
2025/03/10 13:15,05F0000S,05F0055S,5,0,0
2025/03/10 13:15,05F0055S,05F0287S,31,995,112
2025/03/10 13:15,05F0055S,05F0287S,32,1012,31
2025/03/10 13:15,05F0055S,05F0287S,41,1058,3
2025/03/10 13:15,05F0055S,05F0287S,42,0,0
2025/03/10 13:15,05F0055S,05F0287S,5,0,0
2025/03/10 13:15,05F0287S,05F0309S,31,85,71
2025/03/10 13:15,05F0287S,05F0309S,32,87,21
2025/03/10 13:15,05F0287S,05F0309S,41,91,4
2025/03/10 13:15,05F0287S,05F0309S,42,0,0
2025/03/10 13:15,05F0287S,05F0309S,5,0,0
2025/03/10 13:15,05F0309S,05F0439S,31,496,60
2025/03/10 13:15,05F0309S,05F0439S,32,505,23
2025/03/10 13:15,05F0309S,05F0439S,41,1093,2
2025/03/10 13:15,05F0309S,05F0439S,42,549,2
2025/03/10 13:15,05F0309S,05F0439S,5,500,7
2025/03/10 13:15,05F0439S,05F0494S,31,211,25
2025/03/10 13:15,05F0439S,05F0494S,32,210,11
2025/03/10 13:15,05F0439S,05F0494S,41,0,0
2025/03/10 13:15,05F0439S,05F0494S,42,206,1
2025/03/10 13:15,05F0439S,05F0494S,5,218,3
2025/03/10 13:20,05F0000S,05F0055S,31,258,106
2025/03/10 13:20,05F0000S,05F0055S,32,256,28
2025/03/10 13:20,05F0000S,05F0055S,41,271,3
2025/03/10 13:20,05F0000S,05F0055S,42,0,0
2025/03/10 13:20,05F0000S,05F0055S,5,0,0
2025/03/10 13:20,05F0055S,05F0287S,31,998,94
2025/03/10 13:20,05F0055S,05F0287S,32,1005,33
2025/03/10 13:20,05F0055S,05F0287S,41,1038,2
2025/03/10 13:20,05F0055S,05F0287S,42,0,0
2025/03/10 13:20,05F0055S,05F0287S,5,0,0
2025/03/10 13:20,05F0287S,05F0309S,31,88,83
2025/03/10 13:20,05F0287S,05F0309S,32,90,21
2025/03/10 13:20,05F0287S,05F0309S,41,90,1
2025/03/10 13:20,05F0287S,05F0309S,42,0,0
2025/03/10 13:20,05F0287S,05F0309S,5,0,0
2025/03/10 13:20,05F0309S,05F0439S,31,484,56
2025/03/10 13:20,05F0309S,05F0439S,32,476,10
2025/03/10 13:20,05F0309S,05F0439S,41,532,9
2025/03/10 13:20,05F0309S,05F0439S,42,537,1
2025/03/10 13:20,05F0309S,05F0439S,5,506,4
2025/03/10 13:20,05F0439S,05F0494S,31,204,32
2025/03/10 13:20,05F0439S,05F0494S,32,207,7
2025/03/10 13:20,05F0439S,05F0494S,41,0,0
2025/03/10 13:20,05F0439S,05F0494S,42,1137,2
2025/03/10 13:20,05F0439S,05F0494S,5,208,8
2025/03/10 13:25,05F0000S,05F0055S,31,258,76
2025/03/10 13:25,05F0000S,05F0055S,32,257,34
2025/03/10 13:25,05F0000S,05F0055S,41,270,8
2025/03/10 13:25,05F0000S,05F0055S,42,0,0
2025/03/10 13:25,05F0000S,05F0055S,5,0,0
2025/03/10 13:25,05F0055S,05F0287S,31,1019,107
2025/03/10 13:25,05F0055S,05F0287S,32,1035,33
2025/03/10 13:25,05F0055S,05F0287S,41,1081,3
2025/03/10 13:25,05F0055S,05F0287S,42,0,0
2025/03/10 13:25,05F0055S,05F0287S,5,0,0
2025/03/10 13:25,05F0287S,05F0309S,31,90,62
2025/03/10 13:25,05F0287S,05F0309S,32,88,16
2025/03/10 13:25,05F0287S,05F0309S,41,93,2
2025/03/10 13:25,05F0287S,05F0309S,42,0,0
2025/03/10 13:25,05F0287S,05F0309S,5,0,0
2025/03/10 13:25,05F0309S,05F0439S,31,485,55
2025/03/10 13:25,05F0309S,05F0439S,32,497,11
2025/03/10 13:25,05F0309S,05F0439S,41,484,1
2025/03/10 13:25,05F0309S,05F0439S,42,543,1
2025/03/10 13:25,05F0309S,05F0439S,5,501,4
2025/03/10 13:25,05F0439S,05F0494S,31,201,20
2025/03/10 13:25,05F0439S,05F0494S,32,206,6
2025/03/10 13:25,05F0439S,05F0494S,41,0,0
2025/03/10 13:25,05F0439S,05F0494S,42,232,2
2025/03/10 13:25,05F0439S,05F0494S,5,223,4
2025/03/10 13:30,05F0000S,05F0055S,31,262,101
2025/03/10 13:30,05F0000S,05F0055S,32,259,46
2025/03/10 13:30,05F0000S,05F0055S,41,262,3
2025/03/10 13:30,05F0000S,05F0055S,42,0,0
2025/03/10 13:30,05F0000S,05F0055S,5,0,0
2025/03/10 13:30,05F0055S,05F0287S,31,1000,82
2025/03/10 13:30,05F0055S,05F0287S,32,1017,25
2025/03/10 13:30,05F0055S,05F0287S,41,1039,3
2025/03/10 13:30,05F0055S,05F0287S,42,0,0
2025/03/10 13:30,05F0055S,05F0287S,5,0,0
2025/03/10 13:30,05F0287S,05F0309S,31,86,63
2025/03/10 13:30,05F0287S,05F0309S,32,90,24
2025/03/10 13:30,05F0287S,05F0309S,41,89,3
2025/03/10 13:30,05F0287S,05F0309S,42,0,0
2025/03/10 13:30,05F0287S,05F0309S,5,0,0
2025/03/10 13:30,05F0309S,05F0439S,31,512,57
2025/03/10 13:30,05F0309S,05F0439S,32,529,15
2025/03/10 13:30,05F0309S,05F0439S,41,510,2
2025/03/10 13:30,05F0309S,05F0439S,42,539,2
2025/03/10 13:30,05F0309S,05F0439S,5,522,4
2025/03/10 13:30,05F0439S,05F0494S,31,203,31
2025/03/10 13:30,05F0439S,05F0494S,32,215,7
2025/03/10 13:30,05F0439S,05F0494S,41,0,0
2025/03/10 13:30,05F0439S,05F0494S,42,227,1
2025/03/10 13:30,05F0439S,05F0494S,5,212,6
2025/03/10 13:35,05F0000S,05F0055S,31,244,83
2025/03/10 13:35,05F0000S,05F0055S,32,247,27
2025/03/10 13:35,05F0000S,05F0055S,41,237,1
2025/03/10 13:35,05F0000S,05F0055S,42,0,0
2025/03/10 13:35,05F0000S,05F0055S,5,0,0
2025/03/10 13:35,05F0055S,05F0287S,31,1018,128
2025/03/10 13:35,05F0055S,05F0287S,32,1036,39
2025/03/10 13:35,05F0055S,05F0287S,41,1086,2
2025/03/10 13:35,05F0055S,05F0287S,42,0,0
2025/03/10 13:35,05F0055S,05F0287S,5,0,0
2025/03/10 13:35,05F0287S,05F0309S,31,89,73
2025/03/10 13:35,05F0287S,05F0309S,32,91,21
2025/03/10 13:35,05F0287S,05F0309S,41,95,1
2025/03/10 13:35,05F0287S,05F0309S,42,0,0
2025/03/10 13:35,05F0287S,05F0309S,5,0,0
2025/03/10 13:35,05F0309S,05F0439S,31,496,50
2025/03/10 13:35,05F0309S,05F0439S,32,500,22
2025/03/10 13:35,05F0309S,05F0439S,41,537,1
2025/03/10 13:35,05F0309S,05F0439S,42,1199,2
2025/03/10 13:35,05F0309S,05F0439S,5,504,2
2025/03/10 13:35,05F0439S,05F0494S,31,207,18
2025/03/10 13:35,05F0439S,05F0494S,32,211,9
2025/03/10 13:35,05F0439S,05F0494S,41,0,0
2025/03/10 13:35,05F0439S,05F0494S,42,230,1
2025/03/10 13:35,05F0439S,05F0494S,5,216,2
2025/03/10 13:40,05F0000S,05F0055S,31,242,74
2025/03/10 13:40,05F0000S,05F0055S,32,242,32
2025/03/10 13:40,05F0000S,05F0055S,41,253,2
2025/03/10 13:40,05F0000S,05F0055S,42,0,0
2025/03/10 13:40,05F0000S,05F0055S,5,0,0
2025/03/10 13:40,05F0055S,05F0287S,31,1021,108
2025/03/10 13:40,05F0055S,05F0287S,32,1023,39
2025/03/10 13:40,05F0055S,05F0287S,41,1070,6
2025/03/10 13:40,05F0055S,05F0287S,42,0,0
2025/03/10 13:40,05F0055S,05F0287S,5,0,0
2025/03/10 13:40,05F0287S,05F0309S,31,88,79
2025/03/10 13:40,05F0287S,05F0309S,32,88,26
2025/03/10 13:40,05F0287S,05F0309S,41,94,3
2025/03/10 13:40,05F0287S,05F0309S,42,0,0
2025/03/10 13:40,05F0287S,05F0309S,5,0,0
2025/03/10 13:40,05F0309S,05F0439S,31,475,49
2025/03/10 13:40,05F0309S,05F0439S,32,498,10
2025/03/10 13:40,05F0309S,05F0439S,41,501,1
2025/03/10 13:40,05F0309S,05F0439S,42,523,2
2025/03/10 13:40,05F0309S,05F0439S,5,509,3
2025/03/10 13:40,05F0439S,05F0494S,31,207,20
2025/03/10 13:40,05F0439S,05F0494S,32,224,13
2025/03/10 13:40,05F0439S,05F0494S,41,226,1
2025/03/10 13:40,05F0439S,05F0494S,42,213,1
2025/03/10 13:40,05F0439S,05F0494S,5,202,4
2025/03/10 13:45,05F0000S,05F0055S,31,252,100
2025/03/10 13:45,05F0000S,05F0055S,32,254,28
2025/03/10 13:45,05F0000S,05F0055S,41,255,7
2025/03/10 13:45,05F0000S,05F0055S,42,0,0
2025/03/10 13:45,05F0000S,05F0055S,5,0,0
2025/03/10 13:45,05F0055S,05F0287S,31,1027,84
2025/03/10 13:45,05F0055S,05F0287S,32,1023,30
2025/03/10 13:45,05F0055S,05F0287S,41,1048,6
2025/03/10 13:45,05F0055S,05F0287S,42,0,0
2025/03/10 13:45,05F0055S,05F0287S,5,0,0
2025/03/10 13:45,05F0287S,05F0309S,31,86,56
2025/03/10 13:45,05F0287S,05F0309S,32,88,33
2025/03/10 13:45,05F0287S,05F0309S,41,93,5
2025/03/10 13:45,05F0287S,05F0309S,42,0,0
2025/03/10 13:45,05F0287S,05F0309S,5,0,0
2025/03/10 13:45,05F0309S,05F0439S,31,489,53
2025/03/10 13:45,05F0309S,05F0439S,32,500,16
2025/03/10 13:45,05F0309S,05F0439S,41,530,1
2025/03/10 13:45,05F0309S,05F0439S,42,481,1
2025/03/10 13:45,05F0309S,05F0439S,5,548,2
2025/03/10 13:45,05F0439S,05F0494S,31,205,22
2025/03/10 13:45,05F0439S,05F0494S,32,191,3
2025/03/10 13:45,05F0439S,05F0494S,41,0,0
2025/03/10 13:45,05F0439S,05F0494S,42,209,1
2025/03/10 13:45,05F0439S,05F0494S,5,211,5
2025/03/10 13:50,05F0000S,05F0055S,31,251,92
2025/03/10 13:50,05F0000S,05F0055S,32,242,29
2025/03/10 13:50,05F0000S,05F0055S,41,258,3
2025/03/10 13:50,05F0000S,05F0055S,42,0,0
2025/03/10 13:50,05F0000S,05F0055S,5,0,0
2025/03/10 13:50,05F0055S,05F0287S,31,1040,122
2025/03/10 13:50,05F0055S,05F0287S,32,1066,52
2025/03/10 13:50,05F0055S,05F0287S,41,1098,3
2025/03/10 13:50,05F0055S,05F0287S,42,0,0
2025/03/10 13:50,05F0055S,05F0287S,5,0,0
2025/03/10 13:50,05F0287S,05F0309S,31,85,79
2025/03/10 13:50,05F0287S,05F0309S,32,89,33
2025/03/10 13:50,05F0287S,05F0309S,41,0,0
2025/03/10 13:50,05F0287S,05F0309S,42,0,0
2025/03/10 13:50,05F0287S,05F0309S,5,0,0
2025/03/10 13:50,05F0309S,05F0439S,31,487,52
2025/03/10 13:50,05F0309S,05F0439S,32,476,14
2025/03/10 13:50,05F0309S,05F0439S,41,547,2
2025/03/10 13:50,05F0309S,05F0439S,42,513,3
2025/03/10 13:50,05F0309S,05F0439S,5,537,7
2025/03/10 13:50,05F0439S,05F0494S,31,206,21
2025/03/10 13:50,05F0439S,05F0494S,32,210,6
2025/03/10 13:50,05F0439S,05F0494S,41,229,1
2025/03/10 13:50,05F0439S,05F0494S,42,2025,1
2025/03/10 13:50,05F0439S,05F0494S,5,223,7
2025/03/10 13:55,05F0000S,05F0055S,31,247,87
2025/03/10 13:55,05F0000S,05F0055S,32,247,34
2025/03/10 13:55,05F0000S,05F0055S,41,243,1
2025/03/10 13:55,05F0000S,05F0055S,42,0,0
2025/03/10 13:55,05F0000S,05F0055S,5,0,0
2025/03/10 13:55,05F0055S,05F0287S,31,989,91
2025/03/10 13:55,05F0055S,05F0287S,32,996,37
2025/03/10 13:55,05F0055S,05F0287S,41,1006,1
2025/03/10 13:55,05F0055S,05F0287S,42,0,0
2025/03/10 13:55,05F0055S,05F0287S,5,0,0
2025/03/10 13:55,05F0287S,05F0309S,31,87,67
2025/03/10 13:55,05F0287S,05F0309S,32,88,33
2025/03/10 13:55,05F0287S,05F0309S,41,91,2
2025/03/10 13:55,05F0287S,05F0309S,42,0,0
2025/03/10 13:55,05F0287S,05F0309S,5,0,0
2025/03/10 13:55,05F0309S,05F0439S,31,489,35
2025/03/10 13:55,05F0309S,05F0439S,32,489,20
2025/03/10 13:55,05F0309S,05F0439S,41,546,2
2025/03/10 13:55,05F0309S,05F0439S,42,507,2
2025/03/10 13:55,05F0309S,05F0439S,5,535,6
2025/03/10 13:55,05F0439S,05F0494S,31,201,22
2025/03/10 13:55,05F0439S,05F0494S,32,217,11
2025/03/10 13:55,05F0439S,05F0494S,41,1315,1
2025/03/10 13:55,05F0439S,05F0494S,42,228,3
2025/03/10 13:55,05F0439S,05F0494S,5,229,5
2025/03/10 14:00,05F0000S,05F0055S,31,247,96
2025/03/10 14:00,05F0000S,05F0055S,32,244,36
2025/03/10 14:00,05F0000S,05F0055S,41,253,4
2025/03/10 14:00,05F0000S,05F0055S,42,0,0
2025/03/10 14:00,05F0000S,05F0055S,5,0,0
2025/03/10 14:00,05F0055S,05F0287S,31,1026,83
2025/03/10 14:00,05F0055S,05F0287S,32,1013,25
2025/03/10 14:00,05F0055S,05F0287S,41,1059,7
2025/03/10 14:00,05F0055S,05F0287S,42,0,0
2025/03/10 14:00,05F0055S,05F0287S,5,0,0
2025/03/10 14:00,05F0287S,05F0309S,31,84,48
2025/03/10 14:00,05F0287S,05F0309S,32,87,16
2025/03/10 14:00,05F0287S,05F0309S,41,93,3
2025/03/10 14:00,05F0287S,05F0309S,42,0,0
2025/03/10 14:00,05F0287S,05F0309S,5,0,0
2025/03/10 14:00,05F0309S,05F0439S,31,474,62
2025/03/10 14:00,05F0309S,05F0439S,32,506,22
2025/03/10 14:00,05F0309S,05F0439S,41,1234,2
2025/03/10 14:00,05F0309S,05F0439S,42,511,3
2025/03/10 14:00,05F0309S,05F0439S,5,500,5
2025/03/10 14:00,05F0439S,05F0494S,31,199,20
2025/03/10 14:00,05F0439S,05F0494S,32,214,10
2025/03/10 14:00,05F0439S,05F0494S,41,0,0
2025/03/10 14:00,05F0439S,05F0494S,42,214,3
2025/03/10 14:00,05F0439S,05F0494S,5,225,5
2025/03/10 14:05,05F0000S,05F0055S,31,246,89
2025/03/10 14:05,05F0000S,05F0055S,32,252,20
2025/03/10 14:05,05F0000S,05F0055S,41,245,4
2025/03/10 14:05,05F0000S,05F0055S,42,0,0
2025/03/10 14:05,05F0000S,05F0055S,5,0,0
2025/03/10 14:05,05F0055S,05F0287S,31,1013,108
2025/03/10 14:05,05F0055S,05F0287S,32,1013,28
2025/03/10 14:05,05F0055S,05F0287S,41,1047,7
2025/03/10 14:05,05F0055S,05F0287S,42,0,0
2025/03/10 14:05,05F0055S,05F0287S,5,0,0
2025/03/10 14:05,05F0287S,05F0309S,31,87,82
2025/03/10 14:05,05F0287S,05F0309S,32,87,26
2025/03/10 14:05,05F0287S,05F0309S,41,95,6
2025/03/10 14:05,05F0287S,05F0309S,42,0,0
2025/03/10 14:05,05F0287S,05F0309S,5,0,0
2025/03/10 14:05,05F0309S,05F0439S,31,488,46
2025/03/10 14:05,05F0309S,05F0439S,32,485,20
2025/03/10 14:05,05F0309S,05F0439S,41,481,1
2025/03/10 14:05,05F0309S,05F0439S,42,499,1
2025/03/10 14:05,05F0309S,05F0439S,5,555,1
2025/03/10 14:05,05F0439S,05F0494S,31,209,28
2025/03/10 14:05,05F0439S,05F0494S,32,204,8
2025/03/10 14:05,05F0439S,05F0494S,41,0,0
2025/03/10 14:05,05F0439S,05F0494S,42,225,1
2025/03/10 14:05,05F0439S,05F0494S,5,218,5
2025/03/10 14:10,05F0000S,05F0055S,31,242,82
2025/03/10 14:10,05F0000S,05F0055S,32,246,21
2025/03/10 14:10,05F0000S,05F0055S,41,254,2
2025/03/10 14:10,05F0000S,05F0055S,42,0,0
2025/03/10 14:10,05F0000S,05F0055S,5,0,0
2025/03/10 14:10,05F0055S,05F0287S,31,1023,107
2025/03/10 14:10,05F0055S,05F0287S,32,1020,43
2025/03/10 14:10,05F0055S,05F0287S,41,1112,2
2025/03/10 14:10,05F0055S,05F0287S,42,0,0
2025/03/10 14:10,05F0055S,05F0287S,5,0,0
2025/03/10 14:10,05F0287S,05F0309S,31,89,70
2025/03/10 14:10,05F0287S,05F0309S,32,88,26
2025/03/10 14:10,05F0287S,05F0309S,41,95,1
2025/03/10 14:10,05F0287S,05F0309S,42,0,0
2025/03/10 14:10,05F0287S,05F0309S,5,0,0
2025/03/10 14:10,05F0309S,05F0439S,31,475,36
2025/03/10 14:10,05F0309S,05F0439S,32,503,15
2025/03/10 14:10,05F0309S,05F0439S,41,518,3
2025/03/10 14:10,05F0309S,05F0439S,42,529,3
2025/03/10 14:10,05F0309S,05F0439S,5,569,4
2025/03/10 14:10,05F0439S,05F0494S,31,198,19
2025/03/10 14:10,05F0439S,05F0494S,32,207,15
2025/03/10 14:10,05F0439S,05F0494S,41,209,1
2025/03/10 14:10,05F0439S,05F0494S,42,245,1
2025/03/10 14:10,05F0439S,05F0494S,5,207,4
2025/03/10 14:15,05F0000S,05F0055S,31,246,86
2025/03/10 14:15,05F0000S,05F0055S,32,248,28
2025/03/10 14:15,05F0000S,05F0055S,41,247,4
2025/03/10 14:15,05F0000S,05F0055S,42,0,0
2025/03/10 14:15,05F0000S,05F0055S,5,0,0
2025/03/10 14:15,05F0055S,05F0287S,31,995,92
2025/03/10 14:15,05F0055S,05F0287S,32,1001,31
2025/03/10 14:15,05F0055S,05F0287S,41,1085,3
2025/03/10 14:15,05F0055S,05F0287S,42,0,0
2025/03/10 14:15,05F0055S,05F0287S,5,0,0
2025/03/10 14:15,05F0287S,05F0309S,31,86,72
2025/03/10 14:15,05F0287S,05F0309S,32,87,28
2025/03/10 14:15,05F0287S,05F0309S,41,100,2
2025/03/10 14:15,05F0287S,05F0309S,42,0,0
2025/03/10 14:15,05F0287S,05F0309S,5,0,0
2025/03/10 14:15,05F0309S,05F0439S,31,488,58
2025/03/10 14:15,05F0309S,05F0439S,32,500,13
2025/03/10 14:15,05F0309S,05F0439S,41,549,2
2025/03/10 14:15,05F0309S,05F0439S,42,568,3
2025/03/10 14:15,05F0309S,05F0439S,5,544,5
2025/03/10 14:15,05F0439S,05F0494S,31,198,29
2025/03/10 14:15,05F0439S,05F0494S,32,214,5
2025/03/10 14:15,05F0439S,05F0494S,41,0,0
2025/03/10 14:15,05F0439S,05F0494S,42,229,3
2025/03/10 14:15,05F0439S,05F0494S,5,221,3
2025/03/10 14:20,05F0000S,05F0055S,31,250,83
2025/03/10 14:20,05F0000S,05F0055S,32,248,26
2025/03/10 14:20,05F0000S,05F0055S,41,272,3
2025/03/10 14:20,05F0000S,05F0055S,42,0,0
2025/03/10 14:20,05F0000S,05F0055S,5,0,0
2025/03/10 14:20,05F0055S,05F0287S,31,987,103
2025/03/10 14:20,05F0055S,05F0287S,32,992,29
2025/03/10 14:20,05F0055S,05F0287S,41,1014,6
2025/03/10 14:20,05F0055S,05F0287S,42,0,0
2025/03/10 14:20,05F0055S,05F0287S,5,0,0
2025/03/10 14:20,05F0287S,05F0309S,31,86,75
2025/03/10 14:20,05F0287S,05F0309S,32,91,27
2025/03/10 14:20,05F0287S,05F0309S,41,92,5
2025/03/10 14:20,05F0287S,05F0309S,42,0,0
2025/03/10 14:20,05F0287S,05F0309S,5,0,0
2025/03/10 14:20,05F0309S,05F0439S,31,491,55
2025/03/10 14:20,05F0309S,05F0439S,32,500,31
2025/03/10 14:20,05F0309S,05F0439S,41,566,1
2025/03/10 14:20,05F0309S,05F0439S,42,558,1
2025/03/10 14:20,05F0309S,05F0439S,5,554,6
2025/03/10 14:20,05F0439S,05F0494S,31,211,26
2025/03/10 14:20,05F0439S,05F0494S,32,211,12
2025/03/10 14:20,05F0439S,05F0494S,41,0,0
2025/03/10 14:20,05F0439S,05F0494S,42,221,3
2025/03/10 14:20,05F0439S,05F0494S,5,194,1
2025/03/10 14:25,05F0000S,05F0055S,31,242,77
2025/03/10 14:25,05F0000S,05F0055S,32,240,29
2025/03/10 14:25,05F0000S,05F0055S,41,239,5
2025/03/10 14:25,05F0000S,05F0055S,42,0,0
2025/03/10 14:25,05F0000S,05F0055S,5,0,0
2025/03/10 14:25,05F0055S,05F0287S,31,1005,104
2025/03/10 14:25,05F0055S,05F0287S,32,1026,23
2025/03/10 14:25,05F0055S,05F0287S,41,1020,1
2025/03/10 14:25,05F0055S,05F0287S,42,0,0
2025/03/10 14:25,05F0055S,05F0287S,5,0,0
2025/03/10 14:25,05F0287S,05F0309S,31,86,61
2025/03/10 14:25,05F0287S,05F0309S,32,88,12
2025/03/10 14:25,05F0287S,05F0309S,41,90,3
2025/03/10 14:25,05F0287S,05F0309S,42,0,0
2025/03/10 14:25,05F0287S,05F0309S,5,0,0
2025/03/10 14:25,05F0309S,05F0439S,31,485,43
2025/03/10 14:25,05F0309S,05F0439S,32,487,25
2025/03/10 14:25,05F0309S,05F0439S,41,567,3
2025/03/10 14:25,05F0309S,05F0439S,42,545,2
2025/03/10 14:25,05F0309S,05F0439S,5,541,3
2025/03/10 14:25,05F0439S,05F0494S,31,205,19
2025/03/10 14:25,05F0439S,05F0494S,32,221,10
2025/03/10 14:25,05F0439S,05F0494S,41,0,0
2025/03/10 14:25,05F0439S,05F0494S,42,1473,2
2025/03/10 14:25,05F0439S,05F0494S,5,201,5
2025/03/10 14:30,05F0000S,05F0055S,31,250,84
2025/03/10 14:30,05F0000S,05F0055S,32,248,34
2025/03/10 14:30,05F0000S,05F0055S,41,238,5
2025/03/10 14:30,05F0000S,05F0055S,42,0,0
2025/03/10 14:30,05F0000S,05F0055S,5,0,0
2025/03/10 14:30,05F0055S,05F0287S,31,988,91
2025/03/10 14:30,05F0055S,05F0287S,32,1006,22
2025/03/10 14:30,05F0055S,05F0287S,41,1016,2
2025/03/10 14:30,05F0055S,05F0287S,42,0,0
2025/03/10 14:30,05F0055S,05F0287S,5,0,0
2025/03/10 14:30,05F0287S,05F0309S,31,87,59
2025/03/10 14:30,05F0287S,05F0309S,32,90,26
2025/03/10 14:30,05F0287S,05F0309S,41,94,3
2025/03/10 14:30,05F0287S,05F0309S,42,0,0
2025/03/10 14:30,05F0287S,05F0309S,5,0,0
2025/03/10 14:30,05F0309S,05F0439S,31,488,55
2025/03/10 14:30,05F0309S,05F0439S,32,511,12
2025/03/10 14:30,05F0309S,05F0439S,41,533,4
2025/03/10 14:30,05F0309S,05F0439S,42,0,0
2025/03/10 14:30,05F0309S,05F0439S,5,552,2
2025/03/10 14:30,05F0439S,05F0494S,31,192,21
2025/03/10 14:30,05F0439S,05F0494S,32,210,8
2025/03/10 14:30,05F0439S,05F0494S,41,0,0
2025/03/10 14:30,05F0439S,05F0494S,42,233,3
2025/03/10 14:30,05F0439S,05F0494S,5,229,3
2025/03/10 14:35,05F0000S,05F0055S,31,256,98
2025/03/10 14:35,05F0000S,05F0055S,32,257,32
2025/03/10 14:35,05F0000S,05F0055S,41,258,2
2025/03/10 14:35,05F0000S,05F0055S,42,0,0
2025/03/10 14:35,05F0000S,05F0055S,5,0,0
2025/03/10 14:35,05F0055S,05F0287S,31,990,72
2025/03/10 14:35,05F0055S,05F0287S,32,1004,23
2025/03/10 14:35,05F0055S,05F0287S,41,1042,3
2025/03/10 14:35,05F0055S,05F0287S,42,0,0
2025/03/10 14:35,05F0055S,05F0287S,5,0,0
2025/03/10 14:35,05F0287S,05F0309S,31,87,71
2025/03/10 14:35,05F0287S,05F0309S,32,92,17
2025/03/10 14:35,05F0287S,05F0309S,41,95,3
2025/03/10 14:35,05F0287S,05F0309S,42,0,0
2025/03/10 14:35,05F0287S,05F0309S,5,0,0
2025/03/10 14:35,05F0309S,05F0439S,31,474,51
2025/03/10 14:35,05F0309S,05F0439S,32,496,15
2025/03/10 14:35,05F0309S,05F0439S,41,521,1
2025/03/10 14:35,05F0309S,05F0439S,42,0,0
2025/03/10 14:35,05F0309S,05F0439S,5,560,4
2025/03/10 14:35,05F0439S,05F0494S,31,205,22
2025/03/10 14:35,05F0439S,05F0494S,32,207,5
2025/03/10 14:35,05F0439S,05F0494S,41,0,0
2025/03/10 14:35,05F0439S,05F0494S,42,0,0
2025/03/10 14:35,05F0439S,05F0494S,5,219,2
2025/03/10 14:40,05F0000S,05F0055S,31,252,89
2025/03/10 14:40,05F0000S,05F0055S,32,257,34
2025/03/10 14:40,05F0000S,05F0055S,41,260,3
2025/03/10 14:40,05F0000S,05F0055S,42,0,0
2025/03/10 14:40,05F0000S,05F0055S,5,0,0
2025/03/10 14:40,05F0055S,05F0287S,31,991,105
2025/03/10 14:40,05F0055S,05F0287S,32,1002,36
2025/03/10 14:40,05F0055S,05F0287S,41,1018,5
2025/03/10 14:40,05F0055S,05F0287S,42,0,0
2025/03/10 14:40,05F0055S,05F0287S,5,0,0
2025/03/10 14:40,05F0287S,05F0309S,31,88,63
2025/03/10 14:40,05F0287S,05F0309S,32,88,20
2025/03/10 14:40,05F0287S,05F0309S,41,94,1
2025/03/10 14:40,05F0287S,05F0309S,42,0,0
2025/03/10 14:40,05F0287S,05F0309S,5,0,0
2025/03/10 14:40,05F0309S,05F0439S,31,477,47
2025/03/10 14:40,05F0309S,05F0439S,32,490,11
2025/03/10 14:40,05F0309S,05F0439S,41,1379,2
2025/03/10 14:40,05F0309S,05F0439S,42,537,1
2025/03/10 14:40,05F0309S,05F0439S,5,536,2
2025/03/10 14:40,05F0439S,05F0494S,31,206,19
2025/03/10 14:40,05F0439S,05F0494S,32,209,8
2025/03/10 14:40,05F0439S,05F0494S,41,0,0
2025/03/10 14:40,05F0439S,05F0494S,42,230,2
2025/03/10 14:40,05F0439S,05F0494S,5,225,6
2025/03/10 14:45,05F0000S,05F0055S,31,252,78
2025/03/10 14:45,05F0000S,05F0055S,32,253,31
2025/03/10 14:45,05F0000S,05F0055S,41,1612,7
2025/03/10 14:45,05F0000S,05F0055S,42,0,0
2025/03/10 14:45,05F0000S,05F0055S,5,0,0
2025/03/10 14:45,05F0055S,05F0287S,31,990,86
2025/03/10 14:45,05F0055S,05F0287S,32,992,28
2025/03/10 14:45,05F0055S,05F0287S,41,1029,6
2025/03/10 14:45,05F0055S,05F0287S,42,0,0
2025/03/10 14:45,05F0055S,05F0287S,5,0,0
2025/03/10 14:45,05F0287S,05F0309S,31,86,67
2025/03/10 14:45,05F0287S,05F0309S,32,89,26
2025/03/10 14:45,05F0287S,05F0309S,41,91,7
2025/03/10 14:45,05F0287S,05F0309S,42,0,0
2025/03/10 14:45,05F0287S,05F0309S,5,0,0
2025/03/10 14:45,05F0309S,05F0439S,31,472,37
2025/03/10 14:45,05F0309S,05F0439S,32,505,10
2025/03/10 14:45,05F0309S,05F0439S,41,1134,2
2025/03/10 14:45,05F0309S,05F0439S,42,0,0
2025/03/10 14:45,05F0309S,05F0439S,5,499,3
2025/03/10 14:45,05F0439S,05F0494S,31,207,15
2025/03/10 14:45,05F0439S,05F0494S,32,205,5
2025/03/10 14:45,05F0439S,05F0494S,41,0,0
2025/03/10 14:45,05F0439S,05F0494S,42,0,0
2025/03/10 14:45,05F0439S,05F0494S,5,213,2
2025/03/10 14:50,05F0000S,05F0055S,31,250,92
2025/03/10 14:50,05F0000S,05F0055S,32,252,31
2025/03/10 14:50,05F0000S,05F0055S,41,253,8
2025/03/10 14:50,05F0000S,05F0055S,42,0,0
2025/03/10 14:50,05F0000S,05F0055S,5,0,0
2025/03/10 14:50,05F0055S,05F0287S,31,1017,94
2025/03/10 14:50,05F0055S,05F0287S,32,1024,33
2025/03/10 14:50,05F0055S,05F0287S,41,1071,2
2025/03/10 14:50,05F0055S,05F0287S,42,0,0
2025/03/10 14:50,05F0055S,05F0287S,5,0,0
2025/03/10 14:50,05F0287S,05F0309S,31,87,64
2025/03/10 14:50,05F0287S,05F0309S,32,89,21
2025/03/10 14:50,05F0287S,05F0309S,41,98,3
2025/03/10 14:50,05F0287S,05F0309S,42,0,0
2025/03/10 14:50,05F0287S,05F0309S,5,0,0
2025/03/10 14:50,05F0309S,05F0439S,31,491,46
2025/03/10 14:50,05F0309S,05F0439S,32,495,23
2025/03/10 14:50,05F0309S,05F0439S,41,493,2
2025/03/10 14:50,05F0309S,05F0439S,42,573,1
2025/03/10 14:50,05F0309S,05F0439S,5,512,5
2025/03/10 14:50,05F0439S,05F0494S,31,194,16
2025/03/10 14:50,05F0439S,05F0494S,32,211,5
2025/03/10 14:50,05F0439S,05F0494S,41,0,0
2025/03/10 14:50,05F0439S,05F0494S,42,1780,1
2025/03/10 14:50,05F0439S,05F0494S,5,208,4
2025/03/10 14:55,05F0000S,05F0055S,31,247,81
2025/03/10 14:55,05F0000S,05F0055S,32,254,17
2025/03/10 14:55,05F0000S,05F0055S,41,251,4
2025/03/10 14:55,05F0000S,05F0055S,42,0,0
2025/03/10 14:55,05F0000S,05F0055S,5,0,0
2025/03/10 14:55,05F0055S,05F0287S,31,1028,114
2025/03/10 14:55,05F0055S,05F0287S,32,1033,40
2025/03/10 14:55,05F0055S,05F0287S,41,1052,2
2025/03/10 14:55,05F0055S,05F0287S,42,0,0
2025/03/10 14:55,05F0055S,05F0287S,5,0,0
2025/03/10 14:55,05F0287S,05F0309S,31,87,58
2025/03/10 14:55,05F0287S,05F0309S,32,88,26
2025/03/10 14:55,05F0287S,05F0309S,41,95,3
2025/03/10 14:55,05F0287S,05F0309S,42,0,0
2025/03/10 14:55,05F0287S,05F0309S,5,0,0
2025/03/10 14:55,05F0309S,05F0439S,31,474,40
2025/03/10 14:55,05F0309S,05F0439S,32,503,17
2025/03/10 14:55,05F0309S,05F0439S,41,538,5
2025/03/10 14:55,05F0309S,05F0439S,42,458,1
2025/03/10 14:55,05F0309S,05F0439S,5,506,4
2025/03/10 14:55,05F0439S,05F0494S,31,198,22
2025/03/10 14:55,05F0439S,05F0494S,32,214,10
2025/03/10 14:55,05F0439S,05F0494S,41,0,0
2025/03/10 14:55,05F0439S,05F0494S,42,0,0
2025/03/10 14:55,05F0439S,05F0494S,5,211,1
2025/03/10 15:00,05F0000S,05F0055S,31,250,81
2025/03/10 15:00,05F0000S,05F0055S,32,253,28
2025/03/10 15:00,05F0000S,05F0055S,41,236,1
2025/03/10 15:00,05F0000S,05F0055S,42,0,0
2025/03/10 15:00,05F0000S,05F0055S,5,0,0
2025/03/10 15:00,05F0055S,05F0287S,31,1011,72
2025/03/10 15:00,05F0055S,05F0287S,32,1014,31
2025/03/10 15:00,05F0055S,05F0287S,41,1037,8
2025/03/10 15:00,05F0055S,05F0287S,42,0,0
2025/03/10 15:00,05F0055S,05F0287S,5,0,0
2025/03/10 15:00,05F0287S,05F0309S,31,86,58
2025/03/10 15:00,05F0287S,05F0309S,32,89,25
2025/03/10 15:00,05F0287S,05F0309S,41,91,2
2025/03/10 15:00,05F0287S,05F0309S,42,0,0
2025/03/10 15:00,05F0287S,05F0309S,5,0,0
2025/03/10 15:00,05F0309S,05F0439S,31,489,36
2025/03/10 15:00,05F0309S,05F0439S,32,485,13
2025/03/10 15:00,05F0309S,05F0439S,41,1668,1
2025/03/10 15:00,05F0309S,05F0439S,42,0,0
2025/03/10 15:00,05F0309S,05F0439S,5,486,5
2025/03/10 15:00,05F0439S,05F0494S,31,207,19
2025/03/10 15:00,05F0439S,05F0494S,32,213,8
2025/03/10 15:00,05F0439S,05F0494S,41,0,0
2025/03/10 15:00,05F0439S,05F0494S,42,193,1
2025/03/10 15:00,05F0439S,05F0494S,5,206,7
2025/03/10 15:05,05F0000S,05F0055S,31,250,91
2025/03/10 15:05,05F0000S,05F0055S,32,249,31
2025/03/10 15:05,05F0000S,05F0055S,41,255,6
2025/03/10 15:05,05F0000S,05F0055S,42,0,0
2025/03/10 15:05,05F0000S,05F0055S,5,0,0
2025/03/10 15:05,05F0055S,05F0287S,31,1029,92
2025/03/10 15:05,05F0055S,05F0287S,32,1039,33
2025/03/10 15:05,05F0055S,05F0287S,41,1095,4
2025/03/10 15:05,05F0055S,05F0287S,42,0,0
2025/03/10 15:05,05F0055S,05F0287S,5,0,0
2025/03/10 15:05,05F0287S,05F0309S,31,90,49
2025/03/10 15:05,05F0287S,05F0309S,32,87,15
2025/03/10 15:05,05F0287S,05F0309S,41,96,6
2025/03/10 15:05,05F0287S,05F0309S,42,0,0
2025/03/10 15:05,05F0287S,05F0309S,5,0,0
2025/03/10 15:05,05F0309S,05F0439S,31,476,44
2025/03/10 15:05,05F0309S,05F0439S,32,500,17
2025/03/10 15:05,05F0309S,05F0439S,41,1213,2
2025/03/10 15:05,05F0309S,05F0439S,42,537,2
2025/03/10 15:05,05F0309S,05F0439S,5,495,7
2025/03/10 15:05,05F0439S,05F0494S,31,205,14
2025/03/10 15:05,05F0439S,05F0494S,32,219,5
2025/03/10 15:05,05F0439S,05F0494S,41,0,0
2025/03/10 15:05,05F0439S,05F0494S,42,216,1
2025/03/10 15:05,05F0439S,05F0494S,5,229,2
2025/03/10 15:10,05F0000S,05F0055S,31,240,67
2025/03/10 15:10,05F0000S,05F0055S,32,244,26
2025/03/10 15:10,05F0000S,05F0055S,41,230,1
2025/03/10 15:10,05F0000S,05F0055S,42,0,0
2025/03/10 15:10,05F0000S,05F0055S,5,0,0
2025/03/10 15:10,05F0055S,05F0287S,31,1024,108
2025/03/10 15:10,05F0055S,05F0287S,32,1036,30
2025/03/10 15:10,05F0055S,05F0287S,41,1065,8
2025/03/10 15:10,05F0055S,05F0287S,42,0,0
2025/03/10 15:10,05F0055S,05F0287S,5,0,0
2025/03/10 15:10,05F0287S,05F0309S,31,88,77
2025/03/10 15:10,05F0287S,05F0309S,32,89,23
2025/03/10 15:10,05F0287S,05F0309S,41,92,8
2025/03/10 15:10,05F0287S,05F0309S,42,0,0
2025/03/10 15:10,05F0287S,05F0309S,5,0,0
2025/03/10 15:10,05F0309S,05F0439S,31,485,37
2025/03/10 15:10,05F0309S,05F0439S,32,477,15
2025/03/10 15:10,05F0309S,05F0439S,41,521,5
2025/03/10 15:10,05F0309S,05F0439S,42,0,0
2025/03/10 15:10,05F0309S,05F0439S,5,525,1
2025/03/10 15:10,05F0439S,05F0494S,31,195,25
2025/03/10 15:10,05F0439S,05F0494S,32,220,10
2025/03/10 15:10,05F0439S,05F0494S,41,0,0
2025/03/10 15:10,05F0439S,05F0494S,42,0,0
2025/03/10 15:10,05F0439S,05F0494S,5,204,2
2025/03/10 15:15,05F0000S,05F0055S,31,245,70
2025/03/10 15:15,05F0000S,05F0055S,32,249,30
2025/03/10 15:15,05F0000S,05F0055S,41,238,3
2025/03/10 15:15,05F0000S,05F0055S,42,249,1
2025/03/10 15:15,05F0000S,05F0055S,5,0,0
2025/03/10 15:15,05F0055S,05F0287S,31,1012,102
2025/03/10 15:15,05F0055S,05F0287S,32,1005,25
2025/03/10 15:15,05F0055S,05F0287S,41,1062,1
2025/03/10 15:15,05F0055S,05F0287S,42,0,0
2025/03/10 15:15,05F0055S,05F0287S,5,0,0
2025/03/10 15:15,05F0287S,05F0309S,31,90,69
2025/03/10 15:15,05F0287S,05F0309S,32,90,23
2025/03/10 15:15,05F0287S,05F0309S,41,93,1
2025/03/10 15:15,05F0287S,05F0309S,42,0,0
2025/03/10 15:15,05F0287S,05F0309S,5,0,0
2025/03/10 15:15,05F0309S,05F0439S,31,487,38
2025/03/10 15:15,05F0309S,05F0439S,32,484,15
2025/03/10 15:15,05F0309S,05F0439S,41,1101,4
2025/03/10 15:15,05F0309S,05F0439S,42,0,0
2025/03/10 15:15,05F0309S,05F0439S,5,522,5
2025/03/10 15:15,05F0439S,05F0494S,31,197,16
2025/03/10 15:15,05F0439S,05F0494S,32,206,10
2025/03/10 15:15,05F0439S,05F0494S,41,0,0
2025/03/10 15:15,05F0439S,05F0494S,42,223,1
2025/03/10 15:15,05F0439S,05F0494S,5,228,3
2025/03/10 15:20,05F0000S,05F0055S,31,245,92
2025/03/10 15:20,05F0000S,05F0055S,32,246,41
2025/03/10 15:20,05F0000S,05F0055S,41,251,4
2025/03/10 15:20,05F0000S,05F0055S,42,0,0
2025/03/10 15:20,05F0000S,05F0055S,5,0,0
2025/03/10 15:20,05F0055S,05F0287S,31,984,71
2025/03/10 15:20,05F0055S,05F0287S,32,979,27
2025/03/10 15:20,05F0055S,05F0287S,41,1029,3
2025/03/10 15:20,05F0055S,05F0287S,42,0,0
2025/03/10 15:20,05F0055S,05F0287S,5,0,0
2025/03/10 15:20,05F0287S,05F0309S,31,88,57
2025/03/10 15:20,05F0287S,05F0309S,32,88,17
2025/03/10 15:20,05F0287S,05F0309S,41,94,2
2025/03/10 15:20,05F0287S,05F0309S,42,0,0
2025/03/10 15:20,05F0287S,05F0309S,5,0,0
2025/03/10 15:20,05F0309S,05F0439S,31,491,49
2025/03/10 15:20,05F0309S,05F0439S,32,513,18
2025/03/10 15:20,05F0309S,05F0439S,41,501,5
2025/03/10 15:20,05F0309S,05F0439S,42,0,0
2025/03/10 15:20,05F0309S,05F0439S,5,523,3
2025/03/10 15:20,05F0439S,05F0494S,31,203,16
2025/03/10 15:20,05F0439S,05F0494S,32,213,16
2025/03/10 15:20,05F0439S,05F0494S,41,0,0
2025/03/10 15:20,05F0439S,05F0494S,42,0,0
2025/03/10 15:20,05F0439S,05F0494S,5,221,4
2025/03/10 15:25,05F0000S,05F0055S,31,242,71
2025/03/10 15:25,05F0000S,05F0055S,32,239,36
2025/03/10 15:25,05F0000S,05F0055S,41,247,3
2025/03/10 15:25,05F0000S,05F0055S,42,0,0
2025/03/10 15:25,05F0000S,05F0055S,5,0,0
2025/03/10 15:25,05F0055S,05F0287S,31,995,83
2025/03/10 15:25,05F0055S,05F0287S,32,1008,39
2025/03/10 15:25,05F0055S,05F0287S,41,1100,4
2025/03/10 15:25,05F0055S,05F0287S,42,0,0
2025/03/10 15:25,05F0055S,05F0287S,5,0,0
2025/03/10 15:25,05F0287S,05F0309S,31,85,57
2025/03/10 15:25,05F0287S,05F0309S,32,88,28
2025/03/10 15:25,05F0287S,05F0309S,41,96,4
2025/03/10 15:25,05F0287S,05F0309S,42,0,0
2025/03/10 15:25,05F0287S,05F0309S,5,0,0
2025/03/10 15:25,05F0309S,05F0439S,31,491,47
2025/03/10 15:25,05F0309S,05F0439S,32,514,11
2025/03/10 15:25,05F0309S,05F0439S,41,0,0
2025/03/10 15:25,05F0309S,05F0439S,42,0,0
2025/03/10 15:25,05F0309S,05F0439S,5,486,4
2025/03/10 15:25,05F0439S,05F0494S,31,213,23
2025/03/10 15:25,05F0439S,05F0494S,32,206,10
2025/03/10 15:25,05F0439S,05F0494S,41,0,0
2025/03/10 15:25,05F0439S,05F0494S,42,0,0
2025/03/10 15:25,05F0439S,05F0494S,5,210,2
2025/03/10 15:30,05F0000S,05F0055S,31,243,75
2025/03/10 15:30,05F0000S,05F0055S,32,247,27
2025/03/10 15:30,05F0000S,05F0055S,41,251,2
2025/03/10 15:30,05F0000S,05F0055S,42,0,0
2025/03/10 15:30,05F0000S,05F0055S,5,0,0
2025/03/10 15:30,05F0055S,05F0287S,31,991,81
2025/03/10 15:30,05F0055S,05F0287S,32,992,34
2025/03/10 15:30,05F0055S,05F0287S,41,1024,4
2025/03/10 15:30,05F0055S,05F0287S,42,972,1
2025/03/10 15:30,05F0055S,05F0287S,5,0,0
2025/03/10 15:30,05F0287S,05F0309S,31,86,53
2025/03/10 15:30,05F0287S,05F0309S,32,90,26
2025/03/10 15:30,05F0287S,05F0309S,41,94,1
2025/03/10 15:30,05F0287S,05F0309S,42,0,0
2025/03/10 15:30,05F0287S,05F0309S,5,0,0
2025/03/10 15:30,05F0309S,05F0439S,31,482,38
2025/03/10 15:30,05F0309S,05F0439S,32,498,12
2025/03/10 15:30,05F0309S,05F0439S,41,552,2
2025/03/10 15:30,05F0309S,05F0439S,42,599,2
2025/03/10 15:30,05F0309S,05F0439S,5,472,1
2025/03/10 15:30,05F0439S,05F0494S,31,208,22
2025/03/10 15:30,05F0439S,05F0494S,32,214,11
2025/03/10 15:30,05F0439S,05F0494S,41,0,0
2025/03/10 15:30,05F0439S,05F0494S,42,0,0
2025/03/10 15:30,05F0439S,05F0494S,5,200,3
2025/03/10 15:35,05F0000S,05F0055S,31,247,88
2025/03/10 15:35,05F0000S,05F0055S,32,246,26
2025/03/10 15:35,05F0000S,05F0055S,41,245,2
2025/03/10 15:35,05F0000S,05F0055S,42,0,0
2025/03/10 15:35,05F0000S,05F0055S,5,0,0
2025/03/10 15:35,05F0055S,05F0287S,31,1017,87
2025/03/10 15:35,05F0055S,05F0287S,32,1022,36
2025/03/10 15:35,05F0055S,05F0287S,41,1021,3
2025/03/10 15:35,05F0055S,05F0287S,42,0,0
2025/03/10 15:35,05F0055S,05F0287S,5,0,0
2025/03/10 15:35,05F0287S,05F0309S,31,89,48
2025/03/10 15:35,05F0287S,05F0309S,32,93,21
2025/03/10 15:35,05F0287S,05F0309S,41,90,2
2025/03/10 15:35,05F0287S,05F0309S,42,0,0
2025/03/10 15:35,05F0287S,05F0309S,5,0,0
2025/03/10 15:35,05F0309S,05F0439S,31,476,48
2025/03/10 15:35,05F0309S,05F0439S,32,490,20
2025/03/10 15:35,05F0309S,05F0439S,41,531,2
2025/03/10 15:35,05F0309S,05F0439S,42,544,1
2025/03/10 15:35,05F0309S,05F0439S,5,518,3
2025/03/10 15:35,05F0439S,05F0494S,31,197,30
2025/03/10 15:35,05F0439S,05F0494S,32,209,11
2025/03/10 15:35,05F0439S,05F0494S,41,0,0
2025/03/10 15:35,05F0439S,05F0494S,42,0,0
2025/03/10 15:35,05F0439S,05F0494S,5,213,1
2025/03/10 15:40,05F0000S,05F0055S,31,245,80
2025/03/10 15:40,05F0000S,05F0055S,32,245,30
2025/03/10 15:40,05F0000S,05F0055S,41,253,2
2025/03/10 15:40,05F0000S,05F0055S,42,0,0
2025/03/10 15:40,05F0000S,05F0055S,5,0,0
2025/03/10 15:40,05F0055S,05F0287S,31,983,80
2025/03/10 15:40,05F0055S,05F0287S,32,986,42
2025/03/10 15:40,05F0055S,05F0287S,41,1020,3
2025/03/10 15:40,05F0055S,05F0287S,42,0,0
2025/03/10 15:40,05F0055S,05F0287S,5,0,0
2025/03/10 15:40,05F0287S,05F0309S,31,86,56
2025/03/10 15:40,05F0287S,05F0309S,32,89,35
2025/03/10 15:40,05F0287S,05F0309S,41,90,5
2025/03/10 15:40,05F0287S,05F0309S,42,104,1
2025/03/10 15:40,05F0287S,05F0309S,5,0,0
2025/03/10 15:40,05F0309S,05F0439S,31,485,35
2025/03/10 15:40,05F0309S,05F0439S,32,496,12
2025/03/10 15:40,05F0309S,05F0439S,41,520,2
2025/03/10 15:40,05F0309S,05F0439S,42,0,0
2025/03/10 15:40,05F0309S,05F0439S,5,505,3
2025/03/10 15:40,05F0439S,05F0494S,31,208,21
2025/03/10 15:40,05F0439S,05F0494S,32,209,14
2025/03/10 15:40,05F0439S,05F0494S,41,0,0
2025/03/10 15:40,05F0439S,05F0494S,42,219,2
2025/03/10 15:40,05F0439S,05F0494S,5,215,1
2025/03/10 15:45,05F0000S,05F0055S,31,243,92
2025/03/10 15:45,05F0000S,05F0055S,32,242,25
2025/03/10 15:45,05F0000S,05F0055S,41,240,4
2025/03/10 15:45,05F0000S,05F0055S,42,0,0
2025/03/10 15:45,05F0000S,05F0055S,5,0,0
2025/03/10 15:45,05F0055S,05F0287S,31,980,85
2025/03/10 15:45,05F0055S,05F0287S,32,994,31
2025/03/10 15:45,05F0055S,05F0287S,41,1018,2
2025/03/10 15:45,05F0055S,05F0287S,42,0,0
2025/03/10 15:45,05F0055S,05F0287S,5,0,0
2025/03/10 15:45,05F0287S,05F0309S,31,86,71
2025/03/10 15:45,05F0287S,05F0309S,32,88,23
2025/03/10 15:45,05F0287S,05F0309S,41,92,1
2025/03/10 15:45,05F0287S,05F0309S,42,0,0
2025/03/10 15:45,05F0287S,05F0309S,5,0,0
2025/03/10 15:45,05F0309S,05F0439S,31,499,45
2025/03/10 15:45,05F0309S,05F0439S,32,517,22
2025/03/10 15:45,05F0309S,05F0439S,41,529,1
2025/03/10 15:45,05F0309S,05F0439S,42,0,0
2025/03/10 15:45,05F0309S,05F0439S,5,522,5
2025/03/10 15:45,05F0439S,05F0494S,31,208,15
2025/03/10 15:45,05F0439S,05F0494S,32,216,6
2025/03/10 15:45,05F0439S,05F0494S,41,0,0
2025/03/10 15:45,05F0439S,05F0494S,42,0,0
2025/03/10 15:45,05F0439S,05F0494S,5,216,4
2025/03/10 15:50,05F0000S,05F0055S,31,247,88
2025/03/10 15:50,05F0000S,05F0055S,32,249,36
2025/03/10 15:50,05F0000S,05F0055S,41,245,5
2025/03/10 15:50,05F0000S,05F0055S,42,0,0
2025/03/10 15:50,05F0000S,05F0055S,5,0,0
2025/03/10 15:50,05F0055S,05F0287S,31,1018,86
2025/03/10 15:50,05F0055S,05F0287S,32,1026,33
2025/03/10 15:50,05F0055S,05F0287S,41,1027,3
2025/03/10 15:50,05F0055S,05F0287S,42,0,0
2025/03/10 15:50,05F0055S,05F0287S,5,0,0
2025/03/10 15:50,05F0287S,05F0309S,31,87,57
2025/03/10 15:50,05F0287S,05F0309S,32,87,21
2025/03/10 15:50,05F0287S,05F0309S,41,95,1
2025/03/10 15:50,05F0287S,05F0309S,42,0,0
2025/03/10 15:50,05F0287S,05F0309S,5,0,0
2025/03/10 15:50,05F0309S,05F0439S,31,482,31
2025/03/10 15:50,05F0309S,05F0439S,32,482,22
2025/03/10 15:50,05F0309S,05F0439S,41,522,1
2025/03/10 15:50,05F0309S,05F0439S,42,2006,2
2025/03/10 15:50,05F0309S,05F0439S,5,532,2
2025/03/10 15:50,05F0439S,05F0494S,31,203,19
2025/03/10 15:50,05F0439S,05F0494S,32,209,10
2025/03/10 15:50,05F0439S,05F0494S,41,0,0
2025/03/10 15:50,05F0439S,05F0494S,42,0,0
2025/03/10 15:50,05F0439S,05F0494S,5,218,3
2025/03/10 15:55,05F0000S,05F0055S,31,249,90
2025/03/10 15:55,05F0000S,05F0055S,32,249,30
2025/03/10 15:55,05F0000S,05F0055S,41,232,1
2025/03/10 15:55,05F0000S,05F0055S,42,0,0
2025/03/10 15:55,05F0000S,05F0055S,5,0,0
2025/03/10 15:55,05F0055S,05F0287S,31,1013,84
2025/03/10 15:55,05F0055S,05F0287S,32,1008,27
2025/03/10 15:55,05F0055S,05F0287S,41,1038,1
2025/03/10 15:55,05F0055S,05F0287S,42,0,0
2025/03/10 15:55,05F0055S,05F0287S,5,0,0
2025/03/10 15:55,05F0287S,05F0309S,31,87,53
2025/03/10 15:55,05F0287S,05F0309S,32,90,20
2025/03/10 15:55,05F0287S,05F0309S,41,95,2
2025/03/10 15:55,05F0287S,05F0309S,42,0,0
2025/03/10 15:55,05F0287S,05F0309S,5,0,0
2025/03/10 15:55,05F0309S,05F0439S,31,469,47
2025/03/10 15:55,05F0309S,05F0439S,32,483,14
2025/03/10 15:55,05F0309S,05F0439S,41,541,1
2025/03/10 15:55,05F0309S,05F0439S,42,548,1
2025/03/10 15:55,05F0309S,05F0439S,5,531,5
2025/03/10 15:55,05F0439S,05F0494S,31,197,17
2025/03/10 15:55,05F0439S,05F0494S,32,224,7
2025/03/10 15:55,05F0439S,05F0494S,41,0,0
2025/03/10 15:55,05F0439S,05F0494S,42,225,2
2025/03/10 15:55,05F0439S,05F0494S,5,227,4
2025/03/10 16:00,05F0000S,05F0055S,31,247,99
2025/03/10 16:00,05F0000S,05F0055S,32,248,37
2025/03/10 16:00,05F0000S,05F0055S,41,249,3
2025/03/10 16:00,05F0000S,05F0055S,42,0,0
2025/03/10 16:00,05F0000S,05F0055S,5,0,0
2025/03/10 16:00,05F0055S,05F0287S,31,985,101
2025/03/10 16:00,05F0055S,05F0287S,32,988,28
2025/03/10 16:00,05F0055S,05F0287S,41,979,2
2025/03/10 16:00,05F0055S,05F0287S,42,0,0
2025/03/10 16:00,05F0055S,05F0287S,5,0,0
2025/03/10 16:00,05F0287S,05F0309S,31,85,73
2025/03/10 16:00,05F0287S,05F0309S,32,86,20
2025/03/10 16:00,05F0287S,05F0309S,41,90,2
2025/03/10 16:00,05F0287S,05F0309S,42,0,0
2025/03/10 16:00,05F0287S,05F0309S,5,0,0
2025/03/10 16:00,05F0309S,05F0439S,31,491,44
2025/03/10 16:00,05F0309S,05F0439S,32,499,19
2025/03/10 16:00,05F0309S,05F0439S,41,0,0
2025/03/10 16:00,05F0309S,05F0439S,42,526,2
2025/03/10 16:00,05F0309S,05F0439S,5,485,5
2025/03/10 16:00,05F0439S,05F0494S,31,212,16
2025/03/10 16:00,05F0439S,05F0494S,32,210,7
2025/03/10 16:00,05F0439S,05F0494S,41,0,0
2025/03/10 16:00,05F0439S,05F0494S,42,0,0
2025/03/10 16:00,05F0439S,05F0494S,5,217,4
2025/03/10 16:05,05F0000S,05F0055S,31,246,91
2025/03/10 16:05,05F0000S,05F0055S,32,250,23
2025/03/10 16:05,05F0000S,05F0055S,41,247,2
2025/03/10 16:05,05F0000S,05F0055S,42,0,0
2025/03/10 16:05,05F0000S,05F0055S,5,0,0
2025/03/10 16:05,05F0055S,05F0287S,31,1012,91
2025/03/10 16:05,05F0055S,05F0287S,32,1009,37
2025/03/10 16:05,05F0055S,05F0287S,41,1019,6
2025/03/10 16:05,05F0055S,05F0287S,42,0,0
2025/03/10 16:05,05F0055S,05F0287S,5,0,0
2025/03/10 16:05,05F0287S,05F0309S,31,87,57
2025/03/10 16:05,05F0287S,05F0309S,32,87,24
2025/03/10 16:05,05F0287S,05F0309S,41,94,3
2025/03/10 16:05,05F0287S,05F0309S,42,0,0
2025/03/10 16:05,05F0287S,05F0309S,5,0,0
2025/03/10 16:05,05F0309S,05F0439S,31,494,42
2025/03/10 16:05,05F0309S,05F0439S,32,504,15
2025/03/10 16:05,05F0309S,05F0439S,41,524,2
2025/03/10 16:05,05F0309S,05F0439S,42,573,1
2025/03/10 16:05,05F0309S,05F0439S,5,515,3
2025/03/10 16:05,05F0439S,05F0494S,31,209,16
2025/03/10 16:05,05F0439S,05F0494S,32,224,6
2025/03/10 16:05,05F0439S,05F0494S,41,257,1
2025/03/10 16:05,05F0439S,05F0494S,42,0,0
2025/03/10 16:05,05F0439S,05F0494S,5,203,5
2025/03/10 16:10,05F0000S,05F0055S,31,239,83
2025/03/10 16:10,05F0000S,05F0055S,32,243,33
2025/03/10 16:10,05F0000S,05F0055S,41,243,3
2025/03/10 16:10,05F0000S,05F0055S,42,0,0
2025/03/10 16:10,05F0000S,05F0055S,5,0,0
2025/03/10 16:10,05F0055S,05F0287S,31,1005,108
2025/03/10 16:10,05F0055S,05F0287S,32,1007,28
2025/03/10 16:10,05F0055S,05F0287S,41,1055,2
2025/03/10 16:10,05F0055S,05F0287S,42,0,0
2025/03/10 16:10,05F0055S,05F0287S,5,0,0
2025/03/10 16:10,05F0287S,05F0309S,31,86,79
2025/03/10 16:10,05F0287S,05F0309S,32,89,28
2025/03/10 16:10,05F0287S,05F0309S,41,86,1
2025/03/10 16:10,05F0287S,05F0309S,42,0,0
2025/03/10 16:10,05F0287S,05F0309S,5,0,0
2025/03/10 16:10,05F0309S,05F0439S,31,487,47
2025/03/10 16:10,05F0309S,05F0439S,32,497,22
2025/03/10 16:10,05F0309S,05F0439S,41,0,0
2025/03/10 16:10,05F0309S,05F0439S,42,479,1
2025/03/10 16:10,05F0309S,05F0439S,5,489,4
2025/03/10 16:10,05F0439S,05F0494S,31,205,14
2025/03/10 16:10,05F0439S,05F0494S,32,213,7
2025/03/10 16:10,05F0439S,05F0494S,41,0,0
2025/03/10 16:10,05F0439S,05F0494S,42,203,1
2025/03/10 16:10,05F0439S,05F0494S,5,214,4
2025/03/10 16:15,05F0000S,05F0055S,31,244,94
2025/03/10 16:15,05F0000S,05F0055S,32,247,28
2025/03/10 16:15,05F0000S,05F0055S,41,252,7
2025/03/10 16:15,05F0000S,05F0055S,42,0,0
2025/03/10 16:15,05F0000S,05F0055S,5,0,0
2025/03/10 16:15,05F0055S,05F0287S,31,995,85
2025/03/10 16:15,05F0055S,05F0287S,32,998,33
2025/03/10 16:15,05F0055S,05F0287S,41,1025,1
2025/03/10 16:15,05F0055S,05F0287S,42,0,0
2025/03/10 16:15,05F0055S,05F0287S,5,0,0
2025/03/10 16:15,05F0287S,05F0309S,31,86,79
2025/03/10 16:15,05F0287S,05F0309S,32,87,28
2025/03/10 16:15,05F0287S,05F0309S,41,95,1
2025/03/10 16:15,05F0287S,05F0309S,42,0,0
2025/03/10 16:15,05F0287S,05F0309S,5,0,0
2025/03/10 16:15,05F0309S,05F0439S,31,491,47
2025/03/10 16:15,05F0309S,05F0439S,32,493,21
2025/03/10 16:15,05F0309S,05F0439S,41,527,2
2025/03/10 16:15,05F0309S,05F0439S,42,0,0
2025/03/10 16:15,05F0309S,05F0439S,5,530,2
2025/03/10 16:15,05F0439S,05F0494S,31,206,14
2025/03/10 16:15,05F0439S,05F0494S,32,203,8
2025/03/10 16:15,05F0439S,05F0494S,41,0,0
2025/03/10 16:15,05F0439S,05F0494S,42,0,0
2025/03/10 16:15,05F0439S,05F0494S,5,206,2
2025/03/10 16:20,05F0000S,05F0055S,31,238,84
2025/03/10 16:20,05F0000S,05F0055S,32,239,27
2025/03/10 16:20,05F0000S,05F0055S,41,235,4
2025/03/10 16:20,05F0000S,05F0055S,42,0,0
2025/03/10 16:20,05F0000S,05F0055S,5,0,0
2025/03/10 16:20,05F0055S,05F0287S,31,1008,113
2025/03/10 16:20,05F0055S,05F0287S,32,1013,33
2025/03/10 16:20,05F0055S,05F0287S,41,1076,4
2025/03/10 16:20,05F0055S,05F0287S,42,0,0
2025/03/10 16:20,05F0055S,05F0287S,5,0,0
2025/03/10 16:20,05F0287S,05F0309S,31,87,85
2025/03/10 16:20,05F0287S,05F0309S,32,92,28
2025/03/10 16:20,05F0287S,05F0309S,41,93,3
2025/03/10 16:20,05F0287S,05F0309S,42,0,0
2025/03/10 16:20,05F0287S,05F0309S,5,0,0
2025/03/10 16:20,05F0309S,05F0439S,31,483,44
2025/03/10 16:20,05F0309S,05F0439S,32,483,16
2025/03/10 16:20,05F0309S,05F0439S,41,2151,1
2025/03/10 16:20,05F0309S,05F0439S,42,0,0
2025/03/10 16:20,05F0309S,05F0439S,5,0,0
2025/03/10 16:20,05F0439S,05F0494S,31,206,21
2025/03/10 16:20,05F0439S,05F0494S,32,214,6
2025/03/10 16:20,05F0439S,05F0494S,41,223,1
2025/03/10 16:20,05F0439S,05F0494S,42,0,0
2025/03/10 16:20,05F0439S,05F0494S,5,221,3
2025/03/10 16:25,05F0000S,05F0055S,31,250,76
2025/03/10 16:25,05F0000S,05F0055S,32,248,36
2025/03/10 16:25,05F0000S,05F0055S,41,254,3
2025/03/10 16:25,05F0000S,05F0055S,42,0,0
2025/03/10 16:25,05F0000S,05F0055S,5,0,0
2025/03/10 16:25,05F0055S,05F0287S,31,992,108
2025/03/10 16:25,05F0055S,05F0287S,32,996,36
2025/03/10 16:25,05F0055S,05F0287S,41,1008,4
2025/03/10 16:25,05F0055S,05F0287S,42,0,0
2025/03/10 16:25,05F0055S,05F0287S,5,0,0
2025/03/10 16:25,05F0287S,05F0309S,31,86,70
2025/03/10 16:25,05F0287S,05F0309S,32,84,19
2025/03/10 16:25,05F0287S,05F0309S,41,0,0
2025/03/10 16:25,05F0287S,05F0309S,42,0,0
2025/03/10 16:25,05F0287S,05F0309S,5,0,0
2025/03/10 16:25,05F0309S,05F0439S,31,468,53
2025/03/10 16:25,05F0309S,05F0439S,32,481,19
2025/03/10 16:25,05F0309S,05F0439S,41,530,1
2025/03/10 16:25,05F0309S,05F0439S,42,528,1
2025/03/10 16:25,05F0309S,05F0439S,5,547,2
2025/03/10 16:25,05F0439S,05F0494S,31,204,21
2025/03/10 16:25,05F0439S,05F0494S,32,211,13
2025/03/10 16:25,05F0439S,05F0494S,41,0,0
2025/03/10 16:25,05F0439S,05F0494S,42,0,0
2025/03/10 16:25,05F0439S,05F0494S,5,0,0
2025/03/10 16:30,05F0000S,05F0055S,31,239,74
2025/03/10 16:30,05F0000S,05F0055S,32,242,27
2025/03/10 16:30,05F0000S,05F0055S,41,244,3
2025/03/10 16:30,05F0000S,05F0055S,42,0,0
2025/03/10 16:30,05F0000S,05F0055S,5,0,0
2025/03/10 16:30,05F0055S,05F0287S,31,978,89
2025/03/10 16:30,05F0055S,05F0287S,32,981,33
2025/03/10 16:30,05F0055S,05F0287S,41,1010,3
2025/03/10 16:30,05F0055S,05F0287S,42,0,0
2025/03/10 16:30,05F0055S,05F0287S,5,0,0
2025/03/10 16:30,05F0287S,05F0309S,31,84,70
2025/03/10 16:30,05F0287S,05F0309S,32,89,28
2025/03/10 16:30,05F0287S,05F0309S,41,92,3
2025/03/10 16:30,05F0287S,05F0309S,42,0,0
2025/03/10 16:30,05F0287S,05F0309S,5,0,0
2025/03/10 16:30,05F0309S,05F0439S,31,490,52
2025/03/10 16:30,05F0309S,05F0439S,32,482,15
2025/03/10 16:30,05F0309S,05F0439S,41,575,1
2025/03/10 16:30,05F0309S,05F0439S,42,525,1
2025/03/10 16:30,05F0309S,05F0439S,5,503,3
2025/03/10 16:30,05F0439S,05F0494S,31,192,17
2025/03/10 16:30,05F0439S,05F0494S,32,201,8
2025/03/10 16:30,05F0439S,05F0494S,41,0,0
2025/03/10 16:30,05F0439S,05F0494S,42,3255,1
2025/03/10 16:30,05F0439S,05F0494S,5,211,2
2025/03/10 16:35,05F0000S,05F0055S,31,247,93
2025/03/10 16:35,05F0000S,05F0055S,32,252,37
2025/03/10 16:35,05F0000S,05F0055S,41,257,6
2025/03/10 16:35,05F0000S,05F0055S,42,0,0
2025/03/10 16:35,05F0000S,05F0055S,5,0,0
2025/03/10 16:35,05F0055S,05F0287S,31,996,103
2025/03/10 16:35,05F0055S,05F0287S,32,1003,32
2025/03/10 16:35,05F0055S,05F0287S,41,1049,7
2025/03/10 16:35,05F0055S,05F0287S,42,0,0
2025/03/10 16:35,05F0055S,05F0287S,5,0,0
2025/03/10 16:35,05F0287S,05F0309S,31,87,73
2025/03/10 16:35,05F0287S,05F0309S,32,90,19
2025/03/10 16:35,05F0287S,05F0309S,41,88,3
2025/03/10 16:35,05F0287S,05F0309S,42,0,0
2025/03/10 16:35,05F0287S,05F0309S,5,0,0
2025/03/10 16:35,05F0309S,05F0439S,31,467,39
2025/03/10 16:35,05F0309S,05F0439S,32,482,25
2025/03/10 16:35,05F0309S,05F0439S,41,520,1
2025/03/10 16:35,05F0309S,05F0439S,42,536,1
2025/03/10 16:35,05F0309S,05F0439S,5,489,4
2025/03/10 16:35,05F0439S,05F0494S,31,204,25
2025/03/10 16:35,05F0439S,05F0494S,32,201,5
2025/03/10 16:35,05F0439S,05F0494S,41,0,0
2025/03/10 16:35,05F0439S,05F0494S,42,221,1
2025/03/10 16:35,05F0439S,05F0494S,5,202,1
2025/03/10 16:40,05F0000S,05F0055S,31,244,91
2025/03/10 16:40,05F0000S,05F0055S,32,245,35
2025/03/10 16:40,05F0000S,05F0055S,41,250,3
2025/03/10 16:40,05F0000S,05F0055S,42,0,0
2025/03/10 16:40,05F0000S,05F0055S,5,0,0
2025/03/10 16:40,05F0055S,05F0287S,31,974,80
2025/03/10 16:40,05F0055S,05F0287S,32,978,33
2025/03/10 16:40,05F0055S,05F0287S,41,1021,2
2025/03/10 16:40,05F0055S,05F0287S,42,0,0
2025/03/10 16:40,05F0055S,05F0287S,5,0,0
2025/03/10 16:40,05F0287S,05F0309S,31,87,74
2025/03/10 16:40,05F0287S,05F0309S,32,87,25
2025/03/10 16:40,05F0287S,05F0309S,41,92,4
2025/03/10 16:40,05F0287S,05F0309S,42,0,0
2025/03/10 16:40,05F0287S,05F0309S,5,0,0
2025/03/10 16:40,05F0309S,05F0439S,31,477,43
2025/03/10 16:40,05F0309S,05F0439S,32,502,20
2025/03/10 16:40,05F0309S,05F0439S,41,520,2
2025/03/10 16:40,05F0309S,05F0439S,42,605,1
2025/03/10 16:40,05F0309S,05F0439S,5,558,3
2025/03/10 16:40,05F0439S,05F0494S,31,204,22
2025/03/10 16:40,05F0439S,05F0494S,32,196,8
2025/03/10 16:40,05F0439S,05F0494S,41,0,0
2025/03/10 16:40,05F0439S,05F0494S,42,0,0
2025/03/10 16:40,05F0439S,05F0494S,5,201,3
2025/03/10 16:45,05F0000S,05F0055S,31,244,90
2025/03/10 16:45,05F0000S,05F0055S,32,246,28
2025/03/10 16:45,05F0000S,05F0055S,41,261,6
2025/03/10 16:45,05F0000S,05F0055S,42,0,0
2025/03/10 16:45,05F0000S,05F0055S,5,0,0
2025/03/10 16:45,05F0055S,05F0287S,31,995,94
2025/03/10 16:45,05F0055S,05F0287S,32,999,41
2025/03/10 16:45,05F0055S,05F0287S,41,1004,4
2025/03/10 16:45,05F0055S,05F0287S,42,0,0
2025/03/10 16:45,05F0055S,05F0287S,5,0,0
2025/03/10 16:45,05F0287S,05F0309S,31,88,50
2025/03/10 16:45,05F0287S,05F0309S,32,88,32
2025/03/10 16:45,05F0287S,05F0309S,41,96,1
2025/03/10 16:45,05F0287S,05F0309S,42,0,0
2025/03/10 16:45,05F0287S,05F0309S,5,0,0
2025/03/10 16:45,05F0309S,05F0439S,31,481,50
2025/03/10 16:45,05F0309S,05F0439S,32,504,14
2025/03/10 16:45,05F0309S,05F0439S,41,531,1
2025/03/10 16:45,05F0309S,05F0439S,42,573,1
2025/03/10 16:45,05F0309S,05F0439S,5,525,7
2025/03/10 16:45,05F0439S,05F0494S,31,205,21
2025/03/10 16:45,05F0439S,05F0494S,32,202,6
2025/03/10 16:45,05F0439S,05F0494S,41,0,0
2025/03/10 16:45,05F0439S,05F0494S,42,0,0
2025/03/10 16:45,05F0439S,05F0494S,5,220,2
2025/03/10 16:50,05F0000S,05F0055S,31,245,88
2025/03/10 16:50,05F0000S,05F0055S,32,248,30
2025/03/10 16:50,05F0000S,05F0055S,41,257,6
2025/03/10 16:50,05F0000S,05F0055S,42,0,0
2025/03/10 16:50,05F0000S,05F0055S,5,0,0
2025/03/10 16:50,05F0055S,05F0287S,31,987,91
2025/03/10 16:50,05F0055S,05F0287S,32,986,32
2025/03/10 16:50,05F0055S,05F0287S,41,1012,4
2025/03/10 16:50,05F0055S,05F0287S,42,0,0
2025/03/10 16:50,05F0055S,05F0287S,5,0,0
2025/03/10 16:50,05F0287S,05F0309S,31,83,55
2025/03/10 16:50,05F0287S,05F0309S,32,85,21
2025/03/10 16:50,05F0287S,05F0309S,41,90,3
2025/03/10 16:50,05F0287S,05F0309S,42,0,0
2025/03/10 16:50,05F0287S,05F0309S,5,0,0
2025/03/10 16:50,05F0309S,05F0439S,31,498,33
2025/03/10 16:50,05F0309S,05F0439S,32,498,17
2025/03/10 16:50,05F0309S,05F0439S,41,532,2
2025/03/10 16:50,05F0309S,05F0439S,42,519,3
2025/03/10 16:50,05F0309S,05F0439S,5,526,4
2025/03/10 16:50,05F0439S,05F0494S,31,209,28
2025/03/10 16:50,05F0439S,05F0494S,32,203,7
2025/03/10 16:50,05F0439S,05F0494S,41,220,2
2025/03/10 16:50,05F0439S,05F0494S,42,221,2
2025/03/10 16:50,05F0439S,05F0494S,5,214,3
2025/03/10 16:55,05F0000S,05F0055S,31,241,92
2025/03/10 16:55,05F0000S,05F0055S,32,249,26
2025/03/10 16:55,05F0000S,05F0055S,41,252,7
2025/03/10 16:55,05F0000S,05F0055S,42,0,0
2025/03/10 16:55,05F0000S,05F0055S,5,0,0
2025/03/10 16:55,05F0055S,05F0287S,31,969,87
2025/03/10 16:55,05F0055S,05F0287S,32,971,37
2025/03/10 16:55,05F0055S,05F0287S,41,1028,6
2025/03/10 16:55,05F0055S,05F0287S,42,0,0
2025/03/10 16:55,05F0055S,05F0287S,5,0,0
2025/03/10 16:55,05F0287S,05F0309S,31,85,71
2025/03/10 16:55,05F0287S,05F0309S,32,87,31
2025/03/10 16:55,05F0287S,05F0309S,41,91,2
2025/03/10 16:55,05F0287S,05F0309S,42,0,0
2025/03/10 16:55,05F0287S,05F0309S,5,0,0
2025/03/10 16:55,05F0309S,05F0439S,31,477,37
2025/03/10 16:55,05F0309S,05F0439S,32,490,24
2025/03/10 16:55,05F0309S,05F0439S,41,519,1
2025/03/10 16:55,05F0309S,05F0439S,42,0,0
2025/03/10 16:55,05F0309S,05F0439S,5,513,5
2025/03/10 16:55,05F0439S,05F0494S,31,187,14
2025/03/10 16:55,05F0439S,05F0494S,32,223,3
2025/03/10 16:55,05F0439S,05F0494S,41,0,0
2025/03/10 16:55,05F0439S,05F0494S,42,218,2
2025/03/10 16:55,05F0439S,05F0494S,5,223,3
2025/03/10 17:00,05F0000S,05F0055S,31,243,98
2025/03/10 17:00,05F0000S,05F0055S,32,246,39
2025/03/10 17:00,05F0000S,05F0055S,41,240,3
2025/03/10 17:00,05F0000S,05F0055S,42,0,0
2025/03/10 17:00,05F0000S,05F0055S,5,0,0
2025/03/10 17:00,05F0055S,05F0287S,31,1000,102
2025/03/10 17:00,05F0055S,05F0287S,32,995,26
2025/03/10 17:00,05F0055S,05F0287S,41,0,0
2025/03/10 17:00,05F0055S,05F0287S,42,0,0
2025/03/10 17:00,05F0055S,05F0287S,5,0,0
2025/03/10 17:00,05F0287S,05F0309S,31,85,70
2025/03/10 17:00,05F0287S,05F0309S,32,88,27
2025/03/10 17:00,05F0287S,05F0309S,41,94,2
2025/03/10 17:00,05F0287S,05F0309S,42,0,0
2025/03/10 17:00,05F0287S,05F0309S,5,0,0
2025/03/10 17:00,05F0309S,05F0439S,31,484,33
2025/03/10 17:00,05F0309S,05F0439S,32,506,16
2025/03/10 17:00,05F0309S,05F0439S,41,540,1
2025/03/10 17:00,05F0309S,05F0439S,42,0,0
2025/03/10 17:00,05F0309S,05F0439S,5,0,0
2025/03/10 17:00,05F0439S,05F0494S,31,195,17
2025/03/10 17:00,05F0439S,05F0494S,32,204,8
2025/03/10 17:00,05F0439S,05F0494S,41,0,0
2025/03/10 17:00,05F0439S,05F0494S,42,0,0
2025/03/10 17:00,05F0439S,05F0494S,5,215,3
2025/03/10 17:05,05F0000S,05F0055S,31,241,65
2025/03/10 17:05,05F0000S,05F0055S,32,244,32
2025/03/10 17:05,05F0000S,05F0055S,41,1214,1
2025/03/10 17:05,05F0000S,05F0055S,42,0,0
2025/03/10 17:05,05F0000S,05F0055S,5,0,0
2025/03/10 17:05,05F0055S,05F0287S,31,1004,86
2025/03/10 17:05,05F0055S,05F0287S,32,1006,38
2025/03/10 17:05,05F0055S,05F0287S,41,1033,8
2025/03/10 17:05,05F0055S,05F0287S,42,0,0
2025/03/10 17:05,05F0055S,05F0287S,5,0,0
2025/03/10 17:05,05F0287S,05F0309S,31,89,66
2025/03/10 17:05,05F0287S,05F0309S,32,89,24
2025/03/10 17:05,05F0287S,05F0309S,41,95,7
2025/03/10 17:05,05F0287S,05F0309S,42,0,0
2025/03/10 17:05,05F0287S,05F0309S,5,0,0
2025/03/10 17:05,05F0309S,05F0439S,31,484,42
2025/03/10 17:05,05F0309S,05F0439S,32,500,20
2025/03/10 17:05,05F0309S,05F0439S,41,533,2
2025/03/10 17:05,05F0309S,05F0439S,42,0,0
2025/03/10 17:05,05F0309S,05F0439S,5,498,2
2025/03/10 17:05,05F0439S,05F0494S,31,208,11
2025/03/10 17:05,05F0439S,05F0494S,32,213,12
2025/03/10 17:05,05F0439S,05F0494S,41,0,0
2025/03/10 17:05,05F0439S,05F0494S,42,224,1
2025/03/10 17:05,05F0439S,05F0494S,5,204,1
2025/03/10 17:10,05F0000S,05F0055S,31,244,94
2025/03/10 17:10,05F0000S,05F0055S,32,246,38
2025/03/10 17:10,05F0000S,05F0055S,41,246,5
2025/03/10 17:10,05F0000S,05F0055S,42,0,0
2025/03/10 17:10,05F0000S,05F0055S,5,0,0
2025/03/10 17:10,05F0055S,05F0287S,31,990,95
2025/03/10 17:10,05F0055S,05F0287S,32,990,30
2025/03/10 17:10,05F0055S,05F0287S,41,1017,6
2025/03/10 17:10,05F0055S,05F0287S,42,0,0
2025/03/10 17:10,05F0055S,05F0287S,5,0,0
2025/03/10 17:10,05F0287S,05F0309S,31,88,83
2025/03/10 17:10,05F0287S,05F0309S,32,90,24
2025/03/10 17:10,05F0287S,05F0309S,41,92,4
2025/03/10 17:10,05F0287S,05F0309S,42,0,0
2025/03/10 17:10,05F0287S,05F0309S,5,0,0
2025/03/10 17:10,05F0309S,05F0439S,31,491,45
2025/03/10 17:10,05F0309S,05F0439S,32,493,11
2025/03/10 17:10,05F0309S,05F0439S,41,0,0
2025/03/10 17:10,05F0309S,05F0439S,42,538,2
2025/03/10 17:10,05F0309S,05F0439S,5,533,3
2025/03/10 17:10,05F0439S,05F0494S,31,197,17
2025/03/10 17:10,05F0439S,05F0494S,32,186,5
2025/03/10 17:10,05F0439S,05F0494S,41,0,0
2025/03/10 17:10,05F0439S,05F0494S,42,207,1
2025/03/10 17:10,05F0439S,05F0494S,5,210,4
2025/03/10 17:15,05F0000S,05F0055S,31,238,86
2025/03/10 17:15,05F0000S,05F0055S,32,238,31
2025/03/10 17:15,05F0000S,05F0055S,41,260,3
2025/03/10 17:15,05F0000S,05F0055S,42,0,0
2025/03/10 17:15,05F0000S,05F0055S,5,0,0
2025/03/10 17:15,05F0055S,05F0287S,31,997,108
2025/03/10 17:15,05F0055S,05F0287S,32,1011,42
2025/03/10 17:15,05F0055S,05F0287S,41,1035,5
2025/03/10 17:15,05F0055S,05F0287S,42,0,0
2025/03/10 17:15,05F0055S,05F0287S,5,0,0
2025/03/10 17:15,05F0287S,05F0309S,31,86,71
2025/03/10 17:15,05F0287S,05F0309S,32,86,27
2025/03/10 17:15,05F0287S,05F0309S,41,91,4
2025/03/10 17:15,05F0287S,05F0309S,42,0,0
2025/03/10 17:15,05F0287S,05F0309S,5,0,0
2025/03/10 17:15,05F0309S,05F0439S,31,477,50
2025/03/10 17:15,05F0309S,05F0439S,32,497,13
2025/03/10 17:15,05F0309S,05F0439S,41,522,3
2025/03/10 17:15,05F0309S,05F0439S,42,515,1
2025/03/10 17:15,05F0309S,05F0439S,5,537,2
2025/03/10 17:15,05F0439S,05F0494S,31,204,21
2025/03/10 17:15,05F0439S,05F0494S,32,204,12
2025/03/10 17:15,05F0439S,05F0494S,41,0,0
2025/03/10 17:15,05F0439S,05F0494S,42,248,1
2025/03/10 17:15,05F0439S,05F0494S,5,212,3
2025/03/10 17:20,05F0000S,05F0055S,31,241,97
2025/03/10 17:20,05F0000S,05F0055S,32,241,37
2025/03/10 17:20,05F0000S,05F0055S,41,272,4
2025/03/10 17:20,05F0000S,05F0055S,42,0,0
2025/03/10 17:20,05F0000S,05F0055S,5,0,0
2025/03/10 17:20,05F0055S,05F0287S,31,983,80
2025/03/10 17:20,05F0055S,05F0287S,32,984,41
2025/03/10 17:20,05F0055S,05F0287S,41,1037,2
2025/03/10 17:20,05F0055S,05F0287S,42,0,0
2025/03/10 17:20,05F0055S,05F0287S,5,0,0
2025/03/10 17:20,05F0287S,05F0309S,31,84,66
2025/03/10 17:20,05F0287S,05F0309S,32,87,31
2025/03/10 17:20,05F0287S,05F0309S,41,96,2
2025/03/10 17:20,05F0287S,05F0309S,42,0,0
2025/03/10 17:20,05F0287S,05F0309S,5,0,0
2025/03/10 17:20,05F0309S,05F0439S,31,481,45
2025/03/10 17:20,05F0309S,05F0439S,32,507,11
2025/03/10 17:20,05F0309S,05F0439S,41,536,2
2025/03/10 17:20,05F0309S,05F0439S,42,0,0
2025/03/10 17:20,05F0309S,05F0439S,5,526,5
2025/03/10 17:20,05F0439S,05F0494S,31,199,26
2025/03/10 17:20,05F0439S,05F0494S,32,210,7
2025/03/10 17:20,05F0439S,05F0494S,41,0,0
2025/03/10 17:20,05F0439S,05F0494S,42,0,0
2025/03/10 17:20,05F0439S,05F0494S,5,226,4
2025/03/10 17:25,05F0000S,05F0055S,31,250,117
2025/03/10 17:25,05F0000S,05F0055S,32,248,50
2025/03/10 17:25,05F0000S,05F0055S,41,257,3
2025/03/10 17:25,05F0000S,05F0055S,42,0,0
2025/03/10 17:25,05F0000S,05F0055S,5,0,0
2025/03/10 17:25,05F0055S,05F0287S,31,983,96
2025/03/10 17:25,05F0055S,05F0287S,32,982,31
2025/03/10 17:25,05F0055S,05F0287S,41,1049,4
2025/03/10 17:25,05F0055S,05F0287S,42,0,0
2025/03/10 17:25,05F0055S,05F0287S,5,0,0
2025/03/10 17:25,05F0287S,05F0309S,31,86,64
2025/03/10 17:25,05F0287S,05F0309S,32,87,25
2025/03/10 17:25,05F0287S,05F0309S,41,93,3
2025/03/10 17:25,05F0287S,05F0309S,42,0,0
2025/03/10 17:25,05F0287S,05F0309S,5,0,0
2025/03/10 17:25,05F0309S,05F0439S,31,484,52
2025/03/10 17:25,05F0309S,05F0439S,32,499,21
2025/03/10 17:25,05F0309S,05F0439S,41,531,3
2025/03/10 17:25,05F0309S,05F0439S,42,524,1
2025/03/10 17:25,05F0309S,05F0439S,5,503,6
2025/03/10 17:25,05F0439S,05F0494S,31,201,26
2025/03/10 17:25,05F0439S,05F0494S,32,214,3
2025/03/10 17:25,05F0439S,05F0494S,41,0,0
2025/03/10 17:25,05F0439S,05F0494S,42,0,0
2025/03/10 17:25,05F0439S,05F0494S,5,219,3
2025/03/10 17:30,05F0000S,05F0055S,31,242,94
2025/03/10 17:30,05F0000S,05F0055S,32,244,38
2025/03/10 17:30,05F0000S,05F0055S,41,256,5
2025/03/10 17:30,05F0000S,05F0055S,42,0,0
2025/03/10 17:30,05F0000S,05F0055S,5,0,0
2025/03/10 17:30,05F0055S,05F0287S,31,983,98
2025/03/10 17:30,05F0055S,05F0287S,32,993,42
2025/03/10 17:30,05F0055S,05F0287S,41,1055,5
2025/03/10 17:30,05F0055S,05F0287S,42,0,0
2025/03/10 17:30,05F0055S,05F0287S,5,0,0
2025/03/10 17:30,05F0287S,05F0309S,31,87,84
2025/03/10 17:30,05F0287S,05F0309S,32,86,38
2025/03/10 17:30,05F0287S,05F0309S,41,91,3
2025/03/10 17:30,05F0287S,05F0309S,42,0,0
2025/03/10 17:30,05F0287S,05F0309S,5,0,0
2025/03/10 17:30,05F0309S,05F0439S,31,480,39
2025/03/10 17:30,05F0309S,05F0439S,32,506,14
2025/03/10 17:30,05F0309S,05F0439S,41,0,0
2025/03/10 17:30,05F0309S,05F0439S,42,0,0
2025/03/10 17:30,05F0309S,05F0439S,5,556,4
2025/03/10 17:30,05F0439S,05F0494S,31,207,20
2025/03/10 17:30,05F0439S,05F0494S,32,205,5
2025/03/10 17:30,05F0439S,05F0494S,41,918,1
2025/03/10 17:30,05F0439S,05F0494S,42,0,0
2025/03/10 17:30,05F0439S,05F0494S,5,209,3
2025/03/10 17:35,05F0000S,05F0055S,31,247,93
2025/03/10 17:35,05F0000S,05F0055S,32,246,30
2025/03/10 17:35,05F0000S,05F0055S,41,262,4
2025/03/10 17:35,05F0000S,05F0055S,42,0,0
2025/03/10 17:35,05F0000S,05F0055S,5,0,0
2025/03/10 17:35,05F0055S,05F0287S,31,981,111
2025/03/10 17:35,05F0055S,05F0287S,32,986,41
2025/03/10 17:35,05F0055S,05F0287S,41,1017,3
2025/03/10 17:35,05F0055S,05F0287S,42,0,0
2025/03/10 17:35,05F0055S,05F0287S,5,0,0
2025/03/10 17:35,05F0287S,05F0309S,31,85,81
2025/03/10 17:35,05F0287S,05F0309S,32,86,29
2025/03/10 17:35,05F0287S,05F0309S,41,0,0
2025/03/10 17:35,05F0287S,05F0309S,42,0,0
2025/03/10 17:35,05F0287S,05F0309S,5,0,0
2025/03/10 17:35,05F0309S,05F0439S,31,489,44
2025/03/10 17:35,05F0309S,05F0439S,32,481,10
2025/03/10 17:35,05F0309S,05F0439S,41,529,2
2025/03/10 17:35,05F0309S,05F0439S,42,762,1
2025/03/10 17:35,05F0309S,05F0439S,5,577,5
2025/03/10 17:35,05F0439S,05F0494S,31,202,24
2025/03/10 17:35,05F0439S,05F0494S,32,223,4
2025/03/10 17:35,05F0439S,05F0494S,41,0,0
2025/03/10 17:35,05F0439S,05F0494S,42,0,0
2025/03/10 17:35,05F0439S,05F0494S,5,228,4
2025/03/10 17:40,05F0000S,05F0055S,31,242,106
2025/03/10 17:40,05F0000S,05F0055S,32,241,31
2025/03/10 17:40,05F0000S,05F0055S,41,248,3
2025/03/10 17:40,05F0000S,05F0055S,42,0,0
2025/03/10 17:40,05F0000S,05F0055S,5,0,0
2025/03/10 17:40,05F0055S,05F0287S,31,971,101
2025/03/10 17:40,05F0055S,05F0287S,32,971,42
2025/03/10 17:40,05F0055S,05F0287S,41,996,3
2025/03/10 17:40,05F0055S,05F0287S,42,0,0
2025/03/10 17:40,05F0055S,05F0287S,5,0,0
2025/03/10 17:40,05F0287S,05F0309S,31,85,69
2025/03/10 17:40,05F0287S,05F0309S,32,84,28
2025/03/10 17:40,05F0287S,05F0309S,41,94,3
2025/03/10 17:40,05F0287S,05F0309S,42,0,0
2025/03/10 17:40,05F0287S,05F0309S,5,0,0
2025/03/10 17:40,05F0309S,05F0439S,31,477,50
2025/03/10 17:40,05F0309S,05F0439S,32,477,19
2025/03/10 17:40,05F0309S,05F0439S,41,519,1
2025/03/10 17:40,05F0309S,05F0439S,42,0,0
2025/03/10 17:40,05F0309S,05F0439S,5,485,2
2025/03/10 17:40,05F0439S,05F0494S,31,219,19
2025/03/10 17:40,05F0439S,05F0494S,32,200,8
2025/03/10 17:40,05F0439S,05F0494S,41,0,0
2025/03/10 17:40,05F0439S,05F0494S,42,0,0
2025/03/10 17:40,05F0439S,05F0494S,5,236,3
2025/03/10 17:45,05F0000S,05F0055S,31,238,81
2025/03/10 17:45,05F0000S,05F0055S,32,240,27
2025/03/10 17:45,05F0000S,05F0055S,41,248,5
2025/03/10 17:45,05F0000S,05F0055S,42,0,0
2025/03/10 17:45,05F0000S,05F0055S,5,0,0
2025/03/10 17:45,05F0055S,05F0287S,31,1063,106
2025/03/10 17:45,05F0055S,05F0287S,32,1060,49
2025/03/10 17:45,05F0055S,05F0287S,41,1084,4
2025/03/10 17:45,05F0055S,05F0287S,42,0,0
2025/03/10 17:45,05F0055S,05F0287S,5,0,0
2025/03/10 17:45,05F0287S,05F0309S,31,86,80
2025/03/10 17:45,05F0287S,05F0309S,32,86,28
2025/03/10 17:45,05F0287S,05F0309S,41,93,3
2025/03/10 17:45,05F0287S,05F0309S,42,0,0
2025/03/10 17:45,05F0287S,05F0309S,5,0,0
2025/03/10 17:45,05F0309S,05F0439S,31,475,52
2025/03/10 17:45,05F0309S,05F0439S,32,497,24
2025/03/10 17:45,05F0309S,05F0439S,41,521,2
2025/03/10 17:45,05F0309S,05F0439S,42,472,1
2025/03/10 17:45,05F0309S,05F0439S,5,513,9
2025/03/10 17:45,05F0439S,05F0494S,31,196,20
2025/03/10 17:45,05F0439S,05F0494S,32,217,6
2025/03/10 17:45,05F0439S,05F0494S,41,0,0
2025/03/10 17:45,05F0439S,05F0494S,42,225,1
2025/03/10 17:45,05F0439S,05F0494S,5,208,5
2025/03/10 17:50,05F0000S,05F0055S,31,243,98
2025/03/10 17:50,05F0000S,05F0055S,32,250,33
2025/03/10 17:50,05F0000S,05F0055S,41,252,2
2025/03/10 17:50,05F0000S,05F0055S,42,0,0
2025/03/10 17:50,05F0000S,05F0055S,5,0,0
2025/03/10 17:50,05F0055S,05F0287S,31,1024,116
2025/03/10 17:50,05F0055S,05F0287S,32,1013,35
2025/03/10 17:50,05F0055S,05F0287S,41,1083,7
2025/03/10 17:50,05F0055S,05F0287S,42,0,0
2025/03/10 17:50,05F0055S,05F0287S,5,0,0
2025/03/10 17:50,05F0287S,05F0309S,31,88,87
2025/03/10 17:50,05F0287S,05F0309S,32,87,28
2025/03/10 17:50,05F0287S,05F0309S,41,93,4
2025/03/10 17:50,05F0287S,05F0309S,42,0,0
2025/03/10 17:50,05F0287S,05F0309S,5,0,0
2025/03/10 17:50,05F0309S,05F0439S,31,481,41
2025/03/10 17:50,05F0309S,05F0439S,32,482,14
2025/03/10 17:50,05F0309S,05F0439S,41,533,3
2025/03/10 17:50,05F0309S,05F0439S,42,601,1
2025/03/10 17:50,05F0309S,05F0439S,5,526,3
2025/03/10 17:50,05F0439S,05F0494S,31,205,21
2025/03/10 17:50,05F0439S,05F0494S,32,210,7
2025/03/10 17:50,05F0439S,05F0494S,41,0,0
2025/03/10 17:50,05F0439S,05F0494S,42,0,0
2025/03/10 17:50,05F0439S,05F0494S,5,215,4
2025/03/10 17:55,05F0000S,05F0055S,31,240,87
2025/03/10 17:55,05F0000S,05F0055S,32,238,14
2025/03/10 17:55,05F0000S,05F0055S,41,251,6
2025/03/10 17:55,05F0000S,05F0055S,42,391,1
2025/03/10 17:55,05F0000S,05F0055S,5,0,0
2025/03/10 17:55,05F0055S,05F0287S,31,1004,128
2025/03/10 17:55,05F0055S,05F0287S,32,1010,43
2025/03/10 17:55,05F0055S,05F0287S,41,1008,3
2025/03/10 17:55,05F0055S,05F0287S,42,0,0
2025/03/10 17:55,05F0055S,05F0287S,5,0,0
2025/03/10 17:55,05F0287S,05F0309S,31,88,93
2025/03/10 17:55,05F0287S,05F0309S,32,90,35
2025/03/10 17:55,05F0287S,05F0309S,41,92,2
2025/03/10 17:55,05F0287S,05F0309S,42,0,0
2025/03/10 17:55,05F0287S,05F0309S,5,0,0
2025/03/10 17:55,05F0309S,05F0439S,31,479,60
2025/03/10 17:55,05F0309S,05F0439S,32,492,19
2025/03/10 17:55,05F0309S,05F0439S,41,542,1
2025/03/10 17:55,05F0309S,05F0439S,42,462,1
2025/03/10 17:55,05F0309S,05F0439S,5,493,3
2025/03/10 17:55,05F0439S,05F0494S,31,204,16
2025/03/10 17:55,05F0439S,05F0494S,32,209,4
2025/03/10 17:55,05F0439S,05F0494S,41,224,1
2025/03/10 17:55,05F0439S,05F0494S,42,0,0
2025/03/10 17:55,05F0439S,05F0494S,5,252,1
2025/03/10 18:00,05F0000S,05F0055S,31,239,87
2025/03/10 18:00,05F0000S,05F0055S,32,240,14
2025/03/10 18:00,05F0000S,05F0055S,41,247,5
2025/03/10 18:00,05F0000S,05F0055S,42,0,0
2025/03/10 18:00,05F0000S,05F0055S,5,0,0
2025/03/10 18:00,05F0055S,05F0287S,31,984,105
2025/03/10 18:00,05F0055S,05F0287S,32,985,40
2025/03/10 18:00,05F0055S,05F0287S,41,998,4
2025/03/10 18:00,05F0055S,05F0287S,42,0,0
2025/03/10 18:00,05F0055S,05F0287S,5,0,0
2025/03/10 18:00,05F0287S,05F0309S,31,87,88
2025/03/10 18:00,05F0287S,05F0309S,32,90,23
2025/03/10 18:00,05F0287S,05F0309S,41,92,4
2025/03/10 18:00,05F0287S,05F0309S,42,0,0
2025/03/10 18:00,05F0287S,05F0309S,5,0,0
2025/03/10 18:00,05F0309S,05F0439S,31,488,52
2025/03/10 18:00,05F0309S,05F0439S,32,486,17
2025/03/10 18:00,05F0309S,05F0439S,41,532,3
2025/03/10 18:00,05F0309S,05F0439S,42,557,1
2025/03/10 18:00,05F0309S,05F0439S,5,584,2
2025/03/10 18:00,05F0439S,05F0494S,31,207,22
2025/03/10 18:00,05F0439S,05F0494S,32,211,7
2025/03/10 18:00,05F0439S,05F0494S,41,0,0
2025/03/10 18:00,05F0439S,05F0494S,42,236,1
2025/03/10 18:00,05F0439S,05F0494S,5,228,3
2025/03/10 18:05,05F0000S,05F0055S,31,241,81
2025/03/10 18:05,05F0000S,05F0055S,32,242,30
2025/03/10 18:05,05F0000S,05F0055S,41,240,6
2025/03/10 18:05,05F0000S,05F0055S,42,0,0
2025/03/10 18:05,05F0000S,05F0055S,5,0,0
2025/03/10 18:05,05F0055S,05F0287S,31,979,98
2025/03/10 18:05,05F0055S,05F0287S,32,993,29
2025/03/10 18:05,05F0055S,05F0287S,41,1025,4
2025/03/10 18:05,05F0055S,05F0287S,42,0,0
2025/03/10 18:05,05F0055S,05F0287S,5,0,0
2025/03/10 18:05,05F0287S,05F0309S,31,84,67
2025/03/10 18:05,05F0287S,05F0309S,32,86,21
2025/03/10 18:05,05F0287S,05F0309S,41,90,1
2025/03/10 18:05,05F0287S,05F0309S,42,0,0
2025/03/10 18:05,05F0287S,05F0309S,5,0,0
2025/03/10 18:05,05F0309S,05F0439S,31,493,61
2025/03/10 18:05,05F0309S,05F0439S,32,491,16
2025/03/10 18:05,05F0309S,05F0439S,41,508,3
2025/03/10 18:05,05F0309S,05F0439S,42,0,0
2025/03/10 18:05,05F0309S,05F0439S,5,545,3
2025/03/10 18:05,05F0439S,05F0494S,31,209,16
2025/03/10 18:05,05F0439S,05F0494S,32,211,6
2025/03/10 18:05,05F0439S,05F0494S,41,0,0
2025/03/10 18:05,05F0439S,05F0494S,42,0,0
2025/03/10 18:05,05F0439S,05F0494S,5,222,2
2025/03/10 18:10,05F0000S,05F0055S,31,243,82
2025/03/10 18:10,05F0000S,05F0055S,32,247,31
2025/03/10 18:10,05F0000S,05F0055S,41,246,3
2025/03/10 18:10,05F0000S,05F0055S,42,0,0
2025/03/10 18:10,05F0000S,05F0055S,5,0,0
2025/03/10 18:10,05F0055S,05F0287S,31,969,106
2025/03/10 18:10,05F0055S,05F0287S,32,972,22
2025/03/10 18:10,05F0055S,05F0287S,41,1010,3
2025/03/10 18:10,05F0055S,05F0287S,42,0,0
2025/03/10 18:10,05F0055S,05F0287S,5,0,0
2025/03/10 18:10,05F0287S,05F0309S,31,86,93
2025/03/10 18:10,05F0287S,05F0309S,32,87,30
2025/03/10 18:10,05F0287S,05F0309S,41,88,4
2025/03/10 18:10,05F0287S,05F0309S,42,0,0
2025/03/10 18:10,05F0287S,05F0309S,5,0,0
2025/03/10 18:10,05F0309S,05F0439S,31,491,44
2025/03/10 18:10,05F0309S,05F0439S,32,498,13
2025/03/10 18:10,05F0309S,05F0439S,41,540,2
2025/03/10 18:10,05F0309S,05F0439S,42,575,1
2025/03/10 18:10,05F0309S,05F0439S,5,536,1
2025/03/10 18:10,05F0439S,05F0494S,31,214,25
2025/03/10 18:10,05F0439S,05F0494S,32,215,8
2025/03/10 18:10,05F0439S,05F0494S,41,0,0
2025/03/10 18:10,05F0439S,05F0494S,42,0,0
2025/03/10 18:10,05F0439S,05F0494S,5,211,2
2025/03/10 18:15,05F0000S,05F0055S,31,251,103
2025/03/10 18:15,05F0000S,05F0055S,32,254,29
2025/03/10 18:15,05F0000S,05F0055S,41,243,7
2025/03/10 18:15,05F0000S,05F0055S,42,0,0
2025/03/10 18:15,05F0000S,05F0055S,5,0,0
2025/03/10 18:15,05F0055S,05F0287S,31,970,95
2025/03/10 18:15,05F0055S,05F0287S,32,1002,15
2025/03/10 18:15,05F0055S,05F0287S,41,1032,5
2025/03/10 18:15,05F0055S,05F0287S,42,0,0
2025/03/10 18:15,05F0055S,05F0287S,5,0,0
2025/03/10 18:15,05F0287S,05F0309S,31,84,62
2025/03/10 18:15,05F0287S,05F0309S,32,86,12
2025/03/10 18:15,05F0287S,05F0309S,41,92,3
2025/03/10 18:15,05F0287S,05F0309S,42,0,0
2025/03/10 18:15,05F0287S,05F0309S,5,0,0
2025/03/10 18:15,05F0309S,05F0439S,31,485,41
2025/03/10 18:15,05F0309S,05F0439S,32,494,19
2025/03/10 18:15,05F0309S,05F0439S,41,517,1
2025/03/10 18:15,05F0309S,05F0439S,42,0,0
2025/03/10 18:15,05F0309S,05F0439S,5,520,3
2025/03/10 18:15,05F0439S,05F0494S,31,207,22
2025/03/10 18:15,05F0439S,05F0494S,32,225,6
2025/03/10 18:15,05F0439S,05F0494S,41,0,0
2025/03/10 18:15,05F0439S,05F0494S,42,247,1
2025/03/10 18:15,05F0439S,05F0494S,5,0,0
2025/03/10 18:20,05F0000S,05F0055S,31,241,91
2025/03/10 18:20,05F0000S,05F0055S,32,242,24
2025/03/10 18:20,05F0000S,05F0055S,41,250,8
2025/03/10 18:20,05F0000S,05F0055S,42,0,0
2025/03/10 18:20,05F0000S,05F0055S,5,0,0
2025/03/10 18:20,05F0055S,05F0287S,31,975,108
2025/03/10 18:20,05F0055S,05F0287S,32,964,25
2025/03/10 18:20,05F0055S,05F0287S,41,975,7
2025/03/10 18:20,05F0055S,05F0287S,42,0,0
2025/03/10 18:20,05F0055S,05F0287S,5,0,0
2025/03/10 18:20,05F0287S,05F0309S,31,86,75
2025/03/10 18:20,05F0287S,05F0309S,32,90,13
2025/03/10 18:20,05F0287S,05F0309S,41,92,6
2025/03/10 18:20,05F0287S,05F0309S,42,0,0
2025/03/10 18:20,05F0287S,05F0309S,5,0,0
2025/03/10 18:20,05F0309S,05F0439S,31,484,45
2025/03/10 18:20,05F0309S,05F0439S,32,506,12
2025/03/10 18:20,05F0309S,05F0439S,41,0,0
2025/03/10 18:20,05F0309S,05F0439S,42,537,4
2025/03/10 18:20,05F0309S,05F0439S,5,521,2
2025/03/10 18:20,05F0439S,05F0494S,31,204,13
2025/03/10 18:20,05F0439S,05F0494S,32,201,5
2025/03/10 18:20,05F0439S,05F0494S,41,0,0
2025/03/10 18:20,05F0439S,05F0494S,42,211,1
2025/03/10 18:20,05F0439S,05F0494S,5,205,1
2025/03/10 18:25,05F0000S,05F0055S,31,249,97
2025/03/10 18:25,05F0000S,05F0055S,32,246,25
2025/03/10 18:25,05F0000S,05F0055S,41,240,5
2025/03/10 18:25,05F0000S,05F0055S,42,0,0
2025/03/10 18:25,05F0000S,05F0055S,5,0,0
2025/03/10 18:25,05F0055S,05F0287S,31,1005,77
2025/03/10 18:25,05F0055S,05F0287S,32,1011,43
2025/03/10 18:25,05F0055S,05F0287S,41,1003,3
2025/03/10 18:25,05F0055S,05F0287S,42,0,0
2025/03/10 18:25,05F0055S,05F0287S,5,0,0
2025/03/10 18:25,05F0287S,05F0309S,31,86,55
2025/03/10 18:25,05F0287S,05F0309S,32,88,20
2025/03/10 18:25,05F0287S,05F0309S,41,91,4
2025/03/10 18:25,05F0287S,05F0309S,42,0,0
2025/03/10 18:25,05F0287S,05F0309S,5,0,0
2025/03/10 18:25,05F0309S,05F0439S,31,488,43
2025/03/10 18:25,05F0309S,05F0439S,32,498,10
2025/03/10 18:25,05F0309S,05F0439S,41,549,1
2025/03/10 18:25,05F0309S,05F0439S,42,0,0
2025/03/10 18:25,05F0309S,05F0439S,5,529,3
2025/03/10 18:25,05F0439S,05F0494S,31,213,16
2025/03/10 18:25,05F0439S,05F0494S,32,195,6
2025/03/10 18:25,05F0439S,05F0494S,41,0,0
2025/03/10 18:25,05F0439S,05F0494S,42,226,3
2025/03/10 18:25,05F0439S,05F0494S,5,223,4
2025/03/10 18:30,05F0000S,05F0055S,31,237,76
2025/03/10 18:30,05F0000S,05F0055S,32,238,15
2025/03/10 18:30,05F0000S,05F0055S,41,236,7
2025/03/10 18:30,05F0000S,05F0055S,42,0,0
2025/03/10 18:30,05F0000S,05F0055S,5,0,0
2025/03/10 18:30,05F0055S,05F0287S,31,1016,95
2025/03/10 18:30,05F0055S,05F0287S,32,996,27
2025/03/10 18:30,05F0055S,05F0287S,41,1043,4
2025/03/10 18:30,05F0055S,05F0287S,42,0,0
2025/03/10 18:30,05F0055S,05F0287S,5,0,0
2025/03/10 18:30,05F0287S,05F0309S,31,89,67
2025/03/10 18:30,05F0287S,05F0309S,32,89,28
2025/03/10 18:30,05F0287S,05F0309S,41,92,3
2025/03/10 18:30,05F0287S,05F0309S,42,0,0
2025/03/10 18:30,05F0287S,05F0309S,5,0,0
2025/03/10 18:30,05F0309S,05F0439S,31,485,39
2025/03/10 18:30,05F0309S,05F0439S,32,490,12
2025/03/10 18:30,05F0309S,05F0439S,41,537,4
2025/03/10 18:30,05F0309S,05F0439S,42,0,0
2025/03/10 18:30,05F0309S,05F0439S,5,483,3
2025/03/10 18:30,05F0439S,05F0494S,31,205,12
2025/03/10 18:30,05F0439S,05F0494S,32,210,3
2025/03/10 18:30,05F0439S,05F0494S,41,0,0
2025/03/10 18:30,05F0439S,05F0494S,42,0,0
2025/03/10 18:30,05F0439S,05F0494S,5,204,2
2025/03/10 18:35,05F0000S,05F0055S,31,233,71
2025/03/10 18:35,05F0000S,05F0055S,32,232,22
2025/03/10 18:35,05F0000S,05F0055S,41,236,2
2025/03/10 18:35,05F0000S,05F0055S,42,0,0
2025/03/10 18:35,05F0000S,05F0055S,5,0,0
2025/03/10 18:35,05F0055S,05F0287S,31,1023,114
2025/03/10 18:35,05F0055S,05F0287S,32,1014,35
2025/03/10 18:35,05F0055S,05F0287S,41,1033,12
2025/03/10 18:35,05F0055S,05F0287S,42,0,0
2025/03/10 18:35,05F0055S,05F0287S,5,0,0
2025/03/10 18:35,05F0287S,05F0309S,31,86,87
2025/03/10 18:35,05F0287S,05F0309S,32,87,23
2025/03/10 18:35,05F0287S,05F0309S,41,94,7
2025/03/10 18:35,05F0287S,05F0309S,42,0,0
2025/03/10 18:35,05F0287S,05F0309S,5,0,0
2025/03/10 18:35,05F0309S,05F0439S,31,494,45
2025/03/10 18:35,05F0309S,05F0439S,32,501,20
2025/03/10 18:35,05F0309S,05F0439S,41,538,3
2025/03/10 18:35,05F0309S,05F0439S,42,524,2
2025/03/10 18:35,05F0309S,05F0439S,5,513,4
2025/03/10 18:35,05F0439S,05F0494S,31,204,13
2025/03/10 18:35,05F0439S,05F0494S,32,209,7
2025/03/10 18:35,05F0439S,05F0494S,41,0,0
2025/03/10 18:35,05F0439S,05F0494S,42,0,0
2025/03/10 18:35,05F0439S,05F0494S,5,214,2
2025/03/10 18:40,05F0000S,05F0055S,31,240,90
2025/03/10 18:40,05F0000S,05F0055S,32,235,17
2025/03/10 18:40,05F0000S,05F0055S,41,244,8
2025/03/10 18:40,05F0000S,05F0055S,42,0,0
2025/03/10 18:40,05F0000S,05F0055S,5,0,0
2025/03/10 18:40,05F0055S,05F0287S,31,983,119
2025/03/10 18:40,05F0055S,05F0287S,32,981,30
2025/03/10 18:40,05F0055S,05F0287S,41,1012,8
2025/03/10 18:40,05F0055S,05F0287S,42,0,0
2025/03/10 18:40,05F0055S,05F0287S,5,0,0
2025/03/10 18:40,05F0287S,05F0309S,31,86,87
2025/03/10 18:40,05F0287S,05F0309S,32,87,22
2025/03/10 18:40,05F0287S,05F0309S,41,94,9
2025/03/10 18:40,05F0287S,05F0309S,42,0,0
2025/03/10 18:40,05F0287S,05F0309S,5,0,0
2025/03/10 18:40,05F0309S,05F0439S,31,480,32
2025/03/10 18:40,05F0309S,05F0439S,32,486,13
2025/03/10 18:40,05F0309S,05F0439S,41,548,2
2025/03/10 18:40,05F0309S,05F0439S,42,538,1
2025/03/10 18:40,05F0309S,05F0439S,5,525,4
2025/03/10 18:40,05F0439S,05F0494S,31,223,8
2025/03/10 18:40,05F0439S,05F0494S,32,227,3
2025/03/10 18:40,05F0439S,05F0494S,41,0,0
2025/03/10 18:40,05F0439S,05F0494S,42,244,1
2025/03/10 18:40,05F0439S,05F0494S,5,223,2
2025/03/10 18:45,05F0000S,05F0055S,31,241,103
2025/03/10 18:45,05F0000S,05F0055S,32,244,29
2025/03/10 18:45,05F0000S,05F0055S,41,253,6
2025/03/10 18:45,05F0000S,05F0055S,42,0,0
2025/03/10 18:45,05F0000S,05F0055S,5,0,0
2025/03/10 18:45,05F0055S,05F0287S,31,1001,96
2025/03/10 18:45,05F0055S,05F0287S,32,985,20
2025/03/10 18:45,05F0055S,05F0287S,41,1037,4
2025/03/10 18:45,05F0055S,05F0287S,42,0,0
2025/03/10 18:45,05F0055S,05F0287S,5,0,0
2025/03/10 18:45,05F0287S,05F0309S,31,88,57
2025/03/10 18:45,05F0287S,05F0309S,32,87,18
2025/03/10 18:45,05F0287S,05F0309S,41,90,2
2025/03/10 18:45,05F0287S,05F0309S,42,0,0
2025/03/10 18:45,05F0287S,05F0309S,5,0,0
2025/03/10 18:45,05F0309S,05F0439S,31,488,54
2025/03/10 18:45,05F0309S,05F0439S,32,496,18
2025/03/10 18:45,05F0309S,05F0439S,41,528,8
2025/03/10 18:45,05F0309S,05F0439S,42,0,0
2025/03/10 18:45,05F0309S,05F0439S,5,507,1
2025/03/10 18:45,05F0439S,05F0494S,31,201,13
2025/03/10 18:45,05F0439S,05F0494S,32,229,2
2025/03/10 18:45,05F0439S,05F0494S,41,0,0
2025/03/10 18:45,05F0439S,05F0494S,42,221,1
2025/03/10 18:45,05F0439S,05F0494S,5,218,3
2025/03/10 18:50,05F0000S,05F0055S,31,239,90
2025/03/10 18:50,05F0000S,05F0055S,32,239,19
2025/03/10 18:50,05F0000S,05F0055S,41,241,7
2025/03/10 18:50,05F0000S,05F0055S,42,0,0
2025/03/10 18:50,05F0000S,05F0055S,5,0,0
2025/03/10 18:50,05F0055S,05F0287S,31,977,95
2025/03/10 18:50,05F0055S,05F0287S,32,992,30
2025/03/10 18:50,05F0055S,05F0287S,41,1001,5
2025/03/10 18:50,05F0055S,05F0287S,42,0,0
2025/03/10 18:50,05F0055S,05F0287S,5,0,0
2025/03/10 18:50,05F0287S,05F0309S,31,86,87
2025/03/10 18:50,05F0287S,05F0309S,32,88,18
2025/03/10 18:50,05F0287S,05F0309S,41,92,6
2025/03/10 18:50,05F0287S,05F0309S,42,0,0
2025/03/10 18:50,05F0287S,05F0309S,5,0,0
2025/03/10 18:50,05F0309S,05F0439S,31,490,40
2025/03/10 18:50,05F0309S,05F0439S,32,482,17
2025/03/10 18:50,05F0309S,05F0439S,41,530,4
2025/03/10 18:50,05F0309S,05F0439S,42,0,0
2025/03/10 18:50,05F0309S,05F0439S,5,555,1
2025/03/10 18:50,05F0439S,05F0494S,31,212,16
2025/03/10 18:50,05F0439S,05F0494S,32,203,6
2025/03/10 18:50,05F0439S,05F0494S,41,0,0
2025/03/10 18:50,05F0439S,05F0494S,42,0,0
2025/03/10 18:50,05F0439S,05F0494S,5,217,2
2025/03/10 18:55,05F0000S,05F0055S,31,235,89
2025/03/10 18:55,05F0000S,05F0055S,32,241,22
2025/03/10 18:55,05F0000S,05F0055S,41,230,6
2025/03/10 18:55,05F0000S,05F0055S,42,0,0
2025/03/10 18:55,05F0000S,05F0055S,5,0,0
2025/03/10 18:55,05F0055S,05F0287S,31,966,79
2025/03/10 18:55,05F0055S,05F0287S,32,974,20
2025/03/10 18:55,05F0055S,05F0287S,41,1011,6
2025/03/10 18:55,05F0055S,05F0287S,42,0,0
2025/03/10 18:55,05F0055S,05F0287S,5,0,0
2025/03/10 18:55,05F0287S,05F0309S,31,86,51
2025/03/10 18:55,05F0287S,05F0309S,32,86,19
2025/03/10 18:55,05F0287S,05F0309S,41,95,2
2025/03/10 18:55,05F0287S,05F0309S,42,0,0
2025/03/10 18:55,05F0287S,05F0309S,5,0,0
2025/03/10 18:55,05F0309S,05F0439S,31,515,37
2025/03/10 18:55,05F0309S,05F0439S,32,501,13
2025/03/10 18:55,05F0309S,05F0439S,41,545,2
2025/03/10 18:55,05F0309S,05F0439S,42,586,1
2025/03/10 18:55,05F0309S,05F0439S,5,0,0
2025/03/10 18:55,05F0439S,05F0494S,31,209,13
2025/03/10 18:55,05F0439S,05F0494S,32,198,4
2025/03/10 18:55,05F0439S,05F0494S,41,0,0
2025/03/10 18:55,05F0439S,05F0494S,42,259,1
2025/03/10 18:55,05F0439S,05F0494S,5,0,0
2025/03/10 19:00,05F0000S,05F0055S,31,234,101
2025/03/10 19:00,05F0000S,05F0055S,32,235,24
2025/03/10 19:00,05F0000S,05F0055S,41,248,7
2025/03/10 19:00,05F0000S,05F0055S,42,0,0
2025/03/10 19:00,05F0000S,05F0055S,5,0,0
2025/03/10 19:00,05F0055S,05F0287S,31,990,83
2025/03/10 19:00,05F0055S,05F0287S,32,999,19
2025/03/10 19:00,05F0055S,05F0287S,41,1020,4
2025/03/10 19:00,05F0055S,05F0287S,42,0,0
2025/03/10 19:00,05F0055S,05F0287S,5,0,0
2025/03/10 19:00,05F0287S,05F0309S,31,85,65
2025/03/10 19:00,05F0287S,05F0309S,32,87,14
2025/03/10 19:00,05F0287S,05F0309S,41,93,6
2025/03/10 19:00,05F0287S,05F0309S,42,0,0
2025/03/10 19:00,05F0287S,05F0309S,5,0,0
2025/03/10 19:00,05F0309S,05F0439S,31,472,39
2025/03/10 19:00,05F0309S,05F0439S,32,498,15
2025/03/10 19:00,05F0309S,05F0439S,41,545,2
2025/03/10 19:00,05F0309S,05F0439S,42,1539,2
2025/03/10 19:00,05F0309S,05F0439S,5,466,4
2025/03/10 19:00,05F0439S,05F0494S,31,208,14
2025/03/10 19:00,05F0439S,05F0494S,32,208,4
2025/03/10 19:00,05F0439S,05F0494S,41,0,0
2025/03/10 19:00,05F0439S,05F0494S,42,229,1
2025/03/10 19:00,05F0439S,05F0494S,5,183,1
2025/03/10 19:05,05F0000S,05F0055S,31,233,73
2025/03/10 19:05,05F0000S,05F0055S,32,232,21
2025/03/10 19:05,05F0000S,05F0055S,41,240,7
2025/03/10 19:05,05F0000S,05F0055S,42,0,0
2025/03/10 19:05,05F0000S,05F0055S,5,0,0
2025/03/10 19:05,05F0055S,05F0287S,31,1005,120
2025/03/10 19:05,05F0055S,05F0287S,32,1010,31
2025/03/10 19:05,05F0055S,05F0287S,41,1062,12
2025/03/10 19:05,05F0055S,05F0287S,42,0,0
2025/03/10 19:05,05F0055S,05F0287S,5,0,0
2025/03/10 19:05,05F0287S,05F0309S,31,87,77
2025/03/10 19:05,05F0287S,05F0309S,32,89,24
2025/03/10 19:05,05F0287S,05F0309S,41,92,7
2025/03/10 19:05,05F0287S,05F0309S,42,0,0
2025/03/10 19:05,05F0287S,05F0309S,5,0,0
2025/03/10 19:05,05F0309S,05F0439S,31,493,42
2025/03/10 19:05,05F0309S,05F0439S,32,478,8
2025/03/10 19:05,05F0309S,05F0439S,41,534,2
2025/03/10 19:05,05F0309S,05F0439S,42,0,0
2025/03/10 19:05,05F0309S,05F0439S,5,565,1
2025/03/10 19:05,05F0439S,05F0494S,31,199,10
2025/03/10 19:05,05F0439S,05F0494S,32,203,5
2025/03/10 19:05,05F0439S,05F0494S,41,0,0
2025/03/10 19:05,05F0439S,05F0494S,42,0,0
2025/03/10 19:05,05F0439S,05F0494S,5,204,3
2025/03/10 19:10,05F0000S,05F0055S,31,235,68
2025/03/10 19:10,05F0000S,05F0055S,32,244,15
2025/03/10 19:10,05F0000S,05F0055S,41,235,6
2025/03/10 19:10,05F0000S,05F0055S,42,0,0
2025/03/10 19:10,05F0000S,05F0055S,5,0,0
2025/03/10 19:10,05F0055S,05F0287S,31,961,109
2025/03/10 19:10,05F0055S,05F0287S,32,961,33
2025/03/10 19:10,05F0055S,05F0287S,41,958,6
2025/03/10 19:10,05F0055S,05F0287S,42,0,0
2025/03/10 19:10,05F0055S,05F0287S,5,0,0
2025/03/10 19:10,05F0287S,05F0309S,31,86,90
2025/03/10 19:10,05F0287S,05F0309S,32,87,24
2025/03/10 19:10,05F0287S,05F0309S,41,91,7
2025/03/10 19:10,05F0287S,05F0309S,42,0,0
2025/03/10 19:10,05F0287S,05F0309S,5,0,0
2025/03/10 19:10,05F0309S,05F0439S,31,488,37
2025/03/10 19:10,05F0309S,05F0439S,32,478,10
2025/03/10 19:10,05F0309S,05F0439S,41,535,4
2025/03/10 19:10,05F0309S,05F0439S,42,0,0
2025/03/10 19:10,05F0309S,05F0439S,5,0,0
2025/03/10 19:10,05F0439S,05F0494S,31,212,11
2025/03/10 19:10,05F0439S,05F0494S,32,201,1
2025/03/10 19:10,05F0439S,05F0494S,41,0,0
2025/03/10 19:10,05F0439S,05F0494S,42,0,0
2025/03/10 19:10,05F0439S,05F0494S,5,256,1
2025/03/10 19:15,05F0000S,05F0055S,31,245,73
2025/03/10 19:15,05F0000S,05F0055S,32,239,15
2025/03/10 19:15,05F0000S,05F0055S,41,262,3
2025/03/10 19:15,05F0000S,05F0055S,42,0,0
2025/03/10 19:15,05F0000S,05F0055S,5,0,0
2025/03/10 19:15,05F0055S,05F0287S,31,969,84
2025/03/10 19:15,05F0055S,05F0287S,32,969,20
2025/03/10 19:15,05F0055S,05F0287S,41,1017,3
2025/03/10 19:15,05F0055S,05F0287S,42,0,0
2025/03/10 19:15,05F0055S,05F0287S,5,0,0
2025/03/10 19:15,05F0287S,05F0309S,31,86,66
2025/03/10 19:15,05F0287S,05F0309S,32,89,21
2025/03/10 19:15,05F0287S,05F0309S,41,94,3
2025/03/10 19:15,05F0287S,05F0309S,42,0,0
2025/03/10 19:15,05F0287S,05F0309S,5,0,0
2025/03/10 19:15,05F0309S,05F0439S,31,488,47
2025/03/10 19:15,05F0309S,05F0439S,32,519,12
2025/03/10 19:15,05F0309S,05F0439S,41,524,8
2025/03/10 19:15,05F0309S,05F0439S,42,474,1
2025/03/10 19:15,05F0309S,05F0439S,5,507,3
2025/03/10 19:15,05F0439S,05F0494S,31,211,17
2025/03/10 19:15,05F0439S,05F0494S,32,207,4
2025/03/10 19:15,05F0439S,05F0494S,41,0,0
2025/03/10 19:15,05F0439S,05F0494S,42,188,1
2025/03/10 19:15,05F0439S,05F0494S,5,0,0
2025/03/10 19:20,05F0000S,05F0055S,31,236,85
2025/03/10 19:20,05F0000S,05F0055S,32,245,19
2025/03/10 19:20,05F0000S,05F0055S,41,237,5
2025/03/10 19:20,05F0000S,05F0055S,42,0,0
2025/03/10 19:20,05F0000S,05F0055S,5,0,0
2025/03/10 19:20,05F0055S,05F0287S,31,978,106
2025/03/10 19:20,05F0055S,05F0287S,32,984,33
2025/03/10 19:20,05F0055S,05F0287S,41,1010,10
2025/03/10 19:20,05F0055S,05F0287S,42,0,0
2025/03/10 19:20,05F0055S,05F0287S,5,0,0
2025/03/10 19:20,05F0287S,05F0309S,31,84,62
2025/03/10 19:20,05F0287S,05F0309S,32,87,25
2025/03/10 19:20,05F0287S,05F0309S,41,94,7
2025/03/10 19:20,05F0287S,05F0309S,42,0,0
2025/03/10 19:20,05F0287S,05F0309S,5,0,0
2025/03/10 19:20,05F0309S,05F0439S,31,477,56
2025/03/10 19:20,05F0309S,05F0439S,32,495,12
2025/03/10 19:20,05F0309S,05F0439S,41,538,2
2025/03/10 19:20,05F0309S,05F0439S,42,0,0
2025/03/10 19:20,05F0309S,05F0439S,5,536,6
2025/03/10 19:20,05F0439S,05F0494S,31,204,8
2025/03/10 19:20,05F0439S,05F0494S,32,0,0
2025/03/10 19:20,05F0439S,05F0494S,41,239,1
2025/03/10 19:20,05F0439S,05F0494S,42,0,0
2025/03/10 19:20,05F0439S,05F0494S,5,240,1
2025/03/10 19:25,05F0000S,05F0055S,31,238,71
2025/03/10 19:25,05F0000S,05F0055S,32,240,19
2025/03/10 19:25,05F0000S,05F0055S,41,242,6
2025/03/10 19:25,05F0000S,05F0055S,42,0,0
2025/03/10 19:25,05F0000S,05F0055S,5,0,0
2025/03/10 19:25,05F0055S,05F0287S,31,958,74
2025/03/10 19:25,05F0055S,05F0287S,32,962,11
2025/03/10 19:25,05F0055S,05F0287S,41,977,5
2025/03/10 19:25,05F0055S,05F0287S,42,0,0
2025/03/10 19:25,05F0055S,05F0287S,5,0,0
2025/03/10 19:25,05F0287S,05F0309S,31,86,77
2025/03/10 19:25,05F0287S,05F0309S,32,91,11
2025/03/10 19:25,05F0287S,05F0309S,41,89,6
2025/03/10 19:25,05F0287S,05F0309S,42,0,0
2025/03/10 19:25,05F0287S,05F0309S,5,0,0
2025/03/10 19:25,05F0309S,05F0439S,31,492,47
2025/03/10 19:25,05F0309S,05F0439S,32,504,10
2025/03/10 19:25,05F0309S,05F0439S,41,588,3
2025/03/10 19:25,05F0309S,05F0439S,42,543,1
2025/03/10 19:25,05F0309S,05F0439S,5,546,3
2025/03/10 19:25,05F0439S,05F0494S,31,204,9
2025/03/10 19:25,05F0439S,05F0494S,32,240,3
2025/03/10 19:25,05F0439S,05F0494S,41,227,1
2025/03/10 19:25,05F0439S,05F0494S,42,0,0
2025/03/10 19:25,05F0439S,05F0494S,5,216,5
2025/03/10 19:30,05F0000S,05F0055S,31,247,87
2025/03/10 19:30,05F0000S,05F0055S,32,243,19
2025/03/10 19:30,05F0000S,05F0055S,41,238,8
2025/03/10 19:30,05F0000S,05F0055S,42,0,0
2025/03/10 19:30,05F0000S,05F0055S,5,0,0
2025/03/10 19:30,05F0055S,05F0287S,31,975,93
2025/03/10 19:30,05F0055S,05F0287S,32,972,18
2025/03/10 19:30,05F0055S,05F0287S,41,1000,4
2025/03/10 19:30,05F0055S,05F0287S,42,0,0
2025/03/10 19:30,05F0055S,05F0287S,5,0,0
2025/03/10 19:30,05F0287S,05F0309S,31,85,60
2025/03/10 19:30,05F0287S,05F0309S,32,90,11
2025/03/10 19:30,05F0287S,05F0309S,41,93,4
2025/03/10 19:30,05F0287S,05F0309S,42,0,0
2025/03/10 19:30,05F0287S,05F0309S,5,0,0
2025/03/10 19:30,05F0309S,05F0439S,31,512,28
2025/03/10 19:30,05F0309S,05F0439S,32,498,13
2025/03/10 19:30,05F0309S,05F0439S,41,539,3
2025/03/10 19:30,05F0309S,05F0439S,42,539,1
2025/03/10 19:30,05F0309S,05F0439S,5,545,4
2025/03/10 19:30,05F0439S,05F0494S,31,207,15
2025/03/10 19:30,05F0439S,05F0494S,32,209,3
2025/03/10 19:30,05F0439S,05F0494S,41,0,0
2025/03/10 19:30,05F0439S,05F0494S,42,223,1
2025/03/10 19:30,05F0439S,05F0494S,5,232,2
2025/03/10 19:35,05F0000S,05F0055S,31,235,63
2025/03/10 19:35,05F0000S,05F0055S,32,232,14
2025/03/10 19:35,05F0000S,05F0055S,41,242,5
2025/03/10 19:35,05F0000S,05F0055S,42,249,1
2025/03/10 19:35,05F0000S,05F0055S,5,0,0
2025/03/10 19:35,05F0055S,05F0287S,31,953,77
2025/03/10 19:35,05F0055S,05F0287S,32,986,19
2025/03/10 19:35,05F0055S,05F0287S,41,991,4
2025/03/10 19:35,05F0055S,05F0287S,42,0,0
2025/03/10 19:35,05F0055S,05F0287S,5,0,0
2025/03/10 19:35,05F0287S,05F0309S,31,86,64
2025/03/10 19:35,05F0287S,05F0309S,32,89,11
2025/03/10 19:35,05F0287S,05F0309S,41,99,3
2025/03/10 19:35,05F0287S,05F0309S,42,0,0
2025/03/10 19:35,05F0287S,05F0309S,5,0,0
2025/03/10 19:35,05F0309S,05F0439S,31,528,36
2025/03/10 19:35,05F0309S,05F0439S,32,553,7
2025/03/10 19:35,05F0309S,05F0439S,41,556,4
2025/03/10 19:35,05F0309S,05F0439S,42,0,0
2025/03/10 19:35,05F0309S,05F0439S,5,547,4
2025/03/10 19:35,05F0439S,05F0494S,31,217,14
2025/03/10 19:35,05F0439S,05F0494S,32,221,3
2025/03/10 19:35,05F0439S,05F0494S,41,0,0
2025/03/10 19:35,05F0439S,05F0494S,42,0,0
2025/03/10 19:35,05F0439S,05F0494S,5,220,2
2025/03/10 19:40,05F0000S,05F0055S,31,242,78
2025/03/10 19:40,05F0000S,05F0055S,32,244,19
2025/03/10 19:40,05F0000S,05F0055S,41,252,5
2025/03/10 19:40,05F0000S,05F0055S,42,0,0
2025/03/10 19:40,05F0000S,05F0055S,5,0,0
2025/03/10 19:40,05F0055S,05F0287S,31,951,76
2025/03/10 19:40,05F0055S,05F0287S,32,958,16
2025/03/10 19:40,05F0055S,05F0287S,41,1006,7
2025/03/10 19:40,05F0055S,05F0287S,42,0,0
2025/03/10 19:40,05F0055S,05F0287S,5,0,0
2025/03/10 19:40,05F0287S,05F0309S,31,85,73
2025/03/10 19:40,05F0287S,05F0309S,32,88,14
2025/03/10 19:40,05F0287S,05F0309S,41,90,5
2025/03/10 19:40,05F0287S,05F0309S,42,0,0
2025/03/10 19:40,05F0287S,05F0309S,5,0,0
2025/03/10 19:40,05F0309S,05F0439S,31,532,39
2025/03/10 19:40,05F0309S,05F0439S,32,538,8
2025/03/10 19:40,05F0309S,05F0439S,41,574,6
2025/03/10 19:40,05F0309S,05F0439S,42,657,1
2025/03/10 19:40,05F0309S,05F0439S,5,582,2
2025/03/10 19:40,05F0439S,05F0494S,31,200,15
2025/03/10 19:40,05F0439S,05F0494S,32,202,5
2025/03/10 19:40,05F0439S,05F0494S,41,0,0
2025/03/10 19:40,05F0439S,05F0494S,42,0,0
2025/03/10 19:40,05F0439S,05F0494S,5,203,4
2025/03/10 19:45,05F0000S,05F0055S,31,235,71
2025/03/10 19:45,05F0000S,05F0055S,32,239,20
2025/03/10 19:45,05F0000S,05F0055S,41,246,5
2025/03/10 19:45,05F0000S,05F0055S,42,0,0
2025/03/10 19:45,05F0000S,05F0055S,5,0,0
2025/03/10 19:45,05F0055S,05F0287S,31,981,80
2025/03/10 19:45,05F0055S,05F0287S,32,1002,15
2025/03/10 19:45,05F0055S,05F0287S,41,999,5
2025/03/10 19:45,05F0055S,05F0287S,42,0,0
2025/03/10 19:45,05F0055S,05F0287S,5,0,0
2025/03/10 19:45,05F0287S,05F0309S,31,85,46
2025/03/10 19:45,05F0287S,05F0309S,32,92,6
2025/03/10 19:45,05F0287S,05F0309S,41,92,7
2025/03/10 19:45,05F0287S,05F0309S,42,0,0
2025/03/10 19:45,05F0287S,05F0309S,5,0,0
2025/03/10 19:45,05F0309S,05F0439S,31,563,31
2025/03/10 19:45,05F0309S,05F0439S,32,573,4
2025/03/10 19:45,05F0309S,05F0439S,41,617,1
2025/03/10 19:45,05F0309S,05F0439S,42,0,0
2025/03/10 19:45,05F0309S,05F0439S,5,549,1
2025/03/10 19:45,05F0439S,05F0494S,31,211,18
2025/03/10 19:45,05F0439S,05F0494S,32,232,4
2025/03/10 19:45,05F0439S,05F0494S,41,0,0
2025/03/10 19:45,05F0439S,05F0494S,42,258,1
2025/03/10 19:45,05F0439S,05F0494S,5,225,1
2025/03/10 19:50,05F0000S,05F0055S,31,238,72
2025/03/10 19:50,05F0000S,05F0055S,32,231,10
2025/03/10 19:50,05F0000S,05F0055S,41,247,5
2025/03/10 19:50,05F0000S,05F0055S,42,0,0
2025/03/10 19:50,05F0000S,05F0055S,5,0,0
2025/03/10 19:50,05F0055S,05F0287S,31,957,80
2025/03/10 19:50,05F0055S,05F0287S,32,966,19
2025/03/10 19:50,05F0055S,05F0287S,41,997,9
2025/03/10 19:50,05F0055S,05F0287S,42,940,1
2025/03/10 19:50,05F0055S,05F0287S,5,0,0
2025/03/10 19:50,05F0287S,05F0309S,31,86,74
2025/03/10 19:50,05F0287S,05F0309S,32,89,15
2025/03/10 19:50,05F0287S,05F0309S,41,93,6
2025/03/10 19:50,05F0287S,05F0309S,42,90,1
2025/03/10 19:50,05F0287S,05F0309S,5,0,0
2025/03/10 19:50,05F0309S,05F0439S,31,582,40
2025/03/10 19:50,05F0309S,05F0439S,32,587,8
2025/03/10 19:50,05F0309S,05F0439S,41,1260,2
2025/03/10 19:50,05F0309S,05F0439S,42,0,0
2025/03/10 19:50,05F0309S,05F0439S,5,629,2
2025/03/10 19:50,05F0439S,05F0494S,31,206,12
2025/03/10 19:50,05F0439S,05F0494S,32,210,5
2025/03/10 19:50,05F0439S,05F0494S,41,0,0
2025/03/10 19:50,05F0439S,05F0494S,42,0,0
2025/03/10 19:50,05F0439S,05F0494S,5,203,1
2025/03/10 19:55,05F0000S,05F0055S,31,236,65
2025/03/10 19:55,05F0000S,05F0055S,32,235,12
2025/03/10 19:55,05F0000S,05F0055S,41,243,3
2025/03/10 19:55,05F0000S,05F0055S,42,0,0
2025/03/10 19:55,05F0000S,05F0055S,5,0,0
2025/03/10 19:55,05F0055S,05F0287S,31,948,73
2025/03/10 19:55,05F0055S,05F0287S,32,959,19
2025/03/10 19:55,05F0055S,05F0287S,41,998,3
2025/03/10 19:55,05F0055S,05F0287S,42,0,0
2025/03/10 19:55,05F0055S,05F0287S,5,0,0
2025/03/10 19:55,05F0287S,05F0309S,31,86,45
2025/03/10 19:55,05F0287S,05F0309S,32,81,11
2025/03/10 19:55,05F0287S,05F0309S,41,92,3
2025/03/10 19:55,05F0287S,05F0309S,42,0,0
2025/03/10 19:55,05F0287S,05F0309S,5,0,0
2025/03/10 19:55,05F0309S,05F0439S,31,589,33
2025/03/10 19:55,05F0309S,05F0439S,32,633,4
2025/03/10 19:55,05F0309S,05F0439S,41,637,5
2025/03/10 19:55,05F0309S,05F0439S,42,0,0
2025/03/10 19:55,05F0309S,05F0439S,5,634,1
2025/03/10 19:55,05F0439S,05F0494S,31,216,8
2025/03/10 19:55,05F0439S,05F0494S,32,221,2
2025/03/10 19:55,05F0439S,05F0494S,41,0,0
2025/03/10 19:55,05F0439S,05F0494S,42,0,0
2025/03/10 19:55,05F0439S,05F0494S,5,0,0
2025/03/10 20:00,05F0000S,05F0055S,31,240,57
2025/03/10 20:00,05F0000S,05F0055S,32,240,24
2025/03/10 20:00,05F0000S,05F0055S,41,239,2
2025/03/10 20:00,05F0000S,05F0055S,42,0,0
2025/03/10 20:00,05F0000S,05F0055S,5,0,0
2025/03/10 20:00,05F0055S,05F0287S,31,962,75
2025/03/10 20:00,05F0055S,05F0287S,32,974,18
2025/03/10 20:00,05F0055S,05F0287S,41,1011,7
2025/03/10 20:00,05F0055S,05F0287S,42,0,0
2025/03/10 20:00,05F0055S,05F0287S,5,0,0
2025/03/10 20:00,05F0287S,05F0309S,31,85,72
2025/03/10 20:00,05F0287S,05F0309S,32,88,17
2025/03/10 20:00,05F0287S,05F0309S,41,96,6
2025/03/10 20:00,05F0287S,05F0309S,42,0,0
2025/03/10 20:00,05F0287S,05F0309S,5,0,0
2025/03/10 20:00,05F0309S,05F0439S,31,594,32
2025/03/10 20:00,05F0309S,05F0439S,32,621,9
2025/03/10 20:00,05F0309S,05F0439S,41,654,5
2025/03/10 20:00,05F0309S,05F0439S,42,645,1
2025/03/10 20:00,05F0309S,05F0439S,5,648,5
2025/03/10 20:00,05F0439S,05F0494S,31,202,13
2025/03/10 20:00,05F0439S,05F0494S,32,226,3
2025/03/10 20:00,05F0439S,05F0494S,41,0,0
2025/03/10 20:00,05F0439S,05F0494S,42,0,0
2025/03/10 20:00,05F0439S,05F0494S,5,200,1
2025/03/10 20:05,05F0000S,05F0055S,31,242,73
2025/03/10 20:05,05F0000S,05F0055S,32,243,12
2025/03/10 20:05,05F0000S,05F0055S,41,234,4
2025/03/10 20:05,05F0000S,05F0055S,42,0,0
2025/03/10 20:05,05F0000S,05F0055S,5,0,0
2025/03/10 20:05,05F0055S,05F0287S,31,956,86
2025/03/10 20:05,05F0055S,05F0287S,32,965,12
2025/03/10 20:05,05F0055S,05F0287S,41,994,5
2025/03/10 20:05,05F0055S,05F0287S,42,0,0
2025/03/10 20:05,05F0055S,05F0287S,5,0,0
2025/03/10 20:05,05F0287S,05F0309S,31,87,51
2025/03/10 20:05,05F0287S,05F0309S,32,89,10
2025/03/10 20:05,05F0287S,05F0309S,41,92,5
2025/03/10 20:05,05F0287S,05F0309S,42,0,0
2025/03/10 20:05,05F0287S,05F0309S,5,0,0
2025/03/10 20:05,05F0309S,05F0439S,31,610,41
2025/03/10 20:05,05F0309S,05F0439S,32,596,10
2025/03/10 20:05,05F0309S,05F0439S,41,0,0
2025/03/10 20:05,05F0309S,05F0439S,42,815,2
2025/03/10 20:05,05F0309S,05F0439S,5,694,3
2025/03/10 20:05,05F0439S,05F0494S,31,203,9
2025/03/10 20:05,05F0439S,05F0494S,32,188,1
2025/03/10 20:05,05F0439S,05F0494S,41,1257,1
2025/03/10 20:05,05F0439S,05F0494S,42,206,1
2025/03/10 20:05,05F0439S,05F0494S,5,212,3
2025/03/10 20:10,05F0000S,05F0055S,31,232,70
2025/03/10 20:10,05F0000S,05F0055S,32,242,16
2025/03/10 20:10,05F0000S,05F0055S,41,243,3
2025/03/10 20:10,05F0000S,05F0055S,42,0,0
2025/03/10 20:10,05F0000S,05F0055S,5,0,0
2025/03/10 20:10,05F0055S,05F0287S,31,958,71
2025/03/10 20:10,05F0055S,05F0287S,32,965,18
2025/03/10 20:10,05F0055S,05F0287S,41,1160,3
2025/03/10 20:10,05F0055S,05F0287S,42,0,0
2025/03/10 20:10,05F0055S,05F0287S,5,0,0
2025/03/10 20:10,05F0287S,05F0309S,31,86,51
2025/03/10 20:10,05F0287S,05F0309S,32,83,11
2025/03/10 20:10,05F0287S,05F0309S,41,93,1
2025/03/10 20:10,05F0287S,05F0309S,42,0,0
2025/03/10 20:10,05F0287S,05F0309S,5,0,0
2025/03/10 20:10,05F0309S,05F0439S,31,544,37
2025/03/10 20:10,05F0309S,05F0439S,32,564,12
2025/03/10 20:10,05F0309S,05F0439S,41,589,3
2025/03/10 20:10,05F0309S,05F0439S,42,558,4
2025/03/10 20:10,05F0309S,05F0439S,5,559,1
2025/03/10 20:10,05F0439S,05F0494S,31,208,12
2025/03/10 20:10,05F0439S,05F0494S,32,206,5
2025/03/10 20:10,05F0439S,05F0494S,41,0,0
2025/03/10 20:10,05F0439S,05F0494S,42,244,1
2025/03/10 20:10,05F0439S,05F0494S,5,210,1
2025/03/10 20:15,05F0000S,05F0055S,31,235,61
2025/03/10 20:15,05F0000S,05F0055S,32,237,19
2025/03/10 20:15,05F0000S,05F0055S,41,243,5
2025/03/10 20:15,05F0000S,05F0055S,42,0,0
2025/03/10 20:15,05F0000S,05F0055S,5,0,0
2025/03/10 20:15,05F0055S,05F0287S,31,958,58
2025/03/10 20:15,05F0055S,05F0287S,32,969,22
2025/03/10 20:15,05F0055S,05F0287S,41,1013,4
2025/03/10 20:15,05F0055S,05F0287S,42,0,0
2025/03/10 20:15,05F0055S,05F0287S,5,0,0
2025/03/10 20:15,05F0287S,05F0309S,31,85,49
2025/03/10 20:15,05F0287S,05F0309S,32,88,12
2025/03/10 20:15,05F0287S,05F0309S,41,92,5
2025/03/10 20:15,05F0287S,05F0309S,42,0,0
2025/03/10 20:15,05F0287S,05F0309S,5,0,0
2025/03/10 20:15,05F0309S,05F0439S,31,511,38
2025/03/10 20:15,05F0309S,05F0439S,32,511,8
2025/03/10 20:15,05F0309S,05F0439S,41,550,2
2025/03/10 20:15,05F0309S,05F0439S,42,543,1
2025/03/10 20:15,05F0309S,05F0439S,5,547,2
2025/03/10 20:15,05F0439S,05F0494S,31,205,19
2025/03/10 20:15,05F0439S,05F0494S,32,205,5
2025/03/10 20:15,05F0439S,05F0494S,41,0,0
2025/03/10 20:15,05F0439S,05F0494S,42,211,3
2025/03/10 20:15,05F0439S,05F0494S,5,0,0
2025/03/10 20:20,05F0000S,05F0055S,31,233,61
2025/03/10 20:20,05F0000S,05F0055S,32,232,15
2025/03/10 20:20,05F0000S,05F0055S,41,244,3
2025/03/10 20:20,05F0000S,05F0055S,42,0,0
2025/03/10 20:20,05F0000S,05F0055S,5,0,0
2025/03/10 20:20,05F0055S,05F0287S,31,974,72
2025/03/10 20:20,05F0055S,05F0287S,32,979,13
2025/03/10 20:20,05F0055S,05F0287S,41,1029,3
2025/03/10 20:20,05F0055S,05F0287S,42,0,0
2025/03/10 20:20,05F0055S,05F0287S,5,0,0
2025/03/10 20:20,05F0287S,05F0309S,31,88,49
2025/03/10 20:20,05F0287S,05F0309S,32,89,15
2025/03/10 20:20,05F0287S,05F0309S,41,92,1
2025/03/10 20:20,05F0287S,05F0309S,42,0,0
2025/03/10 20:20,05F0287S,05F0309S,5,0,0
2025/03/10 20:20,05F0309S,05F0439S,31,505,30
2025/03/10 20:20,05F0309S,05F0439S,32,507,8
2025/03/10 20:20,05F0309S,05F0439S,41,0,0
2025/03/10 20:20,05F0309S,05F0439S,42,536,1
2025/03/10 20:20,05F0309S,05F0439S,5,0,0
2025/03/10 20:20,05F0439S,05F0494S,31,199,10
2025/03/10 20:20,05F0439S,05F0494S,32,193,1
2025/03/10 20:20,05F0439S,05F0494S,41,0,0
2025/03/10 20:20,05F0439S,05F0494S,42,229,1
2025/03/10 20:20,05F0439S,05F0494S,5,230,2
2025/03/10 20:25,05F0000S,05F0055S,31,230,50
2025/03/10 20:25,05F0000S,05F0055S,32,234,16
2025/03/10 20:25,05F0000S,05F0055S,41,261,1
2025/03/10 20:25,05F0000S,05F0055S,42,0,0
2025/03/10 20:25,05F0000S,05F0055S,5,0,0
2025/03/10 20:25,05F0055S,05F0287S,31,944,84
2025/03/10 20:25,05F0055S,05F0287S,32,975,21
2025/03/10 20:25,05F0055S,05F0287S,41,1021,3
2025/03/10 20:25,05F0055S,05F0287S,42,0,0
2025/03/10 20:25,05F0055S,05F0287S,5,0,0
2025/03/10 20:25,05F0287S,05F0309S,31,85,59
2025/03/10 20:25,05F0287S,05F0309S,32,94,8
2025/03/10 20:25,05F0287S,05F0309S,41,95,3
2025/03/10 20:25,05F0287S,05F0309S,42,0,0
2025/03/10 20:25,05F0287S,05F0309S,5,0,0
2025/03/10 20:25,05F0309S,05F0439S,31,509,29
2025/03/10 20:25,05F0309S,05F0439S,32,490,7
2025/03/10 20:25,05F0309S,05F0439S,41,560,4
2025/03/10 20:25,05F0309S,05F0439S,42,489,1
2025/03/10 20:25,05F0309S,05F0439S,5,509,3
2025/03/10 20:25,05F0439S,05F0494S,31,212,14
2025/03/10 20:25,05F0439S,05F0494S,32,215,3
2025/03/10 20:25,05F0439S,05F0494S,41,0,0
2025/03/10 20:25,05F0439S,05F0494S,42,221,1
2025/03/10 20:25,05F0439S,05F0494S,5,0,0
2025/03/10 20:30,05F0000S,05F0055S,31,238,69
2025/03/10 20:30,05F0000S,05F0055S,32,241,14
2025/03/10 20:30,05F0000S,05F0055S,41,246,3
2025/03/10 20:30,05F0000S,05F0055S,42,0,0
2025/03/10 20:30,05F0000S,05F0055S,5,0,0
2025/03/10 20:30,05F0055S,05F0287S,31,943,63
2025/03/10 20:30,05F0055S,05F0287S,32,938,21
2025/03/10 20:30,05F0055S,05F0287S,41,1009,5
2025/03/10 20:30,05F0055S,05F0287S,42,0,0
2025/03/10 20:30,05F0055S,05F0287S,5,0,0
2025/03/10 20:30,05F0287S,05F0309S,31,85,51
2025/03/10 20:30,05F0287S,05F0309S,32,86,12
2025/03/10 20:30,05F0287S,05F0309S,41,90,4
2025/03/10 20:30,05F0287S,05F0309S,42,0,0
2025/03/10 20:30,05F0287S,05F0309S,5,0,0
2025/03/10 20:30,05F0309S,05F0439S,31,529,29
2025/03/10 20:30,05F0309S,05F0439S,32,523,7
2025/03/10 20:30,05F0309S,05F0439S,41,556,1
2025/03/10 20:30,05F0309S,05F0439S,42,546,2
2025/03/10 20:30,05F0309S,05F0439S,5,523,6
2025/03/10 20:30,05F0439S,05F0494S,31,217,5
2025/03/10 20:30,05F0439S,05F0494S,32,204,2
2025/03/10 20:30,05F0439S,05F0494S,41,0,0
2025/03/10 20:30,05F0439S,05F0494S,42,0,0
2025/03/10 20:30,05F0439S,05F0494S,5,190,1
2025/03/10 20:35,05F0000S,05F0055S,31,239,67
2025/03/10 20:35,05F0000S,05F0055S,32,235,19
2025/03/10 20:35,05F0000S,05F0055S,41,234,6
2025/03/10 20:35,05F0000S,05F0055S,42,0,0
2025/03/10 20:35,05F0000S,05F0055S,5,0,0
2025/03/10 20:35,05F0055S,05F0287S,31,949,66
2025/03/10 20:35,05F0055S,05F0287S,32,960,17
2025/03/10 20:35,05F0055S,05F0287S,41,1012,3
2025/03/10 20:35,05F0055S,05F0287S,42,0,0
2025/03/10 20:35,05F0055S,05F0287S,5,0,0
2025/03/10 20:35,05F0287S,05F0309S,31,86,49
2025/03/10 20:35,05F0287S,05F0309S,32,87,21
2025/03/10 20:35,05F0287S,05F0309S,41,96,3
2025/03/10 20:35,05F0287S,05F0309S,42,0,0
2025/03/10 20:35,05F0287S,05F0309S,5,0,0
2025/03/10 20:35,05F0309S,05F0439S,31,517,50
2025/03/10 20:35,05F0309S,05F0439S,32,593,4
2025/03/10 20:35,05F0309S,05F0439S,41,560,1
2025/03/10 20:35,05F0309S,05F0439S,42,501,1
2025/03/10 20:35,05F0309S,05F0439S,5,573,2
2025/03/10 20:35,05F0439S,05F0494S,31,208,11
2025/03/10 20:35,05F0439S,05F0494S,32,226,2
2025/03/10 20:35,05F0439S,05F0494S,41,0,0
2025/03/10 20:35,05F0439S,05F0494S,42,201,1
2025/03/10 20:35,05F0439S,05F0494S,5,220,2
2025/03/10 20:40,05F0000S,05F0055S,31,235,60
2025/03/10 20:40,05F0000S,05F0055S,32,240,13
2025/03/10 20:40,05F0000S,05F0055S,41,255,2
2025/03/10 20:40,05F0000S,05F0055S,42,278,1
2025/03/10 20:40,05F0000S,05F0055S,5,0,0
2025/03/10 20:40,05F0055S,05F0287S,31,932,60
2025/03/10 20:40,05F0055S,05F0287S,32,946,14
2025/03/10 20:40,05F0055S,05F0287S,41,977,2
2025/03/10 20:40,05F0055S,05F0287S,42,0,0
2025/03/10 20:40,05F0055S,05F0287S,5,0,0
2025/03/10 20:40,05F0287S,05F0309S,31,84,45
2025/03/10 20:40,05F0287S,05F0309S,32,86,9
2025/03/10 20:40,05F0287S,05F0309S,41,94,2
2025/03/10 20:40,05F0287S,05F0309S,42,0,0
2025/03/10 20:40,05F0287S,05F0309S,5,0,0
2025/03/10 20:40,05F0309S,05F0439S,31,551,26
2025/03/10 20:40,05F0309S,05F0439S,32,534,13
2025/03/10 20:40,05F0309S,05F0439S,41,560,3
2025/03/10 20:40,05F0309S,05F0439S,42,573,2
2025/03/10 20:40,05F0309S,05F0439S,5,0,0
2025/03/10 20:40,05F0439S,05F0494S,31,212,9
2025/03/10 20:40,05F0439S,05F0494S,32,229,1
2025/03/10 20:40,05F0439S,05F0494S,41,0,0
2025/03/10 20:40,05F0439S,05F0494S,42,0,0
2025/03/10 20:40,05F0439S,05F0494S,5,213,2
2025/03/10 20:45,05F0000S,05F0055S,31,236,60
2025/03/10 20:45,05F0000S,05F0055S,32,236,10
2025/03/10 20:45,05F0000S,05F0055S,41,233,5
2025/03/10 20:45,05F0000S,05F0055S,42,0,0
2025/03/10 20:45,05F0000S,05F0055S,5,0,0
2025/03/10 20:45,05F0055S,05F0287S,31,939,46
2025/03/10 20:45,05F0055S,05F0287S,32,947,16
2025/03/10 20:45,05F0055S,05F0287S,41,1028,2
2025/03/10 20:45,05F0055S,05F0287S,42,0,0
2025/03/10 20:45,05F0055S,05F0287S,5,0,0
2025/03/10 20:45,05F0287S,05F0309S,31,82,45
2025/03/10 20:45,05F0287S,05F0309S,32,88,19
2025/03/10 20:45,05F0287S,05F0309S,41,1398,2
2025/03/10 20:45,05F0287S,05F0309S,42,0,0
2025/03/10 20:45,05F0287S,05F0309S,5,0,0
2025/03/10 20:45,05F0309S,05F0439S,31,525,32
2025/03/10 20:45,05F0309S,05F0439S,32,527,6
2025/03/10 20:45,05F0309S,05F0439S,41,563,1
2025/03/10 20:45,05F0309S,05F0439S,42,0,0
2025/03/10 20:45,05F0309S,05F0439S,5,567,1
2025/03/10 20:45,05F0439S,05F0494S,31,212,10
2025/03/10 20:45,05F0439S,05F0494S,32,216,6
2025/03/10 20:45,05F0439S,05F0494S,41,0,0
2025/03/10 20:45,05F0439S,05F0494S,42,0,0
2025/03/10 20:45,05F0439S,05F0494S,5,252,1
2025/03/10 20:50,05F0000S,05F0055S,31,239,66
2025/03/10 20:50,05F0000S,05F0055S,32,237,17
2025/03/10 20:50,05F0000S,05F0055S,41,243,3
2025/03/10 20:50,05F0000S,05F0055S,42,0,0
2025/03/10 20:50,05F0000S,05F0055S,5,0,0
2025/03/10 20:50,05F0055S,05F0287S,31,976,85
2025/03/10 20:50,05F0055S,05F0287S,32,984,20
2025/03/10 20:50,05F0055S,05F0287S,41,996,6
2025/03/10 20:50,05F0055S,05F0287S,42,0,0
2025/03/10 20:50,05F0055S,05F0287S,5,0,0
2025/03/10 20:50,05F0287S,05F0309S,31,87,63
2025/03/10 20:50,05F0287S,05F0309S,32,89,11
2025/03/10 20:50,05F0287S,05F0309S,41,90,5
2025/03/10 20:50,05F0287S,05F0309S,42,0,0
2025/03/10 20:50,05F0287S,05F0309S,5,0,0
2025/03/10 20:50,05F0309S,05F0439S,31,492,27
2025/03/10 20:50,05F0309S,05F0439S,32,543,6
2025/03/10 20:50,05F0309S,05F0439S,41,552,3
2025/03/10 20:50,05F0309S,05F0439S,42,0,0
2025/03/10 20:50,05F0309S,05F0439S,5,537,2
2025/03/10 20:50,05F0439S,05F0494S,31,214,15
2025/03/10 20:50,05F0439S,05F0494S,32,207,3
2025/03/10 20:50,05F0439S,05F0494S,41,0,0
2025/03/10 20:50,05F0439S,05F0494S,42,0,0
2025/03/10 20:50,05F0439S,05F0494S,5,210,1
2025/03/10 20:55,05F0000S,05F0055S,31,236,68
2025/03/10 20:55,05F0000S,05F0055S,32,237,13
2025/03/10 20:55,05F0000S,05F0055S,41,240,5
2025/03/10 20:55,05F0000S,05F0055S,42,0,0
2025/03/10 20:55,05F0000S,05F0055S,5,0,0
2025/03/10 20:55,05F0055S,05F0287S,31,960,68
2025/03/10 20:55,05F0055S,05F0287S,32,955,11
2025/03/10 20:55,05F0055S,05F0287S,41,975,3
2025/03/10 20:55,05F0055S,05F0287S,42,0,0
2025/03/10 20:55,05F0055S,05F0287S,5,0,0
2025/03/10 20:55,05F0287S,05F0309S,31,83,49
2025/03/10 20:55,05F0287S,05F0309S,32,89,15
2025/03/10 20:55,05F0287S,05F0309S,41,94,4
2025/03/10 20:55,05F0287S,05F0309S,42,0,0
2025/03/10 20:55,05F0287S,05F0309S,5,0,0
2025/03/10 20:55,05F0309S,05F0439S,31,514,24
2025/03/10 20:55,05F0309S,05F0439S,32,535,9
2025/03/10 20:55,05F0309S,05F0439S,41,549,2
2025/03/10 20:55,05F0309S,05F0439S,42,0,0
2025/03/10 20:55,05F0309S,05F0439S,5,0,0
2025/03/10 20:55,05F0439S,05F0494S,31,215,7
2025/03/10 20:55,05F0439S,05F0494S,32,221,6
2025/03/10 20:55,05F0439S,05F0494S,41,0,0
2025/03/10 20:55,05F0439S,05F0494S,42,0,0
2025/03/10 20:55,05F0439S,05F0494S,5,220,1
2025/03/10 21:00,05F0000S,05F0055S,31,236,58
2025/03/10 21:00,05F0000S,05F0055S,32,238,9
2025/03/10 21:00,05F0000S,05F0055S,41,251,3
2025/03/10 21:00,05F0000S,05F0055S,42,0,0
2025/03/10 21:00,05F0000S,05F0055S,5,0,0
2025/03/10 21:00,05F0055S,05F0287S,31,961,63
2025/03/10 21:00,05F0055S,05F0287S,32,976,13
2025/03/10 21:00,05F0055S,05F0287S,41,1012,3
2025/03/10 21:00,05F0055S,05F0287S,42,0,0
2025/03/10 21:00,05F0055S,05F0287S,5,0,0
2025/03/10 21:00,05F0287S,05F0309S,31,87,49
2025/03/10 21:00,05F0287S,05F0309S,32,86,11
2025/03/10 21:00,05F0287S,05F0309S,41,99,1
2025/03/10 21:00,05F0287S,05F0309S,42,0,0
2025/03/10 21:00,05F0287S,05F0309S,5,0,0
2025/03/10 21:00,05F0309S,05F0439S,31,519,37
2025/03/10 21:00,05F0309S,05F0439S,32,546,7
2025/03/10 21:00,05F0309S,05F0439S,41,561,2
2025/03/10 21:00,05F0309S,05F0439S,42,0,0
2025/03/10 21:00,05F0309S,05F0439S,5,0,0
2025/03/10 21:00,05F0439S,05F0494S,31,206,10
2025/03/10 21:00,05F0439S,05F0494S,32,237,1
2025/03/10 21:00,05F0439S,05F0494S,41,0,0
2025/03/10 21:00,05F0439S,05F0494S,42,0,0
2025/03/10 21:00,05F0439S,05F0494S,5,0,0
2025/03/10 21:05,05F0000S,05F0055S,31,233,56
2025/03/10 21:05,05F0000S,05F0055S,32,242,13
2025/03/10 21:05,05F0000S,05F0055S,41,258,5
2025/03/10 21:05,05F0000S,05F0055S,42,0,0
2025/03/10 21:05,05F0000S,05F0055S,5,0,0
2025/03/10 21:05,05F0055S,05F0287S,31,969,56
2025/03/10 21:05,05F0055S,05F0287S,32,968,12
2025/03/10 21:05,05F0055S,05F0287S,41,1021,4
2025/03/10 21:05,05F0055S,05F0287S,42,0,0
2025/03/10 21:05,05F0055S,05F0287S,5,0,0
2025/03/10 21:05,05F0287S,05F0309S,31,85,37
2025/03/10 21:05,05F0287S,05F0309S,32,87,8
2025/03/10 21:05,05F0287S,05F0309S,41,93,5
2025/03/10 21:05,05F0287S,05F0309S,42,0,0
2025/03/10 21:05,05F0287S,05F0309S,5,0,0
2025/03/10 21:05,05F0309S,05F0439S,31,526,30
2025/03/10 21:05,05F0309S,05F0439S,32,522,8
2025/03/10 21:05,05F0309S,05F0439S,41,524,3
2025/03/10 21:05,05F0309S,05F0439S,42,0,0
2025/03/10 21:05,05F0309S,05F0439S,5,561,2
2025/03/10 21:05,05F0439S,05F0494S,31,201,8
2025/03/10 21:05,05F0439S,05F0494S,32,210,3
2025/03/10 21:05,05F0439S,05F0494S,41,0,0
2025/03/10 21:05,05F0439S,05F0494S,42,0,0
2025/03/10 21:05,05F0439S,05F0494S,5,0,0
2025/03/10 21:10,05F0000S,05F0055S,31,230,45
2025/03/10 21:10,05F0000S,05F0055S,32,237,11
2025/03/10 21:10,05F0000S,05F0055S,41,253,4
2025/03/10 21:10,05F0000S,05F0055S,42,0,0
2025/03/10 21:10,05F0000S,05F0055S,5,0,0
2025/03/10 21:10,05F0055S,05F0287S,31,958,75
2025/03/10 21:10,05F0055S,05F0287S,32,989,16
2025/03/10 21:10,05F0055S,05F0287S,41,1020,5
2025/03/10 21:10,05F0055S,05F0287S,42,0,0
2025/03/10 21:10,05F0055S,05F0287S,5,0,0
2025/03/10 21:10,05F0287S,05F0309S,31,86,54
2025/03/10 21:10,05F0287S,05F0309S,32,86,14
2025/03/10 21:10,05F0287S,05F0309S,41,91,3
2025/03/10 21:10,05F0287S,05F0309S,42,0,0
2025/03/10 21:10,05F0287S,05F0309S,5,0,0
2025/03/10 21:10,05F0309S,05F0439S,31,514,28
2025/03/10 21:10,05F0309S,05F0439S,32,522,6
2025/03/10 21:10,05F0309S,05F0439S,41,2389,1
2025/03/10 21:10,05F0309S,05F0439S,42,550,1
2025/03/10 21:10,05F0309S,05F0439S,5,543,1
2025/03/10 21:10,05F0439S,05F0494S,31,207,14
2025/03/10 21:10,05F0439S,05F0494S,32,219,4
2025/03/10 21:10,05F0439S,05F0494S,41,0,0
2025/03/10 21:10,05F0439S,05F0494S,42,0,0
2025/03/10 21:10,05F0439S,05F0494S,5,238,2
2025/03/10 21:15,05F0000S,05F0055S,31,235,52
2025/03/10 21:15,05F0000S,05F0055S,32,243,20
2025/03/10 21:15,05F0000S,05F0055S,41,236,3
2025/03/10 21:15,05F0000S,05F0055S,42,0,0
2025/03/10 21:15,05F0000S,05F0055S,5,0,0
2025/03/10 21:15,05F0055S,05F0287S,31,933,54
2025/03/10 21:15,05F0055S,05F0287S,32,936,10
2025/03/10 21:15,05F0055S,05F0287S,41,1007,3
2025/03/10 21:15,05F0055S,05F0287S,42,0,0
2025/03/10 21:15,05F0055S,05F0287S,5,0,0
2025/03/10 21:15,05F0287S,05F0309S,31,84,54
2025/03/10 21:15,05F0287S,05F0309S,32,88,10
2025/03/10 21:15,05F0287S,05F0309S,41,93,2
2025/03/10 21:15,05F0287S,05F0309S,42,0,0
2025/03/10 21:15,05F0287S,05F0309S,5,0,0
2025/03/10 21:15,05F0309S,05F0439S,31,521,27
2025/03/10 21:15,05F0309S,05F0439S,32,505,8
2025/03/10 21:15,05F0309S,05F0439S,41,539,3
2025/03/10 21:15,05F0309S,05F0439S,42,0,0
2025/03/10 21:15,05F0309S,05F0439S,5,593,1
2025/03/10 21:15,05F0439S,05F0494S,31,205,14
2025/03/10 21:15,05F0439S,05F0494S,32,207,1
2025/03/10 21:15,05F0439S,05F0494S,41,0,0
2025/03/10 21:15,05F0439S,05F0494S,42,219,1
2025/03/10 21:15,05F0439S,05F0494S,5,0,0
2025/03/10 21:20,05F0000S,05F0055S,31,229,51
2025/03/10 21:20,05F0000S,05F0055S,32,234,15
2025/03/10 21:20,05F0000S,05F0055S,41,226,2
2025/03/10 21:20,05F0000S,05F0055S,42,0,0
2025/03/10 21:20,05F0000S,05F0055S,5,0,0
2025/03/10 21:20,05F0055S,05F0287S,31,953,59
2025/03/10 21:20,05F0055S,05F0287S,32,989,13
2025/03/10 21:20,05F0055S,05F0287S,41,1074,3
2025/03/10 21:20,05F0055S,05F0287S,42,0,0
2025/03/10 21:20,05F0055S,05F0287S,5,0,0
2025/03/10 21:20,05F0287S,05F0309S,31,86,47
2025/03/10 21:20,05F0287S,05F0309S,32,93,8
2025/03/10 21:20,05F0287S,05F0309S,41,92,1
2025/03/10 21:20,05F0287S,05F0309S,42,0,0
2025/03/10 21:20,05F0287S,05F0309S,5,0,0
2025/03/10 21:20,05F0309S,05F0439S,31,508,38
2025/03/10 21:20,05F0309S,05F0439S,32,506,10
2025/03/10 21:20,05F0309S,05F0439S,41,581,2
2025/03/10 21:20,05F0309S,05F0439S,42,0,0
2025/03/10 21:20,05F0309S,05F0439S,5,0,0
2025/03/10 21:20,05F0439S,05F0494S,31,207,10
2025/03/10 21:20,05F0439S,05F0494S,32,213,6
2025/03/10 21:20,05F0439S,05F0494S,41,0,0
2025/03/10 21:20,05F0439S,05F0494S,42,0,0
2025/03/10 21:20,05F0439S,05F0494S,5,251,1
2025/03/10 21:25,05F0000S,05F0055S,31,230,61
2025/03/10 21:25,05F0000S,05F0055S,32,231,19
2025/03/10 21:25,05F0000S,05F0055S,41,233,6
2025/03/10 21:25,05F0000S,05F0055S,42,0,0
2025/03/10 21:25,05F0000S,05F0055S,5,0,0
2025/03/10 21:25,05F0055S,05F0287S,31,937,54
2025/03/10 21:25,05F0055S,05F0287S,32,924,12
2025/03/10 21:25,05F0055S,05F0287S,41,994,7
2025/03/10 21:25,05F0055S,05F0287S,42,0,0
2025/03/10 21:25,05F0055S,05F0287S,5,0,0
2025/03/10 21:25,05F0287S,05F0309S,31,83,47
2025/03/10 21:25,05F0287S,05F0309S,32,85,10
2025/03/10 21:25,05F0287S,05F0309S,41,91,6
2025/03/10 21:25,05F0287S,05F0309S,42,0,0
2025/03/10 21:25,05F0287S,05F0309S,5,0,0
2025/03/10 21:25,05F0309S,05F0439S,31,498,25
2025/03/10 21:25,05F0309S,05F0439S,32,522,7
2025/03/10 21:25,05F0309S,05F0439S,41,1101,2
2025/03/10 21:25,05F0309S,05F0439S,42,566,1
2025/03/10 21:25,05F0309S,05F0439S,5,0,0
2025/03/10 21:25,05F0439S,05F0494S,31,206,13
2025/03/10 21:25,05F0439S,05F0494S,32,236,3
2025/03/10 21:25,05F0439S,05F0494S,41,0,0
2025/03/10 21:25,05F0439S,05F0494S,42,227,1
2025/03/10 21:25,05F0439S,05F0494S,5,0,0
2025/03/10 21:30,05F0000S,05F0055S,31,233,44
2025/03/10 21:30,05F0000S,05F0055S,32,229,13
2025/03/10 21:30,05F0000S,05F0055S,41,267,1
2025/03/10 21:30,05F0000S,05F0055S,42,0,0
2025/03/10 21:30,05F0000S,05F0055S,5,0,0
2025/03/10 21:30,05F0055S,05F0287S,31,963,42
2025/03/10 21:30,05F0055S,05F0287S,32,975,21
2025/03/10 21:30,05F0055S,05F0287S,41,1012,3
2025/03/10 21:30,05F0055S,05F0287S,42,0,0
2025/03/10 21:30,05F0055S,05F0287S,5,0,0
2025/03/10 21:30,05F0287S,05F0309S,31,85,27
2025/03/10 21:30,05F0287S,05F0309S,32,92,8
2025/03/10 21:30,05F0287S,05F0309S,41,893,2
2025/03/10 21:30,05F0287S,05F0309S,42,0,0
2025/03/10 21:30,05F0287S,05F0309S,5,0,0
2025/03/10 21:30,05F0309S,05F0439S,31,537,29
2025/03/10 21:30,05F0309S,05F0439S,32,537,5
2025/03/10 21:30,05F0309S,05F0439S,41,515,1
2025/03/10 21:30,05F0309S,05F0439S,42,0,0
2025/03/10 21:30,05F0309S,05F0439S,5,569,3
2025/03/10 21:30,05F0439S,05F0494S,31,209,8
2025/03/10 21:30,05F0439S,05F0494S,32,0,0
2025/03/10 21:30,05F0439S,05F0494S,41,0,0
2025/03/10 21:30,05F0439S,05F0494S,42,0,0
2025/03/10 21:30,05F0439S,05F0494S,5,0,0
2025/03/10 21:35,05F0000S,05F0055S,31,238,58
2025/03/10 21:35,05F0000S,05F0055S,32,235,13
2025/03/10 21:35,05F0000S,05F0055S,41,247,3
2025/03/10 21:35,05F0000S,05F0055S,42,0,0
2025/03/10 21:35,05F0000S,05F0055S,5,0,0
2025/03/10 21:35,05F0055S,05F0287S,31,951,61
2025/03/10 21:35,05F0055S,05F0287S,32,970,18
2025/03/10 21:35,05F0055S,05F0287S,41,940,1
2025/03/10 21:35,05F0055S,05F0287S,42,0,0
2025/03/10 21:35,05F0055S,05F0287S,5,0,0
2025/03/10 21:35,05F0287S,05F0309S,31,88,41
2025/03/10 21:35,05F0287S,05F0309S,32,88,17
2025/03/10 21:35,05F0287S,05F0309S,41,94,6
2025/03/10 21:35,05F0287S,05F0309S,42,0,0
2025/03/10 21:35,05F0287S,05F0309S,5,0,0
2025/03/10 21:35,05F0309S,05F0439S,31,516,18
2025/03/10 21:35,05F0309S,05F0439S,32,524,5
2025/03/10 21:35,05F0309S,05F0439S,41,573,4
2025/03/10 21:35,05F0309S,05F0439S,42,559,1
2025/03/10 21:35,05F0309S,05F0439S,5,516,3
2025/03/10 21:35,05F0439S,05F0494S,31,232,11
2025/03/10 21:35,05F0439S,05F0494S,32,236,2
2025/03/10 21:35,05F0439S,05F0494S,41,0,0
2025/03/10 21:35,05F0439S,05F0494S,42,0,0
2025/03/10 21:35,05F0439S,05F0494S,5,212,5
2025/03/10 21:40,05F0000S,05F0055S,31,234,48
2025/03/10 21:40,05F0000S,05F0055S,32,234,11
2025/03/10 21:40,05F0000S,05F0055S,41,250,2
2025/03/10 21:40,05F0000S,05F0055S,42,2567,1
2025/03/10 21:40,05F0000S,05F0055S,5,0,0
2025/03/10 21:40,05F0055S,05F0287S,31,952,57
2025/03/10 21:40,05F0055S,05F0287S,32,930,14
2025/03/10 21:40,05F0055S,05F0287S,41,1048,4
2025/03/10 21:40,05F0055S,05F0287S,42,0,0
2025/03/10 21:40,05F0055S,05F0287S,5,0,0
2025/03/10 21:40,05F0287S,05F0309S,31,84,34
2025/03/10 21:40,05F0287S,05F0309S,32,82,13
2025/03/10 21:40,05F0287S,05F0309S,41,94,3
2025/03/10 21:40,05F0287S,05F0309S,42,0,0
2025/03/10 21:40,05F0287S,05F0309S,5,0,0
2025/03/10 21:40,05F0309S,05F0439S,31,489,19
2025/03/10 21:40,05F0309S,05F0439S,32,509,10
2025/03/10 21:40,05F0309S,05F0439S,41,553,1
2025/03/10 21:40,05F0309S,05F0439S,42,0,0
2025/03/10 21:40,05F0309S,05F0439S,5,0,0
2025/03/10 21:40,05F0439S,05F0494S,31,204,7
2025/03/10 21:40,05F0439S,05F0494S,32,204,2
2025/03/10 21:40,05F0439S,05F0494S,41,228,1
2025/03/10 21:40,05F0439S,05F0494S,42,0,0
2025/03/10 21:40,05F0439S,05F0494S,5,0,0
2025/03/10 21:45,05F0000S,05F0055S,31,234,49
2025/03/10 21:45,05F0000S,05F0055S,32,233,15
2025/03/10 21:45,05F0000S,05F0055S,41,232,6
2025/03/10 21:45,05F0000S,05F0055S,42,0,0
2025/03/10 21:45,05F0000S,05F0055S,5,0,0
2025/03/10 21:45,05F0055S,05F0287S,31,946,47
2025/03/10 21:45,05F0055S,05F0287S,32,954,18
2025/03/10 21:45,05F0055S,05F0287S,41,988,3
2025/03/10 21:45,05F0055S,05F0287S,42,0,0
2025/03/10 21:45,05F0055S,05F0287S,5,0,0
2025/03/10 21:45,05F0287S,05F0309S,31,85,36
2025/03/10 21:45,05F0287S,05F0309S,32,87,14
2025/03/10 21:45,05F0287S,05F0309S,41,91,4
2025/03/10 21:45,05F0287S,05F0309S,42,0,0
2025/03/10 21:45,05F0287S,05F0309S,5,0,0
2025/03/10 21:45,05F0309S,05F0439S,31,502,19
2025/03/10 21:45,05F0309S,05F0439S,32,508,12
2025/03/10 21:45,05F0309S,05F0439S,41,552,3
2025/03/10 21:45,05F0309S,05F0439S,42,0,0
2025/03/10 21:45,05F0309S,05F0439S,5,530,2
2025/03/10 21:45,05F0439S,05F0494S,31,205,7
2025/03/10 21:45,05F0439S,05F0494S,32,211,3
2025/03/10 21:45,05F0439S,05F0494S,41,0,0
2025/03/10 21:45,05F0439S,05F0494S,42,0,0
2025/03/10 21:45,05F0439S,05F0494S,5,0,0
2025/03/10 21:50,05F0000S,05F0055S,31,236,40
2025/03/10 21:50,05F0000S,05F0055S,32,230,11
2025/03/10 21:50,05F0000S,05F0055S,41,233,2
2025/03/10 21:50,05F0000S,05F0055S,42,0,0
2025/03/10 21:50,05F0000S,05F0055S,5,0,0
2025/03/10 21:50,05F0055S,05F0287S,31,952,47
2025/03/10 21:50,05F0055S,05F0287S,32,955,7
2025/03/10 21:50,05F0055S,05F0287S,41,1018,4
2025/03/10 21:50,05F0055S,05F0287S,42,0,0
2025/03/10 21:50,05F0055S,05F0287S,5,0,0
2025/03/10 21:50,05F0287S,05F0309S,31,83,29
2025/03/10 21:50,05F0287S,05F0309S,32,77,6
2025/03/10 21:50,05F0287S,05F0309S,41,94,1
2025/03/10 21:50,05F0287S,05F0309S,42,0,0
2025/03/10 21:50,05F0287S,05F0309S,5,0,0
2025/03/10 21:50,05F0309S,05F0439S,31,496,24
2025/03/10 21:50,05F0309S,05F0439S,32,494,6
2025/03/10 21:50,05F0309S,05F0439S,41,515,2
2025/03/10 21:50,05F0309S,05F0439S,42,508,1
2025/03/10 21:50,05F0309S,05F0439S,5,530,1
2025/03/10 21:50,05F0439S,05F0494S,31,208,2
2025/03/10 21:50,05F0439S,05F0494S,32,200,3
2025/03/10 21:50,05F0439S,05F0494S,41,0,0
2025/03/10 21:50,05F0439S,05F0494S,42,0,0
2025/03/10 21:50,05F0439S,05F0494S,5,215,2
2025/03/10 21:55,05F0000S,05F0055S,31,230,59
2025/03/10 21:55,05F0000S,05F0055S,32,243,9
2025/03/10 21:55,05F0000S,05F0055S,41,227,4
2025/03/10 21:55,05F0000S,05F0055S,42,0,0
2025/03/10 21:55,05F0000S,05F0055S,5,0,0
2025/03/10 21:55,05F0055S,05F0287S,31,1032,61
2025/03/10 21:55,05F0055S,05F0287S,32,1028,14
2025/03/10 21:55,05F0055S,05F0287S,41,1043,2
2025/03/10 21:55,05F0055S,05F0287S,42,0,0
2025/03/10 21:55,05F0055S,05F0287S,5,0,0
2025/03/10 21:55,05F0287S,05F0309S,31,87,41
2025/03/10 21:55,05F0287S,05F0309S,32,87,14
2025/03/10 21:55,05F0287S,05F0309S,41,94,3
2025/03/10 21:55,05F0287S,05F0309S,42,0,0
2025/03/10 21:55,05F0287S,05F0309S,5,0,0
2025/03/10 21:55,05F0309S,05F0439S,31,507,16
2025/03/10 21:55,05F0309S,05F0439S,32,520,8
2025/03/10 21:55,05F0309S,05F0439S,41,555,2
2025/03/10 21:55,05F0309S,05F0439S,42,568,2
2025/03/10 21:55,05F0309S,05F0439S,5,546,1
2025/03/10 21:55,05F0439S,05F0494S,31,206,5
2025/03/10 21:55,05F0439S,05F0494S,32,208,3
2025/03/10 21:55,05F0439S,05F0494S,41,0,0
2025/03/10 21:55,05F0439S,05F0494S,42,0,0
2025/03/10 21:55,05F0439S,05F0494S,5,0,0
2025/03/10 22:00,05F0000S,05F0055S,31,235,47
2025/03/10 22:00,05F0000S,05F0055S,32,236,9
2025/03/10 22:00,05F0000S,05F0055S,41,269,2
2025/03/10 22:00,05F0000S,05F0055S,42,0,0
2025/03/10 22:00,05F0000S,05F0055S,5,0,0
2025/03/10 22:00,05F0055S,05F0287S,31,999,53
2025/03/10 22:00,05F0055S,05F0287S,32,1008,12
2025/03/10 22:00,05F0055S,05F0287S,41,1017,6
2025/03/10 22:00,05F0055S,05F0287S,42,0,0
2025/03/10 22:00,05F0055S,05F0287S,5,0,0
2025/03/10 22:00,05F0287S,05F0309S,31,87,40
2025/03/10 22:00,05F0287S,05F0309S,32,90,11
2025/03/10 22:00,05F0287S,05F0309S,41,548,2
2025/03/10 22:00,05F0287S,05F0309S,42,0,0
2025/03/10 22:00,05F0287S,05F0309S,5,0,0
2025/03/10 22:00,05F0309S,05F0439S,31,478,17
2025/03/10 22:00,05F0309S,05F0439S,32,521,3
2025/03/10 22:00,05F0309S,05F0439S,41,1877,2
2025/03/10 22:00,05F0309S,05F0439S,42,572,2
2025/03/10 22:00,05F0309S,05F0439S,5,560,1
2025/03/10 22:00,05F0439S,05F0494S,31,211,9
2025/03/10 22:00,05F0439S,05F0494S,32,0,0
2025/03/10 22:00,05F0439S,05F0494S,41,0,0
2025/03/10 22:00,05F0439S,05F0494S,42,260,1
2025/03/10 22:00,05F0439S,05F0494S,5,214,1
2025/03/10 22:05,05F0000S,05F0055S,31,229,41
2025/03/10 22:05,05F0000S,05F0055S,32,244,12
2025/03/10 22:05,05F0000S,05F0055S,41,231,3
2025/03/10 22:05,05F0000S,05F0055S,42,0,0
2025/03/10 22:05,05F0000S,05F0055S,5,0,0
2025/03/10 22:05,05F0055S,05F0287S,31,955,42
2025/03/10 22:05,05F0055S,05F0287S,32,972,15
2025/03/10 22:05,05F0055S,05F0287S,41,973,2
2025/03/10 22:05,05F0055S,05F0287S,42,0,0
2025/03/10 22:05,05F0055S,05F0287S,5,0,0
2025/03/10 22:05,05F0287S,05F0309S,31,86,37
2025/03/10 22:05,05F0287S,05F0309S,32,86,11
2025/03/10 22:05,05F0287S,05F0309S,41,91,5
2025/03/10 22:05,05F0287S,05F0309S,42,0,0
2025/03/10 22:05,05F0287S,05F0309S,5,0,0
2025/03/10 22:05,05F0309S,05F0439S,31,515,29
2025/03/10 22:05,05F0309S,05F0439S,32,510,4
2025/03/10 22:05,05F0309S,05F0439S,41,552,3
2025/03/10 22:05,05F0309S,05F0439S,42,0,0
2025/03/10 22:05,05F0309S,05F0439S,5,0,0
2025/03/10 22:05,05F0439S,05F0494S,31,208,6
2025/03/10 22:05,05F0439S,05F0494S,32,216,3
2025/03/10 22:05,05F0439S,05F0494S,41,0,0
2025/03/10 22:05,05F0439S,05F0494S,42,232,1
2025/03/10 22:05,05F0439S,05F0494S,5,232,1
2025/03/10 22:10,05F0000S,05F0055S,31,232,43
2025/03/10 22:10,05F0000S,05F0055S,32,241,11
2025/03/10 22:10,05F0000S,05F0055S,41,210,1
2025/03/10 22:10,05F0000S,05F0055S,42,221,1
2025/03/10 22:10,05F0000S,05F0055S,5,0,0
2025/03/10 22:10,05F0055S,05F0287S,31,1002,63
2025/03/10 22:10,05F0055S,05F0287S,32,1053,6
2025/03/10 22:10,05F0055S,05F0287S,41,1021,2
2025/03/10 22:10,05F0055S,05F0287S,42,0,0
2025/03/10 22:10,05F0055S,05F0287S,5,0,0
2025/03/10 22:10,05F0287S,05F0309S,31,82,32
2025/03/10 22:10,05F0287S,05F0309S,32,91,4
2025/03/10 22:10,05F0287S,05F0309S,41,0,0
2025/03/10 22:10,05F0287S,05F0309S,42,0,0
2025/03/10 22:10,05F0287S,05F0309S,5,0,0
2025/03/10 22:10,05F0309S,05F0439S,31,523,31
2025/03/10 22:10,05F0309S,05F0439S,32,524,6
2025/03/10 22:10,05F0309S,05F0439S,41,531,2
2025/03/10 22:10,05F0309S,05F0439S,42,0,0
2025/03/10 22:10,05F0309S,05F0439S,5,0,0
2025/03/10 22:10,05F0439S,05F0494S,31,213,12
2025/03/10 22:10,05F0439S,05F0494S,32,222,3
2025/03/10 22:10,05F0439S,05F0494S,41,0,0
2025/03/10 22:10,05F0439S,05F0494S,42,0,0
2025/03/10 22:10,05F0439S,05F0494S,5,0,0
2025/03/10 22:15,05F0000S,05F0055S,31,240,42
2025/03/10 22:15,05F0000S,05F0055S,32,237,14
2025/03/10 22:15,05F0000S,05F0055S,41,237,4
2025/03/10 22:15,05F0000S,05F0055S,42,0,0
2025/03/10 22:15,05F0000S,05F0055S,5,0,0
2025/03/10 22:15,05F0055S,05F0287S,31,982,57
2025/03/10 22:15,05F0055S,05F0287S,32,984,10
2025/03/10 22:15,05F0055S,05F0287S,41,1013,4
2025/03/10 22:15,05F0055S,05F0287S,42,0,0
2025/03/10 22:15,05F0055S,05F0287S,5,0,0
2025/03/10 22:15,05F0287S,05F0309S,31,88,55
2025/03/10 22:15,05F0287S,05F0309S,32,88,7
2025/03/10 22:15,05F0287S,05F0309S,41,91,4
2025/03/10 22:15,05F0287S,05F0309S,42,0,0
2025/03/10 22:15,05F0287S,05F0309S,5,0,0
2025/03/10 22:15,05F0309S,05F0439S,31,497,22
2025/03/10 22:15,05F0309S,05F0439S,32,514,4
2025/03/10 22:15,05F0309S,05F0439S,41,534,1
2025/03/10 22:15,05F0309S,05F0439S,42,536,1
2025/03/10 22:15,05F0309S,05F0439S,5,0,0
2025/03/10 22:15,05F0439S,05F0494S,31,209,9
2025/03/10 22:15,05F0439S,05F0494S,32,207,8
2025/03/10 22:15,05F0439S,05F0494S,41,0,0
2025/03/10 22:15,05F0439S,05F0494S,42,0,0
2025/03/10 22:15,05F0439S,05F0494S,5,0,0
2025/03/10 22:20,05F0000S,05F0055S,31,234,39
2025/03/10 22:20,05F0000S,05F0055S,32,240,14
2025/03/10 22:20,05F0000S,05F0055S,41,231,4
2025/03/10 22:20,05F0000S,05F0055S,42,0,0
2025/03/10 22:20,05F0000S,05F0055S,5,0,0
2025/03/10 22:20,05F0055S,05F0287S,31,994,41
2025/03/10 22:20,05F0055S,05F0287S,32,1016,10
2025/03/10 22:20,05F0055S,05F0287S,41,1006,1
2025/03/10 22:20,05F0055S,05F0287S,42,0,0
2025/03/10 22:20,05F0055S,05F0287S,5,0,0
2025/03/10 22:20,05F0287S,05F0309S,31,83,21
2025/03/10 22:20,05F0287S,05F0309S,32,87,6
2025/03/10 22:20,05F0287S,05F0309S,41,937,1
2025/03/10 22:20,05F0287S,05F0309S,42,0,0
2025/03/10 22:20,05F0287S,05F0309S,5,0,0
2025/03/10 22:20,05F0309S,05F0439S,31,506,26
2025/03/10 22:20,05F0309S,05F0439S,32,517,1
2025/03/10 22:20,05F0309S,05F0439S,41,0,0
2025/03/10 22:20,05F0309S,05F0439S,42,570,1
2025/03/10 22:20,05F0309S,05F0439S,5,576,3
2025/03/10 22:20,05F0439S,05F0494S,31,197,4
2025/03/10 22:20,05F0439S,05F0494S,32,0,0
2025/03/10 22:20,05F0439S,05F0494S,41,0,0
2025/03/10 22:20,05F0439S,05F0494S,42,223,1
2025/03/10 22:20,05F0439S,05F0494S,5,223,1
2025/03/10 22:25,05F0000S,05F0055S,31,232,47
2025/03/10 22:25,05F0000S,05F0055S,32,241,5
2025/03/10 22:25,05F0000S,05F0055S,41,234,3
2025/03/10 22:25,05F0000S,05F0055S,42,0,0
2025/03/10 22:25,05F0000S,05F0055S,5,0,0
2025/03/10 22:25,05F0055S,05F0287S,31,960,40
2025/03/10 22:25,05F0055S,05F0287S,32,967,13
2025/03/10 22:25,05F0055S,05F0287S,41,992,3
2025/03/10 22:25,05F0055S,05F0287S,42,970,1
2025/03/10 22:25,05F0055S,05F0287S,5,0,0
2025/03/10 22:25,05F0287S,05F0309S,31,84,36
2025/03/10 22:25,05F0287S,05F0309S,32,89,13
2025/03/10 22:25,05F0287S,05F0309S,41,89,4
2025/03/10 22:25,05F0287S,05F0309S,42,87,1
2025/03/10 22:25,05F0287S,05F0309S,5,0,0
2025/03/10 22:25,05F0309S,05F0439S,31,518,26
2025/03/10 22:25,05F0309S,05F0439S,32,523,6
2025/03/10 22:25,05F0309S,05F0439S,41,548,2
2025/03/10 22:25,05F0309S,05F0439S,42,0,0
2025/03/10 22:25,05F0309S,05F0439S,5,536,1
2025/03/10 22:25,05F0439S,05F0494S,31,209,9
2025/03/10 22:25,05F0439S,05F0494S,32,0,0
2025/03/10 22:25,05F0439S,05F0494S,41,0,0
2025/03/10 22:25,05F0439S,05F0494S,42,227,1
2025/03/10 22:25,05F0439S,05F0494S,5,242,3
2025/03/10 22:30,05F0000S,05F0055S,31,229,41
2025/03/10 22:30,05F0000S,05F0055S,32,231,7
2025/03/10 22:30,05F0000S,05F0055S,41,232,2
2025/03/10 22:30,05F0000S,05F0055S,42,0,0
2025/03/10 22:30,05F0000S,05F0055S,5,0,0
2025/03/10 22:30,05F0055S,05F0287S,31,976,45
2025/03/10 22:30,05F0055S,05F0287S,32,985,14
2025/03/10 22:30,05F0055S,05F0287S,41,1061,4
2025/03/10 22:30,05F0055S,05F0287S,42,0,0
2025/03/10 22:30,05F0055S,05F0287S,5,0,0
2025/03/10 22:30,05F0287S,05F0309S,31,85,19
2025/03/10 22:30,05F0287S,05F0309S,32,87,8
2025/03/10 22:30,05F0287S,05F0309S,41,91,3
2025/03/10 22:30,05F0287S,05F0309S,42,0,0
2025/03/10 22:30,05F0287S,05F0309S,5,0,0
2025/03/10 22:30,05F0309S,05F0439S,31,490,9
2025/03/10 22:30,05F0309S,05F0439S,32,526,3
2025/03/10 22:30,05F0309S,05F0439S,41,1036,2
2025/03/10 22:30,05F0309S,05F0439S,42,487,1
2025/03/10 22:30,05F0309S,05F0439S,5,545,2
2025/03/10 22:30,05F0439S,05F0494S,31,211,5
2025/03/10 22:30,05F0439S,05F0494S,32,214,4
2025/03/10 22:30,05F0439S,05F0494S,41,0,0
2025/03/10 22:30,05F0439S,05F0494S,42,205,1
2025/03/10 22:30,05F0439S,05F0494S,5,213,1
2025/03/10 22:35,05F0000S,05F0055S,31,235,27
2025/03/10 22:35,05F0000S,05F0055S,32,225,6
2025/03/10 22:35,05F0000S,05F0055S,41,232,2
2025/03/10 22:35,05F0000S,05F0055S,42,0,0
2025/03/10 22:35,05F0000S,05F0055S,5,0,0
2025/03/10 22:35,05F0055S,05F0287S,31,970,44
2025/03/10 22:35,05F0055S,05F0287S,32,978,16
2025/03/10 22:35,05F0055S,05F0287S,41,977,3
2025/03/10 22:35,05F0055S,05F0287S,42,0,0
2025/03/10 22:35,05F0055S,05F0287S,5,0,0
2025/03/10 22:35,05F0287S,05F0309S,31,85,39
2025/03/10 22:35,05F0287S,05F0309S,32,87,11
2025/03/10 22:35,05F0287S,05F0309S,41,94,3
2025/03/10 22:35,05F0287S,05F0309S,42,0,0
2025/03/10 22:35,05F0287S,05F0309S,5,0,0
2025/03/10 22:35,05F0309S,05F0439S,31,501,19
2025/03/10 22:35,05F0309S,05F0439S,32,506,5
2025/03/10 22:35,05F0309S,05F0439S,41,549,2
2025/03/10 22:35,05F0309S,05F0439S,42,545,1
2025/03/10 22:35,05F0309S,05F0439S,5,562,1
2025/03/10 22:35,05F0439S,05F0494S,31,210,6
2025/03/10 22:35,05F0439S,05F0494S,32,211,2
2025/03/10 22:35,05F0439S,05F0494S,41,0,0
2025/03/10 22:35,05F0439S,05F0494S,42,0,0
2025/03/10 22:35,05F0439S,05F0494S,5,240,3
2025/03/10 22:40,05F0000S,05F0055S,31,232,37
2025/03/10 22:40,05F0000S,05F0055S,32,231,8
2025/03/10 22:40,05F0000S,05F0055S,41,236,2
2025/03/10 22:40,05F0000S,05F0055S,42,0,0
2025/03/10 22:40,05F0000S,05F0055S,5,0,0
2025/03/10 22:40,05F0055S,05F0287S,31,954,34
2025/03/10 22:40,05F0055S,05F0287S,32,998,5
2025/03/10 22:40,05F0055S,05F0287S,41,1105,2
2025/03/10 22:40,05F0055S,05F0287S,42,0,0
2025/03/10 22:40,05F0055S,05F0287S,5,0,0
2025/03/10 22:40,05F0287S,05F0309S,31,87,38
2025/03/10 22:40,05F0287S,05F0309S,32,86,7
2025/03/10 22:40,05F0287S,05F0309S,41,92,4
2025/03/10 22:40,05F0287S,05F0309S,42,0,0
2025/03/10 22:40,05F0287S,05F0309S,5,0,0
2025/03/10 22:40,05F0309S,05F0439S,31,518,18
2025/03/10 22:40,05F0309S,05F0439S,32,507,6
2025/03/10 22:40,05F0309S,05F0439S,41,578,2
2025/03/10 22:40,05F0309S,05F0439S,42,510,1
2025/03/10 22:40,05F0309S,05F0439S,5,501,1
2025/03/10 22:40,05F0439S,05F0494S,31,235,3
2025/03/10 22:40,05F0439S,05F0494S,32,203,2
2025/03/10 22:40,05F0439S,05F0494S,41,0,0
2025/03/10 22:40,05F0439S,05F0494S,42,0,0
2025/03/10 22:40,05F0439S,05F0494S,5,200,1
2025/03/10 22:45,05F0000S,05F0055S,31,240,36
2025/03/10 22:45,05F0000S,05F0055S,32,253,11
2025/03/10 22:45,05F0000S,05F0055S,41,241,2
2025/03/10 22:45,05F0000S,05F0055S,42,0,0
2025/03/10 22:45,05F0000S,05F0055S,5,0,0
2025/03/10 22:45,05F0055S,05F0287S,31,981,54
2025/03/10 22:45,05F0055S,05F0287S,32,980,8
2025/03/10 22:45,05F0055S,05F0287S,41,1009,3
2025/03/10 22:45,05F0055S,05F0287S,42,0,0
2025/03/10 22:45,05F0055S,05F0287S,5,0,0
2025/03/10 22:45,05F0287S,05F0309S,31,84,28
2025/03/10 22:45,05F0287S,05F0309S,32,84,3
2025/03/10 22:45,05F0287S,05F0309S,41,93,3
2025/03/10 22:45,05F0287S,05F0309S,42,0,0
2025/03/10 22:45,05F0287S,05F0309S,5,0,0
2025/03/10 22:45,05F0309S,05F0439S,31,509,23
2025/03/10 22:45,05F0309S,05F0439S,32,509,4
2025/03/10 22:45,05F0309S,05F0439S,41,583,3
2025/03/10 22:45,05F0309S,05F0439S,42,0,0
2025/03/10 22:45,05F0309S,05F0439S,5,0,0
2025/03/10 22:45,05F0439S,05F0494S,31,211,10
2025/03/10 22:45,05F0439S,05F0494S,32,208,3
2025/03/10 22:45,05F0439S,05F0494S,41,0,0
2025/03/10 22:45,05F0439S,05F0494S,42,203,1
2025/03/10 22:45,05F0439S,05F0494S,5,0,0
2025/03/10 22:50,05F0000S,05F0055S,31,241,25
2025/03/10 22:50,05F0000S,05F0055S,32,231,4
2025/03/10 22:50,05F0000S,05F0055S,41,247,3
2025/03/10 22:50,05F0000S,05F0055S,42,0,0
2025/03/10 22:50,05F0000S,05F0055S,5,0,0
2025/03/10 22:50,05F0055S,05F0287S,31,945,31
2025/03/10 22:50,05F0055S,05F0287S,32,938,8
2025/03/10 22:50,05F0055S,05F0287S,41,965,3
2025/03/10 22:50,05F0055S,05F0287S,42,0,0
2025/03/10 22:50,05F0055S,05F0287S,5,0,0
2025/03/10 22:50,05F0287S,05F0309S,31,81,34
2025/03/10 22:50,05F0287S,05F0309S,32,84,9
2025/03/10 22:50,05F0287S,05F0309S,41,91,1
2025/03/10 22:50,05F0287S,05F0309S,42,0,0
2025/03/10 22:50,05F0287S,05F0309S,5,0,0
2025/03/10 22:50,05F0309S,05F0439S,31,524,19
2025/03/10 22:50,05F0309S,05F0439S,32,550,7
2025/03/10 22:50,05F0309S,05F0439S,41,550,3
2025/03/10 22:50,05F0309S,05F0439S,42,545,2
2025/03/10 22:50,05F0309S,05F0439S,5,515,1
2025/03/10 22:50,05F0439S,05F0494S,31,207,8
2025/03/10 22:50,05F0439S,05F0494S,32,207,4
2025/03/10 22:50,05F0439S,05F0494S,41,0,0
2025/03/10 22:50,05F0439S,05F0494S,42,0,0
2025/03/10 22:50,05F0439S,05F0494S,5,0,0
2025/03/10 22:55,05F0000S,05F0055S,31,248,31
2025/03/10 22:55,05F0000S,05F0055S,32,251,8
2025/03/10 22:55,05F0000S,05F0055S,41,244,1
2025/03/10 22:55,05F0000S,05F0055S,42,0,0
2025/03/10 22:55,05F0000S,05F0055S,5,0,0
2025/03/10 22:55,05F0055S,05F0287S,31,942,37
2025/03/10 22:55,05F0055S,05F0287S,32,921,9
2025/03/10 22:55,05F0055S,05F0287S,41,996,2
2025/03/10 22:55,05F0055S,05F0287S,42,0,0
2025/03/10 22:55,05F0055S,05F0287S,5,0,0
2025/03/10 22:55,05F0287S,05F0309S,31,81,26
2025/03/10 22:55,05F0287S,05F0309S,32,81,5
2025/03/10 22:55,05F0287S,05F0309S,41,88,1
2025/03/10 22:55,05F0287S,05F0309S,42,0,0
2025/03/10 22:55,05F0287S,05F0309S,5,0,0
2025/03/10 22:55,05F0309S,05F0439S,31,505,21
2025/03/10 22:55,05F0309S,05F0439S,32,512,5
2025/03/10 22:55,05F0309S,05F0439S,41,578,3
2025/03/10 22:55,05F0309S,05F0439S,42,550,3
2025/03/10 22:55,05F0309S,05F0439S,5,669,1
2025/03/10 22:55,05F0439S,05F0494S,31,218,6
2025/03/10 22:55,05F0439S,05F0494S,32,228,4
2025/03/10 22:55,05F0439S,05F0494S,41,0,0
2025/03/10 22:55,05F0439S,05F0494S,42,221,2
2025/03/10 22:55,05F0439S,05F0494S,5,232,2
2025/03/10 23:00,05F0000S,05F0055S,31,242,22
2025/03/10 23:00,05F0000S,05F0055S,32,239,10
2025/03/10 23:00,05F0000S,05F0055S,41,225,1
2025/03/10 23:00,05F0000S,05F0055S,42,0,0
2025/03/10 23:00,05F0000S,05F0055S,5,0,0
2025/03/10 23:00,05F0055S,05F0287S,31,933,39
2025/03/10 23:00,05F0055S,05F0287S,32,959,3
2025/03/10 23:00,05F0055S,05F0287S,41,963,1
2025/03/10 23:00,05F0055S,05F0287S,42,0,0
2025/03/10 23:00,05F0055S,05F0287S,5,0,0
2025/03/10 23:00,05F0287S,05F0309S,31,81,29
2025/03/10 23:00,05F0287S,05F0309S,32,90,1
2025/03/10 23:00,05F0287S,05F0309S,41,91,3
2025/03/10 23:00,05F0287S,05F0309S,42,0,0
2025/03/10 23:00,05F0287S,05F0309S,5,0,0
2025/03/10 23:00,05F0309S,05F0439S,31,505,11
2025/03/10 23:00,05F0309S,05F0439S,32,493,7
2025/03/10 23:00,05F0309S,05F0439S,41,516,1
2025/03/10 23:00,05F0309S,05F0439S,42,0,0
2025/03/10 23:00,05F0309S,05F0439S,5,0,0
2025/03/10 23:00,05F0439S,05F0494S,31,203,6
2025/03/10 23:00,05F0439S,05F0494S,32,210,3
2025/03/10 23:00,05F0439S,05F0494S,41,0,0
2025/03/10 23:00,05F0439S,05F0494S,42,224,1
2025/03/10 23:00,05F0439S,05F0494S,5,0,0
2025/03/10 23:05,05F0000S,05F0055S,31,236,35
2025/03/10 23:05,05F0000S,05F0055S,32,231,9
2025/03/10 23:05,05F0000S,05F0055S,41,248,3
2025/03/10 23:05,05F0000S,05F0055S,42,0,0
2025/03/10 23:05,05F0000S,05F0055S,5,0,0
2025/03/10 23:05,05F0055S,05F0287S,31,987,28
2025/03/10 23:05,05F0055S,05F0287S,32,980,14
2025/03/10 23:05,05F0055S,05F0287S,41,999,4
2025/03/10 23:05,05F0055S,05F0287S,42,0,0
2025/03/10 23:05,05F0055S,05F0287S,5,0,0
2025/03/10 23:05,05F0287S,05F0309S,31,87,17
2025/03/10 23:05,05F0287S,05F0309S,32,87,9
2025/03/10 23:05,05F0287S,05F0309S,41,92,2
2025/03/10 23:05,05F0287S,05F0309S,42,0,0
2025/03/10 23:05,05F0287S,05F0309S,5,0,0
2025/03/10 23:05,05F0309S,05F0439S,31,479,15
2025/03/10 23:05,05F0309S,05F0439S,32,464,2
2025/03/10 23:05,05F0309S,05F0439S,41,2065,1
2025/03/10 23:05,05F0309S,05F0439S,42,0,0
2025/03/10 23:05,05F0309S,05F0439S,5,539,3
2025/03/10 23:05,05F0439S,05F0494S,31,196,7
2025/03/10 23:05,05F0439S,05F0494S,32,181,1
2025/03/10 23:05,05F0439S,05F0494S,41,523,1
2025/03/10 23:05,05F0439S,05F0494S,42,0,0
2025/03/10 23:05,05F0439S,05F0494S,5,0,0
2025/03/10 23:10,05F0000S,05F0055S,31,240,29
2025/03/10 23:10,05F0000S,05F0055S,32,236,6
2025/03/10 23:10,05F0000S,05F0055S,41,0,0
2025/03/10 23:10,05F0000S,05F0055S,42,0,0
2025/03/10 23:10,05F0000S,05F0055S,5,0,0
2025/03/10 23:10,05F0055S,05F0287S,31,976,23
2025/03/10 23:10,05F0055S,05F0287S,32,984,8
2025/03/10 23:10,05F0055S,05F0287S,41,0,0
2025/03/10 23:10,05F0055S,05F0287S,42,0,0
2025/03/10 23:10,05F0055S,05F0287S,5,0,0
2025/03/10 23:10,05F0287S,05F0309S,31,89,18
2025/03/10 23:10,05F0287S,05F0309S,32,82,2
2025/03/10 23:10,05F0287S,05F0309S,41,99,1
2025/03/10 23:10,05F0287S,05F0309S,42,0,0
2025/03/10 23:10,05F0287S,05F0309S,5,0,0
2025/03/10 23:10,05F0309S,05F0439S,31,503,16
2025/03/10 23:10,05F0309S,05F0439S,32,505,4
2025/03/10 23:10,05F0309S,05F0439S,41,560,1
2025/03/10 23:10,05F0309S,05F0439S,42,559,1
2025/03/10 23:10,05F0309S,05F0439S,5,603,1
2025/03/10 23:10,05F0439S,05F0494S,31,199,11
2025/03/10 23:10,05F0439S,05F0494S,32,0,0
2025/03/10 23:10,05F0439S,05F0494S,41,0,0
2025/03/10 23:10,05F0439S,05F0494S,42,215,1
2025/03/10 23:10,05F0439S,05F0494S,5,227,4
2025/03/10 23:15,05F0000S,05F0055S,31,241,27
2025/03/10 23:15,05F0000S,05F0055S,32,248,9
2025/03/10 23:15,05F0000S,05F0055S,41,246,1
2025/03/10 23:15,05F0000S,05F0055S,42,0,0
2025/03/10 23:15,05F0000S,05F0055S,5,0,0
2025/03/10 23:15,05F0055S,05F0287S,31,961,34
2025/03/10 23:15,05F0055S,05F0287S,32,945,11
2025/03/10 23:15,05F0055S,05F0287S,41,1016,1
2025/03/10 23:15,05F0055S,05F0287S,42,0,0
2025/03/10 23:15,05F0055S,05F0287S,5,0,0
2025/03/10 23:15,05F0287S,05F0309S,31,86,18
2025/03/10 23:15,05F0287S,05F0309S,32,84,11
2025/03/10 23:15,05F0287S,05F0309S,41,0,0
2025/03/10 23:15,05F0287S,05F0309S,42,0,0
2025/03/10 23:15,05F0287S,05F0309S,5,0,0
2025/03/10 23:15,05F0309S,05F0439S,31,531,4
2025/03/10 23:15,05F0309S,05F0439S,32,494,3
2025/03/10 23:15,05F0309S,05F0439S,41,536,3
2025/03/10 23:15,05F0309S,05F0439S,42,0,0
2025/03/10 23:15,05F0309S,05F0439S,5,499,1
2025/03/10 23:15,05F0439S,05F0494S,31,226,2
2025/03/10 23:15,05F0439S,05F0494S,32,216,1
2025/03/10 23:15,05F0439S,05F0494S,41,0,0
2025/03/10 23:15,05F0439S,05F0494S,42,230,2
2025/03/10 23:15,05F0439S,05F0494S,5,208,1
2025/03/10 23:20,05F0000S,05F0055S,31,238,23
2025/03/10 23:20,05F0000S,05F0055S,32,244,5
2025/03/10 23:20,05F0000S,05F0055S,41,246,4
2025/03/10 23:20,05F0000S,05F0055S,42,0,0
2025/03/10 23:20,05F0000S,05F0055S,5,0,0
2025/03/10 23:20,05F0055S,05F0287S,31,941,29
2025/03/10 23:20,05F0055S,05F0287S,32,928,11
2025/03/10 23:20,05F0055S,05F0287S,41,982,3
2025/03/10 23:20,05F0055S,05F0287S,42,0,0
2025/03/10 23:20,05F0055S,05F0287S,5,0,0
2025/03/10 23:20,05F0287S,05F0309S,31,84,22
2025/03/10 23:20,05F0287S,05F0309S,32,88,8
2025/03/10 23:20,05F0287S,05F0309S,41,94,3
2025/03/10 23:20,05F0287S,05F0309S,42,0,0
2025/03/10 23:20,05F0287S,05F0309S,5,0,0
2025/03/10 23:20,05F0309S,05F0439S,31,509,14
2025/03/10 23:20,05F0309S,05F0439S,32,478,2
2025/03/10 23:20,05F0309S,05F0439S,41,565,1
2025/03/10 23:20,05F0309S,05F0439S,42,0,0
2025/03/10 23:20,05F0309S,05F0439S,5,564,3
2025/03/10 23:20,05F0439S,05F0494S,31,223,2
2025/03/10 23:20,05F0439S,05F0494S,32,201,1
2025/03/10 23:20,05F0439S,05F0494S,41,0,0
2025/03/10 23:20,05F0439S,05F0494S,42,0,0
2025/03/10 23:20,05F0439S,05F0494S,5,0,0
2025/03/10 23:25,05F0000S,05F0055S,31,238,32
2025/03/10 23:25,05F0000S,05F0055S,32,233,10
2025/03/10 23:25,05F0000S,05F0055S,41,243,1
2025/03/10 23:25,05F0000S,05F0055S,42,0,0
2025/03/10 23:25,05F0000S,05F0055S,5,0,0
2025/03/10 23:25,05F0055S,05F0287S,31,941,35
2025/03/10 23:25,05F0055S,05F0287S,32,929,4
2025/03/10 23:25,05F0055S,05F0287S,41,979,1
2025/03/10 23:25,05F0055S,05F0287S,42,0,0
2025/03/10 23:25,05F0055S,05F0287S,5,0,0
2025/03/10 23:25,05F0287S,05F0309S,31,84,25
2025/03/10 23:25,05F0287S,05F0309S,32,84,6
2025/03/10 23:25,05F0287S,05F0309S,41,544,2
2025/03/10 23:25,05F0287S,05F0309S,42,0,0
2025/03/10 23:25,05F0287S,05F0309S,5,0,0
2025/03/10 23:25,05F0309S,05F0439S,31,522,20
2025/03/10 23:25,05F0309S,05F0439S,32,543,11
2025/03/10 23:25,05F0309S,05F0439S,41,0,0
2025/03/10 23:25,05F0309S,05F0439S,42,0,0
2025/03/10 23:25,05F0309S,05F0439S,5,521,5
2025/03/10 23:25,05F0439S,05F0494S,31,205,2
2025/03/10 23:25,05F0439S,05F0494S,32,202,3
2025/03/10 23:25,05F0439S,05F0494S,41,0,0
2025/03/10 23:25,05F0439S,05F0494S,42,0,0
2025/03/10 23:25,05F0439S,05F0494S,5,238,3
2025/03/10 23:30,05F0000S,05F0055S,31,245,16
2025/03/10 23:30,05F0000S,05F0055S,32,252,7
2025/03/10 23:30,05F0000S,05F0055S,41,236,3
2025/03/10 23:30,05F0000S,05F0055S,42,0,0
2025/03/10 23:30,05F0000S,05F0055S,5,0,0
2025/03/10 23:30,05F0055S,05F0287S,31,952,27
2025/03/10 23:30,05F0055S,05F0287S,32,1021,8
2025/03/10 23:30,05F0055S,05F0287S,41,1073,1
2025/03/10 23:30,05F0055S,05F0287S,42,0,0
2025/03/10 23:30,05F0055S,05F0287S,5,0,0
2025/03/10 23:30,05F0287S,05F0309S,31,81,16
2025/03/10 23:30,05F0287S,05F0309S,32,83,3
2025/03/10 23:30,05F0287S,05F0309S,41,1111,1
2025/03/10 23:30,05F0287S,05F0309S,42,0,0
2025/03/10 23:30,05F0287S,05F0309S,5,0,0
2025/03/10 23:30,05F0309S,05F0439S,31,508,14
2025/03/10 23:30,05F0309S,05F0439S,32,505,4
2025/03/10 23:30,05F0309S,05F0439S,41,1154,2
2025/03/10 23:30,05F0309S,05F0439S,42,549,2
2025/03/10 23:30,05F0309S,05F0439S,5,599,1
2025/03/10 23:30,05F0439S,05F0494S,31,218,6
2025/03/10 23:30,05F0439S,05F0494S,32,210,3
2025/03/10 23:30,05F0439S,05F0494S,41,0,0
2025/03/10 23:30,05F0439S,05F0494S,42,209,1
2025/03/10 23:30,05F0439S,05F0494S,5,218,4
2025/03/10 23:35,05F0000S,05F0055S,31,234,18
2025/03/10 23:35,05F0000S,05F0055S,32,220,11
2025/03/10 23:35,05F0000S,05F0055S,41,233,1
2025/03/10 23:35,05F0000S,05F0055S,42,0,0
2025/03/10 23:35,05F0000S,05F0055S,5,0,0
2025/03/10 23:35,05F0055S,05F0287S,31,945,29
2025/03/10 23:35,05F0055S,05F0287S,32,997,6
2025/03/10 23:35,05F0055S,05F0287S,41,982,1
2025/03/10 23:35,05F0055S,05F0287S,42,0,0
2025/03/10 23:35,05F0055S,05F0287S,5,0,0
2025/03/10 23:35,05F0287S,05F0309S,31,85,28
2025/03/10 23:35,05F0287S,05F0309S,32,93,5
2025/03/10 23:35,05F0287S,05F0309S,41,94,2
2025/03/10 23:35,05F0287S,05F0309S,42,0,0
2025/03/10 23:35,05F0287S,05F0309S,5,0,0
2025/03/10 23:35,05F0309S,05F0439S,31,482,15
2025/03/10 23:35,05F0309S,05F0439S,32,487,4
2025/03/10 23:35,05F0309S,05F0439S,41,538,1
2025/03/10 23:35,05F0309S,05F0439S,42,614,1
2025/03/10 23:35,05F0309S,05F0439S,5,526,2
2025/03/10 23:35,05F0439S,05F0494S,31,204,4
2025/03/10 23:35,05F0439S,05F0494S,32,210,1
2025/03/10 23:35,05F0439S,05F0494S,41,0,0
2025/03/10 23:35,05F0439S,05F0494S,42,0,0
2025/03/10 23:35,05F0439S,05F0494S,5,253,1
2025/03/10 23:40,05F0000S,05F0055S,31,244,15
2025/03/10 23:40,05F0000S,05F0055S,32,236,5
2025/03/10 23:40,05F0000S,05F0055S,41,235,1
2025/03/10 23:40,05F0000S,05F0055S,42,0,0
2025/03/10 23:40,05F0000S,05F0055S,5,0,0
2025/03/10 23:40,05F0055S,05F0287S,31,976,26
2025/03/10 23:40,05F0055S,05F0287S,32,969,9
2025/03/10 23:40,05F0055S,05F0287S,41,999,4
2025/03/10 23:40,05F0055S,05F0287S,42,0,0
2025/03/10 23:40,05F0055S,05F0287S,5,0,0
2025/03/10 23:40,05F0287S,05F0309S,31,86,20
2025/03/10 23:40,05F0287S,05F0309S,32,81,6
2025/03/10 23:40,05F0287S,05F0309S,41,97,3
2025/03/10 23:40,05F0287S,05F0309S,42,0,0
2025/03/10 23:40,05F0287S,05F0309S,5,0,0
2025/03/10 23:40,05F0309S,05F0439S,31,502,18
2025/03/10 23:40,05F0309S,05F0439S,32,535,4
2025/03/10 23:40,05F0309S,05F0439S,41,545,2
2025/03/10 23:40,05F0309S,05F0439S,42,617,1
2025/03/10 23:40,05F0309S,05F0439S,5,554,3
2025/03/10 23:40,05F0439S,05F0494S,31,212,1
2025/03/10 23:40,05F0439S,05F0494S,32,205,2
2025/03/10 23:40,05F0439S,05F0494S,41,0,0
2025/03/10 23:40,05F0439S,05F0494S,42,0,0
2025/03/10 23:40,05F0439S,05F0494S,5,0,0
2025/03/10 23:45,05F0000S,05F0055S,31,243,23
2025/03/10 23:45,05F0000S,05F0055S,32,252,16
2025/03/10 23:45,05F0000S,05F0055S,41,249,1
2025/03/10 23:45,05F0000S,05F0055S,42,0,0
2025/03/10 23:45,05F0000S,05F0055S,5,0,0
2025/03/10 23:45,05F0055S,05F0287S,31,970,27
2025/03/10 23:45,05F0055S,05F0287S,32,979,10
2025/03/10 23:45,05F0055S,05F0287S,41,987,1
2025/03/10 23:45,05F0055S,05F0287S,42,0,0
2025/03/10 23:45,05F0055S,05F0287S,5,0,0
2025/03/10 23:45,05F0287S,05F0309S,31,83,23
2025/03/10 23:45,05F0287S,05F0309S,32,89,2
2025/03/10 23:45,05F0287S,05F0309S,41,88,1
2025/03/10 23:45,05F0287S,05F0309S,42,0,0
2025/03/10 23:45,05F0287S,05F0309S,5,0,0
2025/03/10 23:45,05F0309S,05F0439S,31,482,15
2025/03/10 23:45,05F0309S,05F0439S,32,553,2
2025/03/10 23:45,05F0309S,05F0439S,41,0,0
2025/03/10 23:45,05F0309S,05F0439S,42,0,0
2025/03/10 23:45,05F0309S,05F0439S,5,510,3
2025/03/10 23:45,05F0439S,05F0494S,31,212,5
2025/03/10 23:45,05F0439S,05F0494S,32,0,0
2025/03/10 23:45,05F0439S,05F0494S,41,0,0
2025/03/10 23:45,05F0439S,05F0494S,42,258,1
2025/03/10 23:45,05F0439S,05F0494S,5,253,2
2025/03/10 23:50,05F0000S,05F0055S,31,248,23
2025/03/10 23:50,05F0000S,05F0055S,32,246,5
2025/03/10 23:50,05F0000S,05F0055S,41,238,4
2025/03/10 23:50,05F0000S,05F0055S,42,0,0
2025/03/10 23:50,05F0000S,05F0055S,5,0,0
2025/03/10 23:50,05F0055S,05F0287S,31,938,15
2025/03/10 23:50,05F0055S,05F0287S,32,951,13
2025/03/10 23:50,05F0055S,05F0287S,41,1000,3
2025/03/10 23:50,05F0055S,05F0287S,42,0,0
2025/03/10 23:50,05F0055S,05F0287S,5,0,0
2025/03/10 23:50,05F0287S,05F0309S,31,88,13
2025/03/10 23:50,05F0287S,05F0309S,32,88,13
2025/03/10 23:50,05F0287S,05F0309S,41,92,3
2025/03/10 23:50,05F0287S,05F0309S,42,0,0
2025/03/10 23:50,05F0287S,05F0309S,5,0,0
2025/03/10 23:50,05F0309S,05F0439S,31,512,13
2025/03/10 23:50,05F0309S,05F0439S,32,499,4
2025/03/10 23:50,05F0309S,05F0439S,41,549,2
2025/03/10 23:50,05F0309S,05F0439S,42,0,0
2025/03/10 23:50,05F0309S,05F0439S,5,632,1
2025/03/10 23:50,05F0439S,05F0494S,31,185,3
2025/03/10 23:50,05F0439S,05F0494S,32,230,2
2025/03/10 23:50,05F0439S,05F0494S,41,0,0
2025/03/10 23:50,05F0439S,05F0494S,42,0,0
2025/03/10 23:50,05F0439S,05F0494S,5,207,2
2025/03/10 23:55,05F0000S,05F0055S,31,237,22
2025/03/10 23:55,05F0000S,05F0055S,32,237,4
2025/03/10 23:55,05F0000S,05F0055S,41,0,0
2025/03/10 23:55,05F0000S,05F0055S,42,0,0
2025/03/10 23:55,05F0000S,05F0055S,5,0,0
2025/03/10 23:55,05F0055S,05F0287S,31,965,20
2025/03/10 23:55,05F0055S,05F0287S,32,968,6
2025/03/10 23:55,05F0055S,05F0287S,41,992,1
2025/03/10 23:55,05F0055S,05F0287S,42,0,0
2025/03/10 23:55,05F0055S,05F0287S,5,0,0
2025/03/10 23:55,05F0287S,05F0309S,31,89,6
2025/03/10 23:55,05F0287S,05F0309S,32,85,1
2025/03/10 23:55,05F0287S,05F0309S,41,95,1
2025/03/10 23:55,05F0287S,05F0309S,42,0,0
2025/03/10 23:55,05F0287S,05F0309S,5,0,0
2025/03/10 23:55,05F0309S,05F0439S,31,510,16
2025/03/10 23:55,05F0309S,05F0439S,32,480,2
2025/03/10 23:55,05F0309S,05F0439S,41,510,1
2025/03/10 23:55,05F0309S,05F0439S,42,0,0
2025/03/10 23:55,05F0309S,05F0439S,5,480,1
2025/03/10 23:55,05F0439S,05F0494S,31,213,5
2025/03/10 23:55,05F0439S,05F0494S,32,0,0
2025/03/10 23:55,05F0439S,05F0494S,41,0,0
2025/03/10 23:55,05F0439S,05F0494S,42,0,0
2025/03/10 23:55,05F0439S,05F0494S,5,252,1
