2025/12/26 00:00,05F0000S,05F0055S,31,234,27
2025/12/26 00:00,05F0000S,05F0055S,32,230,7
2025/12/26 00:00,05F0000S,05F0055S,41,231,1
2025/12/26 00:00,05F0000S,05F0055S,42,0,0
2025/12/26 00:00,05F0000S,05F0055S,5,0,0
2025/12/26 00:00,05F0055S,05F0287S,31,961,25
2025/12/26 00:00,05F0055S,05F0287S,32,996,8
2025/12/26 00:00,05F0055S,05F0287S,41,986,3
2025/12/26 00:00,05F0055S,05F0287S,42,0,0
2025/12/26 00:00,05F0055S,05F0287S,5,0,0
2025/12/26 00:00,05F0287S,05F0309S,31,92,14
2025/12/26 00:00,05F0287S,05F0309S,32,87,6
2025/12/26 00:00,05F0287S,05F0309S,41,89,2
2025/12/26 00:00,05F0287S,05F0309S,42,0,0
2025/12/26 00:00,05F0287S,05F0309S,5,0,0
2025/12/26 00:00,05F0309S,05F0439S,31,466,13
2025/12/26 00:00,05F0309S,05F0439S,32,512,5
2025/12/26 00:00,05F0309S,05F0439S,41,530,3
2025/12/26 00:00,05F0309S,05F0439S,42,0,0
2025/12/26 00:00,05F0309S,05F0439S,5,0,0
2025/12/26 00:00,05F0439S,05F0494S,31,188,5
2025/12/26 00:00,05F0439S,05F0494S,32,231,2
2025/12/26 00:00,05F0439S,05F0494S,41,0,0
2025/12/26 00:00,05F0439S,05F0494S,42,0,0
2025/12/26 00:00,05F0439S,05F0494S,5,0,0
2025/12/26 00:05,05F0000S,05F0055S,31,226,29
2025/12/26 00:05,05F0000S,05F0055S,32,229,5
2025/12/26 00:05,05F0000S,05F0055S,41,0,0
2025/12/26 00:05,05F0000S,05F0055S,42,0,0
2025/12/26 00:05,05F0000S,05F0055S,5,0,0
2025/12/26 00:05,05F0055S,05F0287S,31,905,35
2025/12/26 00:05,05F0055S,05F0287S,32,912,6
2025/12/26 00:05,05F0055S,05F0287S,41,0,0
2025/12/26 00:05,05F0055S,05F0287S,42,0,0
2025/12/26 00:05,05F0055S,05F0287S,5,0,0
2025/12/26 00:05,05F0287S,05F0309S,31,84,23
2025/12/26 00:05,05F0287S,05F0309S,32,88,2
2025/12/26 00:05,05F0287S,05F0309S,41,91,1
2025/12/26 00:05,05F0287S,05F0309S,42,0,0
2025/12/26 00:05,05F0287S,05F0309S,5,0,0
2025/12/26 00:05,05F0309S,05F0439S,31,490,17
2025/12/26 00:05,05F0309S,05F0439S,32,444,5
2025/12/26 00:05,05F0309S,05F0439S,41,0,0
2025/12/26 00:05,05F0309S,05F0439S,42,0,0
2025/12/26 00:05,05F0309S,05F0439S,5,0,0
2025/12/26 00:05,05F0439S,05F0494S,31,205,5
2025/12/26 00:05,05F0439S,05F0494S,32,227,2
2025/12/26 00:05,05F0439S,05F0494S,41,0,0
2025/12/26 00:05,05F0439S,05F0494S,42,0,0
2025/12/26 00:05,05F0439S,05F0494S,5,0,0
2025/12/26 00:10,05F0000S,05F0055S,31,229,24
2025/12/26 00:10,05F0000S,05F0055S,32,236,8
2025/12/26 00:10,05F0000S,05F0055S,41,222,2
2025/12/26 00:10,05F0000S,05F0055S,42,0,0
2025/12/26 00:10,05F0000S,05F0055S,5,0,0
2025/12/26 00:10,05F0055S,05F0287S,31,919,28
2025/12/26 00:10,05F0055S,05F0287S,32,979,4
2025/12/26 00:10,05F0055S,05F0287S,41,1011,1
2025/12/26 00:10,05F0055S,05F0287S,42,0,0
2025/12/26 00:10,05F0055S,05F0287S,5,0,0
2025/12/26 00:10,05F0287S,05F0309S,31,85,19
2025/12/26 00:10,05F0287S,05F0309S,32,87,6
2025/12/26 00:10,05F0287S,05F0309S,41,900,2
2025/12/26 00:10,05F0287S,05F0309S,42,0,0
2025/12/26 00:10,05F0287S,05F0309S,5,0,0
2025/12/26 00:10,05F0309S,05F0439S,31,469,11
2025/12/26 00:10,05F0309S,05F0439S,32,0,0
2025/12/26 00:10,05F0309S,05F0439S,41,520,1
2025/12/26 00:10,05F0309S,05F0439S,42,448,1
2025/12/26 00:10,05F0309S,05F0439S,5,0,0
2025/12/26 00:10,05F0439S,05F0494S,31,208,6
2025/12/26 00:10,05F0439S,05F0494S,32,207,2
2025/12/26 00:10,05F0439S,05F0494S,41,0,0
2025/12/26 00:10,05F0439S,05F0494S,42,186,1
2025/12/26 00:10,05F0439S,05F0494S,5,0,0
2025/12/26 00:15,05F0000S,05F0055S,31,234,20
2025/12/26 00:15,05F0000S,05F0055S,32,230,4
2025/12/26 00:15,05F0000S,05F0055S,41,0,0
2025/12/26 00:15,05F0000S,05F0055S,42,0,0
2025/12/26 00:15,05F0000S,05F0055S,5,0,0
2025/12/26 00:15,05F0055S,05F0287S,31,952,26
2025/12/26 00:15,05F0055S,05F0287S,32,985,9
2025/12/26 00:15,05F0055S,05F0287S,41,972,1
2025/12/26 00:15,05F0055S,05F0287S,42,0,0
2025/12/26 00:15,05F0055S,05F0287S,5,0,0
2025/12/26 00:15,05F0287S,05F0309S,31,84,17
2025/12/26 00:15,05F0287S,05F0309S,32,81,5
2025/12/26 00:15,05F0287S,05F0309S,41,964,1
2025/12/26 00:15,05F0287S,05F0309S,42,0,0
2025/12/26 00:15,05F0287S,05F0309S,5,0,0
2025/12/26 00:15,05F0309S,05F0439S,31,440,17
2025/12/26 00:15,05F0309S,05F0439S,32,487,3
2025/12/26 00:15,05F0309S,05F0439S,41,0,0
2025/12/26 00:15,05F0309S,05F0439S,42,0,0
2025/12/26 00:15,05F0309S,05F0439S,5,544,2
2025/12/26 00:15,05F0439S,05F0494S,31,192,4
2025/12/26 00:15,05F0439S,05F0494S,32,0,0
2025/12/26 00:15,05F0439S,05F0494S,41,0,0
2025/12/26 00:15,05F0439S,05F0494S,42,0,0
2025/12/26 00:15,05F0439S,05F0494S,5,0,0
2025/12/26 00:20,05F0000S,05F0055S,31,233,16
2025/12/26 00:20,05F0000S,05F0055S,32,209,2
2025/12/26 00:20,05F0000S,05F0055S,41,0,0
2025/12/26 00:20,05F0000S,05F0055S,42,0,0
2025/12/26 00:20,05F0000S,05F0055S,5,0,0
2025/12/26 00:20,05F0055S,05F0287S,31,922,39
2025/12/26 00:20,05F0055S,05F0287S,32,910,8
2025/12/26 00:20,05F0055S,05F0287S,41,0,0
2025/12/26 00:20,05F0055S,05F0287S,42,0,0
2025/12/26 00:20,05F0055S,05F0287S,5,0,0
2025/12/26 00:20,05F0287S,05F0309S,31,84,19
2025/12/26 00:20,05F0287S,05F0309S,32,84,4
2025/12/26 00:20,05F0287S,05F0309S,41,0,0
2025/12/26 00:20,05F0287S,05F0309S,42,0,0
2025/12/26 00:20,05F0287S,05F0309S,5,0,0
2025/12/26 00:20,05F0309S,05F0439S,31,455,12
2025/12/26 00:20,05F0309S,05F0439S,32,446,3
2025/12/26 00:20,05F0309S,05F0439S,41,541,2
2025/12/26 00:20,05F0309S,05F0439S,42,563,1
2025/12/26 00:20,05F0309S,05F0439S,5,531,5
2025/12/26 00:20,05F0439S,05F0494S,31,195,8
2025/12/26 00:20,05F0439S,05F0494S,32,216,3
2025/12/26 00:20,05F0439S,05F0494S,41,0,0
2025/12/26 00:20,05F0439S,05F0494S,42,0,0
2025/12/26 00:20,05F0439S,05F0494S,5,206,1
2025/12/26 00:25,05F0000S,05F0055S,31,226,21
2025/12/26 00:25,05F0000S,05F0055S,32,239,8
2025/12/26 00:25,05F0000S,05F0055S,41,230,1
2025/12/26 00:25,05F0000S,05F0055S,42,0,0
2025/12/26 00:25,05F0000S,05F0055S,5,0,0
2025/12/26 00:25,05F0055S,05F0287S,31,937,21
2025/12/26 00:25,05F0055S,05F0287S,32,969,6
2025/12/26 00:25,05F0055S,05F0287S,41,967,2
2025/12/26 00:25,05F0055S,05F0287S,42,0,0
2025/12/26 00:25,05F0055S,05F0287S,5,0,0
2025/12/26 00:25,05F0287S,05F0309S,31,83,22
2025/12/26 00:25,05F0287S,05F0309S,32,87,7
2025/12/26 00:25,05F0287S,05F0309S,41,97,1
2025/12/26 00:25,05F0287S,05F0309S,42,0,0
2025/12/26 00:25,05F0287S,05F0309S,5,0,0
2025/12/26 00:25,05F0309S,05F0439S,31,481,15
2025/12/26 00:25,05F0309S,05F0439S,32,486,5
2025/12/26 00:25,05F0309S,05F0439S,41,513,1
2025/12/26 00:25,05F0309S,05F0439S,42,465,1
2025/12/26 00:25,05F0309S,05F0439S,5,518,4
2025/12/26 00:25,05F0439S,05F0494S,31,201,5
2025/12/26 00:25,05F0439S,05F0494S,32,221,2
2025/12/26 00:25,05F0439S,05F0494S,41,0,0
2025/12/26 00:25,05F0439S,05F0494S,42,182,1
2025/12/26 00:25,05F0439S,05F0494S,5,212,5
2025/12/26 00:30,05F0000S,05F0055S,31,230,15
2025/12/26 00:30,05F0000S,05F0055S,32,229,7
2025/12/26 00:30,05F0000S,05F0055S,41,0,0
2025/12/26 00:30,05F0000S,05F0055S,42,0,0
2025/12/26 00:30,05F0000S,05F0055S,5,0,0
2025/12/26 00:30,05F0055S,05F0287S,31,935,20
2025/12/26 00:30,05F0055S,05F0287S,32,910,5
2025/12/26 00:30,05F0055S,05F0287S,41,0,0
2025/12/26 00:30,05F0055S,05F0287S,42,0,0
2025/12/26 00:30,05F0055S,05F0287S,5,0,0
2025/12/26 00:30,05F0287S,05F0309S,31,87,16
2025/12/26 00:30,05F0287S,05F0309S,32,92,5
2025/12/26 00:30,05F0287S,05F0309S,41,96,1
2025/12/26 00:30,05F0287S,05F0309S,42,0,0
2025/12/26 00:30,05F0287S,05F0309S,5,0,0
2025/12/26 00:30,05F0309S,05F0439S,31,459,15
2025/12/26 00:30,05F0309S,05F0439S,32,492,1
2025/12/26 00:30,05F0309S,05F0439S,41,0,0
2025/12/26 00:30,05F0309S,05F0439S,42,0,0
2025/12/26 00:30,05F0309S,05F0439S,5,0,0
2025/12/26 00:30,05F0439S,05F0494S,31,225,3
2025/12/26 00:30,05F0439S,05F0494S,32,211,2
2025/12/26 00:30,05F0439S,05F0494S,41,0,0
2025/12/26 00:30,05F0439S,05F0494S,42,0,0
2025/12/26 00:30,05F0439S,05F0494S,5,218,4
2025/12/26 00:35,05F0000S,05F0055S,31,223,29
2025/12/26 00:35,05F0000S,05F0055S,32,222,6
2025/12/26 00:35,05F0000S,05F0055S,41,0,0
2025/12/26 00:35,05F0000S,05F0055S,42,0,0
2025/12/26 00:35,05F0000S,05F0055S,5,0,0
2025/12/26 00:35,05F0055S,05F0287S,31,925,19
2025/12/26 00:35,05F0055S,05F0287S,32,916,3
2025/12/26 00:35,05F0055S,05F0287S,41,0,0
2025/12/26 00:35,05F0055S,05F0287S,42,0,0
2025/12/26 00:35,05F0055S,05F0287S,5,0,0
2025/12/26 00:35,05F0287S,05F0309S,31,80,17
2025/12/26 00:35,05F0287S,05F0309S,32,85,2
2025/12/26 00:35,05F0287S,05F0309S,41,0,0
2025/12/26 00:35,05F0287S,05F0309S,42,0,0
2025/12/26 00:35,05F0287S,05F0309S,5,0,0
2025/12/26 00:35,05F0309S,05F0439S,31,492,16
2025/12/26 00:35,05F0309S,05F0439S,32,495,5
2025/12/26 00:35,05F0309S,05F0439S,41,542,1
2025/12/26 00:35,05F0309S,05F0439S,42,495,2
2025/12/26 00:35,05F0309S,05F0439S,5,484,1
2025/12/26 00:35,05F0439S,05F0494S,31,194,5
2025/12/26 00:35,05F0439S,05F0494S,32,220,1
2025/12/26 00:35,05F0439S,05F0494S,41,0,0
2025/12/26 00:35,05F0439S,05F0494S,42,0,0
2025/12/26 00:35,05F0439S,05F0494S,5,210,1
2025/12/26 00:40,05F0000S,05F0055S,31,229,16
2025/12/26 00:40,05F0000S,05F0055S,32,241,3
2025/12/26 00:40,05F0000S,05F0055S,41,0,0
2025/12/26 00:40,05F0000S,05F0055S,42,0,0
2025/12/26 00:40,05F0000S,05F0055S,5,0,0
2025/12/26 00:40,05F0055S,05F0287S,31,913,21
2025/12/26 00:40,05F0055S,05F0287S,32,913,8
2025/12/26 00:40,05F0055S,05F0287S,41,940,1
2025/12/26 00:40,05F0055S,05F0287S,42,0,0
2025/12/26 00:40,05F0055S,05F0287S,5,0,0
2025/12/26 00:40,05F0287S,05F0309S,31,84,15
2025/12/26 00:40,05F0287S,05F0309S,32,82,5
2025/12/26 00:40,05F0287S,05F0309S,41,0,0
2025/12/26 00:40,05F0287S,05F0309S,42,0,0
2025/12/26 00:40,05F0287S,05F0309S,5,0,0
2025/12/26 00:40,05F0309S,05F0439S,31,470,11
2025/12/26 00:40,05F0309S,05F0439S,32,510,3
2025/12/26 00:40,05F0309S,05F0439S,41,0,0
2025/12/26 00:40,05F0309S,05F0439S,42,569,1
2025/12/26 00:40,05F0309S,05F0439S,5,0,0
2025/12/26 00:40,05F0439S,05F0494S,31,212,7
2025/12/26 00:40,05F0439S,05F0494S,32,218,3
2025/12/26 00:40,05F0439S,05F0494S,41,0,0
2025/12/26 00:40,05F0439S,05F0494S,42,0,0
2025/12/26 00:40,05F0439S,05F0494S,5,0,0
2025/12/26 00:45,05F0000S,05F0055S,31,225,20
2025/12/26 00:45,05F0000S,05F0055S,32,214,4
2025/12/26 00:45,05F0000S,05F0055S,41,231,2
2025/12/26 00:45,05F0000S,05F0055S,42,0,0
2025/12/26 00:45,05F0000S,05F0055S,5,0,0
2025/12/26 00:45,05F0055S,05F0287S,31,952,21
2025/12/26 00:45,05F0055S,05F0287S,32,929,10
2025/12/26 00:45,05F0055S,05F0287S,41,0,0
2025/12/26 00:45,05F0055S,05F0287S,42,0,0
2025/12/26 00:45,05F0055S,05F0287S,5,0,0
2025/12/26 00:45,05F0287S,05F0309S,31,87,14
2025/12/26 00:45,05F0287S,05F0309S,32,87,5
2025/12/26 00:45,05F0287S,05F0309S,41,0,0
2025/12/26 00:45,05F0287S,05F0309S,42,0,0
2025/12/26 00:45,05F0287S,05F0309S,5,0,0
2025/12/26 00:45,05F0309S,05F0439S,31,482,12
2025/12/26 00:45,05F0309S,05F0439S,32,451,2
2025/12/26 00:45,05F0309S,05F0439S,41,0,0
2025/12/26 00:45,05F0309S,05F0439S,42,513,2
2025/12/26 00:45,05F0309S,05F0439S,5,0,0
2025/12/26 00:45,05F0439S,05F0494S,31,204,6
2025/12/26 00:45,05F0439S,05F0494S,32,210,1
2025/12/26 00:45,05F0439S,05F0494S,41,0,0
2025/12/26 00:45,05F0439S,05F0494S,42,0,0
2025/12/26 00:45,05F0439S,05F0494S,5,0,0
2025/12/26 00:50,05F0000S,05F0055S,31,233,18
2025/12/26 00:50,05F0000S,05F0055S,32,238,4
2025/12/26 00:50,05F0000S,05F0055S,41,235,1
2025/12/26 00:50,05F0000S,05F0055S,42,0,0
2025/12/26 00:50,05F0000S,05F0055S,5,0,0
2025/12/26 00:50,05F0055S,05F0287S,31,908,27
2025/12/26 00:50,05F0055S,05F0287S,32,915,7
2025/12/26 00:50,05F0055S,05F0287S,41,0,0
2025/12/26 00:50,05F0055S,05F0287S,42,0,0
2025/12/26 00:50,05F0055S,05F0287S,5,0,0
2025/12/26 00:50,05F0287S,05F0309S,31,84,15
2025/12/26 00:50,05F0287S,05F0309S,32,87,7
2025/12/26 00:50,05F0287S,05F0309S,41,0,0
2025/12/26 00:50,05F0287S,05F0309S,42,0,0
2025/12/26 00:50,05F0287S,05F0309S,5,0,0
2025/12/26 00:50,05F0309S,05F0439S,31,499,10
2025/12/26 00:50,05F0309S,05F0439S,32,464,1
2025/12/26 00:50,05F0309S,05F0439S,41,0,0
2025/12/26 00:50,05F0309S,05F0439S,42,0,0
2025/12/26 00:50,05F0309S,05F0439S,5,567,1
2025/12/26 00:50,05F0439S,05F0494S,31,207,5
2025/12/26 00:50,05F0439S,05F0494S,32,236,1
2025/12/26 00:50,05F0439S,05F0494S,41,0,0
2025/12/26 00:50,05F0439S,05F0494S,42,0,0
2025/12/26 00:50,05F0439S,05F0494S,5,0,0
2025/12/26 00:55,05F0000S,05F0055S,31,234,10
2025/12/26 00:55,05F0000S,05F0055S,32,220,9
2025/12/26 00:55,05F0000S,05F0055S,41,0,0
2025/12/26 00:55,05F0000S,05F0055S,42,0,0
2025/12/26 00:55,05F0000S,05F0055S,5,0,0
2025/12/26 00:55,05F0055S,05F0287S,31,922,19
2025/12/26 00:55,05F0055S,05F0287S,32,992,4
2025/12/26 00:55,05F0055S,05F0287S,41,0,0
2025/12/26 00:55,05F0055S,05F0287S,42,0,0
2025/12/26 00:55,05F0055S,05F0287S,5,0,0
2025/12/26 00:55,05F0287S,05F0309S,31,81,10
2025/12/26 00:55,05F0287S,05F0309S,32,95,4
2025/12/26 00:55,05F0287S,05F0309S,41,0,0
2025/12/26 00:55,05F0287S,05F0309S,42,0,0
2025/12/26 00:55,05F0287S,05F0309S,5,0,0
2025/12/26 00:55,05F0309S,05F0439S,31,494,7
2025/12/26 00:55,05F0309S,05F0439S,32,473,4
2025/12/26 00:55,05F0309S,05F0439S,41,0,0
2025/12/26 00:55,05F0309S,05F0439S,42,0,0
2025/12/26 00:55,05F0309S,05F0439S,5,569,1
2025/12/26 00:55,05F0439S,05F0494S,31,212,5
2025/12/26 00:55,05F0439S,05F0494S,32,210,2
2025/12/26 00:55,05F0439S,05F0494S,41,0,0
2025/12/26 00:55,05F0439S,05F0494S,42,0,0
2025/12/26 00:55,05F0439S,05F0494S,5,248,1
2025/12/26 01:00,05F0000S,05F0055S,31,211,11
2025/12/26 01:00,05F0000S,05F0055S,32,232,6
2025/12/26 01:00,05F0000S,05F0055S,41,0,0
2025/12/26 01:00,05F0000S,05F0055S,42,0,0
2025/12/26 01:00,05F0000S,05F0055S,5,0,0
2025/12/26 01:00,05F0055S,05F0287S,31,924,15
2025/12/26 01:00,05F0055S,05F0287S,32,894,4
2025/12/26 01:00,05F0055S,05F0287S,41,976,2
2025/12/26 01:00,05F0055S,05F0287S,42,0,0
2025/12/26 01:00,05F0055S,05F0287S,5,0,0
2025/12/26 01:00,05F0287S,05F0309S,31,84,12
2025/12/26 01:00,05F0287S,05F0309S,32,83,3
2025/12/26 01:00,05F0287S,05F0309S,41,0,0
2025/12/26 01:00,05F0287S,05F0309S,42,0,0
2025/12/26 01:00,05F0287S,05F0309S,5,0,0
2025/12/26 01:00,05F0309S,05F0439S,31,476,6
2025/12/26 01:00,05F0309S,05F0439S,32,490,3
2025/12/26 01:00,05F0309S,05F0439S,41,0,0
2025/12/26 01:00,05F0309S,05F0439S,42,0,0
2025/12/26 01:00,05F0309S,05F0439S,5,0,0
2025/12/26 01:00,05F0439S,05F0494S,31,200,2
2025/12/26 01:00,05F0439S,05F0494S,32,218,1
2025/12/26 01:00,05F0439S,05F0494S,41,0,0
2025/12/26 01:00,05F0439S,05F0494S,42,0,0
2025/12/26 01:00,05F0439S,05F0494S,5,0,0
2025/12/26 01:05,05F0000S,05F0055S,31,230,20
2025/12/26 01:05,05F0000S,05F0055S,32,232,3
2025/12/26 01:05,05F0000S,05F0055S,41,0,0
2025/12/26 01:05,05F0000S,05F0055S,42,0,0
2025/12/26 01:05,05F0000S,05F0055S,5,0,0
2025/12/26 01:05,05F0055S,05F0287S,31,943,19
2025/12/26 01:05,05F0055S,05F0287S,32,945,4
2025/12/26 01:05,05F0055S,05F0287S,41,0,0
2025/12/26 01:05,05F0055S,05F0287S,42,0,0
2025/12/26 01:05,05F0055S,05F0287S,5,0,0
2025/12/26 01:05,05F0287S,05F0309S,31,87,8
2025/12/26 01:05,05F0287S,05F0309S,32,100,3
2025/12/26 01:05,05F0287S,05F0309S,41,92,1
2025/12/26 01:05,05F0287S,05F0309S,42,0,0
2025/12/26 01:05,05F0287S,05F0309S,5,0,0
2025/12/26 01:05,05F0309S,05F0439S,31,476,9
2025/12/26 01:05,05F0309S,05F0439S,32,531,3
2025/12/26 01:05,05F0309S,05F0439S,41,0,0
2025/12/26 01:05,05F0309S,05F0439S,42,0,0
2025/12/26 01:05,05F0309S,05F0439S,5,488,3
2025/12/26 01:05,05F0439S,05F0494S,31,202,4
2025/12/26 01:05,05F0439S,05F0494S,32,214,2
2025/12/26 01:05,05F0439S,05F0494S,41,0,0
2025/12/26 01:05,05F0439S,05F0494S,42,0,0
2025/12/26 01:05,05F0439S,05F0494S,5,208,1
2025/12/26 01:10,05F0000S,05F0055S,31,226,15
2025/12/26 01:10,05F0000S,05F0055S,32,234,7
2025/12/26 01:10,05F0000S,05F0055S,41,0,0
2025/12/26 01:10,05F0000S,05F0055S,42,0,0
2025/12/26 01:10,05F0000S,05F0055S,5,0,0
2025/12/26 01:10,05F0055S,05F0287S,31,950,14
2025/12/26 01:10,05F0055S,05F0287S,32,922,9
2025/12/26 01:10,05F0055S,05F0287S,41,979,1
2025/12/26 01:10,05F0055S,05F0287S,42,0,0
2025/12/26 01:10,05F0055S,05F0287S,5,0,0
2025/12/26 01:10,05F0287S,05F0309S,31,87,9
2025/12/26 01:10,05F0287S,05F0309S,32,86,7
2025/12/26 01:10,05F0287S,05F0309S,41,0,0
2025/12/26 01:10,05F0287S,05F0309S,42,0,0
2025/12/26 01:10,05F0287S,05F0309S,5,0,0
2025/12/26 01:10,05F0309S,05F0439S,31,484,6
2025/12/26 01:10,05F0309S,05F0439S,32,478,2
2025/12/26 01:10,05F0309S,05F0439S,41,533,1
2025/12/26 01:10,05F0309S,05F0439S,42,0,0
2025/12/26 01:10,05F0309S,05F0439S,5,539,1
2025/12/26 01:10,05F0439S,05F0494S,31,219,2
2025/12/26 01:10,05F0439S,05F0494S,32,216,2
2025/12/26 01:10,05F0439S,05F0494S,41,0,0
2025/12/26 01:10,05F0439S,05F0494S,42,0,0
2025/12/26 01:10,05F0439S,05F0494S,5,0,0
2025/12/26 01:15,05F0000S,05F0055S,31,231,13
2025/12/26 01:15,05F0000S,05F0055S,32,256,1
2025/12/26 01:15,05F0000S,05F0055S,41,0,0
2025/12/26 01:15,05F0000S,05F0055S,42,0,0
2025/12/26 01:15,05F0000S,05F0055S,5,0,0
2025/12/26 01:15,05F0055S,05F0287S,31,892,10
2025/12/26 01:15,05F0055S,05F0287S,32,890,4
2025/12/26 01:15,05F0055S,05F0287S,41,0,0
2025/12/26 01:15,05F0055S,05F0287S,42,0,0
2025/12/26 01:15,05F0055S,05F0287S,5,0,0
2025/12/26 01:15,05F0287S,05F0309S,31,83,12
2025/12/26 01:15,05F0287S,05F0309S,32,86,5
2025/12/26 01:15,05F0287S,05F0309S,41,0,0
2025/12/26 01:15,05F0287S,05F0309S,42,0,0
2025/12/26 01:15,05F0287S,05F0309S,5,0,0
2025/12/26 01:15,05F0309S,05F0439S,31,482,8
2025/12/26 01:15,05F0309S,05F0439S,32,460,3
2025/12/26 01:15,05F0309S,05F0439S,41,0,0
2025/12/26 01:15,05F0309S,05F0439S,42,0,0
2025/12/26 01:15,05F0309S,05F0439S,5,544,3
2025/12/26 01:15,05F0439S,05F0494S,31,201,3
2025/12/26 01:15,05F0439S,05F0494S,32,185,1
2025/12/26 01:15,05F0439S,05F0494S,41,0,0
2025/12/26 01:15,05F0439S,05F0494S,42,0,0
2025/12/26 01:15,05F0439S,05F0494S,5,226,1
2025/12/26 01:20,05F0000S,05F0055S,31,232,11
2025/12/26 01:20,05F0000S,05F0055S,32,225,4
2025/12/26 01:20,05F0000S,05F0055S,41,0,0
2025/12/26 01:20,05F0000S,05F0055S,42,0,0
2025/12/26 01:20,05F0000S,05F0055S,5,0,0
2025/12/26 01:20,05F0055S,05F0287S,31,924,21
2025/12/26 01:20,05F0055S,05F0287S,32,942,5
2025/12/26 01:20,05F0055S,05F0287S,41,0,0
2025/12/26 01:20,05F0055S,05F0287S,42,0,0
2025/12/26 01:20,05F0055S,05F0287S,5,0,0
2025/12/26 01:20,05F0287S,05F0309S,31,81,10
2025/12/26 01:20,05F0287S,05F0309S,32,85,2
2025/12/26 01:20,05F0287S,05F0309S,41,0,0
2025/12/26 01:20,05F0287S,05F0309S,42,0,0
2025/12/26 01:20,05F0287S,05F0309S,5,0,0
2025/12/26 01:20,05F0309S,05F0439S,31,488,6
2025/12/26 01:20,05F0309S,05F0439S,32,463,3
2025/12/26 01:20,05F0309S,05F0439S,41,0,0
2025/12/26 01:20,05F0309S,05F0439S,42,0,0
2025/12/26 01:20,05F0309S,05F0439S,5,533,1
2025/12/26 01:20,05F0439S,05F0494S,31,205,3
2025/12/26 01:20,05F0439S,05F0494S,32,217,1
2025/12/26 01:20,05F0439S,05F0494S,41,0,0
2025/12/26 01:20,05F0439S,05F0494S,42,0,0
2025/12/26 01:20,05F0439S,05F0494S,5,234,2
2025/12/26 01:25,05F0000S,05F0055S,31,228,13
2025/12/26 01:25,05F0000S,05F0055S,32,229,4
2025/12/26 01:25,05F0000S,05F0055S,41,0,0
2025/12/26 01:25,05F0000S,05F0055S,42,0,0
2025/12/26 01:25,05F0000S,05F0055S,5,0,0
2025/12/26 01:25,05F0055S,05F0287S,31,913,14
2025/12/26 01:25,05F0055S,05F0287S,32,976,7
2025/12/26 01:25,05F0055S,05F0287S,41,0,0
2025/12/26 01:25,05F0055S,05F0287S,42,0,0
2025/12/26 01:25,05F0055S,05F0287S,5,0,0
2025/12/26 01:25,05F0287S,05F0309S,31,84,14
2025/12/26 01:25,05F0287S,05F0309S,32,91,3
2025/12/26 01:25,05F0287S,05F0309S,41,0,0
2025/12/26 01:25,05F0287S,05F0309S,42,0,0
2025/12/26 01:25,05F0287S,05F0309S,5,0,0
2025/12/26 01:25,05F0309S,05F0439S,31,472,5
2025/12/26 01:25,05F0309S,05F0439S,32,406,3
2025/12/26 01:25,05F0309S,05F0439S,41,0,0
2025/12/26 01:25,05F0309S,05F0439S,42,0,0
2025/12/26 01:25,05F0309S,05F0439S,5,485,3
2025/12/26 01:25,05F0439S,05F0494S,31,213,2
2025/12/26 01:25,05F0439S,05F0494S,32,212,2
2025/12/26 01:25,05F0439S,05F0494S,41,0,0
2025/12/26 01:25,05F0439S,05F0494S,42,0,0
2025/12/26 01:25,05F0439S,05F0494S,5,208,3
2025/12/26 01:30,05F0000S,05F0055S,31,240,13
2025/12/26 01:30,05F0000S,05F0055S,32,227,1
2025/12/26 01:30,05F0000S,05F0055S,41,0,0
2025/12/26 01:30,05F0000S,05F0055S,42,0,0
2025/12/26 01:30,05F0000S,05F0055S,5,0,0
2025/12/26 01:30,05F0055S,05F0287S,31,913,14
2025/12/26 01:30,05F0055S,05F0287S,32,976,1
2025/12/26 01:30,05F0055S,05F0287S,41,0,0
2025/12/26 01:30,05F0055S,05F0287S,42,0,0
2025/12/26 01:30,05F0055S,05F0287S,5,0,0
2025/12/26 01:30,05F0287S,05F0309S,31,85,14
2025/12/26 01:30,05F0287S,05F0309S,32,90,3
2025/12/26 01:30,05F0287S,05F0309S,41,0,0
2025/12/26 01:30,05F0287S,05F0309S,42,0,0
2025/12/26 01:30,05F0287S,05F0309S,5,0,0
2025/12/26 01:30,05F0309S,05F0439S,31,479,9
2025/12/26 01:30,05F0309S,05F0439S,32,592,1
2025/12/26 01:30,05F0309S,05F0439S,41,0,0
2025/12/26 01:30,05F0309S,05F0439S,42,0,0
2025/12/26 01:30,05F0309S,05F0439S,5,494,1
2025/12/26 01:30,05F0439S,05F0494S,31,205,2
2025/12/26 01:30,05F0439S,05F0494S,32,0,0
2025/12/26 01:30,05F0439S,05F0494S,41,0,0
2025/12/26 01:30,05F0439S,05F0494S,42,0,0
2025/12/26 01:30,05F0439S,05F0494S,5,227,2
2025/12/26 01:35,05F0000S,05F0055S,31,229,13
2025/12/26 01:35,05F0000S,05F0055S,32,232,7
2025/12/26 01:35,05F0000S,05F0055S,41,0,0
2025/12/26 01:35,05F0000S,05F0055S,42,0,0
2025/12/26 01:35,05F0000S,05F0055S,5,0,0
2025/12/26 01:35,05F0055S,05F0287S,31,923,10
2025/12/26 01:35,05F0055S,05F0287S,32,924,4
2025/12/26 01:35,05F0055S,05F0287S,41,0,0
2025/12/26 01:35,05F0055S,05F0287S,42,0,0
2025/12/26 01:35,05F0055S,05F0287S,5,0,0
2025/12/26 01:35,05F0287S,05F0309S,31,83,11
2025/12/26 01:35,05F0287S,05F0309S,32,85,2
2025/12/26 01:35,05F0287S,05F0309S,41,0,0
2025/12/26 01:35,05F0287S,05F0309S,42,0,0
2025/12/26 01:35,05F0287S,05F0309S,5,0,0
2025/12/26 01:35,05F0309S,05F0439S,31,467,7
2025/12/26 01:35,05F0309S,05F0439S,32,509,5
2025/12/26 01:35,05F0309S,05F0439S,41,0,0
2025/12/26 01:35,05F0309S,05F0439S,42,0,0
2025/12/26 01:35,05F0309S,05F0439S,5,0,0
2025/12/26 01:35,05F0439S,05F0494S,31,206,5
2025/12/26 01:35,05F0439S,05F0494S,32,0,0
2025/12/26 01:35,05F0439S,05F0494S,41,0,0
2025/12/26 01:35,05F0439S,05F0494S,42,0,0
2025/12/26 01:35,05F0439S,05F0494S,5,0,0
2025/12/26 01:40,05F0000S,05F0055S,31,236,10
2025/12/26 01:40,05F0000S,05F0055S,32,249,3
2025/12/26 01:40,05F0000S,05F0055S,41,0,0
2025/12/26 01:40,05F0000S,05F0055S,42,0,0
2025/12/26 01:40,05F0000S,05F0055S,5,0,0
2025/12/26 01:40,05F0055S,05F0287S,31,916,14
2025/12/26 01:40,05F0055S,05F0287S,32,942,4
2025/12/26 01:40,05F0055S,05F0287S,41,0,0
2025/12/26 01:40,05F0055S,05F0287S,42,0,0
2025/12/26 01:40,05F0055S,05F0287S,5,0,0
2025/12/26 01:40,05F0287S,05F0309S,31,85,7
2025/12/26 01:40,05F0287S,05F0309S,32,99,1
2025/12/26 01:40,05F0287S,05F0309S,41,0,0
2025/12/26 01:40,05F0287S,05F0309S,42,0,0
2025/12/26 01:40,05F0287S,05F0309S,5,0,0
2025/12/26 01:40,05F0309S,05F0439S,31,423,8
2025/12/26 01:40,05F0309S,05F0439S,32,0,0
2025/12/26 01:40,05F0309S,05F0439S,41,0,0
2025/12/26 01:40,05F0309S,05F0439S,42,511,2
2025/12/26 01:40,05F0309S,05F0439S,5,0,0
2025/12/26 01:40,05F0439S,05F0494S,31,208,3
2025/12/26 01:40,05F0439S,05F0494S,32,222,4
2025/12/26 01:40,05F0439S,05F0494S,41,0,0
2025/12/26 01:40,05F0439S,05F0494S,42,203,1
2025/12/26 01:40,05F0439S,05F0494S,5,0,0
2025/12/26 01:45,05F0000S,05F0055S,31,232,6
2025/12/26 01:45,05F0000S,05F0055S,32,241,3
2025/12/26 01:45,05F0000S,05F0055S,41,0,0
2025/12/26 01:45,05F0000S,05F0055S,42,0,0
2025/12/26 01:45,05F0000S,05F0055S,5,0,0
2025/12/26 01:45,05F0055S,05F0287S,31,937,12
2025/12/26 01:45,05F0055S,05F0287S,32,894,1
2025/12/26 01:45,05F0055S,05F0287S,41,0,0
2025/12/26 01:45,05F0055S,05F0287S,42,0,0
2025/12/26 01:45,05F0055S,05F0287S,5,0,0
2025/12/26 01:45,05F0287S,05F0309S,31,85,10
2025/12/26 01:45,05F0287S,05F0309S,32,85,3
2025/12/26 01:45,05F0287S,05F0309S,41,0,0
2025/12/26 01:45,05F0287S,05F0309S,42,0,0
2025/12/26 01:45,05F0287S,05F0309S,5,0,0
2025/12/26 01:45,05F0309S,05F0439S,31,459,5
2025/12/26 01:45,05F0309S,05F0439S,32,0,0
2025/12/26 01:45,05F0309S,05F0439S,41,0,0
2025/12/26 01:45,05F0309S,05F0439S,42,465,1
2025/12/26 01:45,05F0309S,05F0439S,5,0,0
2025/12/26 01:45,05F0439S,05F0494S,31,177,1
2025/12/26 01:45,05F0439S,05F0494S,32,195,1
2025/12/26 01:45,05F0439S,05F0494S,41,0,0
2025/12/26 01:45,05F0439S,05F0494S,42,230,1
2025/12/26 01:45,05F0439S,05F0494S,5,0,0
2025/12/26 01:50,05F0000S,05F0055S,31,238,11
2025/12/26 01:50,05F0000S,05F0055S,32,231,8
2025/12/26 01:50,05F0000S,05F0055S,41,0,0
2025/12/26 01:50,05F0000S,05F0055S,42,0,0
2025/12/26 01:50,05F0000S,05F0055S,5,0,0
2025/12/26 01:50,05F0055S,05F0287S,31,922,16
2025/12/26 01:50,05F0055S,05F0287S,32,927,7
2025/12/26 01:50,05F0055S,05F0287S,41,0,0
2025/12/26 01:50,05F0055S,05F0287S,42,0,0
2025/12/26 01:50,05F0055S,05F0287S,5,0,0
2025/12/26 01:50,05F0287S,05F0309S,31,85,6
2025/12/26 01:50,05F0287S,05F0309S,32,87,4
2025/12/26 01:50,05F0287S,05F0309S,41,0,0
2025/12/26 01:50,05F0287S,05F0309S,42,0,0
2025/12/26 01:50,05F0287S,05F0309S,5,0,0
2025/12/26 01:50,05F0309S,05F0439S,31,477,3
2025/12/26 01:50,05F0309S,05F0439S,32,461,3
2025/12/26 01:50,05F0309S,05F0439S,41,0,0
2025/12/26 01:50,05F0309S,05F0439S,42,0,0
2025/12/26 01:50,05F0309S,05F0439S,5,486,1
2025/12/26 01:50,05F0439S,05F0494S,31,210,3
2025/12/26 01:50,05F0439S,05F0494S,32,0,0
2025/12/26 01:50,05F0439S,05F0494S,41,0,0
2025/12/26 01:50,05F0439S,05F0494S,42,0,0
2025/12/26 01:50,05F0439S,05F0494S,5,0,0
2025/12/26 01:55,05F0000S,05F0055S,31,236,8
2025/12/26 01:55,05F0000S,05F0055S,32,229,4
2025/12/26 01:55,05F0000S,05F0055S,41,0,0
2025/12/26 01:55,05F0000S,05F0055S,42,0,0
2025/12/26 01:55,05F0000S,05F0055S,5,0,0
2025/12/26 01:55,05F0055S,05F0287S,31,942,11
2025/12/26 01:55,05F0055S,05F0287S,32,923,4
2025/12/26 01:55,05F0055S,05F0287S,41,0,0
2025/12/26 01:55,05F0055S,05F0287S,42,0,0
2025/12/26 01:55,05F0055S,05F0287S,5,0,0
2025/12/26 01:55,05F0287S,05F0309S,31,86,9
2025/12/26 01:55,05F0287S,05F0309S,32,91,6
2025/12/26 01:55,05F0287S,05F0309S,41,0,0
2025/12/26 01:55,05F0287S,05F0309S,42,0,0
2025/12/26 01:55,05F0287S,05F0309S,5,0,0
2025/12/26 01:55,05F0309S,05F0439S,31,451,3
2025/12/26 01:55,05F0309S,05F0439S,32,485,1
2025/12/26 01:55,05F0309S,05F0439S,41,0,0
2025/12/26 01:55,05F0309S,05F0439S,42,496,1
2025/12/26 01:55,05F0309S,05F0439S,5,534,3
2025/12/26 01:55,05F0439S,05F0494S,31,227,1
2025/12/26 01:55,05F0439S,05F0494S,32,202,2
2025/12/26 01:55,05F0439S,05F0494S,41,0,0
2025/12/26 01:55,05F0439S,05F0494S,42,0,0
2025/12/26 01:55,05F0439S,05F0494S,5,0,0
2025/12/26 02:00,05F0000S,05F0055S,31,223,12
2025/12/26 02:00,05F0000S,05F0055S,32,224,13
2025/12/26 02:00,05F0000S,05F0055S,41,0,0
2025/12/26 02:00,05F0000S,05F0055S,42,0,0
2025/12/26 02:00,05F0000S,05F0055S,5,0,0
2025/12/26 02:00,05F0055S,05F0287S,31,914,9
2025/12/26 02:00,05F0055S,05F0287S,32,933,2
2025/12/26 02:00,05F0055S,05F0287S,41,0,0
2025/12/26 02:00,05F0055S,05F0287S,42,0,0
2025/12/26 02:00,05F0055S,05F0287S,5,0,0
2025/12/26 02:00,05F0287S,05F0309S,31,68,3
2025/12/26 02:00,05F0287S,05F0309S,32,89,1
2025/12/26 02:00,05F0287S,05F0309S,41,0,0
2025/12/26 02:00,05F0287S,05F0309S,42,0,0
2025/12/26 02:00,05F0287S,05F0309S,5,0,0
2025/12/26 02:00,05F0309S,05F0439S,31,477,6
2025/12/26 02:00,05F0309S,05F0439S,32,491,2
2025/12/26 02:00,05F0309S,05F0439S,41,0,0
2025/12/26 02:00,05F0309S,05F0439S,42,0,0
2025/12/26 02:00,05F0309S,05F0439S,5,532,1
2025/12/26 02:00,05F0439S,05F0494S,31,204,4
2025/12/26 02:00,05F0439S,05F0494S,32,203,1
2025/12/26 02:00,05F0439S,05F0494S,41,0,0
2025/12/26 02:00,05F0439S,05F0494S,42,210,1
2025/12/26 02:00,05F0439S,05F0494S,5,232,2
2025/12/26 02:05,05F0000S,05F0055S,31,224,6
2025/12/26 02:05,05F0000S,05F0055S,32,224,10
2025/12/26 02:05,05F0000S,05F0055S,41,0,0
2025/12/26 02:05,05F0000S,05F0055S,42,0,0
2025/12/26 02:05,05F0000S,05F0055S,5,0,0
2025/12/26 02:05,05F0055S,05F0287S,31,957,9
2025/12/26 02:05,05F0055S,05F0287S,32,934,8
2025/12/26 02:05,05F0055S,05F0287S,41,0,0
2025/12/26 02:05,05F0055S,05F0287S,42,0,0
2025/12/26 02:05,05F0055S,05F0287S,5,0,0
2025/12/26 02:05,05F0287S,05F0309S,31,85,7
2025/12/26 02:05,05F0287S,05F0309S,32,90,6
2025/12/26 02:05,05F0287S,05F0309S,41,0,0
2025/12/26 02:05,05F0287S,05F0309S,42,0,0
2025/12/26 02:05,05F0287S,05F0309S,5,0,0
2025/12/26 02:05,05F0309S,05F0439S,31,472,4
2025/12/26 02:05,05F0309S,05F0439S,32,518,2
2025/12/26 02:05,05F0309S,05F0439S,41,0,0
2025/12/26 02:05,05F0309S,05F0439S,42,480,1
2025/12/26 02:05,05F0309S,05F0439S,5,495,1
2025/12/26 02:05,05F0439S,05F0494S,31,216,3
2025/12/26 02:05,05F0439S,05F0494S,32,499,2
2025/12/26 02:05,05F0439S,05F0494S,41,0,0
2025/12/26 02:05,05F0439S,05F0494S,42,0,0
2025/12/26 02:05,05F0439S,05F0494S,5,219,1
2025/12/26 02:10,05F0000S,05F0055S,31,233,11
2025/12/26 02:10,05F0000S,05F0055S,32,251,3
2025/12/26 02:10,05F0000S,05F0055S,41,0,0
2025/12/26 02:10,05F0000S,05F0055S,42,0,0
2025/12/26 02:10,05F0000S,05F0055S,5,0,0
2025/12/26 02:10,05F0055S,05F0287S,31,964,8
2025/12/26 02:10,05F0055S,05F0287S,32,975,4
2025/12/26 02:10,05F0055S,05F0287S,41,0,0
2025/12/26 02:10,05F0055S,05F0287S,42,0,0
2025/12/26 02:10,05F0055S,05F0287S,5,0,0
2025/12/26 02:10,05F0287S,05F0309S,31,90,7
2025/12/26 02:10,05F0287S,05F0309S,32,87,3
2025/12/26 02:10,05F0287S,05F0309S,41,0,0
2025/12/26 02:10,05F0287S,05F0309S,42,0,0
2025/12/26 02:10,05F0287S,05F0309S,5,0,0
2025/12/26 02:10,05F0309S,05F0439S,31,496,4
2025/12/26 02:10,05F0309S,05F0439S,32,448,1
2025/12/26 02:10,05F0309S,05F0439S,41,0,0
2025/12/26 02:10,05F0309S,05F0439S,42,0,0
2025/12/26 02:10,05F0309S,05F0439S,5,0,0
2025/12/26 02:10,05F0439S,05F0494S,31,197,1
2025/12/26 02:10,05F0439S,05F0494S,32,0,0
2025/12/26 02:10,05F0439S,05F0494S,41,0,0
2025/12/26 02:10,05F0439S,05F0494S,42,0,0
2025/12/26 02:10,05F0439S,05F0494S,5,210,1
2025/12/26 02:15,05F0000S,05F0055S,31,215,1
2025/12/26 02:15,05F0000S,05F0055S,32,224,6
2025/12/26 02:15,05F0000S,05F0055S,41,0,0
2025/12/26 02:15,05F0000S,05F0055S,42,0,0
2025/12/26 02:15,05F0000S,05F0055S,5,0,0
2025/12/26 02:15,05F0055S,05F0287S,31,909,12
2025/12/26 02:15,05F0055S,05F0287S,32,941,12
2025/12/26 02:15,05F0055S,05F0287S,41,0,0
2025/12/26 02:15,05F0055S,05F0287S,42,0,0
2025/12/26 02:15,05F0055S,05F0287S,5,0,0
2025/12/26 02:15,05F0287S,05F0309S,31,82,7
2025/12/26 02:15,05F0287S,05F0309S,32,81,5
2025/12/26 02:15,05F0287S,05F0309S,41,0,0
2025/12/26 02:15,05F0287S,05F0309S,42,0,0
2025/12/26 02:15,05F0287S,05F0309S,5,0,0
2025/12/26 02:15,05F0309S,05F0439S,31,495,3
2025/12/26 02:15,05F0309S,05F0439S,32,479,3
2025/12/26 02:15,05F0309S,05F0439S,41,0,0
2025/12/26 02:15,05F0309S,05F0439S,42,648,1
2025/12/26 02:15,05F0309S,05F0439S,5,0,0
2025/12/26 02:15,05F0439S,05F0494S,31,0,0
2025/12/26 02:15,05F0439S,05F0494S,32,0,0
2025/12/26 02:15,05F0439S,05F0494S,41,0,0
2025/12/26 02:15,05F0439S,05F0494S,42,223,1
2025/12/26 02:15,05F0439S,05F0494S,5,0,0
2025/12/26 02:20,05F0000S,05F0055S,31,225,9
2025/12/26 02:20,05F0000S,05F0055S,32,232,7
2025/12/26 02:20,05F0000S,05F0055S,41,0,0
2025/12/26 02:20,05F0000S,05F0055S,42,0,0
2025/12/26 02:20,05F0000S,05F0055S,5,0,0
2025/12/26 02:20,05F0055S,05F0287S,31,912,9
2025/12/26 02:20,05F0055S,05F0287S,32,919,11
2025/12/26 02:20,05F0055S,05F0287S,41,0,0
2025/12/26 02:20,05F0055S,05F0287S,42,0,0
2025/12/26 02:20,05F0055S,05F0287S,5,0,0
2025/12/26 02:20,05F0287S,05F0309S,31,86,8
2025/12/26 02:20,05F0287S,05F0309S,32,84,12
2025/12/26 02:20,05F0287S,05F0309S,41,0,0
2025/12/26 02:20,05F0287S,05F0309S,42,0,0
2025/12/26 02:20,05F0287S,05F0309S,5,0,0
2025/12/26 02:20,05F0309S,05F0439S,31,450,7
2025/12/26 02:20,05F0309S,05F0439S,32,495,5
2025/12/26 02:20,05F0309S,05F0439S,41,0,0
2025/12/26 02:20,05F0309S,05F0439S,42,0,0
2025/12/26 02:20,05F0309S,05F0439S,5,485,1
2025/12/26 02:20,05F0439S,05F0494S,31,212,3
2025/12/26 02:20,05F0439S,05F0494S,32,205,2
2025/12/26 02:20,05F0439S,05F0494S,41,0,0
2025/12/26 02:20,05F0439S,05F0494S,42,264,1
2025/12/26 02:20,05F0439S,05F0494S,5,0,0
2025/12/26 02:25,05F0000S,05F0055S,31,226,9
2025/12/26 02:25,05F0000S,05F0055S,32,244,4
2025/12/26 02:25,05F0000S,05F0055S,41,0,0
2025/12/26 02:25,05F0000S,05F0055S,42,0,0
2025/12/26 02:25,05F0000S,05F0055S,5,0,0
2025/12/26 02:25,05F0055S,05F0287S,31,975,10
2025/12/26 02:25,05F0055S,05F0287S,32,940,2
2025/12/26 02:25,05F0055S,05F0287S,41,0,0
2025/12/26 02:25,05F0055S,05F0287S,42,0,0
2025/12/26 02:25,05F0055S,05F0287S,5,0,0
2025/12/26 02:25,05F0287S,05F0309S,31,95,4
2025/12/26 02:25,05F0287S,05F0309S,32,82,2
2025/12/26 02:25,05F0287S,05F0309S,41,0,0
2025/12/26 02:25,05F0287S,05F0309S,42,0,0
2025/12/26 02:25,05F0287S,05F0309S,5,0,0
2025/12/26 02:25,05F0309S,05F0439S,31,480,4
2025/12/26 02:25,05F0309S,05F0439S,32,468,7
2025/12/26 02:25,05F0309S,05F0439S,41,0,0
2025/12/26 02:25,05F0309S,05F0439S,42,0,0
2025/12/26 02:25,05F0309S,05F0439S,5,494,1
2025/12/26 02:25,05F0439S,05F0494S,31,216,3
2025/12/26 02:25,05F0439S,05F0494S,32,194,3
2025/12/26 02:25,05F0439S,05F0494S,41,0,0
2025/12/26 02:25,05F0439S,05F0494S,42,0,0
2025/12/26 02:25,05F0439S,05F0494S,5,208,2
2025/12/26 02:30,05F0000S,05F0055S,31,228,5
2025/12/26 02:30,05F0000S,05F0055S,32,234,4
2025/12/26 02:30,05F0000S,05F0055S,41,0,0
2025/12/26 02:30,05F0000S,05F0055S,42,0,0
2025/12/26 02:30,05F0000S,05F0055S,5,0,0
2025/12/26 02:30,05F0055S,05F0287S,31,927,2
2025/12/26 02:30,05F0055S,05F0287S,32,927,6
2025/12/26 02:30,05F0055S,05F0287S,41,0,0
2025/12/26 02:30,05F0055S,05F0287S,42,0,0
2025/12/26 02:30,05F0055S,05F0287S,5,0,0
2025/12/26 02:30,05F0287S,05F0309S,31,89,5
2025/12/26 02:30,05F0287S,05F0309S,32,85,5
2025/12/26 02:30,05F0287S,05F0309S,41,0,0
2025/12/26 02:30,05F0287S,05F0309S,42,0,0
2025/12/26 02:30,05F0287S,05F0309S,5,0,0
2025/12/26 02:30,05F0309S,05F0439S,31,490,2
2025/12/26 02:30,05F0309S,05F0439S,32,475,7
2025/12/26 02:30,05F0309S,05F0439S,41,0,0
2025/12/26 02:30,05F0309S,05F0439S,42,572,2
2025/12/26 02:30,05F0309S,05F0439S,5,628,1
2025/12/26 02:30,05F0439S,05F0494S,31,185,2
2025/12/26 02:30,05F0439S,05F0494S,32,210,7
2025/12/26 02:30,05F0439S,05F0494S,41,0,0
2025/12/26 02:30,05F0439S,05F0494S,42,0,0
2025/12/26 02:30,05F0439S,05F0494S,5,0,0
2025/12/26 02:35,05F0000S,05F0055S,31,236,9
2025/12/26 02:35,05F0000S,05F0055S,32,228,8
2025/12/26 02:35,05F0000S,05F0055S,41,0,0
2025/12/26 02:35,05F0000S,05F0055S,42,0,0
2025/12/26 02:35,05F0000S,05F0055S,5,0,0
2025/12/26 02:35,05F0055S,05F0287S,31,897,8
2025/12/26 02:35,05F0055S,05F0287S,32,933,9
2025/12/26 02:35,05F0055S,05F0287S,41,0,0
2025/12/26 02:35,05F0055S,05F0287S,42,0,0
2025/12/26 02:35,05F0055S,05F0287S,5,0,0
2025/12/26 02:35,05F0287S,05F0309S,31,82,4
2025/12/26 02:35,05F0287S,05F0309S,32,86,5
2025/12/26 02:35,05F0287S,05F0309S,41,0,0
2025/12/26 02:35,05F0287S,05F0309S,42,0,0
2025/12/26 02:35,05F0287S,05F0309S,5,0,0
2025/12/26 02:35,05F0309S,05F0439S,31,502,3
2025/12/26 02:35,05F0309S,05F0439S,32,441,2
2025/12/26 02:35,05F0309S,05F0439S,41,0,0
2025/12/26 02:35,05F0309S,05F0439S,42,0,0
2025/12/26 02:35,05F0309S,05F0439S,5,0,0
2025/12/26 02:35,05F0439S,05F0494S,31,205,2
2025/12/26 02:35,05F0439S,05F0494S,32,207,3
2025/12/26 02:35,05F0439S,05F0494S,41,0,0
2025/12/26 02:35,05F0439S,05F0494S,42,221,1
2025/12/26 02:35,05F0439S,05F0494S,5,268,1
2025/12/26 02:40,05F0000S,05F0055S,31,230,13
2025/12/26 02:40,05F0000S,05F0055S,32,221,6
2025/12/26 02:40,05F0000S,05F0055S,41,0,0
2025/12/26 02:40,05F0000S,05F0055S,42,0,0
2025/12/26 02:40,05F0000S,05F0055S,5,0,0
2025/12/26 02:40,05F0055S,05F0287S,31,933,11
2025/12/26 02:40,05F0055S,05F0287S,32,872,3
2025/12/26 02:40,05F0055S,05F0287S,41,0,0
2025/12/26 02:40,05F0055S,05F0287S,42,0,0
2025/12/26 02:40,05F0055S,05F0287S,5,0,0
2025/12/26 02:40,05F0287S,05F0309S,31,87,9
2025/12/26 02:40,05F0287S,05F0309S,32,76,3
2025/12/26 02:40,05F0287S,05F0309S,41,0,0
2025/12/26 02:40,05F0287S,05F0309S,42,0,0
2025/12/26 02:40,05F0287S,05F0309S,5,0,0
2025/12/26 02:40,05F0309S,05F0439S,31,499,1
2025/12/26 02:40,05F0309S,05F0439S,32,510,3
2025/12/26 02:40,05F0309S,05F0439S,41,0,0
2025/12/26 02:40,05F0309S,05F0439S,42,0,0
2025/12/26 02:40,05F0309S,05F0439S,5,493,1
2025/12/26 02:40,05F0439S,05F0494S,31,207,2
2025/12/26 02:40,05F0439S,05F0494S,32,193,1
2025/12/26 02:40,05F0439S,05F0494S,41,0,0
2025/12/26 02:40,05F0439S,05F0494S,42,0,0
2025/12/26 02:40,05F0439S,05F0494S,5,0,0
2025/12/26 02:45,05F0000S,05F0055S,31,210,6
2025/12/26 02:45,05F0000S,05F0055S,32,229,8
2025/12/26 02:45,05F0000S,05F0055S,41,0,0
2025/12/26 02:45,05F0000S,05F0055S,42,0,0
2025/12/26 02:45,05F0000S,05F0055S,5,0,0
2025/12/26 02:45,05F0055S,05F0287S,31,915,6
2025/12/26 02:45,05F0055S,05F0287S,32,947,5
2025/12/26 02:45,05F0055S,05F0287S,41,0,0
2025/12/26 02:45,05F0055S,05F0287S,42,0,0
2025/12/26 02:45,05F0055S,05F0287S,5,0,0
2025/12/26 02:45,05F0287S,05F0309S,31,85,8
2025/12/26 02:45,05F0287S,05F0309S,32,93,2
2025/12/26 02:45,05F0287S,05F0309S,41,0,0
2025/12/26 02:45,05F0287S,05F0309S,42,0,0
2025/12/26 02:45,05F0287S,05F0309S,5,0,0
2025/12/26 02:45,05F0309S,05F0439S,31,466,5
2025/12/26 02:45,05F0309S,05F0439S,32,483,5
2025/12/26 02:45,05F0309S,05F0439S,41,0,0
2025/12/26 02:45,05F0309S,05F0439S,42,498,1
2025/12/26 02:45,05F0309S,05F0439S,5,450,1
2025/12/26 02:45,05F0439S,05F0494S,31,203,2
2025/12/26 02:45,05F0439S,05F0494S,32,217,3
2025/12/26 02:45,05F0439S,05F0494S,41,0,0
2025/12/26 02:45,05F0439S,05F0494S,42,0,0
2025/12/26 02:45,05F0439S,05F0494S,5,0,0
2025/12/26 02:50,05F0000S,05F0055S,31,233,6
2025/12/26 02:50,05F0000S,05F0055S,32,217,4
2025/12/26 02:50,05F0000S,05F0055S,41,0,0
2025/12/26 02:50,05F0000S,05F0055S,42,0,0
2025/12/26 02:50,05F0000S,05F0055S,5,0,0
2025/12/26 02:50,05F0055S,05F0287S,31,915,9
2025/12/26 02:50,05F0055S,05F0287S,32,910,7
2025/12/26 02:50,05F0055S,05F0287S,41,0,0
2025/12/26 02:50,05F0055S,05F0287S,42,0,0
2025/12/26 02:50,05F0055S,05F0287S,5,0,0
2025/12/26 02:50,05F0287S,05F0309S,31,86,7
2025/12/26 02:50,05F0287S,05F0309S,32,91,5
2025/12/26 02:50,05F0287S,05F0309S,41,0,0
2025/12/26 02:50,05F0287S,05F0309S,42,0,0
2025/12/26 02:50,05F0287S,05F0309S,5,0,0
2025/12/26 02:50,05F0309S,05F0439S,31,484,8
2025/12/26 02:50,05F0309S,05F0439S,32,0,0
2025/12/26 02:50,05F0309S,05F0439S,41,0,0
2025/12/26 02:50,05F0309S,05F0439S,42,0,0
2025/12/26 02:50,05F0309S,05F0439S,5,0,0
2025/12/26 02:50,05F0439S,05F0494S,31,223,3
2025/12/26 02:50,05F0439S,05F0494S,32,198,2
2025/12/26 02:50,05F0439S,05F0494S,41,0,0
2025/12/26 02:50,05F0439S,05F0494S,42,218,1
2025/12/26 02:50,05F0439S,05F0494S,5,237,1
2025/12/26 02:55,05F0000S,05F0055S,31,223,8
2025/12/26 02:55,05F0000S,05F0055S,32,194,3
2025/12/26 02:55,05F0000S,05F0055S,41,0,0
2025/12/26 02:55,05F0000S,05F0055S,42,0,0
2025/12/26 02:55,05F0000S,05F0055S,5,0,0
2025/12/26 02:55,05F0055S,05F0287S,31,941,13
2025/12/26 02:55,05F0055S,05F0287S,32,959,6
2025/12/26 02:55,05F0055S,05F0287S,41,0,0
2025/12/26 02:55,05F0055S,05F0287S,42,0,0
2025/12/26 02:55,05F0055S,05F0287S,5,0,0
2025/12/26 02:55,05F0287S,05F0309S,31,87,8
2025/12/26 02:55,05F0287S,05F0309S,32,94,2
2025/12/26 02:55,05F0287S,05F0309S,41,0,0
2025/12/26 02:55,05F0287S,05F0309S,42,0,0
2025/12/26 02:55,05F0287S,05F0309S,5,0,0
2025/12/26 02:55,05F0309S,05F0439S,31,490,5
2025/12/26 02:55,05F0309S,05F0439S,32,528,2
2025/12/26 02:55,05F0309S,05F0439S,41,0,0
2025/12/26 02:55,05F0309S,05F0439S,42,574,1
2025/12/26 02:55,05F0309S,05F0439S,5,497,1
2025/12/26 02:55,05F0439S,05F0494S,31,209,3
2025/12/26 02:55,05F0439S,05F0494S,32,0,0
2025/12/26 02:55,05F0439S,05F0494S,41,0,0
2025/12/26 02:55,05F0439S,05F0494S,42,0,0
2025/12/26 02:55,05F0439S,05F0494S,5,206,1
2025/12/26 03:00,05F0000S,05F0055S,31,217,7
2025/12/26 03:00,05F0000S,05F0055S,32,199,3
2025/12/26 03:00,05F0000S,05F0055S,41,0,0
2025/12/26 03:00,05F0000S,05F0055S,42,0,0
2025/12/26 03:00,05F0000S,05F0055S,5,0,0
2025/12/26 03:00,05F0055S,05F0287S,31,891,4
2025/12/26 03:00,05F0055S,05F0287S,32,929,7
2025/12/26 03:00,05F0055S,05F0287S,41,0,0
2025/12/26 03:00,05F0055S,05F0287S,42,0,0
2025/12/26 03:00,05F0055S,05F0287S,5,0,0
2025/12/26 03:00,05F0287S,05F0309S,31,74,1
2025/12/26 03:00,05F0287S,05F0309S,32,90,7
2025/12/26 03:00,05F0287S,05F0309S,41,0,0
2025/12/26 03:00,05F0287S,05F0309S,42,0,0
2025/12/26 03:00,05F0287S,05F0309S,5,0,0
2025/12/26 03:00,05F0309S,05F0439S,31,495,2
2025/12/26 03:00,05F0309S,05F0439S,32,504,4
2025/12/26 03:00,05F0309S,05F0439S,41,0,0
2025/12/26 03:00,05F0309S,05F0439S,42,548,4
2025/12/26 03:00,05F0309S,05F0439S,5,484,3
2025/12/26 03:00,05F0439S,05F0494S,31,225,4
2025/12/26 03:00,05F0439S,05F0494S,32,209,3
2025/12/26 03:00,05F0439S,05F0494S,41,0,0
2025/12/26 03:00,05F0439S,05F0494S,42,212,2
2025/12/26 03:00,05F0439S,05F0494S,5,0,0
2025/12/26 03:05,05F0000S,05F0055S,31,246,6
2025/12/26 03:05,05F0000S,05F0055S,32,234,3
2025/12/26 03:05,05F0000S,05F0055S,41,0,0
2025/12/26 03:05,05F0000S,05F0055S,42,0,0
2025/12/26 03:05,05F0000S,05F0055S,5,0,0
2025/12/26 03:05,05F0055S,05F0287S,31,939,7
2025/12/26 03:05,05F0055S,05F0287S,32,878,6
2025/12/26 03:05,05F0055S,05F0287S,41,0,0
2025/12/26 03:05,05F0055S,05F0287S,42,0,0
2025/12/26 03:05,05F0055S,05F0287S,5,0,0
2025/12/26 03:05,05F0287S,05F0309S,31,81,6
2025/12/26 03:05,05F0287S,05F0309S,32,96,5
2025/12/26 03:05,05F0287S,05F0309S,41,0,0
2025/12/26 03:05,05F0287S,05F0309S,42,0,0
2025/12/26 03:05,05F0287S,05F0309S,5,0,0
2025/12/26 03:05,05F0309S,05F0439S,31,400,1
2025/12/26 03:05,05F0309S,05F0439S,32,508,3
2025/12/26 03:05,05F0309S,05F0439S,41,0,0
2025/12/26 03:05,05F0309S,05F0439S,42,0,0
2025/12/26 03:05,05F0309S,05F0439S,5,510,1
2025/12/26 03:05,05F0439S,05F0494S,31,199,2
2025/12/26 03:05,05F0439S,05F0494S,32,205,2
2025/12/26 03:05,05F0439S,05F0494S,41,0,0
2025/12/26 03:05,05F0439S,05F0494S,42,290,1
2025/12/26 03:05,05F0439S,05F0494S,5,224,1
2025/12/26 03:10,05F0000S,05F0055S,31,236,9
2025/12/26 03:10,05F0000S,05F0055S,32,228,6
2025/12/26 03:10,05F0000S,05F0055S,41,0,0
2025/12/26 03:10,05F0000S,05F0055S,42,0,0
2025/12/26 03:10,05F0000S,05F0055S,5,0,0
2025/12/26 03:10,05F0055S,05F0287S,31,897,7
2025/12/26 03:10,05F0055S,05F0287S,32,873,4
2025/12/26 03:10,05F0055S,05F0287S,41,0,0
2025/12/26 03:10,05F0055S,05F0287S,42,0,0
2025/12/26 03:10,05F0055S,05F0287S,5,0,0
2025/12/26 03:10,05F0287S,05F0309S,31,80,2
2025/12/26 03:10,05F0287S,05F0309S,32,72,3
2025/12/26 03:10,05F0287S,05F0309S,41,0,0
2025/12/26 03:10,05F0287S,05F0309S,42,0,0
2025/12/26 03:10,05F0287S,05F0309S,5,0,0
2025/12/26 03:10,05F0309S,05F0439S,31,428,1
2025/12/26 03:10,05F0309S,05F0439S,32,512,4
2025/12/26 03:10,05F0309S,05F0439S,41,0,0
2025/12/26 03:10,05F0309S,05F0439S,42,0,0
2025/12/26 03:10,05F0309S,05F0439S,5,527,2
2025/12/26 03:10,05F0439S,05F0494S,31,0,0
2025/12/26 03:10,05F0439S,05F0494S,32,231,2
2025/12/26 03:10,05F0439S,05F0494S,41,0,0
2025/12/26 03:10,05F0439S,05F0494S,42,0,0
2025/12/26 03:10,05F0439S,05F0494S,5,232,2
2025/12/26 03:15,05F0000S,05F0055S,31,214,6
2025/12/26 03:15,05F0000S,05F0055S,32,223,6
2025/12/26 03:15,05F0000S,05F0055S,41,0,0
2025/12/26 03:15,05F0000S,05F0055S,42,0,0
2025/12/26 03:15,05F0000S,05F0055S,5,0,0
2025/12/26 03:15,05F0055S,05F0287S,31,942,7
2025/12/26 03:15,05F0055S,05F0287S,32,915,2
2025/12/26 03:15,05F0055S,05F0287S,41,0,0
2025/12/26 03:15,05F0055S,05F0287S,42,0,0
2025/12/26 03:15,05F0055S,05F0287S,5,0,0
2025/12/26 03:15,05F0287S,05F0309S,31,82,7
2025/12/26 03:15,05F0287S,05F0309S,32,100,1
2025/12/26 03:15,05F0287S,05F0309S,41,0,0
2025/12/26 03:15,05F0287S,05F0309S,42,0,0
2025/12/26 03:15,05F0287S,05F0309S,5,0,0
2025/12/26 03:15,05F0309S,05F0439S,31,447,3
2025/12/26 03:15,05F0309S,05F0439S,32,468,2
2025/12/26 03:15,05F0309S,05F0439S,41,0,0
2025/12/26 03:15,05F0309S,05F0439S,42,576,1
2025/12/26 03:15,05F0309S,05F0439S,5,0,0
2025/12/26 03:15,05F0439S,05F0494S,31,188,2
2025/12/26 03:15,05F0439S,05F0494S,32,220,3
2025/12/26 03:15,05F0439S,05F0494S,41,0,0
2025/12/26 03:15,05F0439S,05F0494S,42,0,0
2025/12/26 03:15,05F0439S,05F0494S,5,214,1
2025/12/26 03:20,05F0000S,05F0055S,31,238,10
2025/12/26 03:20,05F0000S,05F0055S,32,223,7
2025/12/26 03:20,05F0000S,05F0055S,41,0,0
2025/12/26 03:20,05F0000S,05F0055S,42,0,0
2025/12/26 03:20,05F0000S,05F0055S,5,0,0
2025/12/26 03:20,05F0055S,05F0287S,31,916,6
2025/12/26 03:20,05F0055S,05F0287S,32,950,3
2025/12/26 03:20,05F0055S,05F0287S,41,0,0
2025/12/26 03:20,05F0055S,05F0287S,42,0,0
2025/12/26 03:20,05F0055S,05F0287S,5,0,0
2025/12/26 03:20,05F0287S,05F0309S,31,83,1
2025/12/26 03:20,05F0287S,05F0309S,32,94,2
2025/12/26 03:20,05F0287S,05F0309S,41,0,0
2025/12/26 03:20,05F0287S,05F0309S,42,0,0
2025/12/26 03:20,05F0287S,05F0309S,5,0,0
2025/12/26 03:20,05F0309S,05F0439S,31,468,4
2025/12/26 03:20,05F0309S,05F0439S,32,549,1
2025/12/26 03:20,05F0309S,05F0439S,41,0,0
2025/12/26 03:20,05F0309S,05F0439S,42,508,1
2025/12/26 03:20,05F0309S,05F0439S,5,571,1
2025/12/26 03:20,05F0439S,05F0494S,31,178,2
2025/12/26 03:20,05F0439S,05F0494S,32,178,1
2025/12/26 03:20,05F0439S,05F0494S,41,0,0
2025/12/26 03:20,05F0439S,05F0494S,42,234,1
2025/12/26 03:20,05F0439S,05F0494S,5,241,1
2025/12/26 03:25,05F0000S,05F0055S,31,228,5
2025/12/26 03:25,05F0000S,05F0055S,32,241,5
2025/12/26 03:25,05F0000S,05F0055S,41,0,0
2025/12/26 03:25,05F0000S,05F0055S,42,0,0
2025/12/26 03:25,05F0000S,05F0055S,5,0,0
2025/12/26 03:25,05F0055S,05F0287S,31,931,9
2025/12/26 03:25,05F0055S,05F0287S,32,961,6
2025/12/26 03:25,05F0055S,05F0287S,41,0,0
2025/12/26 03:25,05F0055S,05F0287S,42,0,0
2025/12/26 03:25,05F0055S,05F0287S,5,0,0
2025/12/26 03:25,05F0287S,05F0309S,31,86,9
2025/12/26 03:25,05F0287S,05F0309S,32,96,2
2025/12/26 03:25,05F0287S,05F0309S,41,0,0
2025/12/26 03:25,05F0287S,05F0309S,42,0,0
2025/12/26 03:25,05F0287S,05F0309S,5,0,0
2025/12/26 03:25,05F0309S,05F0439S,31,480,4
2025/12/26 03:25,05F0309S,05F0439S,32,533,1
2025/12/26 03:25,05F0309S,05F0439S,41,0,0
2025/12/26 03:25,05F0309S,05F0439S,42,0,0
2025/12/26 03:25,05F0309S,05F0439S,5,497,1
2025/12/26 03:25,05F0439S,05F0494S,31,201,4
2025/12/26 03:25,05F0439S,05F0494S,32,0,0
2025/12/26 03:25,05F0439S,05F0494S,41,0,0
2025/12/26 03:25,05F0439S,05F0494S,42,209,1
2025/12/26 03:25,05F0439S,05F0494S,5,209,1
2025/12/26 03:30,05F0000S,05F0055S,31,228,9
2025/12/26 03:30,05F0000S,05F0055S,32,239,10
2025/12/26 03:30,05F0000S,05F0055S,41,0,0
2025/12/26 03:30,05F0000S,05F0055S,42,0,0
2025/12/26 03:30,05F0000S,05F0055S,5,0,0
2025/12/26 03:30,05F0055S,05F0287S,31,928,7
2025/12/26 03:30,05F0055S,05F0287S,32,928,6
2025/12/26 03:30,05F0055S,05F0287S,41,0,0
2025/12/26 03:30,05F0055S,05F0287S,42,0,0
2025/12/26 03:30,05F0055S,05F0287S,5,0,0
2025/12/26 03:30,05F0287S,05F0309S,31,85,5
2025/12/26 03:30,05F0287S,05F0309S,32,86,4
2025/12/26 03:30,05F0287S,05F0309S,41,0,0
2025/12/26 03:30,05F0287S,05F0309S,42,0,0
2025/12/26 03:30,05F0287S,05F0309S,5,0,0
2025/12/26 03:30,05F0309S,05F0439S,31,479,3
2025/12/26 03:30,05F0309S,05F0439S,32,511,1
2025/12/26 03:30,05F0309S,05F0439S,41,0,0
2025/12/26 03:30,05F0309S,05F0439S,42,597,2
2025/12/26 03:30,05F0309S,05F0439S,5,515,2
2025/12/26 03:30,05F0439S,05F0494S,31,217,2
2025/12/26 03:30,05F0439S,05F0494S,32,0,0
2025/12/26 03:30,05F0439S,05F0494S,41,0,0
2025/12/26 03:30,05F0439S,05F0494S,42,200,1
2025/12/26 03:30,05F0439S,05F0494S,5,208,1
2025/12/26 03:35,05F0000S,05F0055S,31,229,6
2025/12/26 03:35,05F0000S,05F0055S,32,233,4
2025/12/26 03:35,05F0000S,05F0055S,41,0,0
2025/12/26 03:35,05F0000S,05F0055S,42,0,0
2025/12/26 03:35,05F0000S,05F0055S,5,0,0
2025/12/26 03:35,05F0055S,05F0287S,31,935,7
2025/12/26 03:35,05F0055S,05F0287S,32,896,7
2025/12/26 03:35,05F0055S,05F0287S,41,0,0
2025/12/26 03:35,05F0055S,05F0287S,42,0,0
2025/12/26 03:35,05F0055S,05F0287S,5,0,0
2025/12/26 03:35,05F0287S,05F0309S,31,77,6
2025/12/26 03:35,05F0287S,05F0309S,32,82,5
2025/12/26 03:35,05F0287S,05F0309S,41,0,0
2025/12/26 03:35,05F0287S,05F0309S,42,0,0
2025/12/26 03:35,05F0287S,05F0309S,5,0,0
2025/12/26 03:35,05F0309S,05F0439S,31,479,5
2025/12/26 03:35,05F0309S,05F0439S,32,467,1
2025/12/26 03:35,05F0309S,05F0439S,41,0,0
2025/12/26 03:35,05F0309S,05F0439S,42,517,2
2025/12/26 03:35,05F0309S,05F0439S,5,0,0
2025/12/26 03:35,05F0439S,05F0494S,31,203,3
2025/12/26 03:35,05F0439S,05F0494S,32,214,1
2025/12/26 03:35,05F0439S,05F0494S,41,0,0
2025/12/26 03:35,05F0439S,05F0494S,42,256,2
2025/12/26 03:35,05F0439S,05F0494S,5,0,0
2025/12/26 03:40,05F0000S,05F0055S,31,233,10
2025/12/26 03:40,05F0000S,05F0055S,32,248,4
2025/12/26 03:40,05F0000S,05F0055S,41,0,0
2025/12/26 03:40,05F0000S,05F0055S,42,0,0
2025/12/26 03:40,05F0000S,05F0055S,5,0,0
2025/12/26 03:40,05F0055S,05F0287S,31,931,9
2025/12/26 03:40,05F0055S,05F0287S,32,936,5
2025/12/26 03:40,05F0055S,05F0287S,41,0,0
2025/12/26 03:40,05F0055S,05F0287S,42,0,0
2025/12/26 03:40,05F0055S,05F0287S,5,0,0
2025/12/26 03:40,05F0287S,05F0309S,31,87,5
2025/12/26 03:40,05F0287S,05F0309S,32,81,2
2025/12/26 03:40,05F0287S,05F0309S,41,0,0
2025/12/26 03:40,05F0287S,05F0309S,42,0,0
2025/12/26 03:40,05F0287S,05F0309S,5,0,0
2025/12/26 03:40,05F0309S,05F0439S,31,496,3
2025/12/26 03:40,05F0309S,05F0439S,32,484,2
2025/12/26 03:40,05F0309S,05F0439S,41,0,0
2025/12/26 03:40,05F0309S,05F0439S,42,509,3
2025/12/26 03:40,05F0309S,05F0439S,5,541,1
2025/12/26 03:40,05F0439S,05F0494S,31,234,1
2025/12/26 03:40,05F0439S,05F0494S,32,197,2
2025/12/26 03:40,05F0439S,05F0494S,41,0,0
2025/12/26 03:40,05F0439S,05F0494S,42,220,2
2025/12/26 03:40,05F0439S,05F0494S,5,0,0
2025/12/26 03:45,05F0000S,05F0055S,31,226,9
2025/12/26 03:45,05F0000S,05F0055S,32,231,7
2025/12/26 03:45,05F0000S,05F0055S,41,0,0
2025/12/26 03:45,05F0000S,05F0055S,42,0,0
2025/12/26 03:45,05F0000S,05F0055S,5,0,0
2025/12/26 03:45,05F0055S,05F0287S,31,921,10
2025/12/26 03:45,05F0055S,05F0287S,32,939,11
2025/12/26 03:45,05F0055S,05F0287S,41,0,0
2025/12/26 03:45,05F0055S,05F0287S,42,0,0
2025/12/26 03:45,05F0055S,05F0287S,5,0,0
2025/12/26 03:45,05F0287S,05F0309S,31,88,6
2025/12/26 03:45,05F0287S,05F0309S,32,89,6
2025/12/26 03:45,05F0287S,05F0309S,41,0,0
2025/12/26 03:45,05F0287S,05F0309S,42,0,0
2025/12/26 03:45,05F0287S,05F0309S,5,0,0
2025/12/26 03:45,05F0309S,05F0439S,31,455,4
2025/12/26 03:45,05F0309S,05F0439S,32,454,4
2025/12/26 03:45,05F0309S,05F0439S,41,0,0
2025/12/26 03:45,05F0309S,05F0439S,42,0,0
2025/12/26 03:45,05F0309S,05F0439S,5,520,2
2025/12/26 03:45,05F0439S,05F0494S,31,214,3
2025/12/26 03:45,05F0439S,05F0494S,32,198,1
2025/12/26 03:45,05F0439S,05F0494S,41,0,0
2025/12/26 03:45,05F0439S,05F0494S,42,216,3
2025/12/26 03:45,05F0439S,05F0494S,5,230,2
2025/12/26 03:50,05F0000S,05F0055S,31,238,4
2025/12/26 03:50,05F0000S,05F0055S,32,257,12
2025/12/26 03:50,05F0000S,05F0055S,41,0,0
2025/12/26 03:50,05F0000S,05F0055S,42,0,0
2025/12/26 03:50,05F0000S,05F0055S,5,0,0
2025/12/26 03:50,05F0055S,05F0287S,31,939,5
2025/12/26 03:50,05F0055S,05F0287S,32,968,5
2025/12/26 03:50,05F0055S,05F0287S,41,0,0
2025/12/26 03:50,05F0055S,05F0287S,42,0,0
2025/12/26 03:50,05F0055S,05F0287S,5,0,0
2025/12/26 03:50,05F0287S,05F0309S,31,87,4
2025/12/26 03:50,05F0287S,05F0309S,32,86,5
2025/12/26 03:50,05F0287S,05F0309S,41,0,0
2025/12/26 03:50,05F0287S,05F0309S,42,0,0
2025/12/26 03:50,05F0287S,05F0309S,5,0,0
2025/12/26 03:50,05F0309S,05F0439S,31,482,5
2025/12/26 03:50,05F0309S,05F0439S,32,0,0
2025/12/26 03:50,05F0309S,05F0439S,41,0,0
2025/12/26 03:50,05F0309S,05F0439S,42,0,0
2025/12/26 03:50,05F0309S,05F0439S,5,0,0
2025/12/26 03:50,05F0439S,05F0494S,31,200,2
2025/12/26 03:50,05F0439S,05F0494S,32,177,1
2025/12/26 03:50,05F0439S,05F0494S,41,0,0
2025/12/26 03:50,05F0439S,05F0494S,42,0,0
2025/12/26 03:50,05F0439S,05F0494S,5,228,2
2025/12/26 03:55,05F0000S,05F0055S,31,248,9
2025/12/26 03:55,05F0000S,05F0055S,32,210,6
2025/12/26 03:55,05F0000S,05F0055S,41,0,0
2025/12/26 03:55,05F0000S,05F0055S,42,0,0
2025/12/26 03:55,05F0000S,05F0055S,5,0,0
2025/12/26 03:55,05F0055S,05F0287S,31,932,12
2025/12/26 03:55,05F0055S,05F0287S,32,963,2
2025/12/26 03:55,05F0055S,05F0287S,41,0,0
2025/12/26 03:55,05F0055S,05F0287S,42,0,0
2025/12/26 03:55,05F0055S,05F0287S,5,0,0
2025/12/26 03:55,05F0287S,05F0309S,31,85,8
2025/12/26 03:55,05F0287S,05F0309S,32,88,2
2025/12/26 03:55,05F0287S,05F0309S,41,0,0
2025/12/26 03:55,05F0287S,05F0309S,42,0,0
2025/12/26 03:55,05F0287S,05F0309S,5,0,0
2025/12/26 03:55,05F0309S,05F0439S,31,477,7
2025/12/26 03:55,05F0309S,05F0439S,32,505,4
2025/12/26 03:55,05F0309S,05F0439S,41,0,0
2025/12/26 03:55,05F0309S,05F0439S,42,578,1
2025/12/26 03:55,05F0309S,05F0439S,5,522,6
2025/12/26 03:55,05F0439S,05F0494S,31,224,2
2025/12/26 03:55,05F0439S,05F0494S,32,202,1
2025/12/26 03:55,05F0439S,05F0494S,41,0,0
2025/12/26 03:55,05F0439S,05F0494S,42,0,0
2025/12/26 03:55,05F0439S,05F0494S,5,225,1
2025/12/26 04:00,05F0000S,05F0055S,31,232,9
2025/12/26 04:00,05F0000S,05F0055S,32,237,6
2025/12/26 04:00,05F0000S,05F0055S,41,0,0
2025/12/26 04:00,05F0000S,05F0055S,42,0,0
2025/12/26 04:00,05F0000S,05F0055S,5,0,0
2025/12/26 04:00,05F0055S,05F0287S,31,913,10
2025/12/26 04:00,05F0055S,05F0287S,32,917,7
2025/12/26 04:00,05F0055S,05F0287S,41,0,0
2025/12/26 04:00,05F0055S,05F0287S,42,0,0
2025/12/26 04:00,05F0055S,05F0287S,5,0,0
2025/12/26 04:00,05F0287S,05F0309S,31,85,6
2025/12/26 04:00,05F0287S,05F0309S,32,89,5
2025/12/26 04:00,05F0287S,05F0309S,41,0,0
2025/12/26 04:00,05F0287S,05F0309S,42,0,0
2025/12/26 04:00,05F0287S,05F0309S,5,0,0
2025/12/26 04:00,05F0309S,05F0439S,31,434,3
2025/12/26 04:00,05F0309S,05F0439S,32,505,4
2025/12/26 04:00,05F0309S,05F0439S,41,0,0
2025/12/26 04:00,05F0309S,05F0439S,42,0,0
2025/12/26 04:00,05F0309S,05F0439S,5,534,1
2025/12/26 04:00,05F0439S,05F0494S,31,198,3
2025/12/26 04:00,05F0439S,05F0494S,32,213,1
2025/12/26 04:00,05F0439S,05F0494S,41,0,0
2025/12/26 04:00,05F0439S,05F0494S,42,252,1
2025/12/26 04:00,05F0439S,05F0494S,5,220,5
2025/12/26 04:05,05F0000S,05F0055S,31,242,7
2025/12/26 04:05,05F0000S,05F0055S,32,227,6
2025/12/26 04:05,05F0000S,05F0055S,41,0,0
2025/12/26 04:05,05F0000S,05F0055S,42,0,0
2025/12/26 04:05,05F0000S,05F0055S,5,0,0
2025/12/26 04:05,05F0055S,05F0287S,31,927,5
2025/12/26 04:05,05F0055S,05F0287S,32,962,10
2025/12/26 04:05,05F0055S,05F0287S,41,0,0
2025/12/26 04:05,05F0055S,05F0287S,42,0,0
2025/12/26 04:05,05F0055S,05F0287S,5,0,0
2025/12/26 04:05,05F0287S,05F0309S,31,86,3
2025/12/26 04:05,05F0287S,05F0309S,32,83,6
2025/12/26 04:05,05F0287S,05F0309S,41,0,0
2025/12/26 04:05,05F0287S,05F0309S,42,0,0
2025/12/26 04:05,05F0287S,05F0309S,5,0,0
2025/12/26 04:05,05F0309S,05F0439S,31,516,1
2025/12/26 04:05,05F0309S,05F0439S,32,514,3
2025/12/26 04:05,05F0309S,05F0439S,41,0,0
2025/12/26 04:05,05F0309S,05F0439S,42,559,1
2025/12/26 04:05,05F0309S,05F0439S,5,550,2
2025/12/26 04:05,05F0439S,05F0494S,31,180,2
2025/12/26 04:05,05F0439S,05F0494S,32,222,1
2025/12/26 04:05,05F0439S,05F0494S,41,0,0
2025/12/26 04:05,05F0439S,05F0494S,42,0,0
2025/12/26 04:05,05F0439S,05F0494S,5,218,1
2025/12/26 04:10,05F0000S,05F0055S,31,229,8
2025/12/26 04:10,05F0000S,05F0055S,32,238,5
2025/12/26 04:10,05F0000S,05F0055S,41,0,0
2025/12/26 04:10,05F0000S,05F0055S,42,0,0
2025/12/26 04:10,05F0000S,05F0055S,5,0,0
2025/12/26 04:10,05F0055S,05F0287S,31,1002,5
2025/12/26 04:10,05F0055S,05F0287S,32,959,11
2025/12/26 04:10,05F0055S,05F0287S,41,0,0
2025/12/26 04:10,05F0055S,05F0287S,42,0,0
2025/12/26 04:10,05F0055S,05F0287S,5,0,0
2025/12/26 04:10,05F0287S,05F0309S,31,84,3
2025/12/26 04:10,05F0287S,05F0309S,32,92,8
2025/12/26 04:10,05F0287S,05F0309S,41,0,0
2025/12/26 04:10,05F0287S,05F0309S,42,0,0
2025/12/26 04:10,05F0287S,05F0309S,5,0,0
2025/12/26 04:10,05F0309S,05F0439S,31,490,6
2025/12/26 04:10,05F0309S,05F0439S,32,501,5
2025/12/26 04:10,05F0309S,05F0439S,41,0,0
2025/12/26 04:10,05F0309S,05F0439S,42,0,0
2025/12/26 04:10,05F0309S,05F0439S,5,0,0
2025/12/26 04:10,05F0439S,05F0494S,31,232,1
2025/12/26 04:10,05F0439S,05F0494S,32,213,4
2025/12/26 04:10,05F0439S,05F0494S,41,0,0
2025/12/26 04:10,05F0439S,05F0494S,42,232,1
2025/12/26 04:10,05F0439S,05F0494S,5,229,2
2025/12/26 04:15,05F0000S,05F0055S,31,228,10
2025/12/26 04:15,05F0000S,05F0055S,32,222,5
2025/12/26 04:15,05F0000S,05F0055S,41,0,0
2025/12/26 04:15,05F0000S,05F0055S,42,0,0
2025/12/26 04:15,05F0000S,05F0055S,5,0,0
2025/12/26 04:15,05F0055S,05F0287S,31,958,8
2025/12/26 04:15,05F0055S,05F0287S,32,956,6
2025/12/26 04:15,05F0055S,05F0287S,41,0,0
2025/12/26 04:15,05F0055S,05F0287S,42,0,0
2025/12/26 04:15,05F0055S,05F0287S,5,0,0
2025/12/26 04:15,05F0287S,05F0309S,31,90,6
2025/12/26 04:15,05F0287S,05F0309S,32,80,6
2025/12/26 04:15,05F0287S,05F0309S,41,0,0
2025/12/26 04:15,05F0287S,05F0309S,42,0,0
2025/12/26 04:15,05F0287S,05F0309S,5,0,0
2025/12/26 04:15,05F0309S,05F0439S,31,473,3
2025/12/26 04:15,05F0309S,05F0439S,32,483,7
2025/12/26 04:15,05F0309S,05F0439S,41,0,0
2025/12/26 04:15,05F0309S,05F0439S,42,542,1
2025/12/26 04:15,05F0309S,05F0439S,5,527,1
2025/12/26 04:15,05F0439S,05F0494S,31,0,0
2025/12/26 04:15,05F0439S,05F0494S,32,199,4
2025/12/26 04:15,05F0439S,05F0494S,41,0,0
2025/12/26 04:15,05F0439S,05F0494S,42,0,0
2025/12/26 04:15,05F0439S,05F0494S,5,0,0
2025/12/26 04:20,05F0000S,05F0055S,31,235,3
2025/12/26 04:20,05F0000S,05F0055S,32,237,12
2025/12/26 04:20,05F0000S,05F0055S,41,0,0
2025/12/26 04:20,05F0000S,05F0055S,42,0,0
2025/12/26 04:20,05F0000S,05F0055S,5,0,0
2025/12/26 04:20,05F0055S,05F0287S,31,933,9
2025/12/26 04:20,05F0055S,05F0287S,32,907,5
2025/12/26 04:20,05F0055S,05F0287S,41,0,0
2025/12/26 04:20,05F0055S,05F0287S,42,0,0
2025/12/26 04:20,05F0055S,05F0287S,5,0,0
2025/12/26 04:20,05F0287S,05F0309S,31,84,5
2025/12/26 04:20,05F0287S,05F0309S,32,85,5
2025/12/26 04:20,05F0287S,05F0309S,41,0,0
2025/12/26 04:20,05F0287S,05F0309S,42,0,0
2025/12/26 04:20,05F0287S,05F0309S,5,0,0
2025/12/26 04:20,05F0309S,05F0439S,31,509,4
2025/12/26 04:20,05F0309S,05F0439S,32,509,3
2025/12/26 04:20,05F0309S,05F0439S,41,0,0
2025/12/26 04:20,05F0309S,05F0439S,42,0,0
2025/12/26 04:20,05F0309S,05F0439S,5,0,0
2025/12/26 04:20,05F0439S,05F0494S,31,207,3
2025/12/26 04:20,05F0439S,05F0494S,32,204,5
2025/12/26 04:20,05F0439S,05F0494S,41,0,0
2025/12/26 04:20,05F0439S,05F0494S,42,224,1
2025/12/26 04:20,05F0439S,05F0494S,5,238,2
2025/12/26 04:25,05F0000S,05F0055S,31,227,9
2025/12/26 04:25,05F0000S,05F0055S,32,221,10
2025/12/26 04:25,05F0000S,05F0055S,41,0,0
2025/12/26 04:25,05F0000S,05F0055S,42,0,0
2025/12/26 04:25,05F0000S,05F0055S,5,0,0
2025/12/26 04:25,05F0055S,05F0287S,31,896,6
2025/12/26 04:25,05F0055S,05F0287S,32,916,5
2025/12/26 04:25,05F0055S,05F0287S,41,0,0
2025/12/26 04:25,05F0055S,05F0287S,42,0,0
2025/12/26 04:25,05F0055S,05F0287S,5,0,0
2025/12/26 04:25,05F0287S,05F0309S,31,85,8
2025/12/26 04:25,05F0287S,05F0309S,32,84,3
2025/12/26 04:25,05F0287S,05F0309S,41,0,0
2025/12/26 04:25,05F0287S,05F0309S,42,0,0
2025/12/26 04:25,05F0287S,05F0309S,5,0,0
2025/12/26 04:25,05F0309S,05F0439S,31,482,5
2025/12/26 04:25,05F0309S,05F0439S,32,0,0
2025/12/26 04:25,05F0309S,05F0439S,41,0,0
2025/12/26 04:25,05F0309S,05F0439S,42,0,0
2025/12/26 04:25,05F0309S,05F0439S,5,0,0
2025/12/26 04:25,05F0439S,05F0494S,31,210,4
2025/12/26 04:25,05F0439S,05F0494S,32,214,4
2025/12/26 04:25,05F0439S,05F0494S,41,0,0
2025/12/26 04:25,05F0439S,05F0494S,42,0,0
2025/12/26 04:25,05F0439S,05F0494S,5,0,0
2025/12/26 04:30,05F0000S,05F0055S,31,249,10
2025/12/26 04:30,05F0000S,05F0055S,32,243,8
2025/12/26 04:30,05F0000S,05F0055S,41,0,0
2025/12/26 04:30,05F0000S,05F0055S,42,0,0
2025/12/26 04:30,05F0000S,05F0055S,5,0,0
2025/12/26 04:30,05F0055S,05F0287S,31,950,13
2025/12/26 04:30,05F0055S,05F0287S,32,933,6
2025/12/26 04:30,05F0055S,05F0287S,41,0,0
2025/12/26 04:30,05F0055S,05F0287S,42,0,0
2025/12/26 04:30,05F0055S,05F0287S,5,0,0
2025/12/26 04:30,05F0287S,05F0309S,31,85,7
2025/12/26 04:30,05F0287S,05F0309S,32,80,6
2025/12/26 04:30,05F0287S,05F0309S,41,0,0
2025/12/26 04:30,05F0287S,05F0309S,42,0,0
2025/12/26 04:30,05F0287S,05F0309S,5,0,0
2025/12/26 04:30,05F0309S,05F0439S,31,487,5
2025/12/26 04:30,05F0309S,05F0439S,32,476,4
2025/12/26 04:30,05F0309S,05F0439S,41,0,0
2025/12/26 04:30,05F0309S,05F0439S,42,0,0
2025/12/26 04:30,05F0309S,05F0439S,5,531,3
2025/12/26 04:30,05F0439S,05F0494S,31,193,3
2025/12/26 04:30,05F0439S,05F0494S,32,0,0
2025/12/26 04:30,05F0439S,05F0494S,41,0,0
2025/12/26 04:30,05F0439S,05F0494S,42,0,0
2025/12/26 04:30,05F0439S,05F0494S,5,254,1
2025/12/26 04:35,05F0000S,05F0055S,31,233,8
2025/12/26 04:35,05F0000S,05F0055S,32,226,7
2025/12/26 04:35,05F0000S,05F0055S,41,0,0
2025/12/26 04:35,05F0000S,05F0055S,42,0,0
2025/12/26 04:35,05F0000S,05F0055S,5,0,0
2025/12/26 04:35,05F0055S,05F0287S,31,941,4
2025/12/26 04:35,05F0055S,05F0287S,32,966,12
2025/12/26 04:35,05F0055S,05F0287S,41,0,0
2025/12/26 04:35,05F0055S,05F0287S,42,0,0
2025/12/26 04:35,05F0055S,05F0287S,5,0,0
2025/12/26 04:35,05F0287S,05F0309S,31,77,3
2025/12/26 04:35,05F0287S,05F0309S,32,89,8
2025/12/26 04:35,05F0287S,05F0309S,41,0,0
2025/12/26 04:35,05F0287S,05F0309S,42,0,0
2025/12/26 04:35,05F0287S,05F0309S,5,0,0
2025/12/26 04:35,05F0309S,05F0439S,31,492,5
2025/12/26 04:35,05F0309S,05F0439S,32,523,2
2025/12/26 04:35,05F0309S,05F0439S,41,0,0
2025/12/26 04:35,05F0309S,05F0439S,42,0,0
2025/12/26 04:35,05F0309S,05F0439S,5,682,1
2025/12/26 04:35,05F0439S,05F0494S,31,210,4
2025/12/26 04:35,05F0439S,05F0494S,32,195,3
2025/12/26 04:35,05F0439S,05F0494S,41,0,0
2025/12/26 04:35,05F0439S,05F0494S,42,0,0
2025/12/26 04:35,05F0439S,05F0494S,5,218,2
2025/12/26 04:40,05F0000S,05F0055S,31,236,16
2025/12/26 04:40,05F0000S,05F0055S,32,236,9
2025/12/26 04:40,05F0000S,05F0055S,41,0,0
2025/12/26 04:40,05F0000S,05F0055S,42,0,0
2025/12/26 04:40,05F0000S,05F0055S,5,0,0
2025/12/26 04:40,05F0055S,05F0287S,31,912,9
2025/12/26 04:40,05F0055S,05F0287S,32,910,11
2025/12/26 04:40,05F0055S,05F0287S,41,0,0
2025/12/26 04:40,05F0055S,05F0287S,42,0,0
2025/12/26 04:40,05F0055S,05F0287S,5,0,0
2025/12/26 04:40,05F0287S,05F0309S,31,79,6
2025/12/26 04:40,05F0287S,05F0309S,32,93,9
2025/12/26 04:40,05F0287S,05F0309S,41,0,0
2025/12/26 04:40,05F0287S,05F0309S,42,0,0
2025/12/26 04:40,05F0287S,05F0309S,5,0,0
2025/12/26 04:40,05F0309S,05F0439S,31,500,3
2025/12/26 04:40,05F0309S,05F0439S,32,493,3
2025/12/26 04:40,05F0309S,05F0439S,41,0,0
2025/12/26 04:40,05F0309S,05F0439S,42,533,1
2025/12/26 04:40,05F0309S,05F0439S,5,519,2
2025/12/26 04:40,05F0439S,05F0494S,31,209,4
2025/12/26 04:40,05F0439S,05F0494S,32,218,1
2025/12/26 04:40,05F0439S,05F0494S,41,0,0
2025/12/26 04:40,05F0439S,05F0494S,42,0,0
2025/12/26 04:40,05F0439S,05F0494S,5,243,2
2025/12/26 04:45,05F0000S,05F0055S,31,228,14
2025/12/26 04:45,05F0000S,05F0055S,32,227,11
2025/12/26 04:45,05F0000S,05F0055S,41,0,0
2025/12/26 04:45,05F0000S,05F0055S,42,0,0
2025/12/26 04:45,05F0000S,05F0055S,5,0,0
2025/12/26 04:45,05F0055S,05F0287S,31,972,9
2025/12/26 04:45,05F0055S,05F0287S,32,980,9
2025/12/26 04:45,05F0055S,05F0287S,41,0,0
2025/12/26 04:45,05F0055S,05F0287S,42,0,0
2025/12/26 04:45,05F0055S,05F0287S,5,0,0
2025/12/26 04:45,05F0287S,05F0309S,31,90,5
2025/12/26 04:45,05F0287S,05F0309S,32,89,6
2025/12/26 04:45,05F0287S,05F0309S,41,0,0
2025/12/26 04:45,05F0287S,05F0309S,42,0,0
2025/12/26 04:45,05F0287S,05F0309S,5,0,0
2025/12/26 04:45,05F0309S,05F0439S,31,459,1
2025/12/26 04:45,05F0309S,05F0439S,32,482,5
2025/12/26 04:45,05F0309S,05F0439S,41,0,0
2025/12/26 04:45,05F0309S,05F0439S,42,0,0
2025/12/26 04:45,05F0309S,05F0439S,5,511,3
2025/12/26 04:45,05F0439S,05F0494S,31,172,2
2025/12/26 04:45,05F0439S,05F0494S,32,221,3
2025/12/26 04:45,05F0439S,05F0494S,41,0,0
2025/12/26 04:45,05F0439S,05F0494S,42,0,0
2025/12/26 04:45,05F0439S,05F0494S,5,217,3
2025/12/26 04:50,05F0000S,05F0055S,31,230,5
2025/12/26 04:50,05F0000S,05F0055S,32,238,9
2025/12/26 04:50,05F0000S,05F0055S,41,0,0
2025/12/26 04:50,05F0000S,05F0055S,42,0,0
2025/12/26 04:50,05F0000S,05F0055S,5,0,0
2025/12/26 04:50,05F0055S,05F0287S,31,936,12
2025/12/26 04:50,05F0055S,05F0287S,32,922,6
2025/12/26 04:50,05F0055S,05F0287S,41,0,0
2025/12/26 04:50,05F0055S,05F0287S,42,0,0
2025/12/26 04:50,05F0055S,05F0287S,5,0,0
2025/12/26 04:50,05F0287S,05F0309S,31,91,6
2025/12/26 04:50,05F0287S,05F0309S,32,92,5
2025/12/26 04:50,05F0287S,05F0309S,41,0,0
2025/12/26 04:50,05F0287S,05F0309S,42,0,0
2025/12/26 04:50,05F0287S,05F0309S,5,0,0
2025/12/26 04:50,05F0309S,05F0439S,31,469,3
2025/12/26 04:50,05F0309S,05F0439S,32,519,4
2025/12/26 04:50,05F0309S,05F0439S,41,0,0
2025/12/26 04:50,05F0309S,05F0439S,42,516,2
2025/12/26 04:50,05F0309S,05F0439S,5,551,3
2025/12/26 04:50,05F0439S,05F0494S,31,221,1
2025/12/26 04:50,05F0439S,05F0494S,32,218,3
2025/12/26 04:50,05F0439S,05F0494S,41,0,0
2025/12/26 04:50,05F0439S,05F0494S,42,0,0
2025/12/26 04:50,05F0439S,05F0494S,5,221,2
2025/12/26 04:55,05F0000S,05F0055S,31,235,14
2025/12/26 04:55,05F0000S,05F0055S,32,239,5
2025/12/26 04:55,05F0000S,05F0055S,41,0,0
2025/12/26 04:55,05F0000S,05F0055S,42,0,0
2025/12/26 04:55,05F0000S,05F0055S,5,0,0
2025/12/26 04:55,05F0055S,05F0287S,31,935,13
2025/12/26 04:55,05F0055S,05F0287S,32,928,11
2025/12/26 04:55,05F0055S,05F0287S,41,0,0
2025/12/26 04:55,05F0055S,05F0287S,42,0,0
2025/12/26 04:55,05F0055S,05F0287S,5,0,0
2025/12/26 04:55,05F0287S,05F0309S,31,92,9
2025/12/26 04:55,05F0287S,05F0309S,32,80,4
2025/12/26 04:55,05F0287S,05F0309S,41,0,0
2025/12/26 04:55,05F0287S,05F0309S,42,0,0
2025/12/26 04:55,05F0287S,05F0309S,5,0,0
2025/12/26 04:55,05F0309S,05F0439S,31,494,5
2025/12/26 04:55,05F0309S,05F0439S,32,511,7
2025/12/26 04:55,05F0309S,05F0439S,41,0,0
2025/12/26 04:55,05F0309S,05F0439S,42,0,0
2025/12/26 04:55,05F0309S,05F0439S,5,532,1
2025/12/26 04:55,05F0439S,05F0494S,31,206,3
2025/12/26 04:55,05F0439S,05F0494S,32,216,3
2025/12/26 04:55,05F0439S,05F0494S,41,0,0
2025/12/26 04:55,05F0439S,05F0494S,42,214,2
2025/12/26 04:55,05F0439S,05F0494S,5,220,2
2025/12/26 05:00,05F0000S,05F0055S,31,224,13
2025/12/26 05:00,05F0000S,05F0055S,32,226,5
2025/12/26 05:00,05F0000S,05F0055S,41,0,0
2025/12/26 05:00,05F0000S,05F0055S,42,0,0
2025/12/26 05:00,05F0000S,05F0055S,5,0,0
2025/12/26 05:00,05F0055S,05F0287S,31,928,12
2025/12/26 05:00,05F0055S,05F0287S,32,937,9
2025/12/26 05:00,05F0055S,05F0287S,41,0,0
2025/12/26 05:00,05F0055S,05F0287S,42,0,0
2025/12/26 05:00,05F0055S,05F0287S,5,0,0
2025/12/26 05:00,05F0287S,05F0309S,31,82,14
2025/12/26 05:00,05F0287S,05F0309S,32,80,11
2025/12/26 05:00,05F0287S,05F0309S,41,0,0
2025/12/26 05:00,05F0287S,05F0309S,42,0,0
2025/12/26 05:00,05F0287S,05F0309S,5,0,0
2025/12/26 05:00,05F0309S,05F0439S,31,485,5
2025/12/26 05:00,05F0309S,05F0439S,32,451,2
2025/12/26 05:00,05F0309S,05F0439S,41,0,0
2025/12/26 05:00,05F0309S,05F0439S,42,525,1
2025/12/26 05:00,05F0309S,05F0439S,5,538,1
2025/12/26 05:00,05F0439S,05F0494S,31,209,2
2025/12/26 05:00,05F0439S,05F0494S,32,223,4
2025/12/26 05:00,05F0439S,05F0494S,41,0,0
2025/12/26 05:00,05F0439S,05F0494S,42,0,0
2025/12/26 05:00,05F0439S,05F0494S,5,225,1
2025/12/26 05:05,05F0000S,05F0055S,31,246,15
2025/12/26 05:05,05F0000S,05F0055S,32,246,13
2025/12/26 05:05,05F0000S,05F0055S,41,0,0
2025/12/26 05:05,05F0000S,05F0055S,42,0,0
2025/12/26 05:05,05F0000S,05F0055S,5,0,0
2025/12/26 05:05,05F0055S,05F0287S,31,932,7
2025/12/26 05:05,05F0055S,05F0287S,32,958,11
2025/12/26 05:05,05F0055S,05F0287S,41,0,0
2025/12/26 05:05,05F0055S,05F0287S,42,0,0
2025/12/26 05:05,05F0055S,05F0287S,5,0,0
2025/12/26 05:05,05F0287S,05F0309S,31,91,7
2025/12/26 05:05,05F0287S,05F0309S,32,87,10
2025/12/26 05:05,05F0287S,05F0309S,41,0,0
2025/12/26 05:05,05F0287S,05F0309S,42,0,0
2025/12/26 05:05,05F0287S,05F0309S,5,0,0
2025/12/26 05:05,05F0309S,05F0439S,31,520,5
2025/12/26 05:05,05F0309S,05F0439S,32,480,3
2025/12/26 05:05,05F0309S,05F0439S,41,0,0
2025/12/26 05:05,05F0309S,05F0439S,42,556,1
2025/12/26 05:05,05F0309S,05F0439S,5,542,2
2025/12/26 05:05,05F0439S,05F0494S,31,217,2
2025/12/26 05:05,05F0439S,05F0494S,32,0,0
2025/12/26 05:05,05F0439S,05F0494S,41,0,0
2025/12/26 05:05,05F0439S,05F0494S,42,232,2
2025/12/26 05:05,05F0439S,05F0494S,5,217,1
2025/12/26 05:10,05F0000S,05F0055S,31,230,8
2025/12/26 05:10,05F0000S,05F0055S,32,246,10
2025/12/26 05:10,05F0000S,05F0055S,41,0,0
2025/12/26 05:10,05F0000S,05F0055S,42,0,0
2025/12/26 05:10,05F0000S,05F0055S,5,0,0
2025/12/26 05:10,05F0055S,05F0287S,31,893,15
2025/12/26 05:10,05F0055S,05F0287S,32,926,6
2025/12/26 05:10,05F0055S,05F0287S,41,0,0
2025/12/26 05:10,05F0055S,05F0287S,42,0,0
2025/12/26 05:10,05F0055S,05F0287S,5,0,0
2025/12/26 05:10,05F0287S,05F0309S,31,83,10
2025/12/26 05:10,05F0287S,05F0309S,32,95,6
2025/12/26 05:10,05F0287S,05F0309S,41,0,0
2025/12/26 05:10,05F0287S,05F0309S,42,0,0
2025/12/26 05:10,05F0287S,05F0309S,5,0,0
2025/12/26 05:10,05F0309S,05F0439S,31,456,6
2025/12/26 05:10,05F0309S,05F0439S,32,467,6
2025/12/26 05:10,05F0309S,05F0439S,41,0,0
2025/12/26 05:10,05F0309S,05F0439S,42,526,2
2025/12/26 05:10,05F0309S,05F0439S,5,528,3
2025/12/26 05:10,05F0439S,05F0494S,31,194,4
2025/12/26 05:10,05F0439S,05F0494S,32,230,1
2025/12/26 05:10,05F0439S,05F0494S,41,0,0
2025/12/26 05:10,05F0439S,05F0494S,42,0,0
2025/12/26 05:10,05F0439S,05F0494S,5,233,2
2025/12/26 05:15,05F0000S,05F0055S,31,237,6
2025/12/26 05:15,05F0000S,05F0055S,32,224,7
2025/12/26 05:15,05F0000S,05F0055S,41,0,0
2025/12/26 05:15,05F0000S,05F0055S,42,0,0
2025/12/26 05:15,05F0000S,05F0055S,5,0,0
2025/12/26 05:15,05F0055S,05F0287S,31,909,15
2025/12/26 05:15,05F0055S,05F0287S,32,931,6
2025/12/26 05:15,05F0055S,05F0287S,41,0,0
2025/12/26 05:15,05F0055S,05F0287S,42,0,0
2025/12/26 05:15,05F0055S,05F0287S,5,0,0
2025/12/26 05:15,05F0287S,05F0309S,31,85,10
2025/12/26 05:15,05F0287S,05F0309S,32,84,5
2025/12/26 05:15,05F0287S,05F0309S,41,0,0
2025/12/26 05:15,05F0287S,05F0309S,42,0,0
2025/12/26 05:15,05F0287S,05F0309S,5,0,0
2025/12/26 05:15,05F0309S,05F0439S,31,493,4
2025/12/26 05:15,05F0309S,05F0439S,32,502,7
2025/12/26 05:15,05F0309S,05F0439S,41,0,0
2025/12/26 05:15,05F0309S,05F0439S,42,512,1
2025/12/26 05:15,05F0309S,05F0439S,5,460,1
2025/12/26 05:15,05F0439S,05F0494S,31,176,2
2025/12/26 05:15,05F0439S,05F0494S,32,195,4
2025/12/26 05:15,05F0439S,05F0494S,41,0,0
2025/12/26 05:15,05F0439S,05F0494S,42,0,0
2025/12/26 05:15,05F0439S,05F0494S,5,204,1
2025/12/26 05:20,05F0000S,05F0055S,31,227,14
2025/12/26 05:20,05F0000S,05F0055S,32,225,16
2025/12/26 05:20,05F0000S,05F0055S,41,0,0
2025/12/26 05:20,05F0000S,05F0055S,42,0,0
2025/12/26 05:20,05F0000S,05F0055S,5,0,0
2025/12/26 05:20,05F0055S,05F0287S,31,962,13
2025/12/26 05:20,05F0055S,05F0287S,32,979,14
2025/12/26 05:20,05F0055S,05F0287S,41,0,0
2025/12/26 05:20,05F0055S,05F0287S,42,0,0
2025/12/26 05:20,05F0055S,05F0287S,5,0,0
2025/12/26 05:20,05F0287S,05F0309S,31,82,10
2025/12/26 05:20,05F0287S,05F0309S,32,91,5
2025/12/26 05:20,05F0287S,05F0309S,41,0,0
2025/12/26 05:20,05F0287S,05F0309S,42,0,0
2025/12/26 05:20,05F0287S,05F0309S,5,0,0
2025/12/26 05:20,05F0309S,05F0439S,31,452,8
2025/12/26 05:20,05F0309S,05F0439S,32,472,5
2025/12/26 05:20,05F0309S,05F0439S,41,0,0
2025/12/26 05:20,05F0309S,05F0439S,42,548,1
2025/12/26 05:20,05F0309S,05F0439S,5,500,1
2025/12/26 05:20,05F0439S,05F0494S,31,198,4
2025/12/26 05:20,05F0439S,05F0494S,32,225,5
2025/12/26 05:20,05F0439S,05F0494S,41,0,0
2025/12/26 05:20,05F0439S,05F0494S,42,211,1
2025/12/26 05:20,05F0439S,05F0494S,5,203,2
2025/12/26 05:25,05F0000S,05F0055S,31,232,19
2025/12/26 05:25,05F0000S,05F0055S,32,233,10
2025/12/26 05:25,05F0000S,05F0055S,41,0,0
2025/12/26 05:25,05F0000S,05F0055S,42,0,0
2025/12/26 05:25,05F0000S,05F0055S,5,0,0
2025/12/26 05:25,05F0055S,05F0287S,31,939,10
2025/12/26 05:25,05F0055S,05F0287S,32,951,11
2025/12/26 05:25,05F0055S,05F0287S,41,0,0
2025/12/26 05:25,05F0055S,05F0287S,42,0,0
2025/12/26 05:25,05F0055S,05F0287S,5,0,0
2025/12/26 05:25,05F0287S,05F0309S,31,81,6
2025/12/26 05:25,05F0287S,05F0309S,32,88,12
2025/12/26 05:25,05F0287S,05F0309S,41,0,0
2025/12/26 05:25,05F0287S,05F0309S,42,0,0
2025/12/26 05:25,05F0287S,05F0309S,5,0,0
2025/12/26 05:25,05F0309S,05F0439S,31,486,9
2025/12/26 05:25,05F0309S,05F0439S,32,504,4
2025/12/26 05:25,05F0309S,05F0439S,41,0,0
2025/12/26 05:25,05F0309S,05F0439S,42,463,3
2025/12/26 05:25,05F0309S,05F0439S,5,492,4
2025/12/26 05:25,05F0439S,05F0494S,31,190,9
2025/12/26 05:25,05F0439S,05F0494S,32,186,4
2025/12/26 05:25,05F0439S,05F0494S,41,0,0
2025/12/26 05:25,05F0439S,05F0494S,42,231,1
2025/12/26 05:25,05F0439S,05F0494S,5,0,0
2025/12/26 05:30,05F0000S,05F0055S,31,243,17
2025/12/26 05:30,05F0000S,05F0055S,32,238,12
2025/12/26 05:30,05F0000S,05F0055S,41,0,0
2025/12/26 05:30,05F0000S,05F0055S,42,0,0
2025/12/26 05:30,05F0000S,05F0055S,5,0,0
2025/12/26 05:30,05F0055S,05F0287S,31,930,6
2025/12/26 05:30,05F0055S,05F0287S,32,928,10
2025/12/26 05:30,05F0055S,05F0287S,41,0,0
2025/12/26 05:30,05F0055S,05F0287S,42,0,0
2025/12/26 05:30,05F0055S,05F0287S,5,0,0
2025/12/26 05:30,05F0287S,05F0309S,31,84,7
2025/12/26 05:30,05F0287S,05F0309S,32,94,7
2025/12/26 05:30,05F0287S,05F0309S,41,0,0
2025/12/26 05:30,05F0287S,05F0309S,42,0,0
2025/12/26 05:30,05F0287S,05F0309S,5,0,0
2025/12/26 05:30,05F0309S,05F0439S,31,447,6
2025/12/26 05:30,05F0309S,05F0439S,32,503,9
2025/12/26 05:30,05F0309S,05F0439S,41,0,0
2025/12/26 05:30,05F0309S,05F0439S,42,563,1
2025/12/26 05:30,05F0309S,05F0439S,5,546,4
2025/12/26 05:30,05F0439S,05F0494S,31,204,5
2025/12/26 05:30,05F0439S,05F0494S,32,216,3
2025/12/26 05:30,05F0439S,05F0494S,41,0,0
2025/12/26 05:30,05F0439S,05F0494S,42,228,3
2025/12/26 05:30,05F0439S,05F0494S,5,212,3
2025/12/26 05:35,05F0000S,05F0055S,31,237,20
2025/12/26 05:35,05F0000S,05F0055S,32,225,11
2025/12/26 05:35,05F0000S,05F0055S,41,0,0
2025/12/26 05:35,05F0000S,05F0055S,42,0,0
2025/12/26 05:35,05F0000S,05F0055S,5,0,0
2025/12/26 05:35,05F0055S,05F0287S,31,927,16
2025/12/26 05:35,05F0055S,05F0287S,32,921,11
2025/12/26 05:35,05F0055S,05F0287S,41,0,0
2025/12/26 05:35,05F0055S,05F0287S,42,0,0
2025/12/26 05:35,05F0055S,05F0287S,5,0,0
2025/12/26 05:35,05F0287S,05F0309S,31,81,10
2025/12/26 05:35,05F0287S,05F0309S,32,84,6
2025/12/26 05:35,05F0287S,05F0309S,41,0,0
2025/12/26 05:35,05F0287S,05F0309S,42,0,0
2025/12/26 05:35,05F0287S,05F0309S,5,0,0
2025/12/26 05:35,05F0309S,05F0439S,31,506,3
2025/12/26 05:35,05F0309S,05F0439S,32,513,5
2025/12/26 05:35,05F0309S,05F0439S,41,0,0
2025/12/26 05:35,05F0309S,05F0439S,42,0,0
2025/12/26 05:35,05F0309S,05F0439S,5,521,2
2025/12/26 05:35,05F0439S,05F0494S,31,196,4
2025/12/26 05:35,05F0439S,05F0494S,32,201,10
2025/12/26 05:35,05F0439S,05F0494S,41,0,0
2025/12/26 05:35,05F0439S,05F0494S,42,0,0
2025/12/26 05:35,05F0439S,05F0494S,5,264,2
2025/12/26 05:40,05F0000S,05F0055S,31,233,15
2025/12/26 05:40,05F0000S,05F0055S,32,243,12
2025/12/26 05:40,05F0000S,05F0055S,41,0,0
2025/12/26 05:40,05F0000S,05F0055S,42,0,0
2025/12/26 05:40,05F0000S,05F0055S,5,0,0
2025/12/26 05:40,05F0055S,05F0287S,31,946,25
2025/12/26 05:40,05F0055S,05F0287S,32,942,9
2025/12/26 05:40,05F0055S,05F0287S,41,0,0
2025/12/26 05:40,05F0055S,05F0287S,42,0,0
2025/12/26 05:40,05F0055S,05F0287S,5,0,0
2025/12/26 05:40,05F0287S,05F0309S,31,86,12
2025/12/26 05:40,05F0287S,05F0309S,32,85,9
2025/12/26 05:40,05F0287S,05F0309S,41,0,0
2025/12/26 05:40,05F0287S,05F0309S,42,0,0
2025/12/26 05:40,05F0287S,05F0309S,5,0,0
2025/12/26 05:40,05F0309S,05F0439S,31,479,5
2025/12/26 05:40,05F0309S,05F0439S,32,513,4
2025/12/26 05:40,05F0309S,05F0439S,41,0,0
2025/12/26 05:40,05F0309S,05F0439S,42,538,1
2025/12/26 05:40,05F0309S,05F0439S,5,595,1
2025/12/26 05:40,05F0439S,05F0494S,31,206,2
2025/12/26 05:40,05F0439S,05F0494S,32,214,9
2025/12/26 05:40,05F0439S,05F0494S,41,0,0
2025/12/26 05:40,05F0439S,05F0494S,42,0,0
2025/12/26 05:40,05F0439S,05F0494S,5,0,0
2025/12/26 05:45,05F0000S,05F0055S,31,227,27
2025/12/26 05:45,05F0000S,05F0055S,32,237,21
2025/12/26 05:45,05F0000S,05F0055S,41,228,1
2025/12/26 05:45,05F0000S,05F0055S,42,0,0
2025/12/26 05:45,05F0000S,05F0055S,5,0,0
2025/12/26 05:45,05F0055S,05F0287S,31,946,13
2025/12/26 05:45,05F0055S,05F0287S,32,970,17
2025/12/26 05:45,05F0055S,05F0287S,41,0,0
2025/12/26 05:45,05F0055S,05F0287S,42,0,0
2025/12/26 05:45,05F0055S,05F0287S,5,0,0
2025/12/26 05:45,05F0287S,05F0309S,31,87,12
2025/12/26 05:45,05F0287S,05F0309S,32,93,11
2025/12/26 05:45,05F0287S,05F0309S,41,0,0
2025/12/26 05:45,05F0287S,05F0309S,42,0,0
2025/12/26 05:45,05F0287S,05F0309S,5,0,0
2025/12/26 05:45,05F0309S,05F0439S,31,485,7
2025/12/26 05:45,05F0309S,05F0439S,32,523,4
2025/12/26 05:45,05F0309S,05F0439S,41,0,0
2025/12/26 05:45,05F0309S,05F0439S,42,562,2
2025/12/26 05:45,05F0309S,05F0439S,5,540,2
2025/12/26 05:45,05F0439S,05F0494S,31,209,11
2025/12/26 05:45,05F0439S,05F0494S,32,215,3
2025/12/26 05:45,05F0439S,05F0494S,41,0,0
2025/12/26 05:45,05F0439S,05F0494S,42,239,2
2025/12/26 05:45,05F0439S,05F0494S,5,226,1
2025/12/26 05:50,05F0000S,05F0055S,31,234,25
2025/12/26 05:50,05F0000S,05F0055S,32,226,9
2025/12/26 05:50,05F0000S,05F0055S,41,0,0
2025/12/26 05:50,05F0000S,05F0055S,42,0,0
2025/12/26 05:50,05F0000S,05F0055S,5,0,0
2025/12/26 05:50,05F0055S,05F0287S,31,939,20
2025/12/26 05:50,05F0055S,05F0287S,32,932,10
2025/12/26 05:50,05F0055S,05F0287S,41,0,0
2025/12/26 05:50,05F0055S,05F0287S,42,0,0
2025/12/26 05:50,05F0055S,05F0287S,5,0,0
2025/12/26 05:50,05F0287S,05F0309S,31,82,12
2025/12/26 05:50,05F0287S,05F0309S,32,84,12
2025/12/26 05:50,05F0287S,05F0309S,41,0,0
2025/12/26 05:50,05F0287S,05F0309S,42,0,0
2025/12/26 05:50,05F0287S,05F0309S,5,0,0
2025/12/26 05:50,05F0309S,05F0439S,31,486,12
2025/12/26 05:50,05F0309S,05F0439S,32,468,2
2025/12/26 05:50,05F0309S,05F0439S,41,0,0
2025/12/26 05:50,05F0309S,05F0439S,42,0,0
2025/12/26 05:50,05F0309S,05F0439S,5,530,4
2025/12/26 05:50,05F0439S,05F0494S,31,208,5
2025/12/26 05:50,05F0439S,05F0494S,32,197,2
2025/12/26 05:50,05F0439S,05F0494S,41,0,0
2025/12/26 05:50,05F0439S,05F0494S,42,224,1
2025/12/26 05:50,05F0439S,05F0494S,5,227,4
2025/12/26 05:55,05F0000S,05F0055S,31,239,24
2025/12/26 05:55,05F0000S,05F0055S,32,237,7
2025/12/26 05:55,05F0000S,05F0055S,41,0,0
2025/12/26 05:55,05F0000S,05F0055S,42,0,0
2025/12/26 05:55,05F0000S,05F0055S,5,0,0
2025/12/26 05:55,05F0055S,05F0287S,31,948,19
2025/12/26 05:55,05F0055S,05F0287S,32,983,13
2025/12/26 05:55,05F0055S,05F0287S,41,0,0
2025/12/26 05:55,05F0055S,05F0287S,42,0,0
2025/12/26 05:55,05F0055S,05F0287S,5,0,0
2025/12/26 05:55,05F0287S,05F0309S,31,90,12
2025/12/26 05:55,05F0287S,05F0309S,32,88,8
2025/12/26 05:55,05F0287S,05F0309S,41,0,0
2025/12/26 05:55,05F0287S,05F0309S,42,0,0
2025/12/26 05:55,05F0287S,05F0309S,5,0,0
2025/12/26 05:55,05F0309S,05F0439S,31,454,8
2025/12/26 05:55,05F0309S,05F0439S,32,486,10
2025/12/26 05:55,05F0309S,05F0439S,41,0,0
2025/12/26 05:55,05F0309S,05F0439S,42,510,2
2025/12/26 05:55,05F0309S,05F0439S,5,501,5
2025/12/26 05:55,05F0439S,05F0494S,31,202,4
2025/12/26 05:55,05F0439S,05F0494S,32,202,4
2025/12/26 05:55,05F0439S,05F0494S,41,220,1
2025/12/26 05:55,05F0439S,05F0494S,42,0,0
2025/12/26 05:55,05F0439S,05F0494S,5,225,3
2025/12/26 06:00,05F0000S,05F0055S,31,233,26
2025/12/26 06:00,05F0000S,05F0055S,32,237,13
2025/12/26 06:00,05F0000S,05F0055S,41,0,0
2025/12/26 06:00,05F0000S,05F0055S,42,0,0
2025/12/26 06:00,05F0000S,05F0055S,5,0,0
2025/12/26 06:00,05F0055S,05F0287S,31,935,19
2025/12/26 06:00,05F0055S,05F0287S,32,954,14
2025/12/26 06:00,05F0055S,05F0287S,41,987,1
2025/12/26 06:00,05F0055S,05F0287S,42,0,0
2025/12/26 06:00,05F0055S,05F0287S,5,0,0
2025/12/26 06:00,05F0287S,05F0309S,31,85,14
2025/12/26 06:00,05F0287S,05F0309S,32,88,13
2025/12/26 06:00,05F0287S,05F0309S,41,0,0
2025/12/26 06:00,05F0287S,05F0309S,42,0,0
2025/12/26 06:00,05F0287S,05F0309S,5,0,0
2025/12/26 06:00,05F0309S,05F0439S,31,510,7
2025/12/26 06:00,05F0309S,05F0439S,32,492,5
2025/12/26 06:00,05F0309S,05F0439S,41,0,0
2025/12/26 06:00,05F0309S,05F0439S,42,544,2
2025/12/26 06:00,05F0309S,05F0439S,5,537,3
2025/12/26 06:00,05F0439S,05F0494S,31,197,6
2025/12/26 06:00,05F0439S,05F0494S,32,216,4
2025/12/26 06:00,05F0439S,05F0494S,41,253,1
2025/12/26 06:00,05F0439S,05F0494S,42,232,1
2025/12/26 06:00,05F0439S,05F0494S,5,221,3
2025/12/26 06:05,05F0000S,05F0055S,31,230,36
2025/12/26 06:05,05F0000S,05F0055S,32,239,16
2025/12/26 06:05,05F0000S,05F0055S,41,0,0
2025/12/26 06:05,05F0000S,05F0055S,42,0,0
2025/12/26 06:05,05F0000S,05F0055S,5,0,0
2025/12/26 06:05,05F0055S,05F0287S,31,952,30
2025/12/26 06:05,05F0055S,05F0287S,32,942,16
2025/12/26 06:05,05F0055S,05F0287S,41,0,0
2025/12/26 06:05,05F0055S,05F0287S,42,0,0
2025/12/26 06:05,05F0055S,05F0287S,5,0,0
2025/12/26 06:05,05F0287S,05F0309S,31,88,17
2025/12/26 06:05,05F0287S,05F0309S,32,85,13
2025/12/26 06:05,05F0287S,05F0309S,41,0,0
2025/12/26 06:05,05F0287S,05F0309S,42,0,0
2025/12/26 06:05,05F0287S,05F0309S,5,0,0
2025/12/26 06:05,05F0309S,05F0439S,31,484,9
2025/12/26 06:05,05F0309S,05F0439S,32,488,4
2025/12/26 06:05,05F0309S,05F0439S,41,0,0
2025/12/26 06:05,05F0309S,05F0439S,42,527,1
2025/12/26 06:05,05F0309S,05F0439S,5,532,4
2025/12/26 06:05,05F0439S,05F0494S,31,211,7
2025/12/26 06:05,05F0439S,05F0494S,32,215,2
2025/12/26 06:05,05F0439S,05F0494S,41,0,0
2025/12/26 06:05,05F0439S,05F0494S,42,234,2
2025/12/26 06:05,05F0439S,05F0494S,5,0,0
2025/12/26 06:10,05F0000S,05F0055S,31,236,31
2025/12/26 06:10,05F0000S,05F0055S,32,244,10
2025/12/26 06:10,05F0000S,05F0055S,41,234,3
2025/12/26 06:10,05F0000S,05F0055S,42,0,0
2025/12/26 06:10,05F0000S,05F0055S,5,0,0
2025/12/26 06:10,05F0055S,05F0287S,31,950,25
2025/12/26 06:10,05F0055S,05F0287S,32,951,13
2025/12/26 06:10,05F0055S,05F0287S,41,0,0
2025/12/26 06:10,05F0055S,05F0287S,42,0,0
2025/12/26 06:10,05F0055S,05F0287S,5,0,0
2025/12/26 06:10,05F0287S,05F0309S,31,86,24
2025/12/26 06:10,05F0287S,05F0309S,32,91,9
2025/12/26 06:10,05F0287S,05F0309S,41,0,0
2025/12/26 06:10,05F0287S,05F0309S,42,0,0
2025/12/26 06:10,05F0287S,05F0309S,5,0,0
2025/12/26 06:10,05F0309S,05F0439S,31,481,9
2025/12/26 06:10,05F0309S,05F0439S,32,475,9
2025/12/26 06:10,05F0309S,05F0439S,41,0,0
2025/12/26 06:10,05F0309S,05F0439S,42,0,0
2025/12/26 06:10,05F0309S,05F0439S,5,548,5
2025/12/26 06:10,05F0439S,05F0494S,31,208,8
2025/12/26 06:10,05F0439S,05F0494S,32,215,5
2025/12/26 06:10,05F0439S,05F0494S,41,0,0
2025/12/26 06:10,05F0439S,05F0494S,42,0,0
2025/12/26 06:10,05F0439S,05F0494S,5,221,4
2025/12/26 06:15,05F0000S,05F0055S,31,236,38
2025/12/26 06:15,05F0000S,05F0055S,32,244,13
2025/12/26 06:15,05F0000S,05F0055S,41,0,0
2025/12/26 06:15,05F0000S,05F0055S,42,0,0
2025/12/26 06:15,05F0000S,05F0055S,5,0,0
2025/12/26 06:15,05F0055S,05F0287S,31,922,21
2025/12/26 06:15,05F0055S,05F0287S,32,929,10
2025/12/26 06:15,05F0055S,05F0287S,41,0,0
2025/12/26 06:15,05F0055S,05F0287S,42,0,0
2025/12/26 06:15,05F0055S,05F0287S,5,0,0
2025/12/26 06:15,05F0287S,05F0309S,31,85,23
2025/12/26 06:15,05F0287S,05F0309S,32,84,10
2025/12/26 06:15,05F0287S,05F0309S,41,0,0
2025/12/26 06:15,05F0287S,05F0309S,42,0,0
2025/12/26 06:15,05F0287S,05F0309S,5,0,0
2025/12/26 06:15,05F0309S,05F0439S,31,472,15
2025/12/26 06:15,05F0309S,05F0439S,32,470,8
2025/12/26 06:15,05F0309S,05F0439S,41,0,0
2025/12/26 06:15,05F0309S,05F0439S,42,602,2
2025/12/26 06:15,05F0309S,05F0439S,5,537,4
2025/12/26 06:15,05F0439S,05F0494S,31,206,7
2025/12/26 06:15,05F0439S,05F0494S,32,196,9
2025/12/26 06:15,05F0439S,05F0494S,41,0,0
2025/12/26 06:15,05F0439S,05F0494S,42,0,0
2025/12/26 06:15,05F0439S,05F0494S,5,227,4
2025/12/26 06:20,05F0000S,05F0055S,31,238,47
2025/12/26 06:20,05F0000S,05F0055S,32,249,23
2025/12/26 06:20,05F0000S,05F0055S,41,267,1
2025/12/26 06:20,05F0000S,05F0055S,42,0,0
2025/12/26 06:20,05F0000S,05F0055S,5,0,0
2025/12/26 06:20,05F0055S,05F0287S,31,935,41
2025/12/26 06:20,05F0055S,05F0287S,32,979,12
2025/12/26 06:20,05F0055S,05F0287S,41,0,0
2025/12/26 06:20,05F0055S,05F0287S,42,0,0
2025/12/26 06:20,05F0055S,05F0287S,5,0,0
2025/12/26 06:20,05F0287S,05F0309S,31,86,21
2025/12/26 06:20,05F0287S,05F0309S,32,91,11
2025/12/26 06:20,05F0287S,05F0309S,41,0,0
2025/12/26 06:20,05F0287S,05F0309S,42,0,0
2025/12/26 06:20,05F0287S,05F0309S,5,0,0
2025/12/26 06:20,05F0309S,05F0439S,31,466,17
2025/12/26 06:20,05F0309S,05F0439S,32,480,8
2025/12/26 06:20,05F0309S,05F0439S,41,0,0
2025/12/26 06:20,05F0309S,05F0439S,42,0,0
2025/12/26 06:20,05F0309S,05F0439S,5,558,2
2025/12/26 06:20,05F0439S,05F0494S,31,200,10
2025/12/26 06:20,05F0439S,05F0494S,32,221,6
2025/12/26 06:20,05F0439S,05F0494S,41,0,0
2025/12/26 06:20,05F0439S,05F0494S,42,248,1
2025/12/26 06:20,05F0439S,05F0494S,5,223,2
2025/12/26 06:25,05F0000S,05F0055S,31,234,44
2025/12/26 06:25,05F0000S,05F0055S,32,239,15
2025/12/26 06:25,05F0000S,05F0055S,41,0,0
2025/12/26 06:25,05F0000S,05F0055S,42,0,0
2025/12/26 06:25,05F0000S,05F0055S,5,0,0
2025/12/26 06:25,05F0055S,05F0287S,31,943,35
2025/12/26 06:25,05F0055S,05F0287S,32,963,16
2025/12/26 06:25,05F0055S,05F0287S,41,968,3
2025/12/26 06:25,05F0055S,05F0287S,42,0,0
2025/12/26 06:25,05F0055S,05F0287S,5,0,0
2025/12/26 06:25,05F0287S,05F0309S,31,85,19
2025/12/26 06:25,05F0287S,05F0309S,32,86,12
2025/12/26 06:25,05F0287S,05F0309S,41,90,2
2025/12/26 06:25,05F0287S,05F0309S,42,0,0
2025/12/26 06:25,05F0287S,05F0309S,5,0,0
2025/12/26 06:25,05F0309S,05F0439S,31,483,13
2025/12/26 06:25,05F0309S,05F0439S,32,481,4
2025/12/26 06:25,05F0309S,05F0439S,41,0,0
2025/12/26 06:25,05F0309S,05F0439S,42,0,0
2025/12/26 06:25,05F0309S,05F0439S,5,555,1
2025/12/26 06:25,05F0439S,05F0494S,31,200,11
2025/12/26 06:25,05F0439S,05F0494S,32,205,6
2025/12/26 06:25,05F0439S,05F0494S,41,0,0
2025/12/26 06:25,05F0439S,05F0494S,42,0,0
2025/12/26 06:25,05F0439S,05F0494S,5,223,1
2025/12/26 06:30,05F0000S,05F0055S,31,241,56
2025/12/26 06:30,05F0000S,05F0055S,32,245,22
2025/12/26 06:30,05F0000S,05F0055S,41,244,2
2025/12/26 06:30,05F0000S,05F0055S,42,0,0
2025/12/26 06:30,05F0000S,05F0055S,5,0,0
2025/12/26 06:30,05F0055S,05F0287S,31,948,37
2025/12/26 06:30,05F0055S,05F0287S,32,967,13
2025/12/26 06:30,05F0055S,05F0287S,41,0,0
2025/12/26 06:30,05F0055S,05F0287S,42,0,0
2025/12/26 06:30,05F0055S,05F0287S,5,0,0
2025/12/26 06:30,05F0287S,05F0309S,31,83,32
2025/12/26 06:30,05F0287S,05F0309S,32,85,11
2025/12/26 06:30,05F0287S,05F0309S,41,84,1
2025/12/26 06:30,05F0287S,05F0309S,42,0,0
2025/12/26 06:30,05F0287S,05F0309S,5,0,0
2025/12/26 06:30,05F0309S,05F0439S,31,492,19
2025/12/26 06:30,05F0309S,05F0439S,32,499,10
2025/12/26 06:30,05F0309S,05F0439S,41,0,0
2025/12/26 06:30,05F0309S,05F0439S,42,575,1
2025/12/26 06:30,05F0309S,05F0439S,5,566,1
2025/12/26 06:30,05F0439S,05F0494S,31,199,11
2025/12/26 06:30,05F0439S,05F0494S,32,199,5
2025/12/26 06:30,05F0439S,05F0494S,41,0,0
2025/12/26 06:30,05F0439S,05F0494S,42,0,0
2025/12/26 06:30,05F0439S,05F0494S,5,0,0
2025/12/26 06:35,05F0000S,05F0055S,31,241,58
2025/12/26 06:35,05F0000S,05F0055S,32,241,28
2025/12/26 06:35,05F0000S,05F0055S,41,241,1
2025/12/26 06:35,05F0000S,05F0055S,42,0,0
2025/12/26 06:35,05F0000S,05F0055S,5,0,0
2025/12/26 06:35,05F0055S,05F0287S,31,971,37
2025/12/26 06:35,05F0055S,05F0287S,32,982,19
2025/12/26 06:35,05F0055S,05F0287S,41,0,0
2025/12/26 06:35,05F0055S,05F0287S,42,0,0
2025/12/26 06:35,05F0055S,05F0287S,5,0,0
2025/12/26 06:35,05F0287S,05F0309S,31,84,38
2025/12/26 06:35,05F0287S,05F0309S,32,94,17
2025/12/26 06:35,05F0287S,05F0309S,41,0,0
2025/12/26 06:35,05F0287S,05F0309S,42,0,0
2025/12/26 06:35,05F0287S,05F0309S,5,0,0
2025/12/26 06:35,05F0309S,05F0439S,31,480,15
2025/12/26 06:35,05F0309S,05F0439S,32,480,7
2025/12/26 06:35,05F0309S,05F0439S,41,512,2
2025/12/26 06:35,05F0309S,05F0439S,42,553,1
2025/12/26 06:35,05F0309S,05F0439S,5,516,8
2025/12/26 06:35,05F0439S,05F0494S,31,206,15
2025/12/26 06:35,05F0439S,05F0494S,32,213,4
2025/12/26 06:35,05F0439S,05F0494S,41,0,0
2025/12/26 06:35,05F0439S,05F0494S,42,244,1
2025/12/26 06:35,05F0439S,05F0494S,5,207,2
2025/12/26 06:40,05F0000S,05F0055S,31,242,63
2025/12/26 06:40,05F0000S,05F0055S,32,243,16
2025/12/26 06:40,05F0000S,05F0055S,41,247,2
2025/12/26 06:40,05F0000S,05F0055S,42,0,0
2025/12/26 06:40,05F0000S,05F0055S,5,0,0
2025/12/26 06:40,05F0055S,05F0287S,31,969,53
2025/12/26 06:40,05F0055S,05F0287S,32,993,24
2025/12/26 06:40,05F0055S,05F0287S,41,1021,1
2025/12/26 06:40,05F0055S,05F0287S,42,0,0
2025/12/26 06:40,05F0055S,05F0287S,5,0,0
2025/12/26 06:40,05F0287S,05F0309S,31,85,41
2025/12/26 06:40,05F0287S,05F0309S,32,86,15
2025/12/26 06:40,05F0287S,05F0309S,41,98,1
2025/12/26 06:40,05F0287S,05F0309S,42,0,0
2025/12/26 06:40,05F0287S,05F0309S,5,0,0
2025/12/26 06:40,05F0309S,05F0439S,31,477,22
2025/12/26 06:40,05F0309S,05F0439S,32,485,10
2025/12/26 06:40,05F0309S,05F0439S,41,0,0
2025/12/26 06:40,05F0309S,05F0439S,42,569,1
2025/12/26 06:40,05F0309S,05F0439S,5,510,6
2025/12/26 06:40,05F0439S,05F0494S,31,205,17
2025/12/26 06:40,05F0439S,05F0494S,32,208,5
2025/12/26 06:40,05F0439S,05F0494S,41,0,0
2025/12/26 06:40,05F0439S,05F0494S,42,0,0
2025/12/26 06:40,05F0439S,05F0494S,5,216,5
2025/12/26 06:45,05F0000S,05F0055S,31,244,69
2025/12/26 06:45,05F0000S,05F0055S,32,244,24
2025/12/26 06:45,05F0000S,05F0055S,41,265,3
2025/12/26 06:45,05F0000S,05F0055S,42,0,0
2025/12/26 06:45,05F0000S,05F0055S,5,0,0
2025/12/26 06:45,05F0055S,05F0287S,31,963,54
2025/12/26 06:45,05F0055S,05F0287S,32,970,23
2025/12/26 06:45,05F0055S,05F0287S,41,1004,2
2025/12/26 06:45,05F0055S,05F0287S,42,0,0
2025/12/26 06:45,05F0055S,05F0287S,5,0,0
2025/12/26 06:45,05F0287S,05F0309S,31,87,33
2025/12/26 06:45,05F0287S,05F0309S,32,85,22
2025/12/26 06:45,05F0287S,05F0309S,41,0,0
2025/12/26 06:45,05F0287S,05F0309S,42,0,0
2025/12/26 06:45,05F0287S,05F0309S,5,0,0
2025/12/26 06:45,05F0309S,05F0439S,31,485,25
2025/12/26 06:45,05F0309S,05F0439S,32,508,17
2025/12/26 06:45,05F0309S,05F0439S,41,0,0
2025/12/26 06:45,05F0309S,05F0439S,42,556,2
2025/12/26 06:45,05F0309S,05F0439S,5,491,3
2025/12/26 06:45,05F0439S,05F0494S,31,216,19
2025/12/26 06:45,05F0439S,05F0494S,32,216,7
2025/12/26 06:45,05F0439S,05F0494S,41,0,0
2025/12/26 06:45,05F0439S,05F0494S,42,0,0
2025/12/26 06:45,05F0439S,05F0494S,5,217,6
2025/12/26 06:50,05F0000S,05F0055S,31,236,72
2025/12/26 06:50,05F0000S,05F0055S,32,236,33
2025/12/26 06:50,05F0000S,05F0055S,41,248,1
2025/12/26 06:50,05F0000S,05F0055S,42,0,0
2025/12/26 06:50,05F0000S,05F0055S,5,0,0
2025/12/26 06:50,05F0055S,05F0287S,31,982,61
2025/12/26 06:50,05F0055S,05F0287S,32,970,25
2025/12/26 06:50,05F0055S,05F0287S,41,1048,1
2025/12/26 06:50,05F0055S,05F0287S,42,0,0
2025/12/26 06:50,05F0055S,05F0287S,5,0,0
2025/12/26 06:50,05F0287S,05F0309S,31,85,40
2025/12/26 06:50,05F0287S,05F0309S,32,87,17
2025/12/26 06:50,05F0287S,05F0309S,41,0,0
2025/12/26 06:50,05F0287S,05F0309S,42,0,0
2025/12/26 06:50,05F0287S,05F0309S,5,0,0
2025/12/26 06:50,05F0309S,05F0439S,31,479,29
2025/12/26 06:50,05F0309S,05F0439S,32,481,8
2025/12/26 06:50,05F0309S,05F0439S,41,571,1
2025/12/26 06:50,05F0309S,05F0439S,42,523,3
2025/12/26 06:50,05F0309S,05F0439S,5,502,2
2025/12/26 06:50,05F0439S,05F0494S,31,200,25
2025/12/26 06:50,05F0439S,05F0494S,32,199,9
2025/12/26 06:50,05F0439S,05F0494S,41,0,0
2025/12/26 06:50,05F0439S,05F0494S,42,245,1
2025/12/26 06:50,05F0439S,05F0494S,5,257,1
2025/12/26 06:55,05F0000S,05F0055S,31,241,59
2025/12/26 06:55,05F0000S,05F0055S,32,244,27
2025/12/26 06:55,05F0000S,05F0055S,41,256,2
2025/12/26 06:55,05F0000S,05F0055S,42,0,0
2025/12/26 06:55,05F0000S,05F0055S,5,0,0
2025/12/26 06:55,05F0055S,05F0287S,31,960,57
2025/12/26 06:55,05F0055S,05F0287S,32,982,21
2025/12/26 06:55,05F0055S,05F0287S,41,992,2
2025/12/26 06:55,05F0055S,05F0287S,42,0,0
2025/12/26 06:55,05F0055S,05F0287S,5,0,0
2025/12/26 06:55,05F0287S,05F0309S,31,86,53
2025/12/26 06:55,05F0287S,05F0309S,32,91,19
2025/12/26 06:55,05F0287S,05F0309S,41,93,3
2025/12/26 06:55,05F0287S,05F0309S,42,0,0
2025/12/26 06:55,05F0287S,05F0309S,5,0,0
2025/12/26 06:55,05F0309S,05F0439S,31,486,35
2025/12/26 06:55,05F0309S,05F0439S,32,493,15
2025/12/26 06:55,05F0309S,05F0439S,41,0,0
2025/12/26 06:55,05F0309S,05F0439S,42,601,2
2025/12/26 06:55,05F0309S,05F0439S,5,527,3
2025/12/26 06:55,05F0439S,05F0494S,31,201,18
2025/12/26 06:55,05F0439S,05F0494S,32,206,8
2025/12/26 06:55,05F0439S,05F0494S,41,0,0
2025/12/26 06:55,05F0439S,05F0494S,42,222,1
2025/12/26 06:55,05F0439S,05F0494S,5,205,4
2025/12/26 07:00,05F0000S,05F0055S,31,241,67
2025/12/26 07:00,05F0000S,05F0055S,32,246,27
2025/12/26 07:00,05F0000S,05F0055S,41,257,4
2025/12/26 07:00,05F0000S,05F0055S,42,0,0
2025/12/26 07:00,05F0000S,05F0055S,5,0,0
2025/12/26 07:00,05F0055S,05F0287S,31,962,74
2025/12/26 07:00,05F0055S,05F0287S,32,984,25
2025/12/26 07:00,05F0055S,05F0287S,41,986,1
2025/12/26 07:00,05F0055S,05F0287S,42,0,0
2025/12/26 07:00,05F0055S,05F0287S,5,0,0
2025/12/26 07:00,05F0287S,05F0309S,31,84,46
2025/12/26 07:00,05F0287S,05F0309S,32,88,19
2025/12/26 07:00,05F0287S,05F0309S,41,94,1
2025/12/26 07:00,05F0287S,05F0309S,42,0,0
2025/12/26 07:00,05F0287S,05F0309S,5,0,0
2025/12/26 07:00,05F0309S,05F0439S,31,489,27
2025/12/26 07:00,05F0309S,05F0439S,32,511,12
2025/12/26 07:00,05F0309S,05F0439S,41,539,1
2025/12/26 07:00,05F0309S,05F0439S,42,564,1
2025/12/26 07:00,05F0309S,05F0439S,5,597,1
2025/12/26 07:00,05F0439S,05F0494S,31,205,24
2025/12/26 07:00,05F0439S,05F0494S,32,209,13
2025/12/26 07:00,05F0439S,05F0494S,41,0,0
2025/12/26 07:00,05F0439S,05F0494S,42,215,1
2025/12/26 07:00,05F0439S,05F0494S,5,194,3
2025/12/26 07:05,05F0000S,05F0055S,31,243,63
2025/12/26 07:05,05F0000S,05F0055S,32,245,34
2025/12/26 07:05,05F0000S,05F0055S,41,254,5
2025/12/26 07:05,05F0000S,05F0055S,42,0,0
2025/12/26 07:05,05F0000S,05F0055S,5,0,0
2025/12/26 07:05,05F0055S,05F0287S,31,979,74
2025/12/26 07:05,05F0055S,05F0287S,32,984,34
2025/12/26 07:05,05F0055S,05F0287S,41,1004,3
2025/12/26 07:05,05F0055S,05F0287S,42,0,0
2025/12/26 07:05,05F0055S,05F0287S,5,0,0
2025/12/26 07:05,05F0287S,05F0309S,31,85,51
2025/12/26 07:05,05F0287S,05F0309S,32,87,19
2025/12/26 07:05,05F0287S,05F0309S,41,92,2
2025/12/26 07:05,05F0287S,05F0309S,42,0,0
2025/12/26 07:05,05F0287S,05F0309S,5,0,0
2025/12/26 07:05,05F0309S,05F0439S,31,488,33
2025/12/26 07:05,05F0309S,05F0439S,32,495,18
2025/12/26 07:05,05F0309S,05F0439S,41,529,1
2025/12/26 07:05,05F0309S,05F0439S,42,560,1
2025/12/26 07:05,05F0309S,05F0439S,5,498,2
2025/12/26 07:05,05F0439S,05F0494S,31,207,28
2025/12/26 07:05,05F0439S,05F0494S,32,218,6
2025/12/26 07:05,05F0439S,05F0494S,41,0,0
2025/12/26 07:05,05F0439S,05F0494S,42,0,0
2025/12/26 07:05,05F0439S,05F0494S,5,210,2
2025/12/26 07:10,05F0000S,05F0055S,31,247,62
2025/12/26 07:10,05F0000S,05F0055S,32,245,34
2025/12/26 07:10,05F0000S,05F0055S,41,0,0
2025/12/26 07:10,05F0000S,05F0055S,42,0,0
2025/12/26 07:10,05F0000S,05F0055S,5,0,0
2025/12/26 07:10,05F0055S,05F0287S,31,969,54
2025/12/26 07:10,05F0055S,05F0287S,32,980,26
2025/12/26 07:10,05F0055S,05F0287S,41,980,1
2025/12/26 07:10,05F0055S,05F0287S,42,0,0
2025/12/26 07:10,05F0055S,05F0287S,5,0,0
2025/12/26 07:10,05F0287S,05F0309S,31,86,44
2025/12/26 07:10,05F0287S,05F0309S,32,88,24
2025/12/26 07:10,05F0287S,05F0309S,41,95,1
2025/12/26 07:10,05F0287S,05F0309S,42,0,0
2025/12/26 07:10,05F0287S,05F0309S,5,0,0
2025/12/26 07:10,05F0309S,05F0439S,31,486,35
2025/12/26 07:10,05F0309S,05F0439S,32,498,12
2025/12/26 07:10,05F0309S,05F0439S,41,511,1
2025/12/26 07:10,05F0309S,05F0439S,42,0,0
2025/12/26 07:10,05F0309S,05F0439S,5,534,6
2025/12/26 07:10,05F0439S,05F0494S,31,200,32
2025/12/26 07:10,05F0439S,05F0494S,32,210,13
2025/12/26 07:10,05F0439S,05F0494S,41,0,0
2025/12/26 07:10,05F0439S,05F0494S,42,322,1
2025/12/26 07:10,05F0439S,05F0494S,5,214,3
2025/12/26 07:15,05F0000S,05F0055S,31,241,61
2025/12/26 07:15,05F0000S,05F0055S,32,242,27
2025/12/26 07:15,05F0000S,05F0055S,41,244,3
2025/12/26 07:15,05F0000S,05F0055S,42,0,0
2025/12/26 07:15,05F0000S,05F0055S,5,0,0
2025/12/26 07:15,05F0055S,05F0287S,31,974,77
2025/12/26 07:15,05F0055S,05F0287S,32,979,32
2025/12/26 07:15,05F0055S,05F0287S,41,1048,3
2025/12/26 07:15,05F0055S,05F0287S,42,0,0
2025/12/26 07:15,05F0055S,05F0287S,5,0,0
2025/12/26 07:15,05F0287S,05F0309S,31,85,49
2025/12/26 07:15,05F0287S,05F0309S,32,86,21
2025/12/26 07:15,05F0287S,05F0309S,41,99,1
2025/12/26 07:15,05F0287S,05F0309S,42,0,0
2025/12/26 07:15,05F0287S,05F0309S,5,0,0
2025/12/26 07:15,05F0309S,05F0439S,31,484,48
2025/12/26 07:15,05F0309S,05F0439S,32,498,19
2025/12/26 07:15,05F0309S,05F0439S,41,528,2
2025/12/26 07:15,05F0309S,05F0439S,42,545,2
2025/12/26 07:15,05F0309S,05F0439S,5,527,6
2025/12/26 07:15,05F0439S,05F0494S,31,200,29
2025/12/26 07:15,05F0439S,05F0494S,32,202,12
2025/12/26 07:15,05F0439S,05F0494S,41,0,0
2025/12/26 07:15,05F0439S,05F0494S,42,233,1
2025/12/26 07:15,05F0439S,05F0494S,5,213,5
2025/12/26 07:20,05F0000S,05F0055S,31,236,42
2025/12/26 07:20,05F0000S,05F0055S,32,238,16
2025/12/26 07:20,05F0000S,05F0055S,41,1287,2
2025/12/26 07:20,05F0000S,05F0055S,42,2342,1
2025/12/26 07:20,05F0000S,05F0055S,5,0,0
2025/12/26 07:20,05F0055S,05F0287S,31,988,64
2025/12/26 07:20,05F0055S,05F0287S,32,1002,30
2025/12/26 07:20,05F0055S,05F0287S,41,1018,6
2025/12/26 07:20,05F0055S,05F0287S,42,0,0
2025/12/26 07:20,05F0055S,05F0287S,5,0,0
2025/12/26 07:20,05F0287S,05F0309S,31,88,49
2025/12/26 07:20,05F0287S,05F0309S,32,88,19
2025/12/26 07:20,05F0287S,05F0309S,41,94,5
2025/12/26 07:20,05F0287S,05F0309S,42,0,0
2025/12/26 07:20,05F0287S,05F0309S,5,0,0
2025/12/26 07:20,05F0309S,05F0439S,31,491,38
2025/12/26 07:20,05F0309S,05F0439S,32,486,11
2025/12/26 07:20,05F0309S,05F0439S,41,0,0
2025/12/26 07:20,05F0309S,05F0439S,42,540,2
2025/12/26 07:20,05F0309S,05F0439S,5,532,10
2025/12/26 07:20,05F0439S,05F0494S,31,197,47
2025/12/26 07:20,05F0439S,05F0494S,32,203,16
2025/12/26 07:20,05F0439S,05F0494S,41,0,0
2025/12/26 07:20,05F0439S,05F0494S,42,209,1
2025/12/26 07:20,05F0439S,05F0494S,5,236,10
2025/12/26 07:25,05F0000S,05F0055S,31,245,62
2025/12/26 07:25,05F0000S,05F0055S,32,244,29
2025/12/26 07:25,05F0000S,05F0055S,41,249,6
2025/12/26 07:25,05F0000S,05F0055S,42,0,0
2025/12/26 07:25,05F0000S,05F0055S,5,0,0
2025/12/26 07:25,05F0055S,05F0287S,31,980,66
2025/12/26 07:25,05F0055S,05F0287S,32,980,40
2025/12/26 07:25,05F0055S,05F0287S,41,988,1
2025/12/26 07:25,05F0055S,05F0287S,42,0,0
2025/12/26 07:25,05F0055S,05F0287S,5,0,0
2025/12/26 07:25,05F0287S,05F0309S,31,91,54
2025/12/26 07:25,05F0287S,05F0309S,32,91,25
2025/12/26 07:25,05F0287S,05F0309S,41,97,2
2025/12/26 07:25,05F0287S,05F0309S,42,0,0
2025/12/26 07:25,05F0287S,05F0309S,5,0,0
2025/12/26 07:25,05F0309S,05F0439S,31,485,52
2025/12/26 07:25,05F0309S,05F0439S,32,525,15
2025/12/26 07:25,05F0309S,05F0439S,41,551,3
2025/12/26 07:25,05F0309S,05F0439S,42,546,5
2025/12/26 07:25,05F0309S,05F0439S,5,511,3
2025/12/26 07:25,05F0439S,05F0494S,31,207,58
2025/12/26 07:25,05F0439S,05F0494S,32,218,16
2025/12/26 07:25,05F0439S,05F0494S,41,0,0
2025/12/26 07:25,05F0439S,05F0494S,42,202,3
2025/12/26 07:25,05F0439S,05F0494S,5,219,7
2025/12/26 07:30,05F0000S,05F0055S,31,238,62
2025/12/26 07:30,05F0000S,05F0055S,32,237,32
2025/12/26 07:30,05F0000S,05F0055S,41,243,4
2025/12/26 07:30,05F0000S,05F0055S,42,0,0
2025/12/26 07:30,05F0000S,05F0055S,5,0,0
2025/12/26 07:30,05F0055S,05F0287S,31,961,70
2025/12/26 07:30,05F0055S,05F0287S,32,967,27
2025/12/26 07:30,05F0055S,05F0287S,41,996,2
2025/12/26 07:30,05F0055S,05F0287S,42,0,0
2025/12/26 07:30,05F0055S,05F0287S,5,0,0
2025/12/26 07:30,05F0287S,05F0309S,31,85,55
2025/12/26 07:30,05F0287S,05F0309S,32,87,28
2025/12/26 07:30,05F0287S,05F0309S,41,92,1
2025/12/26 07:30,05F0287S,05F0309S,42,0,0
2025/12/26 07:30,05F0287S,05F0309S,5,0,0
2025/12/26 07:30,05F0309S,05F0439S,31,490,42
2025/12/26 07:30,05F0309S,05F0439S,32,520,23
2025/12/26 07:30,05F0309S,05F0439S,41,539,2
2025/12/26 07:30,05F0309S,05F0439S,42,553,2
2025/12/26 07:30,05F0309S,05F0439S,5,543,3
2025/12/26 07:30,05F0439S,05F0494S,31,201,50
2025/12/26 07:30,05F0439S,05F0494S,32,202,16
2025/12/26 07:30,05F0439S,05F0494S,41,240,1
2025/12/26 07:30,05F0439S,05F0494S,42,236,2
2025/12/26 07:30,05F0439S,05F0494S,5,219,6
2025/12/26 07:35,05F0000S,05F0055S,31,246,68
2025/12/26 07:35,05F0000S,05F0055S,32,249,15
2025/12/26 07:35,05F0000S,05F0055S,41,264,6
2025/12/26 07:35,05F0000S,05F0055S,42,0,0
2025/12/26 07:35,05F0000S,05F0055S,5,0,0
2025/12/26 07:35,05F0055S,05F0287S,31,950,58
2025/12/26 07:35,05F0055S,05F0287S,32,967,20
2025/12/26 07:35,05F0055S,05F0287S,41,982,1
2025/12/26 07:35,05F0055S,05F0287S,42,1088,1
2025/12/26 07:35,05F0055S,05F0287S,5,0,0
2025/12/26 07:35,05F0287S,05F0309S,31,86,39
2025/12/26 07:35,05F0287S,05F0309S,32,88,18
2025/12/26 07:35,05F0287S,05F0309S,41,94,1
2025/12/26 07:35,05F0287S,05F0309S,42,0,0
2025/12/26 07:35,05F0287S,05F0309S,5,0,0
2025/12/26 07:35,05F0309S,05F0439S,31,490,45
2025/12/26 07:35,05F0309S,05F0439S,32,510,23
2025/12/26 07:35,05F0309S,05F0439S,41,552,2
2025/12/26 07:35,05F0309S,05F0439S,42,630,3
2025/12/26 07:35,05F0309S,05F0439S,5,543,3
2025/12/26 07:35,05F0439S,05F0494S,31,209,52
2025/12/26 07:35,05F0439S,05F0494S,32,213,28
2025/12/26 07:35,05F0439S,05F0494S,41,0,0
2025/12/26 07:35,05F0439S,05F0494S,42,213,1
2025/12/26 07:35,05F0439S,05F0494S,5,213,1
2025/12/26 07:40,05F0000S,05F0055S,31,241,63
2025/12/26 07:40,05F0000S,05F0055S,32,250,23
2025/12/26 07:40,05F0000S,05F0055S,41,260,4
2025/12/26 07:40,05F0000S,05F0055S,42,0,0
2025/12/26 07:40,05F0000S,05F0055S,5,0,0
2025/12/26 07:40,05F0055S,05F0287S,31,978,62
2025/12/26 07:40,05F0055S,05F0287S,32,990,28
2025/12/26 07:40,05F0055S,05F0287S,41,1055,6
2025/12/26 07:40,05F0055S,05F0287S,42,0,0
2025/12/26 07:40,05F0055S,05F0287S,5,0,0
2025/12/26 07:40,05F0287S,05F0309S,31,88,43
2025/12/26 07:40,05F0287S,05F0309S,32,92,15
2025/12/26 07:40,05F0287S,05F0309S,41,93,5
2025/12/26 07:40,05F0287S,05F0309S,42,107,1
2025/12/26 07:40,05F0287S,05F0309S,5,0,0
2025/12/26 07:40,05F0309S,05F0439S,31,482,46
2025/12/26 07:40,05F0309S,05F0439S,32,494,24
2025/12/26 07:40,05F0309S,05F0439S,41,0,0
2025/12/26 07:40,05F0309S,05F0439S,42,517,1
2025/12/26 07:40,05F0309S,05F0439S,5,538,4
2025/12/26 07:40,05F0439S,05F0494S,31,204,55
2025/12/26 07:40,05F0439S,05F0494S,32,206,13
2025/12/26 07:40,05F0439S,05F0494S,41,0,0
2025/12/26 07:40,05F0439S,05F0494S,42,287,2
2025/12/26 07:40,05F0439S,05F0494S,5,228,3
2025/12/26 07:45,05F0000S,05F0055S,31,252,70
2025/12/26 07:45,05F0000S,05F0055S,32,258,21
2025/12/26 07:45,05F0000S,05F0055S,41,233,1
2025/12/26 07:45,05F0000S,05F0055S,42,0,0
2025/12/26 07:45,05F0000S,05F0055S,5,0,0
2025/12/26 07:45,05F0055S,05F0287S,31,987,69
2025/12/26 07:45,05F0055S,05F0287S,32,989,33
2025/12/26 07:45,05F0055S,05F0287S,41,1023,4
2025/12/26 07:45,05F0055S,05F0287S,42,0,0
2025/12/26 07:45,05F0055S,05F0287S,5,0,0
2025/12/26 07:45,05F0287S,05F0309S,31,88,45
2025/12/26 07:45,05F0287S,05F0309S,32,90,22
2025/12/26 07:45,05F0287S,05F0309S,41,91,3
2025/12/26 07:45,05F0287S,05F0309S,42,0,0
2025/12/26 07:45,05F0287S,05F0309S,5,0,0
2025/12/26 07:45,05F0309S,05F0439S,31,478,36
2025/12/26 07:45,05F0309S,05F0439S,32,493,12
2025/12/26 07:45,05F0309S,05F0439S,41,568,1
2025/12/26 07:45,05F0309S,05F0439S,42,523,3
2025/12/26 07:45,05F0309S,05F0439S,5,577,3
2025/12/26 07:45,05F0439S,05F0494S,31,199,54
2025/12/26 07:45,05F0439S,05F0494S,32,204,16
2025/12/26 07:45,05F0439S,05F0494S,41,0,0
2025/12/26 07:45,05F0439S,05F0494S,42,0,0
2025/12/26 07:45,05F0439S,05F0494S,5,228,3
2025/12/26 07:50,05F0000S,05F0055S,31,248,75
2025/12/26 07:50,05F0000S,05F0055S,32,250,17
2025/12/26 07:50,05F0000S,05F0055S,41,259,3
2025/12/26 07:50,05F0000S,05F0055S,42,0,0
2025/12/26 07:50,05F0000S,05F0055S,5,0,0
2025/12/26 07:50,05F0055S,05F0287S,31,983,59
2025/12/26 07:50,05F0055S,05F0287S,32,981,19
2025/12/26 07:50,05F0055S,05F0287S,41,1038,3
2025/12/26 07:50,05F0055S,05F0287S,42,0,0
2025/12/26 07:50,05F0055S,05F0287S,5,0,0
2025/12/26 07:50,05F0287S,05F0309S,31,86,45
2025/12/26 07:50,05F0287S,05F0309S,32,84,23
2025/12/26 07:50,05F0287S,05F0309S,41,93,3
2025/12/26 07:50,05F0287S,05F0309S,42,0,0
2025/12/26 07:50,05F0287S,05F0309S,5,0,0
2025/12/26 07:50,05F0309S,05F0439S,31,490,23
2025/12/26 07:50,05F0309S,05F0439S,32,513,16
2025/12/26 07:50,05F0309S,05F0439S,41,545,4
2025/12/26 07:50,05F0309S,05F0439S,42,510,1
2025/12/26 07:50,05F0309S,05F0439S,5,509,5
2025/12/26 07:50,05F0439S,05F0494S,31,199,35
2025/12/26 07:50,05F0439S,05F0494S,32,228,5
2025/12/26 07:50,05F0439S,05F0494S,41,242,1
2025/12/26 07:50,05F0439S,05F0494S,42,1440,2
2025/12/26 07:50,05F0439S,05F0494S,5,217,3
2025/12/26 07:55,05F0000S,05F0055S,31,242,61
2025/12/26 07:55,05F0000S,05F0055S,32,248,25
2025/12/26 07:55,05F0000S,05F0055S,41,256,5
2025/12/26 07:55,05F0000S,05F0055S,42,0,0
2025/12/26 07:55,05F0000S,05F0055S,5,0,0
2025/12/26 07:55,05F0055S,05F0287S,31,968,92
2025/12/26 07:55,05F0055S,05F0287S,32,978,35
2025/12/26 07:55,05F0055S,05F0287S,41,1024,8
2025/12/26 07:55,05F0055S,05F0287S,42,0,0
2025/12/26 07:55,05F0055S,05F0287S,5,0,0
2025/12/26 07:55,05F0287S,05F0309S,31,85,59
2025/12/26 07:55,05F0287S,05F0309S,32,88,22
2025/12/26 07:55,05F0287S,05F0309S,41,90,3
2025/12/26 07:55,05F0287S,05F0309S,42,0,0
2025/12/26 07:55,05F0287S,05F0309S,5,0,0
2025/12/26 07:55,05F0309S,05F0439S,31,486,37
2025/12/26 07:55,05F0309S,05F0439S,32,502,22
2025/12/26 07:55,05F0309S,05F0439S,41,506,3
2025/12/26 07:55,05F0309S,05F0439S,42,546,2
2025/12/26 07:55,05F0309S,05F0439S,5,515,5
2025/12/26 07:55,05F0439S,05F0494S,31,205,39
2025/12/26 07:55,05F0439S,05F0494S,32,223,17
2025/12/26 07:55,05F0439S,05F0494S,41,223,2
2025/12/26 07:55,05F0439S,05F0494S,42,0,0
2025/12/26 07:55,05F0439S,05F0494S,5,207,6
2025/12/26 08:00,05F0000S,05F0055S,31,247,58
2025/12/26 08:00,05F0000S,05F0055S,32,254,18
2025/12/26 08:00,05F0000S,05F0055S,41,253,6
2025/12/26 08:00,05F0000S,05F0055S,42,0,0
2025/12/26 08:00,05F0000S,05F0055S,5,0,0
2025/12/26 08:00,05F0055S,05F0287S,31,998,72
2025/12/26 08:00,05F0055S,05F0287S,32,997,22
2025/12/26 08:00,05F0055S,05F0287S,41,1024,2
2025/12/26 08:00,05F0055S,05F0287S,42,0,0
2025/12/26 08:00,05F0055S,05F0287S,5,0,0
2025/12/26 08:00,05F0287S,05F0309S,31,88,56
2025/12/26 08:00,05F0287S,05F0309S,32,91,17
2025/12/26 08:00,05F0287S,05F0309S,41,94,4
2025/12/26 08:00,05F0287S,05F0309S,42,0,0
2025/12/26 08:00,05F0287S,05F0309S,5,0,0
2025/12/26 08:00,05F0309S,05F0439S,31,486,43
2025/12/26 08:00,05F0309S,05F0439S,32,484,13
2025/12/26 08:00,05F0309S,05F0439S,41,541,2
2025/12/26 08:00,05F0309S,05F0439S,42,595,3
2025/12/26 08:00,05F0309S,05F0439S,5,496,3
2025/12/26 08:00,05F0439S,05F0494S,31,205,40
2025/12/26 08:00,05F0439S,05F0494S,32,196,17
2025/12/26 08:00,05F0439S,05F0494S,41,0,0
2025/12/26 08:00,05F0439S,05F0494S,42,242,3
2025/12/26 08:00,05F0439S,05F0494S,5,228,2
2025/12/26 08:05,05F0000S,05F0055S,31,245,59
2025/12/26 08:05,05F0000S,05F0055S,32,241,21
2025/12/26 08:05,05F0000S,05F0055S,41,238,5
2025/12/26 08:05,05F0000S,05F0055S,42,0,0
2025/12/26 08:05,05F0000S,05F0055S,5,0,0
2025/12/26 08:05,05F0055S,05F0287S,31,977,63
2025/12/26 08:05,05F0055S,05F0287S,32,993,21
2025/12/26 08:05,05F0055S,05F0287S,41,1036,2
2025/12/26 08:05,05F0055S,05F0287S,42,0,0
2025/12/26 08:05,05F0055S,05F0287S,5,0,0
2025/12/26 08:05,05F0287S,05F0309S,31,89,53
2025/12/26 08:05,05F0287S,05F0309S,32,90,21
2025/12/26 08:05,05F0287S,05F0309S,41,0,0
2025/12/26 08:05,05F0287S,05F0309S,42,0,0
2025/12/26 08:05,05F0287S,05F0309S,5,0,0
2025/12/26 08:05,05F0309S,05F0439S,31,483,47
2025/12/26 08:05,05F0309S,05F0439S,32,486,16
2025/12/26 08:05,05F0309S,05F0439S,41,529,3
2025/12/26 08:05,05F0309S,05F0439S,42,612,1
2025/12/26 08:05,05F0309S,05F0439S,5,476,2
2025/12/26 08:05,05F0439S,05F0494S,31,196,39
2025/12/26 08:05,05F0439S,05F0494S,32,201,10
2025/12/26 08:05,05F0439S,05F0494S,41,0,0
2025/12/26 08:05,05F0439S,05F0494S,42,1203,1
2025/12/26 08:05,05F0439S,05F0494S,5,206,4
2025/12/26 08:10,05F0000S,05F0055S,31,249,89
2025/12/26 08:10,05F0000S,05F0055S,32,251,29
2025/12/26 08:10,05F0000S,05F0055S,41,259,6
2025/12/26 08:10,05F0000S,05F0055S,42,0,0
2025/12/26 08:10,05F0000S,05F0055S,5,0,0
2025/12/26 08:10,05F0055S,05F0287S,31,989,87
2025/12/26 08:10,05F0055S,05F0287S,32,996,37
2025/12/26 08:10,05F0055S,05F0287S,41,1038,6
2025/12/26 08:10,05F0055S,05F0287S,42,0,0
2025/12/26 08:10,05F0055S,05F0287S,5,0,0
2025/12/26 08:10,05F0287S,05F0309S,31,87,67
2025/12/26 08:10,05F0287S,05F0309S,32,87,24
2025/12/26 08:10,05F0287S,05F0309S,41,94,4
2025/12/26 08:10,05F0287S,05F0309S,42,0,0
2025/12/26 08:10,05F0287S,05F0309S,5,0,0
2025/12/26 08:10,05F0309S,05F0439S,31,489,42
2025/12/26 08:10,05F0309S,05F0439S,32,499,12
2025/12/26 08:10,05F0309S,05F0439S,41,0,0
2025/12/26 08:10,05F0309S,05F0439S,42,0,0
2025/12/26 08:10,05F0309S,05F0439S,5,523,5
2025/12/26 08:10,05F0439S,05F0494S,31,204,43
2025/12/26 08:10,05F0439S,05F0494S,32,209,14
2025/12/26 08:10,05F0439S,05F0494S,41,220,1
2025/12/26 08:10,05F0439S,05F0494S,42,0,0
2025/12/26 08:10,05F0439S,05F0494S,5,214,3
2025/12/26 08:15,05F0000S,05F0055S,31,250,71
2025/12/26 08:15,05F0000S,05F0055S,32,250,28
2025/12/26 08:15,05F0000S,05F0055S,41,250,8
2025/12/26 08:15,05F0000S,05F0055S,42,0,0
2025/12/26 08:15,05F0000S,05F0055S,5,0,0
2025/12/26 08:15,05F0055S,05F0287S,31,1007,56
2025/12/26 08:15,05F0055S,05F0287S,32,1009,20
2025/12/26 08:15,05F0055S,05F0287S,41,1025,3
2025/12/26 08:15,05F0055S,05F0287S,42,0,0
2025/12/26 08:15,05F0055S,05F0287S,5,0,0
2025/12/26 08:15,05F0287S,05F0309S,31,91,50
2025/12/26 08:15,05F0287S,05F0309S,32,89,20
2025/12/26 08:15,05F0287S,05F0309S,41,92,2
2025/12/26 08:15,05F0287S,05F0309S,42,0,0
2025/12/26 08:15,05F0287S,05F0309S,5,0,0
2025/12/26 08:15,05F0309S,05F0439S,31,475,34
2025/12/26 08:15,05F0309S,05F0439S,32,487,13
2025/12/26 08:15,05F0309S,05F0439S,41,502,1
2025/12/26 08:15,05F0309S,05F0439S,42,541,2
2025/12/26 08:15,05F0309S,05F0439S,5,538,5
2025/12/26 08:15,05F0439S,05F0494S,31,204,31
2025/12/26 08:15,05F0439S,05F0494S,32,208,14
2025/12/26 08:15,05F0439S,05F0494S,41,0,0
2025/12/26 08:15,05F0439S,05F0494S,42,245,2
2025/12/26 08:15,05F0439S,05F0494S,5,220,8
2025/12/26 08:20,05F0000S,05F0055S,31,252,57
2025/12/26 08:20,05F0000S,05F0055S,32,255,27
2025/12/26 08:20,05F0000S,05F0055S,41,245,8
2025/12/26 08:20,05F0000S,05F0055S,42,0,0
2025/12/26 08:20,05F0000S,05F0055S,5,0,0
2025/12/26 08:20,05F0055S,05F0287S,31,1005,69
2025/12/26 08:20,05F0055S,05F0287S,32,1008,30
2025/12/26 08:20,05F0055S,05F0287S,41,1077,5
2025/12/26 08:20,05F0055S,05F0287S,42,0,0
2025/12/26 08:20,05F0055S,05F0287S,5,0,0
2025/12/26 08:20,05F0287S,05F0309S,31,88,51
2025/12/26 08:20,05F0287S,05F0309S,32,88,21
2025/12/26 08:20,05F0287S,05F0309S,41,96,3
2025/12/26 08:20,05F0287S,05F0309S,42,0,0
2025/12/26 08:20,05F0287S,05F0309S,5,0,0
2025/12/26 08:20,05F0309S,05F0439S,31,499,43
2025/12/26 08:20,05F0309S,05F0439S,32,491,16
2025/12/26 08:20,05F0309S,05F0439S,41,506,2
2025/12/26 08:20,05F0309S,05F0439S,42,563,1
2025/12/26 08:20,05F0309S,05F0439S,5,511,5
2025/12/26 08:20,05F0439S,05F0494S,31,202,30
2025/12/26 08:20,05F0439S,05F0494S,32,199,16
2025/12/26 08:20,05F0439S,05F0494S,41,216,1
2025/12/26 08:20,05F0439S,05F0494S,42,0,0
2025/12/26 08:20,05F0439S,05F0494S,5,238,3
2025/12/26 08:25,05F0000S,05F0055S,31,245,50
2025/12/26 08:25,05F0000S,05F0055S,32,247,25
2025/12/26 08:25,05F0000S,05F0055S,41,261,13
2025/12/26 08:25,05F0000S,05F0055S,42,0,0
2025/12/26 08:25,05F0000S,05F0055S,5,0,0
2025/12/26 08:25,05F0055S,05F0287S,31,1004,97
2025/12/26 08:25,05F0055S,05F0287S,32,1010,33
2025/12/26 08:25,05F0055S,05F0287S,41,1080,9
2025/12/26 08:25,05F0055S,05F0287S,42,0,0
2025/12/26 08:25,05F0055S,05F0287S,5,0,0
2025/12/26 08:25,05F0287S,05F0309S,31,88,57
2025/12/26 08:25,05F0287S,05F0309S,32,88,20
2025/12/26 08:25,05F0287S,05F0309S,41,92,3
2025/12/26 08:25,05F0287S,05F0309S,42,0,0
2025/12/26 08:25,05F0287S,05F0309S,5,0,0
2025/12/26 08:25,05F0309S,05F0439S,31,486,36
2025/12/26 08:25,05F0309S,05F0439S,32,481,14
2025/12/26 08:25,05F0309S,05F0439S,41,527,1
2025/12/26 08:25,05F0309S,05F0439S,42,503,1
2025/12/26 08:25,05F0309S,05F0439S,5,576,4
2025/12/26 08:25,05F0439S,05F0494S,31,206,22
2025/12/26 08:25,05F0439S,05F0494S,32,208,5
2025/12/26 08:25,05F0439S,05F0494S,41,0,0
2025/12/26 08:25,05F0439S,05F0494S,42,268,1
2025/12/26 08:25,05F0439S,05F0494S,5,215,6
2025/12/26 08:30,05F0000S,05F0055S,31,255,78
2025/12/26 08:30,05F0000S,05F0055S,32,254,19
2025/12/26 08:30,05F0000S,05F0055S,41,260,9
2025/12/26 08:30,05F0000S,05F0055S,42,0,0
2025/12/26 08:30,05F0000S,05F0055S,5,0,0
2025/12/26 08:30,05F0055S,05F0287S,31,1009,84
2025/12/26 08:30,05F0055S,05F0287S,32,1007,26
2025/12/26 08:30,05F0055S,05F0287S,41,1039,6
2025/12/26 08:30,05F0055S,05F0287S,42,0,0
2025/12/26 08:30,05F0055S,05F0287S,5,0,0
2025/12/26 08:30,05F0287S,05F0309S,31,90,72
2025/12/26 08:30,05F0287S,05F0309S,32,91,25
2025/12/26 08:30,05F0287S,05F0309S,41,92,6
2025/12/26 08:30,05F0287S,05F0309S,42,0,0
2025/12/26 08:30,05F0287S,05F0309S,5,0,0
2025/12/26 08:30,05F0309S,05F0439S,31,474,27
2025/12/26 08:30,05F0309S,05F0439S,32,501,13
2025/12/26 08:30,05F0309S,05F0439S,41,517,2
2025/12/26 08:30,05F0309S,05F0439S,42,577,2
2025/12/26 08:30,05F0309S,05F0439S,5,523,3
2025/12/26 08:30,05F0439S,05F0494S,31,204,34
2025/12/26 08:30,05F0439S,05F0494S,32,206,12
2025/12/26 08:30,05F0439S,05F0494S,41,0,0
2025/12/26 08:30,05F0439S,05F0494S,42,0,0
2025/12/26 08:30,05F0439S,05F0494S,5,201,3
2025/12/26 08:35,05F0000S,05F0055S,31,259,69
2025/12/26 08:35,05F0000S,05F0055S,32,257,30
2025/12/26 08:35,05F0000S,05F0055S,41,298,17
2025/12/26 08:35,05F0000S,05F0055S,42,0,0
2025/12/26 08:35,05F0000S,05F0055S,5,0,0
2025/12/26 08:35,05F0055S,05F0287S,31,1020,88
2025/12/26 08:35,05F0055S,05F0287S,32,1028,39
2025/12/26 08:35,05F0055S,05F0287S,41,1051,8
2025/12/26 08:35,05F0055S,05F0287S,42,0,0
2025/12/26 08:35,05F0055S,05F0287S,5,0,0
2025/12/26 08:35,05F0287S,05F0309S,31,88,63
2025/12/26 08:35,05F0287S,05F0309S,32,91,23
2025/12/26 08:35,05F0287S,05F0309S,41,96,4
2025/12/26 08:35,05F0287S,05F0309S,42,0,0
2025/12/26 08:35,05F0287S,05F0309S,5,0,0
2025/12/26 08:35,05F0309S,05F0439S,31,496,37
2025/12/26 08:35,05F0309S,05F0439S,32,488,12
2025/12/26 08:35,05F0309S,05F0439S,41,534,2
2025/12/26 08:35,05F0309S,05F0439S,42,545,2
2025/12/26 08:35,05F0309S,05F0439S,5,0,0
2025/12/26 08:35,05F0439S,05F0494S,31,212,17
2025/12/26 08:35,05F0439S,05F0494S,32,223,8
2025/12/26 08:35,05F0439S,05F0494S,41,0,0
2025/12/26 08:35,05F0439S,05F0494S,42,233,3
2025/12/26 08:35,05F0439S,05F0494S,5,209,1
2025/12/26 08:40,05F0000S,05F0055S,31,250,64
2025/12/26 08:40,05F0000S,05F0055S,32,257,29
2025/12/26 08:40,05F0000S,05F0055S,41,258,7
2025/12/26 08:40,05F0000S,05F0055S,42,0,0
2025/12/26 08:40,05F0000S,05F0055S,5,0,0
2025/12/26 08:40,05F0055S,05F0287S,31,990,70
2025/12/26 08:40,05F0055S,05F0287S,32,1003,29
2025/12/26 08:40,05F0055S,05F0287S,41,1082,9
2025/12/26 08:40,05F0055S,05F0287S,42,0,0
2025/12/26 08:40,05F0055S,05F0287S,5,0,0
2025/12/26 08:40,05F0287S,05F0309S,31,89,56
2025/12/26 08:40,05F0287S,05F0309S,32,90,28
2025/12/26 08:40,05F0287S,05F0309S,41,96,8
2025/12/26 08:40,05F0287S,05F0309S,42,0,0
2025/12/26 08:40,05F0287S,05F0309S,5,0,0
2025/12/26 08:40,05F0309S,05F0439S,31,495,52
2025/12/26 08:40,05F0309S,05F0439S,32,504,14
2025/12/26 08:40,05F0309S,05F0439S,41,523,1
2025/12/26 08:40,05F0309S,05F0439S,42,639,2
2025/12/26 08:40,05F0309S,05F0439S,5,487,4
2025/12/26 08:40,05F0439S,05F0494S,31,212,26
2025/12/26 08:40,05F0439S,05F0494S,32,218,9
2025/12/26 08:40,05F0439S,05F0494S,41,0,0
2025/12/26 08:40,05F0439S,05F0494S,42,221,1
2025/12/26 08:40,05F0439S,05F0494S,5,231,1
2025/12/26 08:45,05F0000S,05F0055S,31,254,87
2025/12/26 08:45,05F0000S,05F0055S,32,256,33
2025/12/26 08:45,05F0000S,05F0055S,41,256,14
2025/12/26 08:45,05F0000S,05F0055S,42,0,0
2025/12/26 08:45,05F0000S,05F0055S,5,0,0
2025/12/26 08:45,05F0055S,05F0287S,31,1014,71
2025/12/26 08:45,05F0055S,05F0287S,32,1040,31
2025/12/26 08:45,05F0055S,05F0287S,41,1088,13
2025/12/26 08:45,05F0055S,05F0287S,42,0,0
2025/12/26 08:45,05F0055S,05F0287S,5,0,0
2025/12/26 08:45,05F0287S,05F0309S,31,90,47
2025/12/26 08:45,05F0287S,05F0309S,32,90,23
2025/12/26 08:45,05F0287S,05F0309S,41,96,14
2025/12/26 08:45,05F0287S,05F0309S,42,0,0
2025/12/26 08:45,05F0287S,05F0309S,5,0,0
2025/12/26 08:45,05F0309S,05F0439S,31,487,39
2025/12/26 08:45,05F0309S,05F0439S,32,499,22
2025/12/26 08:45,05F0309S,05F0439S,41,510,3
2025/12/26 08:45,05F0309S,05F0439S,42,0,0
2025/12/26 08:45,05F0309S,05F0439S,5,536,3
2025/12/26 08:45,05F0439S,05F0494S,31,211,30
2025/12/26 08:45,05F0439S,05F0494S,32,206,6
2025/12/26 08:45,05F0439S,05F0494S,41,0,0
2025/12/26 08:45,05F0439S,05F0494S,42,243,1
2025/12/26 08:45,05F0439S,05F0494S,5,208,8
2025/12/26 08:50,05F0000S,05F0055S,31,255,75
2025/12/26 08:50,05F0000S,05F0055S,32,250,31
2025/12/26 08:50,05F0000S,05F0055S,41,262,4
2025/12/26 08:50,05F0000S,05F0055S,42,0,0
2025/12/26 08:50,05F0000S,05F0055S,5,0,0
2025/12/26 08:50,05F0055S,05F0287S,31,1037,103
2025/12/26 08:50,05F0055S,05F0287S,32,1042,35
2025/12/26 08:50,05F0055S,05F0287S,41,1096,7
2025/12/26 08:50,05F0055S,05F0287S,42,0,0
2025/12/26 08:50,05F0055S,05F0287S,5,0,0
2025/12/26 08:50,05F0287S,05F0309S,31,88,74
2025/12/26 08:50,05F0287S,05F0309S,32,90,28
2025/12/26 08:50,05F0287S,05F0309S,41,94,7
2025/12/26 08:50,05F0287S,05F0309S,42,0,0
2025/12/26 08:50,05F0287S,05F0309S,5,0,0
2025/12/26 08:50,05F0309S,05F0439S,31,492,33
2025/12/26 08:50,05F0309S,05F0439S,32,501,16
2025/12/26 08:50,05F0309S,05F0439S,41,532,6
2025/12/26 08:50,05F0309S,05F0439S,42,543,2
2025/12/26 08:50,05F0309S,05F0439S,5,548,6
2025/12/26 08:50,05F0439S,05F0494S,31,205,16
2025/12/26 08:50,05F0439S,05F0494S,32,201,12
2025/12/26 08:50,05F0439S,05F0494S,41,0,0
2025/12/26 08:50,05F0439S,05F0494S,42,235,1
2025/12/26 08:50,05F0439S,05F0494S,5,229,2
2025/12/26 08:55,05F0000S,05F0055S,31,252,82
2025/12/26 08:55,05F0000S,05F0055S,32,251,35
2025/12/26 08:55,05F0000S,05F0055S,41,261,10
2025/12/26 08:55,05F0000S,05F0055S,42,273,1
2025/12/26 08:55,05F0000S,05F0055S,5,0,0
2025/12/26 08:55,05F0055S,05F0287S,31,1061,74
2025/12/26 08:55,05F0055S,05F0287S,32,1051,24
2025/12/26 08:55,05F0055S,05F0287S,41,1138,13
2025/12/26 08:55,05F0055S,05F0287S,42,0,0
2025/12/26 08:55,05F0055S,05F0287S,5,0,0
2025/12/26 08:55,05F0287S,05F0309S,31,89,58
2025/12/26 08:55,05F0287S,05F0309S,32,89,20
2025/12/26 08:55,05F0287S,05F0309S,41,96,8
2025/12/26 08:55,05F0287S,05F0309S,42,0,0
2025/12/26 08:55,05F0287S,05F0309S,5,0,0
2025/12/26 08:55,05F0309S,05F0439S,31,495,41
2025/12/26 08:55,05F0309S,05F0439S,32,517,18
2025/12/26 08:55,05F0309S,05F0439S,41,537,12
2025/12/26 08:55,05F0309S,05F0439S,42,514,1
2025/12/26 08:55,05F0309S,05F0439S,5,532,6
2025/12/26 08:55,05F0439S,05F0494S,31,204,15
2025/12/26 08:55,05F0439S,05F0494S,32,228,12
2025/12/26 08:55,05F0439S,05F0494S,41,214,1
2025/12/26 08:55,05F0439S,05F0494S,42,240,1
2025/12/26 08:55,05F0439S,05F0494S,5,212,4
2025/12/26 09:00,05F0000S,05F0055S,31,252,81
2025/12/26 09:00,05F0000S,05F0055S,32,256,27
2025/12/26 09:00,05F0000S,05F0055S,41,264,6
2025/12/26 09:00,05F0000S,05F0055S,42,257,1
2025/12/26 09:00,05F0000S,05F0055S,5,0,0
2025/12/26 09:00,05F0055S,05F0287S,31,1078,106
2025/12/26 09:00,05F0055S,05F0287S,32,1076,57
2025/12/26 09:00,05F0055S,05F0287S,41,1104,18
2025/12/26 09:00,05F0055S,05F0287S,42,0,0
2025/12/26 09:00,05F0055S,05F0287S,5,0,0
2025/12/26 09:00,05F0287S,05F0309S,31,91,80
2025/12/26 09:00,05F0287S,05F0309S,32,93,29
2025/12/26 09:00,05F0287S,05F0309S,41,95,16
2025/12/26 09:00,05F0287S,05F0309S,42,0,0
2025/12/26 09:00,05F0287S,05F0309S,5,0,0
2025/12/26 09:00,05F0309S,05F0439S,31,502,40
2025/12/26 09:00,05F0309S,05F0439S,32,494,21
2025/12/26 09:00,05F0309S,05F0439S,41,538,5
2025/12/26 09:00,05F0309S,05F0439S,42,516,3
2025/12/26 09:00,05F0309S,05F0439S,5,489,5
2025/12/26 09:00,05F0439S,05F0494S,31,217,14
2025/12/26 09:00,05F0439S,05F0494S,32,223,6
2025/12/26 09:00,05F0439S,05F0494S,41,0,0
2025/12/26 09:00,05F0439S,05F0494S,42,0,0
2025/12/26 09:00,05F0439S,05F0494S,5,209,8
2025/12/26 09:05,05F0000S,05F0055S,31,276,99
2025/12/26 09:05,05F0000S,05F0055S,32,279,49
2025/12/26 09:05,05F0000S,05F0055S,41,281,13
2025/12/26 09:05,05F0000S,05F0055S,42,0,0
2025/12/26 09:05,05F0000S,05F0055S,5,0,0
2025/12/26 09:05,05F0055S,05F0287S,31,1038,122
2025/12/26 09:05,05F0055S,05F0287S,32,1034,51
2025/12/26 09:05,05F0055S,05F0287S,41,1071,9
2025/12/26 09:05,05F0055S,05F0287S,42,0,0
2025/12/26 09:05,05F0055S,05F0287S,5,0,0
2025/12/26 09:05,05F0287S,05F0309S,31,87,79
2025/12/26 09:05,05F0287S,05F0309S,32,89,43
2025/12/26 09:05,05F0287S,05F0309S,41,93,11
2025/12/26 09:05,05F0287S,05F0309S,42,0,0
2025/12/26 09:05,05F0287S,05F0309S,5,0,0
2025/12/26 09:05,05F0309S,05F0439S,31,496,41
2025/12/26 09:05,05F0309S,05F0439S,32,492,10
2025/12/26 09:05,05F0309S,05F0439S,41,531,6
2025/12/26 09:05,05F0309S,05F0439S,42,558,4
2025/12/26 09:05,05F0309S,05F0439S,5,554,3
2025/12/26 09:05,05F0439S,05F0494S,31,200,20
2025/12/26 09:05,05F0439S,05F0494S,32,211,12
2025/12/26 09:05,05F0439S,05F0494S,41,0,0
2025/12/26 09:05,05F0439S,05F0494S,42,223,2
2025/12/26 09:05,05F0439S,05F0494S,5,207,6
2025/12/26 09:10,05F0000S,05F0055S,31,257,102
2025/12/26 09:10,05F0000S,05F0055S,32,261,40
2025/12/26 09:10,05F0000S,05F0055S,41,267,7
2025/12/26 09:10,05F0000S,05F0055S,42,0,0
2025/12/26 09:10,05F0000S,05F0055S,5,0,0
2025/12/26 09:10,05F0055S,05F0287S,31,1027,85
2025/12/26 09:10,05F0055S,05F0287S,32,1039,33
2025/12/26 09:10,05F0055S,05F0287S,41,1072,5
2025/12/26 09:10,05F0055S,05F0287S,42,0,0
2025/12/26 09:10,05F0055S,05F0287S,5,0,0
2025/12/26 09:10,05F0287S,05F0309S,31,89,62
2025/12/26 09:10,05F0287S,05F0309S,32,89,27
2025/12/26 09:10,05F0287S,05F0309S,41,93,5
2025/12/26 09:10,05F0287S,05F0309S,42,0,0
2025/12/26 09:10,05F0287S,05F0309S,5,0,0
2025/12/26 09:10,05F0309S,05F0439S,31,498,58
2025/12/26 09:10,05F0309S,05F0439S,32,499,32
2025/12/26 09:10,05F0309S,05F0439S,41,519,8
2025/12/26 09:10,05F0309S,05F0439S,42,602,1
2025/12/26 09:10,05F0309S,05F0439S,5,481,1
2025/12/26 09:10,05F0439S,05F0494S,31,206,26
2025/12/26 09:10,05F0439S,05F0494S,32,206,9
2025/12/26 09:10,05F0439S,05F0494S,41,231,1
2025/12/26 09:10,05F0439S,05F0494S,42,238,1
2025/12/26 09:10,05F0439S,05F0494S,5,235,3
2025/12/26 09:15,05F0000S,05F0055S,31,273,116
2025/12/26 09:15,05F0000S,05F0055S,32,271,38
2025/12/26 09:15,05F0000S,05F0055S,41,267,4
2025/12/26 09:15,05F0000S,05F0055S,42,0,0
2025/12/26 09:15,05F0000S,05F0055S,5,0,0
2025/12/26 09:15,05F0055S,05F0287S,31,1034,123
2025/12/26 09:15,05F0055S,05F0287S,32,1024,40
2025/12/26 09:15,05F0055S,05F0287S,41,1058,8
2025/12/26 09:15,05F0055S,05F0287S,42,0,0
2025/12/26 09:15,05F0055S,05F0287S,5,0,0
2025/12/26 09:15,05F0287S,05F0309S,31,88,90
2025/12/26 09:15,05F0287S,05F0309S,32,90,26
2025/12/26 09:15,05F0287S,05F0309S,41,96,6
2025/12/26 09:15,05F0287S,05F0309S,42,0,0
2025/12/26 09:15,05F0287S,05F0309S,5,0,0
2025/12/26 09:15,05F0309S,05F0439S,31,495,54
2025/12/26 09:15,05F0309S,05F0439S,32,501,21
2025/12/26 09:15,05F0309S,05F0439S,41,521,6
2025/12/26 09:15,05F0309S,05F0439S,42,526,1
2025/12/26 09:15,05F0309S,05F0439S,5,525,8
2025/12/26 09:15,05F0439S,05F0494S,31,205,37
2025/12/26 09:15,05F0439S,05F0494S,32,208,26
2025/12/26 09:15,05F0439S,05F0494S,41,0,0
2025/12/26 09:15,05F0439S,05F0494S,42,0,0
2025/12/26 09:15,05F0439S,05F0494S,5,0,0
2025/12/26 09:20,05F0000S,05F0055S,31,296,119
2025/12/26 09:20,05F0000S,05F0055S,32,296,39
2025/12/26 09:20,05F0000S,05F0055S,41,304,6
2025/12/26 09:20,05F0000S,05F0055S,42,0,0
2025/12/26 09:20,05F0000S,05F0055S,5,0,0
2025/12/26 09:20,05F0055S,05F0287S,31,1018,100
2025/12/26 09:20,05F0055S,05F0287S,32,1023,44
2025/12/26 09:20,05F0055S,05F0287S,41,1046,9
2025/12/26 09:20,05F0055S,05F0287S,42,1404,1
2025/12/26 09:20,05F0055S,05F0287S,5,0,0
2025/12/26 09:20,05F0287S,05F0309S,31,90,67
2025/12/26 09:20,05F0287S,05F0309S,32,91,29
2025/12/26 09:20,05F0287S,05F0309S,41,93,6
2025/12/26 09:20,05F0287S,05F0309S,42,100,1
2025/12/26 09:20,05F0287S,05F0309S,5,0,0
2025/12/26 09:20,05F0309S,05F0439S,31,496,38
2025/12/26 09:20,05F0309S,05F0439S,32,513,20
2025/12/26 09:20,05F0309S,05F0439S,41,525,2
2025/12/26 09:20,05F0309S,05F0439S,42,0,0
2025/12/26 09:20,05F0309S,05F0439S,5,528,1
2025/12/26 09:20,05F0439S,05F0494S,31,206,28
2025/12/26 09:20,05F0439S,05F0494S,32,219,12
2025/12/26 09:20,05F0439S,05F0494S,41,0,0
2025/12/26 09:20,05F0439S,05F0494S,42,0,0
2025/12/26 09:20,05F0439S,05F0494S,5,214,11
2025/12/26 09:25,05F0000S,05F0055S,31,287,115
2025/12/26 09:25,05F0000S,05F0055S,32,285,48
2025/12/26 09:25,05F0000S,05F0055S,41,287,5
2025/12/26 09:25,05F0000S,05F0055S,42,0,0
2025/12/26 09:25,05F0000S,05F0055S,5,0,0
2025/12/26 09:25,05F0055S,05F0287S,31,1059,106
2025/12/26 09:25,05F0055S,05F0287S,32,1063,41
2025/12/26 09:25,05F0055S,05F0287S,41,1064,12
2025/12/26 09:25,05F0055S,05F0287S,42,0,0
2025/12/26 09:25,05F0055S,05F0287S,5,0,0
2025/12/26 09:25,05F0287S,05F0309S,31,87,70
2025/12/26 09:25,05F0287S,05F0309S,32,89,36
2025/12/26 09:25,05F0287S,05F0309S,41,93,12
2025/12/26 09:25,05F0287S,05F0309S,42,0,0
2025/12/26 09:25,05F0287S,05F0309S,5,0,0
2025/12/26 09:25,05F0309S,05F0439S,31,491,68
2025/12/26 09:25,05F0309S,05F0439S,32,509,14
2025/12/26 09:25,05F0309S,05F0439S,41,547,5
2025/12/26 09:25,05F0309S,05F0439S,42,565,1
2025/12/26 09:25,05F0309S,05F0439S,5,521,4
2025/12/26 09:25,05F0439S,05F0494S,31,210,21
2025/12/26 09:25,05F0439S,05F0494S,32,216,11
2025/12/26 09:25,05F0439S,05F0494S,41,0,0
2025/12/26 09:25,05F0439S,05F0494S,42,0,0
2025/12/26 09:25,05F0439S,05F0494S,5,228,4
2025/12/26 09:30,05F0000S,05F0055S,31,288,135
2025/12/26 09:30,05F0000S,05F0055S,32,294,45
2025/12/26 09:30,05F0000S,05F0055S,41,289,10
2025/12/26 09:30,05F0000S,05F0055S,42,0,0
2025/12/26 09:30,05F0000S,05F0055S,5,0,0
2025/12/26 09:30,05F0055S,05F0287S,31,1024,107
2025/12/26 09:30,05F0055S,05F0287S,32,1033,51
2025/12/26 09:30,05F0055S,05F0287S,41,1046,7
2025/12/26 09:30,05F0055S,05F0287S,42,0,0
2025/12/26 09:30,05F0055S,05F0287S,5,0,0
2025/12/26 09:30,05F0287S,05F0309S,31,90,76
2025/12/26 09:30,05F0287S,05F0309S,32,90,44
2025/12/26 09:30,05F0287S,05F0309S,41,96,5
2025/12/26 09:30,05F0287S,05F0309S,42,0,0
2025/12/26 09:30,05F0287S,05F0309S,5,0,0
2025/12/26 09:30,05F0309S,05F0439S,31,494,48
2025/12/26 09:30,05F0309S,05F0439S,32,505,21
2025/12/26 09:30,05F0309S,05F0439S,41,559,9
2025/12/26 09:30,05F0309S,05F0439S,42,542,2
2025/12/26 09:30,05F0309S,05F0439S,5,523,3
2025/12/26 09:30,05F0439S,05F0494S,31,210,27
2025/12/26 09:30,05F0439S,05F0494S,32,217,9
2025/12/26 09:30,05F0439S,05F0494S,41,210,2
2025/12/26 09:30,05F0439S,05F0494S,42,218,1
2025/12/26 09:30,05F0439S,05F0494S,5,219,3
2025/12/26 09:35,05F0000S,05F0055S,31,274,113
2025/12/26 09:35,05F0000S,05F0055S,32,275,41
2025/12/26 09:35,05F0000S,05F0055S,41,281,5
2025/12/26 09:35,05F0000S,05F0055S,42,0,0
2025/12/26 09:35,05F0000S,05F0055S,5,0,0
2025/12/26 09:35,05F0055S,05F0287S,31,1073,123
2025/12/26 09:35,05F0055S,05F0287S,32,1074,32
2025/12/26 09:35,05F0055S,05F0287S,41,1072,4
2025/12/26 09:35,05F0055S,05F0287S,42,0,0
2025/12/26 09:35,05F0055S,05F0287S,5,0,0
2025/12/26 09:35,05F0287S,05F0309S,31,89,80
2025/12/26 09:35,05F0287S,05F0309S,32,88,20
2025/12/26 09:35,05F0287S,05F0309S,41,94,6
2025/12/26 09:35,05F0287S,05F0309S,42,0,0
2025/12/26 09:35,05F0287S,05F0309S,5,0,0
2025/12/26 09:35,05F0309S,05F0439S,31,488,46
2025/12/26 09:35,05F0309S,05F0439S,32,495,25
2025/12/26 09:35,05F0309S,05F0439S,41,535,4
2025/12/26 09:35,05F0309S,05F0439S,42,0,0
2025/12/26 09:35,05F0309S,05F0439S,5,530,4
2025/12/26 09:35,05F0439S,05F0494S,31,211,17
2025/12/26 09:35,05F0439S,05F0494S,32,220,11
2025/12/26 09:35,05F0439S,05F0494S,41,219,1
2025/12/26 09:35,05F0439S,05F0494S,42,237,1
2025/12/26 09:35,05F0439S,05F0494S,5,200,1
2025/12/26 09:40,05F0000S,05F0055S,31,299,133
2025/12/26 09:40,05F0000S,05F0055S,32,299,46
2025/12/26 09:40,05F0000S,05F0055S,41,319,5
2025/12/26 09:40,05F0000S,05F0055S,42,0,0
2025/12/26 09:40,05F0000S,05F0055S,5,0,0
2025/12/26 09:40,05F0055S,05F0287S,31,1098,136
2025/12/26 09:40,05F0055S,05F0287S,32,1101,46
2025/12/26 09:40,05F0055S,05F0287S,41,1131,5
2025/12/26 09:40,05F0055S,05F0287S,42,0,0
2025/12/26 09:40,05F0055S,05F0287S,5,0,0
2025/12/26 09:40,05F0287S,05F0309S,31,90,85
2025/12/26 09:40,05F0287S,05F0309S,32,90,31
2025/12/26 09:40,05F0287S,05F0309S,41,98,5
2025/12/26 09:40,05F0287S,05F0309S,42,0,0
2025/12/26 09:40,05F0287S,05F0309S,5,0,0
2025/12/26 09:40,05F0309S,05F0439S,31,494,54
2025/12/26 09:40,05F0309S,05F0439S,32,507,30
2025/12/26 09:40,05F0309S,05F0439S,41,513,3
2025/12/26 09:40,05F0309S,05F0439S,42,576,1
2025/12/26 09:40,05F0309S,05F0439S,5,508,1
2025/12/26 09:40,05F0439S,05F0494S,31,215,25
2025/12/26 09:40,05F0439S,05F0494S,32,222,14
2025/12/26 09:40,05F0439S,05F0494S,41,0,0
2025/12/26 09:40,05F0439S,05F0494S,42,1452,1
2025/12/26 09:40,05F0439S,05F0494S,5,221,3
2025/12/26 09:45,05F0000S,05F0055S,31,288,147
2025/12/26 09:45,05F0000S,05F0055S,32,287,40
2025/12/26 09:45,05F0000S,05F0055S,41,287,4
2025/12/26 09:45,05F0000S,05F0055S,42,304,1
2025/12/26 09:45,05F0000S,05F0055S,5,0,0
2025/12/26 09:45,05F0055S,05F0287S,31,1091,132
2025/12/26 09:45,05F0055S,05F0287S,32,1094,46
2025/12/26 09:45,05F0055S,05F0287S,41,1104,8
2025/12/26 09:45,05F0055S,05F0287S,42,0,0
2025/12/26 09:45,05F0055S,05F0287S,5,0,0
2025/12/26 09:45,05F0287S,05F0309S,31,92,83
2025/12/26 09:45,05F0287S,05F0309S,32,94,36
2025/12/26 09:45,05F0287S,05F0309S,41,96,4
2025/12/26 09:45,05F0287S,05F0309S,42,0,0
2025/12/26 09:45,05F0287S,05F0309S,5,0,0
2025/12/26 09:45,05F0309S,05F0439S,31,501,62
2025/12/26 09:45,05F0309S,05F0439S,32,493,15
2025/12/26 09:45,05F0309S,05F0439S,41,521,5
2025/12/26 09:45,05F0309S,05F0439S,42,0,0
2025/12/26 09:45,05F0309S,05F0439S,5,579,1
2025/12/26 09:45,05F0439S,05F0494S,31,205,29
2025/12/26 09:45,05F0439S,05F0494S,32,216,11
2025/12/26 09:45,05F0439S,05F0494S,41,0,0
2025/12/26 09:45,05F0439S,05F0494S,42,242,4
2025/12/26 09:45,05F0439S,05F0494S,5,214,1
2025/12/26 09:50,05F0000S,05F0055S,31,296,137
2025/12/26 09:50,05F0000S,05F0055S,32,296,44
2025/12/26 09:50,05F0000S,05F0055S,41,298,7
2025/12/26 09:50,05F0000S,05F0055S,42,1495,1
2025/12/26 09:50,05F0000S,05F0055S,5,0,0
2025/12/26 09:50,05F0055S,05F0287S,31,1115,139
2025/12/26 09:50,05F0055S,05F0287S,32,1121,52
2025/12/26 09:50,05F0055S,05F0287S,41,1137,9
2025/12/26 09:50,05F0055S,05F0287S,42,0,0
2025/12/26 09:50,05F0055S,05F0287S,5,0,0
2025/12/26 09:50,05F0287S,05F0309S,31,89,83
2025/12/26 09:50,05F0287S,05F0309S,32,91,31
2025/12/26 09:50,05F0287S,05F0309S,41,93,5
2025/12/26 09:50,05F0287S,05F0309S,42,0,0
2025/12/26 09:50,05F0287S,05F0309S,5,0,0
2025/12/26 09:50,05F0309S,05F0439S,31,493,56
2025/12/26 09:50,05F0309S,05F0439S,32,495,27
2025/12/26 09:50,05F0309S,05F0439S,41,516,5
2025/12/26 09:50,05F0309S,05F0439S,42,551,2
2025/12/26 09:50,05F0309S,05F0439S,5,520,4
2025/12/26 09:50,05F0439S,05F0494S,31,215,28
2025/12/26 09:50,05F0439S,05F0494S,32,219,10
2025/12/26 09:50,05F0439S,05F0494S,41,212,1
2025/12/26 09:50,05F0439S,05F0494S,42,232,1
2025/12/26 09:50,05F0439S,05F0494S,5,0,0
2025/12/26 09:55,05F0000S,05F0055S,31,350,130
2025/12/26 09:55,05F0000S,05F0055S,32,358,42
2025/12/26 09:55,05F0000S,05F0055S,41,362,6
2025/12/26 09:55,05F0000S,05F0055S,42,0,0
2025/12/26 09:55,05F0000S,05F0055S,5,0,0
2025/12/26 09:55,05F0055S,05F0287S,31,1099,149
2025/12/26 09:55,05F0055S,05F0287S,32,1102,53
2025/12/26 09:55,05F0055S,05F0287S,41,1140,5
2025/12/26 09:55,05F0055S,05F0287S,42,0,0
2025/12/26 09:55,05F0055S,05F0287S,5,0,0
2025/12/26 09:55,05F0287S,05F0309S,31,94,91
2025/12/26 09:55,05F0287S,05F0309S,32,96,39
2025/12/26 09:55,05F0287S,05F0309S,41,97,6
2025/12/26 09:55,05F0287S,05F0309S,42,0,0
2025/12/26 09:55,05F0287S,05F0309S,5,0,0
2025/12/26 09:55,05F0309S,05F0439S,31,497,65
2025/12/26 09:55,05F0309S,05F0439S,32,499,26
2025/12/26 09:55,05F0309S,05F0439S,41,519,2
2025/12/26 09:55,05F0309S,05F0439S,42,484,1
2025/12/26 09:55,05F0309S,05F0439S,5,0,0
2025/12/26 09:55,05F0439S,05F0494S,31,206,26
2025/12/26 09:55,05F0439S,05F0494S,32,214,13
2025/12/26 09:55,05F0439S,05F0494S,41,0,0
2025/12/26 09:55,05F0439S,05F0494S,42,0,0
2025/12/26 09:55,05F0439S,05F0494S,5,212,4
2025/12/26 10:00,05F0000S,05F0055S,31,356,138
2025/12/26 10:00,05F0000S,05F0055S,32,361,53
2025/12/26 10:00,05F0000S,05F0055S,41,363,2
2025/12/26 10:00,05F0000S,05F0055S,42,0,0
2025/12/26 10:00,05F0000S,05F0055S,5,0,0
2025/12/26 10:00,05F0055S,05F0287S,31,1093,146
2025/12/26 10:00,05F0055S,05F0287S,32,1096,41
2025/12/26 10:00,05F0055S,05F0287S,41,1102,6
2025/12/26 10:00,05F0055S,05F0287S,42,1116,1
2025/12/26 10:00,05F0055S,05F0287S,5,0,0
2025/12/26 10:00,05F0287S,05F0309S,31,90,108
2025/12/26 10:00,05F0287S,05F0309S,32,91,38
2025/12/26 10:00,05F0287S,05F0309S,41,95,6
2025/12/26 10:00,05F0287S,05F0309S,42,0,0
2025/12/26 10:00,05F0287S,05F0309S,5,0,0
2025/12/26 10:00,05F0309S,05F0439S,31,496,54
2025/12/26 10:00,05F0309S,05F0439S,32,503,25
2025/12/26 10:00,05F0309S,05F0439S,41,529,4
2025/12/26 10:00,05F0309S,05F0439S,42,538,1
2025/12/26 10:00,05F0309S,05F0439S,5,534,2
2025/12/26 10:00,05F0439S,05F0494S,31,204,31
2025/12/26 10:00,05F0439S,05F0494S,32,207,17
2025/12/26 10:00,05F0439S,05F0494S,41,0,0
2025/12/26 10:00,05F0439S,05F0494S,42,245,1
2025/12/26 10:00,05F0439S,05F0494S,5,231,1
2025/12/26 10:05,05F0000S,05F0055S,31,395,144
2025/12/26 10:05,05F0000S,05F0055S,32,392,43
2025/12/26 10:05,05F0000S,05F0055S,41,398,6
2025/12/26 10:05,05F0000S,05F0055S,42,0,0
2025/12/26 10:05,05F0000S,05F0055S,5,0,0
2025/12/26 10:05,05F0055S,05F0287S,31,1108,152
2025/12/26 10:05,05F0055S,05F0287S,32,1110,49
2025/12/26 10:05,05F0055S,05F0287S,41,1128,4
2025/12/26 10:05,05F0055S,05F0287S,42,0,0
2025/12/26 10:05,05F0055S,05F0287S,5,0,0
2025/12/26 10:05,05F0287S,05F0309S,31,91,99
2025/12/26 10:05,05F0287S,05F0309S,32,91,32
2025/12/26 10:05,05F0287S,05F0309S,41,95,3
2025/12/26 10:05,05F0287S,05F0309S,42,95,1
2025/12/26 10:05,05F0287S,05F0309S,5,0,0
2025/12/26 10:05,05F0309S,05F0439S,31,508,68
2025/12/26 10:05,05F0309S,05F0439S,32,516,36
2025/12/26 10:05,05F0309S,05F0439S,41,541,3
2025/12/26 10:05,05F0309S,05F0439S,42,509,1
2025/12/26 10:05,05F0309S,05F0439S,5,548,4
2025/12/26 10:05,05F0439S,05F0494S,31,212,25
2025/12/26 10:05,05F0439S,05F0494S,32,218,15
2025/12/26 10:05,05F0439S,05F0494S,41,276,1
2025/12/26 10:05,05F0439S,05F0494S,42,0,0
2025/12/26 10:05,05F0439S,05F0494S,5,224,2
2025/12/26 10:10,05F0000S,05F0055S,31,401,132
2025/12/26 10:10,05F0000S,05F0055S,32,398,60
2025/12/26 10:10,05F0000S,05F0055S,41,392,5
2025/12/26 10:10,05F0000S,05F0055S,42,0,0
2025/12/26 10:10,05F0000S,05F0055S,5,0,0
2025/12/26 10:10,05F0055S,05F0287S,31,1095,156
2025/12/26 10:10,05F0055S,05F0287S,32,1094,53
2025/12/26 10:10,05F0055S,05F0287S,41,1104,10
2025/12/26 10:10,05F0055S,05F0287S,42,0,0
2025/12/26 10:10,05F0055S,05F0287S,5,0,0
2025/12/26 10:10,05F0287S,05F0309S,31,91,108
2025/12/26 10:10,05F0287S,05F0309S,32,94,35
2025/12/26 10:10,05F0287S,05F0309S,41,96,8
2025/12/26 10:10,05F0287S,05F0309S,42,0,0
2025/12/26 10:10,05F0287S,05F0309S,5,0,0
2025/12/26 10:10,05F0309S,05F0439S,31,510,72
2025/12/26 10:10,05F0309S,05F0439S,32,518,18
2025/12/26 10:10,05F0309S,05F0439S,41,512,2
2025/12/26 10:10,05F0309S,05F0439S,42,501,1
2025/12/26 10:10,05F0309S,05F0439S,5,530,2
2025/12/26 10:10,05F0439S,05F0494S,31,211,32
2025/12/26 10:10,05F0439S,05F0494S,32,226,21
2025/12/26 10:10,05F0439S,05F0494S,41,0,0
2025/12/26 10:10,05F0439S,05F0494S,42,257,3
2025/12/26 10:10,05F0439S,05F0494S,5,230,3
2025/12/26 10:15,05F0000S,05F0055S,31,422,136
2025/12/26 10:15,05F0000S,05F0055S,32,422,47
2025/12/26 10:15,05F0000S,05F0055S,41,403,7
2025/12/26 10:15,05F0000S,05F0055S,42,0,0
2025/12/26 10:15,05F0000S,05F0055S,5,0,0
2025/12/26 10:15,05F0055S,05F0287S,31,1084,138
2025/12/26 10:15,05F0055S,05F0287S,32,1076,41
2025/12/26 10:15,05F0055S,05F0287S,41,1121,5
2025/12/26 10:15,05F0055S,05F0287S,42,0,0
2025/12/26 10:15,05F0055S,05F0287S,5,0,0
2025/12/26 10:15,05F0287S,05F0309S,31,90,94
2025/12/26 10:15,05F0287S,05F0309S,32,95,31
2025/12/26 10:15,05F0287S,05F0309S,41,77,1
2025/12/26 10:15,05F0287S,05F0309S,42,0,0
2025/12/26 10:15,05F0287S,05F0309S,5,0,0
2025/12/26 10:15,05F0309S,05F0439S,31,494,60
2025/12/26 10:15,05F0309S,05F0439S,32,509,27
2025/12/26 10:15,05F0309S,05F0439S,41,551,4
2025/12/26 10:15,05F0309S,05F0439S,42,553,2
2025/12/26 10:15,05F0309S,05F0439S,5,505,2
2025/12/26 10:15,05F0439S,05F0494S,31,213,32
2025/12/26 10:15,05F0439S,05F0494S,32,224,11
2025/12/26 10:15,05F0439S,05F0494S,41,226,1
2025/12/26 10:15,05F0439S,05F0494S,42,209,1
2025/12/26 10:15,05F0439S,05F0494S,5,226,1
2025/12/26 10:20,05F0000S,05F0055S,31,448,143
2025/12/26 10:20,05F0000S,05F0055S,32,453,44
2025/12/26 10:20,05F0000S,05F0055S,41,985,4
2025/12/26 10:20,05F0000S,05F0055S,42,0,0
2025/12/26 10:20,05F0000S,05F0055S,5,0,0
2025/12/26 10:20,05F0055S,05F0287S,31,1121,143
2025/12/26 10:20,05F0055S,05F0287S,32,1122,60
2025/12/26 10:20,05F0055S,05F0287S,41,1142,3
2025/12/26 10:20,05F0055S,05F0287S,42,0,0
2025/12/26 10:20,05F0055S,05F0287S,5,0,0
2025/12/26 10:20,05F0287S,05F0309S,31,90,93
2025/12/26 10:20,05F0287S,05F0309S,32,91,39
2025/12/26 10:20,05F0287S,05F0309S,41,94,5
2025/12/26 10:20,05F0287S,05F0309S,42,0,0
2025/12/26 10:20,05F0287S,05F0309S,5,0,0
2025/12/26 10:20,05F0309S,05F0439S,31,504,79
2025/12/26 10:20,05F0309S,05F0439S,32,509,21
2025/12/26 10:20,05F0309S,05F0439S,41,530,5
2025/12/26 10:20,05F0309S,05F0439S,42,0,0
2025/12/26 10:20,05F0309S,05F0439S,5,504,6
2025/12/26 10:20,05F0439S,05F0494S,31,210,32
2025/12/26 10:20,05F0439S,05F0494S,32,210,13
2025/12/26 10:20,05F0439S,05F0494S,41,242,2
2025/12/26 10:20,05F0439S,05F0494S,42,205,1
2025/12/26 10:20,05F0439S,05F0494S,5,210,4
2025/12/26 10:25,05F0000S,05F0055S,31,461,151
2025/12/26 10:25,05F0000S,05F0055S,32,460,57
2025/12/26 10:25,05F0000S,05F0055S,41,414,6
2025/12/26 10:25,05F0000S,05F0055S,42,0,0
2025/12/26 10:25,05F0000S,05F0055S,5,0,0
2025/12/26 10:25,05F0055S,05F0287S,31,1122,153
2025/12/26 10:25,05F0055S,05F0287S,32,1126,48
2025/12/26 10:25,05F0055S,05F0287S,41,1149,5
2025/12/26 10:25,05F0055S,05F0287S,42,2226,1
2025/12/26 10:25,05F0055S,05F0287S,5,0,0
2025/12/26 10:25,05F0287S,05F0309S,31,92,102
2025/12/26 10:25,05F0287S,05F0309S,32,93,33
2025/12/26 10:25,05F0287S,05F0309S,41,100,3
2025/12/26 10:25,05F0287S,05F0309S,42,0,0
2025/12/26 10:25,05F0287S,05F0309S,5,0,0
2025/12/26 10:25,05F0309S,05F0439S,31,499,64
2025/12/26 10:25,05F0309S,05F0439S,32,513,24
2025/12/26 10:25,05F0309S,05F0439S,41,474,2
2025/12/26 10:25,05F0309S,05F0439S,42,525,3
2025/12/26 10:25,05F0309S,05F0439S,5,500,7
2025/12/26 10:25,05F0439S,05F0494S,31,213,41
2025/12/26 10:25,05F0439S,05F0494S,32,214,10
2025/12/26 10:25,05F0439S,05F0494S,41,236,1
2025/12/26 10:25,05F0439S,05F0494S,42,250,1
2025/12/26 10:25,05F0439S,05F0494S,5,207,2
2025/12/26 10:30,05F0000S,05F0055S,31,474,150
2025/12/26 10:30,05F0000S,05F0055S,32,472,48
2025/12/26 10:30,05F0000S,05F0055S,41,419,7
2025/12/26 10:30,05F0000S,05F0055S,42,0,0
2025/12/26 10:30,05F0000S,05F0055S,5,0,0
2025/12/26 10:30,05F0055S,05F0287S,31,1128,144
2025/12/26 10:30,05F0055S,05F0287S,32,1127,67
2025/12/26 10:30,05F0055S,05F0287S,41,1134,6
2025/12/26 10:30,05F0055S,05F0287S,42,0,0
2025/12/26 10:30,05F0055S,05F0287S,5,0,0
2025/12/26 10:30,05F0287S,05F0309S,31,92,101
2025/12/26 10:30,05F0287S,05F0309S,32,92,45
2025/12/26 10:30,05F0287S,05F0309S,41,95,4
2025/12/26 10:30,05F0287S,05F0309S,42,108,1
2025/12/26 10:30,05F0287S,05F0309S,5,0,0
2025/12/26 10:30,05F0309S,05F0439S,31,503,62
2025/12/26 10:30,05F0309S,05F0439S,32,503,33
2025/12/26 10:30,05F0309S,05F0439S,41,503,1
2025/12/26 10:30,05F0309S,05F0439S,42,0,0
2025/12/26 10:30,05F0309S,05F0439S,5,506,6
2025/12/26 10:30,05F0439S,05F0494S,31,217,37
2025/12/26 10:30,05F0439S,05F0494S,32,216,13
2025/12/26 10:30,05F0439S,05F0494S,41,0,0
2025/12/26 10:30,05F0439S,05F0494S,42,0,0
2025/12/26 10:30,05F0439S,05F0494S,5,205,7
2025/12/26 10:35,05F0000S,05F0055S,31,475,140
2025/12/26 10:35,05F0000S,05F0055S,32,487,51
2025/12/26 10:35,05F0000S,05F0055S,41,423,2
2025/12/26 10:35,05F0000S,05F0055S,42,0,0
2025/12/26 10:35,05F0000S,05F0055S,5,0,0
2025/12/26 10:35,05F0055S,05F0287S,31,1125,154
2025/12/26 10:35,05F0055S,05F0287S,32,1125,49
2025/12/26 10:35,05F0055S,05F0287S,41,1118,6
2025/12/26 10:35,05F0055S,05F0287S,42,0,0
2025/12/26 10:35,05F0055S,05F0287S,5,0,0
2025/12/26 10:35,05F0287S,05F0309S,31,94,103
2025/12/26 10:35,05F0287S,05F0309S,32,92,38
2025/12/26 10:35,05F0287S,05F0309S,41,95,7
2025/12/26 10:35,05F0287S,05F0309S,42,0,0
2025/12/26 10:35,05F0287S,05F0309S,5,0,0
2025/12/26 10:35,05F0309S,05F0439S,31,504,77
2025/12/26 10:35,05F0309S,05F0439S,32,525,26
2025/12/26 10:35,05F0309S,05F0439S,41,633,2
2025/12/26 10:35,05F0309S,05F0439S,42,606,1
2025/12/26 10:35,05F0309S,05F0439S,5,526,4
2025/12/26 10:35,05F0439S,05F0494S,31,209,39
2025/12/26 10:35,05F0439S,05F0494S,32,220,21
2025/12/26 10:35,05F0439S,05F0494S,41,0,0
2025/12/26 10:35,05F0439S,05F0494S,42,0,0
2025/12/26 10:35,05F0439S,05F0494S,5,209,9
2025/12/26 10:40,05F0000S,05F0055S,31,517,148
2025/12/26 10:40,05F0000S,05F0055S,32,506,52
2025/12/26 10:40,05F0000S,05F0055S,41,443,5
2025/12/26 10:40,05F0000S,05F0055S,42,0,0
2025/12/26 10:40,05F0000S,05F0055S,5,0,0
2025/12/26 10:40,05F0055S,05F0287S,31,1122,158
2025/12/26 10:40,05F0055S,05F0287S,32,1127,51
2025/12/26 10:40,05F0055S,05F0287S,41,1108,4
2025/12/26 10:40,05F0055S,05F0287S,42,0,0
2025/12/26 10:40,05F0055S,05F0287S,5,0,0
2025/12/26 10:40,05F0287S,05F0309S,31,94,102
2025/12/26 10:40,05F0287S,05F0309S,32,98,31
2025/12/26 10:40,05F0287S,05F0309S,41,103,3
2025/12/26 10:40,05F0287S,05F0309S,42,0,0
2025/12/26 10:40,05F0287S,05F0309S,5,0,0
2025/12/26 10:40,05F0309S,05F0439S,31,499,79
2025/12/26 10:40,05F0309S,05F0439S,32,501,31
2025/12/26 10:40,05F0309S,05F0439S,41,524,1
2025/12/26 10:40,05F0309S,05F0439S,42,500,1
2025/12/26 10:40,05F0309S,05F0439S,5,508,6
2025/12/26 10:40,05F0439S,05F0494S,31,209,39
2025/12/26 10:40,05F0439S,05F0494S,32,219,7
2025/12/26 10:40,05F0439S,05F0494S,41,236,1
2025/12/26 10:40,05F0439S,05F0494S,42,240,1
2025/12/26 10:40,05F0439S,05F0494S,5,209,7
2025/12/26 10:45,05F0000S,05F0055S,31,534,150
2025/12/26 10:45,05F0000S,05F0055S,32,503,44
2025/12/26 10:45,05F0000S,05F0055S,41,407,2
2025/12/26 10:45,05F0000S,05F0055S,42,937,1
2025/12/26 10:45,05F0000S,05F0055S,5,0,0
2025/12/26 10:45,05F0055S,05F0287S,31,1153,142
2025/12/26 10:45,05F0055S,05F0287S,32,1156,56
2025/12/26 10:45,05F0055S,05F0287S,41,1145,5
2025/12/26 10:45,05F0055S,05F0287S,42,0,0
2025/12/26 10:45,05F0055S,05F0287S,5,0,0
2025/12/26 10:45,05F0287S,05F0309S,31,94,92
2025/12/26 10:45,05F0287S,05F0309S,32,96,39
2025/12/26 10:45,05F0287S,05F0309S,41,94,4
2025/12/26 10:45,05F0287S,05F0309S,42,0,0
2025/12/26 10:45,05F0287S,05F0309S,5,0,0
2025/12/26 10:45,05F0309S,05F0439S,31,501,63
2025/12/26 10:45,05F0309S,05F0439S,32,528,21
2025/12/26 10:45,05F0309S,05F0439S,41,551,4
2025/12/26 10:45,05F0309S,05F0439S,42,0,0
2025/12/26 10:45,05F0309S,05F0439S,5,522,8
2025/12/26 10:45,05F0439S,05F0494S,31,211,33
2025/12/26 10:45,05F0439S,05F0494S,32,208,18
2025/12/26 10:45,05F0439S,05F0494S,41,0,0
2025/12/26 10:45,05F0439S,05F0494S,42,0,0
2025/12/26 10:45,05F0439S,05F0494S,5,211,3
2025/12/26 10:50,05F0000S,05F0055S,31,520,147
2025/12/26 10:50,05F0000S,05F0055S,32,534,47
2025/12/26 10:50,05F0000S,05F0055S,41,458,10
2025/12/26 10:50,05F0000S,05F0055S,42,0,0
2025/12/26 10:50,05F0000S,05F0055S,5,0,0
2025/12/26 10:50,05F0055S,05F0287S,31,1184,158
2025/12/26 10:50,05F0055S,05F0287S,32,1178,40
2025/12/26 10:50,05F0055S,05F0287S,41,1181,8
2025/12/26 10:50,05F0055S,05F0287S,42,0,0
2025/12/26 10:50,05F0055S,05F0287S,5,0,0
2025/12/26 10:50,05F0287S,05F0309S,31,90,94
2025/12/26 10:50,05F0287S,05F0309S,32,91,36
2025/12/26 10:50,05F0287S,05F0309S,41,101,3
2025/12/26 10:50,05F0287S,05F0309S,42,110,1
2025/12/26 10:50,05F0287S,05F0309S,5,0,0
2025/12/26 10:50,05F0309S,05F0439S,31,507,86
2025/12/26 10:50,05F0309S,05F0439S,32,524,21
2025/12/26 10:50,05F0309S,05F0439S,41,499,2
2025/12/26 10:50,05F0309S,05F0439S,42,564,1
2025/12/26 10:50,05F0309S,05F0439S,5,545,7
2025/12/26 10:50,05F0439S,05F0494S,31,208,39
2025/12/26 10:50,05F0439S,05F0494S,32,217,11
2025/12/26 10:50,05F0439S,05F0494S,41,0,0
2025/12/26 10:50,05F0439S,05F0494S,42,263,1
2025/12/26 10:50,05F0439S,05F0494S,5,214,11
2025/12/26 10:55,05F0000S,05F0055S,31,530,145
2025/12/26 10:55,05F0000S,05F0055S,32,531,45
2025/12/26 10:55,05F0000S,05F0055S,41,460,4
2025/12/26 10:55,05F0000S,05F0055S,42,0,0
2025/12/26 10:55,05F0000S,05F0055S,5,0,0
2025/12/26 10:55,05F0055S,05F0287S,31,1222,142
2025/12/26 10:55,05F0055S,05F0287S,32,1212,52
2025/12/26 10:55,05F0055S,05F0287S,41,1176,2
2025/12/26 10:55,05F0055S,05F0287S,42,0,0
2025/12/26 10:55,05F0055S,05F0287S,5,0,0
2025/12/26 10:55,05F0287S,05F0309S,31,91,104
2025/12/26 10:55,05F0287S,05F0309S,32,92,24
2025/12/26 10:55,05F0287S,05F0309S,41,97,3
2025/12/26 10:55,05F0287S,05F0309S,42,0,0
2025/12/26 10:55,05F0287S,05F0309S,5,0,0
2025/12/26 10:55,05F0309S,05F0439S,31,500,72
2025/12/26 10:55,05F0309S,05F0439S,32,494,26
2025/12/26 10:55,05F0309S,05F0439S,41,529,1
2025/12/26 10:55,05F0309S,05F0439S,42,0,0
2025/12/26 10:55,05F0309S,05F0439S,5,496,9
2025/12/26 10:55,05F0439S,05F0494S,31,210,44
2025/12/26 10:55,05F0439S,05F0494S,32,211,11
2025/12/26 10:55,05F0439S,05F0494S,41,0,0
2025/12/26 10:55,05F0439S,05F0494S,42,255,2
2025/12/26 10:55,05F0439S,05F0494S,5,205,4
2025/12/26 11:00,05F0000S,05F0055S,31,540,148
2025/12/26 11:00,05F0000S,05F0055S,32,540,52
2025/12/26 11:00,05F0000S,05F0055S,41,455,5
2025/12/26 11:00,05F0000S,05F0055S,42,0,0
2025/12/26 11:00,05F0000S,05F0055S,5,0,0
2025/12/26 11:00,05F0055S,05F0287S,31,1227,168
2025/12/26 11:00,05F0055S,05F0287S,32,1227,48
2025/12/26 11:00,05F0055S,05F0287S,41,1214,5
2025/12/26 11:00,05F0055S,05F0287S,42,0,0
2025/12/26 11:00,05F0055S,05F0287S,5,0,0
2025/12/26 11:00,05F0287S,05F0309S,31,93,88
2025/12/26 11:00,05F0287S,05F0309S,32,91,30
2025/12/26 11:00,05F0287S,05F0309S,41,97,3
2025/12/26 11:00,05F0287S,05F0309S,42,0,0
2025/12/26 11:00,05F0287S,05F0309S,5,0,0
2025/12/26 11:00,05F0309S,05F0439S,31,497,75
2025/12/26 11:00,05F0309S,05F0439S,32,511,19
2025/12/26 11:00,05F0309S,05F0439S,41,539,3
2025/12/26 11:00,05F0309S,05F0439S,42,549,2
2025/12/26 11:00,05F0309S,05F0439S,5,519,11
2025/12/26 11:00,05F0439S,05F0494S,31,209,30
2025/12/26 11:00,05F0439S,05F0494S,32,205,12
2025/12/26 11:00,05F0439S,05F0494S,41,0,0
2025/12/26 11:00,05F0439S,05F0494S,42,231,1
2025/12/26 11:00,05F0439S,05F0494S,5,210,6
2025/12/26 11:05,05F0000S,05F0055S,31,513,162
2025/12/26 11:05,05F0000S,05F0055S,32,519,40
2025/12/26 11:05,05F0000S,05F0055S,41,468,3
2025/12/26 11:05,05F0000S,05F0055S,42,0,0
2025/12/26 11:05,05F0000S,05F0055S,5,0,0
2025/12/26 11:05,05F0055S,05F0287S,31,1243,152
2025/12/26 11:05,05F0055S,05F0287S,32,1239,60
2025/12/26 11:05,05F0055S,05F0287S,41,1303,3
2025/12/26 11:05,05F0055S,05F0287S,42,0,0
2025/12/26 11:05,05F0055S,05F0287S,5,0,0
2025/12/26 11:05,05F0287S,05F0309S,31,92,101
2025/12/26 11:05,05F0287S,05F0309S,32,94,36
2025/12/26 11:05,05F0287S,05F0309S,41,105,1
2025/12/26 11:05,05F0287S,05F0309S,42,0,0
2025/12/26 11:05,05F0287S,05F0309S,5,0,0
2025/12/26 11:05,05F0309S,05F0439S,31,501,64
2025/12/26 11:05,05F0309S,05F0439S,32,515,12
2025/12/26 11:05,05F0309S,05F0439S,41,0,0
2025/12/26 11:05,05F0309S,05F0439S,42,572,1
2025/12/26 11:05,05F0309S,05F0439S,5,521,5
2025/12/26 11:05,05F0439S,05F0494S,31,207,30
2025/12/26 11:05,05F0439S,05F0494S,32,211,6
2025/12/26 11:05,05F0439S,05F0494S,41,0,0
2025/12/26 11:05,05F0439S,05F0494S,42,0,0
2025/12/26 11:05,05F0439S,05F0494S,5,208,14
2025/12/26 11:10,05F0000S,05F0055S,31,511,141
2025/12/26 11:10,05F0000S,05F0055S,32,502,47
2025/12/26 11:10,05F0000S,05F0055S,41,451,2
2025/12/26 11:10,05F0000S,05F0055S,42,0,0
2025/12/26 11:10,05F0000S,05F0055S,5,0,0
2025/12/26 11:10,05F0055S,05F0287S,31,1252,167
2025/12/26 11:10,05F0055S,05F0287S,32,1256,48
2025/12/26 11:10,05F0055S,05F0287S,41,1262,7
2025/12/26 11:10,05F0055S,05F0287S,42,0,0
2025/12/26 11:10,05F0055S,05F0287S,5,0,0
2025/12/26 11:10,05F0287S,05F0309S,31,97,98
2025/12/26 11:10,05F0287S,05F0309S,32,100,33
2025/12/26 11:10,05F0287S,05F0309S,41,96,5
2025/12/26 11:10,05F0287S,05F0309S,42,0,0
2025/12/26 11:10,05F0287S,05F0309S,5,0,0
2025/12/26 11:10,05F0309S,05F0439S,31,499,61
2025/12/26 11:10,05F0309S,05F0439S,32,490,17
2025/12/26 11:10,05F0309S,05F0439S,41,545,3
2025/12/26 11:10,05F0309S,05F0439S,42,580,1
2025/12/26 11:10,05F0309S,05F0439S,5,519,4
2025/12/26 11:10,05F0439S,05F0494S,31,208,40
2025/12/26 11:10,05F0439S,05F0494S,32,203,8
2025/12/26 11:10,05F0439S,05F0494S,41,0,0
2025/12/26 11:10,05F0439S,05F0494S,42,231,2
2025/12/26 11:10,05F0439S,05F0494S,5,211,6
2025/12/26 11:15,05F0000S,05F0055S,31,527,163
2025/12/26 11:15,05F0000S,05F0055S,32,510,33
2025/12/26 11:15,05F0000S,05F0055S,41,429,5
2025/12/26 11:15,05F0000S,05F0055S,42,0,0
2025/12/26 11:15,05F0000S,05F0055S,5,0,0
2025/12/26 11:15,05F0055S,05F0287S,31,1267,168
2025/12/26 11:15,05F0055S,05F0287S,32,1265,42
2025/12/26 11:15,05F0055S,05F0287S,41,1262,8
2025/12/26 11:15,05F0055S,05F0287S,42,0,0
2025/12/26 11:15,05F0055S,05F0287S,5,0,0
2025/12/26 11:15,05F0287S,05F0309S,31,96,100
2025/12/26 11:15,05F0287S,05F0309S,32,98,35
2025/12/26 11:15,05F0287S,05F0309S,41,99,2
2025/12/26 11:15,05F0287S,05F0309S,42,0,0
2025/12/26 11:15,05F0287S,05F0309S,5,0,0
2025/12/26 11:15,05F0309S,05F0439S,31,506,57
2025/12/26 11:15,05F0309S,05F0439S,32,490,19
2025/12/26 11:15,05F0309S,05F0439S,41,0,0
2025/12/26 11:15,05F0309S,05F0439S,42,562,1
2025/12/26 11:15,05F0309S,05F0439S,5,508,4
2025/12/26 11:15,05F0439S,05F0494S,31,210,29
2025/12/26 11:15,05F0439S,05F0494S,32,201,7
2025/12/26 11:15,05F0439S,05F0494S,41,0,0
2025/12/26 11:15,05F0439S,05F0494S,42,240,1
2025/12/26 11:15,05F0439S,05F0494S,5,215,2
2025/12/26 11:20,05F0000S,05F0055S,31,497,127
2025/12/26 11:20,05F0000S,05F0055S,32,530,40
2025/12/26 11:20,05F0000S,05F0055S,41,418,3
2025/12/26 11:20,05F0000S,05F0055S,42,0,0
2025/12/26 11:20,05F0000S,05F0055S,5,0,0
2025/12/26 11:20,05F0055S,05F0287S,31,1284,159
2025/12/26 11:20,05F0055S,05F0287S,32,1252,60
2025/12/26 11:20,05F0055S,05F0287S,41,1227,5
2025/12/26 11:20,05F0055S,05F0287S,42,1977,1
2025/12/26 11:20,05F0055S,05F0287S,5,0,0
2025/12/26 11:20,05F0287S,05F0309S,31,98,101
2025/12/26 11:20,05F0287S,05F0309S,32,101,37
2025/12/26 11:20,05F0287S,05F0309S,41,99,3
2025/12/26 11:20,05F0287S,05F0309S,42,0,0
2025/12/26 11:20,05F0287S,05F0309S,5,0,0
2025/12/26 11:20,05F0309S,05F0439S,31,507,75
2025/12/26 11:20,05F0309S,05F0439S,32,510,21
2025/12/26 11:20,05F0309S,05F0439S,41,584,4
2025/12/26 11:20,05F0309S,05F0439S,42,579,1
2025/12/26 11:20,05F0309S,05F0439S,5,495,2
2025/12/26 11:20,05F0439S,05F0494S,31,206,24
2025/12/26 11:20,05F0439S,05F0494S,32,206,10
2025/12/26 11:20,05F0439S,05F0494S,41,0,0
2025/12/26 11:20,05F0439S,05F0494S,42,237,1
2025/12/26 11:20,05F0439S,05F0494S,5,0,0
2025/12/26 11:25,05F0000S,05F0055S,31,507,141
2025/12/26 11:25,05F0000S,05F0055S,32,509,45
2025/12/26 11:25,05F0000S,05F0055S,41,415,6
2025/12/26 11:25,05F0000S,05F0055S,42,0,0
2025/12/26 11:25,05F0000S,05F0055S,5,0,0
2025/12/26 11:25,05F0055S,05F0287S,31,1300,163
2025/12/26 11:25,05F0055S,05F0287S,32,1310,42
2025/12/26 11:25,05F0055S,05F0287S,41,1240,3
2025/12/26 11:25,05F0055S,05F0287S,42,0,0
2025/12/26 11:25,05F0055S,05F0287S,5,0,0
2025/12/26 11:25,05F0287S,05F0309S,31,94,93
2025/12/26 11:25,05F0287S,05F0309S,32,94,25
2025/12/26 11:25,05F0287S,05F0309S,41,103,2
2025/12/26 11:25,05F0287S,05F0309S,42,0,0
2025/12/26 11:25,05F0287S,05F0309S,5,0,0
2025/12/26 11:25,05F0309S,05F0439S,31,496,63
2025/12/26 11:25,05F0309S,05F0439S,32,495,20
2025/12/26 11:25,05F0309S,05F0439S,41,525,2
2025/12/26 11:25,05F0309S,05F0439S,42,0,0
2025/12/26 11:25,05F0309S,05F0439S,5,0,0
2025/12/26 11:25,05F0439S,05F0494S,31,208,36
2025/12/26 11:25,05F0439S,05F0494S,32,215,18
2025/12/26 11:25,05F0439S,05F0494S,41,0,0
2025/12/26 11:25,05F0439S,05F0494S,42,0,0
2025/12/26 11:25,05F0439S,05F0494S,5,179,1
2025/12/26 11:30,05F0000S,05F0055S,31,496,133
2025/12/26 11:30,05F0000S,05F0055S,32,507,49
2025/12/26 11:30,05F0000S,05F0055S,41,439,4
2025/12/26 11:30,05F0000S,05F0055S,42,0,0
2025/12/26 11:30,05F0000S,05F0055S,5,0,0
2025/12/26 11:30,05F0055S,05F0287S,31,1298,167
2025/12/26 11:30,05F0055S,05F0287S,32,1252,55
2025/12/26 11:30,05F0055S,05F0287S,41,1229,2
2025/12/26 11:30,05F0055S,05F0287S,42,0,0
2025/12/26 11:30,05F0055S,05F0287S,5,0,0
2025/12/26 11:30,05F0287S,05F0309S,31,95,103
2025/12/26 11:30,05F0287S,05F0309S,32,95,26
2025/12/26 11:30,05F0287S,05F0309S,41,96,1
2025/12/26 11:30,05F0287S,05F0309S,42,0,0
2025/12/26 11:30,05F0287S,05F0309S,5,0,0
2025/12/26 11:30,05F0309S,05F0439S,31,508,68
2025/12/26 11:30,05F0309S,05F0439S,32,523,22
2025/12/26 11:30,05F0309S,05F0439S,41,544,1
2025/12/26 11:30,05F0309S,05F0439S,42,515,2
2025/12/26 11:30,05F0309S,05F0439S,5,538,9
2025/12/26 11:30,05F0439S,05F0494S,31,210,26
2025/12/26 11:30,05F0439S,05F0494S,32,216,10
2025/12/26 11:30,05F0439S,05F0494S,41,0,0
2025/12/26 11:30,05F0439S,05F0494S,42,0,0
2025/12/26 11:30,05F0439S,05F0494S,5,204,4
2025/12/26 11:35,05F0000S,05F0055S,31,535,157
2025/12/26 11:35,05F0000S,05F0055S,32,527,43
2025/12/26 11:35,05F0000S,05F0055S,41,425,2
2025/12/26 11:35,05F0000S,05F0055S,42,0,0
2025/12/26 11:35,05F0000S,05F0055S,5,0,0
2025/12/26 11:35,05F0055S,05F0287S,31,1324,169
2025/12/26 11:35,05F0055S,05F0287S,32,1327,38
2025/12/26 11:35,05F0055S,05F0287S,41,1224,3
2025/12/26 11:35,05F0055S,05F0287S,42,0,0
2025/12/26 11:35,05F0055S,05F0287S,5,0,0
2025/12/26 11:35,05F0287S,05F0309S,31,93,90
2025/12/26 11:35,05F0287S,05F0309S,32,95,39
2025/12/26 11:35,05F0287S,05F0309S,41,99,4
2025/12/26 11:35,05F0287S,05F0309S,42,0,0
2025/12/26 11:35,05F0287S,05F0309S,5,0,0
2025/12/26 11:35,05F0309S,05F0439S,31,499,59
2025/12/26 11:35,05F0309S,05F0439S,32,513,18
2025/12/26 11:35,05F0309S,05F0439S,41,516,1
2025/12/26 11:35,05F0309S,05F0439S,42,521,1
2025/12/26 11:35,05F0309S,05F0439S,5,487,8
2025/12/26 11:35,05F0439S,05F0494S,31,213,29
2025/12/26 11:35,05F0439S,05F0494S,32,215,6
2025/12/26 11:35,05F0439S,05F0494S,41,0,0
2025/12/26 11:35,05F0439S,05F0494S,42,228,1
2025/12/26 11:35,05F0439S,05F0494S,5,221,6
2025/12/26 11:40,05F0000S,05F0055S,31,447,140
2025/12/26 11:40,05F0000S,05F0055S,32,451,45
2025/12/26 11:40,05F0000S,05F0055S,41,400,2
2025/12/26 11:40,05F0000S,05F0055S,42,0,0
2025/12/26 11:40,05F0000S,05F0055S,5,0,0
2025/12/26 11:40,05F0055S,05F0287S,31,1328,143
2025/12/26 11:40,05F0055S,05F0287S,32,1312,45
2025/12/26 11:40,05F0055S,05F0287S,41,1255,5
2025/12/26 11:40,05F0055S,05F0287S,42,1256,1
2025/12/26 11:40,05F0055S,05F0287S,5,0,0
2025/12/26 11:40,05F0287S,05F0309S,31,91,93
2025/12/26 11:40,05F0287S,05F0309S,32,93,22
2025/12/26 11:40,05F0287S,05F0309S,41,101,2
2025/12/26 11:40,05F0287S,05F0309S,42,98,1
2025/12/26 11:40,05F0287S,05F0309S,5,0,0
2025/12/26 11:40,05F0309S,05F0439S,31,513,63
2025/12/26 11:40,05F0309S,05F0439S,32,513,19
2025/12/26 11:40,05F0309S,05F0439S,41,0,0
2025/12/26 11:40,05F0309S,05F0439S,42,535,1
2025/12/26 11:40,05F0309S,05F0439S,5,537,1
2025/12/26 11:40,05F0439S,05F0494S,31,209,28
2025/12/26 11:40,05F0439S,05F0494S,32,202,8
2025/12/26 11:40,05F0439S,05F0494S,41,0,0
2025/12/26 11:40,05F0439S,05F0494S,42,0,0
2025/12/26 11:40,05F0439S,05F0494S,5,204,7
2025/12/26 11:45,05F0000S,05F0055S,31,426,132
2025/12/26 11:45,05F0000S,05F0055S,32,426,49
2025/12/26 11:45,05F0000S,05F0055S,41,350,6
2025/12/26 11:45,05F0000S,05F0055S,42,0,0
2025/12/26 11:45,05F0000S,05F0055S,5,0,0
2025/12/26 11:45,05F0055S,05F0287S,31,1317,173
2025/12/26 11:45,05F0055S,05F0287S,32,1307,47
2025/12/26 11:45,05F0055S,05F0287S,41,1209,6
2025/12/26 11:45,05F0055S,05F0287S,42,0,0
2025/12/26 11:45,05F0055S,05F0287S,5,0,0
2025/12/26 11:45,05F0287S,05F0309S,31,96,89
2025/12/26 11:45,05F0287S,05F0309S,32,100,31
2025/12/26 11:45,05F0287S,05F0309S,41,97,5
2025/12/26 11:45,05F0287S,05F0309S,42,0,0
2025/12/26 11:45,05F0287S,05F0309S,5,0,0
2025/12/26 11:45,05F0309S,05F0439S,31,489,75
2025/12/26 11:45,05F0309S,05F0439S,32,494,16
2025/12/26 11:45,05F0309S,05F0439S,41,539,3
2025/12/26 11:45,05F0309S,05F0439S,42,491,1
2025/12/26 11:45,05F0309S,05F0439S,5,0,0
2025/12/26 11:45,05F0439S,05F0494S,31,207,38
2025/12/26 11:45,05F0439S,05F0494S,32,208,11
2025/12/26 11:45,05F0439S,05F0494S,41,0,0
2025/12/26 11:45,05F0439S,05F0494S,42,0,0
2025/12/26 11:45,05F0439S,05F0494S,5,224,1
2025/12/26 11:50,05F0000S,05F0055S,31,399,129
2025/12/26 11:50,05F0000S,05F0055S,32,400,42
2025/12/26 11:50,05F0000S,05F0055S,41,350,1
2025/12/26 11:50,05F0000S,05F0055S,42,0,0
2025/12/26 11:50,05F0000S,05F0055S,5,0,0
2025/12/26 11:50,05F0055S,05F0287S,31,1307,160
2025/12/26 11:50,05F0055S,05F0287S,32,1306,51
2025/12/26 11:50,05F0055S,05F0287S,41,1205,4
2025/12/26 11:50,05F0055S,05F0287S,42,0,0
2025/12/26 11:50,05F0055S,05F0287S,5,0,0
2025/12/26 11:50,05F0287S,05F0309S,31,94,89
2025/12/26 11:50,05F0287S,05F0309S,32,95,29
2025/12/26 11:50,05F0287S,05F0309S,41,95,4
2025/12/26 11:50,05F0287S,05F0309S,42,0,0
2025/12/26 11:50,05F0287S,05F0309S,5,0,0
2025/12/26 11:50,05F0309S,05F0439S,31,502,64
2025/12/26 11:50,05F0309S,05F0439S,32,517,26
2025/12/26 11:50,05F0309S,05F0439S,41,540,2
2025/12/26 11:50,05F0309S,05F0439S,42,0,0
2025/12/26 11:50,05F0309S,05F0439S,5,530,4
2025/12/26 11:50,05F0439S,05F0494S,31,208,25
2025/12/26 11:50,05F0439S,05F0494S,32,219,9
2025/12/26 11:50,05F0439S,05F0494S,41,0,0
2025/12/26 11:50,05F0439S,05F0494S,42,0,0
2025/12/26 11:50,05F0439S,05F0494S,5,203,1
2025/12/26 11:55,05F0000S,05F0055S,31,426,136
2025/12/26 11:55,05F0000S,05F0055S,32,426,36
2025/12/26 11:55,05F0000S,05F0055S,41,368,6
2025/12/26 11:55,05F0000S,05F0055S,42,0,0
2025/12/26 11:55,05F0000S,05F0055S,5,0,0
2025/12/26 11:55,05F0055S,05F0287S,31,1288,157
2025/12/26 11:55,05F0055S,05F0287S,32,1295,48
2025/12/26 11:55,05F0055S,05F0287S,41,1200,2
2025/12/26 11:55,05F0055S,05F0287S,42,0,0
2025/12/26 11:55,05F0055S,05F0287S,5,0,0
2025/12/26 11:55,05F0287S,05F0309S,31,91,106
2025/12/26 11:55,05F0287S,05F0309S,32,92,46
2025/12/26 11:55,05F0287S,05F0309S,41,97,2
2025/12/26 11:55,05F0287S,05F0309S,42,0,0
2025/12/26 11:55,05F0287S,05F0309S,5,0,0
2025/12/26 11:55,05F0309S,05F0439S,31,493,63
2025/12/26 11:55,05F0309S,05F0439S,32,501,22
2025/12/26 11:55,05F0309S,05F0439S,41,537,2
2025/12/26 11:55,05F0309S,05F0439S,42,551,2
2025/12/26 11:55,05F0309S,05F0439S,5,513,3
2025/12/26 11:55,05F0439S,05F0494S,31,208,36
2025/12/26 11:55,05F0439S,05F0494S,32,213,18
2025/12/26 11:55,05F0439S,05F0494S,41,0,0
2025/12/26 11:55,05F0439S,05F0494S,42,236,4
2025/12/26 11:55,05F0439S,05F0494S,5,222,6
2025/12/26 12:00,05F0000S,05F0055S,31,452,138
2025/12/26 12:00,05F0000S,05F0055S,32,450,41
2025/12/26 12:00,05F0000S,05F0055S,41,382,3
2025/12/26 12:00,05F0000S,05F0055S,42,0,0
2025/12/26 12:00,05F0000S,05F0055S,5,0,0
2025/12/26 12:00,05F0055S,05F0287S,31,1261,171
2025/12/26 12:00,05F0055S,05F0287S,32,1253,49
2025/12/26 12:00,05F0055S,05F0287S,41,1271,2
2025/12/26 12:00,05F0055S,05F0287S,42,0,0
2025/12/26 12:00,05F0055S,05F0287S,5,0,0
2025/12/26 12:00,05F0287S,05F0309S,31,91,103
2025/12/26 12:00,05F0287S,05F0309S,32,92,23
2025/12/26 12:00,05F0287S,05F0309S,41,104,2
2025/12/26 12:00,05F0287S,05F0309S,42,98,1
2025/12/26 12:00,05F0287S,05F0309S,5,0,0
2025/12/26 12:00,05F0309S,05F0439S,31,491,70
2025/12/26 12:00,05F0309S,05F0439S,32,503,23
2025/12/26 12:00,05F0309S,05F0439S,41,535,2
2025/12/26 12:00,05F0309S,05F0439S,42,530,2
2025/12/26 12:00,05F0309S,05F0439S,5,499,5
2025/12/26 12:00,05F0439S,05F0494S,31,206,30
2025/12/26 12:00,05F0439S,05F0494S,32,216,9
2025/12/26 12:00,05F0439S,05F0494S,41,0,0
2025/12/26 12:00,05F0439S,05F0494S,42,204,1
2025/12/26 12:00,05F0439S,05F0494S,5,220,1
2025/12/26 12:05,05F0000S,05F0055S,31,406,146
2025/12/26 12:05,05F0000S,05F0055S,32,399,51
2025/12/26 12:05,05F0000S,05F0055S,41,380,5
2025/12/26 12:05,05F0000S,05F0055S,42,0,0
2025/12/26 12:05,05F0000S,05F0055S,5,0,0
2025/12/26 12:05,05F0055S,05F0287S,31,1243,147
2025/12/26 12:05,05F0055S,05F0287S,32,1219,53
2025/12/26 12:05,05F0055S,05F0287S,41,1181,6
2025/12/26 12:05,05F0055S,05F0287S,42,0,0
2025/12/26 12:05,05F0055S,05F0287S,5,0,0
2025/12/26 12:05,05F0287S,05F0309S,31,93,104
2025/12/26 12:05,05F0287S,05F0309S,32,96,46
2025/12/26 12:05,05F0287S,05F0309S,41,93,2
2025/12/26 12:05,05F0287S,05F0309S,42,0,0
2025/12/26 12:05,05F0287S,05F0309S,5,0,0
2025/12/26 12:05,05F0309S,05F0439S,31,492,71
2025/12/26 12:05,05F0309S,05F0439S,32,489,19
2025/12/26 12:05,05F0309S,05F0439S,41,555,1
2025/12/26 12:05,05F0309S,05F0439S,42,582,2
2025/12/26 12:05,05F0309S,05F0439S,5,544,3
2025/12/26 12:05,05F0439S,05F0494S,31,208,33
2025/12/26 12:05,05F0439S,05F0494S,32,201,10
2025/12/26 12:05,05F0439S,05F0494S,41,0,0
2025/12/26 12:05,05F0439S,05F0494S,42,400,1
2025/12/26 12:05,05F0439S,05F0494S,5,206,4
2025/12/26 12:10,05F0000S,05F0055S,31,345,142
2025/12/26 12:10,05F0000S,05F0055S,32,344,51
2025/12/26 12:10,05F0000S,05F0055S,41,283,4
2025/12/26 12:10,05F0000S,05F0055S,42,274,1
2025/12/26 12:10,05F0000S,05F0055S,5,0,0
2025/12/26 12:10,05F0055S,05F0287S,31,1267,135
2025/12/26 12:10,05F0055S,05F0287S,32,1247,44
2025/12/26 12:10,05F0055S,05F0287S,41,1093,1
2025/12/26 12:10,05F0055S,05F0287S,42,0,0
2025/12/26 12:10,05F0055S,05F0287S,5,0,0
2025/12/26 12:10,05F0287S,05F0309S,31,92,94
2025/12/26 12:10,05F0287S,05F0309S,32,90,24
2025/12/26 12:10,05F0287S,05F0309S,41,92,2
2025/12/26 12:10,05F0287S,05F0309S,42,0,0
2025/12/26 12:10,05F0287S,05F0309S,5,0,0
2025/12/26 12:10,05F0309S,05F0439S,31,487,62
2025/12/26 12:10,05F0309S,05F0439S,32,490,18
2025/12/26 12:10,05F0309S,05F0439S,41,551,1
2025/12/26 12:10,05F0309S,05F0439S,42,529,1
2025/12/26 12:10,05F0309S,05F0439S,5,517,12
2025/12/26 12:10,05F0439S,05F0494S,31,203,35
2025/12/26 12:10,05F0439S,05F0494S,32,215,8
2025/12/26 12:10,05F0439S,05F0494S,41,0,0
2025/12/26 12:10,05F0439S,05F0494S,42,241,2
2025/12/26 12:10,05F0439S,05F0494S,5,214,3
2025/12/26 12:15,05F0000S,05F0055S,31,268,123
2025/12/26 12:15,05F0000S,05F0055S,32,267,45
2025/12/26 12:15,05F0000S,05F0055S,41,242,3
2025/12/26 12:15,05F0000S,05F0055S,42,0,0
2025/12/26 12:15,05F0000S,05F0055S,5,0,0
2025/12/26 12:15,05F0055S,05F0287S,31,1274,150
2025/12/26 12:15,05F0055S,05F0287S,32,1275,44
2025/12/26 12:15,05F0055S,05F0287S,41,1176,4
2025/12/26 12:15,05F0055S,05F0287S,42,0,0
2025/12/26 12:15,05F0055S,05F0287S,5,0,0
2025/12/26 12:15,05F0287S,05F0309S,31,91,88
2025/12/26 12:15,05F0287S,05F0309S,32,92,33
2025/12/26 12:15,05F0287S,05F0309S,41,95,4
2025/12/26 12:15,05F0287S,05F0309S,42,0,0
2025/12/26 12:15,05F0287S,05F0309S,5,0,0
2025/12/26 12:15,05F0309S,05F0439S,31,499,70
2025/12/26 12:15,05F0309S,05F0439S,32,495,24
2025/12/26 12:15,05F0309S,05F0439S,41,507,2
2025/12/26 12:15,05F0309S,05F0439S,42,553,1
2025/12/26 12:15,05F0309S,05F0439S,5,522,7
2025/12/26 12:15,05F0439S,05F0494S,31,209,40
2025/12/26 12:15,05F0439S,05F0494S,32,208,13
2025/12/26 12:15,05F0439S,05F0494S,41,222,1
2025/12/26 12:15,05F0439S,05F0494S,42,0,0
2025/12/26 12:15,05F0439S,05F0494S,5,215,11
2025/12/26 12:20,05F0000S,05F0055S,31,257,102
2025/12/26 12:20,05F0000S,05F0055S,32,255,41
2025/12/26 12:20,05F0000S,05F0055S,41,260,5
2025/12/26 12:20,05F0000S,05F0055S,42,0,0
2025/12/26 12:20,05F0000S,05F0055S,5,0,0
2025/12/26 12:20,05F0055S,05F0287S,31,1237,174
2025/12/26 12:20,05F0055S,05F0287S,32,1236,48
2025/12/26 12:20,05F0055S,05F0287S,41,1248,4
2025/12/26 12:20,05F0055S,05F0287S,42,0,0
2025/12/26 12:20,05F0055S,05F0287S,5,0,0
2025/12/26 12:20,05F0287S,05F0309S,31,89,110
2025/12/26 12:20,05F0287S,05F0309S,32,92,28
2025/12/26 12:20,05F0287S,05F0309S,41,101,1
2025/12/26 12:20,05F0287S,05F0309S,42,0,0
2025/12/26 12:20,05F0287S,05F0309S,5,0,0
2025/12/26 12:20,05F0309S,05F0439S,31,495,55
2025/12/26 12:20,05F0309S,05F0439S,32,505,20
2025/12/26 12:20,05F0309S,05F0439S,41,0,0
2025/12/26 12:20,05F0309S,05F0439S,42,0,0
2025/12/26 12:20,05F0309S,05F0439S,5,519,6
2025/12/26 12:20,05F0439S,05F0494S,31,203,25
2025/12/26 12:20,05F0439S,05F0494S,32,204,15
2025/12/26 12:20,05F0439S,05F0494S,41,0,0
2025/12/26 12:20,05F0439S,05F0494S,42,241,1
2025/12/26 12:20,05F0439S,05F0494S,5,223,7
2025/12/26 12:25,05F0000S,05F0055S,31,267,121
2025/12/26 12:25,05F0000S,05F0055S,32,266,42
2025/12/26 12:25,05F0000S,05F0055S,41,266,3
2025/12/26 12:25,05F0000S,05F0055S,42,0,0
2025/12/26 12:25,05F0000S,05F0055S,5,0,0
2025/12/26 12:25,05F0055S,05F0287S,31,1214,161
2025/12/26 12:25,05F0055S,05F0287S,32,1211,56
2025/12/26 12:25,05F0055S,05F0287S,41,1196,6
2025/12/26 12:25,05F0055S,05F0287S,42,1158,1
2025/12/26 12:25,05F0055S,05F0287S,5,0,0
2025/12/26 12:25,05F0287S,05F0309S,31,91,114
2025/12/26 12:25,05F0287S,05F0309S,32,91,35
2025/12/26 12:25,05F0287S,05F0309S,41,92,2
2025/12/26 12:25,05F0287S,05F0309S,42,0,0
2025/12/26 12:25,05F0287S,05F0309S,5,0,0
2025/12/26 12:25,05F0309S,05F0439S,31,485,73
2025/12/26 12:25,05F0309S,05F0439S,32,489,21
2025/12/26 12:25,05F0309S,05F0439S,41,533,2
2025/12/26 12:25,05F0309S,05F0439S,42,553,1
2025/12/26 12:25,05F0309S,05F0439S,5,503,6
2025/12/26 12:25,05F0439S,05F0494S,31,209,27
2025/12/26 12:25,05F0439S,05F0494S,32,210,12
2025/12/26 12:25,05F0439S,05F0494S,41,226,1
2025/12/26 12:25,05F0439S,05F0494S,42,0,0
2025/12/26 12:25,05F0439S,05F0494S,5,204,6
2025/12/26 12:30,05F0000S,05F0055S,31,261,131
2025/12/26 12:30,05F0000S,05F0055S,32,259,30
2025/12/26 12:30,05F0000S,05F0055S,41,266,3
2025/12/26 12:30,05F0000S,05F0055S,42,0,0
2025/12/26 12:30,05F0000S,05F0055S,5,0,0
2025/12/26 12:30,05F0055S,05F0287S,31,1223,149
2025/12/26 12:30,05F0055S,05F0287S,32,1176,48
2025/12/26 12:30,05F0055S,05F0287S,41,1145,4
2025/12/26 12:30,05F0055S,05F0287S,42,0,0
2025/12/26 12:30,05F0055S,05F0287S,5,0,0
2025/12/26 12:30,05F0287S,05F0309S,31,88,98
2025/12/26 12:30,05F0287S,05F0309S,32,89,43
2025/12/26 12:30,05F0287S,05F0309S,41,92,3
2025/12/26 12:30,05F0287S,05F0309S,42,0,0
2025/12/26 12:30,05F0287S,05F0309S,5,0,0
2025/12/26 12:30,05F0309S,05F0439S,31,503,66
2025/12/26 12:30,05F0309S,05F0439S,32,492,20
2025/12/26 12:30,05F0309S,05F0439S,41,534,1
2025/12/26 12:30,05F0309S,05F0439S,42,0,0
2025/12/26 12:30,05F0309S,05F0439S,5,500,7
2025/12/26 12:30,05F0439S,05F0494S,31,205,25
2025/12/26 12:30,05F0439S,05F0494S,32,219,5
2025/12/26 12:30,05F0439S,05F0494S,41,0,0
2025/12/26 12:30,05F0439S,05F0494S,42,249,1
2025/12/26 12:30,05F0439S,05F0494S,5,219,6
2025/12/26 12:35,05F0000S,05F0055S,31,264,134
2025/12/26 12:35,05F0000S,05F0055S,32,267,50
2025/12/26 12:35,05F0000S,05F0055S,41,262,1
2025/12/26 12:35,05F0000S,05F0055S,42,0,0
2025/12/26 12:35,05F0000S,05F0055S,5,0,0
2025/12/26 12:35,05F0055S,05F0287S,31,1241,131
2025/12/26 12:35,05F0055S,05F0287S,32,1165,58
2025/12/26 12:35,05F0055S,05F0287S,41,1108,5
2025/12/26 12:35,05F0055S,05F0287S,42,0,0
2025/12/26 12:35,05F0055S,05F0287S,5,0,0
2025/12/26 12:35,05F0287S,05F0309S,31,89,91
2025/12/26 12:35,05F0287S,05F0309S,32,88,35
2025/12/26 12:35,05F0287S,05F0309S,41,89,2
2025/12/26 12:35,05F0287S,05F0309S,42,0,0
2025/12/26 12:35,05F0287S,05F0309S,5,0,0
2025/12/26 12:35,05F0309S,05F0439S,31,486,65
2025/12/26 12:35,05F0309S,05F0439S,32,505,25
2025/12/26 12:35,05F0309S,05F0439S,41,527,1
2025/12/26 12:35,05F0309S,05F0439S,42,552,2
2025/12/26 12:35,05F0309S,05F0439S,5,522,2
2025/12/26 12:35,05F0439S,05F0494S,31,204,50
2025/12/26 12:35,05F0439S,05F0494S,32,209,11
2025/12/26 12:35,05F0439S,05F0494S,41,0,0
2025/12/26 12:35,05F0439S,05F0494S,42,0,0
2025/12/26 12:35,05F0439S,05F0494S,5,201,6
2025/12/26 12:40,05F0000S,05F0055S,31,262,109
2025/12/26 12:40,05F0000S,05F0055S,32,268,46
2025/12/26 12:40,05F0000S,05F0055S,41,268,4
2025/12/26 12:40,05F0000S,05F0055S,42,0,0
2025/12/26 12:40,05F0000S,05F0055S,5,0,0
2025/12/26 12:40,05F0055S,05F0287S,31,1198,141
2025/12/26 12:40,05F0055S,05F0287S,32,1194,42
2025/12/26 12:40,05F0055S,05F0287S,41,1108,5
2025/12/26 12:40,05F0055S,05F0287S,42,0,0
2025/12/26 12:40,05F0055S,05F0287S,5,0,0
2025/12/26 12:40,05F0287S,05F0309S,31,90,83
2025/12/26 12:40,05F0287S,05F0309S,32,89,39
2025/12/26 12:40,05F0287S,05F0309S,41,93,5
2025/12/26 12:40,05F0287S,05F0309S,42,0,0
2025/12/26 12:40,05F0287S,05F0309S,5,0,0
2025/12/26 12:40,05F0309S,05F0439S,31,495,61
2025/12/26 12:40,05F0309S,05F0439S,32,491,16
2025/12/26 12:40,05F0309S,05F0439S,41,522,1
2025/12/26 12:40,05F0309S,05F0439S,42,0,0
2025/12/26 12:40,05F0309S,05F0439S,5,526,8
2025/12/26 12:40,05F0439S,05F0494S,31,206,35
2025/12/26 12:40,05F0439S,05F0494S,32,215,18
2025/12/26 12:40,05F0439S,05F0494S,41,0,0
2025/12/26 12:40,05F0439S,05F0494S,42,0,0
2025/12/26 12:40,05F0439S,05F0494S,5,212,4
2025/12/26 12:45,05F0000S,05F0055S,31,265,120
2025/12/26 12:45,05F0000S,05F0055S,32,270,34
2025/12/26 12:45,05F0000S,05F0055S,41,260,5
2025/12/26 12:45,05F0000S,05F0055S,42,0,0
2025/12/26 12:45,05F0000S,05F0055S,5,0,0
2025/12/26 12:45,05F0055S,05F0287S,31,1125,145
2025/12/26 12:45,05F0055S,05F0287S,32,1132,49
2025/12/26 12:45,05F0055S,05F0287S,41,1107,5
2025/12/26 12:45,05F0055S,05F0287S,42,0,0
2025/12/26 12:45,05F0055S,05F0287S,5,0,0
2025/12/26 12:45,05F0287S,05F0309S,31,90,88
2025/12/26 12:45,05F0287S,05F0309S,32,92,30
2025/12/26 12:45,05F0287S,05F0309S,41,92,5
2025/12/26 12:45,05F0287S,05F0309S,42,0,0
2025/12/26 12:45,05F0287S,05F0309S,5,0,0
2025/12/26 12:45,05F0309S,05F0439S,31,490,65
2025/12/26 12:45,05F0309S,05F0439S,32,512,33
2025/12/26 12:45,05F0309S,05F0439S,41,541,1
2025/12/26 12:45,05F0309S,05F0439S,42,0,0
2025/12/26 12:45,05F0309S,05F0439S,5,511,7
2025/12/26 12:45,05F0439S,05F0494S,31,205,37
2025/12/26 12:45,05F0439S,05F0494S,32,208,10
2025/12/26 12:45,05F0439S,05F0494S,41,221,1
2025/12/26 12:45,05F0439S,05F0494S,42,0,0
2025/12/26 12:45,05F0439S,05F0494S,5,216,8
2025/12/26 12:50,05F0000S,05F0055S,31,259,119
2025/12/26 12:50,05F0000S,05F0055S,32,259,18
2025/12/26 12:50,05F0000S,05F0055S,41,256,2
2025/12/26 12:50,05F0000S,05F0055S,42,0,0
2025/12/26 12:50,05F0000S,05F0055S,5,0,0
2025/12/26 12:50,05F0055S,05F0287S,31,1078,151
2025/12/26 12:50,05F0055S,05F0287S,32,1079,46
2025/12/26 12:50,05F0055S,05F0287S,41,1060,3
2025/12/26 12:50,05F0055S,05F0287S,42,0,0
2025/12/26 12:50,05F0055S,05F0287S,5,0,0
2025/12/26 12:50,05F0287S,05F0309S,31,89,109
2025/12/26 12:50,05F0287S,05F0309S,32,89,26
2025/12/26 12:50,05F0287S,05F0309S,41,93,2
2025/12/26 12:50,05F0287S,05F0309S,42,0,0
2025/12/26 12:50,05F0287S,05F0309S,5,0,0
2025/12/26 12:50,05F0309S,05F0439S,31,484,67
2025/12/26 12:50,05F0309S,05F0439S,32,484,29
2025/12/26 12:50,05F0309S,05F0439S,41,531,3
2025/12/26 12:50,05F0309S,05F0439S,42,544,1
2025/12/26 12:50,05F0309S,05F0439S,5,495,4
2025/12/26 12:50,05F0439S,05F0494S,31,203,36
2025/12/26 12:50,05F0439S,05F0494S,32,207,9
2025/12/26 12:50,05F0439S,05F0494S,41,0,0
2025/12/26 12:50,05F0439S,05F0494S,42,203,2
2025/12/26 12:50,05F0439S,05F0494S,5,209,8
2025/12/26 12:55,05F0000S,05F0055S,31,260,112
2025/12/26 12:55,05F0000S,05F0055S,32,261,43
2025/12/26 12:55,05F0000S,05F0055S,41,264,6
2025/12/26 12:55,05F0000S,05F0055S,42,0,0
2025/12/26 12:55,05F0000S,05F0055S,5,0,0
2025/12/26 12:55,05F0055S,05F0287S,31,1050,136
2025/12/26 12:55,05F0055S,05F0287S,32,1054,48
2025/12/26 12:55,05F0055S,05F0287S,41,1072,2
2025/12/26 12:55,05F0055S,05F0287S,42,0,0
2025/12/26 12:55,05F0055S,05F0287S,5,0,0
2025/12/26 12:55,05F0287S,05F0309S,31,88,90
2025/12/26 12:55,05F0287S,05F0309S,32,91,39
2025/12/26 12:55,05F0287S,05F0309S,41,646,2
2025/12/26 12:55,05F0287S,05F0309S,42,2051,1
2025/12/26 12:55,05F0287S,05F0309S,5,0,0
2025/12/26 12:55,05F0309S,05F0439S,31,492,67
2025/12/26 12:55,05F0309S,05F0439S,32,506,19
2025/12/26 12:55,05F0309S,05F0439S,41,526,4
2025/12/26 12:55,05F0309S,05F0439S,42,537,1
2025/12/26 12:55,05F0309S,05F0439S,5,477,1
2025/12/26 12:55,05F0439S,05F0494S,31,204,23
2025/12/26 12:55,05F0439S,05F0494S,32,215,13
2025/12/26 12:55,05F0439S,05F0494S,41,0,0
2025/12/26 12:55,05F0439S,05F0494S,42,0,0
2025/12/26 12:55,05F0439S,05F0494S,5,203,2
2025/12/26 13:00,05F0000S,05F0055S,31,280,104
2025/12/26 13:00,05F0000S,05F0055S,32,279,23
2025/12/26 13:00,05F0000S,05F0055S,41,0,0
2025/12/26 13:00,05F0000S,05F0055S,42,0,0
2025/12/26 13:00,05F0000S,05F0055S,5,0,0
2025/12/26 13:00,05F0055S,05F0287S,31,1024,124
2025/12/26 13:00,05F0055S,05F0287S,32,1045,40
2025/12/26 13:00,05F0055S,05F0287S,41,1059,7
2025/12/26 13:00,05F0055S,05F0287S,42,0,0
2025/12/26 13:00,05F0055S,05F0287S,5,0,0
2025/12/26 13:00,05F0287S,05F0309S,31,86,100
2025/12/26 13:00,05F0287S,05F0309S,32,91,34
2025/12/26 13:00,05F0287S,05F0309S,41,88,4
2025/12/26 13:00,05F0287S,05F0309S,42,0,0
2025/12/26 13:00,05F0287S,05F0309S,5,0,0
2025/12/26 13:00,05F0309S,05F0439S,31,479,57
2025/12/26 13:00,05F0309S,05F0439S,32,485,20
2025/12/26 13:00,05F0309S,05F0439S,41,531,2
2025/12/26 13:00,05F0309S,05F0439S,42,602,1
2025/12/26 13:00,05F0309S,05F0439S,5,546,5
2025/12/26 13:00,05F0439S,05F0494S,31,211,30
2025/12/26 13:00,05F0439S,05F0494S,32,207,9
2025/12/26 13:00,05F0439S,05F0494S,41,0,0
2025/12/26 13:00,05F0439S,05F0494S,42,0,0
2025/12/26 13:00,05F0439S,05F0494S,5,202,2
2025/12/26 13:05,05F0000S,05F0055S,31,332,103
2025/12/26 13:05,05F0000S,05F0055S,32,338,43
2025/12/26 13:05,05F0000S,05F0055S,41,0,0
2025/12/26 13:05,05F0000S,05F0055S,42,0,0
2025/12/26 13:05,05F0000S,05F0055S,5,0,0
2025/12/26 13:05,05F0055S,05F0287S,31,1028,138
2025/12/26 13:05,05F0055S,05F0287S,32,1034,34
2025/12/26 13:05,05F0055S,05F0287S,41,1059,3
2025/12/26 13:05,05F0055S,05F0287S,42,0,0
2025/12/26 13:05,05F0055S,05F0287S,5,0,0
2025/12/26 13:05,05F0287S,05F0309S,31,87,72
2025/12/26 13:05,05F0287S,05F0309S,32,92,25
2025/12/26 13:05,05F0287S,05F0309S,41,95,3
2025/12/26 13:05,05F0287S,05F0309S,42,0,0
2025/12/26 13:05,05F0287S,05F0309S,5,0,0
2025/12/26 13:05,05F0309S,05F0439S,31,479,62
2025/12/26 13:05,05F0309S,05F0439S,32,492,15
2025/12/26 13:05,05F0309S,05F0439S,41,541,1
2025/12/26 13:05,05F0309S,05F0439S,42,574,2
2025/12/26 13:05,05F0309S,05F0439S,5,555,4
2025/12/26 13:05,05F0439S,05F0494S,31,203,29
2025/12/26 13:05,05F0439S,05F0494S,32,234,13
2025/12/26 13:05,05F0439S,05F0494S,41,0,0
2025/12/26 13:05,05F0439S,05F0494S,42,205,1
2025/12/26 13:05,05F0439S,05F0494S,5,221,5
2025/12/26 13:10,05F0000S,05F0055S,31,387,114
2025/12/26 13:10,05F0000S,05F0055S,32,389,32
2025/12/26 13:10,05F0000S,05F0055S,41,385,4
2025/12/26 13:10,05F0000S,05F0055S,42,0,0
2025/12/26 13:10,05F0000S,05F0055S,5,0,0
2025/12/26 13:10,05F0055S,05F0287S,31,1038,115
2025/12/26 13:10,05F0055S,05F0287S,32,1033,33
2025/12/26 13:10,05F0055S,05F0287S,41,1053,4
2025/12/26 13:10,05F0055S,05F0287S,42,0,0
2025/12/26 13:10,05F0055S,05F0287S,5,0,0
2025/12/26 13:10,05F0287S,05F0309S,31,88,77
2025/12/26 13:10,05F0287S,05F0309S,32,89,20
2025/12/26 13:10,05F0287S,05F0309S,41,98,2
2025/12/26 13:10,05F0287S,05F0309S,42,0,0
2025/12/26 13:10,05F0287S,05F0309S,5,0,0
2025/12/26 13:10,05F0309S,05F0439S,31,485,61
2025/12/26 13:10,05F0309S,05F0439S,32,488,20
2025/12/26 13:10,05F0309S,05F0439S,41,513,3
2025/12/26 13:10,05F0309S,05F0439S,42,529,1
2025/12/26 13:10,05F0309S,05F0439S,5,521,7
2025/12/26 13:10,05F0439S,05F0494S,31,210,39
2025/12/26 13:10,05F0439S,05F0494S,32,212,6
2025/12/26 13:10,05F0439S,05F0494S,41,0,0
2025/12/26 13:10,05F0439S,05F0494S,42,0,0
2025/12/26 13:10,05F0439S,05F0494S,5,231,3
2025/12/26 13:15,05F0000S,05F0055S,31,416,80
2025/12/26 13:15,05F0000S,05F0055S,32,416,29
2025/12/26 13:15,05F0000S,05F0055S,41,1731,2
2025/12/26 13:15,05F0000S,05F0055S,42,0,0
2025/12/26 13:15,05F0000S,05F0055S,5,0,0
2025/12/26 13:15,05F0055S,05F0287S,31,1021,128
2025/12/26 13:15,05F0055S,05F0287S,32,1026,35
2025/12/26 13:15,05F0055S,05F0287S,41,1056,3
2025/12/26 13:15,05F0055S,05F0287S,42,0,0
2025/12/26 13:15,05F0055S,05F0287S,5,0,0
2025/12/26 13:15,05F0287S,05F0309S,31,90,79
2025/12/26 13:15,05F0287S,05F0309S,32,92,32
2025/12/26 13:15,05F0287S,05F0309S,41,92,4
2025/12/26 13:15,05F0287S,05F0309S,42,0,0
2025/12/26 13:15,05F0287S,05F0309S,5,0,0
2025/12/26 13:15,05F0309S,05F0439S,31,495,53
2025/12/26 13:15,05F0309S,05F0439S,32,501,18
2025/12/26 13:15,05F0309S,05F0439S,41,0,0
2025/12/26 13:15,05F0309S,05F0439S,42,550,4
2025/12/26 13:15,05F0309S,05F0439S,5,512,4
2025/12/26 13:15,05F0439S,05F0494S,31,201,22
2025/12/26 13:15,05F0439S,05F0494S,32,192,9
2025/12/26 13:15,05F0439S,05F0494S,41,0,0
2025/12/26 13:15,05F0439S,05F0494S,42,0,0
2025/12/26 13:15,05F0439S,05F0494S,5,205,6
2025/12/26 13:20,05F0000S,05F0055S,31,450,127
2025/12/26 13:20,05F0000S,05F0055S,32,456,34
2025/12/26 13:20,05F0000S,05F0055S,41,450,1
2025/12/26 13:20,05F0000S,05F0055S,42,1458,2
2025/12/26 13:20,05F0000S,05F0055S,5,0,0
2025/12/26 13:20,05F0055S,05F0287S,31,1010,103
2025/12/26 13:20,05F0055S,05F0287S,32,1011,32
2025/12/26 13:20,05F0055S,05F0287S,41,1075,1
2025/12/26 13:20,05F0055S,05F0287S,42,0,0
2025/12/26 13:20,05F0055S,05F0287S,5,0,0
2025/12/26 13:20,05F0287S,05F0309S,31,85,67
2025/12/26 13:20,05F0287S,05F0309S,32,84,22
2025/12/26 13:20,05F0287S,05F0309S,41,657,2
2025/12/26 13:20,05F0287S,05F0309S,42,0,0
2025/12/26 13:20,05F0287S,05F0309S,5,0,0
2025/12/26 13:20,05F0309S,05F0439S,31,489,51
2025/12/26 13:20,05F0309S,05F0439S,32,501,14
2025/12/26 13:20,05F0309S,05F0439S,41,529,1
2025/12/26 13:20,05F0309S,05F0439S,42,573,2
2025/12/26 13:20,05F0309S,05F0439S,5,575,7
2025/12/26 13:20,05F0439S,05F0494S,31,205,31
2025/12/26 13:20,05F0439S,05F0494S,32,210,8
2025/12/26 13:20,05F0439S,05F0494S,41,0,0
2025/12/26 13:20,05F0439S,05F0494S,42,244,3
2025/12/26 13:20,05F0439S,05F0494S,5,211,5
2025/12/26 13:25,05F0000S,05F0055S,31,415,123
2025/12/26 13:25,05F0000S,05F0055S,32,401,47
2025/12/26 13:25,05F0000S,05F0055S,41,430,7
2025/12/26 13:25,05F0000S,05F0055S,42,0,0
2025/12/26 13:25,05F0000S,05F0055S,5,0,0
2025/12/26 13:25,05F0055S,05F0287S,31,1014,111
2025/12/26 13:25,05F0055S,05F0287S,32,1031,43
2025/12/26 13:25,05F0055S,05F0287S,41,1027,3
2025/12/26 13:25,05F0055S,05F0287S,42,0,0
2025/12/26 13:25,05F0055S,05F0287S,5,0,0
2025/12/26 13:25,05F0287S,05F0309S,31,86,66
2025/12/26 13:25,05F0287S,05F0309S,32,91,29
2025/12/26 13:25,05F0287S,05F0309S,41,92,1
2025/12/26 13:25,05F0287S,05F0309S,42,0,0
2025/12/26 13:25,05F0287S,05F0309S,5,0,0
2025/12/26 13:25,05F0309S,05F0439S,31,500,56
2025/12/26 13:25,05F0309S,05F0439S,32,498,20
2025/12/26 13:25,05F0309S,05F0439S,41,525,3
2025/12/26 13:25,05F0309S,05F0439S,42,0,0
2025/12/26 13:25,05F0309S,05F0439S,5,505,6
2025/12/26 13:25,05F0439S,05F0494S,31,215,42
2025/12/26 13:25,05F0439S,05F0494S,32,215,12
2025/12/26 13:25,05F0439S,05F0494S,41,232,1
2025/12/26 13:25,05F0439S,05F0494S,42,244,2
2025/12/26 13:25,05F0439S,05F0494S,5,234,4
2025/12/26 13:30,05F0000S,05F0055S,31,352,112
2025/12/26 13:30,05F0000S,05F0055S,32,353,41
2025/12/26 13:30,05F0000S,05F0055S,41,352,8
2025/12/26 13:30,05F0000S,05F0055S,42,0,0
2025/12/26 13:30,05F0000S,05F0055S,5,0,0
2025/12/26 13:30,05F0055S,05F0287S,31,1050,136
2025/12/26 13:30,05F0055S,05F0287S,32,1057,40
2025/12/26 13:30,05F0055S,05F0287S,41,1084,3
2025/12/26 13:30,05F0055S,05F0287S,42,0,0
2025/12/26 13:30,05F0055S,05F0287S,5,0,0
2025/12/26 13:30,05F0287S,05F0309S,31,87,90
2025/12/26 13:30,05F0287S,05F0309S,32,89,26
2025/12/26 13:30,05F0287S,05F0309S,41,93,2
2025/12/26 13:30,05F0287S,05F0309S,42,0,0
2025/12/26 13:30,05F0287S,05F0309S,5,0,0
2025/12/26 13:30,05F0309S,05F0439S,31,487,47
2025/12/26 13:30,05F0309S,05F0439S,32,479,10
2025/12/26 13:30,05F0309S,05F0439S,41,558,1
2025/12/26 13:30,05F0309S,05F0439S,42,517,4
2025/12/26 13:30,05F0309S,05F0439S,5,510,4
2025/12/26 13:30,05F0439S,05F0494S,31,206,28
2025/12/26 13:30,05F0439S,05F0494S,32,222,10
2025/12/26 13:30,05F0439S,05F0494S,41,0,0
2025/12/26 13:30,05F0439S,05F0494S,42,209,1
2025/12/26 13:30,05F0439S,05F0494S,5,210,4
2025/12/26 13:35,05F0000S,05F0055S,31,336,126
2025/12/26 13:35,05F0000S,05F0055S,32,344,40
2025/12/26 13:35,05F0000S,05F0055S,41,366,3
2025/12/26 13:35,05F0000S,05F0055S,42,0,0
2025/12/26 13:35,05F0000S,05F0055S,5,0,0
2025/12/26 13:35,05F0055S,05F0287S,31,988,73
2025/12/26 13:35,05F0055S,05F0287S,32,1010,26
2025/12/26 13:35,05F0055S,05F0287S,41,0,0
2025/12/26 13:35,05F0055S,05F0287S,42,0,0
2025/12/26 13:35,05F0055S,05F0287S,5,0,0
2025/12/26 13:35,05F0287S,05F0309S,31,87,64
2025/12/26 13:35,05F0287S,05F0309S,32,89,23
2025/12/26 13:35,05F0287S,05F0309S,41,97,2
2025/12/26 13:35,05F0287S,05F0309S,42,0,0
2025/12/26 13:35,05F0287S,05F0309S,5,0,0
2025/12/26 13:35,05F0309S,05F0439S,31,476,48
2025/12/26 13:35,05F0309S,05F0439S,32,502,20
2025/12/26 13:35,05F0309S,05F0439S,41,0,0
2025/12/26 13:35,05F0309S,05F0439S,42,503,1
2025/12/26 13:35,05F0309S,05F0439S,5,523,7
2025/12/26 13:35,05F0439S,05F0494S,31,209,23
2025/12/26 13:35,05F0439S,05F0494S,32,216,8
2025/12/26 13:35,05F0439S,05F0494S,41,0,0
2025/12/26 13:35,05F0439S,05F0494S,42,241,1
2025/12/26 13:35,05F0439S,05F0494S,5,206,4
2025/12/26 13:40,05F0000S,05F0055S,31,336,117
2025/12/26 13:40,05F0000S,05F0055S,32,332,51
2025/12/26 13:40,05F0000S,05F0055S,41,335,3
2025/12/26 13:40,05F0000S,05F0055S,42,0,0
2025/12/26 13:40,05F0000S,05F0055S,5,0,0
2025/12/26 13:40,05F0055S,05F0287S,31,1085,125
2025/12/26 13:40,05F0055S,05F0287S,32,1105,31
2025/12/26 13:40,05F0055S,05F0287S,41,1079,6
2025/12/26 13:40,05F0055S,05F0287S,42,0,0
2025/12/26 13:40,05F0055S,05F0287S,5,0,0
2025/12/26 13:40,05F0287S,05F0309S,31,85,62
2025/12/26 13:40,05F0287S,05F0309S,32,86,12
2025/12/26 13:40,05F0287S,05F0309S,41,92,6
2025/12/26 13:40,05F0287S,05F0309S,42,0,0
2025/12/26 13:40,05F0287S,05F0309S,5,0,0
2025/12/26 13:40,05F0309S,05F0439S,31,477,45
2025/12/26 13:40,05F0309S,05F0439S,32,495,19
2025/12/26 13:40,05F0309S,05F0439S,41,529,2
2025/12/26 13:40,05F0309S,05F0439S,42,517,1
2025/12/26 13:40,05F0309S,05F0439S,5,477,3
2025/12/26 13:40,05F0439S,05F0494S,31,203,24
2025/12/26 13:40,05F0439S,05F0494S,32,206,7
2025/12/26 13:40,05F0439S,05F0494S,41,0,0
2025/12/26 13:40,05F0439S,05F0494S,42,0,0
2025/12/26 13:40,05F0439S,05F0494S,5,222,6
2025/12/26 13:45,05F0000S,05F0055S,31,270,124
2025/12/26 13:45,05F0000S,05F0055S,32,269,42
2025/12/26 13:45,05F0000S,05F0055S,41,273,3
2025/12/26 13:45,05F0000S,05F0055S,42,272,1
2025/12/26 13:45,05F0000S,05F0055S,5,0,0
2025/12/26 13:45,05F0055S,05F0287S,31,1191,85
2025/12/26 13:45,05F0055S,05F0287S,32,1202,31
2025/12/26 13:45,05F0055S,05F0287S,41,1089,8
2025/12/26 13:45,05F0055S,05F0287S,42,0,0
2025/12/26 13:45,05F0055S,05F0287S,5,0,0
2025/12/26 13:45,05F0287S,05F0309S,31,85,55
2025/12/26 13:45,05F0287S,05F0309S,32,89,13
2025/12/26 13:45,05F0287S,05F0309S,41,96,4
2025/12/26 13:45,05F0287S,05F0309S,42,0,0
2025/12/26 13:45,05F0287S,05F0309S,5,0,0
2025/12/26 13:45,05F0309S,05F0439S,31,475,48
2025/12/26 13:45,05F0309S,05F0439S,32,488,17
2025/12/26 13:45,05F0309S,05F0439S,41,534,2
2025/12/26 13:45,05F0309S,05F0439S,42,0,0
2025/12/26 13:45,05F0309S,05F0439S,5,492,3
2025/12/26 13:45,05F0439S,05F0494S,31,199,26
2025/12/26 13:45,05F0439S,05F0494S,32,216,10
2025/12/26 13:45,05F0439S,05F0494S,41,0,0
2025/12/26 13:45,05F0439S,05F0494S,42,0,0
2025/12/26 13:45,05F0439S,05F0494S,5,205,4
2025/12/26 13:50,05F0000S,05F0055S,31,262,118
2025/12/26 13:50,05F0000S,05F0055S,32,261,37
2025/12/26 13:50,05F0000S,05F0055S,41,257,3
2025/12/26 13:50,05F0000S,05F0055S,42,0,0
2025/12/26 13:50,05F0000S,05F0055S,5,0,0
2025/12/26 13:50,05F0055S,05F0287S,31,1269,102
2025/12/26 13:50,05F0055S,05F0287S,32,1264,42
2025/12/26 13:50,05F0055S,05F0287S,41,1051,5
2025/12/26 13:50,05F0055S,05F0287S,42,0,0
2025/12/26 13:50,05F0055S,05F0287S,5,0,0
2025/12/26 13:50,05F0287S,05F0309S,31,88,55
2025/12/26 13:50,05F0287S,05F0309S,32,89,28
2025/12/26 13:50,05F0287S,05F0309S,41,93,4
2025/12/26 13:50,05F0287S,05F0309S,42,0,0
2025/12/26 13:50,05F0287S,05F0309S,5,0,0
2025/12/26 13:50,05F0309S,05F0439S,31,479,47
2025/12/26 13:50,05F0309S,05F0439S,32,493,9
2025/12/26 13:50,05F0309S,05F0439S,41,523,4
2025/12/26 13:50,05F0309S,05F0439S,42,526,2
2025/12/26 13:50,05F0309S,05F0439S,5,494,2
2025/12/26 13:50,05F0439S,05F0494S,31,210,21
2025/12/26 13:50,05F0439S,05F0494S,32,205,5
2025/12/26 13:50,05F0439S,05F0494S,41,0,0
2025/12/26 13:50,05F0439S,05F0494S,42,218,2
2025/12/26 13:50,05F0439S,05F0494S,5,207,3
2025/12/26 13:55,05F0000S,05F0055S,31,254,110
2025/12/26 13:55,05F0000S,05F0055S,32,252,35
2025/12/26 13:55,05F0000S,05F0055S,41,248,5
2025/12/26 13:55,05F0000S,05F0055S,42,248,1
2025/12/26 13:55,05F0000S,05F0055S,5,0,0
2025/12/26 13:55,05F0055S,05F0287S,31,1328,90
2025/12/26 13:55,05F0055S,05F0287S,32,1336,39
2025/12/26 13:55,05F0055S,05F0287S,41,1083,5
2025/12/26 13:55,05F0055S,05F0287S,42,0,0
2025/12/26 13:55,05F0055S,05F0287S,5,0,0
2025/12/26 13:55,05F0287S,05F0309S,31,87,63
2025/12/26 13:55,05F0287S,05F0309S,32,90,23
2025/12/26 13:55,05F0287S,05F0309S,41,97,3
2025/12/26 13:55,05F0287S,05F0309S,42,0,0
2025/12/26 13:55,05F0287S,05F0309S,5,0,0
2025/12/26 13:55,05F0309S,05F0439S,31,475,47
2025/12/26 13:55,05F0309S,05F0439S,32,475,16
2025/12/26 13:55,05F0309S,05F0439S,41,529,2
2025/12/26 13:55,05F0309S,05F0439S,42,0,0
2025/12/26 13:55,05F0309S,05F0439S,5,518,8
2025/12/26 13:55,05F0439S,05F0494S,31,208,36
2025/12/26 13:55,05F0439S,05F0494S,32,221,8
2025/12/26 13:55,05F0439S,05F0494S,41,223,1
2025/12/26 13:55,05F0439S,05F0494S,42,0,0
2025/12/26 13:55,05F0439S,05F0494S,5,209,1
2025/12/26 14:00,05F0000S,05F0055S,31,262,111
2025/12/26 14:00,05F0000S,05F0055S,32,262,36
2025/12/26 14:00,05F0000S,05F0055S,41,264,7
2025/12/26 14:00,05F0000S,05F0055S,42,0,0
2025/12/26 14:00,05F0000S,05F0055S,5,0,0
2025/12/26 14:00,05F0055S,05F0287S,31,1383,114
2025/12/26 14:00,05F0055S,05F0287S,32,1410,33
2025/12/26 14:00,05F0055S,05F0287S,41,1075,4
2025/12/26 14:00,05F0055S,05F0287S,42,1113,1
2025/12/26 14:00,05F0055S,05F0287S,5,0,0
2025/12/26 14:00,05F0287S,05F0309S,31,84,68
2025/12/26 14:00,05F0287S,05F0309S,32,87,28
2025/12/26 14:00,05F0287S,05F0309S,41,92,2
2025/12/26 14:00,05F0287S,05F0309S,42,0,0
2025/12/26 14:00,05F0287S,05F0309S,5,0,0
2025/12/26 14:00,05F0309S,05F0439S,31,471,52
2025/12/26 14:00,05F0309S,05F0439S,32,498,17
2025/12/26 14:00,05F0309S,05F0439S,41,535,2
2025/12/26 14:00,05F0309S,05F0439S,42,535,1
2025/12/26 14:00,05F0309S,05F0439S,5,496,5
2025/12/26 14:00,05F0439S,05F0494S,31,203,31
2025/12/26 14:00,05F0439S,05F0494S,32,205,13
2025/12/26 14:00,05F0439S,05F0494S,41,0,0
2025/12/26 14:00,05F0439S,05F0494S,42,0,0
2025/12/26 14:00,05F0439S,05F0494S,5,213,9
2025/12/26 14:05,05F0000S,05F0055S,31,276,125
2025/12/26 14:05,05F0000S,05F0055S,32,274,41
2025/12/26 14:05,05F0000S,05F0055S,41,293,3
2025/12/26 14:05,05F0000S,05F0055S,42,0,0
2025/12/26 14:05,05F0000S,05F0055S,5,0,0
2025/12/26 14:05,05F0055S,05F0287S,31,1491,88
2025/12/26 14:05,05F0055S,05F0287S,32,1473,35
2025/12/26 14:05,05F0055S,05F0287S,41,0,0
2025/12/26 14:05,05F0055S,05F0287S,42,0,0
2025/12/26 14:05,05F0055S,05F0287S,5,0,0
2025/12/26 14:05,05F0287S,05F0309S,31,88,62
2025/12/26 14:05,05F0287S,05F0309S,32,92,26
2025/12/26 14:05,05F0287S,05F0309S,41,99,3
2025/12/26 14:05,05F0287S,05F0309S,42,99,1
2025/12/26 14:05,05F0287S,05F0309S,5,0,0
2025/12/26 14:05,05F0309S,05F0439S,31,488,50
2025/12/26 14:05,05F0309S,05F0439S,32,486,18
2025/12/26 14:05,05F0309S,05F0439S,41,509,2
2025/12/26 14:05,05F0309S,05F0439S,42,600,2
2025/12/26 14:05,05F0309S,05F0439S,5,495,4
2025/12/26 14:05,05F0439S,05F0494S,31,209,27
2025/12/26 14:05,05F0439S,05F0494S,32,210,6
2025/12/26 14:05,05F0439S,05F0494S,41,0,0
2025/12/26 14:05,05F0439S,05F0494S,42,0,0
2025/12/26 14:05,05F0439S,05F0494S,5,210,3
2025/12/26 14:10,05F0000S,05F0055S,31,260,135
2025/12/26 14:10,05F0000S,05F0055S,32,259,46
2025/12/26 14:10,05F0000S,05F0055S,41,263,4
2025/12/26 14:10,05F0000S,05F0055S,42,0,0
2025/12/26 14:10,05F0000S,05F0055S,5,0,0
2025/12/26 14:10,05F0055S,05F0287S,31,1528,122
2025/12/26 14:10,05F0055S,05F0287S,32,1523,38
2025/12/26 14:10,05F0055S,05F0287S,41,1231,3
2025/12/26 14:10,05F0055S,05F0287S,42,0,0
2025/12/26 14:10,05F0055S,05F0287S,5,0,0
2025/12/26 14:10,05F0287S,05F0309S,31,87,73
2025/12/26 14:10,05F0287S,05F0309S,32,87,35
2025/12/26 14:10,05F0287S,05F0309S,41,93,1
2025/12/26 14:10,05F0287S,05F0309S,42,0,0
2025/12/26 14:10,05F0287S,05F0309S,5,0,0
2025/12/26 14:10,05F0309S,05F0439S,31,490,57
2025/12/26 14:10,05F0309S,05F0439S,32,510,14
2025/12/26 14:10,05F0309S,05F0439S,41,518,1
2025/12/26 14:10,05F0309S,05F0439S,42,580,1
2025/12/26 14:10,05F0309S,05F0439S,5,508,5
2025/12/26 14:10,05F0439S,05F0494S,31,212,30
2025/12/26 14:10,05F0439S,05F0494S,32,219,10
2025/12/26 14:10,05F0439S,05F0494S,41,216,1
2025/12/26 14:10,05F0439S,05F0494S,42,1047,2
2025/12/26 14:10,05F0439S,05F0494S,5,214,3
2025/12/26 14:15,05F0000S,05F0055S,31,270,134
2025/12/26 14:15,05F0000S,05F0055S,32,268,42
2025/12/26 14:15,05F0000S,05F0055S,41,279,2
2025/12/26 14:15,05F0000S,05F0055S,42,0,0
2025/12/26 14:15,05F0000S,05F0055S,5,0,0
2025/12/26 14:15,05F0055S,05F0287S,31,1552,111
2025/12/26 14:15,05F0055S,05F0287S,32,1561,39
2025/12/26 14:15,05F0055S,05F0287S,41,1347,3
2025/12/26 14:15,05F0055S,05F0287S,42,0,0
2025/12/26 14:15,05F0055S,05F0287S,5,0,0
2025/12/26 14:15,05F0287S,05F0309S,31,90,68
2025/12/26 14:15,05F0287S,05F0309S,32,88,24
2025/12/26 14:15,05F0287S,05F0309S,41,93,3
2025/12/26 14:15,05F0287S,05F0309S,42,0,0
2025/12/26 14:15,05F0287S,05F0309S,5,0,0
2025/12/26 14:15,05F0309S,05F0439S,31,498,41
2025/12/26 14:15,05F0309S,05F0439S,32,487,16
2025/12/26 14:15,05F0309S,05F0439S,41,551,1
2025/12/26 14:15,05F0309S,05F0439S,42,551,1
2025/12/26 14:15,05F0309S,05F0439S,5,519,1
2025/12/26 14:15,05F0439S,05F0494S,31,213,31
2025/12/26 14:15,05F0439S,05F0494S,32,220,12
2025/12/26 14:15,05F0439S,05F0494S,41,0,0
2025/12/26 14:15,05F0439S,05F0494S,42,245,1
2025/12/26 14:15,05F0439S,05F0494S,5,210,5
2025/12/26 14:20,05F0000S,05F0055S,31,258,113
2025/12/26 14:20,05F0000S,05F0055S,32,257,27
2025/12/26 14:20,05F0000S,05F0055S,41,263,7
2025/12/26 14:20,05F0000S,05F0055S,42,260,1
2025/12/26 14:20,05F0000S,05F0055S,5,0,0
2025/12/26 14:20,05F0055S,05F0287S,31,1556,146
2025/12/26 14:20,05F0055S,05F0287S,32,1565,39
2025/12/26 14:20,05F0055S,05F0287S,41,1399,4
2025/12/26 14:20,05F0055S,05F0287S,42,0,0
2025/12/26 14:20,05F0055S,05F0287S,5,0,0
2025/12/26 14:20,05F0287S,05F0309S,31,92,76
2025/12/26 14:20,05F0287S,05F0309S,32,100,30
2025/12/26 14:20,05F0287S,05F0309S,41,96,1
2025/12/26 14:20,05F0287S,05F0309S,42,0,0
2025/12/26 14:20,05F0287S,05F0309S,5,0,0
2025/12/26 14:20,05F0309S,05F0439S,31,491,57
2025/12/26 14:20,05F0309S,05F0439S,32,476,23
2025/12/26 14:20,05F0309S,05F0439S,41,0,0
2025/12/26 14:20,05F0309S,05F0439S,42,0,0
2025/12/26 14:20,05F0309S,05F0439S,5,573,1
2025/12/26 14:20,05F0439S,05F0494S,31,215,29
2025/12/26 14:20,05F0439S,05F0494S,32,203,12
2025/12/26 14:20,05F0439S,05F0494S,41,0,0
2025/12/26 14:20,05F0439S,05F0494S,42,216,1
2025/12/26 14:20,05F0439S,05F0494S,5,220,1
2025/12/26 14:25,05F0000S,05F0055S,31,266,126
2025/12/26 14:25,05F0000S,05F0055S,32,267,30
2025/12/26 14:25,05F0000S,05F0055S,41,272,5
2025/12/26 14:25,05F0000S,05F0055S,42,0,0
2025/12/26 14:25,05F0000S,05F0055S,5,0,0
2025/12/26 14:25,05F0055S,05F0287S,31,1514,132
2025/12/26 14:25,05F0055S,05F0287S,32,1513,45
2025/12/26 14:25,05F0055S,05F0287S,41,1394,5
2025/12/26 14:25,05F0055S,05F0287S,42,0,0
2025/12/26 14:25,05F0055S,05F0287S,5,0,0
2025/12/26 14:25,05F0287S,05F0309S,31,141,75
2025/12/26 14:25,05F0287S,05F0309S,32,141,23
2025/12/26 14:25,05F0287S,05F0309S,41,158,4
2025/12/26 14:25,05F0287S,05F0309S,42,0,0
2025/12/26 14:25,05F0287S,05F0309S,5,0,0
2025/12/26 14:25,05F0309S,05F0439S,31,488,43
2025/12/26 14:25,05F0309S,05F0439S,32,477,18
2025/12/26 14:25,05F0309S,05F0439S,41,549,2
2025/12/26 14:25,05F0309S,05F0439S,42,481,2
2025/12/26 14:25,05F0309S,05F0439S,5,537,2
2025/12/26 14:25,05F0439S,05F0494S,31,216,25
2025/12/26 14:25,05F0439S,05F0494S,32,217,8
2025/12/26 14:25,05F0439S,05F0494S,41,0,0
2025/12/26 14:25,05F0439S,05F0494S,42,209,1
2025/12/26 14:25,05F0439S,05F0494S,5,199,1
2025/12/26 14:30,05F0000S,05F0055S,31,270,144
2025/12/26 14:30,05F0000S,05F0055S,32,266,46
2025/12/26 14:30,05F0000S,05F0055S,41,283,1
2025/12/26 14:30,05F0000S,05F0055S,42,0,0
2025/12/26 14:30,05F0000S,05F0055S,5,0,0
2025/12/26 14:30,05F0055S,05F0287S,31,1476,150
2025/12/26 14:30,05F0055S,05F0287S,32,1469,45
2025/12/26 14:30,05F0055S,05F0287S,41,1516,3
2025/12/26 14:30,05F0055S,05F0287S,42,0,0
2025/12/26 14:30,05F0055S,05F0287S,5,0,0
2025/12/26 14:30,05F0287S,05F0309S,31,157,94
2025/12/26 14:30,05F0287S,05F0309S,32,156,36
2025/12/26 14:30,05F0287S,05F0309S,41,158,2
2025/12/26 14:30,05F0287S,05F0309S,42,0,0
2025/12/26 14:30,05F0287S,05F0309S,5,0,0
2025/12/26 14:30,05F0309S,05F0439S,31,477,48
2025/12/26 14:30,05F0309S,05F0439S,32,504,16
2025/12/26 14:30,05F0309S,05F0439S,41,0,0
2025/12/26 14:30,05F0309S,05F0439S,42,0,0
2025/12/26 14:30,05F0309S,05F0439S,5,537,6
2025/12/26 14:30,05F0439S,05F0494S,31,206,27
2025/12/26 14:30,05F0439S,05F0494S,32,236,8
2025/12/26 14:30,05F0439S,05F0494S,41,0,0
2025/12/26 14:30,05F0439S,05F0494S,42,230,2
2025/12/26 14:30,05F0439S,05F0494S,5,215,3
2025/12/26 14:35,05F0000S,05F0055S,31,268,124
2025/12/26 14:35,05F0000S,05F0055S,32,268,51
2025/12/26 14:35,05F0000S,05F0055S,41,279,2
2025/12/26 14:35,05F0000S,05F0055S,42,0,0
2025/12/26 14:35,05F0000S,05F0055S,5,0,0
2025/12/26 14:35,05F0055S,05F0287S,31,1451,159
2025/12/26 14:35,05F0055S,05F0287S,32,1451,59
2025/12/26 14:35,05F0055S,05F0287S,41,1433,5
2025/12/26 14:35,05F0055S,05F0287S,42,0,0
2025/12/26 14:35,05F0055S,05F0287S,5,0,0
2025/12/26 14:35,05F0287S,05F0309S,31,120,100
2025/12/26 14:35,05F0287S,05F0309S,32,117,42
2025/12/26 14:35,05F0287S,05F0309S,41,158,3
2025/12/26 14:35,05F0287S,05F0309S,42,109,1
2025/12/26 14:35,05F0287S,05F0309S,5,0,0
2025/12/26 14:35,05F0309S,05F0439S,31,495,36
2025/12/26 14:35,05F0309S,05F0439S,32,497,22
2025/12/26 14:35,05F0309S,05F0439S,41,529,2
2025/12/26 14:35,05F0309S,05F0439S,42,509,2
2025/12/26 14:35,05F0309S,05F0439S,5,539,4
2025/12/26 14:35,05F0439S,05F0494S,31,201,15
2025/12/26 14:35,05F0439S,05F0494S,32,213,11
2025/12/26 14:35,05F0439S,05F0494S,41,0,0
2025/12/26 14:35,05F0439S,05F0494S,42,0,0
2025/12/26 14:35,05F0439S,05F0494S,5,189,1
2025/12/26 14:40,05F0000S,05F0055S,31,262,103
2025/12/26 14:40,05F0000S,05F0055S,32,265,33
2025/12/26 14:40,05F0000S,05F0055S,41,266,7
2025/12/26 14:40,05F0000S,05F0055S,42,0,0
2025/12/26 14:40,05F0000S,05F0055S,5,0,0
2025/12/26 14:40,05F0055S,05F0287S,31,1412,177
2025/12/26 14:40,05F0055S,05F0287S,32,1409,47
2025/12/26 14:40,05F0055S,05F0287S,41,1395,4
2025/12/26 14:40,05F0055S,05F0287S,42,0,0
2025/12/26 14:40,05F0055S,05F0287S,5,0,0
2025/12/26 14:40,05F0287S,05F0309S,31,137,102
2025/12/26 14:40,05F0287S,05F0309S,32,140,33
2025/12/26 14:40,05F0287S,05F0309S,41,143,4
2025/12/26 14:40,05F0287S,05F0309S,42,0,0
2025/12/26 14:40,05F0287S,05F0309S,5,0,0
2025/12/26 14:40,05F0309S,05F0439S,31,500,68
2025/12/26 14:40,05F0309S,05F0439S,32,486,19
2025/12/26 14:40,05F0309S,05F0439S,41,530,2
2025/12/26 14:40,05F0309S,05F0439S,42,507,3
2025/12/26 14:40,05F0309S,05F0439S,5,536,4
2025/12/26 14:40,05F0439S,05F0494S,31,212,29
2025/12/26 14:40,05F0439S,05F0494S,32,202,9
2025/12/26 14:40,05F0439S,05F0494S,41,0,0
2025/12/26 14:40,05F0439S,05F0494S,42,0,0
2025/12/26 14:40,05F0439S,05F0494S,5,235,5
2025/12/26 14:45,05F0000S,05F0055S,31,266,122
2025/12/26 14:45,05F0000S,05F0055S,32,267,46
2025/12/26 14:45,05F0000S,05F0055S,41,271,3
2025/12/26 14:45,05F0000S,05F0055S,42,0,0
2025/12/26 14:45,05F0000S,05F0055S,5,0,0
2025/12/26 14:45,05F0055S,05F0287S,31,1301,170
2025/12/26 14:45,05F0055S,05F0287S,32,1307,43
2025/12/26 14:45,05F0055S,05F0287S,41,1296,9
2025/12/26 14:45,05F0055S,05F0287S,42,0,0
2025/12/26 14:45,05F0055S,05F0287S,5,0,0
2025/12/26 14:45,05F0287S,05F0309S,31,160,107
2025/12/26 14:45,05F0287S,05F0309S,32,165,22
2025/12/26 14:45,05F0287S,05F0309S,41,173,2
2025/12/26 14:45,05F0287S,05F0309S,42,0,0
2025/12/26 14:45,05F0287S,05F0309S,5,0,0
2025/12/26 14:45,05F0309S,05F0439S,31,491,71
2025/12/26 14:45,05F0309S,05F0439S,32,495,31
2025/12/26 14:45,05F0309S,05F0439S,41,570,3
2025/12/26 14:45,05F0309S,05F0439S,42,510,1
2025/12/26 14:45,05F0309S,05F0439S,5,515,2
2025/12/26 14:45,05F0439S,05F0494S,31,201,39
2025/12/26 14:45,05F0439S,05F0494S,32,202,8
2025/12/26 14:45,05F0439S,05F0494S,41,244,2
2025/12/26 14:45,05F0439S,05F0494S,42,213,2
2025/12/26 14:45,05F0439S,05F0494S,5,0,0
2025/12/26 14:50,05F0000S,05F0055S,31,260,112
2025/12/26 14:50,05F0000S,05F0055S,32,265,38
2025/12/26 14:50,05F0000S,05F0055S,41,252,5
2025/12/26 14:50,05F0000S,05F0055S,42,0,0
2025/12/26 14:50,05F0000S,05F0055S,5,0,0
2025/12/26 14:50,05F0055S,05F0287S,31,1278,166
2025/12/26 14:50,05F0055S,05F0287S,32,1198,55
2025/12/26 14:50,05F0055S,05F0287S,41,1150,1
2025/12/26 14:50,05F0055S,05F0287S,42,0,0
2025/12/26 14:50,05F0055S,05F0287S,5,0,0
2025/12/26 14:50,05F0287S,05F0309S,31,180,99
2025/12/26 14:50,05F0287S,05F0309S,32,178,44
2025/12/26 14:50,05F0287S,05F0309S,41,183,5
2025/12/26 14:50,05F0287S,05F0309S,42,1793,2
2025/12/26 14:50,05F0287S,05F0309S,5,0,0
2025/12/26 14:50,05F0309S,05F0439S,31,498,71
2025/12/26 14:50,05F0309S,05F0439S,32,503,22
2025/12/26 14:50,05F0309S,05F0439S,41,536,3
2025/12/26 14:50,05F0309S,05F0439S,42,0,0
2025/12/26 14:50,05F0309S,05F0439S,5,525,4
2025/12/26 14:50,05F0439S,05F0494S,31,207,26
2025/12/26 14:50,05F0439S,05F0494S,32,206,9
2025/12/26 14:50,05F0439S,05F0494S,41,0,0
2025/12/26 14:50,05F0439S,05F0494S,42,224,3
2025/12/26 14:50,05F0439S,05F0494S,5,223,3
2025/12/26 14:55,05F0000S,05F0055S,31,263,150
2025/12/26 14:55,05F0000S,05F0055S,32,266,39
2025/12/26 14:55,05F0000S,05F0055S,41,269,1
2025/12/26 14:55,05F0000S,05F0055S,42,0,0
2025/12/26 14:55,05F0000S,05F0055S,5,0,0
2025/12/26 14:55,05F0055S,05F0287S,31,1229,149
2025/12/26 14:55,05F0055S,05F0287S,32,1228,56
2025/12/26 14:55,05F0055S,05F0287S,41,1134,3
2025/12/26 14:55,05F0055S,05F0287S,42,0,0
2025/12/26 14:55,05F0055S,05F0287S,5,0,0
2025/12/26 14:55,05F0287S,05F0309S,31,160,117
2025/12/26 14:55,05F0287S,05F0309S,32,160,45
2025/12/26 14:55,05F0287S,05F0309S,41,185,1
2025/12/26 14:55,05F0287S,05F0309S,42,0,0
2025/12/26 14:55,05F0287S,05F0309S,5,0,0
2025/12/26 14:55,05F0309S,05F0439S,31,493,72
2025/12/26 14:55,05F0309S,05F0439S,32,488,16
2025/12/26 14:55,05F0309S,05F0439S,41,0,0
2025/12/26 14:55,05F0309S,05F0439S,42,0,0
2025/12/26 14:55,05F0309S,05F0439S,5,544,2
2025/12/26 14:55,05F0439S,05F0494S,31,211,40
2025/12/26 14:55,05F0439S,05F0494S,32,206,5
2025/12/26 14:55,05F0439S,05F0494S,41,231,1
2025/12/26 14:55,05F0439S,05F0494S,42,237,1
2025/12/26 14:55,05F0439S,05F0494S,5,245,1
2025/12/26 15:00,05F0000S,05F0055S,31,265,113
2025/12/26 15:00,05F0000S,05F0055S,32,264,44
2025/12/26 15:00,05F0000S,05F0055S,41,277,6
2025/12/26 15:00,05F0000S,05F0055S,42,0,0
2025/12/26 15:00,05F0000S,05F0055S,5,0,0
2025/12/26 15:00,05F0055S,05F0287S,31,1191,123
2025/12/26 15:00,05F0055S,05F0287S,32,1193,46
2025/12/26 15:00,05F0055S,05F0287S,41,1164,6
2025/12/26 15:00,05F0055S,05F0287S,42,0,0
2025/12/26 15:00,05F0055S,05F0287S,5,0,0
2025/12/26 15:00,05F0287S,05F0309S,31,126,98
2025/12/26 15:00,05F0287S,05F0309S,32,116,35
2025/12/26 15:00,05F0287S,05F0309S,41,111,5
2025/12/26 15:00,05F0287S,05F0309S,42,134,1
2025/12/26 15:00,05F0287S,05F0309S,5,0,0
2025/12/26 15:00,05F0309S,05F0439S,31,513,68
2025/12/26 15:00,05F0309S,05F0439S,32,519,32
2025/12/26 15:00,05F0309S,05F0439S,41,552,2
2025/12/26 15:00,05F0309S,05F0439S,42,562,1
2025/12/26 15:00,05F0309S,05F0439S,5,567,3
2025/12/26 15:00,05F0439S,05F0494S,31,210,40
2025/12/26 15:00,05F0439S,05F0494S,32,209,10
2025/12/26 15:00,05F0439S,05F0494S,41,0,0
2025/12/26 15:00,05F0439S,05F0494S,42,0,0
2025/12/26 15:00,05F0439S,05F0494S,5,220,1
2025/12/26 15:05,05F0000S,05F0055S,31,266,127
2025/12/26 15:05,05F0000S,05F0055S,32,272,45
2025/12/26 15:05,05F0000S,05F0055S,41,273,5
2025/12/26 15:05,05F0000S,05F0055S,42,0,0
2025/12/26 15:05,05F0000S,05F0055S,5,0,0
2025/12/26 15:05,05F0055S,05F0287S,31,1118,160
2025/12/26 15:05,05F0055S,05F0287S,32,1132,59
2025/12/26 15:05,05F0055S,05F0287S,41,1103,5
2025/12/26 15:05,05F0055S,05F0287S,42,0,0
2025/12/26 15:05,05F0055S,05F0287S,5,0,0
2025/12/26 15:05,05F0287S,05F0309S,31,92,106
2025/12/26 15:05,05F0287S,05F0309S,32,94,35
2025/12/26 15:05,05F0287S,05F0309S,41,99,2
2025/12/26 15:05,05F0287S,05F0309S,42,0,0
2025/12/26 15:05,05F0287S,05F0309S,5,0,0
2025/12/26 15:05,05F0309S,05F0439S,31,541,59
2025/12/26 15:05,05F0309S,05F0439S,32,547,22
2025/12/26 15:05,05F0309S,05F0439S,41,0,0
2025/12/26 15:05,05F0309S,05F0439S,42,572,2
2025/12/26 15:05,05F0309S,05F0439S,5,653,1
2025/12/26 15:05,05F0439S,05F0494S,31,202,29
2025/12/26 15:05,05F0439S,05F0494S,32,208,11
2025/12/26 15:05,05F0439S,05F0494S,41,0,0
2025/12/26 15:05,05F0439S,05F0494S,42,212,3
2025/12/26 15:05,05F0439S,05F0494S,5,208,3
2025/12/26 15:10,05F0000S,05F0055S,31,271,120
2025/12/26 15:10,05F0000S,05F0055S,32,269,29
2025/12/26 15:10,05F0000S,05F0055S,41,267,3
2025/12/26 15:10,05F0000S,05F0055S,42,0,0
2025/12/26 15:10,05F0000S,05F0055S,5,0,0
2025/12/26 15:10,05F0055S,05F0287S,31,1055,154
2025/12/26 15:10,05F0055S,05F0287S,32,1058,46
2025/12/26 15:10,05F0055S,05F0287S,41,1063,4
2025/12/26 15:10,05F0055S,05F0287S,42,0,0
2025/12/26 15:10,05F0055S,05F0287S,5,0,0
2025/12/26 15:10,05F0287S,05F0309S,31,89,104
2025/12/26 15:10,05F0287S,05F0309S,32,96,28
2025/12/26 15:10,05F0287S,05F0309S,41,95,6
2025/12/26 15:10,05F0287S,05F0309S,42,0,0
2025/12/26 15:10,05F0287S,05F0309S,5,0,0
2025/12/26 15:10,05F0309S,05F0439S,31,607,70
2025/12/26 15:10,05F0309S,05F0439S,32,609,28
2025/12/26 15:10,05F0309S,05F0439S,41,647,2
2025/12/26 15:10,05F0309S,05F0439S,42,709,1
2025/12/26 15:10,05F0309S,05F0439S,5,656,3
2025/12/26 15:10,05F0439S,05F0494S,31,207,30
2025/12/26 15:10,05F0439S,05F0494S,32,207,14
2025/12/26 15:10,05F0439S,05F0494S,41,0,0
2025/12/26 15:10,05F0439S,05F0494S,42,234,1
2025/12/26 15:10,05F0439S,05F0494S,5,213,3
2025/12/26 15:15,05F0000S,05F0055S,31,261,138
2025/12/26 15:15,05F0000S,05F0055S,32,263,29
2025/12/26 15:15,05F0000S,05F0055S,41,268,9
2025/12/26 15:15,05F0000S,05F0055S,42,0,0
2025/12/26 15:15,05F0000S,05F0055S,5,0,0
2025/12/26 15:15,05F0055S,05F0287S,31,1051,134
2025/12/26 15:15,05F0055S,05F0287S,32,1055,32
2025/12/26 15:15,05F0055S,05F0287S,41,1049,2
2025/12/26 15:15,05F0055S,05F0287S,42,0,0
2025/12/26 15:15,05F0055S,05F0287S,5,0,0
2025/12/26 15:15,05F0287S,05F0309S,31,89,110
2025/12/26 15:15,05F0287S,05F0309S,32,89,33
2025/12/26 15:15,05F0287S,05F0309S,41,0,0
2025/12/26 15:15,05F0287S,05F0309S,42,0,0
2025/12/26 15:15,05F0287S,05F0309S,5,0,0
2025/12/26 15:15,05F0309S,05F0439S,31,605,68
2025/12/26 15:15,05F0309S,05F0439S,32,611,29
2025/12/26 15:15,05F0309S,05F0439S,41,649,2
2025/12/26 15:15,05F0309S,05F0439S,42,688,1
2025/12/26 15:15,05F0309S,05F0439S,5,660,11
2025/12/26 15:15,05F0439S,05F0494S,31,213,25
2025/12/26 15:15,05F0439S,05F0494S,32,220,13
2025/12/26 15:15,05F0439S,05F0494S,41,0,0
2025/12/26 15:15,05F0439S,05F0494S,42,0,0
2025/12/26 15:15,05F0439S,05F0494S,5,210,7
2025/12/26 15:20,05F0000S,05F0055S,31,252,112
2025/12/26 15:20,05F0000S,05F0055S,32,257,41
2025/12/26 15:20,05F0000S,05F0055S,41,265,6
2025/12/26 15:20,05F0000S,05F0055S,42,0,0
2025/12/26 15:20,05F0000S,05F0055S,5,0,0
2025/12/26 15:20,05F0055S,05F0287S,31,1049,134
2025/12/26 15:20,05F0055S,05F0287S,32,1056,63
2025/12/26 15:20,05F0055S,05F0287S,41,1082,8
2025/12/26 15:20,05F0055S,05F0287S,42,0,0
2025/12/26 15:20,05F0055S,05F0287S,5,0,0
2025/12/26 15:20,05F0287S,05F0309S,31,90,86
2025/12/26 15:20,05F0287S,05F0309S,32,93,39
2025/12/26 15:20,05F0287S,05F0309S,41,95,4
2025/12/26 15:20,05F0287S,05F0309S,42,0,0
2025/12/26 15:20,05F0287S,05F0309S,5,0,0
2025/12/26 15:20,05F0309S,05F0439S,31,634,54
2025/12/26 15:20,05F0309S,05F0439S,32,650,17
2025/12/26 15:20,05F0309S,05F0439S,41,680,2
2025/12/26 15:20,05F0309S,05F0439S,42,680,3
2025/12/26 15:20,05F0309S,05F0439S,5,698,5
2025/12/26 15:20,05F0439S,05F0494S,31,206,30
2025/12/26 15:20,05F0439S,05F0494S,32,215,5
2025/12/26 15:20,05F0439S,05F0494S,41,0,0
2025/12/26 15:20,05F0439S,05F0494S,42,0,0
2025/12/26 15:20,05F0439S,05F0494S,5,242,4
2025/12/26 15:25,05F0000S,05F0055S,31,265,136
2025/12/26 15:25,05F0000S,05F0055S,32,265,46
2025/12/26 15:25,05F0000S,05F0055S,41,259,4
2025/12/26 15:25,05F0000S,05F0055S,42,0,0
2025/12/26 15:25,05F0000S,05F0055S,5,0,0
2025/12/26 15:25,05F0055S,05F0287S,31,1059,146
2025/12/26 15:25,05F0055S,05F0287S,32,1059,29
2025/12/26 15:25,05F0055S,05F0287S,41,1059,2
2025/12/26 15:25,05F0055S,05F0287S,42,0,0
2025/12/26 15:25,05F0055S,05F0287S,5,0,0
2025/12/26 15:25,05F0287S,05F0309S,31,88,85
2025/12/26 15:25,05F0287S,05F0309S,32,92,29
2025/12/26 15:25,05F0287S,05F0309S,41,97,4
2025/12/26 15:25,05F0287S,05F0309S,42,0,0
2025/12/26 15:25,05F0287S,05F0309S,5,0,0
2025/12/26 15:25,05F0309S,05F0439S,31,643,70
2025/12/26 15:25,05F0309S,05F0439S,32,648,23
2025/12/26 15:25,05F0309S,05F0439S,41,0,0
2025/12/26 15:25,05F0309S,05F0439S,42,0,0
2025/12/26 15:25,05F0309S,05F0439S,5,725,5
2025/12/26 15:25,05F0439S,05F0494S,31,205,29
2025/12/26 15:25,05F0439S,05F0494S,32,207,9
2025/12/26 15:25,05F0439S,05F0494S,41,0,0
2025/12/26 15:25,05F0439S,05F0494S,42,238,4
2025/12/26 15:25,05F0439S,05F0494S,5,233,6
2025/12/26 15:30,05F0000S,05F0055S,31,257,114
2025/12/26 15:30,05F0000S,05F0055S,32,256,35
2025/12/26 15:30,05F0000S,05F0055S,41,463,6
2025/12/26 15:30,05F0000S,05F0055S,42,0,0
2025/12/26 15:30,05F0000S,05F0055S,5,0,0
2025/12/26 15:30,05F0055S,05F0287S,31,1033,130
2025/12/26 15:30,05F0055S,05F0287S,32,1036,32
2025/12/26 15:30,05F0055S,05F0287S,41,1072,5
2025/12/26 15:30,05F0055S,05F0287S,42,0,0
2025/12/26 15:30,05F0055S,05F0287S,5,0,0
2025/12/26 15:30,05F0287S,05F0309S,31,88,92
2025/12/26 15:30,05F0287S,05F0309S,32,92,24
2025/12/26 15:30,05F0287S,05F0309S,41,89,3
2025/12/26 15:30,05F0287S,05F0309S,42,0,0
2025/12/26 15:30,05F0287S,05F0309S,5,0,0
2025/12/26 15:30,05F0309S,05F0439S,31,583,99
2025/12/26 15:30,05F0309S,05F0439S,32,587,35
2025/12/26 15:30,05F0309S,05F0439S,41,621,4
2025/12/26 15:30,05F0309S,05F0439S,42,0,0
2025/12/26 15:30,05F0309S,05F0439S,5,633,7
2025/12/26 15:30,05F0439S,05F0494S,31,219,25
2025/12/26 15:30,05F0439S,05F0494S,32,212,9
2025/12/26 15:30,05F0439S,05F0494S,41,0,0
2025/12/26 15:30,05F0439S,05F0494S,42,0,0
2025/12/26 15:30,05F0439S,05F0494S,5,212,4
2025/12/26 15:35,05F0000S,05F0055S,31,260,112
2025/12/26 15:35,05F0000S,05F0055S,32,259,23
2025/12/26 15:35,05F0000S,05F0055S,41,266,4
2025/12/26 15:35,05F0000S,05F0055S,42,0,0
2025/12/26 15:35,05F0000S,05F0055S,5,0,0
2025/12/26 15:35,05F0055S,05F0287S,31,1054,139
2025/12/26 15:35,05F0055S,05F0287S,32,1052,54
2025/12/26 15:35,05F0055S,05F0287S,41,1079,10
2025/12/26 15:35,05F0055S,05F0287S,42,0,0
2025/12/26 15:35,05F0055S,05F0287S,5,0,0
2025/12/26 15:35,05F0287S,05F0309S,31,87,96
2025/12/26 15:35,05F0287S,05F0309S,32,88,35
2025/12/26 15:35,05F0287S,05F0309S,41,93,7
2025/12/26 15:35,05F0287S,05F0309S,42,0,0
2025/12/26 15:35,05F0287S,05F0309S,5,0,0
2025/12/26 15:35,05F0309S,05F0439S,31,489,56
2025/12/26 15:35,05F0309S,05F0439S,32,534,12
2025/12/26 15:35,05F0309S,05F0439S,41,613,1
2025/12/26 15:35,05F0309S,05F0439S,42,0,0
2025/12/26 15:35,05F0309S,05F0439S,5,521,4
2025/12/26 15:35,05F0439S,05F0494S,31,214,32
2025/12/26 15:35,05F0439S,05F0494S,32,219,13
2025/12/26 15:35,05F0439S,05F0494S,41,217,1
2025/12/26 15:35,05F0439S,05F0494S,42,216,1
2025/12/26 15:35,05F0439S,05F0494S,5,214,7
2025/12/26 15:40,05F0000S,05F0055S,31,260,132
2025/12/26 15:40,05F0000S,05F0055S,32,262,38
2025/12/26 15:40,05F0000S,05F0055S,41,260,3
2025/12/26 15:40,05F0000S,05F0055S,42,0,0
2025/12/26 15:40,05F0000S,05F0055S,5,0,0
2025/12/26 15:40,05F0055S,05F0287S,31,1012,138
2025/12/26 15:40,05F0055S,05F0287S,32,1009,40
2025/12/26 15:40,05F0055S,05F0287S,41,1026,7
2025/12/26 15:40,05F0055S,05F0287S,42,0,0
2025/12/26 15:40,05F0055S,05F0287S,5,0,0
2025/12/26 15:40,05F0287S,05F0309S,31,87,96
2025/12/26 15:40,05F0287S,05F0309S,32,90,35
2025/12/26 15:40,05F0287S,05F0309S,41,93,7
2025/12/26 15:40,05F0287S,05F0309S,42,0,0
2025/12/26 15:40,05F0287S,05F0309S,5,0,0
2025/12/26 15:40,05F0309S,05F0439S,31,490,63
2025/12/26 15:40,05F0309S,05F0439S,32,500,26
2025/12/26 15:40,05F0309S,05F0439S,41,529,2
2025/12/26 15:40,05F0309S,05F0439S,42,0,0
2025/12/26 15:40,05F0309S,05F0439S,5,534,9
2025/12/26 15:40,05F0439S,05F0494S,31,217,32
2025/12/26 15:40,05F0439S,05F0494S,32,229,11
2025/12/26 15:40,05F0439S,05F0494S,41,0,0
2025/12/26 15:40,05F0439S,05F0494S,42,0,0
2025/12/26 15:40,05F0439S,05F0494S,5,221,3
2025/12/26 15:45,05F0000S,05F0055S,31,265,114
2025/12/26 15:45,05F0000S,05F0055S,32,265,49
2025/12/26 15:45,05F0000S,05F0055S,41,267,4
2025/12/26 15:45,05F0000S,05F0055S,42,0,0
2025/12/26 15:45,05F0000S,05F0055S,5,0,0
2025/12/26 15:45,05F0055S,05F0287S,31,1035,138
2025/12/26 15:45,05F0055S,05F0287S,32,1042,47
2025/12/26 15:45,05F0055S,05F0287S,41,1073,6
2025/12/26 15:45,05F0055S,05F0287S,42,0,0
2025/12/26 15:45,05F0055S,05F0287S,5,0,0
2025/12/26 15:45,05F0287S,05F0309S,31,86,100
2025/12/26 15:45,05F0287S,05F0309S,32,89,33
2025/12/26 15:45,05F0287S,05F0309S,41,109,2
2025/12/26 15:45,05F0287S,05F0309S,42,0,0
2025/12/26 15:45,05F0287S,05F0309S,5,0,0
2025/12/26 15:45,05F0309S,05F0439S,31,484,62
2025/12/26 15:45,05F0309S,05F0439S,32,501,20
2025/12/26 15:45,05F0309S,05F0439S,41,524,4
2025/12/26 15:45,05F0309S,05F0439S,42,578,1
2025/12/26 15:45,05F0309S,05F0439S,5,509,3
2025/12/26 15:45,05F0439S,05F0494S,31,201,38
2025/12/26 15:45,05F0439S,05F0494S,32,212,6
2025/12/26 15:45,05F0439S,05F0494S,41,0,0
2025/12/26 15:45,05F0439S,05F0494S,42,0,0
2025/12/26 15:45,05F0439S,05F0494S,5,220,8
2025/12/26 15:50,05F0000S,05F0055S,31,263,133
2025/12/26 15:50,05F0000S,05F0055S,32,266,51
2025/12/26 15:50,05F0000S,05F0055S,41,266,6
2025/12/26 15:50,05F0000S,05F0055S,42,277,2
2025/12/26 15:50,05F0000S,05F0055S,5,0,0
2025/12/26 15:50,05F0055S,05F0287S,31,1034,121
2025/12/26 15:50,05F0055S,05F0287S,32,1033,35
2025/12/26 15:50,05F0055S,05F0287S,41,1036,6
2025/12/26 15:50,05F0055S,05F0287S,42,0,0
2025/12/26 15:50,05F0055S,05F0287S,5,0,0
2025/12/26 15:50,05F0287S,05F0309S,31,88,87
2025/12/26 15:50,05F0287S,05F0309S,32,91,24
2025/12/26 15:50,05F0287S,05F0309S,41,91,5
2025/12/26 15:50,05F0287S,05F0309S,42,0,0
2025/12/26 15:50,05F0287S,05F0309S,5,0,0
2025/12/26 15:50,05F0309S,05F0439S,31,478,66
2025/12/26 15:50,05F0309S,05F0439S,32,508,17
2025/12/26 15:50,05F0309S,05F0439S,41,531,3
2025/12/26 15:50,05F0309S,05F0439S,42,544,4
2025/12/26 15:50,05F0309S,05F0439S,5,550,1
2025/12/26 15:50,05F0439S,05F0494S,31,201,32
2025/12/26 15:50,05F0439S,05F0494S,32,205,11
2025/12/26 15:50,05F0439S,05F0494S,41,241,1
2025/12/26 15:50,05F0439S,05F0494S,42,0,0
2025/12/26 15:50,05F0439S,05F0494S,5,250,1
2025/12/26 15:55,05F0000S,05F0055S,31,263,127
2025/12/26 15:55,05F0000S,05F0055S,32,261,42
2025/12/26 15:55,05F0000S,05F0055S,41,258,3
2025/12/26 15:55,05F0000S,05F0055S,42,0,0
2025/12/26 15:55,05F0000S,05F0055S,5,0,0
2025/12/26 15:55,05F0055S,05F0287S,31,1040,129
2025/12/26 15:55,05F0055S,05F0287S,32,1040,39
2025/12/26 15:55,05F0055S,05F0287S,41,1082,1
2025/12/26 15:55,05F0055S,05F0287S,42,0,0
2025/12/26 15:55,05F0055S,05F0287S,5,0,0
2025/12/26 15:55,05F0287S,05F0309S,31,87,69
2025/12/26 15:55,05F0287S,05F0309S,32,90,26
2025/12/26 15:55,05F0287S,05F0309S,41,91,3
2025/12/26 15:55,05F0287S,05F0309S,42,0,0
2025/12/26 15:55,05F0287S,05F0309S,5,0,0
2025/12/26 15:55,05F0309S,05F0439S,31,492,43
2025/12/26 15:55,05F0309S,05F0439S,32,497,15
2025/12/26 15:55,05F0309S,05F0439S,41,600,2
2025/12/26 15:55,05F0309S,05F0439S,42,0,0
2025/12/26 15:55,05F0309S,05F0439S,5,492,1
2025/12/26 15:55,05F0439S,05F0494S,31,212,30
2025/12/26 15:55,05F0439S,05F0494S,32,216,10
2025/12/26 15:55,05F0439S,05F0494S,41,0,0
2025/12/26 15:55,05F0439S,05F0494S,42,224,1
2025/12/26 15:55,05F0439S,05F0494S,5,254,1
2025/12/26 16:00,05F0000S,05F0055S,31,253,114
2025/12/26 16:00,05F0000S,05F0055S,32,255,31
2025/12/26 16:00,05F0000S,05F0055S,41,259,4
2025/12/26 16:00,05F0000S,05F0055S,42,0,0
2025/12/26 16:00,05F0000S,05F0055S,5,0,0
2025/12/26 16:00,05F0055S,05F0287S,31,1026,130
2025/12/26 16:00,05F0055S,05F0287S,32,1028,41
2025/12/26 16:00,05F0055S,05F0287S,41,1057,4
2025/12/26 16:00,05F0055S,05F0287S,42,0,0
2025/12/26 16:00,05F0055S,05F0287S,5,0,0
2025/12/26 16:00,05F0287S,05F0309S,31,87,94
2025/12/26 16:00,05F0287S,05F0309S,32,90,22
2025/12/26 16:00,05F0287S,05F0309S,41,95,2
2025/12/26 16:00,05F0287S,05F0309S,42,0,0
2025/12/26 16:00,05F0287S,05F0309S,5,0,0
2025/12/26 16:00,05F0309S,05F0439S,31,487,54
2025/12/26 16:00,05F0309S,05F0439S,32,503,18
2025/12/26 16:00,05F0309S,05F0439S,41,531,1
2025/12/26 16:00,05F0309S,05F0439S,42,0,0
2025/12/26 16:00,05F0309S,05F0439S,5,500,6
2025/12/26 16:00,05F0439S,05F0494S,31,208,24
2025/12/26 16:00,05F0439S,05F0494S,32,206,7
2025/12/26 16:00,05F0439S,05F0494S,41,254,2
2025/12/26 16:00,05F0439S,05F0494S,42,0,0
2025/12/26 16:00,05F0439S,05F0494S,5,213,6
2025/12/26 16:05,05F0000S,05F0055S,31,265,129
2025/12/26 16:05,05F0000S,05F0055S,32,268,38
2025/12/26 16:05,05F0000S,05F0055S,41,271,6
2025/12/26 16:05,05F0000S,05F0055S,42,0,0
2025/12/26 16:05,05F0000S,05F0055S,5,0,0
2025/12/26 16:05,05F0055S,05F0287S,31,1036,122
2025/12/26 16:05,05F0055S,05F0287S,32,1038,51
2025/12/26 16:05,05F0055S,05F0287S,41,1054,4
2025/12/26 16:05,05F0055S,05F0287S,42,0,0
2025/12/26 16:05,05F0055S,05F0287S,5,0,0
2025/12/26 16:05,05F0287S,05F0309S,31,88,84
2025/12/26 16:05,05F0287S,05F0309S,32,87,35
2025/12/26 16:05,05F0287S,05F0309S,41,92,2
2025/12/26 16:05,05F0287S,05F0309S,42,0,0
2025/12/26 16:05,05F0287S,05F0309S,5,0,0
2025/12/26 16:05,05F0309S,05F0439S,31,473,56
2025/12/26 16:05,05F0309S,05F0439S,32,500,13
2025/12/26 16:05,05F0309S,05F0439S,41,519,1
2025/12/26 16:05,05F0309S,05F0439S,42,0,0
2025/12/26 16:05,05F0309S,05F0439S,5,507,5
2025/12/26 16:05,05F0439S,05F0494S,31,207,27
2025/12/26 16:05,05F0439S,05F0494S,32,192,4
2025/12/26 16:05,05F0439S,05F0494S,41,0,0
2025/12/26 16:05,05F0439S,05F0494S,42,0,0
2025/12/26 16:05,05F0439S,05F0494S,5,213,6
2025/12/26 16:10,05F0000S,05F0055S,31,261,127
2025/12/26 16:10,05F0000S,05F0055S,32,261,30
2025/12/26 16:10,05F0000S,05F0055S,41,265,9
2025/12/26 16:10,05F0000S,05F0055S,42,0,0
2025/12/26 16:10,05F0000S,05F0055S,5,0,0
2025/12/26 16:10,05F0055S,05F0287S,31,1038,138
2025/12/26 16:10,05F0055S,05F0287S,32,1042,49
2025/12/26 16:10,05F0055S,05F0287S,41,1047,5
2025/12/26 16:10,05F0055S,05F0287S,42,1108,2
2025/12/26 16:10,05F0055S,05F0287S,5,0,0
2025/12/26 16:10,05F0287S,05F0309S,31,88,88
2025/12/26 16:10,05F0287S,05F0309S,32,89,38
2025/12/26 16:10,05F0287S,05F0309S,41,93,5
2025/12/26 16:10,05F0287S,05F0309S,42,99,2
2025/12/26 16:10,05F0287S,05F0309S,5,0,0
2025/12/26 16:10,05F0309S,05F0439S,31,487,48
2025/12/26 16:10,05F0309S,05F0439S,32,485,21
2025/12/26 16:10,05F0309S,05F0439S,41,528,2
2025/12/26 16:10,05F0309S,05F0439S,42,639,1
2025/12/26 16:10,05F0309S,05F0439S,5,571,2
2025/12/26 16:10,05F0439S,05F0494S,31,220,18
2025/12/26 16:10,05F0439S,05F0494S,32,210,11
2025/12/26 16:10,05F0439S,05F0494S,41,0,0
2025/12/26 16:10,05F0439S,05F0494S,42,0,0
2025/12/26 16:10,05F0439S,05F0494S,5,237,1
2025/12/26 16:15,05F0000S,05F0055S,31,254,107
2025/12/26 16:15,05F0000S,05F0055S,32,250,30
2025/12/26 16:15,05F0000S,05F0055S,41,248,2
2025/12/26 16:15,05F0000S,05F0055S,42,0,0
2025/12/26 16:15,05F0000S,05F0055S,5,0,0
2025/12/26 16:15,05F0055S,05F0287S,31,1035,133
2025/12/26 16:15,05F0055S,05F0287S,32,1037,34
2025/12/26 16:15,05F0055S,05F0287S,41,1034,5
2025/12/26 16:15,05F0055S,05F0287S,42,0,0
2025/12/26 16:15,05F0055S,05F0287S,5,0,0
2025/12/26 16:15,05F0287S,05F0309S,31,90,90
2025/12/26 16:15,05F0287S,05F0309S,32,89,27
2025/12/26 16:15,05F0287S,05F0309S,41,91,2
2025/12/26 16:15,05F0287S,05F0309S,42,0,0
2025/12/26 16:15,05F0287S,05F0309S,5,0,0
2025/12/26 16:15,05F0309S,05F0439S,31,478,42
2025/12/26 16:15,05F0309S,05F0439S,32,474,23
2025/12/26 16:15,05F0309S,05F0439S,41,524,1
2025/12/26 16:15,05F0309S,05F0439S,42,499,1
2025/12/26 16:15,05F0309S,05F0439S,5,517,2
2025/12/26 16:15,05F0439S,05F0494S,31,207,20
2025/12/26 16:15,05F0439S,05F0494S,32,202,10
2025/12/26 16:15,05F0439S,05F0494S,41,0,0
2025/12/26 16:15,05F0439S,05F0494S,42,0,0
2025/12/26 16:15,05F0439S,05F0494S,5,211,3
2025/12/26 16:20,05F0000S,05F0055S,31,259,134
2025/12/26 16:20,05F0000S,05F0055S,32,266,41
2025/12/26 16:20,05F0000S,05F0055S,41,269,5
2025/12/26 16:20,05F0000S,05F0055S,42,1376,1
2025/12/26 16:20,05F0000S,05F0055S,5,0,0
2025/12/26 16:20,05F0055S,05F0287S,31,1012,115
2025/12/26 16:20,05F0055S,05F0287S,32,1018,34
2025/12/26 16:20,05F0055S,05F0287S,41,1025,6
2025/12/26 16:20,05F0055S,05F0287S,42,0,0
2025/12/26 16:20,05F0055S,05F0287S,5,0,0
2025/12/26 16:20,05F0287S,05F0309S,31,90,94
2025/12/26 16:20,05F0287S,05F0309S,32,91,28
2025/12/26 16:20,05F0287S,05F0309S,41,98,3
2025/12/26 16:20,05F0287S,05F0309S,42,0,0
2025/12/26 16:20,05F0287S,05F0309S,5,0,0
2025/12/26 16:20,05F0309S,05F0439S,31,471,55
2025/12/26 16:20,05F0309S,05F0439S,32,495,22
2025/12/26 16:20,05F0309S,05F0439S,41,506,3
2025/12/26 16:20,05F0309S,05F0439S,42,602,3
2025/12/26 16:20,05F0309S,05F0439S,5,0,0
2025/12/26 16:20,05F0439S,05F0494S,31,205,22
2025/12/26 16:20,05F0439S,05F0494S,32,208,8
2025/12/26 16:20,05F0439S,05F0494S,41,0,0
2025/12/26 16:20,05F0439S,05F0494S,42,227,1
2025/12/26 16:20,05F0439S,05F0494S,5,0,0
2025/12/26 16:25,05F0000S,05F0055S,31,255,123
2025/12/26 16:25,05F0000S,05F0055S,32,261,39
2025/12/26 16:25,05F0000S,05F0055S,41,265,3
2025/12/26 16:25,05F0000S,05F0055S,42,0,0
2025/12/26 16:25,05F0000S,05F0055S,5,0,0
2025/12/26 16:25,05F0055S,05F0287S,31,1041,138
2025/12/26 16:25,05F0055S,05F0287S,32,1040,39
2025/12/26 16:25,05F0055S,05F0287S,41,1055,4
2025/12/26 16:25,05F0055S,05F0287S,42,0,0
2025/12/26 16:25,05F0055S,05F0287S,5,0,0
2025/12/26 16:25,05F0287S,05F0309S,31,90,95
2025/12/26 16:25,05F0287S,05F0309S,32,89,30
2025/12/26 16:25,05F0287S,05F0309S,41,94,6
2025/12/26 16:25,05F0287S,05F0309S,42,0,0
2025/12/26 16:25,05F0287S,05F0309S,5,0,0
2025/12/26 16:25,05F0309S,05F0439S,31,480,69
2025/12/26 16:25,05F0309S,05F0439S,32,482,21
2025/12/26 16:25,05F0309S,05F0439S,41,525,1
2025/12/26 16:25,05F0309S,05F0439S,42,0,0
2025/12/26 16:25,05F0309S,05F0439S,5,506,8
2025/12/26 16:25,05F0439S,05F0494S,31,211,19
2025/12/26 16:25,05F0439S,05F0494S,32,193,4
2025/12/26 16:25,05F0439S,05F0494S,41,1919,1
2025/12/26 16:25,05F0439S,05F0494S,42,199,1
2025/12/26 16:25,05F0439S,05F0494S,5,199,1
2025/12/26 16:30,05F0000S,05F0055S,31,260,113
2025/12/26 16:30,05F0000S,05F0055S,32,261,46
2025/12/26 16:30,05F0000S,05F0055S,41,262,9
2025/12/26 16:30,05F0000S,05F0055S,42,0,0
2025/12/26 16:30,05F0000S,05F0055S,5,0,0
2025/12/26 16:30,05F0055S,05F0287S,31,1026,144
2025/12/26 16:30,05F0055S,05F0287S,32,1031,30
2025/12/26 16:30,05F0055S,05F0287S,41,1038,6
2025/12/26 16:30,05F0055S,05F0287S,42,0,0
2025/12/26 16:30,05F0055S,05F0287S,5,0,0
2025/12/26 16:30,05F0287S,05F0309S,31,88,103
2025/12/26 16:30,05F0287S,05F0309S,32,88,27
2025/12/26 16:30,05F0287S,05F0309S,41,91,6
2025/12/26 16:30,05F0287S,05F0309S,42,0,0
2025/12/26 16:30,05F0287S,05F0309S,5,0,0
2025/12/26 16:30,05F0309S,05F0439S,31,497,50
2025/12/26 16:30,05F0309S,05F0439S,32,497,14
2025/12/26 16:30,05F0309S,05F0439S,41,538,4
2025/12/26 16:30,05F0309S,05F0439S,42,517,2
2025/12/26 16:30,05F0309S,05F0439S,5,520,2
2025/12/26 16:30,05F0439S,05F0494S,31,207,26
2025/12/26 16:30,05F0439S,05F0494S,32,216,6
2025/12/26 16:30,05F0439S,05F0494S,41,221,1
2025/12/26 16:30,05F0439S,05F0494S,42,0,0
2025/12/26 16:30,05F0439S,05F0494S,5,209,6
2025/12/26 16:35,05F0000S,05F0055S,31,247,106
2025/12/26 16:35,05F0000S,05F0055S,32,248,32
2025/12/26 16:35,05F0000S,05F0055S,41,1335,2
2025/12/26 16:35,05F0000S,05F0055S,42,0,0
2025/12/26 16:35,05F0000S,05F0055S,5,0,0
2025/12/26 16:35,05F0055S,05F0287S,31,1010,101
2025/12/26 16:35,05F0055S,05F0287S,32,1015,31
2025/12/26 16:35,05F0055S,05F0287S,41,1033,5
2025/12/26 16:35,05F0055S,05F0287S,42,0,0
2025/12/26 16:35,05F0055S,05F0287S,5,0,0
2025/12/26 16:35,05F0287S,05F0309S,31,90,86
2025/12/26 16:35,05F0287S,05F0309S,32,92,24
2025/12/26 16:35,05F0287S,05F0309S,41,94,2
2025/12/26 16:35,05F0287S,05F0309S,42,0,0
2025/12/26 16:35,05F0287S,05F0309S,5,0,0
2025/12/26 16:35,05F0309S,05F0439S,31,485,61
2025/12/26 16:35,05F0309S,05F0439S,32,492,21
2025/12/26 16:35,05F0309S,05F0439S,41,523,3
2025/12/26 16:35,05F0309S,05F0439S,42,565,1
2025/12/26 16:35,05F0309S,05F0439S,5,0,0
2025/12/26 16:35,05F0439S,05F0494S,31,210,27
2025/12/26 16:35,05F0439S,05F0494S,32,211,10
2025/12/26 16:35,05F0439S,05F0494S,41,252,1
2025/12/26 16:35,05F0439S,05F0494S,42,0,0
2025/12/26 16:35,05F0439S,05F0494S,5,0,0
2025/12/26 16:40,05F0000S,05F0055S,31,250,109
2025/12/26 16:40,05F0000S,05F0055S,32,249,32
2025/12/26 16:40,05F0000S,05F0055S,41,261,5
2025/12/26 16:40,05F0000S,05F0055S,42,0,0
2025/12/26 16:40,05F0000S,05F0055S,5,0,0
2025/12/26 16:40,05F0055S,05F0287S,31,1064,153
2025/12/26 16:40,05F0055S,05F0287S,32,1059,50
2025/12/26 16:40,05F0055S,05F0287S,41,1052,3
2025/12/26 16:40,05F0055S,05F0287S,42,0,0
2025/12/26 16:40,05F0055S,05F0287S,5,0,0
2025/12/26 16:40,05F0287S,05F0309S,31,88,84
2025/12/26 16:40,05F0287S,05F0309S,32,92,24
2025/12/26 16:40,05F0287S,05F0309S,41,93,3
2025/12/26 16:40,05F0287S,05F0309S,42,0,0
2025/12/26 16:40,05F0287S,05F0309S,5,0,0
2025/12/26 16:40,05F0309S,05F0439S,31,494,55
2025/12/26 16:40,05F0309S,05F0439S,32,508,16
2025/12/26 16:40,05F0309S,05F0439S,41,520,1
2025/12/26 16:40,05F0309S,05F0439S,42,0,0
2025/12/26 16:40,05F0309S,05F0439S,5,510,4
2025/12/26 16:40,05F0439S,05F0494S,31,207,27
2025/12/26 16:40,05F0439S,05F0494S,32,207,14
2025/12/26 16:40,05F0439S,05F0494S,41,225,1
2025/12/26 16:40,05F0439S,05F0494S,42,232,1
2025/12/26 16:40,05F0439S,05F0494S,5,217,4
2025/12/26 16:45,05F0000S,05F0055S,31,256,105
2025/12/26 16:45,05F0000S,05F0055S,32,256,35
2025/12/26 16:45,05F0000S,05F0055S,41,656,2
2025/12/26 16:45,05F0000S,05F0055S,42,0,0
2025/12/26 16:45,05F0000S,05F0055S,5,0,0
2025/12/26 16:45,05F0055S,05F0287S,31,1033,116
2025/12/26 16:45,05F0055S,05F0287S,32,1031,39
2025/12/26 16:45,05F0055S,05F0287S,41,1052,4
2025/12/26 16:45,05F0055S,05F0287S,42,0,0
2025/12/26 16:45,05F0055S,05F0287S,5,0,0
2025/12/26 16:45,05F0287S,05F0309S,31,87,99
2025/12/26 16:45,05F0287S,05F0309S,32,88,30
2025/12/26 16:45,05F0287S,05F0309S,41,89,2
2025/12/26 16:45,05F0287S,05F0309S,42,0,0
2025/12/26 16:45,05F0287S,05F0309S,5,0,0
2025/12/26 16:45,05F0309S,05F0439S,31,458,53
2025/12/26 16:45,05F0309S,05F0439S,32,474,12
2025/12/26 16:45,05F0309S,05F0439S,41,536,2
2025/12/26 16:45,05F0309S,05F0439S,42,548,1
2025/12/26 16:45,05F0309S,05F0439S,5,559,3
2025/12/26 16:45,05F0439S,05F0494S,31,205,34
2025/12/26 16:45,05F0439S,05F0494S,32,203,5
2025/12/26 16:45,05F0439S,05F0494S,41,0,0
2025/12/26 16:45,05F0439S,05F0494S,42,261,1
2025/12/26 16:45,05F0439S,05F0494S,5,226,4
2025/12/26 16:50,05F0000S,05F0055S,31,266,126
2025/12/26 16:50,05F0000S,05F0055S,32,270,37
2025/12/26 16:50,05F0000S,05F0055S,41,265,7
2025/12/26 16:50,05F0000S,05F0055S,42,0,0
2025/12/26 16:50,05F0000S,05F0055S,5,0,0
2025/12/26 16:50,05F0055S,05F0287S,31,1066,133
2025/12/26 16:50,05F0055S,05F0287S,32,1073,46
2025/12/26 16:50,05F0055S,05F0287S,41,1106,9
2025/12/26 16:50,05F0055S,05F0287S,42,0,0
2025/12/26 16:50,05F0055S,05F0287S,5,0,0
2025/12/26 16:50,05F0287S,05F0309S,31,87,82
2025/12/26 16:50,05F0287S,05F0309S,32,91,30
2025/12/26 16:50,05F0287S,05F0309S,41,92,8
2025/12/26 16:50,05F0287S,05F0309S,42,0,0
2025/12/26 16:50,05F0287S,05F0309S,5,0,0
2025/12/26 16:50,05F0309S,05F0439S,31,474,64
2025/12/26 16:50,05F0309S,05F0439S,32,499,17
2025/12/26 16:50,05F0309S,05F0439S,41,488,2
2025/12/26 16:50,05F0309S,05F0439S,42,0,0
2025/12/26 16:50,05F0309S,05F0439S,5,497,4
2025/12/26 16:50,05F0439S,05F0494S,31,209,30
2025/12/26 16:50,05F0439S,05F0494S,32,204,12
2025/12/26 16:50,05F0439S,05F0494S,41,0,0
2025/12/26 16:50,05F0439S,05F0494S,42,1911,1
2025/12/26 16:50,05F0439S,05F0494S,5,195,1
2025/12/26 16:55,05F0000S,05F0055S,31,246,112
2025/12/26 16:55,05F0000S,05F0055S,32,247,33
2025/12/26 16:55,05F0000S,05F0055S,41,249,6
2025/12/26 16:55,05F0000S,05F0055S,42,0,0
2025/12/26 16:55,05F0000S,05F0055S,5,0,0
2025/12/26 16:55,05F0055S,05F0287S,31,1022,143
2025/12/26 16:55,05F0055S,05F0287S,32,1028,42
2025/12/26 16:55,05F0055S,05F0287S,41,1015,5
2025/12/26 16:55,05F0055S,05F0287S,42,0,0
2025/12/26 16:55,05F0055S,05F0287S,5,0,0
2025/12/26 16:55,05F0287S,05F0309S,31,87,107
2025/12/26 16:55,05F0287S,05F0309S,32,89,31
2025/12/26 16:55,05F0287S,05F0309S,41,93,3
2025/12/26 16:55,05F0287S,05F0309S,42,0,0
2025/12/26 16:55,05F0287S,05F0309S,5,0,0
2025/12/26 16:55,05F0309S,05F0439S,31,484,59
2025/12/26 16:55,05F0309S,05F0439S,32,491,10
2025/12/26 16:55,05F0309S,05F0439S,41,528,2
2025/12/26 16:55,05F0309S,05F0439S,42,540,1
2025/12/26 16:55,05F0309S,05F0439S,5,515,5
2025/12/26 16:55,05F0439S,05F0494S,31,209,27
2025/12/26 16:55,05F0439S,05F0494S,32,212,10
2025/12/26 16:55,05F0439S,05F0494S,41,0,0
2025/12/26 16:55,05F0439S,05F0494S,42,0,0
2025/12/26 16:55,05F0439S,05F0494S,5,209,3
2025/12/26 17:00,05F0000S,05F0055S,31,249,91
2025/12/26 17:00,05F0000S,05F0055S,32,249,29
2025/12/26 17:00,05F0000S,05F0055S,41,256,4
2025/12/26 17:00,05F0000S,05F0055S,42,0,0
2025/12/26 17:00,05F0000S,05F0055S,5,0,0
2025/12/26 17:00,05F0055S,05F0287S,31,1004,119
2025/12/26 17:00,05F0055S,05F0287S,32,1013,37
2025/12/26 17:00,05F0055S,05F0287S,41,1050,1
2025/12/26 17:00,05F0055S,05F0287S,42,0,0
2025/12/26 17:00,05F0055S,05F0287S,5,0,0
2025/12/26 17:00,05F0287S,05F0309S,31,88,88
2025/12/26 17:00,05F0287S,05F0309S,32,89,33
2025/12/26 17:00,05F0287S,05F0309S,41,95,2
2025/12/26 17:00,05F0287S,05F0309S,42,0,0
2025/12/26 17:00,05F0287S,05F0309S,5,0,0
2025/12/26 17:00,05F0309S,05F0439S,31,493,53
2025/12/26 17:00,05F0309S,05F0439S,32,501,18
2025/12/26 17:00,05F0309S,05F0439S,41,537,3
2025/12/26 17:00,05F0309S,05F0439S,42,0,0
2025/12/26 17:00,05F0309S,05F0439S,5,556,5
2025/12/26 17:00,05F0439S,05F0494S,31,204,22
2025/12/26 17:00,05F0439S,05F0494S,32,216,5
2025/12/26 17:00,05F0439S,05F0494S,41,0,0
2025/12/26 17:00,05F0439S,05F0494S,42,223,1
2025/12/26 17:00,05F0439S,05F0494S,5,218,4
2025/12/26 17:05,05F0000S,05F0055S,31,268,123
2025/12/26 17:05,05F0000S,05F0055S,32,273,35
2025/12/26 17:05,05F0000S,05F0055S,41,282,8
2025/12/26 17:05,05F0000S,05F0055S,42,0,0
2025/12/26 17:05,05F0000S,05F0055S,5,0,0
2025/12/26 17:05,05F0055S,05F0287S,31,1016,95
2025/12/26 17:05,05F0055S,05F0287S,32,1012,38
2025/12/26 17:05,05F0055S,05F0287S,41,1034,5
2025/12/26 17:05,05F0055S,05F0287S,42,0,0
2025/12/26 17:05,05F0055S,05F0287S,5,0,0
2025/12/26 17:05,05F0287S,05F0309S,31,86,73
2025/12/26 17:05,05F0287S,05F0309S,32,87,29
2025/12/26 17:05,05F0287S,05F0309S,41,91,3
2025/12/26 17:05,05F0287S,05F0309S,42,0,0
2025/12/26 17:05,05F0287S,05F0309S,5,0,0
2025/12/26 17:05,05F0309S,05F0439S,31,483,56
2025/12/26 17:05,05F0309S,05F0439S,32,527,19
2025/12/26 17:05,05F0309S,05F0439S,41,537,2
2025/12/26 17:05,05F0309S,05F0439S,42,561,2
2025/12/26 17:05,05F0309S,05F0439S,5,485,1
2025/12/26 17:05,05F0439S,05F0494S,31,209,31
2025/12/26 17:05,05F0439S,05F0494S,32,216,6
2025/12/26 17:05,05F0439S,05F0494S,41,0,0
2025/12/26 17:05,05F0439S,05F0494S,42,0,0
2025/12/26 17:05,05F0439S,05F0494S,5,253,7
2025/12/26 17:10,05F0000S,05F0055S,31,269,119
2025/12/26 17:10,05F0000S,05F0055S,32,271,40
2025/12/26 17:10,05F0000S,05F0055S,41,277,2
2025/12/26 17:10,05F0000S,05F0055S,42,0,0
2025/12/26 17:10,05F0000S,05F0055S,5,0,0
2025/12/26 17:10,05F0055S,05F0287S,31,1047,153
2025/12/26 17:10,05F0055S,05F0287S,32,1046,39
2025/12/26 17:10,05F0055S,05F0287S,41,1067,6
2025/12/26 17:10,05F0055S,05F0287S,42,0,0
2025/12/26 17:10,05F0055S,05F0287S,5,0,0
2025/12/26 17:10,05F0287S,05F0309S,31,90,88
2025/12/26 17:10,05F0287S,05F0309S,32,90,28
2025/12/26 17:10,05F0287S,05F0309S,41,94,6
2025/12/26 17:10,05F0287S,05F0309S,42,0,0
2025/12/26 17:10,05F0287S,05F0309S,5,0,0
2025/12/26 17:10,05F0309S,05F0439S,31,490,71
2025/12/26 17:10,05F0309S,05F0439S,32,479,17
2025/12/26 17:10,05F0309S,05F0439S,41,529,1
2025/12/26 17:10,05F0309S,05F0439S,42,573,2
2025/12/26 17:10,05F0309S,05F0439S,5,560,10
2025/12/26 17:10,05F0439S,05F0494S,31,208,24
2025/12/26 17:10,05F0439S,05F0494S,32,220,10
2025/12/26 17:10,05F0439S,05F0494S,41,0,0
2025/12/26 17:10,05F0439S,05F0494S,42,0,0
2025/12/26 17:10,05F0439S,05F0494S,5,217,3
2025/12/26 17:15,05F0000S,05F0055S,31,258,131
2025/12/26 17:15,05F0000S,05F0055S,32,259,39
2025/12/26 17:15,05F0000S,05F0055S,41,665,2
2025/12/26 17:15,05F0000S,05F0055S,42,0,0
2025/12/26 17:15,05F0000S,05F0055S,5,0,0
2025/12/26 17:15,05F0055S,05F0287S,31,1012,130
2025/12/26 17:15,05F0055S,05F0287S,32,1016,41
2025/12/26 17:15,05F0055S,05F0287S,41,1055,5
2025/12/26 17:15,05F0055S,05F0287S,42,0,0
2025/12/26 17:15,05F0055S,05F0287S,5,0,0
2025/12/26 17:15,05F0287S,05F0309S,31,88,90
2025/12/26 17:15,05F0287S,05F0309S,32,89,30
2025/12/26 17:15,05F0287S,05F0309S,41,95,3
2025/12/26 17:15,05F0287S,05F0309S,42,0,0
2025/12/26 17:15,05F0287S,05F0309S,5,0,0
2025/12/26 17:15,05F0309S,05F0439S,31,484,40
2025/12/26 17:15,05F0309S,05F0439S,32,497,21
2025/12/26 17:15,05F0309S,05F0439S,41,473,1
2025/12/26 17:15,05F0309S,05F0439S,42,523,1
2025/12/26 17:15,05F0309S,05F0439S,5,529,6
2025/12/26 17:15,05F0439S,05F0494S,31,206,32
2025/12/26 17:15,05F0439S,05F0494S,32,217,8
2025/12/26 17:15,05F0439S,05F0494S,41,0,0
2025/12/26 17:15,05F0439S,05F0494S,42,254,1
2025/12/26 17:15,05F0439S,05F0494S,5,230,6
2025/12/26 17:20,05F0000S,05F0055S,31,258,126
2025/12/26 17:20,05F0000S,05F0055S,32,260,31
2025/12/26 17:20,05F0000S,05F0055S,41,267,8
2025/12/26 17:20,05F0000S,05F0055S,42,0,0
2025/12/26 17:20,05F0000S,05F0055S,5,0,0
2025/12/26 17:20,05F0055S,05F0287S,31,1010,108
2025/12/26 17:20,05F0055S,05F0287S,32,1012,31
2025/12/26 17:20,05F0055S,05F0287S,41,1032,7
2025/12/26 17:20,05F0055S,05F0287S,42,0,0
2025/12/26 17:20,05F0055S,05F0287S,5,0,0
2025/12/26 17:20,05F0287S,05F0309S,31,88,78
2025/12/26 17:20,05F0287S,05F0309S,32,89,27
2025/12/26 17:20,05F0287S,05F0309S,41,92,4
2025/12/26 17:20,05F0287S,05F0309S,42,0,0
2025/12/26 17:20,05F0287S,05F0309S,5,0,0
2025/12/26 17:20,05F0309S,05F0439S,31,519,61
2025/12/26 17:20,05F0309S,05F0439S,32,506,19
2025/12/26 17:20,05F0309S,05F0439S,41,551,3
2025/12/26 17:20,05F0309S,05F0439S,42,456,1
2025/12/26 17:20,05F0309S,05F0439S,5,505,5
2025/12/26 17:20,05F0439S,05F0494S,31,208,17
2025/12/26 17:20,05F0439S,05F0494S,32,210,6
2025/12/26 17:20,05F0439S,05F0494S,41,193,1
2025/12/26 17:20,05F0439S,05F0494S,42,219,1
2025/12/26 17:20,05F0439S,05F0494S,5,228,5
2025/12/26 17:25,05F0000S,05F0055S,31,271,142
2025/12/26 17:25,05F0000S,05F0055S,32,271,36
2025/12/26 17:25,05F0000S,05F0055S,41,269,6
2025/12/26 17:25,05F0000S,05F0055S,42,0,0
2025/12/26 17:25,05F0000S,05F0055S,5,0,0
2025/12/26 17:25,05F0055S,05F0287S,31,1056,124
2025/12/26 17:25,05F0055S,05F0287S,32,1057,36
2025/12/26 17:25,05F0055S,05F0287S,41,1079,5
2025/12/26 17:25,05F0055S,05F0287S,42,0,0
2025/12/26 17:25,05F0055S,05F0287S,5,0,0
2025/12/26 17:25,05F0287S,05F0309S,31,88,94
2025/12/26 17:25,05F0287S,05F0309S,32,88,24
2025/12/26 17:25,05F0287S,05F0309S,41,91,5
2025/12/26 17:25,05F0287S,05F0309S,42,0,0
2025/12/26 17:25,05F0287S,05F0309S,5,0,0
2025/12/26 17:25,05F0309S,05F0439S,31,497,58
2025/12/26 17:25,05F0309S,05F0439S,32,513,21
2025/12/26 17:25,05F0309S,05F0439S,41,547,2
2025/12/26 17:25,05F0309S,05F0439S,42,0,0
2025/12/26 17:25,05F0309S,05F0439S,5,561,6
2025/12/26 17:25,05F0439S,05F0494S,31,223,28
2025/12/26 17:25,05F0439S,05F0494S,32,221,12
2025/12/26 17:25,05F0439S,05F0494S,41,0,0
2025/12/26 17:25,05F0439S,05F0494S,42,0,0
2025/12/26 17:25,05F0439S,05F0494S,5,230,8
2025/12/26 17:30,05F0000S,05F0055S,31,259,114
2025/12/26 17:30,05F0000S,05F0055S,32,264,46
2025/12/26 17:30,05F0000S,05F0055S,41,266,5
2025/12/26 17:30,05F0000S,05F0055S,42,0,0
2025/12/26 17:30,05F0000S,05F0055S,5,0,0
2025/12/26 17:30,05F0055S,05F0287S,31,1067,142
2025/12/26 17:30,05F0055S,05F0287S,32,1072,49
2025/12/26 17:30,05F0055S,05F0287S,41,1062,2
2025/12/26 17:30,05F0055S,05F0287S,42,0,0
2025/12/26 17:30,05F0055S,05F0287S,5,0,0
2025/12/26 17:30,05F0287S,05F0309S,31,91,97
2025/12/26 17:30,05F0287S,05F0309S,32,93,29
2025/12/26 17:30,05F0287S,05F0309S,41,92,2
2025/12/26 17:30,05F0287S,05F0309S,42,0,0
2025/12/26 17:30,05F0287S,05F0309S,5,0,0
2025/12/26 17:30,05F0309S,05F0439S,31,492,45
2025/12/26 17:30,05F0309S,05F0439S,32,497,14
2025/12/26 17:30,05F0309S,05F0439S,41,518,3
2025/12/26 17:30,05F0309S,05F0439S,42,0,0
2025/12/26 17:30,05F0309S,05F0439S,5,489,5
2025/12/26 17:30,05F0439S,05F0494S,31,213,26
2025/12/26 17:30,05F0439S,05F0494S,32,221,8
2025/12/26 17:30,05F0439S,05F0494S,41,0,0
2025/12/26 17:30,05F0439S,05F0494S,42,0,0
2025/12/26 17:30,05F0439S,05F0494S,5,219,6
2025/12/26 17:35,05F0000S,05F0055S,31,263,122
2025/12/26 17:35,05F0000S,05F0055S,32,263,39
2025/12/26 17:35,05F0000S,05F0055S,41,263,6
2025/12/26 17:35,05F0000S,05F0055S,42,0,0
2025/12/26 17:35,05F0000S,05F0055S,5,0,0
2025/12/26 17:35,05F0055S,05F0287S,31,1036,154
2025/12/26 17:35,05F0055S,05F0287S,32,1039,42
2025/12/26 17:35,05F0055S,05F0287S,41,1054,5
2025/12/26 17:35,05F0055S,05F0287S,42,0,0
2025/12/26 17:35,05F0055S,05F0287S,5,0,0
2025/12/26 17:35,05F0287S,05F0309S,31,89,108
2025/12/26 17:35,05F0287S,05F0309S,32,90,39
2025/12/26 17:35,05F0287S,05F0309S,41,108,3
2025/12/26 17:35,05F0287S,05F0309S,42,0,0
2025/12/26 17:35,05F0287S,05F0309S,5,0,0
2025/12/26 17:35,05F0309S,05F0439S,31,486,50
2025/12/26 17:35,05F0309S,05F0439S,32,500,21
2025/12/26 17:35,05F0309S,05F0439S,41,526,1
2025/12/26 17:35,05F0309S,05F0439S,42,0,0
2025/12/26 17:35,05F0309S,05F0439S,5,0,0
2025/12/26 17:35,05F0439S,05F0494S,31,211,26
2025/12/26 17:35,05F0439S,05F0494S,32,210,7
2025/12/26 17:35,05F0439S,05F0494S,41,0,0
2025/12/26 17:35,05F0439S,05F0494S,42,251,1
2025/12/26 17:35,05F0439S,05F0494S,5,213,5
2025/12/26 17:40,05F0000S,05F0055S,31,271,132
2025/12/26 17:40,05F0000S,05F0055S,32,269,43
2025/12/26 17:40,05F0000S,05F0055S,41,273,4
2025/12/26 17:40,05F0000S,05F0055S,42,0,0
2025/12/26 17:40,05F0000S,05F0055S,5,0,0
2025/12/26 17:40,05F0055S,05F0287S,31,1052,129
2025/12/26 17:40,05F0055S,05F0287S,32,1049,34
2025/12/26 17:40,05F0055S,05F0287S,41,1069,4
2025/12/26 17:40,05F0055S,05F0287S,42,0,0
2025/12/26 17:40,05F0055S,05F0287S,5,0,0
2025/12/26 17:40,05F0287S,05F0309S,31,88,96
2025/12/26 17:40,05F0287S,05F0309S,32,91,15
2025/12/26 17:40,05F0287S,05F0309S,41,93,5
2025/12/26 17:40,05F0287S,05F0309S,42,0,0
2025/12/26 17:40,05F0287S,05F0309S,5,0,0
2025/12/26 17:40,05F0309S,05F0439S,31,501,56
2025/12/26 17:40,05F0309S,05F0439S,32,506,18
2025/12/26 17:40,05F0309S,05F0439S,41,531,1
2025/12/26 17:40,05F0309S,05F0439S,42,0,0
2025/12/26 17:40,05F0309S,05F0439S,5,547,8
2025/12/26 17:40,05F0439S,05F0494S,31,218,26
2025/12/26 17:40,05F0439S,05F0494S,32,218,9
2025/12/26 17:40,05F0439S,05F0494S,41,0,0
2025/12/26 17:40,05F0439S,05F0494S,42,0,0
2025/12/26 17:40,05F0439S,05F0494S,5,0,0
2025/12/26 17:45,05F0000S,05F0055S,31,264,150
2025/12/26 17:45,05F0000S,05F0055S,32,260,39
2025/12/26 17:45,05F0000S,05F0055S,41,268,8
2025/12/26 17:45,05F0000S,05F0055S,42,0,0
2025/12/26 17:45,05F0000S,05F0055S,5,0,0
2025/12/26 17:45,05F0055S,05F0287S,31,1089,152
2025/12/26 17:45,05F0055S,05F0287S,32,1084,40
2025/12/26 17:45,05F0055S,05F0287S,41,1118,8
2025/12/26 17:45,05F0055S,05F0287S,42,0,0
2025/12/26 17:45,05F0055S,05F0287S,5,0,0
2025/12/26 17:45,05F0287S,05F0309S,31,88,103
2025/12/26 17:45,05F0287S,05F0309S,32,88,29
2025/12/26 17:45,05F0287S,05F0309S,41,95,4
2025/12/26 17:45,05F0287S,05F0309S,42,0,0
2025/12/26 17:45,05F0287S,05F0309S,5,0,0
2025/12/26 17:45,05F0309S,05F0439S,31,500,75
2025/12/26 17:45,05F0309S,05F0439S,32,536,20
2025/12/26 17:45,05F0309S,05F0439S,41,541,1
2025/12/26 17:45,05F0309S,05F0439S,42,0,0
2025/12/26 17:45,05F0309S,05F0439S,5,523,3
2025/12/26 17:45,05F0439S,05F0494S,31,215,27
2025/12/26 17:45,05F0439S,05F0494S,32,210,6
2025/12/26 17:45,05F0439S,05F0494S,41,0,0
2025/12/26 17:45,05F0439S,05F0494S,42,0,0
2025/12/26 17:45,05F0439S,05F0494S,5,230,7
2025/12/26 17:50,05F0000S,05F0055S,31,255,142
2025/12/26 17:50,05F0000S,05F0055S,32,257,37
2025/12/26 17:50,05F0000S,05F0055S,41,268,9
2025/12/26 17:50,05F0000S,05F0055S,42,0,0
2025/12/26 17:50,05F0000S,05F0055S,5,0,0
2025/12/26 17:50,05F0055S,05F0287S,31,1060,146
2025/12/26 17:50,05F0055S,05F0287S,32,1070,47
2025/12/26 17:50,05F0055S,05F0287S,41,1092,7
2025/12/26 17:50,05F0055S,05F0287S,42,0,0
2025/12/26 17:50,05F0055S,05F0287S,5,0,0
2025/12/26 17:50,05F0287S,05F0309S,31,90,93
2025/12/26 17:50,05F0287S,05F0309S,32,91,39
2025/12/26 17:50,05F0287S,05F0309S,41,97,5
2025/12/26 17:50,05F0287S,05F0309S,42,0,0
2025/12/26 17:50,05F0287S,05F0309S,5,0,0
2025/12/26 17:50,05F0309S,05F0439S,31,514,71
2025/12/26 17:50,05F0309S,05F0439S,32,521,16
2025/12/26 17:50,05F0309S,05F0439S,41,574,4
2025/12/26 17:50,05F0309S,05F0439S,42,507,1
2025/12/26 17:50,05F0309S,05F0439S,5,480,2
2025/12/26 17:50,05F0439S,05F0494S,31,219,19
2025/12/26 17:50,05F0439S,05F0494S,32,235,9
2025/12/26 17:50,05F0439S,05F0494S,41,0,0
2025/12/26 17:50,05F0439S,05F0494S,42,0,0
2025/12/26 17:50,05F0439S,05F0494S,5,232,3
2025/12/26 17:55,05F0000S,05F0055S,31,251,108
2025/12/26 17:55,05F0000S,05F0055S,32,250,35
2025/12/26 17:55,05F0000S,05F0055S,41,265,2
2025/12/26 17:55,05F0000S,05F0055S,42,0,0
2025/12/26 17:55,05F0000S,05F0055S,5,0,0
2025/12/26 17:55,05F0055S,05F0287S,31,1034,143
2025/12/26 17:55,05F0055S,05F0287S,32,1042,53
2025/12/26 17:55,05F0055S,05F0287S,41,1038,5
2025/12/26 17:55,05F0055S,05F0287S,42,0,0
2025/12/26 17:55,05F0055S,05F0287S,5,0,0
2025/12/26 17:55,05F0287S,05F0309S,31,90,109
2025/12/26 17:55,05F0287S,05F0309S,32,92,34
2025/12/26 17:55,05F0287S,05F0309S,41,95,8
2025/12/26 17:55,05F0287S,05F0309S,42,0,0
2025/12/26 17:55,05F0287S,05F0309S,5,0,0
2025/12/26 17:55,05F0309S,05F0439S,31,499,62
2025/12/26 17:55,05F0309S,05F0439S,32,493,17
2025/12/26 17:55,05F0309S,05F0439S,41,520,4
2025/12/26 17:55,05F0309S,05F0439S,42,608,2
2025/12/26 17:55,05F0309S,05F0439S,5,0,0
2025/12/26 17:55,05F0439S,05F0494S,31,215,29
2025/12/26 17:55,05F0439S,05F0494S,32,244,7
2025/12/26 17:55,05F0439S,05F0494S,41,1591,1
2025/12/26 17:55,05F0439S,05F0494S,42,227,1
2025/12/26 17:55,05F0439S,05F0494S,5,210,1
2025/12/26 18:00,05F0000S,05F0055S,31,254,117
2025/12/26 18:00,05F0000S,05F0055S,32,252,34
2025/12/26 18:00,05F0000S,05F0055S,41,248,9
2025/12/26 18:00,05F0000S,05F0055S,42,0,0
2025/12/26 18:00,05F0000S,05F0055S,5,0,0
2025/12/26 18:00,05F0055S,05F0287S,31,1092,135
2025/12/26 18:00,05F0055S,05F0287S,32,1088,47
2025/12/26 18:00,05F0055S,05F0287S,41,1114,5
2025/12/26 18:00,05F0055S,05F0287S,42,0,0
2025/12/26 18:00,05F0055S,05F0287S,5,0,0
2025/12/26 18:00,05F0287S,05F0309S,31,87,94
2025/12/26 18:00,05F0287S,05F0309S,32,88,27
2025/12/26 18:00,05F0287S,05F0309S,41,97,2
2025/12/26 18:00,05F0287S,05F0309S,42,0,0
2025/12/26 18:00,05F0287S,05F0309S,5,0,0
2025/12/26 18:00,05F0309S,05F0439S,31,497,66
2025/12/26 18:00,05F0309S,05F0439S,32,508,21
2025/12/26 18:00,05F0309S,05F0439S,41,538,4
2025/12/26 18:00,05F0309S,05F0439S,42,0,0
2025/12/26 18:00,05F0309S,05F0439S,5,504,5
2025/12/26 18:00,05F0439S,05F0494S,31,212,19
2025/12/26 18:00,05F0439S,05F0494S,32,210,11
2025/12/26 18:00,05F0439S,05F0494S,41,0,0
2025/12/26 18:00,05F0439S,05F0494S,42,240,3
2025/12/26 18:00,05F0439S,05F0494S,5,0,0
2025/12/26 18:05,05F0000S,05F0055S,31,247,99
2025/12/26 18:05,05F0000S,05F0055S,32,254,19
2025/12/26 18:05,05F0000S,05F0055S,41,249,3
2025/12/26 18:05,05F0000S,05F0055S,42,0,0
2025/12/26 18:05,05F0000S,05F0055S,5,0,0
2025/12/26 18:05,05F0055S,05F0287S,31,1122,183
2025/12/26 18:05,05F0055S,05F0287S,32,1126,41
2025/12/26 18:05,05F0055S,05F0287S,41,1139,6
2025/12/26 18:05,05F0055S,05F0287S,42,0,0
2025/12/26 18:05,05F0055S,05F0287S,5,0,0
2025/12/26 18:05,05F0287S,05F0309S,31,92,99
2025/12/26 18:05,05F0287S,05F0309S,32,92,35
2025/12/26 18:05,05F0287S,05F0309S,41,98,6
2025/12/26 18:05,05F0287S,05F0309S,42,0,0
2025/12/26 18:05,05F0287S,05F0309S,5,0,0
2025/12/26 18:05,05F0309S,05F0439S,31,503,72
2025/12/26 18:05,05F0309S,05F0439S,32,506,27
2025/12/26 18:05,05F0309S,05F0439S,41,524,4
2025/12/26 18:05,05F0309S,05F0439S,42,0,0
2025/12/26 18:05,05F0309S,05F0439S,5,513,6
2025/12/26 18:05,05F0439S,05F0494S,31,206,25
2025/12/26 18:05,05F0439S,05F0494S,32,202,8
2025/12/26 18:05,05F0439S,05F0494S,41,0,0
2025/12/26 18:05,05F0439S,05F0494S,42,258,1
2025/12/26 18:05,05F0439S,05F0494S,5,219,2
2025/12/26 18:10,05F0000S,05F0055S,31,254,86
2025/12/26 18:10,05F0000S,05F0055S,32,252,22
2025/12/26 18:10,05F0000S,05F0055S,41,260,9
2025/12/26 18:10,05F0000S,05F0055S,42,0,0
2025/12/26 18:10,05F0000S,05F0055S,5,0,0
2025/12/26 18:10,05F0055S,05F0287S,31,1089,165
2025/12/26 18:10,05F0055S,05F0287S,32,1103,44
2025/12/26 18:10,05F0055S,05F0287S,41,1111,8
2025/12/26 18:10,05F0055S,05F0287S,42,0,0
2025/12/26 18:10,05F0055S,05F0287S,5,0,0
2025/12/26 18:10,05F0287S,05F0309S,31,95,128
2025/12/26 18:10,05F0287S,05F0309S,32,95,38
2025/12/26 18:10,05F0287S,05F0309S,41,95,8
2025/12/26 18:10,05F0287S,05F0309S,42,0,0
2025/12/26 18:10,05F0287S,05F0309S,5,0,0
2025/12/26 18:10,05F0309S,05F0439S,31,509,43
2025/12/26 18:10,05F0309S,05F0439S,32,504,14
2025/12/26 18:10,05F0309S,05F0439S,41,0,0
2025/12/26 18:10,05F0309S,05F0439S,42,551,1
2025/12/26 18:10,05F0309S,05F0439S,5,516,2
2025/12/26 18:10,05F0439S,05F0494S,31,217,25
2025/12/26 18:10,05F0439S,05F0494S,32,213,12
2025/12/26 18:10,05F0439S,05F0494S,41,0,0
2025/12/26 18:10,05F0439S,05F0494S,42,241,1
2025/12/26 18:10,05F0439S,05F0494S,5,214,4
2025/12/26 18:15,05F0000S,05F0055S,31,251,113
2025/12/26 18:15,05F0000S,05F0055S,32,255,32
2025/12/26 18:15,05F0000S,05F0055S,41,252,6
2025/12/26 18:15,05F0000S,05F0055S,42,0,0
2025/12/26 18:15,05F0000S,05F0055S,5,0,0
2025/12/26 18:15,05F0055S,05F0287S,31,1050,137
2025/12/26 18:15,05F0055S,05F0287S,32,1046,49
2025/12/26 18:15,05F0055S,05F0287S,41,1081,5
2025/12/26 18:15,05F0055S,05F0287S,42,0,0
2025/12/26 18:15,05F0055S,05F0287S,5,0,0
2025/12/26 18:15,05F0287S,05F0309S,31,93,111
2025/12/26 18:15,05F0287S,05F0309S,32,92,35
2025/12/26 18:15,05F0287S,05F0309S,41,98,2
2025/12/26 18:15,05F0287S,05F0309S,42,0,0
2025/12/26 18:15,05F0287S,05F0309S,5,0,0
2025/12/26 18:15,05F0309S,05F0439S,31,496,68
2025/12/26 18:15,05F0309S,05F0439S,32,513,26
2025/12/26 18:15,05F0309S,05F0439S,41,554,3
2025/12/26 18:15,05F0309S,05F0439S,42,0,0
2025/12/26 18:15,05F0309S,05F0439S,5,507,4
2025/12/26 18:15,05F0439S,05F0494S,31,213,23
2025/12/26 18:15,05F0439S,05F0494S,32,229,4
2025/12/26 18:15,05F0439S,05F0494S,41,0,0
2025/12/26 18:15,05F0439S,05F0494S,42,241,2
2025/12/26 18:15,05F0439S,05F0494S,5,214,2
2025/12/26 18:20,05F0000S,05F0055S,31,248,108
2025/12/26 18:20,05F0000S,05F0055S,32,245,29
2025/12/26 18:20,05F0000S,05F0055S,41,249,5
2025/12/26 18:20,05F0000S,05F0055S,42,0,0
2025/12/26 18:20,05F0000S,05F0055S,5,0,0
2025/12/26 18:20,05F0055S,05F0287S,31,1026,147
2025/12/26 18:20,05F0055S,05F0287S,32,1034,29
2025/12/26 18:20,05F0055S,05F0287S,41,1047,7
2025/12/26 18:20,05F0055S,05F0287S,42,0,0
2025/12/26 18:20,05F0055S,05F0287S,5,0,0
2025/12/26 18:20,05F0287S,05F0309S,31,91,101
2025/12/26 18:20,05F0287S,05F0309S,32,91,25
2025/12/26 18:20,05F0287S,05F0309S,41,94,7
2025/12/26 18:20,05F0287S,05F0309S,42,0,0
2025/12/26 18:20,05F0287S,05F0309S,5,0,0
2025/12/26 18:20,05F0309S,05F0439S,31,506,64
2025/12/26 18:20,05F0309S,05F0439S,32,521,23
2025/12/26 18:20,05F0309S,05F0439S,41,583,5
2025/12/26 18:20,05F0309S,05F0439S,42,0,0
2025/12/26 18:20,05F0309S,05F0439S,5,518,7
2025/12/26 18:20,05F0439S,05F0494S,31,205,15
2025/12/26 18:20,05F0439S,05F0494S,32,209,6
2025/12/26 18:20,05F0439S,05F0494S,41,0,0
2025/12/26 18:20,05F0439S,05F0494S,42,0,0
2025/12/26 18:20,05F0439S,05F0494S,5,201,4
2025/12/26 18:25,05F0000S,05F0055S,31,253,92
2025/12/26 18:25,05F0000S,05F0055S,32,254,26
2025/12/26 18:25,05F0000S,05F0055S,41,270,4
2025/12/26 18:25,05F0000S,05F0055S,42,0,0
2025/12/26 18:25,05F0000S,05F0055S,5,0,0
2025/12/26 18:25,05F0055S,05F0287S,31,984,97
2025/12/26 18:25,05F0055S,05F0287S,32,990,29
2025/12/26 18:25,05F0055S,05F0287S,41,1030,9
2025/12/26 18:25,05F0055S,05F0287S,42,0,0
2025/12/26 18:25,05F0055S,05F0287S,5,0,0
2025/12/26 18:25,05F0287S,05F0309S,31,93,77
2025/12/26 18:25,05F0287S,05F0309S,32,94,23
2025/12/26 18:25,05F0287S,05F0309S,41,97,4
2025/12/26 18:25,05F0287S,05F0309S,42,0,0
2025/12/26 18:25,05F0287S,05F0309S,5,0,0
2025/12/26 18:25,05F0309S,05F0439S,31,511,65
2025/12/26 18:25,05F0309S,05F0439S,32,504,26
2025/12/26 18:25,05F0309S,05F0439S,41,554,3
2025/12/26 18:25,05F0309S,05F0439S,42,593,1
2025/12/26 18:25,05F0309S,05F0439S,5,509,1
2025/12/26 18:25,05F0439S,05F0494S,31,205,25
2025/12/26 18:25,05F0439S,05F0494S,32,215,7
2025/12/26 18:25,05F0439S,05F0494S,41,0,0
2025/12/26 18:25,05F0439S,05F0494S,42,0,0
2025/12/26 18:25,05F0439S,05F0494S,5,210,3
2025/12/26 18:30,05F0000S,05F0055S,31,250,96
2025/12/26 18:30,05F0000S,05F0055S,32,248,34
2025/12/26 18:30,05F0000S,05F0055S,41,252,8
2025/12/26 18:30,05F0000S,05F0055S,42,0,0
2025/12/26 18:30,05F0000S,05F0055S,5,0,0
2025/12/26 18:30,05F0055S,05F0287S,31,1014,127
2025/12/26 18:30,05F0055S,05F0287S,32,1014,38
2025/12/26 18:30,05F0055S,05F0287S,41,1037,8
2025/12/26 18:30,05F0055S,05F0287S,42,0,0
2025/12/26 18:30,05F0055S,05F0287S,5,0,0
2025/12/26 18:30,05F0287S,05F0309S,31,86,83
2025/12/26 18:30,05F0287S,05F0309S,32,89,23
2025/12/26 18:30,05F0287S,05F0309S,41,91,8
2025/12/26 18:30,05F0287S,05F0309S,42,0,0
2025/12/26 18:30,05F0287S,05F0309S,5,0,0
2025/12/26 18:30,05F0309S,05F0439S,31,507,67
2025/12/26 18:30,05F0309S,05F0439S,32,499,8
2025/12/26 18:30,05F0309S,05F0439S,41,532,2
2025/12/26 18:30,05F0309S,05F0439S,42,0,0
2025/12/26 18:30,05F0309S,05F0439S,5,522,4
2025/12/26 18:30,05F0439S,05F0494S,31,211,23
2025/12/26 18:30,05F0439S,05F0494S,32,208,6
2025/12/26 18:30,05F0439S,05F0494S,41,0,0
2025/12/26 18:30,05F0439S,05F0494S,42,260,1
2025/12/26 18:30,05F0439S,05F0494S,5,204,1
2025/12/26 18:35,05F0000S,05F0055S,31,256,146
2025/12/26 18:35,05F0000S,05F0055S,32,256,31
2025/12/26 18:35,05F0000S,05F0055S,41,259,8
2025/12/26 18:35,05F0000S,05F0055S,42,0,0
2025/12/26 18:35,05F0000S,05F0055S,5,0,0
2025/12/26 18:35,05F0055S,05F0287S,31,999,135
2025/12/26 18:35,05F0055S,05F0287S,32,1005,34
2025/12/26 18:35,05F0055S,05F0287S,41,1015,4
2025/12/26 18:35,05F0055S,05F0287S,42,0,0
2025/12/26 18:35,05F0055S,05F0287S,5,0,0
2025/12/26 18:35,05F0287S,05F0309S,31,87,103
2025/12/26 18:35,05F0287S,05F0309S,32,89,26
2025/12/26 18:35,05F0287S,05F0309S,41,92,4
2025/12/26 18:35,05F0287S,05F0309S,42,0,0
2025/12/26 18:35,05F0287S,05F0309S,5,0,0
2025/12/26 18:35,05F0309S,05F0439S,31,487,45
2025/12/26 18:35,05F0309S,05F0439S,32,502,12
2025/12/26 18:35,05F0309S,05F0439S,41,542,2
2025/12/26 18:35,05F0309S,05F0439S,42,0,0
2025/12/26 18:35,05F0309S,05F0439S,5,517,2
2025/12/26 18:35,05F0439S,05F0494S,31,217,20
2025/12/26 18:35,05F0439S,05F0494S,32,213,4
2025/12/26 18:35,05F0439S,05F0494S,41,0,0
2025/12/26 18:35,05F0439S,05F0494S,42,0,0
2025/12/26 18:35,05F0439S,05F0494S,5,210,4
2025/12/26 18:40,05F0000S,05F0055S,31,258,138
2025/12/26 18:40,05F0000S,05F0055S,32,259,36
2025/12/26 18:40,05F0000S,05F0055S,41,260,9
2025/12/26 18:40,05F0000S,05F0055S,42,0,0
2025/12/26 18:40,05F0000S,05F0055S,5,0,0
2025/12/26 18:40,05F0055S,05F0287S,31,1011,84
2025/12/26 18:40,05F0055S,05F0287S,32,1007,34
2025/12/26 18:40,05F0055S,05F0287S,41,1034,2
2025/12/26 18:40,05F0055S,05F0287S,42,0,0
2025/12/26 18:40,05F0055S,05F0287S,5,0,0
2025/12/26 18:40,05F0287S,05F0309S,31,88,68
2025/12/26 18:40,05F0287S,05F0309S,32,88,27
2025/12/26 18:40,05F0287S,05F0309S,41,91,4
2025/12/26 18:40,05F0287S,05F0309S,42,100,1
2025/12/26 18:40,05F0287S,05F0309S,5,0,0
2025/12/26 18:40,05F0309S,05F0439S,31,491,77
2025/12/26 18:40,05F0309S,05F0439S,32,486,13
2025/12/26 18:40,05F0309S,05F0439S,41,531,4
2025/12/26 18:40,05F0309S,05F0439S,42,529,2
2025/12/26 18:40,05F0309S,05F0439S,5,529,1
2025/12/26 18:40,05F0439S,05F0494S,31,205,15
2025/12/26 18:40,05F0439S,05F0494S,32,212,4
2025/12/26 18:40,05F0439S,05F0494S,41,234,1
2025/12/26 18:40,05F0439S,05F0494S,42,0,0
2025/12/26 18:40,05F0439S,05F0494S,5,220,3
2025/12/26 18:45,05F0000S,05F0055S,31,267,153
2025/12/26 18:45,05F0000S,05F0055S,32,267,29
2025/12/26 18:45,05F0000S,05F0055S,41,267,9
2025/12/26 18:45,05F0000S,05F0055S,42,0,0
2025/12/26 18:45,05F0000S,05F0055S,5,0,0
2025/12/26 18:45,05F0055S,05F0287S,31,1010,123
2025/12/26 18:45,05F0055S,05F0287S,32,1009,32
2025/12/26 18:45,05F0055S,05F0287S,41,1040,8
2025/12/26 18:45,05F0055S,05F0287S,42,0,0
2025/12/26 18:45,05F0055S,05F0287S,5,0,0
2025/12/26 18:45,05F0287S,05F0309S,31,91,83
2025/12/26 18:45,05F0287S,05F0309S,32,91,13
2025/12/26 18:45,05F0287S,05F0309S,41,96,5
2025/12/26 18:45,05F0287S,05F0309S,42,0,0
2025/12/26 18:45,05F0287S,05F0309S,5,0,0
2025/12/26 18:45,05F0309S,05F0439S,31,490,43
2025/12/26 18:45,05F0309S,05F0439S,32,495,16
2025/12/26 18:45,05F0309S,05F0439S,41,528,3
2025/12/26 18:45,05F0309S,05F0439S,42,0,0
2025/12/26 18:45,05F0309S,05F0439S,5,503,3
2025/12/26 18:45,05F0439S,05F0494S,31,210,23
2025/12/26 18:45,05F0439S,05F0494S,32,204,3
2025/12/26 18:45,05F0439S,05F0494S,41,0,0
2025/12/26 18:45,05F0439S,05F0494S,42,0,0
2025/12/26 18:45,05F0439S,05F0494S,5,234,1
2025/12/26 18:50,05F0000S,05F0055S,31,257,151
2025/12/26 18:50,05F0000S,05F0055S,32,259,36
2025/12/26 18:50,05F0000S,05F0055S,41,261,13
2025/12/26 18:50,05F0000S,05F0055S,42,0,0
2025/12/26 18:50,05F0000S,05F0055S,5,0,0
2025/12/26 18:50,05F0055S,05F0287S,31,1027,125
2025/12/26 18:50,05F0055S,05F0287S,32,1021,27
2025/12/26 18:50,05F0055S,05F0287S,41,1058,9
2025/12/26 18:50,05F0055S,05F0287S,42,0,0
2025/12/26 18:50,05F0055S,05F0287S,5,0,0
2025/12/26 18:50,05F0287S,05F0309S,31,91,90
2025/12/26 18:50,05F0287S,05F0309S,32,87,24
2025/12/26 18:50,05F0287S,05F0309S,41,89,3
2025/12/26 18:50,05F0287S,05F0309S,42,0,0
2025/12/26 18:50,05F0287S,05F0309S,5,0,0
2025/12/26 18:50,05F0309S,05F0439S,31,499,36
2025/12/26 18:50,05F0309S,05F0439S,32,481,10
2025/12/26 18:50,05F0309S,05F0439S,41,529,1
2025/12/26 18:50,05F0309S,05F0439S,42,0,0
2025/12/26 18:50,05F0309S,05F0439S,5,563,1
2025/12/26 18:50,05F0439S,05F0494S,31,211,19
2025/12/26 18:50,05F0439S,05F0494S,32,215,3
2025/12/26 18:50,05F0439S,05F0494S,41,0,0
2025/12/26 18:50,05F0439S,05F0494S,42,0,0
2025/12/26 18:50,05F0439S,05F0494S,5,223,4
2025/12/26 18:55,05F0000S,05F0055S,31,254,120
2025/12/26 18:55,05F0000S,05F0055S,32,254,34
2025/12/26 18:55,05F0000S,05F0055S,41,258,9
2025/12/26 18:55,05F0000S,05F0055S,42,0,0
2025/12/26 18:55,05F0000S,05F0055S,5,0,0
2025/12/26 18:55,05F0055S,05F0287S,31,1074,145
2025/12/26 18:55,05F0055S,05F0287S,32,1092,35
2025/12/26 18:55,05F0055S,05F0287S,41,1094,5
2025/12/26 18:55,05F0055S,05F0287S,42,0,0
2025/12/26 18:55,05F0055S,05F0287S,5,0,0
2025/12/26 18:55,05F0287S,05F0309S,31,91,93
2025/12/26 18:55,05F0287S,05F0309S,32,92,23
2025/12/26 18:55,05F0287S,05F0309S,41,95,7
2025/12/26 18:55,05F0287S,05F0309S,42,0,0
2025/12/26 18:55,05F0287S,05F0309S,5,0,0
2025/12/26 18:55,05F0309S,05F0439S,31,496,59
2025/12/26 18:55,05F0309S,05F0439S,32,481,16
2025/12/26 18:55,05F0309S,05F0439S,41,540,4
2025/12/26 18:55,05F0309S,05F0439S,42,0,0
2025/12/26 18:55,05F0309S,05F0439S,5,495,2
2025/12/26 18:55,05F0439S,05F0494S,31,215,16
2025/12/26 18:55,05F0439S,05F0494S,32,212,3
2025/12/26 18:55,05F0439S,05F0494S,41,0,0
2025/12/26 18:55,05F0439S,05F0494S,42,0,0
2025/12/26 18:55,05F0439S,05F0494S,5,0,0
2025/12/26 19:00,05F0000S,05F0055S,31,273,149
2025/12/26 19:00,05F0000S,05F0055S,32,277,32
2025/12/26 19:00,05F0000S,05F0055S,41,271,12
2025/12/26 19:00,05F0000S,05F0055S,42,0,0
2025/12/26 19:00,05F0000S,05F0055S,5,0,0
2025/12/26 19:00,05F0055S,05F0287S,31,1084,154
2025/12/26 19:00,05F0055S,05F0287S,32,1086,37
2025/12/26 19:00,05F0055S,05F0287S,41,1084,11
2025/12/26 19:00,05F0055S,05F0287S,42,0,0
2025/12/26 19:00,05F0055S,05F0287S,5,0,0
2025/12/26 19:00,05F0287S,05F0309S,31,90,101
2025/12/26 19:00,05F0287S,05F0309S,32,92,28
2025/12/26 19:00,05F0287S,05F0309S,41,96,8
2025/12/26 19:00,05F0287S,05F0309S,42,0,0
2025/12/26 19:00,05F0287S,05F0309S,5,0,0
2025/12/26 19:00,05F0309S,05F0439S,31,500,50
2025/12/26 19:00,05F0309S,05F0439S,32,524,9
2025/12/26 19:00,05F0309S,05F0439S,41,543,2
2025/12/26 19:00,05F0309S,05F0439S,42,716,1
2025/12/26 19:00,05F0309S,05F0439S,5,596,9
2025/12/26 19:00,05F0439S,05F0494S,31,208,12
2025/12/26 19:00,05F0439S,05F0494S,32,214,5
2025/12/26 19:00,05F0439S,05F0494S,41,261,1
2025/12/26 19:00,05F0439S,05F0494S,42,224,1
2025/12/26 19:00,05F0439S,05F0494S,5,201,2
2025/12/26 19:05,05F0000S,05F0055S,31,264,143
2025/12/26 19:05,05F0000S,05F0055S,32,261,30
2025/12/26 19:05,05F0000S,05F0055S,41,277,8
2025/12/26 19:05,05F0000S,05F0055S,42,0,0
2025/12/26 19:05,05F0000S,05F0055S,5,0,0
2025/12/26 19:05,05F0055S,05F0287S,31,1101,156
2025/12/26 19:05,05F0055S,05F0287S,32,1106,36
2025/12/26 19:05,05F0055S,05F0287S,41,1102,8
2025/12/26 19:05,05F0055S,05F0287S,42,0,0
2025/12/26 19:05,05F0055S,05F0287S,5,0,0
2025/12/26 19:05,05F0287S,05F0309S,31,91,110
2025/12/26 19:05,05F0287S,05F0309S,32,92,25
2025/12/26 19:05,05F0287S,05F0309S,41,93,7
2025/12/26 19:05,05F0287S,05F0309S,42,0,0
2025/12/26 19:05,05F0287S,05F0309S,5,0,0
2025/12/26 19:05,05F0309S,05F0439S,31,493,62
2025/12/26 19:05,05F0309S,05F0439S,32,489,20
2025/12/26 19:05,05F0309S,05F0439S,41,541,4
2025/12/26 19:05,05F0309S,05F0439S,42,500,2
2025/12/26 19:05,05F0309S,05F0439S,5,510,5
2025/12/26 19:05,05F0439S,05F0494S,31,206,15
2025/12/26 19:05,05F0439S,05F0494S,32,206,4
2025/12/26 19:05,05F0439S,05F0494S,41,0,0
2025/12/26 19:05,05F0439S,05F0494S,42,205,1
2025/12/26 19:05,05F0439S,05F0494S,5,251,5
2025/12/26 19:10,05F0000S,05F0055S,31,266,159
2025/12/26 19:10,05F0000S,05F0055S,32,266,44
2025/12/26 19:10,05F0000S,05F0055S,41,267,8
2025/12/26 19:10,05F0000S,05F0055S,42,0,0
2025/12/26 19:10,05F0000S,05F0055S,5,0,0
2025/12/26 19:10,05F0055S,05F0287S,31,1106,168
2025/12/26 19:10,05F0055S,05F0287S,32,1113,39
2025/12/26 19:10,05F0055S,05F0287S,41,1114,12
2025/12/26 19:10,05F0055S,05F0287S,42,0,0
2025/12/26 19:10,05F0055S,05F0287S,5,0,0
2025/12/26 19:10,05F0287S,05F0309S,31,90,130
2025/12/26 19:10,05F0287S,05F0309S,32,90,22
2025/12/26 19:10,05F0287S,05F0309S,41,95,9
2025/12/26 19:10,05F0287S,05F0309S,42,0,0
2025/12/26 19:10,05F0287S,05F0309S,5,0,0
2025/12/26 19:10,05F0309S,05F0439S,31,493,63
2025/12/26 19:10,05F0309S,05F0439S,32,497,13
2025/12/26 19:10,05F0309S,05F0439S,41,519,2
2025/12/26 19:10,05F0309S,05F0439S,42,0,0
2025/12/26 19:10,05F0309S,05F0439S,5,0,0
2025/12/26 19:10,05F0439S,05F0494S,31,201,25
2025/12/26 19:10,05F0439S,05F0494S,32,195,5
2025/12/26 19:10,05F0439S,05F0494S,41,0,0
2025/12/26 19:10,05F0439S,05F0494S,42,215,1
2025/12/26 19:10,05F0439S,05F0494S,5,206,5
2025/12/26 19:15,05F0000S,05F0055S,31,272,149
2025/12/26 19:15,05F0000S,05F0055S,32,273,26
2025/12/26 19:15,05F0000S,05F0055S,41,275,12
2025/12/26 19:15,05F0000S,05F0055S,42,0,0
2025/12/26 19:15,05F0000S,05F0055S,5,0,0
2025/12/26 19:15,05F0055S,05F0287S,31,1065,160
2025/12/26 19:15,05F0055S,05F0287S,32,1068,48
2025/12/26 19:15,05F0055S,05F0287S,41,1061,11
2025/12/26 19:15,05F0055S,05F0287S,42,0,0
2025/12/26 19:15,05F0055S,05F0287S,5,0,0
2025/12/26 19:15,05F0287S,05F0309S,31,92,113
2025/12/26 19:15,05F0287S,05F0309S,32,92,29
2025/12/26 19:15,05F0287S,05F0309S,41,94,10
2025/12/26 19:15,05F0287S,05F0309S,42,0,0
2025/12/26 19:15,05F0287S,05F0309S,5,0,0
2025/12/26 19:15,05F0309S,05F0439S,31,487,69
2025/12/26 19:15,05F0309S,05F0439S,32,501,12
2025/12/26 19:15,05F0309S,05F0439S,41,544,5
2025/12/26 19:15,05F0309S,05F0439S,42,0,0
2025/12/26 19:15,05F0309S,05F0439S,5,521,3
2025/12/26 19:15,05F0439S,05F0494S,31,208,18
2025/12/26 19:15,05F0439S,05F0494S,32,207,5
2025/12/26 19:15,05F0439S,05F0494S,41,0,0
2025/12/26 19:15,05F0439S,05F0494S,42,0,0
2025/12/26 19:15,05F0439S,05F0494S,5,224,3
2025/12/26 19:20,05F0000S,05F0055S,31,265,156
2025/12/26 19:20,05F0000S,05F0055S,32,267,31
2025/12/26 19:20,05F0000S,05F0055S,41,267,10
2025/12/26 19:20,05F0000S,05F0055S,42,0,0
2025/12/26 19:20,05F0000S,05F0055S,5,0,0
2025/12/26 19:20,05F0055S,05F0287S,31,1051,162
2025/12/26 19:20,05F0055S,05F0287S,32,1058,29
2025/12/26 19:20,05F0055S,05F0287S,41,1065,9
2025/12/26 19:20,05F0055S,05F0287S,42,0,0
2025/12/26 19:20,05F0055S,05F0287S,5,0,0
2025/12/26 19:20,05F0287S,05F0309S,31,89,122
2025/12/26 19:20,05F0287S,05F0309S,32,89,24
2025/12/26 19:20,05F0287S,05F0309S,41,94,11
2025/12/26 19:20,05F0287S,05F0309S,42,100,1
2025/12/26 19:20,05F0287S,05F0309S,5,0,0
2025/12/26 19:20,05F0309S,05F0439S,31,499,70
2025/12/26 19:20,05F0309S,05F0439S,32,486,16
2025/12/26 19:20,05F0309S,05F0439S,41,526,3
2025/12/26 19:20,05F0309S,05F0439S,42,0,0
2025/12/26 19:20,05F0309S,05F0439S,5,645,1
2025/12/26 19:20,05F0439S,05F0494S,31,200,22
2025/12/26 19:20,05F0439S,05F0494S,32,189,5
2025/12/26 19:20,05F0439S,05F0494S,41,0,0
2025/12/26 19:20,05F0439S,05F0494S,42,0,0
2025/12/26 19:20,05F0439S,05F0494S,5,0,0
2025/12/26 19:25,05F0000S,05F0055S,31,275,164
2025/12/26 19:25,05F0000S,05F0055S,32,275,40
2025/12/26 19:25,05F0000S,05F0055S,41,271,8
2025/12/26 19:25,05F0000S,05F0055S,42,0,0
2025/12/26 19:25,05F0000S,05F0055S,5,0,0
2025/12/26 19:25,05F0055S,05F0287S,31,1086,159
2025/12/26 19:25,05F0055S,05F0287S,32,1089,41
2025/12/26 19:25,05F0055S,05F0287S,41,1121,7
2025/12/26 19:25,05F0055S,05F0287S,42,0,0
2025/12/26 19:25,05F0055S,05F0287S,5,0,0
2025/12/26 19:25,05F0287S,05F0309S,31,89,92
2025/12/26 19:25,05F0287S,05F0309S,32,88,17
2025/12/26 19:25,05F0287S,05F0309S,41,93,7
2025/12/26 19:25,05F0287S,05F0309S,42,0,0
2025/12/26 19:25,05F0287S,05F0309S,5,0,0
2025/12/26 19:25,05F0309S,05F0439S,31,498,80
2025/12/26 19:25,05F0309S,05F0439S,32,518,27
2025/12/26 19:25,05F0309S,05F0439S,41,543,7
2025/12/26 19:25,05F0309S,05F0439S,42,585,2
2025/12/26 19:25,05F0309S,05F0439S,5,0,0
2025/12/26 19:25,05F0439S,05F0494S,31,200,29
2025/12/26 19:25,05F0439S,05F0494S,32,200,2
2025/12/26 19:25,05F0439S,05F0494S,41,0,0
2025/12/26 19:25,05F0439S,05F0494S,42,223,1
2025/12/26 19:25,05F0439S,05F0494S,5,0,0
2025/12/26 19:30,05F0000S,05F0055S,31,274,169
2025/12/26 19:30,05F0000S,05F0055S,32,272,28
2025/12/26 19:30,05F0000S,05F0055S,41,270,7
2025/12/26 19:30,05F0000S,05F0055S,42,0,0
2025/12/26 19:30,05F0000S,05F0055S,5,0,0
2025/12/26 19:30,05F0055S,05F0287S,31,1081,168
2025/12/26 19:30,05F0055S,05F0287S,32,1080,41
2025/12/26 19:30,05F0055S,05F0287S,41,1075,11
2025/12/26 19:30,05F0055S,05F0287S,42,0,0
2025/12/26 19:30,05F0055S,05F0287S,5,0,0
2025/12/26 19:30,05F0287S,05F0309S,31,93,135
2025/12/26 19:30,05F0287S,05F0309S,32,95,33
2025/12/26 19:30,05F0287S,05F0309S,41,93,9
2025/12/26 19:30,05F0287S,05F0309S,42,0,0
2025/12/26 19:30,05F0287S,05F0309S,5,0,0
2025/12/26 19:30,05F0309S,05F0439S,31,495,71
2025/12/26 19:30,05F0309S,05F0439S,32,490,13
2025/12/26 19:30,05F0309S,05F0439S,41,528,6
2025/12/26 19:30,05F0309S,05F0439S,42,556,1
2025/12/26 19:30,05F0309S,05F0439S,5,623,1
2025/12/26 19:30,05F0439S,05F0494S,31,206,21
2025/12/26 19:30,05F0439S,05F0494S,32,204,8
2025/12/26 19:30,05F0439S,05F0494S,41,219,1
2025/12/26 19:30,05F0439S,05F0494S,42,267,1
2025/12/26 19:30,05F0439S,05F0494S,5,0,0
2025/12/26 19:35,05F0000S,05F0055S,31,263,153
2025/12/26 19:35,05F0000S,05F0055S,32,263,39
2025/12/26 19:35,05F0000S,05F0055S,41,265,8
2025/12/26 19:35,05F0000S,05F0055S,42,0,0
2025/12/26 19:35,05F0000S,05F0055S,5,0,0
2025/12/26 19:35,05F0055S,05F0287S,31,1107,159
2025/12/26 19:35,05F0055S,05F0287S,32,1113,29
2025/12/26 19:35,05F0055S,05F0287S,41,1101,11
2025/12/26 19:35,05F0055S,05F0287S,42,0,0
2025/12/26 19:35,05F0055S,05F0287S,5,0,0
2025/12/26 19:35,05F0287S,05F0309S,31,92,123
2025/12/26 19:35,05F0287S,05F0309S,32,94,20
2025/12/26 19:35,05F0287S,05F0309S,41,97,11
2025/12/26 19:35,05F0287S,05F0309S,42,0,0
2025/12/26 19:35,05F0287S,05F0309S,5,0,0
2025/12/26 19:35,05F0309S,05F0439S,31,493,61
2025/12/26 19:35,05F0309S,05F0439S,32,489,13
2025/12/26 19:35,05F0309S,05F0439S,41,532,4
2025/12/26 19:35,05F0309S,05F0439S,42,0,0
2025/12/26 19:35,05F0309S,05F0439S,5,545,4
2025/12/26 19:35,05F0439S,05F0494S,31,203,31
2025/12/26 19:35,05F0439S,05F0494S,32,226,7
2025/12/26 19:35,05F0439S,05F0494S,41,221,1
2025/12/26 19:35,05F0439S,05F0494S,42,0,0
2025/12/26 19:35,05F0439S,05F0494S,5,218,2
2025/12/26 19:40,05F0000S,05F0055S,31,263,148
2025/12/26 19:40,05F0000S,05F0055S,32,264,36
2025/12/26 19:40,05F0000S,05F0055S,41,268,3
2025/12/26 19:40,05F0000S,05F0055S,42,0,0
2025/12/26 19:40,05F0000S,05F0055S,5,0,0
2025/12/26 19:40,05F0055S,05F0287S,31,1106,163
2025/12/26 19:40,05F0055S,05F0287S,32,1109,37
2025/12/26 19:40,05F0055S,05F0287S,41,1109,8
2025/12/26 19:40,05F0055S,05F0287S,42,0,0
2025/12/26 19:40,05F0055S,05F0287S,5,0,0
2025/12/26 19:40,05F0287S,05F0309S,31,90,116
2025/12/26 19:40,05F0287S,05F0309S,32,92,28
2025/12/26 19:40,05F0287S,05F0309S,41,93,7
2025/12/26 19:40,05F0287S,05F0309S,42,0,0
2025/12/26 19:40,05F0287S,05F0309S,5,0,0
2025/12/26 19:40,05F0309S,05F0439S,31,502,82
2025/12/26 19:40,05F0309S,05F0439S,32,510,12
2025/12/26 19:40,05F0309S,05F0439S,41,542,5
2025/12/26 19:40,05F0309S,05F0439S,42,647,1
2025/12/26 19:40,05F0309S,05F0439S,5,609,2
2025/12/26 19:40,05F0439S,05F0494S,31,211,27
2025/12/26 19:40,05F0439S,05F0494S,32,206,6
2025/12/26 19:40,05F0439S,05F0494S,41,0,0
2025/12/26 19:40,05F0439S,05F0494S,42,0,0
2025/12/26 19:40,05F0439S,05F0494S,5,238,2
2025/12/26 19:45,05F0000S,05F0055S,31,259,143
2025/12/26 19:45,05F0000S,05F0055S,32,264,39
2025/12/26 19:45,05F0000S,05F0055S,41,272,5
2025/12/26 19:45,05F0000S,05F0055S,42,0,0
2025/12/26 19:45,05F0000S,05F0055S,5,0,0
2025/12/26 19:45,05F0055S,05F0287S,31,1132,169
2025/12/26 19:45,05F0055S,05F0287S,32,1130,39
2025/12/26 19:45,05F0055S,05F0287S,41,1127,9
2025/12/26 19:45,05F0055S,05F0287S,42,1207,1
2025/12/26 19:45,05F0055S,05F0287S,5,0,0
2025/12/26 19:45,05F0287S,05F0309S,31,91,112
2025/12/26 19:45,05F0287S,05F0309S,32,94,26
2025/12/26 19:45,05F0287S,05F0309S,41,94,8
2025/12/26 19:45,05F0287S,05F0309S,42,0,0
2025/12/26 19:45,05F0287S,05F0309S,5,0,0
2025/12/26 19:45,05F0309S,05F0439S,31,503,73
2025/12/26 19:45,05F0309S,05F0439S,32,517,14
2025/12/26 19:45,05F0309S,05F0439S,41,520,5
2025/12/26 19:45,05F0309S,05F0439S,42,0,0
2025/12/26 19:45,05F0309S,05F0439S,5,632,3
2025/12/26 19:45,05F0439S,05F0494S,31,199,25
2025/12/26 19:45,05F0439S,05F0494S,32,213,3
2025/12/26 19:45,05F0439S,05F0494S,41,0,0
2025/12/26 19:45,05F0439S,05F0494S,42,0,0
2025/12/26 19:45,05F0439S,05F0494S,5,257,1
2025/12/26 19:50,05F0000S,05F0055S,31,257,132
2025/12/26 19:50,05F0000S,05F0055S,32,258,24
2025/12/26 19:50,05F0000S,05F0055S,41,264,10
2025/12/26 19:50,05F0000S,05F0055S,42,267,1
2025/12/26 19:50,05F0000S,05F0055S,5,0,0
2025/12/26 19:50,05F0055S,05F0287S,31,1135,190
2025/12/26 19:50,05F0055S,05F0287S,32,1134,27
2025/12/26 19:50,05F0055S,05F0287S,41,1133,8
2025/12/26 19:50,05F0055S,05F0287S,42,0,0
2025/12/26 19:50,05F0055S,05F0287S,5,0,0
2025/12/26 19:50,05F0287S,05F0309S,31,94,136
2025/12/26 19:50,05F0287S,05F0309S,32,95,24
2025/12/26 19:50,05F0287S,05F0309S,41,95,6
2025/12/26 19:50,05F0287S,05F0309S,42,0,0
2025/12/26 19:50,05F0287S,05F0309S,5,0,0
2025/12/26 19:50,05F0309S,05F0439S,31,493,66
2025/12/26 19:50,05F0309S,05F0439S,32,502,20
2025/12/26 19:50,05F0309S,05F0439S,41,535,5
2025/12/26 19:50,05F0309S,05F0439S,42,587,1
2025/12/26 19:50,05F0309S,05F0439S,5,606,3
2025/12/26 19:50,05F0439S,05F0494S,31,207,14
2025/12/26 19:50,05F0439S,05F0494S,32,213,7
2025/12/26 19:50,05F0439S,05F0494S,41,0,0
2025/12/26 19:50,05F0439S,05F0494S,42,0,0
2025/12/26 19:50,05F0439S,05F0494S,5,239,2
2025/12/26 19:55,05F0000S,05F0055S,31,263,140
2025/12/26 19:55,05F0000S,05F0055S,32,263,31
2025/12/26 19:55,05F0000S,05F0055S,41,268,8
2025/12/26 19:55,05F0000S,05F0055S,42,0,0
2025/12/26 19:55,05F0000S,05F0055S,5,0,0
2025/12/26 19:55,05F0055S,05F0287S,31,1144,157
2025/12/26 19:55,05F0055S,05F0287S,32,1142,51
2025/12/26 19:55,05F0055S,05F0287S,41,1149,7
2025/12/26 19:55,05F0055S,05F0287S,42,0,0
2025/12/26 19:55,05F0055S,05F0287S,5,0,0
2025/12/26 19:55,05F0287S,05F0309S,31,92,117
2025/12/26 19:55,05F0287S,05F0309S,32,91,25
2025/12/26 19:55,05F0287S,05F0309S,41,91,4
2025/12/26 19:55,05F0287S,05F0309S,42,0,0
2025/12/26 19:55,05F0287S,05F0309S,5,0,0
2025/12/26 19:55,05F0309S,05F0439S,31,505,54
2025/12/26 19:55,05F0309S,05F0439S,32,496,13
2025/12/26 19:55,05F0309S,05F0439S,41,534,3
2025/12/26 19:55,05F0309S,05F0439S,42,0,0
2025/12/26 19:55,05F0309S,05F0439S,5,0,0
2025/12/26 19:55,05F0439S,05F0494S,31,218,22
2025/12/26 19:55,05F0439S,05F0494S,32,215,5
2025/12/26 19:55,05F0439S,05F0494S,41,0,0
2025/12/26 19:55,05F0439S,05F0494S,42,0,0
2025/12/26 19:55,05F0439S,05F0494S,5,246,2
2025/12/26 20:00,05F0000S,05F0055S,31,262,121
2025/12/26 20:00,05F0000S,05F0055S,32,290,21
2025/12/26 20:00,05F0000S,05F0055S,41,275,10
2025/12/26 20:00,05F0000S,05F0055S,42,0,0
2025/12/26 20:00,05F0000S,05F0055S,5,0,0
2025/12/26 20:00,05F0055S,05F0287S,31,1099,174
2025/12/26 20:00,05F0055S,05F0287S,32,1095,48
2025/12/26 20:00,05F0055S,05F0287S,41,1099,5
2025/12/26 20:00,05F0055S,05F0287S,42,0,0
2025/12/26 20:00,05F0055S,05F0287S,5,0,0
2025/12/26 20:00,05F0287S,05F0309S,31,92,128
2025/12/26 20:00,05F0287S,05F0309S,32,92,30
2025/12/26 20:00,05F0287S,05F0309S,41,93,6
2025/12/26 20:00,05F0287S,05F0309S,42,0,0
2025/12/26 20:00,05F0287S,05F0309S,5,0,0
2025/12/26 20:00,05F0309S,05F0439S,31,503,93
2025/12/26 20:00,05F0309S,05F0439S,32,521,14
2025/12/26 20:00,05F0309S,05F0439S,41,555,4
2025/12/26 20:00,05F0309S,05F0439S,42,0,0
2025/12/26 20:00,05F0309S,05F0439S,5,669,1
2025/12/26 20:00,05F0439S,05F0494S,31,204,13
2025/12/26 20:00,05F0439S,05F0494S,32,178,3
2025/12/26 20:00,05F0439S,05F0494S,41,0,0
2025/12/26 20:00,05F0439S,05F0494S,42,0,0
2025/12/26 20:00,05F0439S,05F0494S,5,0,0
2025/12/26 20:05,05F0000S,05F0055S,31,271,157
2025/12/26 20:05,05F0000S,05F0055S,32,273,48
2025/12/26 20:05,05F0000S,05F0055S,41,271,13
2025/12/26 20:05,05F0000S,05F0055S,42,0,0
2025/12/26 20:05,05F0000S,05F0055S,5,0,0
2025/12/26 20:05,05F0055S,05F0287S,31,1076,185
2025/12/26 20:05,05F0055S,05F0287S,32,1079,41
2025/12/26 20:05,05F0055S,05F0287S,41,1074,8
2025/12/26 20:05,05F0055S,05F0287S,42,1064,1
2025/12/26 20:05,05F0055S,05F0287S,5,0,0
2025/12/26 20:05,05F0287S,05F0309S,31,94,129
2025/12/26 20:05,05F0287S,05F0309S,32,93,36
2025/12/26 20:05,05F0287S,05F0309S,41,97,4
2025/12/26 20:05,05F0287S,05F0309S,42,0,0
2025/12/26 20:05,05F0287S,05F0309S,5,0,0
2025/12/26 20:05,05F0309S,05F0439S,31,498,73
2025/12/26 20:05,05F0309S,05F0439S,32,505,17
2025/12/26 20:05,05F0309S,05F0439S,41,544,3
2025/12/26 20:05,05F0309S,05F0439S,42,545,1
2025/12/26 20:05,05F0309S,05F0439S,5,0,0
2025/12/26 20:05,05F0439S,05F0494S,31,202,28
2025/12/26 20:05,05F0439S,05F0494S,32,193,4
2025/12/26 20:05,05F0439S,05F0494S,41,0,0
2025/12/26 20:05,05F0439S,05F0494S,42,214,2
2025/12/26 20:05,05F0439S,05F0494S,5,208,1
2025/12/26 20:10,05F0000S,05F0055S,31,264,165
2025/12/26 20:10,05F0000S,05F0055S,32,259,26
2025/12/26 20:10,05F0000S,05F0055S,41,265,10
2025/12/26 20:10,05F0000S,05F0055S,42,0,0
2025/12/26 20:10,05F0000S,05F0055S,5,0,0
2025/12/26 20:10,05F0055S,05F0287S,31,1035,139
2025/12/26 20:10,05F0055S,05F0287S,32,1033,31
2025/12/26 20:10,05F0055S,05F0287S,41,1064,7
2025/12/26 20:10,05F0055S,05F0287S,42,0,0
2025/12/26 20:10,05F0055S,05F0287S,5,0,0
2025/12/26 20:10,05F0287S,05F0309S,31,93,98
2025/12/26 20:10,05F0287S,05F0309S,32,94,24
2025/12/26 20:10,05F0287S,05F0309S,41,97,7
2025/12/26 20:10,05F0287S,05F0309S,42,112,1
2025/12/26 20:10,05F0287S,05F0309S,5,0,0
2025/12/26 20:10,05F0309S,05F0439S,31,505,67
2025/12/26 20:10,05F0309S,05F0439S,32,485,24
2025/12/26 20:10,05F0309S,05F0439S,41,520,1
2025/12/26 20:10,05F0309S,05F0439S,42,0,0
2025/12/26 20:10,05F0309S,05F0439S,5,570,3
2025/12/26 20:10,05F0439S,05F0494S,31,216,19
2025/12/26 20:10,05F0439S,05F0494S,32,196,8
2025/12/26 20:10,05F0439S,05F0494S,41,0,0
2025/12/26 20:10,05F0439S,05F0494S,42,229,1
2025/12/26 20:10,05F0439S,05F0494S,5,0,0
2025/12/26 20:15,05F0000S,05F0055S,31,259,143
2025/12/26 20:15,05F0000S,05F0055S,32,259,33
2025/12/26 20:15,05F0000S,05F0055S,41,255,4
2025/12/26 20:15,05F0000S,05F0055S,42,0,0
2025/12/26 20:15,05F0000S,05F0055S,5,0,0
2025/12/26 20:15,05F0055S,05F0287S,31,1052,164
2025/12/26 20:15,05F0055S,05F0287S,32,1056,28
2025/12/26 20:15,05F0055S,05F0287S,41,1075,11
2025/12/26 20:15,05F0055S,05F0287S,42,0,0
2025/12/26 20:15,05F0055S,05F0287S,5,0,0
2025/12/26 20:15,05F0287S,05F0309S,31,90,117
2025/12/26 20:15,05F0287S,05F0309S,32,93,23
2025/12/26 20:15,05F0287S,05F0309S,41,95,9
2025/12/26 20:15,05F0287S,05F0309S,42,0,0
2025/12/26 20:15,05F0287S,05F0309S,5,0,0
2025/12/26 20:15,05F0309S,05F0439S,31,498,74
2025/12/26 20:15,05F0309S,05F0439S,32,501,23
2025/12/26 20:15,05F0309S,05F0439S,41,538,3
2025/12/26 20:15,05F0309S,05F0439S,42,566,1
2025/12/26 20:15,05F0309S,05F0439S,5,0,0
2025/12/26 20:15,05F0439S,05F0494S,31,211,24
2025/12/26 20:15,05F0439S,05F0494S,32,214,12
2025/12/26 20:15,05F0439S,05F0494S,41,0,0
2025/12/26 20:15,05F0439S,05F0494S,42,0,0
2025/12/26 20:15,05F0439S,05F0494S,5,241,2
2025/12/26 20:20,05F0000S,05F0055S,31,262,147
2025/12/26 20:20,05F0000S,05F0055S,32,261,30
2025/12/26 20:20,05F0000S,05F0055S,41,263,8
2025/12/26 20:20,05F0000S,05F0055S,42,1280,1
2025/12/26 20:20,05F0000S,05F0055S,5,0,0
2025/12/26 20:20,05F0055S,05F0287S,31,1031,142
2025/12/26 20:20,05F0055S,05F0287S,32,1032,39
2025/12/26 20:20,05F0055S,05F0287S,41,1037,10
2025/12/26 20:20,05F0055S,05F0287S,42,0,0
2025/12/26 20:20,05F0055S,05F0287S,5,0,0
2025/12/26 20:20,05F0287S,05F0309S,31,90,110
2025/12/26 20:20,05F0287S,05F0309S,32,88,22
2025/12/26 20:20,05F0287S,05F0309S,41,94,8
2025/12/26 20:20,05F0287S,05F0309S,42,0,0
2025/12/26 20:20,05F0287S,05F0309S,5,0,0
2025/12/26 20:20,05F0309S,05F0439S,31,494,52
2025/12/26 20:20,05F0309S,05F0439S,32,507,5
2025/12/26 20:20,05F0309S,05F0439S,41,536,6
2025/12/26 20:20,05F0309S,05F0439S,42,579,1
2025/12/26 20:20,05F0309S,05F0439S,5,519,4
2025/12/26 20:20,05F0439S,05F0494S,31,200,22
2025/12/26 20:20,05F0439S,05F0494S,32,210,5
2025/12/26 20:20,05F0439S,05F0494S,41,217,1
2025/12/26 20:20,05F0439S,05F0494S,42,216,1
2025/12/26 20:20,05F0439S,05F0494S,5,222,1
2025/12/26 20:25,05F0000S,05F0055S,31,261,147
2025/12/26 20:25,05F0000S,05F0055S,32,260,34
2025/12/26 20:25,05F0000S,05F0055S,41,277,1
2025/12/26 20:25,05F0000S,05F0055S,42,0,0
2025/12/26 20:25,05F0000S,05F0055S,5,0,0
2025/12/26 20:25,05F0055S,05F0287S,31,1066,138
2025/12/26 20:25,05F0055S,05F0287S,32,1067,31
2025/12/26 20:25,05F0055S,05F0287S,41,1079,11
2025/12/26 20:25,05F0055S,05F0287S,42,0,0
2025/12/26 20:25,05F0055S,05F0287S,5,0,0
2025/12/26 20:25,05F0287S,05F0309S,31,91,100
2025/12/26 20:25,05F0287S,05F0309S,32,93,24
2025/12/26 20:25,05F0287S,05F0309S,41,95,10
2025/12/26 20:25,05F0287S,05F0309S,42,0,0
2025/12/26 20:25,05F0287S,05F0309S,5,0,0
2025/12/26 20:25,05F0309S,05F0439S,31,496,69
2025/12/26 20:25,05F0309S,05F0439S,32,512,12
2025/12/26 20:25,05F0309S,05F0439S,41,535,3
2025/12/26 20:25,05F0309S,05F0439S,42,0,0
2025/12/26 20:25,05F0309S,05F0439S,5,515,2
2025/12/26 20:25,05F0439S,05F0494S,31,217,22
2025/12/26 20:25,05F0439S,05F0494S,32,216,2
2025/12/26 20:25,05F0439S,05F0494S,41,0,0
2025/12/26 20:25,05F0439S,05F0494S,42,0,0
2025/12/26 20:25,05F0439S,05F0494S,5,219,3
2025/12/26 20:30,05F0000S,05F0055S,31,266,144
2025/12/26 20:30,05F0000S,05F0055S,32,265,34
2025/12/26 20:30,05F0000S,05F0055S,41,276,6
2025/12/26 20:30,05F0000S,05F0055S,42,0,0
2025/12/26 20:30,05F0000S,05F0055S,5,0,0
2025/12/26 20:30,05F0055S,05F0287S,31,1067,167
2025/12/26 20:30,05F0055S,05F0287S,32,1066,39
2025/12/26 20:30,05F0055S,05F0287S,41,1051,6
2025/12/26 20:30,05F0055S,05F0287S,42,0,0
2025/12/26 20:30,05F0055S,05F0287S,5,0,0
2025/12/26 20:30,05F0287S,05F0309S,31,92,132
2025/12/26 20:30,05F0287S,05F0309S,32,93,32
2025/12/26 20:30,05F0287S,05F0309S,41,98,8
2025/12/26 20:30,05F0287S,05F0309S,42,0,0
2025/12/26 20:30,05F0287S,05F0309S,5,0,0
2025/12/26 20:30,05F0309S,05F0439S,31,491,59
2025/12/26 20:30,05F0309S,05F0439S,32,497,22
2025/12/26 20:30,05F0309S,05F0439S,41,538,5
2025/12/26 20:30,05F0309S,05F0439S,42,673,2
2025/12/26 20:30,05F0309S,05F0439S,5,519,2
2025/12/26 20:30,05F0439S,05F0494S,31,200,13
2025/12/26 20:30,05F0439S,05F0494S,32,223,6
2025/12/26 20:30,05F0439S,05F0494S,41,0,0
2025/12/26 20:30,05F0439S,05F0494S,42,201,1
2025/12/26 20:30,05F0439S,05F0494S,5,201,1
2025/12/26 20:35,05F0000S,05F0055S,31,255,154
2025/12/26 20:35,05F0000S,05F0055S,32,256,26
2025/12/26 20:35,05F0000S,05F0055S,41,254,7
2025/12/26 20:35,05F0000S,05F0055S,42,0,0
2025/12/26 20:35,05F0000S,05F0055S,5,0,0
2025/12/26 20:35,05F0055S,05F0287S,31,1044,174
2025/12/26 20:35,05F0055S,05F0287S,32,1044,37
2025/12/26 20:35,05F0055S,05F0287S,41,1058,10
2025/12/26 20:35,05F0055S,05F0287S,42,0,0
2025/12/26 20:35,05F0055S,05F0287S,5,0,0
2025/12/26 20:35,05F0287S,05F0309S,31,94,113
2025/12/26 20:35,05F0287S,05F0309S,32,98,19
2025/12/26 20:35,05F0287S,05F0309S,41,105,7
2025/12/26 20:35,05F0287S,05F0309S,42,0,0
2025/12/26 20:35,05F0287S,05F0309S,5,0,0
2025/12/26 20:35,05F0309S,05F0439S,31,502,65
2025/12/26 20:35,05F0309S,05F0439S,32,510,16
2025/12/26 20:35,05F0309S,05F0439S,41,522,6
2025/12/26 20:35,05F0309S,05F0439S,42,0,0
2025/12/26 20:35,05F0309S,05F0439S,5,0,0
2025/12/26 20:35,05F0439S,05F0494S,31,202,16
2025/12/26 20:35,05F0439S,05F0494S,32,204,5
2025/12/26 20:35,05F0439S,05F0494S,41,219,1
2025/12/26 20:35,05F0439S,05F0494S,42,364,1
2025/12/26 20:35,05F0439S,05F0494S,5,0,0
2025/12/26 20:40,05F0000S,05F0055S,31,256,130
2025/12/26 20:40,05F0000S,05F0055S,32,256,30
2025/12/26 20:40,05F0000S,05F0055S,41,247,7
2025/12/26 20:40,05F0000S,05F0055S,42,0,0
2025/12/26 20:40,05F0000S,05F0055S,5,0,0
2025/12/26 20:40,05F0055S,05F0287S,31,1022,151
2025/12/26 20:40,05F0055S,05F0287S,32,1021,29
2025/12/26 20:40,05F0055S,05F0287S,41,1052,2
2025/12/26 20:40,05F0055S,05F0287S,42,0,0
2025/12/26 20:40,05F0055S,05F0287S,5,0,0
2025/12/26 20:40,05F0287S,05F0309S,31,91,116
2025/12/26 20:40,05F0287S,05F0309S,32,93,22
2025/12/26 20:40,05F0287S,05F0309S,41,95,7
2025/12/26 20:40,05F0287S,05F0309S,42,0,0
2025/12/26 20:40,05F0287S,05F0309S,5,0,0
2025/12/26 20:40,05F0309S,05F0439S,31,485,77
2025/12/26 20:40,05F0309S,05F0439S,32,495,17
2025/12/26 20:40,05F0309S,05F0439S,41,538,4
2025/12/26 20:40,05F0309S,05F0439S,42,467,1
2025/12/26 20:40,05F0309S,05F0439S,5,569,2
2025/12/26 20:40,05F0439S,05F0494S,31,205,23
2025/12/26 20:40,05F0439S,05F0494S,32,203,11
2025/12/26 20:40,05F0439S,05F0494S,41,0,0
2025/12/26 20:40,05F0439S,05F0494S,42,0,0
2025/12/26 20:40,05F0439S,05F0494S,5,0,0
2025/12/26 20:45,05F0000S,05F0055S,31,253,132
2025/12/26 20:45,05F0000S,05F0055S,32,252,33
2025/12/26 20:45,05F0000S,05F0055S,41,258,9
2025/12/26 20:45,05F0000S,05F0055S,42,0,0
2025/12/26 20:45,05F0000S,05F0055S,5,0,0
2025/12/26 20:45,05F0055S,05F0287S,31,1055,145
2025/12/26 20:45,05F0055S,05F0287S,32,1053,33
2025/12/26 20:45,05F0055S,05F0287S,41,1069,3
2025/12/26 20:45,05F0055S,05F0287S,42,0,0
2025/12/26 20:45,05F0055S,05F0287S,5,0,0
2025/12/26 20:45,05F0287S,05F0309S,31,92,106
2025/12/26 20:45,05F0287S,05F0309S,32,91,25
2025/12/26 20:45,05F0287S,05F0309S,41,570,2
2025/12/26 20:45,05F0287S,05F0309S,42,0,0
2025/12/26 20:45,05F0287S,05F0309S,5,0,0
2025/12/26 20:45,05F0309S,05F0439S,31,479,74
2025/12/26 20:45,05F0309S,05F0439S,32,498,14
2025/12/26 20:45,05F0309S,05F0439S,41,544,5
2025/12/26 20:45,05F0309S,05F0439S,42,520,2
2025/12/26 20:45,05F0309S,05F0439S,5,0,0
2025/12/26 20:45,05F0439S,05F0494S,31,198,27
2025/12/26 20:45,05F0439S,05F0494S,32,196,7
2025/12/26 20:45,05F0439S,05F0494S,41,0,0
2025/12/26 20:45,05F0439S,05F0494S,42,182,1
2025/12/26 20:45,05F0439S,05F0494S,5,225,2
2025/12/26 20:50,05F0000S,05F0055S,31,251,136
2025/12/26 20:50,05F0000S,05F0055S,32,252,21
2025/12/26 20:50,05F0000S,05F0055S,41,257,3
2025/12/26 20:50,05F0000S,05F0055S,42,0,0
2025/12/26 20:50,05F0000S,05F0055S,5,0,0
2025/12/26 20:50,05F0055S,05F0287S,31,1054,167
2025/12/26 20:50,05F0055S,05F0287S,32,1060,30
2025/12/26 20:50,05F0055S,05F0287S,41,1074,7
2025/12/26 20:50,05F0055S,05F0287S,42,0,0
2025/12/26 20:50,05F0055S,05F0287S,5,0,0
2025/12/26 20:50,05F0287S,05F0309S,31,89,110
2025/12/26 20:50,05F0287S,05F0309S,32,93,22
2025/12/26 20:50,05F0287S,05F0309S,41,94,7
2025/12/26 20:50,05F0287S,05F0309S,42,0,0
2025/12/26 20:50,05F0287S,05F0309S,5,0,0
2025/12/26 20:50,05F0309S,05F0439S,31,493,71
2025/12/26 20:50,05F0309S,05F0439S,32,522,14
2025/12/26 20:50,05F0309S,05F0439S,41,537,3
2025/12/26 20:50,05F0309S,05F0439S,42,511,1
2025/12/26 20:50,05F0309S,05F0439S,5,0,0
2025/12/26 20:50,05F0439S,05F0494S,31,192,33
2025/12/26 20:50,05F0439S,05F0494S,32,218,5
2025/12/26 20:50,05F0439S,05F0494S,41,0,0
2025/12/26 20:50,05F0439S,05F0494S,42,0,0
2025/12/26 20:50,05F0439S,05F0494S,5,0,0
2025/12/26 20:55,05F0000S,05F0055S,31,254,148
2025/12/26 20:55,05F0000S,05F0055S,32,257,35
2025/12/26 20:55,05F0000S,05F0055S,41,254,8
2025/12/26 20:55,05F0000S,05F0055S,42,0,0
2025/12/26 20:55,05F0000S,05F0055S,5,0,0
2025/12/26 20:55,05F0055S,05F0287S,31,1057,159
2025/12/26 20:55,05F0055S,05F0287S,32,1058,36
2025/12/26 20:55,05F0055S,05F0287S,41,1074,10
2025/12/26 20:55,05F0055S,05F0287S,42,0,0
2025/12/26 20:55,05F0055S,05F0287S,5,0,0
2025/12/26 20:55,05F0287S,05F0309S,31,89,106
2025/12/26 20:55,05F0287S,05F0309S,32,89,21
2025/12/26 20:55,05F0287S,05F0309S,41,93,6
2025/12/26 20:55,05F0287S,05F0309S,42,0,0
2025/12/26 20:55,05F0287S,05F0309S,5,0,0
2025/12/26 20:55,05F0309S,05F0439S,31,501,69
2025/12/26 20:55,05F0309S,05F0439S,32,501,15
2025/12/26 20:55,05F0309S,05F0439S,41,0,0
2025/12/26 20:55,05F0309S,05F0439S,42,533,2
2025/12/26 20:55,05F0309S,05F0439S,5,0,0
2025/12/26 20:55,05F0439S,05F0494S,31,213,19
2025/12/26 20:55,05F0439S,05F0494S,32,203,3
2025/12/26 20:55,05F0439S,05F0494S,41,0,0
2025/12/26 20:55,05F0439S,05F0494S,42,207,2
2025/12/26 20:55,05F0439S,05F0494S,5,0,0
2025/12/26 21:00,05F0000S,05F0055S,31,258,124
2025/12/26 21:00,05F0000S,05F0055S,32,257,26
2025/12/26 21:00,05F0000S,05F0055S,41,251,5
2025/12/26 21:00,05F0000S,05F0055S,42,0,0
2025/12/26 21:00,05F0000S,05F0055S,5,0,0
2025/12/26 21:00,05F0055S,05F0287S,31,1018,150
2025/12/26 21:00,05F0055S,05F0287S,32,1021,40
2025/12/26 21:00,05F0055S,05F0287S,41,1059,5
2025/12/26 21:00,05F0055S,05F0287S,42,0,0
2025/12/26 21:00,05F0055S,05F0287S,5,0,0
2025/12/26 21:00,05F0287S,05F0309S,31,89,133
2025/12/26 21:00,05F0287S,05F0309S,32,92,25
2025/12/26 21:00,05F0287S,05F0309S,41,98,4
2025/12/26 21:00,05F0287S,05F0309S,42,0,0
2025/12/26 21:00,05F0287S,05F0309S,5,0,0
2025/12/26 21:00,05F0309S,05F0439S,31,492,74
2025/12/26 21:00,05F0309S,05F0439S,32,515,12
2025/12/26 21:00,05F0309S,05F0439S,41,539,4
2025/12/26 21:00,05F0309S,05F0439S,42,531,3
2025/12/26 21:00,05F0309S,05F0439S,5,489,1
2025/12/26 21:00,05F0439S,05F0494S,31,205,33
2025/12/26 21:00,05F0439S,05F0494S,32,210,2
2025/12/26 21:00,05F0439S,05F0494S,41,0,0
2025/12/26 21:00,05F0439S,05F0494S,42,234,1
2025/12/26 21:00,05F0439S,05F0494S,5,0,0
2025/12/26 21:05,05F0000S,05F0055S,31,255,130
2025/12/26 21:05,05F0000S,05F0055S,32,256,35
2025/12/26 21:05,05F0000S,05F0055S,41,256,8
2025/12/26 21:05,05F0000S,05F0055S,42,0,0
2025/12/26 21:05,05F0000S,05F0055S,5,0,0
2025/12/26 21:05,05F0055S,05F0287S,31,991,138
2025/12/26 21:05,05F0055S,05F0287S,32,988,26
2025/12/26 21:05,05F0055S,05F0287S,41,1021,7
2025/12/26 21:05,05F0055S,05F0287S,42,0,0
2025/12/26 21:05,05F0055S,05F0287S,5,0,0
2025/12/26 21:05,05F0287S,05F0309S,31,88,94
2025/12/26 21:05,05F0287S,05F0309S,32,88,29
2025/12/26 21:05,05F0287S,05F0309S,41,94,9
2025/12/26 21:05,05F0287S,05F0309S,42,0,0
2025/12/26 21:05,05F0287S,05F0309S,5,0,0
2025/12/26 21:05,05F0309S,05F0439S,31,491,67
2025/12/26 21:05,05F0309S,05F0439S,32,510,13
2025/12/26 21:05,05F0309S,05F0439S,41,514,4
2025/12/26 21:05,05F0309S,05F0439S,42,517,2
2025/12/26 21:05,05F0309S,05F0439S,5,520,2
2025/12/26 21:05,05F0439S,05F0494S,31,191,18
2025/12/26 21:05,05F0439S,05F0494S,32,233,4
2025/12/26 21:05,05F0439S,05F0494S,41,0,0
2025/12/26 21:05,05F0439S,05F0494S,42,189,2
2025/12/26 21:05,05F0439S,05F0494S,5,206,1
2025/12/26 21:10,05F0000S,05F0055S,31,255,153
2025/12/26 21:10,05F0000S,05F0055S,32,259,29
2025/12/26 21:10,05F0000S,05F0055S,41,250,8
2025/12/26 21:10,05F0000S,05F0055S,42,0,0
2025/12/26 21:10,05F0000S,05F0055S,5,0,0
2025/12/26 21:10,05F0055S,05F0287S,31,1015,142
2025/12/26 21:10,05F0055S,05F0287S,32,1019,31
2025/12/26 21:10,05F0055S,05F0287S,41,1014,3
2025/12/26 21:10,05F0055S,05F0287S,42,0,0
2025/12/26 21:10,05F0055S,05F0287S,5,0,0
2025/12/26 21:10,05F0287S,05F0309S,31,89,96
2025/12/26 21:10,05F0287S,05F0309S,32,88,18
2025/12/26 21:10,05F0287S,05F0309S,41,608,2
2025/12/26 21:10,05F0287S,05F0309S,42,0,0
2025/12/26 21:10,05F0287S,05F0309S,5,0,0
2025/12/26 21:10,05F0309S,05F0439S,31,479,65
2025/12/26 21:10,05F0309S,05F0439S,32,488,16
2025/12/26 21:10,05F0309S,05F0439S,41,542,2
2025/12/26 21:10,05F0309S,05F0439S,42,575,1
2025/12/26 21:10,05F0309S,05F0439S,5,514,2
2025/12/26 21:10,05F0439S,05F0494S,31,215,23
2025/12/26 21:10,05F0439S,05F0494S,32,211,9
2025/12/26 21:10,05F0439S,05F0494S,41,0,0
2025/12/26 21:10,05F0439S,05F0494S,42,0,0
2025/12/26 21:10,05F0439S,05F0494S,5,0,0
2025/12/26 21:15,05F0000S,05F0055S,31,248,126
2025/12/26 21:15,05F0000S,05F0055S,32,254,27
2025/12/26 21:15,05F0000S,05F0055S,41,243,3
2025/12/26 21:15,05F0000S,05F0055S,42,0,0
2025/12/26 21:15,05F0000S,05F0055S,5,0,0
2025/12/26 21:15,05F0055S,05F0287S,31,1012,130
2025/12/26 21:15,05F0055S,05F0287S,32,1014,29
2025/12/26 21:15,05F0055S,05F0287S,41,1063,8
2025/12/26 21:15,05F0055S,05F0287S,42,0,0
2025/12/26 21:15,05F0055S,05F0287S,5,0,0
2025/12/26 21:15,05F0287S,05F0309S,31,89,106
2025/12/26 21:15,05F0287S,05F0309S,32,93,19
2025/12/26 21:15,05F0287S,05F0309S,41,94,6
2025/12/26 21:15,05F0287S,05F0309S,42,0,0
2025/12/26 21:15,05F0287S,05F0309S,5,0,0
2025/12/26 21:15,05F0309S,05F0439S,31,489,62
2025/12/26 21:15,05F0309S,05F0439S,32,482,9
2025/12/26 21:15,05F0309S,05F0439S,41,535,4
2025/12/26 21:15,05F0309S,05F0439S,42,518,1
2025/12/26 21:15,05F0309S,05F0439S,5,0,0
2025/12/26 21:15,05F0439S,05F0494S,31,202,22
2025/12/26 21:15,05F0439S,05F0494S,32,200,8
2025/12/26 21:15,05F0439S,05F0494S,41,0,0
2025/12/26 21:15,05F0439S,05F0494S,42,0,0
2025/12/26 21:15,05F0439S,05F0494S,5,213,2
2025/12/26 21:20,05F0000S,05F0055S,31,252,125
2025/12/26 21:20,05F0000S,05F0055S,32,254,27
2025/12/26 21:20,05F0000S,05F0055S,41,251,2
2025/12/26 21:20,05F0000S,05F0055S,42,0,0
2025/12/26 21:20,05F0000S,05F0055S,5,0,0
2025/12/26 21:20,05F0055S,05F0287S,31,1008,146
2025/12/26 21:20,05F0055S,05F0287S,32,1005,35
2025/12/26 21:20,05F0055S,05F0287S,41,1028,7
2025/12/26 21:20,05F0055S,05F0287S,42,0,0
2025/12/26 21:20,05F0055S,05F0287S,5,0,0
2025/12/26 21:20,05F0287S,05F0309S,31,89,101
2025/12/26 21:20,05F0287S,05F0309S,32,90,22
2025/12/26 21:20,05F0287S,05F0309S,41,95,7
2025/12/26 21:20,05F0287S,05F0309S,42,0,0
2025/12/26 21:20,05F0287S,05F0309S,5,0,0
2025/12/26 21:20,05F0309S,05F0439S,31,490,69
2025/12/26 21:20,05F0309S,05F0439S,32,509,19
2025/12/26 21:20,05F0309S,05F0439S,41,518,1
2025/12/26 21:20,05F0309S,05F0439S,42,0,0
2025/12/26 21:20,05F0309S,05F0439S,5,541,1
2025/12/26 21:20,05F0439S,05F0494S,31,209,25
2025/12/26 21:20,05F0439S,05F0494S,32,215,4
2025/12/26 21:20,05F0439S,05F0494S,41,243,1
2025/12/26 21:20,05F0439S,05F0494S,42,220,1
2025/12/26 21:20,05F0439S,05F0494S,5,0,0
2025/12/26 21:25,05F0000S,05F0055S,31,264,186
2025/12/26 21:25,05F0000S,05F0055S,32,269,31
2025/12/26 21:25,05F0000S,05F0055S,41,267,7
2025/12/26 21:25,05F0000S,05F0055S,42,0,0
2025/12/26 21:25,05F0000S,05F0055S,5,0,0
2025/12/26 21:25,05F0055S,05F0287S,31,1024,135
2025/12/26 21:25,05F0055S,05F0287S,32,1021,26
2025/12/26 21:25,05F0055S,05F0287S,41,1041,9
2025/12/26 21:25,05F0055S,05F0287S,42,0,0
2025/12/26 21:25,05F0055S,05F0287S,5,0,0
2025/12/26 21:25,05F0287S,05F0309S,31,91,92
2025/12/26 21:25,05F0287S,05F0309S,32,90,21
2025/12/26 21:25,05F0287S,05F0309S,41,94,5
2025/12/26 21:25,05F0287S,05F0309S,42,0,0
2025/12/26 21:25,05F0287S,05F0309S,5,0,0
2025/12/26 21:25,05F0309S,05F0439S,31,496,54
2025/12/26 21:25,05F0309S,05F0439S,32,499,11
2025/12/26 21:25,05F0309S,05F0439S,41,537,3
2025/12/26 21:25,05F0309S,05F0439S,42,516,3
2025/12/26 21:25,05F0309S,05F0439S,5,531,3
2025/12/26 21:25,05F0439S,05F0494S,31,205,33
2025/12/26 21:25,05F0439S,05F0494S,32,216,8
2025/12/26 21:25,05F0439S,05F0494S,41,0,0
2025/12/26 21:25,05F0439S,05F0494S,42,0,0
2025/12/26 21:25,05F0439S,05F0494S,5,0,0
2025/12/26 21:30,05F0000S,05F0055S,31,243,116
2025/12/26 21:30,05F0000S,05F0055S,32,247,25
2025/12/26 21:30,05F0000S,05F0055S,41,248,5
2025/12/26 21:30,05F0000S,05F0055S,42,0,0
2025/12/26 21:30,05F0000S,05F0055S,5,0,0
2025/12/26 21:30,05F0055S,05F0287S,31,1041,153
2025/12/26 21:30,05F0055S,05F0287S,32,1043,36
2025/12/26 21:30,05F0055S,05F0287S,41,1050,5
2025/12/26 21:30,05F0055S,05F0287S,42,0,0
2025/12/26 21:30,05F0055S,05F0287S,5,0,0
2025/12/26 21:30,05F0287S,05F0309S,31,91,98
2025/12/26 21:30,05F0287S,05F0309S,32,96,25
2025/12/26 21:30,05F0287S,05F0309S,41,99,9
2025/12/26 21:30,05F0287S,05F0309S,42,0,0
2025/12/26 21:30,05F0287S,05F0309S,5,0,0
2025/12/26 21:30,05F0309S,05F0439S,31,501,86
2025/12/26 21:30,05F0309S,05F0439S,32,511,12
2025/12/26 21:30,05F0309S,05F0439S,41,532,4
2025/12/26 21:30,05F0309S,05F0439S,42,557,1
2025/12/26 21:30,05F0309S,05F0439S,5,0,0
2025/12/26 21:30,05F0439S,05F0494S,31,209,27
2025/12/26 21:30,05F0439S,05F0494S,32,208,7
2025/12/26 21:30,05F0439S,05F0494S,41,0,0
2025/12/26 21:30,05F0439S,05F0494S,42,217,3
2025/12/26 21:30,05F0439S,05F0494S,5,224,3
2025/12/26 21:35,05F0000S,05F0055S,31,250,129
2025/12/26 21:35,05F0000S,05F0055S,32,250,46
2025/12/26 21:35,05F0000S,05F0055S,41,255,3
2025/12/26 21:35,05F0000S,05F0055S,42,0,0
2025/12/26 21:35,05F0000S,05F0055S,5,0,0
2025/12/26 21:35,05F0055S,05F0287S,31,996,132
2025/12/26 21:35,05F0055S,05F0287S,32,995,23
2025/12/26 21:35,05F0055S,05F0287S,41,1019,2
2025/12/26 21:35,05F0055S,05F0287S,42,0,0
2025/12/26 21:35,05F0055S,05F0287S,5,0,0
2025/12/26 21:35,05F0287S,05F0309S,31,91,96
2025/12/26 21:35,05F0287S,05F0309S,32,93,24
2025/12/26 21:35,05F0287S,05F0309S,41,93,3
2025/12/26 21:35,05F0287S,05F0309S,42,0,0
2025/12/26 21:35,05F0287S,05F0309S,5,0,0
2025/12/26 21:35,05F0309S,05F0439S,31,483,51
2025/12/26 21:35,05F0309S,05F0439S,32,517,14
2025/12/26 21:35,05F0309S,05F0439S,41,498,1
2025/12/26 21:35,05F0309S,05F0439S,42,571,1
2025/12/26 21:35,05F0309S,05F0439S,5,560,2
2025/12/26 21:35,05F0439S,05F0494S,31,215,23
2025/12/26 21:35,05F0439S,05F0494S,32,219,6
2025/12/26 21:35,05F0439S,05F0494S,41,0,0
2025/12/26 21:35,05F0439S,05F0494S,42,233,1
2025/12/26 21:35,05F0439S,05F0494S,5,0,0
2025/12/26 21:40,05F0000S,05F0055S,31,251,132
2025/12/26 21:40,05F0000S,05F0055S,32,250,30
2025/12/26 21:40,05F0000S,05F0055S,41,252,7
2025/12/26 21:40,05F0000S,05F0055S,42,259,1
2025/12/26 21:40,05F0000S,05F0055S,5,0,0
2025/12/26 21:40,05F0055S,05F0287S,31,1011,148
2025/12/26 21:40,05F0055S,05F0287S,32,1023,24
2025/12/26 21:40,05F0055S,05F0287S,41,1058,4
2025/12/26 21:40,05F0055S,05F0287S,42,0,0
2025/12/26 21:40,05F0055S,05F0287S,5,0,0
2025/12/26 21:40,05F0287S,05F0309S,31,88,101
2025/12/26 21:40,05F0287S,05F0309S,32,88,13
2025/12/26 21:40,05F0287S,05F0309S,41,93,2
2025/12/26 21:40,05F0287S,05F0309S,42,103,1
2025/12/26 21:40,05F0287S,05F0309S,5,0,0
2025/12/26 21:40,05F0309S,05F0439S,31,481,55
2025/12/26 21:40,05F0309S,05F0439S,32,507,11
2025/12/26 21:40,05F0309S,05F0439S,41,511,4
2025/12/26 21:40,05F0309S,05F0439S,42,0,0
2025/12/26 21:40,05F0309S,05F0439S,5,518,4
2025/12/26 21:40,05F0439S,05F0494S,31,207,16
2025/12/26 21:40,05F0439S,05F0494S,32,224,4
2025/12/26 21:40,05F0439S,05F0494S,41,0,0
2025/12/26 21:40,05F0439S,05F0494S,42,0,0
2025/12/26 21:40,05F0439S,05F0494S,5,220,1
2025/12/26 21:45,05F0000S,05F0055S,31,245,123
2025/12/26 21:45,05F0000S,05F0055S,32,246,27
2025/12/26 21:45,05F0000S,05F0055S,41,244,5
2025/12/26 21:45,05F0000S,05F0055S,42,0,0
2025/12/26 21:45,05F0000S,05F0055S,5,0,0
2025/12/26 21:45,05F0055S,05F0287S,31,1037,181
2025/12/26 21:45,05F0055S,05F0287S,32,1040,34
2025/12/26 21:45,05F0055S,05F0287S,41,1046,9
2025/12/26 21:45,05F0055S,05F0287S,42,0,0
2025/12/26 21:45,05F0055S,05F0287S,5,0,0
2025/12/26 21:45,05F0287S,05F0309S,31,91,121
2025/12/26 21:45,05F0287S,05F0309S,32,90,20
2025/12/26 21:45,05F0287S,05F0309S,41,97,10
2025/12/26 21:45,05F0287S,05F0309S,42,0,0
2025/12/26 21:45,05F0287S,05F0309S,5,0,0
2025/12/26 21:45,05F0309S,05F0439S,31,492,66
2025/12/26 21:45,05F0309S,05F0439S,32,500,16
2025/12/26 21:45,05F0309S,05F0439S,41,506,2
2025/12/26 21:45,05F0309S,05F0439S,42,600,2
2025/12/26 21:45,05F0309S,05F0439S,5,610,1
2025/12/26 21:45,05F0439S,05F0494S,31,210,12
2025/12/26 21:45,05F0439S,05F0494S,32,226,6
2025/12/26 21:45,05F0439S,05F0494S,41,0,0
2025/12/26 21:45,05F0439S,05F0494S,42,0,0
2025/12/26 21:45,05F0439S,05F0494S,5,214,2
2025/12/26 21:50,05F0000S,05F0055S,31,252,114
2025/12/26 21:50,05F0000S,05F0055S,32,249,31
2025/12/26 21:50,05F0000S,05F0055S,41,256,3
2025/12/26 21:50,05F0000S,05F0055S,42,0,0
2025/12/26 21:50,05F0000S,05F0055S,5,0,0
2025/12/26 21:50,05F0055S,05F0287S,31,997,116
2025/12/26 21:50,05F0055S,05F0287S,32,1001,38
2025/12/26 21:50,05F0055S,05F0287S,41,1046,2
2025/12/26 21:50,05F0055S,05F0287S,42,0,0
2025/12/26 21:50,05F0055S,05F0287S,5,0,0
2025/12/26 21:50,05F0287S,05F0309S,31,88,88
2025/12/26 21:50,05F0287S,05F0309S,32,92,32
2025/12/26 21:50,05F0287S,05F0309S,41,91,2
2025/12/26 21:50,05F0287S,05F0309S,42,0,0
2025/12/26 21:50,05F0287S,05F0309S,5,0,0
2025/12/26 21:50,05F0309S,05F0439S,31,480,67
2025/12/26 21:50,05F0309S,05F0439S,32,489,8
2025/12/26 21:50,05F0309S,05F0439S,41,547,2
2025/12/26 21:50,05F0309S,05F0439S,42,0,0
2025/12/26 21:50,05F0309S,05F0439S,5,541,1
2025/12/26 21:50,05F0439S,05F0494S,31,207,21
2025/12/26 21:50,05F0439S,05F0494S,32,205,3
2025/12/26 21:50,05F0439S,05F0494S,41,0,0
2025/12/26 21:50,05F0439S,05F0494S,42,250,3
2025/12/26 21:50,05F0439S,05F0494S,5,247,1
2025/12/26 21:55,05F0000S,05F0055S,31,245,103
2025/12/26 21:55,05F0000S,05F0055S,32,245,27
2025/12/26 21:55,05F0000S,05F0055S,41,239,3
2025/12/26 21:55,05F0000S,05F0055S,42,0,0
2025/12/26 21:55,05F0000S,05F0055S,5,0,0
2025/12/26 21:55,05F0055S,05F0287S,31,997,153
2025/12/26 21:55,05F0055S,05F0287S,32,1005,45
2025/12/26 21:55,05F0055S,05F0287S,41,1016,3
2025/12/26 21:55,05F0055S,05F0287S,42,0,0
2025/12/26 21:55,05F0055S,05F0287S,5,0,0
2025/12/26 21:55,05F0287S,05F0309S,31,89,97
2025/12/26 21:55,05F0287S,05F0309S,32,92,31
2025/12/26 21:55,05F0287S,05F0309S,41,94,1
2025/12/26 21:55,05F0287S,05F0309S,42,0,0
2025/12/26 21:55,05F0287S,05F0309S,5,0,0
2025/12/26 21:55,05F0309S,05F0439S,31,496,77
2025/12/26 21:55,05F0309S,05F0439S,32,498,16
2025/12/26 21:55,05F0309S,05F0439S,41,534,6
2025/12/26 21:55,05F0309S,05F0439S,42,543,2
2025/12/26 21:55,05F0309S,05F0439S,5,569,1
2025/12/26 21:55,05F0439S,05F0494S,31,208,24
2025/12/26 21:55,05F0439S,05F0494S,32,212,2
2025/12/26 21:55,05F0439S,05F0494S,41,0,0
2025/12/26 21:55,05F0439S,05F0494S,42,253,1
2025/12/26 21:55,05F0439S,05F0494S,5,0,0
2025/12/26 22:00,05F0000S,05F0055S,31,256,138
2025/12/26 22:00,05F0000S,05F0055S,32,251,37
2025/12/26 22:00,05F0000S,05F0055S,41,253,3
2025/12/26 22:00,05F0000S,05F0055S,42,0,0
2025/12/26 22:00,05F0000S,05F0055S,5,0,0
2025/12/26 22:00,05F0055S,05F0287S,31,998,131
2025/12/26 22:00,05F0055S,05F0287S,32,1003,35
2025/12/26 22:00,05F0055S,05F0287S,41,1010,8
2025/12/26 22:00,05F0055S,05F0287S,42,0,0
2025/12/26 22:00,05F0055S,05F0287S,5,0,0
2025/12/26 22:00,05F0287S,05F0309S,31,88,101
2025/12/26 22:00,05F0287S,05F0309S,32,89,23
2025/12/26 22:00,05F0287S,05F0309S,41,93,7
2025/12/26 22:00,05F0287S,05F0309S,42,0,0
2025/12/26 22:00,05F0287S,05F0309S,5,0,0
2025/12/26 22:00,05F0309S,05F0439S,31,489,48
2025/12/26 22:00,05F0309S,05F0439S,32,484,14
2025/12/26 22:00,05F0309S,05F0439S,41,0,0
2025/12/26 22:00,05F0309S,05F0439S,42,597,2
2025/12/26 22:00,05F0309S,05F0439S,5,0,0
2025/12/26 22:00,05F0439S,05F0494S,31,211,27
2025/12/26 22:00,05F0439S,05F0494S,32,203,11
2025/12/26 22:00,05F0439S,05F0494S,41,0,0
2025/12/26 22:00,05F0439S,05F0494S,42,200,1
2025/12/26 22:00,05F0439S,05F0494S,5,238,1
2025/12/26 22:05,05F0000S,05F0055S,31,238,91
2025/12/26 22:05,05F0000S,05F0055S,32,240,16
2025/12/26 22:05,05F0000S,05F0055S,41,239,6
2025/12/26 22:05,05F0000S,05F0055S,42,0,0
2025/12/26 22:05,05F0000S,05F0055S,5,0,0
2025/12/26 22:05,05F0055S,05F0287S,31,1009,108
2025/12/26 22:05,05F0055S,05F0287S,32,1005,26
2025/12/26 22:05,05F0055S,05F0287S,41,1025,5
2025/12/26 22:05,05F0055S,05F0287S,42,0,0
2025/12/26 22:05,05F0055S,05F0287S,5,0,0
2025/12/26 22:05,05F0287S,05F0309S,31,88,86
2025/12/26 22:05,05F0287S,05F0309S,32,89,22
2025/12/26 22:05,05F0287S,05F0309S,41,95,4
2025/12/26 22:05,05F0287S,05F0309S,42,0,0
2025/12/26 22:05,05F0287S,05F0309S,5,0,0
2025/12/26 22:05,05F0309S,05F0439S,31,487,65
2025/12/26 22:05,05F0309S,05F0439S,32,484,11
2025/12/26 22:05,05F0309S,05F0439S,41,488,2
2025/12/26 22:05,05F0309S,05F0439S,42,483,1
2025/12/26 22:05,05F0309S,05F0439S,5,0,0
2025/12/26 22:05,05F0439S,05F0494S,31,205,13
2025/12/26 22:05,05F0439S,05F0494S,32,206,6
2025/12/26 22:05,05F0439S,05F0494S,41,0,0
2025/12/26 22:05,05F0439S,05F0494S,42,231,1
2025/12/26 22:05,05F0439S,05F0494S,5,0,0
2025/12/26 22:10,05F0000S,05F0055S,31,250,105
2025/12/26 22:10,05F0000S,05F0055S,32,246,26
2025/12/26 22:10,05F0000S,05F0055S,41,242,6
2025/12/26 22:10,05F0000S,05F0055S,42,0,0
2025/12/26 22:10,05F0000S,05F0055S,5,0,0
2025/12/26 22:10,05F0055S,05F0287S,31,982,126
2025/12/26 22:10,05F0055S,05F0287S,32,985,31
2025/12/26 22:10,05F0055S,05F0287S,41,1019,2
2025/12/26 22:10,05F0055S,05F0287S,42,0,0
2025/12/26 22:10,05F0055S,05F0287S,5,0,0
2025/12/26 22:10,05F0287S,05F0309S,31,88,78
2025/12/26 22:10,05F0287S,05F0309S,32,88,21
2025/12/26 22:10,05F0287S,05F0309S,41,568,2
2025/12/26 22:10,05F0287S,05F0309S,42,0,0
2025/12/26 22:10,05F0287S,05F0309S,5,0,0
2025/12/26 22:10,05F0309S,05F0439S,31,489,52
2025/12/26 22:10,05F0309S,05F0439S,32,489,14
2025/12/26 22:10,05F0309S,05F0439S,41,530,4
2025/12/26 22:10,05F0309S,05F0439S,42,566,3
2025/12/26 22:10,05F0309S,05F0439S,5,615,1
2025/12/26 22:10,05F0439S,05F0494S,31,208,12
2025/12/26 22:10,05F0439S,05F0494S,32,214,4
2025/12/26 22:10,05F0439S,05F0494S,41,0,0
2025/12/26 22:10,05F0439S,05F0494S,42,0,0
2025/12/26 22:10,05F0439S,05F0494S,5,239,1
2025/12/26 22:15,05F0000S,05F0055S,31,243,119
2025/12/26 22:15,05F0000S,05F0055S,32,240,20
2025/12/26 22:15,05F0000S,05F0055S,41,249,5
2025/12/26 22:15,05F0000S,05F0055S,42,0,0
2025/12/26 22:15,05F0000S,05F0055S,5,0,0
2025/12/26 22:15,05F0055S,05F0287S,31,1032,101
2025/12/26 22:15,05F0055S,05F0287S,32,1012,26
2025/12/26 22:15,05F0055S,05F0287S,41,1036,2
2025/12/26 22:15,05F0055S,05F0287S,42,0,0
2025/12/26 22:15,05F0055S,05F0287S,5,0,0
2025/12/26 22:15,05F0287S,05F0309S,31,89,72
2025/12/26 22:15,05F0287S,05F0309S,32,90,18
2025/12/26 22:15,05F0287S,05F0309S,41,93,1
2025/12/26 22:15,05F0287S,05F0309S,42,0,0
2025/12/26 22:15,05F0287S,05F0309S,5,0,0
2025/12/26 22:15,05F0309S,05F0439S,31,484,56
2025/12/26 22:15,05F0309S,05F0439S,32,500,14
2025/12/26 22:15,05F0309S,05F0439S,41,529,1
2025/12/26 22:15,05F0309S,05F0439S,42,0,0
2025/12/26 22:15,05F0309S,05F0439S,5,485,1
2025/12/26 22:15,05F0439S,05F0494S,31,207,15
2025/12/26 22:15,05F0439S,05F0494S,32,199,3
2025/12/26 22:15,05F0439S,05F0494S,41,0,0
2025/12/26 22:15,05F0439S,05F0494S,42,0,0
2025/12/26 22:15,05F0439S,05F0494S,5,0,0
2025/12/26 22:20,05F0000S,05F0055S,31,246,108
2025/12/26 22:20,05F0000S,05F0055S,32,245,28
2025/12/26 22:20,05F0000S,05F0055S,41,246,3
2025/12/26 22:20,05F0000S,05F0055S,42,0,0
2025/12/26 22:20,05F0000S,05F0055S,5,0,0
2025/12/26 22:20,05F0055S,05F0287S,31,1024,147
2025/12/26 22:20,05F0055S,05F0287S,32,1019,29
2025/12/26 22:20,05F0055S,05F0287S,41,1030,5
2025/12/26 22:20,05F0055S,05F0287S,42,0,0
2025/12/26 22:20,05F0055S,05F0287S,5,0,0
2025/12/26 22:20,05F0287S,05F0309S,31,89,106
2025/12/26 22:20,05F0287S,05F0309S,32,89,21
2025/12/26 22:20,05F0287S,05F0309S,41,93,4
2025/12/26 22:20,05F0287S,05F0309S,42,0,0
2025/12/26 22:20,05F0287S,05F0309S,5,0,0
2025/12/26 22:20,05F0309S,05F0439S,31,484,51
2025/12/26 22:20,05F0309S,05F0439S,32,497,13
2025/12/26 22:20,05F0309S,05F0439S,41,558,1
2025/12/26 22:20,05F0309S,05F0439S,42,0,0
2025/12/26 22:20,05F0309S,05F0439S,5,0,0
2025/12/26 22:20,05F0439S,05F0494S,31,207,22
2025/12/26 22:20,05F0439S,05F0494S,32,220,8
2025/12/26 22:20,05F0439S,05F0494S,41,0,0
2025/12/26 22:20,05F0439S,05F0494S,42,0,0
2025/12/26 22:20,05F0439S,05F0494S,5,190,1
2025/12/26 22:25,05F0000S,05F0055S,31,247,103
2025/12/26 22:25,05F0000S,05F0055S,32,250,16
2025/12/26 22:25,05F0000S,05F0055S,41,251,6
2025/12/26 22:25,05F0000S,05F0055S,42,0,0
2025/12/26 22:25,05F0000S,05F0055S,5,0,0
2025/12/26 22:25,05F0055S,05F0287S,31,965,87
2025/12/26 22:25,05F0055S,05F0287S,32,979,17
2025/12/26 22:25,05F0055S,05F0287S,41,1007,6
2025/12/26 22:25,05F0055S,05F0287S,42,0,0
2025/12/26 22:25,05F0055S,05F0287S,5,0,0
2025/12/26 22:25,05F0287S,05F0309S,31,88,73
2025/12/26 22:25,05F0287S,05F0309S,32,88,16
2025/12/26 22:25,05F0287S,05F0309S,41,91,5
2025/12/26 22:25,05F0287S,05F0309S,42,0,0
2025/12/26 22:25,05F0287S,05F0309S,5,0,0
2025/12/26 22:25,05F0309S,05F0439S,31,483,46
2025/12/26 22:25,05F0309S,05F0439S,32,503,12
2025/12/26 22:25,05F0309S,05F0439S,41,549,1
2025/12/26 22:25,05F0309S,05F0439S,42,0,0
2025/12/26 22:25,05F0309S,05F0439S,5,547,1
2025/12/26 22:25,05F0439S,05F0494S,31,204,12
2025/12/26 22:25,05F0439S,05F0494S,32,230,4
2025/12/26 22:25,05F0439S,05F0494S,41,0,0
2025/12/26 22:25,05F0439S,05F0494S,42,0,0
2025/12/26 22:25,05F0439S,05F0494S,5,249,1
2025/12/26 22:30,05F0000S,05F0055S,31,251,112
2025/12/26 22:30,05F0000S,05F0055S,32,245,24
2025/12/26 22:30,05F0000S,05F0055S,41,241,4
2025/12/26 22:30,05F0000S,05F0055S,42,0,0
2025/12/26 22:30,05F0000S,05F0055S,5,0,0
2025/12/26 22:30,05F0055S,05F0287S,31,1016,130
2025/12/26 22:30,05F0055S,05F0287S,32,1016,25
2025/12/26 22:30,05F0055S,05F0287S,41,1023,8
2025/12/26 22:30,05F0055S,05F0287S,42,0,0
2025/12/26 22:30,05F0055S,05F0287S,5,0,0
2025/12/26 22:30,05F0287S,05F0309S,31,87,75
2025/12/26 22:30,05F0287S,05F0309S,32,89,15
2025/12/26 22:30,05F0287S,05F0309S,41,92,5
2025/12/26 22:30,05F0287S,05F0309S,42,0,0
2025/12/26 22:30,05F0287S,05F0309S,5,0,0
2025/12/26 22:30,05F0309S,05F0439S,31,497,69
2025/12/26 22:30,05F0309S,05F0439S,32,497,11
2025/12/26 22:30,05F0309S,05F0439S,41,547,3
2025/12/26 22:30,05F0309S,05F0439S,42,649,1
2025/12/26 22:30,05F0309S,05F0439S,5,0,0
2025/12/26 22:30,05F0439S,05F0494S,31,204,18
2025/12/26 22:30,05F0439S,05F0494S,32,220,4
2025/12/26 22:30,05F0439S,05F0494S,41,0,0
2025/12/26 22:30,05F0439S,05F0494S,42,0,0
2025/12/26 22:30,05F0439S,05F0494S,5,0,0
2025/12/26 22:35,05F0000S,05F0055S,31,246,105
2025/12/26 22:35,05F0000S,05F0055S,32,252,24
2025/12/26 22:35,05F0000S,05F0055S,41,246,3
2025/12/26 22:35,05F0000S,05F0055S,42,0,0
2025/12/26 22:35,05F0000S,05F0055S,5,0,0
2025/12/26 22:35,05F0055S,05F0287S,31,983,103
2025/12/26 22:35,05F0055S,05F0287S,32,984,27
2025/12/26 22:35,05F0055S,05F0287S,41,1006,2
2025/12/26 22:35,05F0055S,05F0287S,42,0,0
2025/12/26 22:35,05F0055S,05F0287S,5,0,0
2025/12/26 22:35,05F0287S,05F0309S,31,91,82
2025/12/26 22:35,05F0287S,05F0309S,32,91,16
2025/12/26 22:35,05F0287S,05F0309S,41,92,4
2025/12/26 22:35,05F0287S,05F0309S,42,0,0
2025/12/26 22:35,05F0287S,05F0309S,5,0,0
2025/12/26 22:35,05F0309S,05F0439S,31,476,42
2025/12/26 22:35,05F0309S,05F0439S,32,484,9
2025/12/26 22:35,05F0309S,05F0439S,41,524,3
2025/12/26 22:35,05F0309S,05F0439S,42,533,2
2025/12/26 22:35,05F0309S,05F0439S,5,534,1
2025/12/26 22:35,05F0439S,05F0494S,31,218,15
2025/12/26 22:35,05F0439S,05F0494S,32,205,4
2025/12/26 22:35,05F0439S,05F0494S,41,0,0
2025/12/26 22:35,05F0439S,05F0494S,42,260,1
2025/12/26 22:35,05F0439S,05F0494S,5,226,1
2025/12/26 22:40,05F0000S,05F0055S,31,237,99
2025/12/26 22:40,05F0000S,05F0055S,32,243,25
2025/12/26 22:40,05F0000S,05F0055S,41,248,3
2025/12/26 22:40,05F0000S,05F0055S,42,0,0
2025/12/26 22:40,05F0000S,05F0055S,5,0,0
2025/12/26 22:40,05F0055S,05F0287S,31,997,127
2025/12/26 22:40,05F0055S,05F0287S,32,993,24
2025/12/26 22:40,05F0055S,05F0287S,41,1021,4
2025/12/26 22:40,05F0055S,05F0287S,42,0,0
2025/12/26 22:40,05F0055S,05F0287S,5,0,0
2025/12/26 22:40,05F0287S,05F0309S,31,90,91
2025/12/26 22:40,05F0287S,05F0309S,32,94,21
2025/12/26 22:40,05F0287S,05F0309S,41,95,2
2025/12/26 22:40,05F0287S,05F0309S,42,0,0
2025/12/26 22:40,05F0287S,05F0309S,5,0,0
2025/12/26 22:40,05F0309S,05F0439S,31,494,52
2025/12/26 22:40,05F0309S,05F0439S,32,484,12
2025/12/26 22:40,05F0309S,05F0439S,41,515,4
2025/12/26 22:40,05F0309S,05F0439S,42,510,1
2025/12/26 22:40,05F0309S,05F0439S,5,540,1
2025/12/26 22:40,05F0439S,05F0494S,31,203,14
2025/12/26 22:40,05F0439S,05F0494S,32,210,4
2025/12/26 22:40,05F0439S,05F0494S,41,0,0
2025/12/26 22:40,05F0439S,05F0494S,42,223,2
2025/12/26 22:40,05F0439S,05F0494S,5,0,0
2025/12/26 22:45,05F0000S,05F0055S,31,244,101
2025/12/26 22:45,05F0000S,05F0055S,32,246,17
2025/12/26 22:45,05F0000S,05F0055S,41,251,2
2025/12/26 22:45,05F0000S,05F0055S,42,0,0
2025/12/26 22:45,05F0000S,05F0055S,5,0,0
2025/12/26 22:45,05F0055S,05F0287S,31,1014,98
2025/12/26 22:45,05F0055S,05F0287S,32,1014,15
2025/12/26 22:45,05F0055S,05F0287S,41,1041,5
2025/12/26 22:45,05F0055S,05F0287S,42,0,0
2025/12/26 22:45,05F0055S,05F0287S,5,0,0
2025/12/26 22:45,05F0287S,05F0309S,31,88,66
2025/12/26 22:45,05F0287S,05F0309S,32,88,9
2025/12/26 22:45,05F0287S,05F0309S,41,99,8
2025/12/26 22:45,05F0287S,05F0309S,42,0,0
2025/12/26 22:45,05F0287S,05F0309S,5,0,0
2025/12/26 22:45,05F0309S,05F0439S,31,483,57
2025/12/26 22:45,05F0309S,05F0439S,32,470,12
2025/12/26 22:45,05F0309S,05F0439S,41,0,0
2025/12/26 22:45,05F0309S,05F0439S,42,0,0
2025/12/26 22:45,05F0309S,05F0439S,5,534,2
2025/12/26 22:45,05F0439S,05F0494S,31,205,14
2025/12/26 22:45,05F0439S,05F0494S,32,202,5
2025/12/26 22:45,05F0439S,05F0494S,41,210,1
2025/12/26 22:45,05F0439S,05F0494S,42,208,1
2025/12/26 22:45,05F0439S,05F0494S,5,245,1
2025/12/26 22:50,05F0000S,05F0055S,31,240,90
2025/12/26 22:50,05F0000S,05F0055S,32,248,23
2025/12/26 22:50,05F0000S,05F0055S,41,239,5
2025/12/26 22:50,05F0000S,05F0055S,42,0,0
2025/12/26 22:50,05F0000S,05F0055S,5,0,0
2025/12/26 22:50,05F0055S,05F0287S,31,989,114
2025/12/26 22:50,05F0055S,05F0287S,32,997,25
2025/12/26 22:50,05F0055S,05F0287S,41,1022,5
2025/12/26 22:50,05F0055S,05F0287S,42,0,0
2025/12/26 22:50,05F0055S,05F0287S,5,0,0
2025/12/26 22:50,05F0287S,05F0309S,31,90,99
2025/12/26 22:50,05F0287S,05F0309S,32,91,20
2025/12/26 22:50,05F0287S,05F0309S,41,95,4
2025/12/26 22:50,05F0287S,05F0309S,42,0,0
2025/12/26 22:50,05F0287S,05F0309S,5,0,0
2025/12/26 22:50,05F0309S,05F0439S,31,486,49
2025/12/26 22:50,05F0309S,05F0439S,32,495,11
2025/12/26 22:50,05F0309S,05F0439S,41,493,1
2025/12/26 22:50,05F0309S,05F0439S,42,0,0
2025/12/26 22:50,05F0309S,05F0439S,5,537,2
2025/12/26 22:50,05F0439S,05F0494S,31,200,15
2025/12/26 22:50,05F0439S,05F0494S,32,218,3
2025/12/26 22:50,05F0439S,05F0494S,41,0,0
2025/12/26 22:50,05F0439S,05F0494S,42,0,0
2025/12/26 22:50,05F0439S,05F0494S,5,233,2
2025/12/26 22:55,05F0000S,05F0055S,31,239,90
2025/12/26 22:55,05F0000S,05F0055S,32,244,14
2025/12/26 22:55,05F0000S,05F0055S,41,245,4
2025/12/26 22:55,05F0000S,05F0055S,42,0,0
2025/12/26 22:55,05F0000S,05F0055S,5,0,0
2025/12/26 22:55,05F0055S,05F0287S,31,998,133
2025/12/26 22:55,05F0055S,05F0287S,32,1001,35
2025/12/26 22:55,05F0055S,05F0287S,41,1008,1
2025/12/26 22:55,05F0055S,05F0287S,42,0,0
2025/12/26 22:55,05F0055S,05F0287S,5,0,0
2025/12/26 22:55,05F0287S,05F0309S,31,89,93
2025/12/26 22:55,05F0287S,05F0309S,32,93,19
2025/12/26 22:55,05F0287S,05F0309S,41,91,2
2025/12/26 22:55,05F0287S,05F0309S,42,0,0
2025/12/26 22:55,05F0287S,05F0309S,5,0,0
2025/12/26 22:55,05F0309S,05F0439S,31,485,44
2025/12/26 22:55,05F0309S,05F0439S,32,477,5
2025/12/26 22:55,05F0309S,05F0439S,41,562,5
2025/12/26 22:55,05F0309S,05F0439S,42,0,0
2025/12/26 22:55,05F0309S,05F0439S,5,528,1
2025/12/26 22:55,05F0439S,05F0494S,31,209,12
2025/12/26 22:55,05F0439S,05F0494S,32,216,4
2025/12/26 22:55,05F0439S,05F0494S,41,0,0
2025/12/26 22:55,05F0439S,05F0494S,42,0,0
2025/12/26 22:55,05F0439S,05F0494S,5,228,1
2025/12/26 23:00,05F0000S,05F0055S,31,240,90
2025/12/26 23:00,05F0000S,05F0055S,32,243,23
2025/12/26 23:00,05F0000S,05F0055S,41,236,2
2025/12/26 23:00,05F0000S,05F0055S,42,0,0
2025/12/26 23:00,05F0000S,05F0055S,5,0,0
2025/12/26 23:00,05F0055S,05F0287S,31,955,91
2025/12/26 23:00,05F0055S,05F0287S,32,959,15
2025/12/26 23:00,05F0055S,05F0287S,41,985,3
2025/12/26 23:00,05F0055S,05F0287S,42,0,0
2025/12/26 23:00,05F0055S,05F0287S,5,0,0
2025/12/26 23:00,05F0287S,05F0309S,31,86,81
2025/12/26 23:00,05F0287S,05F0309S,32,92,19
2025/12/26 23:00,05F0287S,05F0309S,41,97,3
2025/12/26 23:00,05F0287S,05F0309S,42,0,0
2025/12/26 23:00,05F0287S,05F0309S,5,0,0
2025/12/26 23:00,05F0309S,05F0439S,31,494,46
2025/12/26 23:00,05F0309S,05F0439S,32,498,14
2025/12/26 23:00,05F0309S,05F0439S,41,524,3
2025/12/26 23:00,05F0309S,05F0439S,42,512,1
2025/12/26 23:00,05F0309S,05F0439S,5,0,0
2025/12/26 23:00,05F0439S,05F0494S,31,196,13
2025/12/26 23:00,05F0439S,05F0494S,32,199,4
2025/12/26 23:00,05F0439S,05F0494S,41,0,0
2025/12/26 23:00,05F0439S,05F0494S,42,0,0
2025/12/26 23:00,05F0439S,05F0494S,5,220,1
2025/12/26 23:05,05F0000S,05F0055S,31,241,73
2025/12/26 23:05,05F0000S,05F0055S,32,240,14
2025/12/26 23:05,05F0000S,05F0055S,41,237,6
2025/12/26 23:05,05F0000S,05F0055S,42,0,0
2025/12/26 23:05,05F0000S,05F0055S,5,0,0
2025/12/26 23:05,05F0055S,05F0287S,31,981,94
2025/12/26 23:05,05F0055S,05F0287S,32,1000,19
2025/12/26 23:05,05F0055S,05F0287S,41,1027,5
2025/12/26 23:05,05F0055S,05F0287S,42,0,0
2025/12/26 23:05,05F0055S,05F0287S,5,0,0
2025/12/26 23:05,05F0287S,05F0309S,31,88,74
2025/12/26 23:05,05F0287S,05F0309S,32,88,10
2025/12/26 23:05,05F0287S,05F0309S,41,92,5
2025/12/26 23:05,05F0287S,05F0309S,42,0,0
2025/12/26 23:05,05F0287S,05F0309S,5,0,0
2025/12/26 23:05,05F0309S,05F0439S,31,485,68
2025/12/26 23:05,05F0309S,05F0439S,32,522,15
2025/12/26 23:05,05F0309S,05F0439S,41,525,1
2025/12/26 23:05,05F0309S,05F0439S,42,553,1
2025/12/26 23:05,05F0309S,05F0439S,5,535,3
2025/12/26 23:05,05F0439S,05F0494S,31,210,12
2025/12/26 23:05,05F0439S,05F0494S,32,203,2
2025/12/26 23:05,05F0439S,05F0494S,41,0,0
2025/12/26 23:05,05F0439S,05F0494S,42,216,1
2025/12/26 23:05,05F0439S,05F0494S,5,0,0
2025/12/26 23:10,05F0000S,05F0055S,31,244,87
2025/12/26 23:10,05F0000S,05F0055S,32,245,15
2025/12/26 23:10,05F0000S,05F0055S,41,260,4
2025/12/26 23:10,05F0000S,05F0055S,42,0,0
2025/12/26 23:10,05F0000S,05F0055S,5,0,0
2025/12/26 23:10,05F0055S,05F0287S,31,977,125
2025/12/26 23:10,05F0055S,05F0287S,32,1006,30
2025/12/26 23:10,05F0055S,05F0287S,41,1019,5
2025/12/26 23:10,05F0055S,05F0287S,42,0,0
2025/12/26 23:10,05F0055S,05F0287S,5,0,0
2025/12/26 23:10,05F0287S,05F0309S,31,88,71
2025/12/26 23:10,05F0287S,05F0309S,32,88,19
2025/12/26 23:10,05F0287S,05F0309S,41,94,3
2025/12/26 23:10,05F0287S,05F0309S,42,0,0
2025/12/26 23:10,05F0287S,05F0309S,5,0,0
2025/12/26 23:10,05F0309S,05F0439S,31,474,37
2025/12/26 23:10,05F0309S,05F0439S,32,492,4
2025/12/26 23:10,05F0309S,05F0439S,41,530,2
2025/12/26 23:10,05F0309S,05F0439S,42,0,0
2025/12/26 23:10,05F0309S,05F0439S,5,543,3
2025/12/26 23:10,05F0439S,05F0494S,31,200,15
2025/12/26 23:10,05F0439S,05F0494S,32,205,6
2025/12/26 23:10,05F0439S,05F0494S,41,0,0
2025/12/26 23:10,05F0439S,05F0494S,42,0,0
2025/12/26 23:10,05F0439S,05F0494S,5,224,4
2025/12/26 23:15,05F0000S,05F0055S,31,237,74
2025/12/26 23:15,05F0000S,05F0055S,32,243,14
2025/12/26 23:15,05F0000S,05F0055S,41,0,0
2025/12/26 23:15,05F0000S,05F0055S,42,0,0
2025/12/26 23:15,05F0000S,05F0055S,5,0,0
2025/12/26 23:15,05F0055S,05F0287S,31,957,71
2025/12/26 23:15,05F0055S,05F0287S,32,956,15
2025/12/26 23:15,05F0055S,05F0287S,41,1013,1
2025/12/26 23:15,05F0055S,05F0287S,42,0,0
2025/12/26 23:15,05F0055S,05F0287S,5,0,0
2025/12/26 23:15,05F0287S,05F0309S,31,87,67
2025/12/26 23:15,05F0287S,05F0309S,32,87,7
2025/12/26 23:15,05F0287S,05F0309S,41,95,4
2025/12/26 23:15,05F0287S,05F0309S,42,0,0
2025/12/26 23:15,05F0287S,05F0309S,5,0,0
2025/12/26 23:15,05F0309S,05F0439S,31,491,38
2025/12/26 23:15,05F0309S,05F0439S,32,486,7
2025/12/26 23:15,05F0309S,05F0439S,41,515,3
2025/12/26 23:15,05F0309S,05F0439S,42,545,1
2025/12/26 23:15,05F0309S,05F0439S,5,486,2
2025/12/26 23:15,05F0439S,05F0494S,31,208,20
2025/12/26 23:15,05F0439S,05F0494S,32,199,2
2025/12/26 23:15,05F0439S,05F0494S,41,0,0
2025/12/26 23:15,05F0439S,05F0494S,42,0,0
2025/12/26 23:15,05F0439S,05F0494S,5,230,1
2025/12/26 23:20,05F0000S,05F0055S,31,243,62
2025/12/26 23:20,05F0000S,05F0055S,32,242,16
2025/12/26 23:20,05F0000S,05F0055S,41,245,4
2025/12/26 23:20,05F0000S,05F0055S,42,0,0
2025/12/26 23:20,05F0000S,05F0055S,5,0,0
2025/12/26 23:20,05F0055S,05F0287S,31,973,98
2025/12/26 23:20,05F0055S,05F0287S,32,987,22
2025/12/26 23:20,05F0055S,05F0287S,41,988,5
2025/12/26 23:20,05F0055S,05F0287S,42,0,0
2025/12/26 23:20,05F0055S,05F0287S,5,0,0
2025/12/26 23:20,05F0287S,05F0309S,31,90,69
2025/12/26 23:20,05F0287S,05F0309S,32,88,22
2025/12/26 23:20,05F0287S,05F0309S,41,93,3
2025/12/26 23:20,05F0287S,05F0309S,42,0,0
2025/12/26 23:20,05F0287S,05F0309S,5,0,0
2025/12/26 23:20,05F0309S,05F0439S,31,491,65
2025/12/26 23:20,05F0309S,05F0439S,32,503,14
2025/12/26 23:20,05F0309S,05F0439S,41,521,4
2025/12/26 23:20,05F0309S,05F0439S,42,0,0
2025/12/26 23:20,05F0309S,05F0439S,5,0,0
2025/12/26 23:20,05F0439S,05F0494S,31,211,14
2025/12/26 23:20,05F0439S,05F0494S,32,214,5
2025/12/26 23:20,05F0439S,05F0494S,41,0,0
2025/12/26 23:20,05F0439S,05F0494S,42,225,1
2025/12/26 23:20,05F0439S,05F0494S,5,205,1
2025/12/26 23:25,05F0000S,05F0055S,31,243,72
2025/12/26 23:25,05F0000S,05F0055S,32,243,22
2025/12/26 23:25,05F0000S,05F0055S,41,247,4
2025/12/26 23:25,05F0000S,05F0055S,42,0,0
2025/12/26 23:25,05F0000S,05F0055S,5,0,0
2025/12/26 23:25,05F0055S,05F0287S,31,990,96
2025/12/26 23:25,05F0055S,05F0287S,32,999,14
2025/12/26 23:25,05F0055S,05F0287S,41,1021,6
2025/12/26 23:25,05F0055S,05F0287S,42,0,0
2025/12/26 23:25,05F0055S,05F0287S,5,0,0
2025/12/26 23:25,05F0287S,05F0309S,31,90,55
2025/12/26 23:25,05F0287S,05F0309S,32,96,6
2025/12/26 23:25,05F0287S,05F0309S,41,96,4
2025/12/26 23:25,05F0287S,05F0309S,42,0,0
2025/12/26 23:25,05F0287S,05F0309S,5,0,0
2025/12/26 23:25,05F0309S,05F0439S,31,481,31
2025/12/26 23:25,05F0309S,05F0439S,32,481,6
2025/12/26 23:25,05F0309S,05F0439S,41,542,1
2025/12/26 23:25,05F0309S,05F0439S,42,477,1
2025/12/26 23:25,05F0309S,05F0439S,5,515,1
2025/12/26 23:25,05F0439S,05F0494S,31,204,16
2025/12/26 23:25,05F0439S,05F0494S,32,0,0
2025/12/26 23:25,05F0439S,05F0494S,41,0,0
2025/12/26 23:25,05F0439S,05F0494S,42,0,0
2025/12/26 23:25,05F0439S,05F0494S,5,0,0
2025/12/26 23:30,05F0000S,05F0055S,31,234,75
2025/12/26 23:30,05F0000S,05F0055S,32,235,15
2025/12/26 23:30,05F0000S,05F0055S,41,233,3
2025/12/26 23:30,05F0000S,05F0055S,42,0,0
2025/12/26 23:30,05F0000S,05F0055S,5,0,0
2025/12/26 23:30,05F0055S,05F0287S,31,951,73
2025/12/26 23:30,05F0055S,05F0287S,32,963,15
2025/12/26 23:30,05F0055S,05F0287S,41,0,0
2025/12/26 23:30,05F0055S,05F0287S,42,0,0
2025/12/26 23:30,05F0055S,05F0287S,5,0,0
2025/12/26 23:30,05F0287S,05F0309S,31,84,64
2025/12/26 23:30,05F0287S,05F0309S,32,87,14
2025/12/26 23:30,05F0287S,05F0309S,41,94,3
2025/12/26 23:30,05F0287S,05F0309S,42,0,0
2025/12/26 23:30,05F0287S,05F0309S,5,0,0
2025/12/26 23:30,05F0309S,05F0439S,31,489,42
2025/12/26 23:30,05F0309S,05F0439S,32,499,11
2025/12/26 23:30,05F0309S,05F0439S,41,517,1
2025/12/26 23:30,05F0309S,05F0439S,42,0,0
2025/12/26 23:30,05F0309S,05F0439S,5,0,0
2025/12/26 23:30,05F0439S,05F0494S,31,204,7
2025/12/26 23:30,05F0439S,05F0494S,32,200,4
2025/12/26 23:30,05F0439S,05F0494S,41,0,0
2025/12/26 23:30,05F0439S,05F0494S,42,199,1
2025/12/26 23:30,05F0439S,05F0494S,5,218,1
2025/12/26 23:35,05F0000S,05F0055S,31,231,52
2025/12/26 23:35,05F0000S,05F0055S,32,233,9
2025/12/26 23:35,05F0000S,05F0055S,41,245,1
2025/12/26 23:35,05F0000S,05F0055S,42,0,0
2025/12/26 23:35,05F0000S,05F0055S,5,0,0
2025/12/26 23:35,05F0055S,05F0287S,31,974,67
2025/12/26 23:35,05F0055S,05F0287S,32,971,14
2025/12/26 23:35,05F0055S,05F0287S,41,1033,2
2025/12/26 23:35,05F0055S,05F0287S,42,0,0
2025/12/26 23:35,05F0055S,05F0287S,5,0,0
2025/12/26 23:35,05F0287S,05F0309S,31,83,31
2025/12/26 23:35,05F0287S,05F0309S,32,86,4
2025/12/26 23:35,05F0287S,05F0309S,41,0,0
2025/12/26 23:35,05F0287S,05F0309S,42,0,0
2025/12/26 23:35,05F0287S,05F0309S,5,0,0
2025/12/26 23:35,05F0309S,05F0439S,31,469,47
2025/12/26 23:35,05F0309S,05F0439S,32,496,4
2025/12/26 23:35,05F0309S,05F0439S,41,523,4
2025/12/26 23:35,05F0309S,05F0439S,42,0,0
2025/12/26 23:35,05F0309S,05F0439S,5,516,2
2025/12/26 23:35,05F0439S,05F0494S,31,205,15
2025/12/26 23:35,05F0439S,05F0494S,32,225,2
2025/12/26 23:35,05F0439S,05F0494S,41,0,0
2025/12/26 23:35,05F0439S,05F0494S,42,0,0
2025/12/26 23:35,05F0439S,05F0494S,5,218,2
2025/12/26 23:40,05F0000S,05F0055S,31,233,51
2025/12/26 23:40,05F0000S,05F0055S,32,239,12
2025/12/26 23:40,05F0000S,05F0055S,41,234,3
2025/12/26 23:40,05F0000S,05F0055S,42,0,0
2025/12/26 23:40,05F0000S,05F0055S,5,0,0
2025/12/26 23:40,05F0055S,05F0287S,31,967,56
2025/12/26 23:40,05F0055S,05F0287S,32,958,22
2025/12/26 23:40,05F0055S,05F0287S,41,1025,5
2025/12/26 23:40,05F0055S,05F0287S,42,0,0
2025/12/26 23:40,05F0055S,05F0287S,5,0,0
2025/12/26 23:40,05F0287S,05F0309S,31,86,47
2025/12/26 23:40,05F0287S,05F0309S,32,86,13
2025/12/26 23:40,05F0287S,05F0309S,41,91,5
2025/12/26 23:40,05F0287S,05F0309S,42,0,0
2025/12/26 23:40,05F0287S,05F0309S,5,0,0
2025/12/26 23:40,05F0309S,05F0439S,31,482,25
2025/12/26 23:40,05F0309S,05F0439S,32,476,6
2025/12/26 23:40,05F0309S,05F0439S,41,0,0
2025/12/26 23:40,05F0309S,05F0439S,42,522,2
2025/12/26 23:40,05F0309S,05F0439S,5,0,0
2025/12/26 23:40,05F0439S,05F0494S,31,198,18
2025/12/26 23:40,05F0439S,05F0494S,32,203,3
2025/12/26 23:40,05F0439S,05F0494S,41,0,0
2025/12/26 23:40,05F0439S,05F0494S,42,0,0
2025/12/26 23:40,05F0439S,05F0494S,5,0,0
2025/12/26 23:45,05F0000S,05F0055S,31,233,58
2025/12/26 23:45,05F0000S,05F0055S,32,233,12
2025/12/26 23:45,05F0000S,05F0055S,41,271,1
2025/12/26 23:45,05F0000S,05F0055S,42,0,0
2025/12/26 23:45,05F0000S,05F0055S,5,0,0
2025/12/26 23:45,05F0055S,05F0287S,31,978,83
2025/12/26 23:45,05F0055S,05F0287S,32,994,14
2025/12/26 23:45,05F0055S,05F0287S,41,995,3
2025/12/26 23:45,05F0055S,05F0287S,42,0,0
2025/12/26 23:45,05F0055S,05F0287S,5,0,0
2025/12/26 23:45,05F0287S,05F0309S,31,89,53
2025/12/26 23:45,05F0287S,05F0309S,32,88,10
2025/12/26 23:45,05F0287S,05F0309S,41,94,5
2025/12/26 23:45,05F0287S,05F0309S,42,0,0
2025/12/26 23:45,05F0287S,05F0309S,5,0,0
2025/12/26 23:45,05F0309S,05F0439S,31,493,18
2025/12/26 23:45,05F0309S,05F0439S,32,445,5
2025/12/26 23:45,05F0309S,05F0439S,41,520,1
2025/12/26 23:45,05F0309S,05F0439S,42,534,1
2025/12/26 23:45,05F0309S,05F0439S,5,0,0
2025/12/26 23:45,05F0439S,05F0494S,31,203,6
2025/12/26 23:45,05F0439S,05F0494S,32,0,0
2025/12/26 23:45,05F0439S,05F0494S,41,0,0
2025/12/26 23:45,05F0439S,05F0494S,42,226,3
2025/12/26 23:45,05F0439S,05F0494S,5,0,0
2025/12/26 23:50,05F0000S,05F0055S,31,233,46
2025/12/26 23:50,05F0000S,05F0055S,32,243,14
2025/12/26 23:50,05F0000S,05F0055S,41,227,3
2025/12/26 23:50,05F0000S,05F0055S,42,0,0
2025/12/26 23:50,05F0000S,05F0055S,5,0,0
2025/12/26 23:50,05F0055S,05F0287S,31,945,75
2025/12/26 23:50,05F0055S,05F0287S,32,935,14
2025/12/26 23:50,05F0055S,05F0287S,41,1006,2
2025/12/26 23:50,05F0055S,05F0287S,42,0,0
2025/12/26 23:50,05F0055S,05F0287S,5,0,0
2025/12/26 23:50,05F0287S,05F0309S,31,87,51
2025/12/26 23:50,05F0287S,05F0309S,32,89,10
2025/12/26 23:50,05F0287S,05F0309S,41,90,2
2025/12/26 23:50,05F0287S,05F0309S,42,0,0
2025/12/26 23:50,05F0287S,05F0309S,5,0,0
2025/12/26 23:50,05F0309S,05F0439S,31,484,19
2025/12/26 23:50,05F0309S,05F0439S,32,505,8
2025/12/26 23:50,05F0309S,05F0439S,41,522,2
2025/12/26 23:50,05F0309S,05F0439S,42,623,3
2025/12/26 23:50,05F0309S,05F0439S,5,448,1
2025/12/26 23:50,05F0439S,05F0494S,31,193,6
2025/12/26 23:50,05F0439S,05F0494S,32,223,3
2025/12/26 23:50,05F0439S,05F0494S,41,0,0
2025/12/26 23:50,05F0439S,05F0494S,42,0,0
2025/12/26 23:50,05F0439S,05F0494S,5,0,0
2025/12/26 23:55,05F0000S,05F0055S,31,229,54
2025/12/26 23:55,05F0000S,05F0055S,32,232,10
2025/12/26 23:55,05F0000S,05F0055S,41,243,2
2025/12/26 23:55,05F0000S,05F0055S,42,0,0
2025/12/26 23:55,05F0000S,05F0055S,5,0,0
2025/12/26 23:55,05F0055S,05F0287S,31,948,54
2025/12/26 23:55,05F0055S,05F0287S,32,964,11
2025/12/26 23:55,05F0055S,05F0287S,41,1014,2
2025/12/26 23:55,05F0055S,05F0287S,42,0,0
2025/12/26 23:55,05F0055S,05F0287S,5,0,0
2025/12/26 23:55,05F0287S,05F0309S,31,89,30
2025/12/26 23:55,05F0287S,05F0309S,32,85,5
2025/12/26 23:55,05F0287S,05F0309S,41,97,1
2025/12/26 23:55,05F0287S,05F0309S,42,0,0
2025/12/26 23:55,05F0287S,05F0309S,5,0,0
2025/12/26 23:55,05F0309S,05F0439S,31,490,37
2025/12/26 23:55,05F0309S,05F0439S,32,528,5
2025/12/26 23:55,05F0309S,05F0439S,41,552,4
2025/12/26 23:55,05F0309S,05F0439S,42,0,0
2025/12/26 23:55,05F0309S,05F0439S,5,518,1
2025/12/26 23:55,05F0439S,05F0494S,31,213,11
2025/12/26 23:55,05F0439S,05F0494S,32,218,4
2025/12/26 23:55,05F0439S,05F0494S,41,0,0
2025/12/26 23:55,05F0439S,05F0494S,42,239,2
2025/12/26 23:55,05F0439S,05F0494S,5,220,1
