2026/07/19 00:00,05F0000S,05F0055S,31,235,32
2026/07/19 00:00,05F0000S,05F0055S,32,233,9
2026/07/19 00:00,05F0000S,05F0055S,41,0,0
2026/07/19 00:00,05F0000S,05F0055S,42,0,0
2026/07/19 00:00,05F0000S,05F0055S,5,0,0
2026/07/19 00:00,05F0055S,05F0287S,31,930,54
2026/07/19 00:00,05F0055S,05F0287S,32,936,12
2026/07/19 00:00,05F0055S,05F0287S,41,1044,5
2026/07/19 00:00,05F0055S,05F0287S,42,0,0
2026/07/19 00:00,05F0055S,05F0287S,5,0,0
2026/07/19 00:00,05F0287S,05F0309S,31,84,48
2026/07/19 00:00,05F0287S,05F0309S,32,85,9
2026/07/19 00:00,05F0287S,05F0309S,41,94,5
2026/07/19 00:00,05F0287S,05F0309S,42,0,0
2026/07/19 00:00,05F0287S,05F0309S,5,0,0
2026/07/19 00:00,05F0309S,05F0439S,31,480,31
2026/07/19 00:00,05F0309S,05F0439S,32,491,6
2026/07/19 00:00,05F0309S,05F0439S,41,515,2
2026/07/19 00:00,05F0309S,05F0439S,42,0,0
2026/07/19 00:00,05F0309S,05F0439S,5,0,0
2026/07/19 00:00,05F0439S,05F0494S,31,176,7
2026/07/19 00:00,05F0439S,05F0494S,32,225,2
2026/07/19 00:00,05F0439S,05F0494S,41,0,0
2026/07/19 00:00,05F0439S,05F0494S,42,0,0
2026/07/19 00:00,05F0439S,05F0494S,5,0,0
2026/07/19 00:05,05F0000S,05F0055S,31,235,35
2026/07/19 00:05,05F0000S,05F0055S,32,234,5
2026/07/19 00:05,05F0000S,05F0055S,41,250,1
2026/07/19 00:05,05F0000S,05F0055S,42,0,0
2026/07/19 00:05,05F0000S,05F0055S,5,0,0
2026/07/19 00:05,05F0055S,05F0287S,31,940,50
2026/07/19 00:05,05F0055S,05F0287S,32,945,7
2026/07/19 00:05,05F0055S,05F0287S,41,960,2
2026/07/19 00:05,05F0055S,05F0287S,42,0,0
2026/07/19 00:05,05F0055S,05F0287S,5,0,0
2026/07/19 00:05,05F0287S,05F0309S,31,84,38
2026/07/19 00:05,05F0287S,05F0309S,32,83,5
2026/07/19 00:05,05F0287S,05F0309S,41,657,2
2026/07/19 00:05,05F0287S,05F0309S,42,0,0
2026/07/19 00:05,05F0287S,05F0309S,5,0,0
2026/07/19 00:05,05F0309S,05F0439S,31,478,23
2026/07/19 00:05,05F0309S,05F0439S,32,486,6
2026/07/19 00:05,05F0309S,05F0439S,41,530,2
2026/07/19 00:05,05F0309S,05F0439S,42,543,1
2026/07/19 00:05,05F0309S,05F0439S,5,0,0
2026/07/19 00:05,05F0439S,05F0494S,31,211,12
2026/07/19 00:05,05F0439S,05F0494S,32,281,2
2026/07/19 00:05,05F0439S,05F0494S,41,0,0
2026/07/19 00:05,05F0439S,05F0494S,42,0,0
2026/07/19 00:05,05F0439S,05F0494S,5,0,0
2026/07/19 00:10,05F0000S,05F0055S,31,235,32
2026/07/19 00:10,05F0000S,05F0055S,32,240,6
2026/07/19 00:10,05F0000S,05F0055S,41,300,2
2026/07/19 00:10,05F0000S,05F0055S,42,0,0
2026/07/19 00:10,05F0000S,05F0055S,5,0,0
2026/07/19 00:10,05F0055S,05F0287S,31,922,37
2026/07/19 00:10,05F0055S,05F0287S,32,918,18
2026/07/19 00:10,05F0055S,05F0287S,41,979,2
2026/07/19 00:10,05F0055S,05F0287S,42,0,0
2026/07/19 00:10,05F0055S,05F0287S,5,0,0
2026/07/19 00:10,05F0287S,05F0309S,31,83,31
2026/07/19 00:10,05F0287S,05F0309S,32,85,12
2026/07/19 00:10,05F0287S,05F0309S,41,91,2
2026/07/19 00:10,05F0287S,05F0309S,42,0,0
2026/07/19 00:10,05F0287S,05F0309S,5,0,0
2026/07/19 00:10,05F0309S,05F0439S,31,477,25
2026/07/19 00:10,05F0309S,05F0439S,32,471,3
2026/07/19 00:10,05F0309S,05F0439S,41,526,3
2026/07/19 00:10,05F0309S,05F0439S,42,486,1
2026/07/19 00:10,05F0309S,05F0439S,5,582,1
2026/07/19 00:10,05F0439S,05F0494S,31,211,13
2026/07/19 00:10,05F0439S,05F0494S,32,190,3
2026/07/19 00:10,05F0439S,05F0494S,41,227,1
2026/07/19 00:10,05F0439S,05F0494S,42,230,1
2026/07/19 00:10,05F0439S,05F0494S,5,0,0
2026/07/19 00:15,05F0000S,05F0055S,31,242,38
2026/07/19 00:15,05F0000S,05F0055S,32,227,8
2026/07/19 00:15,05F0000S,05F0055S,41,240,1
2026/07/19 00:15,05F0000S,05F0055S,42,0,0
2026/07/19 00:15,05F0000S,05F0055S,5,0,0
2026/07/19 00:15,05F0055S,05F0287S,31,928,35
2026/07/19 00:15,05F0055S,05F0287S,32,924,10
2026/07/19 00:15,05F0055S,05F0287S,41,984,1
2026/07/19 00:15,05F0055S,05F0287S,42,0,0
2026/07/19 00:15,05F0055S,05F0287S,5,0,0
2026/07/19 00:15,05F0287S,05F0309S,31,85,34
2026/07/19 00:15,05F0287S,05F0309S,32,80,12
2026/07/19 00:15,05F0287S,05F0309S,41,92,1
2026/07/19 00:15,05F0287S,05F0309S,42,0,0
2026/07/19 00:15,05F0287S,05F0309S,5,0,0
2026/07/19 00:15,05F0309S,05F0439S,31,471,25
2026/07/19 00:15,05F0309S,05F0439S,32,458,4
2026/07/19 00:15,05F0309S,05F0439S,41,540,2
2026/07/19 00:15,05F0309S,05F0439S,42,0,0
2026/07/19 00:15,05F0309S,05F0439S,5,0,0
2026/07/19 00:15,05F0439S,05F0494S,31,195,10
2026/07/19 00:15,05F0439S,05F0494S,32,204,1
2026/07/19 00:15,05F0439S,05F0494S,41,223,1
2026/07/19 00:15,05F0439S,05F0494S,42,207,1
2026/07/19 00:15,05F0439S,05F0494S,5,243,1
2026/07/19 00:20,05F0000S,05F0055S,31,230,25
2026/07/19 00:20,05F0000S,05F0055S,32,238,8
2026/07/19 00:20,05F0000S,05F0055S,41,0,0
2026/07/19 00:20,05F0000S,05F0055S,42,0,0
2026/07/19 00:20,05F0000S,05F0055S,5,0,0
2026/07/19 00:20,05F0055S,05F0287S,31,919,37
2026/07/19 00:20,05F0055S,05F0287S,32,921,5
2026/07/19 00:20,05F0055S,05F0287S,41,0,0
2026/07/19 00:20,05F0055S,05F0287S,42,0,0
2026/07/19 00:20,05F0055S,05F0287S,5,0,0
2026/07/19 00:20,05F0287S,05F0309S,31,83,24
2026/07/19 00:20,05F0287S,05F0309S,32,84,5
2026/07/19 00:20,05F0287S,05F0309S,41,0,0
2026/07/19 00:20,05F0287S,05F0309S,42,0,0
2026/07/19 00:20,05F0287S,05F0309S,5,0,0
2026/07/19 00:20,05F0309S,05F0439S,31,459,21
2026/07/19 00:20,05F0309S,05F0439S,32,461,12
2026/07/19 00:20,05F0309S,05F0439S,41,527,1
2026/07/19 00:20,05F0309S,05F0439S,42,487,1
2026/07/19 00:20,05F0309S,05F0439S,5,0,0
2026/07/19 00:20,05F0439S,05F0494S,31,177,2
2026/07/19 00:20,05F0439S,05F0494S,32,240,1
2026/07/19 00:20,05F0439S,05F0494S,41,0,0
2026/07/19 00:20,05F0439S,05F0494S,42,0,0
2026/07/19 00:20,05F0439S,05F0494S,5,0,0
2026/07/19 00:25,05F0000S,05F0055S,31,233,32
2026/07/19 00:25,05F0000S,05F0055S,32,224,4
2026/07/19 00:25,05F0000S,05F0055S,41,240,5
2026/07/19 00:25,05F0000S,05F0055S,42,0,0
2026/07/19 00:25,05F0000S,05F0055S,5,0,0
2026/07/19 00:25,05F0055S,05F0287S,31,919,36
2026/07/19 00:25,05F0055S,05F0287S,32,940,5
2026/07/19 00:25,05F0055S,05F0287S,41,1020,2
2026/07/19 00:25,05F0055S,05F0287S,42,0,0
2026/07/19 00:25,05F0055S,05F0287S,5,0,0
2026/07/19 00:25,05F0287S,05F0309S,31,86,27
2026/07/19 00:25,05F0287S,05F0309S,32,89,5
2026/07/19 00:25,05F0287S,05F0309S,41,1176,1
2026/07/19 00:25,05F0287S,05F0309S,42,0,0
2026/07/19 00:25,05F0287S,05F0309S,5,0,0
2026/07/19 00:25,05F0309S,05F0439S,31,498,21
2026/07/19 00:25,05F0309S,05F0439S,32,430,2
2026/07/19 00:25,05F0309S,05F0439S,41,0,0
2026/07/19 00:25,05F0309S,05F0439S,42,0,0
2026/07/19 00:25,05F0309S,05F0439S,5,0,0
2026/07/19 00:25,05F0439S,05F0494S,31,189,15
2026/07/19 00:25,05F0439S,05F0494S,32,175,7
2026/07/19 00:25,05F0439S,05F0494S,41,0,0
2026/07/19 00:25,05F0439S,05F0494S,42,0,0
2026/07/19 00:25,05F0439S,05F0494S,5,0,0
2026/07/19 00:30,05F0000S,05F0055S,31,230,32
2026/07/19 00:30,05F0000S,05F0055S,32,231,5
2026/07/19 00:30,05F0000S,05F0055S,41,264,2
2026/07/19 00:30,05F0000S,05F0055S,42,0,0
2026/07/19 00:30,05F0000S,05F0055S,5,0,0
2026/07/19 00:30,05F0055S,05F0287S,31,924,31
2026/07/19 00:30,05F0055S,05F0287S,32,932,8
2026/07/19 00:30,05F0055S,05F0287S,41,0,0
2026/07/19 00:30,05F0055S,05F0287S,42,0,0
2026/07/19 00:30,05F0055S,05F0287S,5,0,0
2026/07/19 00:30,05F0287S,05F0309S,31,83,26
2026/07/19 00:30,05F0287S,05F0309S,32,84,8
2026/07/19 00:30,05F0287S,05F0309S,41,88,1
2026/07/19 00:30,05F0287S,05F0309S,42,0,0
2026/07/19 00:30,05F0287S,05F0309S,5,0,0
2026/07/19 00:30,05F0309S,05F0439S,31,480,13
2026/07/19 00:30,05F0309S,05F0439S,32,523,1
2026/07/19 00:30,05F0309S,05F0439S,41,0,0
2026/07/19 00:30,05F0309S,05F0439S,42,0,0
2026/07/19 00:30,05F0309S,05F0439S,5,573,1
2026/07/19 00:30,05F0439S,05F0494S,31,210,3
2026/07/19 00:30,05F0439S,05F0494S,32,0,0
2026/07/19 00:30,05F0439S,05F0494S,41,0,0
2026/07/19 00:30,05F0439S,05F0494S,42,0,0
2026/07/19 00:30,05F0439S,05F0494S,5,0,0
2026/07/19 00:35,05F0000S,05F0055S,31,238,24
2026/07/19 00:35,05F0000S,05F0055S,32,246,3
2026/07/19 00:35,05F0000S,05F0055S,41,245,1
2026/07/19 00:35,05F0000S,05F0055S,42,0,0
2026/07/19 00:35,05F0000S,05F0055S,5,0,0
2026/07/19 00:35,05F0055S,05F0287S,31,966,42
2026/07/19 00:35,05F0055S,05F0287S,32,950,11
2026/07/19 00:35,05F0055S,05F0287S,41,1280,2
2026/07/19 00:35,05F0055S,05F0287S,42,0,0
2026/07/19 00:35,05F0055S,05F0287S,5,0,0
2026/07/19 00:35,05F0287S,05F0309S,31,84,31
2026/07/19 00:35,05F0287S,05F0309S,32,89,5
2026/07/19 00:35,05F0287S,05F0309S,41,0,0
2026/07/19 00:35,05F0287S,05F0309S,42,0,0
2026/07/19 00:35,05F0287S,05F0309S,5,0,0
2026/07/19 00:35,05F0309S,05F0439S,31,504,21
2026/07/19 00:35,05F0309S,05F0439S,32,507,7
2026/07/19 00:35,05F0309S,05F0439S,41,509,2
2026/07/19 00:35,05F0309S,05F0439S,42,0,0
2026/07/19 00:35,05F0309S,05F0439S,5,490,1
2026/07/19 00:35,05F0439S,05F0494S,31,206,7
2026/07/19 00:35,05F0439S,05F0494S,32,226,1
2026/07/19 00:35,05F0439S,05F0494S,41,0,0
2026/07/19 00:35,05F0439S,05F0494S,42,0,0
2026/07/19 00:35,05F0439S,05F0494S,5,268,1
2026/07/19 00:40,05F0000S,05F0055S,31,231,25
2026/07/19 00:40,05F0000S,05F0055S,32,242,11
2026/07/19 00:40,05F0000S,05F0055S,41,0,0
2026/07/19 00:40,05F0000S,05F0055S,42,0,0
2026/07/19 00:40,05F0000S,05F0055S,5,0,0
2026/07/19 00:40,05F0055S,05F0287S,31,926,30
2026/07/19 00:40,05F0055S,05F0287S,32,935,4
2026/07/19 00:40,05F0055S,05F0287S,41,977,4
2026/07/19 00:40,05F0055S,05F0287S,42,0,0
2026/07/19 00:40,05F0055S,05F0287S,5,0,0
2026/07/19 00:40,05F0287S,05F0309S,31,84,29
2026/07/19 00:40,05F0287S,05F0309S,32,89,4
2026/07/19 00:40,05F0287S,05F0309S,41,91,1
2026/07/19 00:40,05F0287S,05F0309S,42,0,0
2026/07/19 00:40,05F0287S,05F0309S,5,0,0
2026/07/19 00:40,05F0309S,05F0439S,31,476,18
2026/07/19 00:40,05F0309S,05F0439S,32,503,3
2026/07/19 00:40,05F0309S,05F0439S,41,0,0
2026/07/19 00:40,05F0309S,05F0439S,42,0,0
2026/07/19 00:40,05F0309S,05F0439S,5,518,1
2026/07/19 00:40,05F0439S,05F0494S,31,204,8
2026/07/19 00:40,05F0439S,05F0494S,32,213,1
2026/07/19 00:40,05F0439S,05F0494S,41,0,0
2026/07/19 00:40,05F0439S,05F0494S,42,0,0
2026/07/19 00:40,05F0439S,05F0494S,5,207,1
2026/07/19 00:45,05F0000S,05F0055S,31,231,28
2026/07/19 00:45,05F0000S,05F0055S,32,253,12
2026/07/19 00:45,05F0000S,05F0055S,41,237,2
2026/07/19 00:45,05F0000S,05F0055S,42,0,0
2026/07/19 00:45,05F0000S,05F0055S,5,0,0
2026/07/19 00:45,05F0055S,05F0287S,31,952,27
2026/07/19 00:45,05F0055S,05F0287S,32,942,5
2026/07/19 00:45,05F0055S,05F0287S,41,1030,2
2026/07/19 00:45,05F0055S,05F0287S,42,0,0
2026/07/19 00:45,05F0055S,05F0287S,5,0,0
2026/07/19 00:45,05F0287S,05F0309S,31,85,18
2026/07/19 00:45,05F0287S,05F0309S,32,85,5
2026/07/19 00:45,05F0287S,05F0309S,41,93,3
2026/07/19 00:45,05F0287S,05F0309S,42,0,0
2026/07/19 00:45,05F0287S,05F0309S,5,0,0
2026/07/19 00:45,05F0309S,05F0439S,31,483,16
2026/07/19 00:45,05F0309S,05F0439S,32,507,4
2026/07/19 00:45,05F0309S,05F0439S,41,0,0
2026/07/19 00:45,05F0309S,05F0439S,42,0,0
2026/07/19 00:45,05F0309S,05F0439S,5,0,0
2026/07/19 00:45,05F0439S,05F0494S,31,193,15
2026/07/19 00:45,05F0439S,05F0494S,32,0,0
2026/07/19 00:45,05F0439S,05F0494S,41,0,0
2026/07/19 00:45,05F0439S,05F0494S,42,0,0
2026/07/19 00:45,05F0439S,05F0494S,5,220,1
2026/07/19 00:50,05F0000S,05F0055S,31,233,17
2026/07/19 00:50,05F0000S,05F0055S,32,263,2
2026/07/19 00:50,05F0000S,05F0055S,41,257,1
2026/07/19 00:50,05F0000S,05F0055S,42,262,1
2026/07/19 00:50,05F0000S,05F0055S,5,0,0
2026/07/19 00:50,05F0055S,05F0287S,31,918,34
2026/07/19 00:50,05F0055S,05F0287S,32,964,3
2026/07/19 00:50,05F0055S,05F0287S,41,1018,2
2026/07/19 00:50,05F0055S,05F0287S,42,0,0
2026/07/19 00:50,05F0055S,05F0287S,5,0,0
2026/07/19 00:50,05F0287S,05F0309S,31,86,31
2026/07/19 00:50,05F0287S,05F0309S,32,89,3
2026/07/19 00:50,05F0287S,05F0309S,41,91,2
2026/07/19 00:50,05F0287S,05F0309S,42,0,0
2026/07/19 00:50,05F0287S,05F0309S,5,0,0
2026/07/19 00:50,05F0309S,05F0439S,31,483,23
2026/07/19 00:50,05F0309S,05F0439S,32,486,3
2026/07/19 00:50,05F0309S,05F0439S,41,523,2
2026/07/19 00:50,05F0309S,05F0439S,42,0,0
2026/07/19 00:50,05F0309S,05F0439S,5,0,0
2026/07/19 00:50,05F0439S,05F0494S,31,186,9
2026/07/19 00:50,05F0439S,05F0494S,32,232,5
2026/07/19 00:50,05F0439S,05F0494S,41,0,0
2026/07/19 00:50,05F0439S,05F0494S,42,0,0
2026/07/19 00:50,05F0439S,05F0494S,5,0,0
2026/07/19 00:55,05F0000S,05F0055S,31,230,34
2026/07/19 00:55,05F0000S,05F0055S,32,229,3
2026/07/19 00:55,05F0000S,05F0055S,41,244,1
2026/07/19 00:55,05F0000S,05F0055S,42,0,0
2026/07/19 00:55,05F0000S,05F0055S,5,0,0
2026/07/19 00:55,05F0055S,05F0287S,31,945,24
2026/07/19 00:55,05F0055S,05F0287S,32,942,13
2026/07/19 00:55,05F0055S,05F0287S,41,0,0
2026/07/19 00:55,05F0055S,05F0287S,42,0,0
2026/07/19 00:55,05F0055S,05F0287S,5,0,0
2026/07/19 00:55,05F0287S,05F0309S,31,77,15
2026/07/19 00:55,05F0287S,05F0309S,32,84,9
2026/07/19 00:55,05F0287S,05F0309S,41,0,0
2026/07/19 00:55,05F0287S,05F0309S,42,0,0
2026/07/19 00:55,05F0287S,05F0309S,5,0,0
2026/07/19 00:55,05F0309S,05F0439S,31,478,22
2026/07/19 00:55,05F0309S,05F0439S,32,444,3
2026/07/19 00:55,05F0309S,05F0439S,41,524,1
2026/07/19 00:55,05F0309S,05F0439S,42,540,2
2026/07/19 00:55,05F0309S,05F0439S,5,574,1
2026/07/19 00:55,05F0439S,05F0494S,31,179,6
2026/07/19 00:55,05F0439S,05F0494S,32,198,3
2026/07/19 00:55,05F0439S,05F0494S,41,222,1
2026/07/19 00:55,05F0439S,05F0494S,42,0,0
2026/07/19 00:55,05F0439S,05F0494S,5,0,0
2026/07/19 01:00,05F0000S,05F0055S,31,239,27
2026/07/19 01:00,05F0000S,05F0055S,32,242,10
2026/07/19 01:00,05F0000S,05F0055S,41,213,1
2026/07/19 01:00,05F0000S,05F0055S,42,0,0
2026/07/19 01:00,05F0000S,05F0055S,5,0,0
2026/07/19 01:00,05F0055S,05F0287S,31,939,24
2026/07/19 01:00,05F0055S,05F0287S,32,1009,9
2026/07/19 01:00,05F0055S,05F0287S,41,993,2
2026/07/19 01:00,05F0055S,05F0287S,42,0,0
2026/07/19 01:00,05F0055S,05F0287S,5,0,0
2026/07/19 01:00,05F0287S,05F0309S,31,85,19
2026/07/19 01:00,05F0287S,05F0309S,32,81,6
2026/07/19 01:00,05F0287S,05F0309S,41,93,1
2026/07/19 01:00,05F0287S,05F0309S,42,0,0
2026/07/19 01:00,05F0287S,05F0309S,5,0,0
2026/07/19 01:00,05F0309S,05F0439S,31,478,12
2026/07/19 01:00,05F0309S,05F0439S,32,428,1
2026/07/19 01:00,05F0309S,05F0439S,41,535,1
2026/07/19 01:00,05F0309S,05F0439S,42,529,1
2026/07/19 01:00,05F0309S,05F0439S,5,0,0
2026/07/19 01:00,05F0439S,05F0494S,31,200,10
2026/07/19 01:00,05F0439S,05F0494S,32,0,0
2026/07/19 01:00,05F0439S,05F0494S,41,0,0
2026/07/19 01:00,05F0439S,05F0494S,42,210,1
2026/07/19 01:00,05F0439S,05F0494S,5,240,1
2026/07/19 01:05,05F0000S,05F0055S,31,230,21
2026/07/19 01:05,05F0000S,05F0055S,32,243,8
2026/07/19 01:05,05F0000S,05F0055S,41,0,0
2026/07/19 01:05,05F0000S,05F0055S,42,0,0
2026/07/19 01:05,05F0000S,05F0055S,5,0,0
2026/07/19 01:05,05F0055S,05F0287S,31,934,28
2026/07/19 01:05,05F0055S,05F0287S,32,998,7
2026/07/19 01:05,05F0055S,05F0287S,41,0,0
2026/07/19 01:05,05F0055S,05F0287S,42,0,0
2026/07/19 01:05,05F0055S,05F0287S,5,0,0
2026/07/19 01:05,05F0287S,05F0309S,31,83,21
2026/07/19 01:05,05F0287S,05F0309S,32,92,6
2026/07/19 01:05,05F0287S,05F0309S,41,0,0
2026/07/19 01:05,05F0287S,05F0309S,42,0,0
2026/07/19 01:05,05F0287S,05F0309S,5,0,0
2026/07/19 01:05,05F0309S,05F0439S,31,441,8
2026/07/19 01:05,05F0309S,05F0439S,32,477,8
2026/07/19 01:05,05F0309S,05F0439S,41,0,0
2026/07/19 01:05,05F0309S,05F0439S,42,0,0
2026/07/19 01:05,05F0309S,05F0439S,5,0,0
2026/07/19 01:05,05F0439S,05F0494S,31,187,5
2026/07/19 01:05,05F0439S,05F0494S,32,202,2
2026/07/19 01:05,05F0439S,05F0494S,41,229,1
2026/07/19 01:05,05F0439S,05F0494S,42,220,1
2026/07/19 01:05,05F0439S,05F0494S,5,0,0
2026/07/19 01:10,05F0000S,05F0055S,31,228,20
2026/07/19 01:10,05F0000S,05F0055S,32,226,6
2026/07/19 01:10,05F0000S,05F0055S,41,0,0
2026/07/19 01:10,05F0000S,05F0055S,42,0,0
2026/07/19 01:10,05F0000S,05F0055S,5,0,0
2026/07/19 01:10,05F0055S,05F0287S,31,931,25
2026/07/19 01:10,05F0055S,05F0287S,32,938,3
2026/07/19 01:10,05F0055S,05F0287S,41,1014,2
2026/07/19 01:10,05F0055S,05F0287S,42,0,0
2026/07/19 01:10,05F0055S,05F0287S,5,0,0
2026/07/19 01:10,05F0287S,05F0309S,31,83,21
2026/07/19 01:10,05F0287S,05F0309S,32,90,3
2026/07/19 01:10,05F0287S,05F0309S,41,94,1
2026/07/19 01:10,05F0287S,05F0309S,42,0,0
2026/07/19 01:10,05F0287S,05F0309S,5,0,0
2026/07/19 01:10,05F0309S,05F0439S,31,468,19
2026/07/19 01:10,05F0309S,05F0439S,32,486,4
2026/07/19 01:10,05F0309S,05F0439S,41,537,1
2026/07/19 01:10,05F0309S,05F0439S,42,0,0
2026/07/19 01:10,05F0309S,05F0439S,5,553,1
2026/07/19 01:10,05F0439S,05F0494S,31,195,5
2026/07/19 01:10,05F0439S,05F0494S,32,0,0
2026/07/19 01:10,05F0439S,05F0494S,41,0,0
2026/07/19 01:10,05F0439S,05F0494S,42,0,0
2026/07/19 01:10,05F0439S,05F0494S,5,0,0
2026/07/19 01:15,05F0000S,05F0055S,31,230,25
2026/07/19 01:15,05F0000S,05F0055S,32,232,9
2026/07/19 01:15,05F0000S,05F0055S,41,0,0
2026/07/19 01:15,05F0000S,05F0055S,42,0,0
2026/07/19 01:15,05F0000S,05F0055S,5,0,0
2026/07/19 01:15,05F0055S,05F0287S,31,959,28
2026/07/19 01:15,05F0055S,05F0287S,32,970,6
2026/07/19 01:15,05F0055S,05F0287S,41,975,1
2026/07/19 01:15,05F0055S,05F0287S,42,0,0
2026/07/19 01:15,05F0055S,05F0287S,5,0,0
2026/07/19 01:15,05F0287S,05F0309S,31,85,24
2026/07/19 01:15,05F0287S,05F0309S,32,89,1
2026/07/19 01:15,05F0287S,05F0309S,41,0,0
2026/07/19 01:15,05F0287S,05F0309S,42,0,0
2026/07/19 01:15,05F0287S,05F0309S,5,0,0
2026/07/19 01:15,05F0309S,05F0439S,31,469,14
2026/07/19 01:15,05F0309S,05F0439S,32,552,2
2026/07/19 01:15,05F0309S,05F0439S,41,0,0
2026/07/19 01:15,05F0309S,05F0439S,42,0,0
2026/07/19 01:15,05F0309S,05F0439S,5,0,0
2026/07/19 01:15,05F0439S,05F0494S,31,211,5
2026/07/19 01:15,05F0439S,05F0494S,32,212,5
2026/07/19 01:15,05F0439S,05F0494S,41,0,0
2026/07/19 01:15,05F0439S,05F0494S,42,0,0
2026/07/19 01:15,05F0439S,05F0494S,5,234,1
2026/07/19 01:20,05F0000S,05F0055S,31,229,22
2026/07/19 01:20,05F0000S,05F0055S,32,260,9
2026/07/19 01:20,05F0000S,05F0055S,41,0,0
2026/07/19 01:20,05F0000S,05F0055S,42,0,0
2026/07/19 01:20,05F0000S,05F0055S,5,0,0
2026/07/19 01:20,05F0055S,05F0287S,31,950,33
2026/07/19 01:20,05F0055S,05F0287S,32,945,12
2026/07/19 01:20,05F0055S,05F0287S,41,0,0
2026/07/19 01:20,05F0055S,05F0287S,42,0,0
2026/07/19 01:20,05F0055S,05F0287S,5,0,0
2026/07/19 01:20,05F0287S,05F0309S,31,76,25
2026/07/19 01:20,05F0287S,05F0309S,32,81,8
2026/07/19 01:20,05F0287S,05F0309S,41,86,1
2026/07/19 01:20,05F0287S,05F0309S,42,0,0
2026/07/19 01:20,05F0287S,05F0309S,5,0,0
2026/07/19 01:20,05F0309S,05F0439S,31,472,15
2026/07/19 01:20,05F0309S,05F0439S,32,465,1
2026/07/19 01:20,05F0309S,05F0439S,41,478,1
2026/07/19 01:20,05F0309S,05F0439S,42,505,1
2026/07/19 01:20,05F0309S,05F0439S,5,605,1
2026/07/19 01:20,05F0439S,05F0494S,31,184,5
2026/07/19 01:20,05F0439S,05F0494S,32,213,2
2026/07/19 01:20,05F0439S,05F0494S,41,0,0
2026/07/19 01:20,05F0439S,05F0494S,42,197,1
2026/07/19 01:20,05F0439S,05F0494S,5,0,0
2026/07/19 01:25,05F0000S,05F0055S,31,226,24
2026/07/19 01:25,05F0000S,05F0055S,32,239,5
2026/07/19 01:25,05F0000S,05F0055S,41,0,0
2026/07/19 01:25,05F0000S,05F0055S,42,0,0
2026/07/19 01:25,05F0000S,05F0055S,5,0,0
2026/07/19 01:25,05F0055S,05F0287S,31,934,20
2026/07/19 01:25,05F0055S,05F0287S,32,907,4
2026/07/19 01:25,05F0055S,05F0287S,41,0,0
2026/07/19 01:25,05F0055S,05F0287S,42,0,0
2026/07/19 01:25,05F0055S,05F0287S,5,0,0
2026/07/19 01:25,05F0287S,05F0309S,31,86,13
2026/07/19 01:25,05F0287S,05F0309S,32,86,7
2026/07/19 01:25,05F0287S,05F0309S,41,0,0
2026/07/19 01:25,05F0287S,05F0309S,42,0,0
2026/07/19 01:25,05F0287S,05F0309S,5,0,0
2026/07/19 01:25,05F0309S,05F0439S,31,440,15
2026/07/19 01:25,05F0309S,05F0439S,32,474,6
2026/07/19 01:25,05F0309S,05F0439S,41,495,1
2026/07/19 01:25,05F0309S,05F0439S,42,0,0
2026/07/19 01:25,05F0309S,05F0439S,5,0,0
2026/07/19 01:25,05F0439S,05F0494S,31,185,6
2026/07/19 01:25,05F0439S,05F0494S,32,0,0
2026/07/19 01:25,05F0439S,05F0494S,41,213,1
2026/07/19 01:25,05F0439S,05F0494S,42,248,1
2026/07/19 01:25,05F0439S,05F0494S,5,240,1
2026/07/19 01:30,05F0000S,05F0055S,31,230,17
2026/07/19 01:30,05F0000S,05F0055S,32,238,2
2026/07/19 01:30,05F0000S,05F0055S,41,0,0
2026/07/19 01:30,05F0000S,05F0055S,42,0,0
2026/07/19 01:30,05F0000S,05F0055S,5,0,0
2026/07/19 01:30,05F0055S,05F0287S,31,962,26
2026/07/19 01:30,05F0055S,05F0287S,32,911,8
2026/07/19 01:30,05F0055S,05F0287S,41,0,0
2026/07/19 01:30,05F0055S,05F0287S,42,0,0
2026/07/19 01:30,05F0055S,05F0287S,5,0,0
2026/07/19 01:30,05F0287S,05F0309S,31,82,22
2026/07/19 01:30,05F0287S,05F0309S,32,86,5
2026/07/19 01:30,05F0287S,05F0309S,41,0,0
2026/07/19 01:30,05F0287S,05F0309S,42,0,0
2026/07/19 01:30,05F0287S,05F0309S,5,0,0
2026/07/19 01:30,05F0309S,05F0439S,31,502,13
2026/07/19 01:30,05F0309S,05F0439S,32,506,5
2026/07/19 01:30,05F0309S,05F0439S,41,0,0
2026/07/19 01:30,05F0309S,05F0439S,42,0,0
2026/07/19 01:30,05F0309S,05F0439S,5,0,0
2026/07/19 01:30,05F0439S,05F0494S,31,194,6
2026/07/19 01:30,05F0439S,05F0494S,32,180,1
2026/07/19 01:30,05F0439S,05F0494S,41,0,0
2026/07/19 01:30,05F0439S,05F0494S,42,0,0
2026/07/19 01:30,05F0439S,05F0494S,5,0,0
2026/07/19 01:35,05F0000S,05F0055S,31,230,22
2026/07/19 01:35,05F0000S,05F0055S,32,231,5
2026/07/19 01:35,05F0000S,05F0055S,41,0,0
2026/07/19 01:35,05F0000S,05F0055S,42,0,0
2026/07/19 01:35,05F0000S,05F0055S,5,0,0
2026/07/19 01:35,05F0055S,05F0287S,31,924,28
2026/07/19 01:35,05F0055S,05F0287S,32,928,8
2026/07/19 01:35,05F0055S,05F0287S,41,0,0
2026/07/19 01:35,05F0055S,05F0287S,42,0,0
2026/07/19 01:35,05F0055S,05F0287S,5,0,0
2026/07/19 01:35,05F0287S,05F0309S,31,85,19
2026/07/19 01:35,05F0287S,05F0309S,32,90,7
2026/07/19 01:35,05F0287S,05F0309S,41,0,0
2026/07/19 01:35,05F0287S,05F0309S,42,0,0
2026/07/19 01:35,05F0287S,05F0309S,5,0,0
2026/07/19 01:35,05F0309S,05F0439S,31,472,13
2026/07/19 01:35,05F0309S,05F0439S,32,499,3
2026/07/19 01:35,05F0309S,05F0439S,41,0,0
2026/07/19 01:35,05F0309S,05F0439S,42,0,0
2026/07/19 01:35,05F0309S,05F0439S,5,0,0
2026/07/19 01:35,05F0439S,05F0494S,31,219,8
2026/07/19 01:35,05F0439S,05F0494S,32,218,1
2026/07/19 01:35,05F0439S,05F0494S,41,0,0
2026/07/19 01:35,05F0439S,05F0494S,42,0,0
2026/07/19 01:35,05F0439S,05F0494S,5,0,0
2026/07/19 01:40,05F0000S,05F0055S,31,238,15
2026/07/19 01:40,05F0000S,05F0055S,32,227,4
2026/07/19 01:40,05F0000S,05F0055S,41,0,0
2026/07/19 01:40,05F0000S,05F0055S,42,0,0
2026/07/19 01:40,05F0000S,05F0055S,5,0,0
2026/07/19 01:40,05F0055S,05F0287S,31,915,22
2026/07/19 01:40,05F0055S,05F0287S,32,958,7
2026/07/19 01:40,05F0055S,05F0287S,41,0,0
2026/07/19 01:40,05F0055S,05F0287S,42,0,0
2026/07/19 01:40,05F0055S,05F0287S,5,0,0
2026/07/19 01:40,05F0287S,05F0309S,31,81,23
2026/07/19 01:40,05F0287S,05F0309S,32,87,6
2026/07/19 01:40,05F0287S,05F0309S,41,0,0
2026/07/19 01:40,05F0287S,05F0309S,42,0,0
2026/07/19 01:40,05F0287S,05F0309S,5,0,0
2026/07/19 01:40,05F0309S,05F0439S,31,471,10
2026/07/19 01:40,05F0309S,05F0439S,32,484,6
2026/07/19 01:40,05F0309S,05F0439S,41,0,0
2026/07/19 01:40,05F0309S,05F0439S,42,0,0
2026/07/19 01:40,05F0309S,05F0439S,5,0,0
2026/07/19 01:40,05F0439S,05F0494S,31,191,14
2026/07/19 01:40,05F0439S,05F0494S,32,288,2
2026/07/19 01:40,05F0439S,05F0494S,41,0,0
2026/07/19 01:40,05F0439S,05F0494S,42,0,0
2026/07/19 01:40,05F0439S,05F0494S,5,0,0
2026/07/19 01:45,05F0000S,05F0055S,31,241,16
2026/07/19 01:45,05F0000S,05F0055S,32,218,2
2026/07/19 01:45,05F0000S,05F0055S,41,0,0
2026/07/19 01:45,05F0000S,05F0055S,42,0,0
2026/07/19 01:45,05F0000S,05F0055S,5,0,0
2026/07/19 01:45,05F0055S,05F0287S,31,937,25
2026/07/19 01:45,05F0055S,05F0287S,32,925,2
2026/07/19 01:45,05F0055S,05F0287S,41,0,0
2026/07/19 01:45,05F0055S,05F0287S,42,0,0
2026/07/19 01:45,05F0055S,05F0287S,5,0,0
2026/07/19 01:45,05F0287S,05F0309S,31,82,12
2026/07/19 01:45,05F0287S,05F0309S,32,87,3
2026/07/19 01:45,05F0287S,05F0309S,41,0,0
2026/07/19 01:45,05F0287S,05F0309S,42,0,0
2026/07/19 01:45,05F0287S,05F0309S,5,0,0
2026/07/19 01:45,05F0309S,05F0439S,31,463,15
2026/07/19 01:45,05F0309S,05F0439S,32,424,1
2026/07/19 01:45,05F0309S,05F0439S,41,0,0
2026/07/19 01:45,05F0309S,05F0439S,42,0,0
2026/07/19 01:45,05F0309S,05F0439S,5,562,1
2026/07/19 01:45,05F0439S,05F0494S,31,139,3
2026/07/19 01:45,05F0439S,05F0494S,32,196,4
2026/07/19 01:45,05F0439S,05F0494S,41,0,0
2026/07/19 01:45,05F0439S,05F0494S,42,0,0
2026/07/19 01:45,05F0439S,05F0494S,5,240,1
2026/07/19 01:50,05F0000S,05F0055S,31,231,14
2026/07/19 01:50,05F0000S,05F0055S,32,237,7
2026/07/19 01:50,05F0000S,05F0055S,41,0,0
2026/07/19 01:50,05F0000S,05F0055S,42,0,0
2026/07/19 01:50,05F0000S,05F0055S,5,0,0
2026/07/19 01:50,05F0055S,05F0287S,31,914,20
2026/07/19 01:50,05F0055S,05F0287S,32,953,5
2026/07/19 01:50,05F0055S,05F0287S,41,0,0
2026/07/19 01:50,05F0055S,05F0287S,42,0,0
2026/07/19 01:50,05F0055S,05F0287S,5,0,0
2026/07/19 01:50,05F0287S,05F0309S,31,83,20
2026/07/19 01:50,05F0287S,05F0309S,32,86,4
2026/07/19 01:50,05F0287S,05F0309S,41,0,0
2026/07/19 01:50,05F0287S,05F0309S,42,0,0
2026/07/19 01:50,05F0287S,05F0309S,5,0,0
2026/07/19 01:50,05F0309S,05F0439S,31,449,11
2026/07/19 01:50,05F0309S,05F0439S,32,485,5
2026/07/19 01:50,05F0309S,05F0439S,41,0,0
2026/07/19 01:50,05F0309S,05F0439S,42,482,1
2026/07/19 01:50,05F0309S,05F0439S,5,528,2
2026/07/19 01:50,05F0439S,05F0494S,31,181,7
2026/07/19 01:50,05F0439S,05F0494S,32,215,3
2026/07/19 01:50,05F0439S,05F0494S,41,0,0
2026/07/19 01:50,05F0439S,05F0494S,42,188,1
2026/07/19 01:50,05F0439S,05F0494S,5,235,1
2026/07/19 01:55,05F0000S,05F0055S,31,233,17
2026/07/19 01:55,05F0000S,05F0055S,32,233,5
2026/07/19 01:55,05F0000S,05F0055S,41,352,1
2026/07/19 01:55,05F0000S,05F0055S,42,0,0
2026/07/19 01:55,05F0000S,05F0055S,5,0,0
2026/07/19 01:55,05F0055S,05F0287S,31,948,12
2026/07/19 01:55,05F0055S,05F0287S,32,915,6
2026/07/19 01:55,05F0055S,05F0287S,41,0,0
2026/07/19 01:55,05F0055S,05F0287S,42,0,0
2026/07/19 01:55,05F0055S,05F0287S,5,0,0
2026/07/19 01:55,05F0287S,05F0309S,31,84,10
2026/07/19 01:55,05F0287S,05F0309S,32,83,3
2026/07/19 01:55,05F0287S,05F0309S,41,0,0
2026/07/19 01:55,05F0287S,05F0309S,42,0,0
2026/07/19 01:55,05F0287S,05F0309S,5,0,0
2026/07/19 01:55,05F0309S,05F0439S,31,472,14
2026/07/19 01:55,05F0309S,05F0439S,32,487,1
2026/07/19 01:55,05F0309S,05F0439S,41,0,0
2026/07/19 01:55,05F0309S,05F0439S,42,530,1
2026/07/19 01:55,05F0309S,05F0439S,5,0,0
2026/07/19 01:55,05F0439S,05F0494S,31,187,4
2026/07/19 01:55,05F0439S,05F0494S,32,206,2
2026/07/19 01:55,05F0439S,05F0494S,41,0,0
2026/07/19 01:55,05F0439S,05F0494S,42,0,0
2026/07/19 01:55,05F0439S,05F0494S,5,202,1
2026/07/19 02:00,05F0000S,05F0055S,31,234,17
2026/07/19 02:00,05F0000S,05F0055S,32,243,3
2026/07/19 02:00,05F0000S,05F0055S,41,0,0
2026/07/19 02:00,05F0000S,05F0055S,42,0,0
2026/07/19 02:00,05F0000S,05F0055S,5,0,0
2026/07/19 02:00,05F0055S,05F0287S,31,948,22
2026/07/19 02:00,05F0055S,05F0287S,32,908,2
2026/07/19 02:00,05F0055S,05F0287S,41,0,0
2026/07/19 02:00,05F0055S,05F0287S,42,0,0
2026/07/19 02:00,05F0055S,05F0287S,5,0,0
2026/07/19 02:00,05F0287S,05F0309S,31,90,14
2026/07/19 02:00,05F0287S,05F0309S,32,81,3
2026/07/19 02:00,05F0287S,05F0309S,41,0,0
2026/07/19 02:00,05F0287S,05F0309S,42,0,0
2026/07/19 02:00,05F0287S,05F0309S,5,0,0
2026/07/19 02:00,05F0309S,05F0439S,31,473,8
2026/07/19 02:00,05F0309S,05F0439S,32,502,2
2026/07/19 02:00,05F0309S,05F0439S,41,0,0
2026/07/19 02:00,05F0309S,05F0439S,42,434,1
2026/07/19 02:00,05F0309S,05F0439S,5,0,0
2026/07/19 02:00,05F0439S,05F0494S,31,201,7
2026/07/19 02:00,05F0439S,05F0494S,32,287,1
2026/07/19 02:00,05F0439S,05F0494S,41,0,0
2026/07/19 02:00,05F0439S,05F0494S,42,0,0
2026/07/19 02:00,05F0439S,05F0494S,5,0,0
2026/07/19 02:05,05F0000S,05F0055S,31,236,14
2026/07/19 02:05,05F0000S,05F0055S,32,229,5
2026/07/19 02:05,05F0000S,05F0055S,41,0,0
2026/07/19 02:05,05F0000S,05F0055S,42,0,0
2026/07/19 02:05,05F0000S,05F0055S,5,0,0
2026/07/19 02:05,05F0055S,05F0287S,31,929,15
2026/07/19 02:05,05F0055S,05F0287S,32,930,5
2026/07/19 02:05,05F0055S,05F0287S,41,0,0
2026/07/19 02:05,05F0055S,05F0287S,42,0,0
2026/07/19 02:05,05F0055S,05F0287S,5,0,0
2026/07/19 02:05,05F0287S,05F0309S,31,82,16
2026/07/19 02:05,05F0287S,05F0309S,32,86,3
2026/07/19 02:05,05F0287S,05F0309S,41,0,0
2026/07/19 02:05,05F0287S,05F0309S,42,0,0
2026/07/19 02:05,05F0287S,05F0309S,5,0,0
2026/07/19 02:05,05F0309S,05F0439S,31,490,7
2026/07/19 02:05,05F0309S,05F0439S,32,465,1
2026/07/19 02:05,05F0309S,05F0439S,41,0,0
2026/07/19 02:05,05F0309S,05F0439S,42,0,0
2026/07/19 02:05,05F0309S,05F0439S,5,497,1
2026/07/19 02:05,05F0439S,05F0494S,31,203,7
2026/07/19 02:05,05F0439S,05F0494S,32,210,1
2026/07/19 02:05,05F0439S,05F0494S,41,0,0
2026/07/19 02:05,05F0439S,05F0494S,42,0,0
2026/07/19 02:05,05F0439S,05F0494S,5,211,1
2026/07/19 02:10,05F0000S,05F0055S,31,225,15
2026/07/19 02:10,05F0000S,05F0055S,32,233,8
2026/07/19 02:10,05F0000S,05F0055S,41,0,0
2026/07/19 02:10,05F0000S,05F0055S,42,0,0
2026/07/19 02:10,05F0000S,05F0055S,5,0,0
2026/07/19 02:10,05F0055S,05F0287S,31,933,19
2026/07/19 02:10,05F0055S,05F0287S,32,934,5
2026/07/19 02:10,05F0055S,05F0287S,41,0,0
2026/07/19 02:10,05F0055S,05F0287S,42,0,0
2026/07/19 02:10,05F0055S,05F0287S,5,0,0
2026/07/19 02:10,05F0287S,05F0309S,31,85,11
2026/07/19 02:10,05F0287S,05F0309S,32,87,5
2026/07/19 02:10,05F0287S,05F0309S,41,0,0
2026/07/19 02:10,05F0287S,05F0309S,42,0,0
2026/07/19 02:10,05F0287S,05F0309S,5,0,0
2026/07/19 02:10,05F0309S,05F0439S,31,480,14
2026/07/19 02:10,05F0309S,05F0439S,32,452,3
2026/07/19 02:10,05F0309S,05F0439S,41,0,0
2026/07/19 02:10,05F0309S,05F0439S,42,750,1
2026/07/19 02:10,05F0309S,05F0439S,5,524,1
2026/07/19 02:10,05F0439S,05F0494S,31,183,5
2026/07/19 02:10,05F0439S,05F0494S,32,0,0
2026/07/19 02:10,05F0439S,05F0494S,41,0,0
2026/07/19 02:10,05F0439S,05F0494S,42,0,0
2026/07/19 02:10,05F0439S,05F0494S,5,0,0
2026/07/19 02:15,05F0000S,05F0055S,31,245,14
2026/07/19 02:15,05F0000S,05F0055S,32,239,5
2026/07/19 02:15,05F0000S,05F0055S,41,0,0
2026/07/19 02:15,05F0000S,05F0055S,42,0,0
2026/07/19 02:15,05F0000S,05F0055S,5,0,0
2026/07/19 02:15,05F0055S,05F0287S,31,901,17
2026/07/19 02:15,05F0055S,05F0287S,32,984,3
2026/07/19 02:15,05F0055S,05F0287S,41,1052,1
2026/07/19 02:15,05F0055S,05F0287S,42,0,0
2026/07/19 02:15,05F0055S,05F0287S,5,0,0
2026/07/19 02:15,05F0287S,05F0309S,31,81,17
2026/07/19 02:15,05F0287S,05F0309S,32,87,2
2026/07/19 02:15,05F0287S,05F0309S,41,96,1
2026/07/19 02:15,05F0287S,05F0309S,42,0,0
2026/07/19 02:15,05F0287S,05F0309S,5,0,0
2026/07/19 02:15,05F0309S,05F0439S,31,496,8
2026/07/19 02:15,05F0309S,05F0439S,32,440,1
2026/07/19 02:15,05F0309S,05F0439S,41,0,0
2026/07/19 02:15,05F0309S,05F0439S,42,0,0
2026/07/19 02:15,05F0309S,05F0439S,5,0,0
2026/07/19 02:15,05F0439S,05F0494S,31,203,5
2026/07/19 02:15,05F0439S,05F0494S,32,185,1
2026/07/19 02:15,05F0439S,05F0494S,41,0,0
2026/07/19 02:15,05F0439S,05F0494S,42,316,1
2026/07/19 02:15,05F0439S,05F0494S,5,222,1
2026/07/19 02:20,05F0000S,05F0055S,31,242,13
2026/07/19 02:20,05F0000S,05F0055S,32,227,9
2026/07/19 02:20,05F0000S,05F0055S,41,0,0
2026/07/19 02:20,05F0000S,05F0055S,42,0,0
2026/07/19 02:20,05F0000S,05F0055S,5,0,0
2026/07/19 02:20,05F0055S,05F0287S,31,956,18
2026/07/19 02:20,05F0055S,05F0287S,32,939,6
2026/07/19 02:20,05F0055S,05F0287S,41,0,0
2026/07/19 02:20,05F0055S,05F0287S,42,0,0
2026/07/19 02:20,05F0055S,05F0287S,5,0,0
2026/07/19 02:20,05F0287S,05F0309S,31,88,12
2026/07/19 02:20,05F0287S,05F0309S,32,86,3
2026/07/19 02:20,05F0287S,05F0309S,41,0,0
2026/07/19 02:20,05F0287S,05F0309S,42,0,0
2026/07/19 02:20,05F0287S,05F0309S,5,0,0
2026/07/19 02:20,05F0309S,05F0439S,31,477,12
2026/07/19 02:20,05F0309S,05F0439S,32,508,4
2026/07/19 02:20,05F0309S,05F0439S,41,0,0
2026/07/19 02:20,05F0309S,05F0439S,42,564,1
2026/07/19 02:20,05F0309S,05F0439S,5,527,1
2026/07/19 02:20,05F0439S,05F0494S,31,205,2
2026/07/19 02:20,05F0439S,05F0494S,32,199,2
2026/07/19 02:20,05F0439S,05F0494S,41,0,0
2026/07/19 02:20,05F0439S,05F0494S,42,0,0
2026/07/19 02:20,05F0439S,05F0494S,5,0,0
2026/07/19 02:25,05F0000S,05F0055S,31,236,13
2026/07/19 02:25,05F0000S,05F0055S,32,231,7
2026/07/19 02:25,05F0000S,05F0055S,41,0,0
2026/07/19 02:25,05F0000S,05F0055S,42,0,0
2026/07/19 02:25,05F0000S,05F0055S,5,0,0
2026/07/19 02:25,05F0055S,05F0287S,31,935,13
2026/07/19 02:25,05F0055S,05F0287S,32,939,7
2026/07/19 02:25,05F0055S,05F0287S,41,0,0
2026/07/19 02:25,05F0055S,05F0287S,42,0,0
2026/07/19 02:25,05F0055S,05F0287S,5,0,0
2026/07/19 02:25,05F0287S,05F0309S,31,88,10
2026/07/19 02:25,05F0287S,05F0309S,32,85,9
2026/07/19 02:25,05F0287S,05F0309S,41,0,0
2026/07/19 02:25,05F0287S,05F0309S,42,0,0
2026/07/19 02:25,05F0287S,05F0309S,5,0,0
2026/07/19 02:25,05F0309S,05F0439S,31,480,9
2026/07/19 02:25,05F0309S,05F0439S,32,512,1
2026/07/19 02:25,05F0309S,05F0439S,41,0,0
2026/07/19 02:25,05F0309S,05F0439S,42,0,0
2026/07/19 02:25,05F0309S,05F0439S,5,0,0
2026/07/19 02:25,05F0439S,05F0494S,31,189,3
2026/07/19 02:25,05F0439S,05F0494S,32,0,0
2026/07/19 02:25,05F0439S,05F0494S,41,0,0
2026/07/19 02:25,05F0439S,05F0494S,42,0,0
2026/07/19 02:25,05F0439S,05F0494S,5,224,1
2026/07/19 02:30,05F0000S,05F0055S,31,245,13
2026/07/19 02:30,05F0000S,05F0055S,32,228,10
2026/07/19 02:30,05F0000S,05F0055S,41,0,0
2026/07/19 02:30,05F0000S,05F0055S,42,0,0
2026/07/19 02:30,05F0000S,05F0055S,5,0,0
2026/07/19 02:30,05F0055S,05F0287S,31,930,16
2026/07/19 02:30,05F0055S,05F0287S,32,924,6
2026/07/19 02:30,05F0055S,05F0287S,41,0,0
2026/07/19 02:30,05F0055S,05F0287S,42,0,0
2026/07/19 02:30,05F0055S,05F0287S,5,0,0
2026/07/19 02:30,05F0287S,05F0309S,31,88,13
2026/07/19 02:30,05F0287S,05F0309S,32,85,8
2026/07/19 02:30,05F0287S,05F0309S,41,0,0
2026/07/19 02:30,05F0287S,05F0309S,42,0,0
2026/07/19 02:30,05F0287S,05F0309S,5,0,0
2026/07/19 02:30,05F0309S,05F0439S,31,481,11
2026/07/19 02:30,05F0309S,05F0439S,32,505,5
2026/07/19 02:30,05F0309S,05F0439S,41,0,0
2026/07/19 02:30,05F0309S,05F0439S,42,0,0
2026/07/19 02:30,05F0309S,05F0439S,5,0,0
2026/07/19 02:30,05F0439S,05F0494S,31,211,5
2026/07/19 02:30,05F0439S,05F0494S,32,0,0
2026/07/19 02:30,05F0439S,05F0494S,41,0,0
2026/07/19 02:30,05F0439S,05F0494S,42,0,0
2026/07/19 02:30,05F0439S,05F0494S,5,0,0
2026/07/19 02:35,05F0000S,05F0055S,31,230,13
2026/07/19 02:35,05F0000S,05F0055S,32,231,2
2026/07/19 02:35,05F0000S,05F0055S,41,0,0
2026/07/19 02:35,05F0000S,05F0055S,42,0,0
2026/07/19 02:35,05F0000S,05F0055S,5,0,0
2026/07/19 02:35,05F0055S,05F0287S,31,918,11
2026/07/19 02:35,05F0055S,05F0287S,32,912,9
2026/07/19 02:35,05F0055S,05F0287S,41,0,0
2026/07/19 02:35,05F0055S,05F0287S,42,0,0
2026/07/19 02:35,05F0055S,05F0287S,5,0,0
2026/07/19 02:35,05F0287S,05F0309S,31,80,5
2026/07/19 02:35,05F0287S,05F0309S,32,87,4
2026/07/19 02:35,05F0287S,05F0309S,41,0,0
2026/07/19 02:35,05F0287S,05F0309S,42,0,0
2026/07/19 02:35,05F0287S,05F0309S,5,0,0
2026/07/19 02:35,05F0309S,05F0439S,31,479,6
2026/07/19 02:35,05F0309S,05F0439S,32,498,5
2026/07/19 02:35,05F0309S,05F0439S,41,0,0
2026/07/19 02:35,05F0309S,05F0439S,42,510,2
2026/07/19 02:35,05F0309S,05F0439S,5,0,0
2026/07/19 02:35,05F0439S,05F0494S,31,178,4
2026/07/19 02:35,05F0439S,05F0494S,32,199,3
2026/07/19 02:35,05F0439S,05F0494S,41,0,0
2026/07/19 02:35,05F0439S,05F0494S,42,0,0
2026/07/19 02:35,05F0439S,05F0494S,5,0,0
2026/07/19 02:40,05F0000S,05F0055S,31,226,16
2026/07/19 02:40,05F0000S,05F0055S,32,274,3
2026/07/19 02:40,05F0000S,05F0055S,41,0,0
2026/07/19 02:40,05F0000S,05F0055S,42,0,0
2026/07/19 02:40,05F0000S,05F0055S,5,0,0
2026/07/19 02:40,05F0055S,05F0287S,31,930,19
2026/07/19 02:40,05F0055S,05F0287S,32,969,3
2026/07/19 02:40,05F0055S,05F0287S,41,0,0
2026/07/19 02:40,05F0055S,05F0287S,42,0,0
2026/07/19 02:40,05F0055S,05F0287S,5,0,0
2026/07/19 02:40,05F0287S,05F0309S,31,83,16
2026/07/19 02:40,05F0287S,05F0309S,32,0,0
2026/07/19 02:40,05F0287S,05F0309S,41,0,0
2026/07/19 02:40,05F0287S,05F0309S,42,0,0
2026/07/19 02:40,05F0287S,05F0309S,5,0,0
2026/07/19 02:40,05F0309S,05F0439S,31,486,11
2026/07/19 02:40,05F0309S,05F0439S,32,468,3
2026/07/19 02:40,05F0309S,05F0439S,41,0,0
2026/07/19 02:40,05F0309S,05F0439S,42,0,0
2026/07/19 02:40,05F0309S,05F0439S,5,0,0
2026/07/19 02:40,05F0439S,05F0494S,31,216,3
2026/07/19 02:40,05F0439S,05F0494S,32,184,2
2026/07/19 02:40,05F0439S,05F0494S,41,0,0
2026/07/19 02:40,05F0439S,05F0494S,42,210,2
2026/07/19 02:40,05F0439S,05F0494S,5,0,0
2026/07/19 02:45,05F0000S,05F0055S,31,234,17
2026/07/19 02:45,05F0000S,05F0055S,32,251,5
2026/07/19 02:45,05F0000S,05F0055S,41,0,0
2026/07/19 02:45,05F0000S,05F0055S,42,0,0
2026/07/19 02:45,05F0000S,05F0055S,5,0,0
2026/07/19 02:45,05F0055S,05F0287S,31,961,14
2026/07/19 02:45,05F0055S,05F0287S,32,954,12
2026/07/19 02:45,05F0055S,05F0287S,41,0,0
2026/07/19 02:45,05F0055S,05F0287S,42,0,0
2026/07/19 02:45,05F0055S,05F0287S,5,0,0
2026/07/19 02:45,05F0287S,05F0309S,31,81,7
2026/07/19 02:45,05F0287S,05F0309S,32,89,10
2026/07/19 02:45,05F0287S,05F0309S,41,0,0
2026/07/19 02:45,05F0287S,05F0309S,42,0,0
2026/07/19 02:45,05F0287S,05F0309S,5,0,0
2026/07/19 02:45,05F0309S,05F0439S,31,552,4
2026/07/19 02:45,05F0309S,05F0439S,32,523,2
2026/07/19 02:45,05F0309S,05F0439S,41,0,0
2026/07/19 02:45,05F0309S,05F0439S,42,0,0
2026/07/19 02:45,05F0309S,05F0439S,5,0,0
2026/07/19 02:45,05F0439S,05F0494S,31,206,7
2026/07/19 02:45,05F0439S,05F0494S,32,0,0
2026/07/19 02:45,05F0439S,05F0494S,41,0,0
2026/07/19 02:45,05F0439S,05F0494S,42,0,0
2026/07/19 02:45,05F0439S,05F0494S,5,0,0
2026/07/19 02:50,05F0000S,05F0055S,31,230,17
2026/07/19 02:50,05F0000S,05F0055S,32,225,4
2026/07/19 02:50,05F0000S,05F0055S,41,0,0
2026/07/19 02:50,05F0000S,05F0055S,42,0,0
2026/07/19 02:50,05F0000S,05F0055S,5,0,0
2026/07/19 02:50,05F0055S,05F0287S,31,917,12
2026/07/19 02:50,05F0055S,05F0287S,32,944,2
2026/07/19 02:50,05F0055S,05F0287S,41,0,0
2026/07/19 02:50,05F0055S,05F0287S,42,0,0
2026/07/19 02:50,05F0055S,05F0287S,5,0,0
2026/07/19 02:50,05F0287S,05F0309S,31,86,10
2026/07/19 02:50,05F0287S,05F0309S,32,92,4
2026/07/19 02:50,05F0287S,05F0309S,41,0,0
2026/07/19 02:50,05F0287S,05F0309S,42,0,0
2026/07/19 02:50,05F0287S,05F0309S,5,0,0
2026/07/19 02:50,05F0309S,05F0439S,31,499,11
2026/07/19 02:50,05F0309S,05F0439S,32,0,0
2026/07/19 02:50,05F0309S,05F0439S,41,0,0
2026/07/19 02:50,05F0309S,05F0439S,42,519,1
2026/07/19 02:50,05F0309S,05F0439S,5,0,0
2026/07/19 02:50,05F0439S,05F0494S,31,208,7
2026/07/19 02:50,05F0439S,05F0494S,32,226,2
2026/07/19 02:50,05F0439S,05F0494S,41,0,0
2026/07/19 02:50,05F0439S,05F0494S,42,0,0
2026/07/19 02:50,05F0439S,05F0494S,5,0,0
2026/07/19 02:55,05F0000S,05F0055S,31,238,11
2026/07/19 02:55,05F0000S,05F0055S,32,220,9
2026/07/19 02:55,05F0000S,05F0055S,41,0,0
2026/07/19 02:55,05F0000S,05F0055S,42,0,0
2026/07/19 02:55,05F0000S,05F0055S,5,0,0
2026/07/19 02:55,05F0055S,05F0287S,31,949,17
2026/07/19 02:55,05F0055S,05F0287S,32,1021,3
2026/07/19 02:55,05F0055S,05F0287S,41,0,0
2026/07/19 02:55,05F0055S,05F0287S,42,0,0
2026/07/19 02:55,05F0055S,05F0287S,5,0,0
2026/07/19 02:55,05F0287S,05F0309S,31,85,12
2026/07/19 02:55,05F0287S,05F0309S,32,0,0
2026/07/19 02:55,05F0287S,05F0309S,41,0,0
2026/07/19 02:55,05F0287S,05F0309S,42,0,0
2026/07/19 02:55,05F0287S,05F0309S,5,0,0
2026/07/19 02:55,05F0309S,05F0439S,31,494,6
2026/07/19 02:55,05F0309S,05F0439S,32,509,9
2026/07/19 02:55,05F0309S,05F0439S,41,0,0
2026/07/19 02:55,05F0309S,05F0439S,42,0,0
2026/07/19 02:55,05F0309S,05F0439S,5,486,3
2026/07/19 02:55,05F0439S,05F0494S,31,218,4
2026/07/19 02:55,05F0439S,05F0494S,32,206,1
2026/07/19 02:55,05F0439S,05F0494S,41,0,0
2026/07/19 02:55,05F0439S,05F0494S,42,219,1
2026/07/19 02:55,05F0439S,05F0494S,5,197,2
2026/07/19 03:00,05F0000S,05F0055S,31,233,16
2026/07/19 03:00,05F0000S,05F0055S,32,276,1
2026/07/19 03:00,05F0000S,05F0055S,41,0,0
2026/07/19 03:00,05F0000S,05F0055S,42,0,0
2026/07/19 03:00,05F0000S,05F0055S,5,0,0
2026/07/19 03:00,05F0055S,05F0287S,31,945,21
2026/07/19 03:00,05F0055S,05F0287S,32,959,6
2026/07/19 03:00,05F0055S,05F0287S,41,0,0
2026/07/19 03:00,05F0055S,05F0287S,42,0,0
2026/07/19 03:00,05F0055S,05F0287S,5,0,0
2026/07/19 03:00,05F0287S,05F0309S,31,88,12
2026/07/19 03:00,05F0287S,05F0309S,32,76,3
2026/07/19 03:00,05F0287S,05F0309S,41,0,0
2026/07/19 03:00,05F0287S,05F0309S,42,0,0
2026/07/19 03:00,05F0287S,05F0309S,5,0,0
2026/07/19 03:00,05F0309S,05F0439S,31,481,14
2026/07/19 03:00,05F0309S,05F0439S,32,597,1
2026/07/19 03:00,05F0309S,05F0439S,41,0,0
2026/07/19 03:00,05F0309S,05F0439S,42,0,0
2026/07/19 03:00,05F0309S,05F0439S,5,0,0
2026/07/19 03:00,05F0439S,05F0494S,31,206,3
2026/07/19 03:00,05F0439S,05F0494S,32,247,2
2026/07/19 03:00,05F0439S,05F0494S,41,0,0
2026/07/19 03:00,05F0439S,05F0494S,42,187,1
2026/07/19 03:00,05F0439S,05F0494S,5,240,1
2026/07/19 03:05,05F0000S,05F0055S,31,237,7
2026/07/19 03:05,05F0000S,05F0055S,32,223,5
2026/07/19 03:05,05F0000S,05F0055S,41,0,0
2026/07/19 03:05,05F0000S,05F0055S,42,0,0
2026/07/19 03:05,05F0000S,05F0055S,5,0,0
2026/07/19 03:05,05F0055S,05F0287S,31,920,17
2026/07/19 03:05,05F0055S,05F0287S,32,931,8
2026/07/19 03:05,05F0055S,05F0287S,41,0,0
2026/07/19 03:05,05F0055S,05F0287S,42,0,0
2026/07/19 03:05,05F0055S,05F0287S,5,0,0
2026/07/19 03:05,05F0287S,05F0309S,31,80,15
2026/07/19 03:05,05F0287S,05F0309S,32,84,5
2026/07/19 03:05,05F0287S,05F0309S,41,0,0
2026/07/19 03:05,05F0287S,05F0309S,42,0,0
2026/07/19 03:05,05F0287S,05F0309S,5,0,0
2026/07/19 03:05,05F0309S,05F0439S,31,482,6
2026/07/19 03:05,05F0309S,05F0439S,32,0,0
2026/07/19 03:05,05F0309S,05F0439S,41,0,0
2026/07/19 03:05,05F0309S,05F0439S,42,0,0
2026/07/19 03:05,05F0309S,05F0439S,5,0,0
2026/07/19 03:05,05F0439S,05F0494S,31,207,7
2026/07/19 03:05,05F0439S,05F0494S,32,204,1
2026/07/19 03:05,05F0439S,05F0494S,41,0,0
2026/07/19 03:05,05F0439S,05F0494S,42,0,0
2026/07/19 03:05,05F0439S,05F0494S,5,0,0
2026/07/19 03:10,05F0000S,05F0055S,31,233,17
2026/07/19 03:10,05F0000S,05F0055S,32,226,6
2026/07/19 03:10,05F0000S,05F0055S,41,0,0
2026/07/19 03:10,05F0000S,05F0055S,42,0,0
2026/07/19 03:10,05F0000S,05F0055S,5,0,0
2026/07/19 03:10,05F0055S,05F0287S,31,923,13
2026/07/19 03:10,05F0055S,05F0287S,32,884,7
2026/07/19 03:10,05F0055S,05F0287S,41,0,0
2026/07/19 03:10,05F0055S,05F0287S,42,0,0
2026/07/19 03:10,05F0055S,05F0287S,5,0,0
2026/07/19 03:10,05F0287S,05F0309S,31,84,11
2026/07/19 03:10,05F0287S,05F0309S,32,89,6
2026/07/19 03:10,05F0287S,05F0309S,41,0,0
2026/07/19 03:10,05F0287S,05F0309S,42,0,0
2026/07/19 03:10,05F0287S,05F0309S,5,0,0
2026/07/19 03:10,05F0309S,05F0439S,31,481,11
2026/07/19 03:10,05F0309S,05F0439S,32,484,5
2026/07/19 03:10,05F0309S,05F0439S,41,0,0
2026/07/19 03:10,05F0309S,05F0439S,42,0,0
2026/07/19 03:10,05F0309S,05F0439S,5,0,0
2026/07/19 03:10,05F0439S,05F0494S,31,203,3
2026/07/19 03:10,05F0439S,05F0494S,32,185,1
2026/07/19 03:10,05F0439S,05F0494S,41,0,0
2026/07/19 03:10,05F0439S,05F0494S,42,0,0
2026/07/19 03:10,05F0439S,05F0494S,5,0,0
2026/07/19 03:15,05F0000S,05F0055S,31,231,10
2026/07/19 03:15,05F0000S,05F0055S,32,222,5
2026/07/19 03:15,05F0000S,05F0055S,41,0,0
2026/07/19 03:15,05F0000S,05F0055S,42,0,0
2026/07/19 03:15,05F0000S,05F0055S,5,0,0
2026/07/19 03:15,05F0055S,05F0287S,31,942,12
2026/07/19 03:15,05F0055S,05F0287S,32,1000,1
2026/07/19 03:15,05F0055S,05F0287S,41,0,0
2026/07/19 03:15,05F0055S,05F0287S,42,0,0
2026/07/19 03:15,05F0055S,05F0287S,5,0,0
2026/07/19 03:15,05F0287S,05F0309S,31,83,13
2026/07/19 03:15,05F0287S,05F0309S,32,80,2
2026/07/19 03:15,05F0287S,05F0309S,41,0,0
2026/07/19 03:15,05F0287S,05F0309S,42,0,0
2026/07/19 03:15,05F0287S,05F0309S,5,0,0
2026/07/19 03:15,05F0309S,05F0439S,31,445,9
2026/07/19 03:15,05F0309S,05F0439S,32,475,5
2026/07/19 03:15,05F0309S,05F0439S,41,0,0
2026/07/19 03:15,05F0309S,05F0439S,42,0,0
2026/07/19 03:15,05F0309S,05F0439S,5,0,0
2026/07/19 03:15,05F0439S,05F0494S,31,204,10
2026/07/19 03:15,05F0439S,05F0494S,32,207,3
2026/07/19 03:15,05F0439S,05F0494S,41,0,0
2026/07/19 03:15,05F0439S,05F0494S,42,0,0
2026/07/19 03:15,05F0439S,05F0494S,5,0,0
2026/07/19 03:20,05F0000S,05F0055S,31,228,14
2026/07/19 03:20,05F0000S,05F0055S,32,230,11
2026/07/19 03:20,05F0000S,05F0055S,41,0,0
2026/07/19 03:20,05F0000S,05F0055S,42,0,0
2026/07/19 03:20,05F0000S,05F0055S,5,0,0
2026/07/19 03:20,05F0055S,05F0287S,31,949,8
2026/07/19 03:20,05F0055S,05F0287S,32,940,5
2026/07/19 03:20,05F0055S,05F0287S,41,0,0
2026/07/19 03:20,05F0055S,05F0287S,42,0,0
2026/07/19 03:20,05F0055S,05F0287S,5,0,0
2026/07/19 03:20,05F0287S,05F0309S,31,86,2
2026/07/19 03:20,05F0287S,05F0309S,32,97,2
2026/07/19 03:20,05F0287S,05F0309S,41,0,0
2026/07/19 03:20,05F0287S,05F0309S,42,0,0
2026/07/19 03:20,05F0287S,05F0309S,5,0,0
2026/07/19 03:20,05F0309S,05F0439S,31,475,7
2026/07/19 03:20,05F0309S,05F0439S,32,495,5
2026/07/19 03:20,05F0309S,05F0439S,41,0,0
2026/07/19 03:20,05F0309S,05F0439S,42,0,0
2026/07/19 03:20,05F0309S,05F0439S,5,0,0
2026/07/19 03:20,05F0439S,05F0494S,31,197,4
2026/07/19 03:20,05F0439S,05F0494S,32,199,3
2026/07/19 03:20,05F0439S,05F0494S,41,0,0
2026/07/19 03:20,05F0439S,05F0494S,42,0,0
2026/07/19 03:20,05F0439S,05F0494S,5,0,0
2026/07/19 03:25,05F0000S,05F0055S,31,221,14
2026/07/19 03:25,05F0000S,05F0055S,32,227,8
2026/07/19 03:25,05F0000S,05F0055S,41,0,0
2026/07/19 03:25,05F0000S,05F0055S,42,0,0
2026/07/19 03:25,05F0000S,05F0055S,5,0,0
2026/07/19 03:25,05F0055S,05F0287S,31,933,17
2026/07/19 03:25,05F0055S,05F0287S,32,930,6
2026/07/19 03:25,05F0055S,05F0287S,41,0,0
2026/07/19 03:25,05F0055S,05F0287S,42,0,0
2026/07/19 03:25,05F0055S,05F0287S,5,0,0
2026/07/19 03:25,05F0287S,05F0309S,31,84,9
2026/07/19 03:25,05F0287S,05F0309S,32,82,4
2026/07/19 03:25,05F0287S,05F0309S,41,0,0
2026/07/19 03:25,05F0287S,05F0309S,42,0,0
2026/07/19 03:25,05F0287S,05F0309S,5,0,0
2026/07/19 03:25,05F0309S,05F0439S,31,493,6
2026/07/19 03:25,05F0309S,05F0439S,32,506,1
2026/07/19 03:25,05F0309S,05F0439S,41,0,0
2026/07/19 03:25,05F0309S,05F0439S,42,0,0
2026/07/19 03:25,05F0309S,05F0439S,5,0,0
2026/07/19 03:25,05F0439S,05F0494S,31,204,5
2026/07/19 03:25,05F0439S,05F0494S,32,183,2
2026/07/19 03:25,05F0439S,05F0494S,41,0,0
2026/07/19 03:25,05F0439S,05F0494S,42,0,0
2026/07/19 03:25,05F0439S,05F0494S,5,0,0
2026/07/19 03:30,05F0000S,05F0055S,31,237,17
2026/07/19 03:30,05F0000S,05F0055S,32,240,10
2026/07/19 03:30,05F0000S,05F0055S,41,0,0
2026/07/19 03:30,05F0000S,05F0055S,42,0,0
2026/07/19 03:30,05F0000S,05F0055S,5,0,0
2026/07/19 03:30,05F0055S,05F0287S,31,898,11
2026/07/19 03:30,05F0055S,05F0287S,32,913,6
2026/07/19 03:30,05F0055S,05F0287S,41,0,0
2026/07/19 03:30,05F0055S,05F0287S,42,0,0
2026/07/19 03:30,05F0055S,05F0287S,5,0,0
2026/07/19 03:30,05F0287S,05F0309S,31,83,12
2026/07/19 03:30,05F0287S,05F0309S,32,87,7
2026/07/19 03:30,05F0287S,05F0309S,41,0,0
2026/07/19 03:30,05F0287S,05F0309S,42,0,0
2026/07/19 03:30,05F0287S,05F0309S,5,0,0
2026/07/19 03:30,05F0309S,05F0439S,31,481,3
2026/07/19 03:30,05F0309S,05F0439S,32,443,3
2026/07/19 03:30,05F0309S,05F0439S,41,0,0
2026/07/19 03:30,05F0309S,05F0439S,42,0,0
2026/07/19 03:30,05F0309S,05F0439S,5,0,0
2026/07/19 03:30,05F0439S,05F0494S,31,222,6
2026/07/19 03:30,05F0439S,05F0494S,32,206,1
2026/07/19 03:30,05F0439S,05F0494S,41,0,0
2026/07/19 03:30,05F0439S,05F0494S,42,0,0
2026/07/19 03:30,05F0439S,05F0494S,5,0,0
2026/07/19 03:35,05F0000S,05F0055S,31,232,16
2026/07/19 03:35,05F0000S,05F0055S,32,227,5
2026/07/19 03:35,05F0000S,05F0055S,41,0,0
2026/07/19 03:35,05F0000S,05F0055S,42,0,0
2026/07/19 03:35,05F0000S,05F0055S,5,0,0
2026/07/19 03:35,05F0055S,05F0287S,31,921,17
2026/07/19 03:35,05F0055S,05F0287S,32,939,12
2026/07/19 03:35,05F0055S,05F0287S,41,0,0
2026/07/19 03:35,05F0055S,05F0287S,42,0,0
2026/07/19 03:35,05F0055S,05F0287S,5,0,0
2026/07/19 03:35,05F0287S,05F0309S,31,84,8
2026/07/19 03:35,05F0287S,05F0309S,32,84,6
2026/07/19 03:35,05F0287S,05F0309S,41,0,0
2026/07/19 03:35,05F0287S,05F0309S,42,0,0
2026/07/19 03:35,05F0287S,05F0309S,5,0,0
2026/07/19 03:35,05F0309S,05F0439S,31,469,6
2026/07/19 03:35,05F0309S,05F0439S,32,466,2
2026/07/19 03:35,05F0309S,05F0439S,41,0,0
2026/07/19 03:35,05F0309S,05F0439S,42,0,0
2026/07/19 03:35,05F0309S,05F0439S,5,622,1
2026/07/19 03:35,05F0439S,05F0494S,31,204,3
2026/07/19 03:35,05F0439S,05F0494S,32,195,5
2026/07/19 03:35,05F0439S,05F0494S,41,0,0
2026/07/19 03:35,05F0439S,05F0494S,42,0,0
2026/07/19 03:35,05F0439S,05F0494S,5,0,0
2026/07/19 03:40,05F0000S,05F0055S,31,240,13
2026/07/19 03:40,05F0000S,05F0055S,32,250,7
2026/07/19 03:40,05F0000S,05F0055S,41,0,0
2026/07/19 03:40,05F0000S,05F0055S,42,0,0
2026/07/19 03:40,05F0000S,05F0055S,5,0,0
2026/07/19 03:40,05F0055S,05F0287S,31,929,9
2026/07/19 03:40,05F0055S,05F0287S,32,928,8
2026/07/19 03:40,05F0055S,05F0287S,41,0,0
2026/07/19 03:40,05F0055S,05F0287S,42,0,0
2026/07/19 03:40,05F0055S,05F0287S,5,0,0
2026/07/19 03:40,05F0287S,05F0309S,31,68,7
2026/07/19 03:40,05F0287S,05F0309S,32,89,7
2026/07/19 03:40,05F0287S,05F0309S,41,0,0
2026/07/19 03:40,05F0287S,05F0309S,42,0,0
2026/07/19 03:40,05F0287S,05F0309S,5,0,0
2026/07/19 03:40,05F0309S,05F0439S,31,485,2
2026/07/19 03:40,05F0309S,05F0439S,32,480,6
2026/07/19 03:40,05F0309S,05F0439S,41,0,0
2026/07/19 03:40,05F0309S,05F0439S,42,0,0
2026/07/19 03:40,05F0309S,05F0439S,5,0,0
2026/07/19 03:40,05F0439S,05F0494S,31,205,4
2026/07/19 03:40,05F0439S,05F0494S,32,196,3
2026/07/19 03:40,05F0439S,05F0494S,41,0,0
2026/07/19 03:40,05F0439S,05F0494S,42,234,1
2026/07/19 03:40,05F0439S,05F0494S,5,0,0
2026/07/19 03:45,05F0000S,05F0055S,31,231,10
2026/07/19 03:45,05F0000S,05F0055S,32,237,4
2026/07/19 03:45,05F0000S,05F0055S,41,0,0
2026/07/19 03:45,05F0000S,05F0055S,42,0,0
2026/07/19 03:45,05F0000S,05F0055S,5,0,0
2026/07/19 03:45,05F0055S,05F0287S,31,950,16
2026/07/19 03:45,05F0055S,05F0287S,32,954,9
2026/07/19 03:45,05F0055S,05F0287S,41,0,0
2026/07/19 03:45,05F0055S,05F0287S,42,0,0
2026/07/19 03:45,05F0055S,05F0287S,5,0,0
2026/07/19 03:45,05F0287S,05F0309S,31,85,7
2026/07/19 03:45,05F0287S,05F0309S,32,88,6
2026/07/19 03:45,05F0287S,05F0309S,41,0,0
2026/07/19 03:45,05F0287S,05F0309S,42,0,0
2026/07/19 03:45,05F0287S,05F0309S,5,0,0
2026/07/19 03:45,05F0309S,05F0439S,31,442,8
2026/07/19 03:45,05F0309S,05F0439S,32,485,6
2026/07/19 03:45,05F0309S,05F0439S,41,0,0
2026/07/19 03:45,05F0309S,05F0439S,42,0,0
2026/07/19 03:45,05F0309S,05F0439S,5,0,0
2026/07/19 03:45,05F0439S,05F0494S,31,202,6
2026/07/19 03:45,05F0439S,05F0494S,32,212,4
2026/07/19 03:45,05F0439S,05F0494S,41,0,0
2026/07/19 03:45,05F0439S,05F0494S,42,0,0
2026/07/19 03:45,05F0439S,05F0494S,5,0,0
2026/07/19 03:50,05F0000S,05F0055S,31,233,17
2026/07/19 03:50,05F0000S,05F0055S,32,238,4
2026/07/19 03:50,05F0000S,05F0055S,41,0,0
2026/07/19 03:50,05F0000S,05F0055S,42,0,0
2026/07/19 03:50,05F0000S,05F0055S,5,0,0
2026/07/19 03:50,05F0055S,05F0287S,31,936,17
2026/07/19 03:50,05F0055S,05F0287S,32,894,6
2026/07/19 03:50,05F0055S,05F0287S,41,0,0
2026/07/19 03:50,05F0055S,05F0287S,42,0,0
2026/07/19 03:50,05F0055S,05F0287S,5,0,0
2026/07/19 03:50,05F0287S,05F0309S,31,84,19
2026/07/19 03:50,05F0287S,05F0309S,32,85,6
2026/07/19 03:50,05F0287S,05F0309S,41,0,0
2026/07/19 03:50,05F0287S,05F0309S,42,0,0
2026/07/19 03:50,05F0287S,05F0309S,5,0,0
2026/07/19 03:50,05F0309S,05F0439S,31,476,4
2026/07/19 03:50,05F0309S,05F0439S,32,517,2
2026/07/19 03:50,05F0309S,05F0439S,41,0,0
2026/07/19 03:50,05F0309S,05F0439S,42,0,0
2026/07/19 03:50,05F0309S,05F0439S,5,0,0
2026/07/19 03:50,05F0439S,05F0494S,31,197,5
2026/07/19 03:50,05F0439S,05F0494S,32,205,6
2026/07/19 03:50,05F0439S,05F0494S,41,0,0
2026/07/19 03:50,05F0439S,05F0494S,42,0,0
2026/07/19 03:50,05F0439S,05F0494S,5,0,0
2026/07/19 03:55,05F0000S,05F0055S,31,233,17
2026/07/19 03:55,05F0000S,05F0055S,32,223,5
2026/07/19 03:55,05F0000S,05F0055S,41,0,0
2026/07/19 03:55,05F0000S,05F0055S,42,0,0
2026/07/19 03:55,05F0000S,05F0055S,5,0,0
2026/07/19 03:55,05F0055S,05F0287S,31,946,16
2026/07/19 03:55,05F0055S,05F0287S,32,944,8
2026/07/19 03:55,05F0055S,05F0287S,41,0,0
2026/07/19 03:55,05F0055S,05F0287S,42,0,0
2026/07/19 03:55,05F0055S,05F0287S,5,0,0
2026/07/19 03:55,05F0287S,05F0309S,31,87,13
2026/07/19 03:55,05F0287S,05F0309S,32,82,4
2026/07/19 03:55,05F0287S,05F0309S,41,0,0
2026/07/19 03:55,05F0287S,05F0309S,42,0,0
2026/07/19 03:55,05F0287S,05F0309S,5,0,0
2026/07/19 03:55,05F0309S,05F0439S,31,483,13
2026/07/19 03:55,05F0309S,05F0439S,32,478,5
2026/07/19 03:55,05F0309S,05F0439S,41,0,0
2026/07/19 03:55,05F0309S,05F0439S,42,0,0
2026/07/19 03:55,05F0309S,05F0439S,5,0,0
2026/07/19 03:55,05F0439S,05F0494S,31,200,3
2026/07/19 03:55,05F0439S,05F0494S,32,188,3
2026/07/19 03:55,05F0439S,05F0494S,41,0,0
2026/07/19 03:55,05F0439S,05F0494S,42,0,0
2026/07/19 03:55,05F0439S,05F0494S,5,0,0
2026/07/19 04:00,05F0000S,05F0055S,31,233,20
2026/07/19 04:00,05F0000S,05F0055S,32,246,7
2026/07/19 04:00,05F0000S,05F0055S,41,0,0
2026/07/19 04:00,05F0000S,05F0055S,42,0,0
2026/07/19 04:00,05F0000S,05F0055S,5,0,0
2026/07/19 04:00,05F0055S,05F0287S,31,910,8
2026/07/19 04:00,05F0055S,05F0287S,32,932,4
2026/07/19 04:00,05F0055S,05F0287S,41,0,0
2026/07/19 04:00,05F0055S,05F0287S,42,0,0
2026/07/19 04:00,05F0055S,05F0287S,5,0,0
2026/07/19 04:00,05F0287S,05F0309S,31,84,4
2026/07/19 04:00,05F0287S,05F0309S,32,83,6
2026/07/19 04:00,05F0287S,05F0309S,41,0,0
2026/07/19 04:00,05F0287S,05F0309S,42,0,0
2026/07/19 04:00,05F0287S,05F0309S,5,0,0
2026/07/19 04:00,05F0309S,05F0439S,31,452,8
2026/07/19 04:00,05F0309S,05F0439S,32,469,3
2026/07/19 04:00,05F0309S,05F0439S,41,0,0
2026/07/19 04:00,05F0309S,05F0439S,42,0,0
2026/07/19 04:00,05F0309S,05F0439S,5,0,0
2026/07/19 04:00,05F0439S,05F0494S,31,200,12
2026/07/19 04:00,05F0439S,05F0494S,32,228,1
2026/07/19 04:00,05F0439S,05F0494S,41,0,0
2026/07/19 04:00,05F0439S,05F0494S,42,0,0
2026/07/19 04:00,05F0439S,05F0494S,5,0,0
2026/07/19 04:05,05F0000S,05F0055S,31,233,18
2026/07/19 04:05,05F0000S,05F0055S,32,241,6
2026/07/19 04:05,05F0000S,05F0055S,41,0,0
2026/07/19 04:05,05F0000S,05F0055S,42,0,0
2026/07/19 04:05,05F0000S,05F0055S,5,0,0
2026/07/19 04:05,05F0055S,05F0287S,31,938,15
2026/07/19 04:05,05F0055S,05F0287S,32,947,4
2026/07/19 04:05,05F0055S,05F0287S,41,0,0
2026/07/19 04:05,05F0055S,05F0287S,42,0,0
2026/07/19 04:05,05F0055S,05F0287S,5,0,0
2026/07/19 04:05,05F0287S,05F0309S,31,86,4
2026/07/19 04:05,05F0287S,05F0309S,32,87,4
2026/07/19 04:05,05F0287S,05F0309S,41,0,0
2026/07/19 04:05,05F0287S,05F0309S,42,0,0
2026/07/19 04:05,05F0287S,05F0309S,5,0,0
2026/07/19 04:05,05F0309S,05F0439S,31,467,8
2026/07/19 04:05,05F0309S,05F0439S,32,451,5
2026/07/19 04:05,05F0309S,05F0439S,41,0,0
2026/07/19 04:05,05F0309S,05F0439S,42,0,0
2026/07/19 04:05,05F0309S,05F0439S,5,0,0
2026/07/19 04:05,05F0439S,05F0494S,31,141,4
2026/07/19 04:05,05F0439S,05F0494S,32,171,2
2026/07/19 04:05,05F0439S,05F0494S,41,0,0
2026/07/19 04:05,05F0439S,05F0494S,42,0,0
2026/07/19 04:05,05F0439S,05F0494S,5,0,0
2026/07/19 04:10,05F0000S,05F0055S,31,239,24
2026/07/19 04:10,05F0000S,05F0055S,32,242,7
2026/07/19 04:10,05F0000S,05F0055S,41,0,0
2026/07/19 04:10,05F0000S,05F0055S,42,0,0
2026/07/19 04:10,05F0000S,05F0055S,5,0,0
2026/07/19 04:10,05F0055S,05F0287S,31,944,21
2026/07/19 04:10,05F0055S,05F0287S,32,908,6
2026/07/19 04:10,05F0055S,05F0287S,41,0,0
2026/07/19 04:10,05F0055S,05F0287S,42,0,0
2026/07/19 04:10,05F0055S,05F0287S,5,0,0
2026/07/19 04:10,05F0287S,05F0309S,31,86,11
2026/07/19 04:10,05F0287S,05F0309S,32,81,2
2026/07/19 04:10,05F0287S,05F0309S,41,0,0
2026/07/19 04:10,05F0287S,05F0309S,42,0,0
2026/07/19 04:10,05F0287S,05F0309S,5,0,0
2026/07/19 04:10,05F0309S,05F0439S,31,467,1
2026/07/19 04:10,05F0309S,05F0439S,32,484,3
2026/07/19 04:10,05F0309S,05F0439S,41,0,0
2026/07/19 04:10,05F0309S,05F0439S,42,465,2
2026/07/19 04:10,05F0309S,05F0439S,5,0,0
2026/07/19 04:10,05F0439S,05F0494S,31,0,0
2026/07/19 04:10,05F0439S,05F0494S,32,209,3
2026/07/19 04:10,05F0439S,05F0494S,41,0,0
2026/07/19 04:10,05F0439S,05F0494S,42,0,0
2026/07/19 04:10,05F0439S,05F0494S,5,0,0
2026/07/19 04:15,05F0000S,05F0055S,31,241,17
2026/07/19 04:15,05F0000S,05F0055S,32,244,8
2026/07/19 04:15,05F0000S,05F0055S,41,0,0
2026/07/19 04:15,05F0000S,05F0055S,42,0,0
2026/07/19 04:15,05F0000S,05F0055S,5,0,0
2026/07/19 04:15,05F0055S,05F0287S,31,935,16
2026/07/19 04:15,05F0055S,05F0287S,32,968,6
2026/07/19 04:15,05F0055S,05F0287S,41,0,0
2026/07/19 04:15,05F0055S,05F0287S,42,0,0
2026/07/19 04:15,05F0055S,05F0287S,5,0,0
2026/07/19 04:15,05F0287S,05F0309S,31,84,8
2026/07/19 04:15,05F0287S,05F0309S,32,84,5
2026/07/19 04:15,05F0287S,05F0309S,41,0,0
2026/07/19 04:15,05F0287S,05F0309S,42,0,0
2026/07/19 04:15,05F0287S,05F0309S,5,0,0
2026/07/19 04:15,05F0309S,05F0439S,31,495,10
2026/07/19 04:15,05F0309S,05F0439S,32,459,1
2026/07/19 04:15,05F0309S,05F0439S,41,0,0
2026/07/19 04:15,05F0309S,05F0439S,42,542,3
2026/07/19 04:15,05F0309S,05F0439S,5,0,0
2026/07/19 04:15,05F0439S,05F0494S,31,211,2
2026/07/19 04:15,05F0439S,05F0494S,32,198,4
2026/07/19 04:15,05F0439S,05F0494S,41,0,0
2026/07/19 04:15,05F0439S,05F0494S,42,0,0
2026/07/19 04:15,05F0439S,05F0494S,5,0,0
2026/07/19 04:20,05F0000S,05F0055S,31,238,19
2026/07/19 04:20,05F0000S,05F0055S,32,240,11
2026/07/19 04:20,05F0000S,05F0055S,41,0,0
2026/07/19 04:20,05F0000S,05F0055S,42,0,0
2026/07/19 04:20,05F0000S,05F0055S,5,0,0
2026/07/19 04:20,05F0055S,05F0287S,31,935,19
2026/07/19 04:20,05F0055S,05F0287S,32,951,11
2026/07/19 04:20,05F0055S,05F0287S,41,0,0
2026/07/19 04:20,05F0055S,05F0287S,42,0,0
2026/07/19 04:20,05F0055S,05F0287S,5,0,0
2026/07/19 04:20,05F0287S,05F0309S,31,84,12
2026/07/19 04:20,05F0287S,05F0309S,32,88,6
2026/07/19 04:20,05F0287S,05F0309S,41,0,0
2026/07/19 04:20,05F0287S,05F0309S,42,0,0
2026/07/19 04:20,05F0287S,05F0309S,5,0,0
2026/07/19 04:20,05F0309S,05F0439S,31,494,5
2026/07/19 04:20,05F0309S,05F0439S,32,461,4
2026/07/19 04:20,05F0309S,05F0439S,41,0,0
2026/07/19 04:20,05F0309S,05F0439S,42,0,0
2026/07/19 04:20,05F0309S,05F0439S,5,0,0
2026/07/19 04:20,05F0439S,05F0494S,31,210,3
2026/07/19 04:20,05F0439S,05F0494S,32,0,0
2026/07/19 04:20,05F0439S,05F0494S,41,0,0
2026/07/19 04:20,05F0439S,05F0494S,42,239,2
2026/07/19 04:20,05F0439S,05F0494S,5,0,0
2026/07/19 04:25,05F0000S,05F0055S,31,230,23
2026/07/19 04:25,05F0000S,05F0055S,32,249,6
2026/07/19 04:25,05F0000S,05F0055S,41,0,0
2026/07/19 04:25,05F0000S,05F0055S,42,0,0
2026/07/19 04:25,05F0000S,05F0055S,5,0,0
2026/07/19 04:25,05F0055S,05F0287S,31,939,21
2026/07/19 04:25,05F0055S,05F0287S,32,951,4
2026/07/19 04:25,05F0055S,05F0287S,41,0,0
2026/07/19 04:25,05F0055S,05F0287S,42,0,0
2026/07/19 04:25,05F0055S,05F0287S,5,0,0
2026/07/19 04:25,05F0287S,05F0309S,31,87,10
2026/07/19 04:25,05F0287S,05F0309S,32,94,5
2026/07/19 04:25,05F0287S,05F0309S,41,0,0
2026/07/19 04:25,05F0287S,05F0309S,42,0,0
2026/07/19 04:25,05F0287S,05F0309S,5,0,0
2026/07/19 04:25,05F0309S,05F0439S,31,471,9
2026/07/19 04:25,05F0309S,05F0439S,32,465,3
2026/07/19 04:25,05F0309S,05F0439S,41,0,0
2026/07/19 04:25,05F0309S,05F0439S,42,502,1
2026/07/19 04:25,05F0309S,05F0439S,5,0,0
2026/07/19 04:25,05F0439S,05F0494S,31,216,3
2026/07/19 04:25,05F0439S,05F0494S,32,191,2
2026/07/19 04:25,05F0439S,05F0494S,41,0,0
2026/07/19 04:25,05F0439S,05F0494S,42,663,1
2026/07/19 04:25,05F0439S,05F0494S,5,0,0
2026/07/19 04:30,05F0000S,05F0055S,31,230,24
2026/07/19 04:30,05F0000S,05F0055S,32,223,6
2026/07/19 04:30,05F0000S,05F0055S,41,0,0
2026/07/19 04:30,05F0000S,05F0055S,42,0,0
2026/07/19 04:30,05F0000S,05F0055S,5,0,0
2026/07/19 04:30,05F0055S,05F0287S,31,937,13
2026/07/19 04:30,05F0055S,05F0287S,32,953,9
2026/07/19 04:30,05F0055S,05F0287S,41,0,0
2026/07/19 04:30,05F0055S,05F0287S,42,0,0
2026/07/19 04:30,05F0055S,05F0287S,5,0,0
2026/07/19 04:30,05F0287S,05F0309S,31,86,13
2026/07/19 04:30,05F0287S,05F0309S,32,89,7
2026/07/19 04:30,05F0287S,05F0309S,41,0,0
2026/07/19 04:30,05F0287S,05F0309S,42,0,0
2026/07/19 04:30,05F0287S,05F0309S,5,0,0
2026/07/19 04:30,05F0309S,05F0439S,31,491,12
2026/07/19 04:30,05F0309S,05F0439S,32,517,3
2026/07/19 04:30,05F0309S,05F0439S,41,0,0
2026/07/19 04:30,05F0309S,05F0439S,42,0,0
2026/07/19 04:30,05F0309S,05F0439S,5,0,0
2026/07/19 04:30,05F0439S,05F0494S,31,193,6
2026/07/19 04:30,05F0439S,05F0494S,32,211,3
2026/07/19 04:30,05F0439S,05F0494S,41,0,0
2026/07/19 04:30,05F0439S,05F0494S,42,209,1
2026/07/19 04:30,05F0439S,05F0494S,5,0,0
2026/07/19 04:35,05F0000S,05F0055S,31,234,18
2026/07/19 04:35,05F0000S,05F0055S,32,233,8
2026/07/19 04:35,05F0000S,05F0055S,41,0,0
2026/07/19 04:35,05F0000S,05F0055S,42,0,0
2026/07/19 04:35,05F0000S,05F0055S,5,0,0
2026/07/19 04:35,05F0055S,05F0287S,31,962,21
2026/07/19 04:35,05F0055S,05F0287S,32,943,11
2026/07/19 04:35,05F0055S,05F0287S,41,0,0
2026/07/19 04:35,05F0055S,05F0287S,42,0,0
2026/07/19 04:35,05F0055S,05F0287S,5,0,0
2026/07/19 04:35,05F0287S,05F0309S,31,87,11
2026/07/19 04:35,05F0287S,05F0309S,32,89,3
2026/07/19 04:35,05F0287S,05F0309S,41,0,0
2026/07/19 04:35,05F0287S,05F0309S,42,0,0
2026/07/19 04:35,05F0287S,05F0309S,5,0,0
2026/07/19 04:35,05F0309S,05F0439S,31,488,7
2026/07/19 04:35,05F0309S,05F0439S,32,532,6
2026/07/19 04:35,05F0309S,05F0439S,41,0,0
2026/07/19 04:35,05F0309S,05F0439S,42,489,1
2026/07/19 04:35,05F0309S,05F0439S,5,490,1
2026/07/19 04:35,05F0439S,05F0494S,31,209,6
2026/07/19 04:35,05F0439S,05F0494S,32,218,2
2026/07/19 04:35,05F0439S,05F0494S,41,0,0
2026/07/19 04:35,05F0439S,05F0494S,42,0,0
2026/07/19 04:35,05F0439S,05F0494S,5,0,0
2026/07/19 04:40,05F0000S,05F0055S,31,232,38
2026/07/19 04:40,05F0000S,05F0055S,32,237,16
2026/07/19 04:40,05F0000S,05F0055S,41,0,0
2026/07/19 04:40,05F0000S,05F0055S,42,0,0
2026/07/19 04:40,05F0000S,05F0055S,5,0,0
2026/07/19 04:40,05F0055S,05F0287S,31,945,26
2026/07/19 04:40,05F0055S,05F0287S,32,995,9
2026/07/19 04:40,05F0055S,05F0287S,41,0,0
2026/07/19 04:40,05F0055S,05F0287S,42,0,0
2026/07/19 04:40,05F0055S,05F0287S,5,0,0
2026/07/19 04:40,05F0287S,05F0309S,31,86,10
2026/07/19 04:40,05F0287S,05F0309S,32,90,5
2026/07/19 04:40,05F0287S,05F0309S,41,0,0
2026/07/19 04:40,05F0287S,05F0309S,42,0,0
2026/07/19 04:40,05F0287S,05F0309S,5,0,0
2026/07/19 04:40,05F0309S,05F0439S,31,527,4
2026/07/19 04:40,05F0309S,05F0439S,32,519,4
2026/07/19 04:40,05F0309S,05F0439S,41,0,0
2026/07/19 04:40,05F0309S,05F0439S,42,0,0
2026/07/19 04:40,05F0309S,05F0439S,5,0,0
2026/07/19 04:40,05F0439S,05F0494S,31,191,10
2026/07/19 04:40,05F0439S,05F0494S,32,197,3
2026/07/19 04:40,05F0439S,05F0494S,41,0,0
2026/07/19 04:40,05F0439S,05F0494S,42,197,1
2026/07/19 04:40,05F0439S,05F0494S,5,207,1
2026/07/19 04:45,05F0000S,05F0055S,31,239,28
2026/07/19 04:45,05F0000S,05F0055S,32,241,6
2026/07/19 04:45,05F0000S,05F0055S,41,0,0
2026/07/19 04:45,05F0000S,05F0055S,42,0,0
2026/07/19 04:45,05F0000S,05F0055S,5,0,0
2026/07/19 04:45,05F0055S,05F0287S,31,913,25
2026/07/19 04:45,05F0055S,05F0287S,32,883,6
2026/07/19 04:45,05F0055S,05F0287S,41,0,0
2026/07/19 04:45,05F0055S,05F0287S,42,0,0
2026/07/19 04:45,05F0055S,05F0287S,5,0,0
2026/07/19 04:45,05F0287S,05F0309S,31,84,18
2026/07/19 04:45,05F0287S,05F0309S,32,91,5
2026/07/19 04:45,05F0287S,05F0309S,41,0,0
2026/07/19 04:45,05F0287S,05F0309S,42,0,0
2026/07/19 04:45,05F0287S,05F0309S,5,0,0
2026/07/19 04:45,05F0309S,05F0439S,31,468,8
2026/07/19 04:45,05F0309S,05F0439S,32,473,3
2026/07/19 04:45,05F0309S,05F0439S,41,0,0
2026/07/19 04:45,05F0309S,05F0439S,42,0,0
2026/07/19 04:45,05F0309S,05F0439S,5,0,0
2026/07/19 04:45,05F0439S,05F0494S,31,217,7
2026/07/19 04:45,05F0439S,05F0494S,32,217,2
2026/07/19 04:45,05F0439S,05F0494S,41,0,0
2026/07/19 04:45,05F0439S,05F0494S,42,0,0
2026/07/19 04:45,05F0439S,05F0494S,5,0,0
2026/07/19 04:50,05F0000S,05F0055S,31,233,24
2026/07/19 04:50,05F0000S,05F0055S,32,242,9
2026/07/19 04:50,05F0000S,05F0055S,41,0,0
2026/07/19 04:50,05F0000S,05F0055S,42,0,0
2026/07/19 04:50,05F0000S,05F0055S,5,0,0
2026/07/19 04:50,05F0055S,05F0287S,31,937,18
2026/07/19 04:50,05F0055S,05F0287S,32,950,8
2026/07/19 04:50,05F0055S,05F0287S,41,0,0
2026/07/19 04:50,05F0055S,05F0287S,42,0,0
2026/07/19 04:50,05F0055S,05F0287S,5,0,0
2026/07/19 04:50,05F0287S,05F0309S,31,86,9
2026/07/19 04:50,05F0287S,05F0309S,32,87,8
2026/07/19 04:50,05F0287S,05F0309S,41,0,0
2026/07/19 04:50,05F0287S,05F0309S,42,0,0
2026/07/19 04:50,05F0287S,05F0309S,5,0,0
2026/07/19 04:50,05F0309S,05F0439S,31,479,8
2026/07/19 04:50,05F0309S,05F0439S,32,499,4
2026/07/19 04:50,05F0309S,05F0439S,41,0,0
2026/07/19 04:50,05F0309S,05F0439S,42,0,0
2026/07/19 04:50,05F0309S,05F0439S,5,0,0
2026/07/19 04:50,05F0439S,05F0494S,31,205,4
2026/07/19 04:50,05F0439S,05F0494S,32,204,1
2026/07/19 04:50,05F0439S,05F0494S,41,0,0
2026/07/19 04:50,05F0439S,05F0494S,42,0,0
2026/07/19 04:50,05F0439S,05F0494S,5,0,0
2026/07/19 04:55,05F0000S,05F0055S,31,235,31
2026/07/19 04:55,05F0000S,05F0055S,32,239,12
2026/07/19 04:55,05F0000S,05F0055S,41,0,0
2026/07/19 04:55,05F0000S,05F0055S,42,0,0
2026/07/19 04:55,05F0000S,05F0055S,5,0,0
2026/07/19 04:55,05F0055S,05F0287S,31,916,35
2026/07/19 04:55,05F0055S,05F0287S,32,920,14
2026/07/19 04:55,05F0055S,05F0287S,41,0,0
2026/07/19 04:55,05F0055S,05F0287S,42,0,0
2026/07/19 04:55,05F0055S,05F0287S,5,0,0
2026/07/19 04:55,05F0287S,05F0309S,31,76,23
2026/07/19 04:55,05F0287S,05F0309S,32,77,7
2026/07/19 04:55,05F0287S,05F0309S,41,0,0
2026/07/19 04:55,05F0287S,05F0309S,42,0,0
2026/07/19 04:55,05F0287S,05F0309S,5,0,0
2026/07/19 04:55,05F0309S,05F0439S,31,460,11
2026/07/19 04:55,05F0309S,05F0439S,32,432,3
2026/07/19 04:55,05F0309S,05F0439S,41,0,0
2026/07/19 04:55,05F0309S,05F0439S,42,0,0
2026/07/19 04:55,05F0309S,05F0439S,5,530,2
2026/07/19 04:55,05F0439S,05F0494S,31,211,6
2026/07/19 04:55,05F0439S,05F0494S,32,226,6
2026/07/19 04:55,05F0439S,05F0494S,41,0,0
2026/07/19 04:55,05F0439S,05F0494S,42,0,0
2026/07/19 04:55,05F0439S,05F0494S,5,236,1
2026/07/19 05:00,05F0000S,05F0055S,31,233,27
2026/07/19 05:00,05F0000S,05F0055S,32,232,17
2026/07/19 05:00,05F0000S,05F0055S,41,0,0
2026/07/19 05:00,05F0000S,05F0055S,42,0,0
2026/07/19 05:00,05F0000S,05F0055S,5,0,0
2026/07/19 05:00,05F0055S,05F0287S,31,944,23
2026/07/19 05:00,05F0055S,05F0287S,32,968,8
2026/07/19 05:00,05F0055S,05F0287S,41,0,0
2026/07/19 05:00,05F0055S,05F0287S,42,0,0
2026/07/19 05:00,05F0055S,05F0287S,5,0,0
2026/07/19 05:00,05F0287S,05F0309S,31,89,12
2026/07/19 05:00,05F0287S,05F0309S,32,88,6
2026/07/19 05:00,05F0287S,05F0309S,41,0,0
2026/07/19 05:00,05F0287S,05F0309S,42,0,0
2026/07/19 05:00,05F0287S,05F0309S,5,0,0
2026/07/19 05:00,05F0309S,05F0439S,31,402,14
2026/07/19 05:00,05F0309S,05F0439S,32,489,7
2026/07/19 05:00,05F0309S,05F0439S,41,0,0
2026/07/19 05:00,05F0309S,05F0439S,42,579,2
2026/07/19 05:00,05F0309S,05F0439S,5,478,1
2026/07/19 05:00,05F0439S,05F0494S,31,196,6
2026/07/19 05:00,05F0439S,05F0494S,32,0,0
2026/07/19 05:00,05F0439S,05F0494S,41,0,0
2026/07/19 05:00,05F0439S,05F0494S,42,0,0
2026/07/19 05:00,05F0439S,05F0494S,5,211,1
2026/07/19 05:05,05F0000S,05F0055S,31,224,30
2026/07/19 05:05,05F0000S,05F0055S,32,230,13
2026/07/19 05:05,05F0000S,05F0055S,41,0,0
2026/07/19 05:05,05F0000S,05F0055S,42,0,0
2026/07/19 05:05,05F0000S,05F0055S,5,0,0
2026/07/19 05:05,05F0055S,05F0287S,31,928,26
2026/07/19 05:05,05F0055S,05F0287S,32,955,11
2026/07/19 05:05,05F0055S,05F0287S,41,0,0
2026/07/19 05:05,05F0055S,05F0287S,42,0,0
2026/07/19 05:05,05F0055S,05F0287S,5,0,0
2026/07/19 05:05,05F0287S,05F0309S,31,82,20
2026/07/19 05:05,05F0287S,05F0309S,32,86,6
2026/07/19 05:05,05F0287S,05F0309S,41,0,0
2026/07/19 05:05,05F0287S,05F0309S,42,0,0
2026/07/19 05:05,05F0287S,05F0309S,5,0,0
2026/07/19 05:05,05F0309S,05F0439S,31,495,7
2026/07/19 05:05,05F0309S,05F0439S,32,471,4
2026/07/19 05:05,05F0309S,05F0439S,41,0,0
2026/07/19 05:05,05F0309S,05F0439S,42,0,0
2026/07/19 05:05,05F0309S,05F0439S,5,0,0
2026/07/19 05:05,05F0439S,05F0494S,31,176,15
2026/07/19 05:05,05F0439S,05F0494S,32,199,7
2026/07/19 05:05,05F0439S,05F0494S,41,0,0
2026/07/19 05:05,05F0439S,05F0494S,42,240,1
2026/07/19 05:05,05F0439S,05F0494S,5,197,1
2026/07/19 05:10,05F0000S,05F0055S,31,228,45
2026/07/19 05:10,05F0000S,05F0055S,32,246,12
2026/07/19 05:10,05F0000S,05F0055S,41,0,0
2026/07/19 05:10,05F0000S,05F0055S,42,0,0
2026/07/19 05:10,05F0000S,05F0055S,5,0,0
2026/07/19 05:10,05F0055S,05F0287S,31,945,27
2026/07/19 05:10,05F0055S,05F0287S,32,918,7
2026/07/19 05:10,05F0055S,05F0287S,41,0,0
2026/07/19 05:10,05F0055S,05F0287S,42,0,0
2026/07/19 05:10,05F0055S,05F0287S,5,0,0
2026/07/19 05:10,05F0287S,05F0309S,31,83,16
2026/07/19 05:10,05F0287S,05F0309S,32,91,2
2026/07/19 05:10,05F0287S,05F0309S,41,0,0
2026/07/19 05:10,05F0287S,05F0309S,42,0,0
2026/07/19 05:10,05F0287S,05F0309S,5,0,0
2026/07/19 05:10,05F0309S,05F0439S,31,463,12
2026/07/19 05:10,05F0309S,05F0439S,32,503,4
2026/07/19 05:10,05F0309S,05F0439S,41,0,0
2026/07/19 05:10,05F0309S,05F0439S,42,526,3
2026/07/19 05:10,05F0309S,05F0439S,5,544,2
2026/07/19 05:10,05F0439S,05F0494S,31,204,3
2026/07/19 05:10,05F0439S,05F0494S,32,217,2
2026/07/19 05:10,05F0439S,05F0494S,41,0,0
2026/07/19 05:10,05F0439S,05F0494S,42,231,1
2026/07/19 05:10,05F0439S,05F0494S,5,230,2
2026/07/19 05:15,05F0000S,05F0055S,31,244,32
2026/07/19 05:15,05F0000S,05F0055S,32,233,13
2026/07/19 05:15,05F0000S,05F0055S,41,0,0
2026/07/19 05:15,05F0000S,05F0055S,42,0,0
2026/07/19 05:15,05F0000S,05F0055S,5,0,0
2026/07/19 05:15,05F0055S,05F0287S,31,947,21
2026/07/19 05:15,05F0055S,05F0287S,32,950,17
2026/07/19 05:15,05F0055S,05F0287S,41,0,0
2026/07/19 05:15,05F0055S,05F0287S,42,0,0
2026/07/19 05:15,05F0055S,05F0287S,5,0,0
2026/07/19 05:15,05F0287S,05F0309S,31,89,15
2026/07/19 05:15,05F0287S,05F0309S,32,83,13
2026/07/19 05:15,05F0287S,05F0309S,41,0,0
2026/07/19 05:15,05F0287S,05F0309S,42,0,0
2026/07/19 05:15,05F0287S,05F0309S,5,0,0
2026/07/19 05:15,05F0309S,05F0439S,31,441,10
2026/07/19 05:15,05F0309S,05F0439S,32,509,4
2026/07/19 05:15,05F0309S,05F0439S,41,0,0
2026/07/19 05:15,05F0309S,05F0439S,42,0,0
2026/07/19 05:15,05F0309S,05F0439S,5,626,1
2026/07/19 05:15,05F0439S,05F0494S,31,190,9
2026/07/19 05:15,05F0439S,05F0494S,32,215,2
2026/07/19 05:15,05F0439S,05F0494S,41,229,1
2026/07/19 05:15,05F0439S,05F0494S,42,195,1
2026/07/19 05:15,05F0439S,05F0494S,5,0,0
2026/07/19 05:20,05F0000S,05F0055S,31,227,39
2026/07/19 05:20,05F0000S,05F0055S,32,244,13
2026/07/19 05:20,05F0000S,05F0055S,41,268,1
2026/07/19 05:20,05F0000S,05F0055S,42,226,1
2026/07/19 05:20,05F0000S,05F0055S,5,0,0
2026/07/19 05:20,05F0055S,05F0287S,31,930,28
2026/07/19 05:20,05F0055S,05F0287S,32,982,10
2026/07/19 05:20,05F0055S,05F0287S,41,0,0
2026/07/19 05:20,05F0055S,05F0287S,42,0,0
2026/07/19 05:20,05F0055S,05F0287S,5,0,0
2026/07/19 05:20,05F0287S,05F0309S,31,83,15
2026/07/19 05:20,05F0287S,05F0309S,32,79,5
2026/07/19 05:20,05F0287S,05F0309S,41,0,0
2026/07/19 05:20,05F0287S,05F0309S,42,0,0
2026/07/19 05:20,05F0287S,05F0309S,5,0,0
2026/07/19 05:20,05F0309S,05F0439S,31,495,7
2026/07/19 05:20,05F0309S,05F0439S,32,477,2
2026/07/19 05:20,05F0309S,05F0439S,41,0,0
2026/07/19 05:20,05F0309S,05F0439S,42,0,0
2026/07/19 05:20,05F0309S,05F0439S,5,0,0
2026/07/19 05:20,05F0439S,05F0494S,31,186,6
2026/07/19 05:20,05F0439S,05F0494S,32,212,2
2026/07/19 05:20,05F0439S,05F0494S,41,0,0
2026/07/19 05:20,05F0439S,05F0494S,42,0,0
2026/07/19 05:20,05F0439S,05F0494S,5,264,1
2026/07/19 05:25,05F0000S,05F0055S,31,235,57
2026/07/19 05:25,05F0000S,05F0055S,32,235,17
2026/07/19 05:25,05F0000S,05F0055S,41,0,0
2026/07/19 05:25,05F0000S,05F0055S,42,0,0
2026/07/19 05:25,05F0000S,05F0055S,5,0,0
2026/07/19 05:25,05F0055S,05F0287S,31,952,39
2026/07/19 05:25,05F0055S,05F0287S,32,952,17
2026/07/19 05:25,05F0055S,05F0287S,41,0,0
2026/07/19 05:25,05F0055S,05F0287S,42,0,0
2026/07/19 05:25,05F0055S,05F0287S,5,0,0
2026/07/19 05:25,05F0287S,05F0309S,31,81,15
2026/07/19 05:25,05F0287S,05F0309S,32,92,9
2026/07/19 05:25,05F0287S,05F0309S,41,0,0
2026/07/19 05:25,05F0287S,05F0309S,42,0,0
2026/07/19 05:25,05F0287S,05F0309S,5,0,0
2026/07/19 05:25,05F0309S,05F0439S,31,488,15
2026/07/19 05:25,05F0309S,05F0439S,32,466,8
2026/07/19 05:25,05F0309S,05F0439S,41,0,0
2026/07/19 05:25,05F0309S,05F0439S,42,0,0
2026/07/19 05:25,05F0309S,05F0439S,5,0,0
2026/07/19 05:25,05F0439S,05F0494S,31,206,4
2026/07/19 05:25,05F0439S,05F0494S,32,217,7
2026/07/19 05:25,05F0439S,05F0494S,41,0,0
2026/07/19 05:25,05F0439S,05F0494S,42,0,0
2026/07/19 05:25,05F0439S,05F0494S,5,0,0
2026/07/19 05:30,05F0000S,05F0055S,31,244,50
2026/07/19 05:30,05F0000S,05F0055S,32,234,21
2026/07/19 05:30,05F0000S,05F0055S,41,0,0
2026/07/19 05:30,05F0000S,05F0055S,42,0,0
2026/07/19 05:30,05F0000S,05F0055S,5,0,0
2026/07/19 05:30,05F0055S,05F0287S,31,953,27
2026/07/19 05:30,05F0055S,05F0287S,32,951,13
2026/07/19 05:30,05F0055S,05F0287S,41,0,0
2026/07/19 05:30,05F0055S,05F0287S,42,0,0
2026/07/19 05:30,05F0055S,05F0287S,5,0,0
2026/07/19 05:30,05F0287S,05F0309S,31,83,22
2026/07/19 05:30,05F0287S,05F0309S,32,85,11
2026/07/19 05:30,05F0287S,05F0309S,41,0,0
2026/07/19 05:30,05F0287S,05F0309S,42,0,0
2026/07/19 05:30,05F0287S,05F0309S,5,0,0
2026/07/19 05:30,05F0309S,05F0439S,31,494,8
2026/07/19 05:30,05F0309S,05F0439S,32,511,4
2026/07/19 05:30,05F0309S,05F0439S,41,0,0
2026/07/19 05:30,05F0309S,05F0439S,42,0,0
2026/07/19 05:30,05F0309S,05F0439S,5,0,0
2026/07/19 05:30,05F0439S,05F0494S,31,206,11
2026/07/19 05:30,05F0439S,05F0494S,32,193,2
2026/07/19 05:30,05F0439S,05F0494S,41,0,0
2026/07/19 05:30,05F0439S,05F0494S,42,0,0
2026/07/19 05:30,05F0439S,05F0494S,5,0,0
2026/07/19 05:35,05F0000S,05F0055S,31,236,45
2026/07/19 05:35,05F0000S,05F0055S,32,229,11
2026/07/19 05:35,05F0000S,05F0055S,41,1356,1
2026/07/19 05:35,05F0000S,05F0055S,42,0,0
2026/07/19 05:35,05F0000S,05F0055S,5,0,0
2026/07/19 05:35,05F0055S,05F0287S,31,962,36
2026/07/19 05:35,05F0055S,05F0287S,32,959,12
2026/07/19 05:35,05F0055S,05F0287S,41,0,0
2026/07/19 05:35,05F0055S,05F0287S,42,892,1
2026/07/19 05:35,05F0055S,05F0287S,5,0,0
2026/07/19 05:35,05F0287S,05F0309S,31,86,20
2026/07/19 05:35,05F0287S,05F0309S,32,86,6
2026/07/19 05:35,05F0287S,05F0309S,41,0,0
2026/07/19 05:35,05F0287S,05F0309S,42,0,0
2026/07/19 05:35,05F0287S,05F0309S,5,0,0
2026/07/19 05:35,05F0309S,05F0439S,31,463,18
2026/07/19 05:35,05F0309S,05F0439S,32,503,8
2026/07/19 05:35,05F0309S,05F0439S,41,0,0
2026/07/19 05:35,05F0309S,05F0439S,42,508,1
2026/07/19 05:35,05F0309S,05F0439S,5,460,1
2026/07/19 05:35,05F0439S,05F0494S,31,211,5
2026/07/19 05:35,05F0439S,05F0494S,32,210,9
2026/07/19 05:35,05F0439S,05F0494S,41,0,0
2026/07/19 05:35,05F0439S,05F0494S,42,0,0
2026/07/19 05:35,05F0439S,05F0494S,5,0,0
2026/07/19 05:40,05F0000S,05F0055S,31,232,49
2026/07/19 05:40,05F0000S,05F0055S,32,229,14
2026/07/19 05:40,05F0000S,05F0055S,41,0,0
2026/07/19 05:40,05F0000S,05F0055S,42,0,0
2026/07/19 05:40,05F0000S,05F0055S,5,0,0
2026/07/19 05:40,05F0055S,05F0287S,31,918,48
2026/07/19 05:40,05F0055S,05F0287S,32,944,20
2026/07/19 05:40,05F0055S,05F0287S,41,0,0
2026/07/19 05:40,05F0055S,05F0287S,42,0,0
2026/07/19 05:40,05F0055S,05F0287S,5,0,0
2026/07/19 05:40,05F0287S,05F0309S,31,83,22
2026/07/19 05:40,05F0287S,05F0309S,32,84,12
2026/07/19 05:40,05F0287S,05F0309S,41,0,0
2026/07/19 05:40,05F0287S,05F0309S,42,0,0
2026/07/19 05:40,05F0287S,05F0309S,5,0,0
2026/07/19 05:40,05F0309S,05F0439S,31,452,6
2026/07/19 05:40,05F0309S,05F0439S,32,467,9
2026/07/19 05:40,05F0309S,05F0439S,41,0,0
2026/07/19 05:40,05F0309S,05F0439S,42,563,1
2026/07/19 05:40,05F0309S,05F0439S,5,525,2
2026/07/19 05:40,05F0439S,05F0494S,31,183,10
2026/07/19 05:40,05F0439S,05F0494S,32,179,6
2026/07/19 05:40,05F0439S,05F0494S,41,0,0
2026/07/19 05:40,05F0439S,05F0494S,42,0,0
2026/07/19 05:40,05F0439S,05F0494S,5,181,1
2026/07/19 05:45,05F0000S,05F0055S,31,241,70
2026/07/19 05:45,05F0000S,05F0055S,32,241,24
2026/07/19 05:45,05F0000S,05F0055S,41,235,1
2026/07/19 05:45,05F0000S,05F0055S,42,0,0
2026/07/19 05:45,05F0000S,05F0055S,5,0,0
2026/07/19 05:45,05F0055S,05F0287S,31,940,35
2026/07/19 05:45,05F0055S,05F0287S,32,937,14
2026/07/19 05:45,05F0055S,05F0287S,41,0,0
2026/07/19 05:45,05F0055S,05F0287S,42,0,0
2026/07/19 05:45,05F0055S,05F0287S,5,0,0
2026/07/19 05:45,05F0287S,05F0309S,31,85,35
2026/07/19 05:45,05F0287S,05F0309S,32,82,15
2026/07/19 05:45,05F0287S,05F0309S,41,0,0
2026/07/19 05:45,05F0287S,05F0309S,42,0,0
2026/07/19 05:45,05F0287S,05F0309S,5,0,0
2026/07/19 05:45,05F0309S,05F0439S,31,477,16
2026/07/19 05:45,05F0309S,05F0439S,32,471,3
2026/07/19 05:45,05F0309S,05F0439S,41,0,0
2026/07/19 05:45,05F0309S,05F0439S,42,643,1
2026/07/19 05:45,05F0309S,05F0439S,5,519,1
2026/07/19 05:45,05F0439S,05F0494S,31,199,9
2026/07/19 05:45,05F0439S,05F0494S,32,196,6
2026/07/19 05:45,05F0439S,05F0494S,41,0,0
2026/07/19 05:45,05F0439S,05F0494S,42,0,0
2026/07/19 05:45,05F0439S,05F0494S,5,230,1
2026/07/19 05:50,05F0000S,05F0055S,31,237,71
2026/07/19 05:50,05F0000S,05F0055S,32,240,17
2026/07/19 05:50,05F0000S,05F0055S,41,0,0
2026/07/19 05:50,05F0000S,05F0055S,42,0,0
2026/07/19 05:50,05F0000S,05F0055S,5,0,0
2026/07/19 05:50,05F0055S,05F0287S,31,964,49
2026/07/19 05:50,05F0055S,05F0287S,32,986,13
2026/07/19 05:50,05F0055S,05F0287S,41,0,0
2026/07/19 05:50,05F0055S,05F0287S,42,0,0
2026/07/19 05:50,05F0055S,05F0287S,5,0,0
2026/07/19 05:50,05F0287S,05F0309S,31,84,23
2026/07/19 05:50,05F0287S,05F0309S,32,87,13
2026/07/19 05:50,05F0287S,05F0309S,41,0,0
2026/07/19 05:50,05F0287S,05F0309S,42,0,0
2026/07/19 05:50,05F0287S,05F0309S,5,0,0
2026/07/19 05:50,05F0309S,05F0439S,31,458,19
2026/07/19 05:50,05F0309S,05F0439S,32,474,13
2026/07/19 05:50,05F0309S,05F0439S,41,534,1
2026/07/19 05:50,05F0309S,05F0439S,42,0,0
2026/07/19 05:50,05F0309S,05F0439S,5,0,0
2026/07/19 05:50,05F0439S,05F0494S,31,207,8
2026/07/19 05:50,05F0439S,05F0494S,32,205,8
2026/07/19 05:50,05F0439S,05F0494S,41,0,0
2026/07/19 05:50,05F0439S,05F0494S,42,213,1
2026/07/19 05:50,05F0439S,05F0494S,5,213,1
2026/07/19 05:55,05F0000S,05F0055S,31,242,63
2026/07/19 05:55,05F0000S,05F0055S,32,245,12
2026/07/19 05:55,05F0000S,05F0055S,41,0,0
2026/07/19 05:55,05F0000S,05F0055S,42,0,0
2026/07/19 05:55,05F0000S,05F0055S,5,0,0
2026/07/19 05:55,05F0055S,05F0287S,31,943,48
2026/07/19 05:55,05F0055S,05F0287S,32,930,12
2026/07/19 05:55,05F0055S,05F0287S,41,1037,1
2026/07/19 05:55,05F0055S,05F0287S,42,0,0
2026/07/19 05:55,05F0055S,05F0287S,5,0,0
2026/07/19 05:55,05F0287S,05F0309S,31,84,29
2026/07/19 05:55,05F0287S,05F0309S,32,86,10
2026/07/19 05:55,05F0287S,05F0309S,41,87,1
2026/07/19 05:55,05F0287S,05F0309S,42,0,0
2026/07/19 05:55,05F0287S,05F0309S,5,0,0
2026/07/19 05:55,05F0309S,05F0439S,31,445,15
2026/07/19 05:55,05F0309S,05F0439S,32,480,7
2026/07/19 05:55,05F0309S,05F0439S,41,0,0
2026/07/19 05:55,05F0309S,05F0439S,42,0,0
2026/07/19 05:55,05F0309S,05F0439S,5,0,0
2026/07/19 05:55,05F0439S,05F0494S,31,184,9
2026/07/19 05:55,05F0439S,05F0494S,32,203,9
2026/07/19 05:55,05F0439S,05F0494S,41,0,0
2026/07/19 05:55,05F0439S,05F0494S,42,0,0
2026/07/19 05:55,05F0439S,05F0494S,5,0,0
2026/07/19 06:00,05F0000S,05F0055S,31,242,79
2026/07/19 06:00,05F0000S,05F0055S,32,244,16
2026/07/19 06:00,05F0000S,05F0055S,41,0,0
2026/07/19 06:00,05F0000S,05F0055S,42,0,0
2026/07/19 06:00,05F0000S,05F0055S,5,0,0
2026/07/19 06:00,05F0055S,05F0287S,31,995,63
2026/07/19 06:00,05F0055S,05F0287S,32,999,20
2026/07/19 06:00,05F0055S,05F0287S,41,0,0
2026/07/19 06:00,05F0055S,05F0287S,42,0,0
2026/07/19 06:00,05F0055S,05F0287S,5,0,0
2026/07/19 06:00,05F0287S,05F0309S,31,85,31
2026/07/19 06:00,05F0287S,05F0309S,32,84,12
2026/07/19 06:00,05F0287S,05F0309S,41,0,0
2026/07/19 06:00,05F0287S,05F0309S,42,0,0
2026/07/19 06:00,05F0287S,05F0309S,5,0,0
2026/07/19 06:00,05F0309S,05F0439S,31,476,17
2026/07/19 06:00,05F0309S,05F0439S,32,498,8
2026/07/19 06:00,05F0309S,05F0439S,41,0,0
2026/07/19 06:00,05F0309S,05F0439S,42,0,0
2026/07/19 06:00,05F0309S,05F0439S,5,0,0
2026/07/19 06:00,05F0439S,05F0494S,31,206,14
2026/07/19 06:00,05F0439S,05F0494S,32,210,6
2026/07/19 06:00,05F0439S,05F0494S,41,0,0
2026/07/19 06:00,05F0439S,05F0494S,42,0,0
2026/07/19 06:00,05F0439S,05F0494S,5,197,1
2026/07/19 06:05,05F0000S,05F0055S,31,244,78
2026/07/19 06:05,05F0000S,05F0055S,32,248,27
2026/07/19 06:05,05F0000S,05F0055S,41,239,1
2026/07/19 06:05,05F0000S,05F0055S,42,0,0
2026/07/19 06:05,05F0000S,05F0055S,5,0,0
2026/07/19 06:05,05F0055S,05F0287S,31,955,61
2026/07/19 06:05,05F0055S,05F0287S,32,950,19
2026/07/19 06:05,05F0055S,05F0287S,41,1008,1
2026/07/19 06:05,05F0055S,05F0287S,42,0,0
2026/07/19 06:05,05F0055S,05F0287S,5,0,0
2026/07/19 06:05,05F0287S,05F0309S,31,84,44
2026/07/19 06:05,05F0287S,05F0309S,32,83,16
2026/07/19 06:05,05F0287S,05F0309S,41,0,0
2026/07/19 06:05,05F0287S,05F0309S,42,0,0
2026/07/19 06:05,05F0287S,05F0309S,5,0,0
2026/07/19 06:05,05F0309S,05F0439S,31,476,27
2026/07/19 06:05,05F0309S,05F0439S,32,481,9
2026/07/19 06:05,05F0309S,05F0439S,41,0,0
2026/07/19 06:05,05F0309S,05F0439S,42,461,3
2026/07/19 06:05,05F0309S,05F0439S,5,533,1
2026/07/19 06:05,05F0439S,05F0494S,31,202,17
2026/07/19 06:05,05F0439S,05F0494S,32,223,1
2026/07/19 06:05,05F0439S,05F0494S,41,0,0
2026/07/19 06:05,05F0439S,05F0494S,42,191,4
2026/07/19 06:05,05F0439S,05F0494S,5,214,1
2026/07/19 06:10,05F0000S,05F0055S,31,243,95
2026/07/19 06:10,05F0000S,05F0055S,32,245,29
2026/07/19 06:10,05F0000S,05F0055S,41,0,0
2026/07/19 06:10,05F0000S,05F0055S,42,0,0
2026/07/19 06:10,05F0000S,05F0055S,5,0,0
2026/07/19 06:10,05F0055S,05F0287S,31,959,56
2026/07/19 06:10,05F0055S,05F0287S,32,964,13
2026/07/19 06:10,05F0055S,05F0287S,41,0,0
2026/07/19 06:10,05F0055S,05F0287S,42,0,0
2026/07/19 06:10,05F0055S,05F0287S,5,0,0
2026/07/19 06:10,05F0287S,05F0309S,31,85,37
2026/07/19 06:10,05F0287S,05F0309S,32,85,10
2026/07/19 06:10,05F0287S,05F0309S,41,0,0
2026/07/19 06:10,05F0287S,05F0309S,42,0,0
2026/07/19 06:10,05F0287S,05F0309S,5,0,0
2026/07/19 06:10,05F0309S,05F0439S,31,467,33
2026/07/19 06:10,05F0309S,05F0439S,32,449,11
2026/07/19 06:10,05F0309S,05F0439S,41,0,0
2026/07/19 06:10,05F0309S,05F0439S,42,485,1
2026/07/19 06:10,05F0309S,05F0439S,5,0,0
2026/07/19 06:10,05F0439S,05F0494S,31,209,13
2026/07/19 06:10,05F0439S,05F0494S,32,206,4
2026/07/19 06:10,05F0439S,05F0494S,41,253,1
2026/07/19 06:10,05F0439S,05F0494S,42,0,0
2026/07/19 06:10,05F0439S,05F0494S,5,226,1
2026/07/19 06:15,05F0000S,05F0055S,31,244,91
2026/07/19 06:15,05F0000S,05F0055S,32,247,17
2026/07/19 06:15,05F0000S,05F0055S,41,240,1
2026/07/19 06:15,05F0000S,05F0055S,42,0,0
2026/07/19 06:15,05F0000S,05F0055S,5,0,0
2026/07/19 06:15,05F0055S,05F0287S,31,931,64
2026/07/19 06:15,05F0055S,05F0287S,32,961,15
2026/07/19 06:15,05F0055S,05F0287S,41,0,0
2026/07/19 06:15,05F0055S,05F0287S,42,0,0
2026/07/19 06:15,05F0055S,05F0287S,5,0,0
2026/07/19 06:15,05F0287S,05F0309S,31,80,40
2026/07/19 06:15,05F0287S,05F0309S,32,84,13
2026/07/19 06:15,05F0287S,05F0309S,41,0,0
2026/07/19 06:15,05F0287S,05F0309S,42,0,0
2026/07/19 06:15,05F0287S,05F0309S,5,0,0
2026/07/19 06:15,05F0309S,05F0439S,31,499,20
2026/07/19 06:15,05F0309S,05F0439S,32,477,11
2026/07/19 06:15,05F0309S,05F0439S,41,0,0
2026/07/19 06:15,05F0309S,05F0439S,42,458,1
2026/07/19 06:15,05F0309S,05F0439S,5,539,3
2026/07/19 06:15,05F0439S,05F0494S,31,196,21
2026/07/19 06:15,05F0439S,05F0494S,32,189,10
2026/07/19 06:15,05F0439S,05F0494S,41,0,0
2026/07/19 06:15,05F0439S,05F0494S,42,190,2
2026/07/19 06:15,05F0439S,05F0494S,5,0,0
2026/07/19 06:20,05F0000S,05F0055S,31,249,97
2026/07/19 06:20,05F0000S,05F0055S,32,255,26
2026/07/19 06:20,05F0000S,05F0055S,41,237,1
2026/07/19 06:20,05F0000S,05F0055S,42,0,0
2026/07/19 06:20,05F0000S,05F0055S,5,0,0
2026/07/19 06:20,05F0055S,05F0287S,31,961,55
2026/07/19 06:20,05F0055S,05F0287S,32,979,18
2026/07/19 06:20,05F0055S,05F0287S,41,990,1
2026/07/19 06:20,05F0055S,05F0287S,42,0,0
2026/07/19 06:20,05F0055S,05F0287S,5,0,0
2026/07/19 06:20,05F0287S,05F0309S,31,85,38
2026/07/19 06:20,05F0287S,05F0309S,32,89,12
2026/07/19 06:20,05F0287S,05F0309S,41,92,1
2026/07/19 06:20,05F0287S,05F0309S,42,0,0
2026/07/19 06:20,05F0287S,05F0309S,5,0,0
2026/07/19 06:20,05F0309S,05F0439S,31,449,26
2026/07/19 06:20,05F0309S,05F0439S,32,491,10
2026/07/19 06:20,05F0309S,05F0439S,41,0,0
2026/07/19 06:20,05F0309S,05F0439S,42,0,0
2026/07/19 06:20,05F0309S,05F0439S,5,518,1
2026/07/19 06:20,05F0439S,05F0494S,31,208,20
2026/07/19 06:20,05F0439S,05F0494S,32,202,5
2026/07/19 06:20,05F0439S,05F0494S,41,0,0
2026/07/19 06:20,05F0439S,05F0494S,42,0,0
2026/07/19 06:20,05F0439S,05F0494S,5,250,2
2026/07/19 06:25,05F0000S,05F0055S,31,248,88
2026/07/19 06:25,05F0000S,05F0055S,32,247,35
2026/07/19 06:25,05F0000S,05F0055S,41,0,0
2026/07/19 06:25,05F0000S,05F0055S,42,0,0
2026/07/19 06:25,05F0000S,05F0055S,5,0,0
2026/07/19 06:25,05F0055S,05F0287S,31,989,93
2026/07/19 06:25,05F0055S,05F0287S,32,984,29
2026/07/19 06:25,05F0055S,05F0287S,41,0,0
2026/07/19 06:25,05F0055S,05F0287S,42,0,0
2026/07/19 06:25,05F0055S,05F0287S,5,0,0
2026/07/19 06:25,05F0287S,05F0309S,31,87,41
2026/07/19 06:25,05F0287S,05F0309S,32,87,19
2026/07/19 06:25,05F0287S,05F0309S,41,0,0
2026/07/19 06:25,05F0287S,05F0309S,42,0,0
2026/07/19 06:25,05F0287S,05F0309S,5,0,0
2026/07/19 06:25,05F0309S,05F0439S,31,454,22
2026/07/19 06:25,05F0309S,05F0439S,32,467,6
2026/07/19 06:25,05F0309S,05F0439S,41,0,0
2026/07/19 06:25,05F0309S,05F0439S,42,0,0
2026/07/19 06:25,05F0309S,05F0439S,5,0,0
2026/07/19 06:25,05F0439S,05F0494S,31,182,11
2026/07/19 06:25,05F0439S,05F0494S,32,198,6
2026/07/19 06:25,05F0439S,05F0494S,41,0,0
2026/07/19 06:25,05F0439S,05F0494S,42,0,0
2026/07/19 06:25,05F0439S,05F0494S,5,225,1
2026/07/19 06:30,05F0000S,05F0055S,31,252,93
2026/07/19 06:30,05F0000S,05F0055S,32,251,12
2026/07/19 06:30,05F0000S,05F0055S,41,257,4
2026/07/19 06:30,05F0000S,05F0055S,42,0,0
2026/07/19 06:30,05F0000S,05F0055S,5,0,0
2026/07/19 06:30,05F0055S,05F0287S,31,978,85
2026/07/19 06:30,05F0055S,05F0287S,32,986,21
2026/07/19 06:30,05F0055S,05F0287S,41,0,0
2026/07/19 06:30,05F0055S,05F0287S,42,0,0
2026/07/19 06:30,05F0055S,05F0287S,5,0,0
2026/07/19 06:30,05F0287S,05F0309S,31,84,64
2026/07/19 06:30,05F0287S,05F0309S,32,86,14
2026/07/19 06:30,05F0287S,05F0309S,41,0,0
2026/07/19 06:30,05F0287S,05F0309S,42,0,0
2026/07/19 06:30,05F0287S,05F0309S,5,0,0
2026/07/19 06:30,05F0309S,05F0439S,31,478,29
2026/07/19 06:30,05F0309S,05F0439S,32,496,11
2026/07/19 06:30,05F0309S,05F0439S,41,532,1
2026/07/19 06:30,05F0309S,05F0439S,42,0,0
2026/07/19 06:30,05F0309S,05F0439S,5,0,0
2026/07/19 06:30,05F0439S,05F0494S,31,204,11
2026/07/19 06:30,05F0439S,05F0494S,32,204,2
2026/07/19 06:30,05F0439S,05F0494S,41,0,0
2026/07/19 06:30,05F0439S,05F0494S,42,0,0
2026/07/19 06:30,05F0439S,05F0494S,5,0,0
2026/07/19 06:35,05F0000S,05F0055S,31,255,113
2026/07/19 06:35,05F0000S,05F0055S,32,262,28
2026/07/19 06:35,05F0000S,05F0055S,41,277,1
2026/07/19 06:35,05F0000S,05F0055S,42,0,0
2026/07/19 06:35,05F0000S,05F0055S,5,0,0
2026/07/19 06:35,05F0055S,05F0287S,31,997,78
2026/07/19 06:35,05F0055S,05F0287S,32,1013,20
2026/07/19 06:35,05F0055S,05F0287S,41,1035,1
2026/07/19 06:35,05F0055S,05F0287S,42,0,0
2026/07/19 06:35,05F0055S,05F0287S,5,0,0
2026/07/19 06:35,05F0287S,05F0309S,31,87,55
2026/07/19 06:35,05F0287S,05F0309S,32,89,10
2026/07/19 06:35,05F0287S,05F0309S,41,91,1
2026/07/19 06:35,05F0287S,05F0309S,42,0,0
2026/07/19 06:35,05F0287S,05F0309S,5,0,0
2026/07/19 06:35,05F0309S,05F0439S,31,479,38
2026/07/19 06:35,05F0309S,05F0439S,32,490,16
2026/07/19 06:35,05F0309S,05F0439S,41,0,0
2026/07/19 06:35,05F0309S,05F0439S,42,0,0
2026/07/19 06:35,05F0309S,05F0439S,5,0,0
2026/07/19 06:35,05F0439S,05F0494S,31,202,19
2026/07/19 06:35,05F0439S,05F0494S,32,212,4
2026/07/19 06:35,05F0439S,05F0494S,41,0,0
2026/07/19 06:35,05F0439S,05F0494S,42,211,1
2026/07/19 06:35,05F0439S,05F0494S,5,0,0
2026/07/19 06:40,05F0000S,05F0055S,31,254,105
2026/07/19 06:40,05F0000S,05F0055S,32,251,28
2026/07/19 06:40,05F0000S,05F0055S,41,268,2
2026/07/19 06:40,05F0000S,05F0055S,42,0,0
2026/07/19 06:40,05F0000S,05F0055S,5,0,0
2026/07/19 06:40,05F0055S,05F0287S,31,998,112
2026/07/19 06:40,05F0055S,05F0287S,32,1000,40
2026/07/19 06:40,05F0055S,05F0287S,41,1036,1
2026/07/19 06:40,05F0055S,05F0287S,42,0,0
2026/07/19 06:40,05F0055S,05F0287S,5,0,0
2026/07/19 06:40,05F0287S,05F0309S,31,87,63
2026/07/19 06:40,05F0287S,05F0309S,32,88,25
2026/07/19 06:40,05F0287S,05F0309S,41,0,0
2026/07/19 06:40,05F0287S,05F0309S,42,0,0
2026/07/19 06:40,05F0287S,05F0309S,5,0,0
2026/07/19 06:40,05F0309S,05F0439S,31,465,38
2026/07/19 06:40,05F0309S,05F0439S,32,475,7
2026/07/19 06:40,05F0309S,05F0439S,41,0,0
2026/07/19 06:40,05F0309S,05F0439S,42,0,0
2026/07/19 06:40,05F0309S,05F0439S,5,489,2
2026/07/19 06:40,05F0439S,05F0494S,31,200,22
2026/07/19 06:40,05F0439S,05F0494S,32,200,9
2026/07/19 06:40,05F0439S,05F0494S,41,0,0
2026/07/19 06:40,05F0439S,05F0494S,42,0,0
2026/07/19 06:40,05F0439S,05F0494S,5,0,0
2026/07/19 06:45,05F0000S,05F0055S,31,255,104
2026/07/19 06:45,05F0000S,05F0055S,32,256,35
2026/07/19 06:45,05F0000S,05F0055S,41,257,2
2026/07/19 06:45,05F0000S,05F0055S,42,0,0
2026/07/19 06:45,05F0000S,05F0055S,5,0,0
2026/07/19 06:45,05F0055S,05F0287S,31,980,73
2026/07/19 06:45,05F0055S,05F0287S,32,984,15
2026/07/19 06:45,05F0055S,05F0287S,41,1026,3
2026/07/19 06:45,05F0055S,05F0287S,42,0,0
2026/07/19 06:45,05F0055S,05F0287S,5,0,0
2026/07/19 06:45,05F0287S,05F0309S,31,85,60
2026/07/19 06:45,05F0287S,05F0309S,32,87,18
2026/07/19 06:45,05F0287S,05F0309S,41,88,1
2026/07/19 06:45,05F0287S,05F0309S,42,0,0
2026/07/19 06:45,05F0287S,05F0309S,5,0,0
2026/07/19 06:45,05F0309S,05F0439S,31,469,41
2026/07/19 06:45,05F0309S,05F0439S,32,490,11
2026/07/19 06:45,05F0309S,05F0439S,41,515,1
2026/07/19 06:45,05F0309S,05F0439S,42,0,0
2026/07/19 06:45,05F0309S,05F0439S,5,477,1
2026/07/19 06:45,05F0439S,05F0494S,31,193,21
2026/07/19 06:45,05F0439S,05F0494S,32,207,9
2026/07/19 06:45,05F0439S,05F0494S,41,0,0
2026/07/19 06:45,05F0439S,05F0494S,42,0,0
2026/07/19 06:45,05F0439S,05F0494S,5,211,1
2026/07/19 06:50,05F0000S,05F0055S,31,267,115
2026/07/19 06:50,05F0000S,05F0055S,32,266,35
2026/07/19 06:50,05F0000S,05F0055S,41,278,6
2026/07/19 06:50,05F0000S,05F0055S,42,0,0
2026/07/19 06:50,05F0000S,05F0055S,5,0,0
2026/07/19 06:50,05F0055S,05F0287S,31,1021,109
2026/07/19 06:50,05F0055S,05F0287S,32,1026,23
2026/07/19 06:50,05F0055S,05F0287S,41,1020,1
2026/07/19 06:50,05F0055S,05F0287S,42,0,0
2026/07/19 06:50,05F0055S,05F0287S,5,0,0
2026/07/19 06:50,05F0287S,05F0309S,31,87,55
2026/07/19 06:50,05F0287S,05F0309S,32,88,12
2026/07/19 06:50,05F0287S,05F0309S,41,92,1
2026/07/19 06:50,05F0287S,05F0309S,42,0,0
2026/07/19 06:50,05F0287S,05F0309S,5,0,0
2026/07/19 06:50,05F0309S,05F0439S,31,476,45
2026/07/19 06:50,05F0309S,05F0439S,32,499,22
2026/07/19 06:50,05F0309S,05F0439S,41,0,0
2026/07/19 06:50,05F0309S,05F0439S,42,0,0
2026/07/19 06:50,05F0309S,05F0439S,5,440,1
2026/07/19 06:50,05F0439S,05F0494S,31,201,32
2026/07/19 06:50,05F0439S,05F0494S,32,206,8
2026/07/19 06:50,05F0439S,05F0494S,41,0,0
2026/07/19 06:50,05F0439S,05F0494S,42,0,0
2026/07/19 06:50,05F0439S,05F0494S,5,178,2
2026/07/19 06:55,05F0000S,05F0055S,31,259,92
2026/07/19 06:55,05F0000S,05F0055S,32,262,34
2026/07/19 06:55,05F0000S,05F0055S,41,261,5
2026/07/19 06:55,05F0000S,05F0055S,42,0,0
2026/07/19 06:55,05F0000S,05F0055S,5,0,0
2026/07/19 06:55,05F0055S,05F0287S,31,1008,122
2026/07/19 06:55,05F0055S,05F0287S,32,1002,23
2026/07/19 06:55,05F0055S,05F0287S,41,1039,2
2026/07/19 06:55,05F0055S,05F0287S,42,0,0
2026/07/19 06:55,05F0055S,05F0287S,5,0,0
2026/07/19 06:55,05F0287S,05F0309S,31,85,81
2026/07/19 06:55,05F0287S,05F0309S,32,85,25
2026/07/19 06:55,05F0287S,05F0309S,41,80,1
2026/07/19 06:55,05F0287S,05F0309S,42,0,0
2026/07/19 06:55,05F0287S,05F0309S,5,0,0
2026/07/19 06:55,05F0309S,05F0439S,31,477,32
2026/07/19 06:55,05F0309S,05F0439S,32,476,7
2026/07/19 06:55,05F0309S,05F0439S,41,0,0
2026/07/19 06:55,05F0309S,05F0439S,42,0,0
2026/07/19 06:55,05F0309S,05F0439S,5,494,2
2026/07/19 06:55,05F0439S,05F0494S,31,196,16
2026/07/19 06:55,05F0439S,05F0494S,32,203,11
2026/07/19 06:55,05F0439S,05F0494S,41,0,0
2026/07/19 06:55,05F0439S,05F0494S,42,0,0
2026/07/19 06:55,05F0439S,05F0494S,5,233,1
2026/07/19 07:00,05F0000S,05F0055S,31,252,116
2026/07/19 07:00,05F0000S,05F0055S,32,253,38
2026/07/19 07:00,05F0000S,05F0055S,41,261,4
2026/07/19 07:00,05F0000S,05F0055S,42,0,0
2026/07/19 07:00,05F0000S,05F0055S,5,0,0
2026/07/19 07:00,05F0055S,05F0287S,31,1010,95
2026/07/19 07:00,05F0055S,05F0287S,32,1008,35
2026/07/19 07:00,05F0055S,05F0287S,41,1054,2
2026/07/19 07:00,05F0055S,05F0287S,42,0,0
2026/07/19 07:00,05F0055S,05F0287S,5,0,0
2026/07/19 07:00,05F0287S,05F0309S,31,88,61
2026/07/19 07:00,05F0287S,05F0309S,32,86,21
2026/07/19 07:00,05F0287S,05F0309S,41,92,1
2026/07/19 07:00,05F0287S,05F0309S,42,0,0
2026/07/19 07:00,05F0287S,05F0309S,5,0,0
2026/07/19 07:00,05F0309S,05F0439S,31,492,52
2026/07/19 07:00,05F0309S,05F0439S,32,495,11
2026/07/19 07:00,05F0309S,05F0439S,41,543,1
2026/07/19 07:00,05F0309S,05F0439S,42,612,1
2026/07/19 07:00,05F0309S,05F0439S,5,534,2
2026/07/19 07:00,05F0439S,05F0494S,31,211,15
2026/07/19 07:00,05F0439S,05F0494S,32,218,3
2026/07/19 07:00,05F0439S,05F0494S,41,0,0
2026/07/19 07:00,05F0439S,05F0494S,42,252,1
2026/07/19 07:00,05F0439S,05F0494S,5,206,2
2026/07/19 07:05,05F0000S,05F0055S,31,252,100
2026/07/19 07:05,05F0000S,05F0055S,32,259,29
2026/07/19 07:05,05F0000S,05F0055S,41,278,9
2026/07/19 07:05,05F0000S,05F0055S,42,0,0
2026/07/19 07:05,05F0000S,05F0055S,5,0,0
2026/07/19 07:05,05F0055S,05F0287S,31,1003,93
2026/07/19 07:05,05F0055S,05F0287S,32,1005,32
2026/07/19 07:05,05F0055S,05F0287S,41,1081,4
2026/07/19 07:05,05F0055S,05F0287S,42,0,0
2026/07/19 07:05,05F0055S,05F0287S,5,0,0
2026/07/19 07:05,05F0287S,05F0309S,31,85,78
2026/07/19 07:05,05F0287S,05F0309S,32,86,28
2026/07/19 07:05,05F0287S,05F0309S,41,90,3
2026/07/19 07:05,05F0287S,05F0309S,42,0,0
2026/07/19 07:05,05F0287S,05F0309S,5,0,0
2026/07/19 07:05,05F0309S,05F0439S,31,475,56
2026/07/19 07:05,05F0309S,05F0439S,32,476,13
2026/07/19 07:05,05F0309S,05F0439S,41,490,2
2026/07/19 07:05,05F0309S,05F0439S,42,565,2
2026/07/19 07:05,05F0309S,05F0439S,5,0,0
2026/07/19 07:05,05F0439S,05F0494S,31,197,33
2026/07/19 07:05,05F0439S,05F0494S,32,205,14
2026/07/19 07:05,05F0439S,05F0494S,41,0,0
2026/07/19 07:05,05F0439S,05F0494S,42,0,0
2026/07/19 07:05,05F0439S,05F0494S,5,232,1
2026/07/19 07:10,05F0000S,05F0055S,31,255,113
2026/07/19 07:10,05F0000S,05F0055S,32,263,25
2026/07/19 07:10,05F0000S,05F0055S,41,258,3
2026/07/19 07:10,05F0000S,05F0055S,42,0,0
2026/07/19 07:10,05F0000S,05F0055S,5,0,0
2026/07/19 07:10,05F0055S,05F0287S,31,1028,109
2026/07/19 07:10,05F0055S,05F0287S,32,1030,34
2026/07/19 07:10,05F0055S,05F0287S,41,1082,3
2026/07/19 07:10,05F0055S,05F0287S,42,0,0
2026/07/19 07:10,05F0055S,05F0287S,5,0,0
2026/07/19 07:10,05F0287S,05F0309S,31,85,54
2026/07/19 07:10,05F0287S,05F0309S,32,84,15
2026/07/19 07:10,05F0287S,05F0309S,41,98,3
2026/07/19 07:10,05F0287S,05F0309S,42,0,0
2026/07/19 07:10,05F0287S,05F0309S,5,0,0
2026/07/19 07:10,05F0309S,05F0439S,31,476,45
2026/07/19 07:10,05F0309S,05F0439S,32,476,19
2026/07/19 07:10,05F0309S,05F0439S,41,522,2
2026/07/19 07:10,05F0309S,05F0439S,42,0,0
2026/07/19 07:10,05F0309S,05F0439S,5,0,0
2026/07/19 07:10,05F0439S,05F0494S,31,202,34
2026/07/19 07:10,05F0439S,05F0494S,32,208,8
2026/07/19 07:10,05F0439S,05F0494S,41,223,1
2026/07/19 07:10,05F0439S,05F0494S,42,295,1
2026/07/19 07:10,05F0439S,05F0494S,5,0,0
2026/07/19 07:15,05F0000S,05F0055S,31,279,128
2026/07/19 07:15,05F0000S,05F0055S,32,287,41
2026/07/19 07:15,05F0000S,05F0055S,41,287,6
2026/07/19 07:15,05F0000S,05F0055S,42,0,0
2026/07/19 07:15,05F0000S,05F0055S,5,0,0
2026/07/19 07:15,05F0055S,05F0287S,31,1011,130
2026/07/19 07:15,05F0055S,05F0287S,32,1013,45
2026/07/19 07:15,05F0055S,05F0287S,41,1073,5
2026/07/19 07:15,05F0055S,05F0287S,42,0,0
2026/07/19 07:15,05F0055S,05F0287S,5,0,0
2026/07/19 07:15,05F0287S,05F0309S,31,85,69
2026/07/19 07:15,05F0287S,05F0309S,32,87,27
2026/07/19 07:15,05F0287S,05F0309S,41,91,2
2026/07/19 07:15,05F0287S,05F0309S,42,0,0
2026/07/19 07:15,05F0287S,05F0309S,5,0,0
2026/07/19 07:15,05F0309S,05F0439S,31,474,37
2026/07/19 07:15,05F0309S,05F0439S,32,468,8
2026/07/19 07:15,05F0309S,05F0439S,41,508,1
2026/07/19 07:15,05F0309S,05F0439S,42,0,0
2026/07/19 07:15,05F0309S,05F0439S,5,561,1
2026/07/19 07:15,05F0439S,05F0494S,31,200,21
2026/07/19 07:15,05F0439S,05F0494S,32,202,8
2026/07/19 07:15,05F0439S,05F0494S,41,0,0
2026/07/19 07:15,05F0439S,05F0494S,42,0,0
2026/07/19 07:15,05F0439S,05F0494S,5,0,0
2026/07/19 07:20,05F0000S,05F0055S,31,262,109
2026/07/19 07:20,05F0000S,05F0055S,32,261,42
2026/07/19 07:20,05F0000S,05F0055S,41,267,8
2026/07/19 07:20,05F0000S,05F0055S,42,0,0
2026/07/19 07:20,05F0000S,05F0055S,5,0,0
2026/07/19 07:20,05F0055S,05F0287S,31,992,96
2026/07/19 07:20,05F0055S,05F0287S,32,993,22
2026/07/19 07:20,05F0055S,05F0287S,41,1065,7
2026/07/19 07:20,05F0055S,05F0287S,42,0,0
2026/07/19 07:20,05F0055S,05F0287S,5,0,0
2026/07/19 07:20,05F0287S,05F0309S,31,86,87
2026/07/19 07:20,05F0287S,05F0309S,32,86,22
2026/07/19 07:20,05F0287S,05F0309S,41,91,1
2026/07/19 07:20,05F0287S,05F0309S,42,0,0
2026/07/19 07:20,05F0287S,05F0309S,5,0,0
2026/07/19 07:20,05F0309S,05F0439S,31,478,35
2026/07/19 07:20,05F0309S,05F0439S,32,491,13
2026/07/19 07:20,05F0309S,05F0439S,41,569,2
2026/07/19 07:20,05F0309S,05F0439S,42,504,1
2026/07/19 07:20,05F0309S,05F0439S,5,493,1
2026/07/19 07:20,05F0439S,05F0494S,31,205,20
2026/07/19 07:20,05F0439S,05F0494S,32,209,11
2026/07/19 07:20,05F0439S,05F0494S,41,0,0
2026/07/19 07:20,05F0439S,05F0494S,42,0,0
2026/07/19 07:20,05F0439S,05F0494S,5,0,0
2026/07/19 07:25,05F0000S,05F0055S,31,264,140
2026/07/19 07:25,05F0000S,05F0055S,32,263,31
2026/07/19 07:25,05F0000S,05F0055S,41,273,8
2026/07/19 07:25,05F0000S,05F0055S,42,0,0
2026/07/19 07:25,05F0000S,05F0055S,5,0,0
2026/07/19 07:25,05F0055S,05F0287S,31,1028,102
2026/07/19 07:25,05F0055S,05F0287S,32,1042,35
2026/07/19 07:25,05F0055S,05F0287S,41,1066,9
2026/07/19 07:25,05F0055S,05F0287S,42,0,0
2026/07/19 07:25,05F0055S,05F0287S,5,0,0
2026/07/19 07:25,05F0287S,05F0309S,31,87,65
2026/07/19 07:25,05F0287S,05F0309S,32,87,22
2026/07/19 07:25,05F0287S,05F0309S,41,92,4
2026/07/19 07:25,05F0287S,05F0309S,42,0,0
2026/07/19 07:25,05F0287S,05F0309S,5,0,0
2026/07/19 07:25,05F0309S,05F0439S,31,492,44
2026/07/19 07:25,05F0309S,05F0439S,32,490,22
2026/07/19 07:25,05F0309S,05F0439S,41,539,2
2026/07/19 07:25,05F0309S,05F0439S,42,0,0
2026/07/19 07:25,05F0309S,05F0439S,5,0,0
2026/07/19 07:25,05F0439S,05F0494S,31,203,20
2026/07/19 07:25,05F0439S,05F0494S,32,203,8
2026/07/19 07:25,05F0439S,05F0494S,41,251,1
2026/07/19 07:25,05F0439S,05F0494S,42,260,3
2026/07/19 07:25,05F0439S,05F0494S,5,217,1
2026/07/19 07:30,05F0000S,05F0055S,31,265,105
2026/07/19 07:30,05F0000S,05F0055S,32,269,35
2026/07/19 07:30,05F0000S,05F0055S,41,286,9
2026/07/19 07:30,05F0000S,05F0055S,42,0,0
2026/07/19 07:30,05F0000S,05F0055S,5,0,0
2026/07/19 07:30,05F0055S,05F0287S,31,1032,111
2026/07/19 07:30,05F0055S,05F0287S,32,1017,28
2026/07/19 07:30,05F0055S,05F0287S,41,1060,3
2026/07/19 07:30,05F0055S,05F0287S,42,0,0
2026/07/19 07:30,05F0055S,05F0287S,5,0,0
2026/07/19 07:30,05F0287S,05F0309S,31,85,56
2026/07/19 07:30,05F0287S,05F0309S,32,85,21
2026/07/19 07:30,05F0287S,05F0309S,41,93,1
2026/07/19 07:30,05F0287S,05F0309S,42,0,0
2026/07/19 07:30,05F0287S,05F0309S,5,0,0
2026/07/19 07:30,05F0309S,05F0439S,31,476,43
2026/07/19 07:30,05F0309S,05F0439S,32,489,17
2026/07/19 07:30,05F0309S,05F0439S,41,514,2
2026/07/19 07:30,05F0309S,05F0439S,42,0,0
2026/07/19 07:30,05F0309S,05F0439S,5,529,1
2026/07/19 07:30,05F0439S,05F0494S,31,211,27
2026/07/19 07:30,05F0439S,05F0494S,32,198,10
2026/07/19 07:30,05F0439S,05F0494S,41,0,0
2026/07/19 07:30,05F0439S,05F0494S,42,0,0
2026/07/19 07:30,05F0439S,05F0494S,5,224,1
2026/07/19 07:35,05F0000S,05F0055S,31,273,116
2026/07/19 07:35,05F0000S,05F0055S,32,274,29
2026/07/19 07:35,05F0000S,05F0055S,41,293,6
2026/07/19 07:35,05F0000S,05F0055S,42,0,0
2026/07/19 07:35,05F0000S,05F0055S,5,0,0
2026/07/19 07:35,05F0055S,05F0287S,31,1050,127
2026/07/19 07:35,05F0055S,05F0287S,32,1066,43
2026/07/19 07:35,05F0055S,05F0287S,41,1109,5
2026/07/19 07:35,05F0055S,05F0287S,42,0,0
2026/07/19 07:35,05F0055S,05F0287S,5,0,0
2026/07/19 07:35,05F0287S,05F0309S,31,86,81
2026/07/19 07:35,05F0287S,05F0309S,32,87,27
2026/07/19 07:35,05F0287S,05F0309S,41,94,5
2026/07/19 07:35,05F0287S,05F0309S,42,0,0
2026/07/19 07:35,05F0287S,05F0309S,5,0,0
2026/07/19 07:35,05F0309S,05F0439S,31,481,54
2026/07/19 07:35,05F0309S,05F0439S,32,485,21
2026/07/19 07:35,05F0309S,05F0439S,41,517,2
2026/07/19 07:35,05F0309S,05F0439S,42,433,1
2026/07/19 07:35,05F0309S,05F0439S,5,0,0
2026/07/19 07:35,05F0439S,05F0494S,31,202,39
2026/07/19 07:35,05F0439S,05F0494S,32,195,7
2026/07/19 07:35,05F0439S,05F0494S,41,216,2
2026/07/19 07:35,05F0439S,05F0494S,42,264,1
2026/07/19 07:35,05F0439S,05F0494S,5,0,0
2026/07/19 07:40,05F0000S,05F0055S,31,277,128
2026/07/19 07:40,05F0000S,05F0055S,32,281,34
2026/07/19 07:40,05F0000S,05F0055S,41,294,12
2026/07/19 07:40,05F0000S,05F0055S,42,0,0
2026/07/19 07:40,05F0000S,05F0055S,5,0,0
2026/07/19 07:40,05F0055S,05F0287S,31,1109,91
2026/07/19 07:40,05F0055S,05F0287S,32,1105,25
2026/07/19 07:40,05F0055S,05F0287S,41,1152,9
2026/07/19 07:40,05F0055S,05F0287S,42,0,0
2026/07/19 07:40,05F0055S,05F0287S,5,0,0
2026/07/19 07:40,05F0287S,05F0309S,31,86,63
2026/07/19 07:40,05F0287S,05F0309S,32,87,17
2026/07/19 07:40,05F0287S,05F0309S,41,92,4
2026/07/19 07:40,05F0287S,05F0309S,42,0,0
2026/07/19 07:40,05F0287S,05F0309S,5,0,0
2026/07/19 07:40,05F0309S,05F0439S,31,463,37
2026/07/19 07:40,05F0309S,05F0439S,32,469,15
2026/07/19 07:40,05F0309S,05F0439S,41,525,1
2026/07/19 07:40,05F0309S,05F0439S,42,0,0
2026/07/19 07:40,05F0309S,05F0439S,5,610,1
2026/07/19 07:40,05F0439S,05F0494S,31,196,31
2026/07/19 07:40,05F0439S,05F0494S,32,216,11
2026/07/19 07:40,05F0439S,05F0494S,41,223,2
2026/07/19 07:40,05F0439S,05F0494S,42,174,1
2026/07/19 07:40,05F0439S,05F0494S,5,0,0
2026/07/19 07:45,05F0000S,05F0055S,31,282,136
2026/07/19 07:45,05F0000S,05F0055S,32,278,38
2026/07/19 07:45,05F0000S,05F0055S,41,286,17
2026/07/19 07:45,05F0000S,05F0055S,42,286,1
2026/07/19 07:45,05F0000S,05F0055S,5,0,0
2026/07/19 07:45,05F0055S,05F0287S,31,1087,157
2026/07/19 07:45,05F0055S,05F0287S,32,1080,34
2026/07/19 07:45,05F0055S,05F0287S,41,1121,7
2026/07/19 07:45,05F0055S,05F0287S,42,0,0
2026/07/19 07:45,05F0055S,05F0287S,5,0,0
2026/07/19 07:45,05F0287S,05F0309S,31,86,101
2026/07/19 07:45,05F0287S,05F0309S,32,89,27
2026/07/19 07:45,05F0287S,05F0309S,41,94,5
2026/07/19 07:45,05F0287S,05F0309S,42,0,0
2026/07/19 07:45,05F0287S,05F0309S,5,0,0
2026/07/19 07:45,05F0309S,05F0439S,31,475,69
2026/07/19 07:45,05F0309S,05F0439S,32,480,21
2026/07/19 07:45,05F0309S,05F0439S,41,519,1
2026/07/19 07:45,05F0309S,05F0439S,42,499,2
2026/07/19 07:45,05F0309S,05F0439S,5,550,1
2026/07/19 07:45,05F0439S,05F0494S,31,201,25
2026/07/19 07:45,05F0439S,05F0494S,32,193,10
2026/07/19 07:45,05F0439S,05F0494S,41,0,0
2026/07/19 07:45,05F0439S,05F0494S,42,229,1
2026/07/19 07:45,05F0439S,05F0494S,5,231,1
2026/07/19 07:50,05F0000S,05F0055S,31,298,145
2026/07/19 07:50,05F0000S,05F0055S,32,298,29
2026/07/19 07:50,05F0000S,05F0055S,41,274,7
2026/07/19 07:50,05F0000S,05F0055S,42,0,0
2026/07/19 07:50,05F0000S,05F0055S,5,0,0
2026/07/19 07:50,05F0055S,05F0287S,31,1033,107
2026/07/19 07:50,05F0055S,05F0287S,32,1035,36
2026/07/19 07:50,05F0055S,05F0287S,41,1076,10
2026/07/19 07:50,05F0055S,05F0287S,42,0,0
2026/07/19 07:50,05F0055S,05F0287S,5,0,0
2026/07/19 07:50,05F0287S,05F0309S,31,86,79
2026/07/19 07:50,05F0287S,05F0309S,32,88,27
2026/07/19 07:50,05F0287S,05F0309S,41,97,4
2026/07/19 07:50,05F0287S,05F0309S,42,0,0
2026/07/19 07:50,05F0287S,05F0309S,5,0,0
2026/07/19 07:50,05F0309S,05F0439S,31,467,51
2026/07/19 07:50,05F0309S,05F0439S,32,461,15
2026/07/19 07:50,05F0309S,05F0439S,41,485,5
2026/07/19 07:50,05F0309S,05F0439S,42,528,2
2026/07/19 07:50,05F0309S,05F0439S,5,0,0
2026/07/19 07:50,05F0439S,05F0494S,31,201,30
2026/07/19 07:50,05F0439S,05F0494S,32,211,7
2026/07/19 07:50,05F0439S,05F0494S,41,227,1
2026/07/19 07:50,05F0439S,05F0494S,42,189,3
2026/07/19 07:50,05F0439S,05F0494S,5,230,1
2026/07/19 07:55,05F0000S,05F0055S,31,275,133
2026/07/19 07:55,05F0000S,05F0055S,32,265,28
2026/07/19 07:55,05F0000S,05F0055S,41,292,14
2026/07/19 07:55,05F0000S,05F0055S,42,0,0
2026/07/19 07:55,05F0000S,05F0055S,5,0,0
2026/07/19 07:55,05F0055S,05F0287S,31,1040,115
2026/07/19 07:55,05F0055S,05F0287S,32,1041,26
2026/07/19 07:55,05F0055S,05F0287S,41,1054,12
2026/07/19 07:55,05F0055S,05F0287S,42,0,0
2026/07/19 07:55,05F0055S,05F0287S,5,0,0
2026/07/19 07:55,05F0287S,05F0309S,31,89,94
2026/07/19 07:55,05F0287S,05F0309S,32,88,21
2026/07/19 07:55,05F0287S,05F0309S,41,95,9
2026/07/19 07:55,05F0287S,05F0309S,42,0,0
2026/07/19 07:55,05F0287S,05F0309S,5,0,0
2026/07/19 07:55,05F0309S,05F0439S,31,477,59
2026/07/19 07:55,05F0309S,05F0439S,32,487,23
2026/07/19 07:55,05F0309S,05F0439S,41,526,3
2026/07/19 07:55,05F0309S,05F0439S,42,0,0
2026/07/19 07:55,05F0309S,05F0439S,5,0,0
2026/07/19 07:55,05F0439S,05F0494S,31,199,25
2026/07/19 07:55,05F0439S,05F0494S,32,200,12
2026/07/19 07:55,05F0439S,05F0494S,41,215,4
2026/07/19 07:55,05F0439S,05F0494S,42,239,2
2026/07/19 07:55,05F0439S,05F0494S,5,0,0
2026/07/19 08:00,05F0000S,05F0055S,31,263,112
2026/07/19 08:00,05F0000S,05F0055S,32,265,27
2026/07/19 08:00,05F0000S,05F0055S,41,289,16
2026/07/19 08:00,05F0000S,05F0055S,42,0,0
2026/07/19 08:00,05F0000S,05F0055S,5,0,0
2026/07/19 08:00,05F0055S,05F0287S,31,1085,120
2026/07/19 08:00,05F0055S,05F0287S,32,1093,31
2026/07/19 08:00,05F0055S,05F0287S,41,1136,10
2026/07/19 08:00,05F0055S,05F0287S,42,0,0
2026/07/19 08:00,05F0055S,05F0287S,5,0,0
2026/07/19 08:00,05F0287S,05F0309S,31,89,71
2026/07/19 08:00,05F0287S,05F0309S,32,90,23
2026/07/19 08:00,05F0287S,05F0309S,41,95,11
2026/07/19 08:00,05F0287S,05F0309S,42,0,0
2026/07/19 08:00,05F0287S,05F0309S,5,0,0
2026/07/19 08:00,05F0309S,05F0439S,31,502,43
2026/07/19 08:00,05F0309S,05F0439S,32,488,20
2026/07/19 08:00,05F0309S,05F0439S,41,526,2
2026/07/19 08:00,05F0309S,05F0439S,42,587,1
2026/07/19 08:00,05F0309S,05F0439S,5,0,0
2026/07/19 08:00,05F0439S,05F0494S,31,206,28
2026/07/19 08:00,05F0439S,05F0494S,32,205,15
2026/07/19 08:00,05F0439S,05F0494S,41,0,0
2026/07/19 08:00,05F0439S,05F0494S,42,0,0
2026/07/19 08:00,05F0439S,05F0494S,5,0,0
2026/07/19 08:05,05F0000S,05F0055S,31,264,128
2026/07/19 08:05,05F0000S,05F0055S,32,267,36
2026/07/19 08:05,05F0000S,05F0055S,41,292,10
2026/07/19 08:05,05F0000S,05F0055S,42,0,0
2026/07/19 08:05,05F0000S,05F0055S,5,0,0
2026/07/19 08:05,05F0055S,05F0287S,31,1089,133
2026/07/19 08:05,05F0055S,05F0287S,32,1082,32
2026/07/19 08:05,05F0055S,05F0287S,41,1144,17
2026/07/19 08:05,05F0055S,05F0287S,42,0,0
2026/07/19 08:05,05F0055S,05F0287S,5,0,0
2026/07/19 08:05,05F0287S,05F0309S,31,88,87
2026/07/19 08:05,05F0287S,05F0309S,32,87,30
2026/07/19 08:05,05F0287S,05F0309S,41,94,9
2026/07/19 08:05,05F0287S,05F0309S,42,0,0
2026/07/19 08:05,05F0287S,05F0309S,5,0,0
2026/07/19 08:05,05F0309S,05F0439S,31,498,57
2026/07/19 08:05,05F0309S,05F0439S,32,504,18
2026/07/19 08:05,05F0309S,05F0439S,41,525,10
2026/07/19 08:05,05F0309S,05F0439S,42,559,1
2026/07/19 08:05,05F0309S,05F0439S,5,486,1
2026/07/19 08:05,05F0439S,05F0494S,31,201,22
2026/07/19 08:05,05F0439S,05F0494S,32,202,14
2026/07/19 08:05,05F0439S,05F0494S,41,217,2
2026/07/19 08:05,05F0439S,05F0494S,42,246,1
2026/07/19 08:05,05F0439S,05F0494S,5,204,1
2026/07/19 08:10,05F0000S,05F0055S,31,255,103
2026/07/19 08:10,05F0000S,05F0055S,32,254,23
2026/07/19 08:10,05F0000S,05F0055S,41,258,12
2026/07/19 08:10,05F0000S,05F0055S,42,0,0
2026/07/19 08:10,05F0000S,05F0055S,5,0,0
2026/07/19 08:10,05F0055S,05F0287S,31,1081,138
2026/07/19 08:10,05F0055S,05F0287S,32,1085,30
2026/07/19 08:10,05F0055S,05F0287S,41,1092,9
2026/07/19 08:10,05F0055S,05F0287S,42,0,0
2026/07/19 08:10,05F0055S,05F0287S,5,0,0
2026/07/19 08:10,05F0287S,05F0309S,31,89,108
2026/07/19 08:10,05F0287S,05F0309S,32,92,19
2026/07/19 08:10,05F0287S,05F0309S,41,104,8
2026/07/19 08:10,05F0287S,05F0309S,42,0,0
2026/07/19 08:10,05F0287S,05F0309S,5,0,0
2026/07/19 08:10,05F0309S,05F0439S,31,491,54
2026/07/19 08:10,05F0309S,05F0439S,32,488,13
2026/07/19 08:10,05F0309S,05F0439S,41,577,7
2026/07/19 08:10,05F0309S,05F0439S,42,0,0
2026/07/19 08:10,05F0309S,05F0439S,5,503,1
2026/07/19 08:10,05F0439S,05F0494S,31,203,26
2026/07/19 08:10,05F0439S,05F0494S,32,227,7
2026/07/19 08:10,05F0439S,05F0494S,41,220,10
2026/07/19 08:10,05F0439S,05F0494S,42,237,1
2026/07/19 08:10,05F0439S,05F0494S,5,212,1
2026/07/19 08:15,05F0000S,05F0055S,31,285,136
2026/07/19 08:15,05F0000S,05F0055S,32,284,35
2026/07/19 08:15,05F0000S,05F0055S,41,298,9
2026/07/19 08:15,05F0000S,05F0055S,42,0,0
2026/07/19 08:15,05F0000S,05F0055S,5,0,0
2026/07/19 08:15,05F0055S,05F0287S,31,1092,140
2026/07/19 08:15,05F0055S,05F0287S,32,1096,23
2026/07/19 08:15,05F0055S,05F0287S,41,1145,16
2026/07/19 08:15,05F0055S,05F0287S,42,0,0
2026/07/19 08:15,05F0055S,05F0287S,5,0,0
2026/07/19 08:15,05F0287S,05F0309S,31,86,91
2026/07/19 08:15,05F0287S,05F0309S,32,88,20
2026/07/19 08:15,05F0287S,05F0309S,41,101,6
2026/07/19 08:15,05F0287S,05F0309S,42,0,0
2026/07/19 08:15,05F0287S,05F0309S,5,0,0
2026/07/19 08:15,05F0309S,05F0439S,31,484,69
2026/07/19 08:15,05F0309S,05F0439S,32,493,13
2026/07/19 08:15,05F0309S,05F0439S,41,535,9
2026/07/19 08:15,05F0309S,05F0439S,42,0,0
2026/07/19 08:15,05F0309S,05F0439S,5,503,1
2026/07/19 08:15,05F0439S,05F0494S,31,206,41
2026/07/19 08:15,05F0439S,05F0494S,32,203,11
2026/07/19 08:15,05F0439S,05F0494S,41,243,3
2026/07/19 08:15,05F0439S,05F0494S,42,0,0
2026/07/19 08:15,05F0439S,05F0494S,5,0,0
2026/07/19 08:20,05F0000S,05F0055S,31,270,131
2026/07/19 08:20,05F0000S,05F0055S,32,274,32
2026/07/19 08:20,05F0000S,05F0055S,41,282,15
2026/07/19 08:20,05F0000S,05F0055S,42,0,0
2026/07/19 08:20,05F0000S,05F0055S,5,0,0
2026/07/19 08:20,05F0055S,05F0287S,31,1045,106
2026/07/19 08:20,05F0055S,05F0287S,32,1048,26
2026/07/19 08:20,05F0055S,05F0287S,41,1172,13
2026/07/19 08:20,05F0055S,05F0287S,42,0,0
2026/07/19 08:20,05F0055S,05F0287S,5,0,0
2026/07/19 08:20,05F0287S,05F0309S,31,89,87
2026/07/19 08:20,05F0287S,05F0309S,32,91,15
2026/07/19 08:20,05F0287S,05F0309S,41,97,10
2026/07/19 08:20,05F0287S,05F0309S,42,0,0
2026/07/19 08:20,05F0287S,05F0309S,5,0,0
2026/07/19 08:20,05F0309S,05F0439S,31,483,64
2026/07/19 08:20,05F0309S,05F0439S,32,521,15
2026/07/19 08:20,05F0309S,05F0439S,41,535,7
2026/07/19 08:20,05F0309S,05F0439S,42,550,2
2026/07/19 08:20,05F0309S,05F0439S,5,0,0
2026/07/19 08:20,05F0439S,05F0494S,31,198,35
2026/07/19 08:20,05F0439S,05F0494S,32,220,2
2026/07/19 08:20,05F0439S,05F0494S,41,236,7
2026/07/19 08:20,05F0439S,05F0494S,42,239,1
2026/07/19 08:20,05F0439S,05F0494S,5,203,2
2026/07/19 08:25,05F0000S,05F0055S,31,273,135
2026/07/19 08:25,05F0000S,05F0055S,32,275,25
2026/07/19 08:25,05F0000S,05F0055S,41,296,4
2026/07/19 08:25,05F0000S,05F0055S,42,0,0
2026/07/19 08:25,05F0000S,05F0055S,5,0,0
2026/07/19 08:25,05F0055S,05F0287S,31,1061,127
2026/07/19 08:25,05F0055S,05F0287S,32,1055,37
2026/07/19 08:25,05F0055S,05F0287S,41,1118,11
2026/07/19 08:25,05F0055S,05F0287S,42,0,0
2026/07/19 08:25,05F0055S,05F0287S,5,0,0
2026/07/19 08:25,05F0287S,05F0309S,31,87,77
2026/07/19 08:25,05F0287S,05F0309S,32,85,26
2026/07/19 08:25,05F0287S,05F0309S,41,97,5
2026/07/19 08:25,05F0287S,05F0309S,42,0,0
2026/07/19 08:25,05F0287S,05F0309S,5,0,0
2026/07/19 08:25,05F0309S,05F0439S,31,491,57
2026/07/19 08:25,05F0309S,05F0439S,32,482,13
2026/07/19 08:25,05F0309S,05F0439S,41,535,3
2026/07/19 08:25,05F0309S,05F0439S,42,0,0
2026/07/19 08:25,05F0309S,05F0439S,5,527,1
2026/07/19 08:25,05F0439S,05F0494S,31,197,24
2026/07/19 08:25,05F0439S,05F0494S,32,219,5
2026/07/19 08:25,05F0439S,05F0494S,41,239,4
2026/07/19 08:25,05F0439S,05F0494S,42,0,0
2026/07/19 08:25,05F0439S,05F0494S,5,0,0
2026/07/19 08:30,05F0000S,05F0055S,31,284,132
2026/07/19 08:30,05F0000S,05F0055S,32,288,35
2026/07/19 08:30,05F0000S,05F0055S,41,309,15
2026/07/19 08:30,05F0000S,05F0055S,42,0,0
2026/07/19 08:30,05F0000S,05F0055S,5,0,0
2026/07/19 08:30,05F0055S,05F0287S,31,1031,113
2026/07/19 08:30,05F0055S,05F0287S,32,1042,19
2026/07/19 08:30,05F0055S,05F0287S,41,1101,14
2026/07/19 08:30,05F0055S,05F0287S,42,0,0
2026/07/19 08:30,05F0055S,05F0287S,5,0,0
2026/07/19 08:30,05F0287S,05F0309S,31,86,73
2026/07/19 08:30,05F0287S,05F0309S,32,87,11
2026/07/19 08:30,05F0287S,05F0309S,41,97,14
2026/07/19 08:30,05F0287S,05F0309S,42,0,0
2026/07/19 08:30,05F0287S,05F0309S,5,0,0
2026/07/19 08:30,05F0309S,05F0439S,31,488,63
2026/07/19 08:30,05F0309S,05F0439S,32,484,14
2026/07/19 08:30,05F0309S,05F0439S,41,524,4
2026/07/19 08:30,05F0309S,05F0439S,42,0,0
2026/07/19 08:30,05F0309S,05F0439S,5,487,1
2026/07/19 08:30,05F0439S,05F0494S,31,202,30
2026/07/19 08:30,05F0439S,05F0494S,32,214,11
2026/07/19 08:30,05F0439S,05F0494S,41,229,4
2026/07/19 08:30,05F0439S,05F0494S,42,0,0
2026/07/19 08:30,05F0439S,05F0494S,5,221,3
2026/07/19 08:35,05F0000S,05F0055S,31,267,120
2026/07/19 08:35,05F0000S,05F0055S,32,265,30
2026/07/19 08:35,05F0000S,05F0055S,41,286,8
2026/07/19 08:35,05F0000S,05F0055S,42,0,0
2026/07/19 08:35,05F0000S,05F0055S,5,0,0
2026/07/19 08:35,05F0055S,05F0287S,31,1052,116
2026/07/19 08:35,05F0055S,05F0287S,32,1051,35
2026/07/19 08:35,05F0055S,05F0287S,41,1085,7
2026/07/19 08:35,05F0055S,05F0287S,42,0,0
2026/07/19 08:35,05F0055S,05F0287S,5,0,0
2026/07/19 08:35,05F0287S,05F0309S,31,87,84
2026/07/19 08:35,05F0287S,05F0309S,32,86,30
2026/07/19 08:35,05F0287S,05F0309S,41,91,9
2026/07/19 08:35,05F0287S,05F0309S,42,0,0
2026/07/19 08:35,05F0287S,05F0309S,5,0,0
2026/07/19 08:35,05F0309S,05F0439S,31,478,69
2026/07/19 08:35,05F0309S,05F0439S,32,481,14
2026/07/19 08:35,05F0309S,05F0439S,41,533,7
2026/07/19 08:35,05F0309S,05F0439S,42,528,1
2026/07/19 08:35,05F0309S,05F0439S,5,539,2
2026/07/19 08:35,05F0439S,05F0494S,31,207,36
2026/07/19 08:35,05F0439S,05F0494S,32,194,7
2026/07/19 08:35,05F0439S,05F0494S,41,219,3
2026/07/19 08:35,05F0439S,05F0494S,42,0,0
2026/07/19 08:35,05F0439S,05F0494S,5,205,1
2026/07/19 08:40,05F0000S,05F0055S,31,266,136
2026/07/19 08:40,05F0000S,05F0055S,32,269,38
2026/07/19 08:40,05F0000S,05F0055S,41,286,6
2026/07/19 08:40,05F0000S,05F0055S,42,0,0
2026/07/19 08:40,05F0000S,05F0055S,5,0,0
2026/07/19 08:40,05F0055S,05F0287S,31,1057,144
2026/07/19 08:40,05F0055S,05F0287S,32,1067,27
2026/07/19 08:40,05F0055S,05F0287S,41,1098,13
2026/07/19 08:40,05F0055S,05F0287S,42,0,0
2026/07/19 08:40,05F0055S,05F0287S,5,0,0
2026/07/19 08:40,05F0287S,05F0309S,31,89,91
2026/07/19 08:40,05F0287S,05F0309S,32,95,18
2026/07/19 08:40,05F0287S,05F0309S,41,94,10
2026/07/19 08:40,05F0287S,05F0309S,42,0,0
2026/07/19 08:40,05F0287S,05F0309S,5,0,0
2026/07/19 08:40,05F0309S,05F0439S,31,486,51
2026/07/19 08:40,05F0309S,05F0439S,32,499,18
2026/07/19 08:40,05F0309S,05F0439S,41,533,17
2026/07/19 08:40,05F0309S,05F0439S,42,493,2
2026/07/19 08:40,05F0309S,05F0439S,5,0,0
2026/07/19 08:40,05F0439S,05F0494S,31,209,30
2026/07/19 08:40,05F0439S,05F0494S,32,211,10
2026/07/19 08:40,05F0439S,05F0494S,41,228,3
2026/07/19 08:40,05F0439S,05F0494S,42,0,0
2026/07/19 08:40,05F0439S,05F0494S,5,228,2
2026/07/19 08:45,05F0000S,05F0055S,31,268,127
2026/07/19 08:45,05F0000S,05F0055S,32,266,25
2026/07/19 08:45,05F0000S,05F0055S,41,279,9
2026/07/19 08:45,05F0000S,05F0055S,42,0,0
2026/07/19 08:45,05F0000S,05F0055S,5,0,0
2026/07/19 08:45,05F0055S,05F0287S,31,1026,125
2026/07/19 08:45,05F0055S,05F0287S,32,1039,29
2026/07/19 08:45,05F0055S,05F0287S,41,1113,7
2026/07/19 08:45,05F0055S,05F0287S,42,0,0
2026/07/19 08:45,05F0055S,05F0287S,5,0,0
2026/07/19 08:45,05F0287S,05F0309S,31,87,94
2026/07/19 08:45,05F0287S,05F0309S,32,88,29
2026/07/19 08:45,05F0287S,05F0309S,41,93,3
2026/07/19 08:45,05F0287S,05F0309S,42,0,0
2026/07/19 08:45,05F0287S,05F0309S,5,0,0
2026/07/19 08:45,05F0309S,05F0439S,31,480,49
2026/07/19 08:45,05F0309S,05F0439S,32,489,19
2026/07/19 08:45,05F0309S,05F0439S,41,518,4
2026/07/19 08:45,05F0309S,05F0439S,42,0,0
2026/07/19 08:45,05F0309S,05F0439S,5,476,1
2026/07/19 08:45,05F0439S,05F0494S,31,207,26
2026/07/19 08:45,05F0439S,05F0494S,32,188,7
2026/07/19 08:45,05F0439S,05F0494S,41,219,5
2026/07/19 08:45,05F0439S,05F0494S,42,188,1
2026/07/19 08:45,05F0439S,05F0494S,5,0,0
2026/07/19 08:50,05F0000S,05F0055S,31,269,122
2026/07/19 08:50,05F0000S,05F0055S,32,271,28
2026/07/19 08:50,05F0000S,05F0055S,41,271,7
2026/07/19 08:50,05F0000S,05F0055S,42,0,0
2026/07/19 08:50,05F0000S,05F0055S,5,0,0
2026/07/19 08:50,05F0055S,05F0287S,31,1057,123
2026/07/19 08:50,05F0055S,05F0287S,32,1060,37
2026/07/19 08:50,05F0055S,05F0287S,41,1137,13
2026/07/19 08:50,05F0055S,05F0287S,42,0,0
2026/07/19 08:50,05F0055S,05F0287S,5,0,0
2026/07/19 08:50,05F0287S,05F0309S,31,89,74
2026/07/19 08:50,05F0287S,05F0309S,32,89,21
2026/07/19 08:50,05F0287S,05F0309S,41,90,9
2026/07/19 08:50,05F0287S,05F0309S,42,0,0
2026/07/19 08:50,05F0287S,05F0309S,5,0,0
2026/07/19 08:50,05F0309S,05F0439S,31,487,70
2026/07/19 08:50,05F0309S,05F0439S,32,512,16
2026/07/19 08:50,05F0309S,05F0439S,41,527,4
2026/07/19 08:50,05F0309S,05F0439S,42,0,0
2026/07/19 08:50,05F0309S,05F0439S,5,0,0
2026/07/19 08:50,05F0439S,05F0494S,31,206,26
2026/07/19 08:50,05F0439S,05F0494S,32,205,11
2026/07/19 08:50,05F0439S,05F0494S,41,226,4
2026/07/19 08:50,05F0439S,05F0494S,42,0,0
2026/07/19 08:50,05F0439S,05F0494S,5,0,0
2026/07/19 08:55,05F0000S,05F0055S,31,279,150
2026/07/19 08:55,05F0000S,05F0055S,32,277,36
2026/07/19 08:55,05F0000S,05F0055S,41,276,4
2026/07/19 08:55,05F0000S,05F0055S,42,0,0
2026/07/19 08:55,05F0000S,05F0055S,5,0,0
2026/07/19 08:55,05F0055S,05F0287S,31,1048,122
2026/07/19 08:55,05F0055S,05F0287S,32,1027,31
2026/07/19 08:55,05F0055S,05F0287S,41,1104,8
2026/07/19 08:55,05F0055S,05F0287S,42,0,0
2026/07/19 08:55,05F0055S,05F0287S,5,0,0
2026/07/19 08:55,05F0287S,05F0309S,31,88,71
2026/07/19 08:55,05F0287S,05F0309S,32,87,25
2026/07/19 08:55,05F0287S,05F0309S,41,93,9
2026/07/19 08:55,05F0287S,05F0309S,42,0,0
2026/07/19 08:55,05F0287S,05F0309S,5,0,0
2026/07/19 08:55,05F0309S,05F0439S,31,486,68
2026/07/19 08:55,05F0309S,05F0439S,32,483,17
2026/07/19 08:55,05F0309S,05F0439S,41,514,4
2026/07/19 08:55,05F0309S,05F0439S,42,526,1
2026/07/19 08:55,05F0309S,05F0439S,5,562,1
2026/07/19 08:55,05F0439S,05F0494S,31,205,30
2026/07/19 08:55,05F0439S,05F0494S,32,208,7
2026/07/19 08:55,05F0439S,05F0494S,41,0,0
2026/07/19 08:55,05F0439S,05F0494S,42,0,0
2026/07/19 08:55,05F0439S,05F0494S,5,0,0
2026/07/19 09:00,05F0000S,05F0055S,31,305,144
2026/07/19 09:00,05F0000S,05F0055S,32,307,31
2026/07/19 09:00,05F0000S,05F0055S,41,316,11
2026/07/19 09:00,05F0000S,05F0055S,42,0,0
2026/07/19 09:00,05F0000S,05F0055S,5,0,0
2026/07/19 09:00,05F0055S,05F0287S,31,1046,130
2026/07/19 09:00,05F0055S,05F0287S,32,1048,35
2026/07/19 09:00,05F0055S,05F0287S,41,1106,8
2026/07/19 09:00,05F0055S,05F0287S,42,0,0
2026/07/19 09:00,05F0055S,05F0287S,5,0,0
2026/07/19 09:00,05F0287S,05F0309S,31,89,93
2026/07/19 09:00,05F0287S,05F0309S,32,89,22
2026/07/19 09:00,05F0287S,05F0309S,41,2181,14
2026/07/19 09:00,05F0287S,05F0309S,42,0,0
2026/07/19 09:00,05F0287S,05F0309S,5,0,0
2026/07/19 09:00,05F0309S,05F0439S,31,497,56
2026/07/19 09:00,05F0309S,05F0439S,32,498,18
2026/07/19 09:00,05F0309S,05F0439S,41,511,5
2026/07/19 09:00,05F0309S,05F0439S,42,0,0
2026/07/19 09:00,05F0309S,05F0439S,5,0,0
2026/07/19 09:00,05F0439S,05F0494S,31,203,31
2026/07/19 09:00,05F0439S,05F0494S,32,205,15
2026/07/19 09:00,05F0439S,05F0494S,41,216,5
2026/07/19 09:00,05F0439S,05F0494S,42,0,0
2026/07/19 09:00,05F0439S,05F0494S,5,236,1
2026/07/19 09:05,05F0000S,05F0055S,31,330,164
2026/07/19 09:05,05F0000S,05F0055S,32,328,33
2026/07/19 09:05,05F0000S,05F0055S,41,325,3
2026/07/19 09:05,05F0000S,05F0055S,42,0,0
2026/07/19 09:05,05F0000S,05F0055S,5,0,0
2026/07/19 09:05,05F0055S,05F0287S,31,1037,115
2026/07/19 09:05,05F0055S,05F0287S,32,1033,19
2026/07/19 09:05,05F0055S,05F0287S,41,1072,9
2026/07/19 09:05,05F0055S,05F0287S,42,0,0
2026/07/19 09:05,05F0055S,05F0287S,5,0,0
2026/07/19 09:05,05F0287S,05F0309S,31,88,75
2026/07/19 09:05,05F0287S,05F0309S,32,87,15
2026/07/19 09:05,05F0287S,05F0309S,41,95,6
2026/07/19 09:05,05F0287S,05F0309S,42,0,0
2026/07/19 09:05,05F0287S,05F0309S,5,0,0
2026/07/19 09:05,05F0309S,05F0439S,31,502,49
2026/07/19 09:05,05F0309S,05F0439S,32,489,10
2026/07/19 09:05,05F0309S,05F0439S,41,522,2
2026/07/19 09:05,05F0309S,05F0439S,42,484,2
2026/07/19 09:05,05F0309S,05F0439S,5,660,1
2026/07/19 09:05,05F0439S,05F0494S,31,206,32
2026/07/19 09:05,05F0439S,05F0494S,32,218,13
2026/07/19 09:05,05F0439S,05F0494S,41,223,1
2026/07/19 09:05,05F0439S,05F0494S,42,0,0
2026/07/19 09:05,05F0439S,05F0494S,5,0,0
2026/07/19 09:10,05F0000S,05F0055S,31,309,163
2026/07/19 09:10,05F0000S,05F0055S,32,312,39
2026/07/19 09:10,05F0000S,05F0055S,41,324,6
2026/07/19 09:10,05F0000S,05F0055S,42,0,0
2026/07/19 09:10,05F0000S,05F0055S,5,0,0
2026/07/19 09:10,05F0055S,05F0287S,31,1048,127
2026/07/19 09:10,05F0055S,05F0287S,32,1052,33
2026/07/19 09:10,05F0055S,05F0287S,41,1051,6
2026/07/19 09:10,05F0055S,05F0287S,42,0,0
2026/07/19 09:10,05F0055S,05F0287S,5,0,0
2026/07/19 09:10,05F0287S,05F0309S,31,88,94
2026/07/19 09:10,05F0287S,05F0309S,32,88,19
2026/07/19 09:10,05F0287S,05F0309S,41,89,6
2026/07/19 09:10,05F0287S,05F0309S,42,0,0
2026/07/19 09:10,05F0287S,05F0309S,5,0,0
2026/07/19 09:10,05F0309S,05F0439S,31,494,64
2026/07/19 09:10,05F0309S,05F0439S,32,487,19
2026/07/19 09:10,05F0309S,05F0439S,41,536,3
2026/07/19 09:10,05F0309S,05F0439S,42,0,0
2026/07/19 09:10,05F0309S,05F0439S,5,591,1
2026/07/19 09:10,05F0439S,05F0494S,31,202,41
2026/07/19 09:10,05F0439S,05F0494S,32,209,7
2026/07/19 09:10,05F0439S,05F0494S,41,0,0
2026/07/19 09:10,05F0439S,05F0494S,42,195,1
2026/07/19 09:10,05F0439S,05F0494S,5,280,1
2026/07/19 09:15,05F0000S,05F0055S,31,312,148
2026/07/19 09:15,05F0000S,05F0055S,32,314,30
2026/07/19 09:15,05F0000S,05F0055S,41,323,6
2026/07/19 09:15,05F0000S,05F0055S,42,0,0
2026/07/19 09:15,05F0000S,05F0055S,5,0,0
2026/07/19 09:15,05F0055S,05F0287S,31,1075,142
2026/07/19 09:15,05F0055S,05F0287S,32,1075,33
2026/07/19 09:15,05F0055S,05F0287S,41,1103,4
2026/07/19 09:15,05F0055S,05F0287S,42,0,0
2026/07/19 09:15,05F0055S,05F0287S,5,0,0
2026/07/19 09:15,05F0287S,05F0309S,31,89,102
2026/07/19 09:15,05F0287S,05F0309S,32,94,24
2026/07/19 09:15,05F0287S,05F0309S,41,94,4
2026/07/19 09:15,05F0287S,05F0309S,42,0,0
2026/07/19 09:15,05F0287S,05F0309S,5,0,0
2026/07/19 09:15,05F0309S,05F0439S,31,476,74
2026/07/19 09:15,05F0309S,05F0439S,32,488,9
2026/07/19 09:15,05F0309S,05F0439S,41,532,5
2026/07/19 09:15,05F0309S,05F0439S,42,0,0
2026/07/19 09:15,05F0309S,05F0439S,5,0,0
2026/07/19 09:15,05F0439S,05F0494S,31,206,39
2026/07/19 09:15,05F0439S,05F0494S,32,204,12
2026/07/19 09:15,05F0439S,05F0494S,41,210,1
2026/07/19 09:15,05F0439S,05F0494S,42,0,0
2026/07/19 09:15,05F0439S,05F0494S,5,228,1
2026/07/19 09:20,05F0000S,05F0055S,31,329,156
2026/07/19 09:20,05F0000S,05F0055S,32,330,22
2026/07/19 09:20,05F0000S,05F0055S,41,340,5
2026/07/19 09:20,05F0000S,05F0055S,42,0,0
2026/07/19 09:20,05F0000S,05F0055S,5,0,0
2026/07/19 09:20,05F0055S,05F0287S,31,1054,129
2026/07/19 09:20,05F0055S,05F0287S,32,1054,28
2026/07/19 09:20,05F0055S,05F0287S,41,1083,10
2026/07/19 09:20,05F0055S,05F0287S,42,0,0
2026/07/19 09:20,05F0055S,05F0287S,5,0,0
2026/07/19 09:20,05F0287S,05F0309S,31,86,90
2026/07/19 09:20,05F0287S,05F0309S,32,88,21
2026/07/19 09:20,05F0287S,05F0309S,41,94,6
2026/07/19 09:20,05F0287S,05F0309S,42,0,0
2026/07/19 09:20,05F0287S,05F0309S,5,0,0
2026/07/19 09:20,05F0309S,05F0439S,31,485,68
2026/07/19 09:20,05F0309S,05F0439S,32,485,15
2026/07/19 09:20,05F0309S,05F0439S,41,526,4
2026/07/19 09:20,05F0309S,05F0439S,42,547,1
2026/07/19 09:20,05F0309S,05F0439S,5,512,1
2026/07/19 09:20,05F0439S,05F0494S,31,206,27
2026/07/19 09:20,05F0439S,05F0494S,32,200,7
2026/07/19 09:20,05F0439S,05F0494S,41,199,3
2026/07/19 09:20,05F0439S,05F0494S,42,0,0
2026/07/19 09:20,05F0439S,05F0494S,5,0,0
2026/07/19 09:25,05F0000S,05F0055S,31,323,144
2026/07/19 09:25,05F0000S,05F0055S,32,327,38
2026/07/19 09:25,05F0000S,05F0055S,41,327,5
2026/07/19 09:25,05F0000S,05F0055S,42,0,0
2026/07/19 09:25,05F0000S,05F0055S,5,0,0
2026/07/19 09:25,05F0055S,05F0287S,31,1105,139
2026/07/19 09:25,05F0055S,05F0287S,32,1113,32
2026/07/19 09:25,05F0055S,05F0287S,41,1135,2
2026/07/19 09:25,05F0055S,05F0287S,42,0,0
2026/07/19 09:25,05F0055S,05F0287S,5,0,0
2026/07/19 09:25,05F0287S,05F0309S,31,87,78
2026/07/19 09:25,05F0287S,05F0309S,32,95,20
2026/07/19 09:25,05F0287S,05F0309S,41,92,2
2026/07/19 09:25,05F0287S,05F0309S,42,0,0
2026/07/19 09:25,05F0287S,05F0309S,5,0,0
2026/07/19 09:25,05F0309S,05F0439S,31,493,77
2026/07/19 09:25,05F0309S,05F0439S,32,501,21
2026/07/19 09:25,05F0309S,05F0439S,41,520,3
2026/07/19 09:25,05F0309S,05F0439S,42,0,0
2026/07/19 09:25,05F0309S,05F0439S,5,0,0
2026/07/19 09:25,05F0439S,05F0494S,31,208,34
2026/07/19 09:25,05F0439S,05F0494S,32,209,6
2026/07/19 09:25,05F0439S,05F0494S,41,214,3
2026/07/19 09:25,05F0439S,05F0494S,42,0,0
2026/07/19 09:25,05F0439S,05F0494S,5,216,1
2026/07/19 09:30,05F0000S,05F0055S,31,306,154
2026/07/19 09:30,05F0000S,05F0055S,32,308,32
2026/07/19 09:30,05F0000S,05F0055S,41,310,5
2026/07/19 09:30,05F0000S,05F0055S,42,0,0
2026/07/19 09:30,05F0000S,05F0055S,5,0,0
2026/07/19 09:30,05F0055S,05F0287S,31,1127,154
2026/07/19 09:30,05F0055S,05F0287S,32,1127,31
2026/07/19 09:30,05F0055S,05F0287S,41,1142,10
2026/07/19 09:30,05F0055S,05F0287S,42,0,0
2026/07/19 09:30,05F0055S,05F0287S,5,0,0
2026/07/19 09:30,05F0287S,05F0309S,31,90,125
2026/07/19 09:30,05F0287S,05F0309S,32,92,29
2026/07/19 09:30,05F0287S,05F0309S,41,97,3
2026/07/19 09:30,05F0287S,05F0309S,42,0,0
2026/07/19 09:30,05F0287S,05F0309S,5,0,0
2026/07/19 09:30,05F0309S,05F0439S,31,486,71
2026/07/19 09:30,05F0309S,05F0439S,32,477,13
2026/07/19 09:30,05F0309S,05F0439S,41,526,5
2026/07/19 09:30,05F0309S,05F0439S,42,0,0
2026/07/19 09:30,05F0309S,05F0439S,5,0,0
2026/07/19 09:30,05F0439S,05F0494S,31,207,45
2026/07/19 09:30,05F0439S,05F0494S,32,199,10
2026/07/19 09:30,05F0439S,05F0494S,41,218,1
2026/07/19 09:30,05F0439S,05F0494S,42,0,0
2026/07/19 09:30,05F0439S,05F0494S,5,0,0
2026/07/19 09:35,05F0000S,05F0055S,31,325,154
2026/07/19 09:35,05F0000S,05F0055S,32,324,34
2026/07/19 09:35,05F0000S,05F0055S,41,325,7
2026/07/19 09:35,05F0000S,05F0055S,42,0,0
2026/07/19 09:35,05F0000S,05F0055S,5,0,0
2026/07/19 09:35,05F0055S,05F0287S,31,1110,160
2026/07/19 09:35,05F0055S,05F0287S,32,1107,30
2026/07/19 09:35,05F0055S,05F0287S,41,1120,5
2026/07/19 09:35,05F0055S,05F0287S,42,0,0
2026/07/19 09:35,05F0055S,05F0287S,5,0,0
2026/07/19 09:35,05F0287S,05F0309S,31,89,104
2026/07/19 09:35,05F0287S,05F0309S,32,92,20
2026/07/19 09:35,05F0287S,05F0309S,41,98,4
2026/07/19 09:35,05F0287S,05F0309S,42,0,0
2026/07/19 09:35,05F0287S,05F0309S,5,0,0
2026/07/19 09:35,05F0309S,05F0439S,31,476,80
2026/07/19 09:35,05F0309S,05F0439S,32,513,19
2026/07/19 09:35,05F0309S,05F0439S,41,518,1
2026/07/19 09:35,05F0309S,05F0439S,42,525,2
2026/07/19 09:35,05F0309S,05F0439S,5,493,1
2026/07/19 09:35,05F0439S,05F0494S,31,203,45
2026/07/19 09:35,05F0439S,05F0494S,32,209,9
2026/07/19 09:35,05F0439S,05F0494S,41,221,2
2026/07/19 09:35,05F0439S,05F0494S,42,239,1
2026/07/19 09:35,05F0439S,05F0494S,5,0,0
2026/07/19 09:40,05F0000S,05F0055S,31,319,177
2026/07/19 09:40,05F0000S,05F0055S,32,320,25
2026/07/19 09:40,05F0000S,05F0055S,41,323,4
2026/07/19 09:40,05F0000S,05F0055S,42,0,0
2026/07/19 09:40,05F0000S,05F0055S,5,0,0
2026/07/19 09:40,05F0055S,05F0287S,31,1073,149
2026/07/19 09:40,05F0055S,05F0287S,32,1077,34
2026/07/19 09:40,05F0055S,05F0287S,41,1107,7
2026/07/19 09:40,05F0055S,05F0287S,42,0,0
2026/07/19 09:40,05F0055S,05F0287S,5,0,0
2026/07/19 09:40,05F0287S,05F0309S,31,91,111
2026/07/19 09:40,05F0287S,05F0309S,32,95,17
2026/07/19 09:40,05F0287S,05F0309S,41,99,5
2026/07/19 09:40,05F0287S,05F0309S,42,0,0
2026/07/19 09:40,05F0287S,05F0309S,5,0,0
2026/07/19 09:40,05F0309S,05F0439S,31,493,79
2026/07/19 09:40,05F0309S,05F0439S,32,496,18
2026/07/19 09:40,05F0309S,05F0439S,41,530,4
2026/07/19 09:40,05F0309S,05F0439S,42,633,1
2026/07/19 09:40,05F0309S,05F0439S,5,563,1
2026/07/19 09:40,05F0439S,05F0494S,31,201,53
2026/07/19 09:40,05F0439S,05F0494S,32,203,10
2026/07/19 09:40,05F0439S,05F0494S,41,221,1
2026/07/19 09:40,05F0439S,05F0494S,42,224,2
2026/07/19 09:40,05F0439S,05F0494S,5,248,1
2026/07/19 09:45,05F0000S,05F0055S,31,306,164
2026/07/19 09:45,05F0000S,05F0055S,32,304,30
2026/07/19 09:45,05F0000S,05F0055S,41,304,5
2026/07/19 09:45,05F0000S,05F0055S,42,0,0
2026/07/19 09:45,05F0000S,05F0055S,5,0,0
2026/07/19 09:45,05F0055S,05F0287S,31,1044,142
2026/07/19 09:45,05F0055S,05F0287S,32,1052,34
2026/07/19 09:45,05F0055S,05F0287S,41,1078,4
2026/07/19 09:45,05F0055S,05F0287S,42,0,0
2026/07/19 09:45,05F0055S,05F0287S,5,0,0
2026/07/19 09:45,05F0287S,05F0309S,31,88,92
2026/07/19 09:45,05F0287S,05F0309S,32,87,28
2026/07/19 09:45,05F0287S,05F0309S,41,86,3
2026/07/19 09:45,05F0287S,05F0309S,42,0,0
2026/07/19 09:45,05F0287S,05F0309S,5,0,0
2026/07/19 09:45,05F0309S,05F0439S,31,497,92
2026/07/19 09:45,05F0309S,05F0439S,32,520,16
2026/07/19 09:45,05F0309S,05F0439S,41,535,2
2026/07/19 09:45,05F0309S,05F0439S,42,526,1
2026/07/19 09:45,05F0309S,05F0439S,5,0,0
2026/07/19 09:45,05F0439S,05F0494S,31,204,49
2026/07/19 09:45,05F0439S,05F0494S,32,210,15
2026/07/19 09:45,05F0439S,05F0494S,41,222,2
2026/07/19 09:45,05F0439S,05F0494S,42,222,1
2026/07/19 09:45,05F0439S,05F0494S,5,0,0
2026/07/19 09:50,05F0000S,05F0055S,31,334,146
2026/07/19 09:50,05F0000S,05F0055S,32,331,43
2026/07/19 09:50,05F0000S,05F0055S,41,329,2
2026/07/19 09:50,05F0000S,05F0055S,42,0,0
2026/07/19 09:50,05F0000S,05F0055S,5,0,0
2026/07/19 09:50,05F0055S,05F0287S,31,1067,148
2026/07/19 09:50,05F0055S,05F0287S,32,1070,32
2026/07/19 09:50,05F0055S,05F0287S,41,1109,6
2026/07/19 09:50,05F0055S,05F0287S,42,0,0
2026/07/19 09:50,05F0055S,05F0287S,5,0,0
2026/07/19 09:50,05F0287S,05F0309S,31,90,101
2026/07/19 09:50,05F0287S,05F0309S,32,91,16
2026/07/19 09:50,05F0287S,05F0309S,41,97,6
2026/07/19 09:50,05F0287S,05F0309S,42,0,0
2026/07/19 09:50,05F0287S,05F0309S,5,0,0
2026/07/19 09:50,05F0309S,05F0439S,31,491,80
2026/07/19 09:50,05F0309S,05F0439S,32,506,19
2026/07/19 09:50,05F0309S,05F0439S,41,528,3
2026/07/19 09:50,05F0309S,05F0439S,42,0,0
2026/07/19 09:50,05F0309S,05F0439S,5,0,0
2026/07/19 09:50,05F0439S,05F0494S,31,198,45
2026/07/19 09:50,05F0439S,05F0494S,32,219,7
2026/07/19 09:50,05F0439S,05F0494S,41,0,0
2026/07/19 09:50,05F0439S,05F0494S,42,0,0
2026/07/19 09:50,05F0439S,05F0494S,5,0,0
2026/07/19 09:55,05F0000S,05F0055S,31,337,156
2026/07/19 09:55,05F0000S,05F0055S,32,340,31
2026/07/19 09:55,05F0000S,05F0055S,41,324,4
2026/07/19 09:55,05F0000S,05F0055S,42,0,0
2026/07/19 09:55,05F0000S,05F0055S,5,0,0
2026/07/19 09:55,05F0055S,05F0287S,31,1074,136
2026/07/19 09:55,05F0055S,05F0287S,32,1085,32
2026/07/19 09:55,05F0055S,05F0287S,41,1104,6
2026/07/19 09:55,05F0055S,05F0287S,42,0,0
2026/07/19 09:55,05F0055S,05F0287S,5,0,0
2026/07/19 09:55,05F0287S,05F0309S,31,90,101
2026/07/19 09:55,05F0287S,05F0309S,32,89,26
2026/07/19 09:55,05F0287S,05F0309S,41,93,4
2026/07/19 09:55,05F0287S,05F0309S,42,0,0
2026/07/19 09:55,05F0287S,05F0309S,5,0,0
2026/07/19 09:55,05F0309S,05F0439S,31,482,71
2026/07/19 09:55,05F0309S,05F0439S,32,496,24
2026/07/19 09:55,05F0309S,05F0439S,41,517,1
2026/07/19 09:55,05F0309S,05F0439S,42,523,1
2026/07/19 09:55,05F0309S,05F0439S,5,546,1
2026/07/19 09:55,05F0439S,05F0494S,31,207,40
2026/07/19 09:55,05F0439S,05F0494S,32,199,12
2026/07/19 09:55,05F0439S,05F0494S,41,219,1
2026/07/19 09:55,05F0439S,05F0494S,42,227,2
2026/07/19 09:55,05F0439S,05F0494S,5,0,0
2026/07/19 10:00,05F0000S,05F0055S,31,355,170
2026/07/19 10:00,05F0000S,05F0055S,32,354,28
2026/07/19 10:00,05F0000S,05F0055S,41,360,2
2026/07/19 10:00,05F0000S,05F0055S,42,0,0
2026/07/19 10:00,05F0000S,05F0055S,5,0,0
2026/07/19 10:00,05F0055S,05F0287S,31,1091,175
2026/07/19 10:00,05F0055S,05F0287S,32,1089,26
2026/07/19 10:00,05F0055S,05F0287S,41,1120,4
2026/07/19 10:00,05F0055S,05F0287S,42,0,0
2026/07/19 10:00,05F0055S,05F0287S,5,0,0
2026/07/19 10:00,05F0287S,05F0309S,31,89,101
2026/07/19 10:00,05F0287S,05F0309S,32,90,18
2026/07/19 10:00,05F0287S,05F0309S,41,97,3
2026/07/19 10:00,05F0287S,05F0309S,42,0,0
2026/07/19 10:00,05F0287S,05F0309S,5,0,0
2026/07/19 10:00,05F0309S,05F0439S,31,492,75
2026/07/19 10:00,05F0309S,05F0439S,32,492,14
2026/07/19 10:00,05F0309S,05F0439S,41,525,6
2026/07/19 10:00,05F0309S,05F0439S,42,0,0
2026/07/19 10:00,05F0309S,05F0439S,5,0,0
2026/07/19 10:00,05F0439S,05F0494S,31,201,35
2026/07/19 10:00,05F0439S,05F0494S,32,201,11
2026/07/19 10:00,05F0439S,05F0494S,41,0,0
2026/07/19 10:00,05F0439S,05F0494S,42,0,0
2026/07/19 10:00,05F0439S,05F0494S,5,0,0
2026/07/19 10:05,05F0000S,05F0055S,31,348,163
2026/07/19 10:05,05F0000S,05F0055S,32,346,35
2026/07/19 10:05,05F0000S,05F0055S,41,342,5
2026/07/19 10:05,05F0000S,05F0055S,42,0,0
2026/07/19 10:05,05F0000S,05F0055S,5,0,0
2026/07/19 10:05,05F0055S,05F0287S,31,1090,148
2026/07/19 10:05,05F0055S,05F0287S,32,1084,35
2026/07/19 10:05,05F0055S,05F0287S,41,1122,5
2026/07/19 10:05,05F0055S,05F0287S,42,0,0
2026/07/19 10:05,05F0055S,05F0287S,5,0,0
2026/07/19 10:05,05F0287S,05F0309S,31,91,110
2026/07/19 10:05,05F0287S,05F0309S,32,92,25
2026/07/19 10:05,05F0287S,05F0309S,41,97,6
2026/07/19 10:05,05F0287S,05F0309S,42,0,0
2026/07/19 10:05,05F0287S,05F0309S,5,0,0
2026/07/19 10:05,05F0309S,05F0439S,31,499,76
2026/07/19 10:05,05F0309S,05F0439S,32,500,15
2026/07/19 10:05,05F0309S,05F0439S,41,510,4
2026/07/19 10:05,05F0309S,05F0439S,42,0,0
2026/07/19 10:05,05F0309S,05F0439S,5,0,0
2026/07/19 10:05,05F0439S,05F0494S,31,209,49
2026/07/19 10:05,05F0439S,05F0494S,32,217,10
2026/07/19 10:05,05F0439S,05F0494S,41,217,1
2026/07/19 10:05,05F0439S,05F0494S,42,235,1
2026/07/19 10:05,05F0439S,05F0494S,5,0,0
2026/07/19 10:10,05F0000S,05F0055S,31,332,143
2026/07/19 10:10,05F0000S,05F0055S,32,332,38
2026/07/19 10:10,05F0000S,05F0055S,41,336,3
2026/07/19 10:10,05F0000S,05F0055S,42,0,0
2026/07/19 10:10,05F0000S,05F0055S,5,0,0
2026/07/19 10:10,05F0055S,05F0287S,31,1090,151
2026/07/19 10:10,05F0055S,05F0287S,32,1095,40
2026/07/19 10:10,05F0055S,05F0287S,41,1073,3
2026/07/19 10:10,05F0055S,05F0287S,42,0,0
2026/07/19 10:10,05F0055S,05F0287S,5,0,0
2026/07/19 10:10,05F0287S,05F0309S,31,91,109
2026/07/19 10:10,05F0287S,05F0309S,32,90,33
2026/07/19 10:10,05F0287S,05F0309S,41,97,4
2026/07/19 10:10,05F0287S,05F0309S,42,0,0
2026/07/19 10:10,05F0287S,05F0309S,5,0,0
2026/07/19 10:10,05F0309S,05F0439S,31,488,68
2026/07/19 10:10,05F0309S,05F0439S,32,503,15
2026/07/19 10:10,05F0309S,05F0439S,41,528,1
2026/07/19 10:10,05F0309S,05F0439S,42,0,0
2026/07/19 10:10,05F0309S,05F0439S,5,0,0
2026/07/19 10:10,05F0439S,05F0494S,31,208,35
2026/07/19 10:10,05F0439S,05F0494S,32,208,10
2026/07/19 10:10,05F0439S,05F0494S,41,212,2
2026/07/19 10:10,05F0439S,05F0494S,42,0,0
2026/07/19 10:10,05F0439S,05F0494S,5,0,0
2026/07/19 10:15,05F0000S,05F0055S,31,348,143
2026/07/19 10:15,05F0000S,05F0055S,32,348,29
2026/07/19 10:15,05F0000S,05F0055S,41,347,5
2026/07/19 10:15,05F0000S,05F0055S,42,0,0
2026/07/19 10:15,05F0000S,05F0055S,5,0,0
2026/07/19 10:15,05F0055S,05F0287S,31,1086,150
2026/07/19 10:15,05F0055S,05F0287S,32,1086,30
2026/07/19 10:15,05F0055S,05F0287S,41,1113,4
2026/07/19 10:15,05F0055S,05F0287S,42,0,0
2026/07/19 10:15,05F0055S,05F0287S,5,0,0
2026/07/19 10:15,05F0287S,05F0309S,31,90,94
2026/07/19 10:15,05F0287S,05F0309S,32,93,23
2026/07/19 10:15,05F0287S,05F0309S,41,92,3
2026/07/19 10:15,05F0287S,05F0309S,42,0,0
2026/07/19 10:15,05F0287S,05F0309S,5,0,0
2026/07/19 10:15,05F0309S,05F0439S,31,499,83
2026/07/19 10:15,05F0309S,05F0439S,32,504,23
2026/07/19 10:15,05F0309S,05F0439S,41,540,5
2026/07/19 10:15,05F0309S,05F0439S,42,0,0
2026/07/19 10:15,05F0309S,05F0439S,5,0,0
2026/07/19 10:15,05F0439S,05F0494S,31,209,58
2026/07/19 10:15,05F0439S,05F0494S,32,209,14
2026/07/19 10:15,05F0439S,05F0494S,41,0,0
2026/07/19 10:15,05F0439S,05F0494S,42,0,0
2026/07/19 10:15,05F0439S,05F0494S,5,0,0
2026/07/19 10:20,05F0000S,05F0055S,31,354,156
2026/07/19 10:20,05F0000S,05F0055S,32,355,35
2026/07/19 10:20,05F0000S,05F0055S,41,350,6
2026/07/19 10:20,05F0000S,05F0055S,42,0,0
2026/07/19 10:20,05F0000S,05F0055S,5,0,0
2026/07/19 10:20,05F0055S,05F0287S,31,1116,155
2026/07/19 10:20,05F0055S,05F0287S,32,1122,29
2026/07/19 10:20,05F0055S,05F0287S,41,1137,3
2026/07/19 10:20,05F0055S,05F0287S,42,0,0
2026/07/19 10:20,05F0055S,05F0287S,5,0,0
2026/07/19 10:20,05F0287S,05F0309S,31,88,99
2026/07/19 10:20,05F0287S,05F0309S,32,90,17
2026/07/19 10:20,05F0287S,05F0309S,41,98,1
2026/07/19 10:20,05F0287S,05F0309S,42,0,0
2026/07/19 10:20,05F0287S,05F0309S,5,0,0
2026/07/19 10:20,05F0309S,05F0439S,31,493,68
2026/07/19 10:20,05F0309S,05F0439S,32,486,19
2026/07/19 10:20,05F0309S,05F0439S,41,550,1
2026/07/19 10:20,05F0309S,05F0439S,42,598,2
2026/07/19 10:20,05F0309S,05F0439S,5,0,0
2026/07/19 10:20,05F0439S,05F0494S,31,209,35
2026/07/19 10:20,05F0439S,05F0494S,32,204,13
2026/07/19 10:20,05F0439S,05F0494S,41,0,0
2026/07/19 10:20,05F0439S,05F0494S,42,0,0
2026/07/19 10:20,05F0439S,05F0494S,5,0,0
2026/07/19 10:25,05F0000S,05F0055S,31,352,144
2026/07/19 10:25,05F0000S,05F0055S,32,347,26
2026/07/19 10:25,05F0000S,05F0055S,41,355,8
2026/07/19 10:25,05F0000S,05F0055S,42,0,0
2026/07/19 10:25,05F0000S,05F0055S,5,0,0
2026/07/19 10:25,05F0055S,05F0287S,31,1131,166
2026/07/19 10:25,05F0055S,05F0287S,32,1133,34
2026/07/19 10:25,05F0055S,05F0287S,41,1133,5
2026/07/19 10:25,05F0055S,05F0287S,42,0,0
2026/07/19 10:25,05F0055S,05F0287S,5,0,0
2026/07/19 10:25,05F0287S,05F0309S,31,88,95
2026/07/19 10:25,05F0287S,05F0309S,32,87,25
2026/07/19 10:25,05F0287S,05F0309S,41,95,4
2026/07/19 10:25,05F0287S,05F0309S,42,0,0
2026/07/19 10:25,05F0287S,05F0309S,5,0,0
2026/07/19 10:25,05F0309S,05F0439S,31,497,70
2026/07/19 10:25,05F0309S,05F0439S,32,493,13
2026/07/19 10:25,05F0309S,05F0439S,41,534,2
2026/07/19 10:25,05F0309S,05F0439S,42,0,0
2026/07/19 10:25,05F0309S,05F0439S,5,0,0
2026/07/19 10:25,05F0439S,05F0494S,31,208,39
2026/07/19 10:25,05F0439S,05F0494S,32,205,9
2026/07/19 10:25,05F0439S,05F0494S,41,0,0
2026/07/19 10:25,05F0439S,05F0494S,42,244,1
2026/07/19 10:25,05F0439S,05F0494S,5,0,0
2026/07/19 10:30,05F0000S,05F0055S,31,374,151
2026/07/19 10:30,05F0000S,05F0055S,32,368,30
2026/07/19 10:30,05F0000S,05F0055S,41,363,6
2026/07/19 10:30,05F0000S,05F0055S,42,365,1
2026/07/19 10:30,05F0000S,05F0055S,5,0,0
2026/07/19 10:30,05F0055S,05F0287S,31,1110,139
2026/07/19 10:30,05F0055S,05F0287S,32,1114,40
2026/07/19 10:30,05F0055S,05F0287S,41,1124,4
2026/07/19 10:30,05F0055S,05F0287S,42,0,0
2026/07/19 10:30,05F0055S,05F0287S,5,0,0
2026/07/19 10:30,05F0287S,05F0309S,31,91,101
2026/07/19 10:30,05F0287S,05F0309S,32,90,26
2026/07/19 10:30,05F0287S,05F0309S,41,105,1
2026/07/19 10:30,05F0287S,05F0309S,42,0,0
2026/07/19 10:30,05F0287S,05F0309S,5,0,0
2026/07/19 10:30,05F0309S,05F0439S,31,484,67
2026/07/19 10:30,05F0309S,05F0439S,32,456,10
2026/07/19 10:30,05F0309S,05F0439S,41,0,0
2026/07/19 10:30,05F0309S,05F0439S,42,0,0
2026/07/19 10:30,05F0309S,05F0439S,5,0,0
2026/07/19 10:30,05F0439S,05F0494S,31,211,43
2026/07/19 10:30,05F0439S,05F0494S,32,209,10
2026/07/19 10:30,05F0439S,05F0494S,41,0,0
2026/07/19 10:30,05F0439S,05F0494S,42,0,0
2026/07/19 10:30,05F0439S,05F0494S,5,0,0
2026/07/19 10:35,05F0000S,05F0055S,31,419,142
2026/07/19 10:35,05F0000S,05F0055S,32,416,36
2026/07/19 10:35,05F0000S,05F0055S,41,381,6
2026/07/19 10:35,05F0000S,05F0055S,42,0,0
2026/07/19 10:35,05F0000S,05F0055S,5,0,0
2026/07/19 10:35,05F0055S,05F0287S,31,1112,144
2026/07/19 10:35,05F0055S,05F0287S,32,1114,30
2026/07/19 10:35,05F0055S,05F0287S,41,1126,4
2026/07/19 10:35,05F0055S,05F0287S,42,0,0
2026/07/19 10:35,05F0055S,05F0287S,5,0,0
2026/07/19 10:35,05F0287S,05F0309S,31,89,97
2026/07/19 10:35,05F0287S,05F0309S,32,92,19
2026/07/19 10:35,05F0287S,05F0309S,41,94,4
2026/07/19 10:35,05F0287S,05F0309S,42,0,0
2026/07/19 10:35,05F0287S,05F0309S,5,0,0
2026/07/19 10:35,05F0309S,05F0439S,31,494,62
2026/07/19 10:35,05F0309S,05F0439S,32,508,21
2026/07/19 10:35,05F0309S,05F0439S,41,530,2
2026/07/19 10:35,05F0309S,05F0439S,42,0,0
2026/07/19 10:35,05F0309S,05F0439S,5,560,1
2026/07/19 10:35,05F0439S,05F0494S,31,206,32
2026/07/19 10:35,05F0439S,05F0494S,32,207,12
2026/07/19 10:35,05F0439S,05F0494S,41,222,1
2026/07/19 10:35,05F0439S,05F0494S,42,0,0
2026/07/19 10:35,05F0439S,05F0494S,5,0,0
2026/07/19 10:40,05F0000S,05F0055S,31,438,146
2026/07/19 10:40,05F0000S,05F0055S,32,433,47
2026/07/19 10:40,05F0000S,05F0055S,41,412,6
2026/07/19 10:40,05F0000S,05F0055S,42,0,0
2026/07/19 10:40,05F0000S,05F0055S,5,0,0
2026/07/19 10:40,05F0055S,05F0287S,31,1115,155
2026/07/19 10:40,05F0055S,05F0287S,32,1119,31
2026/07/19 10:40,05F0055S,05F0287S,41,1121,6
2026/07/19 10:40,05F0055S,05F0287S,42,0,0
2026/07/19 10:40,05F0055S,05F0287S,5,0,0
2026/07/19 10:40,05F0287S,05F0309S,31,88,94
2026/07/19 10:40,05F0287S,05F0309S,32,89,18
2026/07/19 10:40,05F0287S,05F0309S,41,96,4
2026/07/19 10:40,05F0287S,05F0309S,42,0,0
2026/07/19 10:40,05F0287S,05F0309S,5,0,0
2026/07/19 10:40,05F0309S,05F0439S,31,489,64
2026/07/19 10:40,05F0309S,05F0439S,32,500,11
2026/07/19 10:40,05F0309S,05F0439S,41,522,1
2026/07/19 10:40,05F0309S,05F0439S,42,575,1
2026/07/19 10:40,05F0309S,05F0439S,5,601,1
2026/07/19 10:40,05F0439S,05F0494S,31,208,37
2026/07/19 10:40,05F0439S,05F0494S,32,219,11
2026/07/19 10:40,05F0439S,05F0494S,41,213,1
2026/07/19 10:40,05F0439S,05F0494S,42,241,1
2026/07/19 10:40,05F0439S,05F0494S,5,231,2
2026/07/19 10:45,05F0000S,05F0055S,31,411,159
2026/07/19 10:45,05F0000S,05F0055S,32,410,36
2026/07/19 10:45,05F0000S,05F0055S,41,849,2
2026/07/19 10:45,05F0000S,05F0055S,42,0,0
2026/07/19 10:45,05F0000S,05F0055S,5,0,0
2026/07/19 10:45,05F0055S,05F0287S,31,1136,152
2026/07/19 10:45,05F0055S,05F0287S,32,1137,28
2026/07/19 10:45,05F0055S,05F0287S,41,1147,6
2026/07/19 10:45,05F0055S,05F0287S,42,0,0
2026/07/19 10:45,05F0055S,05F0287S,5,0,0
2026/07/19 10:45,05F0287S,05F0309S,31,87,89
2026/07/19 10:45,05F0287S,05F0309S,32,90,15
2026/07/19 10:45,05F0287S,05F0309S,41,88,4
2026/07/19 10:45,05F0287S,05F0309S,42,0,0
2026/07/19 10:45,05F0287S,05F0309S,5,0,0
2026/07/19 10:45,05F0309S,05F0439S,31,487,63
2026/07/19 10:45,05F0309S,05F0439S,32,492,14
2026/07/19 10:45,05F0309S,05F0439S,41,533,2
2026/07/19 10:45,05F0309S,05F0439S,42,577,1
2026/07/19 10:45,05F0309S,05F0439S,5,496,1
2026/07/19 10:45,05F0439S,05F0494S,31,207,41
2026/07/19 10:45,05F0439S,05F0494S,32,207,11
2026/07/19 10:45,05F0439S,05F0494S,41,223,1
2026/07/19 10:45,05F0439S,05F0494S,42,0,0
2026/07/19 10:45,05F0439S,05F0494S,5,0,0
2026/07/19 10:50,05F0000S,05F0055S,31,422,140
2026/07/19 10:50,05F0000S,05F0055S,32,421,35
2026/07/19 10:50,05F0000S,05F0055S,41,401,4
2026/07/19 10:50,05F0000S,05F0055S,42,0,0
2026/07/19 10:50,05F0000S,05F0055S,5,0,0
2026/07/19 10:50,05F0055S,05F0287S,31,1107,145
2026/07/19 10:50,05F0055S,05F0287S,32,1104,34
2026/07/19 10:50,05F0055S,05F0287S,41,1140,6
2026/07/19 10:50,05F0055S,05F0287S,42,0,0
2026/07/19 10:50,05F0055S,05F0287S,5,0,0
2026/07/19 10:50,05F0287S,05F0309S,31,89,104
2026/07/19 10:50,05F0287S,05F0309S,32,88,16
2026/07/19 10:50,05F0287S,05F0309S,41,97,6
2026/07/19 10:50,05F0287S,05F0309S,42,0,0
2026/07/19 10:50,05F0287S,05F0309S,5,0,0
2026/07/19 10:50,05F0309S,05F0439S,31,493,65
2026/07/19 10:50,05F0309S,05F0439S,32,485,9
2026/07/19 10:50,05F0309S,05F0439S,41,531,1
2026/07/19 10:50,05F0309S,05F0439S,42,0,0
2026/07/19 10:50,05F0309S,05F0439S,5,0,0
2026/07/19 10:50,05F0439S,05F0494S,31,208,49
2026/07/19 10:50,05F0439S,05F0494S,32,214,11
2026/07/19 10:50,05F0439S,05F0494S,41,0,0
2026/07/19 10:50,05F0439S,05F0494S,42,242,1
2026/07/19 10:50,05F0439S,05F0494S,5,211,1
2026/07/19 10:55,05F0000S,05F0055S,31,435,141
2026/07/19 10:55,05F0000S,05F0055S,32,432,30
2026/07/19 10:55,05F0000S,05F0055S,41,423,5
2026/07/19 10:55,05F0000S,05F0055S,42,0,0
2026/07/19 10:55,05F0000S,05F0055S,5,0,0
2026/07/19 10:55,05F0055S,05F0287S,31,1121,150
2026/07/19 10:55,05F0055S,05F0287S,32,1121,41
2026/07/19 10:55,05F0055S,05F0287S,41,1123,6
2026/07/19 10:55,05F0055S,05F0287S,42,0,0
2026/07/19 10:55,05F0055S,05F0287S,5,0,0
2026/07/19 10:55,05F0287S,05F0309S,31,88,86
2026/07/19 10:55,05F0287S,05F0309S,32,89,27
2026/07/19 10:55,05F0287S,05F0309S,41,92,4
2026/07/19 10:55,05F0287S,05F0309S,42,0,0
2026/07/19 10:55,05F0287S,05F0309S,5,0,0
2026/07/19 10:55,05F0309S,05F0439S,31,480,57
2026/07/19 10:55,05F0309S,05F0439S,32,477,14
2026/07/19 10:55,05F0309S,05F0439S,41,505,3
2026/07/19 10:55,05F0309S,05F0439S,42,0,0
2026/07/19 10:55,05F0309S,05F0439S,5,0,0
2026/07/19 10:55,05F0439S,05F0494S,31,213,37
2026/07/19 10:55,05F0439S,05F0494S,32,208,8
2026/07/19 10:55,05F0439S,05F0494S,41,222,1
2026/07/19 10:55,05F0439S,05F0494S,42,0,0
2026/07/19 10:55,05F0439S,05F0494S,5,0,0
2026/07/19 11:00,05F0000S,05F0055S,31,466,139
2026/07/19 11:00,05F0000S,05F0055S,32,473,22
2026/07/19 11:00,05F0000S,05F0055S,41,453,5
2026/07/19 11:00,05F0000S,05F0055S,42,0,0
2026/07/19 11:00,05F0000S,05F0055S,5,0,0
2026/07/19 11:00,05F0055S,05F0287S,31,1120,132
2026/07/19 11:00,05F0055S,05F0287S,32,1124,45
2026/07/19 11:00,05F0055S,05F0287S,41,1205,6
2026/07/19 11:00,05F0055S,05F0287S,42,0,0
2026/07/19 11:00,05F0055S,05F0287S,5,0,0
2026/07/19 11:00,05F0287S,05F0309S,31,87,65
2026/07/19 11:00,05F0287S,05F0309S,32,89,31
2026/07/19 11:00,05F0287S,05F0309S,41,100,5
2026/07/19 11:00,05F0287S,05F0309S,42,0,0
2026/07/19 11:00,05F0287S,05F0309S,5,0,0
2026/07/19 11:00,05F0309S,05F0439S,31,490,57
2026/07/19 11:00,05F0309S,05F0439S,32,498,13
2026/07/19 11:00,05F0309S,05F0439S,41,552,4
2026/07/19 11:00,05F0309S,05F0439S,42,0,0
2026/07/19 11:00,05F0309S,05F0439S,5,0,0
2026/07/19 11:00,05F0439S,05F0494S,31,205,41
2026/07/19 11:00,05F0439S,05F0494S,32,199,8
2026/07/19 11:00,05F0439S,05F0494S,41,0,0
2026/07/19 11:00,05F0439S,05F0494S,42,242,1
2026/07/19 11:00,05F0439S,05F0494S,5,0,0
2026/07/19 11:05,05F0000S,05F0055S,31,486,160
2026/07/19 11:05,05F0000S,05F0055S,32,488,31
2026/07/19 11:05,05F0000S,05F0055S,41,472,6
2026/07/19 11:05,05F0000S,05F0055S,42,0,0
2026/07/19 11:05,05F0000S,05F0055S,5,0,0
2026/07/19 11:05,05F0055S,05F0287S,31,1147,161
2026/07/19 11:05,05F0055S,05F0287S,32,1145,36
2026/07/19 11:05,05F0055S,05F0287S,41,1158,5
2026/07/19 11:05,05F0055S,05F0287S,42,0,0
2026/07/19 11:05,05F0055S,05F0287S,5,0,0
2026/07/19 11:05,05F0287S,05F0309S,31,90,108
2026/07/19 11:05,05F0287S,05F0309S,32,91,31
2026/07/19 11:05,05F0287S,05F0309S,41,99,3
2026/07/19 11:05,05F0287S,05F0309S,42,0,0
2026/07/19 11:05,05F0287S,05F0309S,5,0,0
2026/07/19 11:05,05F0309S,05F0439S,31,468,49
2026/07/19 11:05,05F0309S,05F0439S,32,493,22
2026/07/19 11:05,05F0309S,05F0439S,41,532,3
2026/07/19 11:05,05F0309S,05F0439S,42,503,2
2026/07/19 11:05,05F0309S,05F0439S,5,0,0
2026/07/19 11:05,05F0439S,05F0494S,31,212,36
2026/07/19 11:05,05F0439S,05F0494S,32,206,15
2026/07/19 11:05,05F0439S,05F0494S,41,217,7
2026/07/19 11:05,05F0439S,05F0494S,42,0,0
2026/07/19 11:05,05F0439S,05F0494S,5,0,0
2026/07/19 11:10,05F0000S,05F0055S,31,463,119
2026/07/19 11:10,05F0000S,05F0055S,32,465,41
2026/07/19 11:10,05F0000S,05F0055S,41,464,5
2026/07/19 11:10,05F0000S,05F0055S,42,0,0
2026/07/19 11:10,05F0000S,05F0055S,5,0,0
2026/07/19 11:10,05F0055S,05F0287S,31,1147,158
2026/07/19 11:10,05F0055S,05F0287S,32,1148,35
2026/07/19 11:10,05F0055S,05F0287S,41,1126,3
2026/07/19 11:10,05F0055S,05F0287S,42,0,0
2026/07/19 11:10,05F0055S,05F0287S,5,0,0
2026/07/19 11:10,05F0287S,05F0309S,31,89,97
2026/07/19 11:10,05F0287S,05F0309S,32,90,26
2026/07/19 11:10,05F0287S,05F0309S,41,91,5
2026/07/19 11:10,05F0287S,05F0309S,42,0,0
2026/07/19 11:10,05F0287S,05F0309S,5,0,0
2026/07/19 11:10,05F0309S,05F0439S,31,491,44
2026/07/19 11:10,05F0309S,05F0439S,32,487,20
2026/07/19 11:10,05F0309S,05F0439S,41,542,4
2026/07/19 11:10,05F0309S,05F0439S,42,0,0
2026/07/19 11:10,05F0309S,05F0439S,5,0,0
2026/07/19 11:10,05F0439S,05F0494S,31,202,34
2026/07/19 11:10,05F0439S,05F0494S,32,197,12
2026/07/19 11:10,05F0439S,05F0494S,41,0,0
2026/07/19 11:10,05F0439S,05F0494S,42,204,1
2026/07/19 11:10,05F0439S,05F0494S,5,0,0
2026/07/19 11:15,05F0000S,05F0055S,31,430,147
2026/07/19 11:15,05F0000S,05F0055S,32,442,34
2026/07/19 11:15,05F0000S,05F0055S,41,434,8
2026/07/19 11:15,05F0000S,05F0055S,42,0,0
2026/07/19 11:15,05F0000S,05F0055S,5,0,0
2026/07/19 11:15,05F0055S,05F0287S,31,1123,150
2026/07/19 11:15,05F0055S,05F0287S,32,1128,36
2026/07/19 11:15,05F0055S,05F0287S,41,1118,6
2026/07/19 11:15,05F0055S,05F0287S,42,0,0
2026/07/19 11:15,05F0055S,05F0287S,5,0,0
2026/07/19 11:15,05F0287S,05F0309S,31,89,105
2026/07/19 11:15,05F0287S,05F0309S,32,89,27
2026/07/19 11:15,05F0287S,05F0309S,41,92,4
2026/07/19 11:15,05F0287S,05F0309S,42,1694,1
2026/07/19 11:15,05F0287S,05F0309S,5,0,0
2026/07/19 11:15,05F0309S,05F0439S,31,490,64
2026/07/19 11:15,05F0309S,05F0439S,32,483,20
2026/07/19 11:15,05F0309S,05F0439S,41,510,1
2026/07/19 11:15,05F0309S,05F0439S,42,0,0
2026/07/19 11:15,05F0309S,05F0439S,5,489,1
2026/07/19 11:15,05F0439S,05F0494S,31,202,41
2026/07/19 11:15,05F0439S,05F0494S,32,216,15
2026/07/19 11:15,05F0439S,05F0494S,41,232,3
2026/07/19 11:15,05F0439S,05F0494S,42,246,1
2026/07/19 11:15,05F0439S,05F0494S,5,211,1
2026/07/19 11:20,05F0000S,05F0055S,31,424,151
2026/07/19 11:20,05F0000S,05F0055S,32,430,33
2026/07/19 11:20,05F0000S,05F0055S,41,437,3
2026/07/19 11:20,05F0000S,05F0055S,42,0,0
2026/07/19 11:20,05F0000S,05F0055S,5,0,0
2026/07/19 11:20,05F0055S,05F0287S,31,1105,152
2026/07/19 11:20,05F0055S,05F0287S,32,1105,33
2026/07/19 11:20,05F0055S,05F0287S,41,1120,6
2026/07/19 11:20,05F0055S,05F0287S,42,0,0
2026/07/19 11:20,05F0055S,05F0287S,5,0,0
2026/07/19 11:20,05F0287S,05F0309S,31,89,105
2026/07/19 11:20,05F0287S,05F0309S,32,90,23
2026/07/19 11:20,05F0287S,05F0309S,41,95,4
2026/07/19 11:20,05F0287S,05F0309S,42,2961,1
2026/07/19 11:20,05F0287S,05F0309S,5,0,0
2026/07/19 11:20,05F0309S,05F0439S,31,494,77
2026/07/19 11:20,05F0309S,05F0439S,32,483,23
2026/07/19 11:20,05F0309S,05F0439S,41,527,2
2026/07/19 11:20,05F0309S,05F0439S,42,0,0
2026/07/19 11:20,05F0309S,05F0439S,5,0,0
2026/07/19 11:20,05F0439S,05F0494S,31,210,45
2026/07/19 11:20,05F0439S,05F0494S,32,218,10
2026/07/19 11:20,05F0439S,05F0494S,41,223,2
2026/07/19 11:20,05F0439S,05F0494S,42,0,0
2026/07/19 11:20,05F0439S,05F0494S,5,0,0
2026/07/19 11:25,05F0000S,05F0055S,31,432,141
2026/07/19 11:25,05F0000S,05F0055S,32,434,42
2026/07/19 11:25,05F0000S,05F0055S,41,430,2
2026/07/19 11:25,05F0000S,05F0055S,42,0,0
2026/07/19 11:25,05F0000S,05F0055S,5,0,0
2026/07/19 11:25,05F0055S,05F0287S,31,1119,151
2026/07/19 11:25,05F0055S,05F0287S,32,1119,31
2026/07/19 11:25,05F0055S,05F0287S,41,1121,5
2026/07/19 11:25,05F0055S,05F0287S,42,0,0
2026/07/19 11:25,05F0055S,05F0287S,5,0,0
2026/07/19 11:25,05F0287S,05F0309S,31,90,93
2026/07/19 11:25,05F0287S,05F0309S,32,92,18
2026/07/19 11:25,05F0287S,05F0309S,41,96,5
2026/07/19 11:25,05F0287S,05F0309S,42,0,0
2026/07/19 11:25,05F0287S,05F0309S,5,0,0
2026/07/19 11:25,05F0309S,05F0439S,31,478,59
2026/07/19 11:25,05F0309S,05F0439S,32,488,17
2026/07/19 11:25,05F0309S,05F0439S,41,539,3
2026/07/19 11:25,05F0309S,05F0439S,42,609,2
2026/07/19 11:25,05F0309S,05F0439S,5,0,0
2026/07/19 11:25,05F0439S,05F0494S,31,207,48
2026/07/19 11:25,05F0439S,05F0494S,32,199,14
2026/07/19 11:25,05F0439S,05F0494S,41,228,1
2026/07/19 11:25,05F0439S,05F0494S,42,0,0
2026/07/19 11:25,05F0439S,05F0494S,5,0,0
2026/07/19 11:30,05F0000S,05F0055S,31,449,136
2026/07/19 11:30,05F0000S,05F0055S,32,455,30
2026/07/19 11:30,05F0000S,05F0055S,41,441,6
2026/07/19 11:30,05F0000S,05F0055S,42,0,0
2026/07/19 11:30,05F0000S,05F0055S,5,0,0
2026/07/19 11:30,05F0055S,05F0287S,31,1120,151
2026/07/19 11:30,05F0055S,05F0287S,32,1120,42
2026/07/19 11:30,05F0055S,05F0287S,41,1120,6
2026/07/19 11:30,05F0055S,05F0287S,42,0,0
2026/07/19 11:30,05F0055S,05F0287S,5,0,0
2026/07/19 11:30,05F0287S,05F0309S,31,88,87
2026/07/19 11:30,05F0287S,05F0309S,32,91,24
2026/07/19 11:30,05F0287S,05F0309S,41,90,4
2026/07/19 11:30,05F0287S,05F0309S,42,0,0
2026/07/19 11:30,05F0287S,05F0309S,5,0,0
2026/07/19 11:30,05F0309S,05F0439S,31,491,56
2026/07/19 11:30,05F0309S,05F0439S,32,477,11
2026/07/19 11:30,05F0309S,05F0439S,41,527,4
2026/07/19 11:30,05F0309S,05F0439S,42,0,0
2026/07/19 11:30,05F0309S,05F0439S,5,0,0
2026/07/19 11:30,05F0439S,05F0494S,31,203,47
2026/07/19 11:30,05F0439S,05F0494S,32,204,10
2026/07/19 11:30,05F0439S,05F0494S,41,216,1
2026/07/19 11:30,05F0439S,05F0494S,42,240,2
2026/07/19 11:30,05F0439S,05F0494S,5,0,0
2026/07/19 11:35,05F0000S,05F0055S,31,468,145
2026/07/19 11:35,05F0000S,05F0055S,32,467,29
2026/07/19 11:35,05F0000S,05F0055S,41,454,5
2026/07/19 11:35,05F0000S,05F0055S,42,0,0
2026/07/19 11:35,05F0000S,05F0055S,5,0,0
2026/07/19 11:35,05F0055S,05F0287S,31,1135,139
2026/07/19 11:35,05F0055S,05F0287S,32,1136,31
2026/07/19 11:35,05F0055S,05F0287S,41,1153,8
2026/07/19 11:35,05F0055S,05F0287S,42,0,0
2026/07/19 11:35,05F0055S,05F0287S,5,0,0
2026/07/19 11:35,05F0287S,05F0309S,31,86,88
2026/07/19 11:35,05F0287S,05F0309S,32,87,23
2026/07/19 11:35,05F0287S,05F0309S,41,90,4
2026/07/19 11:35,05F0287S,05F0309S,42,0,0
2026/07/19 11:35,05F0287S,05F0309S,5,0,0
2026/07/19 11:35,05F0309S,05F0439S,31,488,64
2026/07/19 11:35,05F0309S,05F0439S,32,490,12
2026/07/19 11:35,05F0309S,05F0439S,41,523,1
2026/07/19 11:35,05F0309S,05F0439S,42,0,0
2026/07/19 11:35,05F0309S,05F0439S,5,0,0
2026/07/19 11:35,05F0439S,05F0494S,31,213,40
2026/07/19 11:35,05F0439S,05F0494S,32,205,12
2026/07/19 11:35,05F0439S,05F0494S,41,213,1
2026/07/19 11:35,05F0439S,05F0494S,42,0,0
2026/07/19 11:35,05F0439S,05F0494S,5,0,0
2026/07/19 11:40,05F0000S,05F0055S,31,469,152
2026/07/19 11:40,05F0000S,05F0055S,32,469,27
2026/07/19 11:40,05F0000S,05F0055S,41,427,3
2026/07/19 11:40,05F0000S,05F0055S,42,0,0
2026/07/19 11:40,05F0000S,05F0055S,5,0,0
2026/07/19 11:40,05F0055S,05F0287S,31,1167,157
2026/07/19 11:40,05F0055S,05F0287S,32,1161,35
2026/07/19 11:40,05F0055S,05F0287S,41,1207,3
2026/07/19 11:40,05F0055S,05F0287S,42,0,0
2026/07/19 11:40,05F0055S,05F0287S,5,0,0
2026/07/19 11:40,05F0287S,05F0309S,31,87,92
2026/07/19 11:40,05F0287S,05F0309S,32,87,21
2026/07/19 11:40,05F0287S,05F0309S,41,93,5
2026/07/19 11:40,05F0287S,05F0309S,42,0,0
2026/07/19 11:40,05F0287S,05F0309S,5,0,0
2026/07/19 11:40,05F0309S,05F0439S,31,479,63
2026/07/19 11:40,05F0309S,05F0439S,32,490,25
2026/07/19 11:40,05F0309S,05F0439S,41,521,1
2026/07/19 11:40,05F0309S,05F0439S,42,0,0
2026/07/19 11:40,05F0309S,05F0439S,5,0,0
2026/07/19 11:40,05F0439S,05F0494S,31,206,57
2026/07/19 11:40,05F0439S,05F0494S,32,219,8
2026/07/19 11:40,05F0439S,05F0494S,41,212,1
2026/07/19 11:40,05F0439S,05F0494S,42,0,0
2026/07/19 11:40,05F0439S,05F0494S,5,0,0
2026/07/19 11:45,05F0000S,05F0055S,31,464,169
2026/07/19 11:45,05F0000S,05F0055S,32,432,19
2026/07/19 11:45,05F0000S,05F0055S,41,436,1
2026/07/19 11:45,05F0000S,05F0055S,42,0,0
2026/07/19 11:45,05F0000S,05F0055S,5,0,0
2026/07/19 11:45,05F0055S,05F0287S,31,1161,154
2026/07/19 11:45,05F0055S,05F0287S,32,1163,43
2026/07/19 11:45,05F0055S,05F0287S,41,1185,2
2026/07/19 11:45,05F0055S,05F0287S,42,0,0
2026/07/19 11:45,05F0055S,05F0287S,5,0,0
2026/07/19 11:45,05F0287S,05F0309S,31,88,99
2026/07/19 11:45,05F0287S,05F0309S,32,89,27
2026/07/19 11:45,05F0287S,05F0309S,41,621,2
2026/07/19 11:45,05F0287S,05F0309S,42,0,0
2026/07/19 11:45,05F0287S,05F0309S,5,0,0
2026/07/19 11:45,05F0309S,05F0439S,31,479,51
2026/07/19 11:45,05F0309S,05F0439S,32,483,10
2026/07/19 11:45,05F0309S,05F0439S,41,525,5
2026/07/19 11:45,05F0309S,05F0439S,42,0,0
2026/07/19 11:45,05F0309S,05F0439S,5,0,0
2026/07/19 11:45,05F0439S,05F0494S,31,199,43
2026/07/19 11:45,05F0439S,05F0494S,32,197,13
2026/07/19 11:45,05F0439S,05F0494S,41,0,0
2026/07/19 11:45,05F0439S,05F0494S,42,0,0
2026/07/19 11:45,05F0439S,05F0494S,5,0,0
2026/07/19 11:50,05F0000S,05F0055S,31,454,147
2026/07/19 11:50,05F0000S,05F0055S,32,454,30
2026/07/19 11:50,05F0000S,05F0055S,41,432,7
2026/07/19 11:50,05F0000S,05F0055S,42,0,0
2026/07/19 11:50,05F0000S,05F0055S,5,0,0
2026/07/19 11:50,05F0055S,05F0287S,31,1162,147
2026/07/19 11:50,05F0055S,05F0287S,32,1173,38
2026/07/19 11:50,05F0055S,05F0287S,41,1150,8
2026/07/19 11:50,05F0055S,05F0287S,42,0,0
2026/07/19 11:50,05F0055S,05F0287S,5,0,0
2026/07/19 11:50,05F0287S,05F0309S,31,87,85
2026/07/19 11:50,05F0287S,05F0309S,32,85,26
2026/07/19 11:50,05F0287S,05F0309S,41,93,5
2026/07/19 11:50,05F0287S,05F0309S,42,0,0
2026/07/19 11:50,05F0287S,05F0309S,5,0,0
2026/07/19 11:50,05F0309S,05F0439S,31,478,70
2026/07/19 11:50,05F0309S,05F0439S,32,494,11
2026/07/19 11:50,05F0309S,05F0439S,41,531,3
2026/07/19 11:50,05F0309S,05F0439S,42,0,0
2026/07/19 11:50,05F0309S,05F0439S,5,514,1
2026/07/19 11:50,05F0439S,05F0494S,31,202,41
2026/07/19 11:50,05F0439S,05F0494S,32,210,12
2026/07/19 11:50,05F0439S,05F0494S,41,221,2
2026/07/19 11:50,05F0439S,05F0494S,42,0,0
2026/07/19 11:50,05F0439S,05F0494S,5,0,0
2026/07/19 11:55,05F0000S,05F0055S,31,470,142
2026/07/19 11:55,05F0000S,05F0055S,32,476,32
2026/07/19 11:55,05F0000S,05F0055S,41,431,4
2026/07/19 11:55,05F0000S,05F0055S,42,0,0
2026/07/19 11:55,05F0000S,05F0055S,5,0,0
2026/07/19 11:55,05F0055S,05F0287S,31,1211,137
2026/07/19 11:55,05F0055S,05F0287S,32,1209,31
2026/07/19 11:55,05F0055S,05F0287S,41,1186,5
2026/07/19 11:55,05F0055S,05F0287S,42,0,0
2026/07/19 11:55,05F0055S,05F0287S,5,0,0
2026/07/19 11:55,05F0287S,05F0309S,31,89,77
2026/07/19 11:55,05F0287S,05F0309S,32,89,21
2026/07/19 11:55,05F0287S,05F0309S,41,92,4
2026/07/19 11:55,05F0287S,05F0309S,42,0,0
2026/07/19 11:55,05F0287S,05F0309S,5,0,0
2026/07/19 11:55,05F0309S,05F0439S,31,475,62
2026/07/19 11:55,05F0309S,05F0439S,32,481,12
2026/07/19 11:55,05F0309S,05F0439S,41,521,1
2026/07/19 11:55,05F0309S,05F0439S,42,0,0
2026/07/19 11:55,05F0309S,05F0439S,5,0,0
2026/07/19 11:55,05F0439S,05F0494S,31,208,55
2026/07/19 11:55,05F0439S,05F0494S,32,205,12
2026/07/19 11:55,05F0439S,05F0494S,41,0,0
2026/07/19 11:55,05F0439S,05F0494S,42,0,0
2026/07/19 11:55,05F0439S,05F0494S,5,0,0
2026/07/19 12:00,05F0000S,05F0055S,31,455,153
2026/07/19 12:00,05F0000S,05F0055S,32,423,26
2026/07/19 12:00,05F0000S,05F0055S,41,404,6
2026/07/19 12:00,05F0000S,05F0055S,42,0,0
2026/07/19 12:00,05F0000S,05F0055S,5,0,0
2026/07/19 12:00,05F0055S,05F0287S,31,1241,164
2026/07/19 12:00,05F0055S,05F0287S,32,1241,26
2026/07/19 12:00,05F0055S,05F0287S,41,1236,4
2026/07/19 12:00,05F0055S,05F0287S,42,0,0
2026/07/19 12:00,05F0055S,05F0287S,5,0,0
2026/07/19 12:00,05F0287S,05F0309S,31,90,80
2026/07/19 12:00,05F0287S,05F0309S,32,89,14
2026/07/19 12:00,05F0287S,05F0309S,41,92,3
2026/07/19 12:00,05F0287S,05F0309S,42,0,0
2026/07/19 12:00,05F0287S,05F0309S,5,0,0
2026/07/19 12:00,05F0309S,05F0439S,31,487,38
2026/07/19 12:00,05F0309S,05F0439S,32,488,14
2026/07/19 12:00,05F0309S,05F0439S,41,517,4
2026/07/19 12:00,05F0309S,05F0439S,42,0,0
2026/07/19 12:00,05F0309S,05F0439S,5,0,0
2026/07/19 12:00,05F0439S,05F0494S,31,204,50
2026/07/19 12:00,05F0439S,05F0494S,32,210,10
2026/07/19 12:00,05F0439S,05F0494S,41,217,1
2026/07/19 12:00,05F0439S,05F0494S,42,0,0
2026/07/19 12:00,05F0439S,05F0494S,5,0,0
2026/07/19 12:05,05F0000S,05F0055S,31,419,149
2026/07/19 12:05,05F0000S,05F0055S,32,419,27
2026/07/19 12:05,05F0000S,05F0055S,41,411,3
2026/07/19 12:05,05F0000S,05F0055S,42,396,1
2026/07/19 12:05,05F0000S,05F0055S,5,0,0
2026/07/19 12:05,05F0055S,05F0287S,31,1248,183
2026/07/19 12:05,05F0055S,05F0287S,32,1249,25
2026/07/19 12:05,05F0055S,05F0287S,41,1243,1
2026/07/19 12:05,05F0055S,05F0287S,42,0,0
2026/07/19 12:05,05F0055S,05F0287S,5,0,0
2026/07/19 12:05,05F0287S,05F0309S,31,90,95
2026/07/19 12:05,05F0287S,05F0309S,32,87,16
2026/07/19 12:05,05F0287S,05F0309S,41,96,2
2026/07/19 12:05,05F0287S,05F0309S,42,0,0
2026/07/19 12:05,05F0287S,05F0309S,5,0,0
2026/07/19 12:05,05F0309S,05F0439S,31,477,52
2026/07/19 12:05,05F0309S,05F0439S,32,471,10
2026/07/19 12:05,05F0309S,05F0439S,41,523,2
2026/07/19 12:05,05F0309S,05F0439S,42,0,0
2026/07/19 12:05,05F0309S,05F0439S,5,594,1
2026/07/19 12:05,05F0439S,05F0494S,31,197,35
2026/07/19 12:05,05F0439S,05F0494S,32,208,12
2026/07/19 12:05,05F0439S,05F0494S,41,219,2
2026/07/19 12:05,05F0439S,05F0494S,42,0,0
2026/07/19 12:05,05F0439S,05F0494S,5,225,1
2026/07/19 12:10,05F0000S,05F0055S,31,428,158
2026/07/19 12:10,05F0000S,05F0055S,32,430,32
2026/07/19 12:10,05F0000S,05F0055S,41,419,7
2026/07/19 12:10,05F0000S,05F0055S,42,0,0
2026/07/19 12:10,05F0000S,05F0055S,5,0,0
2026/07/19 12:10,05F0055S,05F0287S,31,1256,155
2026/07/19 12:10,05F0055S,05F0287S,32,1263,37
2026/07/19 12:10,05F0055S,05F0287S,41,1180,8
2026/07/19 12:10,05F0055S,05F0287S,42,0,0
2026/07/19 12:10,05F0055S,05F0287S,5,0,0
2026/07/19 12:10,05F0287S,05F0309S,31,91,106
2026/07/19 12:10,05F0287S,05F0309S,32,91,12
2026/07/19 12:10,05F0287S,05F0309S,41,92,4
2026/07/19 12:10,05F0287S,05F0309S,42,0,0
2026/07/19 12:10,05F0287S,05F0309S,5,0,0
2026/07/19 12:10,05F0309S,05F0439S,31,491,69
2026/07/19 12:10,05F0309S,05F0439S,32,495,10
2026/07/19 12:10,05F0309S,05F0439S,41,540,3
2026/07/19 12:10,05F0309S,05F0439S,42,0,0
2026/07/19 12:10,05F0309S,05F0439S,5,0,0
2026/07/19 12:10,05F0439S,05F0494S,31,208,43
2026/07/19 12:10,05F0439S,05F0494S,32,209,7
2026/07/19 12:10,05F0439S,05F0494S,41,220,1
2026/07/19 12:10,05F0439S,05F0494S,42,0,0
2026/07/19 12:10,05F0439S,05F0494S,5,0,0
2026/07/19 12:15,05F0000S,05F0055S,31,447,144
2026/07/19 12:15,05F0000S,05F0055S,32,444,27
2026/07/19 12:15,05F0000S,05F0055S,41,427,2
2026/07/19 12:15,05F0000S,05F0055S,42,0,0
2026/07/19 12:15,05F0000S,05F0055S,5,0,0
2026/07/19 12:15,05F0055S,05F0287S,31,1236,163
2026/07/19 12:15,05F0055S,05F0287S,32,1236,30
2026/07/19 12:15,05F0055S,05F0287S,41,1181,3
2026/07/19 12:15,05F0055S,05F0287S,42,0,0
2026/07/19 12:15,05F0055S,05F0287S,5,0,0
2026/07/19 12:15,05F0287S,05F0309S,31,89,104
2026/07/19 12:15,05F0287S,05F0309S,32,90,21
2026/07/19 12:15,05F0287S,05F0309S,41,92,4
2026/07/19 12:15,05F0287S,05F0309S,42,0,0
2026/07/19 12:15,05F0287S,05F0309S,5,0,0
2026/07/19 12:15,05F0309S,05F0439S,31,484,62
2026/07/19 12:15,05F0309S,05F0439S,32,499,11
2026/07/19 12:15,05F0309S,05F0439S,41,0,0
2026/07/19 12:15,05F0309S,05F0439S,42,0,0
2026/07/19 12:15,05F0309S,05F0439S,5,601,1
2026/07/19 12:15,05F0439S,05F0494S,31,203,42
2026/07/19 12:15,05F0439S,05F0494S,32,207,9
2026/07/19 12:15,05F0439S,05F0494S,41,241,1
2026/07/19 12:15,05F0439S,05F0494S,42,0,0
2026/07/19 12:15,05F0439S,05F0494S,5,0,0
2026/07/19 12:20,05F0000S,05F0055S,31,472,144
2026/07/19 12:20,05F0000S,05F0055S,32,463,28
2026/07/19 12:20,05F0000S,05F0055S,41,432,8
2026/07/19 12:20,05F0000S,05F0055S,42,0,0
2026/07/19 12:20,05F0000S,05F0055S,5,0,0
2026/07/19 12:20,05F0055S,05F0287S,31,1233,164
2026/07/19 12:20,05F0055S,05F0287S,32,1234,32
2026/07/19 12:20,05F0055S,05F0287S,41,1206,6
2026/07/19 12:20,05F0055S,05F0287S,42,0,0
2026/07/19 12:20,05F0055S,05F0287S,5,0,0
2026/07/19 12:20,05F0287S,05F0309S,31,89,95
2026/07/19 12:20,05F0287S,05F0309S,32,86,33
2026/07/19 12:20,05F0287S,05F0309S,41,92,4
2026/07/19 12:20,05F0287S,05F0309S,42,0,0
2026/07/19 12:20,05F0287S,05F0309S,5,0,0
2026/07/19 12:20,05F0309S,05F0439S,31,479,57
2026/07/19 12:20,05F0309S,05F0439S,32,485,11
2026/07/19 12:20,05F0309S,05F0439S,41,525,5
2026/07/19 12:20,05F0309S,05F0439S,42,538,1
2026/07/19 12:20,05F0309S,05F0439S,5,490,3
2026/07/19 12:20,05F0439S,05F0494S,31,203,46
2026/07/19 12:20,05F0439S,05F0494S,32,212,6
2026/07/19 12:20,05F0439S,05F0494S,41,210,2
2026/07/19 12:20,05F0439S,05F0494S,42,0,0
2026/07/19 12:20,05F0439S,05F0494S,5,206,1
2026/07/19 12:25,05F0000S,05F0055S,31,469,150
2026/07/19 12:25,05F0000S,05F0055S,32,470,34
2026/07/19 12:25,05F0000S,05F0055S,41,452,2
2026/07/19 12:25,05F0000S,05F0055S,42,0,0
2026/07/19 12:25,05F0000S,05F0055S,5,0,0
2026/07/19 12:25,05F0055S,05F0287S,31,1232,169
2026/07/19 12:25,05F0055S,05F0287S,32,1220,28
2026/07/19 12:25,05F0055S,05F0287S,41,1204,4
2026/07/19 12:25,05F0055S,05F0287S,42,0,0
2026/07/19 12:25,05F0055S,05F0287S,5,0,0
2026/07/19 12:25,05F0287S,05F0309S,31,88,110
2026/07/19 12:25,05F0287S,05F0309S,32,97,8
2026/07/19 12:25,05F0287S,05F0309S,41,93,5
2026/07/19 12:25,05F0287S,05F0309S,42,0,0
2026/07/19 12:25,05F0287S,05F0309S,5,0,0
2026/07/19 12:25,05F0309S,05F0439S,31,484,63
2026/07/19 12:25,05F0309S,05F0439S,32,465,17
2026/07/19 12:25,05F0309S,05F0439S,41,534,1
2026/07/19 12:25,05F0309S,05F0439S,42,0,0
2026/07/19 12:25,05F0309S,05F0439S,5,0,0
2026/07/19 12:25,05F0439S,05F0494S,31,210,45
2026/07/19 12:25,05F0439S,05F0494S,32,205,7
2026/07/19 12:25,05F0439S,05F0494S,41,0,0
2026/07/19 12:25,05F0439S,05F0494S,42,227,1
2026/07/19 12:25,05F0439S,05F0494S,5,208,1
2026/07/19 12:30,05F0000S,05F0055S,31,434,126
2026/07/19 12:30,05F0000S,05F0055S,32,427,31
2026/07/19 12:30,05F0000S,05F0055S,41,417,4
2026/07/19 12:30,05F0000S,05F0055S,42,0,0
2026/07/19 12:30,05F0000S,05F0055S,5,0,0
2026/07/19 12:30,05F0055S,05F0287S,31,1223,174
2026/07/19 12:30,05F0055S,05F0287S,32,1229,36
2026/07/19 12:30,05F0055S,05F0287S,41,1202,7
2026/07/19 12:30,05F0055S,05F0287S,42,0,0
2026/07/19 12:30,05F0055S,05F0287S,5,0,0
2026/07/19 12:30,05F0287S,05F0309S,31,87,106
2026/07/19 12:30,05F0287S,05F0309S,32,87,22
2026/07/19 12:30,05F0287S,05F0309S,41,94,2
2026/07/19 12:30,05F0287S,05F0309S,42,0,0
2026/07/19 12:30,05F0287S,05F0309S,5,0,0
2026/07/19 12:30,05F0309S,05F0439S,31,489,62
2026/07/19 12:30,05F0309S,05F0439S,32,507,11
2026/07/19 12:30,05F0309S,05F0439S,41,537,3
2026/07/19 12:30,05F0309S,05F0439S,42,0,0
2026/07/19 12:30,05F0309S,05F0439S,5,487,1
2026/07/19 12:30,05F0439S,05F0494S,31,210,29
2026/07/19 12:30,05F0439S,05F0494S,32,208,16
2026/07/19 12:30,05F0439S,05F0494S,41,0,0
2026/07/19 12:30,05F0439S,05F0494S,42,215,1
2026/07/19 12:30,05F0439S,05F0494S,5,0,0
2026/07/19 12:35,05F0000S,05F0055S,31,446,134
2026/07/19 12:35,05F0000S,05F0055S,32,444,44
2026/07/19 12:35,05F0000S,05F0055S,41,431,5
2026/07/19 12:35,05F0000S,05F0055S,42,0,0
2026/07/19 12:35,05F0000S,05F0055S,5,0,0
2026/07/19 12:35,05F0055S,05F0287S,31,1198,176
2026/07/19 12:35,05F0055S,05F0287S,32,1208,42
2026/07/19 12:35,05F0055S,05F0287S,41,1170,3
2026/07/19 12:35,05F0055S,05F0287S,42,0,0
2026/07/19 12:35,05F0055S,05F0287S,5,0,0
2026/07/19 12:35,05F0287S,05F0309S,31,89,113
2026/07/19 12:35,05F0287S,05F0309S,32,93,26
2026/07/19 12:35,05F0287S,05F0309S,41,92,4
2026/07/19 12:35,05F0287S,05F0309S,42,0,0
2026/07/19 12:35,05F0287S,05F0309S,5,0,0
2026/07/19 12:35,05F0309S,05F0439S,31,484,60
2026/07/19 12:35,05F0309S,05F0439S,32,487,13
2026/07/19 12:35,05F0309S,05F0439S,41,523,1
2026/07/19 12:35,05F0309S,05F0439S,42,0,0
2026/07/19 12:35,05F0309S,05F0439S,5,0,0
2026/07/19 12:35,05F0439S,05F0494S,31,208,43
2026/07/19 12:35,05F0439S,05F0494S,32,211,6
2026/07/19 12:35,05F0439S,05F0494S,41,0,0
2026/07/19 12:35,05F0439S,05F0494S,42,0,0
2026/07/19 12:35,05F0439S,05F0494S,5,217,2
2026/07/19 12:40,05F0000S,05F0055S,31,443,140
2026/07/19 12:40,05F0000S,05F0055S,32,442,33
2026/07/19 12:40,05F0000S,05F0055S,41,436,3
2026/07/19 12:40,05F0000S,05F0055S,42,0,0
2026/07/19 12:40,05F0000S,05F0055S,5,0,0
2026/07/19 12:40,05F0055S,05F0287S,31,1174,157
2026/07/19 12:40,05F0055S,05F0287S,32,1173,29
2026/07/19 12:40,05F0055S,05F0287S,41,1164,8
2026/07/19 12:40,05F0055S,05F0287S,42,0,0
2026/07/19 12:40,05F0055S,05F0287S,5,0,0
2026/07/19 12:40,05F0287S,05F0309S,31,88,121
2026/07/19 12:40,05F0287S,05F0309S,32,90,18
2026/07/19 12:40,05F0287S,05F0309S,41,91,6
2026/07/19 12:40,05F0287S,05F0309S,42,0,0
2026/07/19 12:40,05F0287S,05F0309S,5,0,0
2026/07/19 12:40,05F0309S,05F0439S,31,466,72
2026/07/19 12:40,05F0309S,05F0439S,32,484,10
2026/07/19 12:40,05F0309S,05F0439S,41,527,4
2026/07/19 12:40,05F0309S,05F0439S,42,523,1
2026/07/19 12:40,05F0309S,05F0439S,5,0,0
2026/07/19 12:40,05F0439S,05F0494S,31,197,38
2026/07/19 12:40,05F0439S,05F0494S,32,206,14
2026/07/19 12:40,05F0439S,05F0494S,41,221,1
2026/07/19 12:40,05F0439S,05F0494S,42,0,0
2026/07/19 12:40,05F0439S,05F0494S,5,0,0
2026/07/19 12:45,05F0000S,05F0055S,31,416,142
2026/07/19 12:45,05F0000S,05F0055S,32,417,29
2026/07/19 12:45,05F0000S,05F0055S,41,408,3
2026/07/19 12:45,05F0000S,05F0055S,42,0,0
2026/07/19 12:45,05F0000S,05F0055S,5,0,0
2026/07/19 12:45,05F0055S,05F0287S,31,1156,165
2026/07/19 12:45,05F0055S,05F0287S,32,1161,33
2026/07/19 12:45,05F0055S,05F0287S,41,1161,3
2026/07/19 12:45,05F0055S,05F0287S,42,0,0
2026/07/19 12:45,05F0055S,05F0287S,5,0,0
2026/07/19 12:45,05F0287S,05F0309S,31,89,105
2026/07/19 12:45,05F0287S,05F0309S,32,88,22
2026/07/19 12:45,05F0287S,05F0309S,41,99,5
2026/07/19 12:45,05F0287S,05F0309S,42,0,0
2026/07/19 12:45,05F0287S,05F0309S,5,0,0
2026/07/19 12:45,05F0309S,05F0439S,31,482,84
2026/07/19 12:45,05F0309S,05F0439S,32,498,17
2026/07/19 12:45,05F0309S,05F0439S,41,540,1
2026/07/19 12:45,05F0309S,05F0439S,42,0,0
2026/07/19 12:45,05F0309S,05F0439S,5,0,0
2026/07/19 12:45,05F0439S,05F0494S,31,203,40
2026/07/19 12:45,05F0439S,05F0494S,32,205,8
2026/07/19 12:45,05F0439S,05F0494S,41,0,0
2026/07/19 12:45,05F0439S,05F0494S,42,240,1
2026/07/19 12:45,05F0439S,05F0494S,5,0,0
2026/07/19 12:50,05F0000S,05F0055S,31,419,137
2026/07/19 12:50,05F0000S,05F0055S,32,416,31
2026/07/19 12:50,05F0000S,05F0055S,41,403,6
2026/07/19 12:50,05F0000S,05F0055S,42,0,0
2026/07/19 12:50,05F0000S,05F0055S,5,0,0
2026/07/19 12:50,05F0055S,05F0287S,31,1111,171
2026/07/19 12:50,05F0055S,05F0287S,32,1106,53
2026/07/19 12:50,05F0055S,05F0287S,41,1119,4
2026/07/19 12:50,05F0055S,05F0287S,42,0,0
2026/07/19 12:50,05F0055S,05F0287S,5,0,0
2026/07/19 12:50,05F0287S,05F0309S,31,88,105
2026/07/19 12:50,05F0287S,05F0309S,32,91,29
2026/07/19 12:50,05F0287S,05F0309S,41,94,4
2026/07/19 12:50,05F0287S,05F0309S,42,0,0
2026/07/19 12:50,05F0287S,05F0309S,5,0,0
2026/07/19 12:50,05F0309S,05F0439S,31,489,64
2026/07/19 12:50,05F0309S,05F0439S,32,482,13
2026/07/19 12:50,05F0309S,05F0439S,41,520,5
2026/07/19 12:50,05F0309S,05F0439S,42,0,0
2026/07/19 12:50,05F0309S,05F0439S,5,0,0
2026/07/19 12:50,05F0439S,05F0494S,31,210,42
2026/07/19 12:50,05F0439S,05F0494S,32,209,10
2026/07/19 12:50,05F0439S,05F0494S,41,0,0
2026/07/19 12:50,05F0439S,05F0494S,42,0,0
2026/07/19 12:50,05F0439S,05F0494S,5,0,0
2026/07/19 12:55,05F0000S,05F0055S,31,436,130
2026/07/19 12:55,05F0000S,05F0055S,32,436,37
2026/07/19 12:55,05F0000S,05F0055S,41,392,9
2026/07/19 12:55,05F0000S,05F0055S,42,0,0
2026/07/19 12:55,05F0000S,05F0055S,5,0,0
2026/07/19 12:55,05F0055S,05F0287S,31,1083,144
2026/07/19 12:55,05F0055S,05F0287S,32,1080,36
2026/07/19 12:55,05F0055S,05F0287S,41,1092,6
2026/07/19 12:55,05F0055S,05F0287S,42,0,0
2026/07/19 12:55,05F0055S,05F0287S,5,0,0
2026/07/19 12:55,05F0287S,05F0309S,31,87,94
2026/07/19 12:55,05F0287S,05F0309S,32,85,25
2026/07/19 12:55,05F0287S,05F0309S,41,92,5
2026/07/19 12:55,05F0287S,05F0309S,42,0,0
2026/07/19 12:55,05F0287S,05F0309S,5,0,0
2026/07/19 12:55,05F0309S,05F0439S,31,465,60
2026/07/19 12:55,05F0309S,05F0439S,32,487,13
2026/07/19 12:55,05F0309S,05F0439S,41,571,1
2026/07/19 12:55,05F0309S,05F0439S,42,0,0
2026/07/19 12:55,05F0309S,05F0439S,5,0,0
2026/07/19 12:55,05F0439S,05F0494S,31,207,32
2026/07/19 12:55,05F0439S,05F0494S,32,215,10
2026/07/19 12:55,05F0439S,05F0494S,41,213,1
2026/07/19 12:55,05F0439S,05F0494S,42,0,0
2026/07/19 12:55,05F0439S,05F0494S,5,0,0
2026/07/19 13:00,05F0000S,05F0055S,31,422,128
2026/07/19 13:00,05F0000S,05F0055S,32,424,27
2026/07/19 13:00,05F0000S,05F0055S,41,391,3
2026/07/19 13:00,05F0000S,05F0055S,42,0,0
2026/07/19 13:00,05F0000S,05F0055S,5,0,0
2026/07/19 13:00,05F0055S,05F0287S,31,1047,140
2026/07/19 13:00,05F0055S,05F0287S,32,1043,35
2026/07/19 13:00,05F0055S,05F0287S,41,1033,3
2026/07/19 13:00,05F0055S,05F0287S,42,0,0
2026/07/19 13:00,05F0055S,05F0287S,5,0,0
2026/07/19 13:00,05F0287S,05F0309S,31,87,98
2026/07/19 13:00,05F0287S,05F0309S,32,85,24
2026/07/19 13:00,05F0287S,05F0309S,41,90,2
2026/07/19 13:00,05F0287S,05F0309S,42,0,0
2026/07/19 13:00,05F0287S,05F0309S,5,0,0
2026/07/19 13:00,05F0309S,05F0439S,31,486,65
2026/07/19 13:00,05F0309S,05F0439S,32,492,25
2026/07/19 13:00,05F0309S,05F0439S,41,524,3
2026/07/19 13:00,05F0309S,05F0439S,42,566,1
2026/07/19 13:00,05F0309S,05F0439S,5,0,0
2026/07/19 13:00,05F0439S,05F0494S,31,205,42
2026/07/19 13:00,05F0439S,05F0494S,32,217,7
2026/07/19 13:00,05F0439S,05F0494S,41,228,2
2026/07/19 13:00,05F0439S,05F0494S,42,0,0
2026/07/19 13:00,05F0439S,05F0494S,5,0,0
2026/07/19 13:05,05F0000S,05F0055S,31,391,145
2026/07/19 13:05,05F0000S,05F0055S,32,388,37
2026/07/19 13:05,05F0000S,05F0055S,41,427,3
2026/07/19 13:05,05F0000S,05F0055S,42,0,0
2026/07/19 13:05,05F0000S,05F0055S,5,0,0
2026/07/19 13:05,05F0055S,05F0287S,31,1041,143
2026/07/19 13:05,05F0055S,05F0287S,32,1052,22
2026/07/19 13:05,05F0055S,05F0287S,41,1067,9
2026/07/19 13:05,05F0055S,05F0287S,42,0,0
2026/07/19 13:05,05F0055S,05F0287S,5,0,0
2026/07/19 13:05,05F0287S,05F0309S,31,85,84
2026/07/19 13:05,05F0287S,05F0309S,32,89,18
2026/07/19 13:05,05F0287S,05F0309S,41,96,3
2026/07/19 13:05,05F0287S,05F0309S,42,93,1
2026/07/19 13:05,05F0287S,05F0309S,5,0,0
2026/07/19 13:05,05F0309S,05F0439S,31,466,57
2026/07/19 13:05,05F0309S,05F0439S,32,473,10
2026/07/19 13:05,05F0309S,05F0439S,41,517,1
2026/07/19 13:05,05F0309S,05F0439S,42,0,0
2026/07/19 13:05,05F0309S,05F0439S,5,505,2
2026/07/19 13:05,05F0439S,05F0494S,31,204,52
2026/07/19 13:05,05F0439S,05F0494S,32,206,22
2026/07/19 13:05,05F0439S,05F0494S,41,0,0
2026/07/19 13:05,05F0439S,05F0494S,42,241,1
2026/07/19 13:05,05F0439S,05F0494S,5,0,0
2026/07/19 13:10,05F0000S,05F0055S,31,365,147
2026/07/19 13:10,05F0000S,05F0055S,32,371,39
2026/07/19 13:10,05F0000S,05F0055S,41,332,5
2026/07/19 13:10,05F0000S,05F0055S,42,0,0
2026/07/19 13:10,05F0000S,05F0055S,5,0,0
2026/07/19 13:10,05F0055S,05F0287S,31,1107,121
2026/07/19 13:10,05F0055S,05F0287S,32,1105,35
2026/07/19 13:10,05F0055S,05F0287S,41,1124,3
2026/07/19 13:10,05F0055S,05F0287S,42,0,0
2026/07/19 13:10,05F0055S,05F0287S,5,0,0
2026/07/19 13:10,05F0287S,05F0309S,31,89,79
2026/07/19 13:10,05F0287S,05F0309S,32,86,22
2026/07/19 13:10,05F0287S,05F0309S,41,92,5
2026/07/19 13:10,05F0287S,05F0309S,42,0,0
2026/07/19 13:10,05F0287S,05F0309S,5,0,0
2026/07/19 13:10,05F0309S,05F0439S,31,483,58
2026/07/19 13:10,05F0309S,05F0439S,32,475,17
2026/07/19 13:10,05F0309S,05F0439S,41,504,1
2026/07/19 13:10,05F0309S,05F0439S,42,499,1
2026/07/19 13:10,05F0309S,05F0439S,5,0,0
2026/07/19 13:10,05F0439S,05F0494S,31,196,26
2026/07/19 13:10,05F0439S,05F0494S,32,202,12
2026/07/19 13:10,05F0439S,05F0494S,41,0,0
2026/07/19 13:10,05F0439S,05F0494S,42,0,0
2026/07/19 13:10,05F0439S,05F0494S,5,213,2
2026/07/19 13:15,05F0000S,05F0055S,31,339,132
2026/07/19 13:15,05F0000S,05F0055S,32,341,25
2026/07/19 13:15,05F0000S,05F0055S,41,353,1
2026/07/19 13:15,05F0000S,05F0055S,42,0,0
2026/07/19 13:15,05F0000S,05F0055S,5,0,0
2026/07/19 13:15,05F0055S,05F0287S,31,1121,142
2026/07/19 13:15,05F0055S,05F0287S,32,1121,37
2026/07/19 13:15,05F0055S,05F0287S,41,1135,8
2026/07/19 13:15,05F0055S,05F0287S,42,0,0
2026/07/19 13:15,05F0055S,05F0287S,5,0,0
2026/07/19 13:15,05F0287S,05F0309S,31,88,79
2026/07/19 13:15,05F0287S,05F0309S,32,88,26
2026/07/19 13:15,05F0287S,05F0309S,41,91,5
2026/07/19 13:15,05F0287S,05F0309S,42,0,0
2026/07/19 13:15,05F0287S,05F0309S,5,0,0
2026/07/19 13:15,05F0309S,05F0439S,31,479,59
2026/07/19 13:15,05F0309S,05F0439S,32,482,11
2026/07/19 13:15,05F0309S,05F0439S,41,520,5
2026/07/19 13:15,05F0309S,05F0439S,42,0,0
2026/07/19 13:15,05F0309S,05F0439S,5,502,1
2026/07/19 13:15,05F0439S,05F0494S,31,203,45
2026/07/19 13:15,05F0439S,05F0494S,32,212,10
2026/07/19 13:15,05F0439S,05F0494S,41,201,1
2026/07/19 13:15,05F0439S,05F0494S,42,211,1
2026/07/19 13:15,05F0439S,05F0494S,5,0,0
2026/07/19 13:20,05F0000S,05F0055S,31,336,146
2026/07/19 13:20,05F0000S,05F0055S,32,341,33
2026/07/19 13:20,05F0000S,05F0055S,41,312,6
2026/07/19 13:20,05F0000S,05F0055S,42,0,0
2026/07/19 13:20,05F0000S,05F0055S,5,0,0
2026/07/19 13:20,05F0055S,05F0287S,31,1071,131
2026/07/19 13:20,05F0055S,05F0287S,32,1074,32
2026/07/19 13:20,05F0055S,05F0287S,41,1054,4
2026/07/19 13:20,05F0055S,05F0287S,42,0,0
2026/07/19 13:20,05F0055S,05F0287S,5,0,0
2026/07/19 13:20,05F0287S,05F0309S,31,85,92
2026/07/19 13:20,05F0287S,05F0309S,32,86,24
2026/07/19 13:20,05F0287S,05F0309S,41,92,6
2026/07/19 13:20,05F0287S,05F0309S,42,0,0
2026/07/19 13:20,05F0287S,05F0309S,5,0,0
2026/07/19 13:20,05F0309S,05F0439S,31,481,40
2026/07/19 13:20,05F0309S,05F0439S,32,481,17
2026/07/19 13:20,05F0309S,05F0439S,41,517,2
2026/07/19 13:20,05F0309S,05F0439S,42,0,0
2026/07/19 13:20,05F0309S,05F0439S,5,544,1
2026/07/19 13:20,05F0439S,05F0494S,31,210,36
2026/07/19 13:20,05F0439S,05F0494S,32,224,6
2026/07/19 13:20,05F0439S,05F0494S,41,222,2
2026/07/19 13:20,05F0439S,05F0494S,42,0,0
2026/07/19 13:20,05F0439S,05F0494S,5,217,1
2026/07/19 13:25,05F0000S,05F0055S,31,329,159
2026/07/19 13:25,05F0000S,05F0055S,32,332,28
2026/07/19 13:25,05F0000S,05F0055S,41,287,5
2026/07/19 13:25,05F0000S,05F0055S,42,297,1
2026/07/19 13:25,05F0000S,05F0055S,5,0,0
2026/07/19 13:25,05F0055S,05F0287S,31,1080,147
2026/07/19 13:25,05F0055S,05F0287S,32,1084,44
2026/07/19 13:25,05F0055S,05F0287S,41,0,0
2026/07/19 13:25,05F0055S,05F0287S,42,0,0
2026/07/19 13:25,05F0055S,05F0287S,5,0,0
2026/07/19 13:25,05F0287S,05F0309S,31,86,85
2026/07/19 13:25,05F0287S,05F0309S,32,87,20
2026/07/19 13:25,05F0287S,05F0309S,41,0,0
2026/07/19 13:25,05F0287S,05F0309S,42,0,0
2026/07/19 13:25,05F0287S,05F0309S,5,0,0
2026/07/19 13:25,05F0309S,05F0439S,31,469,65
2026/07/19 13:25,05F0309S,05F0439S,32,493,15
2026/07/19 13:25,05F0309S,05F0439S,41,532,4
2026/07/19 13:25,05F0309S,05F0439S,42,0,0
2026/07/19 13:25,05F0309S,05F0439S,5,483,1
2026/07/19 13:25,05F0439S,05F0494S,31,210,41
2026/07/19 13:25,05F0439S,05F0494S,32,203,12
2026/07/19 13:25,05F0439S,05F0494S,41,0,0
2026/07/19 13:25,05F0439S,05F0494S,42,0,0
2026/07/19 13:25,05F0439S,05F0494S,5,224,1
2026/07/19 13:30,05F0000S,05F0055S,31,312,152
2026/07/19 13:30,05F0000S,05F0055S,32,318,33
2026/07/19 13:30,05F0000S,05F0055S,41,295,7
2026/07/19 13:30,05F0000S,05F0055S,42,0,0
2026/07/19 13:30,05F0000S,05F0055S,5,0,0
2026/07/19 13:30,05F0055S,05F0287S,31,1111,153
2026/07/19 13:30,05F0055S,05F0287S,32,1104,25
2026/07/19 13:30,05F0055S,05F0287S,41,1116,5
2026/07/19 13:30,05F0055S,05F0287S,42,0,0
2026/07/19 13:30,05F0055S,05F0287S,5,0,0
2026/07/19 13:30,05F0287S,05F0309S,31,90,106
2026/07/19 13:30,05F0287S,05F0309S,32,89,21
2026/07/19 13:30,05F0287S,05F0309S,41,92,2
2026/07/19 13:30,05F0287S,05F0309S,42,0,0
2026/07/19 13:30,05F0287S,05F0309S,5,0,0
2026/07/19 13:30,05F0309S,05F0439S,31,473,40
2026/07/19 13:30,05F0309S,05F0439S,32,483,13
2026/07/19 13:30,05F0309S,05F0439S,41,509,2
2026/07/19 13:30,05F0309S,05F0439S,42,0,0
2026/07/19 13:30,05F0309S,05F0439S,5,596,1
2026/07/19 13:30,05F0439S,05F0494S,31,199,42
2026/07/19 13:30,05F0439S,05F0494S,32,210,8
2026/07/19 13:30,05F0439S,05F0494S,41,215,2
2026/07/19 13:30,05F0439S,05F0494S,42,0,0
2026/07/19 13:30,05F0439S,05F0494S,5,205,1
2026/07/19 13:35,05F0000S,05F0055S,31,280,136
2026/07/19 13:35,05F0000S,05F0055S,32,278,31
2026/07/19 13:35,05F0000S,05F0055S,41,289,3
2026/07/19 13:35,05F0000S,05F0055S,42,0,0
2026/07/19 13:35,05F0000S,05F0055S,5,0,0
2026/07/19 13:35,05F0055S,05F0287S,31,1072,163
2026/07/19 13:35,05F0055S,05F0287S,32,1081,34
2026/07/19 13:35,05F0055S,05F0287S,41,1077,2
2026/07/19 13:35,05F0055S,05F0287S,42,0,0
2026/07/19 13:35,05F0055S,05F0287S,5,0,0
2026/07/19 13:35,05F0287S,05F0309S,31,88,112
2026/07/19 13:35,05F0287S,05F0309S,32,88,27
2026/07/19 13:35,05F0287S,05F0309S,41,88,2
2026/07/19 13:35,05F0287S,05F0309S,42,0,0
2026/07/19 13:35,05F0287S,05F0309S,5,0,0
2026/07/19 13:35,05F0309S,05F0439S,31,481,63
2026/07/19 13:35,05F0309S,05F0439S,32,472,11
2026/07/19 13:35,05F0309S,05F0439S,41,515,1
2026/07/19 13:35,05F0309S,05F0439S,42,0,0
2026/07/19 13:35,05F0309S,05F0439S,5,0,0
2026/07/19 13:35,05F0439S,05F0494S,31,207,32
2026/07/19 13:35,05F0439S,05F0494S,32,200,4
2026/07/19 13:35,05F0439S,05F0494S,41,0,0
2026/07/19 13:35,05F0439S,05F0494S,42,0,0
2026/07/19 13:35,05F0439S,05F0494S,5,254,1
2026/07/19 13:40,05F0000S,05F0055S,31,262,143
2026/07/19 13:40,05F0000S,05F0055S,32,266,31
2026/07/19 13:40,05F0000S,05F0055S,41,261,2
2026/07/19 13:40,05F0000S,05F0055S,42,0,0
2026/07/19 13:40,05F0000S,05F0055S,5,0,0
2026/07/19 13:40,05F0055S,05F0287S,31,1064,140
2026/07/19 13:40,05F0055S,05F0287S,32,1070,31
2026/07/19 13:40,05F0055S,05F0287S,41,1111,8
2026/07/19 13:40,05F0055S,05F0287S,42,0,0
2026/07/19 13:40,05F0055S,05F0287S,5,0,0
2026/07/19 13:40,05F0287S,05F0309S,31,90,98
2026/07/19 13:40,05F0287S,05F0309S,32,94,20
2026/07/19 13:40,05F0287S,05F0309S,41,89,5
2026/07/19 13:40,05F0287S,05F0309S,42,0,0
2026/07/19 13:40,05F0287S,05F0309S,5,0,0
2026/07/19 13:40,05F0309S,05F0439S,31,482,88
2026/07/19 13:40,05F0309S,05F0439S,32,475,14
2026/07/19 13:40,05F0309S,05F0439S,41,530,2
2026/07/19 13:40,05F0309S,05F0439S,42,0,0
2026/07/19 13:40,05F0309S,05F0439S,5,497,1
2026/07/19 13:40,05F0439S,05F0494S,31,205,51
2026/07/19 13:40,05F0439S,05F0494S,32,207,6
2026/07/19 13:40,05F0439S,05F0494S,41,0,0
2026/07/19 13:40,05F0439S,05F0494S,42,0,0
2026/07/19 13:40,05F0439S,05F0494S,5,0,0
2026/07/19 13:45,05F0000S,05F0055S,31,262,127
2026/07/19 13:45,05F0000S,05F0055S,32,263,30
2026/07/19 13:45,05F0000S,05F0055S,41,253,2
2026/07/19 13:45,05F0000S,05F0055S,42,0,0
2026/07/19 13:45,05F0000S,05F0055S,5,0,0
2026/07/19 13:45,05F0055S,05F0287S,31,1080,162
2026/07/19 13:45,05F0055S,05F0287S,32,1085,36
2026/07/19 13:45,05F0055S,05F0287S,41,1095,5
2026/07/19 13:45,05F0055S,05F0287S,42,0,0
2026/07/19 13:45,05F0055S,05F0287S,5,0,0
2026/07/19 13:45,05F0287S,05F0309S,31,86,110
2026/07/19 13:45,05F0287S,05F0309S,32,86,24
2026/07/19 13:45,05F0287S,05F0309S,41,92,6
2026/07/19 13:45,05F0287S,05F0309S,42,0,0
2026/07/19 13:45,05F0287S,05F0309S,5,0,0
2026/07/19 13:45,05F0309S,05F0439S,31,484,62
2026/07/19 13:45,05F0309S,05F0439S,32,511,10
2026/07/19 13:45,05F0309S,05F0439S,41,498,3
2026/07/19 13:45,05F0309S,05F0439S,42,0,0
2026/07/19 13:45,05F0309S,05F0439S,5,0,0
2026/07/19 13:45,05F0439S,05F0494S,31,209,79
2026/07/19 13:45,05F0439S,05F0494S,32,208,6
2026/07/19 13:45,05F0439S,05F0494S,41,0,0
2026/07/19 13:45,05F0439S,05F0494S,42,0,0
2026/07/19 13:45,05F0439S,05F0494S,5,211,1
2026/07/19 13:50,05F0000S,05F0055S,31,275,140
2026/07/19 13:50,05F0000S,05F0055S,32,279,25
2026/07/19 13:50,05F0000S,05F0055S,41,278,5
2026/07/19 13:50,05F0000S,05F0055S,42,0,0
2026/07/19 13:50,05F0000S,05F0055S,5,0,0
2026/07/19 13:50,05F0055S,05F0287S,31,1087,133
2026/07/19 13:50,05F0055S,05F0287S,32,1094,32
2026/07/19 13:50,05F0055S,05F0287S,41,1077,7
2026/07/19 13:50,05F0055S,05F0287S,42,0,0
2026/07/19 13:50,05F0055S,05F0287S,5,0,0
2026/07/19 13:50,05F0287S,05F0309S,31,89,91
2026/07/19 13:50,05F0287S,05F0309S,32,91,21
2026/07/19 13:50,05F0287S,05F0309S,41,97,3
2026/07/19 13:50,05F0287S,05F0309S,42,0,0
2026/07/19 13:50,05F0287S,05F0309S,5,0,0
2026/07/19 13:50,05F0309S,05F0439S,31,489,71
2026/07/19 13:50,05F0309S,05F0439S,32,476,10
2026/07/19 13:50,05F0309S,05F0439S,41,518,2
2026/07/19 13:50,05F0309S,05F0439S,42,0,0
2026/07/19 13:50,05F0309S,05F0439S,5,0,0
2026/07/19 13:50,05F0439S,05F0494S,31,208,43
2026/07/19 13:50,05F0439S,05F0494S,32,208,10
2026/07/19 13:50,05F0439S,05F0494S,41,0,0
2026/07/19 13:50,05F0439S,05F0494S,42,0,0
2026/07/19 13:50,05F0439S,05F0494S,5,0,0
2026/07/19 13:55,05F0000S,05F0055S,31,287,141
2026/07/19 13:55,05F0000S,05F0055S,32,283,34
2026/07/19 13:55,05F0000S,05F0055S,41,287,5
2026/07/19 13:55,05F0000S,05F0055S,42,0,0
2026/07/19 13:55,05F0000S,05F0055S,5,0,0
2026/07/19 13:55,05F0055S,05F0287S,31,1133,142
2026/07/19 13:55,05F0055S,05F0287S,32,1134,33
2026/07/19 13:55,05F0055S,05F0287S,41,1122,1
2026/07/19 13:55,05F0055S,05F0287S,42,0,0
2026/07/19 13:55,05F0055S,05F0287S,5,0,0
2026/07/19 13:55,05F0287S,05F0309S,31,87,81
2026/07/19 13:55,05F0287S,05F0309S,32,90,23
2026/07/19 13:55,05F0287S,05F0309S,41,94,1
2026/07/19 13:55,05F0287S,05F0309S,42,0,0
2026/07/19 13:55,05F0287S,05F0309S,5,0,0
2026/07/19 13:55,05F0309S,05F0439S,31,476,57
2026/07/19 13:55,05F0309S,05F0439S,32,482,16
2026/07/19 13:55,05F0309S,05F0439S,41,540,3
2026/07/19 13:55,05F0309S,05F0439S,42,0,0
2026/07/19 13:55,05F0309S,05F0439S,5,0,0
2026/07/19 13:55,05F0439S,05F0494S,31,208,61
2026/07/19 13:55,05F0439S,05F0494S,32,219,18
2026/07/19 13:55,05F0439S,05F0494S,41,238,1
2026/07/19 13:55,05F0439S,05F0494S,42,0,0
2026/07/19 13:55,05F0439S,05F0494S,5,0,0
2026/07/19 14:00,05F0000S,05F0055S,31,294,130
2026/07/19 14:00,05F0000S,05F0055S,32,293,26
2026/07/19 14:00,05F0000S,05F0055S,41,305,8
2026/07/19 14:00,05F0000S,05F0055S,42,0,0
2026/07/19 14:00,05F0000S,05F0055S,5,0,0
2026/07/19 14:00,05F0055S,05F0287S,31,1088,173
2026/07/19 14:00,05F0055S,05F0287S,32,1083,37
2026/07/19 14:00,05F0055S,05F0287S,41,1135,3
2026/07/19 14:00,05F0055S,05F0287S,42,0,0
2026/07/19 14:00,05F0055S,05F0287S,5,0,0
2026/07/19 14:00,05F0287S,05F0309S,31,89,121
2026/07/19 14:00,05F0287S,05F0309S,32,87,25
2026/07/19 14:00,05F0287S,05F0309S,41,94,4
2026/07/19 14:00,05F0287S,05F0309S,42,0,0
2026/07/19 14:00,05F0287S,05F0309S,5,0,0
2026/07/19 14:00,05F0309S,05F0439S,31,477,58
2026/07/19 14:00,05F0309S,05F0439S,32,497,14
2026/07/19 14:00,05F0309S,05F0439S,41,531,1
2026/07/19 14:00,05F0309S,05F0439S,42,512,2
2026/07/19 14:00,05F0309S,05F0439S,5,0,0
2026/07/19 14:00,05F0439S,05F0494S,31,206,47
2026/07/19 14:00,05F0439S,05F0494S,32,209,15
2026/07/19 14:00,05F0439S,05F0494S,41,0,0
2026/07/19 14:00,05F0439S,05F0494S,42,0,0
2026/07/19 14:00,05F0439S,05F0494S,5,0,0
2026/07/19 14:05,05F0000S,05F0055S,31,271,147
2026/07/19 14:05,05F0000S,05F0055S,32,272,22
2026/07/19 14:05,05F0000S,05F0055S,41,255,4
2026/07/19 14:05,05F0000S,05F0055S,42,0,0
2026/07/19 14:05,05F0000S,05F0055S,5,0,0
2026/07/19 14:05,05F0055S,05F0287S,31,1023,140
2026/07/19 14:05,05F0055S,05F0287S,32,1034,27
2026/07/19 14:05,05F0055S,05F0287S,41,1060,5
2026/07/19 14:05,05F0055S,05F0287S,42,0,0
2026/07/19 14:05,05F0055S,05F0287S,5,0,0
2026/07/19 14:05,05F0287S,05F0309S,31,86,102
2026/07/19 14:05,05F0287S,05F0309S,32,89,24
2026/07/19 14:05,05F0287S,05F0309S,41,92,1
2026/07/19 14:05,05F0287S,05F0309S,42,0,0
2026/07/19 14:05,05F0287S,05F0309S,5,0,0
2026/07/19 14:05,05F0309S,05F0439S,31,465,63
2026/07/19 14:05,05F0309S,05F0439S,32,490,19
2026/07/19 14:05,05F0309S,05F0439S,41,551,1
2026/07/19 14:05,05F0309S,05F0439S,42,0,0
2026/07/19 14:05,05F0309S,05F0439S,5,0,0
2026/07/19 14:05,05F0439S,05F0494S,31,206,43
2026/07/19 14:05,05F0439S,05F0494S,32,223,8
2026/07/19 14:05,05F0439S,05F0494S,41,0,0
2026/07/19 14:05,05F0439S,05F0494S,42,242,1
2026/07/19 14:05,05F0439S,05F0494S,5,0,0
2026/07/19 14:10,05F0000S,05F0055S,31,297,122
2026/07/19 14:10,05F0000S,05F0055S,32,297,33
2026/07/19 14:10,05F0000S,05F0055S,41,280,2
2026/07/19 14:10,05F0000S,05F0055S,42,0,0
2026/07/19 14:10,05F0000S,05F0055S,5,0,0
2026/07/19 14:10,05F0055S,05F0287S,31,1040,137
2026/07/19 14:10,05F0055S,05F0287S,32,1047,34
2026/07/19 14:10,05F0055S,05F0287S,41,1060,5
2026/07/19 14:10,05F0055S,05F0287S,42,0,0
2026/07/19 14:10,05F0055S,05F0287S,5,0,0
2026/07/19 14:10,05F0287S,05F0309S,31,87,94
2026/07/19 14:10,05F0287S,05F0309S,32,91,19
2026/07/19 14:10,05F0287S,05F0309S,41,93,5
2026/07/19 14:10,05F0287S,05F0309S,42,0,0
2026/07/19 14:10,05F0287S,05F0309S,5,0,0
2026/07/19 14:10,05F0309S,05F0439S,31,478,82
2026/07/19 14:10,05F0309S,05F0439S,32,485,20
2026/07/19 14:10,05F0309S,05F0439S,41,543,3
2026/07/19 14:10,05F0309S,05F0439S,42,0,0
2026/07/19 14:10,05F0309S,05F0439S,5,0,0
2026/07/19 14:10,05F0439S,05F0494S,31,205,33
2026/07/19 14:10,05F0439S,05F0494S,32,203,15
2026/07/19 14:10,05F0439S,05F0494S,41,0,0
2026/07/19 14:10,05F0439S,05F0494S,42,0,0
2026/07/19 14:10,05F0439S,05F0494S,5,0,0
2026/07/19 14:15,05F0000S,05F0055S,31,301,139
2026/07/19 14:15,05F0000S,05F0055S,32,302,37
2026/07/19 14:15,05F0000S,05F0055S,41,298,5
2026/07/19 14:15,05F0000S,05F0055S,42,0,0
2026/07/19 14:15,05F0000S,05F0055S,5,0,0
2026/07/19 14:15,05F0055S,05F0287S,31,1033,128
2026/07/19 14:15,05F0055S,05F0287S,32,1032,31
2026/07/19 14:15,05F0055S,05F0287S,41,1040,5
2026/07/19 14:15,05F0055S,05F0287S,42,0,0
2026/07/19 14:15,05F0055S,05F0287S,5,0,0
2026/07/19 14:15,05F0287S,05F0309S,31,88,90
2026/07/19 14:15,05F0287S,05F0309S,32,87,25
2026/07/19 14:15,05F0287S,05F0309S,41,91,3
2026/07/19 14:15,05F0287S,05F0309S,42,0,0
2026/07/19 14:15,05F0287S,05F0309S,5,0,0
2026/07/19 14:15,05F0309S,05F0439S,31,484,59
2026/07/19 14:15,05F0309S,05F0439S,32,528,15
2026/07/19 14:15,05F0309S,05F0439S,41,538,1
2026/07/19 14:15,05F0309S,05F0439S,42,504,1
2026/07/19 14:15,05F0309S,05F0439S,5,0,0
2026/07/19 14:15,05F0439S,05F0494S,31,212,53
2026/07/19 14:15,05F0439S,05F0494S,32,210,11
2026/07/19 14:15,05F0439S,05F0494S,41,0,0
2026/07/19 14:15,05F0439S,05F0494S,42,195,1
2026/07/19 14:15,05F0439S,05F0494S,5,0,0
2026/07/19 14:20,05F0000S,05F0055S,31,300,162
2026/07/19 14:20,05F0000S,05F0055S,32,303,28
2026/07/19 14:20,05F0000S,05F0055S,41,303,4
2026/07/19 14:20,05F0000S,05F0055S,42,0,0
2026/07/19 14:20,05F0000S,05F0055S,5,0,0
2026/07/19 14:20,05F0055S,05F0287S,31,1058,145
2026/07/19 14:20,05F0055S,05F0287S,32,1064,25
2026/07/19 14:20,05F0055S,05F0287S,41,1070,4
2026/07/19 14:20,05F0055S,05F0287S,42,0,0
2026/07/19 14:20,05F0055S,05F0287S,5,0,0
2026/07/19 14:20,05F0287S,05F0309S,31,88,83
2026/07/19 14:20,05F0287S,05F0309S,32,87,19
2026/07/19 14:20,05F0287S,05F0309S,41,93,6
2026/07/19 14:20,05F0287S,05F0309S,42,0,0
2026/07/19 14:20,05F0287S,05F0309S,5,0,0
2026/07/19 14:20,05F0309S,05F0439S,31,484,69
2026/07/19 14:20,05F0309S,05F0439S,32,468,10
2026/07/19 14:20,05F0309S,05F0439S,41,517,4
2026/07/19 14:20,05F0309S,05F0439S,42,0,0
2026/07/19 14:20,05F0309S,05F0439S,5,519,2
2026/07/19 14:20,05F0439S,05F0494S,31,206,43
2026/07/19 14:20,05F0439S,05F0494S,32,208,15
2026/07/19 14:20,05F0439S,05F0494S,41,0,0
2026/07/19 14:20,05F0439S,05F0494S,42,0,0
2026/07/19 14:20,05F0439S,05F0494S,5,0,0
2026/07/19 14:25,05F0000S,05F0055S,31,292,169
2026/07/19 14:25,05F0000S,05F0055S,32,295,32
2026/07/19 14:25,05F0000S,05F0055S,41,274,3
2026/07/19 14:25,05F0000S,05F0055S,42,0,0
2026/07/19 14:25,05F0000S,05F0055S,5,0,0
2026/07/19 14:25,05F0055S,05F0287S,31,1049,138
2026/07/19 14:25,05F0055S,05F0287S,32,1040,26
2026/07/19 14:25,05F0055S,05F0287S,41,1088,6
2026/07/19 14:25,05F0055S,05F0287S,42,0,0
2026/07/19 14:25,05F0055S,05F0287S,5,0,0
2026/07/19 14:25,05F0287S,05F0309S,31,86,102
2026/07/19 14:25,05F0287S,05F0309S,32,87,19
2026/07/19 14:25,05F0287S,05F0309S,41,88,1
2026/07/19 14:25,05F0287S,05F0309S,42,0,0
2026/07/19 14:25,05F0287S,05F0309S,5,0,0
2026/07/19 14:25,05F0309S,05F0439S,31,492,47
2026/07/19 14:25,05F0309S,05F0439S,32,487,14
2026/07/19 14:25,05F0309S,05F0439S,41,532,2
2026/07/19 14:25,05F0309S,05F0439S,42,0,0
2026/07/19 14:25,05F0309S,05F0439S,5,0,0
2026/07/19 14:25,05F0439S,05F0494S,31,207,43
2026/07/19 14:25,05F0439S,05F0494S,32,212,11
2026/07/19 14:25,05F0439S,05F0494S,41,221,1
2026/07/19 14:25,05F0439S,05F0494S,42,0,0
2026/07/19 14:25,05F0439S,05F0494S,5,220,1
2026/07/19 14:30,05F0000S,05F0055S,31,265,123
2026/07/19 14:30,05F0000S,05F0055S,32,265,29
2026/07/19 14:30,05F0000S,05F0055S,41,277,2
2026/07/19 14:30,05F0000S,05F0055S,42,0,0
2026/07/19 14:30,05F0000S,05F0055S,5,0,0
2026/07/19 14:30,05F0055S,05F0287S,31,1024,125
2026/07/19 14:30,05F0055S,05F0287S,32,1036,35
2026/07/19 14:30,05F0055S,05F0287S,41,1060,2
2026/07/19 14:30,05F0055S,05F0287S,42,0,0
2026/07/19 14:30,05F0055S,05F0287S,5,0,0
2026/07/19 14:30,05F0287S,05F0309S,31,85,76
2026/07/19 14:30,05F0287S,05F0309S,32,86,15
2026/07/19 14:30,05F0287S,05F0309S,41,95,3
2026/07/19 14:30,05F0287S,05F0309S,42,0,0
2026/07/19 14:30,05F0287S,05F0309S,5,0,0
2026/07/19 14:30,05F0309S,05F0439S,31,475,66
2026/07/19 14:30,05F0309S,05F0439S,32,458,10
2026/07/19 14:30,05F0309S,05F0439S,41,534,1
2026/07/19 14:30,05F0309S,05F0439S,42,0,0
2026/07/19 14:30,05F0309S,05F0439S,5,0,0
2026/07/19 14:30,05F0439S,05F0494S,31,203,41
2026/07/19 14:30,05F0439S,05F0494S,32,220,9
2026/07/19 14:30,05F0439S,05F0494S,41,0,0
2026/07/19 14:30,05F0439S,05F0494S,42,1984,1
2026/07/19 14:30,05F0439S,05F0494S,5,0,0
2026/07/19 14:35,05F0000S,05F0055S,31,275,121
2026/07/19 14:35,05F0000S,05F0055S,32,278,35
2026/07/19 14:35,05F0000S,05F0055S,41,264,5
2026/07/19 14:35,05F0000S,05F0055S,42,0,0
2026/07/19 14:35,05F0000S,05F0055S,5,0,0
2026/07/19 14:35,05F0055S,05F0287S,31,1049,115
2026/07/19 14:35,05F0055S,05F0287S,32,1051,32
2026/07/19 14:35,05F0055S,05F0287S,41,1066,3
2026/07/19 14:35,05F0055S,05F0287S,42,0,0
2026/07/19 14:35,05F0055S,05F0287S,5,0,0
2026/07/19 14:35,05F0287S,05F0309S,31,85,89
2026/07/19 14:35,05F0287S,05F0309S,32,89,27
2026/07/19 14:35,05F0287S,05F0309S,41,92,4
2026/07/19 14:35,05F0287S,05F0309S,42,0,0
2026/07/19 14:35,05F0287S,05F0309S,5,0,0
2026/07/19 14:35,05F0309S,05F0439S,31,468,50
2026/07/19 14:35,05F0309S,05F0439S,32,468,7
2026/07/19 14:35,05F0309S,05F0439S,41,511,3
2026/07/19 14:35,05F0309S,05F0439S,42,0,0
2026/07/19 14:35,05F0309S,05F0439S,5,0,0
2026/07/19 14:35,05F0439S,05F0494S,31,207,52
2026/07/19 14:35,05F0439S,05F0494S,32,214,5
2026/07/19 14:35,05F0439S,05F0494S,41,0,0
2026/07/19 14:35,05F0439S,05F0494S,42,0,0
2026/07/19 14:35,05F0439S,05F0494S,5,0,0
2026/07/19 14:40,05F0000S,05F0055S,31,266,130
2026/07/19 14:40,05F0000S,05F0055S,32,270,26
2026/07/19 14:40,05F0000S,05F0055S,41,283,2
2026/07/19 14:40,05F0000S,05F0055S,42,0,0
2026/07/19 14:40,05F0000S,05F0055S,5,0,0
2026/07/19 14:40,05F0055S,05F0287S,31,1078,153
2026/07/19 14:40,05F0055S,05F0287S,32,1081,24
2026/07/19 14:40,05F0055S,05F0287S,41,1103,2
2026/07/19 14:40,05F0055S,05F0287S,42,0,0
2026/07/19 14:40,05F0055S,05F0287S,5,0,0
2026/07/19 14:40,05F0287S,05F0309S,31,85,102
2026/07/19 14:40,05F0287S,05F0309S,32,86,12
2026/07/19 14:40,05F0287S,05F0309S,41,92,1
2026/07/19 14:40,05F0287S,05F0309S,42,0,0
2026/07/19 14:40,05F0287S,05F0309S,5,0,0
2026/07/19 14:40,05F0309S,05F0439S,31,479,55
2026/07/19 14:40,05F0309S,05F0439S,32,488,9
2026/07/19 14:40,05F0309S,05F0439S,41,514,2
2026/07/19 14:40,05F0309S,05F0439S,42,0,0
2026/07/19 14:40,05F0309S,05F0439S,5,0,0
2026/07/19 14:40,05F0439S,05F0494S,31,207,41
2026/07/19 14:40,05F0439S,05F0494S,32,210,11
2026/07/19 14:40,05F0439S,05F0494S,41,0,0
2026/07/19 14:40,05F0439S,05F0494S,42,0,0
2026/07/19 14:40,05F0439S,05F0494S,5,0,0
2026/07/19 14:45,05F0000S,05F0055S,31,272,150
2026/07/19 14:45,05F0000S,05F0055S,32,276,25
2026/07/19 14:45,05F0000S,05F0055S,41,276,4
2026/07/19 14:45,05F0000S,05F0055S,42,0,0
2026/07/19 14:45,05F0000S,05F0055S,5,0,0
2026/07/19 14:45,05F0055S,05F0287S,31,1127,164
2026/07/19 14:45,05F0055S,05F0287S,32,1138,29
2026/07/19 14:45,05F0055S,05F0287S,41,1132,5
2026/07/19 14:45,05F0055S,05F0287S,42,0,0
2026/07/19 14:45,05F0055S,05F0287S,5,0,0
2026/07/19 14:45,05F0287S,05F0309S,31,86,114
2026/07/19 14:45,05F0287S,05F0309S,32,90,18
2026/07/19 14:45,05F0287S,05F0309S,41,91,4
2026/07/19 14:45,05F0287S,05F0309S,42,0,0
2026/07/19 14:45,05F0287S,05F0309S,5,0,0
2026/07/19 14:45,05F0309S,05F0439S,31,475,53
2026/07/19 14:45,05F0309S,05F0439S,32,498,11
2026/07/19 14:45,05F0309S,05F0439S,41,519,1
2026/07/19 14:45,05F0309S,05F0439S,42,586,1
2026/07/19 14:45,05F0309S,05F0439S,5,0,0
2026/07/19 14:45,05F0439S,05F0494S,31,212,37
2026/07/19 14:45,05F0439S,05F0494S,32,228,8
2026/07/19 14:45,05F0439S,05F0494S,41,0,0
2026/07/19 14:45,05F0439S,05F0494S,42,0,0
2026/07/19 14:45,05F0439S,05F0494S,5,0,0
2026/07/19 14:50,05F0000S,05F0055S,31,272,152
2026/07/19 14:50,05F0000S,05F0055S,32,272,26
2026/07/19 14:50,05F0000S,05F0055S,41,273,5
2026/07/19 14:50,05F0000S,05F0055S,42,283,1
2026/07/19 14:50,05F0000S,05F0055S,5,0,0
2026/07/19 14:50,05F0055S,05F0287S,31,1104,146
2026/07/19 14:50,05F0055S,05F0287S,32,1098,43
2026/07/19 14:50,05F0055S,05F0287S,41,1103,4
2026/07/19 14:50,05F0055S,05F0287S,42,0,0
2026/07/19 14:50,05F0055S,05F0287S,5,0,0
2026/07/19 14:50,05F0287S,05F0309S,31,86,101
2026/07/19 14:50,05F0287S,05F0309S,32,87,25
2026/07/19 14:50,05F0287S,05F0309S,41,88,5
2026/07/19 14:50,05F0287S,05F0309S,42,0,0
2026/07/19 14:50,05F0287S,05F0309S,5,0,0
2026/07/19 14:50,05F0309S,05F0439S,31,480,56
2026/07/19 14:50,05F0309S,05F0439S,32,487,14
2026/07/19 14:50,05F0309S,05F0439S,41,0,0
2026/07/19 14:50,05F0309S,05F0439S,42,559,1
2026/07/19 14:50,05F0309S,05F0439S,5,0,0
2026/07/19 14:50,05F0439S,05F0494S,31,206,34
2026/07/19 14:50,05F0439S,05F0494S,32,208,11
2026/07/19 14:50,05F0439S,05F0494S,41,0,0
2026/07/19 14:50,05F0439S,05F0494S,42,257,1
2026/07/19 14:50,05F0439S,05F0494S,5,0,0
2026/07/19 14:55,05F0000S,05F0055S,31,265,133
2026/07/19 14:55,05F0000S,05F0055S,32,262,31
2026/07/19 14:55,05F0000S,05F0055S,41,269,1
2026/07/19 14:55,05F0000S,05F0055S,42,0,0
2026/07/19 14:55,05F0000S,05F0055S,5,0,0
2026/07/19 14:55,05F0055S,05F0287S,31,1035,146
2026/07/19 14:55,05F0055S,05F0287S,32,1043,30
2026/07/19 14:55,05F0055S,05F0287S,41,1040,3
2026/07/19 14:55,05F0055S,05F0287S,42,0,0
2026/07/19 14:55,05F0055S,05F0287S,5,0,0
2026/07/19 14:55,05F0287S,05F0309S,31,88,112
2026/07/19 14:55,05F0287S,05F0309S,32,90,27
2026/07/19 14:55,05F0287S,05F0309S,41,91,3
2026/07/19 14:55,05F0287S,05F0309S,42,0,0
2026/07/19 14:55,05F0287S,05F0309S,5,0,0
2026/07/19 14:55,05F0309S,05F0439S,31,478,80
2026/07/19 14:55,05F0309S,05F0439S,32,482,18
2026/07/19 14:55,05F0309S,05F0439S,41,523,4
2026/07/19 14:55,05F0309S,05F0439S,42,466,3
2026/07/19 14:55,05F0309S,05F0439S,5,0,0
2026/07/19 14:55,05F0439S,05F0494S,31,204,30
2026/07/19 14:55,05F0439S,05F0494S,32,217,5
2026/07/19 14:55,05F0439S,05F0494S,41,2755,1
2026/07/19 14:55,05F0439S,05F0494S,42,236,1
2026/07/19 14:55,05F0439S,05F0494S,5,0,0
2026/07/19 15:00,05F0000S,05F0055S,31,268,124
2026/07/19 15:00,05F0000S,05F0055S,32,274,22
2026/07/19 15:00,05F0000S,05F0055S,41,274,9
2026/07/19 15:00,05F0000S,05F0055S,42,0,0
2026/07/19 15:00,05F0000S,05F0055S,5,0,0
2026/07/19 15:00,05F0055S,05F0287S,31,1049,138
2026/07/19 15:00,05F0055S,05F0287S,32,1046,26
2026/07/19 15:00,05F0055S,05F0287S,41,1050,3
2026/07/19 15:00,05F0055S,05F0287S,42,0,0
2026/07/19 15:00,05F0055S,05F0287S,5,0,0
2026/07/19 15:00,05F0287S,05F0309S,31,86,97
2026/07/19 15:00,05F0287S,05F0309S,32,88,17
2026/07/19 15:00,05F0287S,05F0309S,41,92,2
2026/07/19 15:00,05F0287S,05F0309S,42,0,0
2026/07/19 15:00,05F0287S,05F0309S,5,0,0
2026/07/19 15:00,05F0309S,05F0439S,31,493,63
2026/07/19 15:00,05F0309S,05F0439S,32,494,14
2026/07/19 15:00,05F0309S,05F0439S,41,504,2
2026/07/19 15:00,05F0309S,05F0439S,42,520,1
2026/07/19 15:00,05F0309S,05F0439S,5,0,0
2026/07/19 15:00,05F0439S,05F0494S,31,204,38
2026/07/19 15:00,05F0439S,05F0494S,32,205,14
2026/07/19 15:00,05F0439S,05F0494S,41,220,1
2026/07/19 15:00,05F0439S,05F0494S,42,191,3
2026/07/19 15:00,05F0439S,05F0494S,5,0,0
2026/07/19 15:05,05F0000S,05F0055S,31,295,134
2026/07/19 15:05,05F0000S,05F0055S,32,300,26
2026/07/19 15:05,05F0000S,05F0055S,41,321,6
2026/07/19 15:05,05F0000S,05F0055S,42,0,0
2026/07/19 15:05,05F0000S,05F0055S,5,0,0
2026/07/19 15:05,05F0055S,05F0287S,31,1060,141
2026/07/19 15:05,05F0055S,05F0287S,32,1057,25
2026/07/19 15:05,05F0055S,05F0287S,41,1093,5
2026/07/19 15:05,05F0055S,05F0287S,42,0,0
2026/07/19 15:05,05F0055S,05F0287S,5,0,0
2026/07/19 15:05,05F0287S,05F0309S,31,86,91
2026/07/19 15:05,05F0287S,05F0309S,32,87,18
2026/07/19 15:05,05F0287S,05F0309S,41,92,3
2026/07/19 15:05,05F0287S,05F0309S,42,0,0
2026/07/19 15:05,05F0287S,05F0309S,5,0,0
2026/07/19 15:05,05F0309S,05F0439S,31,473,64
2026/07/19 15:05,05F0309S,05F0439S,32,479,21
2026/07/19 15:05,05F0309S,05F0439S,41,550,1
2026/07/19 15:05,05F0309S,05F0439S,42,0,0
2026/07/19 15:05,05F0309S,05F0439S,5,0,0
2026/07/19 15:05,05F0439S,05F0494S,31,202,46
2026/07/19 15:05,05F0439S,05F0494S,32,210,17
2026/07/19 15:05,05F0439S,05F0494S,41,0,0
2026/07/19 15:05,05F0439S,05F0494S,42,0,0
2026/07/19 15:05,05F0439S,05F0494S,5,0,0
2026/07/19 15:10,05F0000S,05F0055S,31,279,135
2026/07/19 15:10,05F0000S,05F0055S,32,269,42
2026/07/19 15:10,05F0000S,05F0055S,41,287,8
2026/07/19 15:10,05F0000S,05F0055S,42,0,0
2026/07/19 15:10,05F0000S,05F0055S,5,0,0
2026/07/19 15:10,05F0055S,05F0287S,31,1067,154
2026/07/19 15:10,05F0055S,05F0287S,32,1071,30
2026/07/19 15:10,05F0055S,05F0287S,41,1111,4
2026/07/19 15:10,05F0055S,05F0287S,42,0,0
2026/07/19 15:10,05F0055S,05F0287S,5,0,0
2026/07/19 15:10,05F0287S,05F0309S,31,86,89
2026/07/19 15:10,05F0287S,05F0309S,32,86,19
2026/07/19 15:10,05F0287S,05F0309S,41,92,4
2026/07/19 15:10,05F0287S,05F0309S,42,0,0
2026/07/19 15:10,05F0287S,05F0309S,5,0,0
2026/07/19 15:10,05F0309S,05F0439S,31,479,65
2026/07/19 15:10,05F0309S,05F0439S,32,492,11
2026/07/19 15:10,05F0309S,05F0439S,41,526,2
2026/07/19 15:10,05F0309S,05F0439S,42,0,0
2026/07/19 15:10,05F0309S,05F0439S,5,0,0
2026/07/19 15:10,05F0439S,05F0494S,31,207,34
2026/07/19 15:10,05F0439S,05F0494S,32,206,8
2026/07/19 15:10,05F0439S,05F0494S,41,0,0
2026/07/19 15:10,05F0439S,05F0494S,42,0,0
2026/07/19 15:10,05F0439S,05F0494S,5,0,0
2026/07/19 15:15,05F0000S,05F0055S,31,287,140
2026/07/19 15:15,05F0000S,05F0055S,32,282,35
2026/07/19 15:15,05F0000S,05F0055S,41,293,3
2026/07/19 15:15,05F0000S,05F0055S,42,0,0
2026/07/19 15:15,05F0000S,05F0055S,5,0,0
2026/07/19 15:15,05F0055S,05F0287S,31,1030,143
2026/07/19 15:15,05F0055S,05F0287S,32,1036,34
2026/07/19 15:15,05F0055S,05F0287S,41,1057,5
2026/07/19 15:15,05F0055S,05F0287S,42,0,0
2026/07/19 15:15,05F0055S,05F0287S,5,0,0
2026/07/19 15:15,05F0287S,05F0309S,31,86,97
2026/07/19 15:15,05F0287S,05F0309S,32,92,23
2026/07/19 15:15,05F0287S,05F0309S,41,93,2
2026/07/19 15:15,05F0287S,05F0309S,42,0,0
2026/07/19 15:15,05F0287S,05F0309S,5,0,0
2026/07/19 15:15,05F0309S,05F0439S,31,475,54
2026/07/19 15:15,05F0309S,05F0439S,32,464,10
2026/07/19 15:15,05F0309S,05F0439S,41,488,2
2026/07/19 15:15,05F0309S,05F0439S,42,509,1
2026/07/19 15:15,05F0309S,05F0439S,5,0,0
2026/07/19 15:15,05F0439S,05F0494S,31,204,29
2026/07/19 15:15,05F0439S,05F0494S,32,210,9
2026/07/19 15:15,05F0439S,05F0494S,41,0,0
2026/07/19 15:15,05F0439S,05F0494S,42,0,0
2026/07/19 15:15,05F0439S,05F0494S,5,0,0
2026/07/19 15:20,05F0000S,05F0055S,31,281,151
2026/07/19 15:20,05F0000S,05F0055S,32,277,32
2026/07/19 15:20,05F0000S,05F0055S,41,292,4
2026/07/19 15:20,05F0000S,05F0055S,42,0,0
2026/07/19 15:20,05F0000S,05F0055S,5,0,0
2026/07/19 15:20,05F0055S,05F0287S,31,1058,111
2026/07/19 15:20,05F0055S,05F0287S,32,1049,27
2026/07/19 15:20,05F0055S,05F0287S,41,1083,4
2026/07/19 15:20,05F0055S,05F0287S,42,0,0
2026/07/19 15:20,05F0055S,05F0287S,5,0,0
2026/07/19 15:20,05F0287S,05F0309S,31,87,75
2026/07/19 15:20,05F0287S,05F0309S,32,87,15
2026/07/19 15:20,05F0287S,05F0309S,41,91,4
2026/07/19 15:20,05F0287S,05F0309S,42,0,0
2026/07/19 15:20,05F0287S,05F0309S,5,0,0
2026/07/19 15:20,05F0309S,05F0439S,31,470,50
2026/07/19 15:20,05F0309S,05F0439S,32,490,16
2026/07/19 15:20,05F0309S,05F0439S,41,529,2
2026/07/19 15:20,05F0309S,05F0439S,42,0,0
2026/07/19 15:20,05F0309S,05F0439S,5,0,0
2026/07/19 15:20,05F0439S,05F0494S,31,205,31
2026/07/19 15:20,05F0439S,05F0494S,32,206,12
2026/07/19 15:20,05F0439S,05F0494S,41,0,0
2026/07/19 15:20,05F0439S,05F0494S,42,203,1
2026/07/19 15:20,05F0439S,05F0494S,5,0,0
2026/07/19 15:25,05F0000S,05F0055S,31,263,143
2026/07/19 15:25,05F0000S,05F0055S,32,262,32
2026/07/19 15:25,05F0000S,05F0055S,41,262,5
2026/07/19 15:25,05F0000S,05F0055S,42,0,0
2026/07/19 15:25,05F0000S,05F0055S,5,0,0
2026/07/19 15:25,05F0055S,05F0287S,31,1044,131
2026/07/19 15:25,05F0055S,05F0287S,32,1042,19
2026/07/19 15:25,05F0055S,05F0287S,41,1089,10
2026/07/19 15:25,05F0055S,05F0287S,42,0,0
2026/07/19 15:25,05F0055S,05F0287S,5,0,0
2026/07/19 15:25,05F0287S,05F0309S,31,87,98
2026/07/19 15:25,05F0287S,05F0309S,32,88,18
2026/07/19 15:25,05F0287S,05F0309S,41,94,3
2026/07/19 15:25,05F0287S,05F0309S,42,0,0
2026/07/19 15:25,05F0287S,05F0309S,5,0,0
2026/07/19 15:25,05F0309S,05F0439S,31,476,59
2026/07/19 15:25,05F0309S,05F0439S,32,480,15
2026/07/19 15:25,05F0309S,05F0439S,41,566,1
2026/07/19 15:25,05F0309S,05F0439S,42,641,1
2026/07/19 15:25,05F0309S,05F0439S,5,633,1
2026/07/19 15:25,05F0439S,05F0494S,31,203,48
2026/07/19 15:25,05F0439S,05F0494S,32,208,6
2026/07/19 15:25,05F0439S,05F0494S,41,0,0
2026/07/19 15:25,05F0439S,05F0494S,42,0,0
2026/07/19 15:25,05F0439S,05F0494S,5,0,0
2026/07/19 15:30,05F0000S,05F0055S,31,271,115
2026/07/19 15:30,05F0000S,05F0055S,32,276,30
2026/07/19 15:30,05F0000S,05F0055S,41,268,10
2026/07/19 15:30,05F0000S,05F0055S,42,0,0
2026/07/19 15:30,05F0000S,05F0055S,5,0,0
2026/07/19 15:30,05F0055S,05F0287S,31,1088,127
2026/07/19 15:30,05F0055S,05F0287S,32,1086,45
2026/07/19 15:30,05F0055S,05F0287S,41,1143,4
2026/07/19 15:30,05F0055S,05F0287S,42,0,0
2026/07/19 15:30,05F0055S,05F0287S,5,0,0
2026/07/19 15:30,05F0287S,05F0309S,31,86,89
2026/07/19 15:30,05F0287S,05F0309S,32,86,26
2026/07/19 15:30,05F0287S,05F0309S,41,97,6
2026/07/19 15:30,05F0287S,05F0309S,42,0,0
2026/07/19 15:30,05F0287S,05F0309S,5,0,0
2026/07/19 15:30,05F0309S,05F0439S,31,480,51
2026/07/19 15:30,05F0309S,05F0439S,32,489,8
2026/07/19 15:30,05F0309S,05F0439S,41,533,2
2026/07/19 15:30,05F0309S,05F0439S,42,0,0
2026/07/19 15:30,05F0309S,05F0439S,5,444,1
2026/07/19 15:30,05F0439S,05F0494S,31,210,36
2026/07/19 15:30,05F0439S,05F0494S,32,210,8
2026/07/19 15:30,05F0439S,05F0494S,41,0,0
2026/07/19 15:30,05F0439S,05F0494S,42,253,2
2026/07/19 15:30,05F0439S,05F0494S,5,237,2
2026/07/19 15:35,05F0000S,05F0055S,31,258,114
2026/07/19 15:35,05F0000S,05F0055S,32,255,25
2026/07/19 15:35,05F0000S,05F0055S,41,259,2
2026/07/19 15:35,05F0000S,05F0055S,42,0,0
2026/07/19 15:35,05F0000S,05F0055S,5,0,0
2026/07/19 15:35,05F0055S,05F0287S,31,1068,165
2026/07/19 15:35,05F0055S,05F0287S,32,1062,32
2026/07/19 15:35,05F0055S,05F0287S,41,1077,3
2026/07/19 15:35,05F0055S,05F0287S,42,0,0
2026/07/19 15:35,05F0055S,05F0287S,5,0,0
2026/07/19 15:35,05F0287S,05F0309S,31,87,103
2026/07/19 15:35,05F0287S,05F0309S,32,87,32
2026/07/19 15:35,05F0287S,05F0309S,41,94,4
2026/07/19 15:35,05F0287S,05F0309S,42,0,0
2026/07/19 15:35,05F0287S,05F0309S,5,0,0
2026/07/19 15:35,05F0309S,05F0439S,31,489,59
2026/07/19 15:35,05F0309S,05F0439S,32,489,9
2026/07/19 15:35,05F0309S,05F0439S,41,517,3
2026/07/19 15:35,05F0309S,05F0439S,42,557,1
2026/07/19 15:35,05F0309S,05F0439S,5,552,1
2026/07/19 15:35,05F0439S,05F0494S,31,202,40
2026/07/19 15:35,05F0439S,05F0494S,32,205,12
2026/07/19 15:35,05F0439S,05F0494S,41,0,0
2026/07/19 15:35,05F0439S,05F0494S,42,0,0
2026/07/19 15:35,05F0439S,05F0494S,5,0,0
2026/07/19 15:40,05F0000S,05F0055S,31,285,121
2026/07/19 15:40,05F0000S,05F0055S,32,282,31
2026/07/19 15:40,05F0000S,05F0055S,41,296,4
2026/07/19 15:40,05F0000S,05F0055S,42,0,0
2026/07/19 15:40,05F0000S,05F0055S,5,0,0
2026/07/19 15:40,05F0055S,05F0287S,31,1061,154
2026/07/19 15:40,05F0055S,05F0287S,32,1069,30
2026/07/19 15:40,05F0055S,05F0287S,41,1089,6
2026/07/19 15:40,05F0055S,05F0287S,42,0,0
2026/07/19 15:40,05F0055S,05F0287S,5,0,0
2026/07/19 15:40,05F0287S,05F0309S,31,88,119
2026/07/19 15:40,05F0287S,05F0309S,32,89,17
2026/07/19 15:40,05F0287S,05F0309S,41,92,3
2026/07/19 15:40,05F0287S,05F0309S,42,102,1
2026/07/19 15:40,05F0287S,05F0309S,5,0,0
2026/07/19 15:40,05F0309S,05F0439S,31,471,60
2026/07/19 15:40,05F0309S,05F0439S,32,478,23
2026/07/19 15:40,05F0309S,05F0439S,41,546,2
2026/07/19 15:40,05F0309S,05F0439S,42,0,0
2026/07/19 15:40,05F0309S,05F0439S,5,0,0
2026/07/19 15:40,05F0439S,05F0494S,31,201,45
2026/07/19 15:40,05F0439S,05F0494S,32,203,11
2026/07/19 15:40,05F0439S,05F0494S,41,0,0
2026/07/19 15:40,05F0439S,05F0494S,42,235,1
2026/07/19 15:40,05F0439S,05F0494S,5,227,1
2026/07/19 15:45,05F0000S,05F0055S,31,269,119
2026/07/19 15:45,05F0000S,05F0055S,32,265,38
2026/07/19 15:45,05F0000S,05F0055S,41,269,8
2026/07/19 15:45,05F0000S,05F0055S,42,0,0
2026/07/19 15:45,05F0000S,05F0055S,5,0,0
2026/07/19 15:45,05F0055S,05F0287S,31,1066,136
2026/07/19 15:45,05F0055S,05F0287S,32,1077,35
2026/07/19 15:45,05F0055S,05F0287S,41,1075,10
2026/07/19 15:45,05F0055S,05F0287S,42,0,0
2026/07/19 15:45,05F0055S,05F0287S,5,0,0
2026/07/19 15:45,05F0287S,05F0309S,31,88,95
2026/07/19 15:45,05F0287S,05F0309S,32,88,24
2026/07/19 15:45,05F0287S,05F0309S,41,94,5
2026/07/19 15:45,05F0287S,05F0309S,42,0,0
2026/07/19 15:45,05F0287S,05F0309S,5,0,0
2026/07/19 15:45,05F0309S,05F0439S,31,471,57
2026/07/19 15:45,05F0309S,05F0439S,32,479,15
2026/07/19 15:45,05F0309S,05F0439S,41,515,2
2026/07/19 15:45,05F0309S,05F0439S,42,0,0
2026/07/19 15:45,05F0309S,05F0439S,5,0,0
2026/07/19 15:45,05F0439S,05F0494S,31,208,38
2026/07/19 15:45,05F0439S,05F0494S,32,211,9
2026/07/19 15:45,05F0439S,05F0494S,41,0,0
2026/07/19 15:45,05F0439S,05F0494S,42,0,0
2026/07/19 15:45,05F0439S,05F0494S,5,0,0
2026/07/19 15:50,05F0000S,05F0055S,31,277,127
2026/07/19 15:50,05F0000S,05F0055S,32,276,28
2026/07/19 15:50,05F0000S,05F0055S,41,274,7
2026/07/19 15:50,05F0000S,05F0055S,42,0,0
2026/07/19 15:50,05F0000S,05F0055S,5,0,0
2026/07/19 15:50,05F0055S,05F0287S,31,1024,133
2026/07/19 15:50,05F0055S,05F0287S,32,1026,36
2026/07/19 15:50,05F0055S,05F0287S,41,1044,5
2026/07/19 15:50,05F0055S,05F0287S,42,0,0
2026/07/19 15:50,05F0055S,05F0287S,5,0,0
2026/07/19 15:50,05F0287S,05F0309S,31,87,84
2026/07/19 15:50,05F0287S,05F0309S,32,88,28
2026/07/19 15:50,05F0287S,05F0309S,41,95,8
2026/07/19 15:50,05F0287S,05F0309S,42,0,0
2026/07/19 15:50,05F0287S,05F0309S,5,0,0
2026/07/19 15:50,05F0309S,05F0439S,31,471,69
2026/07/19 15:50,05F0309S,05F0439S,32,488,22
2026/07/19 15:50,05F0309S,05F0439S,41,527,4
2026/07/19 15:50,05F0309S,05F0439S,42,0,0
2026/07/19 15:50,05F0309S,05F0439S,5,0,0
2026/07/19 15:50,05F0439S,05F0494S,31,206,41
2026/07/19 15:50,05F0439S,05F0494S,32,218,10
2026/07/19 15:50,05F0439S,05F0494S,41,221,1
2026/07/19 15:50,05F0439S,05F0494S,42,0,0
2026/07/19 15:50,05F0439S,05F0494S,5,0,0
2026/07/19 15:55,05F0000S,05F0055S,31,263,120
2026/07/19 15:55,05F0000S,05F0055S,32,262,22
2026/07/19 15:55,05F0000S,05F0055S,41,267,5
2026/07/19 15:55,05F0000S,05F0055S,42,0,0
2026/07/19 15:55,05F0000S,05F0055S,5,0,0
2026/07/19 15:55,05F0055S,05F0287S,31,1026,102
2026/07/19 15:55,05F0055S,05F0287S,32,1037,25
2026/07/19 15:55,05F0055S,05F0287S,41,0,0
2026/07/19 15:55,05F0055S,05F0287S,42,0,0
2026/07/19 15:55,05F0055S,05F0287S,5,0,0
2026/07/19 15:55,05F0287S,05F0309S,31,87,83
2026/07/19 15:55,05F0287S,05F0309S,32,87,16
2026/07/19 15:55,05F0287S,05F0309S,41,88,1
2026/07/19 15:55,05F0287S,05F0309S,42,0,0
2026/07/19 15:55,05F0287S,05F0309S,5,0,0
2026/07/19 15:55,05F0309S,05F0439S,31,490,51
2026/07/19 15:55,05F0309S,05F0439S,32,482,14
2026/07/19 15:55,05F0309S,05F0439S,41,510,4
2026/07/19 15:55,05F0309S,05F0439S,42,0,0
2026/07/19 15:55,05F0309S,05F0439S,5,497,1
2026/07/19 15:55,05F0439S,05F0494S,31,201,46
2026/07/19 15:55,05F0439S,05F0494S,32,200,13
2026/07/19 15:55,05F0439S,05F0494S,41,0,0
2026/07/19 15:55,05F0439S,05F0494S,42,0,0
2026/07/19 15:55,05F0439S,05F0494S,5,0,0
2026/07/19 16:00,05F0000S,05F0055S,31,282,132
2026/07/19 16:00,05F0000S,05F0055S,32,280,36
2026/07/19 16:00,05F0000S,05F0055S,41,289,9
2026/07/19 16:00,05F0000S,05F0055S,42,0,0
2026/07/19 16:00,05F0000S,05F0055S,5,0,0
2026/07/19 16:00,05F0055S,05F0287S,31,1136,83
2026/07/19 16:00,05F0055S,05F0287S,32,1105,18
2026/07/19 16:00,05F0055S,05F0287S,41,1036,3
2026/07/19 16:00,05F0055S,05F0287S,42,0,0
2026/07/19 16:00,05F0055S,05F0287S,5,0,0
2026/07/19 16:00,05F0287S,05F0309S,31,86,47
2026/07/19 16:00,05F0287S,05F0309S,32,84,10
2026/07/19 16:00,05F0287S,05F0309S,41,94,3
2026/07/19 16:00,05F0287S,05F0309S,42,0,0
2026/07/19 16:00,05F0287S,05F0309S,5,0,0
2026/07/19 16:00,05F0309S,05F0439S,31,485,52
2026/07/19 16:00,05F0309S,05F0439S,32,490,18
2026/07/19 16:00,05F0309S,05F0439S,41,0,0
2026/07/19 16:00,05F0309S,05F0439S,42,0,0
2026/07/19 16:00,05F0309S,05F0439S,5,0,0
2026/07/19 16:00,05F0439S,05F0494S,31,204,32
2026/07/19 16:00,05F0439S,05F0494S,32,209,9
2026/07/19 16:00,05F0439S,05F0494S,41,0,0
2026/07/19 16:00,05F0439S,05F0494S,42,0,0
2026/07/19 16:00,05F0439S,05F0494S,5,217,1
2026/07/19 16:05,05F0000S,05F0055S,31,266,129
2026/07/19 16:05,05F0000S,05F0055S,32,269,23
2026/07/19 16:05,05F0000S,05F0055S,41,266,5
2026/07/19 16:05,05F0000S,05F0055S,42,0,0
2026/07/19 16:05,05F0000S,05F0055S,5,0,0
2026/07/19 16:05,05F0055S,05F0287S,31,1149,145
2026/07/19 16:05,05F0055S,05F0287S,32,1156,39
2026/07/19 16:05,05F0055S,05F0287S,41,1154,14
2026/07/19 16:05,05F0055S,05F0287S,42,0,0
2026/07/19 16:05,05F0055S,05F0287S,5,0,0
2026/07/19 16:05,05F0287S,05F0309S,31,87,107
2026/07/19 16:05,05F0287S,05F0309S,32,89,26
2026/07/19 16:05,05F0287S,05F0309S,41,92,6
2026/07/19 16:05,05F0287S,05F0309S,42,0,0
2026/07/19 16:05,05F0287S,05F0309S,5,0,0
2026/07/19 16:05,05F0309S,05F0439S,31,476,40
2026/07/19 16:05,05F0309S,05F0439S,32,465,16
2026/07/19 16:05,05F0309S,05F0439S,41,0,0
2026/07/19 16:05,05F0309S,05F0439S,42,1484,1
2026/07/19 16:05,05F0309S,05F0439S,5,544,1
2026/07/19 16:05,05F0439S,05F0494S,31,212,30
2026/07/19 16:05,05F0439S,05F0494S,32,209,10
2026/07/19 16:05,05F0439S,05F0494S,41,0,0
2026/07/19 16:05,05F0439S,05F0494S,42,0,0
2026/07/19 16:05,05F0439S,05F0494S,5,0,0
2026/07/19 16:10,05F0000S,05F0055S,31,274,125
2026/07/19 16:10,05F0000S,05F0055S,32,276,27
2026/07/19 16:10,05F0000S,05F0055S,41,697,2
2026/07/19 16:10,05F0000S,05F0055S,42,0,0
2026/07/19 16:10,05F0000S,05F0055S,5,0,0
2026/07/19 16:10,05F0055S,05F0287S,31,1079,150
2026/07/19 16:10,05F0055S,05F0287S,32,1104,35
2026/07/19 16:10,05F0055S,05F0287S,41,1137,3
2026/07/19 16:10,05F0055S,05F0287S,42,0,0
2026/07/19 16:10,05F0055S,05F0287S,5,0,0
2026/07/19 16:10,05F0287S,05F0309S,31,87,102
2026/07/19 16:10,05F0287S,05F0309S,32,87,20
2026/07/19 16:10,05F0287S,05F0309S,41,96,7
2026/07/19 16:10,05F0287S,05F0309S,42,0,0
2026/07/19 16:10,05F0287S,05F0309S,5,0,0
2026/07/19 16:10,05F0309S,05F0439S,31,476,45
2026/07/19 16:10,05F0309S,05F0439S,32,484,4
2026/07/19 16:10,05F0309S,05F0439S,41,531,2
2026/07/19 16:10,05F0309S,05F0439S,42,0,0
2026/07/19 16:10,05F0309S,05F0439S,5,0,0
2026/07/19 16:10,05F0439S,05F0494S,31,204,26
2026/07/19 16:10,05F0439S,05F0494S,32,196,8
2026/07/19 16:10,05F0439S,05F0494S,41,2244,1
2026/07/19 16:10,05F0439S,05F0494S,42,0,0
2026/07/19 16:10,05F0439S,05F0494S,5,232,1
2026/07/19 16:15,05F0000S,05F0055S,31,255,102
2026/07/19 16:15,05F0000S,05F0055S,32,253,12
2026/07/19 16:15,05F0000S,05F0055S,41,265,7
2026/07/19 16:15,05F0000S,05F0055S,42,0,0
2026/07/19 16:15,05F0000S,05F0055S,5,0,0
2026/07/19 16:15,05F0055S,05F0287S,31,1049,125
2026/07/19 16:15,05F0055S,05F0287S,32,1055,30
2026/07/19 16:15,05F0055S,05F0287S,41,1076,7
2026/07/19 16:15,05F0055S,05F0287S,42,0,0
2026/07/19 16:15,05F0055S,05F0287S,5,0,0
2026/07/19 16:15,05F0287S,05F0309S,31,87,85
2026/07/19 16:15,05F0287S,05F0309S,32,88,21
2026/07/19 16:15,05F0287S,05F0309S,41,93,5
2026/07/19 16:15,05F0287S,05F0309S,42,0,0
2026/07/19 16:15,05F0287S,05F0309S,5,0,0
2026/07/19 16:15,05F0309S,05F0439S,31,477,63
2026/07/19 16:15,05F0309S,05F0439S,32,491,24
2026/07/19 16:15,05F0309S,05F0439S,41,525,5
2026/07/19 16:15,05F0309S,05F0439S,42,0,0
2026/07/19 16:15,05F0309S,05F0439S,5,0,0
2026/07/19 16:15,05F0439S,05F0494S,31,203,34
2026/07/19 16:15,05F0439S,05F0494S,32,204,12
2026/07/19 16:15,05F0439S,05F0494S,41,0,0
2026/07/19 16:15,05F0439S,05F0494S,42,0,0
2026/07/19 16:15,05F0439S,05F0494S,5,0,0
2026/07/19 16:20,05F0000S,05F0055S,31,261,125
2026/07/19 16:20,05F0000S,05F0055S,32,269,24
2026/07/19 16:20,05F0000S,05F0055S,41,261,4
2026/07/19 16:20,05F0000S,05F0055S,42,0,0
2026/07/19 16:20,05F0000S,05F0055S,5,0,0
2026/07/19 16:20,05F0055S,05F0287S,31,1063,126
2026/07/19 16:20,05F0055S,05F0287S,32,1069,31
2026/07/19 16:20,05F0055S,05F0287S,41,1070,8
2026/07/19 16:20,05F0055S,05F0287S,42,0,0
2026/07/19 16:20,05F0055S,05F0287S,5,0,0
2026/07/19 16:20,05F0287S,05F0309S,31,85,85
2026/07/19 16:20,05F0287S,05F0309S,32,86,22
2026/07/19 16:20,05F0287S,05F0309S,41,93,6
2026/07/19 16:20,05F0287S,05F0309S,42,0,0
2026/07/19 16:20,05F0287S,05F0309S,5,0,0
2026/07/19 16:20,05F0309S,05F0439S,31,476,60
2026/07/19 16:20,05F0309S,05F0439S,32,469,12
2026/07/19 16:20,05F0309S,05F0439S,41,543,1
2026/07/19 16:20,05F0309S,05F0439S,42,0,0
2026/07/19 16:20,05F0309S,05F0439S,5,491,1
2026/07/19 16:20,05F0439S,05F0494S,31,200,42
2026/07/19 16:20,05F0439S,05F0494S,32,206,13
2026/07/19 16:20,05F0439S,05F0494S,41,0,0
2026/07/19 16:20,05F0439S,05F0494S,42,0,0
2026/07/19 16:20,05F0439S,05F0494S,5,205,1
2026/07/19 16:25,05F0000S,05F0055S,31,255,112
2026/07/19 16:25,05F0000S,05F0055S,32,264,21
2026/07/19 16:25,05F0000S,05F0055S,41,256,6
2026/07/19 16:25,05F0000S,05F0055S,42,0,0
2026/07/19 16:25,05F0000S,05F0055S,5,0,0
2026/07/19 16:25,05F0055S,05F0287S,31,1072,133
2026/07/19 16:25,05F0055S,05F0287S,32,1074,30
2026/07/19 16:25,05F0055S,05F0287S,41,1079,4
2026/07/19 16:25,05F0055S,05F0287S,42,0,0
2026/07/19 16:25,05F0055S,05F0287S,5,0,0
2026/07/19 16:25,05F0287S,05F0309S,31,87,89
2026/07/19 16:25,05F0287S,05F0309S,32,87,21
2026/07/19 16:25,05F0287S,05F0309S,41,92,3
2026/07/19 16:25,05F0287S,05F0309S,42,0,0
2026/07/19 16:25,05F0287S,05F0309S,5,0,0
2026/07/19 16:25,05F0309S,05F0439S,31,478,43
2026/07/19 16:25,05F0309S,05F0439S,32,463,10
2026/07/19 16:25,05F0309S,05F0439S,41,524,5
2026/07/19 16:25,05F0309S,05F0439S,42,0,0
2026/07/19 16:25,05F0309S,05F0439S,5,0,0
2026/07/19 16:25,05F0439S,05F0494S,31,196,21
2026/07/19 16:25,05F0439S,05F0494S,32,183,5
2026/07/19 16:25,05F0439S,05F0494S,41,0,0
2026/07/19 16:25,05F0439S,05F0494S,42,0,0
2026/07/19 16:25,05F0439S,05F0494S,5,0,0
2026/07/19 16:30,05F0000S,05F0055S,31,252,104
2026/07/19 16:30,05F0000S,05F0055S,32,258,25
2026/07/19 16:30,05F0000S,05F0055S,41,253,4
2026/07/19 16:30,05F0000S,05F0055S,42,0,0
2026/07/19 16:30,05F0000S,05F0055S,5,0,0
2026/07/19 16:30,05F0055S,05F0287S,31,1030,154
2026/07/19 16:30,05F0055S,05F0287S,32,1035,20
2026/07/19 16:30,05F0055S,05F0287S,41,1055,3
2026/07/19 16:30,05F0055S,05F0287S,42,0,0
2026/07/19 16:30,05F0055S,05F0287S,5,0,0
2026/07/19 16:30,05F0287S,05F0309S,31,88,123
2026/07/19 16:30,05F0287S,05F0309S,32,88,17
2026/07/19 16:30,05F0287S,05F0309S,41,97,3
2026/07/19 16:30,05F0287S,05F0309S,42,0,0
2026/07/19 16:30,05F0287S,05F0309S,5,0,0
2026/07/19 16:30,05F0309S,05F0439S,31,485,51
2026/07/19 16:30,05F0309S,05F0439S,32,464,11
2026/07/19 16:30,05F0309S,05F0439S,41,526,3
2026/07/19 16:30,05F0309S,05F0439S,42,534,1
2026/07/19 16:30,05F0309S,05F0439S,5,487,2
2026/07/19 16:30,05F0439S,05F0494S,31,210,19
2026/07/19 16:30,05F0439S,05F0494S,32,204,4
2026/07/19 16:30,05F0439S,05F0494S,41,0,0
2026/07/19 16:30,05F0439S,05F0494S,42,0,0
2026/07/19 16:30,05F0439S,05F0494S,5,207,2
2026/07/19 16:35,05F0000S,05F0055S,31,249,100
2026/07/19 16:35,05F0000S,05F0055S,32,248,18
2026/07/19 16:35,05F0000S,05F0055S,41,259,2
2026/07/19 16:35,05F0000S,05F0055S,42,0,0
2026/07/19 16:35,05F0000S,05F0055S,5,0,0
2026/07/19 16:35,05F0055S,05F0287S,31,1013,91
2026/07/19 16:35,05F0055S,05F0287S,32,1011,18
2026/07/19 16:35,05F0055S,05F0287S,41,1048,8
2026/07/19 16:35,05F0055S,05F0287S,42,0,0
2026/07/19 16:35,05F0055S,05F0287S,5,0,0
2026/07/19 16:35,05F0287S,05F0309S,31,84,60
2026/07/19 16:35,05F0287S,05F0309S,32,85,12
2026/07/19 16:35,05F0287S,05F0309S,41,94,5
2026/07/19 16:35,05F0287S,05F0309S,42,0,0
2026/07/19 16:35,05F0287S,05F0309S,5,0,0
2026/07/19 16:35,05F0309S,05F0439S,31,483,65
2026/07/19 16:35,05F0309S,05F0439S,32,480,13
2026/07/19 16:35,05F0309S,05F0439S,41,0,0
2026/07/19 16:35,05F0309S,05F0439S,42,0,0
2026/07/19 16:35,05F0309S,05F0439S,5,0,0
2026/07/19 16:35,05F0439S,05F0494S,31,204,34
2026/07/19 16:35,05F0439S,05F0494S,32,212,7
2026/07/19 16:35,05F0439S,05F0494S,41,266,1
2026/07/19 16:35,05F0439S,05F0494S,42,0,0
2026/07/19 16:35,05F0439S,05F0494S,5,0,0
2026/07/19 16:40,05F0000S,05F0055S,31,251,77
2026/07/19 16:40,05F0000S,05F0055S,32,253,20
2026/07/19 16:40,05F0000S,05F0055S,41,258,8
2026/07/19 16:40,05F0000S,05F0055S,42,0,0
2026/07/19 16:40,05F0000S,05F0055S,5,0,0
2026/07/19 16:40,05F0055S,05F0287S,31,1018,145
2026/07/19 16:40,05F0055S,05F0287S,32,1022,28
2026/07/19 16:40,05F0055S,05F0287S,41,1018,7
2026/07/19 16:40,05F0055S,05F0287S,42,0,0
2026/07/19 16:40,05F0055S,05F0287S,5,0,0
2026/07/19 16:40,05F0287S,05F0309S,31,86,98
2026/07/19 16:40,05F0287S,05F0309S,32,85,17
2026/07/19 16:40,05F0287S,05F0309S,41,97,4
2026/07/19 16:40,05F0287S,05F0309S,42,0,0
2026/07/19 16:40,05F0287S,05F0309S,5,0,0
2026/07/19 16:40,05F0309S,05F0439S,31,472,68
2026/07/19 16:40,05F0309S,05F0439S,32,482,10
2026/07/19 16:40,05F0309S,05F0439S,41,520,2
2026/07/19 16:40,05F0309S,05F0439S,42,0,0
2026/07/19 16:40,05F0309S,05F0439S,5,509,1
2026/07/19 16:40,05F0439S,05F0494S,31,201,45
2026/07/19 16:40,05F0439S,05F0494S,32,201,11
2026/07/19 16:40,05F0439S,05F0494S,41,0,0
2026/07/19 16:40,05F0439S,05F0494S,42,0,0
2026/07/19 16:40,05F0439S,05F0494S,5,209,1
2026/07/19 16:45,05F0000S,05F0055S,31,253,97
2026/07/19 16:45,05F0000S,05F0055S,32,254,35
2026/07/19 16:45,05F0000S,05F0055S,41,262,8
2026/07/19 16:45,05F0000S,05F0055S,42,0,0
2026/07/19 16:45,05F0000S,05F0055S,5,0,0
2026/07/19 16:45,05F0055S,05F0287S,31,999,109
2026/07/19 16:45,05F0055S,05F0287S,32,1005,28
2026/07/19 16:45,05F0055S,05F0287S,41,1045,4
2026/07/19 16:45,05F0055S,05F0287S,42,0,0
2026/07/19 16:45,05F0055S,05F0287S,5,0,0
2026/07/19 16:45,05F0287S,05F0309S,31,88,75
2026/07/19 16:45,05F0287S,05F0309S,32,87,21
2026/07/19 16:45,05F0287S,05F0309S,41,93,7
2026/07/19 16:45,05F0287S,05F0309S,42,0,0
2026/07/19 16:45,05F0287S,05F0309S,5,0,0
2026/07/19 16:45,05F0309S,05F0439S,31,469,44
2026/07/19 16:45,05F0309S,05F0439S,32,459,11
2026/07/19 16:45,05F0309S,05F0439S,41,528,4
2026/07/19 16:45,05F0309S,05F0439S,42,569,1
2026/07/19 16:45,05F0309S,05F0439S,5,0,0
2026/07/19 16:45,05F0439S,05F0494S,31,197,29
2026/07/19 16:45,05F0439S,05F0494S,32,191,6
2026/07/19 16:45,05F0439S,05F0494S,41,0,0
2026/07/19 16:45,05F0439S,05F0494S,42,0,0
2026/07/19 16:45,05F0439S,05F0494S,5,0,0
2026/07/19 16:50,05F0000S,05F0055S,31,249,91
2026/07/19 16:50,05F0000S,05F0055S,32,250,31
2026/07/19 16:50,05F0000S,05F0055S,41,252,3
2026/07/19 16:50,05F0000S,05F0055S,42,0,0
2026/07/19 16:50,05F0000S,05F0055S,5,0,0
2026/07/19 16:50,05F0055S,05F0287S,31,1002,111
2026/07/19 16:50,05F0055S,05F0287S,32,1008,17
2026/07/19 16:50,05F0055S,05F0287S,41,1026,5
2026/07/19 16:50,05F0055S,05F0287S,42,0,0
2026/07/19 16:50,05F0055S,05F0287S,5,0,0
2026/07/19 16:50,05F0287S,05F0309S,31,85,68
2026/07/19 16:50,05F0287S,05F0309S,32,84,15
2026/07/19 16:50,05F0287S,05F0309S,41,90,6
2026/07/19 16:50,05F0287S,05F0309S,42,0,0
2026/07/19 16:50,05F0287S,05F0309S,5,0,0
2026/07/19 16:50,05F0309S,05F0439S,31,486,65
2026/07/19 16:50,05F0309S,05F0439S,32,507,9
2026/07/19 16:50,05F0309S,05F0439S,41,519,2
2026/07/19 16:50,05F0309S,05F0439S,42,544,1
2026/07/19 16:50,05F0309S,05F0439S,5,0,0
2026/07/19 16:50,05F0439S,05F0494S,31,201,36
2026/07/19 16:50,05F0439S,05F0494S,32,199,7
2026/07/19 16:50,05F0439S,05F0494S,41,222,2
2026/07/19 16:50,05F0439S,05F0494S,42,241,1
2026/07/19 16:50,05F0439S,05F0494S,5,0,0
2026/07/19 16:55,05F0000S,05F0055S,31,247,94
2026/07/19 16:55,05F0000S,05F0055S,32,246,25
2026/07/19 16:55,05F0000S,05F0055S,41,258,7
2026/07/19 16:55,05F0000S,05F0055S,42,0,0
2026/07/19 16:55,05F0000S,05F0055S,5,0,0
2026/07/19 16:55,05F0055S,05F0287S,31,974,86
2026/07/19 16:55,05F0055S,05F0287S,32,975,20
2026/07/19 16:55,05F0055S,05F0287S,41,1122,4
2026/07/19 16:55,05F0055S,05F0287S,42,0,0
2026/07/19 16:55,05F0055S,05F0287S,5,0,0
2026/07/19 16:55,05F0287S,05F0309S,31,87,88
2026/07/19 16:55,05F0287S,05F0309S,32,87,13
2026/07/19 16:55,05F0287S,05F0309S,41,88,1
2026/07/19 16:55,05F0287S,05F0309S,42,0,0
2026/07/19 16:55,05F0287S,05F0309S,5,0,0
2026/07/19 16:55,05F0309S,05F0439S,31,479,48
2026/07/19 16:55,05F0309S,05F0439S,32,478,20
2026/07/19 16:55,05F0309S,05F0439S,41,528,5
2026/07/19 16:55,05F0309S,05F0439S,42,0,0
2026/07/19 16:55,05F0309S,05F0439S,5,0,0
2026/07/19 16:55,05F0439S,05F0494S,31,204,36
2026/07/19 16:55,05F0439S,05F0494S,32,202,4
2026/07/19 16:55,05F0439S,05F0494S,41,0,0
2026/07/19 16:55,05F0439S,05F0494S,42,0,0
2026/07/19 16:55,05F0439S,05F0494S,5,0,0
2026/07/19 17:00,05F0000S,05F0055S,31,253,99
2026/07/19 17:00,05F0000S,05F0055S,32,255,23
2026/07/19 17:00,05F0000S,05F0055S,41,247,4
2026/07/19 17:00,05F0000S,05F0055S,42,0,0
2026/07/19 17:00,05F0000S,05F0055S,5,0,0
2026/07/19 17:00,05F0055S,05F0287S,31,1019,97
2026/07/19 17:00,05F0055S,05F0287S,32,1029,23
2026/07/19 17:00,05F0055S,05F0287S,41,1046,7
2026/07/19 17:00,05F0055S,05F0287S,42,0,0
2026/07/19 17:00,05F0055S,05F0287S,5,0,0
2026/07/19 17:00,05F0287S,05F0309S,31,87,70
2026/07/19 17:00,05F0287S,05F0309S,32,87,17
2026/07/19 17:00,05F0287S,05F0309S,41,92,6
2026/07/19 17:00,05F0287S,05F0309S,42,0,0
2026/07/19 17:00,05F0287S,05F0309S,5,0,0
2026/07/19 17:00,05F0309S,05F0439S,31,478,45
2026/07/19 17:00,05F0309S,05F0439S,32,492,8
2026/07/19 17:00,05F0309S,05F0439S,41,509,2
2026/07/19 17:00,05F0309S,05F0439S,42,0,0
2026/07/19 17:00,05F0309S,05F0439S,5,0,0
2026/07/19 17:00,05F0439S,05F0494S,31,201,24
2026/07/19 17:00,05F0439S,05F0494S,32,221,13
2026/07/19 17:00,05F0439S,05F0494S,41,0,0
2026/07/19 17:00,05F0439S,05F0494S,42,0,0
2026/07/19 17:00,05F0439S,05F0494S,5,0,0
2026/07/19 17:05,05F0000S,05F0055S,31,249,108
2026/07/19 17:05,05F0000S,05F0055S,32,250,31
2026/07/19 17:05,05F0000S,05F0055S,41,257,6
2026/07/19 17:05,05F0000S,05F0055S,42,0,0
2026/07/19 17:05,05F0000S,05F0055S,5,0,0
2026/07/19 17:05,05F0055S,05F0287S,31,998,94
2026/07/19 17:05,05F0055S,05F0287S,32,997,42
2026/07/19 17:05,05F0055S,05F0287S,41,1055,9
2026/07/19 17:05,05F0055S,05F0287S,42,0,0
2026/07/19 17:05,05F0055S,05F0287S,5,0,0
2026/07/19 17:05,05F0287S,05F0309S,31,88,70
2026/07/19 17:05,05F0287S,05F0309S,32,89,31
2026/07/19 17:05,05F0287S,05F0309S,41,93,8
2026/07/19 17:05,05F0287S,05F0309S,42,0,0
2026/07/19 17:05,05F0287S,05F0309S,5,0,0
2026/07/19 17:05,05F0309S,05F0439S,31,467,41
2026/07/19 17:05,05F0309S,05F0439S,32,484,7
2026/07/19 17:05,05F0309S,05F0439S,41,508,1
2026/07/19 17:05,05F0309S,05F0439S,42,0,0
2026/07/19 17:05,05F0309S,05F0439S,5,0,0
2026/07/19 17:05,05F0439S,05F0494S,31,207,38
2026/07/19 17:05,05F0439S,05F0494S,32,207,8
2026/07/19 17:05,05F0439S,05F0494S,41,0,0
2026/07/19 17:05,05F0439S,05F0494S,42,0,0
2026/07/19 17:05,05F0439S,05F0494S,5,0,0
2026/07/19 17:10,05F0000S,05F0055S,31,246,97
2026/07/19 17:10,05F0000S,05F0055S,32,245,20
2026/07/19 17:10,05F0000S,05F0055S,41,244,4
2026/07/19 17:10,05F0000S,05F0055S,42,0,0
2026/07/19 17:10,05F0000S,05F0055S,5,0,0
2026/07/19 17:10,05F0055S,05F0287S,31,999,98
2026/07/19 17:10,05F0055S,05F0287S,32,983,30
2026/07/19 17:10,05F0055S,05F0287S,41,1052,3
2026/07/19 17:10,05F0055S,05F0287S,42,0,0
2026/07/19 17:10,05F0055S,05F0287S,5,0,0
2026/07/19 17:10,05F0287S,05F0309S,31,86,70
2026/07/19 17:10,05F0287S,05F0309S,32,89,19
2026/07/19 17:10,05F0287S,05F0309S,41,95,1
2026/07/19 17:10,05F0287S,05F0309S,42,0,0
2026/07/19 17:10,05F0287S,05F0309S,5,0,0
2026/07/19 17:10,05F0309S,05F0439S,31,480,40
2026/07/19 17:10,05F0309S,05F0439S,32,490,10
2026/07/19 17:10,05F0309S,05F0439S,41,517,4
2026/07/19 17:10,05F0309S,05F0439S,42,0,0
2026/07/19 17:10,05F0309S,05F0439S,5,0,0
2026/07/19 17:10,05F0439S,05F0494S,31,210,23
2026/07/19 17:10,05F0439S,05F0494S,32,213,7
2026/07/19 17:10,05F0439S,05F0494S,41,0,0
2026/07/19 17:10,05F0439S,05F0494S,42,0,0
2026/07/19 17:10,05F0439S,05F0494S,5,262,1
2026/07/19 17:15,05F0000S,05F0055S,31,242,75
2026/07/19 17:15,05F0000S,05F0055S,32,240,16
2026/07/19 17:15,05F0000S,05F0055S,41,250,9
2026/07/19 17:15,05F0000S,05F0055S,42,0,0
2026/07/19 17:15,05F0000S,05F0055S,5,0,0
2026/07/19 17:15,05F0055S,05F0287S,31,982,100
2026/07/19 17:15,05F0055S,05F0287S,32,984,31
2026/07/19 17:15,05F0055S,05F0287S,41,1011,6
2026/07/19 17:15,05F0055S,05F0287S,42,0,0
2026/07/19 17:15,05F0055S,05F0287S,5,0,0
2026/07/19 17:15,05F0287S,05F0309S,31,87,84
2026/07/19 17:15,05F0287S,05F0309S,32,87,25
2026/07/19 17:15,05F0287S,05F0309S,41,91,5
2026/07/19 17:15,05F0287S,05F0309S,42,0,0
2026/07/19 17:15,05F0287S,05F0309S,5,0,0
2026/07/19 17:15,05F0309S,05F0439S,31,469,39
2026/07/19 17:15,05F0309S,05F0439S,32,490,18
2026/07/19 17:15,05F0309S,05F0439S,41,526,6
2026/07/19 17:15,05F0309S,05F0439S,42,0,0
2026/07/19 17:15,05F0309S,05F0439S,5,0,0
2026/07/19 17:15,05F0439S,05F0494S,31,197,29
2026/07/19 17:15,05F0439S,05F0494S,32,204,10
2026/07/19 17:15,05F0439S,05F0494S,41,0,0
2026/07/19 17:15,05F0439S,05F0494S,42,0,0
2026/07/19 17:15,05F0439S,05F0494S,5,0,0
2026/07/19 17:20,05F0000S,05F0055S,31,241,97
2026/07/19 17:20,05F0000S,05F0055S,32,245,18
2026/07/19 17:20,05F0000S,05F0055S,41,235,2
2026/07/19 17:20,05F0000S,05F0055S,42,0,0
2026/07/19 17:20,05F0000S,05F0055S,5,0,0
2026/07/19 17:20,05F0055S,05F0287S,31,1008,93
2026/07/19 17:20,05F0055S,05F0287S,32,1002,26
2026/07/19 17:20,05F0055S,05F0287S,41,1065,4
2026/07/19 17:20,05F0055S,05F0287S,42,0,0
2026/07/19 17:20,05F0055S,05F0287S,5,0,0
2026/07/19 17:20,05F0287S,05F0309S,31,85,62
2026/07/19 17:20,05F0287S,05F0309S,32,86,18
2026/07/19 17:20,05F0287S,05F0309S,41,94,1
2026/07/19 17:20,05F0287S,05F0309S,42,0,0
2026/07/19 17:20,05F0287S,05F0309S,5,0,0
2026/07/19 17:20,05F0309S,05F0439S,31,471,51
2026/07/19 17:20,05F0309S,05F0439S,32,485,15
2026/07/19 17:20,05F0309S,05F0439S,41,0,0
2026/07/19 17:20,05F0309S,05F0439S,42,0,0
2026/07/19 17:20,05F0309S,05F0439S,5,0,0
2026/07/19 17:20,05F0439S,05F0494S,31,208,24
2026/07/19 17:20,05F0439S,05F0494S,32,206,9
2026/07/19 17:20,05F0439S,05F0494S,41,226,1
2026/07/19 17:20,05F0439S,05F0494S,42,0,0
2026/07/19 17:20,05F0439S,05F0494S,5,0,0
2026/07/19 17:25,05F0000S,05F0055S,31,253,94
2026/07/19 17:25,05F0000S,05F0055S,32,244,26
2026/07/19 17:25,05F0000S,05F0055S,41,248,5
2026/07/19 17:25,05F0000S,05F0055S,42,0,0
2026/07/19 17:25,05F0000S,05F0055S,5,0,0
2026/07/19 17:25,05F0055S,05F0287S,31,1002,109
2026/07/19 17:25,05F0055S,05F0287S,32,985,27
2026/07/19 17:25,05F0055S,05F0287S,41,1031,6
2026/07/19 17:25,05F0055S,05F0287S,42,0,0
2026/07/19 17:25,05F0055S,05F0287S,5,0,0
2026/07/19 17:25,05F0287S,05F0309S,31,88,91
2026/07/19 17:25,05F0287S,05F0309S,32,88,25
2026/07/19 17:25,05F0287S,05F0309S,41,95,7
2026/07/19 17:25,05F0287S,05F0309S,42,0,0
2026/07/19 17:25,05F0287S,05F0309S,5,0,0
2026/07/19 17:25,05F0309S,05F0439S,31,464,43
2026/07/19 17:25,05F0309S,05F0439S,32,476,8
2026/07/19 17:25,05F0309S,05F0439S,41,529,3
2026/07/19 17:25,05F0309S,05F0439S,42,0,0
2026/07/19 17:25,05F0309S,05F0439S,5,0,0
2026/07/19 17:25,05F0439S,05F0494S,31,199,21
2026/07/19 17:25,05F0439S,05F0494S,32,210,8
2026/07/19 17:25,05F0439S,05F0494S,41,871,1
2026/07/19 17:25,05F0439S,05F0494S,42,0,0
2026/07/19 17:25,05F0439S,05F0494S,5,0,0
2026/07/19 17:30,05F0000S,05F0055S,31,251,92
2026/07/19 17:30,05F0000S,05F0055S,32,250,22
2026/07/19 17:30,05F0000S,05F0055S,41,899,8
2026/07/19 17:30,05F0000S,05F0055S,42,0,0
2026/07/19 17:30,05F0000S,05F0055S,5,0,0
2026/07/19 17:30,05F0055S,05F0287S,31,979,109
2026/07/19 17:30,05F0055S,05F0287S,32,975,22
2026/07/19 17:30,05F0055S,05F0287S,41,1017,8
2026/07/19 17:30,05F0055S,05F0287S,42,0,0
2026/07/19 17:30,05F0055S,05F0287S,5,0,0
2026/07/19 17:30,05F0287S,05F0309S,31,86,92
2026/07/19 17:30,05F0287S,05F0309S,32,85,17
2026/07/19 17:30,05F0287S,05F0309S,41,92,5
2026/07/19 17:30,05F0287S,05F0309S,42,0,0
2026/07/19 17:30,05F0287S,05F0309S,5,0,0
2026/07/19 17:30,05F0309S,05F0439S,31,473,56
2026/07/19 17:30,05F0309S,05F0439S,32,473,13
2026/07/19 17:30,05F0309S,05F0439S,41,529,1
2026/07/19 17:30,05F0309S,05F0439S,42,0,0
2026/07/19 17:30,05F0309S,05F0439S,5,0,0
2026/07/19 17:30,05F0439S,05F0494S,31,199,25
2026/07/19 17:30,05F0439S,05F0494S,32,179,3
2026/07/19 17:30,05F0439S,05F0494S,41,0,0
2026/07/19 17:30,05F0439S,05F0494S,42,0,0
2026/07/19 17:30,05F0439S,05F0494S,5,0,0
2026/07/19 17:35,05F0000S,05F0055S,31,258,95
2026/07/19 17:35,05F0000S,05F0055S,32,265,18
2026/07/19 17:35,05F0000S,05F0055S,41,255,4
2026/07/19 17:35,05F0000S,05F0055S,42,0,0
2026/07/19 17:35,05F0000S,05F0055S,5,0,0
2026/07/19 17:35,05F0055S,05F0287S,31,975,85
2026/07/19 17:35,05F0055S,05F0287S,32,974,17
2026/07/19 17:35,05F0055S,05F0287S,41,1012,3
2026/07/19 17:35,05F0055S,05F0287S,42,0,0
2026/07/19 17:35,05F0055S,05F0287S,5,0,0
2026/07/19 17:35,05F0287S,05F0309S,31,85,59
2026/07/19 17:35,05F0287S,05F0309S,32,87,8
2026/07/19 17:35,05F0287S,05F0309S,41,97,4
2026/07/19 17:35,05F0287S,05F0309S,42,0,0
2026/07/19 17:35,05F0287S,05F0309S,5,0,0
2026/07/19 17:35,05F0309S,05F0439S,31,470,48
2026/07/19 17:35,05F0309S,05F0439S,32,479,18
2026/07/19 17:35,05F0309S,05F0439S,41,525,4
2026/07/19 17:35,05F0309S,05F0439S,42,0,0
2026/07/19 17:35,05F0309S,05F0439S,5,0,0
2026/07/19 17:35,05F0439S,05F0494S,31,202,23
2026/07/19 17:35,05F0439S,05F0494S,32,196,9
2026/07/19 17:35,05F0439S,05F0494S,41,0,0
2026/07/19 17:35,05F0439S,05F0494S,42,0,0
2026/07/19 17:35,05F0439S,05F0494S,5,0,0
2026/07/19 17:40,05F0000S,05F0055S,31,249,82
2026/07/19 17:40,05F0000S,05F0055S,32,250,25
2026/07/19 17:40,05F0000S,05F0055S,41,259,8
2026/07/19 17:40,05F0000S,05F0055S,42,0,0
2026/07/19 17:40,05F0000S,05F0055S,5,0,0
2026/07/19 17:40,05F0055S,05F0287S,31,986,117
2026/07/19 17:40,05F0055S,05F0287S,32,976,26
2026/07/19 17:40,05F0055S,05F0287S,41,1028,4
2026/07/19 17:40,05F0055S,05F0287S,42,0,0
2026/07/19 17:40,05F0055S,05F0287S,5,0,0
2026/07/19 17:40,05F0287S,05F0309S,31,88,83
2026/07/19 17:40,05F0287S,05F0309S,32,89,17
2026/07/19 17:40,05F0287S,05F0309S,41,88,1
2026/07/19 17:40,05F0287S,05F0309S,42,0,0
2026/07/19 17:40,05F0287S,05F0309S,5,0,0
2026/07/19 17:40,05F0309S,05F0439S,31,478,36
2026/07/19 17:40,05F0309S,05F0439S,32,460,12
2026/07/19 17:40,05F0309S,05F0439S,41,520,2
2026/07/19 17:40,05F0309S,05F0439S,42,524,1
2026/07/19 17:40,05F0309S,05F0439S,5,0,0
2026/07/19 17:40,05F0439S,05F0494S,31,203,25
2026/07/19 17:40,05F0439S,05F0494S,32,203,6
2026/07/19 17:40,05F0439S,05F0494S,41,224,1
2026/07/19 17:40,05F0439S,05F0494S,42,0,0
2026/07/19 17:40,05F0439S,05F0494S,5,0,0
2026/07/19 17:45,05F0000S,05F0055S,31,250,82
2026/07/19 17:45,05F0000S,05F0055S,32,253,18
2026/07/19 17:45,05F0000S,05F0055S,41,263,5
2026/07/19 17:45,05F0000S,05F0055S,42,0,0
2026/07/19 17:45,05F0000S,05F0055S,5,0,0
2026/07/19 17:45,05F0055S,05F0287S,31,996,95
2026/07/19 17:45,05F0055S,05F0287S,32,994,22
2026/07/19 17:45,05F0055S,05F0287S,41,1033,10
2026/07/19 17:45,05F0055S,05F0287S,42,0,0
2026/07/19 17:45,05F0055S,05F0287S,5,0,0
2026/07/19 17:45,05F0287S,05F0309S,31,84,85
2026/07/19 17:45,05F0287S,05F0309S,32,86,15
2026/07/19 17:45,05F0287S,05F0309S,41,97,3
2026/07/19 17:45,05F0287S,05F0309S,42,0,0
2026/07/19 17:45,05F0287S,05F0309S,5,0,0
2026/07/19 17:45,05F0309S,05F0439S,31,474,42
2026/07/19 17:45,05F0309S,05F0439S,32,494,4
2026/07/19 17:45,05F0309S,05F0439S,41,519,2
2026/07/19 17:45,05F0309S,05F0439S,42,0,0
2026/07/19 17:45,05F0309S,05F0439S,5,0,0
2026/07/19 17:45,05F0439S,05F0494S,31,208,26
2026/07/19 17:45,05F0439S,05F0494S,32,197,5
2026/07/19 17:45,05F0439S,05F0494S,41,0,0
2026/07/19 17:45,05F0439S,05F0494S,42,0,0
2026/07/19 17:45,05F0439S,05F0494S,5,0,0
2026/07/19 17:50,05F0000S,05F0055S,31,248,49
2026/07/19 17:50,05F0000S,05F0055S,32,251,26
2026/07/19 17:50,05F0000S,05F0055S,41,249,4
2026/07/19 17:50,05F0000S,05F0055S,42,0,0
2026/07/19 17:50,05F0000S,05F0055S,5,0,0
2026/07/19 17:50,05F0055S,05F0287S,31,981,98
2026/07/19 17:50,05F0055S,05F0287S,32,1000,17
2026/07/19 17:50,05F0055S,05F0287S,41,1031,3
2026/07/19 17:50,05F0055S,05F0287S,42,0,0
2026/07/19 17:50,05F0055S,05F0287S,5,0,0
2026/07/19 17:50,05F0287S,05F0309S,31,85,67
2026/07/19 17:50,05F0287S,05F0309S,32,86,20
2026/07/19 17:50,05F0287S,05F0309S,41,91,8
2026/07/19 17:50,05F0287S,05F0309S,42,0,0
2026/07/19 17:50,05F0287S,05F0309S,5,0,0
2026/07/19 17:50,05F0309S,05F0439S,31,475,50
2026/07/19 17:50,05F0309S,05F0439S,32,483,10
2026/07/19 17:50,05F0309S,05F0439S,41,508,1
2026/07/19 17:50,05F0309S,05F0439S,42,0,0
2026/07/19 17:50,05F0309S,05F0439S,5,0,0
2026/07/19 17:50,05F0439S,05F0494S,31,202,32
2026/07/19 17:50,05F0439S,05F0494S,32,212,3
2026/07/19 17:50,05F0439S,05F0494S,41,0,0
2026/07/19 17:50,05F0439S,05F0494S,42,0,0
2026/07/19 17:50,05F0439S,05F0494S,5,0,0
2026/07/19 17:55,05F0000S,05F0055S,31,253,99
2026/07/19 17:55,05F0000S,05F0055S,32,252,16
2026/07/19 17:55,05F0000S,05F0055S,41,253,7
2026/07/19 17:55,05F0000S,05F0055S,42,0,0
2026/07/19 17:55,05F0000S,05F0055S,5,0,0
2026/07/19 17:55,05F0055S,05F0287S,31,1014,107
2026/07/19 17:55,05F0055S,05F0287S,32,1017,31
2026/07/19 17:55,05F0055S,05F0287S,41,1047,8
2026/07/19 17:55,05F0055S,05F0287S,42,0,0
2026/07/19 17:55,05F0055S,05F0287S,5,0,0
2026/07/19 17:55,05F0287S,05F0309S,31,86,79
2026/07/19 17:55,05F0287S,05F0309S,32,91,24
2026/07/19 17:55,05F0287S,05F0309S,41,93,4
2026/07/19 17:55,05F0287S,05F0309S,42,0,0
2026/07/19 17:55,05F0287S,05F0309S,5,0,0
2026/07/19 17:55,05F0309S,05F0439S,31,477,42
2026/07/19 17:55,05F0309S,05F0439S,32,453,11
2026/07/19 17:55,05F0309S,05F0439S,41,520,7
2026/07/19 17:55,05F0309S,05F0439S,42,0,0
2026/07/19 17:55,05F0309S,05F0439S,5,0,0
2026/07/19 17:55,05F0439S,05F0494S,31,215,19
2026/07/19 17:55,05F0439S,05F0494S,32,210,6
2026/07/19 17:55,05F0439S,05F0494S,41,0,0
2026/07/19 17:55,05F0439S,05F0494S,42,0,0
2026/07/19 17:55,05F0439S,05F0494S,5,0,0
2026/07/19 18:00,05F0000S,05F0055S,31,249,69
2026/07/19 18:00,05F0000S,05F0055S,32,255,12
2026/07/19 18:00,05F0000S,05F0055S,41,264,3
2026/07/19 18:00,05F0000S,05F0055S,42,0,0
2026/07/19 18:00,05F0000S,05F0055S,5,0,0
2026/07/19 18:00,05F0055S,05F0287S,31,985,85
2026/07/19 18:00,05F0055S,05F0287S,32,991,19
2026/07/19 18:00,05F0055S,05F0287S,41,1023,3
2026/07/19 18:00,05F0055S,05F0287S,42,0,0
2026/07/19 18:00,05F0055S,05F0287S,5,0,0
2026/07/19 18:00,05F0287S,05F0309S,31,83,68
2026/07/19 18:00,05F0287S,05F0309S,32,85,20
2026/07/19 18:00,05F0287S,05F0309S,41,92,4
2026/07/19 18:00,05F0287S,05F0309S,42,0,0
2026/07/19 18:00,05F0287S,05F0309S,5,0,0
2026/07/19 18:00,05F0309S,05F0439S,31,464,33
2026/07/19 18:00,05F0309S,05F0439S,32,487,8
2026/07/19 18:00,05F0309S,05F0439S,41,506,1
2026/07/19 18:00,05F0309S,05F0439S,42,0,0
2026/07/19 18:00,05F0309S,05F0439S,5,0,0
2026/07/19 18:00,05F0439S,05F0494S,31,199,22
2026/07/19 18:00,05F0439S,05F0494S,32,190,2
2026/07/19 18:00,05F0439S,05F0494S,41,213,4
2026/07/19 18:00,05F0439S,05F0494S,42,0,0
2026/07/19 18:00,05F0439S,05F0494S,5,0,0
2026/07/19 18:05,05F0000S,05F0055S,31,251,99
2026/07/19 18:05,05F0000S,05F0055S,32,267,14
2026/07/19 18:05,05F0000S,05F0055S,41,261,5
2026/07/19 18:05,05F0000S,05F0055S,42,0,0
2026/07/19 18:05,05F0000S,05F0055S,5,0,0
2026/07/19 18:05,05F0055S,05F0287S,31,992,67
2026/07/19 18:05,05F0055S,05F0287S,32,996,25
2026/07/19 18:05,05F0055S,05F0287S,41,1057,7
2026/07/19 18:05,05F0055S,05F0287S,42,0,0
2026/07/19 18:05,05F0055S,05F0287S,5,0,0
2026/07/19 18:05,05F0287S,05F0309S,31,87,69
2026/07/19 18:05,05F0287S,05F0309S,32,91,20
2026/07/19 18:05,05F0287S,05F0309S,41,94,6
2026/07/19 18:05,05F0287S,05F0309S,42,0,0
2026/07/19 18:05,05F0287S,05F0309S,5,0,0
2026/07/19 18:05,05F0309S,05F0439S,31,469,51
2026/07/19 18:05,05F0309S,05F0439S,32,499,23
2026/07/19 18:05,05F0309S,05F0439S,41,523,3
2026/07/19 18:05,05F0309S,05F0439S,42,545,2
2026/07/19 18:05,05F0309S,05F0439S,5,0,0
2026/07/19 18:05,05F0439S,05F0494S,31,199,12
2026/07/19 18:05,05F0439S,05F0494S,32,216,9
2026/07/19 18:05,05F0439S,05F0494S,41,0,0
2026/07/19 18:05,05F0439S,05F0494S,42,221,1
2026/07/19 18:05,05F0439S,05F0494S,5,0,0
2026/07/19 18:10,05F0000S,05F0055S,31,251,86
2026/07/19 18:10,05F0000S,05F0055S,32,252,23
2026/07/19 18:10,05F0000S,05F0055S,41,258,6
2026/07/19 18:10,05F0000S,05F0055S,42,0,0
2026/07/19 18:10,05F0000S,05F0055S,5,0,0
2026/07/19 18:10,05F0055S,05F0287S,31,973,100
2026/07/19 18:10,05F0055S,05F0287S,32,984,21
2026/07/19 18:10,05F0055S,05F0287S,41,1000,6
2026/07/19 18:10,05F0055S,05F0287S,42,0,0
2026/07/19 18:10,05F0055S,05F0287S,5,0,0
2026/07/19 18:10,05F0287S,05F0309S,31,89,63
2026/07/19 18:10,05F0287S,05F0309S,32,90,20
2026/07/19 18:10,05F0287S,05F0309S,41,89,6
2026/07/19 18:10,05F0287S,05F0309S,42,0,0
2026/07/19 18:10,05F0287S,05F0309S,5,0,0
2026/07/19 18:10,05F0309S,05F0439S,31,468,51
2026/07/19 18:10,05F0309S,05F0439S,32,466,8
2026/07/19 18:10,05F0309S,05F0439S,41,530,3
2026/07/19 18:10,05F0309S,05F0439S,42,0,0
2026/07/19 18:10,05F0309S,05F0439S,5,0,0
2026/07/19 18:10,05F0439S,05F0494S,31,203,22
2026/07/19 18:10,05F0439S,05F0494S,32,215,8
2026/07/19 18:10,05F0439S,05F0494S,41,0,0
2026/07/19 18:10,05F0439S,05F0494S,42,227,2
2026/07/19 18:10,05F0439S,05F0494S,5,0,0
2026/07/19 18:15,05F0000S,05F0055S,31,248,85
2026/07/19 18:15,05F0000S,05F0055S,32,247,17
2026/07/19 18:15,05F0000S,05F0055S,41,251,4
2026/07/19 18:15,05F0000S,05F0055S,42,0,0
2026/07/19 18:15,05F0000S,05F0055S,5,0,0
2026/07/19 18:15,05F0055S,05F0287S,31,965,84
2026/07/19 18:15,05F0055S,05F0287S,32,958,9
2026/07/19 18:15,05F0055S,05F0287S,41,984,4
2026/07/19 18:15,05F0055S,05F0287S,42,0,0
2026/07/19 18:15,05F0055S,05F0287S,5,0,0
2026/07/19 18:15,05F0287S,05F0309S,31,86,85
2026/07/19 18:15,05F0287S,05F0309S,32,89,11
2026/07/19 18:15,05F0287S,05F0309S,41,91,1
2026/07/19 18:15,05F0287S,05F0309S,42,99,1
2026/07/19 18:15,05F0287S,05F0309S,5,0,0
2026/07/19 18:15,05F0309S,05F0439S,31,480,22
2026/07/19 18:15,05F0309S,05F0439S,32,483,17
2026/07/19 18:15,05F0309S,05F0439S,41,525,4
2026/07/19 18:15,05F0309S,05F0439S,42,536,1
2026/07/19 18:15,05F0309S,05F0439S,5,0,0
2026/07/19 18:15,05F0439S,05F0494S,31,204,25
2026/07/19 18:15,05F0439S,05F0494S,32,221,3
2026/07/19 18:15,05F0439S,05F0494S,41,230,1
2026/07/19 18:15,05F0439S,05F0494S,42,0,0
2026/07/19 18:15,05F0439S,05F0494S,5,0,0
2026/07/19 18:20,05F0000S,05F0055S,31,246,67
2026/07/19 18:20,05F0000S,05F0055S,32,245,18
2026/07/19 18:20,05F0000S,05F0055S,41,248,9
2026/07/19 18:20,05F0000S,05F0055S,42,0,0
2026/07/19 18:20,05F0000S,05F0055S,5,0,0
2026/07/19 18:20,05F0055S,05F0287S,31,994,80
2026/07/19 18:20,05F0055S,05F0287S,32,1014,13
2026/07/19 18:20,05F0055S,05F0287S,41,1049,2
2026/07/19 18:20,05F0055S,05F0287S,42,0,0
2026/07/19 18:20,05F0055S,05F0287S,5,0,0
2026/07/19 18:20,05F0287S,05F0309S,31,84,61
2026/07/19 18:20,05F0287S,05F0309S,32,88,11
2026/07/19 18:20,05F0287S,05F0309S,41,92,3
2026/07/19 18:20,05F0287S,05F0309S,42,0,0
2026/07/19 18:20,05F0287S,05F0309S,5,0,0
2026/07/19 18:20,05F0309S,05F0439S,31,479,57
2026/07/19 18:20,05F0309S,05F0439S,32,492,10
2026/07/19 18:20,05F0309S,05F0439S,41,506,1
2026/07/19 18:20,05F0309S,05F0439S,42,0,0
2026/07/19 18:20,05F0309S,05F0439S,5,0,0
2026/07/19 18:20,05F0439S,05F0494S,31,208,13
2026/07/19 18:20,05F0439S,05F0494S,32,203,9
2026/07/19 18:20,05F0439S,05F0494S,41,0,0
2026/07/19 18:20,05F0439S,05F0494S,42,226,1
2026/07/19 18:20,05F0439S,05F0494S,5,0,0
2026/07/19 18:25,05F0000S,05F0055S,31,255,88
2026/07/19 18:25,05F0000S,05F0055S,32,249,19
2026/07/19 18:25,05F0000S,05F0055S,41,264,5
2026/07/19 18:25,05F0000S,05F0055S,42,0,0
2026/07/19 18:25,05F0000S,05F0055S,5,0,0
2026/07/19 18:25,05F0055S,05F0287S,31,998,104
2026/07/19 18:25,05F0055S,05F0287S,32,999,28
2026/07/19 18:25,05F0055S,05F0287S,41,1038,8
2026/07/19 18:25,05F0055S,05F0287S,42,0,0
2026/07/19 18:25,05F0055S,05F0287S,5,0,0
2026/07/19 18:25,05F0287S,05F0309S,31,89,59
2026/07/19 18:25,05F0287S,05F0309S,32,87,21
2026/07/19 18:25,05F0287S,05F0309S,41,92,5
2026/07/19 18:25,05F0287S,05F0309S,42,0,0
2026/07/19 18:25,05F0287S,05F0309S,5,0,0
2026/07/19 18:25,05F0309S,05F0439S,31,471,34
2026/07/19 18:25,05F0309S,05F0439S,32,491,6
2026/07/19 18:25,05F0309S,05F0439S,41,0,0
2026/07/19 18:25,05F0309S,05F0439S,42,0,0
2026/07/19 18:25,05F0309S,05F0439S,5,0,0
2026/07/19 18:25,05F0439S,05F0494S,31,202,22
2026/07/19 18:25,05F0439S,05F0494S,32,204,4
2026/07/19 18:25,05F0439S,05F0494S,41,0,0
2026/07/19 18:25,05F0439S,05F0494S,42,0,0
2026/07/19 18:25,05F0439S,05F0494S,5,0,0
2026/07/19 18:30,05F0000S,05F0055S,31,250,84
2026/07/19 18:30,05F0000S,05F0055S,32,247,29
2026/07/19 18:30,05F0000S,05F0055S,41,257,8
2026/07/19 18:30,05F0000S,05F0055S,42,274,1
2026/07/19 18:30,05F0000S,05F0055S,5,0,0
2026/07/19 18:30,05F0055S,05F0287S,31,973,79
2026/07/19 18:30,05F0055S,05F0287S,32,983,18
2026/07/19 18:30,05F0055S,05F0287S,41,1008,5
2026/07/19 18:30,05F0055S,05F0287S,42,0,0
2026/07/19 18:30,05F0055S,05F0287S,5,0,0
2026/07/19 18:30,05F0287S,05F0309S,31,87,78
2026/07/19 18:30,05F0287S,05F0309S,32,86,22
2026/07/19 18:30,05F0287S,05F0309S,41,93,8
2026/07/19 18:30,05F0287S,05F0309S,42,0,0
2026/07/19 18:30,05F0287S,05F0309S,5,0,0
2026/07/19 18:30,05F0309S,05F0439S,31,479,37
2026/07/19 18:30,05F0309S,05F0439S,32,486,7
2026/07/19 18:30,05F0309S,05F0439S,41,507,2
2026/07/19 18:30,05F0309S,05F0439S,42,0,0
2026/07/19 18:30,05F0309S,05F0439S,5,583,1
2026/07/19 18:30,05F0439S,05F0494S,31,208,18
2026/07/19 18:30,05F0439S,05F0494S,32,3316,1
2026/07/19 18:30,05F0439S,05F0494S,41,0,0
2026/07/19 18:30,05F0439S,05F0494S,42,0,0
2026/07/19 18:30,05F0439S,05F0494S,5,0,0
2026/07/19 18:35,05F0000S,05F0055S,31,247,74
2026/07/19 18:35,05F0000S,05F0055S,32,250,18
2026/07/19 18:35,05F0000S,05F0055S,41,242,5
2026/07/19 18:35,05F0000S,05F0055S,42,0,0
2026/07/19 18:35,05F0000S,05F0055S,5,0,0
2026/07/19 18:35,05F0055S,05F0287S,31,1002,99
2026/07/19 18:35,05F0055S,05F0287S,32,1002,26
2026/07/19 18:35,05F0055S,05F0287S,41,1012,9
2026/07/19 18:35,05F0055S,05F0287S,42,0,0
2026/07/19 18:35,05F0055S,05F0287S,5,0,0
2026/07/19 18:35,05F0287S,05F0309S,31,84,64
2026/07/19 18:35,05F0287S,05F0309S,32,91,9
2026/07/19 18:35,05F0287S,05F0309S,41,89,2
2026/07/19 18:35,05F0287S,05F0309S,42,0,0
2026/07/19 18:35,05F0287S,05F0309S,5,0,0
2026/07/19 18:35,05F0309S,05F0439S,31,482,33
2026/07/19 18:35,05F0309S,05F0439S,32,487,15
2026/07/19 18:35,05F0309S,05F0439S,41,519,3
2026/07/19 18:35,05F0309S,05F0439S,42,0,0
2026/07/19 18:35,05F0309S,05F0439S,5,0,0
2026/07/19 18:35,05F0439S,05F0494S,31,199,17
2026/07/19 18:35,05F0439S,05F0494S,32,201,6
2026/07/19 18:35,05F0439S,05F0494S,41,0,0
2026/07/19 18:35,05F0439S,05F0494S,42,0,0
2026/07/19 18:35,05F0439S,05F0494S,5,247,1
2026/07/19 18:40,05F0000S,05F0055S,31,270,80
2026/07/19 18:40,05F0000S,05F0055S,32,288,14
2026/07/19 18:40,05F0000S,05F0055S,41,287,6
2026/07/19 18:40,05F0000S,05F0055S,42,0,0
2026/07/19 18:40,05F0000S,05F0055S,5,0,0
2026/07/19 18:40,05F0055S,05F0287S,31,983,67
2026/07/19 18:40,05F0055S,05F0287S,32,984,15
2026/07/19 18:40,05F0055S,05F0287S,41,1036,5
2026/07/19 18:40,05F0055S,05F0287S,42,0,0
2026/07/19 18:40,05F0055S,05F0287S,5,0,0
2026/07/19 18:40,05F0287S,05F0309S,31,89,59
2026/07/19 18:40,05F0287S,05F0309S,32,91,16
2026/07/19 18:40,05F0287S,05F0309S,41,91,8
2026/07/19 18:40,05F0287S,05F0309S,42,0,0
2026/07/19 18:40,05F0287S,05F0309S,5,0,0
2026/07/19 18:40,05F0309S,05F0439S,31,469,32
2026/07/19 18:40,05F0309S,05F0439S,32,483,9
2026/07/19 18:40,05F0309S,05F0439S,41,529,3
2026/07/19 18:40,05F0309S,05F0439S,42,0,0
2026/07/19 18:40,05F0309S,05F0439S,5,0,0
2026/07/19 18:40,05F0439S,05F0494S,31,204,24
2026/07/19 18:40,05F0439S,05F0494S,32,206,11
2026/07/19 18:40,05F0439S,05F0494S,41,0,0
2026/07/19 18:40,05F0439S,05F0494S,42,0,0
2026/07/19 18:40,05F0439S,05F0494S,5,0,0
2026/07/19 18:45,05F0000S,05F0055S,31,253,77
2026/07/19 18:45,05F0000S,05F0055S,32,255,21
2026/07/19 18:45,05F0000S,05F0055S,41,258,6
2026/07/19 18:45,05F0000S,05F0055S,42,0,0
2026/07/19 18:45,05F0000S,05F0055S,5,0,0
2026/07/19 18:45,05F0055S,05F0287S,31,985,102
2026/07/19 18:45,05F0055S,05F0287S,32,987,21
2026/07/19 18:45,05F0055S,05F0287S,41,998,4
2026/07/19 18:45,05F0055S,05F0287S,42,0,0
2026/07/19 18:45,05F0055S,05F0287S,5,0,0
2026/07/19 18:45,05F0287S,05F0309S,31,86,75
2026/07/19 18:45,05F0287S,05F0309S,32,86,17
2026/07/19 18:45,05F0287S,05F0309S,41,89,3
2026/07/19 18:45,05F0287S,05F0309S,42,0,0
2026/07/19 18:45,05F0287S,05F0309S,5,0,0
2026/07/19 18:45,05F0309S,05F0439S,31,478,52
2026/07/19 18:45,05F0309S,05F0439S,32,497,10
2026/07/19 18:45,05F0309S,05F0439S,41,510,4
2026/07/19 18:45,05F0309S,05F0439S,42,469,1
2026/07/19 18:45,05F0309S,05F0439S,5,0,0
2026/07/19 18:45,05F0439S,05F0494S,31,201,20
2026/07/19 18:45,05F0439S,05F0494S,32,214,6
2026/07/19 18:45,05F0439S,05F0494S,41,0,0
2026/07/19 18:45,05F0439S,05F0494S,42,191,1
2026/07/19 18:45,05F0439S,05F0494S,5,0,0
2026/07/19 18:50,05F0000S,05F0055S,31,254,78
2026/07/19 18:50,05F0000S,05F0055S,32,255,18
2026/07/19 18:50,05F0000S,05F0055S,41,260,1
2026/07/19 18:50,05F0000S,05F0055S,42,0,0
2026/07/19 18:50,05F0000S,05F0055S,5,0,0
2026/07/19 18:50,05F0055S,05F0287S,31,985,80
2026/07/19 18:50,05F0055S,05F0287S,32,984,30
2026/07/19 18:50,05F0055S,05F0287S,41,1027,9
2026/07/19 18:50,05F0055S,05F0287S,42,0,0
2026/07/19 18:50,05F0055S,05F0287S,5,0,0
2026/07/19 18:50,05F0287S,05F0309S,31,89,62
2026/07/19 18:50,05F0287S,05F0309S,32,87,24
2026/07/19 18:50,05F0287S,05F0309S,41,91,6
2026/07/19 18:50,05F0287S,05F0309S,42,0,0
2026/07/19 18:50,05F0287S,05F0309S,5,0,0
2026/07/19 18:50,05F0309S,05F0439S,31,472,37
2026/07/19 18:50,05F0309S,05F0439S,32,447,7
2026/07/19 18:50,05F0309S,05F0439S,41,514,2
2026/07/19 18:50,05F0309S,05F0439S,42,428,1
2026/07/19 18:50,05F0309S,05F0439S,5,0,0
2026/07/19 18:50,05F0439S,05F0494S,31,209,19
2026/07/19 18:50,05F0439S,05F0494S,32,210,2
2026/07/19 18:50,05F0439S,05F0494S,41,0,0
2026/07/19 18:50,05F0439S,05F0494S,42,179,1
2026/07/19 18:50,05F0439S,05F0494S,5,0,0
2026/07/19 18:55,05F0000S,05F0055S,31,244,78
2026/07/19 18:55,05F0000S,05F0055S,32,237,17
2026/07/19 18:55,05F0000S,05F0055S,41,252,7
2026/07/19 18:55,05F0000S,05F0055S,42,0,0
2026/07/19 18:55,05F0000S,05F0055S,5,0,0
2026/07/19 18:55,05F0055S,05F0287S,31,1005,61
2026/07/19 18:55,05F0055S,05F0287S,32,1021,15
2026/07/19 18:55,05F0055S,05F0287S,41,1020,5
2026/07/19 18:55,05F0055S,05F0287S,42,0,0
2026/07/19 18:55,05F0055S,05F0287S,5,0,0
2026/07/19 18:55,05F0287S,05F0309S,31,88,55
2026/07/19 18:55,05F0287S,05F0309S,32,90,12
2026/07/19 18:55,05F0287S,05F0309S,41,90,4
2026/07/19 18:55,05F0287S,05F0309S,42,0,0
2026/07/19 18:55,05F0287S,05F0309S,5,0,0
2026/07/19 18:55,05F0309S,05F0439S,31,475,31
2026/07/19 18:55,05F0309S,05F0439S,32,486,11
2026/07/19 18:55,05F0309S,05F0439S,41,511,3
2026/07/19 18:55,05F0309S,05F0439S,42,0,0
2026/07/19 18:55,05F0309S,05F0439S,5,0,0
2026/07/19 18:55,05F0439S,05F0494S,31,195,17
2026/07/19 18:55,05F0439S,05F0494S,32,211,5
2026/07/19 18:55,05F0439S,05F0494S,41,0,0
2026/07/19 18:55,05F0439S,05F0494S,42,0,0
2026/07/19 18:55,05F0439S,05F0494S,5,0,0
2026/07/19 19:00,05F0000S,05F0055S,31,249,78
2026/07/19 19:00,05F0000S,05F0055S,32,242,16
2026/07/19 19:00,05F0000S,05F0055S,41,257,4
2026/07/19 19:00,05F0000S,05F0055S,42,0,0
2026/07/19 19:00,05F0000S,05F0055S,5,0,0
2026/07/19 19:00,05F0055S,05F0287S,31,1019,110
2026/07/19 19:00,05F0055S,05F0287S,32,1017,29
2026/07/19 19:00,05F0055S,05F0287S,41,1054,6
2026/07/19 19:00,05F0055S,05F0287S,42,0,0
2026/07/19 19:00,05F0055S,05F0287S,5,0,0
2026/07/19 19:00,05F0287S,05F0309S,31,85,80
2026/07/19 19:00,05F0287S,05F0309S,32,89,13
2026/07/19 19:00,05F0287S,05F0309S,41,95,4
2026/07/19 19:00,05F0287S,05F0309S,42,0,0
2026/07/19 19:00,05F0287S,05F0309S,5,0,0
2026/07/19 19:00,05F0309S,05F0439S,31,499,41
2026/07/19 19:00,05F0309S,05F0439S,32,493,15
2026/07/19 19:00,05F0309S,05F0439S,41,535,5
2026/07/19 19:00,05F0309S,05F0439S,42,0,0
2026/07/19 19:00,05F0309S,05F0439S,5,0,0
2026/07/19 19:00,05F0439S,05F0494S,31,206,23
2026/07/19 19:00,05F0439S,05F0494S,32,206,6
2026/07/19 19:00,05F0439S,05F0494S,41,214,1
2026/07/19 19:00,05F0439S,05F0494S,42,0,0
2026/07/19 19:00,05F0439S,05F0494S,5,0,0
2026/07/19 19:05,05F0000S,05F0055S,31,250,80
2026/07/19 19:05,05F0000S,05F0055S,32,252,22
2026/07/19 19:05,05F0000S,05F0055S,41,248,7
2026/07/19 19:05,05F0000S,05F0055S,42,0,0
2026/07/19 19:05,05F0000S,05F0055S,5,0,0
2026/07/19 19:05,05F0055S,05F0287S,31,993,74
2026/07/19 19:05,05F0055S,05F0287S,32,985,18
2026/07/19 19:05,05F0055S,05F0287S,41,1029,4
2026/07/19 19:05,05F0055S,05F0287S,42,0,0
2026/07/19 19:05,05F0055S,05F0287S,5,0,0
2026/07/19 19:05,05F0287S,05F0309S,31,87,65
2026/07/19 19:05,05F0287S,05F0309S,32,92,20
2026/07/19 19:05,05F0287S,05F0309S,41,91,5
2026/07/19 19:05,05F0287S,05F0309S,42,0,0
2026/07/19 19:05,05F0287S,05F0309S,5,0,0
2026/07/19 19:05,05F0309S,05F0439S,31,491,43
2026/07/19 19:05,05F0309S,05F0439S,32,517,10
2026/07/19 19:05,05F0309S,05F0439S,41,488,3
2026/07/19 19:05,05F0309S,05F0439S,42,0,0
2026/07/19 19:05,05F0309S,05F0439S,5,565,1
2026/07/19 19:05,05F0439S,05F0494S,31,206,21
2026/07/19 19:05,05F0439S,05F0494S,32,200,7
2026/07/19 19:05,05F0439S,05F0494S,41,0,0
2026/07/19 19:05,05F0439S,05F0494S,42,0,0
2026/07/19 19:05,05F0439S,05F0494S,5,0,0
2026/07/19 19:10,05F0000S,05F0055S,31,245,87
2026/07/19 19:10,05F0000S,05F0055S,32,251,16
2026/07/19 19:10,05F0000S,05F0055S,41,250,5
2026/07/19 19:10,05F0000S,05F0055S,42,0,0
2026/07/19 19:10,05F0000S,05F0055S,5,0,0
2026/07/19 19:10,05F0055S,05F0287S,31,994,77
2026/07/19 19:10,05F0055S,05F0287S,32,1003,15
2026/07/19 19:10,05F0055S,05F0287S,41,1017,4
2026/07/19 19:10,05F0055S,05F0287S,42,0,0
2026/07/19 19:10,05F0055S,05F0287S,5,0,0
2026/07/19 19:10,05F0287S,05F0309S,31,86,68
2026/07/19 19:10,05F0287S,05F0309S,32,90,10
2026/07/19 19:10,05F0287S,05F0309S,41,87,2
2026/07/19 19:10,05F0287S,05F0309S,42,0,0
2026/07/19 19:10,05F0287S,05F0309S,5,0,0
2026/07/19 19:10,05F0309S,05F0439S,31,486,43
2026/07/19 19:10,05F0309S,05F0439S,32,494,12
2026/07/19 19:10,05F0309S,05F0439S,41,528,2
2026/07/19 19:10,05F0309S,05F0439S,42,496,1
2026/07/19 19:10,05F0309S,05F0439S,5,0,0
2026/07/19 19:10,05F0439S,05F0494S,31,212,24
2026/07/19 19:10,05F0439S,05F0494S,32,246,2
2026/07/19 19:10,05F0439S,05F0494S,41,0,0
2026/07/19 19:10,05F0439S,05F0494S,42,0,0
2026/07/19 19:10,05F0439S,05F0494S,5,0,0
2026/07/19 19:15,05F0000S,05F0055S,31,240,92
2026/07/19 19:15,05F0000S,05F0055S,32,244,14
2026/07/19 19:15,05F0000S,05F0055S,41,237,5
2026/07/19 19:15,05F0000S,05F0055S,42,0,0
2026/07/19 19:15,05F0000S,05F0055S,5,0,0
2026/07/19 19:15,05F0055S,05F0287S,31,985,88
2026/07/19 19:15,05F0055S,05F0287S,32,989,18
2026/07/19 19:15,05F0055S,05F0287S,41,1021,5
2026/07/19 19:15,05F0055S,05F0287S,42,0,0
2026/07/19 19:15,05F0055S,05F0287S,5,0,0
2026/07/19 19:15,05F0287S,05F0309S,31,89,71
2026/07/19 19:15,05F0287S,05F0309S,32,89,13
2026/07/19 19:15,05F0287S,05F0309S,41,92,5
2026/07/19 19:15,05F0287S,05F0309S,42,0,0
2026/07/19 19:15,05F0287S,05F0309S,5,0,0
2026/07/19 19:15,05F0309S,05F0439S,31,482,41
2026/07/19 19:15,05F0309S,05F0439S,32,490,9
2026/07/19 19:15,05F0309S,05F0439S,41,511,3
2026/07/19 19:15,05F0309S,05F0439S,42,0,0
2026/07/19 19:15,05F0309S,05F0439S,5,0,0
2026/07/19 19:15,05F0439S,05F0494S,31,205,25
2026/07/19 19:15,05F0439S,05F0494S,32,216,8
2026/07/19 19:15,05F0439S,05F0494S,41,0,0
2026/07/19 19:15,05F0439S,05F0494S,42,0,0
2026/07/19 19:15,05F0439S,05F0494S,5,0,0
2026/07/19 19:20,05F0000S,05F0055S,31,233,74
2026/07/19 19:20,05F0000S,05F0055S,32,231,14
2026/07/19 19:20,05F0000S,05F0055S,41,241,4
2026/07/19 19:20,05F0000S,05F0055S,42,0,0
2026/07/19 19:20,05F0000S,05F0055S,5,0,0
2026/07/19 19:20,05F0055S,05F0287S,31,988,84
2026/07/19 19:20,05F0055S,05F0287S,32,988,22
2026/07/19 19:20,05F0055S,05F0287S,41,998,6
2026/07/19 19:20,05F0055S,05F0287S,42,0,0
2026/07/19 19:20,05F0055S,05F0287S,5,0,0
2026/07/19 19:20,05F0287S,05F0309S,31,88,66
2026/07/19 19:20,05F0287S,05F0309S,32,86,20
2026/07/19 19:20,05F0287S,05F0309S,41,88,4
2026/07/19 19:20,05F0287S,05F0309S,42,0,0
2026/07/19 19:20,05F0287S,05F0309S,5,0,0
2026/07/19 19:20,05F0309S,05F0439S,31,497,41
2026/07/19 19:20,05F0309S,05F0439S,32,498,6
2026/07/19 19:20,05F0309S,05F0439S,41,519,2
2026/07/19 19:20,05F0309S,05F0439S,42,0,0
2026/07/19 19:20,05F0309S,05F0439S,5,0,0
2026/07/19 19:20,05F0439S,05F0494S,31,201,28
2026/07/19 19:20,05F0439S,05F0494S,32,206,1
2026/07/19 19:20,05F0439S,05F0494S,41,0,0
2026/07/19 19:20,05F0439S,05F0494S,42,0,0
2026/07/19 19:20,05F0439S,05F0494S,5,0,0
2026/07/19 19:25,05F0000S,05F0055S,31,246,94
2026/07/19 19:25,05F0000S,05F0055S,32,242,15
2026/07/19 19:25,05F0000S,05F0055S,41,241,6
2026/07/19 19:25,05F0000S,05F0055S,42,0,0
2026/07/19 19:25,05F0000S,05F0055S,5,0,0
2026/07/19 19:25,05F0055S,05F0287S,31,983,107
2026/07/19 19:25,05F0055S,05F0287S,32,1000,21
2026/07/19 19:25,05F0055S,05F0287S,41,1010,7
2026/07/19 19:25,05F0055S,05F0287S,42,0,0
2026/07/19 19:25,05F0055S,05F0287S,5,0,0
2026/07/19 19:25,05F0287S,05F0309S,31,87,80
2026/07/19 19:25,05F0287S,05F0309S,32,90,17
2026/07/19 19:25,05F0287S,05F0309S,41,92,5
2026/07/19 19:25,05F0287S,05F0309S,42,0,0
2026/07/19 19:25,05F0287S,05F0309S,5,0,0
2026/07/19 19:25,05F0309S,05F0439S,31,501,50
2026/07/19 19:25,05F0309S,05F0439S,32,494,9
2026/07/19 19:25,05F0309S,05F0439S,41,504,2
2026/07/19 19:25,05F0309S,05F0439S,42,0,0
2026/07/19 19:25,05F0309S,05F0439S,5,0,0
2026/07/19 19:25,05F0439S,05F0494S,31,206,15
2026/07/19 19:25,05F0439S,05F0494S,32,228,5
2026/07/19 19:25,05F0439S,05F0494S,41,0,0
2026/07/19 19:25,05F0439S,05F0494S,42,0,0
2026/07/19 19:25,05F0439S,05F0494S,5,0,0
2026/07/19 19:30,05F0000S,05F0055S,31,249,76
2026/07/19 19:30,05F0000S,05F0055S,32,248,18
2026/07/19 19:30,05F0000S,05F0055S,41,248,6
2026/07/19 19:30,05F0000S,05F0055S,42,0,0
2026/07/19 19:30,05F0000S,05F0055S,5,0,0
2026/07/19 19:30,05F0055S,05F0287S,31,980,91
2026/07/19 19:30,05F0055S,05F0287S,32,987,15
2026/07/19 19:30,05F0055S,05F0287S,41,994,3
2026/07/19 19:30,05F0055S,05F0287S,42,0,0
2026/07/19 19:30,05F0055S,05F0287S,5,0,0
2026/07/19 19:30,05F0287S,05F0309S,31,86,67
2026/07/19 19:30,05F0287S,05F0309S,32,87,12
2026/07/19 19:30,05F0287S,05F0309S,41,95,3
2026/07/19 19:30,05F0287S,05F0309S,42,0,0
2026/07/19 19:30,05F0287S,05F0309S,5,0,0
2026/07/19 19:30,05F0309S,05F0439S,31,483,43
2026/07/19 19:30,05F0309S,05F0439S,32,476,8
2026/07/19 19:30,05F0309S,05F0439S,41,515,3
2026/07/19 19:30,05F0309S,05F0439S,42,0,0
2026/07/19 19:30,05F0309S,05F0439S,5,0,0
2026/07/19 19:30,05F0439S,05F0494S,31,208,31
2026/07/19 19:30,05F0439S,05F0494S,32,190,6
2026/07/19 19:30,05F0439S,05F0494S,41,0,0
2026/07/19 19:30,05F0439S,05F0494S,42,0,0
2026/07/19 19:30,05F0439S,05F0494S,5,0,0
2026/07/19 19:35,05F0000S,05F0055S,31,240,68
2026/07/19 19:35,05F0000S,05F0055S,32,238,14
2026/07/19 19:35,05F0000S,05F0055S,41,252,4
2026/07/19 19:35,05F0000S,05F0055S,42,0,0
2026/07/19 19:35,05F0000S,05F0055S,5,0,0
2026/07/19 19:35,05F0055S,05F0287S,31,949,86
2026/07/19 19:35,05F0055S,05F0287S,32,948,19
2026/07/19 19:35,05F0055S,05F0287S,41,1006,7
2026/07/19 19:35,05F0055S,05F0287S,42,0,0
2026/07/19 19:35,05F0055S,05F0287S,5,0,0
2026/07/19 19:35,05F0287S,05F0309S,31,85,79
2026/07/19 19:35,05F0287S,05F0309S,32,83,18
2026/07/19 19:35,05F0287S,05F0309S,41,94,6
2026/07/19 19:35,05F0287S,05F0309S,42,0,0
2026/07/19 19:35,05F0287S,05F0309S,5,0,0
2026/07/19 19:35,05F0309S,05F0439S,31,479,52
2026/07/19 19:35,05F0309S,05F0439S,32,490,11
2026/07/19 19:35,05F0309S,05F0439S,41,528,4
2026/07/19 19:35,05F0309S,05F0439S,42,552,1
2026/07/19 19:35,05F0309S,05F0439S,5,0,0
2026/07/19 19:35,05F0439S,05F0494S,31,199,23
2026/07/19 19:35,05F0439S,05F0494S,32,209,9
2026/07/19 19:35,05F0439S,05F0494S,41,234,1
2026/07/19 19:35,05F0439S,05F0494S,42,0,0
2026/07/19 19:35,05F0439S,05F0494S,5,0,0
2026/07/19 19:40,05F0000S,05F0055S,31,239,86
2026/07/19 19:40,05F0000S,05F0055S,32,240,15
2026/07/19 19:40,05F0000S,05F0055S,41,244,5
2026/07/19 19:40,05F0000S,05F0055S,42,0,0
2026/07/19 19:40,05F0000S,05F0055S,5,0,0
2026/07/19 19:40,05F0055S,05F0287S,31,958,73
2026/07/19 19:40,05F0055S,05F0287S,32,950,14
2026/07/19 19:40,05F0055S,05F0287S,41,945,2
2026/07/19 19:40,05F0055S,05F0287S,42,0,0
2026/07/19 19:40,05F0055S,05F0287S,5,0,0
2026/07/19 19:40,05F0287S,05F0309S,31,82,58
2026/07/19 19:40,05F0287S,05F0309S,32,82,14
2026/07/19 19:40,05F0287S,05F0309S,41,90,3
2026/07/19 19:40,05F0287S,05F0309S,42,0,0
2026/07/19 19:40,05F0287S,05F0309S,5,0,0
2026/07/19 19:40,05F0309S,05F0439S,31,483,56
2026/07/19 19:40,05F0309S,05F0439S,32,485,10
2026/07/19 19:40,05F0309S,05F0439S,41,530,1
2026/07/19 19:40,05F0309S,05F0439S,42,0,0
2026/07/19 19:40,05F0309S,05F0439S,5,548,1
2026/07/19 19:40,05F0439S,05F0494S,31,216,20
2026/07/19 19:40,05F0439S,05F0494S,32,214,9
2026/07/19 19:40,05F0439S,05F0494S,41,0,0
2026/07/19 19:40,05F0439S,05F0494S,42,234,1
2026/07/19 19:40,05F0439S,05F0494S,5,0,0
2026/07/19 19:45,05F0000S,05F0055S,31,242,81
2026/07/19 19:45,05F0000S,05F0055S,32,242,15
2026/07/19 19:45,05F0000S,05F0055S,41,252,7
2026/07/19 19:45,05F0000S,05F0055S,42,0,0
2026/07/19 19:45,05F0000S,05F0055S,5,0,0
2026/07/19 19:45,05F0055S,05F0287S,31,976,79
2026/07/19 19:45,05F0055S,05F0287S,32,977,12
2026/07/19 19:45,05F0055S,05F0287S,41,1045,7
2026/07/19 19:45,05F0055S,05F0287S,42,0,0
2026/07/19 19:45,05F0055S,05F0287S,5,0,0
2026/07/19 19:45,05F0287S,05F0309S,31,84,67
2026/07/19 19:45,05F0287S,05F0309S,32,86,9
2026/07/19 19:45,05F0287S,05F0309S,41,93,5
2026/07/19 19:45,05F0287S,05F0309S,42,0,0
2026/07/19 19:45,05F0287S,05F0309S,5,0,0
2026/07/19 19:45,05F0309S,05F0439S,31,470,47
2026/07/19 19:45,05F0309S,05F0439S,32,484,14
2026/07/19 19:45,05F0309S,05F0439S,41,535,5
2026/07/19 19:45,05F0309S,05F0439S,42,0,0
2026/07/19 19:45,05F0309S,05F0439S,5,541,2
2026/07/19 19:45,05F0439S,05F0494S,31,212,31
2026/07/19 19:45,05F0439S,05F0494S,32,213,7
2026/07/19 19:45,05F0439S,05F0494S,41,0,0
2026/07/19 19:45,05F0439S,05F0494S,42,0,0
2026/07/19 19:45,05F0439S,05F0494S,5,240,1
2026/07/19 19:50,05F0000S,05F0055S,31,249,86
2026/07/19 19:50,05F0000S,05F0055S,32,255,19
2026/07/19 19:50,05F0000S,05F0055S,41,242,3
2026/07/19 19:50,05F0000S,05F0055S,42,273,1
2026/07/19 19:50,05F0000S,05F0055S,5,0,0
2026/07/19 19:50,05F0055S,05F0287S,31,981,82
2026/07/19 19:50,05F0055S,05F0287S,32,989,22
2026/07/19 19:50,05F0055S,05F0287S,41,1063,8
2026/07/19 19:50,05F0055S,05F0287S,42,0,0
2026/07/19 19:50,05F0055S,05F0287S,5,0,0
2026/07/19 19:50,05F0287S,05F0309S,31,87,75
2026/07/19 19:50,05F0287S,05F0309S,32,88,16
2026/07/19 19:50,05F0287S,05F0309S,41,95,5
2026/07/19 19:50,05F0287S,05F0309S,42,0,0
2026/07/19 19:50,05F0287S,05F0309S,5,0,0
2026/07/19 19:50,05F0309S,05F0439S,31,485,37
2026/07/19 19:50,05F0309S,05F0439S,32,470,8
2026/07/19 19:50,05F0309S,05F0439S,41,507,3
2026/07/19 19:50,05F0309S,05F0439S,42,515,1
2026/07/19 19:50,05F0309S,05F0439S,5,0,0
2026/07/19 19:50,05F0439S,05F0494S,31,212,27
2026/07/19 19:50,05F0439S,05F0494S,32,195,10
2026/07/19 19:50,05F0439S,05F0494S,41,0,0
2026/07/19 19:50,05F0439S,05F0494S,42,0,0
2026/07/19 19:50,05F0439S,05F0494S,5,227,2
2026/07/19 19:55,05F0000S,05F0055S,31,240,69
2026/07/19 19:55,05F0000S,05F0055S,32,241,13
2026/07/19 19:55,05F0000S,05F0055S,41,247,7
2026/07/19 19:55,05F0000S,05F0055S,42,0,0
2026/07/19 19:55,05F0000S,05F0055S,5,0,0
2026/07/19 19:55,05F0055S,05F0287S,31,956,90
2026/07/19 19:55,05F0055S,05F0287S,32,953,16
2026/07/19 19:55,05F0055S,05F0287S,41,1002,3
2026/07/19 19:55,05F0055S,05F0287S,42,0,0
2026/07/19 19:55,05F0055S,05F0287S,5,0,0
2026/07/19 19:55,05F0287S,05F0309S,31,85,68
2026/07/19 19:55,05F0287S,05F0309S,32,85,14
2026/07/19 19:55,05F0287S,05F0309S,41,98,2
2026/07/19 19:55,05F0287S,05F0309S,42,0,0
2026/07/19 19:55,05F0287S,05F0309S,5,0,0
2026/07/19 19:55,05F0309S,05F0439S,31,483,28
2026/07/19 19:55,05F0309S,05F0439S,32,492,8
2026/07/19 19:55,05F0309S,05F0439S,41,533,4
2026/07/19 19:55,05F0309S,05F0439S,42,0,0
2026/07/19 19:55,05F0309S,05F0439S,5,0,0
2026/07/19 19:55,05F0439S,05F0494S,31,210,21
2026/07/19 19:55,05F0439S,05F0494S,32,192,4
2026/07/19 19:55,05F0439S,05F0494S,41,428,1
2026/07/19 19:55,05F0439S,05F0494S,42,217,1
2026/07/19 19:55,05F0439S,05F0494S,5,212,1
2026/07/19 20:00,05F0000S,05F0055S,31,247,84
2026/07/19 20:00,05F0000S,05F0055S,32,248,16
2026/07/19 20:00,05F0000S,05F0055S,41,254,10
2026/07/19 20:00,05F0000S,05F0055S,42,0,0
2026/07/19 20:00,05F0000S,05F0055S,5,0,0
2026/07/19 20:00,05F0055S,05F0287S,31,971,89
2026/07/19 20:00,05F0055S,05F0287S,32,977,15
2026/07/19 20:00,05F0055S,05F0287S,41,1015,7
2026/07/19 20:00,05F0055S,05F0287S,42,0,0
2026/07/19 20:00,05F0055S,05F0287S,5,0,0
2026/07/19 20:00,05F0287S,05F0309S,31,86,75
2026/07/19 20:00,05F0287S,05F0309S,32,91,11
2026/07/19 20:00,05F0287S,05F0309S,41,94,5
2026/07/19 20:00,05F0287S,05F0309S,42,0,0
2026/07/19 20:00,05F0287S,05F0309S,5,0,0
2026/07/19 20:00,05F0309S,05F0439S,31,479,53
2026/07/19 20:00,05F0309S,05F0439S,32,489,13
2026/07/19 20:00,05F0309S,05F0439S,41,542,2
2026/07/19 20:00,05F0309S,05F0439S,42,0,0
2026/07/19 20:00,05F0309S,05F0439S,5,0,0
2026/07/19 20:00,05F0439S,05F0494S,31,202,23
2026/07/19 20:00,05F0439S,05F0494S,32,186,4
2026/07/19 20:00,05F0439S,05F0494S,41,232,1
2026/07/19 20:00,05F0439S,05F0494S,42,0,0
2026/07/19 20:00,05F0439S,05F0494S,5,0,0
2026/07/19 20:05,05F0000S,05F0055S,31,245,85
2026/07/19 20:05,05F0000S,05F0055S,32,252,15
2026/07/19 20:05,05F0000S,05F0055S,41,246,6
2026/07/19 20:05,05F0000S,05F0055S,42,0,0
2026/07/19 20:05,05F0000S,05F0055S,5,0,0
2026/07/19 20:05,05F0055S,05F0287S,31,962,88
2026/07/19 20:05,05F0055S,05F0287S,32,957,17
2026/07/19 20:05,05F0055S,05F0287S,41,982,5
2026/07/19 20:05,05F0055S,05F0287S,42,0,0
2026/07/19 20:05,05F0055S,05F0287S,5,0,0
2026/07/19 20:05,05F0287S,05F0309S,31,86,73
2026/07/19 20:05,05F0287S,05F0309S,32,87,14
2026/07/19 20:05,05F0287S,05F0309S,41,94,7
2026/07/19 20:05,05F0287S,05F0309S,42,0,0
2026/07/19 20:05,05F0287S,05F0309S,5,0,0
2026/07/19 20:05,05F0309S,05F0439S,31,480,45
2026/07/19 20:05,05F0309S,05F0439S,32,477,6
2026/07/19 20:05,05F0309S,05F0439S,41,494,1
2026/07/19 20:05,05F0309S,05F0439S,42,0,0
2026/07/19 20:05,05F0309S,05F0439S,5,0,0
2026/07/19 20:05,05F0439S,05F0494S,31,214,19
2026/07/19 20:05,05F0439S,05F0494S,32,207,5
2026/07/19 20:05,05F0439S,05F0494S,41,0,0
2026/07/19 20:05,05F0439S,05F0494S,42,0,0
2026/07/19 20:05,05F0439S,05F0494S,5,0,0
2026/07/19 20:10,05F0000S,05F0055S,31,238,71
2026/07/19 20:10,05F0000S,05F0055S,32,240,14
2026/07/19 20:10,05F0000S,05F0055S,41,240,5
2026/07/19 20:10,05F0000S,05F0055S,42,0,0
2026/07/19 20:10,05F0000S,05F0055S,5,0,0
2026/07/19 20:10,05F0055S,05F0287S,31,964,87
2026/07/19 20:10,05F0055S,05F0287S,32,990,22
2026/07/19 20:10,05F0055S,05F0287S,41,1018,7
2026/07/19 20:10,05F0055S,05F0287S,42,0,0
2026/07/19 20:10,05F0055S,05F0287S,5,0,0
2026/07/19 20:10,05F0287S,05F0309S,31,87,59
2026/07/19 20:10,05F0287S,05F0309S,32,89,14
2026/07/19 20:10,05F0287S,05F0309S,41,93,2
2026/07/19 20:10,05F0287S,05F0309S,42,0,0
2026/07/19 20:10,05F0287S,05F0309S,5,0,0
2026/07/19 20:10,05F0309S,05F0439S,31,475,41
2026/07/19 20:10,05F0309S,05F0439S,32,494,11
2026/07/19 20:10,05F0309S,05F0439S,41,535,6
2026/07/19 20:10,05F0309S,05F0439S,42,0,0
2026/07/19 20:10,05F0309S,05F0439S,5,0,0
2026/07/19 20:10,05F0439S,05F0494S,31,204,32
2026/07/19 20:10,05F0439S,05F0494S,32,211,4
2026/07/19 20:10,05F0439S,05F0494S,41,0,0
2026/07/19 20:10,05F0439S,05F0494S,42,0,0
2026/07/19 20:10,05F0439S,05F0494S,5,0,0
2026/07/19 20:15,05F0000S,05F0055S,31,233,69
2026/07/19 20:15,05F0000S,05F0055S,32,236,11
2026/07/19 20:15,05F0000S,05F0055S,41,239,6
2026/07/19 20:15,05F0000S,05F0055S,42,0,0
2026/07/19 20:15,05F0000S,05F0055S,5,0,0
2026/07/19 20:15,05F0055S,05F0287S,31,974,77
2026/07/19 20:15,05F0055S,05F0287S,32,978,17
2026/07/19 20:15,05F0055S,05F0287S,41,999,6
2026/07/19 20:15,05F0055S,05F0287S,42,0,0
2026/07/19 20:15,05F0055S,05F0287S,5,0,0
2026/07/19 20:15,05F0287S,05F0309S,31,87,57
2026/07/19 20:15,05F0287S,05F0309S,32,89,11
2026/07/19 20:15,05F0287S,05F0309S,41,91,6
2026/07/19 20:15,05F0287S,05F0309S,42,0,0
2026/07/19 20:15,05F0287S,05F0309S,5,0,0
2026/07/19 20:15,05F0309S,05F0439S,31,490,45
2026/07/19 20:15,05F0309S,05F0439S,32,484,6
2026/07/19 20:15,05F0309S,05F0439S,41,533,2
2026/07/19 20:15,05F0309S,05F0439S,42,524,1
2026/07/19 20:15,05F0309S,05F0439S,5,0,0
2026/07/19 20:15,05F0439S,05F0494S,31,206,19
2026/07/19 20:15,05F0439S,05F0494S,32,213,5
2026/07/19 20:15,05F0439S,05F0494S,41,0,0
2026/07/19 20:15,05F0439S,05F0494S,42,234,3
2026/07/19 20:15,05F0439S,05F0494S,5,0,0
2026/07/19 20:20,05F0000S,05F0055S,31,234,73
2026/07/19 20:20,05F0000S,05F0055S,32,239,14
2026/07/19 20:20,05F0000S,05F0055S,41,241,3
2026/07/19 20:20,05F0000S,05F0055S,42,0,0
2026/07/19 20:20,05F0000S,05F0055S,5,0,0
2026/07/19 20:20,05F0055S,05F0287S,31,984,77
2026/07/19 20:20,05F0055S,05F0287S,32,971,13
2026/07/19 20:20,05F0055S,05F0287S,41,1014,6
2026/07/19 20:20,05F0055S,05F0287S,42,0,0
2026/07/19 20:20,05F0055S,05F0287S,5,0,0
2026/07/19 20:20,05F0287S,05F0309S,31,88,72
2026/07/19 20:20,05F0287S,05F0309S,32,86,13
2026/07/19 20:20,05F0287S,05F0309S,41,92,4
2026/07/19 20:20,05F0287S,05F0309S,42,0,0
2026/07/19 20:20,05F0287S,05F0309S,5,0,0
2026/07/19 20:20,05F0309S,05F0439S,31,488,47
2026/07/19 20:20,05F0309S,05F0439S,32,504,8
2026/07/19 20:20,05F0309S,05F0439S,41,532,3
2026/07/19 20:20,05F0309S,05F0439S,42,0,0
2026/07/19 20:20,05F0309S,05F0439S,5,618,1
2026/07/19 20:20,05F0439S,05F0494S,31,206,17
2026/07/19 20:20,05F0439S,05F0494S,32,218,5
2026/07/19 20:20,05F0439S,05F0494S,41,0,0
2026/07/19 20:20,05F0439S,05F0494S,42,0,0
2026/07/19 20:20,05F0439S,05F0494S,5,0,0
2026/07/19 20:25,05F0000S,05F0055S,31,247,94
2026/07/19 20:25,05F0000S,05F0055S,32,246,15
2026/07/19 20:25,05F0000S,05F0055S,41,258,9
2026/07/19 20:25,05F0000S,05F0055S,42,0,0
2026/07/19 20:25,05F0000S,05F0055S,5,0,0
2026/07/19 20:25,05F0055S,05F0287S,31,966,91
2026/07/19 20:25,05F0055S,05F0287S,32,985,15
2026/07/19 20:25,05F0055S,05F0287S,41,1032,6
2026/07/19 20:25,05F0055S,05F0287S,42,0,0
2026/07/19 20:25,05F0055S,05F0287S,5,0,0
2026/07/19 20:25,05F0287S,05F0309S,31,85,70
2026/07/19 20:25,05F0287S,05F0309S,32,90,16
2026/07/19 20:25,05F0287S,05F0309S,41,94,8
2026/07/19 20:25,05F0287S,05F0309S,42,0,0
2026/07/19 20:25,05F0287S,05F0309S,5,0,0
2026/07/19 20:25,05F0309S,05F0439S,31,499,28
2026/07/19 20:25,05F0309S,05F0439S,32,500,12
2026/07/19 20:25,05F0309S,05F0439S,41,531,4
2026/07/19 20:25,05F0309S,05F0439S,42,0,0
2026/07/19 20:25,05F0309S,05F0439S,5,0,0
2026/07/19 20:25,05F0439S,05F0494S,31,211,13
2026/07/19 20:25,05F0439S,05F0494S,32,219,4
2026/07/19 20:25,05F0439S,05F0494S,41,0,0
2026/07/19 20:25,05F0439S,05F0494S,42,0,0
2026/07/19 20:25,05F0439S,05F0494S,5,257,2
2026/07/19 20:30,05F0000S,05F0055S,31,239,82
2026/07/19 20:30,05F0000S,05F0055S,32,241,16
2026/07/19 20:30,05F0000S,05F0055S,41,260,5
2026/07/19 20:30,05F0000S,05F0055S,42,0,0
2026/07/19 20:30,05F0000S,05F0055S,5,0,0
2026/07/19 20:30,05F0055S,05F0287S,31,969,93
2026/07/19 20:30,05F0055S,05F0287S,32,997,17
2026/07/19 20:30,05F0055S,05F0287S,41,998,7
2026/07/19 20:30,05F0055S,05F0287S,42,0,0
2026/07/19 20:30,05F0055S,05F0287S,5,0,0
2026/07/19 20:30,05F0287S,05F0309S,31,89,75
2026/07/19 20:30,05F0287S,05F0309S,32,90,14
2026/07/19 20:30,05F0287S,05F0309S,41,93,2
2026/07/19 20:30,05F0287S,05F0309S,42,0,0
2026/07/19 20:30,05F0287S,05F0309S,5,0,0
2026/07/19 20:30,05F0309S,05F0439S,31,496,46
2026/07/19 20:30,05F0309S,05F0439S,32,455,6
2026/07/19 20:30,05F0309S,05F0439S,41,540,1
2026/07/19 20:30,05F0309S,05F0439S,42,0,0
2026/07/19 20:30,05F0309S,05F0439S,5,0,0
2026/07/19 20:30,05F0439S,05F0494S,31,218,15
2026/07/19 20:30,05F0439S,05F0494S,32,202,8
2026/07/19 20:30,05F0439S,05F0494S,41,0,0
2026/07/19 20:30,05F0439S,05F0494S,42,0,0
2026/07/19 20:30,05F0439S,05F0494S,5,0,0
2026/07/19 20:35,05F0000S,05F0055S,31,241,74
2026/07/19 20:35,05F0000S,05F0055S,32,242,9
2026/07/19 20:35,05F0000S,05F0055S,41,240,4
2026/07/19 20:35,05F0000S,05F0055S,42,0,0
2026/07/19 20:35,05F0000S,05F0055S,5,0,0
2026/07/19 20:35,05F0055S,05F0287S,31,927,65
2026/07/19 20:35,05F0055S,05F0287S,32,931,12
2026/07/19 20:35,05F0055S,05F0287S,41,941,2
2026/07/19 20:35,05F0055S,05F0287S,42,0,0
2026/07/19 20:35,05F0055S,05F0287S,5,0,0
2026/07/19 20:35,05F0287S,05F0309S,31,84,57
2026/07/19 20:35,05F0287S,05F0309S,32,83,13
2026/07/19 20:35,05F0287S,05F0309S,41,90,6
2026/07/19 20:35,05F0287S,05F0309S,42,0,0
2026/07/19 20:35,05F0287S,05F0309S,5,0,0
2026/07/19 20:35,05F0309S,05F0439S,31,479,36
2026/07/19 20:35,05F0309S,05F0439S,32,485,8
2026/07/19 20:35,05F0309S,05F0439S,41,536,6
2026/07/19 20:35,05F0309S,05F0439S,42,577,1
2026/07/19 20:35,05F0309S,05F0439S,5,528,1
2026/07/19 20:35,05F0439S,05F0494S,31,203,25
2026/07/19 20:35,05F0439S,05F0494S,32,217,3
2026/07/19 20:35,05F0439S,05F0494S,41,0,0
2026/07/19 20:35,05F0439S,05F0494S,42,0,0
2026/07/19 20:35,05F0439S,05F0494S,5,284,1
2026/07/19 20:40,05F0000S,05F0055S,31,236,64
2026/07/19 20:40,05F0000S,05F0055S,32,238,16
2026/07/19 20:40,05F0000S,05F0055S,41,238,6
2026/07/19 20:40,05F0000S,05F0055S,42,0,0
2026/07/19 20:40,05F0000S,05F0055S,5,0,0
2026/07/19 20:40,05F0055S,05F0287S,31,991,87
2026/07/19 20:40,05F0055S,05F0287S,32,973,14
2026/07/19 20:40,05F0055S,05F0287S,41,1030,6
2026/07/19 20:40,05F0055S,05F0287S,42,0,0
2026/07/19 20:40,05F0055S,05F0287S,5,0,0
2026/07/19 20:40,05F0287S,05F0309S,31,86,52
2026/07/19 20:40,05F0287S,05F0309S,32,84,6
2026/07/19 20:40,05F0287S,05F0309S,41,91,3
2026/07/19 20:40,05F0287S,05F0309S,42,0,0
2026/07/19 20:40,05F0287S,05F0309S,5,0,0
2026/07/19 20:40,05F0309S,05F0439S,31,495,42
2026/07/19 20:40,05F0309S,05F0439S,32,498,15
2026/07/19 20:40,05F0309S,05F0439S,41,553,2
2026/07/19 20:40,05F0309S,05F0439S,42,0,0
2026/07/19 20:40,05F0309S,05F0439S,5,0,0
2026/07/19 20:40,05F0439S,05F0494S,31,210,13
2026/07/19 20:40,05F0439S,05F0494S,32,201,3
2026/07/19 20:40,05F0439S,05F0494S,41,0,0
2026/07/19 20:40,05F0439S,05F0494S,42,245,1
2026/07/19 20:40,05F0439S,05F0494S,5,224,1
2026/07/19 20:45,05F0000S,05F0055S,31,242,68
2026/07/19 20:45,05F0000S,05F0055S,32,248,15
2026/07/19 20:45,05F0000S,05F0055S,41,239,7
2026/07/19 20:45,05F0000S,05F0055S,42,0,0
2026/07/19 20:45,05F0000S,05F0055S,5,0,0
2026/07/19 20:45,05F0055S,05F0287S,31,983,98
2026/07/19 20:45,05F0055S,05F0287S,32,994,19
2026/07/19 20:45,05F0055S,05F0287S,41,1030,5
2026/07/19 20:45,05F0055S,05F0287S,42,0,0
2026/07/19 20:45,05F0055S,05F0287S,5,0,0
2026/07/19 20:45,05F0287S,05F0309S,31,89,77
2026/07/19 20:45,05F0287S,05F0309S,32,86,18
2026/07/19 20:45,05F0287S,05F0309S,41,95,5
2026/07/19 20:45,05F0287S,05F0309S,42,0,0
2026/07/19 20:45,05F0287S,05F0309S,5,0,0
2026/07/19 20:45,05F0309S,05F0439S,31,462,27
2026/07/19 20:45,05F0309S,05F0439S,32,487,4
2026/07/19 20:45,05F0309S,05F0439S,41,477,1
2026/07/19 20:45,05F0309S,05F0439S,42,0,0
2026/07/19 20:45,05F0309S,05F0439S,5,0,0
2026/07/19 20:45,05F0439S,05F0494S,31,214,15
2026/07/19 20:45,05F0439S,05F0494S,32,204,7
2026/07/19 20:45,05F0439S,05F0494S,41,0,0
2026/07/19 20:45,05F0439S,05F0494S,42,0,0
2026/07/19 20:45,05F0439S,05F0494S,5,0,0
2026/07/19 20:50,05F0000S,05F0055S,31,236,66
2026/07/19 20:50,05F0000S,05F0055S,32,240,18
2026/07/19 20:50,05F0000S,05F0055S,41,235,5
2026/07/19 20:50,05F0000S,05F0055S,42,0,0
2026/07/19 20:50,05F0000S,05F0055S,5,0,0
2026/07/19 20:50,05F0055S,05F0287S,31,966,60
2026/07/19 20:50,05F0055S,05F0287S,32,972,9
2026/07/19 20:50,05F0055S,05F0287S,41,1031,4
2026/07/19 20:50,05F0055S,05F0287S,42,0,0
2026/07/19 20:50,05F0055S,05F0287S,5,0,0
2026/07/19 20:50,05F0287S,05F0309S,31,85,69
2026/07/19 20:50,05F0287S,05F0309S,32,88,13
2026/07/19 20:50,05F0287S,05F0309S,41,93,4
2026/07/19 20:50,05F0287S,05F0309S,42,0,0
2026/07/19 20:50,05F0287S,05F0309S,5,0,0
2026/07/19 20:50,05F0309S,05F0439S,31,494,38
2026/07/19 20:50,05F0309S,05F0439S,32,471,6
2026/07/19 20:50,05F0309S,05F0439S,41,535,5
2026/07/19 20:50,05F0309S,05F0439S,42,0,0
2026/07/19 20:50,05F0309S,05F0439S,5,528,1
2026/07/19 20:50,05F0439S,05F0494S,31,217,19
2026/07/19 20:50,05F0439S,05F0494S,32,222,1
2026/07/19 20:50,05F0439S,05F0494S,41,0,0
2026/07/19 20:50,05F0439S,05F0494S,42,0,0
2026/07/19 20:50,05F0439S,05F0494S,5,0,0
2026/07/19 20:55,05F0000S,05F0055S,31,241,61
2026/07/19 20:55,05F0000S,05F0055S,32,233,15
2026/07/19 20:55,05F0000S,05F0055S,41,238,5
2026/07/19 20:55,05F0000S,05F0055S,42,0,0
2026/07/19 20:55,05F0000S,05F0055S,5,0,0
2026/07/19 20:55,05F0055S,05F0287S,31,977,91
2026/07/19 20:55,05F0055S,05F0287S,32,971,17
2026/07/19 20:55,05F0055S,05F0287S,41,1042,8
2026/07/19 20:55,05F0055S,05F0287S,42,0,0
2026/07/19 20:55,05F0055S,05F0287S,5,0,0
2026/07/19 20:55,05F0287S,05F0309S,31,87,67
2026/07/19 20:55,05F0287S,05F0309S,32,89,11
2026/07/19 20:55,05F0287S,05F0309S,41,93,7
2026/07/19 20:55,05F0287S,05F0309S,42,0,0
2026/07/19 20:55,05F0287S,05F0309S,5,0,0
2026/07/19 20:55,05F0309S,05F0439S,31,504,41
2026/07/19 20:55,05F0309S,05F0439S,32,492,10
2026/07/19 20:55,05F0309S,05F0439S,41,534,2
2026/07/19 20:55,05F0309S,05F0439S,42,464,1
2026/07/19 20:55,05F0309S,05F0439S,5,486,1
2026/07/19 20:55,05F0439S,05F0494S,31,216,19
2026/07/19 20:55,05F0439S,05F0494S,32,218,3
2026/07/19 20:55,05F0439S,05F0494S,41,220,1
2026/07/19 20:55,05F0439S,05F0494S,42,0,0
2026/07/19 20:55,05F0439S,05F0494S,5,224,1
2026/07/19 21:00,05F0000S,05F0055S,31,239,69
2026/07/19 21:00,05F0000S,05F0055S,32,242,4
2026/07/19 21:00,05F0000S,05F0055S,41,271,3
2026/07/19 21:00,05F0000S,05F0055S,42,0,0
2026/07/19 21:00,05F0000S,05F0055S,5,0,0
2026/07/19 21:00,05F0055S,05F0287S,31,958,65
2026/07/19 21:00,05F0055S,05F0287S,32,976,14
2026/07/19 21:00,05F0055S,05F0287S,41,1001,8
2026/07/19 21:00,05F0055S,05F0287S,42,0,0
2026/07/19 21:00,05F0055S,05F0287S,5,0,0
2026/07/19 21:00,05F0287S,05F0309S,31,86,39
2026/07/19 21:00,05F0287S,05F0309S,32,86,10
2026/07/19 21:00,05F0287S,05F0309S,41,93,7
2026/07/19 21:00,05F0287S,05F0309S,42,0,0
2026/07/19 21:00,05F0287S,05F0309S,5,0,0
2026/07/19 21:00,05F0309S,05F0439S,31,478,42
2026/07/19 21:00,05F0309S,05F0439S,32,478,4
2026/07/19 21:00,05F0309S,05F0439S,41,534,2
2026/07/19 21:00,05F0309S,05F0439S,42,0,0
2026/07/19 21:00,05F0309S,05F0439S,5,0,0
2026/07/19 21:00,05F0439S,05F0494S,31,205,17
2026/07/19 21:00,05F0439S,05F0494S,32,214,8
2026/07/19 21:00,05F0439S,05F0494S,41,0,0
2026/07/19 21:00,05F0439S,05F0494S,42,0,0
2026/07/19 21:00,05F0439S,05F0494S,5,205,1
2026/07/19 21:05,05F0000S,05F0055S,31,235,61
2026/07/19 21:05,05F0000S,05F0055S,32,232,20
2026/07/19 21:05,05F0000S,05F0055S,41,240,9
2026/07/19 21:05,05F0000S,05F0055S,42,0,0
2026/07/19 21:05,05F0000S,05F0055S,5,0,0
2026/07/19 21:05,05F0055S,05F0287S,31,969,64
2026/07/19 21:05,05F0055S,05F0287S,32,972,17
2026/07/19 21:05,05F0055S,05F0287S,41,1018,3
2026/07/19 21:05,05F0055S,05F0287S,42,0,0
2026/07/19 21:05,05F0055S,05F0287S,5,0,0
2026/07/19 21:05,05F0287S,05F0309S,31,84,60
2026/07/19 21:05,05F0287S,05F0309S,32,89,17
2026/07/19 21:05,05F0287S,05F0309S,41,93,6
2026/07/19 21:05,05F0287S,05F0309S,42,0,0
2026/07/19 21:05,05F0287S,05F0309S,5,0,0
2026/07/19 21:05,05F0309S,05F0439S,31,498,37
2026/07/19 21:05,05F0309S,05F0439S,32,492,11
2026/07/19 21:05,05F0309S,05F0439S,41,536,6
2026/07/19 21:05,05F0309S,05F0439S,42,0,0
2026/07/19 21:05,05F0309S,05F0439S,5,0,0
2026/07/19 21:05,05F0439S,05F0494S,31,212,12
2026/07/19 21:05,05F0439S,05F0494S,32,209,7
2026/07/19 21:05,05F0439S,05F0494S,41,0,0
2026/07/19 21:05,05F0439S,05F0494S,42,0,0
2026/07/19 21:05,05F0439S,05F0494S,5,0,0
2026/07/19 21:10,05F0000S,05F0055S,31,241,78
2026/07/19 21:10,05F0000S,05F0055S,32,241,19
2026/07/19 21:10,05F0000S,05F0055S,41,233,5
2026/07/19 21:10,05F0000S,05F0055S,42,0,0
2026/07/19 21:10,05F0000S,05F0055S,5,0,0
2026/07/19 21:10,05F0055S,05F0287S,31,968,75
2026/07/19 21:10,05F0055S,05F0287S,32,970,21
2026/07/19 21:10,05F0055S,05F0287S,41,974,8
2026/07/19 21:10,05F0055S,05F0287S,42,0,0
2026/07/19 21:10,05F0055S,05F0287S,5,0,0
2026/07/19 21:10,05F0287S,05F0309S,31,86,47
2026/07/19 21:10,05F0287S,05F0309S,32,86,15
2026/07/19 21:10,05F0287S,05F0309S,41,91,5
2026/07/19 21:10,05F0287S,05F0309S,42,0,0
2026/07/19 21:10,05F0287S,05F0309S,5,0,0
2026/07/19 21:10,05F0309S,05F0439S,31,489,32
2026/07/19 21:10,05F0309S,05F0439S,32,512,6
2026/07/19 21:10,05F0309S,05F0439S,41,524,4
2026/07/19 21:10,05F0309S,05F0439S,42,0,0
2026/07/19 21:10,05F0309S,05F0439S,5,0,0
2026/07/19 21:10,05F0439S,05F0494S,31,213,15
2026/07/19 21:10,05F0439S,05F0494S,32,205,5
2026/07/19 21:10,05F0439S,05F0494S,41,0,0
2026/07/19 21:10,05F0439S,05F0494S,42,0,0
2026/07/19 21:10,05F0439S,05F0494S,5,0,0
2026/07/19 21:15,05F0000S,05F0055S,31,241,105
2026/07/19 21:15,05F0000S,05F0055S,32,238,17
2026/07/19 21:15,05F0000S,05F0055S,41,256,6
2026/07/19 21:15,05F0000S,05F0055S,42,0,0
2026/07/19 21:15,05F0000S,05F0055S,5,0,0
2026/07/19 21:15,05F0055S,05F0287S,31,947,63
2026/07/19 21:15,05F0055S,05F0287S,32,1047,5
2026/07/19 21:15,05F0055S,05F0287S,41,1054,4
2026/07/19 21:15,05F0055S,05F0287S,42,0,0
2026/07/19 21:15,05F0055S,05F0287S,5,0,0
2026/07/19 21:15,05F0287S,05F0309S,31,85,72
2026/07/19 21:15,05F0287S,05F0309S,32,87,6
2026/07/19 21:15,05F0287S,05F0309S,41,90,3
2026/07/19 21:15,05F0287S,05F0309S,42,0,0
2026/07/19 21:15,05F0287S,05F0309S,5,0,0
2026/07/19 21:15,05F0309S,05F0439S,31,487,37
2026/07/19 21:15,05F0309S,05F0439S,32,476,14
2026/07/19 21:15,05F0309S,05F0439S,41,516,2
2026/07/19 21:15,05F0309S,05F0439S,42,551,1
2026/07/19 21:15,05F0309S,05F0439S,5,0,0
2026/07/19 21:15,05F0439S,05F0494S,31,204,18
2026/07/19 21:15,05F0439S,05F0494S,32,223,8
2026/07/19 21:15,05F0439S,05F0494S,41,0,0
2026/07/19 21:15,05F0439S,05F0494S,42,0,0
2026/07/19 21:15,05F0439S,05F0494S,5,0,0
2026/07/19 21:20,05F0000S,05F0055S,31,244,91
2026/07/19 21:20,05F0000S,05F0055S,32,243,14
2026/07/19 21:20,05F0000S,05F0055S,41,243,4
2026/07/19 21:20,05F0000S,05F0055S,42,0,0
2026/07/19 21:20,05F0000S,05F0055S,5,0,0
2026/07/19 21:20,05F0055S,05F0287S,31,949,60
2026/07/19 21:20,05F0055S,05F0287S,32,946,19
2026/07/19 21:20,05F0055S,05F0287S,41,1016,7
2026/07/19 21:20,05F0055S,05F0287S,42,0,0
2026/07/19 21:20,05F0055S,05F0287S,5,0,0
2026/07/19 21:20,05F0287S,05F0309S,31,85,51
2026/07/19 21:20,05F0287S,05F0309S,32,85,10
2026/07/19 21:20,05F0287S,05F0309S,41,92,7
2026/07/19 21:20,05F0287S,05F0309S,42,0,0
2026/07/19 21:20,05F0287S,05F0309S,5,0,0
2026/07/19 21:20,05F0309S,05F0439S,31,492,28
2026/07/19 21:20,05F0309S,05F0439S,32,490,3
2026/07/19 21:20,05F0309S,05F0439S,41,534,3
2026/07/19 21:20,05F0309S,05F0439S,42,511,1
2026/07/19 21:20,05F0309S,05F0439S,5,0,0
2026/07/19 21:20,05F0439S,05F0494S,31,206,16
2026/07/19 21:20,05F0439S,05F0494S,32,211,9
2026/07/19 21:20,05F0439S,05F0494S,41,0,0
2026/07/19 21:20,05F0439S,05F0494S,42,220,2
2026/07/19 21:20,05F0439S,05F0494S,5,0,0
2026/07/19 21:25,05F0000S,05F0055S,31,243,70
2026/07/19 21:25,05F0000S,05F0055S,32,240,17
2026/07/19 21:25,05F0000S,05F0055S,41,246,4
2026/07/19 21:25,05F0000S,05F0055S,42,0,0
2026/07/19 21:25,05F0000S,05F0055S,5,0,0
2026/07/19 21:25,05F0055S,05F0287S,31,977,76
2026/07/19 21:25,05F0055S,05F0287S,32,975,18
2026/07/19 21:25,05F0055S,05F0287S,41,982,3
2026/07/19 21:25,05F0055S,05F0287S,42,0,0
2026/07/19 21:25,05F0055S,05F0287S,5,0,0
2026/07/19 21:25,05F0287S,05F0309S,31,87,56
2026/07/19 21:25,05F0287S,05F0309S,32,87,14
2026/07/19 21:25,05F0287S,05F0309S,41,92,5
2026/07/19 21:25,05F0287S,05F0309S,42,0,0
2026/07/19 21:25,05F0287S,05F0309S,5,0,0
2026/07/19 21:25,05F0309S,05F0439S,31,479,38
2026/07/19 21:25,05F0309S,05F0439S,32,506,3
2026/07/19 21:25,05F0309S,05F0439S,41,545,2
2026/07/19 21:25,05F0309S,05F0439S,42,0,0
2026/07/19 21:25,05F0309S,05F0439S,5,0,0
2026/07/19 21:25,05F0439S,05F0494S,31,209,7
2026/07/19 21:25,05F0439S,05F0494S,32,232,4
2026/07/19 21:25,05F0439S,05F0494S,41,0,0
2026/07/19 21:25,05F0439S,05F0494S,42,0,0
2026/07/19 21:25,05F0439S,05F0494S,5,0,0
2026/07/19 21:30,05F0000S,05F0055S,31,238,77
2026/07/19 21:30,05F0000S,05F0055S,32,244,18
2026/07/19 21:30,05F0000S,05F0055S,41,244,6
2026/07/19 21:30,05F0000S,05F0055S,42,0,0
2026/07/19 21:30,05F0000S,05F0055S,5,0,0
2026/07/19 21:30,05F0055S,05F0287S,31,959,107
2026/07/19 21:30,05F0055S,05F0287S,32,964,18
2026/07/19 21:30,05F0055S,05F0287S,41,1006,9
2026/07/19 21:30,05F0055S,05F0287S,42,0,0
2026/07/19 21:30,05F0055S,05F0287S,5,0,0
2026/07/19 21:30,05F0287S,05F0309S,31,85,85
2026/07/19 21:30,05F0287S,05F0309S,32,86,13
2026/07/19 21:30,05F0287S,05F0309S,41,93,6
2026/07/19 21:30,05F0287S,05F0309S,42,0,0
2026/07/19 21:30,05F0287S,05F0309S,5,0,0
2026/07/19 21:30,05F0309S,05F0439S,31,490,24
2026/07/19 21:30,05F0309S,05F0439S,32,481,9
2026/07/19 21:30,05F0309S,05F0439S,41,528,4
2026/07/19 21:30,05F0309S,05F0439S,42,0,0
2026/07/19 21:30,05F0309S,05F0439S,5,0,0
2026/07/19 21:30,05F0439S,05F0494S,31,209,22
2026/07/19 21:30,05F0439S,05F0494S,32,216,5
2026/07/19 21:30,05F0439S,05F0494S,41,234,1
2026/07/19 21:30,05F0439S,05F0494S,42,0,0
2026/07/19 21:30,05F0439S,05F0494S,5,0,0
2026/07/19 21:35,05F0000S,05F0055S,31,242,53
2026/07/19 21:35,05F0000S,05F0055S,32,242,22
2026/07/19 21:35,05F0000S,05F0055S,41,246,4
2026/07/19 21:35,05F0000S,05F0055S,42,0,0
2026/07/19 21:35,05F0000S,05F0055S,5,0,0
2026/07/19 21:35,05F0055S,05F0287S,31,990,100
2026/07/19 21:35,05F0055S,05F0287S,32,959,8
2026/07/19 21:35,05F0055S,05F0287S,41,1006,5
2026/07/19 21:35,05F0055S,05F0287S,42,0,0
2026/07/19 21:35,05F0055S,05F0287S,5,0,0
2026/07/19 21:35,05F0287S,05F0309S,31,86,77
2026/07/19 21:35,05F0287S,05F0309S,32,83,8
2026/07/19 21:35,05F0287S,05F0309S,41,91,3
2026/07/19 21:35,05F0287S,05F0309S,42,0,0
2026/07/19 21:35,05F0287S,05F0309S,5,0,0
2026/07/19 21:35,05F0309S,05F0439S,31,485,49
2026/07/19 21:35,05F0309S,05F0439S,32,473,10
2026/07/19 21:35,05F0309S,05F0439S,41,529,3
2026/07/19 21:35,05F0309S,05F0439S,42,548,4
2026/07/19 21:35,05F0309S,05F0439S,5,0,0
2026/07/19 21:35,05F0439S,05F0494S,31,187,9
2026/07/19 21:35,05F0439S,05F0494S,32,200,6
2026/07/19 21:35,05F0439S,05F0494S,41,222,1
2026/07/19 21:35,05F0439S,05F0494S,42,223,1
2026/07/19 21:35,05F0439S,05F0494S,5,0,0
2026/07/19 21:40,05F0000S,05F0055S,31,235,76
2026/07/19 21:40,05F0000S,05F0055S,32,241,17
2026/07/19 21:40,05F0000S,05F0055S,41,244,8
2026/07/19 21:40,05F0000S,05F0055S,42,0,0
2026/07/19 21:40,05F0000S,05F0055S,5,0,0
2026/07/19 21:40,05F0055S,05F0287S,31,959,85
2026/07/19 21:40,05F0055S,05F0287S,32,973,22
2026/07/19 21:40,05F0055S,05F0287S,41,967,1
2026/07/19 21:40,05F0055S,05F0287S,42,0,0
2026/07/19 21:40,05F0055S,05F0287S,5,0,0
2026/07/19 21:40,05F0287S,05F0309S,31,86,89
2026/07/19 21:40,05F0287S,05F0309S,32,89,17
2026/07/19 21:40,05F0287S,05F0309S,41,91,3
2026/07/19 21:40,05F0287S,05F0309S,42,0,0
2026/07/19 21:40,05F0287S,05F0309S,5,0,0
2026/07/19 21:40,05F0309S,05F0439S,31,465,51
2026/07/19 21:40,05F0309S,05F0439S,32,475,9
2026/07/19 21:40,05F0309S,05F0439S,41,513,3
2026/07/19 21:40,05F0309S,05F0439S,42,618,1
2026/07/19 21:40,05F0309S,05F0439S,5,0,0
2026/07/19 21:40,05F0439S,05F0494S,31,194,26
2026/07/19 21:40,05F0439S,05F0494S,32,203,5
2026/07/19 21:40,05F0439S,05F0494S,41,0,0
2026/07/19 21:40,05F0439S,05F0494S,42,237,2
2026/07/19 21:40,05F0439S,05F0494S,5,0,0
2026/07/19 21:45,05F0000S,05F0055S,31,238,69
2026/07/19 21:45,05F0000S,05F0055S,32,244,9
2026/07/19 21:45,05F0000S,05F0055S,41,230,8
2026/07/19 21:45,05F0000S,05F0055S,42,0,0
2026/07/19 21:45,05F0000S,05F0055S,5,0,0
2026/07/19 21:45,05F0055S,05F0287S,31,963,78
2026/07/19 21:45,05F0055S,05F0287S,32,961,19
2026/07/19 21:45,05F0055S,05F0287S,41,981,6
2026/07/19 21:45,05F0055S,05F0287S,42,0,0
2026/07/19 21:45,05F0055S,05F0287S,5,0,0
2026/07/19 21:45,05F0287S,05F0309S,31,86,59
2026/07/19 21:45,05F0287S,05F0309S,32,85,14
2026/07/19 21:45,05F0287S,05F0309S,41,91,4
2026/07/19 21:45,05F0287S,05F0309S,42,0,0
2026/07/19 21:45,05F0287S,05F0309S,5,0,0
2026/07/19 21:45,05F0309S,05F0439S,31,478,52
2026/07/19 21:45,05F0309S,05F0439S,32,528,5
2026/07/19 21:45,05F0309S,05F0439S,41,530,3
2026/07/19 21:45,05F0309S,05F0439S,42,0,0
2026/07/19 21:45,05F0309S,05F0439S,5,554,1
2026/07/19 21:45,05F0439S,05F0494S,31,201,14
2026/07/19 21:45,05F0439S,05F0494S,32,211,5
2026/07/19 21:45,05F0439S,05F0494S,41,0,0
2026/07/19 21:45,05F0439S,05F0494S,42,263,1
2026/07/19 21:45,05F0439S,05F0494S,5,0,0
2026/07/19 21:50,05F0000S,05F0055S,31,229,73
2026/07/19 21:50,05F0000S,05F0055S,32,236,16
2026/07/19 21:50,05F0000S,05F0055S,41,239,3
2026/07/19 21:50,05F0000S,05F0055S,42,0,0
2026/07/19 21:50,05F0000S,05F0055S,5,0,0
2026/07/19 21:50,05F0055S,05F0287S,31,960,42
2026/07/19 21:50,05F0055S,05F0287S,32,971,18
2026/07/19 21:50,05F0055S,05F0287S,41,1004,6
2026/07/19 21:50,05F0055S,05F0287S,42,0,0
2026/07/19 21:50,05F0055S,05F0287S,5,0,0
2026/07/19 21:50,05F0287S,05F0309S,31,86,46
2026/07/19 21:50,05F0287S,05F0309S,32,84,17
2026/07/19 21:50,05F0287S,05F0309S,41,91,4
2026/07/19 21:50,05F0287S,05F0309S,42,0,0
2026/07/19 21:50,05F0287S,05F0309S,5,0,0
2026/07/19 21:50,05F0309S,05F0439S,31,479,40
2026/07/19 21:50,05F0309S,05F0439S,32,507,10
2026/07/19 21:50,05F0309S,05F0439S,41,0,0
2026/07/19 21:50,05F0309S,05F0439S,42,0,0
2026/07/19 21:50,05F0309S,05F0439S,5,0,0
2026/07/19 21:50,05F0439S,05F0494S,31,200,28
2026/07/19 21:50,05F0439S,05F0494S,32,226,4
2026/07/19 21:50,05F0439S,05F0494S,41,0,0
2026/07/19 21:50,05F0439S,05F0494S,42,0,0
2026/07/19 21:50,05F0439S,05F0494S,5,0,0
2026/07/19 21:55,05F0000S,05F0055S,31,231,59
2026/07/19 21:55,05F0000S,05F0055S,32,232,17
2026/07/19 21:55,05F0000S,05F0055S,41,238,7
2026/07/19 21:55,05F0000S,05F0055S,42,0,0
2026/07/19 21:55,05F0000S,05F0055S,5,0,0
2026/07/19 21:55,05F0055S,05F0287S,31,987,83
2026/07/19 21:55,05F0055S,05F0287S,32,1000,16
2026/07/19 21:55,05F0055S,05F0287S,41,1048,2
2026/07/19 21:55,05F0055S,05F0287S,42,0,0
2026/07/19 21:55,05F0055S,05F0287S,5,0,0
2026/07/19 21:55,05F0287S,05F0309S,31,83,54
2026/07/19 21:55,05F0287S,05F0309S,32,88,11
2026/07/19 21:55,05F0287S,05F0309S,41,93,4
2026/07/19 21:55,05F0287S,05F0309S,42,0,0
2026/07/19 21:55,05F0287S,05F0309S,5,0,0
2026/07/19 21:55,05F0309S,05F0439S,31,496,32
2026/07/19 21:55,05F0309S,05F0439S,32,482,7
2026/07/19 21:55,05F0309S,05F0439S,41,519,4
2026/07/19 21:55,05F0309S,05F0439S,42,596,1
2026/07/19 21:55,05F0309S,05F0439S,5,0,0
2026/07/19 21:55,05F0439S,05F0494S,31,202,19
2026/07/19 21:55,05F0439S,05F0494S,32,173,1
2026/07/19 21:55,05F0439S,05F0494S,41,0,0
2026/07/19 21:55,05F0439S,05F0494S,42,0,0
2026/07/19 21:55,05F0439S,05F0494S,5,0,0
2026/07/19 22:00,05F0000S,05F0055S,31,234,58
2026/07/19 22:00,05F0000S,05F0055S,32,239,14
2026/07/19 22:00,05F0000S,05F0055S,41,241,3
2026/07/19 22:00,05F0000S,05F0055S,42,237,1
2026/07/19 22:00,05F0000S,05F0055S,5,0,0
2026/07/19 22:00,05F0055S,05F0287S,31,964,96
2026/07/19 22:00,05F0055S,05F0287S,32,961,16
2026/07/19 22:00,05F0055S,05F0287S,41,1015,14
2026/07/19 22:00,05F0055S,05F0287S,42,0,0
2026/07/19 22:00,05F0055S,05F0287S,5,0,0
2026/07/19 22:00,05F0287S,05F0309S,31,86,72
2026/07/19 22:00,05F0287S,05F0309S,32,87,15
2026/07/19 22:00,05F0287S,05F0309S,41,92,7
2026/07/19 22:00,05F0287S,05F0309S,42,0,0
2026/07/19 22:00,05F0287S,05F0309S,5,0,0
2026/07/19 22:00,05F0309S,05F0439S,31,449,25
2026/07/19 22:00,05F0309S,05F0439S,32,476,11
2026/07/19 22:00,05F0309S,05F0439S,41,512,2
2026/07/19 22:00,05F0309S,05F0439S,42,0,0
2026/07/19 22:00,05F0309S,05F0439S,5,506,1
2026/07/19 22:00,05F0439S,05F0494S,31,203,14
2026/07/19 22:00,05F0439S,05F0494S,32,213,3
2026/07/19 22:00,05F0439S,05F0494S,41,0,0
2026/07/19 22:00,05F0439S,05F0494S,42,0,0
2026/07/19 22:00,05F0439S,05F0494S,5,0,0
2026/07/19 22:05,05F0000S,05F0055S,31,237,71
2026/07/19 22:05,05F0000S,05F0055S,32,231,10
2026/07/19 22:05,05F0000S,05F0055S,41,228,6
2026/07/19 22:05,05F0000S,05F0055S,42,0,0
2026/07/19 22:05,05F0000S,05F0055S,5,0,0
2026/07/19 22:05,05F0055S,05F0287S,31,938,67
2026/07/19 22:05,05F0055S,05F0287S,32,946,16
2026/07/19 22:05,05F0055S,05F0287S,41,953,3
2026/07/19 22:05,05F0055S,05F0287S,42,0,0
2026/07/19 22:05,05F0055S,05F0287S,5,0,0
2026/07/19 22:05,05F0287S,05F0309S,31,84,62
2026/07/19 22:05,05F0287S,05F0309S,32,85,13
2026/07/19 22:05,05F0287S,05F0309S,41,91,5
2026/07/19 22:05,05F0287S,05F0309S,42,0,0
2026/07/19 22:05,05F0287S,05F0309S,5,0,0
2026/07/19 22:05,05F0309S,05F0439S,31,477,37
2026/07/19 22:05,05F0309S,05F0439S,32,451,7
2026/07/19 22:05,05F0309S,05F0439S,41,505,2
2026/07/19 22:05,05F0309S,05F0439S,42,564,2
2026/07/19 22:05,05F0309S,05F0439S,5,0,0
2026/07/19 22:05,05F0439S,05F0494S,31,198,17
2026/07/19 22:05,05F0439S,05F0494S,32,220,7
2026/07/19 22:05,05F0439S,05F0494S,41,0,0
2026/07/19 22:05,05F0439S,05F0494S,42,252,1
2026/07/19 22:05,05F0439S,05F0494S,5,210,1
2026/07/19 22:10,05F0000S,05F0055S,31,237,56
2026/07/19 22:10,05F0000S,05F0055S,32,242,17
2026/07/19 22:10,05F0000S,05F0055S,41,224,3
2026/07/19 22:10,05F0000S,05F0055S,42,0,0
2026/07/19 22:10,05F0000S,05F0055S,5,0,0
2026/07/19 22:10,05F0055S,05F0287S,31,938,63
2026/07/19 22:10,05F0055S,05F0287S,32,936,14
2026/07/19 22:10,05F0055S,05F0287S,41,1002,5
2026/07/19 22:10,05F0055S,05F0287S,42,0,0
2026/07/19 22:10,05F0055S,05F0287S,5,0,0
2026/07/19 22:10,05F0287S,05F0309S,31,84,54
2026/07/19 22:10,05F0287S,05F0309S,32,88,10
2026/07/19 22:10,05F0287S,05F0309S,41,92,6
2026/07/19 22:10,05F0287S,05F0309S,42,0,0
2026/07/19 22:10,05F0287S,05F0309S,5,0,0
2026/07/19 22:10,05F0309S,05F0439S,31,492,35
2026/07/19 22:10,05F0309S,05F0439S,32,502,9
2026/07/19 22:10,05F0309S,05F0439S,41,511,5
2026/07/19 22:10,05F0309S,05F0439S,42,0,0
2026/07/19 22:10,05F0309S,05F0439S,5,0,0
2026/07/19 22:10,05F0439S,05F0494S,31,209,18
2026/07/19 22:10,05F0439S,05F0494S,32,197,4
2026/07/19 22:10,05F0439S,05F0494S,41,0,0
2026/07/19 22:10,05F0439S,05F0494S,42,207,1
2026/07/19 22:10,05F0439S,05F0494S,5,0,0
2026/07/19 22:15,05F0000S,05F0055S,31,239,67
2026/07/19 22:15,05F0000S,05F0055S,32,240,12
2026/07/19 22:15,05F0000S,05F0055S,41,247,2
2026/07/19 22:15,05F0000S,05F0055S,42,0,0
2026/07/19 22:15,05F0000S,05F0055S,5,0,0
2026/07/19 22:15,05F0055S,05F0287S,31,957,61
2026/07/19 22:15,05F0055S,05F0287S,32,962,19
2026/07/19 22:15,05F0055S,05F0287S,41,995,6
2026/07/19 22:15,05F0055S,05F0287S,42,963,1
2026/07/19 22:15,05F0055S,05F0287S,5,0,0
2026/07/19 22:15,05F0287S,05F0309S,31,83,50
2026/07/19 22:15,05F0287S,05F0309S,32,84,13
2026/07/19 22:15,05F0287S,05F0309S,41,101,4
2026/07/19 22:15,05F0287S,05F0309S,42,90,1
2026/07/19 22:15,05F0287S,05F0309S,5,0,0
2026/07/19 22:15,05F0309S,05F0439S,31,472,42
2026/07/19 22:15,05F0309S,05F0439S,32,468,9
2026/07/19 22:15,05F0309S,05F0439S,41,519,2
2026/07/19 22:15,05F0309S,05F0439S,42,0,0
2026/07/19 22:15,05F0309S,05F0439S,5,524,1
2026/07/19 22:15,05F0439S,05F0494S,31,194,16
2026/07/19 22:15,05F0439S,05F0494S,32,205,6
2026/07/19 22:15,05F0439S,05F0494S,41,0,0
2026/07/19 22:15,05F0439S,05F0494S,42,0,0
2026/07/19 22:15,05F0439S,05F0494S,5,0,0
2026/07/19 22:20,05F0000S,05F0055S,31,240,62
2026/07/19 22:20,05F0000S,05F0055S,32,244,9
2026/07/19 22:20,05F0000S,05F0055S,41,255,7
2026/07/19 22:20,05F0000S,05F0055S,42,0,0
2026/07/19 22:20,05F0000S,05F0055S,5,0,0
2026/07/19 22:20,05F0055S,05F0287S,31,949,73
2026/07/19 22:20,05F0055S,05F0287S,32,960,8
2026/07/19 22:20,05F0055S,05F0287S,41,957,4
2026/07/19 22:20,05F0055S,05F0287S,42,0,0
2026/07/19 22:20,05F0055S,05F0287S,5,0,0
2026/07/19 22:20,05F0287S,05F0309S,31,87,69
2026/07/19 22:20,05F0287S,05F0309S,32,86,12
2026/07/19 22:20,05F0287S,05F0309S,41,91,4
2026/07/19 22:20,05F0287S,05F0309S,42,0,0
2026/07/19 22:20,05F0287S,05F0309S,5,0,0
2026/07/19 22:20,05F0309S,05F0439S,31,464,34
2026/07/19 22:20,05F0309S,05F0439S,32,478,9
2026/07/19 22:20,05F0309S,05F0439S,41,530,3
2026/07/19 22:20,05F0309S,05F0439S,42,0,0
2026/07/19 22:20,05F0309S,05F0439S,5,545,2
2026/07/19 22:20,05F0439S,05F0494S,31,206,16
2026/07/19 22:20,05F0439S,05F0494S,32,0,0
2026/07/19 22:20,05F0439S,05F0494S,41,0,0
2026/07/19 22:20,05F0439S,05F0494S,42,0,0
2026/07/19 22:20,05F0439S,05F0494S,5,219,1
2026/07/19 22:25,05F0000S,05F0055S,31,235,56
2026/07/19 22:25,05F0000S,05F0055S,32,230,8
2026/07/19 22:25,05F0000S,05F0055S,41,250,6
2026/07/19 22:25,05F0000S,05F0055S,42,0,0
2026/07/19 22:25,05F0000S,05F0055S,5,0,0
2026/07/19 22:25,05F0055S,05F0287S,31,943,71
2026/07/19 22:25,05F0055S,05F0287S,32,961,20
2026/07/19 22:25,05F0055S,05F0287S,41,1012,5
2026/07/19 22:25,05F0055S,05F0287S,42,0,0
2026/07/19 22:25,05F0055S,05F0287S,5,0,0
2026/07/19 22:25,05F0287S,05F0309S,31,85,40
2026/07/19 22:25,05F0287S,05F0309S,32,84,9
2026/07/19 22:25,05F0287S,05F0309S,41,95,4
2026/07/19 22:25,05F0287S,05F0309S,42,0,0
2026/07/19 22:25,05F0287S,05F0309S,5,0,0
2026/07/19 22:25,05F0309S,05F0439S,31,487,28
2026/07/19 22:25,05F0309S,05F0439S,32,501,9
2026/07/19 22:25,05F0309S,05F0439S,41,536,5
2026/07/19 22:25,05F0309S,05F0439S,42,485,1
2026/07/19 22:25,05F0309S,05F0439S,5,0,0
2026/07/19 22:25,05F0439S,05F0494S,31,213,5
2026/07/19 22:25,05F0439S,05F0494S,32,232,3
2026/07/19 22:25,05F0439S,05F0494S,41,0,0
2026/07/19 22:25,05F0439S,05F0494S,42,0,0
2026/07/19 22:25,05F0439S,05F0494S,5,231,2
2026/07/19 22:30,05F0000S,05F0055S,31,236,64
2026/07/19 22:30,05F0000S,05F0055S,32,240,6
2026/07/19 22:30,05F0000S,05F0055S,41,267,2
2026/07/19 22:30,05F0000S,05F0055S,42,0,0
2026/07/19 22:30,05F0000S,05F0055S,5,0,0
2026/07/19 22:30,05F0055S,05F0287S,31,943,60
2026/07/19 22:30,05F0055S,05F0287S,32,948,11
2026/07/19 22:30,05F0055S,05F0287S,41,980,2
2026/07/19 22:30,05F0055S,05F0287S,42,0,0
2026/07/19 22:30,05F0055S,05F0287S,5,0,0
2026/07/19 22:30,05F0287S,05F0309S,31,90,48
2026/07/19 22:30,05F0287S,05F0309S,32,90,15
2026/07/19 22:30,05F0287S,05F0309S,41,93,7
2026/07/19 22:30,05F0287S,05F0309S,42,0,0
2026/07/19 22:30,05F0287S,05F0309S,5,0,0
2026/07/19 22:30,05F0309S,05F0439S,31,482,31
2026/07/19 22:30,05F0309S,05F0439S,32,478,3
2026/07/19 22:30,05F0309S,05F0439S,41,528,1
2026/07/19 22:30,05F0309S,05F0439S,42,549,1
2026/07/19 22:30,05F0309S,05F0439S,5,0,0
2026/07/19 22:30,05F0439S,05F0494S,31,206,6
2026/07/19 22:30,05F0439S,05F0494S,32,204,5
2026/07/19 22:30,05F0439S,05F0494S,41,0,0
2026/07/19 22:30,05F0439S,05F0494S,42,0,0
2026/07/19 22:30,05F0439S,05F0494S,5,0,0
2026/07/19 22:35,05F0000S,05F0055S,31,234,50
2026/07/19 22:35,05F0000S,05F0055S,32,231,13
2026/07/19 22:35,05F0000S,05F0055S,41,247,4
2026/07/19 22:35,05F0000S,05F0055S,42,0,0
2026/07/19 22:35,05F0000S,05F0055S,5,0,0
2026/07/19 22:35,05F0055S,05F0287S,31,955,68
2026/07/19 22:35,05F0055S,05F0287S,32,950,8
2026/07/19 22:35,05F0055S,05F0287S,41,1009,5
2026/07/19 22:35,05F0055S,05F0287S,42,0,0
2026/07/19 22:35,05F0055S,05F0287S,5,0,0
2026/07/19 22:35,05F0287S,05F0309S,31,85,59
2026/07/19 22:35,05F0287S,05F0309S,32,84,7
2026/07/19 22:35,05F0287S,05F0309S,41,92,4
2026/07/19 22:35,05F0287S,05F0309S,42,0,0
2026/07/19 22:35,05F0287S,05F0309S,5,0,0
2026/07/19 22:35,05F0309S,05F0439S,31,493,29
2026/07/19 22:35,05F0309S,05F0439S,32,481,14
2026/07/19 22:35,05F0309S,05F0439S,41,524,4
2026/07/19 22:35,05F0309S,05F0439S,42,495,1
2026/07/19 22:35,05F0309S,05F0439S,5,609,1
2026/07/19 22:35,05F0439S,05F0494S,31,207,14
2026/07/19 22:35,05F0439S,05F0494S,32,202,3
2026/07/19 22:35,05F0439S,05F0494S,41,0,0
2026/07/19 22:35,05F0439S,05F0494S,42,230,1
2026/07/19 22:35,05F0439S,05F0494S,5,0,0
2026/07/19 22:40,05F0000S,05F0055S,31,227,57
2026/07/19 22:40,05F0000S,05F0055S,32,228,12
2026/07/19 22:40,05F0000S,05F0055S,41,228,3
2026/07/19 22:40,05F0000S,05F0055S,42,0,0
2026/07/19 22:40,05F0000S,05F0055S,5,0,0
2026/07/19 22:40,05F0055S,05F0287S,31,946,54
2026/07/19 22:40,05F0055S,05F0287S,32,972,11
2026/07/19 22:40,05F0055S,05F0287S,41,990,6
2026/07/19 22:40,05F0055S,05F0287S,42,0,0
2026/07/19 22:40,05F0055S,05F0287S,5,0,0
2026/07/19 22:40,05F0287S,05F0309S,31,85,42
2026/07/19 22:40,05F0287S,05F0309S,32,89,7
2026/07/19 22:40,05F0287S,05F0309S,41,93,5
2026/07/19 22:40,05F0287S,05F0309S,42,0,0
2026/07/19 22:40,05F0287S,05F0309S,5,0,0
2026/07/19 22:40,05F0309S,05F0439S,31,460,31
2026/07/19 22:40,05F0309S,05F0439S,32,481,10
2026/07/19 22:40,05F0309S,05F0439S,41,500,3
2026/07/19 22:40,05F0309S,05F0439S,42,0,0
2026/07/19 22:40,05F0309S,05F0439S,5,527,1
2026/07/19 22:40,05F0439S,05F0494S,31,208,10
2026/07/19 22:40,05F0439S,05F0494S,32,209,4
2026/07/19 22:40,05F0439S,05F0494S,41,0,0
2026/07/19 22:40,05F0439S,05F0494S,42,0,0
2026/07/19 22:40,05F0439S,05F0494S,5,258,1
2026/07/19 22:45,05F0000S,05F0055S,31,234,55
2026/07/19 22:45,05F0000S,05F0055S,32,240,21
2026/07/19 22:45,05F0000S,05F0055S,41,238,8
2026/07/19 22:45,05F0000S,05F0055S,42,0,0
2026/07/19 22:45,05F0000S,05F0055S,5,0,0
2026/07/19 22:45,05F0055S,05F0287S,31,970,69
2026/07/19 22:45,05F0055S,05F0287S,32,968,5
2026/07/19 22:45,05F0055S,05F0287S,41,1022,2
2026/07/19 22:45,05F0055S,05F0287S,42,0,0
2026/07/19 22:45,05F0055S,05F0287S,5,0,0
2026/07/19 22:45,05F0287S,05F0309S,31,87,47
2026/07/19 22:45,05F0287S,05F0309S,32,91,4
2026/07/19 22:45,05F0287S,05F0309S,41,91,4
2026/07/19 22:45,05F0287S,05F0309S,42,0,0
2026/07/19 22:45,05F0287S,05F0309S,5,0,0
2026/07/19 22:45,05F0309S,05F0439S,31,482,36
2026/07/19 22:45,05F0309S,05F0439S,32,493,6
2026/07/19 22:45,05F0309S,05F0439S,41,526,1
2026/07/19 22:45,05F0309S,05F0439S,42,607,1
2026/07/19 22:45,05F0309S,05F0439S,5,532,1
2026/07/19 22:45,05F0439S,05F0494S,31,188,12
2026/07/19 22:45,05F0439S,05F0494S,32,217,5
2026/07/19 22:45,05F0439S,05F0494S,41,0,0
2026/07/19 22:45,05F0439S,05F0494S,42,0,0
2026/07/19 22:45,05F0439S,05F0494S,5,222,1
2026/07/19 22:50,05F0000S,05F0055S,31,228,51
2026/07/19 22:50,05F0000S,05F0055S,32,244,9
2026/07/19 22:50,05F0000S,05F0055S,41,247,3
2026/07/19 22:50,05F0000S,05F0055S,42,0,0
2026/07/19 22:50,05F0000S,05F0055S,5,0,0
2026/07/19 22:50,05F0055S,05F0287S,31,948,58
2026/07/19 22:50,05F0055S,05F0287S,32,962,9
2026/07/19 22:50,05F0055S,05F0287S,41,993,6
2026/07/19 22:50,05F0055S,05F0287S,42,0,0
2026/07/19 22:50,05F0055S,05F0287S,5,0,0
2026/07/19 22:50,05F0287S,05F0309S,31,85,66
2026/07/19 22:50,05F0287S,05F0309S,32,89,12
2026/07/19 22:50,05F0287S,05F0309S,41,92,5
2026/07/19 22:50,05F0287S,05F0309S,42,0,0
2026/07/19 22:50,05F0287S,05F0309S,5,0,0
2026/07/19 22:50,05F0309S,05F0439S,31,495,22
2026/07/19 22:50,05F0309S,05F0439S,32,490,3
2026/07/19 22:50,05F0309S,05F0439S,41,525,3
2026/07/19 22:50,05F0309S,05F0439S,42,521,1
2026/07/19 22:50,05F0309S,05F0439S,5,0,0
2026/07/19 22:50,05F0439S,05F0494S,31,210,13
2026/07/19 22:50,05F0439S,05F0494S,32,206,1
2026/07/19 22:50,05F0439S,05F0494S,41,211,1
2026/07/19 22:50,05F0439S,05F0494S,42,263,1
2026/07/19 22:50,05F0439S,05F0494S,5,0,0
2026/07/19 22:55,05F0000S,05F0055S,31,232,50
2026/07/19 22:55,05F0000S,05F0055S,32,235,12
2026/07/19 22:55,05F0000S,05F0055S,41,234,6
2026/07/19 22:55,05F0000S,05F0055S,42,0,0
2026/07/19 22:55,05F0000S,05F0055S,5,0,0
2026/07/19 22:55,05F0055S,05F0287S,31,910,60
2026/07/19 22:55,05F0055S,05F0287S,32,928,16
2026/07/19 22:55,05F0055S,05F0287S,41,983,3
2026/07/19 22:55,05F0055S,05F0287S,42,0,0
2026/07/19 22:55,05F0055S,05F0287S,5,0,0
2026/07/19 22:55,05F0287S,05F0309S,31,82,48
2026/07/19 22:55,05F0287S,05F0309S,32,83,12
2026/07/19 22:55,05F0287S,05F0309S,41,97,3
2026/07/19 22:55,05F0287S,05F0309S,42,0,0
2026/07/19 22:55,05F0287S,05F0309S,5,0,0
2026/07/19 22:55,05F0309S,05F0439S,31,485,41
2026/07/19 22:55,05F0309S,05F0439S,32,491,2
2026/07/19 22:55,05F0309S,05F0439S,41,530,2
2026/07/19 22:55,05F0309S,05F0439S,42,0,0
2026/07/19 22:55,05F0309S,05F0439S,5,0,0
2026/07/19 22:55,05F0439S,05F0494S,31,211,13
2026/07/19 22:55,05F0439S,05F0494S,32,220,1
2026/07/19 22:55,05F0439S,05F0494S,41,0,0
2026/07/19 22:55,05F0439S,05F0494S,42,0,0
2026/07/19 22:55,05F0439S,05F0494S,5,0,0
2026/07/19 23:00,05F0000S,05F0055S,31,232,42
2026/07/19 23:00,05F0000S,05F0055S,32,241,8
2026/07/19 23:00,05F0000S,05F0055S,41,248,2
2026/07/19 23:00,05F0000S,05F0055S,42,0,0
2026/07/19 23:00,05F0000S,05F0055S,5,0,0
2026/07/19 23:00,05F0055S,05F0287S,31,954,50
2026/07/19 23:00,05F0055S,05F0287S,32,956,18
2026/07/19 23:00,05F0055S,05F0287S,41,976,4
2026/07/19 23:00,05F0055S,05F0287S,42,0,0
2026/07/19 23:00,05F0055S,05F0287S,5,0,0
2026/07/19 23:00,05F0287S,05F0309S,31,84,38
2026/07/19 23:00,05F0287S,05F0309S,32,87,16
2026/07/19 23:00,05F0287S,05F0309S,41,95,4
2026/07/19 23:00,05F0287S,05F0309S,42,0,0
2026/07/19 23:00,05F0287S,05F0309S,5,0,0
2026/07/19 23:00,05F0309S,05F0439S,31,477,33
2026/07/19 23:00,05F0309S,05F0439S,32,438,9
2026/07/19 23:00,05F0309S,05F0439S,41,528,4
2026/07/19 23:00,05F0309S,05F0439S,42,0,0
2026/07/19 23:00,05F0309S,05F0439S,5,492,2
2026/07/19 23:00,05F0439S,05F0494S,31,196,11
2026/07/19 23:00,05F0439S,05F0494S,32,196,5
2026/07/19 23:00,05F0439S,05F0494S,41,0,0
2026/07/19 23:00,05F0439S,05F0494S,42,0,0
2026/07/19 23:00,05F0439S,05F0494S,5,0,0
2026/07/19 23:05,05F0000S,05F0055S,31,229,48
2026/07/19 23:05,05F0000S,05F0055S,32,225,8
2026/07/19 23:05,05F0000S,05F0055S,41,239,3
2026/07/19 23:05,05F0000S,05F0055S,42,0,0
2026/07/19 23:05,05F0000S,05F0055S,5,0,0
2026/07/19 23:05,05F0055S,05F0287S,31,957,55
2026/07/19 23:05,05F0055S,05F0287S,32,975,11
2026/07/19 23:05,05F0055S,05F0287S,41,1007,6
2026/07/19 23:05,05F0055S,05F0287S,42,0,0
2026/07/19 23:05,05F0055S,05F0287S,5,0,0
2026/07/19 23:05,05F0287S,05F0309S,31,85,51
2026/07/19 23:05,05F0287S,05F0309S,32,87,8
2026/07/19 23:05,05F0287S,05F0309S,41,93,8
2026/07/19 23:05,05F0287S,05F0309S,42,0,0
2026/07/19 23:05,05F0287S,05F0309S,5,0,0
2026/07/19 23:05,05F0309S,05F0439S,31,464,32
2026/07/19 23:05,05F0309S,05F0439S,32,486,6
2026/07/19 23:05,05F0309S,05F0439S,41,536,3
2026/07/19 23:05,05F0309S,05F0439S,42,526,2
2026/07/19 23:05,05F0309S,05F0439S,5,567,1
2026/07/19 23:05,05F0439S,05F0494S,31,202,13
2026/07/19 23:05,05F0439S,05F0494S,32,203,4
2026/07/19 23:05,05F0439S,05F0494S,41,0,0
2026/07/19 23:05,05F0439S,05F0494S,42,194,1
2026/07/19 23:05,05F0439S,05F0494S,5,208,2
2026/07/19 23:10,05F0000S,05F0055S,31,227,32
2026/07/19 23:10,05F0000S,05F0055S,32,230,9
2026/07/19 23:10,05F0000S,05F0055S,41,227,2
2026/07/19 23:10,05F0000S,05F0055S,42,0,0
2026/07/19 23:10,05F0000S,05F0055S,5,0,0
2026/07/19 23:10,05F0055S,05F0287S,31,955,64
2026/07/19 23:10,05F0055S,05F0287S,32,956,17
2026/07/19 23:10,05F0055S,05F0287S,41,965,7
2026/07/19 23:10,05F0055S,05F0287S,42,0,0
2026/07/19 23:10,05F0055S,05F0287S,5,0,0
2026/07/19 23:10,05F0287S,05F0309S,31,86,51
2026/07/19 23:10,05F0287S,05F0309S,32,88,16
2026/07/19 23:10,05F0287S,05F0309S,41,92,3
2026/07/19 23:10,05F0287S,05F0309S,42,0,0
2026/07/19 23:10,05F0287S,05F0309S,5,0,0
2026/07/19 23:10,05F0309S,05F0439S,31,485,28
2026/07/19 23:10,05F0309S,05F0439S,32,498,11
2026/07/19 23:10,05F0309S,05F0439S,41,528,3
2026/07/19 23:10,05F0309S,05F0439S,42,510,1
2026/07/19 23:10,05F0309S,05F0439S,5,0,0
2026/07/19 23:10,05F0439S,05F0494S,31,208,7
2026/07/19 23:10,05F0439S,05F0494S,32,205,3
2026/07/19 23:10,05F0439S,05F0494S,41,0,0
2026/07/19 23:10,05F0439S,05F0494S,42,265,1
2026/07/19 23:10,05F0439S,05F0494S,5,244,1
2026/07/19 23:15,05F0000S,05F0055S,31,232,43
2026/07/19 23:15,05F0000S,05F0055S,32,225,6
2026/07/19 23:15,05F0000S,05F0055S,41,230,3
2026/07/19 23:15,05F0000S,05F0055S,42,0,0
2026/07/19 23:15,05F0000S,05F0055S,5,0,0
2026/07/19 23:15,05F0055S,05F0287S,31,938,47
2026/07/19 23:15,05F0055S,05F0287S,32,972,5
2026/07/19 23:15,05F0055S,05F0287S,41,975,1
2026/07/19 23:15,05F0055S,05F0287S,42,0,0
2026/07/19 23:15,05F0055S,05F0287S,5,0,0
2026/07/19 23:15,05F0287S,05F0309S,31,86,40
2026/07/19 23:15,05F0287S,05F0309S,32,86,7
2026/07/19 23:15,05F0287S,05F0309S,41,94,3
2026/07/19 23:15,05F0287S,05F0309S,42,0,0
2026/07/19 23:15,05F0287S,05F0309S,5,0,0
2026/07/19 23:15,05F0309S,05F0439S,31,477,32
2026/07/19 23:15,05F0309S,05F0439S,32,493,5
2026/07/19 23:15,05F0309S,05F0439S,41,534,2
2026/07/19 23:15,05F0309S,05F0439S,42,686,1
2026/07/19 23:15,05F0309S,05F0439S,5,0,0
2026/07/19 23:15,05F0439S,05F0494S,31,204,18
2026/07/19 23:15,05F0439S,05F0494S,32,209,3
2026/07/19 23:15,05F0439S,05F0494S,41,0,0
2026/07/19 23:15,05F0439S,05F0494S,42,212,1
2026/07/19 23:15,05F0439S,05F0494S,5,0,0
2026/07/19 23:20,05F0000S,05F0055S,31,225,29
2026/07/19 23:20,05F0000S,05F0055S,32,232,6
2026/07/19 23:20,05F0000S,05F0055S,41,234,2
2026/07/19 23:20,05F0000S,05F0055S,42,0,0
2026/07/19 23:20,05F0000S,05F0055S,5,0,0
2026/07/19 23:20,05F0055S,05F0287S,31,936,50
2026/07/19 23:20,05F0055S,05F0287S,32,930,10
2026/07/19 23:20,05F0055S,05F0287S,41,951,3
2026/07/19 23:20,05F0055S,05F0287S,42,0,0
2026/07/19 23:20,05F0055S,05F0287S,5,0,0
2026/07/19 23:20,05F0287S,05F0309S,31,85,39
2026/07/19 23:20,05F0287S,05F0309S,32,89,6
2026/07/19 23:20,05F0287S,05F0309S,41,92,1
2026/07/19 23:20,05F0287S,05F0309S,42,0,0
2026/07/19 23:20,05F0287S,05F0309S,5,0,0
2026/07/19 23:20,05F0309S,05F0439S,31,479,31
2026/07/19 23:20,05F0309S,05F0439S,32,493,7
2026/07/19 23:20,05F0309S,05F0439S,41,520,4
2026/07/19 23:20,05F0309S,05F0439S,42,518,1
2026/07/19 23:20,05F0309S,05F0439S,5,486,1
2026/07/19 23:20,05F0439S,05F0494S,31,209,7
2026/07/19 23:20,05F0439S,05F0494S,32,202,3
2026/07/19 23:20,05F0439S,05F0494S,41,0,0
2026/07/19 23:20,05F0439S,05F0494S,42,242,2
2026/07/19 23:20,05F0439S,05F0494S,5,0,0
2026/07/19 23:25,05F0000S,05F0055S,31,231,40
2026/07/19 23:25,05F0000S,05F0055S,32,238,12
2026/07/19 23:25,05F0000S,05F0055S,41,234,1
2026/07/19 23:25,05F0000S,05F0055S,42,0,0
2026/07/19 23:25,05F0000S,05F0055S,5,0,0
2026/07/19 23:25,05F0055S,05F0287S,31,932,36
2026/07/19 23:25,05F0055S,05F0287S,32,939,10
2026/07/19 23:25,05F0055S,05F0287S,41,971,3
2026/07/19 23:25,05F0055S,05F0287S,42,0,0
2026/07/19 23:25,05F0055S,05F0287S,5,0,0
2026/07/19 23:25,05F0287S,05F0309S,31,85,30
2026/07/19 23:25,05F0287S,05F0309S,32,88,10
2026/07/19 23:25,05F0287S,05F0309S,41,90,4
2026/07/19 23:25,05F0287S,05F0309S,42,0,0
2026/07/19 23:25,05F0287S,05F0309S,5,0,0
2026/07/19 23:25,05F0309S,05F0439S,31,489,23
2026/07/19 23:25,05F0309S,05F0439S,32,496,6
2026/07/19 23:25,05F0309S,05F0439S,41,0,0
2026/07/19 23:25,05F0309S,05F0439S,42,0,0
2026/07/19 23:25,05F0309S,05F0439S,5,0,0
2026/07/19 23:25,05F0439S,05F0494S,31,210,11
2026/07/19 23:25,05F0439S,05F0494S,32,199,2
2026/07/19 23:25,05F0439S,05F0494S,41,0,0
2026/07/19 23:25,05F0439S,05F0494S,42,0,0
2026/07/19 23:25,05F0439S,05F0494S,5,204,1
2026/07/19 23:30,05F0000S,05F0055S,31,234,45
2026/07/19 23:30,05F0000S,05F0055S,32,232,12
2026/07/19 23:30,05F0000S,05F0055S,41,234,4
2026/07/19 23:30,05F0000S,05F0055S,42,0,0
2026/07/19 23:30,05F0000S,05F0055S,5,0,0
2026/07/19 23:30,05F0055S,05F0287S,31,948,34
2026/07/19 23:30,05F0055S,05F0287S,32,956,5
2026/07/19 23:30,05F0055S,05F0287S,41,978,3
2026/07/19 23:30,05F0055S,05F0287S,42,0,0
2026/07/19 23:30,05F0055S,05F0287S,5,0,0
2026/07/19 23:30,05F0287S,05F0309S,31,85,27
2026/07/19 23:30,05F0287S,05F0309S,32,83,2
2026/07/19 23:30,05F0287S,05F0309S,41,94,5
2026/07/19 23:30,05F0287S,05F0309S,42,0,0
2026/07/19 23:30,05F0287S,05F0309S,5,0,0
2026/07/19 23:30,05F0309S,05F0439S,31,479,29
2026/07/19 23:30,05F0309S,05F0439S,32,510,4
2026/07/19 23:30,05F0309S,05F0439S,41,510,1
2026/07/19 23:30,05F0309S,05F0439S,42,658,1
2026/07/19 23:30,05F0309S,05F0439S,5,0,0
2026/07/19 23:30,05F0439S,05F0494S,31,208,8
2026/07/19 23:30,05F0439S,05F0494S,32,208,4
2026/07/19 23:30,05F0439S,05F0494S,41,0,0
2026/07/19 23:30,05F0439S,05F0494S,42,0,0
2026/07/19 23:30,05F0439S,05F0494S,5,0,0
2026/07/19 23:35,05F0000S,05F0055S,31,235,29
2026/07/19 23:35,05F0000S,05F0055S,32,224,7
2026/07/19 23:35,05F0000S,05F0055S,41,268,1
2026/07/19 23:35,05F0000S,05F0055S,42,0,0
2026/07/19 23:35,05F0000S,05F0055S,5,0,0
2026/07/19 23:35,05F0055S,05F0287S,31,930,28
2026/07/19 23:35,05F0055S,05F0287S,32,938,7
2026/07/19 23:35,05F0055S,05F0287S,41,0,0
2026/07/19 23:35,05F0055S,05F0287S,42,0,0
2026/07/19 23:35,05F0055S,05F0287S,5,0,0
2026/07/19 23:35,05F0287S,05F0309S,31,85,26
2026/07/19 23:35,05F0287S,05F0309S,32,84,6
2026/07/19 23:35,05F0287S,05F0309S,41,0,0
2026/07/19 23:35,05F0287S,05F0309S,42,0,0
2026/07/19 23:35,05F0287S,05F0309S,5,0,0
2026/07/19 23:35,05F0309S,05F0439S,31,497,13
2026/07/19 23:35,05F0309S,05F0439S,32,484,4
2026/07/19 23:35,05F0309S,05F0439S,41,528,4
2026/07/19 23:35,05F0309S,05F0439S,42,0,0
2026/07/19 23:35,05F0309S,05F0439S,5,0,0
2026/07/19 23:35,05F0439S,05F0494S,31,201,9
2026/07/19 23:35,05F0439S,05F0494S,32,232,1
2026/07/19 23:35,05F0439S,05F0494S,41,0,0
2026/07/19 23:35,05F0439S,05F0494S,42,255,1
2026/07/19 23:35,05F0439S,05F0494S,5,0,0
2026/07/19 23:40,05F0000S,05F0055S,31,230,30
2026/07/19 23:40,05F0000S,05F0055S,32,224,7
2026/07/19 23:40,05F0000S,05F0055S,41,266,3
2026/07/19 23:40,05F0000S,05F0055S,42,0,0
2026/07/19 23:40,05F0000S,05F0055S,5,0,0
2026/07/19 23:40,05F0055S,05F0287S,31,943,48
2026/07/19 23:40,05F0055S,05F0287S,32,951,13
2026/07/19 23:40,05F0055S,05F0287S,41,1191,2
2026/07/19 23:40,05F0055S,05F0287S,42,0,0
2026/07/19 23:40,05F0055S,05F0287S,5,0,0
2026/07/19 23:40,05F0287S,05F0309S,31,87,30
2026/07/19 23:40,05F0287S,05F0309S,32,92,7
2026/07/19 23:40,05F0287S,05F0309S,41,93,1
2026/07/19 23:40,05F0287S,05F0309S,42,0,0
2026/07/19 23:40,05F0287S,05F0309S,5,0,0
2026/07/19 23:40,05F0309S,05F0439S,31,480,15
2026/07/19 23:40,05F0309S,05F0439S,32,432,5
2026/07/19 23:40,05F0309S,05F0439S,41,539,1
2026/07/19 23:40,05F0309S,05F0439S,42,517,3
2026/07/19 23:40,05F0309S,05F0439S,5,567,1
2026/07/19 23:40,05F0439S,05F0494S,31,204,7
2026/07/19 23:40,05F0439S,05F0494S,32,203,4
2026/07/19 23:40,05F0439S,05F0494S,41,0,0
2026/07/19 23:40,05F0439S,05F0494S,42,0,0
2026/07/19 23:40,05F0439S,05F0494S,5,231,1
2026/07/19 23:45,05F0000S,05F0055S,31,229,36
2026/07/19 23:45,05F0000S,05F0055S,32,216,6
2026/07/19 23:45,05F0000S,05F0055S,41,229,3
2026/07/19 23:45,05F0000S,05F0055S,42,0,0
2026/07/19 23:45,05F0000S,05F0055S,5,0,0
2026/07/19 23:45,05F0055S,05F0287S,31,935,44
2026/07/19 23:45,05F0055S,05F0287S,32,932,9
2026/07/19 23:45,05F0055S,05F0287S,41,971,3
2026/07/19 23:45,05F0055S,05F0287S,42,0,0
2026/07/19 23:45,05F0055S,05F0287S,5,0,0
2026/07/19 23:45,05F0287S,05F0309S,31,86,31
2026/07/19 23:45,05F0287S,05F0309S,32,90,11
2026/07/19 23:45,05F0287S,05F0309S,41,92,3
2026/07/19 23:45,05F0287S,05F0309S,42,0,0
2026/07/19 23:45,05F0287S,05F0309S,5,0,0
2026/07/19 23:45,05F0309S,05F0439S,31,492,14
2026/07/19 23:45,05F0309S,05F0439S,32,499,3
2026/07/19 23:45,05F0309S,05F0439S,41,0,0
2026/07/19 23:45,05F0309S,05F0439S,42,0,0
2026/07/19 23:45,05F0309S,05F0439S,5,0,0
2026/07/19 23:45,05F0439S,05F0494S,31,203,4
2026/07/19 23:45,05F0439S,05F0494S,32,176,2
2026/07/19 23:45,05F0439S,05F0494S,41,0,0
2026/07/19 23:45,05F0439S,05F0494S,42,0,0
2026/07/19 23:45,05F0439S,05F0494S,5,0,0
2026/07/19 23:50,05F0000S,05F0055S,31,230,38
2026/07/19 23:50,05F0000S,05F0055S,32,215,6
2026/07/19 23:50,05F0000S,05F0055S,41,231,1
2026/07/19 23:50,05F0000S,05F0055S,42,0,0
2026/07/19 23:50,05F0000S,05F0055S,5,0,0
2026/07/19 23:50,05F0055S,05F0287S,31,956,33
2026/07/19 23:50,05F0055S,05F0287S,32,924,8
2026/07/19 23:50,05F0055S,05F0287S,41,1005,2
2026/07/19 23:50,05F0055S,05F0287S,42,0,0
2026/07/19 23:50,05F0055S,05F0287S,5,0,0
2026/07/19 23:50,05F0287S,05F0309S,31,82,16
2026/07/19 23:50,05F0287S,05F0309S,32,89,6
2026/07/19 23:50,05F0287S,05F0309S,41,93,3
2026/07/19 23:50,05F0287S,05F0309S,42,0,0
2026/07/19 23:50,05F0287S,05F0309S,5,0,0
2026/07/19 23:50,05F0309S,05F0439S,31,489,21
2026/07/19 23:50,05F0309S,05F0439S,32,450,9
2026/07/19 23:50,05F0309S,05F0439S,41,528,1
2026/07/19 23:50,05F0309S,05F0439S,42,502,1
2026/07/19 23:50,05F0309S,05F0439S,5,0,0
2026/07/19 23:50,05F0439S,05F0494S,31,209,6
2026/07/19 23:50,05F0439S,05F0494S,32,203,4
2026/07/19 23:50,05F0439S,05F0494S,41,0,0
2026/07/19 23:50,05F0439S,05F0494S,42,0,0
2026/07/19 23:50,05F0439S,05F0494S,5,247,1
2026/07/19 23:55,05F0000S,05F0055S,31,232,32
2026/07/19 23:55,05F0000S,05F0055S,32,234,14
2026/07/19 23:55,05F0000S,05F0055S,41,0,0
2026/07/19 23:55,05F0000S,05F0055S,42,0,0
2026/07/19 23:55,05F0000S,05F0055S,5,0,0
2026/07/19 23:55,05F0055S,05F0287S,31,930,35
2026/07/19 23:55,05F0055S,05F0287S,32,922,8
2026/07/19 23:55,05F0055S,05F0287S,41,1026,4
2026/07/19 23:55,05F0055S,05F0287S,42,0,0
2026/07/19 23:55,05F0055S,05F0287S,5,0,0
2026/07/19 23:55,05F0287S,05F0309S,31,85,30
2026/07/19 23:55,05F0287S,05F0309S,32,89,4
2026/07/19 23:55,05F0287S,05F0309S,41,91,2
2026/07/19 23:55,05F0287S,05F0309S,42,0,0
2026/07/19 23:55,05F0287S,05F0309S,5,0,0
2026/07/19 23:55,05F0309S,05F0439S,31,489,10
2026/07/19 23:55,05F0309S,05F0439S,32,501,1
2026/07/19 23:55,05F0309S,05F0439S,41,538,1
2026/07/19 23:55,05F0309S,05F0439S,42,0,0
2026/07/19 23:55,05F0309S,05F0439S,5,0,0
2026/07/19 23:55,05F0439S,05F0494S,31,209,9
2026/07/19 23:55,05F0439S,05F0494S,32,199,5
2026/07/19 23:55,05F0439S,05F0494S,41,0,0
2026/07/19 23:55,05F0439S,05F0494S,42,215,1
2026/07/19 23:55,05F0439S,05F0494S,5,0,0
