2025/04/01 00:00,05F0000S,05F0055S,31,240,16
2025/04/01 00:00,05F0000S,05F0055S,32,238,6
2025/04/01 00:00,05F0000S,05F0055S,41,0,0
2025/04/01 00:00,05F0000S,05F0055S,42,0,0
2025/04/01 00:00,05F0000S,05F0055S,5,0,0
2025/04/01 00:00,05F0055S,05F0287S,31,964,23
2025/04/01 00:00,05F0055S,05F0287S,32,937,7
2025/04/01 00:00,05F0055S,05F0287S,41,1096,1
2025/04/01 00:00,05F0055S,05F0287S,42,0,0
2025/04/01 00:00,05F0055S,05F0287S,5,0,0
2025/04/01 00:00,05F0287S,05F0309S,31,85,21
2025/04/01 00:00,05F0287S,05F0309S,32,84,7
2025/04/01 00:00,05F0287S,05F0309S,41,94,1
2025/04/01 00:00,05F0287S,05F0309S,42,0,0
2025/04/01 00:00,05F0287S,05F0309S,5,0,0
2025/04/01 00:00,05F0309S,05F0439S,31,496,13
2025/04/01 00:00,05F0309S,05F0439S,32,497,1
2025/04/01 00:00,05F0309S,05F0439S,41,521,1
2025/04/01 00:00,05F0309S,05F0439S,42,489,2
2025/04/01 00:00,05F0309S,05F0439S,5,0,0
2025/04/01 00:00,05F0439S,05F0494S,31,209,5
2025/04/01 00:00,05F0439S,05F0494S,32,0,0
2025/04/01 00:00,05F0439S,05F0494S,41,0,0
2025/04/01 00:00,05F0439S,05F0494S,42,0,0
2025/04/01 00:00,05F0439S,05F0494S,5,208,2
2025/04/01 00:05,05F0000S,05F0055S,31,225,15
2025/04/01 00:05,05F0000S,05F0055S,32,238,8
2025/04/01 00:05,05F0000S,05F0055S,41,0,0
2025/04/01 00:05,05F0000S,05F0055S,42,0,0
2025/04/01 00:05,05F0000S,05F0055S,5,0,0
2025/04/01 00:05,05F0055S,05F0287S,31,953,31
2025/04/01 00:05,05F0055S,05F0287S,32,1000,8
2025/04/01 00:05,05F0055S,05F0287S,41,969,4
2025/04/01 00:05,05F0055S,05F0287S,42,0,0
2025/04/01 00:05,05F0055S,05F0287S,5,0,0
2025/04/01 00:05,05F0287S,05F0309S,31,85,22
2025/04/01 00:05,05F0287S,05F0309S,32,92,7
2025/04/01 00:05,05F0287S,05F0309S,41,0,0
2025/04/01 00:05,05F0287S,05F0309S,42,0,0
2025/04/01 00:05,05F0287S,05F0309S,5,0,0
2025/04/01 00:05,05F0309S,05F0439S,31,480,8
2025/04/01 00:05,05F0309S,05F0439S,32,0,0
2025/04/01 00:05,05F0309S,05F0439S,41,1428,2
2025/04/01 00:05,05F0309S,05F0439S,42,510,2
2025/04/01 00:05,05F0309S,05F0439S,5,0,0
2025/04/01 00:05,05F0439S,05F0494S,31,201,5
2025/04/01 00:05,05F0439S,05F0494S,32,0,0
2025/04/01 00:05,05F0439S,05F0494S,41,0,0
2025/04/01 00:05,05F0439S,05F0494S,42,214,2
2025/04/01 00:05,05F0439S,05F0494S,5,0,0
2025/04/01 00:10,05F0000S,05F0055S,31,233,22
2025/04/01 00:10,05F0000S,05F0055S,32,234,5
2025/04/01 00:10,05F0000S,05F0055S,41,231,1
2025/04/01 00:10,05F0000S,05F0055S,42,0,0
2025/04/01 00:10,05F0000S,05F0055S,5,0,0
2025/04/01 00:10,05F0055S,05F0287S,31,970,14
2025/04/01 00:10,05F0055S,05F0287S,32,956,6
2025/04/01 00:10,05F0055S,05F0287S,41,0,0
2025/04/01 00:10,05F0055S,05F0287S,42,0,0
2025/04/01 00:10,05F0055S,05F0287S,5,0,0
2025/04/01 00:10,05F0287S,05F0309S,31,87,15
2025/04/01 00:10,05F0287S,05F0309S,32,86,2
2025/04/01 00:10,05F0287S,05F0309S,41,91,4
2025/04/01 00:10,05F0287S,05F0309S,42,0,0
2025/04/01 00:10,05F0287S,05F0309S,5,0,0
2025/04/01 00:10,05F0309S,05F0439S,31,475,14
2025/04/01 00:10,05F0309S,05F0439S,32,476,5
2025/04/01 00:10,05F0309S,05F0439S,41,0,0
2025/04/01 00:10,05F0309S,05F0439S,42,0,0
2025/04/01 00:10,05F0309S,05F0439S,5,0,0
2025/04/01 00:10,05F0439S,05F0494S,31,204,6
2025/04/01 00:10,05F0439S,05F0494S,32,203,1
2025/04/01 00:10,05F0439S,05F0494S,41,0,0
2025/04/01 00:10,05F0439S,05F0494S,42,214,1
2025/04/01 00:10,05F0439S,05F0494S,5,0,0
2025/04/01 00:15,05F0000S,05F0055S,31,240,11
2025/04/01 00:15,05F0000S,05F0055S,32,243,4
2025/04/01 00:15,05F0000S,05F0055S,41,0,0
2025/04/01 00:15,05F0000S,05F0055S,42,0,0
2025/04/01 00:15,05F0000S,05F0055S,5,0,0
2025/04/01 00:15,05F0055S,05F0287S,31,941,16
2025/04/01 00:15,05F0055S,05F0287S,32,946,9
2025/04/01 00:15,05F0055S,05F0287S,41,0,0
2025/04/01 00:15,05F0055S,05F0287S,42,0,0
2025/04/01 00:15,05F0055S,05F0287S,5,0,0
2025/04/01 00:15,05F0287S,05F0309S,31,89,13
2025/04/01 00:15,05F0287S,05F0309S,32,90,6
2025/04/01 00:15,05F0287S,05F0309S,41,0,0
2025/04/01 00:15,05F0287S,05F0309S,42,0,0
2025/04/01 00:15,05F0287S,05F0309S,5,0,0
2025/04/01 00:15,05F0309S,05F0439S,31,503,16
2025/04/01 00:15,05F0309S,05F0439S,32,529,3
2025/04/01 00:15,05F0309S,05F0439S,41,520,3
2025/04/01 00:15,05F0309S,05F0439S,42,506,2
2025/04/01 00:15,05F0309S,05F0439S,5,479,1
2025/04/01 00:15,05F0439S,05F0494S,31,232,8
2025/04/01 00:15,05F0439S,05F0494S,32,212,1
2025/04/01 00:15,05F0439S,05F0494S,41,0,0
2025/04/01 00:15,05F0439S,05F0494S,42,210,1
2025/04/01 00:15,05F0439S,05F0494S,5,0,0
2025/04/01 00:20,05F0000S,05F0055S,31,233,9
2025/04/01 00:20,05F0000S,05F0055S,32,242,13
2025/04/01 00:20,05F0000S,05F0055S,41,0,0
2025/04/01 00:20,05F0000S,05F0055S,42,0,0
2025/04/01 00:20,05F0000S,05F0055S,5,0,0
2025/04/01 00:20,05F0055S,05F0287S,31,951,21
2025/04/01 00:20,05F0055S,05F0287S,32,984,10
2025/04/01 00:20,05F0055S,05F0287S,41,0,0
2025/04/01 00:20,05F0055S,05F0287S,42,0,0
2025/04/01 00:20,05F0055S,05F0287S,5,0,0
2025/04/01 00:20,05F0287S,05F0309S,31,85,15
2025/04/01 00:20,05F0287S,05F0309S,32,92,8
2025/04/01 00:20,05F0287S,05F0309S,41,857,1
2025/04/01 00:20,05F0287S,05F0309S,42,0,0
2025/04/01 00:20,05F0287S,05F0309S,5,0,0
2025/04/01 00:20,05F0309S,05F0439S,31,499,14
2025/04/01 00:20,05F0309S,05F0439S,32,468,3
2025/04/01 00:20,05F0309S,05F0439S,41,564,1
2025/04/01 00:20,05F0309S,05F0439S,42,470,1
2025/04/01 00:20,05F0309S,05F0439S,5,562,3
2025/04/01 00:20,05F0439S,05F0494S,31,213,1
2025/04/01 00:20,05F0439S,05F0494S,32,209,2
2025/04/01 00:20,05F0439S,05F0494S,41,0,0
2025/04/01 00:20,05F0439S,05F0494S,42,223,1
2025/04/01 00:20,05F0439S,05F0494S,5,0,0
2025/04/01 00:25,05F0000S,05F0055S,31,239,20
2025/04/01 00:25,05F0000S,05F0055S,32,216,6
2025/04/01 00:25,05F0000S,05F0055S,41,0,0
2025/04/01 00:25,05F0000S,05F0055S,42,0,0
2025/04/01 00:25,05F0000S,05F0055S,5,0,0
2025/04/01 00:25,05F0055S,05F0287S,31,943,20
2025/04/01 00:25,05F0055S,05F0287S,32,955,6
2025/04/01 00:25,05F0055S,05F0287S,41,964,1
2025/04/01 00:25,05F0055S,05F0287S,42,0,0
2025/04/01 00:25,05F0055S,05F0287S,5,0,0
2025/04/01 00:25,05F0287S,05F0309S,31,80,13
2025/04/01 00:25,05F0287S,05F0309S,32,86,5
2025/04/01 00:25,05F0287S,05F0309S,41,0,0
2025/04/01 00:25,05F0287S,05F0309S,42,0,0
2025/04/01 00:25,05F0287S,05F0309S,5,0,0
2025/04/01 00:25,05F0309S,05F0439S,31,478,7
2025/04/01 00:25,05F0309S,05F0439S,32,494,4
2025/04/01 00:25,05F0309S,05F0439S,41,0,0
2025/04/01 00:25,05F0309S,05F0439S,42,581,2
2025/04/01 00:25,05F0309S,05F0439S,5,538,2
2025/04/01 00:25,05F0439S,05F0494S,31,226,4
2025/04/01 00:25,05F0439S,05F0494S,32,0,0
2025/04/01 00:25,05F0439S,05F0494S,41,0,0
2025/04/01 00:25,05F0439S,05F0494S,42,0,0
2025/04/01 00:25,05F0439S,05F0494S,5,238,3
2025/04/01 00:30,05F0000S,05F0055S,31,225,24
2025/04/01 00:30,05F0000S,05F0055S,32,231,8
2025/04/01 00:30,05F0000S,05F0055S,41,240,1
2025/04/01 00:30,05F0000S,05F0055S,42,0,0
2025/04/01 00:30,05F0000S,05F0055S,5,0,0
2025/04/01 00:30,05F0055S,05F0287S,31,982,14
2025/04/01 00:30,05F0055S,05F0287S,32,958,2
2025/04/01 00:30,05F0055S,05F0287S,41,0,0
2025/04/01 00:30,05F0055S,05F0287S,42,0,0
2025/04/01 00:30,05F0055S,05F0287S,5,0,0
2025/04/01 00:30,05F0287S,05F0309S,31,91,11
2025/04/01 00:30,05F0287S,05F0309S,32,93,3
2025/04/01 00:30,05F0287S,05F0309S,41,0,0
2025/04/01 00:30,05F0287S,05F0309S,42,0,0
2025/04/01 00:30,05F0287S,05F0309S,5,0,0
2025/04/01 00:30,05F0309S,05F0439S,31,480,11
2025/04/01 00:30,05F0309S,05F0439S,32,513,7
2025/04/01 00:30,05F0309S,05F0439S,41,526,1
2025/04/01 00:30,05F0309S,05F0439S,42,0,0
2025/04/01 00:30,05F0309S,05F0439S,5,502,2
2025/04/01 00:30,05F0439S,05F0494S,31,172,1
2025/04/01 00:30,05F0439S,05F0494S,32,0,0
2025/04/01 00:30,05F0439S,05F0494S,41,0,0
2025/04/01 00:30,05F0439S,05F0494S,42,0,0
2025/04/01 00:30,05F0439S,05F0494S,5,218,3
2025/04/01 00:35,05F0000S,05F0055S,31,235,10
2025/04/01 00:35,05F0000S,05F0055S,32,237,5
2025/04/01 00:35,05F0000S,05F0055S,41,0,0
2025/04/01 00:35,05F0000S,05F0055S,42,0,0
2025/04/01 00:35,05F0000S,05F0055S,5,0,0
2025/04/01 00:35,05F0055S,05F0287S,31,968,14
2025/04/01 00:35,05F0055S,05F0287S,32,963,12
2025/04/01 00:35,05F0055S,05F0287S,41,0,0
2025/04/01 00:35,05F0055S,05F0287S,42,0,0
2025/04/01 00:35,05F0055S,05F0287S,5,0,0
2025/04/01 00:35,05F0287S,05F0309S,31,87,12
2025/04/01 00:35,05F0287S,05F0309S,32,87,8
2025/04/01 00:35,05F0287S,05F0309S,41,0,0
2025/04/01 00:35,05F0287S,05F0309S,42,0,0
2025/04/01 00:35,05F0287S,05F0309S,5,0,0
2025/04/01 00:35,05F0309S,05F0439S,31,482,8
2025/04/01 00:35,05F0309S,05F0439S,32,489,4
2025/04/01 00:35,05F0309S,05F0439S,41,1968,1
2025/04/01 00:35,05F0309S,05F0439S,42,0,0
2025/04/01 00:35,05F0309S,05F0439S,5,0,0
2025/04/01 00:35,05F0439S,05F0494S,31,237,2
2025/04/01 00:35,05F0439S,05F0494S,32,208,3
2025/04/01 00:35,05F0439S,05F0494S,41,0,0
2025/04/01 00:35,05F0439S,05F0494S,42,0,0
2025/04/01 00:35,05F0439S,05F0494S,5,0,0
2025/04/01 00:40,05F0000S,05F0055S,31,226,19
2025/04/01 00:40,05F0000S,05F0055S,32,228,2
2025/04/01 00:40,05F0000S,05F0055S,41,0,0
2025/04/01 00:40,05F0000S,05F0055S,42,0,0
2025/04/01 00:40,05F0000S,05F0055S,5,0,0
2025/04/01 00:40,05F0055S,05F0287S,31,976,18
2025/04/01 00:40,05F0055S,05F0287S,32,982,7
2025/04/01 00:40,05F0055S,05F0287S,41,0,0
2025/04/01 00:40,05F0055S,05F0287S,42,0,0
2025/04/01 00:40,05F0055S,05F0287S,5,0,0
2025/04/01 00:40,05F0287S,05F0309S,31,86,10
2025/04/01 00:40,05F0287S,05F0309S,32,86,10
2025/04/01 00:40,05F0287S,05F0309S,41,0,0
2025/04/01 00:40,05F0287S,05F0309S,42,0,0
2025/04/01 00:40,05F0287S,05F0309S,5,0,0
2025/04/01 00:40,05F0309S,05F0439S,31,506,7
2025/04/01 00:40,05F0309S,05F0439S,32,526,4
2025/04/01 00:40,05F0309S,05F0439S,41,0,0
2025/04/01 00:40,05F0309S,05F0439S,42,582,1
2025/04/01 00:40,05F0309S,05F0439S,5,548,1
2025/04/01 00:40,05F0439S,05F0494S,31,216,5
2025/04/01 00:40,05F0439S,05F0494S,32,217,3
2025/04/01 00:40,05F0439S,05F0494S,41,0,0
2025/04/01 00:40,05F0439S,05F0494S,42,0,0
2025/04/01 00:40,05F0439S,05F0494S,5,0,0
2025/04/01 00:45,05F0000S,05F0055S,31,226,10
2025/04/01 00:45,05F0000S,05F0055S,32,208,2
2025/04/01 00:45,05F0000S,05F0055S,41,0,0
2025/04/01 00:45,05F0000S,05F0055S,42,0,0
2025/04/01 00:45,05F0000S,05F0055S,5,0,0
2025/04/01 00:45,05F0055S,05F0287S,31,945,27
2025/04/01 00:45,05F0055S,05F0287S,32,959,8
2025/04/01 00:45,05F0055S,05F0287S,41,1042,1
2025/04/01 00:45,05F0055S,05F0287S,42,0,0
2025/04/01 00:45,05F0055S,05F0287S,5,0,0
2025/04/01 00:45,05F0287S,05F0309S,31,84,20
2025/04/01 00:45,05F0287S,05F0309S,32,82,1
2025/04/01 00:45,05F0287S,05F0309S,41,0,0
2025/04/01 00:45,05F0287S,05F0309S,42,0,0
2025/04/01 00:45,05F0287S,05F0309S,5,0,0
2025/04/01 00:45,05F0309S,05F0439S,31,498,4
2025/04/01 00:45,05F0309S,05F0439S,32,473,7
2025/04/01 00:45,05F0309S,05F0439S,41,0,0
2025/04/01 00:45,05F0309S,05F0439S,42,0,0
2025/04/01 00:45,05F0309S,05F0439S,5,587,1
2025/04/01 00:45,05F0439S,05F0494S,31,223,2
2025/04/01 00:45,05F0439S,05F0494S,32,202,3
2025/04/01 00:45,05F0439S,05F0494S,41,0,0
2025/04/01 00:45,05F0439S,05F0494S,42,249,1
2025/04/01 00:45,05F0439S,05F0494S,5,228,1
2025/04/01 00:50,05F0000S,05F0055S,31,237,16
2025/04/01 00:50,05F0000S,05F0055S,32,248,3
2025/04/01 00:50,05F0000S,05F0055S,41,209,1
2025/04/01 00:50,05F0000S,05F0055S,42,0,0
2025/04/01 00:50,05F0000S,05F0055S,5,0,0
2025/04/01 00:50,05F0055S,05F0287S,31,932,9
2025/04/01 00:50,05F0055S,05F0287S,32,939,5
2025/04/01 00:50,05F0055S,05F0287S,41,0,0
2025/04/01 00:50,05F0055S,05F0287S,42,0,0
2025/04/01 00:50,05F0055S,05F0287S,5,0,0
2025/04/01 00:50,05F0287S,05F0309S,31,84,13
2025/04/01 00:50,05F0287S,05F0309S,32,84,7
2025/04/01 00:50,05F0287S,05F0309S,41,0,0
2025/04/01 00:50,05F0287S,05F0309S,42,0,0
2025/04/01 00:50,05F0287S,05F0309S,5,0,0
2025/04/01 00:50,05F0309S,05F0439S,31,466,7
2025/04/01 00:50,05F0309S,05F0439S,32,615,2
2025/04/01 00:50,05F0309S,05F0439S,41,0,0
2025/04/01 00:50,05F0309S,05F0439S,42,656,2
2025/04/01 00:50,05F0309S,05F0439S,5,494,1
2025/04/01 00:50,05F0439S,05F0494S,31,200,2
2025/04/01 00:50,05F0439S,05F0494S,32,198,2
2025/04/01 00:50,05F0439S,05F0494S,41,0,0
2025/04/01 00:50,05F0439S,05F0494S,42,0,0
2025/04/01 00:50,05F0439S,05F0494S,5,226,2
2025/04/01 00:55,05F0000S,05F0055S,31,234,9
2025/04/01 00:55,05F0000S,05F0055S,32,242,6
2025/04/01 00:55,05F0000S,05F0055S,41,234,1
2025/04/01 00:55,05F0000S,05F0055S,42,0,0
2025/04/01 00:55,05F0000S,05F0055S,5,0,0
2025/04/01 00:55,05F0055S,05F0287S,31,926,18
2025/04/01 00:55,05F0055S,05F0287S,32,997,4
2025/04/01 00:55,05F0055S,05F0287S,41,0,0
2025/04/01 00:55,05F0055S,05F0287S,42,0,0
2025/04/01 00:55,05F0055S,05F0287S,5,0,0
2025/04/01 00:55,05F0287S,05F0309S,31,78,9
2025/04/01 00:55,05F0287S,05F0309S,32,84,3
2025/04/01 00:55,05F0287S,05F0309S,41,0,0
2025/04/01 00:55,05F0287S,05F0309S,42,0,0
2025/04/01 00:55,05F0287S,05F0309S,5,0,0
2025/04/01 00:55,05F0309S,05F0439S,31,488,11
2025/04/01 00:55,05F0309S,05F0439S,32,474,3
2025/04/01 00:55,05F0309S,05F0439S,41,0,0
2025/04/01 00:55,05F0309S,05F0439S,42,543,1
2025/04/01 00:55,05F0309S,05F0439S,5,502,2
2025/04/01 00:55,05F0439S,05F0494S,31,226,3
2025/04/01 00:55,05F0439S,05F0494S,32,0,0
2025/04/01 00:55,05F0439S,05F0494S,41,0,0
2025/04/01 00:55,05F0439S,05F0494S,42,270,2
2025/04/01 00:55,05F0439S,05F0494S,5,0,0
2025/04/01 01:00,05F0000S,05F0055S,31,236,13
2025/04/01 01:00,05F0000S,05F0055S,32,236,4
2025/04/01 01:00,05F0000S,05F0055S,41,0,0
2025/04/01 01:00,05F0000S,05F0055S,42,0,0
2025/04/01 01:00,05F0000S,05F0055S,5,0,0
2025/04/01 01:00,05F0055S,05F0287S,31,961,13
2025/04/01 01:00,05F0055S,05F0287S,32,885,1
2025/04/01 01:00,05F0055S,05F0287S,41,887,1
2025/04/01 01:00,05F0055S,05F0287S,42,0,0
2025/04/01 01:00,05F0055S,05F0287S,5,0,0
2025/04/01 01:00,05F0287S,05F0309S,31,89,9
2025/04/01 01:00,05F0287S,05F0309S,32,90,1
2025/04/01 01:00,05F0287S,05F0309S,41,0,0
2025/04/01 01:00,05F0287S,05F0309S,42,0,0
2025/04/01 01:00,05F0287S,05F0309S,5,0,0
2025/04/01 01:00,05F0309S,05F0439S,31,466,7
2025/04/01 01:00,05F0309S,05F0439S,32,486,2
2025/04/01 01:00,05F0309S,05F0439S,41,0,0
2025/04/01 01:00,05F0309S,05F0439S,42,0,0
2025/04/01 01:00,05F0309S,05F0439S,5,528,1
2025/04/01 01:00,05F0439S,05F0494S,31,189,2
2025/04/01 01:00,05F0439S,05F0494S,32,189,1
2025/04/01 01:00,05F0439S,05F0494S,41,0,0
2025/04/01 01:00,05F0439S,05F0494S,42,231,1
2025/04/01 01:00,05F0439S,05F0494S,5,216,3
2025/04/01 01:05,05F0000S,05F0055S,31,231,14
2025/04/01 01:05,05F0000S,05F0055S,32,254,5
2025/04/01 01:05,05F0000S,05F0055S,41,256,1
2025/04/01 01:05,05F0000S,05F0055S,42,0,0
2025/04/01 01:05,05F0000S,05F0055S,5,0,0
2025/04/01 01:05,05F0055S,05F0287S,31,941,14
2025/04/01 01:05,05F0055S,05F0287S,32,971,3
2025/04/01 01:05,05F0055S,05F0287S,41,0,0
2025/04/01 01:05,05F0055S,05F0287S,42,0,0
2025/04/01 01:05,05F0055S,05F0287S,5,0,0
2025/04/01 01:05,05F0287S,05F0309S,31,86,9
2025/04/01 01:05,05F0287S,05F0309S,32,0,0
2025/04/01 01:05,05F0287S,05F0309S,41,0,0
2025/04/01 01:05,05F0287S,05F0309S,42,0,0
2025/04/01 01:05,05F0287S,05F0309S,5,0,0
2025/04/01 01:05,05F0309S,05F0439S,31,476,7
2025/04/01 01:05,05F0309S,05F0439S,32,532,3
2025/04/01 01:05,05F0309S,05F0439S,41,0,0
2025/04/01 01:05,05F0309S,05F0439S,42,0,0
2025/04/01 01:05,05F0309S,05F0439S,5,0,0
2025/04/01 01:05,05F0439S,05F0494S,31,197,2
2025/04/01 01:05,05F0439S,05F0494S,32,0,0
2025/04/01 01:05,05F0439S,05F0494S,41,0,0
2025/04/01 01:05,05F0439S,05F0494S,42,0,0
2025/04/01 01:05,05F0439S,05F0494S,5,0,0
2025/04/01 01:10,05F0000S,05F0055S,31,225,12
2025/04/01 01:10,05F0000S,05F0055S,32,223,7
2025/04/01 01:10,05F0000S,05F0055S,41,0,0
2025/04/01 01:10,05F0000S,05F0055S,42,0,0
2025/04/01 01:10,05F0000S,05F0055S,5,0,0
2025/04/01 01:10,05F0055S,05F0287S,31,987,12
2025/04/01 01:10,05F0055S,05F0287S,32,967,6
2025/04/01 01:10,05F0055S,05F0287S,41,0,0
2025/04/01 01:10,05F0055S,05F0287S,42,0,0
2025/04/01 01:10,05F0055S,05F0287S,5,0,0
2025/04/01 01:10,05F0287S,05F0309S,31,82,15
2025/04/01 01:10,05F0287S,05F0309S,32,86,5
2025/04/01 01:10,05F0287S,05F0309S,41,0,0
2025/04/01 01:10,05F0287S,05F0309S,42,0,0
2025/04/01 01:10,05F0287S,05F0309S,5,0,0
2025/04/01 01:10,05F0309S,05F0439S,31,485,8
2025/04/01 01:10,05F0309S,05F0439S,32,0,0
2025/04/01 01:10,05F0309S,05F0439S,41,0,0
2025/04/01 01:10,05F0309S,05F0439S,42,507,1
2025/04/01 01:10,05F0309S,05F0439S,5,479,1
2025/04/01 01:10,05F0439S,05F0494S,31,211,4
2025/04/01 01:10,05F0439S,05F0494S,32,221,1
2025/04/01 01:10,05F0439S,05F0494S,41,0,0
2025/04/01 01:10,05F0439S,05F0494S,42,0,0
2025/04/01 01:10,05F0439S,05F0494S,5,0,0
2025/04/01 01:15,05F0000S,05F0055S,31,233,13
2025/04/01 01:15,05F0000S,05F0055S,32,228,2
2025/04/01 01:15,05F0000S,05F0055S,41,0,0
2025/04/01 01:15,05F0000S,05F0055S,42,0,0
2025/04/01 01:15,05F0000S,05F0055S,5,0,0
2025/04/01 01:15,05F0055S,05F0287S,31,923,12
2025/04/01 01:15,05F0055S,05F0287S,32,941,6
2025/04/01 01:15,05F0055S,05F0287S,41,996,1
2025/04/01 01:15,05F0055S,05F0287S,42,0,0
2025/04/01 01:15,05F0055S,05F0287S,5,0,0
2025/04/01 01:15,05F0287S,05F0309S,31,86,6
2025/04/01 01:15,05F0287S,05F0309S,32,88,8
2025/04/01 01:15,05F0287S,05F0309S,41,0,0
2025/04/01 01:15,05F0287S,05F0309S,42,0,0
2025/04/01 01:15,05F0287S,05F0309S,5,0,0
2025/04/01 01:15,05F0309S,05F0439S,31,482,8
2025/04/01 01:15,05F0309S,05F0439S,32,527,2
2025/04/01 01:15,05F0309S,05F0439S,41,0,0
2025/04/01 01:15,05F0309S,05F0439S,42,529,1
2025/04/01 01:15,05F0309S,05F0439S,5,0,0
2025/04/01 01:15,05F0439S,05F0494S,31,221,2
2025/04/01 01:15,05F0439S,05F0494S,32,0,0
2025/04/01 01:15,05F0439S,05F0494S,41,0,0
2025/04/01 01:15,05F0439S,05F0494S,42,0,0
2025/04/01 01:15,05F0439S,05F0494S,5,202,1
2025/04/01 01:20,05F0000S,05F0055S,31,239,10
2025/04/01 01:20,05F0000S,05F0055S,32,251,3
2025/04/01 01:20,05F0000S,05F0055S,41,0,0
2025/04/01 01:20,05F0000S,05F0055S,42,0,0
2025/04/01 01:20,05F0000S,05F0055S,5,0,0
2025/04/01 01:20,05F0055S,05F0287S,31,951,14
2025/04/01 01:20,05F0055S,05F0287S,32,951,5
2025/04/01 01:20,05F0055S,05F0287S,41,0,0
2025/04/01 01:20,05F0055S,05F0287S,42,0,0
2025/04/01 01:20,05F0055S,05F0287S,5,0,0
2025/04/01 01:20,05F0287S,05F0309S,31,85,10
2025/04/01 01:20,05F0287S,05F0309S,32,86,2
2025/04/01 01:20,05F0287S,05F0309S,41,0,0
2025/04/01 01:20,05F0287S,05F0309S,42,0,0
2025/04/01 01:20,05F0287S,05F0309S,5,0,0
2025/04/01 01:20,05F0309S,05F0439S,31,457,1
2025/04/01 01:20,05F0309S,05F0439S,32,535,2
2025/04/01 01:20,05F0309S,05F0439S,41,0,0
2025/04/01 01:20,05F0309S,05F0439S,42,0,0
2025/04/01 01:20,05F0309S,05F0439S,5,532,1
2025/04/01 01:20,05F0439S,05F0494S,31,214,2
2025/04/01 01:20,05F0439S,05F0494S,32,239,1
2025/04/01 01:20,05F0439S,05F0494S,41,0,0
2025/04/01 01:20,05F0439S,05F0494S,42,228,1
2025/04/01 01:20,05F0439S,05F0494S,5,226,1
2025/04/01 01:25,05F0000S,05F0055S,31,229,13
2025/04/01 01:25,05F0000S,05F0055S,32,244,7
2025/04/01 01:25,05F0000S,05F0055S,41,0,0
2025/04/01 01:25,05F0000S,05F0055S,42,0,0
2025/04/01 01:25,05F0000S,05F0055S,5,0,0
2025/04/01 01:25,05F0055S,05F0287S,31,970,13
2025/04/01 01:25,05F0055S,05F0287S,32,976,7
2025/04/01 01:25,05F0055S,05F0287S,41,1065,1
2025/04/01 01:25,05F0055S,05F0287S,42,0,0
2025/04/01 01:25,05F0055S,05F0287S,5,0,0
2025/04/01 01:25,05F0287S,05F0309S,31,83,11
2025/04/01 01:25,05F0287S,05F0309S,32,83,6
2025/04/01 01:25,05F0287S,05F0309S,41,92,1
2025/04/01 01:25,05F0287S,05F0309S,42,0,0
2025/04/01 01:25,05F0287S,05F0309S,5,0,0
2025/04/01 01:25,05F0309S,05F0439S,31,499,11
2025/04/01 01:25,05F0309S,05F0439S,32,503,5
2025/04/01 01:25,05F0309S,05F0439S,41,0,0
2025/04/01 01:25,05F0309S,05F0439S,42,0,0
2025/04/01 01:25,05F0309S,05F0439S,5,555,3
2025/04/01 01:25,05F0439S,05F0494S,31,192,1
2025/04/01 01:25,05F0439S,05F0494S,32,214,2
2025/04/01 01:25,05F0439S,05F0494S,41,0,0
2025/04/01 01:25,05F0439S,05F0494S,42,0,0
2025/04/01 01:25,05F0439S,05F0494S,5,235,2
2025/04/01 01:30,05F0000S,05F0055S,31,225,8
2025/04/01 01:30,05F0000S,05F0055S,32,233,2
2025/04/01 01:30,05F0000S,05F0055S,41,0,0
2025/04/01 01:30,05F0000S,05F0055S,42,0,0
2025/04/01 01:30,05F0000S,05F0055S,5,0,0
2025/04/01 01:30,05F0055S,05F0287S,31,919,15
2025/04/01 01:30,05F0055S,05F0287S,32,945,5
2025/04/01 01:30,05F0055S,05F0287S,41,0,0
2025/04/01 01:30,05F0055S,05F0287S,42,0,0
2025/04/01 01:30,05F0055S,05F0287S,5,0,0
2025/04/01 01:30,05F0287S,05F0309S,31,86,11
2025/04/01 01:30,05F0287S,05F0309S,32,89,3
2025/04/01 01:30,05F0287S,05F0309S,41,0,0
2025/04/01 01:30,05F0287S,05F0309S,42,0,0
2025/04/01 01:30,05F0287S,05F0309S,5,0,0
2025/04/01 01:30,05F0309S,05F0439S,31,565,4
2025/04/01 01:30,05F0309S,05F0439S,32,480,2
2025/04/01 01:30,05F0309S,05F0439S,41,0,0
2025/04/01 01:30,05F0309S,05F0439S,42,645,1
2025/04/01 01:30,05F0309S,05F0439S,5,753,1
2025/04/01 01:30,05F0439S,05F0494S,31,213,4
2025/04/01 01:30,05F0439S,05F0494S,32,205,2
2025/04/01 01:30,05F0439S,05F0494S,41,0,0
2025/04/01 01:30,05F0439S,05F0494S,42,262,1
2025/04/01 01:30,05F0439S,05F0494S,5,237,1
2025/04/01 01:35,05F0000S,05F0055S,31,234,20
2025/04/01 01:35,05F0000S,05F0055S,32,283,1
2025/04/01 01:35,05F0000S,05F0055S,41,0,0
2025/04/01 01:35,05F0000S,05F0055S,42,0,0
2025/04/01 01:35,05F0000S,05F0055S,5,0,0
2025/04/01 01:35,05F0055S,05F0287S,31,991,9
2025/04/01 01:35,05F0055S,05F0287S,32,986,3
2025/04/01 01:35,05F0055S,05F0287S,41,0,0
2025/04/01 01:35,05F0055S,05F0287S,42,0,0
2025/04/01 01:35,05F0055S,05F0287S,5,0,0
2025/04/01 01:35,05F0287S,05F0309S,31,82,6
2025/04/01 01:35,05F0287S,05F0309S,32,86,2
2025/04/01 01:35,05F0287S,05F0309S,41,0,0
2025/04/01 01:35,05F0287S,05F0309S,42,0,0
2025/04/01 01:35,05F0287S,05F0309S,5,0,0
2025/04/01 01:35,05F0309S,05F0439S,31,449,7
2025/04/01 01:35,05F0309S,05F0439S,32,494,3
2025/04/01 01:35,05F0309S,05F0439S,41,523,1
2025/04/01 01:35,05F0309S,05F0439S,42,538,2
2025/04/01 01:35,05F0309S,05F0439S,5,0,0
2025/04/01 01:35,05F0439S,05F0494S,31,238,2
2025/04/01 01:35,05F0439S,05F0494S,32,218,2
2025/04/01 01:35,05F0439S,05F0494S,41,0,0
2025/04/01 01:35,05F0439S,05F0494S,42,0,0
2025/04/01 01:35,05F0439S,05F0494S,5,270,2
2025/04/01 01:40,05F0000S,05F0055S,31,233,9
2025/04/01 01:40,05F0000S,05F0055S,32,274,3
2025/04/01 01:40,05F0000S,05F0055S,41,0,0
2025/04/01 01:40,05F0000S,05F0055S,42,0,0
2025/04/01 01:40,05F0000S,05F0055S,5,0,0
2025/04/01 01:40,05F0055S,05F0287S,31,1005,14
2025/04/01 01:40,05F0055S,05F0287S,32,1007,6
2025/04/01 01:40,05F0055S,05F0287S,41,0,0
2025/04/01 01:40,05F0055S,05F0287S,42,0,0
2025/04/01 01:40,05F0055S,05F0287S,5,0,0
2025/04/01 01:40,05F0287S,05F0309S,31,87,5
2025/04/01 01:40,05F0287S,05F0309S,32,91,2
2025/04/01 01:40,05F0287S,05F0309S,41,0,0
2025/04/01 01:40,05F0287S,05F0309S,42,0,0
2025/04/01 01:40,05F0287S,05F0309S,5,0,0
2025/04/01 01:40,05F0309S,05F0439S,31,483,4
2025/04/01 01:40,05F0309S,05F0439S,32,535,2
2025/04/01 01:40,05F0309S,05F0439S,41,0,0
2025/04/01 01:40,05F0309S,05F0439S,42,543,2
2025/04/01 01:40,05F0309S,05F0439S,5,0,0
2025/04/01 01:40,05F0439S,05F0494S,31,256,1
2025/04/01 01:40,05F0439S,05F0494S,32,0,0
2025/04/01 01:40,05F0439S,05F0494S,41,0,0
2025/04/01 01:40,05F0439S,05F0494S,42,236,2
2025/04/01 01:40,05F0439S,05F0494S,5,0,0
2025/04/01 01:45,05F0000S,05F0055S,31,236,14
2025/04/01 01:45,05F0000S,05F0055S,32,248,4
2025/04/01 01:45,05F0000S,05F0055S,41,0,0
2025/04/01 01:45,05F0000S,05F0055S,42,0,0
2025/04/01 01:45,05F0000S,05F0055S,5,0,0
2025/04/01 01:45,05F0055S,05F0287S,31,937,11
2025/04/01 01:45,05F0055S,05F0287S,32,1015,4
2025/04/01 01:45,05F0055S,05F0287S,41,0,0
2025/04/01 01:45,05F0055S,05F0287S,42,0,0
2025/04/01 01:45,05F0055S,05F0287S,5,0,0
2025/04/01 01:45,05F0287S,05F0309S,31,82,13
2025/04/01 01:45,05F0287S,05F0309S,32,93,5
2025/04/01 01:45,05F0287S,05F0309S,41,0,0
2025/04/01 01:45,05F0287S,05F0309S,42,0,0
2025/04/01 01:45,05F0287S,05F0309S,5,0,0
2025/04/01 01:45,05F0309S,05F0439S,31,499,4
2025/04/01 01:45,05F0309S,05F0439S,32,492,1
2025/04/01 01:45,05F0309S,05F0439S,41,0,0
2025/04/01 01:45,05F0309S,05F0439S,42,0,0
2025/04/01 01:45,05F0309S,05F0439S,5,530,2
2025/04/01 01:45,05F0439S,05F0494S,31,214,1
2025/04/01 01:45,05F0439S,05F0494S,32,0,0
2025/04/01 01:45,05F0439S,05F0494S,41,0,0
2025/04/01 01:45,05F0439S,05F0494S,42,219,1
2025/04/01 01:45,05F0439S,05F0494S,5,0,0
2025/04/01 01:50,05F0000S,05F0055S,31,229,8
2025/04/01 01:50,05F0000S,05F0055S,32,208,9
2025/04/01 01:50,05F0000S,05F0055S,41,0,0
2025/04/01 01:50,05F0000S,05F0055S,42,0,0
2025/04/01 01:50,05F0000S,05F0055S,5,0,0
2025/04/01 01:50,05F0055S,05F0287S,31,940,18
2025/04/01 01:50,05F0055S,05F0287S,32,0,0
2025/04/01 01:50,05F0055S,05F0287S,41,0,0
2025/04/01 01:50,05F0055S,05F0287S,42,0,0
2025/04/01 01:50,05F0055S,05F0287S,5,0,0
2025/04/01 01:50,05F0287S,05F0309S,31,84,3
2025/04/01 01:50,05F0287S,05F0309S,32,76,1
2025/04/01 01:50,05F0287S,05F0309S,41,0,0
2025/04/01 01:50,05F0287S,05F0309S,42,0,0
2025/04/01 01:50,05F0287S,05F0309S,5,0,0
2025/04/01 01:50,05F0309S,05F0439S,31,455,5
2025/04/01 01:50,05F0309S,05F0439S,32,433,1
2025/04/01 01:50,05F0309S,05F0439S,41,0,0
2025/04/01 01:50,05F0309S,05F0439S,42,558,1
2025/04/01 01:50,05F0309S,05F0439S,5,549,1
2025/04/01 01:50,05F0439S,05F0494S,31,212,2
2025/04/01 01:50,05F0439S,05F0494S,32,208,1
2025/04/01 01:50,05F0439S,05F0494S,41,0,0
2025/04/01 01:50,05F0439S,05F0494S,42,0,0
2025/04/01 01:50,05F0439S,05F0494S,5,227,2
2025/04/01 01:55,05F0000S,05F0055S,31,240,11
2025/04/01 01:55,05F0000S,05F0055S,32,208,3
2025/04/01 01:55,05F0000S,05F0055S,41,0,0
2025/04/01 01:55,05F0000S,05F0055S,42,0,0
2025/04/01 01:55,05F0000S,05F0055S,5,0,0
2025/04/01 01:55,05F0055S,05F0287S,31,913,9
2025/04/01 01:55,05F0055S,05F0287S,32,995,2
2025/04/01 01:55,05F0055S,05F0287S,41,0,0
2025/04/01 01:55,05F0055S,05F0287S,42,0,0
2025/04/01 01:55,05F0055S,05F0287S,5,0,0
2025/04/01 01:55,05F0287S,05F0309S,31,86,15
2025/04/01 01:55,05F0287S,05F0309S,32,78,1
2025/04/01 01:55,05F0287S,05F0309S,41,0,0
2025/04/01 01:55,05F0287S,05F0309S,42,0,0
2025/04/01 01:55,05F0287S,05F0309S,5,0,0
2025/04/01 01:55,05F0309S,05F0439S,31,485,3
2025/04/01 01:55,05F0309S,05F0439S,32,538,3
2025/04/01 01:55,05F0309S,05F0439S,41,0,0
2025/04/01 01:55,05F0309S,05F0439S,42,0,0
2025/04/01 01:55,05F0309S,05F0439S,5,0,0
2025/04/01 01:55,05F0439S,05F0494S,31,203,3
2025/04/01 01:55,05F0439S,05F0494S,32,202,2
2025/04/01 01:55,05F0439S,05F0494S,41,0,0
2025/04/01 01:55,05F0439S,05F0494S,42,233,1
2025/04/01 01:55,05F0439S,05F0494S,5,0,0
2025/04/01 02:00,05F0000S,05F0055S,31,243,9
2025/04/01 02:00,05F0000S,05F0055S,32,208,6
2025/04/01 02:00,05F0000S,05F0055S,41,0,0
2025/04/01 02:00,05F0000S,05F0055S,42,0,0
2025/04/01 02:00,05F0000S,05F0055S,5,0,0
2025/04/01 02:00,05F0055S,05F0287S,31,961,14
2025/04/01 02:00,05F0055S,05F0287S,32,978,6
2025/04/01 02:00,05F0055S,05F0287S,41,0,0
2025/04/01 02:00,05F0055S,05F0287S,42,0,0
2025/04/01 02:00,05F0055S,05F0287S,5,0,0
2025/04/01 02:00,05F0287S,05F0309S,31,87,9
2025/04/01 02:00,05F0287S,05F0309S,32,96,2
2025/04/01 02:00,05F0287S,05F0309S,41,0,0
2025/04/01 02:00,05F0287S,05F0309S,42,0,0
2025/04/01 02:00,05F0287S,05F0309S,5,0,0
2025/04/01 02:00,05F0309S,05F0439S,31,492,9
2025/04/01 02:00,05F0309S,05F0439S,32,477,1
2025/04/01 02:00,05F0309S,05F0439S,41,0,0
2025/04/01 02:00,05F0309S,05F0439S,42,531,2
2025/04/01 02:00,05F0309S,05F0439S,5,539,1
2025/04/01 02:00,05F0439S,05F0494S,31,208,2
2025/04/01 02:00,05F0439S,05F0494S,32,0,0
2025/04/01 02:00,05F0439S,05F0494S,41,0,0
2025/04/01 02:00,05F0439S,05F0494S,42,0,0
2025/04/01 02:00,05F0439S,05F0494S,5,0,0
2025/04/01 02:05,05F0000S,05F0055S,31,234,7
2025/04/01 02:05,05F0000S,05F0055S,32,239,7
2025/04/01 02:05,05F0000S,05F0055S,41,0,0
2025/04/01 02:05,05F0000S,05F0055S,42,0,0
2025/04/01 02:05,05F0000S,05F0055S,5,0,0
2025/04/01 02:05,05F0055S,05F0287S,31,932,10
2025/04/01 02:05,05F0055S,05F0287S,32,915,8
2025/04/01 02:05,05F0055S,05F0287S,41,0,0
2025/04/01 02:05,05F0055S,05F0287S,42,0,0
2025/04/01 02:05,05F0055S,05F0287S,5,0,0
2025/04/01 02:05,05F0287S,05F0309S,31,79,8
2025/04/01 02:05,05F0287S,05F0309S,32,81,8
2025/04/01 02:05,05F0287S,05F0309S,41,0,0
2025/04/01 02:05,05F0287S,05F0309S,42,0,0
2025/04/01 02:05,05F0287S,05F0309S,5,0,0
2025/04/01 02:05,05F0309S,05F0439S,31,475,3
2025/04/01 02:05,05F0309S,05F0439S,32,0,0
2025/04/01 02:05,05F0309S,05F0439S,41,0,0
2025/04/01 02:05,05F0309S,05F0439S,42,0,0
2025/04/01 02:05,05F0309S,05F0439S,5,510,2
2025/04/01 02:05,05F0439S,05F0494S,31,202,6
2025/04/01 02:05,05F0439S,05F0494S,32,204,1
2025/04/01 02:05,05F0439S,05F0494S,41,0,0
2025/04/01 02:05,05F0439S,05F0494S,42,217,1
2025/04/01 02:05,05F0439S,05F0494S,5,0,0
2025/04/01 02:10,05F0000S,05F0055S,31,234,3
2025/04/01 02:10,05F0000S,05F0055S,32,224,3
2025/04/01 02:10,05F0000S,05F0055S,41,0,0
2025/04/01 02:10,05F0000S,05F0055S,42,0,0
2025/04/01 02:10,05F0000S,05F0055S,5,0,0
2025/04/01 02:10,05F0055S,05F0287S,31,973,10
2025/04/01 02:10,05F0055S,05F0287S,32,937,3
2025/04/01 02:10,05F0055S,05F0287S,41,0,0
2025/04/01 02:10,05F0055S,05F0287S,42,0,0
2025/04/01 02:10,05F0055S,05F0287S,5,0,0
2025/04/01 02:10,05F0287S,05F0309S,31,85,9
2025/04/01 02:10,05F0287S,05F0309S,32,77,3
2025/04/01 02:10,05F0287S,05F0309S,41,0,0
2025/04/01 02:10,05F0287S,05F0309S,42,0,0
2025/04/01 02:10,05F0287S,05F0309S,5,0,0
2025/04/01 02:10,05F0309S,05F0439S,31,473,6
2025/04/01 02:10,05F0309S,05F0439S,32,501,4
2025/04/01 02:10,05F0309S,05F0439S,41,0,0
2025/04/01 02:10,05F0309S,05F0439S,42,0,0
2025/04/01 02:10,05F0309S,05F0439S,5,528,2
2025/04/01 02:10,05F0439S,05F0494S,31,0,0
2025/04/01 02:10,05F0439S,05F0494S,32,0,0
2025/04/01 02:10,05F0439S,05F0494S,41,0,0
2025/04/01 02:10,05F0439S,05F0494S,42,0,0
2025/04/01 02:10,05F0439S,05F0494S,5,215,1
2025/04/01 02:15,05F0000S,05F0055S,31,245,8
2025/04/01 02:15,05F0000S,05F0055S,32,236,2
2025/04/01 02:15,05F0000S,05F0055S,41,0,0
2025/04/01 02:15,05F0000S,05F0055S,42,0,0
2025/04/01 02:15,05F0000S,05F0055S,5,0,0
2025/04/01 02:15,05F0055S,05F0287S,31,993,8
2025/04/01 02:15,05F0055S,05F0287S,32,968,6
2025/04/01 02:15,05F0055S,05F0287S,41,0,0
2025/04/01 02:15,05F0055S,05F0287S,42,0,0
2025/04/01 02:15,05F0055S,05F0287S,5,0,0
2025/04/01 02:15,05F0287S,05F0309S,31,90,4
2025/04/01 02:15,05F0287S,05F0309S,32,83,2
2025/04/01 02:15,05F0287S,05F0309S,41,0,0
2025/04/01 02:15,05F0287S,05F0309S,42,0,0
2025/04/01 02:15,05F0287S,05F0309S,5,0,0
2025/04/01 02:15,05F0309S,05F0439S,31,474,6
2025/04/01 02:15,05F0309S,05F0439S,32,457,3
2025/04/01 02:15,05F0309S,05F0439S,41,0,0
2025/04/01 02:15,05F0309S,05F0439S,42,513,2
2025/04/01 02:15,05F0309S,05F0439S,5,526,5
2025/04/01 02:15,05F0439S,05F0494S,31,207,3
2025/04/01 02:15,05F0439S,05F0494S,32,190,6
2025/04/01 02:15,05F0439S,05F0494S,41,0,0
2025/04/01 02:15,05F0439S,05F0494S,42,217,2
2025/04/01 02:15,05F0439S,05F0494S,5,238,2
2025/04/01 02:20,05F0000S,05F0055S,31,233,8
2025/04/01 02:20,05F0000S,05F0055S,32,230,4
2025/04/01 02:20,05F0000S,05F0055S,41,0,0
2025/04/01 02:20,05F0000S,05F0055S,42,0,0
2025/04/01 02:20,05F0000S,05F0055S,5,0,0
2025/04/01 02:20,05F0055S,05F0287S,31,962,9
2025/04/01 02:20,05F0055S,05F0287S,32,936,8
2025/04/01 02:20,05F0055S,05F0287S,41,0,0
2025/04/01 02:20,05F0055S,05F0287S,42,0,0
2025/04/01 02:20,05F0055S,05F0287S,5,0,0
2025/04/01 02:20,05F0287S,05F0309S,31,86,9
2025/04/01 02:20,05F0287S,05F0309S,32,84,4
2025/04/01 02:20,05F0287S,05F0309S,41,0,0
2025/04/01 02:20,05F0287S,05F0309S,42,0,0
2025/04/01 02:20,05F0287S,05F0309S,5,0,0
2025/04/01 02:20,05F0309S,05F0439S,31,474,5
2025/04/01 02:20,05F0309S,05F0439S,32,507,4
2025/04/01 02:20,05F0309S,05F0439S,41,0,0
2025/04/01 02:20,05F0309S,05F0439S,42,0,0
2025/04/01 02:20,05F0309S,05F0439S,5,0,0
2025/04/01 02:20,05F0439S,05F0494S,31,210,2
2025/04/01 02:20,05F0439S,05F0494S,32,0,0
2025/04/01 02:20,05F0439S,05F0494S,41,0,0
2025/04/01 02:20,05F0439S,05F0494S,42,0,0
2025/04/01 02:20,05F0439S,05F0494S,5,224,3
2025/04/01 02:25,05F0000S,05F0055S,31,226,9
2025/04/01 02:25,05F0000S,05F0055S,32,235,4
2025/04/01 02:25,05F0000S,05F0055S,41,0,0
2025/04/01 02:25,05F0000S,05F0055S,42,0,0
2025/04/01 02:25,05F0000S,05F0055S,5,0,0
2025/04/01 02:25,05F0055S,05F0287S,31,982,5
2025/04/01 02:25,05F0055S,05F0287S,32,934,4
2025/04/01 02:25,05F0055S,05F0287S,41,0,0
2025/04/01 02:25,05F0055S,05F0287S,42,0,0
2025/04/01 02:25,05F0055S,05F0287S,5,0,0
2025/04/01 02:25,05F0287S,05F0309S,31,86,5
2025/04/01 02:25,05F0287S,05F0309S,32,95,2
2025/04/01 02:25,05F0287S,05F0309S,41,0,0
2025/04/01 02:25,05F0287S,05F0309S,42,0,0
2025/04/01 02:25,05F0287S,05F0309S,5,0,0
2025/04/01 02:25,05F0309S,05F0439S,31,507,7
2025/04/01 02:25,05F0309S,05F0439S,32,483,1
2025/04/01 02:25,05F0309S,05F0439S,41,0,0
2025/04/01 02:25,05F0309S,05F0439S,42,0,0
2025/04/01 02:25,05F0309S,05F0439S,5,549,1
2025/04/01 02:25,05F0439S,05F0494S,31,217,6
2025/04/01 02:25,05F0439S,05F0494S,32,230,1
2025/04/01 02:25,05F0439S,05F0494S,41,0,0
2025/04/01 02:25,05F0439S,05F0494S,42,250,1
2025/04/01 02:25,05F0439S,05F0494S,5,0,0
2025/04/01 02:30,05F0000S,05F0055S,31,241,5
2025/04/01 02:30,05F0000S,05F0055S,32,221,13
2025/04/01 02:30,05F0000S,05F0055S,41,0,0
2025/04/01 02:30,05F0000S,05F0055S,42,0,0
2025/04/01 02:30,05F0000S,05F0055S,5,0,0
2025/04/01 02:30,05F0055S,05F0287S,31,976,4
2025/04/01 02:30,05F0055S,05F0287S,32,934,1
2025/04/01 02:30,05F0055S,05F0287S,41,0,0
2025/04/01 02:30,05F0055S,05F0287S,42,0,0
2025/04/01 02:30,05F0055S,05F0287S,5,0,0
2025/04/01 02:30,05F0287S,05F0309S,31,0,0
2025/04/01 02:30,05F0287S,05F0309S,32,87,4
2025/04/01 02:30,05F0287S,05F0309S,41,0,0
2025/04/01 02:30,05F0287S,05F0309S,42,0,0
2025/04/01 02:30,05F0287S,05F0309S,5,0,0
2025/04/01 02:30,05F0309S,05F0439S,31,525,5
2025/04/01 02:30,05F0309S,05F0439S,32,474,2
2025/04/01 02:30,05F0309S,05F0439S,41,0,0
2025/04/01 02:30,05F0309S,05F0439S,42,483,3
2025/04/01 02:30,05F0309S,05F0439S,5,563,1
2025/04/01 02:30,05F0439S,05F0494S,31,216,3
2025/04/01 02:30,05F0439S,05F0494S,32,203,1
2025/04/01 02:30,05F0439S,05F0494S,41,0,0
2025/04/01 02:30,05F0439S,05F0494S,42,194,1
2025/04/01 02:30,05F0439S,05F0494S,5,236,2
2025/04/01 02:35,05F0000S,05F0055S,31,224,5
2025/04/01 02:35,05F0000S,05F0055S,32,223,6
2025/04/01 02:35,05F0000S,05F0055S,41,0,0
2025/04/01 02:35,05F0000S,05F0055S,42,0,0
2025/04/01 02:35,05F0000S,05F0055S,5,0,0
2025/04/01 02:35,05F0055S,05F0287S,31,934,11
2025/04/01 02:35,05F0055S,05F0287S,32,921,7
2025/04/01 02:35,05F0055S,05F0287S,41,0,0
2025/04/01 02:35,05F0055S,05F0287S,42,0,0
2025/04/01 02:35,05F0055S,05F0287S,5,0,0
2025/04/01 02:35,05F0287S,05F0309S,31,87,11
2025/04/01 02:35,05F0287S,05F0309S,32,77,3
2025/04/01 02:35,05F0287S,05F0309S,41,0,0
2025/04/01 02:35,05F0287S,05F0309S,42,0,0
2025/04/01 02:35,05F0287S,05F0309S,5,0,0
2025/04/01 02:35,05F0309S,05F0439S,31,504,2
2025/04/01 02:35,05F0309S,05F0439S,32,508,5
2025/04/01 02:35,05F0309S,05F0439S,41,0,0
2025/04/01 02:35,05F0309S,05F0439S,42,509,3
2025/04/01 02:35,05F0309S,05F0439S,5,0,0
2025/04/01 02:35,05F0439S,05F0494S,31,208,1
2025/04/01 02:35,05F0439S,05F0494S,32,1011,1
2025/04/01 02:35,05F0439S,05F0494S,41,0,0
2025/04/01 02:35,05F0439S,05F0494S,42,213,2
2025/04/01 02:35,05F0439S,05F0494S,5,0,0
2025/04/01 02:40,05F0000S,05F0055S,31,241,8
2025/04/01 02:40,05F0000S,05F0055S,32,252,2
2025/04/01 02:40,05F0000S,05F0055S,41,0,0
2025/04/01 02:40,05F0000S,05F0055S,42,0,0
2025/04/01 02:40,05F0000S,05F0055S,5,0,0
2025/04/01 02:40,05F0055S,05F0287S,31,940,10
2025/04/01 02:40,05F0055S,05F0287S,32,891,3
2025/04/01 02:40,05F0055S,05F0287S,41,0,0
2025/04/01 02:40,05F0055S,05F0287S,42,0,0
2025/04/01 02:40,05F0055S,05F0287S,5,0,0
2025/04/01 02:40,05F0287S,05F0309S,31,76,3
2025/04/01 02:40,05F0287S,05F0309S,32,87,4
2025/04/01 02:40,05F0287S,05F0309S,41,0,0
2025/04/01 02:40,05F0287S,05F0309S,42,0,0
2025/04/01 02:40,05F0287S,05F0309S,5,0,0
2025/04/01 02:40,05F0309S,05F0439S,31,0,0
2025/04/01 02:40,05F0309S,05F0439S,32,506,1
2025/04/01 02:40,05F0309S,05F0439S,41,0,0
2025/04/01 02:40,05F0309S,05F0439S,42,0,0
2025/04/01 02:40,05F0309S,05F0439S,5,0,0
2025/04/01 02:40,05F0439S,05F0494S,31,0,0
2025/04/01 02:40,05F0439S,05F0494S,32,207,3
2025/04/01 02:40,05F0439S,05F0494S,41,0,0
2025/04/01 02:40,05F0439S,05F0494S,42,235,3
2025/04/01 02:40,05F0439S,05F0494S,5,0,0
2025/04/01 02:45,05F0000S,05F0055S,31,240,9
2025/04/01 02:45,05F0000S,05F0055S,32,247,3
2025/04/01 02:45,05F0000S,05F0055S,41,0,0
2025/04/01 02:45,05F0000S,05F0055S,42,0,0
2025/04/01 02:45,05F0000S,05F0055S,5,0,0
2025/04/01 02:45,05F0055S,05F0287S,31,947,5
2025/04/01 02:45,05F0055S,05F0287S,32,934,12
2025/04/01 02:45,05F0055S,05F0287S,41,0,0
2025/04/01 02:45,05F0055S,05F0287S,42,0,0
2025/04/01 02:45,05F0055S,05F0287S,5,0,0
2025/04/01 02:45,05F0287S,05F0309S,31,88,8
2025/04/01 02:45,05F0287S,05F0309S,32,87,11
2025/04/01 02:45,05F0287S,05F0309S,41,0,0
2025/04/01 02:45,05F0287S,05F0309S,42,0,0
2025/04/01 02:45,05F0287S,05F0309S,5,0,0
2025/04/01 02:45,05F0309S,05F0439S,31,472,6
2025/04/01 02:45,05F0309S,05F0439S,32,455,5
2025/04/01 02:45,05F0309S,05F0439S,41,0,0
2025/04/01 02:45,05F0309S,05F0439S,42,547,2
2025/04/01 02:45,05F0309S,05F0439S,5,519,2
2025/04/01 02:45,05F0439S,05F0494S,31,198,1
2025/04/01 02:45,05F0439S,05F0494S,32,206,2
2025/04/01 02:45,05F0439S,05F0494S,41,0,0
2025/04/01 02:45,05F0439S,05F0494S,42,0,0
2025/04/01 02:45,05F0439S,05F0494S,5,0,0
2025/04/01 02:50,05F0000S,05F0055S,31,249,11
2025/04/01 02:50,05F0000S,05F0055S,32,245,9
2025/04/01 02:50,05F0000S,05F0055S,41,0,0
2025/04/01 02:50,05F0000S,05F0055S,42,271,2
2025/04/01 02:50,05F0000S,05F0055S,5,0,0
2025/04/01 02:50,05F0055S,05F0287S,31,930,5
2025/04/01 02:50,05F0055S,05F0287S,32,928,7
2025/04/01 02:50,05F0055S,05F0287S,41,0,0
2025/04/01 02:50,05F0055S,05F0287S,42,0,0
2025/04/01 02:50,05F0055S,05F0287S,5,0,0
2025/04/01 02:50,05F0287S,05F0309S,31,79,2
2025/04/01 02:50,05F0287S,05F0309S,32,86,6
2025/04/01 02:50,05F0287S,05F0309S,41,0,0
2025/04/01 02:50,05F0287S,05F0309S,42,0,0
2025/04/01 02:50,05F0287S,05F0309S,5,0,0
2025/04/01 02:50,05F0309S,05F0439S,31,494,4
2025/04/01 02:50,05F0309S,05F0439S,32,521,3
2025/04/01 02:50,05F0309S,05F0439S,41,0,0
2025/04/01 02:50,05F0309S,05F0439S,42,578,3
2025/04/01 02:50,05F0309S,05F0439S,5,0,0
2025/04/01 02:50,05F0439S,05F0494S,31,171,1
2025/04/01 02:50,05F0439S,05F0494S,32,210,2
2025/04/01 02:50,05F0439S,05F0494S,41,0,0
2025/04/01 02:50,05F0439S,05F0494S,42,260,1
2025/04/01 02:50,05F0439S,05F0494S,5,218,2
2025/04/01 02:55,05F0000S,05F0055S,31,249,7
2025/04/01 02:55,05F0000S,05F0055S,32,238,6
2025/04/01 02:55,05F0000S,05F0055S,41,0,0
2025/04/01 02:55,05F0000S,05F0055S,42,0,0
2025/04/01 02:55,05F0000S,05F0055S,5,0,0
2025/04/01 02:55,05F0055S,05F0287S,31,932,7
2025/04/01 02:55,05F0055S,05F0287S,32,980,4
2025/04/01 02:55,05F0055S,05F0287S,41,0,0
2025/04/01 02:55,05F0055S,05F0287S,42,0,0
2025/04/01 02:55,05F0055S,05F0287S,5,0,0
2025/04/01 02:55,05F0287S,05F0309S,31,88,2
2025/04/01 02:55,05F0287S,05F0309S,32,84,3
2025/04/01 02:55,05F0287S,05F0309S,41,0,0
2025/04/01 02:55,05F0287S,05F0309S,42,0,0
2025/04/01 02:55,05F0287S,05F0309S,5,0,0
2025/04/01 02:55,05F0309S,05F0439S,31,512,3
2025/04/01 02:55,05F0309S,05F0439S,32,512,4
2025/04/01 02:55,05F0309S,05F0439S,41,0,0
2025/04/01 02:55,05F0309S,05F0439S,42,531,1
2025/04/01 02:55,05F0309S,05F0439S,5,528,3
2025/04/01 02:55,05F0439S,05F0494S,31,208,2
2025/04/01 02:55,05F0439S,05F0494S,32,202,2
2025/04/01 02:55,05F0439S,05F0494S,41,0,0
2025/04/01 02:55,05F0439S,05F0494S,42,230,3
2025/04/01 02:55,05F0439S,05F0494S,5,0,0
2025/04/01 03:00,05F0000S,05F0055S,31,237,7
2025/04/01 03:00,05F0000S,05F0055S,32,217,10
2025/04/01 03:00,05F0000S,05F0055S,41,0,0
2025/04/01 03:00,05F0000S,05F0055S,42,0,0
2025/04/01 03:00,05F0000S,05F0055S,5,0,0
2025/04/01 03:00,05F0055S,05F0287S,31,967,11
2025/04/01 03:00,05F0055S,05F0287S,32,959,3
2025/04/01 03:00,05F0055S,05F0287S,41,0,0
2025/04/01 03:00,05F0055S,05F0287S,42,0,0
2025/04/01 03:00,05F0055S,05F0287S,5,0,0
2025/04/01 03:00,05F0287S,05F0309S,31,89,7
2025/04/01 03:00,05F0287S,05F0309S,32,106,1
2025/04/01 03:00,05F0287S,05F0309S,41,0,0
2025/04/01 03:00,05F0287S,05F0309S,42,0,0
2025/04/01 03:00,05F0287S,05F0309S,5,0,0
2025/04/01 03:00,05F0309S,05F0439S,31,0,0
2025/04/01 03:00,05F0309S,05F0439S,32,497,5
2025/04/01 03:00,05F0309S,05F0439S,41,0,0
2025/04/01 03:00,05F0309S,05F0439S,42,499,3
2025/04/01 03:00,05F0309S,05F0439S,5,520,5
2025/04/01 03:00,05F0439S,05F0494S,31,202,2
2025/04/01 03:00,05F0439S,05F0494S,32,209,2
2025/04/01 03:00,05F0439S,05F0494S,41,0,0
2025/04/01 03:00,05F0439S,05F0494S,42,0,0
2025/04/01 03:00,05F0439S,05F0494S,5,215,2
2025/04/01 03:05,05F0000S,05F0055S,31,238,6
2025/04/01 03:05,05F0000S,05F0055S,32,224,6
2025/04/01 03:05,05F0000S,05F0055S,41,0,0
2025/04/01 03:05,05F0000S,05F0055S,42,0,0
2025/04/01 03:05,05F0000S,05F0055S,5,0,0
2025/04/01 03:05,05F0055S,05F0287S,31,978,9
2025/04/01 03:05,05F0055S,05F0287S,32,974,4
2025/04/01 03:05,05F0055S,05F0287S,41,0,0
2025/04/01 03:05,05F0055S,05F0287S,42,1075,2
2025/04/01 03:05,05F0055S,05F0287S,5,0,0
2025/04/01 03:05,05F0287S,05F0309S,31,88,7
2025/04/01 03:05,05F0287S,05F0309S,32,89,4
2025/04/01 03:05,05F0287S,05F0309S,41,0,0
2025/04/01 03:05,05F0287S,05F0309S,42,94,1
2025/04/01 03:05,05F0287S,05F0309S,5,0,0
2025/04/01 03:05,05F0309S,05F0439S,31,488,2
2025/04/01 03:05,05F0309S,05F0439S,32,511,1
2025/04/01 03:05,05F0309S,05F0439S,41,0,0
2025/04/01 03:05,05F0309S,05F0439S,42,577,2
2025/04/01 03:05,05F0309S,05F0439S,5,537,3
2025/04/01 03:05,05F0439S,05F0494S,31,226,1
2025/04/01 03:05,05F0439S,05F0494S,32,204,5
2025/04/01 03:05,05F0439S,05F0494S,41,0,0
2025/04/01 03:05,05F0439S,05F0494S,42,203,3
2025/04/01 03:05,05F0439S,05F0494S,5,221,3
2025/04/01 03:10,05F0000S,05F0055S,31,247,9
2025/04/01 03:10,05F0000S,05F0055S,32,226,5
2025/04/01 03:10,05F0000S,05F0055S,41,0,0
2025/04/01 03:10,05F0000S,05F0055S,42,0,0
2025/04/01 03:10,05F0000S,05F0055S,5,0,0
2025/04/01 03:10,05F0055S,05F0287S,31,973,10
2025/04/01 03:10,05F0055S,05F0287S,32,970,13
2025/04/01 03:10,05F0055S,05F0287S,41,0,0
2025/04/01 03:10,05F0055S,05F0287S,42,0,0
2025/04/01 03:10,05F0055S,05F0287S,5,0,0
2025/04/01 03:10,05F0287S,05F0309S,31,92,9
2025/04/01 03:10,05F0287S,05F0309S,32,91,11
2025/04/01 03:10,05F0287S,05F0309S,41,0,0
2025/04/01 03:10,05F0287S,05F0309S,42,104,1
2025/04/01 03:10,05F0287S,05F0309S,5,0,0
2025/04/01 03:10,05F0309S,05F0439S,31,526,6
2025/04/01 03:10,05F0309S,05F0439S,32,559,2
2025/04/01 03:10,05F0309S,05F0439S,41,0,0
2025/04/01 03:10,05F0309S,05F0439S,42,0,0
2025/04/01 03:10,05F0309S,05F0439S,5,524,5
2025/04/01 03:10,05F0439S,05F0494S,31,219,2
2025/04/01 03:10,05F0439S,05F0494S,32,0,0
2025/04/01 03:10,05F0439S,05F0494S,41,0,0
2025/04/01 03:10,05F0439S,05F0494S,42,250,3
2025/04/01 03:10,05F0439S,05F0494S,5,225,7
2025/04/01 03:15,05F0000S,05F0055S,31,240,2
2025/04/01 03:15,05F0000S,05F0055S,32,210,7
2025/04/01 03:15,05F0000S,05F0055S,41,0,0
2025/04/01 03:15,05F0000S,05F0055S,42,0,0
2025/04/01 03:15,05F0000S,05F0055S,5,0,0
2025/04/01 03:15,05F0055S,05F0287S,31,955,8
2025/04/01 03:15,05F0055S,05F0287S,32,933,9
2025/04/01 03:15,05F0055S,05F0287S,41,0,0
2025/04/01 03:15,05F0055S,05F0287S,42,0,0
2025/04/01 03:15,05F0055S,05F0287S,5,0,0
2025/04/01 03:15,05F0287S,05F0309S,31,86,6
2025/04/01 03:15,05F0287S,05F0309S,32,77,3
2025/04/01 03:15,05F0287S,05F0309S,41,0,0
2025/04/01 03:15,05F0287S,05F0309S,42,0,0
2025/04/01 03:15,05F0287S,05F0309S,5,0,0
2025/04/01 03:15,05F0309S,05F0439S,31,492,7
2025/04/01 03:15,05F0309S,05F0439S,32,498,6
2025/04/01 03:15,05F0309S,05F0439S,41,0,0
2025/04/01 03:15,05F0309S,05F0439S,42,504,3
2025/04/01 03:15,05F0309S,05F0439S,5,535,3
2025/04/01 03:15,05F0439S,05F0494S,31,205,7
2025/04/01 03:15,05F0439S,05F0494S,32,0,0
2025/04/01 03:15,05F0439S,05F0494S,41,0,0
2025/04/01 03:15,05F0439S,05F0494S,42,211,1
2025/04/01 03:15,05F0439S,05F0494S,5,217,3
2025/04/01 03:20,05F0000S,05F0055S,31,225,2
2025/04/01 03:20,05F0000S,05F0055S,32,239,13
2025/04/01 03:20,05F0000S,05F0055S,41,0,0
2025/04/01 03:20,05F0000S,05F0055S,42,0,0
2025/04/01 03:20,05F0000S,05F0055S,5,0,0
2025/04/01 03:20,05F0055S,05F0287S,31,937,6
2025/04/01 03:20,05F0055S,05F0287S,32,935,5
2025/04/01 03:20,05F0055S,05F0287S,41,0,0
2025/04/01 03:20,05F0055S,05F0287S,42,0,0
2025/04/01 03:20,05F0055S,05F0287S,5,0,0
2025/04/01 03:20,05F0287S,05F0309S,31,82,4
2025/04/01 03:20,05F0287S,05F0309S,32,88,4
2025/04/01 03:20,05F0287S,05F0309S,41,0,0
2025/04/01 03:20,05F0287S,05F0309S,42,0,0
2025/04/01 03:20,05F0287S,05F0309S,5,0,0
2025/04/01 03:20,05F0309S,05F0439S,31,490,4
2025/04/01 03:20,05F0309S,05F0439S,32,487,5
2025/04/01 03:20,05F0309S,05F0439S,41,0,0
2025/04/01 03:20,05F0309S,05F0439S,42,526,4
2025/04/01 03:20,05F0309S,05F0439S,5,479,3
2025/04/01 03:20,05F0439S,05F0494S,31,210,2
2025/04/01 03:20,05F0439S,05F0494S,32,218,7
2025/04/01 03:20,05F0439S,05F0494S,41,0,0
2025/04/01 03:20,05F0439S,05F0494S,42,210,3
2025/04/01 03:20,05F0439S,05F0494S,5,234,3
2025/04/01 03:25,05F0000S,05F0055S,31,240,10
2025/04/01 03:25,05F0000S,05F0055S,32,194,3
2025/04/01 03:25,05F0000S,05F0055S,41,0,0
2025/04/01 03:25,05F0000S,05F0055S,42,0,0
2025/04/01 03:25,05F0000S,05F0055S,5,0,0
2025/04/01 03:25,05F0055S,05F0287S,31,959,8
2025/04/01 03:25,05F0055S,05F0287S,32,939,5
2025/04/01 03:25,05F0055S,05F0287S,41,0,0
2025/04/01 03:25,05F0055S,05F0287S,42,0,0
2025/04/01 03:25,05F0055S,05F0287S,5,0,0
2025/04/01 03:25,05F0287S,05F0309S,31,93,4
2025/04/01 03:25,05F0287S,05F0309S,32,86,4
2025/04/01 03:25,05F0287S,05F0309S,41,0,0
2025/04/01 03:25,05F0287S,05F0309S,42,0,0
2025/04/01 03:25,05F0287S,05F0309S,5,0,0
2025/04/01 03:25,05F0309S,05F0439S,31,437,1
2025/04/01 03:25,05F0309S,05F0439S,32,480,2
2025/04/01 03:25,05F0309S,05F0439S,41,0,0
2025/04/01 03:25,05F0309S,05F0439S,42,492,2
2025/04/01 03:25,05F0309S,05F0439S,5,0,0
2025/04/01 03:25,05F0439S,05F0494S,31,196,3
2025/04/01 03:25,05F0439S,05F0494S,32,182,1
2025/04/01 03:25,05F0439S,05F0494S,41,0,0
2025/04/01 03:25,05F0439S,05F0494S,42,216,3
2025/04/01 03:25,05F0439S,05F0494S,5,235,1
2025/04/01 03:30,05F0000S,05F0055S,31,218,11
2025/04/01 03:30,05F0000S,05F0055S,32,238,8
2025/04/01 03:30,05F0000S,05F0055S,41,0,0
2025/04/01 03:30,05F0000S,05F0055S,42,0,0
2025/04/01 03:30,05F0000S,05F0055S,5,0,0
2025/04/01 03:30,05F0055S,05F0287S,31,1023,4
2025/04/01 03:30,05F0055S,05F0287S,32,892,9
2025/04/01 03:30,05F0055S,05F0287S,41,0,0
2025/04/01 03:30,05F0055S,05F0287S,42,0,0
2025/04/01 03:30,05F0055S,05F0287S,5,0,0
2025/04/01 03:30,05F0287S,05F0309S,31,85,5
2025/04/01 03:30,05F0287S,05F0309S,32,81,6
2025/04/01 03:30,05F0287S,05F0309S,41,0,0
2025/04/01 03:30,05F0287S,05F0309S,42,0,0
2025/04/01 03:30,05F0287S,05F0309S,5,0,0
2025/04/01 03:30,05F0309S,05F0439S,31,478,3
2025/04/01 03:30,05F0309S,05F0439S,32,518,2
2025/04/01 03:30,05F0309S,05F0439S,41,0,0
2025/04/01 03:30,05F0309S,05F0439S,42,0,0
2025/04/01 03:30,05F0309S,05F0439S,5,560,4
2025/04/01 03:30,05F0439S,05F0494S,31,190,3
2025/04/01 03:30,05F0439S,05F0494S,32,206,1
2025/04/01 03:30,05F0439S,05F0494S,41,0,0
2025/04/01 03:30,05F0439S,05F0494S,42,185,1
2025/04/01 03:30,05F0439S,05F0494S,5,0,0
2025/04/01 03:35,05F0000S,05F0055S,31,236,5
2025/04/01 03:35,05F0000S,05F0055S,32,246,6
2025/04/01 03:35,05F0000S,05F0055S,41,239,1
2025/04/01 03:35,05F0000S,05F0055S,42,0,0
2025/04/01 03:35,05F0000S,05F0055S,5,0,0
2025/04/01 03:35,05F0055S,05F0287S,31,914,2
2025/04/01 03:35,05F0055S,05F0287S,32,929,9
2025/04/01 03:35,05F0055S,05F0287S,41,0,0
2025/04/01 03:35,05F0055S,05F0287S,42,0,0
2025/04/01 03:35,05F0055S,05F0287S,5,0,0
2025/04/01 03:35,05F0287S,05F0309S,31,84,3
2025/04/01 03:35,05F0287S,05F0309S,32,87,7
2025/04/01 03:35,05F0287S,05F0309S,41,0,0
2025/04/01 03:35,05F0287S,05F0309S,42,0,0
2025/04/01 03:35,05F0287S,05F0309S,5,0,0
2025/04/01 03:35,05F0309S,05F0439S,31,532,2
2025/04/01 03:35,05F0309S,05F0439S,32,382,2
2025/04/01 03:35,05F0309S,05F0439S,41,0,0
2025/04/01 03:35,05F0309S,05F0439S,42,484,1
2025/04/01 03:35,05F0309S,05F0439S,5,501,1
2025/04/01 03:35,05F0439S,05F0494S,31,201,1
2025/04/01 03:35,05F0439S,05F0494S,32,179,1
2025/04/01 03:35,05F0439S,05F0494S,41,0,0
2025/04/01 03:35,05F0439S,05F0494S,42,0,0
2025/04/01 03:35,05F0439S,05F0494S,5,234,2
2025/04/01 03:40,05F0000S,05F0055S,31,221,3
2025/04/01 03:40,05F0000S,05F0055S,32,214,3
2025/04/01 03:40,05F0000S,05F0055S,41,0,0
2025/04/01 03:40,05F0000S,05F0055S,42,0,0
2025/04/01 03:40,05F0000S,05F0055S,5,0,0
2025/04/01 03:40,05F0055S,05F0287S,31,944,9
2025/04/01 03:40,05F0055S,05F0287S,32,970,6
2025/04/01 03:40,05F0055S,05F0287S,41,0,0
2025/04/01 03:40,05F0055S,05F0287S,42,0,0
2025/04/01 03:40,05F0055S,05F0287S,5,0,0
2025/04/01 03:40,05F0287S,05F0309S,31,83,5
2025/04/01 03:40,05F0287S,05F0309S,32,87,8
2025/04/01 03:40,05F0287S,05F0309S,41,0,0
2025/04/01 03:40,05F0287S,05F0309S,42,0,0
2025/04/01 03:40,05F0287S,05F0309S,5,0,0
2025/04/01 03:40,05F0309S,05F0439S,31,479,2
2025/04/01 03:40,05F0309S,05F0439S,32,463,4
2025/04/01 03:40,05F0309S,05F0439S,41,0,0
2025/04/01 03:40,05F0309S,05F0439S,42,510,1
2025/04/01 03:40,05F0309S,05F0439S,5,0,0
2025/04/01 03:40,05F0439S,05F0494S,31,204,3
2025/04/01 03:40,05F0439S,05F0494S,32,219,2
2025/04/01 03:40,05F0439S,05F0494S,41,0,0
2025/04/01 03:40,05F0439S,05F0494S,42,212,2
2025/04/01 03:40,05F0439S,05F0494S,5,230,2
2025/04/01 03:45,05F0000S,05F0055S,31,228,6
2025/04/01 03:45,05F0000S,05F0055S,32,243,3
2025/04/01 03:45,05F0000S,05F0055S,41,0,0
2025/04/01 03:45,05F0000S,05F0055S,42,0,0
2025/04/01 03:45,05F0000S,05F0055S,5,0,0
2025/04/01 03:45,05F0055S,05F0287S,31,923,12
2025/04/01 03:45,05F0055S,05F0287S,32,952,9
2025/04/01 03:45,05F0055S,05F0287S,41,0,0
2025/04/01 03:45,05F0055S,05F0287S,42,0,0
2025/04/01 03:45,05F0055S,05F0287S,5,0,0
2025/04/01 03:45,05F0287S,05F0309S,31,88,8
2025/04/01 03:45,05F0287S,05F0309S,32,89,4
2025/04/01 03:45,05F0287S,05F0309S,41,0,0
2025/04/01 03:45,05F0287S,05F0309S,42,0,0
2025/04/01 03:45,05F0287S,05F0309S,5,0,0
2025/04/01 03:45,05F0309S,05F0439S,31,495,1
2025/04/01 03:45,05F0309S,05F0439S,32,481,7
2025/04/01 03:45,05F0309S,05F0439S,41,0,0
2025/04/01 03:45,05F0309S,05F0439S,42,0,0
2025/04/01 03:45,05F0309S,05F0439S,5,520,1
2025/04/01 03:45,05F0439S,05F0494S,31,0,0
2025/04/01 03:45,05F0439S,05F0494S,32,199,5
2025/04/01 03:45,05F0439S,05F0494S,41,0,0
2025/04/01 03:45,05F0439S,05F0494S,42,0,0
2025/04/01 03:45,05F0439S,05F0494S,5,220,1
2025/04/01 03:50,05F0000S,05F0055S,31,222,3
2025/04/01 03:50,05F0000S,05F0055S,32,245,9
2025/04/01 03:50,05F0000S,05F0055S,41,0,0
2025/04/01 03:50,05F0000S,05F0055S,42,0,0
2025/04/01 03:50,05F0000S,05F0055S,5,0,0
2025/04/01 03:50,05F0055S,05F0287S,31,962,4
2025/04/01 03:50,05F0055S,05F0287S,32,955,6
2025/04/01 03:50,05F0055S,05F0287S,41,946,1
2025/04/01 03:50,05F0055S,05F0287S,42,0,0
2025/04/01 03:50,05F0055S,05F0287S,5,0,0
2025/04/01 03:50,05F0287S,05F0309S,31,69,5
2025/04/01 03:50,05F0287S,05F0309S,32,87,5
2025/04/01 03:50,05F0287S,05F0309S,41,0,0
2025/04/01 03:50,05F0287S,05F0309S,42,0,0
2025/04/01 03:50,05F0287S,05F0309S,5,0,0
2025/04/01 03:50,05F0309S,05F0439S,31,469,6
2025/04/01 03:50,05F0309S,05F0439S,32,478,2
2025/04/01 03:50,05F0309S,05F0439S,41,0,0
2025/04/01 03:50,05F0309S,05F0439S,42,522,1
2025/04/01 03:50,05F0309S,05F0439S,5,528,2
2025/04/01 03:50,05F0439S,05F0494S,31,175,2
2025/04/01 03:50,05F0439S,05F0494S,32,211,5
2025/04/01 03:50,05F0439S,05F0494S,41,0,0
2025/04/01 03:50,05F0439S,05F0494S,42,221,1
2025/04/01 03:50,05F0439S,05F0494S,5,0,0
2025/04/01 03:55,05F0000S,05F0055S,31,246,6
2025/04/01 03:55,05F0000S,05F0055S,32,228,11
2025/04/01 03:55,05F0000S,05F0055S,41,261,1
2025/04/01 03:55,05F0000S,05F0055S,42,0,0
2025/04/01 03:55,05F0000S,05F0055S,5,0,0
2025/04/01 03:55,05F0055S,05F0287S,31,961,6
2025/04/01 03:55,05F0055S,05F0287S,32,985,5
2025/04/01 03:55,05F0055S,05F0287S,41,0,0
2025/04/01 03:55,05F0055S,05F0287S,42,0,0
2025/04/01 03:55,05F0055S,05F0287S,5,0,0
2025/04/01 03:55,05F0287S,05F0309S,31,86,6
2025/04/01 03:55,05F0287S,05F0309S,32,87,7
2025/04/01 03:55,05F0287S,05F0309S,41,91,1
2025/04/01 03:55,05F0287S,05F0309S,42,94,1
2025/04/01 03:55,05F0287S,05F0309S,5,0,0
2025/04/01 03:55,05F0309S,05F0439S,31,486,9
2025/04/01 03:55,05F0309S,05F0439S,32,489,6
2025/04/01 03:55,05F0309S,05F0439S,41,0,0
2025/04/01 03:55,05F0309S,05F0439S,42,568,1
2025/04/01 03:55,05F0309S,05F0439S,5,508,2
2025/04/01 03:55,05F0439S,05F0494S,31,201,2
2025/04/01 03:55,05F0439S,05F0494S,32,0,0
2025/04/01 03:55,05F0439S,05F0494S,41,0,0
2025/04/01 03:55,05F0439S,05F0494S,42,0,0
2025/04/01 03:55,05F0439S,05F0494S,5,233,1
2025/04/01 04:00,05F0000S,05F0055S,31,236,6
2025/04/01 04:00,05F0000S,05F0055S,32,232,4
2025/04/01 04:00,05F0000S,05F0055S,41,253,1
2025/04/01 04:00,05F0000S,05F0055S,42,0,0
2025/04/01 04:00,05F0000S,05F0055S,5,0,0
2025/04/01 04:00,05F0055S,05F0287S,31,924,5
2025/04/01 04:00,05F0055S,05F0287S,32,974,1
2025/04/01 04:00,05F0055S,05F0287S,41,0,0
2025/04/01 04:00,05F0055S,05F0287S,42,0,0
2025/04/01 04:00,05F0055S,05F0287S,5,0,0
2025/04/01 04:00,05F0287S,05F0309S,31,75,1
2025/04/01 04:00,05F0287S,05F0309S,32,88,4
2025/04/01 04:00,05F0287S,05F0309S,41,0,0
2025/04/01 04:00,05F0287S,05F0309S,42,0,0
2025/04/01 04:00,05F0287S,05F0309S,5,0,0
2025/04/01 04:00,05F0309S,05F0439S,31,494,1
2025/04/01 04:00,05F0309S,05F0439S,32,495,2
2025/04/01 04:00,05F0309S,05F0439S,41,489,1
2025/04/01 04:00,05F0309S,05F0439S,42,482,1
2025/04/01 04:00,05F0309S,05F0439S,5,569,1
2025/04/01 04:00,05F0439S,05F0494S,31,213,4
2025/04/01 04:00,05F0439S,05F0494S,32,191,3
2025/04/01 04:00,05F0439S,05F0494S,41,0,0
2025/04/01 04:00,05F0439S,05F0494S,42,228,2
2025/04/01 04:00,05F0439S,05F0494S,5,208,3
2025/04/01 04:05,05F0000S,05F0055S,31,226,9
2025/04/01 04:05,05F0000S,05F0055S,32,247,10
2025/04/01 04:05,05F0000S,05F0055S,41,0,0
2025/04/01 04:05,05F0000S,05F0055S,42,0,0
2025/04/01 04:05,05F0000S,05F0055S,5,0,0
2025/04/01 04:05,05F0055S,05F0287S,31,923,5
2025/04/01 04:05,05F0055S,05F0287S,32,936,8
2025/04/01 04:05,05F0055S,05F0287S,41,0,0
2025/04/01 04:05,05F0055S,05F0287S,42,0,0
2025/04/01 04:05,05F0055S,05F0287S,5,0,0
2025/04/01 04:05,05F0287S,05F0309S,31,79,4
2025/04/01 04:05,05F0287S,05F0309S,32,84,4
2025/04/01 04:05,05F0287S,05F0309S,41,0,0
2025/04/01 04:05,05F0287S,05F0309S,42,0,0
2025/04/01 04:05,05F0287S,05F0309S,5,0,0
2025/04/01 04:05,05F0309S,05F0439S,31,442,3
2025/04/01 04:05,05F0309S,05F0439S,32,511,4
2025/04/01 04:05,05F0309S,05F0439S,41,0,0
2025/04/01 04:05,05F0309S,05F0439S,42,645,3
2025/04/01 04:05,05F0309S,05F0439S,5,539,7
2025/04/01 04:05,05F0439S,05F0494S,31,202,1
2025/04/01 04:05,05F0439S,05F0494S,32,197,4
2025/04/01 04:05,05F0439S,05F0494S,41,205,1
2025/04/01 04:05,05F0439S,05F0494S,42,0,0
2025/04/01 04:05,05F0439S,05F0494S,5,236,1
2025/04/01 04:10,05F0000S,05F0055S,31,238,8
2025/04/01 04:10,05F0000S,05F0055S,32,223,9
2025/04/01 04:10,05F0000S,05F0055S,41,0,0
2025/04/01 04:10,05F0000S,05F0055S,42,0,0
2025/04/01 04:10,05F0000S,05F0055S,5,0,0
2025/04/01 04:10,05F0055S,05F0287S,31,932,5
2025/04/01 04:10,05F0055S,05F0287S,32,962,14
2025/04/01 04:10,05F0055S,05F0287S,41,1040,1
2025/04/01 04:10,05F0055S,05F0287S,42,0,0
2025/04/01 04:10,05F0055S,05F0287S,5,0,0
2025/04/01 04:10,05F0287S,05F0309S,31,87,6
2025/04/01 04:10,05F0287S,05F0309S,32,84,8
2025/04/01 04:10,05F0287S,05F0309S,41,0,0
2025/04/01 04:10,05F0287S,05F0309S,42,0,0
2025/04/01 04:10,05F0287S,05F0309S,5,0,0
2025/04/01 04:10,05F0309S,05F0439S,31,468,2
2025/04/01 04:10,05F0309S,05F0439S,32,477,4
2025/04/01 04:10,05F0309S,05F0439S,41,0,0
2025/04/01 04:10,05F0309S,05F0439S,42,539,2
2025/04/01 04:10,05F0309S,05F0439S,5,493,4
2025/04/01 04:10,05F0439S,05F0494S,31,0,0
2025/04/01 04:10,05F0439S,05F0494S,32,0,0
2025/04/01 04:10,05F0439S,05F0494S,41,0,0
2025/04/01 04:10,05F0439S,05F0494S,42,253,2
2025/04/01 04:10,05F0439S,05F0494S,5,219,6
2025/04/01 04:15,05F0000S,05F0055S,31,242,6
2025/04/01 04:15,05F0000S,05F0055S,32,237,5
2025/04/01 04:15,05F0000S,05F0055S,41,0,0
2025/04/01 04:15,05F0000S,05F0055S,42,0,0
2025/04/01 04:15,05F0000S,05F0055S,5,0,0
2025/04/01 04:15,05F0055S,05F0287S,31,973,6
2025/04/01 04:15,05F0055S,05F0287S,32,904,4
2025/04/01 04:15,05F0055S,05F0287S,41,980,1
2025/04/01 04:15,05F0055S,05F0287S,42,0,0
2025/04/01 04:15,05F0055S,05F0287S,5,0,0
2025/04/01 04:15,05F0287S,05F0309S,31,88,2
2025/04/01 04:15,05F0287S,05F0309S,32,87,7
2025/04/01 04:15,05F0287S,05F0309S,41,95,2
2025/04/01 04:15,05F0287S,05F0309S,42,0,0
2025/04/01 04:15,05F0287S,05F0309S,5,0,0
2025/04/01 04:15,05F0309S,05F0439S,31,466,3
2025/04/01 04:15,05F0309S,05F0439S,32,463,3
2025/04/01 04:15,05F0309S,05F0439S,41,0,0
2025/04/01 04:15,05F0309S,05F0439S,42,0,0
2025/04/01 04:15,05F0309S,05F0439S,5,528,7
2025/04/01 04:15,05F0439S,05F0494S,31,197,2
2025/04/01 04:15,05F0439S,05F0494S,32,172,2
2025/04/01 04:15,05F0439S,05F0494S,41,0,0
2025/04/01 04:15,05F0439S,05F0494S,42,222,2
2025/04/01 04:15,05F0439S,05F0494S,5,208,3
2025/04/01 04:20,05F0000S,05F0055S,31,224,7
2025/04/01 04:20,05F0000S,05F0055S,32,278,8
2025/04/01 04:20,05F0000S,05F0055S,41,0,0
2025/04/01 04:20,05F0000S,05F0055S,42,0,0
2025/04/01 04:20,05F0000S,05F0055S,5,0,0
2025/04/01 04:20,05F0055S,05F0287S,31,946,13
2025/04/01 04:20,05F0055S,05F0287S,32,950,9
2025/04/01 04:20,05F0055S,05F0287S,41,0,0
2025/04/01 04:20,05F0055S,05F0287S,42,0,0
2025/04/01 04:20,05F0055S,05F0287S,5,0,0
2025/04/01 04:20,05F0287S,05F0309S,31,84,8
2025/04/01 04:20,05F0287S,05F0309S,32,86,7
2025/04/01 04:20,05F0287S,05F0309S,41,0,0
2025/04/01 04:20,05F0287S,05F0309S,42,0,0
2025/04/01 04:20,05F0287S,05F0309S,5,0,0
2025/04/01 04:20,05F0309S,05F0439S,31,457,3
2025/04/01 04:20,05F0309S,05F0439S,32,504,7
2025/04/01 04:20,05F0309S,05F0439S,41,0,0
2025/04/01 04:20,05F0309S,05F0439S,42,541,3
2025/04/01 04:20,05F0309S,05F0439S,5,542,2
2025/04/01 04:20,05F0439S,05F0494S,31,208,3
2025/04/01 04:20,05F0439S,05F0494S,32,214,4
2025/04/01 04:20,05F0439S,05F0494S,41,0,0
2025/04/01 04:20,05F0439S,05F0494S,42,0,0
2025/04/01 04:20,05F0439S,05F0494S,5,224,5
2025/04/01 04:25,05F0000S,05F0055S,31,251,10
2025/04/01 04:25,05F0000S,05F0055S,32,244,6
2025/04/01 04:25,05F0000S,05F0055S,41,0,0
2025/04/01 04:25,05F0000S,05F0055S,42,0,0
2025/04/01 04:25,05F0000S,05F0055S,5,0,0
2025/04/01 04:25,05F0055S,05F0287S,31,930,3
2025/04/01 04:25,05F0055S,05F0287S,32,920,11
2025/04/01 04:25,05F0055S,05F0287S,41,0,0
2025/04/01 04:25,05F0055S,05F0287S,42,0,0
2025/04/01 04:25,05F0055S,05F0287S,5,0,0
2025/04/01 04:25,05F0287S,05F0309S,31,88,5
2025/04/01 04:25,05F0287S,05F0309S,32,91,6
2025/04/01 04:25,05F0287S,05F0309S,41,0,0
2025/04/01 04:25,05F0287S,05F0309S,42,76,1
2025/04/01 04:25,05F0287S,05F0309S,5,0,0
2025/04/01 04:25,05F0309S,05F0439S,31,482,3
2025/04/01 04:25,05F0309S,05F0439S,32,486,5
2025/04/01 04:25,05F0309S,05F0439S,41,515,1
2025/04/01 04:25,05F0309S,05F0439S,42,498,2
2025/04/01 04:25,05F0309S,05F0439S,5,515,2
2025/04/01 04:25,05F0439S,05F0494S,31,212,3
2025/04/01 04:25,05F0439S,05F0494S,32,212,4
2025/04/01 04:25,05F0439S,05F0494S,41,0,0
2025/04/01 04:25,05F0439S,05F0494S,42,225,2
2025/04/01 04:25,05F0439S,05F0494S,5,227,2
2025/04/01 04:30,05F0000S,05F0055S,31,239,8
2025/04/01 04:30,05F0000S,05F0055S,32,238,8
2025/04/01 04:30,05F0000S,05F0055S,41,0,0
2025/04/01 04:30,05F0000S,05F0055S,42,0,0
2025/04/01 04:30,05F0000S,05F0055S,5,0,0
2025/04/01 04:30,05F0055S,05F0287S,31,973,9
2025/04/01 04:30,05F0055S,05F0287S,32,960,5
2025/04/01 04:30,05F0055S,05F0287S,41,0,0
2025/04/01 04:30,05F0055S,05F0287S,42,0,0
2025/04/01 04:30,05F0055S,05F0287S,5,0,0
2025/04/01 04:30,05F0287S,05F0309S,31,88,7
2025/04/01 04:30,05F0287S,05F0309S,32,91,6
2025/04/01 04:30,05F0287S,05F0309S,41,0,0
2025/04/01 04:30,05F0287S,05F0309S,42,100,1
2025/04/01 04:30,05F0287S,05F0309S,5,0,0
2025/04/01 04:30,05F0309S,05F0439S,31,513,2
2025/04/01 04:30,05F0309S,05F0439S,32,511,4
2025/04/01 04:30,05F0309S,05F0439S,41,0,0
2025/04/01 04:30,05F0309S,05F0439S,42,537,2
2025/04/01 04:30,05F0309S,05F0439S,5,477,1
2025/04/01 04:30,05F0439S,05F0494S,31,192,3
2025/04/01 04:30,05F0439S,05F0494S,32,196,3
2025/04/01 04:30,05F0439S,05F0494S,41,219,1
2025/04/01 04:30,05F0439S,05F0494S,42,221,2
2025/04/01 04:30,05F0439S,05F0494S,5,213,1
2025/04/01 04:35,05F0000S,05F0055S,31,223,6
2025/04/01 04:35,05F0000S,05F0055S,32,221,5
2025/04/01 04:35,05F0000S,05F0055S,41,0,0
2025/04/01 04:35,05F0000S,05F0055S,42,0,0
2025/04/01 04:35,05F0000S,05F0055S,5,0,0
2025/04/01 04:35,05F0055S,05F0287S,31,938,11
2025/04/01 04:35,05F0055S,05F0287S,32,935,6
2025/04/01 04:35,05F0055S,05F0287S,41,0,0
2025/04/01 04:35,05F0055S,05F0287S,42,0,0
2025/04/01 04:35,05F0055S,05F0287S,5,0,0
2025/04/01 04:35,05F0287S,05F0309S,31,83,5
2025/04/01 04:35,05F0287S,05F0309S,32,91,5
2025/04/01 04:35,05F0287S,05F0309S,41,0,0
2025/04/01 04:35,05F0287S,05F0309S,42,0,0
2025/04/01 04:35,05F0287S,05F0309S,5,0,0
2025/04/01 04:35,05F0309S,05F0439S,31,495,3
2025/04/01 04:35,05F0309S,05F0439S,32,492,2
2025/04/01 04:35,05F0309S,05F0439S,41,0,0
2025/04/01 04:35,05F0309S,05F0439S,42,487,2
2025/04/01 04:35,05F0309S,05F0439S,5,519,2
2025/04/01 04:35,05F0439S,05F0494S,31,216,2
2025/04/01 04:35,05F0439S,05F0494S,32,217,3
2025/04/01 04:35,05F0439S,05F0494S,41,0,0
2025/04/01 04:35,05F0439S,05F0494S,42,223,1
2025/04/01 04:35,05F0439S,05F0494S,5,202,1
2025/04/01 04:40,05F0000S,05F0055S,31,232,3
2025/04/01 04:40,05F0000S,05F0055S,32,237,12
2025/04/01 04:40,05F0000S,05F0055S,41,0,0
2025/04/01 04:40,05F0000S,05F0055S,42,0,0
2025/04/01 04:40,05F0000S,05F0055S,5,0,0
2025/04/01 04:40,05F0055S,05F0287S,31,969,6
2025/04/01 04:40,05F0055S,05F0287S,32,960,7
2025/04/01 04:40,05F0055S,05F0287S,41,0,0
2025/04/01 04:40,05F0055S,05F0287S,42,0,0
2025/04/01 04:40,05F0055S,05F0287S,5,0,0
2025/04/01 04:40,05F0287S,05F0309S,31,78,8
2025/04/01 04:40,05F0287S,05F0309S,32,85,8
2025/04/01 04:40,05F0287S,05F0309S,41,0,0
2025/04/01 04:40,05F0287S,05F0309S,42,0,0
2025/04/01 04:40,05F0287S,05F0309S,5,0,0
2025/04/01 04:40,05F0309S,05F0439S,31,507,7
2025/04/01 04:40,05F0309S,05F0439S,32,537,4
2025/04/01 04:40,05F0309S,05F0439S,41,0,0
2025/04/01 04:40,05F0309S,05F0439S,42,0,0
2025/04/01 04:40,05F0309S,05F0439S,5,519,4
2025/04/01 04:40,05F0439S,05F0494S,31,201,6
2025/04/01 04:40,05F0439S,05F0494S,32,211,1
2025/04/01 04:40,05F0439S,05F0494S,41,0,0
2025/04/01 04:40,05F0439S,05F0494S,42,0,0
2025/04/01 04:40,05F0439S,05F0494S,5,217,4
2025/04/01 04:45,05F0000S,05F0055S,31,250,10
2025/04/01 04:45,05F0000S,05F0055S,32,237,8
2025/04/01 04:45,05F0000S,05F0055S,41,0,0
2025/04/01 04:45,05F0000S,05F0055S,42,0,0
2025/04/01 04:45,05F0000S,05F0055S,5,0,0
2025/04/01 04:45,05F0055S,05F0287S,31,976,12
2025/04/01 04:45,05F0055S,05F0287S,32,970,8
2025/04/01 04:45,05F0055S,05F0287S,41,0,0
2025/04/01 04:45,05F0055S,05F0287S,42,0,0
2025/04/01 04:45,05F0055S,05F0287S,5,0,0
2025/04/01 04:45,05F0287S,05F0309S,31,86,7
2025/04/01 04:45,05F0287S,05F0309S,32,88,4
2025/04/01 04:45,05F0287S,05F0309S,41,0,0
2025/04/01 04:45,05F0287S,05F0309S,42,0,0
2025/04/01 04:45,05F0287S,05F0309S,5,0,0
2025/04/01 04:45,05F0309S,05F0439S,31,473,6
2025/04/01 04:45,05F0309S,05F0439S,32,484,5
2025/04/01 04:45,05F0309S,05F0439S,41,0,0
2025/04/01 04:45,05F0309S,05F0439S,42,0,0
2025/04/01 04:45,05F0309S,05F0439S,5,489,5
2025/04/01 04:45,05F0439S,05F0494S,31,223,6
2025/04/01 04:45,05F0439S,05F0494S,32,224,4
2025/04/01 04:45,05F0439S,05F0494S,41,0,0
2025/04/01 04:45,05F0439S,05F0494S,42,0,0
2025/04/01 04:45,05F0439S,05F0494S,5,249,3
2025/04/01 04:50,05F0000S,05F0055S,31,244,6
2025/04/01 04:50,05F0000S,05F0055S,32,243,9
2025/04/01 04:50,05F0000S,05F0055S,41,0,0
2025/04/01 04:50,05F0000S,05F0055S,42,0,0
2025/04/01 04:50,05F0000S,05F0055S,5,0,0
2025/04/01 04:50,05F0055S,05F0287S,31,907,7
2025/04/01 04:50,05F0055S,05F0287S,32,921,6
2025/04/01 04:50,05F0055S,05F0287S,41,0,0
2025/04/01 04:50,05F0055S,05F0287S,42,0,0
2025/04/01 04:50,05F0055S,05F0287S,5,0,0
2025/04/01 04:50,05F0287S,05F0309S,31,84,7
2025/04/01 04:50,05F0287S,05F0309S,32,83,8
2025/04/01 04:50,05F0287S,05F0309S,41,0,0
2025/04/01 04:50,05F0287S,05F0309S,42,0,0
2025/04/01 04:50,05F0287S,05F0309S,5,0,0
2025/04/01 04:50,05F0309S,05F0439S,31,471,7
2025/04/01 04:50,05F0309S,05F0439S,32,494,6
2025/04/01 04:50,05F0309S,05F0439S,41,0,0
2025/04/01 04:50,05F0309S,05F0439S,42,508,2
2025/04/01 04:50,05F0309S,05F0439S,5,534,6
2025/04/01 04:50,05F0439S,05F0494S,31,192,5
2025/04/01 04:50,05F0439S,05F0494S,32,209,3
2025/04/01 04:50,05F0439S,05F0494S,41,0,0
2025/04/01 04:50,05F0439S,05F0494S,42,182,1
2025/04/01 04:50,05F0439S,05F0494S,5,212,2
2025/04/01 04:55,05F0000S,05F0055S,31,233,13
2025/04/01 04:55,05F0000S,05F0055S,32,241,14
2025/04/01 04:55,05F0000S,05F0055S,41,0,0
2025/04/01 04:55,05F0000S,05F0055S,42,0,0
2025/04/01 04:55,05F0000S,05F0055S,5,0,0
2025/04/01 04:55,05F0055S,05F0287S,31,954,2
2025/04/01 04:55,05F0055S,05F0287S,32,942,10
2025/04/01 04:55,05F0055S,05F0287S,41,0,0
2025/04/01 04:55,05F0055S,05F0287S,42,0,0
2025/04/01 04:55,05F0055S,05F0287S,5,0,0
2025/04/01 04:55,05F0287S,05F0309S,31,96,2
2025/04/01 04:55,05F0287S,05F0309S,32,88,8
2025/04/01 04:55,05F0287S,05F0309S,41,0,0
2025/04/01 04:55,05F0287S,05F0309S,42,0,0
2025/04/01 04:55,05F0287S,05F0309S,5,0,0
2025/04/01 04:55,05F0309S,05F0439S,31,486,6
2025/04/01 04:55,05F0309S,05F0439S,32,472,9
2025/04/01 04:55,05F0309S,05F0439S,41,0,0
2025/04/01 04:55,05F0309S,05F0439S,42,0,0
2025/04/01 04:55,05F0309S,05F0439S,5,506,3
2025/04/01 04:55,05F0439S,05F0494S,31,213,4
2025/04/01 04:55,05F0439S,05F0494S,32,187,4
2025/04/01 04:55,05F0439S,05F0494S,41,0,0
2025/04/01 04:55,05F0439S,05F0494S,42,211,1
2025/04/01 04:55,05F0439S,05F0494S,5,215,5
2025/04/01 05:00,05F0000S,05F0055S,31,224,11
2025/04/01 05:00,05F0000S,05F0055S,32,230,10
2025/04/01 05:00,05F0000S,05F0055S,41,0,0
2025/04/01 05:00,05F0000S,05F0055S,42,0,0
2025/04/01 05:00,05F0000S,05F0055S,5,0,0
2025/04/01 05:00,05F0055S,05F0287S,31,978,10
2025/04/01 05:00,05F0055S,05F0287S,32,990,9
2025/04/01 05:00,05F0055S,05F0287S,41,0,0
2025/04/01 05:00,05F0055S,05F0287S,42,0,0
2025/04/01 05:00,05F0055S,05F0287S,5,0,0
2025/04/01 05:00,05F0287S,05F0309S,31,92,5
2025/04/01 05:00,05F0287S,05F0309S,32,87,8
2025/04/01 05:00,05F0287S,05F0309S,41,0,0
2025/04/01 05:00,05F0287S,05F0309S,42,0,0
2025/04/01 05:00,05F0287S,05F0309S,5,0,0
2025/04/01 05:00,05F0309S,05F0439S,31,518,1
2025/04/01 05:00,05F0309S,05F0439S,32,549,3
2025/04/01 05:00,05F0309S,05F0439S,41,0,0
2025/04/01 05:00,05F0309S,05F0439S,42,537,2
2025/04/01 05:00,05F0309S,05F0439S,5,554,2
2025/04/01 05:00,05F0439S,05F0494S,31,221,5
2025/04/01 05:00,05F0439S,05F0494S,32,192,2
2025/04/01 05:00,05F0439S,05F0494S,41,0,0
2025/04/01 05:00,05F0439S,05F0494S,42,0,0
2025/04/01 05:00,05F0439S,05F0494S,5,213,3
2025/04/01 05:05,05F0000S,05F0055S,31,239,7
2025/04/01 05:05,05F0000S,05F0055S,32,232,8
2025/04/01 05:05,05F0000S,05F0055S,41,0,0
2025/04/01 05:05,05F0000S,05F0055S,42,0,0
2025/04/01 05:05,05F0000S,05F0055S,5,0,0
2025/04/01 05:05,05F0055S,05F0287S,31,955,10
2025/04/01 05:05,05F0055S,05F0287S,32,1000,11
2025/04/01 05:05,05F0055S,05F0287S,41,0,0
2025/04/01 05:05,05F0055S,05F0287S,42,0,0
2025/04/01 05:05,05F0055S,05F0287S,5,0,0
2025/04/01 05:05,05F0287S,05F0309S,31,85,12
2025/04/01 05:05,05F0287S,05F0309S,32,89,9
2025/04/01 05:05,05F0287S,05F0309S,41,0,0
2025/04/01 05:05,05F0287S,05F0309S,42,0,0
2025/04/01 05:05,05F0287S,05F0309S,5,0,0
2025/04/01 05:05,05F0309S,05F0439S,31,523,2
2025/04/01 05:05,05F0309S,05F0439S,32,496,7
2025/04/01 05:05,05F0309S,05F0439S,41,0,0
2025/04/01 05:05,05F0309S,05F0439S,42,0,0
2025/04/01 05:05,05F0309S,05F0439S,5,569,5
2025/04/01 05:05,05F0439S,05F0494S,31,216,3
2025/04/01 05:05,05F0439S,05F0494S,32,228,3
2025/04/01 05:05,05F0439S,05F0494S,41,0,0
2025/04/01 05:05,05F0439S,05F0494S,42,224,1
2025/04/01 05:05,05F0439S,05F0494S,5,233,2
2025/04/01 05:10,05F0000S,05F0055S,31,225,6
2025/04/01 05:10,05F0000S,05F0055S,32,231,11
2025/04/01 05:10,05F0000S,05F0055S,41,0,0
2025/04/01 05:10,05F0000S,05F0055S,42,0,0
2025/04/01 05:10,05F0000S,05F0055S,5,0,0
2025/04/01 05:10,05F0055S,05F0287S,31,936,14
2025/04/01 05:10,05F0055S,05F0287S,32,939,13
2025/04/01 05:10,05F0055S,05F0287S,41,0,0
2025/04/01 05:10,05F0055S,05F0287S,42,0,0
2025/04/01 05:10,05F0055S,05F0287S,5,0,0
2025/04/01 05:10,05F0287S,05F0309S,31,86,10
2025/04/01 05:10,05F0287S,05F0309S,32,82,10
2025/04/01 05:10,05F0287S,05F0309S,41,0,0
2025/04/01 05:10,05F0287S,05F0309S,42,0,0
2025/04/01 05:10,05F0287S,05F0309S,5,0,0
2025/04/01 05:10,05F0309S,05F0439S,31,493,9
2025/04/01 05:10,05F0309S,05F0439S,32,522,8
2025/04/01 05:10,05F0309S,05F0439S,41,0,0
2025/04/01 05:10,05F0309S,05F0439S,42,544,1
2025/04/01 05:10,05F0309S,05F0439S,5,617,1
2025/04/01 05:10,05F0439S,05F0494S,31,218,2
2025/04/01 05:10,05F0439S,05F0494S,32,214,7
2025/04/01 05:10,05F0439S,05F0494S,41,0,0
2025/04/01 05:10,05F0439S,05F0494S,42,0,0
2025/04/01 05:10,05F0439S,05F0494S,5,238,4
2025/04/01 05:15,05F0000S,05F0055S,31,236,11
2025/04/01 05:15,05F0000S,05F0055S,32,236,17
2025/04/01 05:15,05F0000S,05F0055S,41,271,1
2025/04/01 05:15,05F0000S,05F0055S,42,0,0
2025/04/01 05:15,05F0000S,05F0055S,5,0,0
2025/04/01 05:15,05F0055S,05F0287S,31,928,15
2025/04/01 05:15,05F0055S,05F0287S,32,936,14
2025/04/01 05:15,05F0055S,05F0287S,41,0,0
2025/04/01 05:15,05F0055S,05F0287S,42,0,0
2025/04/01 05:15,05F0055S,05F0287S,5,0,0
2025/04/01 05:15,05F0287S,05F0309S,31,85,16
2025/04/01 05:15,05F0287S,05F0309S,32,87,16
2025/04/01 05:15,05F0287S,05F0309S,41,0,0
2025/04/01 05:15,05F0287S,05F0309S,42,0,0
2025/04/01 05:15,05F0287S,05F0309S,5,0,0
2025/04/01 05:15,05F0309S,05F0439S,31,513,7
2025/04/01 05:15,05F0309S,05F0439S,32,511,12
2025/04/01 05:15,05F0309S,05F0439S,41,0,0
2025/04/01 05:15,05F0309S,05F0439S,42,0,0
2025/04/01 05:15,05F0309S,05F0439S,5,506,2
2025/04/01 05:15,05F0439S,05F0494S,31,210,9
2025/04/01 05:15,05F0439S,05F0494S,32,224,8
2025/04/01 05:15,05F0439S,05F0494S,41,0,0
2025/04/01 05:15,05F0439S,05F0494S,42,242,1
2025/04/01 05:15,05F0439S,05F0494S,5,221,3
2025/04/01 05:20,05F0000S,05F0055S,31,229,14
2025/04/01 05:20,05F0000S,05F0055S,32,230,10
2025/04/01 05:20,05F0000S,05F0055S,41,0,0
2025/04/01 05:20,05F0000S,05F0055S,42,0,0
2025/04/01 05:20,05F0000S,05F0055S,5,0,0
2025/04/01 05:20,05F0055S,05F0287S,31,922,7
2025/04/01 05:20,05F0055S,05F0287S,32,965,9
2025/04/01 05:20,05F0055S,05F0287S,41,0,0
2025/04/01 05:20,05F0055S,05F0287S,42,0,0
2025/04/01 05:20,05F0055S,05F0287S,5,0,0
2025/04/01 05:20,05F0287S,05F0309S,31,85,5
2025/04/01 05:20,05F0287S,05F0309S,32,84,7
2025/04/01 05:20,05F0287S,05F0309S,41,0,0
2025/04/01 05:20,05F0287S,05F0309S,42,0,0
2025/04/01 05:20,05F0287S,05F0309S,5,0,0
2025/04/01 05:20,05F0309S,05F0439S,31,485,12
2025/04/01 05:20,05F0309S,05F0439S,32,484,7
2025/04/01 05:20,05F0309S,05F0439S,41,0,0
2025/04/01 05:20,05F0309S,05F0439S,42,0,0
2025/04/01 05:20,05F0309S,05F0439S,5,509,4
2025/04/01 05:20,05F0439S,05F0494S,31,215,10
2025/04/01 05:20,05F0439S,05F0494S,32,213,8
2025/04/01 05:20,05F0439S,05F0494S,41,0,0
2025/04/01 05:20,05F0439S,05F0494S,42,232,1
2025/04/01 05:20,05F0439S,05F0494S,5,199,2
2025/04/01 05:25,05F0000S,05F0055S,31,234,15
2025/04/01 05:25,05F0000S,05F0055S,32,242,10
2025/04/01 05:25,05F0000S,05F0055S,41,0,0
2025/04/01 05:25,05F0000S,05F0055S,42,0,0
2025/04/01 05:25,05F0000S,05F0055S,5,0,0
2025/04/01 05:25,05F0055S,05F0287S,31,932,7
2025/04/01 05:25,05F0055S,05F0287S,32,920,12
2025/04/01 05:25,05F0055S,05F0287S,41,0,0
2025/04/01 05:25,05F0055S,05F0287S,42,0,0
2025/04/01 05:25,05F0055S,05F0287S,5,0,0
2025/04/01 05:25,05F0287S,05F0309S,31,85,8
2025/04/01 05:25,05F0287S,05F0309S,32,81,12
2025/04/01 05:25,05F0287S,05F0309S,41,0,0
2025/04/01 05:25,05F0287S,05F0309S,42,0,0
2025/04/01 05:25,05F0287S,05F0309S,5,0,0
2025/04/01 05:25,05F0309S,05F0439S,31,457,11
2025/04/01 05:25,05F0309S,05F0439S,32,474,8
2025/04/01 05:25,05F0309S,05F0439S,41,0,0
2025/04/01 05:25,05F0309S,05F0439S,42,600,1
2025/04/01 05:25,05F0309S,05F0439S,5,540,6
2025/04/01 05:25,05F0439S,05F0494S,31,194,5
2025/04/01 05:25,05F0439S,05F0494S,32,211,6
2025/04/01 05:25,05F0439S,05F0494S,41,0,0
2025/04/01 05:25,05F0439S,05F0494S,42,0,0
2025/04/01 05:25,05F0439S,05F0494S,5,225,2
2025/04/01 05:30,05F0000S,05F0055S,31,234,15
2025/04/01 05:30,05F0000S,05F0055S,32,247,11
2025/04/01 05:30,05F0000S,05F0055S,41,0,0
2025/04/01 05:30,05F0000S,05F0055S,42,0,0
2025/04/01 05:30,05F0000S,05F0055S,5,0,0
2025/04/01 05:30,05F0055S,05F0287S,31,929,11
2025/04/01 05:30,05F0055S,05F0287S,32,959,11
2025/04/01 05:30,05F0055S,05F0287S,41,0,0
2025/04/01 05:30,05F0055S,05F0287S,42,0,0
2025/04/01 05:30,05F0055S,05F0287S,5,0,0
2025/04/01 05:30,05F0287S,05F0309S,31,86,8
2025/04/01 05:30,05F0287S,05F0309S,32,84,6
2025/04/01 05:30,05F0287S,05F0309S,41,0,0
2025/04/01 05:30,05F0287S,05F0309S,42,0,0
2025/04/01 05:30,05F0287S,05F0309S,5,0,0
2025/04/01 05:30,05F0309S,05F0439S,31,478,7
2025/04/01 05:30,05F0309S,05F0439S,32,465,10
2025/04/01 05:30,05F0309S,05F0439S,41,0,0
2025/04/01 05:30,05F0309S,05F0439S,42,552,2
2025/04/01 05:30,05F0309S,05F0439S,5,492,2
2025/04/01 05:30,05F0439S,05F0494S,31,194,9
2025/04/01 05:30,05F0439S,05F0494S,32,187,5
2025/04/01 05:30,05F0439S,05F0494S,41,0,0
2025/04/01 05:30,05F0439S,05F0494S,42,245,2
2025/04/01 05:30,05F0439S,05F0494S,5,215,6
2025/04/01 05:35,05F0000S,05F0055S,31,225,10
2025/04/01 05:35,05F0000S,05F0055S,32,238,19
2025/04/01 05:35,05F0000S,05F0055S,41,0,0
2025/04/01 05:35,05F0000S,05F0055S,42,0,0
2025/04/01 05:35,05F0000S,05F0055S,5,0,0
2025/04/01 05:35,05F0055S,05F0287S,31,937,13
2025/04/01 05:35,05F0055S,05F0287S,32,1001,12
2025/04/01 05:35,05F0055S,05F0287S,41,1079,1
2025/04/01 05:35,05F0055S,05F0287S,42,0,0
2025/04/01 05:35,05F0055S,05F0287S,5,0,0
2025/04/01 05:35,05F0287S,05F0309S,31,83,9
2025/04/01 05:35,05F0287S,05F0309S,32,84,12
2025/04/01 05:35,05F0287S,05F0309S,41,96,1
2025/04/01 05:35,05F0287S,05F0309S,42,0,0
2025/04/01 05:35,05F0287S,05F0309S,5,0,0
2025/04/01 05:35,05F0309S,05F0439S,31,475,5
2025/04/01 05:35,05F0309S,05F0439S,32,496,4
2025/04/01 05:35,05F0309S,05F0439S,41,0,0
2025/04/01 05:35,05F0309S,05F0439S,42,540,1
2025/04/01 05:35,05F0309S,05F0439S,5,510,6
2025/04/01 05:35,05F0439S,05F0494S,31,196,6
2025/04/01 05:35,05F0439S,05F0494S,32,201,7
2025/04/01 05:35,05F0439S,05F0494S,41,0,0
2025/04/01 05:35,05F0439S,05F0494S,42,229,1
2025/04/01 05:35,05F0439S,05F0494S,5,214,2
2025/04/01 05:40,05F0000S,05F0055S,31,237,19
2025/04/01 05:40,05F0000S,05F0055S,32,236,17
2025/04/01 05:40,05F0000S,05F0055S,41,1706,1
2025/04/01 05:40,05F0000S,05F0055S,42,0,0
2025/04/01 05:40,05F0000S,05F0055S,5,0,0
2025/04/01 05:40,05F0055S,05F0287S,31,931,16
2025/04/01 05:40,05F0055S,05F0287S,32,944,13
2025/04/01 05:40,05F0055S,05F0287S,41,0,0
2025/04/01 05:40,05F0055S,05F0287S,42,0,0
2025/04/01 05:40,05F0055S,05F0287S,5,0,0
2025/04/01 05:40,05F0287S,05F0309S,31,85,12
2025/04/01 05:40,05F0287S,05F0309S,32,89,13
2025/04/01 05:40,05F0287S,05F0309S,41,0,0
2025/04/01 05:40,05F0287S,05F0309S,42,0,0
2025/04/01 05:40,05F0287S,05F0309S,5,0,0
2025/04/01 05:40,05F0309S,05F0439S,31,468,8
2025/04/01 05:40,05F0309S,05F0439S,32,455,4
2025/04/01 05:40,05F0309S,05F0439S,41,0,0
2025/04/01 05:40,05F0309S,05F0439S,42,555,1
2025/04/01 05:40,05F0309S,05F0439S,5,538,8
2025/04/01 05:40,05F0439S,05F0494S,31,0,0
2025/04/01 05:40,05F0439S,05F0494S,32,205,2
2025/04/01 05:40,05F0439S,05F0494S,41,0,0
2025/04/01 05:40,05F0439S,05F0494S,42,0,0
2025/04/01 05:40,05F0439S,05F0494S,5,205,2
2025/04/01 05:45,05F0000S,05F0055S,31,240,18
2025/04/01 05:45,05F0000S,05F0055S,32,247,14
2025/04/01 05:45,05F0000S,05F0055S,41,235,1
2025/04/01 05:45,05F0000S,05F0055S,42,0,0
2025/04/01 05:45,05F0000S,05F0055S,5,0,0
2025/04/01 05:45,05F0055S,05F0287S,31,944,11
2025/04/01 05:45,05F0055S,05F0287S,32,961,12
2025/04/01 05:45,05F0055S,05F0287S,41,0,0
2025/04/01 05:45,05F0055S,05F0287S,42,0,0
2025/04/01 05:45,05F0055S,05F0287S,5,0,0
2025/04/01 05:45,05F0287S,05F0309S,31,87,6
2025/04/01 05:45,05F0287S,05F0309S,32,83,8
2025/04/01 05:45,05F0287S,05F0309S,41,0,0
2025/04/01 05:45,05F0287S,05F0309S,42,0,0
2025/04/01 05:45,05F0287S,05F0309S,5,0,0
2025/04/01 05:45,05F0309S,05F0439S,31,442,9
2025/04/01 05:45,05F0309S,05F0439S,32,510,7
2025/04/01 05:45,05F0309S,05F0439S,41,548,1
2025/04/01 05:45,05F0309S,05F0439S,42,663,2
2025/04/01 05:45,05F0309S,05F0439S,5,548,4
2025/04/01 05:45,05F0439S,05F0494S,31,194,8
2025/04/01 05:45,05F0439S,05F0494S,32,188,2
2025/04/01 05:45,05F0439S,05F0494S,41,0,0
2025/04/01 05:45,05F0439S,05F0494S,42,226,3
2025/04/01 05:45,05F0439S,05F0494S,5,246,3
2025/04/01 05:50,05F0000S,05F0055S,31,234,22
2025/04/01 05:50,05F0000S,05F0055S,32,238,27
2025/04/01 05:50,05F0000S,05F0055S,41,0,0
2025/04/01 05:50,05F0000S,05F0055S,42,0,0
2025/04/01 05:50,05F0000S,05F0055S,5,0,0
2025/04/01 05:50,05F0055S,05F0287S,31,939,12
2025/04/01 05:50,05F0055S,05F0287S,32,931,16
2025/04/01 05:50,05F0055S,05F0287S,41,0,0
2025/04/01 05:50,05F0055S,05F0287S,42,0,0
2025/04/01 05:50,05F0055S,05F0287S,5,0,0
2025/04/01 05:50,05F0287S,05F0309S,31,81,12
2025/04/01 05:50,05F0287S,05F0309S,32,85,13
2025/04/01 05:50,05F0287S,05F0309S,41,0,0
2025/04/01 05:50,05F0287S,05F0309S,42,0,0
2025/04/01 05:50,05F0287S,05F0309S,5,0,0
2025/04/01 05:50,05F0309S,05F0439S,31,476,7
2025/04/01 05:50,05F0309S,05F0439S,32,483,9
2025/04/01 05:50,05F0309S,05F0439S,41,0,0
2025/04/01 05:50,05F0309S,05F0439S,42,0,0
2025/04/01 05:50,05F0309S,05F0439S,5,501,5
2025/04/01 05:50,05F0439S,05F0494S,31,194,5
2025/04/01 05:50,05F0439S,05F0494S,32,208,8
2025/04/01 05:50,05F0439S,05F0494S,41,0,0
2025/04/01 05:50,05F0439S,05F0494S,42,233,2
2025/04/01 05:50,05F0439S,05F0494S,5,225,3
2025/04/01 05:55,05F0000S,05F0055S,31,237,23
2025/04/01 05:55,05F0000S,05F0055S,32,234,16
2025/04/01 05:55,05F0000S,05F0055S,41,281,1
2025/04/01 05:55,05F0000S,05F0055S,42,0,0
2025/04/01 05:55,05F0000S,05F0055S,5,0,0
2025/04/01 05:55,05F0055S,05F0287S,31,944,13
2025/04/01 05:55,05F0055S,05F0287S,32,964,22
2025/04/01 05:55,05F0055S,05F0287S,41,0,0
2025/04/01 05:55,05F0055S,05F0287S,42,0,0
2025/04/01 05:55,05F0055S,05F0287S,5,0,0
2025/04/01 05:55,05F0287S,05F0309S,31,88,9
2025/04/01 05:55,05F0287S,05F0309S,32,85,15
2025/04/01 05:55,05F0287S,05F0309S,41,0,0
2025/04/01 05:55,05F0287S,05F0309S,42,0,0
2025/04/01 05:55,05F0287S,05F0309S,5,0,0
2025/04/01 05:55,05F0309S,05F0439S,31,465,13
2025/04/01 05:55,05F0309S,05F0439S,32,519,8
2025/04/01 05:55,05F0309S,05F0439S,41,0,0
2025/04/01 05:55,05F0309S,05F0439S,42,0,0
2025/04/01 05:55,05F0309S,05F0439S,5,549,2
2025/04/01 05:55,05F0439S,05F0494S,31,207,7
2025/04/01 05:55,05F0439S,05F0494S,32,186,7
2025/04/01 05:55,05F0439S,05F0494S,41,220,1
2025/04/01 05:55,05F0439S,05F0494S,42,0,0
2025/04/01 05:55,05F0439S,05F0494S,5,211,5
2025/04/01 06:00,05F0000S,05F0055S,31,225,32
2025/04/01 06:00,05F0000S,05F0055S,32,243,20
2025/04/01 06:00,05F0000S,05F0055S,41,0,0
2025/04/01 06:00,05F0000S,05F0055S,42,0,0
2025/04/01 06:00,05F0000S,05F0055S,5,0,0
2025/04/01 06:00,05F0055S,05F0287S,31,941,21
2025/04/01 06:00,05F0055S,05F0287S,32,971,15
2025/04/01 06:00,05F0055S,05F0287S,41,1026,2
2025/04/01 06:00,05F0055S,05F0287S,42,0,0
2025/04/01 06:00,05F0055S,05F0287S,5,0,0
2025/04/01 06:00,05F0287S,05F0309S,31,85,14
2025/04/01 06:00,05F0287S,05F0309S,32,90,8
2025/04/01 06:00,05F0287S,05F0309S,41,107,1
2025/04/01 06:00,05F0287S,05F0309S,42,0,0
2025/04/01 06:00,05F0287S,05F0309S,5,0,0
2025/04/01 06:00,05F0309S,05F0439S,31,480,6
2025/04/01 06:00,05F0309S,05F0439S,32,514,8
2025/04/01 06:00,05F0309S,05F0439S,41,0,0
2025/04/01 06:00,05F0309S,05F0439S,42,0,0
2025/04/01 06:00,05F0309S,05F0439S,5,519,1
2025/04/01 06:00,05F0439S,05F0494S,31,195,8
2025/04/01 06:00,05F0439S,05F0494S,32,217,3
2025/04/01 06:00,05F0439S,05F0494S,41,0,0
2025/04/01 06:00,05F0439S,05F0494S,42,246,1
2025/04/01 06:00,05F0439S,05F0494S,5,0,0
2025/04/01 06:05,05F0000S,05F0055S,31,235,25
2025/04/01 06:05,05F0000S,05F0055S,32,233,20
2025/04/01 06:05,05F0000S,05F0055S,41,250,2
2025/04/01 06:05,05F0000S,05F0055S,42,0,0
2025/04/01 06:05,05F0000S,05F0055S,5,0,0
2025/04/01 06:05,05F0055S,05F0287S,31,943,22
2025/04/01 06:05,05F0055S,05F0287S,32,937,28
2025/04/01 06:05,05F0055S,05F0287S,41,0,0
2025/04/01 06:05,05F0055S,05F0287S,42,0,0
2025/04/01 06:05,05F0055S,05F0287S,5,0,0
2025/04/01 06:05,05F0287S,05F0309S,31,84,18
2025/04/01 06:05,05F0287S,05F0309S,32,89,22
2025/04/01 06:05,05F0287S,05F0309S,41,0,0
2025/04/01 06:05,05F0287S,05F0309S,42,0,0
2025/04/01 06:05,05F0287S,05F0309S,5,0,0
2025/04/01 06:05,05F0309S,05F0439S,31,485,9
2025/04/01 06:05,05F0309S,05F0439S,32,469,9
2025/04/01 06:05,05F0309S,05F0439S,41,0,0
2025/04/01 06:05,05F0309S,05F0439S,42,0,0
2025/04/01 06:05,05F0309S,05F0439S,5,527,3
2025/04/01 06:05,05F0439S,05F0494S,31,204,3
2025/04/01 06:05,05F0439S,05F0494S,32,201,9
2025/04/01 06:05,05F0439S,05F0494S,41,0,0
2025/04/01 06:05,05F0439S,05F0494S,42,0,0
2025/04/01 06:05,05F0439S,05F0494S,5,0,0
2025/04/01 06:10,05F0000S,05F0055S,31,239,24
2025/04/01 06:10,05F0000S,05F0055S,32,245,16
2025/04/01 06:10,05F0000S,05F0055S,41,228,1
2025/04/01 06:10,05F0000S,05F0055S,42,0,0
2025/04/01 06:10,05F0000S,05F0055S,5,0,0
2025/04/01 06:10,05F0055S,05F0287S,31,950,22
2025/04/01 06:10,05F0055S,05F0287S,32,938,15
2025/04/01 06:10,05F0055S,05F0287S,41,0,0
2025/04/01 06:10,05F0055S,05F0287S,42,0,0
2025/04/01 06:10,05F0055S,05F0287S,5,0,0
2025/04/01 06:10,05F0287S,05F0309S,31,85,17
2025/04/01 06:10,05F0287S,05F0309S,32,86,21
2025/04/01 06:10,05F0287S,05F0309S,41,0,0
2025/04/01 06:10,05F0287S,05F0309S,42,0,0
2025/04/01 06:10,05F0287S,05F0309S,5,0,0
2025/04/01 06:10,05F0309S,05F0439S,31,468,12
2025/04/01 06:10,05F0309S,05F0439S,32,480,9
2025/04/01 06:10,05F0309S,05F0439S,41,0,0
2025/04/01 06:10,05F0309S,05F0439S,42,477,1
2025/04/01 06:10,05F0309S,05F0439S,5,484,4
2025/04/01 06:10,05F0439S,05F0494S,31,213,11
2025/04/01 06:10,05F0439S,05F0494S,32,239,2
2025/04/01 06:10,05F0439S,05F0494S,41,0,0
2025/04/01 06:10,05F0439S,05F0494S,42,202,1
2025/04/01 06:10,05F0439S,05F0494S,5,212,5
2025/04/01 06:15,05F0000S,05F0055S,31,238,31
2025/04/01 06:15,05F0000S,05F0055S,32,235,18
2025/04/01 06:15,05F0000S,05F0055S,41,233,1
2025/04/01 06:15,05F0000S,05F0055S,42,0,0
2025/04/01 06:15,05F0000S,05F0055S,5,0,0
2025/04/01 06:15,05F0055S,05F0287S,31,936,35
2025/04/01 06:15,05F0055S,05F0287S,32,956,23
2025/04/01 06:15,05F0055S,05F0287S,41,1069,1
2025/04/01 06:15,05F0055S,05F0287S,42,0,0
2025/04/01 06:15,05F0055S,05F0287S,5,0,0
2025/04/01 06:15,05F0287S,05F0309S,31,85,19
2025/04/01 06:15,05F0287S,05F0309S,32,87,17
2025/04/01 06:15,05F0287S,05F0309S,41,104,1
2025/04/01 06:15,05F0287S,05F0309S,42,0,0
2025/04/01 06:15,05F0287S,05F0309S,5,0,0
2025/04/01 06:15,05F0309S,05F0439S,31,487,14
2025/04/01 06:15,05F0309S,05F0439S,32,499,14
2025/04/01 06:15,05F0309S,05F0439S,41,0,0
2025/04/01 06:15,05F0309S,05F0439S,42,551,5
2025/04/01 06:15,05F0309S,05F0439S,5,538,1
2025/04/01 06:15,05F0439S,05F0494S,31,200,9
2025/04/01 06:15,05F0439S,05F0494S,32,198,11
2025/04/01 06:15,05F0439S,05F0494S,41,0,0
2025/04/01 06:15,05F0439S,05F0494S,42,221,1
2025/04/01 06:15,05F0439S,05F0494S,5,233,1
2025/04/01 06:20,05F0000S,05F0055S,31,233,35
2025/04/01 06:20,05F0000S,05F0055S,32,240,24
2025/04/01 06:20,05F0000S,05F0055S,41,237,2
2025/04/01 06:20,05F0000S,05F0055S,42,0,0
2025/04/01 06:20,05F0000S,05F0055S,5,0,0
2025/04/01 06:20,05F0055S,05F0287S,31,962,19
2025/04/01 06:20,05F0055S,05F0287S,32,959,18
2025/04/01 06:20,05F0055S,05F0287S,41,1004,2
2025/04/01 06:20,05F0055S,05F0287S,42,0,0
2025/04/01 06:20,05F0055S,05F0287S,5,0,0
2025/04/01 06:20,05F0287S,05F0309S,31,89,15
2025/04/01 06:20,05F0287S,05F0309S,32,87,12
2025/04/01 06:20,05F0287S,05F0309S,41,0,0
2025/04/01 06:20,05F0287S,05F0309S,42,0,0
2025/04/01 06:20,05F0287S,05F0309S,5,0,0
2025/04/01 06:20,05F0309S,05F0439S,31,468,15
2025/04/01 06:20,05F0309S,05F0439S,32,477,14
2025/04/01 06:20,05F0309S,05F0439S,41,0,0
2025/04/01 06:20,05F0309S,05F0439S,42,528,2
2025/04/01 06:20,05F0309S,05F0439S,5,519,2
2025/04/01 06:20,05F0439S,05F0494S,31,209,8
2025/04/01 06:20,05F0439S,05F0494S,32,207,9
2025/04/01 06:20,05F0439S,05F0494S,41,0,0
2025/04/01 06:20,05F0439S,05F0494S,42,0,0
2025/04/01 06:20,05F0439S,05F0494S,5,217,2
2025/04/01 06:25,05F0000S,05F0055S,31,235,29
2025/04/01 06:25,05F0000S,05F0055S,32,237,25
2025/04/01 06:25,05F0000S,05F0055S,41,229,1
2025/04/01 06:25,05F0000S,05F0055S,42,0,0
2025/04/01 06:25,05F0000S,05F0055S,5,0,0
2025/04/01 06:25,05F0055S,05F0287S,31,975,34
2025/04/01 06:25,05F0055S,05F0287S,32,976,21
2025/04/01 06:25,05F0055S,05F0287S,41,948,1
2025/04/01 06:25,05F0055S,05F0287S,42,0,0
2025/04/01 06:25,05F0055S,05F0287S,5,0,0
2025/04/01 06:25,05F0287S,05F0309S,31,84,25
2025/04/01 06:25,05F0287S,05F0309S,32,88,22
2025/04/01 06:25,05F0287S,05F0309S,41,85,2
2025/04/01 06:25,05F0287S,05F0309S,42,0,0
2025/04/01 06:25,05F0287S,05F0309S,5,0,0
2025/04/01 06:25,05F0309S,05F0439S,31,490,18
2025/04/01 06:25,05F0309S,05F0439S,32,503,10
2025/04/01 06:25,05F0309S,05F0439S,41,573,1
2025/04/01 06:25,05F0309S,05F0439S,42,0,0
2025/04/01 06:25,05F0309S,05F0439S,5,515,1
2025/04/01 06:25,05F0439S,05F0494S,31,205,7
2025/04/01 06:25,05F0439S,05F0494S,32,207,7
2025/04/01 06:25,05F0439S,05F0494S,41,0,0
2025/04/01 06:25,05F0439S,05F0494S,42,0,0
2025/04/01 06:25,05F0439S,05F0494S,5,204,1
2025/04/01 06:30,05F0000S,05F0055S,31,241,41
2025/04/01 06:30,05F0000S,05F0055S,32,240,31
2025/04/01 06:30,05F0000S,05F0055S,41,273,2
2025/04/01 06:30,05F0000S,05F0055S,42,0,0
2025/04/01 06:30,05F0000S,05F0055S,5,0,0
2025/04/01 06:30,05F0055S,05F0287S,31,939,33
2025/04/01 06:30,05F0055S,05F0287S,32,945,18
2025/04/01 06:30,05F0055S,05F0287S,41,919,1
2025/04/01 06:30,05F0055S,05F0287S,42,0,0
2025/04/01 06:30,05F0055S,05F0287S,5,0,0
2025/04/01 06:30,05F0287S,05F0309S,31,85,21
2025/04/01 06:30,05F0287S,05F0309S,32,87,16
2025/04/01 06:30,05F0287S,05F0309S,41,86,1
2025/04/01 06:30,05F0287S,05F0309S,42,0,0
2025/04/01 06:30,05F0287S,05F0309S,5,0,0
2025/04/01 06:30,05F0309S,05F0439S,31,478,7
2025/04/01 06:30,05F0309S,05F0439S,32,498,10
2025/04/01 06:30,05F0309S,05F0439S,41,486,1
2025/04/01 06:30,05F0309S,05F0439S,42,536,4
2025/04/01 06:30,05F0309S,05F0439S,5,540,4
2025/04/01 06:30,05F0439S,05F0494S,31,209,15
2025/04/01 06:30,05F0439S,05F0494S,32,218,6
2025/04/01 06:30,05F0439S,05F0494S,41,233,1
2025/04/01 06:30,05F0439S,05F0494S,42,235,1
2025/04/01 06:30,05F0439S,05F0494S,5,224,2
2025/04/01 06:35,05F0000S,05F0055S,31,244,42
2025/04/01 06:35,05F0000S,05F0055S,32,240,28
2025/04/01 06:35,05F0000S,05F0055S,41,250,3
2025/04/01 06:35,05F0000S,05F0055S,42,0,0
2025/04/01 06:35,05F0000S,05F0055S,5,0,0
2025/04/01 06:35,05F0055S,05F0287S,31,954,30
2025/04/01 06:35,05F0055S,05F0287S,32,963,21
2025/04/01 06:35,05F0055S,05F0287S,41,977,1
2025/04/01 06:35,05F0055S,05F0287S,42,0,0
2025/04/01 06:35,05F0055S,05F0287S,5,0,0
2025/04/01 06:35,05F0287S,05F0309S,31,83,20
2025/04/01 06:35,05F0287S,05F0309S,32,84,16
2025/04/01 06:35,05F0287S,05F0309S,41,94,1
2025/04/01 06:35,05F0287S,05F0309S,42,0,0
2025/04/01 06:35,05F0287S,05F0309S,5,0,0
2025/04/01 06:35,05F0309S,05F0439S,31,485,25
2025/04/01 06:35,05F0309S,05F0439S,32,506,20
2025/04/01 06:35,05F0309S,05F0439S,41,0,0
2025/04/01 06:35,05F0309S,05F0439S,42,532,2
2025/04/01 06:35,05F0309S,05F0439S,5,550,2
2025/04/01 06:35,05F0439S,05F0494S,31,203,19
2025/04/01 06:35,05F0439S,05F0494S,32,201,8
2025/04/01 06:35,05F0439S,05F0494S,41,0,0
2025/04/01 06:35,05F0439S,05F0494S,42,215,2
2025/04/01 06:35,05F0439S,05F0494S,5,230,3
2025/04/01 06:40,05F0000S,05F0055S,31,234,47
2025/04/01 06:40,05F0000S,05F0055S,32,243,34
2025/04/01 06:40,05F0000S,05F0055S,41,251,1
2025/04/01 06:40,05F0000S,05F0055S,42,0,0
2025/04/01 06:40,05F0000S,05F0055S,5,0,0
2025/04/01 06:40,05F0055S,05F0287S,31,946,33
2025/04/01 06:40,05F0055S,05F0287S,32,960,26
2025/04/01 06:40,05F0055S,05F0287S,41,947,2
2025/04/01 06:40,05F0055S,05F0287S,42,0,0
2025/04/01 06:40,05F0055S,05F0287S,5,0,0
2025/04/01 06:40,05F0287S,05F0309S,31,88,26
2025/04/01 06:40,05F0287S,05F0309S,32,91,19
2025/04/01 06:40,05F0287S,05F0309S,41,89,1
2025/04/01 06:40,05F0287S,05F0309S,42,100,1
2025/04/01 06:40,05F0287S,05F0309S,5,0,0
2025/04/01 06:40,05F0309S,05F0439S,31,472,15
2025/04/01 06:40,05F0309S,05F0439S,32,470,11
2025/04/01 06:40,05F0309S,05F0439S,41,494,1
2025/04/01 06:40,05F0309S,05F0439S,42,512,1
2025/04/01 06:40,05F0309S,05F0439S,5,495,3
2025/04/01 06:40,05F0439S,05F0494S,31,207,17
2025/04/01 06:40,05F0439S,05F0494S,32,205,13
2025/04/01 06:40,05F0439S,05F0494S,41,0,0
2025/04/01 06:40,05F0439S,05F0494S,42,221,1
2025/04/01 06:40,05F0439S,05F0494S,5,217,4
2025/04/01 06:45,05F0000S,05F0055S,31,240,45
2025/04/01 06:45,05F0000S,05F0055S,32,243,29
2025/04/01 06:45,05F0000S,05F0055S,41,0,0
2025/04/01 06:45,05F0000S,05F0055S,42,0,0
2025/04/01 06:45,05F0000S,05F0055S,5,0,0
2025/04/01 06:45,05F0055S,05F0287S,31,973,42
2025/04/01 06:45,05F0055S,05F0287S,32,973,20
2025/04/01 06:45,05F0055S,05F0287S,41,1125,1
2025/04/01 06:45,05F0055S,05F0287S,42,0,0
2025/04/01 06:45,05F0055S,05F0287S,5,0,0
2025/04/01 06:45,05F0287S,05F0309S,31,87,16
2025/04/01 06:45,05F0287S,05F0309S,32,92,13
2025/04/01 06:45,05F0287S,05F0309S,41,0,0
2025/04/01 06:45,05F0287S,05F0309S,42,0,0
2025/04/01 06:45,05F0287S,05F0309S,5,0,0
2025/04/01 06:45,05F0309S,05F0439S,31,477,18
2025/04/01 06:45,05F0309S,05F0439S,32,488,9
2025/04/01 06:45,05F0309S,05F0439S,41,532,1
2025/04/01 06:45,05F0309S,05F0439S,42,586,1
2025/04/01 06:45,05F0309S,05F0439S,5,512,2
2025/04/01 06:45,05F0439S,05F0494S,31,202,18
2025/04/01 06:45,05F0439S,05F0494S,32,198,5
2025/04/01 06:45,05F0439S,05F0494S,41,0,0
2025/04/01 06:45,05F0439S,05F0494S,42,230,1
2025/04/01 06:45,05F0439S,05F0494S,5,218,3
2025/04/01 06:50,05F0000S,05F0055S,31,237,36
2025/04/01 06:50,05F0000S,05F0055S,32,242,27
2025/04/01 06:50,05F0000S,05F0055S,41,223,2
2025/04/01 06:50,05F0000S,05F0055S,42,0,0
2025/04/01 06:50,05F0000S,05F0055S,5,0,0
2025/04/01 06:50,05F0055S,05F0287S,31,981,42
2025/04/01 06:50,05F0055S,05F0287S,32,976,41
2025/04/01 06:50,05F0055S,05F0287S,41,1053,2
2025/04/01 06:50,05F0055S,05F0287S,42,0,0
2025/04/01 06:50,05F0055S,05F0287S,5,0,0
2025/04/01 06:50,05F0287S,05F0309S,31,84,30
2025/04/01 06:50,05F0287S,05F0309S,32,87,34
2025/04/01 06:50,05F0287S,05F0309S,41,92,2
2025/04/01 06:50,05F0287S,05F0309S,42,0,0
2025/04/01 06:50,05F0287S,05F0309S,5,0,0
2025/04/01 06:50,05F0309S,05F0439S,31,514,18
2025/04/01 06:50,05F0309S,05F0439S,32,508,16
2025/04/01 06:50,05F0309S,05F0439S,41,0,0
2025/04/01 06:50,05F0309S,05F0439S,42,565,1
2025/04/01 06:50,05F0309S,05F0439S,5,552,4
2025/04/01 06:50,05F0439S,05F0494S,31,210,20
2025/04/01 06:50,05F0439S,05F0494S,32,210,9
2025/04/01 06:50,05F0439S,05F0494S,41,0,0
2025/04/01 06:50,05F0439S,05F0494S,42,0,0
2025/04/01 06:50,05F0439S,05F0494S,5,221,2
2025/04/01 06:55,05F0000S,05F0055S,31,241,52
2025/04/01 06:55,05F0000S,05F0055S,32,242,25
2025/04/01 06:55,05F0000S,05F0055S,41,232,2
2025/04/01 06:55,05F0000S,05F0055S,42,0,0
2025/04/01 06:55,05F0000S,05F0055S,5,0,0
2025/04/01 06:55,05F0055S,05F0287S,31,954,49
2025/04/01 06:55,05F0055S,05F0287S,32,962,28
2025/04/01 06:55,05F0055S,05F0287S,41,978,2
2025/04/01 06:55,05F0055S,05F0287S,42,0,0
2025/04/01 06:55,05F0055S,05F0287S,5,0,0
2025/04/01 06:55,05F0287S,05F0309S,31,87,36
2025/04/01 06:55,05F0287S,05F0309S,32,83,22
2025/04/01 06:55,05F0287S,05F0309S,41,88,2
2025/04/01 06:55,05F0287S,05F0309S,42,0,0
2025/04/01 06:55,05F0287S,05F0309S,5,0,0
2025/04/01 06:55,05F0309S,05F0439S,31,474,19
2025/04/01 06:55,05F0309S,05F0439S,32,474,12
2025/04/01 06:55,05F0309S,05F0439S,41,0,0
2025/04/01 06:55,05F0309S,05F0439S,42,529,2
2025/04/01 06:55,05F0309S,05F0439S,5,539,6
2025/04/01 06:55,05F0439S,05F0494S,31,197,11
2025/04/01 06:55,05F0439S,05F0494S,32,200,8
2025/04/01 06:55,05F0439S,05F0494S,41,0,0
2025/04/01 06:55,05F0439S,05F0494S,42,0,0
2025/04/01 06:55,05F0439S,05F0494S,5,233,3
2025/04/01 07:00,05F0000S,05F0055S,31,248,45
2025/04/01 07:00,05F0000S,05F0055S,32,258,23
2025/04/01 07:00,05F0000S,05F0055S,41,0,0
2025/04/01 07:00,05F0000S,05F0055S,42,0,0
2025/04/01 07:00,05F0000S,05F0055S,5,0,0
2025/04/01 07:00,05F0055S,05F0287S,31,964,46
2025/04/01 07:00,05F0055S,05F0287S,32,984,36
2025/04/01 07:00,05F0055S,05F0287S,41,1000,1
2025/04/01 07:00,05F0055S,05F0287S,42,0,0
2025/04/01 07:00,05F0055S,05F0287S,5,0,0
2025/04/01 07:00,05F0287S,05F0309S,31,85,40
2025/04/01 07:00,05F0287S,05F0309S,32,87,32
2025/04/01 07:00,05F0287S,05F0309S,41,90,1
2025/04/01 07:00,05F0287S,05F0309S,42,0,0
2025/04/01 07:00,05F0287S,05F0309S,5,0,0
2025/04/01 07:00,05F0309S,05F0439S,31,495,29
2025/04/01 07:00,05F0309S,05F0439S,32,483,22
2025/04/01 07:00,05F0309S,05F0439S,41,0,0
2025/04/01 07:00,05F0309S,05F0439S,42,0,0
2025/04/01 07:00,05F0309S,05F0439S,5,514,11
2025/04/01 07:00,05F0439S,05F0494S,31,206,19
2025/04/01 07:00,05F0439S,05F0494S,32,202,12
2025/04/01 07:00,05F0439S,05F0494S,41,0,0
2025/04/01 07:00,05F0439S,05F0494S,42,236,1
2025/04/01 07:00,05F0439S,05F0494S,5,226,6
2025/04/01 07:05,05F0000S,05F0055S,31,239,45
2025/04/01 07:05,05F0000S,05F0055S,32,244,21
2025/04/01 07:05,05F0000S,05F0055S,41,240,4
2025/04/01 07:05,05F0000S,05F0055S,42,0,0
2025/04/01 07:05,05F0000S,05F0055S,5,0,0
2025/04/01 07:05,05F0055S,05F0287S,31,965,51
2025/04/01 07:05,05F0055S,05F0287S,32,966,27
2025/04/01 07:05,05F0055S,05F0287S,41,959,2
2025/04/01 07:05,05F0055S,05F0287S,42,0,0
2025/04/01 07:05,05F0055S,05F0287S,5,0,0
2025/04/01 07:05,05F0287S,05F0309S,31,86,31
2025/04/01 07:05,05F0287S,05F0309S,32,88,23
2025/04/01 07:05,05F0287S,05F0309S,41,91,2
2025/04/01 07:05,05F0287S,05F0309S,42,0,0
2025/04/01 07:05,05F0287S,05F0309S,5,0,0
2025/04/01 07:05,05F0309S,05F0439S,31,485,34
2025/04/01 07:05,05F0309S,05F0439S,32,489,21
2025/04/01 07:05,05F0309S,05F0439S,41,541,1
2025/04/01 07:05,05F0309S,05F0439S,42,561,2
2025/04/01 07:05,05F0309S,05F0439S,5,558,3
2025/04/01 07:05,05F0439S,05F0494S,31,205,32
2025/04/01 07:05,05F0439S,05F0494S,32,206,18
2025/04/01 07:05,05F0439S,05F0494S,41,0,0
2025/04/01 07:05,05F0439S,05F0494S,42,0,0
2025/04/01 07:05,05F0439S,05F0494S,5,212,4
2025/04/01 07:10,05F0000S,05F0055S,31,246,63
2025/04/01 07:10,05F0000S,05F0055S,32,256,19
2025/04/01 07:10,05F0000S,05F0055S,41,0,0
2025/04/01 07:10,05F0000S,05F0055S,42,0,0
2025/04/01 07:10,05F0000S,05F0055S,5,0,0
2025/04/01 07:10,05F0055S,05F0287S,31,962,52
2025/04/01 07:10,05F0055S,05F0287S,32,967,22
2025/04/01 07:10,05F0055S,05F0287S,41,988,1
2025/04/01 07:10,05F0055S,05F0287S,42,0,0
2025/04/01 07:10,05F0055S,05F0287S,5,0,0
2025/04/01 07:10,05F0287S,05F0309S,31,83,37
2025/04/01 07:10,05F0287S,05F0309S,32,85,17
2025/04/01 07:10,05F0287S,05F0309S,41,93,1
2025/04/01 07:10,05F0287S,05F0309S,42,0,0
2025/04/01 07:10,05F0287S,05F0309S,5,0,0
2025/04/01 07:10,05F0309S,05F0439S,31,485,38
2025/04/01 07:10,05F0309S,05F0439S,32,487,25
2025/04/01 07:10,05F0309S,05F0439S,41,502,1
2025/04/01 07:10,05F0309S,05F0439S,42,551,2
2025/04/01 07:10,05F0309S,05F0439S,5,532,4
2025/04/01 07:10,05F0439S,05F0494S,31,201,30
2025/04/01 07:10,05F0439S,05F0494S,32,202,14
2025/04/01 07:10,05F0439S,05F0494S,41,0,0
2025/04/01 07:10,05F0439S,05F0494S,42,245,2
2025/04/01 07:10,05F0439S,05F0494S,5,204,3
2025/04/01 07:15,05F0000S,05F0055S,31,243,61
2025/04/01 07:15,05F0000S,05F0055S,32,248,29
2025/04/01 07:15,05F0000S,05F0055S,41,247,2
2025/04/01 07:15,05F0000S,05F0055S,42,0,0
2025/04/01 07:15,05F0000S,05F0055S,5,0,0
2025/04/01 07:15,05F0055S,05F0287S,31,1021,40
2025/04/01 07:15,05F0055S,05F0287S,32,1034,27
2025/04/01 07:15,05F0055S,05F0287S,41,1015,1
2025/04/01 07:15,05F0055S,05F0287S,42,0,0
2025/04/01 07:15,05F0055S,05F0287S,5,0,0
2025/04/01 07:15,05F0287S,05F0309S,31,87,40
2025/04/01 07:15,05F0287S,05F0309S,32,91,17
2025/04/01 07:15,05F0287S,05F0309S,41,90,1
2025/04/01 07:15,05F0287S,05F0309S,42,0,0
2025/04/01 07:15,05F0287S,05F0309S,5,0,0
2025/04/01 07:15,05F0309S,05F0439S,31,482,29
2025/04/01 07:15,05F0309S,05F0439S,32,511,18
2025/04/01 07:15,05F0309S,05F0439S,41,524,2
2025/04/01 07:15,05F0309S,05F0439S,42,550,4
2025/04/01 07:15,05F0309S,05F0439S,5,505,4
2025/04/01 07:15,05F0439S,05F0494S,31,202,50
2025/04/01 07:15,05F0439S,05F0494S,32,210,12
2025/04/01 07:15,05F0439S,05F0494S,41,0,0
2025/04/01 07:15,05F0439S,05F0494S,42,0,0
2025/04/01 07:15,05F0439S,05F0494S,5,222,2
2025/04/01 07:20,05F0000S,05F0055S,31,240,44
2025/04/01 07:20,05F0000S,05F0055S,32,242,17
2025/04/01 07:20,05F0000S,05F0055S,41,236,2
2025/04/01 07:20,05F0000S,05F0055S,42,0,0
2025/04/01 07:20,05F0000S,05F0055S,5,0,0
2025/04/01 07:20,05F0055S,05F0287S,31,984,61
2025/04/01 07:20,05F0055S,05F0287S,32,988,21
2025/04/01 07:20,05F0055S,05F0287S,41,1001,4
2025/04/01 07:20,05F0055S,05F0287S,42,0,0
2025/04/01 07:20,05F0055S,05F0287S,5,0,0
2025/04/01 07:20,05F0287S,05F0309S,31,92,49
2025/04/01 07:20,05F0287S,05F0309S,32,94,23
2025/04/01 07:20,05F0287S,05F0309S,41,0,0
2025/04/01 07:20,05F0287S,05F0309S,42,0,0
2025/04/01 07:20,05F0287S,05F0309S,5,0,0
2025/04/01 07:20,05F0309S,05F0439S,31,458,29
2025/04/01 07:20,05F0309S,05F0439S,32,493,9
2025/04/01 07:20,05F0309S,05F0439S,41,0,0
2025/04/01 07:20,05F0309S,05F0439S,42,548,2
2025/04/01 07:20,05F0309S,05F0439S,5,530,2
2025/04/01 07:20,05F0439S,05F0494S,31,200,42
2025/04/01 07:20,05F0439S,05F0494S,32,216,13
2025/04/01 07:20,05F0439S,05F0494S,41,0,0
2025/04/01 07:20,05F0439S,05F0494S,42,245,2
2025/04/01 07:20,05F0439S,05F0494S,5,202,1
2025/04/01 07:25,05F0000S,05F0055S,31,244,60
2025/04/01 07:25,05F0000S,05F0055S,32,244,34
2025/04/01 07:25,05F0000S,05F0055S,41,261,5
2025/04/01 07:25,05F0000S,05F0055S,42,0,0
2025/04/01 07:25,05F0000S,05F0055S,5,0,0
2025/04/01 07:25,05F0055S,05F0287S,31,994,56
2025/04/01 07:25,05F0055S,05F0287S,32,1003,29
2025/04/01 07:25,05F0055S,05F0287S,41,0,0
2025/04/01 07:25,05F0055S,05F0287S,42,0,0
2025/04/01 07:25,05F0055S,05F0287S,5,0,0
2025/04/01 07:25,05F0287S,05F0309S,31,87,35
2025/04/01 07:25,05F0287S,05F0309S,32,92,14
2025/04/01 07:25,05F0287S,05F0309S,41,90,2
2025/04/01 07:25,05F0287S,05F0309S,42,0,0
2025/04/01 07:25,05F0287S,05F0309S,5,0,0
2025/04/01 07:25,05F0309S,05F0439S,31,485,36
2025/04/01 07:25,05F0309S,05F0439S,32,492,18
2025/04/01 07:25,05F0309S,05F0439S,41,538,1
2025/04/01 07:25,05F0309S,05F0439S,42,532,4
2025/04/01 07:25,05F0309S,05F0439S,5,525,2
2025/04/01 07:25,05F0439S,05F0494S,31,199,58
2025/04/01 07:25,05F0439S,05F0494S,32,206,12
2025/04/01 07:25,05F0439S,05F0494S,41,0,0
2025/04/01 07:25,05F0439S,05F0494S,42,228,3
2025/04/01 07:25,05F0439S,05F0494S,5,222,4
2025/04/01 07:30,05F0000S,05F0055S,31,237,40
2025/04/01 07:30,05F0000S,05F0055S,32,239,17
2025/04/01 07:30,05F0000S,05F0055S,41,248,2
2025/04/01 07:30,05F0000S,05F0055S,42,0,0
2025/04/01 07:30,05F0000S,05F0055S,5,0,0
2025/04/01 07:30,05F0055S,05F0287S,31,963,57
2025/04/01 07:30,05F0055S,05F0287S,32,981,27
2025/04/01 07:30,05F0055S,05F0287S,41,0,0
2025/04/01 07:30,05F0055S,05F0287S,42,0,0
2025/04/01 07:30,05F0055S,05F0287S,5,0,0
2025/04/01 07:30,05F0287S,05F0309S,31,87,49
2025/04/01 07:30,05F0287S,05F0309S,32,90,20
2025/04/01 07:30,05F0287S,05F0309S,41,0,0
2025/04/01 07:30,05F0287S,05F0309S,42,0,0
2025/04/01 07:30,05F0287S,05F0309S,5,0,0
2025/04/01 07:30,05F0309S,05F0439S,31,496,53
2025/04/01 07:30,05F0309S,05F0439S,32,529,19
2025/04/01 07:30,05F0309S,05F0439S,41,530,1
2025/04/01 07:30,05F0309S,05F0439S,42,0,0
2025/04/01 07:30,05F0309S,05F0439S,5,500,1
2025/04/01 07:30,05F0439S,05F0494S,31,199,49
2025/04/01 07:30,05F0439S,05F0494S,32,207,12
2025/04/01 07:30,05F0439S,05F0494S,41,0,0
2025/04/01 07:30,05F0439S,05F0494S,42,251,5
2025/04/01 07:30,05F0439S,05F0494S,5,231,1
2025/04/01 07:35,05F0000S,05F0055S,31,245,45
2025/04/01 07:35,05F0000S,05F0055S,32,242,19
2025/04/01 07:35,05F0000S,05F0055S,41,250,5
2025/04/01 07:35,05F0000S,05F0055S,42,257,1
2025/04/01 07:35,05F0000S,05F0055S,5,0,0
2025/04/01 07:35,05F0055S,05F0287S,31,974,59
2025/04/01 07:35,05F0055S,05F0287S,32,978,19
2025/04/01 07:35,05F0055S,05F0287S,41,964,3
2025/04/01 07:35,05F0055S,05F0287S,42,0,0
2025/04/01 07:35,05F0055S,05F0287S,5,0,0
2025/04/01 07:35,05F0287S,05F0309S,31,89,52
2025/04/01 07:35,05F0287S,05F0309S,32,89,22
2025/04/01 07:35,05F0287S,05F0309S,41,93,1
2025/04/01 07:35,05F0287S,05F0309S,42,0,0
2025/04/01 07:35,05F0287S,05F0309S,5,0,0
2025/04/01 07:35,05F0309S,05F0439S,31,467,38
2025/04/01 07:35,05F0309S,05F0439S,32,503,16
2025/04/01 07:35,05F0309S,05F0439S,41,0,0
2025/04/01 07:35,05F0309S,05F0439S,42,544,1
2025/04/01 07:35,05F0309S,05F0439S,5,528,3
2025/04/01 07:35,05F0439S,05F0494S,31,205,65
2025/04/01 07:35,05F0439S,05F0494S,32,210,17
2025/04/01 07:35,05F0439S,05F0494S,41,0,0
2025/04/01 07:35,05F0439S,05F0494S,42,0,0
2025/04/01 07:35,05F0439S,05F0494S,5,222,3
2025/04/01 07:40,05F0000S,05F0055S,31,243,56
2025/04/01 07:40,05F0000S,05F0055S,32,245,27
2025/04/01 07:40,05F0000S,05F0055S,41,0,0
2025/04/01 07:40,05F0000S,05F0055S,42,0,0
2025/04/01 07:40,05F0000S,05F0055S,5,0,0
2025/04/01 07:40,05F0055S,05F0287S,31,988,57
2025/04/01 07:40,05F0055S,05F0287S,32,991,28
2025/04/01 07:40,05F0055S,05F0287S,41,1032,4
2025/04/01 07:40,05F0055S,05F0287S,42,0,0
2025/04/01 07:40,05F0055S,05F0287S,5,0,0
2025/04/01 07:40,05F0287S,05F0309S,31,87,41
2025/04/01 07:40,05F0287S,05F0309S,32,91,14
2025/04/01 07:40,05F0287S,05F0309S,41,90,3
2025/04/01 07:40,05F0287S,05F0309S,42,0,0
2025/04/01 07:40,05F0287S,05F0309S,5,0,0
2025/04/01 07:40,05F0309S,05F0439S,31,488,49
2025/04/01 07:40,05F0309S,05F0439S,32,505,18
2025/04/01 07:40,05F0309S,05F0439S,41,0,0
2025/04/01 07:40,05F0309S,05F0439S,42,523,4
2025/04/01 07:40,05F0309S,05F0439S,5,498,8
2025/04/01 07:40,05F0439S,05F0494S,31,195,54
2025/04/01 07:40,05F0439S,05F0494S,32,205,9
2025/04/01 07:40,05F0439S,05F0494S,41,0,0
2025/04/01 07:40,05F0439S,05F0494S,42,238,4
2025/04/01 07:40,05F0439S,05F0494S,5,217,4
2025/04/01 07:45,05F0000S,05F0055S,31,236,46
2025/04/01 07:45,05F0000S,05F0055S,32,242,26
2025/04/01 07:45,05F0000S,05F0055S,41,251,2
2025/04/01 07:45,05F0000S,05F0055S,42,0,0
2025/04/01 07:45,05F0000S,05F0055S,5,0,0
2025/04/01 07:45,05F0055S,05F0287S,31,987,58
2025/04/01 07:45,05F0055S,05F0287S,32,1006,26
2025/04/01 07:45,05F0055S,05F0287S,41,1054,2
2025/04/01 07:45,05F0055S,05F0287S,42,0,0
2025/04/01 07:45,05F0055S,05F0287S,5,0,0
2025/04/01 07:45,05F0287S,05F0309S,31,90,44
2025/04/01 07:45,05F0287S,05F0309S,32,93,30
2025/04/01 07:45,05F0287S,05F0309S,41,99,1
2025/04/01 07:45,05F0287S,05F0309S,42,0,0
2025/04/01 07:45,05F0287S,05F0309S,5,0,0
2025/04/01 07:45,05F0309S,05F0439S,31,490,42
2025/04/01 07:45,05F0309S,05F0439S,32,509,16
2025/04/01 07:45,05F0309S,05F0439S,41,490,1
2025/04/01 07:45,05F0309S,05F0439S,42,557,3
2025/04/01 07:45,05F0309S,05F0439S,5,516,5
2025/04/01 07:45,05F0439S,05F0494S,31,200,41
2025/04/01 07:45,05F0439S,05F0494S,32,209,18
2025/04/01 07:45,05F0439S,05F0494S,41,0,0
2025/04/01 07:45,05F0439S,05F0494S,42,208,1
2025/04/01 07:45,05F0439S,05F0494S,5,204,5
2025/04/01 07:50,05F0000S,05F0055S,31,239,45
2025/04/01 07:50,05F0000S,05F0055S,32,248,17
2025/04/01 07:50,05F0000S,05F0055S,41,268,1
2025/04/01 07:50,05F0000S,05F0055S,42,0,0
2025/04/01 07:50,05F0000S,05F0055S,5,0,0
2025/04/01 07:50,05F0055S,05F0287S,31,974,45
2025/04/01 07:50,05F0055S,05F0287S,32,977,24
2025/04/01 07:50,05F0055S,05F0287S,41,1013,1
2025/04/01 07:50,05F0055S,05F0287S,42,0,0
2025/04/01 07:50,05F0055S,05F0287S,5,0,0
2025/04/01 07:50,05F0287S,05F0309S,31,89,43
2025/04/01 07:50,05F0287S,05F0309S,32,94,15
2025/04/01 07:50,05F0287S,05F0309S,41,93,3
2025/04/01 07:50,05F0287S,05F0309S,42,0,0
2025/04/01 07:50,05F0287S,05F0309S,5,0,0
2025/04/01 07:50,05F0309S,05F0439S,31,478,37
2025/04/01 07:50,05F0309S,05F0439S,32,490,16
2025/04/01 07:50,05F0309S,05F0439S,41,539,1
2025/04/01 07:50,05F0309S,05F0439S,42,529,1
2025/04/01 07:50,05F0309S,05F0439S,5,521,4
2025/04/01 07:50,05F0439S,05F0494S,31,205,46
2025/04/01 07:50,05F0439S,05F0494S,32,205,18
2025/04/01 07:50,05F0439S,05F0494S,41,226,1
2025/04/01 07:50,05F0439S,05F0494S,42,220,2
2025/04/01 07:50,05F0439S,05F0494S,5,222,6
2025/04/01 07:55,05F0000S,05F0055S,31,243,38
2025/04/01 07:55,05F0000S,05F0055S,32,251,20
2025/04/01 07:55,05F0000S,05F0055S,41,248,2
2025/04/01 07:55,05F0000S,05F0055S,42,0,0
2025/04/01 07:55,05F0000S,05F0055S,5,0,0
2025/04/01 07:55,05F0055S,05F0287S,31,952,67
2025/04/01 07:55,05F0055S,05F0287S,32,969,26
2025/04/01 07:55,05F0055S,05F0287S,41,1236,4
2025/04/01 07:55,05F0055S,05F0287S,42,0,0
2025/04/01 07:55,05F0055S,05F0287S,5,0,0
2025/04/01 07:55,05F0287S,05F0309S,31,88,41
2025/04/01 07:55,05F0287S,05F0309S,32,87,23
2025/04/01 07:55,05F0287S,05F0309S,41,109,1
2025/04/01 07:55,05F0287S,05F0309S,42,0,0
2025/04/01 07:55,05F0287S,05F0309S,5,0,0
2025/04/01 07:55,05F0309S,05F0439S,31,496,34
2025/04/01 07:55,05F0309S,05F0439S,32,518,15
2025/04/01 07:55,05F0309S,05F0439S,41,0,0
2025/04/01 07:55,05F0309S,05F0439S,42,504,3
2025/04/01 07:55,05F0309S,05F0439S,5,532,5
2025/04/01 07:55,05F0439S,05F0494S,31,200,40
2025/04/01 07:55,05F0439S,05F0494S,32,204,14
2025/04/01 07:55,05F0439S,05F0494S,41,0,0
2025/04/01 07:55,05F0439S,05F0494S,42,209,3
2025/04/01 07:55,05F0439S,05F0494S,5,238,2
2025/04/01 08:00,05F0000S,05F0055S,31,239,42
2025/04/01 08:00,05F0000S,05F0055S,32,244,19
2025/04/01 08:00,05F0000S,05F0055S,41,260,3
2025/04/01 08:00,05F0000S,05F0055S,42,0,0
2025/04/01 08:00,05F0000S,05F0055S,5,0,0
2025/04/01 08:00,05F0055S,05F0287S,31,963,44
2025/04/01 08:00,05F0055S,05F0287S,32,961,24
2025/04/01 08:00,05F0055S,05F0287S,41,1043,1
2025/04/01 08:00,05F0055S,05F0287S,42,0,0
2025/04/01 08:00,05F0055S,05F0287S,5,0,0
2025/04/01 08:00,05F0287S,05F0309S,31,86,43
2025/04/01 08:00,05F0287S,05F0309S,32,88,22
2025/04/01 08:00,05F0287S,05F0309S,41,93,3
2025/04/01 08:00,05F0287S,05F0309S,42,0,0
2025/04/01 08:00,05F0287S,05F0309S,5,0,0
2025/04/01 08:00,05F0309S,05F0439S,31,508,37
2025/04/01 08:00,05F0309S,05F0439S,32,490,15
2025/04/01 08:00,05F0309S,05F0439S,41,542,2
2025/04/01 08:00,05F0309S,05F0439S,42,588,1
2025/04/01 08:00,05F0309S,05F0439S,5,0,0
2025/04/01 08:00,05F0439S,05F0494S,31,197,37
2025/04/01 08:00,05F0439S,05F0494S,32,216,10
2025/04/01 08:00,05F0439S,05F0494S,41,0,0
2025/04/01 08:00,05F0439S,05F0494S,42,247,1
2025/04/01 08:00,05F0439S,05F0494S,5,225,3
2025/04/01 08:05,05F0000S,05F0055S,31,251,44
2025/04/01 08:05,05F0000S,05F0055S,32,252,29
2025/04/01 08:05,05F0000S,05F0055S,41,255,3
2025/04/01 08:05,05F0000S,05F0055S,42,0,0
2025/04/01 08:05,05F0000S,05F0055S,5,0,0
2025/04/01 08:05,05F0055S,05F0287S,31,958,49
2025/04/01 08:05,05F0055S,05F0287S,32,970,23
2025/04/01 08:05,05F0055S,05F0287S,41,1065,2
2025/04/01 08:05,05F0055S,05F0287S,42,0,0
2025/04/01 08:05,05F0055S,05F0287S,5,0,0
2025/04/01 08:05,05F0287S,05F0309S,31,86,38
2025/04/01 08:05,05F0287S,05F0309S,32,94,15
2025/04/01 08:05,05F0287S,05F0309S,41,95,2
2025/04/01 08:05,05F0287S,05F0309S,42,0,0
2025/04/01 08:05,05F0287S,05F0309S,5,0,0
2025/04/01 08:05,05F0309S,05F0439S,31,486,46
2025/04/01 08:05,05F0309S,05F0439S,32,489,16
2025/04/01 08:05,05F0309S,05F0439S,41,531,1
2025/04/01 08:05,05F0309S,05F0439S,42,555,3
2025/04/01 08:05,05F0309S,05F0439S,5,533,8
2025/04/01 08:05,05F0439S,05F0494S,31,205,30
2025/04/01 08:05,05F0439S,05F0494S,32,208,13
2025/04/01 08:05,05F0439S,05F0494S,41,0,0
2025/04/01 08:05,05F0439S,05F0494S,42,235,1
2025/04/01 08:05,05F0439S,05F0494S,5,200,1
2025/04/01 08:10,05F0000S,05F0055S,31,248,45
2025/04/01 08:10,05F0000S,05F0055S,32,252,16
2025/04/01 08:10,05F0000S,05F0055S,41,249,1
2025/04/01 08:10,05F0000S,05F0055S,42,0,0
2025/04/01 08:10,05F0000S,05F0055S,5,0,0
2025/04/01 08:10,05F0055S,05F0287S,31,971,42
2025/04/01 08:10,05F0055S,05F0287S,32,983,20
2025/04/01 08:10,05F0055S,05F0287S,41,985,2
2025/04/01 08:10,05F0055S,05F0287S,42,0,0
2025/04/01 08:10,05F0055S,05F0287S,5,0,0
2025/04/01 08:10,05F0287S,05F0309S,31,88,41
2025/04/01 08:10,05F0287S,05F0309S,32,90,22
2025/04/01 08:10,05F0287S,05F0309S,41,92,1
2025/04/01 08:10,05F0287S,05F0309S,42,0,0
2025/04/01 08:10,05F0287S,05F0309S,5,0,0
2025/04/01 08:10,05F0309S,05F0439S,31,495,32
2025/04/01 08:10,05F0309S,05F0439S,32,505,12
2025/04/01 08:10,05F0309S,05F0439S,41,0,0
2025/04/01 08:10,05F0309S,05F0439S,42,526,2
2025/04/01 08:10,05F0309S,05F0439S,5,519,3
2025/04/01 08:10,05F0439S,05F0494S,31,194,44
2025/04/01 08:10,05F0439S,05F0494S,32,202,13
2025/04/01 08:10,05F0439S,05F0494S,41,0,0
2025/04/01 08:10,05F0439S,05F0494S,42,217,1
2025/04/01 08:10,05F0439S,05F0494S,5,220,7
2025/04/01 08:15,05F0000S,05F0055S,31,241,51
2025/04/01 08:15,05F0000S,05F0055S,32,243,21
2025/04/01 08:15,05F0000S,05F0055S,41,248,7
2025/04/01 08:15,05F0000S,05F0055S,42,0,0
2025/04/01 08:15,05F0000S,05F0055S,5,0,0
2025/04/01 08:15,05F0055S,05F0287S,31,975,59
2025/04/01 08:15,05F0055S,05F0287S,32,1001,35
2025/04/01 08:15,05F0055S,05F0287S,41,1015,3
2025/04/01 08:15,05F0055S,05F0287S,42,0,0
2025/04/01 08:15,05F0055S,05F0287S,5,0,0
2025/04/01 08:15,05F0287S,05F0309S,31,89,43
2025/04/01 08:15,05F0287S,05F0309S,32,89,28
2025/04/01 08:15,05F0287S,05F0309S,41,92,2
2025/04/01 08:15,05F0287S,05F0309S,42,0,0
2025/04/01 08:15,05F0287S,05F0309S,5,0,0
2025/04/01 08:15,05F0309S,05F0439S,31,496,34
2025/04/01 08:15,05F0309S,05F0439S,32,501,13
2025/04/01 08:15,05F0309S,05F0439S,41,534,2
2025/04/01 08:15,05F0309S,05F0439S,42,541,2
2025/04/01 08:15,05F0309S,05F0439S,5,566,5
2025/04/01 08:15,05F0439S,05F0494S,31,201,40
2025/04/01 08:15,05F0439S,05F0494S,32,212,8
2025/04/01 08:15,05F0439S,05F0494S,41,0,0
2025/04/01 08:15,05F0439S,05F0494S,42,0,0
2025/04/01 08:15,05F0439S,05F0494S,5,244,5
2025/04/01 08:20,05F0000S,05F0055S,31,254,45
2025/04/01 08:20,05F0000S,05F0055S,32,251,21
2025/04/01 08:20,05F0000S,05F0055S,41,251,5
2025/04/01 08:20,05F0000S,05F0055S,42,244,1
2025/04/01 08:20,05F0000S,05F0055S,5,0,0
2025/04/01 08:20,05F0055S,05F0287S,31,978,51
2025/04/01 08:20,05F0055S,05F0287S,32,1007,22
2025/04/01 08:20,05F0055S,05F0287S,41,1016,1
2025/04/01 08:20,05F0055S,05F0287S,42,0,0
2025/04/01 08:20,05F0055S,05F0287S,5,0,0
2025/04/01 08:20,05F0287S,05F0309S,31,87,40
2025/04/01 08:20,05F0287S,05F0309S,32,92,17
2025/04/01 08:20,05F0287S,05F0309S,41,97,1
2025/04/01 08:20,05F0287S,05F0309S,42,0,0
2025/04/01 08:20,05F0287S,05F0309S,5,0,0
2025/04/01 08:20,05F0309S,05F0439S,31,482,29
2025/04/01 08:20,05F0309S,05F0439S,32,506,18
2025/04/01 08:20,05F0309S,05F0439S,41,0,0
2025/04/01 08:20,05F0309S,05F0439S,42,461,1
2025/04/01 08:20,05F0309S,05F0439S,5,500,2
2025/04/01 08:20,05F0439S,05F0494S,31,195,32
2025/04/01 08:20,05F0439S,05F0494S,32,211,9
2025/04/01 08:20,05F0439S,05F0494S,41,0,0
2025/04/01 08:20,05F0439S,05F0494S,42,239,5
2025/04/01 08:20,05F0439S,05F0494S,5,224,7
2025/04/01 08:25,05F0000S,05F0055S,31,251,46
2025/04/01 08:25,05F0000S,05F0055S,32,249,28
2025/04/01 08:25,05F0000S,05F0055S,41,248,9
2025/04/01 08:25,05F0000S,05F0055S,42,0,0
2025/04/01 08:25,05F0000S,05F0055S,5,0,0
2025/04/01 08:25,05F0055S,05F0287S,31,983,61
2025/04/01 08:25,05F0055S,05F0287S,32,981,26
2025/04/01 08:25,05F0055S,05F0287S,41,981,3
2025/04/01 08:25,05F0055S,05F0287S,42,0,0
2025/04/01 08:25,05F0055S,05F0287S,5,0,0
2025/04/01 08:25,05F0287S,05F0309S,31,86,47
2025/04/01 08:25,05F0287S,05F0309S,32,91,25
2025/04/01 08:25,05F0287S,05F0309S,41,90,2
2025/04/01 08:25,05F0287S,05F0309S,42,0,0
2025/04/01 08:25,05F0287S,05F0309S,5,0,0
2025/04/01 08:25,05F0309S,05F0439S,31,490,32
2025/04/01 08:25,05F0309S,05F0439S,32,492,15
2025/04/01 08:25,05F0309S,05F0439S,41,519,3
2025/04/01 08:25,05F0309S,05F0439S,42,515,3
2025/04/01 08:25,05F0309S,05F0439S,5,534,7
2025/04/01 08:25,05F0439S,05F0494S,31,202,27
2025/04/01 08:25,05F0439S,05F0494S,32,214,13
2025/04/01 08:25,05F0439S,05F0494S,41,0,0
2025/04/01 08:25,05F0439S,05F0494S,42,216,1
2025/04/01 08:25,05F0439S,05F0494S,5,230,1
2025/04/01 08:30,05F0000S,05F0055S,31,247,43
2025/04/01 08:30,05F0000S,05F0055S,32,245,23
2025/04/01 08:30,05F0000S,05F0055S,41,244,3
2025/04/01 08:30,05F0000S,05F0055S,42,0,0
2025/04/01 08:30,05F0000S,05F0055S,5,0,0
2025/04/01 08:30,05F0055S,05F0287S,31,984,57
2025/04/01 08:30,05F0055S,05F0287S,32,996,30
2025/04/01 08:30,05F0055S,05F0287S,41,1000,8
2025/04/01 08:30,05F0055S,05F0287S,42,0,0
2025/04/01 08:30,05F0055S,05F0287S,5,0,0
2025/04/01 08:30,05F0287S,05F0309S,31,86,50
2025/04/01 08:30,05F0287S,05F0309S,32,88,19
2025/04/01 08:30,05F0287S,05F0309S,41,91,5
2025/04/01 08:30,05F0287S,05F0309S,42,0,0
2025/04/01 08:30,05F0287S,05F0309S,5,0,0
2025/04/01 08:30,05F0309S,05F0439S,31,485,27
2025/04/01 08:30,05F0309S,05F0439S,32,499,22
2025/04/01 08:30,05F0309S,05F0439S,41,538,1
2025/04/01 08:30,05F0309S,05F0439S,42,621,3
2025/04/01 08:30,05F0309S,05F0439S,5,490,5
2025/04/01 08:30,05F0439S,05F0494S,31,203,16
2025/04/01 08:30,05F0439S,05F0494S,32,212,11
2025/04/01 08:30,05F0439S,05F0494S,41,0,0
2025/04/01 08:30,05F0439S,05F0494S,42,0,0
2025/04/01 08:30,05F0439S,05F0494S,5,222,6
2025/04/01 08:35,05F0000S,05F0055S,31,243,46
2025/04/01 08:35,05F0000S,05F0055S,32,241,21
2025/04/01 08:35,05F0000S,05F0055S,41,235,6
2025/04/01 08:35,05F0000S,05F0055S,42,0,0
2025/04/01 08:35,05F0000S,05F0055S,5,0,0
2025/04/01 08:35,05F0055S,05F0287S,31,994,44
2025/04/01 08:35,05F0055S,05F0287S,32,1000,23
2025/04/01 08:35,05F0055S,05F0287S,41,1029,3
2025/04/01 08:35,05F0055S,05F0287S,42,0,0
2025/04/01 08:35,05F0055S,05F0287S,5,0,0
2025/04/01 08:35,05F0287S,05F0309S,31,86,31
2025/04/01 08:35,05F0287S,05F0309S,32,91,24
2025/04/01 08:35,05F0287S,05F0309S,41,94,4
2025/04/01 08:35,05F0287S,05F0309S,42,0,0
2025/04/01 08:35,05F0287S,05F0309S,5,0,0
2025/04/01 08:35,05F0309S,05F0439S,31,490,37
2025/04/01 08:35,05F0309S,05F0439S,32,530,20
2025/04/01 08:35,05F0309S,05F0439S,41,0,0
2025/04/01 08:35,05F0309S,05F0439S,42,582,3
2025/04/01 08:35,05F0309S,05F0439S,5,484,4
2025/04/01 08:35,05F0439S,05F0494S,31,202,29
2025/04/01 08:35,05F0439S,05F0494S,32,209,12
2025/04/01 08:35,05F0439S,05F0494S,41,231,6
2025/04/01 08:35,05F0439S,05F0494S,42,223,1
2025/04/01 08:35,05F0439S,05F0494S,5,203,5
2025/04/01 08:40,05F0000S,05F0055S,31,251,48
2025/04/01 08:40,05F0000S,05F0055S,32,250,30
2025/04/01 08:40,05F0000S,05F0055S,41,244,8
2025/04/01 08:40,05F0000S,05F0055S,42,0,0
2025/04/01 08:40,05F0000S,05F0055S,5,0,0
2025/04/01 08:40,05F0055S,05F0287S,31,1010,63
2025/04/01 08:40,05F0055S,05F0287S,32,1014,36
2025/04/01 08:40,05F0055S,05F0287S,41,1093,9
2025/04/01 08:40,05F0055S,05F0287S,42,1027,1
2025/04/01 08:40,05F0055S,05F0287S,5,0,0
2025/04/01 08:40,05F0287S,05F0309S,31,88,45
2025/04/01 08:40,05F0287S,05F0309S,32,92,24
2025/04/01 08:40,05F0287S,05F0309S,41,87,1
2025/04/01 08:40,05F0287S,05F0309S,42,0,0
2025/04/01 08:40,05F0287S,05F0309S,5,0,0
2025/04/01 08:40,05F0309S,05F0439S,31,481,36
2025/04/01 08:40,05F0309S,05F0439S,32,503,14
2025/04/01 08:40,05F0309S,05F0439S,41,532,6
2025/04/01 08:40,05F0309S,05F0439S,42,562,5
2025/04/01 08:40,05F0309S,05F0439S,5,532,5
2025/04/01 08:40,05F0439S,05F0494S,31,215,20
2025/04/01 08:40,05F0439S,05F0494S,32,194,8
2025/04/01 08:40,05F0439S,05F0494S,41,222,4
2025/04/01 08:40,05F0439S,05F0494S,42,230,3
2025/04/01 08:40,05F0439S,05F0494S,5,202,4
2025/04/01 08:45,05F0000S,05F0055S,31,253,47
2025/04/01 08:45,05F0000S,05F0055S,32,244,26
2025/04/01 08:45,05F0000S,05F0055S,41,250,6
2025/04/01 08:45,05F0000S,05F0055S,42,0,0
2025/04/01 08:45,05F0000S,05F0055S,5,0,0
2025/04/01 08:45,05F0055S,05F0287S,31,989,44
2025/04/01 08:45,05F0055S,05F0287S,32,992,25
2025/04/01 08:45,05F0055S,05F0287S,41,998,4
2025/04/01 08:45,05F0055S,05F0287S,42,0,0
2025/04/01 08:45,05F0055S,05F0287S,5,0,0
2025/04/01 08:45,05F0287S,05F0309S,31,90,51
2025/04/01 08:45,05F0287S,05F0309S,32,91,24
2025/04/01 08:45,05F0287S,05F0309S,41,94,9
2025/04/01 08:45,05F0287S,05F0309S,42,0,0
2025/04/01 08:45,05F0287S,05F0309S,5,0,0
2025/04/01 08:45,05F0309S,05F0439S,31,502,34
2025/04/01 08:45,05F0309S,05F0439S,32,506,16
2025/04/01 08:45,05F0309S,05F0439S,41,528,1
2025/04/01 08:45,05F0309S,05F0439S,42,557,1
2025/04/01 08:45,05F0309S,05F0439S,5,546,6
2025/04/01 08:45,05F0439S,05F0494S,31,202,27
2025/04/01 08:45,05F0439S,05F0494S,32,223,10
2025/04/01 08:45,05F0439S,05F0494S,41,2681,1
2025/04/01 08:45,05F0439S,05F0494S,42,215,1
2025/04/01 08:45,05F0439S,05F0494S,5,206,3
2025/04/01 08:50,05F0000S,05F0055S,31,248,56
2025/04/01 08:50,05F0000S,05F0055S,32,248,26
2025/04/01 08:50,05F0000S,05F0055S,41,262,5
2025/04/01 08:50,05F0000S,05F0055S,42,0,0
2025/04/01 08:50,05F0000S,05F0055S,5,0,0
2025/04/01 08:50,05F0055S,05F0287S,31,993,55
2025/04/01 08:50,05F0055S,05F0287S,32,993,29
2025/04/01 08:50,05F0055S,05F0287S,41,991,4
2025/04/01 08:50,05F0055S,05F0287S,42,0,0
2025/04/01 08:50,05F0055S,05F0287S,5,0,0
2025/04/01 08:50,05F0287S,05F0309S,31,88,36
2025/04/01 08:50,05F0287S,05F0309S,32,91,21
2025/04/01 08:50,05F0287S,05F0309S,41,91,4
2025/04/01 08:50,05F0287S,05F0309S,42,0,0
2025/04/01 08:50,05F0287S,05F0309S,5,0,0
2025/04/01 08:50,05F0309S,05F0439S,31,494,32
2025/04/01 08:50,05F0309S,05F0439S,32,496,18
2025/04/01 08:50,05F0309S,05F0439S,41,516,5
2025/04/01 08:50,05F0309S,05F0439S,42,527,1
2025/04/01 08:50,05F0309S,05F0439S,5,537,3
2025/04/01 08:50,05F0439S,05F0494S,31,213,17
2025/04/01 08:50,05F0439S,05F0494S,32,213,9
2025/04/01 08:50,05F0439S,05F0494S,41,228,6
2025/04/01 08:50,05F0439S,05F0494S,42,0,0
2025/04/01 08:50,05F0439S,05F0494S,5,227,6
2025/04/01 08:55,05F0000S,05F0055S,31,251,58
2025/04/01 08:55,05F0000S,05F0055S,32,252,34
2025/04/01 08:55,05F0000S,05F0055S,41,260,8
2025/04/01 08:55,05F0000S,05F0055S,42,0,0
2025/04/01 08:55,05F0000S,05F0055S,5,0,0
2025/04/01 08:55,05F0055S,05F0287S,31,983,76
2025/04/01 08:55,05F0055S,05F0287S,32,1004,29
2025/04/01 08:55,05F0055S,05F0287S,41,1059,8
2025/04/01 08:55,05F0055S,05F0287S,42,0,0
2025/04/01 08:55,05F0055S,05F0287S,5,0,0
2025/04/01 08:55,05F0287S,05F0309S,31,86,61
2025/04/01 08:55,05F0287S,05F0309S,32,87,21
2025/04/01 08:55,05F0287S,05F0309S,41,94,5
2025/04/01 08:55,05F0287S,05F0309S,42,0,0
2025/04/01 08:55,05F0287S,05F0309S,5,0,0
2025/04/01 08:55,05F0309S,05F0439S,31,495,27
2025/04/01 08:55,05F0309S,05F0439S,32,509,16
2025/04/01 08:55,05F0309S,05F0439S,41,526,6
2025/04/01 08:55,05F0309S,05F0439S,42,526,3
2025/04/01 08:55,05F0309S,05F0439S,5,542,1
2025/04/01 08:55,05F0439S,05F0494S,31,220,23
2025/04/01 08:55,05F0439S,05F0494S,32,206,16
2025/04/01 08:55,05F0439S,05F0494S,41,230,10
2025/04/01 08:55,05F0439S,05F0494S,42,0,0
2025/04/01 08:55,05F0439S,05F0494S,5,207,3
2025/04/01 09:00,05F0000S,05F0055S,31,248,58
2025/04/01 09:00,05F0000S,05F0055S,32,243,26
2025/04/01 09:00,05F0000S,05F0055S,41,263,8
2025/04/01 09:00,05F0000S,05F0055S,42,0,0
2025/04/01 09:00,05F0000S,05F0055S,5,0,0
2025/04/01 09:00,05F0055S,05F0287S,31,998,64
2025/04/01 09:00,05F0055S,05F0287S,32,995,38
2025/04/01 09:00,05F0055S,05F0287S,41,1025,7
2025/04/01 09:00,05F0055S,05F0287S,42,0,0
2025/04/01 09:00,05F0055S,05F0287S,5,0,0
2025/04/01 09:00,05F0287S,05F0309S,31,87,43
2025/04/01 09:00,05F0287S,05F0309S,32,92,30
2025/04/01 09:00,05F0287S,05F0309S,41,92,7
2025/04/01 09:00,05F0287S,05F0309S,42,0,0
2025/04/01 09:00,05F0287S,05F0309S,5,0,0
2025/04/01 09:00,05F0309S,05F0439S,31,477,34
2025/04/01 09:00,05F0309S,05F0439S,32,488,20
2025/04/01 09:00,05F0309S,05F0439S,41,521,2
2025/04/01 09:00,05F0309S,05F0439S,42,0,0
2025/04/01 09:00,05F0309S,05F0439S,5,512,4
2025/04/01 09:00,05F0439S,05F0494S,31,210,18
2025/04/01 09:00,05F0439S,05F0494S,32,211,13
2025/04/01 09:00,05F0439S,05F0494S,41,228,6
2025/04/01 09:00,05F0439S,05F0494S,42,255,1
2025/04/01 09:00,05F0439S,05F0494S,5,223,4
2025/04/01 09:05,05F0000S,05F0055S,31,253,53
2025/04/01 09:05,05F0000S,05F0055S,32,249,30
2025/04/01 09:05,05F0000S,05F0055S,41,248,6
2025/04/01 09:05,05F0000S,05F0055S,42,0,0
2025/04/01 09:05,05F0000S,05F0055S,5,0,0
2025/04/01 09:05,05F0055S,05F0287S,31,1015,72
2025/04/01 09:05,05F0055S,05F0287S,32,1016,40
2025/04/01 09:05,05F0055S,05F0287S,41,1043,7
2025/04/01 09:05,05F0055S,05F0287S,42,0,0
2025/04/01 09:05,05F0055S,05F0287S,5,0,0
2025/04/01 09:05,05F0287S,05F0309S,31,87,54
2025/04/01 09:05,05F0287S,05F0309S,32,87,24
2025/04/01 09:05,05F0287S,05F0309S,41,92,5
2025/04/01 09:05,05F0287S,05F0309S,42,0,0
2025/04/01 09:05,05F0287S,05F0309S,5,0,0
2025/04/01 09:05,05F0309S,05F0439S,31,488,36
2025/04/01 09:05,05F0309S,05F0439S,32,521,12
2025/04/01 09:05,05F0309S,05F0439S,41,528,4
2025/04/01 09:05,05F0309S,05F0439S,42,0,0
2025/04/01 09:05,05F0309S,05F0439S,5,601,4
2025/04/01 09:05,05F0439S,05F0494S,31,204,28
2025/04/01 09:05,05F0439S,05F0494S,32,214,9
2025/04/01 09:05,05F0439S,05F0494S,41,223,1
2025/04/01 09:05,05F0439S,05F0494S,42,0,0
2025/04/01 09:05,05F0439S,05F0494S,5,204,1
2025/04/01 09:10,05F0000S,05F0055S,31,248,62
2025/04/01 09:10,05F0000S,05F0055S,32,248,31
2025/04/01 09:10,05F0000S,05F0055S,41,264,4
2025/04/01 09:10,05F0000S,05F0055S,42,0,0
2025/04/01 09:10,05F0000S,05F0055S,5,0,0
2025/04/01 09:10,05F0055S,05F0287S,31,995,52
2025/04/01 09:10,05F0055S,05F0287S,32,998,25
2025/04/01 09:10,05F0055S,05F0287S,41,1026,6
2025/04/01 09:10,05F0055S,05F0287S,42,0,0
2025/04/01 09:10,05F0055S,05F0287S,5,0,0
2025/04/01 09:10,05F0287S,05F0309S,31,88,53
2025/04/01 09:10,05F0287S,05F0309S,32,90,25
2025/04/01 09:10,05F0287S,05F0309S,41,97,7
2025/04/01 09:10,05F0287S,05F0309S,42,0,0
2025/04/01 09:10,05F0287S,05F0309S,5,0,0
2025/04/01 09:10,05F0309S,05F0439S,31,483,49
2025/04/01 09:10,05F0309S,05F0439S,32,479,19
2025/04/01 09:10,05F0309S,05F0439S,41,531,6
2025/04/01 09:10,05F0309S,05F0439S,42,531,1
2025/04/01 09:10,05F0309S,05F0439S,5,516,3
2025/04/01 09:10,05F0439S,05F0494S,31,209,21
2025/04/01 09:10,05F0439S,05F0494S,32,213,15
2025/04/01 09:10,05F0439S,05F0494S,41,219,2
2025/04/01 09:10,05F0439S,05F0494S,42,0,0
2025/04/01 09:10,05F0439S,05F0494S,5,267,3
2025/04/01 09:15,05F0000S,05F0055S,31,259,75
2025/04/01 09:15,05F0000S,05F0055S,32,258,29
2025/04/01 09:15,05F0000S,05F0055S,41,259,11
2025/04/01 09:15,05F0000S,05F0055S,42,337,1
2025/04/01 09:15,05F0000S,05F0055S,5,0,0
2025/04/01 09:15,05F0055S,05F0287S,31,1018,80
2025/04/01 09:15,05F0055S,05F0287S,32,1023,39
2025/04/01 09:15,05F0055S,05F0287S,41,1055,15
2025/04/01 09:15,05F0055S,05F0287S,42,0,0
2025/04/01 09:15,05F0055S,05F0287S,5,0,0
2025/04/01 09:15,05F0287S,05F0309S,31,88,48
2025/04/01 09:15,05F0287S,05F0309S,32,87,25
2025/04/01 09:15,05F0287S,05F0309S,41,91,11
2025/04/01 09:15,05F0287S,05F0309S,42,0,0
2025/04/01 09:15,05F0287S,05F0309S,5,0,0
2025/04/01 09:15,05F0309S,05F0439S,31,477,53
2025/04/01 09:15,05F0309S,05F0439S,32,502,17
2025/04/01 09:15,05F0309S,05F0439S,41,530,5
2025/04/01 09:15,05F0309S,05F0439S,42,0,0
2025/04/01 09:15,05F0309S,05F0439S,5,552,4
2025/04/01 09:15,05F0439S,05F0494S,31,200,23
2025/04/01 09:15,05F0439S,05F0494S,32,193,6
2025/04/01 09:15,05F0439S,05F0494S,41,231,2
2025/04/01 09:15,05F0439S,05F0494S,42,219,1
2025/04/01 09:15,05F0439S,05F0494S,5,210,6
2025/04/01 09:20,05F0000S,05F0055S,31,240,52
2025/04/01 09:20,05F0000S,05F0055S,32,243,28
2025/04/01 09:20,05F0000S,05F0055S,41,252,6
2025/04/01 09:20,05F0000S,05F0055S,42,0,0
2025/04/01 09:20,05F0000S,05F0055S,5,0,0
2025/04/01 09:20,05F0055S,05F0287S,31,1021,77
2025/04/01 09:20,05F0055S,05F0287S,32,1030,37
2025/04/01 09:20,05F0055S,05F0287S,41,1060,7
2025/04/01 09:20,05F0055S,05F0287S,42,0,0
2025/04/01 09:20,05F0055S,05F0287S,5,0,0
2025/04/01 09:20,05F0287S,05F0309S,31,88,60
2025/04/01 09:20,05F0287S,05F0309S,32,89,25
2025/04/01 09:20,05F0287S,05F0309S,41,92,9
2025/04/01 09:20,05F0287S,05F0309S,42,0,0
2025/04/01 09:20,05F0287S,05F0309S,5,0,0
2025/04/01 09:20,05F0309S,05F0439S,31,488,32
2025/04/01 09:20,05F0309S,05F0439S,32,492,17
2025/04/01 09:20,05F0309S,05F0439S,41,527,2
2025/04/01 09:20,05F0309S,05F0439S,42,607,1
2025/04/01 09:20,05F0309S,05F0439S,5,518,4
2025/04/01 09:20,05F0439S,05F0494S,31,204,24
2025/04/01 09:20,05F0439S,05F0494S,32,210,5
2025/04/01 09:20,05F0439S,05F0494S,41,235,2
2025/04/01 09:20,05F0439S,05F0494S,42,240,2
2025/04/01 09:20,05F0439S,05F0494S,5,227,2
2025/04/01 09:25,05F0000S,05F0055S,31,251,77
2025/04/01 09:25,05F0000S,05F0055S,32,252,29
2025/04/01 09:25,05F0000S,05F0055S,41,254,7
2025/04/01 09:25,05F0000S,05F0055S,42,0,0
2025/04/01 09:25,05F0000S,05F0055S,5,0,0
2025/04/01 09:25,05F0055S,05F0287S,31,1005,98
2025/04/01 09:25,05F0055S,05F0287S,32,1008,44
2025/04/01 09:25,05F0055S,05F0287S,41,1030,6
2025/04/01 09:25,05F0055S,05F0287S,42,0,0
2025/04/01 09:25,05F0055S,05F0287S,5,0,0
2025/04/01 09:25,05F0287S,05F0309S,31,88,65
2025/04/01 09:25,05F0287S,05F0309S,32,89,31
2025/04/01 09:25,05F0287S,05F0309S,41,94,3
2025/04/01 09:25,05F0287S,05F0309S,42,0,0
2025/04/01 09:25,05F0287S,05F0309S,5,0,0
2025/04/01 09:25,05F0309S,05F0439S,31,492,39
2025/04/01 09:25,05F0309S,05F0439S,32,487,16
2025/04/01 09:25,05F0309S,05F0439S,41,500,10
2025/04/01 09:25,05F0309S,05F0439S,42,720,1
2025/04/01 09:25,05F0309S,05F0439S,5,528,3
2025/04/01 09:25,05F0439S,05F0494S,31,200,19
2025/04/01 09:25,05F0439S,05F0494S,32,198,8
2025/04/01 09:25,05F0439S,05F0494S,41,0,0
2025/04/01 09:25,05F0439S,05F0494S,42,199,1
2025/04/01 09:25,05F0439S,05F0494S,5,218,5
2025/04/01 09:30,05F0000S,05F0055S,31,252,75
2025/04/01 09:30,05F0000S,05F0055S,32,252,38
2025/04/01 09:30,05F0000S,05F0055S,41,241,4
2025/04/01 09:30,05F0000S,05F0055S,42,259,1
2025/04/01 09:30,05F0000S,05F0055S,5,0,0
2025/04/01 09:30,05F0055S,05F0287S,31,1015,83
2025/04/01 09:30,05F0055S,05F0287S,32,1010,26
2025/04/01 09:30,05F0055S,05F0287S,41,1052,8
2025/04/01 09:30,05F0055S,05F0287S,42,0,0
2025/04/01 09:30,05F0055S,05F0287S,5,0,0
2025/04/01 09:30,05F0287S,05F0309S,31,89,70
2025/04/01 09:30,05F0287S,05F0309S,32,88,26
2025/04/01 09:30,05F0287S,05F0309S,41,93,7
2025/04/01 09:30,05F0287S,05F0309S,42,0,0
2025/04/01 09:30,05F0287S,05F0309S,5,0,0
2025/04/01 09:30,05F0309S,05F0439S,31,502,44
2025/04/01 09:30,05F0309S,05F0439S,32,490,18
2025/04/01 09:30,05F0309S,05F0439S,41,508,5
2025/04/01 09:30,05F0309S,05F0439S,42,563,3
2025/04/01 09:30,05F0309S,05F0439S,5,503,5
2025/04/01 09:30,05F0439S,05F0494S,31,212,23
2025/04/01 09:30,05F0439S,05F0494S,32,215,7
2025/04/01 09:30,05F0439S,05F0494S,41,221,2
2025/04/01 09:30,05F0439S,05F0494S,42,0,0
2025/04/01 09:30,05F0439S,05F0494S,5,223,3
2025/04/01 09:35,05F0000S,05F0055S,31,254,65
2025/04/01 09:35,05F0000S,05F0055S,32,257,37
2025/04/01 09:35,05F0000S,05F0055S,41,256,5
2025/04/01 09:35,05F0000S,05F0055S,42,0,0
2025/04/01 09:35,05F0000S,05F0055S,5,0,0
2025/04/01 09:35,05F0055S,05F0287S,31,1028,98
2025/04/01 09:35,05F0055S,05F0287S,32,1042,42
2025/04/01 09:35,05F0055S,05F0287S,41,1102,11
2025/04/01 09:35,05F0055S,05F0287S,42,1308,2
2025/04/01 09:35,05F0055S,05F0287S,5,0,0
2025/04/01 09:35,05F0287S,05F0309S,31,89,71
2025/04/01 09:35,05F0287S,05F0309S,32,90,36
2025/04/01 09:35,05F0287S,05F0309S,41,94,8
2025/04/01 09:35,05F0287S,05F0309S,42,0,0
2025/04/01 09:35,05F0287S,05F0309S,5,0,0
2025/04/01 09:35,05F0309S,05F0439S,31,478,49
2025/04/01 09:35,05F0309S,05F0439S,32,495,28
2025/04/01 09:35,05F0309S,05F0439S,41,534,3
2025/04/01 09:35,05F0309S,05F0439S,42,0,0
2025/04/01 09:35,05F0309S,05F0439S,5,0,0
2025/04/01 09:35,05F0439S,05F0494S,31,205,15
2025/04/01 09:35,05F0439S,05F0494S,32,205,14
2025/04/01 09:35,05F0439S,05F0494S,41,0,0
2025/04/01 09:35,05F0439S,05F0494S,42,234,1
2025/04/01 09:35,05F0439S,05F0494S,5,215,3
2025/04/01 09:40,05F0000S,05F0055S,31,256,78
2025/04/01 09:40,05F0000S,05F0055S,32,258,35
2025/04/01 09:40,05F0000S,05F0055S,41,251,11
2025/04/01 09:40,05F0000S,05F0055S,42,0,0
2025/04/01 09:40,05F0000S,05F0055S,5,0,0
2025/04/01 09:40,05F0055S,05F0287S,31,1005,79
2025/04/01 09:40,05F0055S,05F0287S,32,1008,40
2025/04/01 09:40,05F0055S,05F0287S,41,1049,2
2025/04/01 09:40,05F0055S,05F0287S,42,0,0
2025/04/01 09:40,05F0055S,05F0287S,5,0,0
2025/04/01 09:40,05F0287S,05F0309S,31,88,53
2025/04/01 09:40,05F0287S,05F0309S,32,87,30
2025/04/01 09:40,05F0287S,05F0309S,41,93,5
2025/04/01 09:40,05F0287S,05F0309S,42,97,1
2025/04/01 09:40,05F0287S,05F0309S,5,0,0
2025/04/01 09:40,05F0309S,05F0439S,31,491,49
2025/04/01 09:40,05F0309S,05F0439S,32,488,18
2025/04/01 09:40,05F0309S,05F0439S,41,1057,2
2025/04/01 09:40,05F0309S,05F0439S,42,0,0
2025/04/01 09:40,05F0309S,05F0439S,5,535,1
2025/04/01 09:40,05F0439S,05F0494S,31,201,24
2025/04/01 09:40,05F0439S,05F0494S,32,210,10
2025/04/01 09:40,05F0439S,05F0494S,41,0,0
2025/04/01 09:40,05F0439S,05F0494S,42,0,0
2025/04/01 09:40,05F0439S,05F0494S,5,225,1
2025/04/01 09:45,05F0000S,05F0055S,31,251,80
2025/04/01 09:45,05F0000S,05F0055S,32,254,30
2025/04/01 09:45,05F0000S,05F0055S,41,244,2
2025/04/01 09:45,05F0000S,05F0055S,42,0,0
2025/04/01 09:45,05F0000S,05F0055S,5,0,0
2025/04/01 09:45,05F0055S,05F0287S,31,1032,100
2025/04/01 09:45,05F0055S,05F0287S,32,1036,43
2025/04/01 09:45,05F0055S,05F0287S,41,1077,6
2025/04/01 09:45,05F0055S,05F0287S,42,0,0
2025/04/01 09:45,05F0055S,05F0287S,5,0,0
2025/04/01 09:45,05F0287S,05F0309S,31,88,72
2025/04/01 09:45,05F0287S,05F0309S,32,90,41
2025/04/01 09:45,05F0287S,05F0309S,41,92,5
2025/04/01 09:45,05F0287S,05F0309S,42,0,0
2025/04/01 09:45,05F0287S,05F0309S,5,0,0
2025/04/01 09:45,05F0309S,05F0439S,31,485,41
2025/04/01 09:45,05F0309S,05F0439S,32,499,26
2025/04/01 09:45,05F0309S,05F0439S,41,535,8
2025/04/01 09:45,05F0309S,05F0439S,42,474,1
2025/04/01 09:45,05F0309S,05F0439S,5,0,0
2025/04/01 09:45,05F0439S,05F0494S,31,204,27
2025/04/01 09:45,05F0439S,05F0494S,32,207,19
2025/04/01 09:45,05F0439S,05F0494S,41,210,1
2025/04/01 09:45,05F0439S,05F0494S,42,0,0
2025/04/01 09:45,05F0439S,05F0494S,5,0,0
2025/04/01 09:50,05F0000S,05F0055S,31,256,98
2025/04/01 09:50,05F0000S,05F0055S,32,261,34
2025/04/01 09:50,05F0000S,05F0055S,41,256,7
2025/04/01 09:50,05F0000S,05F0055S,42,247,1
2025/04/01 09:50,05F0000S,05F0055S,5,0,0
2025/04/01 09:50,05F0055S,05F0287S,31,1011,93
2025/04/01 09:50,05F0055S,05F0287S,32,1017,47
2025/04/01 09:50,05F0055S,05F0287S,41,1041,9
2025/04/01 09:50,05F0055S,05F0287S,42,0,0
2025/04/01 09:50,05F0055S,05F0287S,5,0,0
2025/04/01 09:50,05F0287S,05F0309S,31,86,71
2025/04/01 09:50,05F0287S,05F0309S,32,87,35
2025/04/01 09:50,05F0287S,05F0309S,41,91,5
2025/04/01 09:50,05F0287S,05F0309S,42,0,0
2025/04/01 09:50,05F0287S,05F0309S,5,0,0
2025/04/01 09:50,05F0309S,05F0439S,31,489,42
2025/04/01 09:50,05F0309S,05F0439S,32,484,31
2025/04/01 09:50,05F0309S,05F0439S,41,520,1
2025/04/01 09:50,05F0309S,05F0439S,42,528,1
2025/04/01 09:50,05F0309S,05F0439S,5,546,3
2025/04/01 09:50,05F0439S,05F0494S,31,212,19
2025/04/01 09:50,05F0439S,05F0494S,32,203,13
2025/04/01 09:50,05F0439S,05F0494S,41,0,0
2025/04/01 09:50,05F0439S,05F0494S,42,234,3
2025/04/01 09:50,05F0439S,05F0494S,5,0,0
2025/04/01 09:55,05F0000S,05F0055S,31,253,75
2025/04/01 09:55,05F0000S,05F0055S,32,253,26
2025/04/01 09:55,05F0000S,05F0055S,41,250,5
2025/04/01 09:55,05F0000S,05F0055S,42,0,0
2025/04/01 09:55,05F0000S,05F0055S,5,0,0
2025/04/01 09:55,05F0055S,05F0287S,31,1025,88
2025/04/01 09:55,05F0055S,05F0287S,32,1024,46
2025/04/01 09:55,05F0055S,05F0287S,41,1042,6
2025/04/01 09:55,05F0055S,05F0287S,42,0,0
2025/04/01 09:55,05F0055S,05F0287S,5,0,0
2025/04/01 09:55,05F0287S,05F0309S,31,89,61
2025/04/01 09:55,05F0287S,05F0309S,32,90,28
2025/04/01 09:55,05F0287S,05F0309S,41,89,3
2025/04/01 09:55,05F0287S,05F0309S,42,0,0
2025/04/01 09:55,05F0287S,05F0309S,5,0,0
2025/04/01 09:55,05F0309S,05F0439S,31,489,57
2025/04/01 09:55,05F0309S,05F0439S,32,496,23
2025/04/01 09:55,05F0309S,05F0439S,41,520,3
2025/04/01 09:55,05F0309S,05F0439S,42,0,0
2025/04/01 09:55,05F0309S,05F0439S,5,530,7
2025/04/01 09:55,05F0439S,05F0494S,31,206,34
2025/04/01 09:55,05F0439S,05F0494S,32,218,14
2025/04/01 09:55,05F0439S,05F0494S,41,0,0
2025/04/01 09:55,05F0439S,05F0494S,42,236,2
2025/04/01 09:55,05F0439S,05F0494S,5,250,3
2025/04/01 10:00,05F0000S,05F0055S,31,275,102
2025/04/01 10:00,05F0000S,05F0055S,32,276,38
2025/04/01 10:00,05F0000S,05F0055S,41,256,4
2025/04/01 10:00,05F0000S,05F0055S,42,0,0
2025/04/01 10:00,05F0000S,05F0055S,5,0,0
2025/04/01 10:00,05F0055S,05F0287S,31,1058,110
2025/04/01 10:00,05F0055S,05F0287S,32,1060,46
2025/04/01 10:00,05F0055S,05F0287S,41,1106,8
2025/04/01 10:00,05F0055S,05F0287S,42,0,0
2025/04/01 10:00,05F0055S,05F0287S,5,0,0
2025/04/01 10:00,05F0287S,05F0309S,31,89,77
2025/04/01 10:00,05F0287S,05F0309S,32,90,35
2025/04/01 10:00,05F0287S,05F0309S,41,91,7
2025/04/01 10:00,05F0287S,05F0309S,42,0,0
2025/04/01 10:00,05F0287S,05F0309S,5,0,0
2025/04/01 10:00,05F0309S,05F0439S,31,480,41
2025/04/01 10:00,05F0309S,05F0439S,32,495,19
2025/04/01 10:00,05F0309S,05F0439S,41,519,1
2025/04/01 10:00,05F0309S,05F0439S,42,0,0
2025/04/01 10:00,05F0309S,05F0439S,5,488,5
2025/04/01 10:00,05F0439S,05F0494S,31,194,26
2025/04/01 10:00,05F0439S,05F0494S,32,201,16
2025/04/01 10:00,05F0439S,05F0494S,41,216,1
2025/04/01 10:00,05F0439S,05F0494S,42,0,0
2025/04/01 10:00,05F0439S,05F0494S,5,204,8
2025/04/01 10:05,05F0000S,05F0055S,31,274,97
2025/04/01 10:05,05F0000S,05F0055S,32,282,42
2025/04/01 10:05,05F0000S,05F0055S,41,279,7
2025/04/01 10:05,05F0000S,05F0055S,42,0,0
2025/04/01 10:05,05F0000S,05F0055S,5,0,0
2025/04/01 10:05,05F0055S,05F0287S,31,1047,90
2025/04/01 10:05,05F0055S,05F0287S,32,1053,43
2025/04/01 10:05,05F0055S,05F0287S,41,1054,3
2025/04/01 10:05,05F0055S,05F0287S,42,0,0
2025/04/01 10:05,05F0055S,05F0287S,5,0,0
2025/04/01 10:05,05F0287S,05F0309S,31,90,73
2025/04/01 10:05,05F0287S,05F0309S,32,92,33
2025/04/01 10:05,05F0287S,05F0309S,41,92,2
2025/04/01 10:05,05F0287S,05F0309S,42,0,0
2025/04/01 10:05,05F0287S,05F0309S,5,0,0
2025/04/01 10:05,05F0309S,05F0439S,31,482,53
2025/04/01 10:05,05F0309S,05F0439S,32,476,19
2025/04/01 10:05,05F0309S,05F0439S,41,510,4
2025/04/01 10:05,05F0309S,05F0439S,42,494,1
2025/04/01 10:05,05F0309S,05F0439S,5,511,3
2025/04/01 10:05,05F0439S,05F0494S,31,205,28
2025/04/01 10:05,05F0439S,05F0494S,32,227,10
2025/04/01 10:05,05F0439S,05F0494S,41,0,0
2025/04/01 10:05,05F0439S,05F0494S,42,0,0
2025/04/01 10:05,05F0439S,05F0494S,5,223,3
2025/04/01 10:10,05F0000S,05F0055S,31,267,113
2025/04/01 10:10,05F0000S,05F0055S,32,264,34
2025/04/01 10:10,05F0000S,05F0055S,41,289,5
2025/04/01 10:10,05F0000S,05F0055S,42,0,0
2025/04/01 10:10,05F0000S,05F0055S,5,0,0
2025/04/01 10:10,05F0055S,05F0287S,31,1049,117
2025/04/01 10:10,05F0055S,05F0287S,32,1056,39
2025/04/01 10:10,05F0055S,05F0287S,41,1109,9
2025/04/01 10:10,05F0055S,05F0287S,42,0,0
2025/04/01 10:10,05F0055S,05F0287S,5,0,0
2025/04/01 10:10,05F0287S,05F0309S,31,87,90
2025/04/01 10:10,05F0287S,05F0309S,32,91,32
2025/04/01 10:10,05F0287S,05F0309S,41,95,8
2025/04/01 10:10,05F0287S,05F0309S,42,0,0
2025/04/01 10:10,05F0287S,05F0309S,5,0,0
2025/04/01 10:10,05F0309S,05F0439S,31,483,64
2025/04/01 10:10,05F0309S,05F0439S,32,515,21
2025/04/01 10:10,05F0309S,05F0439S,41,537,2
2025/04/01 10:10,05F0309S,05F0439S,42,563,1
2025/04/01 10:10,05F0309S,05F0439S,5,568,2
2025/04/01 10:10,05F0439S,05F0494S,31,199,26
2025/04/01 10:10,05F0439S,05F0494S,32,201,9
2025/04/01 10:10,05F0439S,05F0494S,41,254,1
2025/04/01 10:10,05F0439S,05F0494S,42,239,1
2025/04/01 10:10,05F0439S,05F0494S,5,217,3
2025/04/01 10:15,05F0000S,05F0055S,31,265,101
2025/04/01 10:15,05F0000S,05F0055S,32,267,45
2025/04/01 10:15,05F0000S,05F0055S,41,248,3
2025/04/01 10:15,05F0000S,05F0055S,42,0,0
2025/04/01 10:15,05F0000S,05F0055S,5,0,0
2025/04/01 10:15,05F0055S,05F0287S,31,1037,92
2025/04/01 10:15,05F0055S,05F0287S,32,1048,30
2025/04/01 10:15,05F0055S,05F0287S,41,1054,5
2025/04/01 10:15,05F0055S,05F0287S,42,0,0
2025/04/01 10:15,05F0055S,05F0287S,5,0,0
2025/04/01 10:15,05F0287S,05F0309S,31,88,63
2025/04/01 10:15,05F0287S,05F0309S,32,91,27
2025/04/01 10:15,05F0287S,05F0309S,41,92,6
2025/04/01 10:15,05F0287S,05F0309S,42,0,0
2025/04/01 10:15,05F0287S,05F0309S,5,0,0
2025/04/01 10:15,05F0309S,05F0439S,31,497,45
2025/04/01 10:15,05F0309S,05F0439S,32,505,25
2025/04/01 10:15,05F0309S,05F0439S,41,536,1
2025/04/01 10:15,05F0309S,05F0439S,42,0,0
2025/04/01 10:15,05F0309S,05F0439S,5,503,2
2025/04/01 10:15,05F0439S,05F0494S,31,203,25
2025/04/01 10:15,05F0439S,05F0494S,32,202,15
2025/04/01 10:15,05F0439S,05F0494S,41,0,0
2025/04/01 10:15,05F0439S,05F0494S,42,234,1
2025/04/01 10:15,05F0439S,05F0494S,5,0,0
2025/04/01 10:20,05F0000S,05F0055S,31,263,104
2025/04/01 10:20,05F0000S,05F0055S,32,260,31
2025/04/01 10:20,05F0000S,05F0055S,41,272,4
2025/04/01 10:20,05F0000S,05F0055S,42,736,1
2025/04/01 10:20,05F0000S,05F0055S,5,0,0
2025/04/01 10:20,05F0055S,05F0287S,31,1097,111
2025/04/01 10:20,05F0055S,05F0287S,32,1110,53
2025/04/01 10:20,05F0055S,05F0287S,41,1120,2
2025/04/01 10:20,05F0055S,05F0287S,42,0,0
2025/04/01 10:20,05F0055S,05F0287S,5,0,0
2025/04/01 10:20,05F0287S,05F0309S,31,87,64
2025/04/01 10:20,05F0287S,05F0309S,32,87,35
2025/04/01 10:20,05F0287S,05F0309S,41,95,1
2025/04/01 10:20,05F0287S,05F0309S,42,0,0
2025/04/01 10:20,05F0287S,05F0309S,5,0,0
2025/04/01 10:20,05F0309S,05F0439S,31,478,54
2025/04/01 10:20,05F0309S,05F0439S,32,497,23
2025/04/01 10:20,05F0309S,05F0439S,41,543,7
2025/04/01 10:20,05F0309S,05F0439S,42,0,0
2025/04/01 10:20,05F0309S,05F0439S,5,510,4
2025/04/01 10:20,05F0439S,05F0494S,31,205,29
2025/04/01 10:20,05F0439S,05F0494S,32,214,9
2025/04/01 10:20,05F0439S,05F0494S,41,0,0
2025/04/01 10:20,05F0439S,05F0494S,42,234,1
2025/04/01 10:20,05F0439S,05F0494S,5,209,6
2025/04/01 10:25,05F0000S,05F0055S,31,262,102
2025/04/01 10:25,05F0000S,05F0055S,32,262,42
2025/04/01 10:25,05F0000S,05F0055S,41,258,5
2025/04/01 10:25,05F0000S,05F0055S,42,0,0
2025/04/01 10:25,05F0000S,05F0055S,5,0,0
2025/04/01 10:25,05F0055S,05F0287S,31,1084,124
2025/04/01 10:25,05F0055S,05F0287S,32,1090,44
2025/04/01 10:25,05F0055S,05F0287S,41,1096,10
2025/04/01 10:25,05F0055S,05F0287S,42,0,0
2025/04/01 10:25,05F0055S,05F0287S,5,0,0
2025/04/01 10:25,05F0287S,05F0309S,31,91,100
2025/04/01 10:25,05F0287S,05F0309S,32,93,43
2025/04/01 10:25,05F0287S,05F0309S,41,98,5
2025/04/01 10:25,05F0287S,05F0309S,42,95,1
2025/04/01 10:25,05F0287S,05F0309S,5,0,0
2025/04/01 10:25,05F0309S,05F0439S,31,485,46
2025/04/01 10:25,05F0309S,05F0439S,32,466,20
2025/04/01 10:25,05F0309S,05F0439S,41,510,3
2025/04/01 10:25,05F0309S,05F0439S,42,553,3
2025/04/01 10:25,05F0309S,05F0439S,5,500,4
2025/04/01 10:25,05F0439S,05F0494S,31,201,32
2025/04/01 10:25,05F0439S,05F0494S,32,209,14
2025/04/01 10:25,05F0439S,05F0494S,41,232,1
2025/04/01 10:25,05F0439S,05F0494S,42,0,0
2025/04/01 10:25,05F0439S,05F0494S,5,219,4
2025/04/01 10:30,05F0000S,05F0055S,31,261,108
2025/04/01 10:30,05F0000S,05F0055S,32,267,27
2025/04/01 10:30,05F0000S,05F0055S,41,264,5
2025/04/01 10:30,05F0000S,05F0055S,42,0,0
2025/04/01 10:30,05F0000S,05F0055S,5,0,0
2025/04/01 10:30,05F0055S,05F0287S,31,1087,123
2025/04/01 10:30,05F0055S,05F0287S,32,1094,45
2025/04/01 10:30,05F0055S,05F0287S,41,1102,4
2025/04/01 10:30,05F0055S,05F0287S,42,0,0
2025/04/01 10:30,05F0055S,05F0287S,5,0,0
2025/04/01 10:30,05F0287S,05F0309S,31,88,88
2025/04/01 10:30,05F0287S,05F0309S,32,92,27
2025/04/01 10:30,05F0287S,05F0309S,41,90,4
2025/04/01 10:30,05F0287S,05F0309S,42,0,0
2025/04/01 10:30,05F0287S,05F0309S,5,0,0
2025/04/01 10:30,05F0309S,05F0439S,31,485,47
2025/04/01 10:30,05F0309S,05F0439S,32,484,26
2025/04/01 10:30,05F0309S,05F0439S,41,0,0
2025/04/01 10:30,05F0309S,05F0439S,42,629,1
2025/04/01 10:30,05F0309S,05F0439S,5,515,1
2025/04/01 10:30,05F0439S,05F0494S,31,216,18
2025/04/01 10:30,05F0439S,05F0494S,32,211,13
2025/04/01 10:30,05F0439S,05F0494S,41,0,0
2025/04/01 10:30,05F0439S,05F0494S,42,213,1
2025/04/01 10:30,05F0439S,05F0494S,5,209,2
2025/04/01 10:35,05F0000S,05F0055S,31,267,104
2025/04/01 10:35,05F0000S,05F0055S,32,271,52
2025/04/01 10:35,05F0000S,05F0055S,41,269,4
2025/04/01 10:35,05F0000S,05F0055S,42,0,0
2025/04/01 10:35,05F0000S,05F0055S,5,0,0
2025/04/01 10:35,05F0055S,05F0287S,31,1077,124
2025/04/01 10:35,05F0055S,05F0287S,32,1081,49
2025/04/01 10:35,05F0055S,05F0287S,41,1109,4
2025/04/01 10:35,05F0055S,05F0287S,42,0,0
2025/04/01 10:35,05F0055S,05F0287S,5,0,0
2025/04/01 10:35,05F0287S,05F0309S,31,89,81
2025/04/01 10:35,05F0287S,05F0309S,32,90,42
2025/04/01 10:35,05F0287S,05F0309S,41,94,2
2025/04/01 10:35,05F0287S,05F0309S,42,0,0
2025/04/01 10:35,05F0287S,05F0309S,5,0,0
2025/04/01 10:35,05F0309S,05F0439S,31,502,64
2025/04/01 10:35,05F0309S,05F0439S,32,507,19
2025/04/01 10:35,05F0309S,05F0439S,41,532,6
2025/04/01 10:35,05F0309S,05F0439S,42,520,2
2025/04/01 10:35,05F0309S,05F0439S,5,511,6
2025/04/01 10:35,05F0439S,05F0494S,31,201,19
2025/04/01 10:35,05F0439S,05F0494S,32,205,12
2025/04/01 10:35,05F0439S,05F0494S,41,0,0
2025/04/01 10:35,05F0439S,05F0494S,42,240,1
2025/04/01 10:35,05F0439S,05F0494S,5,216,5
2025/04/01 10:40,05F0000S,05F0055S,31,266,112
2025/04/01 10:40,05F0000S,05F0055S,32,269,41
2025/04/01 10:40,05F0000S,05F0055S,41,239,3
2025/04/01 10:40,05F0000S,05F0055S,42,0,0
2025/04/01 10:40,05F0000S,05F0055S,5,0,0
2025/04/01 10:40,05F0055S,05F0287S,31,1050,111
2025/04/01 10:40,05F0055S,05F0287S,32,1058,46
2025/04/01 10:40,05F0055S,05F0287S,41,1083,3
2025/04/01 10:40,05F0055S,05F0287S,42,0,0
2025/04/01 10:40,05F0055S,05F0287S,5,0,0
2025/04/01 10:40,05F0287S,05F0309S,31,89,91
2025/04/01 10:40,05F0287S,05F0309S,32,92,27
2025/04/01 10:40,05F0287S,05F0309S,41,102,4
2025/04/01 10:40,05F0287S,05F0309S,42,0,0
2025/04/01 10:40,05F0287S,05F0309S,5,0,0
2025/04/01 10:40,05F0309S,05F0439S,31,491,60
2025/04/01 10:40,05F0309S,05F0439S,32,498,26
2025/04/01 10:40,05F0309S,05F0439S,41,497,2
2025/04/01 10:40,05F0309S,05F0439S,42,559,2
2025/04/01 10:40,05F0309S,05F0439S,5,538,8
2025/04/01 10:40,05F0439S,05F0494S,31,209,35
2025/04/01 10:40,05F0439S,05F0494S,32,211,6
2025/04/01 10:40,05F0439S,05F0494S,41,241,1
2025/04/01 10:40,05F0439S,05F0494S,42,202,1
2025/04/01 10:40,05F0439S,05F0494S,5,213,3
2025/04/01 10:45,05F0000S,05F0055S,31,262,106
2025/04/01 10:45,05F0000S,05F0055S,32,262,36
2025/04/01 10:45,05F0000S,05F0055S,41,258,7
2025/04/01 10:45,05F0000S,05F0055S,42,0,0
2025/04/01 10:45,05F0000S,05F0055S,5,0,0
2025/04/01 10:45,05F0055S,05F0287S,31,1058,120
2025/04/01 10:45,05F0055S,05F0287S,32,1072,39
2025/04/01 10:45,05F0055S,05F0287S,41,1110,4
2025/04/01 10:45,05F0055S,05F0287S,42,1253,1
2025/04/01 10:45,05F0055S,05F0287S,5,0,0
2025/04/01 10:45,05F0287S,05F0309S,31,86,68
2025/04/01 10:45,05F0287S,05F0309S,32,90,33
2025/04/01 10:45,05F0287S,05F0309S,41,92,4
2025/04/01 10:45,05F0287S,05F0309S,42,0,0
2025/04/01 10:45,05F0287S,05F0309S,5,0,0
2025/04/01 10:45,05F0309S,05F0439S,31,479,51
2025/04/01 10:45,05F0309S,05F0439S,32,492,24
2025/04/01 10:45,05F0309S,05F0439S,41,527,2
2025/04/01 10:45,05F0309S,05F0439S,42,521,1
2025/04/01 10:45,05F0309S,05F0439S,5,473,7
2025/04/01 10:45,05F0439S,05F0494S,31,196,21
2025/04/01 10:45,05F0439S,05F0494S,32,206,13
2025/04/01 10:45,05F0439S,05F0494S,41,210,1
2025/04/01 10:45,05F0439S,05F0494S,42,223,1
2025/04/01 10:45,05F0439S,05F0494S,5,201,3
2025/04/01 10:50,05F0000S,05F0055S,31,264,101
2025/04/01 10:50,05F0000S,05F0055S,32,266,28
2025/04/01 10:50,05F0000S,05F0055S,41,258,2
2025/04/01 10:50,05F0000S,05F0055S,42,0,0
2025/04/01 10:50,05F0000S,05F0055S,5,0,0
2025/04/01 10:50,05F0055S,05F0287S,31,1065,124
2025/04/01 10:50,05F0055S,05F0287S,32,1082,34
2025/04/01 10:50,05F0055S,05F0287S,41,1112,6
2025/04/01 10:50,05F0055S,05F0287S,42,0,0
2025/04/01 10:50,05F0055S,05F0287S,5,0,0
2025/04/01 10:50,05F0287S,05F0309S,31,88,93
2025/04/01 10:50,05F0287S,05F0309S,32,91,27
2025/04/01 10:50,05F0287S,05F0309S,41,94,5
2025/04/01 10:50,05F0287S,05F0309S,42,0,0
2025/04/01 10:50,05F0287S,05F0309S,5,0,0
2025/04/01 10:50,05F0309S,05F0439S,31,484,64
2025/04/01 10:50,05F0309S,05F0439S,32,490,23
2025/04/01 10:50,05F0309S,05F0439S,41,568,2
2025/04/01 10:50,05F0309S,05F0439S,42,535,1
2025/04/01 10:50,05F0309S,05F0439S,5,528,9
2025/04/01 10:50,05F0439S,05F0494S,31,203,29
2025/04/01 10:50,05F0439S,05F0494S,32,203,17
2025/04/01 10:50,05F0439S,05F0494S,41,0,0
2025/04/01 10:50,05F0439S,05F0494S,42,0,0
2025/04/01 10:50,05F0439S,05F0494S,5,203,9
2025/04/01 10:55,05F0000S,05F0055S,31,265,106
2025/04/01 10:55,05F0000S,05F0055S,32,267,47
2025/04/01 10:55,05F0000S,05F0055S,41,265,5
2025/04/01 10:55,05F0000S,05F0055S,42,0,0
2025/04/01 10:55,05F0000S,05F0055S,5,0,0
2025/04/01 10:55,05F0055S,05F0287S,31,1075,105
2025/04/01 10:55,05F0055S,05F0287S,32,1080,62
2025/04/01 10:55,05F0055S,05F0287S,41,1082,2
2025/04/01 10:55,05F0055S,05F0287S,42,0,0
2025/04/01 10:55,05F0055S,05F0287S,5,0,0
2025/04/01 10:55,05F0287S,05F0309S,31,88,66
2025/04/01 10:55,05F0287S,05F0309S,32,91,47
2025/04/01 10:55,05F0287S,05F0309S,41,92,2
2025/04/01 10:55,05F0287S,05F0309S,42,0,0
2025/04/01 10:55,05F0287S,05F0309S,5,0,0
2025/04/01 10:55,05F0309S,05F0439S,31,474,55
2025/04/01 10:55,05F0309S,05F0439S,32,494,18
2025/04/01 10:55,05F0309S,05F0439S,41,533,2
2025/04/01 10:55,05F0309S,05F0439S,42,0,0
2025/04/01 10:55,05F0309S,05F0439S,5,526,8
2025/04/01 10:55,05F0439S,05F0494S,31,204,27
2025/04/01 10:55,05F0439S,05F0494S,32,207,17
2025/04/01 10:55,05F0439S,05F0494S,41,0,0
2025/04/01 10:55,05F0439S,05F0494S,42,0,0
2025/04/01 10:55,05F0439S,05F0494S,5,215,7
2025/04/01 11:00,05F0000S,05F0055S,31,272,118
2025/04/01 11:00,05F0000S,05F0055S,32,272,52
2025/04/01 11:00,05F0000S,05F0055S,41,747,4
2025/04/01 11:00,05F0000S,05F0055S,42,0,0
2025/04/01 11:00,05F0000S,05F0055S,5,0,0
2025/04/01 11:00,05F0055S,05F0287S,31,1052,135
2025/04/01 11:00,05F0055S,05F0287S,32,1046,49
2025/04/01 11:00,05F0055S,05F0287S,41,1062,8
2025/04/01 11:00,05F0055S,05F0287S,42,0,0
2025/04/01 11:00,05F0055S,05F0287S,5,0,0
2025/04/01 11:00,05F0287S,05F0309S,31,91,96
2025/04/01 11:00,05F0287S,05F0309S,32,92,34
2025/04/01 11:00,05F0287S,05F0309S,41,94,2
2025/04/01 11:00,05F0287S,05F0309S,42,0,0
2025/04/01 11:00,05F0287S,05F0309S,5,0,0
2025/04/01 11:00,05F0309S,05F0439S,31,480,65
2025/04/01 11:00,05F0309S,05F0439S,32,485,31
2025/04/01 11:00,05F0309S,05F0439S,41,540,4
2025/04/01 11:00,05F0309S,05F0439S,42,0,0
2025/04/01 11:00,05F0309S,05F0439S,5,504,5
2025/04/01 11:00,05F0439S,05F0494S,31,205,37
2025/04/01 11:00,05F0439S,05F0494S,32,205,11
2025/04/01 11:00,05F0439S,05F0494S,41,0,0
2025/04/01 11:00,05F0439S,05F0494S,42,222,1
2025/04/01 11:00,05F0439S,05F0494S,5,218,7
2025/04/01 11:05,05F0000S,05F0055S,31,266,100
2025/04/01 11:05,05F0000S,05F0055S,32,266,38
2025/04/01 11:05,05F0000S,05F0055S,41,299,5
2025/04/01 11:05,05F0000S,05F0055S,42,0,0
2025/04/01 11:05,05F0000S,05F0055S,5,0,0
2025/04/01 11:05,05F0055S,05F0287S,31,1050,111
2025/04/01 11:05,05F0055S,05F0287S,32,1043,30
2025/04/01 11:05,05F0055S,05F0287S,41,1074,3
2025/04/01 11:05,05F0055S,05F0287S,42,0,0
2025/04/01 11:05,05F0055S,05F0287S,5,0,0
2025/04/01 11:05,05F0287S,05F0309S,31,89,78
2025/04/01 11:05,05F0287S,05F0309S,32,89,24
2025/04/01 11:05,05F0287S,05F0309S,41,93,5
2025/04/01 11:05,05F0287S,05F0309S,42,0,0
2025/04/01 11:05,05F0287S,05F0309S,5,0,0
2025/04/01 11:05,05F0309S,05F0439S,31,474,49
2025/04/01 11:05,05F0309S,05F0439S,32,492,29
2025/04/01 11:05,05F0309S,05F0439S,41,1760,1
2025/04/01 11:05,05F0309S,05F0439S,42,524,1
2025/04/01 11:05,05F0309S,05F0439S,5,500,4
2025/04/01 11:05,05F0439S,05F0494S,31,205,24
2025/04/01 11:05,05F0439S,05F0494S,32,216,16
2025/04/01 11:05,05F0439S,05F0494S,41,427,1
2025/04/01 11:05,05F0439S,05F0494S,42,1410,1
2025/04/01 11:05,05F0439S,05F0494S,5,210,5
2025/04/01 11:10,05F0000S,05F0055S,31,267,130
2025/04/01 11:10,05F0000S,05F0055S,32,265,42
2025/04/01 11:10,05F0000S,05F0055S,41,284,7
2025/04/01 11:10,05F0000S,05F0055S,42,0,0
2025/04/01 11:10,05F0000S,05F0055S,5,0,0
2025/04/01 11:10,05F0055S,05F0287S,31,1058,105
2025/04/01 11:10,05F0055S,05F0287S,32,1069,46
2025/04/01 11:10,05F0055S,05F0287S,41,1100,3
2025/04/01 11:10,05F0055S,05F0287S,42,0,0
2025/04/01 11:10,05F0055S,05F0287S,5,0,0
2025/04/01 11:10,05F0287S,05F0309S,31,88,74
2025/04/01 11:10,05F0287S,05F0309S,32,89,24
2025/04/01 11:10,05F0287S,05F0309S,41,92,1
2025/04/01 11:10,05F0287S,05F0309S,42,0,0
2025/04/01 11:10,05F0287S,05F0309S,5,0,0
2025/04/01 11:10,05F0309S,05F0439S,31,495,66
2025/04/01 11:10,05F0309S,05F0439S,32,491,21
2025/04/01 11:10,05F0309S,05F0439S,41,535,3
2025/04/01 11:10,05F0309S,05F0439S,42,0,0
2025/04/01 11:10,05F0309S,05F0439S,5,561,5
2025/04/01 11:10,05F0439S,05F0494S,31,202,35
2025/04/01 11:10,05F0439S,05F0494S,32,205,9
2025/04/01 11:10,05F0439S,05F0494S,41,0,0
2025/04/01 11:10,05F0439S,05F0494S,42,0,0
2025/04/01 11:10,05F0439S,05F0494S,5,211,4
2025/04/01 11:15,05F0000S,05F0055S,31,262,111
2025/04/01 11:15,05F0000S,05F0055S,32,263,43
2025/04/01 11:15,05F0000S,05F0055S,41,267,2
2025/04/01 11:15,05F0000S,05F0055S,42,0,0
2025/04/01 11:15,05F0000S,05F0055S,5,0,0
2025/04/01 11:15,05F0055S,05F0287S,31,1050,141
2025/04/01 11:15,05F0055S,05F0287S,32,1055,55
2025/04/01 11:15,05F0055S,05F0287S,41,1101,3
2025/04/01 11:15,05F0055S,05F0287S,42,0,0
2025/04/01 11:15,05F0055S,05F0287S,5,0,0
2025/04/01 11:15,05F0287S,05F0309S,31,90,85
2025/04/01 11:15,05F0287S,05F0309S,32,92,49
2025/04/01 11:15,05F0287S,05F0309S,41,90,3
2025/04/01 11:15,05F0287S,05F0309S,42,0,0
2025/04/01 11:15,05F0287S,05F0309S,5,0,0
2025/04/01 11:15,05F0309S,05F0439S,31,479,50
2025/04/01 11:15,05F0309S,05F0439S,32,474,14
2025/04/01 11:15,05F0309S,05F0439S,41,502,1
2025/04/01 11:15,05F0309S,05F0439S,42,0,0
2025/04/01 11:15,05F0309S,05F0439S,5,514,5
2025/04/01 11:15,05F0439S,05F0494S,31,204,35
2025/04/01 11:15,05F0439S,05F0494S,32,206,12
2025/04/01 11:15,05F0439S,05F0494S,41,0,0
2025/04/01 11:15,05F0439S,05F0494S,42,0,0
2025/04/01 11:15,05F0439S,05F0494S,5,227,1
2025/04/01 11:20,05F0000S,05F0055S,31,257,113
2025/04/01 11:20,05F0000S,05F0055S,32,258,31
2025/04/01 11:20,05F0000S,05F0055S,41,271,4
2025/04/01 11:20,05F0000S,05F0055S,42,0,0
2025/04/01 11:20,05F0000S,05F0055S,5,0,0
2025/04/01 11:20,05F0055S,05F0287S,31,1073,114
2025/04/01 11:20,05F0055S,05F0287S,32,1073,51
2025/04/01 11:20,05F0055S,05F0287S,41,1114,4
2025/04/01 11:20,05F0055S,05F0287S,42,0,0
2025/04/01 11:20,05F0055S,05F0287S,5,0,0
2025/04/01 11:20,05F0287S,05F0309S,31,88,85
2025/04/01 11:20,05F0287S,05F0309S,32,91,31
2025/04/01 11:20,05F0287S,05F0309S,41,94,3
2025/04/01 11:20,05F0287S,05F0309S,42,0,0
2025/04/01 11:20,05F0287S,05F0309S,5,0,0
2025/04/01 11:20,05F0309S,05F0439S,31,480,50
2025/04/01 11:20,05F0309S,05F0439S,32,498,26
2025/04/01 11:20,05F0309S,05F0439S,41,529,1
2025/04/01 11:20,05F0309S,05F0439S,42,553,1
2025/04/01 11:20,05F0309S,05F0439S,5,504,5
2025/04/01 11:20,05F0439S,05F0494S,31,203,18
2025/04/01 11:20,05F0439S,05F0494S,32,213,14
2025/04/01 11:20,05F0439S,05F0494S,41,0,0
2025/04/01 11:20,05F0439S,05F0494S,42,0,0
2025/04/01 11:20,05F0439S,05F0494S,5,208,7
2025/04/01 11:25,05F0000S,05F0055S,31,259,103
2025/04/01 11:25,05F0000S,05F0055S,32,258,35
2025/04/01 11:25,05F0000S,05F0055S,41,270,4
2025/04/01 11:25,05F0000S,05F0055S,42,0,0
2025/04/01 11:25,05F0000S,05F0055S,5,0,0
2025/04/01 11:25,05F0055S,05F0287S,31,1053,120
2025/04/01 11:25,05F0055S,05F0287S,32,1059,36
2025/04/01 11:25,05F0055S,05F0287S,41,1080,7
2025/04/01 11:25,05F0055S,05F0287S,42,0,0
2025/04/01 11:25,05F0055S,05F0287S,5,0,0
2025/04/01 11:25,05F0287S,05F0309S,31,91,84
2025/04/01 11:25,05F0287S,05F0309S,32,93,40
2025/04/01 11:25,05F0287S,05F0309S,41,94,5
2025/04/01 11:25,05F0287S,05F0309S,42,0,0
2025/04/01 11:25,05F0287S,05F0309S,5,0,0
2025/04/01 11:25,05F0309S,05F0439S,31,483,63
2025/04/01 11:25,05F0309S,05F0439S,32,495,31
2025/04/01 11:25,05F0309S,05F0439S,41,513,2
2025/04/01 11:25,05F0309S,05F0439S,42,521,1
2025/04/01 11:25,05F0309S,05F0439S,5,488,5
2025/04/01 11:25,05F0439S,05F0494S,31,198,31
2025/04/01 11:25,05F0439S,05F0494S,32,203,10
2025/04/01 11:25,05F0439S,05F0494S,41,0,0
2025/04/01 11:25,05F0439S,05F0494S,42,241,2
2025/04/01 11:25,05F0439S,05F0494S,5,211,7
2025/04/01 11:30,05F0000S,05F0055S,31,262,84
2025/04/01 11:30,05F0000S,05F0055S,32,263,37
2025/04/01 11:30,05F0000S,05F0055S,41,260,2
2025/04/01 11:30,05F0000S,05F0055S,42,0,0
2025/04/01 11:30,05F0000S,05F0055S,5,0,0
2025/04/01 11:30,05F0055S,05F0287S,31,1084,124
2025/04/01 11:30,05F0055S,05F0287S,32,1090,44
2025/04/01 11:30,05F0055S,05F0287S,41,1104,6
2025/04/01 11:30,05F0055S,05F0287S,42,0,0
2025/04/01 11:30,05F0055S,05F0287S,5,0,0
2025/04/01 11:30,05F0287S,05F0309S,31,89,84
2025/04/01 11:30,05F0287S,05F0309S,32,89,29
2025/04/01 11:30,05F0287S,05F0309S,41,94,3
2025/04/01 11:30,05F0287S,05F0309S,42,0,0
2025/04/01 11:30,05F0287S,05F0309S,5,0,0
2025/04/01 11:30,05F0309S,05F0439S,31,484,65
2025/04/01 11:30,05F0309S,05F0439S,32,496,25
2025/04/01 11:30,05F0309S,05F0439S,41,538,1
2025/04/01 11:30,05F0309S,05F0439S,42,0,0
2025/04/01 11:30,05F0309S,05F0439S,5,503,4
2025/04/01 11:30,05F0439S,05F0494S,31,202,25
2025/04/01 11:30,05F0439S,05F0494S,32,198,6
2025/04/01 11:30,05F0439S,05F0494S,41,241,2
2025/04/01 11:30,05F0439S,05F0494S,42,211,1
2025/04/01 11:30,05F0439S,05F0494S,5,206,5
2025/04/01 11:35,05F0000S,05F0055S,31,261,113
2025/04/01 11:35,05F0000S,05F0055S,32,263,34
2025/04/01 11:35,05F0000S,05F0055S,41,255,5
2025/04/01 11:35,05F0000S,05F0055S,42,0,0
2025/04/01 11:35,05F0000S,05F0055S,5,0,0
2025/04/01 11:35,05F0055S,05F0287S,31,1065,138
2025/04/01 11:35,05F0055S,05F0287S,32,1067,42
2025/04/01 11:35,05F0055S,05F0287S,41,1089,3
2025/04/01 11:35,05F0055S,05F0287S,42,0,0
2025/04/01 11:35,05F0055S,05F0287S,5,0,0
2025/04/01 11:35,05F0287S,05F0309S,31,89,97
2025/04/01 11:35,05F0287S,05F0309S,32,91,37
2025/04/01 11:35,05F0287S,05F0309S,41,93,1
2025/04/01 11:35,05F0287S,05F0309S,42,0,0
2025/04/01 11:35,05F0287S,05F0309S,5,0,0
2025/04/01 11:35,05F0309S,05F0439S,31,485,58
2025/04/01 11:35,05F0309S,05F0439S,32,488,30
2025/04/01 11:35,05F0309S,05F0439S,41,508,3
2025/04/01 11:35,05F0309S,05F0439S,42,543,2
2025/04/01 11:35,05F0309S,05F0439S,5,523,8
2025/04/01 11:35,05F0439S,05F0494S,31,209,26
2025/04/01 11:35,05F0439S,05F0494S,32,211,12
2025/04/01 11:35,05F0439S,05F0494S,41,229,1
2025/04/01 11:35,05F0439S,05F0494S,42,228,2
2025/04/01 11:35,05F0439S,05F0494S,5,209,4
2025/04/01 11:40,05F0000S,05F0055S,31,261,104
2025/04/01 11:40,05F0000S,05F0055S,32,262,31
2025/04/01 11:40,05F0000S,05F0055S,41,267,4
2025/04/01 11:40,05F0000S,05F0055S,42,0,0
2025/04/01 11:40,05F0000S,05F0055S,5,0,0
2025/04/01 11:40,05F0055S,05F0287S,31,1015,126
2025/04/01 11:40,05F0055S,05F0287S,32,1019,42
2025/04/01 11:40,05F0055S,05F0287S,41,1053,3
2025/04/01 11:40,05F0055S,05F0287S,42,0,0
2025/04/01 11:40,05F0055S,05F0287S,5,0,0
2025/04/01 11:40,05F0287S,05F0309S,31,88,80
2025/04/01 11:40,05F0287S,05F0309S,32,88,30
2025/04/01 11:40,05F0287S,05F0309S,41,97,4
2025/04/01 11:40,05F0287S,05F0309S,42,0,0
2025/04/01 11:40,05F0287S,05F0309S,5,0,0
2025/04/01 11:40,05F0309S,05F0439S,31,486,45
2025/04/01 11:40,05F0309S,05F0439S,32,503,17
2025/04/01 11:40,05F0309S,05F0439S,41,531,3
2025/04/01 11:40,05F0309S,05F0439S,42,544,1
2025/04/01 11:40,05F0309S,05F0439S,5,534,3
2025/04/01 11:40,05F0439S,05F0494S,31,202,24
2025/04/01 11:40,05F0439S,05F0494S,32,203,8
2025/04/01 11:40,05F0439S,05F0494S,41,0,0
2025/04/01 11:40,05F0439S,05F0494S,42,232,1
2025/04/01 11:40,05F0439S,05F0494S,5,204,7
2025/04/01 11:45,05F0000S,05F0055S,31,262,97
2025/04/01 11:45,05F0000S,05F0055S,32,263,41
2025/04/01 11:45,05F0000S,05F0055S,41,264,2
2025/04/01 11:45,05F0000S,05F0055S,42,0,0
2025/04/01 11:45,05F0000S,05F0055S,5,0,0
2025/04/01 11:45,05F0055S,05F0287S,31,1035,89
2025/04/01 11:45,05F0055S,05F0287S,32,1039,31
2025/04/01 11:45,05F0055S,05F0287S,41,1015,5
2025/04/01 11:45,05F0055S,05F0287S,42,0,0
2025/04/01 11:45,05F0055S,05F0287S,5,0,0
2025/04/01 11:45,05F0287S,05F0309S,31,88,60
2025/04/01 11:45,05F0287S,05F0309S,32,91,25
2025/04/01 11:45,05F0287S,05F0309S,41,93,4
2025/04/01 11:45,05F0287S,05F0309S,42,0,0
2025/04/01 11:45,05F0287S,05F0309S,5,0,0
2025/04/01 11:45,05F0309S,05F0439S,31,486,62
2025/04/01 11:45,05F0309S,05F0439S,32,521,21
2025/04/01 11:45,05F0309S,05F0439S,41,520,1
2025/04/01 11:45,05F0309S,05F0439S,42,562,2
2025/04/01 11:45,05F0309S,05F0439S,5,574,8
2025/04/01 11:45,05F0439S,05F0494S,31,206,33
2025/04/01 11:45,05F0439S,05F0494S,32,204,12
2025/04/01 11:45,05F0439S,05F0494S,41,0,0
2025/04/01 11:45,05F0439S,05F0494S,42,0,0
2025/04/01 11:45,05F0439S,05F0494S,5,226,5
2025/04/01 11:50,05F0000S,05F0055S,31,262,114
2025/04/01 11:50,05F0000S,05F0055S,32,260,35
2025/04/01 11:50,05F0000S,05F0055S,41,260,2
2025/04/01 11:50,05F0000S,05F0055S,42,0,0
2025/04/01 11:50,05F0000S,05F0055S,5,0,0
2025/04/01 11:50,05F0055S,05F0287S,31,1030,106
2025/04/01 11:50,05F0055S,05F0287S,32,1029,46
2025/04/01 11:50,05F0055S,05F0287S,41,1088,1
2025/04/01 11:50,05F0055S,05F0287S,42,0,0
2025/04/01 11:50,05F0055S,05F0287S,5,0,0
2025/04/01 11:50,05F0287S,05F0309S,31,90,68
2025/04/01 11:50,05F0287S,05F0309S,32,93,29
2025/04/01 11:50,05F0287S,05F0309S,41,98,1
2025/04/01 11:50,05F0287S,05F0309S,42,0,0
2025/04/01 11:50,05F0287S,05F0309S,5,0,0
2025/04/01 11:50,05F0309S,05F0439S,31,480,48
2025/04/01 11:50,05F0309S,05F0439S,32,482,21
2025/04/01 11:50,05F0309S,05F0439S,41,532,1
2025/04/01 11:50,05F0309S,05F0439S,42,585,1
2025/04/01 11:50,05F0309S,05F0439S,5,531,7
2025/04/01 11:50,05F0439S,05F0494S,31,203,26
2025/04/01 11:50,05F0439S,05F0494S,32,209,11
2025/04/01 11:50,05F0439S,05F0494S,41,0,0
2025/04/01 11:50,05F0439S,05F0494S,42,235,2
2025/04/01 11:50,05F0439S,05F0494S,5,252,3
2025/04/01 11:55,05F0000S,05F0055S,31,250,86
2025/04/01 11:55,05F0000S,05F0055S,32,253,30
2025/04/01 11:55,05F0000S,05F0055S,41,252,6
2025/04/01 11:55,05F0000S,05F0055S,42,0,0
2025/04/01 11:55,05F0000S,05F0055S,5,0,0
2025/04/01 11:55,05F0055S,05F0287S,31,1035,118
2025/04/01 11:55,05F0055S,05F0287S,32,1049,32
2025/04/01 11:55,05F0055S,05F0287S,41,1043,4
2025/04/01 11:55,05F0055S,05F0287S,42,0,0
2025/04/01 11:55,05F0055S,05F0287S,5,0,0
2025/04/01 11:55,05F0287S,05F0309S,31,88,75
2025/04/01 11:55,05F0287S,05F0309S,32,91,21
2025/04/01 11:55,05F0287S,05F0309S,41,90,3
2025/04/01 11:55,05F0287S,05F0309S,42,0,0
2025/04/01 11:55,05F0287S,05F0309S,5,0,0
2025/04/01 11:55,05F0309S,05F0439S,31,478,44
2025/04/01 11:55,05F0309S,05F0439S,32,485,19
2025/04/01 11:55,05F0309S,05F0439S,41,523,3
2025/04/01 11:55,05F0309S,05F0439S,42,508,3
2025/04/01 11:55,05F0309S,05F0439S,5,544,4
2025/04/01 11:55,05F0439S,05F0494S,31,210,24
2025/04/01 11:55,05F0439S,05F0494S,32,221,9
2025/04/01 11:55,05F0439S,05F0494S,41,0,0
2025/04/01 11:55,05F0439S,05F0494S,42,0,0
2025/04/01 11:55,05F0439S,05F0494S,5,219,5
2025/04/01 12:00,05F0000S,05F0055S,31,253,84
2025/04/01 12:00,05F0000S,05F0055S,32,249,35
2025/04/01 12:00,05F0000S,05F0055S,41,252,5
2025/04/01 12:00,05F0000S,05F0055S,42,0,0
2025/04/01 12:00,05F0000S,05F0055S,5,0,0
2025/04/01 12:00,05F0055S,05F0287S,31,1034,105
2025/04/01 12:00,05F0055S,05F0287S,32,1032,36
2025/04/01 12:00,05F0055S,05F0287S,41,1073,4
2025/04/01 12:00,05F0055S,05F0287S,42,0,0
2025/04/01 12:00,05F0055S,05F0287S,5,0,0
2025/04/01 12:00,05F0287S,05F0309S,31,89,88
2025/04/01 12:00,05F0287S,05F0309S,32,89,25
2025/04/01 12:00,05F0287S,05F0309S,41,93,3
2025/04/01 12:00,05F0287S,05F0309S,42,88,1
2025/04/01 12:00,05F0287S,05F0309S,5,0,0
2025/04/01 12:00,05F0309S,05F0439S,31,484,52
2025/04/01 12:00,05F0309S,05F0439S,32,504,25
2025/04/01 12:00,05F0309S,05F0439S,41,0,0
2025/04/01 12:00,05F0309S,05F0439S,42,549,3
2025/04/01 12:00,05F0309S,05F0439S,5,532,4
2025/04/01 12:00,05F0439S,05F0494S,31,206,20
2025/04/01 12:00,05F0439S,05F0494S,32,207,10
2025/04/01 12:00,05F0439S,05F0494S,41,0,0
2025/04/01 12:00,05F0439S,05F0494S,42,221,2
2025/04/01 12:00,05F0439S,05F0494S,5,218,4
2025/04/01 12:05,05F0000S,05F0055S,31,248,80
2025/04/01 12:05,05F0000S,05F0055S,32,251,33
2025/04/01 12:05,05F0000S,05F0055S,41,246,2
2025/04/01 12:05,05F0000S,05F0055S,42,0,0
2025/04/01 12:05,05F0000S,05F0055S,5,0,0
2025/04/01 12:05,05F0055S,05F0287S,31,1039,103
2025/04/01 12:05,05F0055S,05F0287S,32,1044,43
2025/04/01 12:05,05F0055S,05F0287S,41,1045,3
2025/04/01 12:05,05F0055S,05F0287S,42,0,0
2025/04/01 12:05,05F0055S,05F0287S,5,0,0
2025/04/01 12:05,05F0287S,05F0309S,31,87,67
2025/04/01 12:05,05F0287S,05F0309S,32,91,31
2025/04/01 12:05,05F0287S,05F0309S,41,94,2
2025/04/01 12:05,05F0287S,05F0309S,42,0,0
2025/04/01 12:05,05F0287S,05F0309S,5,0,0
2025/04/01 12:05,05F0309S,05F0439S,31,488,62
2025/04/01 12:05,05F0309S,05F0439S,32,508,14
2025/04/01 12:05,05F0309S,05F0439S,41,541,1
2025/04/01 12:05,05F0309S,05F0439S,42,0,0
2025/04/01 12:05,05F0309S,05F0439S,5,503,3
2025/04/01 12:05,05F0439S,05F0494S,31,203,37
2025/04/01 12:05,05F0439S,05F0494S,32,210,11
2025/04/01 12:05,05F0439S,05F0494S,41,0,0
2025/04/01 12:05,05F0439S,05F0494S,42,233,4
2025/04/01 12:05,05F0439S,05F0494S,5,235,2
2025/04/01 12:10,05F0000S,05F0055S,31,255,85
2025/04/01 12:10,05F0000S,05F0055S,32,255,39
2025/04/01 12:10,05F0000S,05F0055S,41,255,4
2025/04/01 12:10,05F0000S,05F0055S,42,0,0
2025/04/01 12:10,05F0000S,05F0055S,5,0,0
2025/04/01 12:10,05F0055S,05F0287S,31,1040,121
2025/04/01 12:10,05F0055S,05F0287S,32,1047,30
2025/04/01 12:10,05F0055S,05F0287S,41,1064,7
2025/04/01 12:10,05F0055S,05F0287S,42,0,0
2025/04/01 12:10,05F0055S,05F0287S,5,0,0
2025/04/01 12:10,05F0287S,05F0309S,31,88,78
2025/04/01 12:10,05F0287S,05F0309S,32,90,26
2025/04/01 12:10,05F0287S,05F0309S,41,89,2
2025/04/01 12:10,05F0287S,05F0309S,42,0,0
2025/04/01 12:10,05F0287S,05F0309S,5,0,0
2025/04/01 12:10,05F0309S,05F0439S,31,475,48
2025/04/01 12:10,05F0309S,05F0439S,32,500,24
2025/04/01 12:10,05F0309S,05F0439S,41,524,3
2025/04/01 12:10,05F0309S,05F0439S,42,539,3
2025/04/01 12:10,05F0309S,05F0439S,5,489,7
2025/04/01 12:10,05F0439S,05F0494S,31,196,30
2025/04/01 12:10,05F0439S,05F0494S,32,205,12
2025/04/01 12:10,05F0439S,05F0494S,41,0,0
2025/04/01 12:10,05F0439S,05F0494S,42,0,0
2025/04/01 12:10,05F0439S,05F0494S,5,212,6
2025/04/01 12:15,05F0000S,05F0055S,31,248,84
2025/04/01 12:15,05F0000S,05F0055S,32,246,16
2025/04/01 12:15,05F0000S,05F0055S,41,250,2
2025/04/01 12:15,05F0000S,05F0055S,42,243,1
2025/04/01 12:15,05F0000S,05F0055S,5,0,0
2025/04/01 12:15,05F0055S,05F0287S,31,999,104
2025/04/01 12:15,05F0055S,05F0287S,32,1004,46
2025/04/01 12:15,05F0055S,05F0287S,41,1046,2
2025/04/01 12:15,05F0055S,05F0287S,42,0,0
2025/04/01 12:15,05F0055S,05F0287S,5,0,0
2025/04/01 12:15,05F0287S,05F0309S,31,87,67
2025/04/01 12:15,05F0287S,05F0309S,32,89,32
2025/04/01 12:15,05F0287S,05F0309S,41,96,4
2025/04/01 12:15,05F0287S,05F0309S,42,0,0
2025/04/01 12:15,05F0287S,05F0309S,5,0,0
2025/04/01 12:15,05F0309S,05F0439S,31,473,49
2025/04/01 12:15,05F0309S,05F0439S,32,491,22
2025/04/01 12:15,05F0309S,05F0439S,41,531,2
2025/04/01 12:15,05F0309S,05F0439S,42,542,1
2025/04/01 12:15,05F0309S,05F0439S,5,513,3
2025/04/01 12:15,05F0439S,05F0494S,31,214,25
2025/04/01 12:15,05F0439S,05F0494S,32,210,8
2025/04/01 12:15,05F0439S,05F0494S,41,0,0
2025/04/01 12:15,05F0439S,05F0494S,42,218,2
2025/04/01 12:15,05F0439S,05F0494S,5,212,5
2025/04/01 12:20,05F0000S,05F0055S,31,248,79
2025/04/01 12:20,05F0000S,05F0055S,32,251,37
2025/04/01 12:20,05F0000S,05F0055S,41,253,3
2025/04/01 12:20,05F0000S,05F0055S,42,0,0
2025/04/01 12:20,05F0000S,05F0055S,5,0,0
2025/04/01 12:20,05F0055S,05F0287S,31,992,93
2025/04/01 12:20,05F0055S,05F0287S,32,995,39
2025/04/01 12:20,05F0055S,05F0287S,41,1025,5
2025/04/01 12:20,05F0055S,05F0287S,42,0,0
2025/04/01 12:20,05F0055S,05F0287S,5,0,0
2025/04/01 12:20,05F0287S,05F0309S,31,86,56
2025/04/01 12:20,05F0287S,05F0309S,32,87,31
2025/04/01 12:20,05F0287S,05F0309S,41,94,4
2025/04/01 12:20,05F0287S,05F0309S,42,0,0
2025/04/01 12:20,05F0287S,05F0309S,5,0,0
2025/04/01 12:20,05F0309S,05F0439S,31,486,40
2025/04/01 12:20,05F0309S,05F0439S,32,496,17
2025/04/01 12:20,05F0309S,05F0439S,41,536,1
2025/04/01 12:20,05F0309S,05F0439S,42,0,0
2025/04/01 12:20,05F0309S,05F0439S,5,511,4
2025/04/01 12:20,05F0439S,05F0494S,31,202,18
2025/04/01 12:20,05F0439S,05F0494S,32,203,12
2025/04/01 12:20,05F0439S,05F0494S,41,0,0
2025/04/01 12:20,05F0439S,05F0494S,42,0,0
2025/04/01 12:20,05F0439S,05F0494S,5,242,1
2025/04/01 12:25,05F0000S,05F0055S,31,250,77
2025/04/01 12:25,05F0000S,05F0055S,32,254,25
2025/04/01 12:25,05F0000S,05F0055S,41,250,3
2025/04/01 12:25,05F0000S,05F0055S,42,0,0
2025/04/01 12:25,05F0000S,05F0055S,5,0,0
2025/04/01 12:25,05F0055S,05F0287S,31,1021,76
2025/04/01 12:25,05F0055S,05F0287S,32,1013,27
2025/04/01 12:25,05F0055S,05F0287S,41,1004,2
2025/04/01 12:25,05F0055S,05F0287S,42,0,0
2025/04/01 12:25,05F0055S,05F0287S,5,0,0
2025/04/01 12:25,05F0287S,05F0309S,31,86,60
2025/04/01 12:25,05F0287S,05F0309S,32,86,14
2025/04/01 12:25,05F0287S,05F0309S,41,87,1
2025/04/01 12:25,05F0287S,05F0309S,42,0,0
2025/04/01 12:25,05F0287S,05F0309S,5,0,0
2025/04/01 12:25,05F0309S,05F0439S,31,481,46
2025/04/01 12:25,05F0309S,05F0439S,32,482,19
2025/04/01 12:25,05F0309S,05F0439S,41,537,1
2025/04/01 12:25,05F0309S,05F0439S,42,0,0
2025/04/01 12:25,05F0309S,05F0439S,5,519,5
2025/04/01 12:25,05F0439S,05F0494S,31,206,36
2025/04/01 12:25,05F0439S,05F0494S,32,202,16
2025/04/01 12:25,05F0439S,05F0494S,41,0,0
2025/04/01 12:25,05F0439S,05F0494S,42,0,0
2025/04/01 12:25,05F0439S,05F0494S,5,215,3
2025/04/01 12:30,05F0000S,05F0055S,31,245,77
2025/04/01 12:30,05F0000S,05F0055S,32,246,38
2025/04/01 12:30,05F0000S,05F0055S,41,0,0
2025/04/01 12:30,05F0000S,05F0055S,42,253,1
2025/04/01 12:30,05F0000S,05F0055S,5,0,0
2025/04/01 12:30,05F0055S,05F0287S,31,1007,92
2025/04/01 12:30,05F0055S,05F0287S,32,1019,36
2025/04/01 12:30,05F0055S,05F0287S,41,1054,4
2025/04/01 12:30,05F0055S,05F0287S,42,969,1
2025/04/01 12:30,05F0055S,05F0287S,5,0,0
2025/04/01 12:30,05F0287S,05F0309S,31,86,64
2025/04/01 12:30,05F0287S,05F0309S,32,86,33
2025/04/01 12:30,05F0287S,05F0309S,41,91,4
2025/04/01 12:30,05F0287S,05F0309S,42,89,1
2025/04/01 12:30,05F0287S,05F0309S,5,0,0
2025/04/01 12:30,05F0309S,05F0439S,31,477,44
2025/04/01 12:30,05F0309S,05F0439S,32,480,15
2025/04/01 12:30,05F0309S,05F0439S,41,519,2
2025/04/01 12:30,05F0309S,05F0439S,42,0,0
2025/04/01 12:30,05F0309S,05F0439S,5,565,3
2025/04/01 12:30,05F0439S,05F0494S,31,195,14
2025/04/01 12:30,05F0439S,05F0494S,32,200,6
2025/04/01 12:30,05F0439S,05F0494S,41,0,0
2025/04/01 12:30,05F0439S,05F0494S,42,0,0
2025/04/01 12:30,05F0439S,05F0494S,5,220,4
2025/04/01 12:35,05F0000S,05F0055S,31,253,88
2025/04/01 12:35,05F0000S,05F0055S,32,250,43
2025/04/01 12:35,05F0000S,05F0055S,41,258,5
2025/04/01 12:35,05F0000S,05F0055S,42,0,0
2025/04/01 12:35,05F0000S,05F0055S,5,0,0
2025/04/01 12:35,05F0055S,05F0287S,31,1011,86
2025/04/01 12:35,05F0055S,05F0287S,32,1018,38
2025/04/01 12:35,05F0055S,05F0287S,41,1040,3
2025/04/01 12:35,05F0055S,05F0287S,42,0,0
2025/04/01 12:35,05F0055S,05F0287S,5,0,0
2025/04/01 12:35,05F0287S,05F0309S,31,89,53
2025/04/01 12:35,05F0287S,05F0309S,32,87,21
2025/04/01 12:35,05F0287S,05F0309S,41,93,2
2025/04/01 12:35,05F0287S,05F0309S,42,0,0
2025/04/01 12:35,05F0287S,05F0309S,5,0,0
2025/04/01 12:35,05F0309S,05F0439S,31,496,29
2025/04/01 12:35,05F0309S,05F0439S,32,497,16
2025/04/01 12:35,05F0309S,05F0439S,41,1465,2
2025/04/01 12:35,05F0309S,05F0439S,42,0,0
2025/04/01 12:35,05F0309S,05F0439S,5,543,3
2025/04/01 12:35,05F0439S,05F0494S,31,206,22
2025/04/01 12:35,05F0439S,05F0494S,32,206,12
2025/04/01 12:35,05F0439S,05F0494S,41,0,0
2025/04/01 12:35,05F0439S,05F0494S,42,0,0
2025/04/01 12:35,05F0439S,05F0494S,5,235,3
2025/04/01 12:40,05F0000S,05F0055S,31,251,75
2025/04/01 12:40,05F0000S,05F0055S,32,246,35
2025/04/01 12:40,05F0000S,05F0055S,41,256,2
2025/04/01 12:40,05F0000S,05F0055S,42,0,0
2025/04/01 12:40,05F0000S,05F0055S,5,0,0
2025/04/01 12:40,05F0055S,05F0287S,31,999,87
2025/04/01 12:40,05F0055S,05F0287S,32,1012,23
2025/04/01 12:40,05F0055S,05F0287S,41,1024,4
2025/04/01 12:40,05F0055S,05F0287S,42,0,0
2025/04/01 12:40,05F0055S,05F0287S,5,0,0
2025/04/01 12:40,05F0287S,05F0309S,31,87,75
2025/04/01 12:40,05F0287S,05F0309S,32,87,29
2025/04/01 12:40,05F0287S,05F0309S,41,90,2
2025/04/01 12:40,05F0287S,05F0309S,42,0,0
2025/04/01 12:40,05F0287S,05F0309S,5,0,0
2025/04/01 12:40,05F0309S,05F0439S,31,480,37
2025/04/01 12:40,05F0309S,05F0439S,32,472,16
2025/04/01 12:40,05F0309S,05F0439S,41,508,2
2025/04/01 12:40,05F0309S,05F0439S,42,467,1
2025/04/01 12:40,05F0309S,05F0439S,5,505,9
2025/04/01 12:40,05F0439S,05F0494S,31,198,25
2025/04/01 12:40,05F0439S,05F0494S,32,235,11
2025/04/01 12:40,05F0439S,05F0494S,41,0,0
2025/04/01 12:40,05F0439S,05F0494S,42,0,0
2025/04/01 12:40,05F0439S,05F0494S,5,205,3
2025/04/01 12:45,05F0000S,05F0055S,31,248,83
2025/04/01 12:45,05F0000S,05F0055S,32,249,34
2025/04/01 12:45,05F0000S,05F0055S,41,252,4
2025/04/01 12:45,05F0000S,05F0055S,42,0,0
2025/04/01 12:45,05F0000S,05F0055S,5,0,0
2025/04/01 12:45,05F0055S,05F0287S,31,994,80
2025/04/01 12:45,05F0055S,05F0287S,32,998,45
2025/04/01 12:45,05F0055S,05F0287S,41,0,0
2025/04/01 12:45,05F0055S,05F0287S,42,0,0
2025/04/01 12:45,05F0055S,05F0287S,5,0,0
2025/04/01 12:45,05F0287S,05F0309S,31,88,57
2025/04/01 12:45,05F0287S,05F0309S,32,90,27
2025/04/01 12:45,05F0287S,05F0309S,41,93,2
2025/04/01 12:45,05F0287S,05F0309S,42,0,0
2025/04/01 12:45,05F0287S,05F0309S,5,0,0
2025/04/01 12:45,05F0309S,05F0439S,31,488,42
2025/04/01 12:45,05F0309S,05F0439S,32,500,17
2025/04/01 12:45,05F0309S,05F0439S,41,533,1
2025/04/01 12:45,05F0309S,05F0439S,42,615,2
2025/04/01 12:45,05F0309S,05F0439S,5,530,4
2025/04/01 12:45,05F0439S,05F0494S,31,202,16
2025/04/01 12:45,05F0439S,05F0494S,32,213,6
2025/04/01 12:45,05F0439S,05F0494S,41,0,0
2025/04/01 12:45,05F0439S,05F0494S,42,0,0
2025/04/01 12:45,05F0439S,05F0494S,5,216,11
2025/04/01 12:50,05F0000S,05F0055S,31,247,86
2025/04/01 12:50,05F0000S,05F0055S,32,248,38
2025/04/01 12:50,05F0000S,05F0055S,41,247,5
2025/04/01 12:50,05F0000S,05F0055S,42,0,0
2025/04/01 12:50,05F0000S,05F0055S,5,0,0
2025/04/01 12:50,05F0055S,05F0287S,31,1010,86
2025/04/01 12:50,05F0055S,05F0287S,32,1012,39
2025/04/01 12:50,05F0055S,05F0287S,41,1026,4
2025/04/01 12:50,05F0055S,05F0287S,42,0,0
2025/04/01 12:50,05F0055S,05F0287S,5,0,0
2025/04/01 12:50,05F0287S,05F0309S,31,88,50
2025/04/01 12:50,05F0287S,05F0309S,32,91,26
2025/04/01 12:50,05F0287S,05F0309S,41,0,0
2025/04/01 12:50,05F0287S,05F0309S,42,0,0
2025/04/01 12:50,05F0287S,05F0309S,5,0,0
2025/04/01 12:50,05F0309S,05F0439S,31,482,53
2025/04/01 12:50,05F0309S,05F0439S,32,496,13
2025/04/01 12:50,05F0309S,05F0439S,41,496,1
2025/04/01 12:50,05F0309S,05F0439S,42,526,1
2025/04/01 12:50,05F0309S,05F0439S,5,503,6
2025/04/01 12:50,05F0439S,05F0494S,31,199,20
2025/04/01 12:50,05F0439S,05F0494S,32,214,15
2025/04/01 12:50,05F0439S,05F0494S,41,0,0
2025/04/01 12:50,05F0439S,05F0494S,42,0,0
2025/04/01 12:50,05F0439S,05F0494S,5,0,0
2025/04/01 12:55,05F0000S,05F0055S,31,249,95
2025/04/01 12:55,05F0000S,05F0055S,32,249,28
2025/04/01 12:55,05F0000S,05F0055S,41,234,2
2025/04/01 12:55,05F0000S,05F0055S,42,0,0
2025/04/01 12:55,05F0000S,05F0055S,5,0,0
2025/04/01 12:55,05F0055S,05F0287S,31,1019,112
2025/04/01 12:55,05F0055S,05F0287S,32,1020,47
2025/04/01 12:55,05F0055S,05F0287S,41,1022,2
2025/04/01 12:55,05F0055S,05F0287S,42,0,0
2025/04/01 12:55,05F0055S,05F0287S,5,0,0
2025/04/01 12:55,05F0287S,05F0309S,31,88,73
2025/04/01 12:55,05F0287S,05F0309S,32,90,32
2025/04/01 12:55,05F0287S,05F0309S,41,90,4
2025/04/01 12:55,05F0287S,05F0309S,42,0,0
2025/04/01 12:55,05F0287S,05F0309S,5,0,0
2025/04/01 12:55,05F0309S,05F0439S,31,489,28
2025/04/01 12:55,05F0309S,05F0439S,32,494,18
2025/04/01 12:55,05F0309S,05F0439S,41,0,0
2025/04/01 12:55,05F0309S,05F0439S,42,486,1
2025/04/01 12:55,05F0309S,05F0439S,5,485,4
2025/04/01 12:55,05F0439S,05F0494S,31,202,18
2025/04/01 12:55,05F0439S,05F0494S,32,213,6
2025/04/01 12:55,05F0439S,05F0494S,41,0,0
2025/04/01 12:55,05F0439S,05F0494S,42,232,2
2025/04/01 12:55,05F0439S,05F0494S,5,215,7
2025/04/01 13:00,05F0000S,05F0055S,31,251,71
2025/04/01 13:00,05F0000S,05F0055S,32,247,40
2025/04/01 13:00,05F0000S,05F0055S,41,0,0
2025/04/01 13:00,05F0000S,05F0055S,42,0,0
2025/04/01 13:00,05F0000S,05F0055S,5,0,0
2025/04/01 13:00,05F0055S,05F0287S,31,989,76
2025/04/01 13:00,05F0055S,05F0287S,32,1004,36
2025/04/01 13:00,05F0055S,05F0287S,41,1003,2
2025/04/01 13:00,05F0055S,05F0287S,42,0,0
2025/04/01 13:00,05F0055S,05F0287S,5,0,0
2025/04/01 13:00,05F0287S,05F0309S,31,85,66
2025/04/01 13:00,05F0287S,05F0309S,32,90,25
2025/04/01 13:00,05F0287S,05F0309S,41,98,3
2025/04/01 13:00,05F0287S,05F0309S,42,0,0
2025/04/01 13:00,05F0287S,05F0309S,5,0,0
2025/04/01 13:00,05F0309S,05F0439S,31,479,40
2025/04/01 13:00,05F0309S,05F0439S,32,475,21
2025/04/01 13:00,05F0309S,05F0439S,41,504,1
2025/04/01 13:00,05F0309S,05F0439S,42,503,1
2025/04/01 13:00,05F0309S,05F0439S,5,538,11
2025/04/01 13:00,05F0439S,05F0494S,31,198,13
2025/04/01 13:00,05F0439S,05F0494S,32,202,6
2025/04/01 13:00,05F0439S,05F0494S,41,0,0
2025/04/01 13:00,05F0439S,05F0494S,42,221,2
2025/04/01 13:00,05F0439S,05F0494S,5,202,4
2025/04/01 13:05,05F0000S,05F0055S,31,245,89
2025/04/01 13:05,05F0000S,05F0055S,32,246,31
2025/04/01 13:05,05F0000S,05F0055S,41,253,4
2025/04/01 13:05,05F0000S,05F0055S,42,0,0
2025/04/01 13:05,05F0000S,05F0055S,5,0,0
2025/04/01 13:05,05F0055S,05F0287S,31,1000,80
2025/04/01 13:05,05F0055S,05F0287S,32,999,36
2025/04/01 13:05,05F0055S,05F0287S,41,1044,3
2025/04/01 13:05,05F0055S,05F0287S,42,0,0
2025/04/01 13:05,05F0055S,05F0287S,5,0,0
2025/04/01 13:05,05F0287S,05F0309S,31,86,53
2025/04/01 13:05,05F0287S,05F0309S,32,90,23
2025/04/01 13:05,05F0287S,05F0309S,41,93,3
2025/04/01 13:05,05F0287S,05F0309S,42,0,0
2025/04/01 13:05,05F0287S,05F0309S,5,0,0
2025/04/01 13:05,05F0309S,05F0439S,31,485,57
2025/04/01 13:05,05F0309S,05F0439S,32,476,21
2025/04/01 13:05,05F0309S,05F0439S,41,529,1
2025/04/01 13:05,05F0309S,05F0439S,42,498,1
2025/04/01 13:05,05F0309S,05F0439S,5,508,1
2025/04/01 13:05,05F0439S,05F0494S,31,205,17
2025/04/01 13:05,05F0439S,05F0494S,32,194,9
2025/04/01 13:05,05F0439S,05F0494S,41,225,1
2025/04/01 13:05,05F0439S,05F0494S,42,213,1
2025/04/01 13:05,05F0439S,05F0494S,5,211,5
2025/04/01 13:10,05F0000S,05F0055S,31,247,71
2025/04/01 13:10,05F0000S,05F0055S,32,243,35
2025/04/01 13:10,05F0000S,05F0055S,41,241,1
2025/04/01 13:10,05F0000S,05F0055S,42,0,0
2025/04/01 13:10,05F0000S,05F0055S,5,0,0
2025/04/01 13:10,05F0055S,05F0287S,31,1027,112
2025/04/01 13:10,05F0055S,05F0287S,32,1027,39
2025/04/01 13:10,05F0055S,05F0287S,41,1048,6
2025/04/01 13:10,05F0055S,05F0287S,42,0,0
2025/04/01 13:10,05F0055S,05F0287S,5,0,0
2025/04/01 13:10,05F0287S,05F0309S,31,88,76
2025/04/01 13:10,05F0287S,05F0309S,32,88,31
2025/04/01 13:10,05F0287S,05F0309S,41,89,4
2025/04/01 13:10,05F0287S,05F0309S,42,0,0
2025/04/01 13:10,05F0287S,05F0309S,5,0,0
2025/04/01 13:10,05F0309S,05F0439S,31,476,41
2025/04/01 13:10,05F0309S,05F0439S,32,492,16
2025/04/01 13:10,05F0309S,05F0439S,41,516,4
2025/04/01 13:10,05F0309S,05F0439S,42,573,2
2025/04/01 13:10,05F0309S,05F0439S,5,507,3
2025/04/01 13:10,05F0439S,05F0494S,31,185,23
2025/04/01 13:10,05F0439S,05F0494S,32,203,10
2025/04/01 13:10,05F0439S,05F0494S,41,0,0
2025/04/01 13:10,05F0439S,05F0494S,42,247,1
2025/04/01 13:10,05F0439S,05F0494S,5,218,1
2025/04/01 13:15,05F0000S,05F0055S,31,251,81
2025/04/01 13:15,05F0000S,05F0055S,32,255,41
2025/04/01 13:15,05F0000S,05F0055S,41,245,5
2025/04/01 13:15,05F0000S,05F0055S,42,0,0
2025/04/01 13:15,05F0000S,05F0055S,5,0,0
2025/04/01 13:15,05F0055S,05F0287S,31,998,96
2025/04/01 13:15,05F0055S,05F0287S,32,996,35
2025/04/01 13:15,05F0055S,05F0287S,41,1053,1
2025/04/01 13:15,05F0055S,05F0287S,42,0,0
2025/04/01 13:15,05F0055S,05F0287S,5,0,0
2025/04/01 13:15,05F0287S,05F0309S,31,86,65
2025/04/01 13:15,05F0287S,05F0309S,32,90,23
2025/04/01 13:15,05F0287S,05F0309S,41,91,1
2025/04/01 13:15,05F0287S,05F0309S,42,0,0
2025/04/01 13:15,05F0287S,05F0309S,5,0,0
2025/04/01 13:15,05F0309S,05F0439S,31,489,37
2025/04/01 13:15,05F0309S,05F0439S,32,491,23
2025/04/01 13:15,05F0309S,05F0439S,41,541,1
2025/04/01 13:15,05F0309S,05F0439S,42,579,1
2025/04/01 13:15,05F0309S,05F0439S,5,516,4
2025/04/01 13:15,05F0439S,05F0494S,31,202,26
2025/04/01 13:15,05F0439S,05F0494S,32,204,10
2025/04/01 13:15,05F0439S,05F0494S,41,0,0
2025/04/01 13:15,05F0439S,05F0494S,42,246,4
2025/04/01 13:15,05F0439S,05F0494S,5,211,5
2025/04/01 13:20,05F0000S,05F0055S,31,260,104
2025/04/01 13:20,05F0000S,05F0055S,32,262,35
2025/04/01 13:20,05F0000S,05F0055S,41,280,8
2025/04/01 13:20,05F0000S,05F0055S,42,0,0
2025/04/01 13:20,05F0000S,05F0055S,5,0,0
2025/04/01 13:20,05F0055S,05F0287S,31,1009,93
2025/04/01 13:20,05F0055S,05F0287S,32,1011,39
2025/04/01 13:20,05F0055S,05F0287S,41,1014,1
2025/04/01 13:20,05F0055S,05F0287S,42,0,0
2025/04/01 13:20,05F0055S,05F0287S,5,0,0
2025/04/01 13:20,05F0287S,05F0309S,31,87,49
2025/04/01 13:20,05F0287S,05F0309S,32,90,37
2025/04/01 13:20,05F0287S,05F0309S,41,92,1
2025/04/01 13:20,05F0287S,05F0309S,42,0,0
2025/04/01 13:20,05F0287S,05F0309S,5,0,0
2025/04/01 13:20,05F0309S,05F0439S,31,465,51
2025/04/01 13:20,05F0309S,05F0439S,32,507,23
2025/04/01 13:20,05F0309S,05F0439S,41,507,2
2025/04/01 13:20,05F0309S,05F0439S,42,504,1
2025/04/01 13:20,05F0309S,05F0439S,5,492,5
2025/04/01 13:20,05F0439S,05F0494S,31,196,23
2025/04/01 13:20,05F0439S,05F0494S,32,208,8
2025/04/01 13:20,05F0439S,05F0494S,41,0,0
2025/04/01 13:20,05F0439S,05F0494S,42,0,0
2025/04/01 13:20,05F0439S,05F0494S,5,210,7
2025/04/01 13:25,05F0000S,05F0055S,31,250,83
2025/04/01 13:25,05F0000S,05F0055S,32,251,29
2025/04/01 13:25,05F0000S,05F0055S,41,249,2
2025/04/01 13:25,05F0000S,05F0055S,42,0,0
2025/04/01 13:25,05F0000S,05F0055S,5,0,0
2025/04/01 13:25,05F0055S,05F0287S,31,1007,79
2025/04/01 13:25,05F0055S,05F0287S,32,1014,35
2025/04/01 13:25,05F0055S,05F0287S,41,1050,4
2025/04/01 13:25,05F0055S,05F0287S,42,0,0
2025/04/01 13:25,05F0055S,05F0287S,5,0,0
2025/04/01 13:25,05F0287S,05F0309S,31,86,62
2025/04/01 13:25,05F0287S,05F0309S,32,86,23
2025/04/01 13:25,05F0287S,05F0309S,41,92,2
2025/04/01 13:25,05F0287S,05F0309S,42,0,0
2025/04/01 13:25,05F0287S,05F0309S,5,0,0
2025/04/01 13:25,05F0309S,05F0439S,31,482,38
2025/04/01 13:25,05F0309S,05F0439S,32,483,16
2025/04/01 13:25,05F0309S,05F0439S,41,1172,2
2025/04/01 13:25,05F0309S,05F0439S,42,536,3
2025/04/01 13:25,05F0309S,05F0439S,5,493,5
2025/04/01 13:25,05F0439S,05F0494S,31,198,16
2025/04/01 13:25,05F0439S,05F0494S,32,218,8
2025/04/01 13:25,05F0439S,05F0494S,41,0,0
2025/04/01 13:25,05F0439S,05F0494S,42,216,1
2025/04/01 13:25,05F0439S,05F0494S,5,206,4
2025/04/01 13:30,05F0000S,05F0055S,31,247,80
2025/04/01 13:30,05F0000S,05F0055S,32,247,34
2025/04/01 13:30,05F0000S,05F0055S,41,252,5
2025/04/01 13:30,05F0000S,05F0055S,42,0,0
2025/04/01 13:30,05F0000S,05F0055S,5,0,0
2025/04/01 13:30,05F0055S,05F0287S,31,1000,86
2025/04/01 13:30,05F0055S,05F0287S,32,999,47
2025/04/01 13:30,05F0055S,05F0287S,41,1027,1
2025/04/01 13:30,05F0055S,05F0287S,42,0,0
2025/04/01 13:30,05F0055S,05F0287S,5,0,0
2025/04/01 13:30,05F0287S,05F0309S,31,87,63
2025/04/01 13:30,05F0287S,05F0309S,32,90,39
2025/04/01 13:30,05F0287S,05F0309S,41,97,2
2025/04/01 13:30,05F0287S,05F0309S,42,0,0
2025/04/01 13:30,05F0287S,05F0309S,5,0,0
2025/04/01 13:30,05F0309S,05F0439S,31,470,41
2025/04/01 13:30,05F0309S,05F0439S,32,499,27
2025/04/01 13:30,05F0309S,05F0439S,41,0,0
2025/04/01 13:30,05F0309S,05F0439S,42,587,2
2025/04/01 13:30,05F0309S,05F0439S,5,509,4
2025/04/01 13:30,05F0439S,05F0494S,31,210,22
2025/04/01 13:30,05F0439S,05F0494S,32,207,16
2025/04/01 13:30,05F0439S,05F0494S,41,0,0
2025/04/01 13:30,05F0439S,05F0494S,42,226,2
2025/04/01 13:30,05F0439S,05F0494S,5,201,5
2025/04/01 13:35,05F0000S,05F0055S,31,247,78
2025/04/01 13:35,05F0000S,05F0055S,32,252,26
2025/04/01 13:35,05F0000S,05F0055S,41,256,3
2025/04/01 13:35,05F0000S,05F0055S,42,0,0
2025/04/01 13:35,05F0000S,05F0055S,5,0,0
2025/04/01 13:35,05F0055S,05F0287S,31,1009,68
2025/04/01 13:35,05F0055S,05F0287S,32,1016,27
2025/04/01 13:35,05F0055S,05F0287S,41,1075,11
2025/04/01 13:35,05F0055S,05F0287S,42,0,0
2025/04/01 13:35,05F0055S,05F0287S,5,0,0
2025/04/01 13:35,05F0287S,05F0309S,31,86,53
2025/04/01 13:35,05F0287S,05F0309S,32,88,22
2025/04/01 13:35,05F0287S,05F0309S,41,91,2
2025/04/01 13:35,05F0287S,05F0309S,42,0,0
2025/04/01 13:35,05F0287S,05F0309S,5,0,0
2025/04/01 13:35,05F0309S,05F0439S,31,495,41
2025/04/01 13:35,05F0309S,05F0439S,32,490,17
2025/04/01 13:35,05F0309S,05F0439S,41,537,2
2025/04/01 13:35,05F0309S,05F0439S,42,608,2
2025/04/01 13:35,05F0309S,05F0439S,5,491,6
2025/04/01 13:35,05F0439S,05F0494S,31,207,23
2025/04/01 13:35,05F0439S,05F0494S,32,198,5
2025/04/01 13:35,05F0439S,05F0494S,41,0,0
2025/04/01 13:35,05F0439S,05F0494S,42,260,1
2025/04/01 13:35,05F0439S,05F0494S,5,205,4
2025/04/01 13:40,05F0000S,05F0055S,31,257,79
2025/04/01 13:40,05F0000S,05F0055S,32,263,28
2025/04/01 13:40,05F0000S,05F0055S,41,260,2
2025/04/01 13:40,05F0000S,05F0055S,42,0,0
2025/04/01 13:40,05F0000S,05F0055S,5,0,0
2025/04/01 13:40,05F0055S,05F0287S,31,1046,125
2025/04/01 13:40,05F0055S,05F0287S,32,1059,48
2025/04/01 13:40,05F0055S,05F0287S,41,1073,2
2025/04/01 13:40,05F0055S,05F0287S,42,0,0
2025/04/01 13:40,05F0055S,05F0287S,5,0,0
2025/04/01 13:40,05F0287S,05F0309S,31,88,76
2025/04/01 13:40,05F0287S,05F0309S,32,91,25
2025/04/01 13:40,05F0287S,05F0309S,41,91,8
2025/04/01 13:40,05F0287S,05F0309S,42,0,0
2025/04/01 13:40,05F0287S,05F0309S,5,0,0
2025/04/01 13:40,05F0309S,05F0439S,31,480,47
2025/04/01 13:40,05F0309S,05F0439S,32,487,26
2025/04/01 13:40,05F0309S,05F0439S,41,542,1
2025/04/01 13:40,05F0309S,05F0439S,42,498,1
2025/04/01 13:40,05F0309S,05F0439S,5,502,5
2025/04/01 13:40,05F0439S,05F0494S,31,207,34
2025/04/01 13:40,05F0439S,05F0494S,32,196,13
2025/04/01 13:40,05F0439S,05F0494S,41,233,2
2025/04/01 13:40,05F0439S,05F0494S,42,0,0
2025/04/01 13:40,05F0439S,05F0494S,5,206,6
2025/04/01 13:45,05F0000S,05F0055S,31,257,82
2025/04/01 13:45,05F0000S,05F0055S,32,258,38
2025/04/01 13:45,05F0000S,05F0055S,41,260,6
2025/04/01 13:45,05F0000S,05F0055S,42,0,0
2025/04/01 13:45,05F0000S,05F0055S,5,0,0
2025/04/01 13:45,05F0055S,05F0287S,31,1014,74
2025/04/01 13:45,05F0055S,05F0287S,32,1011,23
2025/04/01 13:45,05F0055S,05F0287S,41,1065,4
2025/04/01 13:45,05F0055S,05F0287S,42,0,0
2025/04/01 13:45,05F0055S,05F0287S,5,0,0
2025/04/01 13:45,05F0287S,05F0309S,31,87,66
2025/04/01 13:45,05F0287S,05F0309S,32,89,22
2025/04/01 13:45,05F0287S,05F0309S,41,90,2
2025/04/01 13:45,05F0287S,05F0309S,42,0,0
2025/04/01 13:45,05F0287S,05F0309S,5,0,0
2025/04/01 13:45,05F0309S,05F0439S,31,480,43
2025/04/01 13:45,05F0309S,05F0439S,32,501,18
2025/04/01 13:45,05F0309S,05F0439S,41,515,3
2025/04/01 13:45,05F0309S,05F0439S,42,0,0
2025/04/01 13:45,05F0309S,05F0439S,5,532,2
2025/04/01 13:45,05F0439S,05F0494S,31,206,23
2025/04/01 13:45,05F0439S,05F0494S,32,198,19
2025/04/01 13:45,05F0439S,05F0494S,41,0,0
2025/04/01 13:45,05F0439S,05F0494S,42,0,0
2025/04/01 13:45,05F0439S,05F0494S,5,213,2
2025/04/01 13:50,05F0000S,05F0055S,31,251,84
2025/04/01 13:50,05F0000S,05F0055S,32,246,29
2025/04/01 13:50,05F0000S,05F0055S,41,251,3
2025/04/01 13:50,05F0000S,05F0055S,42,0,0
2025/04/01 13:50,05F0000S,05F0055S,5,0,0
2025/04/01 13:50,05F0055S,05F0287S,31,1029,106
2025/04/01 13:50,05F0055S,05F0287S,32,1034,37
2025/04/01 13:50,05F0055S,05F0287S,41,1121,3
2025/04/01 13:50,05F0055S,05F0287S,42,0,0
2025/04/01 13:50,05F0055S,05F0287S,5,0,0
2025/04/01 13:50,05F0287S,05F0309S,31,89,65
2025/04/01 13:50,05F0287S,05F0309S,32,89,28
2025/04/01 13:50,05F0287S,05F0309S,41,95,3
2025/04/01 13:50,05F0287S,05F0309S,42,0,0
2025/04/01 13:50,05F0287S,05F0309S,5,0,0
2025/04/01 13:50,05F0309S,05F0439S,31,461,49
2025/04/01 13:50,05F0309S,05F0439S,32,498,28
2025/04/01 13:50,05F0309S,05F0439S,41,580,6
2025/04/01 13:50,05F0309S,05F0439S,42,1515,1
2025/04/01 13:50,05F0309S,05F0439S,5,518,3
2025/04/01 13:50,05F0439S,05F0494S,31,213,23
2025/04/01 13:50,05F0439S,05F0494S,32,214,9
2025/04/01 13:50,05F0439S,05F0494S,41,228,1
2025/04/01 13:50,05F0439S,05F0494S,42,0,0
2025/04/01 13:50,05F0439S,05F0494S,5,219,3
2025/04/01 13:55,05F0000S,05F0055S,31,253,66
2025/04/01 13:55,05F0000S,05F0055S,32,257,31
2025/04/01 13:55,05F0000S,05F0055S,41,268,3
2025/04/01 13:55,05F0000S,05F0055S,42,0,0
2025/04/01 13:55,05F0000S,05F0055S,5,0,0
2025/04/01 13:55,05F0055S,05F0287S,31,993,83
2025/04/01 13:55,05F0055S,05F0287S,32,1003,23
2025/04/01 13:55,05F0055S,05F0287S,41,1029,3
2025/04/01 13:55,05F0055S,05F0287S,42,0,0
2025/04/01 13:55,05F0055S,05F0287S,5,0,0
2025/04/01 13:55,05F0287S,05F0309S,31,87,62
2025/04/01 13:55,05F0287S,05F0309S,32,89,18
2025/04/01 13:55,05F0287S,05F0309S,41,93,3
2025/04/01 13:55,05F0287S,05F0309S,42,0,0
2025/04/01 13:55,05F0287S,05F0309S,5,0,0
2025/04/01 13:55,05F0309S,05F0439S,31,475,38
2025/04/01 13:55,05F0309S,05F0439S,32,467,14
2025/04/01 13:55,05F0309S,05F0439S,41,0,0
2025/04/01 13:55,05F0309S,05F0439S,42,470,1
2025/04/01 13:55,05F0309S,05F0439S,5,544,6
2025/04/01 13:55,05F0439S,05F0494S,31,202,19
2025/04/01 13:55,05F0439S,05F0494S,32,205,10
2025/04/01 13:55,05F0439S,05F0494S,41,0,0
2025/04/01 13:55,05F0439S,05F0494S,42,187,1
2025/04/01 13:55,05F0439S,05F0494S,5,221,3
2025/04/01 14:00,05F0000S,05F0055S,31,252,87
2025/04/01 14:00,05F0000S,05F0055S,32,252,32
2025/04/01 14:00,05F0000S,05F0055S,41,241,3
2025/04/01 14:00,05F0000S,05F0055S,42,0,0
2025/04/01 14:00,05F0000S,05F0055S,5,0,0
2025/04/01 14:00,05F0055S,05F0287S,31,1016,95
2025/04/01 14:00,05F0055S,05F0287S,32,1003,44
2025/04/01 14:00,05F0055S,05F0287S,41,1049,2
2025/04/01 14:00,05F0055S,05F0287S,42,0,0
2025/04/01 14:00,05F0055S,05F0287S,5,0,0
2025/04/01 14:00,05F0287S,05F0309S,31,87,56
2025/04/01 14:00,05F0287S,05F0309S,32,86,25
2025/04/01 14:00,05F0287S,05F0309S,41,91,1
2025/04/01 14:00,05F0287S,05F0309S,42,0,0
2025/04/01 14:00,05F0287S,05F0309S,5,0,0
2025/04/01 14:00,05F0309S,05F0439S,31,480,45
2025/04/01 14:00,05F0309S,05F0439S,32,485,23
2025/04/01 14:00,05F0309S,05F0439S,41,534,3
2025/04/01 14:00,05F0309S,05F0439S,42,507,3
2025/04/01 14:00,05F0309S,05F0439S,5,524,9
2025/04/01 14:00,05F0439S,05F0494S,31,201,26
2025/04/01 14:00,05F0439S,05F0494S,32,204,9
2025/04/01 14:00,05F0439S,05F0494S,41,223,1
2025/04/01 14:00,05F0439S,05F0494S,42,206,3
2025/04/01 14:00,05F0439S,05F0494S,5,222,6
2025/04/01 14:05,05F0000S,05F0055S,31,252,71
2025/04/01 14:05,05F0000S,05F0055S,32,261,26
2025/04/01 14:05,05F0000S,05F0055S,41,274,3
2025/04/01 14:05,05F0000S,05F0055S,42,232,1
2025/04/01 14:05,05F0000S,05F0055S,5,0,0
2025/04/01 14:05,05F0055S,05F0287S,31,1012,95
2025/04/01 14:05,05F0055S,05F0287S,32,1018,37
2025/04/01 14:05,05F0055S,05F0287S,41,1024,7
2025/04/01 14:05,05F0055S,05F0287S,42,0,0
2025/04/01 14:05,05F0055S,05F0287S,5,0,0
2025/04/01 14:05,05F0287S,05F0309S,31,88,54
2025/04/01 14:05,05F0287S,05F0309S,32,89,33
2025/04/01 14:05,05F0287S,05F0309S,41,90,6
2025/04/01 14:05,05F0287S,05F0309S,42,0,0
2025/04/01 14:05,05F0287S,05F0309S,5,0,0
2025/04/01 14:05,05F0309S,05F0439S,31,486,42
2025/04/01 14:05,05F0309S,05F0439S,32,489,23
2025/04/01 14:05,05F0309S,05F0439S,41,528,2
2025/04/01 14:05,05F0309S,05F0439S,42,0,0
2025/04/01 14:05,05F0309S,05F0439S,5,492,3
2025/04/01 14:05,05F0439S,05F0494S,31,208,21
2025/04/01 14:05,05F0439S,05F0494S,32,209,14
2025/04/01 14:05,05F0439S,05F0494S,41,0,0
2025/04/01 14:05,05F0439S,05F0494S,42,252,2
2025/04/01 14:05,05F0439S,05F0494S,5,210,7
2025/04/01 14:10,05F0000S,05F0055S,31,248,69
2025/04/01 14:10,05F0000S,05F0055S,32,247,37
2025/04/01 14:10,05F0000S,05F0055S,41,251,2
2025/04/01 14:10,05F0000S,05F0055S,42,0,0
2025/04/01 14:10,05F0000S,05F0055S,5,0,0
2025/04/01 14:10,05F0055S,05F0287S,31,1013,74
2025/04/01 14:10,05F0055S,05F0287S,32,1018,27
2025/04/01 14:10,05F0055S,05F0287S,41,1043,2
2025/04/01 14:10,05F0055S,05F0287S,42,0,0
2025/04/01 14:10,05F0055S,05F0287S,5,0,0
2025/04/01 14:10,05F0287S,05F0309S,31,89,45
2025/04/01 14:10,05F0287S,05F0309S,32,94,22
2025/04/01 14:10,05F0287S,05F0309S,41,99,1
2025/04/01 14:10,05F0287S,05F0309S,42,0,0
2025/04/01 14:10,05F0287S,05F0309S,5,0,0
2025/04/01 14:10,05F0309S,05F0439S,31,494,51
2025/04/01 14:10,05F0309S,05F0439S,32,501,17
2025/04/01 14:10,05F0309S,05F0439S,41,0,0
2025/04/01 14:10,05F0309S,05F0439S,42,479,1
2025/04/01 14:10,05F0309S,05F0439S,5,519,9
2025/04/01 14:10,05F0439S,05F0494S,31,204,24
2025/04/01 14:10,05F0439S,05F0494S,32,197,13
2025/04/01 14:10,05F0439S,05F0494S,41,227,1
2025/04/01 14:10,05F0439S,05F0494S,42,0,0
2025/04/01 14:10,05F0439S,05F0494S,5,214,2
2025/04/01 14:15,05F0000S,05F0055S,31,257,93
2025/04/01 14:15,05F0000S,05F0055S,32,251,33
2025/04/01 14:15,05F0000S,05F0055S,41,267,2
2025/04/01 14:15,05F0000S,05F0055S,42,261,1
2025/04/01 14:15,05F0000S,05F0055S,5,0,0
2025/04/01 14:15,05F0055S,05F0287S,31,1005,80
2025/04/01 14:15,05F0055S,05F0287S,32,1004,36
2025/04/01 14:15,05F0055S,05F0287S,41,1053,3
2025/04/01 14:15,05F0055S,05F0287S,42,0,0
2025/04/01 14:15,05F0055S,05F0287S,5,0,0
2025/04/01 14:15,05F0287S,05F0309S,31,87,61
2025/04/01 14:15,05F0287S,05F0309S,32,88,27
2025/04/01 14:15,05F0287S,05F0309S,41,92,3
2025/04/01 14:15,05F0287S,05F0309S,42,0,0
2025/04/01 14:15,05F0287S,05F0309S,5,0,0
2025/04/01 14:15,05F0309S,05F0439S,31,468,34
2025/04/01 14:15,05F0309S,05F0439S,32,492,23
2025/04/01 14:15,05F0309S,05F0439S,41,525,4
2025/04/01 14:15,05F0309S,05F0439S,42,517,3
2025/04/01 14:15,05F0309S,05F0439S,5,527,4
2025/04/01 14:15,05F0439S,05F0494S,31,215,22
2025/04/01 14:15,05F0439S,05F0494S,32,211,13
2025/04/01 14:15,05F0439S,05F0494S,41,0,0
2025/04/01 14:15,05F0439S,05F0494S,42,226,1
2025/04/01 14:15,05F0439S,05F0494S,5,222,10
2025/04/01 14:20,05F0000S,05F0055S,31,248,78
2025/04/01 14:20,05F0000S,05F0055S,32,249,36
2025/04/01 14:20,05F0000S,05F0055S,41,251,5
2025/04/01 14:20,05F0000S,05F0055S,42,0,0
2025/04/01 14:20,05F0000S,05F0055S,5,0,0
2025/04/01 14:20,05F0055S,05F0287S,31,1036,102
2025/04/01 14:20,05F0055S,05F0287S,32,1037,35
2025/04/01 14:20,05F0055S,05F0287S,41,1047,2
2025/04/01 14:20,05F0055S,05F0287S,42,0,0
2025/04/01 14:20,05F0055S,05F0287S,5,0,0
2025/04/01 14:20,05F0287S,05F0309S,31,87,53
2025/04/01 14:20,05F0287S,05F0309S,32,86,26
2025/04/01 14:20,05F0287S,05F0309S,41,88,2
2025/04/01 14:20,05F0287S,05F0309S,42,0,0
2025/04/01 14:20,05F0287S,05F0309S,5,0,0
2025/04/01 14:20,05F0309S,05F0439S,31,476,26
2025/04/01 14:20,05F0309S,05F0439S,32,530,10
2025/04/01 14:20,05F0309S,05F0439S,41,1274,2
2025/04/01 14:20,05F0309S,05F0439S,42,549,4
2025/04/01 14:20,05F0309S,05F0439S,5,497,1
2025/04/01 14:20,05F0439S,05F0494S,31,203,15
2025/04/01 14:20,05F0439S,05F0494S,32,209,13
2025/04/01 14:20,05F0439S,05F0494S,41,0,0
2025/04/01 14:20,05F0439S,05F0494S,42,221,2
2025/04/01 14:20,05F0439S,05F0494S,5,208,4
2025/04/01 14:25,05F0000S,05F0055S,31,251,92
2025/04/01 14:25,05F0000S,05F0055S,32,256,32
2025/04/01 14:25,05F0000S,05F0055S,41,239,1
2025/04/01 14:25,05F0000S,05F0055S,42,0,0
2025/04/01 14:25,05F0000S,05F0055S,5,0,0
2025/04/01 14:25,05F0055S,05F0287S,31,1009,73
2025/04/01 14:25,05F0055S,05F0287S,32,1009,31
2025/04/01 14:25,05F0055S,05F0287S,41,1171,3
2025/04/01 14:25,05F0055S,05F0287S,42,0,0
2025/04/01 14:25,05F0055S,05F0287S,5,0,0
2025/04/01 14:25,05F0287S,05F0309S,31,89,59
2025/04/01 14:25,05F0287S,05F0309S,32,90,28
2025/04/01 14:25,05F0287S,05F0309S,41,1095,1
2025/04/01 14:25,05F0287S,05F0309S,42,0,0
2025/04/01 14:25,05F0287S,05F0309S,5,0,0
2025/04/01 14:25,05F0309S,05F0439S,31,477,37
2025/04/01 14:25,05F0309S,05F0439S,32,493,19
2025/04/01 14:25,05F0309S,05F0439S,41,0,0
2025/04/01 14:25,05F0309S,05F0439S,42,0,0
2025/04/01 14:25,05F0309S,05F0439S,5,635,1
2025/04/01 14:25,05F0439S,05F0494S,31,200,19
2025/04/01 14:25,05F0439S,05F0494S,32,207,10
2025/04/01 14:25,05F0439S,05F0494S,41,0,0
2025/04/01 14:25,05F0439S,05F0494S,42,239,5
2025/04/01 14:25,05F0439S,05F0494S,5,212,2
2025/04/01 14:30,05F0000S,05F0055S,31,251,95
2025/04/01 14:30,05F0000S,05F0055S,32,255,33
2025/04/01 14:30,05F0000S,05F0055S,41,249,2
2025/04/01 14:30,05F0000S,05F0055S,42,0,0
2025/04/01 14:30,05F0000S,05F0055S,5,0,0
2025/04/01 14:30,05F0055S,05F0287S,31,1018,86
2025/04/01 14:30,05F0055S,05F0287S,32,1014,46
2025/04/01 14:30,05F0055S,05F0287S,41,1086,2
2025/04/01 14:30,05F0055S,05F0287S,42,1030,1
2025/04/01 14:30,05F0055S,05F0287S,5,0,0
2025/04/01 14:30,05F0287S,05F0309S,31,88,58
2025/04/01 14:30,05F0287S,05F0309S,32,88,36
2025/04/01 14:30,05F0287S,05F0309S,41,97,3
2025/04/01 14:30,05F0287S,05F0309S,42,95,1
2025/04/01 14:30,05F0287S,05F0309S,5,0,0
2025/04/01 14:30,05F0309S,05F0439S,31,482,54
2025/04/01 14:30,05F0309S,05F0439S,32,487,21
2025/04/01 14:30,05F0309S,05F0439S,41,537,1
2025/04/01 14:30,05F0309S,05F0439S,42,499,2
2025/04/01 14:30,05F0309S,05F0439S,5,517,4
2025/04/01 14:30,05F0439S,05F0494S,31,209,24
2025/04/01 14:30,05F0439S,05F0494S,32,209,14
2025/04/01 14:30,05F0439S,05F0494S,41,0,0
2025/04/01 14:30,05F0439S,05F0494S,42,212,1
2025/04/01 14:30,05F0439S,05F0494S,5,258,2
2025/04/01 14:35,05F0000S,05F0055S,31,250,99
2025/04/01 14:35,05F0000S,05F0055S,32,252,20
2025/04/01 14:35,05F0000S,05F0055S,41,255,3
2025/04/01 14:35,05F0000S,05F0055S,42,0,0
2025/04/01 14:35,05F0000S,05F0055S,5,0,0
2025/04/01 14:35,05F0055S,05F0287S,31,1017,94
2025/04/01 14:35,05F0055S,05F0287S,32,1015,38
2025/04/01 14:35,05F0055S,05F0287S,41,1051,3
2025/04/01 14:35,05F0055S,05F0287S,42,0,0
2025/04/01 14:35,05F0055S,05F0287S,5,0,0
2025/04/01 14:35,05F0287S,05F0309S,31,89,64
2025/04/01 14:35,05F0287S,05F0309S,32,87,24
2025/04/01 14:35,05F0287S,05F0309S,41,95,2
2025/04/01 14:35,05F0287S,05F0309S,42,0,0
2025/04/01 14:35,05F0287S,05F0309S,5,0,0
2025/04/01 14:35,05F0309S,05F0439S,31,480,35
2025/04/01 14:35,05F0309S,05F0439S,32,488,16
2025/04/01 14:35,05F0309S,05F0439S,41,533,2
2025/04/01 14:35,05F0309S,05F0439S,42,518,1
2025/04/01 14:35,05F0309S,05F0439S,5,564,2
2025/04/01 14:35,05F0439S,05F0494S,31,202,27
2025/04/01 14:35,05F0439S,05F0494S,32,203,11
2025/04/01 14:35,05F0439S,05F0494S,41,0,0
2025/04/01 14:35,05F0439S,05F0494S,42,0,0
2025/04/01 14:35,05F0439S,05F0494S,5,214,3
2025/04/01 14:40,05F0000S,05F0055S,31,257,98
2025/04/01 14:40,05F0000S,05F0055S,32,259,30
2025/04/01 14:40,05F0000S,05F0055S,41,265,2
2025/04/01 14:40,05F0000S,05F0055S,42,0,0
2025/04/01 14:40,05F0000S,05F0055S,5,0,0
2025/04/01 14:40,05F0055S,05F0287S,31,1003,108
2025/04/01 14:40,05F0055S,05F0287S,32,1005,37
2025/04/01 14:40,05F0055S,05F0287S,41,1029,6
2025/04/01 14:40,05F0055S,05F0287S,42,0,0
2025/04/01 14:40,05F0055S,05F0287S,5,0,0
2025/04/01 14:40,05F0287S,05F0309S,31,89,71
2025/04/01 14:40,05F0287S,05F0309S,32,90,26
2025/04/01 14:40,05F0287S,05F0309S,41,91,4
2025/04/01 14:40,05F0287S,05F0309S,42,0,0
2025/04/01 14:40,05F0287S,05F0309S,5,0,0
2025/04/01 14:40,05F0309S,05F0439S,31,485,38
2025/04/01 14:40,05F0309S,05F0439S,32,488,27
2025/04/01 14:40,05F0309S,05F0439S,41,536,1
2025/04/01 14:40,05F0309S,05F0439S,42,508,2
2025/04/01 14:40,05F0309S,05F0439S,5,503,5
2025/04/01 14:40,05F0439S,05F0494S,31,203,18
2025/04/01 14:40,05F0439S,05F0494S,32,225,13
2025/04/01 14:40,05F0439S,05F0494S,41,0,0
2025/04/01 14:40,05F0439S,05F0494S,42,215,1
2025/04/01 14:40,05F0439S,05F0494S,5,226,2
2025/04/01 14:45,05F0000S,05F0055S,31,256,89
2025/04/01 14:45,05F0000S,05F0055S,32,256,31
2025/04/01 14:45,05F0000S,05F0055S,41,259,5
2025/04/01 14:45,05F0000S,05F0055S,42,0,0
2025/04/01 14:45,05F0000S,05F0055S,5,0,0
2025/04/01 14:45,05F0055S,05F0287S,31,997,77
2025/04/01 14:45,05F0055S,05F0287S,32,1003,27
2025/04/01 14:45,05F0055S,05F0287S,41,1062,2
2025/04/01 14:45,05F0055S,05F0287S,42,0,0
2025/04/01 14:45,05F0055S,05F0287S,5,0,0
2025/04/01 14:45,05F0287S,05F0309S,31,85,64
2025/04/01 14:45,05F0287S,05F0309S,32,91,24
2025/04/01 14:45,05F0287S,05F0309S,41,91,2
2025/04/01 14:45,05F0287S,05F0309S,42,0,0
2025/04/01 14:45,05F0287S,05F0309S,5,0,0
2025/04/01 14:45,05F0309S,05F0439S,31,483,39
2025/04/01 14:45,05F0309S,05F0439S,32,476,18
2025/04/01 14:45,05F0309S,05F0439S,41,527,1
2025/04/01 14:45,05F0309S,05F0439S,42,553,4
2025/04/01 14:45,05F0309S,05F0439S,5,507,2
2025/04/01 14:45,05F0439S,05F0494S,31,208,22
2025/04/01 14:45,05F0439S,05F0494S,32,196,7
2025/04/01 14:45,05F0439S,05F0494S,41,0,0
2025/04/01 14:45,05F0439S,05F0494S,42,256,3
2025/04/01 14:45,05F0439S,05F0494S,5,210,5
2025/04/01 14:50,05F0000S,05F0055S,31,244,91
2025/04/01 14:50,05F0000S,05F0055S,32,244,30
2025/04/01 14:50,05F0000S,05F0055S,41,239,2
2025/04/01 14:50,05F0000S,05F0055S,42,0,0
2025/04/01 14:50,05F0000S,05F0055S,5,0,0
2025/04/01 14:50,05F0055S,05F0287S,31,1032,126
2025/04/01 14:50,05F0055S,05F0287S,32,1029,31
2025/04/01 14:50,05F0055S,05F0287S,41,1045,2
2025/04/01 14:50,05F0055S,05F0287S,42,0,0
2025/04/01 14:50,05F0055S,05F0287S,5,0,0
2025/04/01 14:50,05F0287S,05F0309S,31,87,71
2025/04/01 14:50,05F0287S,05F0309S,32,86,16
2025/04/01 14:50,05F0287S,05F0309S,41,93,3
2025/04/01 14:50,05F0287S,05F0309S,42,0,0
2025/04/01 14:50,05F0287S,05F0309S,5,0,0
2025/04/01 14:50,05F0309S,05F0439S,31,478,45
2025/04/01 14:50,05F0309S,05F0439S,32,498,18
2025/04/01 14:50,05F0309S,05F0439S,41,528,4
2025/04/01 14:50,05F0309S,05F0439S,42,558,2
2025/04/01 14:50,05F0309S,05F0439S,5,537,2
2025/04/01 14:50,05F0439S,05F0494S,31,205,14
2025/04/01 14:50,05F0439S,05F0494S,32,215,8
2025/04/01 14:50,05F0439S,05F0494S,41,0,0
2025/04/01 14:50,05F0439S,05F0494S,42,255,1
2025/04/01 14:50,05F0439S,05F0494S,5,207,2
2025/04/01 14:55,05F0000S,05F0055S,31,252,89
2025/04/01 14:55,05F0000S,05F0055S,32,255,28
2025/04/01 14:55,05F0000S,05F0055S,41,250,4
2025/04/01 14:55,05F0000S,05F0055S,42,0,0
2025/04/01 14:55,05F0000S,05F0055S,5,0,0
2025/04/01 14:55,05F0055S,05F0287S,31,996,86
2025/04/01 14:55,05F0055S,05F0287S,32,1006,19
2025/04/01 14:55,05F0055S,05F0287S,41,1157,1
2025/04/01 14:55,05F0055S,05F0287S,42,0,0
2025/04/01 14:55,05F0055S,05F0287S,5,0,0
2025/04/01 14:55,05F0287S,05F0309S,31,85,67
2025/04/01 14:55,05F0287S,05F0309S,32,87,20
2025/04/01 14:55,05F0287S,05F0309S,41,490,2
2025/04/01 14:55,05F0287S,05F0309S,42,0,0
2025/04/01 14:55,05F0287S,05F0309S,5,0,0
2025/04/01 14:55,05F0309S,05F0439S,31,481,39
2025/04/01 14:55,05F0309S,05F0439S,32,490,17
2025/04/01 14:55,05F0309S,05F0439S,41,507,1
2025/04/01 14:55,05F0309S,05F0439S,42,560,1
2025/04/01 14:55,05F0309S,05F0439S,5,513,3
2025/04/01 14:55,05F0439S,05F0494S,31,207,14
2025/04/01 14:55,05F0439S,05F0494S,32,218,10
2025/04/01 14:55,05F0439S,05F0494S,41,0,0
2025/04/01 14:55,05F0439S,05F0494S,42,212,1
2025/04/01 14:55,05F0439S,05F0494S,5,220,2
2025/04/01 15:00,05F0000S,05F0055S,31,256,101
2025/04/01 15:00,05F0000S,05F0055S,32,253,30
2025/04/01 15:00,05F0000S,05F0055S,41,253,4
2025/04/01 15:00,05F0000S,05F0055S,42,0,0
2025/04/01 15:00,05F0000S,05F0055S,5,0,0
2025/04/01 15:00,05F0055S,05F0287S,31,1038,113
2025/04/01 15:00,05F0055S,05F0287S,32,1041,32
2025/04/01 15:00,05F0055S,05F0287S,41,1029,5
2025/04/01 15:00,05F0055S,05F0287S,42,0,0
2025/04/01 15:00,05F0055S,05F0287S,5,0,0
2025/04/01 15:00,05F0287S,05F0309S,31,87,58
2025/04/01 15:00,05F0287S,05F0309S,32,90,21
2025/04/01 15:00,05F0287S,05F0309S,41,92,4
2025/04/01 15:00,05F0287S,05F0309S,42,0,0
2025/04/01 15:00,05F0287S,05F0309S,5,0,0
2025/04/01 15:00,05F0309S,05F0439S,31,464,60
2025/04/01 15:00,05F0309S,05F0439S,32,462,11
2025/04/01 15:00,05F0309S,05F0439S,41,530,1
2025/04/01 15:00,05F0309S,05F0439S,42,0,0
2025/04/01 15:00,05F0309S,05F0439S,5,507,2
2025/04/01 15:00,05F0439S,05F0494S,31,201,16
2025/04/01 15:00,05F0439S,05F0494S,32,203,12
2025/04/01 15:00,05F0439S,05F0494S,41,228,2
2025/04/01 15:00,05F0439S,05F0494S,42,0,0
2025/04/01 15:00,05F0439S,05F0494S,5,220,1
2025/04/01 15:05,05F0000S,05F0055S,31,254,79
2025/04/01 15:05,05F0000S,05F0055S,32,252,44
2025/04/01 15:05,05F0000S,05F0055S,41,265,1
2025/04/01 15:05,05F0000S,05F0055S,42,0,0
2025/04/01 15:05,05F0000S,05F0055S,5,0,0
2025/04/01 15:05,05F0055S,05F0287S,31,1012,100
2025/04/01 15:05,05F0055S,05F0287S,32,1017,33
2025/04/01 15:05,05F0055S,05F0287S,41,1062,4
2025/04/01 15:05,05F0055S,05F0287S,42,0,0
2025/04/01 15:05,05F0055S,05F0287S,5,0,0
2025/04/01 15:05,05F0287S,05F0309S,31,86,61
2025/04/01 15:05,05F0287S,05F0309S,32,87,24
2025/04/01 15:05,05F0287S,05F0309S,41,92,1
2025/04/01 15:05,05F0287S,05F0309S,42,0,0
2025/04/01 15:05,05F0287S,05F0309S,5,0,0
2025/04/01 15:05,05F0309S,05F0439S,31,482,24
2025/04/01 15:05,05F0309S,05F0439S,32,458,9
2025/04/01 15:05,05F0309S,05F0439S,41,1116,2
2025/04/01 15:05,05F0309S,05F0439S,42,477,1
2025/04/01 15:05,05F0309S,05F0439S,5,541,3
2025/04/01 15:05,05F0439S,05F0494S,31,201,25
2025/04/01 15:05,05F0439S,05F0494S,32,200,6
2025/04/01 15:05,05F0439S,05F0494S,41,0,0
2025/04/01 15:05,05F0439S,05F0494S,42,244,2
2025/04/01 15:05,05F0439S,05F0494S,5,214,3
2025/04/01 15:10,05F0000S,05F0055S,31,252,99
2025/04/01 15:10,05F0000S,05F0055S,32,252,29
2025/04/01 15:10,05F0000S,05F0055S,41,264,6
2025/04/01 15:10,05F0000S,05F0055S,42,0,0
2025/04/01 15:10,05F0000S,05F0055S,5,0,0
2025/04/01 15:10,05F0055S,05F0287S,31,1013,97
2025/04/01 15:10,05F0055S,05F0287S,32,1025,34
2025/04/01 15:10,05F0055S,05F0287S,41,1022,4
2025/04/01 15:10,05F0055S,05F0287S,42,0,0
2025/04/01 15:10,05F0055S,05F0287S,5,0,0
2025/04/01 15:10,05F0287S,05F0309S,31,89,68
2025/04/01 15:10,05F0287S,05F0309S,32,92,27
2025/04/01 15:10,05F0287S,05F0309S,41,98,3
2025/04/01 15:10,05F0287S,05F0309S,42,0,0
2025/04/01 15:10,05F0287S,05F0309S,5,0,0
2025/04/01 15:10,05F0309S,05F0439S,31,485,46
2025/04/01 15:10,05F0309S,05F0439S,32,490,16
2025/04/01 15:10,05F0309S,05F0439S,41,505,2
2025/04/01 15:10,05F0309S,05F0439S,42,0,0
2025/04/01 15:10,05F0309S,05F0439S,5,503,9
2025/04/01 15:10,05F0439S,05F0494S,31,198,13
2025/04/01 15:10,05F0439S,05F0494S,32,198,6
2025/04/01 15:10,05F0439S,05F0494S,41,0,0
2025/04/01 15:10,05F0439S,05F0494S,42,0,0
2025/04/01 15:10,05F0439S,05F0494S,5,212,2
2025/04/01 15:15,05F0000S,05F0055S,31,250,94
2025/04/01 15:15,05F0000S,05F0055S,32,253,40
2025/04/01 15:15,05F0000S,05F0055S,41,270,2
2025/04/01 15:15,05F0000S,05F0055S,42,0,0
2025/04/01 15:15,05F0000S,05F0055S,5,0,0
2025/04/01 15:15,05F0055S,05F0287S,31,1068,96
2025/04/01 15:15,05F0055S,05F0287S,32,1065,34
2025/04/01 15:15,05F0055S,05F0287S,41,1117,2
2025/04/01 15:15,05F0055S,05F0287S,42,0,0
2025/04/01 15:15,05F0055S,05F0287S,5,0,0
2025/04/01 15:15,05F0287S,05F0309S,31,90,63
2025/04/01 15:15,05F0287S,05F0309S,32,89,28
2025/04/01 15:15,05F0287S,05F0309S,41,0,0
2025/04/01 15:15,05F0287S,05F0309S,42,858,1
2025/04/01 15:15,05F0287S,05F0309S,5,0,0
2025/04/01 15:15,05F0309S,05F0439S,31,493,41
2025/04/01 15:15,05F0309S,05F0439S,32,505,15
2025/04/01 15:15,05F0309S,05F0439S,41,521,7
2025/04/01 15:15,05F0309S,05F0439S,42,583,1
2025/04/01 15:15,05F0309S,05F0439S,5,530,2
2025/04/01 15:15,05F0439S,05F0494S,31,206,16
2025/04/01 15:15,05F0439S,05F0494S,32,201,12
2025/04/01 15:15,05F0439S,05F0494S,41,0,0
2025/04/01 15:15,05F0439S,05F0494S,42,0,0
2025/04/01 15:15,05F0439S,05F0494S,5,211,5
2025/04/01 15:20,05F0000S,05F0055S,31,248,93
2025/04/01 15:20,05F0000S,05F0055S,32,250,29
2025/04/01 15:20,05F0000S,05F0055S,41,249,7
2025/04/01 15:20,05F0000S,05F0055S,42,0,0
2025/04/01 15:20,05F0000S,05F0055S,5,0,0
2025/04/01 15:20,05F0055S,05F0287S,31,1033,106
2025/04/01 15:20,05F0055S,05F0287S,32,1019,38
2025/04/01 15:20,05F0055S,05F0287S,41,1065,3
2025/04/01 15:20,05F0055S,05F0287S,42,0,0
2025/04/01 15:20,05F0055S,05F0287S,5,0,0
2025/04/01 15:20,05F0287S,05F0309S,31,87,89
2025/04/01 15:20,05F0287S,05F0309S,32,87,31
2025/04/01 15:20,05F0287S,05F0309S,41,92,6
2025/04/01 15:20,05F0287S,05F0309S,42,0,0
2025/04/01 15:20,05F0287S,05F0309S,5,0,0
2025/04/01 15:20,05F0309S,05F0439S,31,487,52
2025/04/01 15:20,05F0309S,05F0439S,32,498,18
2025/04/01 15:20,05F0309S,05F0439S,41,0,0
2025/04/01 15:20,05F0309S,05F0439S,42,504,2
2025/04/01 15:20,05F0309S,05F0439S,5,474,4
2025/04/01 15:20,05F0439S,05F0494S,31,205,27
2025/04/01 15:20,05F0439S,05F0494S,32,211,9
2025/04/01 15:20,05F0439S,05F0494S,41,0,0
2025/04/01 15:20,05F0439S,05F0494S,42,226,2
2025/04/01 15:20,05F0439S,05F0494S,5,220,4
2025/04/01 15:25,05F0000S,05F0055S,31,247,98
2025/04/01 15:25,05F0000S,05F0055S,32,249,34
2025/04/01 15:25,05F0000S,05F0055S,41,241,5
2025/04/01 15:25,05F0000S,05F0055S,42,0,0
2025/04/01 15:25,05F0000S,05F0055S,5,0,0
2025/04/01 15:25,05F0055S,05F0287S,31,1015,94
2025/04/01 15:25,05F0055S,05F0287S,32,1021,41
2025/04/01 15:25,05F0055S,05F0287S,41,1046,7
2025/04/01 15:25,05F0055S,05F0287S,42,0,0
2025/04/01 15:25,05F0055S,05F0287S,5,0,0
2025/04/01 15:25,05F0287S,05F0309S,31,86,60
2025/04/01 15:25,05F0287S,05F0309S,32,91,32
2025/04/01 15:25,05F0287S,05F0309S,41,0,0
2025/04/01 15:25,05F0287S,05F0309S,42,0,0
2025/04/01 15:25,05F0287S,05F0309S,5,0,0
2025/04/01 15:25,05F0309S,05F0439S,31,478,47
2025/04/01 15:25,05F0309S,05F0439S,32,481,15
2025/04/01 15:25,05F0309S,05F0439S,41,562,3
2025/04/01 15:25,05F0309S,05F0439S,42,0,0
2025/04/01 15:25,05F0309S,05F0439S,5,482,4
2025/04/01 15:25,05F0439S,05F0494S,31,201,21
2025/04/01 15:25,05F0439S,05F0494S,32,201,7
2025/04/01 15:25,05F0439S,05F0494S,41,0,0
2025/04/01 15:25,05F0439S,05F0494S,42,0,0
2025/04/01 15:25,05F0439S,05F0494S,5,203,3
2025/04/01 15:30,05F0000S,05F0055S,31,245,71
2025/04/01 15:30,05F0000S,05F0055S,32,244,38
2025/04/01 15:30,05F0000S,05F0055S,41,247,4
2025/04/01 15:30,05F0000S,05F0055S,42,0,0
2025/04/01 15:30,05F0000S,05F0055S,5,0,0
2025/04/01 15:30,05F0055S,05F0287S,31,1015,99
2025/04/01 15:30,05F0055S,05F0287S,32,1007,32
2025/04/01 15:30,05F0055S,05F0287S,41,1070,2
2025/04/01 15:30,05F0055S,05F0287S,42,0,0
2025/04/01 15:30,05F0055S,05F0287S,5,0,0
2025/04/01 15:30,05F0287S,05F0309S,31,85,68
2025/04/01 15:30,05F0287S,05F0309S,32,90,32
2025/04/01 15:30,05F0287S,05F0309S,41,91,4
2025/04/01 15:30,05F0287S,05F0309S,42,0,0
2025/04/01 15:30,05F0287S,05F0309S,5,0,0
2025/04/01 15:30,05F0309S,05F0439S,31,479,49
2025/04/01 15:30,05F0309S,05F0439S,32,489,15
2025/04/01 15:30,05F0309S,05F0439S,41,522,1
2025/04/01 15:30,05F0309S,05F0439S,42,524,1
2025/04/01 15:30,05F0309S,05F0439S,5,504,3
2025/04/01 15:30,05F0439S,05F0494S,31,207,24
2025/04/01 15:30,05F0439S,05F0494S,32,213,7
2025/04/01 15:30,05F0439S,05F0494S,41,0,0
2025/04/01 15:30,05F0439S,05F0494S,42,0,0
2025/04/01 15:30,05F0439S,05F0494S,5,202,1
2025/04/01 15:35,05F0000S,05F0055S,31,250,94
2025/04/01 15:35,05F0000S,05F0055S,32,251,36
2025/04/01 15:35,05F0000S,05F0055S,41,247,1
2025/04/01 15:35,05F0000S,05F0055S,42,0,0
2025/04/01 15:35,05F0000S,05F0055S,5,0,0
2025/04/01 15:35,05F0055S,05F0287S,31,1026,95
2025/04/01 15:35,05F0055S,05F0287S,32,1023,32
2025/04/01 15:35,05F0055S,05F0287S,41,1019,2
2025/04/01 15:35,05F0055S,05F0287S,42,0,0
2025/04/01 15:35,05F0055S,05F0287S,5,0,0
2025/04/01 15:35,05F0287S,05F0309S,31,86,62
2025/04/01 15:35,05F0287S,05F0309S,32,87,20
2025/04/01 15:35,05F0287S,05F0309S,41,92,3
2025/04/01 15:35,05F0287S,05F0309S,42,0,0
2025/04/01 15:35,05F0287S,05F0309S,5,0,0
2025/04/01 15:35,05F0309S,05F0439S,31,481,49
2025/04/01 15:35,05F0309S,05F0439S,32,501,31
2025/04/01 15:35,05F0309S,05F0439S,41,528,3
2025/04/01 15:35,05F0309S,05F0439S,42,1352,2
2025/04/01 15:35,05F0309S,05F0439S,5,520,2
2025/04/01 15:35,05F0439S,05F0494S,31,196,31
2025/04/01 15:35,05F0439S,05F0494S,32,208,13
2025/04/01 15:35,05F0439S,05F0494S,41,0,0
2025/04/01 15:35,05F0439S,05F0494S,42,214,2
2025/04/01 15:35,05F0439S,05F0494S,5,224,1
2025/04/01 15:40,05F0000S,05F0055S,31,257,82
2025/04/01 15:40,05F0000S,05F0055S,32,251,39
2025/04/01 15:40,05F0000S,05F0055S,41,237,3
2025/04/01 15:40,05F0000S,05F0055S,42,0,0
2025/04/01 15:40,05F0000S,05F0055S,5,0,0
2025/04/01 15:40,05F0055S,05F0287S,31,1031,118
2025/04/01 15:40,05F0055S,05F0287S,32,1036,45
2025/04/01 15:40,05F0055S,05F0287S,41,1078,7
2025/04/01 15:40,05F0055S,05F0287S,42,0,0
2025/04/01 15:40,05F0055S,05F0287S,5,0,0
2025/04/01 15:40,05F0287S,05F0309S,31,87,71
2025/04/01 15:40,05F0287S,05F0309S,32,88,32
2025/04/01 15:40,05F0287S,05F0309S,41,91,6
2025/04/01 15:40,05F0287S,05F0309S,42,0,0
2025/04/01 15:40,05F0287S,05F0309S,5,0,0
2025/04/01 15:40,05F0309S,05F0439S,31,475,48
2025/04/01 15:40,05F0309S,05F0439S,32,488,19
2025/04/01 15:40,05F0309S,05F0439S,41,0,0
2025/04/01 15:40,05F0309S,05F0439S,42,0,0
2025/04/01 15:40,05F0309S,05F0439S,5,548,2
2025/04/01 15:40,05F0439S,05F0494S,31,208,20
2025/04/01 15:40,05F0439S,05F0494S,32,208,6
2025/04/01 15:40,05F0439S,05F0494S,41,221,1
2025/04/01 15:40,05F0439S,05F0494S,42,0,0
2025/04/01 15:40,05F0439S,05F0494S,5,0,0
2025/04/01 15:45,05F0000S,05F0055S,31,244,75
2025/04/01 15:45,05F0000S,05F0055S,32,244,21
2025/04/01 15:45,05F0000S,05F0055S,41,254,6
2025/04/01 15:45,05F0000S,05F0055S,42,0,0
2025/04/01 15:45,05F0000S,05F0055S,5,0,0
2025/04/01 15:45,05F0055S,05F0287S,31,981,86
2025/04/01 15:45,05F0055S,05F0287S,32,994,34
2025/04/01 15:45,05F0055S,05F0287S,41,1036,7
2025/04/01 15:45,05F0055S,05F0287S,42,0,0
2025/04/01 15:45,05F0055S,05F0287S,5,0,0
2025/04/01 15:45,05F0287S,05F0309S,31,86,63
2025/04/01 15:45,05F0287S,05F0309S,32,88,25
2025/04/01 15:45,05F0287S,05F0309S,41,91,4
2025/04/01 15:45,05F0287S,05F0309S,42,0,0
2025/04/01 15:45,05F0287S,05F0309S,5,0,0
2025/04/01 15:45,05F0309S,05F0439S,31,477,52
2025/04/01 15:45,05F0309S,05F0439S,32,478,11
2025/04/01 15:45,05F0309S,05F0439S,41,525,1
2025/04/01 15:45,05F0309S,05F0439S,42,3506,1
2025/04/01 15:45,05F0309S,05F0439S,5,486,2
2025/04/01 15:45,05F0439S,05F0494S,31,205,21
2025/04/01 15:45,05F0439S,05F0494S,32,204,10
2025/04/01 15:45,05F0439S,05F0494S,41,0,0
2025/04/01 15:45,05F0439S,05F0494S,42,0,0
2025/04/01 15:45,05F0439S,05F0494S,5,249,1
2025/04/01 15:50,05F0000S,05F0055S,31,250,95
2025/04/01 15:50,05F0000S,05F0055S,32,253,26
2025/04/01 15:50,05F0000S,05F0055S,41,258,5
2025/04/01 15:50,05F0000S,05F0055S,42,0,0
2025/04/01 15:50,05F0000S,05F0055S,5,0,0
2025/04/01 15:50,05F0055S,05F0287S,31,993,75
2025/04/01 15:50,05F0055S,05F0287S,32,994,38
2025/04/01 15:50,05F0055S,05F0287S,41,999,1
2025/04/01 15:50,05F0055S,05F0287S,42,0,0
2025/04/01 15:50,05F0055S,05F0287S,5,0,0
2025/04/01 15:50,05F0287S,05F0309S,31,86,55
2025/04/01 15:50,05F0287S,05F0309S,32,88,29
2025/04/01 15:50,05F0287S,05F0309S,41,91,2
2025/04/01 15:50,05F0287S,05F0309S,42,0,0
2025/04/01 15:50,05F0287S,05F0309S,5,0,0
2025/04/01 15:50,05F0309S,05F0439S,31,469,49
2025/04/01 15:50,05F0309S,05F0439S,32,482,25
2025/04/01 15:50,05F0309S,05F0439S,41,514,6
2025/04/01 15:50,05F0309S,05F0439S,42,501,1
2025/04/01 15:50,05F0309S,05F0439S,5,512,3
2025/04/01 15:50,05F0439S,05F0494S,31,194,16
2025/04/01 15:50,05F0439S,05F0494S,32,207,11
2025/04/01 15:50,05F0439S,05F0494S,41,0,0
2025/04/01 15:50,05F0439S,05F0494S,42,0,0
2025/04/01 15:50,05F0439S,05F0494S,5,178,1
2025/04/01 15:55,05F0000S,05F0055S,31,247,106
2025/04/01 15:55,05F0000S,05F0055S,32,249,33
2025/04/01 15:55,05F0000S,05F0055S,41,256,3
2025/04/01 15:55,05F0000S,05F0055S,42,0,0
2025/04/01 15:55,05F0000S,05F0055S,5,0,0
2025/04/01 15:55,05F0055S,05F0287S,31,1011,103
2025/04/01 15:55,05F0055S,05F0287S,32,1019,36
2025/04/01 15:55,05F0055S,05F0287S,41,1039,2
2025/04/01 15:55,05F0055S,05F0287S,42,0,0
2025/04/01 15:55,05F0055S,05F0287S,5,0,0
2025/04/01 15:55,05F0287S,05F0309S,31,86,74
2025/04/01 15:55,05F0287S,05F0309S,32,88,24
2025/04/01 15:55,05F0287S,05F0309S,41,512,1
2025/04/01 15:55,05F0287S,05F0309S,42,93,1
2025/04/01 15:55,05F0287S,05F0309S,5,0,0
2025/04/01 15:55,05F0309S,05F0439S,31,473,37
2025/04/01 15:55,05F0309S,05F0439S,32,476,15
2025/04/01 15:55,05F0309S,05F0439S,41,522,2
2025/04/01 15:55,05F0309S,05F0439S,42,0,0
2025/04/01 15:55,05F0309S,05F0439S,5,493,6
2025/04/01 15:55,05F0439S,05F0494S,31,201,20
2025/04/01 15:55,05F0439S,05F0494S,32,202,13
2025/04/01 15:55,05F0439S,05F0494S,41,222,2
2025/04/01 15:55,05F0439S,05F0494S,42,0,0
2025/04/01 15:55,05F0439S,05F0494S,5,224,5
2025/04/01 16:00,05F0000S,05F0055S,31,247,82
2025/04/01 16:00,05F0000S,05F0055S,32,250,23
2025/04/01 16:00,05F0000S,05F0055S,41,259,3
2025/04/01 16:00,05F0000S,05F0055S,42,0,0
2025/04/01 16:00,05F0000S,05F0055S,5,0,0
2025/04/01 16:00,05F0055S,05F0287S,31,997,93
2025/04/01 16:00,05F0055S,05F0287S,32,1005,34
2025/04/01 16:00,05F0055S,05F0287S,41,1022,4
2025/04/01 16:00,05F0055S,05F0287S,42,0,0
2025/04/01 16:00,05F0055S,05F0287S,5,0,0
2025/04/01 16:00,05F0287S,05F0309S,31,87,71
2025/04/01 16:00,05F0287S,05F0309S,32,88,28
2025/04/01 16:00,05F0287S,05F0309S,41,93,4
2025/04/01 16:00,05F0287S,05F0309S,42,0,0
2025/04/01 16:00,05F0287S,05F0309S,5,0,0
2025/04/01 16:00,05F0309S,05F0439S,31,468,40
2025/04/01 16:00,05F0309S,05F0439S,32,488,12
2025/04/01 16:00,05F0309S,05F0439S,41,0,0
2025/04/01 16:00,05F0309S,05F0439S,42,0,0
2025/04/01 16:00,05F0309S,05F0439S,5,492,1
2025/04/01 16:00,05F0439S,05F0494S,31,207,14
2025/04/01 16:00,05F0439S,05F0494S,32,210,3
2025/04/01 16:00,05F0439S,05F0494S,41,0,0
2025/04/01 16:00,05F0439S,05F0494S,42,0,0
2025/04/01 16:00,05F0439S,05F0494S,5,219,4
2025/04/01 16:05,05F0000S,05F0055S,31,249,77
2025/04/01 16:05,05F0000S,05F0055S,32,247,18
2025/04/01 16:05,05F0000S,05F0055S,41,253,3
2025/04/01 16:05,05F0000S,05F0055S,42,0,0
2025/04/01 16:05,05F0000S,05F0055S,5,0,0
2025/04/01 16:05,05F0055S,05F0287S,31,1004,93
2025/04/01 16:05,05F0055S,05F0287S,32,1008,30
2025/04/01 16:05,05F0055S,05F0287S,41,1019,7
2025/04/01 16:05,05F0055S,05F0287S,42,0,0
2025/04/01 16:05,05F0055S,05F0287S,5,0,0
2025/04/01 16:05,05F0287S,05F0309S,31,88,60
2025/04/01 16:05,05F0287S,05F0309S,32,90,23
2025/04/01 16:05,05F0287S,05F0309S,41,95,5
2025/04/01 16:05,05F0287S,05F0309S,42,0,0
2025/04/01 16:05,05F0287S,05F0309S,5,0,0
2025/04/01 16:05,05F0309S,05F0439S,31,483,43
2025/04/01 16:05,05F0309S,05F0439S,32,507,12
2025/04/01 16:05,05F0309S,05F0439S,41,523,1
2025/04/01 16:05,05F0309S,05F0439S,42,0,0
2025/04/01 16:05,05F0309S,05F0439S,5,559,4
2025/04/01 16:05,05F0439S,05F0494S,31,199,23
2025/04/01 16:05,05F0439S,05F0494S,32,214,6
2025/04/01 16:05,05F0439S,05F0494S,41,0,0
2025/04/01 16:05,05F0439S,05F0494S,42,0,0
2025/04/01 16:05,05F0439S,05F0494S,5,206,5
2025/04/01 16:10,05F0000S,05F0055S,31,247,101
2025/04/01 16:10,05F0000S,05F0055S,32,249,35
2025/04/01 16:10,05F0000S,05F0055S,41,254,4
2025/04/01 16:10,05F0000S,05F0055S,42,0,0
2025/04/01 16:10,05F0000S,05F0055S,5,0,0
2025/04/01 16:10,05F0055S,05F0287S,31,1010,109
2025/04/01 16:10,05F0055S,05F0287S,32,1014,35
2025/04/01 16:10,05F0055S,05F0287S,41,1044,4
2025/04/01 16:10,05F0055S,05F0287S,42,0,0
2025/04/01 16:10,05F0055S,05F0287S,5,0,0
2025/04/01 16:10,05F0287S,05F0309S,31,87,80
2025/04/01 16:10,05F0287S,05F0309S,32,88,16
2025/04/01 16:10,05F0287S,05F0309S,41,95,2
2025/04/01 16:10,05F0287S,05F0309S,42,0,0
2025/04/01 16:10,05F0287S,05F0309S,5,0,0
2025/04/01 16:10,05F0309S,05F0439S,31,470,36
2025/04/01 16:10,05F0309S,05F0439S,32,475,18
2025/04/01 16:10,05F0309S,05F0439S,41,520,2
2025/04/01 16:10,05F0309S,05F0439S,42,517,4
2025/04/01 16:10,05F0309S,05F0439S,5,537,5
2025/04/01 16:10,05F0439S,05F0494S,31,208,22
2025/04/01 16:10,05F0439S,05F0494S,32,194,7
2025/04/01 16:10,05F0439S,05F0494S,41,0,0
2025/04/01 16:10,05F0439S,05F0494S,42,212,2
2025/04/01 16:10,05F0439S,05F0494S,5,237,4
2025/04/01 16:15,05F0000S,05F0055S,31,247,77
2025/04/01 16:15,05F0000S,05F0055S,32,248,41
2025/04/01 16:15,05F0000S,05F0055S,41,264,1
2025/04/01 16:15,05F0000S,05F0055S,42,0,0
2025/04/01 16:15,05F0000S,05F0055S,5,0,0
2025/04/01 16:15,05F0055S,05F0287S,31,1007,99
2025/04/01 16:15,05F0055S,05F0287S,32,1009,28
2025/04/01 16:15,05F0055S,05F0287S,41,0,0
2025/04/01 16:15,05F0055S,05F0287S,42,0,0
2025/04/01 16:15,05F0055S,05F0287S,5,0,0
2025/04/01 16:15,05F0287S,05F0309S,31,87,78
2025/04/01 16:15,05F0287S,05F0309S,32,89,35
2025/04/01 16:15,05F0287S,05F0309S,41,1480,2
2025/04/01 16:15,05F0287S,05F0309S,42,0,0
2025/04/01 16:15,05F0287S,05F0309S,5,0,0
2025/04/01 16:15,05F0309S,05F0439S,31,479,41
2025/04/01 16:15,05F0309S,05F0439S,32,498,13
2025/04/01 16:15,05F0309S,05F0439S,41,528,4
2025/04/01 16:15,05F0309S,05F0439S,42,0,0
2025/04/01 16:15,05F0309S,05F0439S,5,522,2
2025/04/01 16:15,05F0439S,05F0494S,31,203,16
2025/04/01 16:15,05F0439S,05F0494S,32,207,7
2025/04/01 16:15,05F0439S,05F0494S,41,230,1
2025/04/01 16:15,05F0439S,05F0494S,42,219,1
2025/04/01 16:15,05F0439S,05F0494S,5,235,2
2025/04/01 16:20,05F0000S,05F0055S,31,250,82
2025/04/01 16:20,05F0000S,05F0055S,32,249,40
2025/04/01 16:20,05F0000S,05F0055S,41,251,5
2025/04/01 16:20,05F0000S,05F0055S,42,0,0
2025/04/01 16:20,05F0000S,05F0055S,5,0,0
2025/04/01 16:20,05F0055S,05F0287S,31,1002,64
2025/04/01 16:20,05F0055S,05F0287S,32,993,26
2025/04/01 16:20,05F0055S,05F0287S,41,1078,6
2025/04/01 16:20,05F0055S,05F0287S,42,0,0
2025/04/01 16:20,05F0055S,05F0287S,5,0,0
2025/04/01 16:20,05F0287S,05F0309S,31,86,54
2025/04/01 16:20,05F0287S,05F0309S,32,87,20
2025/04/01 16:20,05F0287S,05F0309S,41,100,5
2025/04/01 16:20,05F0287S,05F0309S,42,0,0
2025/04/01 16:20,05F0287S,05F0309S,5,0,0
2025/04/01 16:20,05F0309S,05F0439S,31,471,50
2025/04/01 16:20,05F0309S,05F0439S,32,483,18
2025/04/01 16:20,05F0309S,05F0439S,41,538,3
2025/04/01 16:20,05F0309S,05F0439S,42,0,0
2025/04/01 16:20,05F0309S,05F0439S,5,505,7
2025/04/01 16:20,05F0439S,05F0494S,31,191,16
2025/04/01 16:20,05F0439S,05F0494S,32,223,4
2025/04/01 16:20,05F0439S,05F0494S,41,263,1
2025/04/01 16:20,05F0439S,05F0494S,42,0,0
2025/04/01 16:20,05F0439S,05F0494S,5,227,3
2025/04/01 16:25,05F0000S,05F0055S,31,245,97
2025/04/01 16:25,05F0000S,05F0055S,32,246,29
2025/04/01 16:25,05F0000S,05F0055S,41,256,4
2025/04/01 16:25,05F0000S,05F0055S,42,0,0
2025/04/01 16:25,05F0000S,05F0055S,5,0,0
2025/04/01 16:25,05F0055S,05F0287S,31,1005,108
2025/04/01 16:25,05F0055S,05F0287S,32,1005,26
2025/04/01 16:25,05F0055S,05F0287S,41,1051,3
2025/04/01 16:25,05F0055S,05F0287S,42,0,0
2025/04/01 16:25,05F0055S,05F0287S,5,0,0
2025/04/01 16:25,05F0287S,05F0309S,31,87,69
2025/04/01 16:25,05F0287S,05F0309S,32,87,20
2025/04/01 16:25,05F0287S,05F0309S,41,98,2
2025/04/01 16:25,05F0287S,05F0309S,42,0,0
2025/04/01 16:25,05F0287S,05F0309S,5,0,0
2025/04/01 16:25,05F0309S,05F0439S,31,465,39
2025/04/01 16:25,05F0309S,05F0439S,32,488,11
2025/04/01 16:25,05F0309S,05F0439S,41,542,1
2025/04/01 16:25,05F0309S,05F0439S,42,463,2
2025/04/01 16:25,05F0309S,05F0439S,5,496,1
2025/04/01 16:25,05F0439S,05F0494S,31,207,24
2025/04/01 16:25,05F0439S,05F0494S,32,208,11
2025/04/01 16:25,05F0439S,05F0494S,41,228,1
2025/04/01 16:25,05F0439S,05F0494S,42,0,0
2025/04/01 16:25,05F0439S,05F0494S,5,207,4
2025/04/01 16:30,05F0000S,05F0055S,31,248,108
2025/04/01 16:30,05F0000S,05F0055S,32,250,34
2025/04/01 16:30,05F0000S,05F0055S,41,253,1
2025/04/01 16:30,05F0000S,05F0055S,42,0,0
2025/04/01 16:30,05F0000S,05F0055S,5,0,0
2025/04/01 16:30,05F0055S,05F0287S,31,1013,92
2025/04/01 16:30,05F0055S,05F0287S,32,1015,48
2025/04/01 16:30,05F0055S,05F0287S,41,1117,4
2025/04/01 16:30,05F0055S,05F0287S,42,0,0
2025/04/01 16:30,05F0055S,05F0287S,5,0,0
2025/04/01 16:30,05F0287S,05F0309S,31,87,66
2025/04/01 16:30,05F0287S,05F0309S,32,90,34
2025/04/01 16:30,05F0287S,05F0309S,41,97,3
2025/04/01 16:30,05F0287S,05F0309S,42,0,0
2025/04/01 16:30,05F0287S,05F0309S,5,0,0
2025/04/01 16:30,05F0309S,05F0439S,31,484,38
2025/04/01 16:30,05F0309S,05F0439S,32,478,14
2025/04/01 16:30,05F0309S,05F0439S,41,498,2
2025/04/01 16:30,05F0309S,05F0439S,42,529,1
2025/04/01 16:30,05F0309S,05F0439S,5,469,3
2025/04/01 16:30,05F0439S,05F0494S,31,203,16
2025/04/01 16:30,05F0439S,05F0494S,32,195,9
2025/04/01 16:30,05F0439S,05F0494S,41,229,1
2025/04/01 16:30,05F0439S,05F0494S,42,169,1
2025/04/01 16:30,05F0439S,05F0494S,5,203,4
2025/04/01 16:35,05F0000S,05F0055S,31,249,99
2025/04/01 16:35,05F0000S,05F0055S,32,245,27
2025/04/01 16:35,05F0000S,05F0055S,41,250,4
2025/04/01 16:35,05F0000S,05F0055S,42,276,4
2025/04/01 16:35,05F0000S,05F0055S,5,0,0
2025/04/01 16:35,05F0055S,05F0287S,31,1001,98
2025/04/01 16:35,05F0055S,05F0287S,32,1007,40
2025/04/01 16:35,05F0055S,05F0287S,41,1030,4
2025/04/01 16:35,05F0055S,05F0287S,42,0,0
2025/04/01 16:35,05F0055S,05F0287S,5,0,0
2025/04/01 16:35,05F0287S,05F0309S,31,90,67
2025/04/01 16:35,05F0287S,05F0309S,32,88,28
2025/04/01 16:35,05F0287S,05F0309S,41,94,3
2025/04/01 16:35,05F0287S,05F0309S,42,0,0
2025/04/01 16:35,05F0287S,05F0309S,5,0,0
2025/04/01 16:35,05F0309S,05F0439S,31,482,39
2025/04/01 16:35,05F0309S,05F0439S,32,496,15
2025/04/01 16:35,05F0309S,05F0439S,41,0,0
2025/04/01 16:35,05F0309S,05F0439S,42,0,0
2025/04/01 16:35,05F0309S,05F0439S,5,543,3
2025/04/01 16:35,05F0439S,05F0494S,31,216,16
2025/04/01 16:35,05F0439S,05F0494S,32,218,6
2025/04/01 16:35,05F0439S,05F0494S,41,0,0
2025/04/01 16:35,05F0439S,05F0494S,42,224,1
2025/04/01 16:35,05F0439S,05F0494S,5,208,4
2025/04/01 16:40,05F0000S,05F0055S,31,245,94
2025/04/01 16:40,05F0000S,05F0055S,32,243,37
2025/04/01 16:40,05F0000S,05F0055S,41,254,4
2025/04/01 16:40,05F0000S,05F0055S,42,0,0
2025/04/01 16:40,05F0000S,05F0055S,5,0,0
2025/04/01 16:40,05F0055S,05F0287S,31,1008,112
2025/04/01 16:40,05F0055S,05F0287S,32,1017,46
2025/04/01 16:40,05F0055S,05F0287S,41,1043,2
2025/04/01 16:40,05F0055S,05F0287S,42,0,0
2025/04/01 16:40,05F0055S,05F0287S,5,0,0
2025/04/01 16:40,05F0287S,05F0309S,31,86,70
2025/04/01 16:40,05F0287S,05F0309S,32,89,28
2025/04/01 16:40,05F0287S,05F0309S,41,87,3
2025/04/01 16:40,05F0287S,05F0309S,42,0,0
2025/04/01 16:40,05F0287S,05F0309S,5,0,0
2025/04/01 16:40,05F0309S,05F0439S,31,485,39
2025/04/01 16:40,05F0309S,05F0439S,32,501,28
2025/04/01 16:40,05F0309S,05F0439S,41,537,1
2025/04/01 16:40,05F0309S,05F0439S,42,520,2
2025/04/01 16:40,05F0309S,05F0439S,5,507,9
2025/04/01 16:40,05F0439S,05F0494S,31,207,23
2025/04/01 16:40,05F0439S,05F0494S,32,200,5
2025/04/01 16:40,05F0439S,05F0494S,41,0,0
2025/04/01 16:40,05F0439S,05F0494S,42,0,0
2025/04/01 16:40,05F0439S,05F0494S,5,222,2
2025/04/01 16:45,05F0000S,05F0055S,31,238,80
2025/04/01 16:45,05F0000S,05F0055S,32,240,37
2025/04/01 16:45,05F0000S,05F0055S,41,245,4
2025/04/01 16:45,05F0000S,05F0055S,42,0,0
2025/04/01 16:45,05F0000S,05F0055S,5,0,0
2025/04/01 16:45,05F0055S,05F0287S,31,998,116
2025/04/01 16:45,05F0055S,05F0287S,32,1003,37
2025/04/01 16:45,05F0055S,05F0287S,41,1023,4
2025/04/01 16:45,05F0055S,05F0287S,42,0,0
2025/04/01 16:45,05F0055S,05F0287S,5,0,0
2025/04/01 16:45,05F0287S,05F0309S,31,86,83
2025/04/01 16:45,05F0287S,05F0309S,32,88,21
2025/04/01 16:45,05F0287S,05F0309S,41,94,3
2025/04/01 16:45,05F0287S,05F0309S,42,0,0
2025/04/01 16:45,05F0287S,05F0309S,5,0,0
2025/04/01 16:45,05F0309S,05F0439S,31,488,57
2025/04/01 16:45,05F0309S,05F0439S,32,489,23
2025/04/01 16:45,05F0309S,05F0439S,41,532,3
2025/04/01 16:45,05F0309S,05F0439S,42,546,2
2025/04/01 16:45,05F0309S,05F0439S,5,518,4
2025/04/01 16:45,05F0439S,05F0494S,31,208,18
2025/04/01 16:45,05F0439S,05F0494S,32,202,7
2025/04/01 16:45,05F0439S,05F0494S,41,0,0
2025/04/01 16:45,05F0439S,05F0494S,42,220,1
2025/04/01 16:45,05F0439S,05F0494S,5,208,8
2025/04/01 16:50,05F0000S,05F0055S,31,240,73
2025/04/01 16:50,05F0000S,05F0055S,32,239,41
2025/04/01 16:50,05F0000S,05F0055S,41,242,3
2025/04/01 16:50,05F0000S,05F0055S,42,0,0
2025/04/01 16:50,05F0000S,05F0055S,5,0,0
2025/04/01 16:50,05F0055S,05F0287S,31,997,113
2025/04/01 16:50,05F0055S,05F0287S,32,1005,22
2025/04/01 16:50,05F0055S,05F0287S,41,1020,2
2025/04/01 16:50,05F0055S,05F0287S,42,1034,4
2025/04/01 16:50,05F0055S,05F0287S,5,0,0
2025/04/01 16:50,05F0287S,05F0309S,31,87,89
2025/04/01 16:50,05F0287S,05F0309S,32,87,24
2025/04/01 16:50,05F0287S,05F0309S,41,91,1
2025/04/01 16:50,05F0287S,05F0309S,42,0,0
2025/04/01 16:50,05F0287S,05F0309S,5,0,0
2025/04/01 16:50,05F0309S,05F0439S,31,466,54
2025/04/01 16:50,05F0309S,05F0439S,32,508,20
2025/04/01 16:50,05F0309S,05F0439S,41,524,2
2025/04/01 16:50,05F0309S,05F0439S,42,486,2
2025/04/01 16:50,05F0309S,05F0439S,5,498,2
2025/04/01 16:50,05F0439S,05F0494S,31,203,24
2025/04/01 16:50,05F0439S,05F0494S,32,199,6
2025/04/01 16:50,05F0439S,05F0494S,41,226,1
2025/04/01 16:50,05F0439S,05F0494S,42,224,1
2025/04/01 16:50,05F0439S,05F0494S,5,213,1
2025/04/01 16:55,05F0000S,05F0055S,31,250,102
2025/04/01 16:55,05F0000S,05F0055S,32,249,31
2025/04/01 16:55,05F0000S,05F0055S,41,255,6
2025/04/01 16:55,05F0000S,05F0055S,42,0,0
2025/04/01 16:55,05F0000S,05F0055S,5,0,0
2025/04/01 16:55,05F0055S,05F0287S,31,1004,98
2025/04/01 16:55,05F0055S,05F0287S,32,1014,37
2025/04/01 16:55,05F0055S,05F0287S,41,1031,3
2025/04/01 16:55,05F0055S,05F0287S,42,0,0
2025/04/01 16:55,05F0055S,05F0287S,5,0,0
2025/04/01 16:55,05F0287S,05F0309S,31,85,67
2025/04/01 16:55,05F0287S,05F0309S,32,84,23
2025/04/01 16:55,05F0287S,05F0309S,41,90,1
2025/04/01 16:55,05F0287S,05F0309S,42,96,4
2025/04/01 16:55,05F0287S,05F0309S,5,0,0
2025/04/01 16:55,05F0309S,05F0439S,31,469,54
2025/04/01 16:55,05F0309S,05F0439S,32,491,15
2025/04/01 16:55,05F0309S,05F0439S,41,512,1
2025/04/01 16:55,05F0309S,05F0439S,42,525,1
2025/04/01 16:55,05F0309S,05F0439S,5,527,4
2025/04/01 16:55,05F0439S,05F0494S,31,202,17
2025/04/01 16:55,05F0439S,05F0494S,32,204,4
2025/04/01 16:55,05F0439S,05F0494S,41,0,0
2025/04/01 16:55,05F0439S,05F0494S,42,210,1
2025/04/01 16:55,05F0439S,05F0494S,5,212,4
2025/04/01 17:00,05F0000S,05F0055S,31,236,79
2025/04/01 17:00,05F0000S,05F0055S,32,240,27
2025/04/01 17:00,05F0000S,05F0055S,41,237,2
2025/04/01 17:00,05F0000S,05F0055S,42,0,0
2025/04/01 17:00,05F0000S,05F0055S,5,0,0
2025/04/01 17:00,05F0055S,05F0287S,31,997,105
2025/04/01 17:00,05F0055S,05F0287S,32,993,48
2025/04/01 17:00,05F0055S,05F0287S,41,1037,3
2025/04/01 17:00,05F0055S,05F0287S,42,0,0
2025/04/01 17:00,05F0055S,05F0287S,5,0,0
2025/04/01 17:00,05F0287S,05F0309S,31,86,86
2025/04/01 17:00,05F0287S,05F0309S,32,86,34
2025/04/01 17:00,05F0287S,05F0309S,41,94,2
2025/04/01 17:00,05F0287S,05F0309S,42,0,0
2025/04/01 17:00,05F0287S,05F0309S,5,0,0
2025/04/01 17:00,05F0309S,05F0439S,31,490,42
2025/04/01 17:00,05F0309S,05F0439S,32,484,15
2025/04/01 17:00,05F0309S,05F0439S,41,525,1
2025/04/01 17:00,05F0309S,05F0439S,42,535,4
2025/04/01 17:00,05F0309S,05F0439S,5,493,3
2025/04/01 17:00,05F0439S,05F0494S,31,209,14
2025/04/01 17:00,05F0439S,05F0494S,32,210,7
2025/04/01 17:00,05F0439S,05F0494S,41,0,0
2025/04/01 17:00,05F0439S,05F0494S,42,0,0
2025/04/01 17:00,05F0439S,05F0494S,5,212,3
2025/04/01 17:05,05F0000S,05F0055S,31,236,83
2025/04/01 17:05,05F0000S,05F0055S,32,243,38
2025/04/01 17:05,05F0000S,05F0055S,41,242,1
2025/04/01 17:05,05F0000S,05F0055S,42,0,0
2025/04/01 17:05,05F0000S,05F0055S,5,0,0
2025/04/01 17:05,05F0055S,05F0287S,31,983,84
2025/04/01 17:05,05F0055S,05F0287S,32,990,43
2025/04/01 17:05,05F0055S,05F0287S,41,1042,5
2025/04/01 17:05,05F0055S,05F0287S,42,0,0
2025/04/01 17:05,05F0055S,05F0287S,5,0,0
2025/04/01 17:05,05F0287S,05F0309S,31,87,49
2025/04/01 17:05,05F0287S,05F0309S,32,86,29
2025/04/01 17:05,05F0287S,05F0309S,41,93,5
2025/04/01 17:05,05F0287S,05F0309S,42,0,0
2025/04/01 17:05,05F0287S,05F0309S,5,0,0
2025/04/01 17:05,05F0309S,05F0439S,31,471,44
2025/04/01 17:05,05F0309S,05F0439S,32,467,20
2025/04/01 17:05,05F0309S,05F0439S,41,0,0
2025/04/01 17:05,05F0309S,05F0439S,42,0,0
2025/04/01 17:05,05F0309S,05F0439S,5,533,5
2025/04/01 17:05,05F0439S,05F0494S,31,207,23
2025/04/01 17:05,05F0439S,05F0494S,32,203,8
2025/04/01 17:05,05F0439S,05F0494S,41,0,0
2025/04/01 17:05,05F0439S,05F0494S,42,225,4
2025/04/01 17:05,05F0439S,05F0494S,5,227,2
2025/04/01 17:10,05F0000S,05F0055S,31,238,99
2025/04/01 17:10,05F0000S,05F0055S,32,240,32
2025/04/01 17:10,05F0000S,05F0055S,41,235,2
2025/04/01 17:10,05F0000S,05F0055S,42,0,0
2025/04/01 17:10,05F0000S,05F0055S,5,0,0
2025/04/01 17:10,05F0055S,05F0287S,31,986,99
2025/04/01 17:10,05F0055S,05F0287S,32,985,30
2025/04/01 17:10,05F0055S,05F0287S,41,1016,4
2025/04/01 17:10,05F0055S,05F0287S,42,0,0
2025/04/01 17:10,05F0055S,05F0287S,5,0,0
2025/04/01 17:10,05F0287S,05F0309S,31,86,82
2025/04/01 17:10,05F0287S,05F0309S,32,85,30
2025/04/01 17:10,05F0287S,05F0309S,41,0,0
2025/04/01 17:10,05F0287S,05F0309S,42,0,0
2025/04/01 17:10,05F0287S,05F0309S,5,0,0
2025/04/01 17:10,05F0309S,05F0439S,31,496,46
2025/04/01 17:10,05F0309S,05F0439S,32,479,26
2025/04/01 17:10,05F0309S,05F0439S,41,534,2
2025/04/01 17:10,05F0309S,05F0439S,42,528,2
2025/04/01 17:10,05F0309S,05F0439S,5,531,9
2025/04/01 17:10,05F0439S,05F0494S,31,204,14
2025/04/01 17:10,05F0439S,05F0494S,32,198,6
2025/04/01 17:10,05F0439S,05F0494S,41,0,0
2025/04/01 17:10,05F0439S,05F0494S,42,247,1
2025/04/01 17:10,05F0439S,05F0494S,5,222,4
2025/04/01 17:15,05F0000S,05F0055S,31,251,83
2025/04/01 17:15,05F0000S,05F0055S,32,253,48
2025/04/01 17:15,05F0000S,05F0055S,41,251,5
2025/04/01 17:15,05F0000S,05F0055S,42,0,0
2025/04/01 17:15,05F0000S,05F0055S,5,0,0
2025/04/01 17:15,05F0055S,05F0287S,31,991,101
2025/04/01 17:15,05F0055S,05F0287S,32,989,36
2025/04/01 17:15,05F0055S,05F0287S,41,1051,4
2025/04/01 17:15,05F0055S,05F0287S,42,0,0
2025/04/01 17:15,05F0055S,05F0287S,5,0,0
2025/04/01 17:15,05F0287S,05F0309S,31,84,76
2025/04/01 17:15,05F0287S,05F0309S,32,85,24
2025/04/01 17:15,05F0287S,05F0309S,41,93,4
2025/04/01 17:15,05F0287S,05F0309S,42,0,0
2025/04/01 17:15,05F0287S,05F0309S,5,0,0
2025/04/01 17:15,05F0309S,05F0439S,31,481,38
2025/04/01 17:15,05F0309S,05F0439S,32,492,24
2025/04/01 17:15,05F0309S,05F0439S,41,503,3
2025/04/01 17:15,05F0309S,05F0439S,42,495,1
2025/04/01 17:15,05F0309S,05F0439S,5,540,3
2025/04/01 17:15,05F0439S,05F0494S,31,205,20
2025/04/01 17:15,05F0439S,05F0494S,32,211,8
2025/04/01 17:15,05F0439S,05F0494S,41,0,0
2025/04/01 17:15,05F0439S,05F0494S,42,218,3
2025/04/01 17:15,05F0439S,05F0494S,5,226,8
2025/04/01 17:20,05F0000S,05F0055S,31,245,100
2025/04/01 17:20,05F0000S,05F0055S,32,244,50
2025/04/01 17:20,05F0000S,05F0055S,41,242,3
2025/04/01 17:20,05F0000S,05F0055S,42,0,0
2025/04/01 17:20,05F0000S,05F0055S,5,0,0
2025/04/01 17:20,05F0055S,05F0287S,31,964,82
2025/04/01 17:20,05F0055S,05F0287S,32,971,36
2025/04/01 17:20,05F0055S,05F0287S,41,981,2
2025/04/01 17:20,05F0055S,05F0287S,42,0,0
2025/04/01 17:20,05F0055S,05F0287S,5,0,0
2025/04/01 17:20,05F0287S,05F0309S,31,86,70
2025/04/01 17:20,05F0287S,05F0309S,32,86,28
2025/04/01 17:20,05F0287S,05F0309S,41,91,2
2025/04/01 17:20,05F0287S,05F0309S,42,0,0
2025/04/01 17:20,05F0287S,05F0309S,5,0,0
2025/04/01 17:20,05F0309S,05F0439S,31,464,46
2025/04/01 17:20,05F0309S,05F0439S,32,484,15
2025/04/01 17:20,05F0309S,05F0439S,41,0,0
2025/04/01 17:20,05F0309S,05F0439S,42,0,0
2025/04/01 17:20,05F0309S,05F0439S,5,488,3
2025/04/01 17:20,05F0439S,05F0494S,31,200,23
2025/04/01 17:20,05F0439S,05F0494S,32,208,7
2025/04/01 17:20,05F0439S,05F0494S,41,0,0
2025/04/01 17:20,05F0439S,05F0494S,42,0,0
2025/04/01 17:20,05F0439S,05F0494S,5,213,3
2025/04/01 17:25,05F0000S,05F0055S,31,247,104
2025/04/01 17:25,05F0000S,05F0055S,32,247,31
2025/04/01 17:25,05F0000S,05F0055S,41,250,4
2025/04/01 17:25,05F0000S,05F0055S,42,0,0
2025/04/01 17:25,05F0000S,05F0055S,5,0,0
2025/04/01 17:25,05F0055S,05F0287S,31,1000,111
2025/04/01 17:25,05F0055S,05F0287S,32,1002,42
2025/04/01 17:25,05F0055S,05F0287S,41,998,2
2025/04/01 17:25,05F0055S,05F0287S,42,0,0
2025/04/01 17:25,05F0055S,05F0287S,5,0,0
2025/04/01 17:25,05F0287S,05F0309S,31,85,64
2025/04/01 17:25,05F0287S,05F0309S,32,86,30
2025/04/01 17:25,05F0287S,05F0309S,41,95,1
2025/04/01 17:25,05F0287S,05F0309S,42,0,0
2025/04/01 17:25,05F0287S,05F0309S,5,0,0
2025/04/01 17:25,05F0309S,05F0439S,31,480,52
2025/04/01 17:25,05F0309S,05F0439S,32,470,22
2025/04/01 17:25,05F0309S,05F0439S,41,539,2
2025/04/01 17:25,05F0309S,05F0439S,42,0,0
2025/04/01 17:25,05F0309S,05F0439S,5,581,3
2025/04/01 17:25,05F0439S,05F0494S,31,195,23
2025/04/01 17:25,05F0439S,05F0494S,32,205,9
2025/04/01 17:25,05F0439S,05F0494S,41,0,0
2025/04/01 17:25,05F0439S,05F0494S,42,0,0
2025/04/01 17:25,05F0439S,05F0494S,5,203,2
2025/04/01 17:30,05F0000S,05F0055S,31,244,82
2025/04/01 17:30,05F0000S,05F0055S,32,244,46
2025/04/01 17:30,05F0000S,05F0055S,41,253,6
2025/04/01 17:30,05F0000S,05F0055S,42,0,0
2025/04/01 17:30,05F0000S,05F0055S,5,0,0
2025/04/01 17:30,05F0055S,05F0287S,31,996,94
2025/04/01 17:30,05F0055S,05F0287S,32,1000,51
2025/04/01 17:30,05F0055S,05F0287S,41,1037,4
2025/04/01 17:30,05F0055S,05F0287S,42,0,0
2025/04/01 17:30,05F0055S,05F0287S,5,0,0
2025/04/01 17:30,05F0287S,05F0309S,31,90,73
2025/04/01 17:30,05F0287S,05F0309S,32,90,34
2025/04/01 17:30,05F0287S,05F0309S,41,92,3
2025/04/01 17:30,05F0287S,05F0309S,42,0,0
2025/04/01 17:30,05F0287S,05F0309S,5,0,0
2025/04/01 17:30,05F0309S,05F0439S,31,470,29
2025/04/01 17:30,05F0309S,05F0439S,32,478,16
2025/04/01 17:30,05F0309S,05F0439S,41,518,1
2025/04/01 17:30,05F0309S,05F0439S,42,524,1
2025/04/01 17:30,05F0309S,05F0439S,5,503,5
2025/04/01 17:30,05F0439S,05F0494S,31,207,21
2025/04/01 17:30,05F0439S,05F0494S,32,202,13
2025/04/01 17:30,05F0439S,05F0494S,41,0,0
2025/04/01 17:30,05F0439S,05F0494S,42,0,0
2025/04/01 17:30,05F0439S,05F0494S,5,243,3
2025/04/01 17:35,05F0000S,05F0055S,31,245,106
2025/04/01 17:35,05F0000S,05F0055S,32,246,33
2025/04/01 17:35,05F0000S,05F0055S,41,258,8
2025/04/01 17:35,05F0000S,05F0055S,42,269,3
2025/04/01 17:35,05F0000S,05F0055S,5,0,0
2025/04/01 17:35,05F0055S,05F0287S,31,986,111
2025/04/01 17:35,05F0055S,05F0287S,32,988,55
2025/04/01 17:35,05F0055S,05F0287S,41,1037,3
2025/04/01 17:35,05F0055S,05F0287S,42,0,0
2025/04/01 17:35,05F0055S,05F0287S,5,0,0
2025/04/01 17:35,05F0287S,05F0309S,31,87,78
2025/04/01 17:35,05F0287S,05F0309S,32,87,42
2025/04/01 17:35,05F0287S,05F0309S,41,96,3
2025/04/01 17:35,05F0287S,05F0309S,42,0,0
2025/04/01 17:35,05F0287S,05F0309S,5,0,0
2025/04/01 17:35,05F0309S,05F0439S,31,483,42
2025/04/01 17:35,05F0309S,05F0439S,32,489,21
2025/04/01 17:35,05F0309S,05F0439S,41,525,1
2025/04/01 17:35,05F0309S,05F0439S,42,0,0
2025/04/01 17:35,05F0309S,05F0439S,5,488,3
2025/04/01 17:35,05F0439S,05F0494S,31,198,15
2025/04/01 17:35,05F0439S,05F0494S,32,207,6
2025/04/01 17:35,05F0439S,05F0494S,41,0,0
2025/04/01 17:35,05F0439S,05F0494S,42,219,2
2025/04/01 17:35,05F0439S,05F0494S,5,201,4
2025/04/01 17:40,05F0000S,05F0055S,31,235,81
2025/04/01 17:40,05F0000S,05F0055S,32,239,38
2025/04/01 17:40,05F0000S,05F0055S,41,226,1
2025/04/01 17:40,05F0000S,05F0055S,42,0,0
2025/04/01 17:40,05F0000S,05F0055S,5,0,0
2025/04/01 17:40,05F0055S,05F0287S,31,975,102
2025/04/01 17:40,05F0055S,05F0287S,32,982,33
2025/04/01 17:40,05F0055S,05F0287S,41,1001,3
2025/04/01 17:40,05F0055S,05F0287S,42,0,0
2025/04/01 17:40,05F0055S,05F0287S,5,0,0
2025/04/01 17:40,05F0287S,05F0309S,31,86,83
2025/04/01 17:40,05F0287S,05F0309S,32,87,33
2025/04/01 17:40,05F0287S,05F0309S,41,92,3
2025/04/01 17:40,05F0287S,05F0309S,42,0,0
2025/04/01 17:40,05F0287S,05F0309S,5,0,0
2025/04/01 17:40,05F0309S,05F0439S,31,486,55
2025/04/01 17:40,05F0309S,05F0439S,32,505,29
2025/04/01 17:40,05F0309S,05F0439S,41,520,2
2025/04/01 17:40,05F0309S,05F0439S,42,525,1
2025/04/01 17:40,05F0309S,05F0439S,5,532,1
2025/04/01 17:40,05F0439S,05F0494S,31,201,14
2025/04/01 17:40,05F0439S,05F0494S,32,214,7
2025/04/01 17:40,05F0439S,05F0494S,41,0,0
2025/04/01 17:40,05F0439S,05F0494S,42,211,2
2025/04/01 17:40,05F0439S,05F0494S,5,209,2
2025/04/01 17:45,05F0000S,05F0055S,31,243,104
2025/04/01 17:45,05F0000S,05F0055S,32,250,34
2025/04/01 17:45,05F0000S,05F0055S,41,246,3
2025/04/01 17:45,05F0000S,05F0055S,42,0,0
2025/04/01 17:45,05F0000S,05F0055S,5,0,0
2025/04/01 17:45,05F0055S,05F0287S,31,1039,105
2025/04/01 17:45,05F0055S,05F0287S,32,1038,49
2025/04/01 17:45,05F0055S,05F0287S,41,1083,6
2025/04/01 17:45,05F0055S,05F0287S,42,0,0
2025/04/01 17:45,05F0055S,05F0287S,5,0,0
2025/04/01 17:45,05F0287S,05F0309S,31,87,55
2025/04/01 17:45,05F0287S,05F0309S,32,87,22
2025/04/01 17:45,05F0287S,05F0309S,41,91,2
2025/04/01 17:45,05F0287S,05F0309S,42,0,0
2025/04/01 17:45,05F0287S,05F0309S,5,0,0
2025/04/01 17:45,05F0309S,05F0439S,31,479,50
2025/04/01 17:45,05F0309S,05F0439S,32,486,21
2025/04/01 17:45,05F0309S,05F0439S,41,459,1
2025/04/01 17:45,05F0309S,05F0439S,42,0,0
2025/04/01 17:45,05F0309S,05F0439S,5,538,2
2025/04/01 17:45,05F0439S,05F0494S,31,206,23
2025/04/01 17:45,05F0439S,05F0494S,32,219,6
2025/04/01 17:45,05F0439S,05F0494S,41,0,0
2025/04/01 17:45,05F0439S,05F0494S,42,236,2
2025/04/01 17:45,05F0439S,05F0494S,5,207,1
2025/04/01 17:50,05F0000S,05F0055S,31,243,102
2025/04/01 17:50,05F0000S,05F0055S,32,244,26
2025/04/01 17:50,05F0000S,05F0055S,41,252,8
2025/04/01 17:50,05F0000S,05F0055S,42,0,0
2025/04/01 17:50,05F0000S,05F0055S,5,0,0
2025/04/01 17:50,05F0055S,05F0287S,31,992,112
2025/04/01 17:50,05F0055S,05F0287S,32,1006,45
2025/04/01 17:50,05F0055S,05F0287S,41,1030,7
2025/04/01 17:50,05F0055S,05F0287S,42,1042,4
2025/04/01 17:50,05F0055S,05F0287S,5,0,0
2025/04/01 17:50,05F0287S,05F0309S,31,86,99
2025/04/01 17:50,05F0287S,05F0309S,32,88,41
2025/04/01 17:50,05F0287S,05F0309S,41,92,6
2025/04/01 17:50,05F0287S,05F0309S,42,94,4
2025/04/01 17:50,05F0287S,05F0309S,5,0,0
2025/04/01 17:50,05F0309S,05F0439S,31,470,43
2025/04/01 17:50,05F0309S,05F0439S,32,485,9
2025/04/01 17:50,05F0309S,05F0439S,41,530,2
2025/04/01 17:50,05F0309S,05F0439S,42,0,0
2025/04/01 17:50,05F0309S,05F0439S,5,499,10
2025/04/01 17:50,05F0439S,05F0494S,31,201,10
2025/04/01 17:50,05F0439S,05F0494S,32,215,5
2025/04/01 17:50,05F0439S,05F0494S,41,0,0
2025/04/01 17:50,05F0439S,05F0494S,42,0,0
2025/04/01 17:50,05F0439S,05F0494S,5,201,2
2025/04/01 17:55,05F0000S,05F0055S,31,243,93
2025/04/01 17:55,05F0000S,05F0055S,32,244,30
2025/04/01 17:55,05F0000S,05F0055S,41,245,4
2025/04/01 17:55,05F0000S,05F0055S,42,0,0
2025/04/01 17:55,05F0000S,05F0055S,5,0,0
2025/04/01 17:55,05F0055S,05F0287S,31,988,116
2025/04/01 17:55,05F0055S,05F0287S,32,992,41
2025/04/01 17:55,05F0055S,05F0287S,41,1032,4
2025/04/01 17:55,05F0055S,05F0287S,42,0,0
2025/04/01 17:55,05F0055S,05F0287S,5,0,0
2025/04/01 17:55,05F0287S,05F0309S,31,86,86
2025/04/01 17:55,05F0287S,05F0309S,32,87,23
2025/04/01 17:55,05F0287S,05F0309S,41,85,2
2025/04/01 17:55,05F0287S,05F0309S,42,0,0
2025/04/01 17:55,05F0287S,05F0309S,5,0,0
2025/04/01 17:55,05F0309S,05F0439S,31,475,45
2025/04/01 17:55,05F0309S,05F0439S,32,473,26
2025/04/01 17:55,05F0309S,05F0439S,41,520,2
2025/04/01 17:55,05F0309S,05F0439S,42,497,2
2025/04/01 17:55,05F0309S,05F0439S,5,518,4
2025/04/01 17:55,05F0439S,05F0494S,31,208,21
2025/04/01 17:55,05F0439S,05F0494S,32,198,5
2025/04/01 17:55,05F0439S,05F0494S,41,224,1
2025/04/01 17:55,05F0439S,05F0494S,42,0,0
2025/04/01 17:55,05F0439S,05F0494S,5,210,8
2025/04/01 18:00,05F0000S,05F0055S,31,246,103
2025/04/01 18:00,05F0000S,05F0055S,32,245,36
2025/04/01 18:00,05F0000S,05F0055S,41,247,3
2025/04/01 18:00,05F0000S,05F0055S,42,0,0
2025/04/01 18:00,05F0000S,05F0055S,5,0,0
2025/04/01 18:00,05F0055S,05F0287S,31,979,102
2025/04/01 18:00,05F0055S,05F0287S,32,1002,40
2025/04/01 18:00,05F0055S,05F0287S,41,1050,2
2025/04/01 18:00,05F0055S,05F0287S,42,0,0
2025/04/01 18:00,05F0055S,05F0287S,5,0,0
2025/04/01 18:00,05F0287S,05F0309S,31,85,65
2025/04/01 18:00,05F0287S,05F0309S,32,86,24
2025/04/01 18:00,05F0287S,05F0309S,41,81,1
2025/04/01 18:00,05F0287S,05F0309S,42,0,0
2025/04/01 18:00,05F0287S,05F0309S,5,0,0
2025/04/01 18:00,05F0309S,05F0439S,31,469,47
2025/04/01 18:00,05F0309S,05F0439S,32,494,20
2025/04/01 18:00,05F0309S,05F0439S,41,504,3
2025/04/01 18:00,05F0309S,05F0439S,42,526,6
2025/04/01 18:00,05F0309S,05F0439S,5,529,3
2025/04/01 18:00,05F0439S,05F0494S,31,206,18
2025/04/01 18:00,05F0439S,05F0494S,32,209,7
2025/04/01 18:00,05F0439S,05F0494S,41,0,0
2025/04/01 18:00,05F0439S,05F0494S,42,0,0
2025/04/01 18:00,05F0439S,05F0494S,5,207,1
2025/04/01 18:05,05F0000S,05F0055S,31,241,79
2025/04/01 18:05,05F0000S,05F0055S,32,235,20
2025/04/01 18:05,05F0000S,05F0055S,41,238,7
2025/04/01 18:05,05F0000S,05F0055S,42,0,0
2025/04/01 18:05,05F0000S,05F0055S,5,0,0
2025/04/01 18:05,05F0055S,05F0287S,31,982,103
2025/04/01 18:05,05F0055S,05F0287S,32,990,33
2025/04/01 18:05,05F0055S,05F0287S,41,1023,6
2025/04/01 18:05,05F0055S,05F0287S,42,0,0
2025/04/01 18:05,05F0055S,05F0287S,5,0,0
2025/04/01 18:05,05F0287S,05F0309S,31,89,94
2025/04/01 18:05,05F0287S,05F0309S,32,92,30
2025/04/01 18:05,05F0287S,05F0309S,41,94,7
2025/04/01 18:05,05F0287S,05F0309S,42,0,0
2025/04/01 18:05,05F0287S,05F0309S,5,0,0
2025/04/01 18:05,05F0309S,05F0439S,31,490,59
2025/04/01 18:05,05F0309S,05F0439S,32,481,23
2025/04/01 18:05,05F0309S,05F0439S,41,492,1
2025/04/01 18:05,05F0309S,05F0439S,42,574,1
2025/04/01 18:05,05F0309S,05F0439S,5,565,2
2025/04/01 18:05,05F0439S,05F0494S,31,200,17
2025/04/01 18:05,05F0439S,05F0494S,32,202,6
2025/04/01 18:05,05F0439S,05F0494S,41,0,0
2025/04/01 18:05,05F0439S,05F0494S,42,230,5
2025/04/01 18:05,05F0439S,05F0494S,5,230,1
2025/04/01 18:10,05F0000S,05F0055S,31,232,67
2025/04/01 18:10,05F0000S,05F0055S,32,232,23
2025/04/01 18:10,05F0000S,05F0055S,41,232,2
2025/04/01 18:10,05F0000S,05F0055S,42,0,0
2025/04/01 18:10,05F0000S,05F0055S,5,0,0
2025/04/01 18:10,05F0055S,05F0287S,31,984,116
2025/04/01 18:10,05F0055S,05F0287S,32,983,35
2025/04/01 18:10,05F0055S,05F0287S,41,1041,6
2025/04/01 18:10,05F0055S,05F0287S,42,0,0
2025/04/01 18:10,05F0055S,05F0287S,5,0,0
2025/04/01 18:10,05F0287S,05F0309S,31,85,77
2025/04/01 18:10,05F0287S,05F0309S,32,88,29
2025/04/01 18:10,05F0287S,05F0309S,41,92,3
2025/04/01 18:10,05F0287S,05F0309S,42,0,0
2025/04/01 18:10,05F0287S,05F0309S,5,0,0
2025/04/01 18:10,05F0309S,05F0439S,31,484,44
2025/04/01 18:10,05F0309S,05F0439S,32,527,12
2025/04/01 18:10,05F0309S,05F0439S,41,550,1
2025/04/01 18:10,05F0309S,05F0439S,42,0,0
2025/04/01 18:10,05F0309S,05F0439S,5,509,2
2025/04/01 18:10,05F0439S,05F0494S,31,202,17
2025/04/01 18:10,05F0439S,05F0494S,32,209,3
2025/04/01 18:10,05F0439S,05F0494S,41,0,0
2025/04/01 18:10,05F0439S,05F0494S,42,250,1
2025/04/01 18:10,05F0439S,05F0494S,5,0,0
2025/04/01 18:15,05F0000S,05F0055S,31,240,83
2025/04/01 18:15,05F0000S,05F0055S,32,236,19
2025/04/01 18:15,05F0000S,05F0055S,41,246,8
2025/04/01 18:15,05F0000S,05F0055S,42,0,0
2025/04/01 18:15,05F0000S,05F0055S,5,0,0
2025/04/01 18:15,05F0055S,05F0287S,31,1011,99
2025/04/01 18:15,05F0055S,05F0287S,32,998,33
2025/04/01 18:15,05F0055S,05F0287S,41,967,1
2025/04/01 18:15,05F0055S,05F0287S,42,0,0
2025/04/01 18:15,05F0055S,05F0287S,5,0,0
2025/04/01 18:15,05F0287S,05F0309S,31,83,65
2025/04/01 18:15,05F0287S,05F0309S,32,84,23
2025/04/01 18:15,05F0287S,05F0309S,41,91,2
2025/04/01 18:15,05F0287S,05F0309S,42,0,0
2025/04/01 18:15,05F0287S,05F0309S,5,0,0
2025/04/01 18:15,05F0309S,05F0439S,31,470,44
2025/04/01 18:15,05F0309S,05F0439S,32,491,18
2025/04/01 18:15,05F0309S,05F0439S,41,536,3
2025/04/01 18:15,05F0309S,05F0439S,42,0,0
2025/04/01 18:15,05F0309S,05F0439S,5,547,4
2025/04/01 18:15,05F0439S,05F0494S,31,202,13
2025/04/01 18:15,05F0439S,05F0494S,32,213,8
2025/04/01 18:15,05F0439S,05F0494S,41,0,0
2025/04/01 18:15,05F0439S,05F0494S,42,0,0
2025/04/01 18:15,05F0439S,05F0494S,5,240,3
2025/04/01 18:20,05F0000S,05F0055S,31,235,83
2025/04/01 18:20,05F0000S,05F0055S,32,236,19
2025/04/01 18:20,05F0000S,05F0055S,41,244,5
2025/04/01 18:20,05F0000S,05F0055S,42,0,0
2025/04/01 18:20,05F0000S,05F0055S,5,0,0
2025/04/01 18:20,05F0055S,05F0287S,31,999,118
2025/04/01 18:20,05F0055S,05F0287S,32,1005,36
2025/04/01 18:20,05F0055S,05F0287S,41,1031,9
2025/04/01 18:20,05F0055S,05F0287S,42,0,0
2025/04/01 18:20,05F0055S,05F0287S,5,0,0
2025/04/01 18:20,05F0287S,05F0309S,31,86,88
2025/04/01 18:20,05F0287S,05F0309S,32,90,30
2025/04/01 18:20,05F0287S,05F0309S,41,90,7
2025/04/01 18:20,05F0287S,05F0309S,42,0,0
2025/04/01 18:20,05F0287S,05F0309S,5,0,0
2025/04/01 18:20,05F0309S,05F0439S,31,478,46
2025/04/01 18:20,05F0309S,05F0439S,32,484,14
2025/04/01 18:20,05F0309S,05F0439S,41,519,1
2025/04/01 18:20,05F0309S,05F0439S,42,0,0
2025/04/01 18:20,05F0309S,05F0439S,5,528,3
2025/04/01 18:20,05F0439S,05F0494S,31,207,13
2025/04/01 18:20,05F0439S,05F0494S,32,202,9
2025/04/01 18:20,05F0439S,05F0494S,41,0,0
2025/04/01 18:20,05F0439S,05F0494S,42,0,0
2025/04/01 18:20,05F0439S,05F0494S,5,220,2
2025/04/01 18:25,05F0000S,05F0055S,31,241,73
2025/04/01 18:25,05F0000S,05F0055S,32,246,16
2025/04/01 18:25,05F0000S,05F0055S,41,246,6
2025/04/01 18:25,05F0000S,05F0055S,42,0,0
2025/04/01 18:25,05F0000S,05F0055S,5,0,0
2025/04/01 18:25,05F0055S,05F0287S,31,956,82
2025/04/01 18:25,05F0055S,05F0287S,32,968,24
2025/04/01 18:25,05F0055S,05F0287S,41,1015,4
2025/04/01 18:25,05F0055S,05F0287S,42,0,0
2025/04/01 18:25,05F0055S,05F0287S,5,0,0
2025/04/01 18:25,05F0287S,05F0309S,31,85,60
2025/04/01 18:25,05F0287S,05F0309S,32,84,15
2025/04/01 18:25,05F0287S,05F0309S,41,88,4
2025/04/01 18:25,05F0287S,05F0309S,42,0,0
2025/04/01 18:25,05F0287S,05F0309S,5,0,0
2025/04/01 18:25,05F0309S,05F0439S,31,490,38
2025/04/01 18:25,05F0309S,05F0439S,32,487,12
2025/04/01 18:25,05F0309S,05F0439S,41,531,1
2025/04/01 18:25,05F0309S,05F0439S,42,522,1
2025/04/01 18:25,05F0309S,05F0439S,5,539,3
2025/04/01 18:25,05F0439S,05F0494S,31,206,18
2025/04/01 18:25,05F0439S,05F0494S,32,213,3
2025/04/01 18:25,05F0439S,05F0494S,41,0,0
2025/04/01 18:25,05F0439S,05F0494S,42,218,1
2025/04/01 18:25,05F0439S,05F0494S,5,231,4
2025/04/01 18:30,05F0000S,05F0055S,31,245,86
2025/04/01 18:30,05F0000S,05F0055S,32,250,22
2025/04/01 18:30,05F0000S,05F0055S,41,250,7
2025/04/01 18:30,05F0000S,05F0055S,42,0,0
2025/04/01 18:30,05F0000S,05F0055S,5,0,0
2025/04/01 18:30,05F0055S,05F0287S,31,967,71
2025/04/01 18:30,05F0055S,05F0287S,32,955,22
2025/04/01 18:30,05F0055S,05F0287S,41,984,5
2025/04/01 18:30,05F0055S,05F0287S,42,0,0
2025/04/01 18:30,05F0055S,05F0287S,5,0,0
2025/04/01 18:30,05F0287S,05F0309S,31,85,53
2025/04/01 18:30,05F0287S,05F0309S,32,85,20
2025/04/01 18:30,05F0287S,05F0309S,41,91,2
2025/04/01 18:30,05F0287S,05F0309S,42,0,0
2025/04/01 18:30,05F0287S,05F0309S,5,0,0
2025/04/01 18:30,05F0309S,05F0439S,31,480,48
2025/04/01 18:30,05F0309S,05F0439S,32,492,17
2025/04/01 18:30,05F0309S,05F0439S,41,526,3
2025/04/01 18:30,05F0309S,05F0439S,42,0,0
2025/04/01 18:30,05F0309S,05F0439S,5,517,2
2025/04/01 18:30,05F0439S,05F0494S,31,209,19
2025/04/01 18:30,05F0439S,05F0494S,32,208,2
2025/04/01 18:30,05F0439S,05F0494S,41,0,0
2025/04/01 18:30,05F0439S,05F0494S,42,0,0
2025/04/01 18:30,05F0439S,05F0494S,5,0,0
2025/04/01 18:35,05F0000S,05F0055S,31,247,92
2025/04/01 18:35,05F0000S,05F0055S,32,247,21
2025/04/01 18:35,05F0000S,05F0055S,41,252,4
2025/04/01 18:35,05F0000S,05F0055S,42,0,0
2025/04/01 18:35,05F0000S,05F0055S,5,0,0
2025/04/01 18:35,05F0055S,05F0287S,31,991,90
2025/04/01 18:35,05F0055S,05F0287S,32,975,17
2025/04/01 18:35,05F0055S,05F0287S,41,1011,6
2025/04/01 18:35,05F0055S,05F0287S,42,0,0
2025/04/01 18:35,05F0055S,05F0287S,5,0,0
2025/04/01 18:35,05F0287S,05F0309S,31,86,75
2025/04/01 18:35,05F0287S,05F0309S,32,85,12
2025/04/01 18:35,05F0287S,05F0309S,41,92,5
2025/04/01 18:35,05F0287S,05F0309S,42,0,0
2025/04/01 18:35,05F0287S,05F0309S,5,0,0
2025/04/01 18:35,05F0309S,05F0439S,31,494,37
2025/04/01 18:35,05F0309S,05F0439S,32,481,6
2025/04/01 18:35,05F0309S,05F0439S,41,513,2
2025/04/01 18:35,05F0309S,05F0439S,42,0,0
2025/04/01 18:35,05F0309S,05F0439S,5,529,5
2025/04/01 18:35,05F0439S,05F0494S,31,221,17
2025/04/01 18:35,05F0439S,05F0494S,32,196,4
2025/04/01 18:35,05F0439S,05F0494S,41,0,0
2025/04/01 18:35,05F0439S,05F0494S,42,0,0
2025/04/01 18:35,05F0439S,05F0494S,5,220,3
2025/04/01 18:40,05F0000S,05F0055S,31,241,87
2025/04/01 18:40,05F0000S,05F0055S,32,237,21
2025/04/01 18:40,05F0000S,05F0055S,41,259,8
2025/04/01 18:40,05F0000S,05F0055S,42,0,0
2025/04/01 18:40,05F0000S,05F0055S,5,0,0
2025/04/01 18:40,05F0055S,05F0287S,31,981,102
2025/04/01 18:40,05F0055S,05F0287S,32,991,21
2025/04/01 18:40,05F0055S,05F0287S,41,1024,6
2025/04/01 18:40,05F0055S,05F0287S,42,0,0
2025/04/01 18:40,05F0055S,05F0287S,5,0,0
2025/04/01 18:40,05F0287S,05F0309S,31,86,65
2025/04/01 18:40,05F0287S,05F0309S,32,87,17
2025/04/01 18:40,05F0287S,05F0309S,41,94,5
2025/04/01 18:40,05F0287S,05F0309S,42,0,0
2025/04/01 18:40,05F0287S,05F0309S,5,0,0
2025/04/01 18:40,05F0309S,05F0439S,31,484,34
2025/04/01 18:40,05F0309S,05F0439S,32,471,12
2025/04/01 18:40,05F0309S,05F0439S,41,530,2
2025/04/01 18:40,05F0309S,05F0439S,42,0,0
2025/04/01 18:40,05F0309S,05F0439S,5,620,3
2025/04/01 18:40,05F0439S,05F0494S,31,195,12
2025/04/01 18:40,05F0439S,05F0494S,32,209,4
2025/04/01 18:40,05F0439S,05F0494S,41,0,0
2025/04/01 18:40,05F0439S,05F0494S,42,0,0
2025/04/01 18:40,05F0439S,05F0494S,5,216,4
2025/04/01 18:45,05F0000S,05F0055S,31,241,91
2025/04/01 18:45,05F0000S,05F0055S,32,240,21
2025/04/01 18:45,05F0000S,05F0055S,41,248,8
2025/04/01 18:45,05F0000S,05F0055S,42,0,0
2025/04/01 18:45,05F0000S,05F0055S,5,0,0
2025/04/01 18:45,05F0055S,05F0287S,31,982,91
2025/04/01 18:45,05F0055S,05F0287S,32,983,29
2025/04/01 18:45,05F0055S,05F0287S,41,1001,6
2025/04/01 18:45,05F0055S,05F0287S,42,0,0
2025/04/01 18:45,05F0055S,05F0287S,5,0,0
2025/04/01 18:45,05F0287S,05F0309S,31,85,65
2025/04/01 18:45,05F0287S,05F0309S,32,88,16
2025/04/01 18:45,05F0287S,05F0309S,41,92,4
2025/04/01 18:45,05F0287S,05F0309S,42,0,0
2025/04/01 18:45,05F0287S,05F0309S,5,0,0
2025/04/01 18:45,05F0309S,05F0439S,31,484,44
2025/04/01 18:45,05F0309S,05F0439S,32,466,7
2025/04/01 18:45,05F0309S,05F0439S,41,538,4
2025/04/01 18:45,05F0309S,05F0439S,42,551,1
2025/04/01 18:45,05F0309S,05F0439S,5,546,4
2025/04/01 18:45,05F0439S,05F0494S,31,211,9
2025/04/01 18:45,05F0439S,05F0494S,32,189,2
2025/04/01 18:45,05F0439S,05F0494S,41,0,0
2025/04/01 18:45,05F0439S,05F0494S,42,0,0
2025/04/01 18:45,05F0439S,05F0494S,5,249,5
2025/04/01 18:50,05F0000S,05F0055S,31,252,88
2025/04/01 18:50,05F0000S,05F0055S,32,255,23
2025/04/01 18:50,05F0000S,05F0055S,41,271,4
2025/04/01 18:50,05F0000S,05F0055S,42,0,0
2025/04/01 18:50,05F0000S,05F0055S,5,0,0
2025/04/01 18:50,05F0055S,05F0287S,31,993,98
2025/04/01 18:50,05F0055S,05F0287S,32,1013,14
2025/04/01 18:50,05F0055S,05F0287S,41,1033,6
2025/04/01 18:50,05F0055S,05F0287S,42,0,0
2025/04/01 18:50,05F0055S,05F0287S,5,0,0
2025/04/01 18:50,05F0287S,05F0309S,31,85,68
2025/04/01 18:50,05F0287S,05F0309S,32,86,14
2025/04/01 18:50,05F0287S,05F0309S,41,91,5
2025/04/01 18:50,05F0287S,05F0309S,42,0,0
2025/04/01 18:50,05F0287S,05F0309S,5,0,0
2025/04/01 18:50,05F0309S,05F0439S,31,477,40
2025/04/01 18:50,05F0309S,05F0439S,32,489,12
2025/04/01 18:50,05F0309S,05F0439S,41,531,4
2025/04/01 18:50,05F0309S,05F0439S,42,0,0
2025/04/01 18:50,05F0309S,05F0439S,5,521,1
2025/04/01 18:50,05F0439S,05F0494S,31,204,21
2025/04/01 18:50,05F0439S,05F0494S,32,209,3
2025/04/01 18:50,05F0439S,05F0494S,41,0,0
2025/04/01 18:50,05F0439S,05F0494S,42,0,0
2025/04/01 18:50,05F0439S,05F0494S,5,220,2
2025/04/01 18:55,05F0000S,05F0055S,31,243,98
2025/04/01 18:55,05F0000S,05F0055S,32,242,17
2025/04/01 18:55,05F0000S,05F0055S,41,258,6
2025/04/01 18:55,05F0000S,05F0055S,42,0,0
2025/04/01 18:55,05F0000S,05F0055S,5,0,0
2025/04/01 18:55,05F0055S,05F0287S,31,980,92
2025/04/01 18:55,05F0055S,05F0287S,32,983,26
2025/04/01 18:55,05F0055S,05F0287S,41,989,1
2025/04/01 18:55,05F0055S,05F0287S,42,0,0
2025/04/01 18:55,05F0055S,05F0287S,5,0,0
2025/04/01 18:55,05F0287S,05F0309S,31,87,74
2025/04/01 18:55,05F0287S,05F0309S,32,86,16
2025/04/01 18:55,05F0287S,05F0309S,41,93,3
2025/04/01 18:55,05F0287S,05F0309S,42,0,0
2025/04/01 18:55,05F0287S,05F0309S,5,0,0
2025/04/01 18:55,05F0309S,05F0439S,31,475,39
2025/04/01 18:55,05F0309S,05F0439S,32,460,7
2025/04/01 18:55,05F0309S,05F0439S,41,526,2
2025/04/01 18:55,05F0309S,05F0439S,42,0,0
2025/04/01 18:55,05F0309S,05F0439S,5,627,1
2025/04/01 18:55,05F0439S,05F0494S,31,215,9
2025/04/01 18:55,05F0439S,05F0494S,32,210,4
2025/04/01 18:55,05F0439S,05F0494S,41,0,0
2025/04/01 18:55,05F0439S,05F0494S,42,0,0
2025/04/01 18:55,05F0439S,05F0494S,5,216,1
2025/04/01 19:00,05F0000S,05F0055S,31,246,97
2025/04/01 19:00,05F0000S,05F0055S,32,249,19
2025/04/01 19:00,05F0000S,05F0055S,41,254,7
2025/04/01 19:00,05F0000S,05F0055S,42,0,0
2025/04/01 19:00,05F0000S,05F0055S,5,0,0
2025/04/01 19:00,05F0055S,05F0287S,31,996,93
2025/04/01 19:00,05F0055S,05F0287S,32,1001,23
2025/04/01 19:00,05F0055S,05F0287S,41,1054,12
2025/04/01 19:00,05F0055S,05F0287S,42,0,0
2025/04/01 19:00,05F0055S,05F0287S,5,0,0
2025/04/01 19:00,05F0287S,05F0309S,31,85,69
2025/04/01 19:00,05F0287S,05F0309S,32,84,20
2025/04/01 19:00,05F0287S,05F0309S,41,92,9
2025/04/01 19:00,05F0287S,05F0309S,42,0,0
2025/04/01 19:00,05F0287S,05F0309S,5,0,0
2025/04/01 19:00,05F0309S,05F0439S,31,486,36
2025/04/01 19:00,05F0309S,05F0439S,32,474,6
2025/04/01 19:00,05F0309S,05F0439S,41,532,3
2025/04/01 19:00,05F0309S,05F0439S,42,0,0
2025/04/01 19:00,05F0309S,05F0439S,5,555,2
2025/04/01 19:00,05F0439S,05F0494S,31,208,15
2025/04/01 19:00,05F0439S,05F0494S,32,211,3
2025/04/01 19:00,05F0439S,05F0494S,41,0,0
2025/04/01 19:00,05F0439S,05F0494S,42,0,0
2025/04/01 19:00,05F0439S,05F0494S,5,0,0
2025/04/01 19:05,05F0000S,05F0055S,31,240,86
2025/04/01 19:05,05F0000S,05F0055S,32,247,30
2025/04/01 19:05,05F0000S,05F0055S,41,254,7
2025/04/01 19:05,05F0000S,05F0055S,42,0,0
2025/04/01 19:05,05F0000S,05F0055S,5,0,0
2025/04/01 19:05,05F0055S,05F0287S,31,987,112
2025/04/01 19:05,05F0055S,05F0287S,32,978,24
2025/04/01 19:05,05F0055S,05F0287S,41,1056,6
2025/04/01 19:05,05F0055S,05F0287S,42,0,0
2025/04/01 19:05,05F0055S,05F0287S,5,0,0
2025/04/01 19:05,05F0287S,05F0309S,31,86,77
2025/04/01 19:05,05F0287S,05F0309S,32,87,21
2025/04/01 19:05,05F0287S,05F0309S,41,94,5
2025/04/01 19:05,05F0287S,05F0309S,42,0,0
2025/04/01 19:05,05F0287S,05F0309S,5,0,0
2025/04/01 19:05,05F0309S,05F0439S,31,494,44
2025/04/01 19:05,05F0309S,05F0439S,32,493,12
2025/04/01 19:05,05F0309S,05F0439S,41,525,1
2025/04/01 19:05,05F0309S,05F0439S,42,557,1
2025/04/01 19:05,05F0309S,05F0439S,5,514,6
2025/04/01 19:05,05F0439S,05F0494S,31,202,9
2025/04/01 19:05,05F0439S,05F0494S,32,191,3
2025/04/01 19:05,05F0439S,05F0494S,41,0,0
2025/04/01 19:05,05F0439S,05F0494S,42,0,0
2025/04/01 19:05,05F0439S,05F0494S,5,0,0
2025/04/01 19:10,05F0000S,05F0055S,31,243,96
2025/04/01 19:10,05F0000S,05F0055S,32,242,28
2025/04/01 19:10,05F0000S,05F0055S,41,256,7
2025/04/01 19:10,05F0000S,05F0055S,42,0,0
2025/04/01 19:10,05F0000S,05F0055S,5,0,0
2025/04/01 19:10,05F0055S,05F0287S,31,980,110
2025/04/01 19:10,05F0055S,05F0287S,32,994,25
2025/04/01 19:10,05F0055S,05F0287S,41,1008,6
2025/04/01 19:10,05F0055S,05F0287S,42,0,0
2025/04/01 19:10,05F0055S,05F0287S,5,0,0
2025/04/01 19:10,05F0287S,05F0309S,31,85,62
2025/04/01 19:10,05F0287S,05F0309S,32,86,25
2025/04/01 19:10,05F0287S,05F0309S,41,92,5
2025/04/01 19:10,05F0287S,05F0309S,42,0,0
2025/04/01 19:10,05F0287S,05F0309S,5,0,0
2025/04/01 19:10,05F0309S,05F0439S,31,484,32
2025/04/01 19:10,05F0309S,05F0439S,32,486,13
2025/04/01 19:10,05F0309S,05F0439S,41,529,6
2025/04/01 19:10,05F0309S,05F0439S,42,584,1
2025/04/01 19:10,05F0309S,05F0439S,5,0,0
2025/04/01 19:10,05F0439S,05F0494S,31,184,11
2025/04/01 19:10,05F0439S,05F0494S,32,205,3
2025/04/01 19:10,05F0439S,05F0494S,41,0,0
2025/04/01 19:10,05F0439S,05F0494S,42,246,1
2025/04/01 19:10,05F0439S,05F0494S,5,223,4
2025/04/01 19:15,05F0000S,05F0055S,31,252,84
2025/04/01 19:15,05F0000S,05F0055S,32,253,21
2025/04/01 19:15,05F0000S,05F0055S,41,266,4
2025/04/01 19:15,05F0000S,05F0055S,42,0,0
2025/04/01 19:15,05F0000S,05F0055S,5,0,0
2025/04/01 19:15,05F0055S,05F0287S,31,975,94
2025/04/01 19:15,05F0055S,05F0287S,32,980,16
2025/04/01 19:15,05F0055S,05F0287S,41,997,4
2025/04/01 19:15,05F0055S,05F0287S,42,0,0
2025/04/01 19:15,05F0055S,05F0287S,5,0,0
2025/04/01 19:15,05F0287S,05F0309S,31,86,66
2025/04/01 19:15,05F0287S,05F0309S,32,83,9
2025/04/01 19:15,05F0287S,05F0309S,41,93,4
2025/04/01 19:15,05F0287S,05F0309S,42,0,0
2025/04/01 19:15,05F0287S,05F0309S,5,0,0
2025/04/01 19:15,05F0309S,05F0439S,31,484,44
2025/04/01 19:15,05F0309S,05F0439S,32,491,17
2025/04/01 19:15,05F0309S,05F0439S,41,528,2
2025/04/01 19:15,05F0309S,05F0439S,42,0,0
2025/04/01 19:15,05F0309S,05F0439S,5,0,0
2025/04/01 19:15,05F0439S,05F0494S,31,195,17
2025/04/01 19:15,05F0439S,05F0494S,32,213,6
2025/04/01 19:15,05F0439S,05F0494S,41,0,0
2025/04/01 19:15,05F0439S,05F0494S,42,0,0
2025/04/01 19:15,05F0439S,05F0494S,5,0,0
2025/04/01 19:20,05F0000S,05F0055S,31,246,74
2025/04/01 19:20,05F0000S,05F0055S,32,244,23
2025/04/01 19:20,05F0000S,05F0055S,41,250,3
2025/04/01 19:20,05F0000S,05F0055S,42,294,1
2025/04/01 19:20,05F0000S,05F0055S,5,0,0
2025/04/01 19:20,05F0055S,05F0287S,31,1001,93
2025/04/01 19:20,05F0055S,05F0287S,32,999,31
2025/04/01 19:20,05F0055S,05F0287S,41,1023,8
2025/04/01 19:20,05F0055S,05F0287S,42,0,0
2025/04/01 19:20,05F0055S,05F0287S,5,0,0
2025/04/01 19:20,05F0287S,05F0309S,31,85,66
2025/04/01 19:20,05F0287S,05F0309S,32,84,20
2025/04/01 19:20,05F0287S,05F0309S,41,93,6
2025/04/01 19:20,05F0287S,05F0309S,42,0,0
2025/04/01 19:20,05F0287S,05F0309S,5,0,0
2025/04/01 19:20,05F0309S,05F0439S,31,479,47
2025/04/01 19:20,05F0309S,05F0439S,32,462,9
2025/04/01 19:20,05F0309S,05F0439S,41,554,4
2025/04/01 19:20,05F0309S,05F0439S,42,0,0
2025/04/01 19:20,05F0309S,05F0439S,5,0,0
2025/04/01 19:20,05F0439S,05F0494S,31,202,13
2025/04/01 19:20,05F0439S,05F0494S,32,0,0
2025/04/01 19:20,05F0439S,05F0494S,41,377,1
2025/04/01 19:20,05F0439S,05F0494S,42,0,0
2025/04/01 19:20,05F0439S,05F0494S,5,0,0
2025/04/01 19:25,05F0000S,05F0055S,31,241,69
2025/04/01 19:25,05F0000S,05F0055S,32,239,15
2025/04/01 19:25,05F0000S,05F0055S,41,248,5
2025/04/01 19:25,05F0000S,05F0055S,42,0,0
2025/04/01 19:25,05F0000S,05F0055S,5,0,0
2025/04/01 19:25,05F0055S,05F0287S,31,981,109
2025/04/01 19:25,05F0055S,05F0287S,32,981,31
2025/04/01 19:25,05F0055S,05F0287S,41,1003,6
2025/04/01 19:25,05F0055S,05F0287S,42,0,0
2025/04/01 19:25,05F0055S,05F0287S,5,0,0
2025/04/01 19:25,05F0287S,05F0309S,31,85,83
2025/04/01 19:25,05F0287S,05F0309S,32,86,26
2025/04/01 19:25,05F0287S,05F0309S,41,93,8
2025/04/01 19:25,05F0287S,05F0309S,42,0,0
2025/04/01 19:25,05F0287S,05F0309S,5,0,0
2025/04/01 19:25,05F0309S,05F0439S,31,482,21
2025/04/01 19:25,05F0309S,05F0439S,32,494,8
2025/04/01 19:25,05F0309S,05F0439S,41,534,3
2025/04/01 19:25,05F0309S,05F0439S,42,407,1
2025/04/01 19:25,05F0309S,05F0439S,5,560,2
2025/04/01 19:25,05F0439S,05F0494S,31,209,12
2025/04/01 19:25,05F0439S,05F0494S,32,225,1
2025/04/01 19:25,05F0439S,05F0494S,41,0,0
2025/04/01 19:25,05F0439S,05F0494S,42,158,1
2025/04/01 19:25,05F0439S,05F0494S,5,215,2
2025/04/01 19:30,05F0000S,05F0055S,31,244,101
2025/04/01 19:30,05F0000S,05F0055S,32,256,25
2025/04/01 19:30,05F0000S,05F0055S,41,254,5
2025/04/01 19:30,05F0000S,05F0055S,42,259,1
2025/04/01 19:30,05F0000S,05F0055S,5,0,0
2025/04/01 19:30,05F0055S,05F0287S,31,1006,90
2025/04/01 19:30,05F0055S,05F0287S,32,1016,23
2025/04/01 19:30,05F0055S,05F0287S,41,1028,6
2025/04/01 19:30,05F0055S,05F0287S,42,0,0
2025/04/01 19:30,05F0055S,05F0287S,5,0,0
2025/04/01 19:30,05F0287S,05F0309S,31,86,56
2025/04/01 19:30,05F0287S,05F0309S,32,84,19
2025/04/01 19:30,05F0287S,05F0309S,41,95,5
2025/04/01 19:30,05F0287S,05F0309S,42,0,0
2025/04/01 19:30,05F0287S,05F0309S,5,0,0
2025/04/01 19:30,05F0309S,05F0439S,31,483,31
2025/04/01 19:30,05F0309S,05F0439S,32,487,14
2025/04/01 19:30,05F0309S,05F0439S,41,538,3
2025/04/01 19:30,05F0309S,05F0439S,42,522,1
2025/04/01 19:30,05F0309S,05F0439S,5,526,2
2025/04/01 19:30,05F0439S,05F0494S,31,209,8
2025/04/01 19:30,05F0439S,05F0494S,32,208,3
2025/04/01 19:30,05F0439S,05F0494S,41,0,0
2025/04/01 19:30,05F0439S,05F0494S,42,0,0
2025/04/01 19:30,05F0439S,05F0494S,5,0,0
2025/04/01 19:35,05F0000S,05F0055S,31,241,96
2025/04/01 19:35,05F0000S,05F0055S,32,240,7
2025/04/01 19:35,05F0000S,05F0055S,41,253,7
2025/04/01 19:35,05F0000S,05F0055S,42,0,0
2025/04/01 19:35,05F0000S,05F0055S,5,0,0
2025/04/01 19:35,05F0055S,05F0287S,31,989,93
2025/04/01 19:35,05F0055S,05F0287S,32,1005,25
2025/04/01 19:35,05F0055S,05F0287S,41,1032,5
2025/04/01 19:35,05F0055S,05F0287S,42,0,0
2025/04/01 19:35,05F0055S,05F0287S,5,0,0
2025/04/01 19:35,05F0287S,05F0309S,31,87,72
2025/04/01 19:35,05F0287S,05F0309S,32,89,13
2025/04/01 19:35,05F0287S,05F0309S,41,92,4
2025/04/01 19:35,05F0287S,05F0309S,42,0,0
2025/04/01 19:35,05F0287S,05F0309S,5,0,0
2025/04/01 19:35,05F0309S,05F0439S,31,480,36
2025/04/01 19:35,05F0309S,05F0439S,32,492,11
2025/04/01 19:35,05F0309S,05F0439S,41,525,5
2025/04/01 19:35,05F0309S,05F0439S,42,0,0
2025/04/01 19:35,05F0309S,05F0439S,5,0,0
2025/04/01 19:35,05F0439S,05F0494S,31,194,10
2025/04/01 19:35,05F0439S,05F0494S,32,210,7
2025/04/01 19:35,05F0439S,05F0494S,41,0,0
2025/04/01 19:35,05F0439S,05F0494S,42,215,1
2025/04/01 19:35,05F0439S,05F0494S,5,207,1
2025/04/01 19:40,05F0000S,05F0055S,31,246,82
2025/04/01 19:40,05F0000S,05F0055S,32,241,24
2025/04/01 19:40,05F0000S,05F0055S,41,245,3
2025/04/01 19:40,05F0000S,05F0055S,42,0,0
2025/04/01 19:40,05F0000S,05F0055S,5,0,0
2025/04/01 19:40,05F0055S,05F0287S,31,948,77
2025/04/01 19:40,05F0055S,05F0287S,32,954,18
2025/04/01 19:40,05F0055S,05F0287S,41,983,4
2025/04/01 19:40,05F0055S,05F0287S,42,0,0
2025/04/01 19:40,05F0055S,05F0287S,5,0,0
2025/04/01 19:40,05F0287S,05F0309S,31,86,64
2025/04/01 19:40,05F0287S,05F0309S,32,87,15
2025/04/01 19:40,05F0287S,05F0309S,41,554,2
2025/04/01 19:40,05F0287S,05F0309S,42,0,0
2025/04/01 19:40,05F0287S,05F0309S,5,0,0
2025/04/01 19:40,05F0309S,05F0439S,31,488,33
2025/04/01 19:40,05F0309S,05F0439S,32,494,9
2025/04/01 19:40,05F0309S,05F0439S,41,538,2
2025/04/01 19:40,05F0309S,05F0439S,42,583,1
2025/04/01 19:40,05F0309S,05F0439S,5,500,1
2025/04/01 19:40,05F0439S,05F0494S,31,209,9
2025/04/01 19:40,05F0439S,05F0494S,32,259,1
2025/04/01 19:40,05F0439S,05F0494S,41,0,0
2025/04/01 19:40,05F0439S,05F0494S,42,0,0
2025/04/01 19:40,05F0439S,05F0494S,5,0,0
2025/04/01 19:45,05F0000S,05F0055S,31,240,82
2025/04/01 19:45,05F0000S,05F0055S,32,240,29
2025/04/01 19:45,05F0000S,05F0055S,41,241,2
2025/04/01 19:45,05F0000S,05F0055S,42,0,0
2025/04/01 19:45,05F0000S,05F0055S,5,0,0
2025/04/01 19:45,05F0055S,05F0287S,31,991,74
2025/04/01 19:45,05F0055S,05F0287S,32,1017,18
2025/04/01 19:45,05F0055S,05F0287S,41,1036,5
2025/04/01 19:45,05F0055S,05F0287S,42,0,0
2025/04/01 19:45,05F0055S,05F0287S,5,0,0
2025/04/01 19:45,05F0287S,05F0309S,31,85,57
2025/04/01 19:45,05F0287S,05F0309S,32,90,12
2025/04/01 19:45,05F0287S,05F0309S,41,90,3
2025/04/01 19:45,05F0287S,05F0309S,42,0,0
2025/04/01 19:45,05F0287S,05F0309S,5,0,0
2025/04/01 19:45,05F0309S,05F0439S,31,499,34
2025/04/01 19:45,05F0309S,05F0439S,32,502,8
2025/04/01 19:45,05F0309S,05F0439S,41,534,2
2025/04/01 19:45,05F0309S,05F0439S,42,607,1
2025/04/01 19:45,05F0309S,05F0439S,5,0,0
2025/04/01 19:45,05F0439S,05F0494S,31,199,9
2025/04/01 19:45,05F0439S,05F0494S,32,209,5
2025/04/01 19:45,05F0439S,05F0494S,41,0,0
2025/04/01 19:45,05F0439S,05F0494S,42,0,0
2025/04/01 19:45,05F0439S,05F0494S,5,0,0
2025/04/01 19:50,05F0000S,05F0055S,31,247,60
2025/04/01 19:50,05F0000S,05F0055S,32,246,10
2025/04/01 19:50,05F0000S,05F0055S,41,237,6
2025/04/01 19:50,05F0000S,05F0055S,42,0,0
2025/04/01 19:50,05F0000S,05F0055S,5,0,0
2025/04/01 19:50,05F0055S,05F0287S,31,1009,108
2025/04/01 19:50,05F0055S,05F0287S,32,1037,14
2025/04/01 19:50,05F0055S,05F0287S,41,1077,5
2025/04/01 19:50,05F0055S,05F0287S,42,0,0
2025/04/01 19:50,05F0055S,05F0287S,5,0,0
2025/04/01 19:50,05F0287S,05F0309S,31,86,73
2025/04/01 19:50,05F0287S,05F0309S,32,84,14
2025/04/01 19:50,05F0287S,05F0309S,41,93,7
2025/04/01 19:50,05F0287S,05F0309S,42,0,0
2025/04/01 19:50,05F0287S,05F0309S,5,0,0
2025/04/01 19:50,05F0309S,05F0439S,31,476,32
2025/04/01 19:50,05F0309S,05F0439S,32,472,9
2025/04/01 19:50,05F0309S,05F0439S,41,0,0
2025/04/01 19:50,05F0309S,05F0439S,42,0,0
2025/04/01 19:50,05F0309S,05F0439S,5,520,1
2025/04/01 19:50,05F0439S,05F0494S,31,203,11
2025/04/01 19:50,05F0439S,05F0494S,32,202,6
2025/04/01 19:50,05F0439S,05F0494S,41,0,0
2025/04/01 19:50,05F0439S,05F0494S,42,250,1
2025/04/01 19:50,05F0439S,05F0494S,5,0,0
2025/04/01 19:55,05F0000S,05F0055S,31,241,78
2025/04/01 19:55,05F0000S,05F0055S,32,246,24
2025/04/01 19:55,05F0000S,05F0055S,41,250,5
2025/04/01 19:55,05F0000S,05F0055S,42,0,0
2025/04/01 19:55,05F0000S,05F0055S,5,0,0
2025/04/01 19:55,05F0055S,05F0287S,31,1016,103
2025/04/01 19:55,05F0055S,05F0287S,32,1013,21
2025/04/01 19:55,05F0055S,05F0287S,41,1062,8
2025/04/01 19:55,05F0055S,05F0287S,42,0,0
2025/04/01 19:55,05F0055S,05F0287S,5,0,0
2025/04/01 19:55,05F0287S,05F0309S,31,85,62
2025/04/01 19:55,05F0287S,05F0309S,32,88,6
2025/04/01 19:55,05F0287S,05F0309S,41,93,4
2025/04/01 19:55,05F0287S,05F0309S,42,0,0
2025/04/01 19:55,05F0287S,05F0309S,5,0,0
2025/04/01 19:55,05F0309S,05F0439S,31,466,38
2025/04/01 19:55,05F0309S,05F0439S,32,531,9
2025/04/01 19:55,05F0309S,05F0439S,41,535,6
2025/04/01 19:55,05F0309S,05F0439S,42,0,0
2025/04/01 19:55,05F0309S,05F0439S,5,0,0
2025/04/01 19:55,05F0439S,05F0494S,31,206,6
2025/04/01 19:55,05F0439S,05F0494S,32,215,2
2025/04/01 19:55,05F0439S,05F0494S,41,0,0
2025/04/01 19:55,05F0439S,05F0494S,42,0,0
2025/04/01 19:55,05F0439S,05F0494S,5,0,0
2025/04/01 20:00,05F0000S,05F0055S,31,238,65
2025/04/01 20:00,05F0000S,05F0055S,32,243,23
2025/04/01 20:00,05F0000S,05F0055S,41,253,3
2025/04/01 20:00,05F0000S,05F0055S,42,0,0
2025/04/01 20:00,05F0000S,05F0055S,5,0,0
2025/04/01 20:00,05F0055S,05F0287S,31,987,79
2025/04/01 20:00,05F0055S,05F0287S,32,987,27
2025/04/01 20:00,05F0055S,05F0287S,41,1023,1
2025/04/01 20:00,05F0055S,05F0287S,42,0,0
2025/04/01 20:00,05F0055S,05F0287S,5,0,0
2025/04/01 20:00,05F0287S,05F0309S,31,89,62
2025/04/01 20:00,05F0287S,05F0309S,32,82,26
2025/04/01 20:00,05F0287S,05F0309S,41,93,3
2025/04/01 20:00,05F0287S,05F0309S,42,0,0
2025/04/01 20:00,05F0287S,05F0309S,5,0,0
2025/04/01 20:00,05F0309S,05F0439S,31,500,45
2025/04/01 20:00,05F0309S,05F0439S,32,489,6
2025/04/01 20:00,05F0309S,05F0439S,41,524,4
2025/04/01 20:00,05F0309S,05F0439S,42,987,3
2025/04/01 20:00,05F0309S,05F0439S,5,515,1
2025/04/01 20:00,05F0439S,05F0494S,31,194,14
2025/04/01 20:00,05F0439S,05F0494S,32,204,5
2025/04/01 20:00,05F0439S,05F0494S,41,0,0
2025/04/01 20:00,05F0439S,05F0494S,42,231,1
2025/04/01 20:00,05F0439S,05F0494S,5,0,0
2025/04/01 20:05,05F0000S,05F0055S,31,240,58
2025/04/01 20:05,05F0000S,05F0055S,32,233,9
2025/04/01 20:05,05F0000S,05F0055S,41,231,3
2025/04/01 20:05,05F0000S,05F0055S,42,0,0
2025/04/01 20:05,05F0000S,05F0055S,5,0,0
2025/04/01 20:05,05F0055S,05F0287S,31,981,84
2025/04/01 20:05,05F0055S,05F0287S,32,970,25
2025/04/01 20:05,05F0055S,05F0287S,41,1004,7
2025/04/01 20:05,05F0055S,05F0287S,42,0,0
2025/04/01 20:05,05F0055S,05F0287S,5,0,0
2025/04/01 20:05,05F0287S,05F0309S,31,88,72
2025/04/01 20:05,05F0287S,05F0309S,32,90,21
2025/04/01 20:05,05F0287S,05F0309S,41,88,4
2025/04/01 20:05,05F0287S,05F0309S,42,0,0
2025/04/01 20:05,05F0287S,05F0309S,5,0,0
2025/04/01 20:05,05F0309S,05F0439S,31,486,37
2025/04/01 20:05,05F0309S,05F0439S,32,479,13
2025/04/01 20:05,05F0309S,05F0439S,41,524,2
2025/04/01 20:05,05F0309S,05F0439S,42,0,0
2025/04/01 20:05,05F0309S,05F0439S,5,0,0
2025/04/01 20:05,05F0439S,05F0494S,31,205,11
2025/04/01 20:05,05F0439S,05F0494S,32,178,1
2025/04/01 20:05,05F0439S,05F0494S,41,246,1
2025/04/01 20:05,05F0439S,05F0494S,42,204,1
2025/04/01 20:05,05F0439S,05F0494S,5,227,1
2025/04/01 20:10,05F0000S,05F0055S,31,242,68
2025/04/01 20:10,05F0000S,05F0055S,32,240,18
2025/04/01 20:10,05F0000S,05F0055S,41,253,2
2025/04/01 20:10,05F0000S,05F0055S,42,0,0
2025/04/01 20:10,05F0000S,05F0055S,5,0,0
2025/04/01 20:10,05F0055S,05F0287S,31,980,79
2025/04/01 20:10,05F0055S,05F0287S,32,979,25
2025/04/01 20:10,05F0055S,05F0287S,41,979,2
2025/04/01 20:10,05F0055S,05F0287S,42,0,0
2025/04/01 20:10,05F0055S,05F0287S,5,0,0
2025/04/01 20:10,05F0287S,05F0309S,31,87,43
2025/04/01 20:10,05F0287S,05F0309S,32,83,12
2025/04/01 20:10,05F0287S,05F0309S,41,91,3
2025/04/01 20:10,05F0287S,05F0309S,42,0,0
2025/04/01 20:10,05F0287S,05F0309S,5,0,0
2025/04/01 20:10,05F0309S,05F0439S,31,484,30
2025/04/01 20:10,05F0309S,05F0439S,32,465,8
2025/04/01 20:10,05F0309S,05F0439S,41,539,1
2025/04/01 20:10,05F0309S,05F0439S,42,0,0
2025/04/01 20:10,05F0309S,05F0439S,5,532,1
2025/04/01 20:10,05F0439S,05F0494S,31,183,12
2025/04/01 20:10,05F0439S,05F0494S,32,199,8
2025/04/01 20:10,05F0439S,05F0494S,41,0,0
2025/04/01 20:10,05F0439S,05F0494S,42,0,0
2025/04/01 20:10,05F0439S,05F0494S,5,0,0
2025/04/01 20:15,05F0000S,05F0055S,31,237,65
2025/04/01 20:15,05F0000S,05F0055S,32,230,7
2025/04/01 20:15,05F0000S,05F0055S,41,246,4
2025/04/01 20:15,05F0000S,05F0055S,42,0,0
2025/04/01 20:15,05F0000S,05F0055S,5,0,0
2025/04/01 20:15,05F0055S,05F0287S,31,975,73
2025/04/01 20:15,05F0055S,05F0287S,32,973,23
2025/04/01 20:15,05F0055S,05F0287S,41,1054,5
2025/04/01 20:15,05F0055S,05F0287S,42,2719,1
2025/04/01 20:15,05F0055S,05F0287S,5,0,0
2025/04/01 20:15,05F0287S,05F0309S,31,86,57
2025/04/01 20:15,05F0287S,05F0309S,32,89,18
2025/04/01 20:15,05F0287S,05F0309S,41,93,4
2025/04/01 20:15,05F0287S,05F0309S,42,96,1
2025/04/01 20:15,05F0287S,05F0309S,5,0,0
2025/04/01 20:15,05F0309S,05F0439S,31,488,41
2025/04/01 20:15,05F0309S,05F0439S,32,523,11
2025/04/01 20:15,05F0309S,05F0439S,41,479,3
2025/04/01 20:15,05F0309S,05F0439S,42,476,1
2025/04/01 20:15,05F0309S,05F0439S,5,526,4
2025/04/01 20:15,05F0439S,05F0494S,31,198,13
2025/04/01 20:15,05F0439S,05F0494S,32,192,2
2025/04/01 20:15,05F0439S,05F0494S,41,0,0
2025/04/01 20:15,05F0439S,05F0494S,42,0,0
2025/04/01 20:15,05F0439S,05F0494S,5,0,0
2025/04/01 20:20,05F0000S,05F0055S,31,237,60
2025/04/01 20:20,05F0000S,05F0055S,32,244,17
2025/04/01 20:20,05F0000S,05F0055S,41,251,5
2025/04/01 20:20,05F0000S,05F0055S,42,0,0
2025/04/01 20:20,05F0000S,05F0055S,5,0,0
2025/04/01 20:20,05F0055S,05F0287S,31,965,71
2025/04/01 20:20,05F0055S,05F0287S,32,961,16
2025/04/01 20:20,05F0055S,05F0287S,41,1021,3
2025/04/01 20:20,05F0055S,05F0287S,42,0,0
2025/04/01 20:20,05F0055S,05F0287S,5,0,0
2025/04/01 20:20,05F0287S,05F0309S,31,85,52
2025/04/01 20:20,05F0287S,05F0309S,32,86,15
2025/04/01 20:20,05F0287S,05F0309S,41,93,3
2025/04/01 20:20,05F0287S,05F0309S,42,0,0
2025/04/01 20:20,05F0287S,05F0309S,5,0,0
2025/04/01 20:20,05F0309S,05F0439S,31,479,46
2025/04/01 20:20,05F0309S,05F0439S,32,475,9
2025/04/01 20:20,05F0309S,05F0439S,41,530,2
2025/04/01 20:20,05F0309S,05F0439S,42,0,0
2025/04/01 20:20,05F0309S,05F0439S,5,521,4
2025/04/01 20:20,05F0439S,05F0494S,31,194,15
2025/04/01 20:20,05F0439S,05F0494S,32,205,5
2025/04/01 20:20,05F0439S,05F0494S,41,0,0
2025/04/01 20:20,05F0439S,05F0494S,42,0,0
2025/04/01 20:20,05F0439S,05F0494S,5,223,5
2025/04/01 20:25,05F0000S,05F0055S,31,241,63
2025/04/01 20:25,05F0000S,05F0055S,32,242,22
2025/04/01 20:25,05F0000S,05F0055S,41,255,2
2025/04/01 20:25,05F0000S,05F0055S,42,0,0
2025/04/01 20:25,05F0000S,05F0055S,5,0,0
2025/04/01 20:25,05F0055S,05F0287S,31,965,68
2025/04/01 20:25,05F0055S,05F0287S,32,975,15
2025/04/01 20:25,05F0055S,05F0287S,41,1028,3
2025/04/01 20:25,05F0055S,05F0287S,42,0,0
2025/04/01 20:25,05F0055S,05F0287S,5,0,0
2025/04/01 20:25,05F0287S,05F0309S,31,86,53
2025/04/01 20:25,05F0287S,05F0309S,32,82,4
2025/04/01 20:25,05F0287S,05F0309S,41,95,4
2025/04/01 20:25,05F0287S,05F0309S,42,0,0
2025/04/01 20:25,05F0287S,05F0309S,5,0,0
2025/04/01 20:25,05F0309S,05F0439S,31,474,34
2025/04/01 20:25,05F0309S,05F0439S,32,468,11
2025/04/01 20:25,05F0309S,05F0439S,41,514,2
2025/04/01 20:25,05F0309S,05F0439S,42,530,4
2025/04/01 20:25,05F0309S,05F0439S,5,504,2
2025/04/01 20:25,05F0439S,05F0494S,31,203,9
2025/04/01 20:25,05F0439S,05F0494S,32,211,7
2025/04/01 20:25,05F0439S,05F0494S,41,0,0
2025/04/01 20:25,05F0439S,05F0494S,42,0,0
2025/04/01 20:25,05F0439S,05F0494S,5,206,2
2025/04/01 20:30,05F0000S,05F0055S,31,240,53
2025/04/01 20:30,05F0000S,05F0055S,32,239,13
2025/04/01 20:30,05F0000S,05F0055S,41,239,3
2025/04/01 20:30,05F0000S,05F0055S,42,0,0
2025/04/01 20:30,05F0000S,05F0055S,5,0,0
2025/04/01 20:30,05F0055S,05F0287S,31,954,63
2025/04/01 20:30,05F0055S,05F0287S,32,971,12
2025/04/01 20:30,05F0055S,05F0287S,41,982,4
2025/04/01 20:30,05F0055S,05F0287S,42,0,0
2025/04/01 20:30,05F0055S,05F0287S,5,0,0
2025/04/01 20:30,05F0287S,05F0309S,31,85,49
2025/04/01 20:30,05F0287S,05F0309S,32,83,13
2025/04/01 20:30,05F0287S,05F0309S,41,88,3
2025/04/01 20:30,05F0287S,05F0309S,42,0,0
2025/04/01 20:30,05F0287S,05F0309S,5,0,0
2025/04/01 20:30,05F0309S,05F0439S,31,475,25
2025/04/01 20:30,05F0309S,05F0439S,32,515,4
2025/04/01 20:30,05F0309S,05F0439S,41,556,1
2025/04/01 20:30,05F0309S,05F0439S,42,549,4
2025/04/01 20:30,05F0309S,05F0439S,5,492,5
2025/04/01 20:30,05F0439S,05F0494S,31,208,14
2025/04/01 20:30,05F0439S,05F0494S,32,210,5
2025/04/01 20:30,05F0439S,05F0494S,41,0,0
2025/04/01 20:30,05F0439S,05F0494S,42,220,3
2025/04/01 20:30,05F0439S,05F0494S,5,247,2
2025/04/01 20:35,05F0000S,05F0055S,31,237,65
2025/04/01 20:35,05F0000S,05F0055S,32,238,12
2025/04/01 20:35,05F0000S,05F0055S,41,255,2
2025/04/01 20:35,05F0000S,05F0055S,42,0,0
2025/04/01 20:35,05F0000S,05F0055S,5,0,0
2025/04/01 20:35,05F0055S,05F0287S,31,954,70
2025/04/01 20:35,05F0055S,05F0287S,32,977,18
2025/04/01 20:35,05F0055S,05F0287S,41,1015,2
2025/04/01 20:35,05F0055S,05F0287S,42,0,0
2025/04/01 20:35,05F0055S,05F0287S,5,0,0
2025/04/01 20:35,05F0287S,05F0309S,31,85,49
2025/04/01 20:35,05F0287S,05F0309S,32,83,16
2025/04/01 20:35,05F0287S,05F0309S,41,95,2
2025/04/01 20:35,05F0287S,05F0309S,42,0,0
2025/04/01 20:35,05F0287S,05F0309S,5,0,0
2025/04/01 20:35,05F0309S,05F0439S,31,482,31
2025/04/01 20:35,05F0309S,05F0439S,32,459,5
2025/04/01 20:35,05F0309S,05F0439S,41,541,3
2025/04/01 20:35,05F0309S,05F0439S,42,554,1
2025/04/01 20:35,05F0309S,05F0439S,5,530,1
2025/04/01 20:35,05F0439S,05F0494S,31,203,9
2025/04/01 20:35,05F0439S,05F0494S,32,0,0
2025/04/01 20:35,05F0439S,05F0494S,41,0,0
2025/04/01 20:35,05F0439S,05F0494S,42,220,3
2025/04/01 20:35,05F0439S,05F0494S,5,215,4
2025/04/01 20:40,05F0000S,05F0055S,31,237,66
2025/04/01 20:40,05F0000S,05F0055S,32,234,12
2025/04/01 20:40,05F0000S,05F0055S,41,235,5
2025/04/01 20:40,05F0000S,05F0055S,42,0,0
2025/04/01 20:40,05F0000S,05F0055S,5,0,0
2025/04/01 20:40,05F0055S,05F0287S,31,957,60
2025/04/01 20:40,05F0055S,05F0287S,32,966,20
2025/04/01 20:40,05F0055S,05F0287S,41,1021,5
2025/04/01 20:40,05F0055S,05F0287S,42,0,0
2025/04/01 20:40,05F0055S,05F0287S,5,0,0
2025/04/01 20:40,05F0287S,05F0309S,31,86,44
2025/04/01 20:40,05F0287S,05F0309S,32,91,13
2025/04/01 20:40,05F0287S,05F0309S,41,96,4
2025/04/01 20:40,05F0287S,05F0309S,42,0,0
2025/04/01 20:40,05F0287S,05F0309S,5,0,0
2025/04/01 20:40,05F0309S,05F0439S,31,483,22
2025/04/01 20:40,05F0309S,05F0439S,32,476,9
2025/04/01 20:40,05F0309S,05F0439S,41,1204,2
2025/04/01 20:40,05F0309S,05F0439S,42,472,3
2025/04/01 20:40,05F0309S,05F0439S,5,433,1
2025/04/01 20:40,05F0439S,05F0494S,31,206,15
2025/04/01 20:40,05F0439S,05F0494S,32,197,6
2025/04/01 20:40,05F0439S,05F0494S,41,0,0
2025/04/01 20:40,05F0439S,05F0494S,42,205,1
2025/04/01 20:40,05F0439S,05F0494S,5,240,2
2025/04/01 20:45,05F0000S,05F0055S,31,249,77
2025/04/01 20:45,05F0000S,05F0055S,32,251,16
2025/04/01 20:45,05F0000S,05F0055S,41,247,5
2025/04/01 20:45,05F0000S,05F0055S,42,0,0
2025/04/01 20:45,05F0000S,05F0055S,5,0,0
2025/04/01 20:45,05F0055S,05F0287S,31,969,69
2025/04/01 20:45,05F0055S,05F0287S,32,972,15
2025/04/01 20:45,05F0055S,05F0287S,41,997,1
2025/04/01 20:45,05F0055S,05F0287S,42,0,0
2025/04/01 20:45,05F0055S,05F0287S,5,0,0
2025/04/01 20:45,05F0287S,05F0309S,31,87,46
2025/04/01 20:45,05F0287S,05F0309S,32,93,14
2025/04/01 20:45,05F0287S,05F0309S,41,88,2
2025/04/01 20:45,05F0287S,05F0309S,42,0,0
2025/04/01 20:45,05F0287S,05F0309S,5,0,0
2025/04/01 20:45,05F0309S,05F0439S,31,462,37
2025/04/01 20:45,05F0309S,05F0439S,32,436,5
2025/04/01 20:45,05F0309S,05F0439S,41,506,2
2025/04/01 20:45,05F0309S,05F0439S,42,0,0
2025/04/01 20:45,05F0309S,05F0439S,5,572,1
2025/04/01 20:45,05F0439S,05F0494S,31,206,20
2025/04/01 20:45,05F0439S,05F0494S,32,187,5
2025/04/01 20:45,05F0439S,05F0494S,41,0,0
2025/04/01 20:45,05F0439S,05F0494S,42,200,1
2025/04/01 20:45,05F0439S,05F0494S,5,252,1
2025/04/01 20:50,05F0000S,05F0055S,31,238,73
2025/04/01 20:50,05F0000S,05F0055S,32,232,15
2025/04/01 20:50,05F0000S,05F0055S,41,244,3
2025/04/01 20:50,05F0000S,05F0055S,42,0,0
2025/04/01 20:50,05F0000S,05F0055S,5,0,0
2025/04/01 20:50,05F0055S,05F0287S,31,966,59
2025/04/01 20:50,05F0055S,05F0287S,32,982,17
2025/04/01 20:50,05F0055S,05F0287S,41,1037,4
2025/04/01 20:50,05F0055S,05F0287S,42,0,0
2025/04/01 20:50,05F0055S,05F0287S,5,0,0
2025/04/01 20:50,05F0287S,05F0309S,31,85,40
2025/04/01 20:50,05F0287S,05F0309S,32,88,13
2025/04/01 20:50,05F0287S,05F0309S,41,93,3
2025/04/01 20:50,05F0287S,05F0309S,42,0,0
2025/04/01 20:50,05F0287S,05F0309S,5,0,0
2025/04/01 20:50,05F0309S,05F0439S,31,493,23
2025/04/01 20:50,05F0309S,05F0439S,32,529,12
2025/04/01 20:50,05F0309S,05F0439S,41,537,4
2025/04/01 20:50,05F0309S,05F0439S,42,534,1
2025/04/01 20:50,05F0309S,05F0439S,5,538,1
2025/04/01 20:50,05F0439S,05F0494S,31,198,17
2025/04/01 20:50,05F0439S,05F0494S,32,204,2
2025/04/01 20:50,05F0439S,05F0494S,41,0,0
2025/04/01 20:50,05F0439S,05F0494S,42,0,0
2025/04/01 20:50,05F0439S,05F0494S,5,235,1
2025/04/01 20:55,05F0000S,05F0055S,31,231,52
2025/04/01 20:55,05F0000S,05F0055S,32,230,17
2025/04/01 20:55,05F0000S,05F0055S,41,233,1
2025/04/01 20:55,05F0000S,05F0055S,42,0,0
2025/04/01 20:55,05F0000S,05F0055S,5,0,0
2025/04/01 20:55,05F0055S,05F0287S,31,965,75
2025/04/01 20:55,05F0055S,05F0287S,32,983,15
2025/04/01 20:55,05F0055S,05F0287S,41,988,4
2025/04/01 20:55,05F0055S,05F0287S,42,0,0
2025/04/01 20:55,05F0055S,05F0287S,5,0,0
2025/04/01 20:55,05F0287S,05F0309S,31,84,49
2025/04/01 20:55,05F0287S,05F0309S,32,86,9
2025/04/01 20:55,05F0287S,05F0309S,41,0,0
2025/04/01 20:55,05F0287S,05F0309S,42,0,0
2025/04/01 20:55,05F0287S,05F0309S,5,0,0
2025/04/01 20:55,05F0309S,05F0439S,31,487,35
2025/04/01 20:55,05F0309S,05F0439S,32,487,8
2025/04/01 20:55,05F0309S,05F0439S,41,0,0
2025/04/01 20:55,05F0309S,05F0439S,42,0,0
2025/04/01 20:55,05F0309S,05F0439S,5,514,2
2025/04/01 20:55,05F0439S,05F0494S,31,197,8
2025/04/01 20:55,05F0439S,05F0494S,32,235,6
2025/04/01 20:55,05F0439S,05F0494S,41,0,0
2025/04/01 20:55,05F0439S,05F0494S,42,228,1
2025/04/01 20:55,05F0439S,05F0494S,5,226,1
2025/04/01 21:00,05F0000S,05F0055S,31,231,61
2025/04/01 21:00,05F0000S,05F0055S,32,230,11
2025/04/01 21:00,05F0000S,05F0055S,41,227,4
2025/04/01 21:00,05F0000S,05F0055S,42,0,0
2025/04/01 21:00,05F0000S,05F0055S,5,0,0
2025/04/01 21:00,05F0055S,05F0287S,31,970,61
2025/04/01 21:00,05F0055S,05F0287S,32,976,15
2025/04/01 21:00,05F0055S,05F0287S,41,1019,4
2025/04/01 21:00,05F0055S,05F0287S,42,0,0
2025/04/01 21:00,05F0055S,05F0287S,5,0,0
2025/04/01 21:00,05F0287S,05F0309S,31,84,38
2025/04/01 21:00,05F0287S,05F0309S,32,87,12
2025/04/01 21:00,05F0287S,05F0309S,41,91,4
2025/04/01 21:00,05F0287S,05F0309S,42,0,0
2025/04/01 21:00,05F0287S,05F0309S,5,0,0
2025/04/01 21:00,05F0309S,05F0439S,31,481,28
2025/04/01 21:00,05F0309S,05F0439S,32,524,7
2025/04/01 21:00,05F0309S,05F0439S,41,527,2
2025/04/01 21:00,05F0309S,05F0439S,42,0,0
2025/04/01 21:00,05F0309S,05F0439S,5,0,0
2025/04/01 21:00,05F0439S,05F0494S,31,217,6
2025/04/01 21:00,05F0439S,05F0494S,32,209,3
2025/04/01 21:00,05F0439S,05F0494S,41,0,0
2025/04/01 21:00,05F0439S,05F0494S,42,0,0
2025/04/01 21:00,05F0439S,05F0494S,5,231,2
2025/04/01 21:05,05F0000S,05F0055S,31,249,57
2025/04/01 21:05,05F0000S,05F0055S,32,260,19
2025/04/01 21:05,05F0000S,05F0055S,41,244,2
2025/04/01 21:05,05F0000S,05F0055S,42,2978,1
2025/04/01 21:05,05F0000S,05F0055S,5,0,0
2025/04/01 21:05,05F0055S,05F0287S,31,973,90
2025/04/01 21:05,05F0055S,05F0287S,32,971,22
2025/04/01 21:05,05F0055S,05F0287S,41,1002,5
2025/04/01 21:05,05F0055S,05F0287S,42,0,0
2025/04/01 21:05,05F0055S,05F0287S,5,0,0
2025/04/01 21:05,05F0287S,05F0309S,31,87,71
2025/04/01 21:05,05F0287S,05F0309S,32,90,13
2025/04/01 21:05,05F0287S,05F0309S,41,95,5
2025/04/01 21:05,05F0287S,05F0309S,42,0,0
2025/04/01 21:05,05F0287S,05F0309S,5,0,0
2025/04/01 21:05,05F0309S,05F0439S,31,472,33
2025/04/01 21:05,05F0309S,05F0439S,32,493,8
2025/04/01 21:05,05F0309S,05F0439S,41,533,1
2025/04/01 21:05,05F0309S,05F0439S,42,0,0
2025/04/01 21:05,05F0309S,05F0439S,5,510,6
2025/04/01 21:05,05F0439S,05F0494S,31,203,13
2025/04/01 21:05,05F0439S,05F0494S,32,234,5
2025/04/01 21:05,05F0439S,05F0494S,41,0,0
2025/04/01 21:05,05F0439S,05F0494S,42,0,0
2025/04/01 21:05,05F0439S,05F0494S,5,215,3
2025/04/01 21:10,05F0000S,05F0055S,31,236,43
2025/04/01 21:10,05F0000S,05F0055S,32,231,11
2025/04/01 21:10,05F0000S,05F0055S,41,230,3
2025/04/01 21:10,05F0000S,05F0055S,42,0,0
2025/04/01 21:10,05F0000S,05F0055S,5,0,0
2025/04/01 21:10,05F0055S,05F0287S,31,947,56
2025/04/01 21:10,05F0055S,05F0287S,32,963,20
2025/04/01 21:10,05F0055S,05F0287S,41,969,1
2025/04/01 21:10,05F0055S,05F0287S,42,0,0
2025/04/01 21:10,05F0055S,05F0287S,5,0,0
2025/04/01 21:10,05F0287S,05F0309S,31,84,41
2025/04/01 21:10,05F0287S,05F0309S,32,83,16
2025/04/01 21:10,05F0287S,05F0309S,41,90,2
2025/04/01 21:10,05F0287S,05F0309S,42,0,0
2025/04/01 21:10,05F0287S,05F0309S,5,0,0
2025/04/01 21:10,05F0309S,05F0439S,31,485,28
2025/04/01 21:10,05F0309S,05F0439S,32,508,10
2025/04/01 21:10,05F0309S,05F0439S,41,528,5
2025/04/01 21:10,05F0309S,05F0439S,42,503,3
2025/04/01 21:10,05F0309S,05F0439S,5,603,1
2025/04/01 21:10,05F0439S,05F0494S,31,207,25
2025/04/01 21:10,05F0439S,05F0494S,32,215,5
2025/04/01 21:10,05F0439S,05F0494S,41,0,0
2025/04/01 21:10,05F0439S,05F0494S,42,210,1
2025/04/01 21:10,05F0439S,05F0494S,5,218,2
2025/04/01 21:15,05F0000S,05F0055S,31,233,75
2025/04/01 21:15,05F0000S,05F0055S,32,233,19
2025/04/01 21:15,05F0000S,05F0055S,41,237,4
2025/04/01 21:15,05F0000S,05F0055S,42,0,0
2025/04/01 21:15,05F0000S,05F0055S,5,0,0
2025/04/01 21:15,05F0055S,05F0287S,31,946,68
2025/04/01 21:15,05F0055S,05F0287S,32,947,11
2025/04/01 21:15,05F0055S,05F0287S,41,966,3
2025/04/01 21:15,05F0055S,05F0287S,42,0,0
2025/04/01 21:15,05F0055S,05F0287S,5,0,0
2025/04/01 21:15,05F0287S,05F0309S,31,85,45
2025/04/01 21:15,05F0287S,05F0309S,32,85,8
2025/04/01 21:15,05F0287S,05F0309S,41,90,1
2025/04/01 21:15,05F0287S,05F0309S,42,0,0
2025/04/01 21:15,05F0287S,05F0309S,5,0,0
2025/04/01 21:15,05F0309S,05F0439S,31,490,45
2025/04/01 21:15,05F0309S,05F0439S,32,489,10
2025/04/01 21:15,05F0309S,05F0439S,41,522,2
2025/04/01 21:15,05F0309S,05F0439S,42,0,0
2025/04/01 21:15,05F0309S,05F0439S,5,620,1
2025/04/01 21:15,05F0439S,05F0494S,31,204,14
2025/04/01 21:15,05F0439S,05F0494S,32,214,5
2025/04/01 21:15,05F0439S,05F0494S,41,0,0
2025/04/01 21:15,05F0439S,05F0494S,42,0,0
2025/04/01 21:15,05F0439S,05F0494S,5,0,0
2025/04/01 21:20,05F0000S,05F0055S,31,233,77
2025/04/01 21:20,05F0000S,05F0055S,32,236,17
2025/04/01 21:20,05F0000S,05F0055S,41,232,2
2025/04/01 21:20,05F0000S,05F0055S,42,0,0
2025/04/01 21:20,05F0000S,05F0055S,5,0,0
2025/04/01 21:20,05F0055S,05F0287S,31,986,35
2025/04/01 21:20,05F0055S,05F0287S,32,985,11
2025/04/01 21:20,05F0055S,05F0287S,41,1002,2
2025/04/01 21:20,05F0055S,05F0287S,42,0,0
2025/04/01 21:20,05F0055S,05F0287S,5,0,0
2025/04/01 21:20,05F0287S,05F0309S,31,86,31
2025/04/01 21:20,05F0287S,05F0309S,32,93,7
2025/04/01 21:20,05F0287S,05F0309S,41,744,2
2025/04/01 21:20,05F0287S,05F0309S,42,0,0
2025/04/01 21:20,05F0287S,05F0309S,5,0,0
2025/04/01 21:20,05F0309S,05F0439S,31,478,20
2025/04/01 21:20,05F0309S,05F0439S,32,492,9
2025/04/01 21:20,05F0309S,05F0439S,41,0,0
2025/04/01 21:20,05F0309S,05F0439S,42,585,3
2025/04/01 21:20,05F0309S,05F0439S,5,0,0
2025/04/01 21:20,05F0439S,05F0494S,31,210,16
2025/04/01 21:20,05F0439S,05F0494S,32,210,6
2025/04/01 21:20,05F0439S,05F0494S,41,0,0
2025/04/01 21:20,05F0439S,05F0494S,42,231,2
2025/04/01 21:20,05F0439S,05F0494S,5,3148,3
2025/04/01 21:25,05F0000S,05F0055S,31,230,48
2025/04/01 21:25,05F0000S,05F0055S,32,250,8
2025/04/01 21:25,05F0000S,05F0055S,41,237,4
2025/04/01 21:25,05F0000S,05F0055S,42,0,0
2025/04/01 21:25,05F0000S,05F0055S,5,0,0
2025/04/01 21:25,05F0055S,05F0287S,31,983,73
2025/04/01 21:25,05F0055S,05F0287S,32,1009,20
2025/04/01 21:25,05F0055S,05F0287S,41,974,3
2025/04/01 21:25,05F0055S,05F0287S,42,1024,2
2025/04/01 21:25,05F0055S,05F0287S,5,0,0
2025/04/01 21:25,05F0287S,05F0309S,31,87,45
2025/04/01 21:25,05F0287S,05F0309S,32,87,9
2025/04/01 21:25,05F0287S,05F0309S,41,96,3
2025/04/01 21:25,05F0287S,05F0309S,42,0,0
2025/04/01 21:25,05F0287S,05F0309S,5,0,0
2025/04/01 21:25,05F0309S,05F0439S,31,487,25
2025/04/01 21:25,05F0309S,05F0439S,32,468,5
2025/04/01 21:25,05F0309S,05F0439S,41,520,1
2025/04/01 21:25,05F0309S,05F0439S,42,551,4
2025/04/01 21:25,05F0309S,05F0439S,5,0,0
2025/04/01 21:25,05F0439S,05F0494S,31,204,16
2025/04/01 21:25,05F0439S,05F0494S,32,213,3
2025/04/01 21:25,05F0439S,05F0494S,41,0,0
2025/04/01 21:25,05F0439S,05F0494S,42,223,1
2025/04/01 21:25,05F0439S,05F0494S,5,0,0
2025/04/01 21:30,05F0000S,05F0055S,31,238,44
2025/04/01 21:30,05F0000S,05F0055S,32,232,13
2025/04/01 21:30,05F0000S,05F0055S,41,230,3
2025/04/01 21:30,05F0000S,05F0055S,42,0,0
2025/04/01 21:30,05F0000S,05F0055S,5,0,0
2025/04/01 21:30,05F0055S,05F0287S,31,977,81
2025/04/01 21:30,05F0055S,05F0287S,32,981,17
2025/04/01 21:30,05F0055S,05F0287S,41,1010,4
2025/04/01 21:30,05F0055S,05F0287S,42,0,0
2025/04/01 21:30,05F0055S,05F0287S,5,0,0
2025/04/01 21:30,05F0287S,05F0309S,31,86,48
2025/04/01 21:30,05F0287S,05F0309S,32,87,14
2025/04/01 21:30,05F0287S,05F0309S,41,92,4
2025/04/01 21:30,05F0287S,05F0309S,42,0,0
2025/04/01 21:30,05F0287S,05F0309S,5,0,0
2025/04/01 21:30,05F0309S,05F0439S,31,487,27
2025/04/01 21:30,05F0309S,05F0439S,32,515,5
2025/04/01 21:30,05F0309S,05F0439S,41,519,2
2025/04/01 21:30,05F0309S,05F0439S,42,561,2
2025/04/01 21:30,05F0309S,05F0439S,5,469,1
2025/04/01 21:30,05F0439S,05F0494S,31,204,16
2025/04/01 21:30,05F0439S,05F0494S,32,235,3
2025/04/01 21:30,05F0439S,05F0494S,41,0,0
2025/04/01 21:30,05F0439S,05F0494S,42,235,3
2025/04/01 21:30,05F0439S,05F0494S,5,0,0
2025/04/01 21:35,05F0000S,05F0055S,31,237,63
2025/04/01 21:35,05F0000S,05F0055S,32,237,21
2025/04/01 21:35,05F0000S,05F0055S,41,253,2
2025/04/01 21:35,05F0000S,05F0055S,42,0,0
2025/04/01 21:35,05F0000S,05F0055S,5,0,0
2025/04/01 21:35,05F0055S,05F0287S,31,949,68
2025/04/01 21:35,05F0055S,05F0287S,32,954,18
2025/04/01 21:35,05F0055S,05F0287S,41,971,1
2025/04/01 21:35,05F0055S,05F0287S,42,0,0
2025/04/01 21:35,05F0055S,05F0287S,5,0,0
2025/04/01 21:35,05F0287S,05F0309S,31,85,59
2025/04/01 21:35,05F0287S,05F0309S,32,85,7
2025/04/01 21:35,05F0287S,05F0309S,41,94,3
2025/04/01 21:35,05F0287S,05F0309S,42,0,0
2025/04/01 21:35,05F0287S,05F0309S,5,0,0
2025/04/01 21:35,05F0309S,05F0439S,31,493,24
2025/04/01 21:35,05F0309S,05F0439S,32,496,8
2025/04/01 21:35,05F0309S,05F0439S,41,524,3
2025/04/01 21:35,05F0309S,05F0439S,42,0,0
2025/04/01 21:35,05F0309S,05F0439S,5,552,1
2025/04/01 21:35,05F0439S,05F0494S,31,199,17
2025/04/01 21:35,05F0439S,05F0494S,32,205,7
2025/04/01 21:35,05F0439S,05F0494S,41,0,0
2025/04/01 21:35,05F0439S,05F0494S,42,226,1
2025/04/01 21:35,05F0439S,05F0494S,5,199,1
2025/04/01 21:40,05F0000S,05F0055S,31,239,75
2025/04/01 21:40,05F0000S,05F0055S,32,242,14
2025/04/01 21:40,05F0000S,05F0055S,41,253,4
2025/04/01 21:40,05F0000S,05F0055S,42,0,0
2025/04/01 21:40,05F0000S,05F0055S,5,0,0
2025/04/01 21:40,05F0055S,05F0287S,31,938,54
2025/04/01 21:40,05F0055S,05F0287S,32,958,9
2025/04/01 21:40,05F0055S,05F0287S,41,1013,4
2025/04/01 21:40,05F0055S,05F0287S,42,0,0
2025/04/01 21:40,05F0055S,05F0287S,5,0,0
2025/04/01 21:40,05F0287S,05F0309S,31,85,41
2025/04/01 21:40,05F0287S,05F0309S,32,91,14
2025/04/01 21:40,05F0287S,05F0309S,41,91,6
2025/04/01 21:40,05F0287S,05F0309S,42,970,1
2025/04/01 21:40,05F0287S,05F0309S,5,0,0
2025/04/01 21:40,05F0309S,05F0439S,31,489,40
2025/04/01 21:40,05F0309S,05F0439S,32,496,6
2025/04/01 21:40,05F0309S,05F0439S,41,1850,4
2025/04/01 21:40,05F0309S,05F0439S,42,0,0
2025/04/01 21:40,05F0309S,05F0439S,5,474,1
2025/04/01 21:40,05F0439S,05F0494S,31,210,10
2025/04/01 21:40,05F0439S,05F0494S,32,216,6
2025/04/01 21:40,05F0439S,05F0494S,41,0,0
2025/04/01 21:40,05F0439S,05F0494S,42,0,0
2025/04/01 21:40,05F0439S,05F0494S,5,216,2
2025/04/01 21:45,05F0000S,05F0055S,31,238,58
2025/04/01 21:45,05F0000S,05F0055S,32,241,8
2025/04/01 21:45,05F0000S,05F0055S,41,243,4
2025/04/01 21:45,05F0000S,05F0055S,42,0,0
2025/04/01 21:45,05F0000S,05F0055S,5,0,0
2025/04/01 21:45,05F0055S,05F0287S,31,979,50
2025/04/01 21:45,05F0055S,05F0287S,32,993,15
2025/04/01 21:45,05F0055S,05F0287S,41,1042,2
2025/04/01 21:45,05F0055S,05F0287S,42,0,0
2025/04/01 21:45,05F0055S,05F0287S,5,0,0
2025/04/01 21:45,05F0287S,05F0309S,31,91,28
2025/04/01 21:45,05F0287S,05F0309S,32,86,11
2025/04/01 21:45,05F0287S,05F0309S,41,99,1
2025/04/01 21:45,05F0287S,05F0309S,42,0,0
2025/04/01 21:45,05F0287S,05F0309S,5,0,0
2025/04/01 21:45,05F0309S,05F0439S,31,476,32
2025/04/01 21:45,05F0309S,05F0439S,32,496,8
2025/04/01 21:45,05F0309S,05F0439S,41,515,4
2025/04/01 21:45,05F0309S,05F0439S,42,547,1
2025/04/01 21:45,05F0309S,05F0439S,5,497,1
2025/04/01 21:45,05F0439S,05F0494S,31,203,17
2025/04/01 21:45,05F0439S,05F0494S,32,215,4
2025/04/01 21:45,05F0439S,05F0494S,41,0,0
2025/04/01 21:45,05F0439S,05F0494S,42,1523,1
2025/04/01 21:45,05F0439S,05F0494S,5,0,0
2025/04/01 21:50,05F0000S,05F0055S,31,238,61
2025/04/01 21:50,05F0000S,05F0055S,32,242,14
2025/04/01 21:50,05F0000S,05F0055S,41,236,3
2025/04/01 21:50,05F0000S,05F0055S,42,0,0
2025/04/01 21:50,05F0000S,05F0055S,5,0,0
2025/04/01 21:50,05F0055S,05F0287S,31,951,62
2025/04/01 21:50,05F0055S,05F0287S,32,954,14
2025/04/01 21:50,05F0055S,05F0287S,41,1011,5
2025/04/01 21:50,05F0055S,05F0287S,42,0,0
2025/04/01 21:50,05F0055S,05F0287S,5,0,0
2025/04/01 21:50,05F0287S,05F0309S,31,83,38
2025/04/01 21:50,05F0287S,05F0309S,32,85,12
2025/04/01 21:50,05F0287S,05F0309S,41,92,4
2025/04/01 21:50,05F0287S,05F0309S,42,0,0
2025/04/01 21:50,05F0287S,05F0309S,5,0,0
2025/04/01 21:50,05F0309S,05F0439S,31,479,19
2025/04/01 21:50,05F0309S,05F0439S,32,450,3
2025/04/01 21:50,05F0309S,05F0439S,41,533,2
2025/04/01 21:50,05F0309S,05F0439S,42,591,1
2025/04/01 21:50,05F0309S,05F0439S,5,0,0
2025/04/01 21:50,05F0439S,05F0494S,31,213,13
2025/04/01 21:50,05F0439S,05F0494S,32,216,2
2025/04/01 21:50,05F0439S,05F0494S,41,0,0
2025/04/01 21:50,05F0439S,05F0494S,42,0,0
2025/04/01 21:50,05F0439S,05F0494S,5,211,1
2025/04/01 21:55,05F0000S,05F0055S,31,237,67
2025/04/01 21:55,05F0000S,05F0055S,32,239,7
2025/04/01 21:55,05F0000S,05F0055S,41,231,6
2025/04/01 21:55,05F0000S,05F0055S,42,0,0
2025/04/01 21:55,05F0000S,05F0055S,5,0,0
2025/04/01 21:55,05F0055S,05F0287S,31,971,75
2025/04/01 21:55,05F0055S,05F0287S,32,968,19
2025/04/01 21:55,05F0055S,05F0287S,41,1006,1
2025/04/01 21:55,05F0055S,05F0287S,42,0,0
2025/04/01 21:55,05F0055S,05F0287S,5,0,0
2025/04/01 21:55,05F0287S,05F0309S,31,84,49
2025/04/01 21:55,05F0287S,05F0309S,32,88,8
2025/04/01 21:55,05F0287S,05F0309S,41,94,1
2025/04/01 21:55,05F0287S,05F0309S,42,0,0
2025/04/01 21:55,05F0287S,05F0309S,5,0,0
2025/04/01 21:55,05F0309S,05F0439S,31,494,30
2025/04/01 21:55,05F0309S,05F0439S,32,492,11
2025/04/01 21:55,05F0309S,05F0439S,41,540,1
2025/04/01 21:55,05F0309S,05F0439S,42,0,0
2025/04/01 21:55,05F0309S,05F0439S,5,549,1
2025/04/01 21:55,05F0439S,05F0494S,31,228,9
2025/04/01 21:55,05F0439S,05F0494S,32,184,2
2025/04/01 21:55,05F0439S,05F0494S,41,0,0
2025/04/01 21:55,05F0439S,05F0494S,42,0,0
2025/04/01 21:55,05F0439S,05F0494S,5,0,0
2025/04/01 22:00,05F0000S,05F0055S,31,244,50
2025/04/01 22:00,05F0000S,05F0055S,32,252,15
2025/04/01 22:00,05F0000S,05F0055S,41,0,0
2025/04/01 22:00,05F0000S,05F0055S,42,0,0
2025/04/01 22:00,05F0000S,05F0055S,5,0,0
2025/04/01 22:00,05F0055S,05F0287S,31,961,65
2025/04/01 22:00,05F0055S,05F0287S,32,975,10
2025/04/01 22:00,05F0055S,05F0287S,41,1009,7
2025/04/01 22:00,05F0055S,05F0287S,42,0,0
2025/04/01 22:00,05F0055S,05F0287S,5,0,0
2025/04/01 22:00,05F0287S,05F0309S,31,85,58
2025/04/01 22:00,05F0287S,05F0309S,32,87,9
2025/04/01 22:00,05F0287S,05F0309S,41,92,4
2025/04/01 22:00,05F0287S,05F0309S,42,0,0
2025/04/01 22:00,05F0287S,05F0309S,5,0,0
2025/04/01 22:00,05F0309S,05F0439S,31,496,23
2025/04/01 22:00,05F0309S,05F0439S,32,495,8
2025/04/01 22:00,05F0309S,05F0439S,41,545,2
2025/04/01 22:00,05F0309S,05F0439S,42,531,3
2025/04/01 22:00,05F0309S,05F0439S,5,519,1
2025/04/01 22:00,05F0439S,05F0494S,31,192,13
2025/04/01 22:00,05F0439S,05F0494S,32,211,5
2025/04/01 22:00,05F0439S,05F0494S,41,0,0
2025/04/01 22:00,05F0439S,05F0494S,42,0,0
2025/04/01 22:00,05F0439S,05F0494S,5,0,0
2025/04/01 22:05,05F0000S,05F0055S,31,237,55
2025/04/01 22:05,05F0000S,05F0055S,32,238,10
2025/04/01 22:05,05F0000S,05F0055S,41,246,3
2025/04/01 22:05,05F0000S,05F0055S,42,0,0
2025/04/01 22:05,05F0000S,05F0055S,5,0,0
2025/04/01 22:05,05F0055S,05F0287S,31,958,61
2025/04/01 22:05,05F0055S,05F0287S,32,971,10
2025/04/01 22:05,05F0055S,05F0287S,41,1007,3
2025/04/01 22:05,05F0055S,05F0287S,42,0,0
2025/04/01 22:05,05F0055S,05F0287S,5,0,0
2025/04/01 22:05,05F0287S,05F0309S,31,85,36
2025/04/01 22:05,05F0287S,05F0309S,32,87,7
2025/04/01 22:05,05F0287S,05F0309S,41,92,3
2025/04/01 22:05,05F0287S,05F0309S,42,2349,1
2025/04/01 22:05,05F0287S,05F0309S,5,0,0
2025/04/01 22:05,05F0309S,05F0439S,31,499,30
2025/04/01 22:05,05F0309S,05F0439S,32,561,5
2025/04/01 22:05,05F0309S,05F0439S,41,673,1
2025/04/01 22:05,05F0309S,05F0439S,42,508,1
2025/04/01 22:05,05F0309S,05F0439S,5,505,2
2025/04/01 22:05,05F0439S,05F0494S,31,205,13
2025/04/01 22:05,05F0439S,05F0494S,32,0,0
2025/04/01 22:05,05F0439S,05F0494S,41,0,0
2025/04/01 22:05,05F0439S,05F0494S,42,216,2
2025/04/01 22:05,05F0439S,05F0494S,5,210,1
2025/04/01 22:10,05F0000S,05F0055S,31,233,43
2025/04/01 22:10,05F0000S,05F0055S,32,237,15
2025/04/01 22:10,05F0000S,05F0055S,41,0,0
2025/04/01 22:10,05F0000S,05F0055S,42,0,0
2025/04/01 22:10,05F0000S,05F0055S,5,0,0
2025/04/01 22:10,05F0055S,05F0287S,31,955,66
2025/04/01 22:10,05F0055S,05F0287S,32,978,11
2025/04/01 22:10,05F0055S,05F0287S,41,986,4
2025/04/01 22:10,05F0055S,05F0287S,42,0,0
2025/04/01 22:10,05F0055S,05F0287S,5,0,0
2025/04/01 22:10,05F0287S,05F0309S,31,85,40
2025/04/01 22:10,05F0287S,05F0309S,32,90,9
2025/04/01 22:10,05F0287S,05F0309S,41,92,3
2025/04/01 22:10,05F0287S,05F0309S,42,0,0
2025/04/01 22:10,05F0287S,05F0309S,5,0,0
2025/04/01 22:10,05F0309S,05F0439S,31,508,34
2025/04/01 22:10,05F0309S,05F0439S,32,510,4
2025/04/01 22:10,05F0309S,05F0439S,41,536,4
2025/04/01 22:10,05F0309S,05F0439S,42,570,4
2025/04/01 22:10,05F0309S,05F0439S,5,0,0
2025/04/01 22:10,05F0439S,05F0494S,31,203,10
2025/04/01 22:10,05F0439S,05F0494S,32,941,2
2025/04/01 22:10,05F0439S,05F0494S,41,0,0
2025/04/01 22:10,05F0439S,05F0494S,42,0,0
2025/04/01 22:10,05F0439S,05F0494S,5,211,2
2025/04/01 22:15,05F0000S,05F0055S,31,239,50
2025/04/01 22:15,05F0000S,05F0055S,32,241,15
2025/04/01 22:15,05F0000S,05F0055S,41,241,5
2025/04/01 22:15,05F0000S,05F0055S,42,0,0
2025/04/01 22:15,05F0000S,05F0055S,5,0,0
2025/04/01 22:15,05F0055S,05F0287S,31,977,62
2025/04/01 22:15,05F0055S,05F0287S,32,1000,14
2025/04/01 22:15,05F0055S,05F0287S,41,1023,2
2025/04/01 22:15,05F0055S,05F0287S,42,0,0
2025/04/01 22:15,05F0055S,05F0287S,5,0,0
2025/04/01 22:15,05F0287S,05F0309S,31,86,35
2025/04/01 22:15,05F0287S,05F0309S,32,86,7
2025/04/01 22:15,05F0287S,05F0309S,41,94,3
2025/04/01 22:15,05F0287S,05F0309S,42,0,0
2025/04/01 22:15,05F0287S,05F0309S,5,0,0
2025/04/01 22:15,05F0309S,05F0439S,31,497,32
2025/04/01 22:15,05F0309S,05F0439S,32,520,6
2025/04/01 22:15,05F0309S,05F0439S,41,543,1
2025/04/01 22:15,05F0309S,05F0439S,42,625,3
2025/04/01 22:15,05F0309S,05F0439S,5,528,2
2025/04/01 22:15,05F0439S,05F0494S,31,209,21
2025/04/01 22:15,05F0439S,05F0494S,32,237,2
2025/04/01 22:15,05F0439S,05F0494S,41,0,0
2025/04/01 22:15,05F0439S,05F0494S,42,238,3
2025/04/01 22:15,05F0439S,05F0494S,5,213,2
2025/04/01 22:20,05F0000S,05F0055S,31,233,48
2025/04/01 22:20,05F0000S,05F0055S,32,233,9
2025/04/01 22:20,05F0000S,05F0055S,41,242,3
2025/04/01 22:20,05F0000S,05F0055S,42,0,0
2025/04/01 22:20,05F0000S,05F0055S,5,0,0
2025/04/01 22:20,05F0055S,05F0287S,31,953,54
2025/04/01 22:20,05F0055S,05F0287S,32,959,9
2025/04/01 22:20,05F0055S,05F0287S,41,1014,3
2025/04/01 22:20,05F0055S,05F0287S,42,0,0
2025/04/01 22:20,05F0055S,05F0287S,5,0,0
2025/04/01 22:20,05F0287S,05F0309S,31,87,48
2025/04/01 22:20,05F0287S,05F0309S,32,91,13
2025/04/01 22:20,05F0287S,05F0309S,41,0,0
2025/04/01 22:20,05F0287S,05F0309S,42,0,0
2025/04/01 22:20,05F0287S,05F0309S,5,0,0
2025/04/01 22:20,05F0309S,05F0439S,31,485,21
2025/04/01 22:20,05F0309S,05F0439S,32,512,8
2025/04/01 22:20,05F0309S,05F0439S,41,532,3
2025/04/01 22:20,05F0309S,05F0439S,42,0,0
2025/04/01 22:20,05F0309S,05F0439S,5,0,0
2025/04/01 22:20,05F0439S,05F0494S,31,208,7
2025/04/01 22:20,05F0439S,05F0494S,32,217,6
2025/04/01 22:20,05F0439S,05F0494S,41,226,1
2025/04/01 22:20,05F0439S,05F0494S,42,226,2
2025/04/01 22:20,05F0439S,05F0494S,5,0,0
2025/04/01 22:25,05F0000S,05F0055S,31,243,52
2025/04/01 22:25,05F0000S,05F0055S,32,244,9
2025/04/01 22:25,05F0000S,05F0055S,41,247,3
2025/04/01 22:25,05F0000S,05F0055S,42,0,0
2025/04/01 22:25,05F0000S,05F0055S,5,0,0
2025/04/01 22:25,05F0055S,05F0287S,31,958,50
2025/04/01 22:25,05F0055S,05F0287S,32,960,15
2025/04/01 22:25,05F0055S,05F0287S,41,0,0
2025/04/01 22:25,05F0055S,05F0287S,42,0,0
2025/04/01 22:25,05F0055S,05F0287S,5,0,0
2025/04/01 22:25,05F0287S,05F0309S,31,86,48
2025/04/01 22:25,05F0287S,05F0309S,32,90,8
2025/04/01 22:25,05F0287S,05F0309S,41,92,4
2025/04/01 22:25,05F0287S,05F0309S,42,0,0
2025/04/01 22:25,05F0287S,05F0309S,5,0,0
2025/04/01 22:25,05F0309S,05F0439S,31,501,32
2025/04/01 22:25,05F0309S,05F0439S,32,511,7
2025/04/01 22:25,05F0309S,05F0439S,41,575,1
2025/04/01 22:25,05F0309S,05F0439S,42,0,0
2025/04/01 22:25,05F0309S,05F0439S,5,0,0
2025/04/01 22:25,05F0439S,05F0494S,31,205,10
2025/04/01 22:25,05F0439S,05F0494S,32,221,1
2025/04/01 22:25,05F0439S,05F0494S,41,0,0
2025/04/01 22:25,05F0439S,05F0494S,42,0,0
2025/04/01 22:25,05F0439S,05F0494S,5,0,0
2025/04/01 22:30,05F0000S,05F0055S,31,232,49
2025/04/01 22:30,05F0000S,05F0055S,32,236,10
2025/04/01 22:30,05F0000S,05F0055S,41,227,1
2025/04/01 22:30,05F0000S,05F0055S,42,0,0
2025/04/01 22:30,05F0000S,05F0055S,5,0,0
2025/04/01 22:30,05F0055S,05F0287S,31,970,36
2025/04/01 22:30,05F0055S,05F0287S,32,971,12
2025/04/01 22:30,05F0055S,05F0287S,41,1011,3
2025/04/01 22:30,05F0055S,05F0287S,42,0,0
2025/04/01 22:30,05F0055S,05F0287S,5,0,0
2025/04/01 22:30,05F0287S,05F0309S,31,85,32
2025/04/01 22:30,05F0287S,05F0309S,32,86,17
2025/04/01 22:30,05F0287S,05F0309S,41,85,3
2025/04/01 22:30,05F0287S,05F0309S,42,0,0
2025/04/01 22:30,05F0287S,05F0309S,5,0,0
2025/04/01 22:30,05F0309S,05F0439S,31,495,26
2025/04/01 22:30,05F0309S,05F0439S,32,516,6
2025/04/01 22:30,05F0309S,05F0439S,41,537,3
2025/04/01 22:30,05F0309S,05F0439S,42,0,0
2025/04/01 22:30,05F0309S,05F0439S,5,549,1
2025/04/01 22:30,05F0439S,05F0494S,31,207,8
2025/04/01 22:30,05F0439S,05F0494S,32,220,4
2025/04/01 22:30,05F0439S,05F0494S,41,0,0
2025/04/01 22:30,05F0439S,05F0494S,42,0,0
2025/04/01 22:30,05F0439S,05F0494S,5,0,0
2025/04/01 22:35,05F0000S,05F0055S,31,234,45
2025/04/01 22:35,05F0000S,05F0055S,32,232,10
2025/04/01 22:35,05F0000S,05F0055S,41,229,2
2025/04/01 22:35,05F0000S,05F0055S,42,0,0
2025/04/01 22:35,05F0000S,05F0055S,5,0,0
2025/04/01 22:35,05F0055S,05F0287S,31,958,59
2025/04/01 22:35,05F0055S,05F0287S,32,998,12
2025/04/01 22:35,05F0055S,05F0287S,41,1080,2
2025/04/01 22:35,05F0055S,05F0287S,42,0,0
2025/04/01 22:35,05F0055S,05F0287S,5,0,0
2025/04/01 22:35,05F0287S,05F0309S,31,86,30
2025/04/01 22:35,05F0287S,05F0309S,32,86,9
2025/04/01 22:35,05F0287S,05F0309S,41,98,3
2025/04/01 22:35,05F0287S,05F0309S,42,0,0
2025/04/01 22:35,05F0287S,05F0309S,5,0,0
2025/04/01 22:35,05F0309S,05F0439S,31,502,19
2025/04/01 22:35,05F0309S,05F0439S,32,484,6
2025/04/01 22:35,05F0309S,05F0439S,41,0,0
2025/04/01 22:35,05F0309S,05F0439S,42,600,2
2025/04/01 22:35,05F0309S,05F0439S,5,0,0
2025/04/01 22:35,05F0439S,05F0494S,31,193,12
2025/04/01 22:35,05F0439S,05F0494S,32,277,2
2025/04/01 22:35,05F0439S,05F0494S,41,0,0
2025/04/01 22:35,05F0439S,05F0494S,42,0,0
2025/04/01 22:35,05F0439S,05F0494S,5,231,1
2025/04/01 22:40,05F0000S,05F0055S,31,237,41
2025/04/01 22:40,05F0000S,05F0055S,32,244,17
2025/04/01 22:40,05F0000S,05F0055S,41,241,2
2025/04/01 22:40,05F0000S,05F0055S,42,0,0
2025/04/01 22:40,05F0000S,05F0055S,5,0,0
2025/04/01 22:40,05F0055S,05F0287S,31,962,53
2025/04/01 22:40,05F0055S,05F0287S,32,957,9
2025/04/01 22:40,05F0055S,05F0287S,41,1002,4
2025/04/01 22:40,05F0055S,05F0287S,42,0,0
2025/04/01 22:40,05F0055S,05F0287S,5,0,0
2025/04/01 22:40,05F0287S,05F0309S,31,85,37
2025/04/01 22:40,05F0287S,05F0309S,32,87,7
2025/04/01 22:40,05F0287S,05F0309S,41,91,2
2025/04/01 22:40,05F0287S,05F0309S,42,0,0
2025/04/01 22:40,05F0287S,05F0309S,5,0,0
2025/04/01 22:40,05F0309S,05F0439S,31,491,17
2025/04/01 22:40,05F0309S,05F0439S,32,500,12
2025/04/01 22:40,05F0309S,05F0439S,41,523,3
2025/04/01 22:40,05F0309S,05F0439S,42,0,0
2025/04/01 22:40,05F0309S,05F0439S,5,0,0
2025/04/01 22:40,05F0439S,05F0494S,31,200,4
2025/04/01 22:40,05F0439S,05F0494S,32,211,3
2025/04/01 22:40,05F0439S,05F0494S,41,0,0
2025/04/01 22:40,05F0439S,05F0494S,42,239,2
2025/04/01 22:40,05F0439S,05F0494S,5,0,0
2025/04/01 22:45,05F0000S,05F0055S,31,236,28
2025/04/01 22:45,05F0000S,05F0055S,32,248,8
2025/04/01 22:45,05F0000S,05F0055S,41,0,0
2025/04/01 22:45,05F0000S,05F0055S,42,0,0
2025/04/01 22:45,05F0000S,05F0055S,5,0,0
2025/04/01 22:45,05F0055S,05F0287S,31,948,55
2025/04/01 22:45,05F0055S,05F0287S,32,961,12
2025/04/01 22:45,05F0055S,05F0287S,41,1168,2
2025/04/01 22:45,05F0055S,05F0287S,42,0,0
2025/04/01 22:45,05F0055S,05F0287S,5,0,0
2025/04/01 22:45,05F0287S,05F0309S,31,85,36
2025/04/01 22:45,05F0287S,05F0309S,32,87,7
2025/04/01 22:45,05F0287S,05F0309S,41,95,3
2025/04/01 22:45,05F0287S,05F0309S,42,0,0
2025/04/01 22:45,05F0287S,05F0309S,5,0,0
2025/04/01 22:45,05F0309S,05F0439S,31,493,32
2025/04/01 22:45,05F0309S,05F0439S,32,496,5
2025/04/01 22:45,05F0309S,05F0439S,41,0,0
2025/04/01 22:45,05F0309S,05F0439S,42,463,1
2025/04/01 22:45,05F0309S,05F0439S,5,487,1
2025/04/01 22:45,05F0439S,05F0494S,31,209,4
2025/04/01 22:45,05F0439S,05F0494S,32,207,5
2025/04/01 22:45,05F0439S,05F0494S,41,0,0
2025/04/01 22:45,05F0439S,05F0494S,42,0,0
2025/04/01 22:45,05F0439S,05F0494S,5,0,0
2025/04/01 22:50,05F0000S,05F0055S,31,235,32
2025/04/01 22:50,05F0000S,05F0055S,32,230,12
2025/04/01 22:50,05F0000S,05F0055S,41,223,1
2025/04/01 22:50,05F0000S,05F0055S,42,0,0
2025/04/01 22:50,05F0000S,05F0055S,5,0,0
2025/04/01 22:50,05F0055S,05F0287S,31,956,37
2025/04/01 22:50,05F0055S,05F0287S,32,953,11
2025/04/01 22:50,05F0055S,05F0287S,41,964,3
2025/04/01 22:50,05F0055S,05F0287S,42,0,0
2025/04/01 22:50,05F0055S,05F0287S,5,0,0
2025/04/01 22:50,05F0287S,05F0309S,31,83,31
2025/04/01 22:50,05F0287S,05F0309S,32,82,11
2025/04/01 22:50,05F0287S,05F0309S,41,92,2
2025/04/01 22:50,05F0287S,05F0309S,42,0,0
2025/04/01 22:50,05F0287S,05F0309S,5,0,0
2025/04/01 22:50,05F0309S,05F0439S,31,485,24
2025/04/01 22:50,05F0309S,05F0439S,32,509,4
2025/04/01 22:50,05F0309S,05F0439S,41,531,2
2025/04/01 22:50,05F0309S,05F0439S,42,0,0
2025/04/01 22:50,05F0309S,05F0439S,5,574,2
2025/04/01 22:50,05F0439S,05F0494S,31,211,18
2025/04/01 22:50,05F0439S,05F0494S,32,280,1
2025/04/01 22:50,05F0439S,05F0494S,41,0,0
2025/04/01 22:50,05F0439S,05F0494S,42,197,1
2025/04/01 22:50,05F0439S,05F0494S,5,203,2
2025/04/01 22:55,05F0000S,05F0055S,31,227,30
2025/04/01 22:55,05F0000S,05F0055S,32,228,6
2025/04/01 22:55,05F0000S,05F0055S,41,232,4
2025/04/01 22:55,05F0000S,05F0055S,42,0,0
2025/04/01 22:55,05F0000S,05F0055S,5,0,0
2025/04/01 22:55,05F0055S,05F0287S,31,976,53
2025/04/01 22:55,05F0055S,05F0287S,32,986,16
2025/04/01 22:55,05F0055S,05F0287S,41,1005,1
2025/04/01 22:55,05F0055S,05F0287S,42,0,0
2025/04/01 22:55,05F0055S,05F0287S,5,0,0
2025/04/01 22:55,05F0287S,05F0309S,31,85,35
2025/04/01 22:55,05F0287S,05F0309S,32,83,7
2025/04/01 22:55,05F0287S,05F0309S,41,1061,1
2025/04/01 22:55,05F0287S,05F0309S,42,0,0
2025/04/01 22:55,05F0287S,05F0309S,5,0,0
2025/04/01 22:55,05F0309S,05F0439S,31,489,23
2025/04/01 22:55,05F0309S,05F0439S,32,498,6
2025/04/01 22:55,05F0309S,05F0439S,41,547,1
2025/04/01 22:55,05F0309S,05F0439S,42,0,0
2025/04/01 22:55,05F0309S,05F0439S,5,569,1
2025/04/01 22:55,05F0439S,05F0494S,31,223,8
2025/04/01 22:55,05F0439S,05F0494S,32,221,1
2025/04/01 22:55,05F0439S,05F0494S,41,0,0
2025/04/01 22:55,05F0439S,05F0494S,42,0,0
2025/04/01 22:55,05F0439S,05F0494S,5,268,1
2025/04/01 23:00,05F0000S,05F0055S,31,231,28
2025/04/01 23:00,05F0000S,05F0055S,32,239,5
2025/04/01 23:00,05F0000S,05F0055S,41,218,1
2025/04/01 23:00,05F0000S,05F0055S,42,0,0
2025/04/01 23:00,05F0000S,05F0055S,5,0,0
2025/04/01 23:00,05F0055S,05F0287S,31,968,31
2025/04/01 23:00,05F0055S,05F0287S,32,967,9
2025/04/01 23:00,05F0055S,05F0287S,41,1044,1
2025/04/01 23:00,05F0055S,05F0287S,42,0,0
2025/04/01 23:00,05F0055S,05F0287S,5,0,0
2025/04/01 23:00,05F0287S,05F0309S,31,88,36
2025/04/01 23:00,05F0287S,05F0309S,32,92,9
2025/04/01 23:00,05F0287S,05F0309S,41,93,2
2025/04/01 23:00,05F0287S,05F0309S,42,0,0
2025/04/01 23:00,05F0287S,05F0309S,5,0,0
2025/04/01 23:00,05F0309S,05F0439S,31,483,18
2025/04/01 23:00,05F0309S,05F0439S,32,491,10
2025/04/01 23:00,05F0309S,05F0439S,41,1103,2
2025/04/01 23:00,05F0309S,05F0439S,42,491,1
2025/04/01 23:00,05F0309S,05F0439S,5,519,3
2025/04/01 23:00,05F0439S,05F0494S,31,202,10
2025/04/01 23:00,05F0439S,05F0494S,32,0,0
2025/04/01 23:00,05F0439S,05F0494S,41,0,0
2025/04/01 23:00,05F0439S,05F0494S,42,0,0
2025/04/01 23:00,05F0439S,05F0494S,5,236,1
2025/04/01 23:05,05F0000S,05F0055S,31,229,32
2025/04/01 23:05,05F0000S,05F0055S,32,237,10
2025/04/01 23:05,05F0000S,05F0055S,41,226,2
2025/04/01 23:05,05F0000S,05F0055S,42,0,0
2025/04/01 23:05,05F0000S,05F0055S,5,0,0
2025/04/01 23:05,05F0055S,05F0287S,31,947,35
2025/04/01 23:05,05F0055S,05F0287S,32,956,12
2025/04/01 23:05,05F0055S,05F0287S,41,0,0
2025/04/01 23:05,05F0055S,05F0287S,42,0,0
2025/04/01 23:05,05F0055S,05F0287S,5,0,0
2025/04/01 23:05,05F0287S,05F0309S,31,86,12
2025/04/01 23:05,05F0287S,05F0309S,32,90,5
2025/04/01 23:05,05F0287S,05F0309S,41,0,0
2025/04/01 23:05,05F0287S,05F0309S,42,0,0
2025/04/01 23:05,05F0287S,05F0309S,5,0,0
2025/04/01 23:05,05F0309S,05F0439S,31,501,21
2025/04/01 23:05,05F0309S,05F0439S,32,554,4
2025/04/01 23:05,05F0309S,05F0439S,41,537,1
2025/04/01 23:05,05F0309S,05F0439S,42,595,2
2025/04/01 23:05,05F0309S,05F0439S,5,0,0
2025/04/01 23:05,05F0439S,05F0494S,31,209,8
2025/04/01 23:05,05F0439S,05F0494S,32,194,2
2025/04/01 23:05,05F0439S,05F0494S,41,0,0
2025/04/01 23:05,05F0439S,05F0494S,42,228,1
2025/04/01 23:05,05F0439S,05F0494S,5,256,1
2025/04/01 23:10,05F0000S,05F0055S,31,237,23
2025/04/01 23:10,05F0000S,05F0055S,32,241,16
2025/04/01 23:10,05F0000S,05F0055S,41,0,0
2025/04/01 23:10,05F0000S,05F0055S,42,0,0
2025/04/01 23:10,05F0000S,05F0055S,5,0,0
2025/04/01 23:10,05F0055S,05F0287S,31,945,36
2025/04/01 23:10,05F0055S,05F0287S,32,972,12
2025/04/01 23:10,05F0055S,05F0287S,41,974,4
2025/04/01 23:10,05F0055S,05F0287S,42,0,0
2025/04/01 23:10,05F0055S,05F0287S,5,0,0
2025/04/01 23:10,05F0287S,05F0309S,31,79,25
2025/04/01 23:10,05F0287S,05F0309S,32,88,12
2025/04/01 23:10,05F0287S,05F0309S,41,89,2
2025/04/01 23:10,05F0287S,05F0309S,42,0,0
2025/04/01 23:10,05F0287S,05F0309S,5,0,0
2025/04/01 23:10,05F0309S,05F0439S,31,492,15
2025/04/01 23:10,05F0309S,05F0439S,32,500,8
2025/04/01 23:10,05F0309S,05F0439S,41,1351,2
2025/04/01 23:10,05F0309S,05F0439S,42,587,1
2025/04/01 23:10,05F0309S,05F0439S,5,483,1
2025/04/01 23:10,05F0439S,05F0494S,31,202,12
2025/04/01 23:10,05F0439S,05F0494S,32,212,5
2025/04/01 23:10,05F0439S,05F0494S,41,0,0
2025/04/01 23:10,05F0439S,05F0494S,42,248,1
2025/04/01 23:10,05F0439S,05F0494S,5,0,0
2025/04/01 23:15,05F0000S,05F0055S,31,236,38
2025/04/01 23:15,05F0000S,05F0055S,32,238,5
2025/04/01 23:15,05F0000S,05F0055S,41,241,2
2025/04/01 23:15,05F0000S,05F0055S,42,0,0
2025/04/01 23:15,05F0000S,05F0055S,5,0,0
2025/04/01 23:15,05F0055S,05F0287S,31,938,30
2025/04/01 23:15,05F0055S,05F0287S,32,964,6
2025/04/01 23:15,05F0055S,05F0287S,41,946,2
2025/04/01 23:15,05F0055S,05F0287S,42,0,0
2025/04/01 23:15,05F0055S,05F0287S,5,0,0
2025/04/01 23:15,05F0287S,05F0309S,31,81,16
2025/04/01 23:15,05F0287S,05F0309S,32,85,2
2025/04/01 23:15,05F0287S,05F0309S,41,96,3
2025/04/01 23:15,05F0287S,05F0309S,42,100,1
2025/04/01 23:15,05F0287S,05F0309S,5,0,0
2025/04/01 23:15,05F0309S,05F0439S,31,497,12
2025/04/01 23:15,05F0309S,05F0439S,32,532,6
2025/04/01 23:15,05F0309S,05F0439S,41,0,0
2025/04/01 23:15,05F0309S,05F0439S,42,0,0
2025/04/01 23:15,05F0309S,05F0439S,5,483,1
2025/04/01 23:15,05F0439S,05F0494S,31,196,6
2025/04/01 23:15,05F0439S,05F0494S,32,220,5
2025/04/01 23:15,05F0439S,05F0494S,41,0,0
2025/04/01 23:15,05F0439S,05F0494S,42,237,1
2025/04/01 23:15,05F0439S,05F0494S,5,202,1
2025/04/01 23:20,05F0000S,05F0055S,31,234,26
2025/04/01 23:20,05F0000S,05F0055S,32,230,9
2025/04/01 23:20,05F0000S,05F0055S,41,228,2
2025/04/01 23:20,05F0000S,05F0055S,42,0,0
2025/04/01 23:20,05F0000S,05F0055S,5,0,0
2025/04/01 23:20,05F0055S,05F0287S,31,938,30
2025/04/01 23:20,05F0055S,05F0287S,32,957,10
2025/04/01 23:20,05F0055S,05F0287S,41,969,1
2025/04/01 23:20,05F0055S,05F0287S,42,0,0
2025/04/01 23:20,05F0055S,05F0287S,5,0,0
2025/04/01 23:20,05F0287S,05F0309S,31,85,31
2025/04/01 23:20,05F0287S,05F0309S,32,84,7
2025/04/01 23:20,05F0287S,05F0309S,41,90,1
2025/04/01 23:20,05F0287S,05F0309S,42,0,0
2025/04/01 23:20,05F0287S,05F0309S,5,0,0
2025/04/01 23:20,05F0309S,05F0439S,31,466,20
2025/04/01 23:20,05F0309S,05F0439S,32,546,5
2025/04/01 23:20,05F0309S,05F0439S,41,554,3
2025/04/01 23:20,05F0309S,05F0439S,42,550,2
2025/04/01 23:20,05F0309S,05F0439S,5,0,0
2025/04/01 23:20,05F0439S,05F0494S,31,190,10
2025/04/01 23:20,05F0439S,05F0494S,32,202,4
2025/04/01 23:20,05F0439S,05F0494S,41,0,0
2025/04/01 23:20,05F0439S,05F0494S,42,0,0
2025/04/01 23:20,05F0439S,05F0494S,5,202,1
2025/04/01 23:25,05F0000S,05F0055S,31,230,20
2025/04/01 23:25,05F0000S,05F0055S,32,224,6
2025/04/01 23:25,05F0000S,05F0055S,41,241,2
2025/04/01 23:25,05F0000S,05F0055S,42,0,0
2025/04/01 23:25,05F0000S,05F0055S,5,0,0
2025/04/01 23:25,05F0055S,05F0287S,31,949,29
2025/04/01 23:25,05F0055S,05F0287S,32,959,16
2025/04/01 23:25,05F0055S,05F0287S,41,975,1
2025/04/01 23:25,05F0055S,05F0287S,42,0,0
2025/04/01 23:25,05F0055S,05F0287S,5,0,0
2025/04/01 23:25,05F0287S,05F0309S,31,85,21
2025/04/01 23:25,05F0287S,05F0309S,32,87,8
2025/04/01 23:25,05F0287S,05F0309S,41,618,2
2025/04/01 23:25,05F0287S,05F0309S,42,0,0
2025/04/01 23:25,05F0287S,05F0309S,5,0,0
2025/04/01 23:25,05F0309S,05F0439S,31,471,10
2025/04/01 23:25,05F0309S,05F0439S,32,490,2
2025/04/01 23:25,05F0309S,05F0439S,41,508,1
2025/04/01 23:25,05F0309S,05F0439S,42,0,0
2025/04/01 23:25,05F0309S,05F0439S,5,0,0
2025/04/01 23:25,05F0439S,05F0494S,31,195,6
2025/04/01 23:25,05F0439S,05F0494S,32,220,3
2025/04/01 23:25,05F0439S,05F0494S,41,0,0
2025/04/01 23:25,05F0439S,05F0494S,42,214,1
2025/04/01 23:25,05F0439S,05F0494S,5,0,0
2025/04/01 23:30,05F0000S,05F0055S,31,234,25
2025/04/01 23:30,05F0000S,05F0055S,32,236,9
2025/04/01 23:30,05F0000S,05F0055S,41,269,2
2025/04/01 23:30,05F0000S,05F0055S,42,0,0
2025/04/01 23:30,05F0000S,05F0055S,5,0,0
2025/04/01 23:30,05F0055S,05F0287S,31,955,39
2025/04/01 23:30,05F0055S,05F0287S,32,965,7
2025/04/01 23:30,05F0055S,05F0287S,41,1025,1
2025/04/01 23:30,05F0055S,05F0287S,42,0,0
2025/04/01 23:30,05F0055S,05F0287S,5,0,0
2025/04/01 23:30,05F0287S,05F0309S,31,80,30
2025/04/01 23:30,05F0287S,05F0309S,32,86,6
2025/04/01 23:30,05F0287S,05F0309S,41,553,2
2025/04/01 23:30,05F0287S,05F0309S,42,0,0
2025/04/01 23:30,05F0287S,05F0309S,5,0,0
2025/04/01 23:30,05F0309S,05F0439S,31,495,21
2025/04/01 23:30,05F0309S,05F0439S,32,509,3
2025/04/01 23:30,05F0309S,05F0439S,41,1881,1
2025/04/01 23:30,05F0309S,05F0439S,42,865,1
2025/04/01 23:30,05F0309S,05F0439S,5,501,2
2025/04/01 23:30,05F0439S,05F0494S,31,199,4
2025/04/01 23:30,05F0439S,05F0494S,32,0,0
2025/04/01 23:30,05F0439S,05F0494S,41,0,0
2025/04/01 23:30,05F0439S,05F0494S,42,0,0
2025/04/01 23:30,05F0439S,05F0494S,5,0,0
2025/04/01 23:35,05F0000S,05F0055S,31,232,30
2025/04/01 23:35,05F0000S,05F0055S,32,230,6
2025/04/01 23:35,05F0000S,05F0055S,41,239,2
2025/04/01 23:35,05F0000S,05F0055S,42,0,0
2025/04/01 23:35,05F0000S,05F0055S,5,0,0
2025/04/01 23:35,05F0055S,05F0287S,31,959,27
2025/04/01 23:35,05F0055S,05F0287S,32,940,10
2025/04/01 23:35,05F0055S,05F0287S,41,970,2
2025/04/01 23:35,05F0055S,05F0287S,42,0,0
2025/04/01 23:35,05F0055S,05F0287S,5,0,0
2025/04/01 23:35,05F0287S,05F0309S,31,86,18
2025/04/01 23:35,05F0287S,05F0309S,32,86,8
2025/04/01 23:35,05F0287S,05F0309S,41,90,1
2025/04/01 23:35,05F0287S,05F0309S,42,0,0
2025/04/01 23:35,05F0287S,05F0309S,5,0,0
2025/04/01 23:35,05F0309S,05F0439S,31,471,13
2025/04/01 23:35,05F0309S,05F0439S,32,516,7
2025/04/01 23:35,05F0309S,05F0439S,41,524,1
2025/04/01 23:35,05F0309S,05F0439S,42,0,0
2025/04/01 23:35,05F0309S,05F0439S,5,0,0
2025/04/01 23:35,05F0439S,05F0494S,31,190,7
2025/04/01 23:35,05F0439S,05F0494S,32,219,2
2025/04/01 23:35,05F0439S,05F0494S,41,0,0
2025/04/01 23:35,05F0439S,05F0494S,42,0,0
2025/04/01 23:35,05F0439S,05F0494S,5,204,2
2025/04/01 23:40,05F0000S,05F0055S,31,230,27
2025/04/01 23:40,05F0000S,05F0055S,32,245,7
2025/04/01 23:40,05F0000S,05F0055S,41,209,1
2025/04/01 23:40,05F0000S,05F0055S,42,0,0
2025/04/01 23:40,05F0000S,05F0055S,5,0,0
2025/04/01 23:40,05F0055S,05F0287S,31,932,25
2025/04/01 23:40,05F0055S,05F0287S,32,919,6
2025/04/01 23:40,05F0055S,05F0287S,41,1040,3
2025/04/01 23:40,05F0055S,05F0287S,42,0,0
2025/04/01 23:40,05F0055S,05F0287S,5,0,0
2025/04/01 23:40,05F0287S,05F0309S,31,85,15
2025/04/01 23:40,05F0287S,05F0309S,32,83,6
2025/04/01 23:40,05F0287S,05F0309S,41,97,3
2025/04/01 23:40,05F0287S,05F0309S,42,0,0
2025/04/01 23:40,05F0287S,05F0309S,5,0,0
2025/04/01 23:40,05F0309S,05F0439S,31,470,19
2025/04/01 23:40,05F0309S,05F0439S,32,520,3
2025/04/01 23:40,05F0309S,05F0439S,41,533,2
2025/04/01 23:40,05F0309S,05F0439S,42,504,1
2025/04/01 23:40,05F0309S,05F0439S,5,0,0
2025/04/01 23:40,05F0439S,05F0494S,31,207,5
2025/04/01 23:40,05F0439S,05F0494S,32,215,5
2025/04/01 23:40,05F0439S,05F0494S,41,0,0
2025/04/01 23:40,05F0439S,05F0494S,42,0,0
2025/04/01 23:40,05F0439S,05F0494S,5,0,0
2025/04/01 23:45,05F0000S,05F0055S,31,225,28
2025/04/01 23:45,05F0000S,05F0055S,32,229,10
2025/04/01 23:45,05F0000S,05F0055S,41,0,0
2025/04/01 23:45,05F0000S,05F0055S,42,0,0
2025/04/01 23:45,05F0000S,05F0055S,5,0,0
2025/04/01 23:45,05F0055S,05F0287S,31,958,23
2025/04/01 23:45,05F0055S,05F0287S,32,951,8
2025/04/01 23:45,05F0055S,05F0287S,41,1010,1
2025/04/01 23:45,05F0055S,05F0287S,42,0,0
2025/04/01 23:45,05F0055S,05F0287S,5,0,0
2025/04/01 23:45,05F0287S,05F0309S,31,84,18
2025/04/01 23:45,05F0287S,05F0309S,32,73,4
2025/04/01 23:45,05F0287S,05F0309S,41,0,0
2025/04/01 23:45,05F0287S,05F0309S,42,0,0
2025/04/01 23:45,05F0287S,05F0309S,5,0,0
2025/04/01 23:45,05F0309S,05F0439S,31,495,11
2025/04/01 23:45,05F0309S,05F0439S,32,499,6
2025/04/01 23:45,05F0309S,05F0439S,41,517,1
2025/04/01 23:45,05F0309S,05F0439S,42,0,0
2025/04/01 23:45,05F0309S,05F0439S,5,0,0
2025/04/01 23:45,05F0439S,05F0494S,31,223,3
2025/04/01 23:45,05F0439S,05F0494S,32,209,3
2025/04/01 23:45,05F0439S,05F0494S,41,0,0
2025/04/01 23:45,05F0439S,05F0494S,42,214,1
2025/04/01 23:45,05F0439S,05F0494S,5,0,0
2025/04/01 23:50,05F0000S,05F0055S,31,223,25
2025/04/01 23:50,05F0000S,05F0055S,32,237,12
2025/04/01 23:50,05F0000S,05F0055S,41,236,3
2025/04/01 23:50,05F0000S,05F0055S,42,0,0
2025/04/01 23:50,05F0000S,05F0055S,5,0,0
2025/04/01 23:50,05F0055S,05F0287S,31,954,33
2025/04/01 23:50,05F0055S,05F0287S,32,996,7
2025/04/01 23:50,05F0055S,05F0287S,41,1031,4
2025/04/01 23:50,05F0055S,05F0287S,42,0,0
2025/04/01 23:50,05F0055S,05F0287S,5,0,0
2025/04/01 23:50,05F0287S,05F0309S,31,86,21
2025/04/01 23:50,05F0287S,05F0309S,32,88,7
2025/04/01 23:50,05F0287S,05F0309S,41,113,3
2025/04/01 23:50,05F0287S,05F0309S,42,0,0
2025/04/01 23:50,05F0287S,05F0309S,5,0,0
2025/04/01 23:50,05F0309S,05F0439S,31,475,14
2025/04/01 23:50,05F0309S,05F0439S,32,468,1
2025/04/01 23:50,05F0309S,05F0439S,41,538,1
2025/04/01 23:50,05F0309S,05F0439S,42,533,3
2025/04/01 23:50,05F0309S,05F0439S,5,493,2
2025/04/01 23:50,05F0439S,05F0494S,31,224,1
2025/04/01 23:50,05F0439S,05F0494S,32,198,1
2025/04/01 23:50,05F0439S,05F0494S,41,0,0
2025/04/01 23:50,05F0439S,05F0494S,42,181,1
2025/04/01 23:50,05F0439S,05F0494S,5,0,0
2025/04/01 23:55,05F0000S,05F0055S,31,228,21
2025/04/01 23:55,05F0000S,05F0055S,32,237,8
2025/04/01 23:55,05F0000S,05F0055S,41,222,1
2025/04/01 23:55,05F0000S,05F0055S,42,0,0
2025/04/01 23:55,05F0000S,05F0055S,5,0,0
2025/04/01 23:55,05F0055S,05F0287S,31,937,26
2025/04/01 23:55,05F0055S,05F0287S,32,943,4
2025/04/01 23:55,05F0055S,05F0287S,41,0,0
2025/04/01 23:55,05F0055S,05F0287S,42,0,0
2025/04/01 23:55,05F0055S,05F0287S,5,0,0
2025/04/01 23:55,05F0287S,05F0309S,31,84,17
2025/04/01 23:55,05F0287S,05F0309S,32,89,5
2025/04/01 23:55,05F0287S,05F0309S,41,89,2
2025/04/01 23:55,05F0287S,05F0309S,42,0,0
2025/04/01 23:55,05F0287S,05F0309S,5,0,0
2025/04/01 23:55,05F0309S,05F0439S,31,494,9
2025/04/01 23:55,05F0309S,05F0439S,32,510,3
2025/04/01 23:55,05F0309S,05F0439S,41,0,0
2025/04/01 23:55,05F0309S,05F0439S,42,0,0
2025/04/01 23:55,05F0309S,05F0439S,5,0,0
2025/04/01 23:55,05F0439S,05F0494S,31,210,7
2025/04/01 23:55,05F0439S,05F0494S,32,0,0
2025/04/01 23:55,05F0439S,05F0494S,41,0,0
2025/04/01 23:55,05F0439S,05F0494S,42,236,2
2025/04/01 23:55,05F0439S,05F0494S,5,206,1
