2023/12/03 00:00,05F0000S,05F0055S,31,232,36
2023/12/03 00:00,05F0000S,05F0055S,32,245,9
2023/12/03 00:00,05F0000S,05F0055S,41,0,0
2023/12/03 00:00,05F0000S,05F0055S,42,0,0
2023/12/03 00:00,05F0000S,05F0055S,5,0,0
2023/12/03 00:00,05F0055S,05F0287S,31,942,36
2023/12/03 00:00,05F0055S,05F0287S,32,947,12
2023/12/03 00:00,05F0055S,05F0287S,41,991,4
2023/12/03 00:00,05F0055S,05F0287S,42,0,0
2023/12/03 00:00,05F0055S,05F0287S,5,0,0
2023/12/03 00:00,05F0287S,05F0309S,31,84,32
2023/12/03 00:00,05F0287S,05F0309S,32,90,8
2023/12/03 00:00,05F0287S,05F0309S,41,92,3
2023/12/03 00:00,05F0287S,05F0309S,42,0,0
2023/12/03 00:00,05F0287S,05F0309S,5,0,0
2023/12/03 00:00,05F0309S,05F0439S,31,488,28
2023/12/03 00:00,05F0309S,05F0439S,32,487,9
2023/12/03 00:00,05F0309S,05F0439S,41,532,1
2023/12/03 00:00,05F0309S,05F0439S,42,0,0
2023/12/03 00:00,05F0309S,05F0439S,5,0,0
2023/12/03 00:00,05F0439S,05F0494S,31,207,9
2023/12/03 00:00,05F0439S,05F0494S,32,215,1
2023/12/03 00:00,05F0439S,05F0494S,41,0,0
2023/12/03 00:00,05F0439S,05F0494S,42,0,0
2023/12/03 00:00,05F0439S,05F0494S,5,209,1
2023/12/03 00:05,05F0000S,05F0055S,31,226,31
2023/12/03 00:05,05F0000S,05F0055S,32,231,8
2023/12/03 00:05,05F0000S,05F0055S,41,230,1
2023/12/03 00:05,05F0000S,05F0055S,42,0,0
2023/12/03 00:05,05F0000S,05F0055S,5,0,0
2023/12/03 00:05,05F0055S,05F0287S,31,942,40
2023/12/03 00:05,05F0055S,05F0287S,32,938,6
2023/12/03 00:05,05F0055S,05F0287S,41,0,0
2023/12/03 00:05,05F0055S,05F0287S,42,0,0
2023/12/03 00:05,05F0055S,05F0287S,5,0,0
2023/12/03 00:05,05F0287S,05F0309S,31,88,21
2023/12/03 00:05,05F0287S,05F0309S,32,81,5
2023/12/03 00:05,05F0287S,05F0309S,41,93,1
2023/12/03 00:05,05F0287S,05F0309S,42,0,0
2023/12/03 00:05,05F0287S,05F0309S,5,0,0
2023/12/03 00:05,05F0309S,05F0439S,31,482,14
2023/12/03 00:05,05F0309S,05F0439S,32,480,6
2023/12/03 00:05,05F0309S,05F0439S,41,1675,2
2023/12/03 00:05,05F0309S,05F0439S,42,0,0
2023/12/03 00:05,05F0309S,05F0439S,5,0,0
2023/12/03 00:05,05F0439S,05F0494S,31,215,8
2023/12/03 00:05,05F0439S,05F0494S,32,211,4
2023/12/03 00:05,05F0439S,05F0494S,41,0,0
2023/12/03 00:05,05F0439S,05F0494S,42,0,0
2023/12/03 00:05,05F0439S,05F0494S,5,0,0
2023/12/03 00:10,05F0000S,05F0055S,31,228,27
2023/12/03 00:10,05F0000S,05F0055S,32,220,6
2023/12/03 00:10,05F0000S,05F0055S,41,0,0
2023/12/03 00:10,05F0000S,05F0055S,42,0,0
2023/12/03 00:10,05F0000S,05F0055S,5,0,0
2023/12/03 00:10,05F0055S,05F0287S,31,966,20
2023/12/03 00:10,05F0055S,05F0287S,32,976,7
2023/12/03 00:10,05F0055S,05F0287S,41,1014,1
2023/12/03 00:10,05F0055S,05F0287S,42,0,0
2023/12/03 00:10,05F0055S,05F0287S,5,0,0
2023/12/03 00:10,05F0287S,05F0309S,31,84,21
2023/12/03 00:10,05F0287S,05F0309S,32,85,4
2023/12/03 00:10,05F0287S,05F0309S,41,94,1
2023/12/03 00:10,05F0287S,05F0309S,42,0,0
2023/12/03 00:10,05F0287S,05F0309S,5,0,0
2023/12/03 00:10,05F0309S,05F0439S,31,464,19
2023/12/03 00:10,05F0309S,05F0439S,32,500,5
2023/12/03 00:10,05F0309S,05F0439S,41,522,2
2023/12/03 00:10,05F0309S,05F0439S,42,0,0
2023/12/03 00:10,05F0309S,05F0439S,5,0,0
2023/12/03 00:10,05F0439S,05F0494S,31,175,5
2023/12/03 00:10,05F0439S,05F0494S,32,208,2
2023/12/03 00:10,05F0439S,05F0494S,41,0,0
2023/12/03 00:10,05F0439S,05F0494S,42,0,0
2023/12/03 00:10,05F0439S,05F0494S,5,0,0
2023/12/03 00:15,05F0000S,05F0055S,31,231,31
2023/12/03 00:15,05F0000S,05F0055S,32,219,4
2023/12/03 00:15,05F0000S,05F0055S,41,0,0
2023/12/03 00:15,05F0000S,05F0055S,42,0,0
2023/12/03 00:15,05F0000S,05F0055S,5,0,0
2023/12/03 00:15,05F0055S,05F0287S,31,940,40
2023/12/03 00:15,05F0055S,05F0287S,32,975,7
2023/12/03 00:15,05F0055S,05F0287S,41,0,0
2023/12/03 00:15,05F0055S,05F0287S,42,0,0
2023/12/03 00:15,05F0055S,05F0287S,5,0,0
2023/12/03 00:15,05F0287S,05F0309S,31,81,28
2023/12/03 00:15,05F0287S,05F0309S,32,88,6
2023/12/03 00:15,05F0287S,05F0309S,41,731,1
2023/12/03 00:15,05F0287S,05F0309S,42,0,0
2023/12/03 00:15,05F0287S,05F0309S,5,0,0
2023/12/03 00:15,05F0309S,05F0439S,31,505,14
2023/12/03 00:15,05F0309S,05F0439S,32,476,7
2023/12/03 00:15,05F0309S,05F0439S,41,0,0
2023/12/03 00:15,05F0309S,05F0439S,42,533,1
2023/12/03 00:15,05F0309S,05F0439S,5,0,0
2023/12/03 00:15,05F0439S,05F0494S,31,196,7
2023/12/03 00:15,05F0439S,05F0494S,32,198,2
2023/12/03 00:15,05F0439S,05F0494S,41,0,0
2023/12/03 00:15,05F0439S,05F0494S,42,0,0
2023/12/03 00:15,05F0439S,05F0494S,5,0,0
2023/12/03 00:20,05F0000S,05F0055S,31,225,31
2023/12/03 00:20,05F0000S,05F0055S,32,226,6
2023/12/03 00:20,05F0000S,05F0055S,41,0,0
2023/12/03 00:20,05F0000S,05F0055S,42,0,0
2023/12/03 00:20,05F0000S,05F0055S,5,0,0
2023/12/03 00:20,05F0055S,05F0287S,31,947,36
2023/12/03 00:20,05F0055S,05F0287S,32,932,11
2023/12/03 00:20,05F0055S,05F0287S,41,971,1
2023/12/03 00:20,05F0055S,05F0287S,42,0,0
2023/12/03 00:20,05F0055S,05F0287S,5,0,0
2023/12/03 00:20,05F0287S,05F0309S,31,81,27
2023/12/03 00:20,05F0287S,05F0309S,32,89,6
2023/12/03 00:20,05F0287S,05F0309S,41,0,0
2023/12/03 00:20,05F0287S,05F0309S,42,0,0
2023/12/03 00:20,05F0287S,05F0309S,5,0,0
2023/12/03 00:20,05F0309S,05F0439S,31,432,23
2023/12/03 00:20,05F0309S,05F0439S,32,468,2
2023/12/03 00:20,05F0309S,05F0439S,41,562,1
2023/12/03 00:20,05F0309S,05F0439S,42,0,0
2023/12/03 00:20,05F0309S,05F0439S,5,0,0
2023/12/03 00:20,05F0439S,05F0494S,31,199,4
2023/12/03 00:20,05F0439S,05F0494S,32,216,2
2023/12/03 00:20,05F0439S,05F0494S,41,0,0
2023/12/03 00:20,05F0439S,05F0494S,42,217,1
2023/12/03 00:20,05F0439S,05F0494S,5,0,0
2023/12/03 00:25,05F0000S,05F0055S,31,235,26
2023/12/03 00:25,05F0000S,05F0055S,32,241,8
2023/12/03 00:25,05F0000S,05F0055S,41,225,3
2023/12/03 00:25,05F0000S,05F0055S,42,0,0
2023/12/03 00:25,05F0000S,05F0055S,5,0,0
2023/12/03 00:25,05F0055S,05F0287S,31,907,29
2023/12/03 00:25,05F0055S,05F0287S,32,920,7
2023/12/03 00:25,05F0055S,05F0287S,41,0,0
2023/12/03 00:25,05F0055S,05F0287S,42,0,0
2023/12/03 00:25,05F0055S,05F0287S,5,0,0
2023/12/03 00:25,05F0287S,05F0309S,31,84,19
2023/12/03 00:25,05F0287S,05F0309S,32,83,5
2023/12/03 00:25,05F0287S,05F0309S,41,0,0
2023/12/03 00:25,05F0287S,05F0309S,42,0,0
2023/12/03 00:25,05F0287S,05F0309S,5,0,0
2023/12/03 00:25,05F0309S,05F0439S,31,486,18
2023/12/03 00:25,05F0309S,05F0439S,32,490,5
2023/12/03 00:25,05F0309S,05F0439S,41,0,0
2023/12/03 00:25,05F0309S,05F0439S,42,529,1
2023/12/03 00:25,05F0309S,05F0439S,5,0,0
2023/12/03 00:25,05F0439S,05F0494S,31,193,6
2023/12/03 00:25,05F0439S,05F0494S,32,189,1
2023/12/03 00:25,05F0439S,05F0494S,41,0,0
2023/12/03 00:25,05F0439S,05F0494S,42,229,1
2023/12/03 00:25,05F0439S,05F0494S,5,0,0
2023/12/03 00:30,05F0000S,05F0055S,31,231,26
2023/12/03 00:30,05F0000S,05F0055S,32,225,6
2023/12/03 00:30,05F0000S,05F0055S,41,260,1
2023/12/03 00:30,05F0000S,05F0055S,42,0,0
2023/12/03 00:30,05F0000S,05F0055S,5,0,0
2023/12/03 00:30,05F0055S,05F0287S,31,931,39
2023/12/03 00:30,05F0055S,05F0287S,32,943,6
2023/12/03 00:30,05F0055S,05F0287S,41,0,0
2023/12/03 00:30,05F0055S,05F0287S,42,0,0
2023/12/03 00:30,05F0055S,05F0287S,5,0,0
2023/12/03 00:30,05F0287S,05F0309S,31,85,21
2023/12/03 00:30,05F0287S,05F0309S,32,89,3
2023/12/03 00:30,05F0287S,05F0309S,41,0,0
2023/12/03 00:30,05F0287S,05F0309S,42,0,0
2023/12/03 00:30,05F0287S,05F0309S,5,0,0
2023/12/03 00:30,05F0309S,05F0439S,31,491,15
2023/12/03 00:30,05F0309S,05F0439S,32,542,5
2023/12/03 00:30,05F0309S,05F0439S,41,0,0
2023/12/03 00:30,05F0309S,05F0439S,42,0,0
2023/12/03 00:30,05F0309S,05F0439S,5,0,0
2023/12/03 00:30,05F0439S,05F0494S,31,208,7
2023/12/03 00:30,05F0439S,05F0494S,32,215,2
2023/12/03 00:30,05F0439S,05F0494S,41,0,0
2023/12/03 00:30,05F0439S,05F0494S,42,0,0
2023/12/03 00:30,05F0439S,05F0494S,5,0,0
2023/12/03 00:35,05F0000S,05F0055S,31,232,22
2023/12/03 00:35,05F0000S,05F0055S,32,230,8
2023/12/03 00:35,05F0000S,05F0055S,41,0,0
2023/12/03 00:35,05F0000S,05F0055S,42,0,0
2023/12/03 00:35,05F0000S,05F0055S,5,0,0
2023/12/03 00:35,05F0055S,05F0287S,31,935,31
2023/12/03 00:35,05F0055S,05F0287S,32,930,7
2023/12/03 00:35,05F0055S,05F0287S,41,0,0
2023/12/03 00:35,05F0055S,05F0287S,42,0,0
2023/12/03 00:35,05F0055S,05F0287S,5,0,0
2023/12/03 00:35,05F0287S,05F0309S,31,82,22
2023/12/03 00:35,05F0287S,05F0309S,32,88,5
2023/12/03 00:35,05F0287S,05F0309S,41,0,0
2023/12/03 00:35,05F0287S,05F0309S,42,0,0
2023/12/03 00:35,05F0287S,05F0309S,5,0,0
2023/12/03 00:35,05F0309S,05F0439S,31,481,11
2023/12/03 00:35,05F0309S,05F0439S,32,452,2
2023/12/03 00:35,05F0309S,05F0439S,41,2074,1
2023/12/03 00:35,05F0309S,05F0439S,42,0,0
2023/12/03 00:35,05F0309S,05F0439S,5,494,2
2023/12/03 00:35,05F0439S,05F0494S,31,219,4
2023/12/03 00:35,05F0439S,05F0494S,32,0,0
2023/12/03 00:35,05F0439S,05F0494S,41,0,0
2023/12/03 00:35,05F0439S,05F0494S,42,0,0
2023/12/03 00:35,05F0439S,05F0494S,5,207,1
2023/12/03 00:40,05F0000S,05F0055S,31,220,23
2023/12/03 00:40,05F0000S,05F0055S,32,227,9
2023/12/03 00:40,05F0000S,05F0055S,41,225,1
2023/12/03 00:40,05F0000S,05F0055S,42,0,0
2023/12/03 00:40,05F0000S,05F0055S,5,0,0
2023/12/03 00:40,05F0055S,05F0287S,31,962,26
2023/12/03 00:40,05F0055S,05F0287S,32,945,6
2023/12/03 00:40,05F0055S,05F0287S,41,994,2
2023/12/03 00:40,05F0055S,05F0287S,42,0,0
2023/12/03 00:40,05F0055S,05F0287S,5,0,0
2023/12/03 00:40,05F0287S,05F0309S,31,89,16
2023/12/03 00:40,05F0287S,05F0309S,32,87,4
2023/12/03 00:40,05F0287S,05F0309S,41,90,1
2023/12/03 00:40,05F0287S,05F0309S,42,0,0
2023/12/03 00:40,05F0287S,05F0309S,5,0,0
2023/12/03 00:40,05F0309S,05F0439S,31,460,17
2023/12/03 00:40,05F0309S,05F0439S,32,496,3
2023/12/03 00:40,05F0309S,05F0439S,41,0,0
2023/12/03 00:40,05F0309S,05F0439S,42,0,0
2023/12/03 00:40,05F0309S,05F0439S,5,0,0
2023/12/03 00:40,05F0439S,05F0494S,31,197,4
2023/12/03 00:40,05F0439S,05F0494S,32,209,1
2023/12/03 00:40,05F0439S,05F0494S,41,0,0
2023/12/03 00:40,05F0439S,05F0494S,42,0,0
2023/12/03 00:40,05F0439S,05F0494S,5,212,1
2023/12/03 00:45,05F0000S,05F0055S,31,227,20
2023/12/03 00:45,05F0000S,05F0055S,32,234,8
2023/12/03 00:45,05F0000S,05F0055S,41,237,1
2023/12/03 00:45,05F0000S,05F0055S,42,0,0
2023/12/03 00:45,05F0000S,05F0055S,5,0,0
2023/12/03 00:45,05F0055S,05F0287S,31,966,24
2023/12/03 00:45,05F0055S,05F0287S,32,981,5
2023/12/03 00:45,05F0055S,05F0287S,41,1056,2
2023/12/03 00:45,05F0055S,05F0287S,42,0,0
2023/12/03 00:45,05F0055S,05F0287S,5,0,0
2023/12/03 00:45,05F0287S,05F0309S,31,84,18
2023/12/03 00:45,05F0287S,05F0309S,32,87,6
2023/12/03 00:45,05F0287S,05F0309S,41,91,2
2023/12/03 00:45,05F0287S,05F0309S,42,0,0
2023/12/03 00:45,05F0287S,05F0309S,5,0,0
2023/12/03 00:45,05F0309S,05F0439S,31,455,6
2023/12/03 00:45,05F0309S,05F0439S,32,480,4
2023/12/03 00:45,05F0309S,05F0439S,41,0,0
2023/12/03 00:45,05F0309S,05F0439S,42,540,1
2023/12/03 00:45,05F0309S,05F0439S,5,500,1
2023/12/03 00:45,05F0439S,05F0494S,31,185,4
2023/12/03 00:45,05F0439S,05F0494S,32,205,1
2023/12/03 00:45,05F0439S,05F0494S,41,0,0
2023/12/03 00:45,05F0439S,05F0494S,42,0,0
2023/12/03 00:45,05F0439S,05F0494S,5,0,0
2023/12/03 00:50,05F0000S,05F0055S,31,228,23
2023/12/03 00:50,05F0000S,05F0055S,32,250,5
2023/12/03 00:50,05F0000S,05F0055S,41,240,1
2023/12/03 00:50,05F0000S,05F0055S,42,0,0
2023/12/03 00:50,05F0000S,05F0055S,5,0,0
2023/12/03 00:50,05F0055S,05F0287S,31,934,30
2023/12/03 00:50,05F0055S,05F0287S,32,916,8
2023/12/03 00:50,05F0055S,05F0287S,41,0,0
2023/12/03 00:50,05F0055S,05F0287S,42,0,0
2023/12/03 00:50,05F0055S,05F0287S,5,0,0
2023/12/03 00:50,05F0287S,05F0309S,31,85,16
2023/12/03 00:50,05F0287S,05F0309S,32,82,6
2023/12/03 00:50,05F0287S,05F0309S,41,0,0
2023/12/03 00:50,05F0287S,05F0309S,42,0,0
2023/12/03 00:50,05F0287S,05F0309S,5,0,0
2023/12/03 00:50,05F0309S,05F0439S,31,494,13
2023/12/03 00:50,05F0309S,05F0439S,32,503,4
2023/12/03 00:50,05F0309S,05F0439S,41,501,1
2023/12/03 00:50,05F0309S,05F0439S,42,528,1
2023/12/03 00:50,05F0309S,05F0439S,5,0,0
2023/12/03 00:50,05F0439S,05F0494S,31,788,2
2023/12/03 00:50,05F0439S,05F0494S,32,181,1
2023/12/03 00:50,05F0439S,05F0494S,41,0,0
2023/12/03 00:50,05F0439S,05F0494S,42,0,0
2023/12/03 00:50,05F0439S,05F0494S,5,211,1
2023/12/03 00:55,05F0000S,05F0055S,31,236,24
2023/12/03 00:55,05F0000S,05F0055S,32,233,3
2023/12/03 00:55,05F0000S,05F0055S,41,240,2
2023/12/03 00:55,05F0000S,05F0055S,42,0,0
2023/12/03 00:55,05F0000S,05F0055S,5,0,0
2023/12/03 00:55,05F0055S,05F0287S,31,880,22
2023/12/03 00:55,05F0055S,05F0287S,32,908,12
2023/12/03 00:55,05F0055S,05F0287S,41,953,1
2023/12/03 00:55,05F0055S,05F0287S,42,0,0
2023/12/03 00:55,05F0055S,05F0287S,5,0,0
2023/12/03 00:55,05F0287S,05F0309S,31,84,19
2023/12/03 00:55,05F0287S,05F0309S,32,87,10
2023/12/03 00:55,05F0287S,05F0309S,41,0,0
2023/12/03 00:55,05F0287S,05F0309S,42,0,0
2023/12/03 00:55,05F0287S,05F0309S,5,0,0
2023/12/03 00:55,05F0309S,05F0439S,31,468,17
2023/12/03 00:55,05F0309S,05F0439S,32,501,6
2023/12/03 00:55,05F0309S,05F0439S,41,517,1
2023/12/03 00:55,05F0309S,05F0439S,42,0,0
2023/12/03 00:55,05F0309S,05F0439S,5,510,3
2023/12/03 00:55,05F0439S,05F0494S,31,217,5
2023/12/03 00:55,05F0439S,05F0494S,32,230,2
2023/12/03 00:55,05F0439S,05F0494S,41,210,1
2023/12/03 00:55,05F0439S,05F0494S,42,0,0
2023/12/03 00:55,05F0439S,05F0494S,5,234,1
2023/12/03 01:00,05F0000S,05F0055S,31,239,23
2023/12/03 01:00,05F0000S,05F0055S,32,241,8
2023/12/03 01:00,05F0000S,05F0055S,41,0,0
2023/12/03 01:00,05F0000S,05F0055S,42,0,0
2023/12/03 01:00,05F0000S,05F0055S,5,0,0
2023/12/03 01:00,05F0055S,05F0287S,31,928,15
2023/12/03 01:00,05F0055S,05F0287S,32,954,6
2023/12/03 01:00,05F0055S,05F0287S,41,1000,1
2023/12/03 01:00,05F0055S,05F0287S,42,0,0
2023/12/03 01:00,05F0055S,05F0287S,5,0,0
2023/12/03 01:00,05F0287S,05F0309S,31,84,11
2023/12/03 01:00,05F0287S,05F0309S,32,84,6
2023/12/03 01:00,05F0287S,05F0309S,41,92,1
2023/12/03 01:00,05F0287S,05F0309S,42,0,0
2023/12/03 01:00,05F0287S,05F0309S,5,0,0
2023/12/03 01:00,05F0309S,05F0439S,31,502,13
2023/12/03 01:00,05F0309S,05F0439S,32,445,1
2023/12/03 01:00,05F0309S,05F0439S,41,0,0
2023/12/03 01:00,05F0309S,05F0439S,42,0,0
2023/12/03 01:00,05F0309S,05F0439S,5,0,0
2023/12/03 01:00,05F0439S,05F0494S,31,212,12
2023/12/03 01:00,05F0439S,05F0494S,32,213,2
2023/12/03 01:00,05F0439S,05F0494S,41,0,0
2023/12/03 01:00,05F0439S,05F0494S,42,0,0
2023/12/03 01:00,05F0439S,05F0494S,5,215,3
2023/12/03 01:05,05F0000S,05F0055S,31,236,27
2023/12/03 01:05,05F0000S,05F0055S,32,236,5
2023/12/03 01:05,05F0000S,05F0055S,41,0,0
2023/12/03 01:05,05F0000S,05F0055S,42,0,0
2023/12/03 01:05,05F0000S,05F0055S,5,0,0
2023/12/03 01:05,05F0055S,05F0287S,31,936,28
2023/12/03 01:05,05F0055S,05F0287S,32,940,4
2023/12/03 01:05,05F0055S,05F0287S,41,0,0
2023/12/03 01:05,05F0055S,05F0287S,42,0,0
2023/12/03 01:05,05F0055S,05F0287S,5,0,0
2023/12/03 01:05,05F0287S,05F0309S,31,83,20
2023/12/03 01:05,05F0287S,05F0309S,32,91,3
2023/12/03 01:05,05F0287S,05F0309S,41,0,0
2023/12/03 01:05,05F0287S,05F0309S,42,0,0
2023/12/03 01:05,05F0287S,05F0309S,5,0,0
2023/12/03 01:05,05F0309S,05F0439S,31,464,10
2023/12/03 01:05,05F0309S,05F0439S,32,520,5
2023/12/03 01:05,05F0309S,05F0439S,41,526,1
2023/12/03 01:05,05F0309S,05F0439S,42,511,1
2023/12/03 01:05,05F0309S,05F0439S,5,0,0
2023/12/03 01:05,05F0439S,05F0494S,31,227,3
2023/12/03 01:05,05F0439S,05F0494S,32,189,2
2023/12/03 01:05,05F0439S,05F0494S,41,0,0
2023/12/03 01:05,05F0439S,05F0494S,42,0,0
2023/12/03 01:05,05F0439S,05F0494S,5,0,0
2023/12/03 01:10,05F0000S,05F0055S,31,229,23
2023/12/03 01:10,05F0000S,05F0055S,32,226,5
2023/12/03 01:10,05F0000S,05F0055S,41,0,0
2023/12/03 01:10,05F0000S,05F0055S,42,0,0
2023/12/03 01:10,05F0000S,05F0055S,5,0,0
2023/12/03 01:10,05F0055S,05F0287S,31,946,22
2023/12/03 01:10,05F0055S,05F0287S,32,999,5
2023/12/03 01:10,05F0055S,05F0287S,41,995,2
2023/12/03 01:10,05F0055S,05F0287S,42,0,0
2023/12/03 01:10,05F0055S,05F0287S,5,0,0
2023/12/03 01:10,05F0287S,05F0309S,31,85,10
2023/12/03 01:10,05F0287S,05F0309S,32,84,3
2023/12/03 01:10,05F0287S,05F0309S,41,88,1
2023/12/03 01:10,05F0287S,05F0309S,42,0,0
2023/12/03 01:10,05F0287S,05F0309S,5,0,0
2023/12/03 01:10,05F0309S,05F0439S,31,492,11
2023/12/03 01:10,05F0309S,05F0439S,32,506,3
2023/12/03 01:10,05F0309S,05F0439S,41,0,0
2023/12/03 01:10,05F0309S,05F0439S,42,0,0
2023/12/03 01:10,05F0309S,05F0439S,5,0,0
2023/12/03 01:10,05F0439S,05F0494S,31,203,4
2023/12/03 01:10,05F0439S,05F0494S,32,0,0
2023/12/03 01:10,05F0439S,05F0494S,41,0,0
2023/12/03 01:10,05F0439S,05F0494S,42,206,1
2023/12/03 01:10,05F0439S,05F0494S,5,0,0
2023/12/03 01:15,05F0000S,05F0055S,31,228,13
2023/12/03 01:15,05F0000S,05F0055S,32,224,7
2023/12/03 01:15,05F0000S,05F0055S,41,0,0
2023/12/03 01:15,05F0000S,05F0055S,42,0,0
2023/12/03 01:15,05F0000S,05F0055S,5,0,0
2023/12/03 01:15,05F0055S,05F0287S,31,943,20
2023/12/03 01:15,05F0055S,05F0287S,32,951,6
2023/12/03 01:15,05F0055S,05F0287S,41,1075,1
2023/12/03 01:15,05F0055S,05F0287S,42,0,0
2023/12/03 01:15,05F0055S,05F0287S,5,0,0
2023/12/03 01:15,05F0287S,05F0309S,31,86,17
2023/12/03 01:15,05F0287S,05F0309S,32,90,6
2023/12/03 01:15,05F0287S,05F0309S,41,93,1
2023/12/03 01:15,05F0287S,05F0309S,42,0,0
2023/12/03 01:15,05F0287S,05F0309S,5,0,0
2023/12/03 01:15,05F0309S,05F0439S,31,460,13
2023/12/03 01:15,05F0309S,05F0439S,32,513,3
2023/12/03 01:15,05F0309S,05F0439S,41,0,0
2023/12/03 01:15,05F0309S,05F0439S,42,0,0
2023/12/03 01:15,05F0309S,05F0439S,5,0,0
2023/12/03 01:15,05F0439S,05F0494S,31,216,2
2023/12/03 01:15,05F0439S,05F0494S,32,229,1
2023/12/03 01:15,05F0439S,05F0494S,41,0,0
2023/12/03 01:15,05F0439S,05F0494S,42,0,0
2023/12/03 01:15,05F0439S,05F0494S,5,0,0
2023/12/03 01:20,05F0000S,05F0055S,31,234,21
2023/12/03 01:20,05F0000S,05F0055S,32,232,5
2023/12/03 01:20,05F0000S,05F0055S,41,0,0
2023/12/03 01:20,05F0000S,05F0055S,42,0,0
2023/12/03 01:20,05F0000S,05F0055S,5,0,0
2023/12/03 01:20,05F0055S,05F0287S,31,957,23
2023/12/03 01:20,05F0055S,05F0287S,32,957,8
2023/12/03 01:20,05F0055S,05F0287S,41,0,0
2023/12/03 01:20,05F0055S,05F0287S,42,0,0
2023/12/03 01:20,05F0055S,05F0287S,5,0,0
2023/12/03 01:20,05F0287S,05F0309S,31,89,17
2023/12/03 01:20,05F0287S,05F0309S,32,88,4
2023/12/03 01:20,05F0287S,05F0309S,41,0,0
2023/12/03 01:20,05F0287S,05F0309S,42,0,0
2023/12/03 01:20,05F0287S,05F0309S,5,0,0
2023/12/03 01:20,05F0309S,05F0439S,31,496,11
2023/12/03 01:20,05F0309S,05F0439S,32,431,2
2023/12/03 01:20,05F0309S,05F0439S,41,522,2
2023/12/03 01:20,05F0309S,05F0439S,42,0,0
2023/12/03 01:20,05F0309S,05F0439S,5,0,0
2023/12/03 01:20,05F0439S,05F0494S,31,189,4
2023/12/03 01:20,05F0439S,05F0494S,32,0,0
2023/12/03 01:20,05F0439S,05F0494S,41,0,0
2023/12/03 01:20,05F0439S,05F0494S,42,0,0
2023/12/03 01:20,05F0439S,05F0494S,5,0,0
2023/12/03 01:25,05F0000S,05F0055S,31,217,18
2023/12/03 01:25,05F0000S,05F0055S,32,220,5
2023/12/03 01:25,05F0000S,05F0055S,41,974,1
2023/12/03 01:25,05F0000S,05F0055S,42,0,0
2023/12/03 01:25,05F0000S,05F0055S,5,0,0
2023/12/03 01:25,05F0055S,05F0287S,31,934,31
2023/12/03 01:25,05F0055S,05F0287S,32,914,5
2023/12/03 01:25,05F0055S,05F0287S,41,0,0
2023/12/03 01:25,05F0055S,05F0287S,42,0,0
2023/12/03 01:25,05F0055S,05F0287S,5,0,0
2023/12/03 01:25,05F0287S,05F0309S,31,87,20
2023/12/03 01:25,05F0287S,05F0309S,32,86,3
2023/12/03 01:25,05F0287S,05F0309S,41,0,0
2023/12/03 01:25,05F0287S,05F0309S,42,0,0
2023/12/03 01:25,05F0287S,05F0309S,5,0,0
2023/12/03 01:25,05F0309S,05F0439S,31,474,9
2023/12/03 01:25,05F0309S,05F0439S,32,500,3
2023/12/03 01:25,05F0309S,05F0439S,41,0,0
2023/12/03 01:25,05F0309S,05F0439S,42,0,0
2023/12/03 01:25,05F0309S,05F0439S,5,0,0
2023/12/03 01:25,05F0439S,05F0494S,31,225,3
2023/12/03 01:25,05F0439S,05F0494S,32,188,3
2023/12/03 01:25,05F0439S,05F0494S,41,0,0
2023/12/03 01:25,05F0439S,05F0494S,42,0,0
2023/12/03 01:25,05F0439S,05F0494S,5,0,0
2023/12/03 01:30,05F0000S,05F0055S,31,234,25
2023/12/03 01:30,05F0000S,05F0055S,32,237,9
2023/12/03 01:30,05F0000S,05F0055S,41,0,0
2023/12/03 01:30,05F0000S,05F0055S,42,0,0
2023/12/03 01:30,05F0000S,05F0055S,5,0,0
2023/12/03 01:30,05F0055S,05F0287S,31,915,15
2023/12/03 01:30,05F0055S,05F0287S,32,934,7
2023/12/03 01:30,05F0055S,05F0287S,41,0,0
2023/12/03 01:30,05F0055S,05F0287S,42,0,0
2023/12/03 01:30,05F0055S,05F0287S,5,0,0
2023/12/03 01:30,05F0287S,05F0309S,31,82,11
2023/12/03 01:30,05F0287S,05F0309S,32,83,3
2023/12/03 01:30,05F0287S,05F0309S,41,0,0
2023/12/03 01:30,05F0287S,05F0309S,42,0,0
2023/12/03 01:30,05F0287S,05F0309S,5,0,0
2023/12/03 01:30,05F0309S,05F0439S,31,481,14
2023/12/03 01:30,05F0309S,05F0439S,32,535,4
2023/12/03 01:30,05F0309S,05F0439S,41,0,0
2023/12/03 01:30,05F0309S,05F0439S,42,493,1
2023/12/03 01:30,05F0309S,05F0439S,5,0,0
2023/12/03 01:30,05F0439S,05F0494S,31,189,2
2023/12/03 01:30,05F0439S,05F0494S,32,0,0
2023/12/03 01:30,05F0439S,05F0494S,41,0,0
2023/12/03 01:30,05F0439S,05F0494S,42,200,1
2023/12/03 01:30,05F0439S,05F0494S,5,0,0
2023/12/03 01:35,05F0000S,05F0055S,31,241,11
2023/12/03 01:35,05F0000S,05F0055S,32,247,4
2023/12/03 01:35,05F0000S,05F0055S,41,0,0
2023/12/03 01:35,05F0000S,05F0055S,42,0,0
2023/12/03 01:35,05F0000S,05F0055S,5,0,0
2023/12/03 01:35,05F0055S,05F0287S,31,925,20
2023/12/03 01:35,05F0055S,05F0287S,32,933,4
2023/12/03 01:35,05F0055S,05F0287S,41,0,0
2023/12/03 01:35,05F0055S,05F0287S,42,0,0
2023/12/03 01:35,05F0055S,05F0287S,5,0,0
2023/12/03 01:35,05F0287S,05F0309S,31,83,12
2023/12/03 01:35,05F0287S,05F0309S,32,77,4
2023/12/03 01:35,05F0287S,05F0309S,41,0,0
2023/12/03 01:35,05F0287S,05F0309S,42,0,0
2023/12/03 01:35,05F0287S,05F0309S,5,0,0
2023/12/03 01:35,05F0309S,05F0439S,31,493,14
2023/12/03 01:35,05F0309S,05F0439S,32,490,3
2023/12/03 01:35,05F0309S,05F0439S,41,0,0
2023/12/03 01:35,05F0309S,05F0439S,42,0,0
2023/12/03 01:35,05F0309S,05F0439S,5,561,1
2023/12/03 01:35,05F0439S,05F0494S,31,219,1
2023/12/03 01:35,05F0439S,05F0494S,32,224,2
2023/12/03 01:35,05F0439S,05F0494S,41,0,0
2023/12/03 01:35,05F0439S,05F0494S,42,0,0
2023/12/03 01:35,05F0439S,05F0494S,5,0,0
2023/12/03 01:40,05F0000S,05F0055S,31,234,20
2023/12/03 01:40,05F0000S,05F0055S,32,232,1
2023/12/03 01:40,05F0000S,05F0055S,41,0,0
2023/12/03 01:40,05F0000S,05F0055S,42,0,0
2023/12/03 01:40,05F0000S,05F0055S,5,0,0
2023/12/03 01:40,05F0055S,05F0287S,31,896,19
2023/12/03 01:40,05F0055S,05F0287S,32,921,6
2023/12/03 01:40,05F0055S,05F0287S,41,0,0
2023/12/03 01:40,05F0055S,05F0287S,42,0,0
2023/12/03 01:40,05F0055S,05F0287S,5,0,0
2023/12/03 01:40,05F0287S,05F0309S,31,83,11
2023/12/03 01:40,05F0287S,05F0309S,32,85,8
2023/12/03 01:40,05F0287S,05F0309S,41,0,0
2023/12/03 01:40,05F0287S,05F0309S,42,0,0
2023/12/03 01:40,05F0287S,05F0309S,5,0,0
2023/12/03 01:40,05F0309S,05F0439S,31,499,7
2023/12/03 01:40,05F0309S,05F0439S,32,445,4
2023/12/03 01:40,05F0309S,05F0439S,41,0,0
2023/12/03 01:40,05F0309S,05F0439S,42,0,0
2023/12/03 01:40,05F0309S,05F0439S,5,432,1
2023/12/03 01:40,05F0439S,05F0494S,31,209,4
2023/12/03 01:40,05F0439S,05F0494S,32,231,1
2023/12/03 01:40,05F0439S,05F0494S,41,0,0
2023/12/03 01:40,05F0439S,05F0494S,42,0,0
2023/12/03 01:40,05F0439S,05F0494S,5,0,0
2023/12/03 01:45,05F0000S,05F0055S,31,224,21
2023/12/03 01:45,05F0000S,05F0055S,32,233,5
2023/12/03 01:45,05F0000S,05F0055S,41,0,0
2023/12/03 01:45,05F0000S,05F0055S,42,0,0
2023/12/03 01:45,05F0000S,05F0055S,5,0,0
2023/12/03 01:45,05F0055S,05F0287S,31,940,26
2023/12/03 01:45,05F0055S,05F0287S,32,942,8
2023/12/03 01:45,05F0055S,05F0287S,41,1028,1
2023/12/03 01:45,05F0055S,05F0287S,42,0,0
2023/12/03 01:45,05F0055S,05F0287S,5,0,0
2023/12/03 01:45,05F0287S,05F0309S,31,83,22
2023/12/03 01:45,05F0287S,05F0309S,32,78,2
2023/12/03 01:45,05F0287S,05F0309S,41,94,1
2023/12/03 01:45,05F0287S,05F0309S,42,0,0
2023/12/03 01:45,05F0287S,05F0309S,5,0,0
2023/12/03 01:45,05F0309S,05F0439S,31,473,9
2023/12/03 01:45,05F0309S,05F0439S,32,492,4
2023/12/03 01:45,05F0309S,05F0439S,41,0,0
2023/12/03 01:45,05F0309S,05F0439S,42,476,1
2023/12/03 01:45,05F0309S,05F0439S,5,0,0
2023/12/03 01:45,05F0439S,05F0494S,31,175,2
2023/12/03 01:45,05F0439S,05F0494S,32,199,2
2023/12/03 01:45,05F0439S,05F0494S,41,0,0
2023/12/03 01:45,05F0439S,05F0494S,42,0,0
2023/12/03 01:45,05F0439S,05F0494S,5,0,0
2023/12/03 01:50,05F0000S,05F0055S,31,231,16
2023/12/03 01:50,05F0000S,05F0055S,32,230,4
2023/12/03 01:50,05F0000S,05F0055S,41,0,0
2023/12/03 01:50,05F0000S,05F0055S,42,0,0
2023/12/03 01:50,05F0000S,05F0055S,5,0,0
2023/12/03 01:50,05F0055S,05F0287S,31,942,7
2023/12/03 01:50,05F0055S,05F0287S,32,1000,5
2023/12/03 01:50,05F0055S,05F0287S,41,0,0
2023/12/03 01:50,05F0055S,05F0287S,42,0,0
2023/12/03 01:50,05F0055S,05F0287S,5,0,0
2023/12/03 01:50,05F0287S,05F0309S,31,70,5
2023/12/03 01:50,05F0287S,05F0309S,32,95,2
2023/12/03 01:50,05F0287S,05F0309S,41,0,0
2023/12/03 01:50,05F0287S,05F0309S,42,0,0
2023/12/03 01:50,05F0287S,05F0309S,5,0,0
2023/12/03 01:50,05F0309S,05F0439S,31,477,10
2023/12/03 01:50,05F0309S,05F0439S,32,0,0
2023/12/03 01:50,05F0309S,05F0439S,41,0,0
2023/12/03 01:50,05F0309S,05F0439S,42,0,0
2023/12/03 01:50,05F0309S,05F0439S,5,0,0
2023/12/03 01:50,05F0439S,05F0494S,31,222,3
2023/12/03 01:50,05F0439S,05F0494S,32,204,2
2023/12/03 01:50,05F0439S,05F0494S,41,0,0
2023/12/03 01:50,05F0439S,05F0494S,42,214,1
2023/12/03 01:50,05F0439S,05F0494S,5,0,0
2023/12/03 01:55,05F0000S,05F0055S,31,234,12
2023/12/03 01:55,05F0000S,05F0055S,32,231,6
2023/12/03 01:55,05F0000S,05F0055S,41,0,0
2023/12/03 01:55,05F0000S,05F0055S,42,0,0
2023/12/03 01:55,05F0000S,05F0055S,5,0,0
2023/12/03 01:55,05F0055S,05F0287S,31,938,22
2023/12/03 01:55,05F0055S,05F0287S,32,965,1
2023/12/03 01:55,05F0055S,05F0287S,41,0,0
2023/12/03 01:55,05F0055S,05F0287S,42,0,0
2023/12/03 01:55,05F0055S,05F0287S,5,0,0
2023/12/03 01:55,05F0287S,05F0309S,31,82,12
2023/12/03 01:55,05F0287S,05F0309S,32,90,5
2023/12/03 01:55,05F0287S,05F0309S,41,0,0
2023/12/03 01:55,05F0287S,05F0309S,42,0,0
2023/12/03 01:55,05F0287S,05F0309S,5,0,0
2023/12/03 01:55,05F0309S,05F0439S,31,487,9
2023/12/03 01:55,05F0309S,05F0439S,32,467,1
2023/12/03 01:55,05F0309S,05F0439S,41,0,0
2023/12/03 01:55,05F0309S,05F0439S,42,0,0
2023/12/03 01:55,05F0309S,05F0439S,5,476,1
2023/12/03 01:55,05F0439S,05F0494S,31,219,6
2023/12/03 01:55,05F0439S,05F0494S,32,210,1
2023/12/03 01:55,05F0439S,05F0494S,41,0,0
2023/12/03 01:55,05F0439S,05F0494S,42,0,0
2023/12/03 01:55,05F0439S,05F0494S,5,0,0
2023/12/03 02:00,05F0000S,05F0055S,31,234,11
2023/12/03 02:00,05F0000S,05F0055S,32,230,7
2023/12/03 02:00,05F0000S,05F0055S,41,0,0
2023/12/03 02:00,05F0000S,05F0055S,42,0,0
2023/12/03 02:00,05F0000S,05F0055S,5,0,0
2023/12/03 02:00,05F0055S,05F0287S,31,928,24
2023/12/03 02:00,05F0055S,05F0287S,32,947,4
2023/12/03 02:00,05F0055S,05F0287S,41,0,0
2023/12/03 02:00,05F0055S,05F0287S,42,0,0
2023/12/03 02:00,05F0055S,05F0287S,5,0,0
2023/12/03 02:00,05F0287S,05F0309S,31,82,16
2023/12/03 02:00,05F0287S,05F0309S,32,80,2
2023/12/03 02:00,05F0287S,05F0309S,41,0,0
2023/12/03 02:00,05F0287S,05F0309S,42,0,0
2023/12/03 02:00,05F0287S,05F0309S,5,0,0
2023/12/03 02:00,05F0309S,05F0439S,31,455,6
2023/12/03 02:00,05F0309S,05F0439S,32,539,7
2023/12/03 02:00,05F0309S,05F0439S,41,0,0
2023/12/03 02:00,05F0309S,05F0439S,42,550,2
2023/12/03 02:00,05F0309S,05F0439S,5,0,0
2023/12/03 02:00,05F0439S,05F0494S,31,201,1
2023/12/03 02:00,05F0439S,05F0494S,32,211,3
2023/12/03 02:00,05F0439S,05F0494S,41,0,0
2023/12/03 02:00,05F0439S,05F0494S,42,0,0
2023/12/03 02:00,05F0439S,05F0494S,5,216,1
2023/12/03 02:05,05F0000S,05F0055S,31,227,5
2023/12/03 02:05,05F0000S,05F0055S,32,218,5
2023/12/03 02:05,05F0000S,05F0055S,41,0,0
2023/12/03 02:05,05F0000S,05F0055S,42,0,0
2023/12/03 02:05,05F0000S,05F0055S,5,0,0
2023/12/03 02:05,05F0055S,05F0287S,31,944,14
2023/12/03 02:05,05F0055S,05F0287S,32,956,3
2023/12/03 02:05,05F0055S,05F0287S,41,0,0
2023/12/03 02:05,05F0055S,05F0287S,42,0,0
2023/12/03 02:05,05F0055S,05F0287S,5,0,0
2023/12/03 02:05,05F0287S,05F0309S,31,78,12
2023/12/03 02:05,05F0287S,05F0309S,32,75,1
2023/12/03 02:05,05F0287S,05F0309S,41,0,0
2023/12/03 02:05,05F0287S,05F0309S,42,0,0
2023/12/03 02:05,05F0287S,05F0309S,5,0,0
2023/12/03 02:05,05F0309S,05F0439S,31,459,6
2023/12/03 02:05,05F0309S,05F0439S,32,485,2
2023/12/03 02:05,05F0309S,05F0439S,41,0,0
2023/12/03 02:05,05F0309S,05F0439S,42,0,0
2023/12/03 02:05,05F0309S,05F0439S,5,0,0
2023/12/03 02:05,05F0439S,05F0494S,31,176,4
2023/12/03 02:05,05F0439S,05F0494S,32,191,4
2023/12/03 02:05,05F0439S,05F0494S,41,0,0
2023/12/03 02:05,05F0439S,05F0494S,42,239,2
2023/12/03 02:05,05F0439S,05F0494S,5,0,0
2023/12/03 02:10,05F0000S,05F0055S,31,229,13
2023/12/03 02:10,05F0000S,05F0055S,32,237,5
2023/12/03 02:10,05F0000S,05F0055S,41,0,0
2023/12/03 02:10,05F0000S,05F0055S,42,0,0
2023/12/03 02:10,05F0000S,05F0055S,5,0,0
2023/12/03 02:10,05F0055S,05F0287S,31,937,10
2023/12/03 02:10,05F0055S,05F0287S,32,941,5
2023/12/03 02:10,05F0055S,05F0287S,41,0,0
2023/12/03 02:10,05F0055S,05F0287S,42,0,0
2023/12/03 02:10,05F0055S,05F0287S,5,0,0
2023/12/03 02:10,05F0287S,05F0309S,31,83,9
2023/12/03 02:10,05F0287S,05F0309S,32,87,3
2023/12/03 02:10,05F0287S,05F0309S,41,0,0
2023/12/03 02:10,05F0287S,05F0309S,42,0,0
2023/12/03 02:10,05F0287S,05F0309S,5,0,0
2023/12/03 02:10,05F0309S,05F0439S,31,478,9
2023/12/03 02:10,05F0309S,05F0439S,32,493,2
2023/12/03 02:10,05F0309S,05F0439S,41,0,0
2023/12/03 02:10,05F0309S,05F0439S,42,0,0
2023/12/03 02:10,05F0309S,05F0439S,5,0,0
2023/12/03 02:10,05F0439S,05F0494S,31,209,4
2023/12/03 02:10,05F0439S,05F0494S,32,190,1
2023/12/03 02:10,05F0439S,05F0494S,41,0,0
2023/12/03 02:10,05F0439S,05F0494S,42,0,0
2023/12/03 02:10,05F0439S,05F0494S,5,0,0
2023/12/03 02:15,05F0000S,05F0055S,31,244,10
2023/12/03 02:15,05F0000S,05F0055S,32,259,3
2023/12/03 02:15,05F0000S,05F0055S,41,0,0
2023/12/03 02:15,05F0000S,05F0055S,42,0,0
2023/12/03 02:15,05F0000S,05F0055S,5,0,0
2023/12/03 02:15,05F0055S,05F0287S,31,964,15
2023/12/03 02:15,05F0055S,05F0287S,32,960,9
2023/12/03 02:15,05F0055S,05F0287S,41,0,0
2023/12/03 02:15,05F0055S,05F0287S,42,0,0
2023/12/03 02:15,05F0055S,05F0287S,5,0,0
2023/12/03 02:15,05F0287S,05F0309S,31,84,10
2023/12/03 02:15,05F0287S,05F0309S,32,82,8
2023/12/03 02:15,05F0287S,05F0309S,41,0,0
2023/12/03 02:15,05F0287S,05F0309S,42,0,0
2023/12/03 02:15,05F0287S,05F0309S,5,0,0
2023/12/03 02:15,05F0309S,05F0439S,31,473,7
2023/12/03 02:15,05F0309S,05F0439S,32,473,3
2023/12/03 02:15,05F0309S,05F0439S,41,0,0
2023/12/03 02:15,05F0309S,05F0439S,42,0,0
2023/12/03 02:15,05F0309S,05F0439S,5,0,0
2023/12/03 02:15,05F0439S,05F0494S,31,204,10
2023/12/03 02:15,05F0439S,05F0494S,32,175,1
2023/12/03 02:15,05F0439S,05F0494S,41,0,0
2023/12/03 02:15,05F0439S,05F0494S,42,0,0
2023/12/03 02:15,05F0439S,05F0494S,5,0,0
2023/12/03 02:20,05F0000S,05F0055S,31,230,17
2023/12/03 02:20,05F0000S,05F0055S,32,232,4
2023/12/03 02:20,05F0000S,05F0055S,41,0,0
2023/12/03 02:20,05F0000S,05F0055S,42,0,0
2023/12/03 02:20,05F0000S,05F0055S,5,0,0
2023/12/03 02:20,05F0055S,05F0287S,31,913,8
2023/12/03 02:20,05F0055S,05F0287S,32,946,5
2023/12/03 02:20,05F0055S,05F0287S,41,0,0
2023/12/03 02:20,05F0055S,05F0287S,42,0,0
2023/12/03 02:20,05F0055S,05F0287S,5,0,0
2023/12/03 02:20,05F0287S,05F0309S,31,91,10
2023/12/03 02:20,05F0287S,05F0309S,32,77,4
2023/12/03 02:20,05F0287S,05F0309S,41,0,0
2023/12/03 02:20,05F0287S,05F0309S,42,0,0
2023/12/03 02:20,05F0287S,05F0309S,5,0,0
2023/12/03 02:20,05F0309S,05F0439S,31,474,6
2023/12/03 02:20,05F0309S,05F0439S,32,458,4
2023/12/03 02:20,05F0309S,05F0439S,41,0,0
2023/12/03 02:20,05F0309S,05F0439S,42,0,0
2023/12/03 02:20,05F0309S,05F0439S,5,513,1
2023/12/03 02:20,05F0439S,05F0494S,31,203,3
2023/12/03 02:20,05F0439S,05F0494S,32,217,3
2023/12/03 02:20,05F0439S,05F0494S,41,0,0
2023/12/03 02:20,05F0439S,05F0494S,42,0,0
2023/12/03 02:20,05F0439S,05F0494S,5,0,0
2023/12/03 02:25,05F0000S,05F0055S,31,223,14
2023/12/03 02:25,05F0000S,05F0055S,32,225,5
2023/12/03 02:25,05F0000S,05F0055S,41,0,0
2023/12/03 02:25,05F0000S,05F0055S,42,0,0
2023/12/03 02:25,05F0000S,05F0055S,5,0,0
2023/12/03 02:25,05F0055S,05F0287S,31,917,12
2023/12/03 02:25,05F0055S,05F0287S,32,1011,4
2023/12/03 02:25,05F0055S,05F0287S,41,0,0
2023/12/03 02:25,05F0055S,05F0287S,42,0,0
2023/12/03 02:25,05F0055S,05F0287S,5,0,0
2023/12/03 02:25,05F0287S,05F0309S,31,80,8
2023/12/03 02:25,05F0287S,05F0309S,32,94,3
2023/12/03 02:25,05F0287S,05F0309S,41,0,0
2023/12/03 02:25,05F0287S,05F0309S,42,0,0
2023/12/03 02:25,05F0287S,05F0309S,5,0,0
2023/12/03 02:25,05F0309S,05F0439S,31,484,9
2023/12/03 02:25,05F0309S,05F0439S,32,490,5
2023/12/03 02:25,05F0309S,05F0439S,41,0,0
2023/12/03 02:25,05F0309S,05F0439S,42,0,0
2023/12/03 02:25,05F0309S,05F0439S,5,622,1
2023/12/03 02:25,05F0439S,05F0494S,31,200,2
2023/12/03 02:25,05F0439S,05F0494S,32,194,6
2023/12/03 02:25,05F0439S,05F0494S,41,0,0
2023/12/03 02:25,05F0439S,05F0494S,42,0,0
2023/12/03 02:25,05F0439S,05F0494S,5,206,1
2023/12/03 02:30,05F0000S,05F0055S,31,229,18
2023/12/03 02:30,05F0000S,05F0055S,32,237,4
2023/12/03 02:30,05F0000S,05F0055S,41,0,0
2023/12/03 02:30,05F0000S,05F0055S,42,0,0
2023/12/03 02:30,05F0000S,05F0055S,5,0,0
2023/12/03 02:30,05F0055S,05F0287S,31,947,9
2023/12/03 02:30,05F0055S,05F0287S,32,991,3
2023/12/03 02:30,05F0055S,05F0287S,41,0,0
2023/12/03 02:30,05F0055S,05F0287S,42,0,0
2023/12/03 02:30,05F0055S,05F0287S,5,0,0
2023/12/03 02:30,05F0287S,05F0309S,31,89,5
2023/12/03 02:30,05F0287S,05F0309S,32,93,5
2023/12/03 02:30,05F0287S,05F0309S,41,0,0
2023/12/03 02:30,05F0287S,05F0309S,42,0,0
2023/12/03 02:30,05F0287S,05F0309S,5,0,0
2023/12/03 02:30,05F0309S,05F0439S,31,501,7
2023/12/03 02:30,05F0309S,05F0439S,32,527,1
2023/12/03 02:30,05F0309S,05F0439S,41,0,0
2023/12/03 02:30,05F0309S,05F0439S,42,0,0
2023/12/03 02:30,05F0309S,05F0439S,5,0,0
2023/12/03 02:30,05F0439S,05F0494S,31,185,2
2023/12/03 02:30,05F0439S,05F0494S,32,0,0
2023/12/03 02:30,05F0439S,05F0494S,41,0,0
2023/12/03 02:30,05F0439S,05F0494S,42,0,0
2023/12/03 02:30,05F0439S,05F0494S,5,261,1
2023/12/03 02:35,05F0000S,05F0055S,31,225,13
2023/12/03 02:35,05F0000S,05F0055S,32,225,8
2023/12/03 02:35,05F0000S,05F0055S,41,0,0
2023/12/03 02:35,05F0000S,05F0055S,42,0,0
2023/12/03 02:35,05F0000S,05F0055S,5,0,0
2023/12/03 02:35,05F0055S,05F0287S,31,946,21
2023/12/03 02:35,05F0055S,05F0287S,32,1027,6
2023/12/03 02:35,05F0055S,05F0287S,41,0,0
2023/12/03 02:35,05F0055S,05F0287S,42,0,0
2023/12/03 02:35,05F0055S,05F0287S,5,0,0
2023/12/03 02:35,05F0287S,05F0309S,31,87,6
2023/12/03 02:35,05F0287S,05F0309S,32,79,1
2023/12/03 02:35,05F0287S,05F0309S,41,0,0
2023/12/03 02:35,05F0287S,05F0309S,42,0,0
2023/12/03 02:35,05F0287S,05F0309S,5,0,0
2023/12/03 02:35,05F0309S,05F0439S,31,458,6
2023/12/03 02:35,05F0309S,05F0439S,32,532,3
2023/12/03 02:35,05F0309S,05F0439S,41,0,0
2023/12/03 02:35,05F0309S,05F0439S,42,0,0
2023/12/03 02:35,05F0309S,05F0439S,5,0,0
2023/12/03 02:35,05F0439S,05F0494S,31,176,3
2023/12/03 02:35,05F0439S,05F0494S,32,0,0
2023/12/03 02:35,05F0439S,05F0494S,41,0,0
2023/12/03 02:35,05F0439S,05F0494S,42,0,0
2023/12/03 02:35,05F0439S,05F0494S,5,0,0
2023/12/03 02:40,05F0000S,05F0055S,31,233,15
2023/12/03 02:40,05F0000S,05F0055S,32,257,3
2023/12/03 02:40,05F0000S,05F0055S,41,0,0
2023/12/03 02:40,05F0000S,05F0055S,42,0,0
2023/12/03 02:40,05F0000S,05F0055S,5,0,0
2023/12/03 02:40,05F0055S,05F0287S,31,907,10
2023/12/03 02:40,05F0055S,05F0287S,32,953,5
2023/12/03 02:40,05F0055S,05F0287S,41,0,0
2023/12/03 02:40,05F0055S,05F0287S,42,0,0
2023/12/03 02:40,05F0055S,05F0287S,5,0,0
2023/12/03 02:40,05F0287S,05F0309S,31,74,13
2023/12/03 02:40,05F0287S,05F0309S,32,88,8
2023/12/03 02:40,05F0287S,05F0309S,41,0,0
2023/12/03 02:40,05F0287S,05F0309S,42,0,0
2023/12/03 02:40,05F0287S,05F0309S,5,0,0
2023/12/03 02:40,05F0309S,05F0439S,31,527,1
2023/12/03 02:40,05F0309S,05F0439S,32,439,1
2023/12/03 02:40,05F0309S,05F0439S,41,0,0
2023/12/03 02:40,05F0309S,05F0439S,42,0,0
2023/12/03 02:40,05F0309S,05F0439S,5,0,0
2023/12/03 02:40,05F0439S,05F0494S,31,0,0
2023/12/03 02:40,05F0439S,05F0494S,32,211,2
2023/12/03 02:40,05F0439S,05F0494S,41,0,0
2023/12/03 02:40,05F0439S,05F0494S,42,0,0
2023/12/03 02:40,05F0439S,05F0494S,5,0,0
2023/12/03 02:45,05F0000S,05F0055S,31,247,14
2023/12/03 02:45,05F0000S,05F0055S,32,249,6
2023/12/03 02:45,05F0000S,05F0055S,41,0,0
2023/12/03 02:45,05F0000S,05F0055S,42,0,0
2023/12/03 02:45,05F0000S,05F0055S,5,0,0
2023/12/03 02:45,05F0055S,05F0287S,31,929,16
2023/12/03 02:45,05F0055S,05F0287S,32,921,4
2023/12/03 02:45,05F0055S,05F0287S,41,0,0
2023/12/03 02:45,05F0055S,05F0287S,42,0,0
2023/12/03 02:45,05F0055S,05F0287S,5,0,0
2023/12/03 02:45,05F0287S,05F0309S,31,86,8
2023/12/03 02:45,05F0287S,05F0309S,32,84,2
2023/12/03 02:45,05F0287S,05F0309S,41,0,0
2023/12/03 02:45,05F0287S,05F0309S,42,0,0
2023/12/03 02:45,05F0287S,05F0309S,5,0,0
2023/12/03 02:45,05F0309S,05F0439S,31,442,12
2023/12/03 02:45,05F0309S,05F0439S,32,569,3
2023/12/03 02:45,05F0309S,05F0439S,41,0,0
2023/12/03 02:45,05F0309S,05F0439S,42,0,0
2023/12/03 02:45,05F0309S,05F0439S,5,0,0
2023/12/03 02:45,05F0439S,05F0494S,31,144,1
2023/12/03 02:45,05F0439S,05F0494S,32,190,1
2023/12/03 02:45,05F0439S,05F0494S,41,0,0
2023/12/03 02:45,05F0439S,05F0494S,42,0,0
2023/12/03 02:45,05F0439S,05F0494S,5,0,0
2023/12/03 02:50,05F0000S,05F0055S,31,245,5
2023/12/03 02:50,05F0000S,05F0055S,32,229,5
2023/12/03 02:50,05F0000S,05F0055S,41,0,0
2023/12/03 02:50,05F0000S,05F0055S,42,0,0
2023/12/03 02:50,05F0000S,05F0055S,5,0,0
2023/12/03 02:50,05F0055S,05F0287S,31,920,17
2023/12/03 02:50,05F0055S,05F0287S,32,917,7
2023/12/03 02:50,05F0055S,05F0287S,41,0,0
2023/12/03 02:50,05F0055S,05F0287S,42,0,0
2023/12/03 02:50,05F0055S,05F0287S,5,0,0
2023/12/03 02:50,05F0287S,05F0309S,31,81,12
2023/12/03 02:50,05F0287S,05F0309S,32,84,6
2023/12/03 02:50,05F0287S,05F0309S,41,0,0
2023/12/03 02:50,05F0287S,05F0309S,42,0,0
2023/12/03 02:50,05F0287S,05F0309S,5,0,0
2023/12/03 02:50,05F0309S,05F0439S,31,506,5
2023/12/03 02:50,05F0309S,05F0439S,32,522,6
2023/12/03 02:50,05F0309S,05F0439S,41,0,0
2023/12/03 02:50,05F0309S,05F0439S,42,0,0
2023/12/03 02:50,05F0309S,05F0439S,5,539,1
2023/12/03 02:50,05F0439S,05F0494S,31,181,4
2023/12/03 02:50,05F0439S,05F0494S,32,221,3
2023/12/03 02:50,05F0439S,05F0494S,41,0,0
2023/12/03 02:50,05F0439S,05F0494S,42,0,0
2023/12/03 02:50,05F0439S,05F0494S,5,0,0
2023/12/03 02:55,05F0000S,05F0055S,31,231,16
2023/12/03 02:55,05F0000S,05F0055S,32,217,4
2023/12/03 02:55,05F0000S,05F0055S,41,0,0
2023/12/03 02:55,05F0000S,05F0055S,42,0,0
2023/12/03 02:55,05F0000S,05F0055S,5,0,0
2023/12/03 02:55,05F0055S,05F0287S,31,968,14
2023/12/03 02:55,05F0055S,05F0287S,32,1058,3
2023/12/03 02:55,05F0055S,05F0287S,41,0,0
2023/12/03 02:55,05F0055S,05F0287S,42,0,0
2023/12/03 02:55,05F0055S,05F0287S,5,0,0
2023/12/03 02:55,05F0287S,05F0309S,31,81,11
2023/12/03 02:55,05F0287S,05F0309S,32,110,1
2023/12/03 02:55,05F0287S,05F0309S,41,0,0
2023/12/03 02:55,05F0287S,05F0309S,42,0,0
2023/12/03 02:55,05F0287S,05F0309S,5,0,0
2023/12/03 02:55,05F0309S,05F0439S,31,501,9
2023/12/03 02:55,05F0309S,05F0439S,32,501,2
2023/12/03 02:55,05F0309S,05F0439S,41,0,0
2023/12/03 02:55,05F0309S,05F0439S,42,557,1
2023/12/03 02:55,05F0309S,05F0439S,5,0,0
2023/12/03 02:55,05F0439S,05F0494S,31,224,5
2023/12/03 02:55,05F0439S,05F0494S,32,222,2
2023/12/03 02:55,05F0439S,05F0494S,41,0,0
2023/12/03 02:55,05F0439S,05F0494S,42,0,0
2023/12/03 02:55,05F0439S,05F0494S,5,229,1
2023/12/03 03:00,05F0000S,05F0055S,31,241,14
2023/12/03 03:00,05F0000S,05F0055S,32,744,2
2023/12/03 03:00,05F0000S,05F0055S,41,0,0
2023/12/03 03:00,05F0000S,05F0055S,42,0,0
2023/12/03 03:00,05F0000S,05F0055S,5,0,0
2023/12/03 03:00,05F0055S,05F0287S,31,989,19
2023/12/03 03:00,05F0055S,05F0287S,32,984,7
2023/12/03 03:00,05F0055S,05F0287S,41,0,0
2023/12/03 03:00,05F0055S,05F0287S,42,0,0
2023/12/03 03:00,05F0055S,05F0287S,5,0,0
2023/12/03 03:00,05F0287S,05F0309S,31,90,12
2023/12/03 03:00,05F0287S,05F0309S,32,90,4
2023/12/03 03:00,05F0287S,05F0309S,41,0,0
2023/12/03 03:00,05F0287S,05F0309S,42,0,0
2023/12/03 03:00,05F0287S,05F0309S,5,0,0
2023/12/03 03:00,05F0309S,05F0439S,31,479,9
2023/12/03 03:00,05F0309S,05F0439S,32,529,2
2023/12/03 03:00,05F0309S,05F0439S,41,0,0
2023/12/03 03:00,05F0309S,05F0439S,42,0,0
2023/12/03 03:00,05F0309S,05F0439S,5,0,0
2023/12/03 03:00,05F0439S,05F0494S,31,212,6
2023/12/03 03:00,05F0439S,05F0494S,32,212,2
2023/12/03 03:00,05F0439S,05F0494S,41,0,0
2023/12/03 03:00,05F0439S,05F0494S,42,227,1
2023/12/03 03:00,05F0439S,05F0494S,5,0,0
2023/12/03 03:05,05F0000S,05F0055S,31,245,7
2023/12/03 03:05,05F0000S,05F0055S,32,227,3
2023/12/03 03:05,05F0000S,05F0055S,41,0,0
2023/12/03 03:05,05F0000S,05F0055S,42,0,0
2023/12/03 03:05,05F0000S,05F0055S,5,0,0
2023/12/03 03:05,05F0055S,05F0287S,31,977,5
2023/12/03 03:05,05F0055S,05F0287S,32,930,5
2023/12/03 03:05,05F0055S,05F0287S,41,0,0
2023/12/03 03:05,05F0055S,05F0287S,42,0,0
2023/12/03 03:05,05F0055S,05F0287S,5,0,0
2023/12/03 03:05,05F0287S,05F0309S,31,89,11
2023/12/03 03:05,05F0287S,05F0309S,32,89,9
2023/12/03 03:05,05F0287S,05F0309S,41,0,0
2023/12/03 03:05,05F0287S,05F0309S,42,0,0
2023/12/03 03:05,05F0287S,05F0309S,5,0,0
2023/12/03 03:05,05F0309S,05F0439S,31,496,10
2023/12/03 03:05,05F0309S,05F0439S,32,578,2
2023/12/03 03:05,05F0309S,05F0439S,41,0,0
2023/12/03 03:05,05F0309S,05F0439S,42,0,0
2023/12/03 03:05,05F0309S,05F0439S,5,0,0
2023/12/03 03:05,05F0439S,05F0494S,31,206,1
2023/12/03 03:05,05F0439S,05F0494S,32,0,0
2023/12/03 03:05,05F0439S,05F0494S,41,0,0
2023/12/03 03:05,05F0439S,05F0494S,42,0,0
2023/12/03 03:05,05F0439S,05F0494S,5,0,0
2023/12/03 03:10,05F0000S,05F0055S,31,221,7
2023/12/03 03:10,05F0000S,05F0055S,32,231,7
2023/12/03 03:10,05F0000S,05F0055S,41,0,0
2023/12/03 03:10,05F0000S,05F0055S,42,0,0
2023/12/03 03:10,05F0000S,05F0055S,5,0,0
2023/12/03 03:10,05F0055S,05F0287S,31,927,11
2023/12/03 03:10,05F0055S,05F0287S,32,926,3
2023/12/03 03:10,05F0055S,05F0287S,41,0,0
2023/12/03 03:10,05F0055S,05F0287S,42,0,0
2023/12/03 03:10,05F0055S,05F0287S,5,0,0
2023/12/03 03:10,05F0287S,05F0309S,31,82,8
2023/12/03 03:10,05F0287S,05F0309S,32,84,2
2023/12/03 03:10,05F0287S,05F0309S,41,0,0
2023/12/03 03:10,05F0287S,05F0309S,42,0,0
2023/12/03 03:10,05F0287S,05F0309S,5,0,0
2023/12/03 03:10,05F0309S,05F0439S,31,504,9
2023/12/03 03:10,05F0309S,05F0439S,32,526,3
2023/12/03 03:10,05F0309S,05F0439S,41,0,0
2023/12/03 03:10,05F0309S,05F0439S,42,0,0
2023/12/03 03:10,05F0309S,05F0439S,5,0,0
2023/12/03 03:10,05F0439S,05F0494S,31,213,4
2023/12/03 03:10,05F0439S,05F0494S,32,248,1
2023/12/03 03:10,05F0439S,05F0494S,41,0,0
2023/12/03 03:10,05F0439S,05F0494S,42,0,0
2023/12/03 03:10,05F0439S,05F0494S,5,0,0
2023/12/03 03:15,05F0000S,05F0055S,31,225,8
2023/12/03 03:15,05F0000S,05F0055S,32,229,5
2023/12/03 03:15,05F0000S,05F0055S,41,0,0
2023/12/03 03:15,05F0000S,05F0055S,42,0,0
2023/12/03 03:15,05F0000S,05F0055S,5,0,0
2023/12/03 03:15,05F0055S,05F0287S,31,941,15
2023/12/03 03:15,05F0055S,05F0287S,32,953,1
2023/12/03 03:15,05F0055S,05F0287S,41,0,0
2023/12/03 03:15,05F0055S,05F0287S,42,0,0
2023/12/03 03:15,05F0055S,05F0287S,5,0,0
2023/12/03 03:15,05F0287S,05F0309S,31,86,9
2023/12/03 03:15,05F0287S,05F0309S,32,89,1
2023/12/03 03:15,05F0287S,05F0309S,41,0,0
2023/12/03 03:15,05F0287S,05F0309S,42,0,0
2023/12/03 03:15,05F0287S,05F0309S,5,0,0
2023/12/03 03:15,05F0309S,05F0439S,31,516,6
2023/12/03 03:15,05F0309S,05F0439S,32,518,3
2023/12/03 03:15,05F0309S,05F0439S,41,0,0
2023/12/03 03:15,05F0309S,05F0439S,42,0,0
2023/12/03 03:15,05F0309S,05F0439S,5,490,2
2023/12/03 03:15,05F0439S,05F0494S,31,212,4
2023/12/03 03:15,05F0439S,05F0494S,32,224,3
2023/12/03 03:15,05F0439S,05F0494S,41,0,0
2023/12/03 03:15,05F0439S,05F0494S,42,0,0
2023/12/03 03:15,05F0439S,05F0494S,5,0,0
2023/12/03 03:20,05F0000S,05F0055S,31,233,13
2023/12/03 03:20,05F0000S,05F0055S,32,223,6
2023/12/03 03:20,05F0000S,05F0055S,41,0,0
2023/12/03 03:20,05F0000S,05F0055S,42,0,0
2023/12/03 03:20,05F0000S,05F0055S,5,0,0
2023/12/03 03:20,05F0055S,05F0287S,31,967,13
2023/12/03 03:20,05F0055S,05F0287S,32,934,5
2023/12/03 03:20,05F0055S,05F0287S,41,0,0
2023/12/03 03:20,05F0055S,05F0287S,42,0,0
2023/12/03 03:20,05F0055S,05F0287S,5,0,0
2023/12/03 03:20,05F0287S,05F0309S,31,86,9
2023/12/03 03:20,05F0287S,05F0309S,32,87,2
2023/12/03 03:20,05F0287S,05F0309S,41,0,0
2023/12/03 03:20,05F0287S,05F0309S,42,0,0
2023/12/03 03:20,05F0287S,05F0309S,5,0,0
2023/12/03 03:20,05F0309S,05F0439S,31,480,7
2023/12/03 03:20,05F0309S,05F0439S,32,490,3
2023/12/03 03:20,05F0309S,05F0439S,41,0,0
2023/12/03 03:20,05F0309S,05F0439S,42,0,0
2023/12/03 03:20,05F0309S,05F0439S,5,530,1
2023/12/03 03:20,05F0439S,05F0494S,31,203,3
2023/12/03 03:20,05F0439S,05F0494S,32,211,3
2023/12/03 03:20,05F0439S,05F0494S,41,0,0
2023/12/03 03:20,05F0439S,05F0494S,42,0,0
2023/12/03 03:20,05F0439S,05F0494S,5,206,2
2023/12/03 03:25,05F0000S,05F0055S,31,240,15
2023/12/03 03:25,05F0000S,05F0055S,32,249,6
2023/12/03 03:25,05F0000S,05F0055S,41,0,0
2023/12/03 03:25,05F0000S,05F0055S,42,0,0
2023/12/03 03:25,05F0000S,05F0055S,5,0,0
2023/12/03 03:25,05F0055S,05F0287S,31,946,11
2023/12/03 03:25,05F0055S,05F0287S,32,943,5
2023/12/03 03:25,05F0055S,05F0287S,41,0,0
2023/12/03 03:25,05F0055S,05F0287S,42,0,0
2023/12/03 03:25,05F0055S,05F0287S,5,0,0
2023/12/03 03:25,05F0287S,05F0309S,31,84,7
2023/12/03 03:25,05F0287S,05F0309S,32,87,5
2023/12/03 03:25,05F0287S,05F0309S,41,0,0
2023/12/03 03:25,05F0287S,05F0309S,42,0,0
2023/12/03 03:25,05F0287S,05F0309S,5,0,0
2023/12/03 03:25,05F0309S,05F0439S,31,487,10
2023/12/03 03:25,05F0309S,05F0439S,32,495,1
2023/12/03 03:25,05F0309S,05F0439S,41,0,0
2023/12/03 03:25,05F0309S,05F0439S,42,0,0
2023/12/03 03:25,05F0309S,05F0439S,5,0,0
2023/12/03 03:25,05F0439S,05F0494S,31,209,4
2023/12/03 03:25,05F0439S,05F0494S,32,202,2
2023/12/03 03:25,05F0439S,05F0494S,41,0,0
2023/12/03 03:25,05F0439S,05F0494S,42,0,0
2023/12/03 03:25,05F0439S,05F0494S,5,221,1
2023/12/03 03:30,05F0000S,05F0055S,31,251,17
2023/12/03 03:30,05F0000S,05F0055S,32,253,3
2023/12/03 03:30,05F0000S,05F0055S,41,0,0
2023/12/03 03:30,05F0000S,05F0055S,42,0,0
2023/12/03 03:30,05F0000S,05F0055S,5,0,0
2023/12/03 03:30,05F0055S,05F0287S,31,910,8
2023/12/03 03:30,05F0055S,05F0287S,32,951,5
2023/12/03 03:30,05F0055S,05F0287S,41,0,0
2023/12/03 03:30,05F0055S,05F0287S,42,0,0
2023/12/03 03:30,05F0055S,05F0287S,5,0,0
2023/12/03 03:30,05F0287S,05F0309S,31,90,6
2023/12/03 03:30,05F0287S,05F0309S,32,90,3
2023/12/03 03:30,05F0287S,05F0309S,41,0,0
2023/12/03 03:30,05F0287S,05F0309S,42,0,0
2023/12/03 03:30,05F0287S,05F0309S,5,0,0
2023/12/03 03:30,05F0309S,05F0439S,31,488,4
2023/12/03 03:30,05F0309S,05F0439S,32,470,3
2023/12/03 03:30,05F0309S,05F0439S,41,0,0
2023/12/03 03:30,05F0309S,05F0439S,42,0,0
2023/12/03 03:30,05F0309S,05F0439S,5,0,0
2023/12/03 03:30,05F0439S,05F0494S,31,168,5
2023/12/03 03:30,05F0439S,05F0494S,32,213,1
2023/12/03 03:30,05F0439S,05F0494S,41,0,0
2023/12/03 03:30,05F0439S,05F0494S,42,0,0
2023/12/03 03:30,05F0439S,05F0494S,5,0,0
2023/12/03 03:35,05F0000S,05F0055S,31,240,11
2023/12/03 03:35,05F0000S,05F0055S,32,229,6
2023/12/03 03:35,05F0000S,05F0055S,41,0,0
2023/12/03 03:35,05F0000S,05F0055S,42,0,0
2023/12/03 03:35,05F0000S,05F0055S,5,0,0
2023/12/03 03:35,05F0055S,05F0287S,31,918,10
2023/12/03 03:35,05F0055S,05F0287S,32,923,8
2023/12/03 03:35,05F0055S,05F0287S,41,0,0
2023/12/03 03:35,05F0055S,05F0287S,42,0,0
2023/12/03 03:35,05F0055S,05F0287S,5,0,0
2023/12/03 03:35,05F0287S,05F0309S,31,87,3
2023/12/03 03:35,05F0287S,05F0309S,32,87,4
2023/12/03 03:35,05F0287S,05F0309S,41,0,0
2023/12/03 03:35,05F0287S,05F0309S,42,0,0
2023/12/03 03:35,05F0287S,05F0309S,5,0,0
2023/12/03 03:35,05F0309S,05F0439S,31,494,5
2023/12/03 03:35,05F0309S,05F0439S,32,531,4
2023/12/03 03:35,05F0309S,05F0439S,41,0,0
2023/12/03 03:35,05F0309S,05F0439S,42,0,0
2023/12/03 03:35,05F0309S,05F0439S,5,629,1
2023/12/03 03:35,05F0439S,05F0494S,31,210,2
2023/12/03 03:35,05F0439S,05F0494S,32,181,1
2023/12/03 03:35,05F0439S,05F0494S,41,0,0
2023/12/03 03:35,05F0439S,05F0494S,42,0,0
2023/12/03 03:35,05F0439S,05F0494S,5,0,0
2023/12/03 03:40,05F0000S,05F0055S,31,228,11
2023/12/03 03:40,05F0000S,05F0055S,32,221,7
2023/12/03 03:40,05F0000S,05F0055S,41,0,0
2023/12/03 03:40,05F0000S,05F0055S,42,0,0
2023/12/03 03:40,05F0000S,05F0055S,5,0,0
2023/12/03 03:40,05F0055S,05F0287S,31,935,14
2023/12/03 03:40,05F0055S,05F0287S,32,1030,4
2023/12/03 03:40,05F0055S,05F0287S,41,0,0
2023/12/03 03:40,05F0055S,05F0287S,42,0,0
2023/12/03 03:40,05F0055S,05F0287S,5,0,0
2023/12/03 03:40,05F0287S,05F0309S,31,83,12
2023/12/03 03:40,05F0287S,05F0309S,32,82,3
2023/12/03 03:40,05F0287S,05F0309S,41,0,0
2023/12/03 03:40,05F0287S,05F0309S,42,0,0
2023/12/03 03:40,05F0287S,05F0309S,5,0,0
2023/12/03 03:40,05F0309S,05F0439S,31,549,5
2023/12/03 03:40,05F0309S,05F0439S,32,454,2
2023/12/03 03:40,05F0309S,05F0439S,41,0,0
2023/12/03 03:40,05F0309S,05F0439S,42,0,0
2023/12/03 03:40,05F0309S,05F0439S,5,0,0
2023/12/03 03:40,05F0439S,05F0494S,31,0,0
2023/12/03 03:40,05F0439S,05F0494S,32,233,2
2023/12/03 03:40,05F0439S,05F0494S,41,0,0
2023/12/03 03:40,05F0439S,05F0494S,42,0,0
2023/12/03 03:40,05F0439S,05F0494S,5,0,0
2023/12/03 03:45,05F0000S,05F0055S,31,226,10
2023/12/03 03:45,05F0000S,05F0055S,32,248,2
2023/12/03 03:45,05F0000S,05F0055S,41,0,0
2023/12/03 03:45,05F0000S,05F0055S,42,0,0
2023/12/03 03:45,05F0000S,05F0055S,5,0,0
2023/12/03 03:45,05F0055S,05F0287S,31,987,16
2023/12/03 03:45,05F0055S,05F0287S,32,1020,4
2023/12/03 03:45,05F0055S,05F0287S,41,0,0
2023/12/03 03:45,05F0055S,05F0287S,42,0,0
2023/12/03 03:45,05F0055S,05F0287S,5,0,0
2023/12/03 03:45,05F0287S,05F0309S,31,89,7
2023/12/03 03:45,05F0287S,05F0309S,32,87,5
2023/12/03 03:45,05F0287S,05F0309S,41,0,0
2023/12/03 03:45,05F0287S,05F0309S,42,0,0
2023/12/03 03:45,05F0287S,05F0309S,5,0,0
2023/12/03 03:45,05F0309S,05F0439S,31,473,7
2023/12/03 03:45,05F0309S,05F0439S,32,427,2
2023/12/03 03:45,05F0309S,05F0439S,41,0,0
2023/12/03 03:45,05F0309S,05F0439S,42,0,0
2023/12/03 03:45,05F0309S,05F0439S,5,0,0
2023/12/03 03:45,05F0439S,05F0494S,31,216,4
2023/12/03 03:45,05F0439S,05F0494S,32,0,0
2023/12/03 03:45,05F0439S,05F0494S,41,0,0
2023/12/03 03:45,05F0439S,05F0494S,42,0,0
2023/12/03 03:45,05F0439S,05F0494S,5,0,0
2023/12/03 03:50,05F0000S,05F0055S,31,239,8
2023/12/03 03:50,05F0000S,05F0055S,32,238,5
2023/12/03 03:50,05F0000S,05F0055S,41,0,0
2023/12/03 03:50,05F0000S,05F0055S,42,0,0
2023/12/03 03:50,05F0000S,05F0055S,5,0,0
2023/12/03 03:50,05F0055S,05F0287S,31,940,13
2023/12/03 03:50,05F0055S,05F0287S,32,934,5
2023/12/03 03:50,05F0055S,05F0287S,41,0,0
2023/12/03 03:50,05F0055S,05F0287S,42,0,0
2023/12/03 03:50,05F0055S,05F0287S,5,0,0
2023/12/03 03:50,05F0287S,05F0309S,31,93,16
2023/12/03 03:50,05F0287S,05F0309S,32,93,6
2023/12/03 03:50,05F0287S,05F0309S,41,0,0
2023/12/03 03:50,05F0287S,05F0309S,42,0,0
2023/12/03 03:50,05F0287S,05F0309S,5,0,0
2023/12/03 03:50,05F0309S,05F0439S,31,492,7
2023/12/03 03:50,05F0309S,05F0439S,32,581,1
2023/12/03 03:50,05F0309S,05F0439S,41,0,0
2023/12/03 03:50,05F0309S,05F0439S,42,0,0
2023/12/03 03:50,05F0309S,05F0439S,5,520,1
2023/12/03 03:50,05F0439S,05F0494S,31,210,2
2023/12/03 03:50,05F0439S,05F0494S,32,209,1
2023/12/03 03:50,05F0439S,05F0494S,41,0,0
2023/12/03 03:50,05F0439S,05F0494S,42,0,0
2023/12/03 03:50,05F0439S,05F0494S,5,0,0
2023/12/03 03:55,05F0000S,05F0055S,31,234,11
2023/12/03 03:55,05F0000S,05F0055S,32,261,1
2023/12/03 03:55,05F0000S,05F0055S,41,0,0
2023/12/03 03:55,05F0000S,05F0055S,42,0,0
2023/12/03 03:55,05F0000S,05F0055S,5,0,0
2023/12/03 03:55,05F0055S,05F0287S,31,917,13
2023/12/03 03:55,05F0055S,05F0287S,32,954,9
2023/12/03 03:55,05F0055S,05F0287S,41,0,0
2023/12/03 03:55,05F0055S,05F0287S,42,0,0
2023/12/03 03:55,05F0055S,05F0287S,5,0,0
2023/12/03 03:55,05F0287S,05F0309S,31,80,11
2023/12/03 03:55,05F0287S,05F0309S,32,83,6
2023/12/03 03:55,05F0287S,05F0309S,41,0,0
2023/12/03 03:55,05F0287S,05F0309S,42,0,0
2023/12/03 03:55,05F0287S,05F0309S,5,0,0
2023/12/03 03:55,05F0309S,05F0439S,31,522,9
2023/12/03 03:55,05F0309S,05F0439S,32,529,3
2023/12/03 03:55,05F0309S,05F0439S,41,0,0
2023/12/03 03:55,05F0309S,05F0439S,42,0,0
2023/12/03 03:55,05F0309S,05F0439S,5,0,0
2023/12/03 03:55,05F0439S,05F0494S,31,213,2
2023/12/03 03:55,05F0439S,05F0494S,32,250,1
2023/12/03 03:55,05F0439S,05F0494S,41,0,0
2023/12/03 03:55,05F0439S,05F0494S,42,0,0
2023/12/03 03:55,05F0439S,05F0494S,5,229,1
2023/12/03 04:00,05F0000S,05F0055S,31,238,15
2023/12/03 04:00,05F0000S,05F0055S,32,243,9
2023/12/03 04:00,05F0000S,05F0055S,41,0,0
2023/12/03 04:00,05F0000S,05F0055S,42,0,0
2023/12/03 04:00,05F0000S,05F0055S,5,0,0
2023/12/03 04:00,05F0055S,05F0287S,31,906,11
2023/12/03 04:00,05F0055S,05F0287S,32,956,5
2023/12/03 04:00,05F0055S,05F0287S,41,0,0
2023/12/03 04:00,05F0055S,05F0287S,42,0,0
2023/12/03 04:00,05F0055S,05F0287S,5,0,0
2023/12/03 04:00,05F0287S,05F0309S,31,87,6
2023/12/03 04:00,05F0287S,05F0309S,32,121,1
2023/12/03 04:00,05F0287S,05F0309S,41,0,0
2023/12/03 04:00,05F0287S,05F0309S,42,0,0
2023/12/03 04:00,05F0287S,05F0309S,5,0,0
2023/12/03 04:00,05F0309S,05F0439S,31,526,7
2023/12/03 04:00,05F0309S,05F0439S,32,502,3
2023/12/03 04:00,05F0309S,05F0439S,41,0,0
2023/12/03 04:00,05F0309S,05F0439S,42,507,1
2023/12/03 04:00,05F0309S,05F0439S,5,0,0
2023/12/03 04:00,05F0439S,05F0494S,31,196,2
2023/12/03 04:00,05F0439S,05F0494S,32,211,3
2023/12/03 04:00,05F0439S,05F0494S,41,0,0
2023/12/03 04:00,05F0439S,05F0494S,42,196,1
2023/12/03 04:00,05F0439S,05F0494S,5,0,0
2023/12/03 04:05,05F0000S,05F0055S,31,228,18
2023/12/03 04:05,05F0000S,05F0055S,32,236,9
2023/12/03 04:05,05F0000S,05F0055S,41,602,2
2023/12/03 04:05,05F0000S,05F0055S,42,0,0
2023/12/03 04:05,05F0000S,05F0055S,5,0,0
2023/12/03 04:05,05F0055S,05F0287S,31,971,8
2023/12/03 04:05,05F0055S,05F0287S,32,941,4
2023/12/03 04:05,05F0055S,05F0287S,41,0,0
2023/12/03 04:05,05F0055S,05F0287S,42,0,0
2023/12/03 04:05,05F0055S,05F0287S,5,0,0
2023/12/03 04:05,05F0287S,05F0309S,31,85,4
2023/12/03 04:05,05F0287S,05F0309S,32,84,5
2023/12/03 04:05,05F0287S,05F0309S,41,0,0
2023/12/03 04:05,05F0287S,05F0309S,42,0,0
2023/12/03 04:05,05F0287S,05F0309S,5,0,0
2023/12/03 04:05,05F0309S,05F0439S,31,449,6
2023/12/03 04:05,05F0309S,05F0439S,32,510,4
2023/12/03 04:05,05F0309S,05F0439S,41,0,0
2023/12/03 04:05,05F0309S,05F0439S,42,0,0
2023/12/03 04:05,05F0309S,05F0439S,5,0,0
2023/12/03 04:05,05F0439S,05F0494S,31,234,3
2023/12/03 04:05,05F0439S,05F0494S,32,207,3
2023/12/03 04:05,05F0439S,05F0494S,41,0,0
2023/12/03 04:05,05F0439S,05F0494S,42,207,1
2023/12/03 04:05,05F0439S,05F0494S,5,0,0
2023/12/03 04:10,05F0000S,05F0055S,31,234,18
2023/12/03 04:10,05F0000S,05F0055S,32,242,8
2023/12/03 04:10,05F0000S,05F0055S,41,0,0
2023/12/03 04:10,05F0000S,05F0055S,42,0,0
2023/12/03 04:10,05F0000S,05F0055S,5,0,0
2023/12/03 04:10,05F0055S,05F0287S,31,956,11
2023/12/03 04:10,05F0055S,05F0287S,32,1016,2
2023/12/03 04:10,05F0055S,05F0287S,41,0,0
2023/12/03 04:10,05F0055S,05F0287S,42,0,0
2023/12/03 04:10,05F0055S,05F0287S,5,0,0
2023/12/03 04:10,05F0287S,05F0309S,31,89,9
2023/12/03 04:10,05F0287S,05F0309S,32,92,3
2023/12/03 04:10,05F0287S,05F0309S,41,0,0
2023/12/03 04:10,05F0287S,05F0309S,42,0,0
2023/12/03 04:10,05F0287S,05F0309S,5,0,0
2023/12/03 04:10,05F0309S,05F0439S,31,477,10
2023/12/03 04:10,05F0309S,05F0439S,32,515,1
2023/12/03 04:10,05F0309S,05F0439S,41,0,0
2023/12/03 04:10,05F0309S,05F0439S,42,0,0
2023/12/03 04:10,05F0309S,05F0439S,5,0,0
2023/12/03 04:10,05F0439S,05F0494S,31,195,1
2023/12/03 04:10,05F0439S,05F0494S,32,258,1
2023/12/03 04:10,05F0439S,05F0494S,41,0,0
2023/12/03 04:10,05F0439S,05F0494S,42,0,0
2023/12/03 04:10,05F0439S,05F0494S,5,0,0
2023/12/03 04:15,05F0000S,05F0055S,31,226,14
2023/12/03 04:15,05F0000S,05F0055S,32,238,14
2023/12/03 04:15,05F0000S,05F0055S,41,0,0
2023/12/03 04:15,05F0000S,05F0055S,42,0,0
2023/12/03 04:15,05F0000S,05F0055S,5,0,0
2023/12/03 04:15,05F0055S,05F0287S,31,940,17
2023/12/03 04:15,05F0055S,05F0287S,32,961,7
2023/12/03 04:15,05F0055S,05F0287S,41,0,0
2023/12/03 04:15,05F0055S,05F0287S,42,0,0
2023/12/03 04:15,05F0055S,05F0287S,5,0,0
2023/12/03 04:15,05F0287S,05F0309S,31,89,10
2023/12/03 04:15,05F0287S,05F0309S,32,93,4
2023/12/03 04:15,05F0287S,05F0309S,41,0,0
2023/12/03 04:15,05F0287S,05F0309S,42,0,0
2023/12/03 04:15,05F0287S,05F0309S,5,0,0
2023/12/03 04:15,05F0309S,05F0439S,31,496,6
2023/12/03 04:15,05F0309S,05F0439S,32,489,2
2023/12/03 04:15,05F0309S,05F0439S,41,0,0
2023/12/03 04:15,05F0309S,05F0439S,42,0,0
2023/12/03 04:15,05F0309S,05F0439S,5,0,0
2023/12/03 04:15,05F0439S,05F0494S,31,204,5
2023/12/03 04:15,05F0439S,05F0494S,32,0,0
2023/12/03 04:15,05F0439S,05F0494S,41,0,0
2023/12/03 04:15,05F0439S,05F0494S,42,0,0
2023/12/03 04:15,05F0439S,05F0494S,5,0,0
2023/12/03 04:20,05F0000S,05F0055S,31,247,15
2023/12/03 04:20,05F0000S,05F0055S,32,252,7
2023/12/03 04:20,05F0000S,05F0055S,41,0,0
2023/12/03 04:20,05F0000S,05F0055S,42,0,0
2023/12/03 04:20,05F0000S,05F0055S,5,0,0
2023/12/03 04:20,05F0055S,05F0287S,31,927,19
2023/12/03 04:20,05F0055S,05F0287S,32,966,11
2023/12/03 04:20,05F0055S,05F0287S,41,900,2
2023/12/03 04:20,05F0055S,05F0287S,42,0,0
2023/12/03 04:20,05F0055S,05F0287S,5,0,0
2023/12/03 04:20,05F0287S,05F0309S,31,84,15
2023/12/03 04:20,05F0287S,05F0309S,32,95,8
2023/12/03 04:20,05F0287S,05F0309S,41,0,0
2023/12/03 04:20,05F0287S,05F0309S,42,0,0
2023/12/03 04:20,05F0287S,05F0309S,5,0,0
2023/12/03 04:20,05F0309S,05F0439S,31,526,5
2023/12/03 04:20,05F0309S,05F0439S,32,515,3
2023/12/03 04:20,05F0309S,05F0439S,41,0,0
2023/12/03 04:20,05F0309S,05F0439S,42,0,0
2023/12/03 04:20,05F0309S,05F0439S,5,525,1
2023/12/03 04:20,05F0439S,05F0494S,31,191,2
2023/12/03 04:20,05F0439S,05F0494S,32,203,2
2023/12/03 04:20,05F0439S,05F0494S,41,0,0
2023/12/03 04:20,05F0439S,05F0494S,42,218,1
2023/12/03 04:20,05F0439S,05F0494S,5,222,1
2023/12/03 04:25,05F0000S,05F0055S,31,242,18
2023/12/03 04:25,05F0000S,05F0055S,32,246,7
2023/12/03 04:25,05F0000S,05F0055S,41,249,1
2023/12/03 04:25,05F0000S,05F0055S,42,0,0
2023/12/03 04:25,05F0000S,05F0055S,5,0,0
2023/12/03 04:25,05F0055S,05F0287S,31,937,13
2023/12/03 04:25,05F0055S,05F0287S,32,979,7
2023/12/03 04:25,05F0055S,05F0287S,41,0,0
2023/12/03 04:25,05F0055S,05F0287S,42,0,0
2023/12/03 04:25,05F0055S,05F0287S,5,0,0
2023/12/03 04:25,05F0287S,05F0309S,31,93,10
2023/12/03 04:25,05F0287S,05F0309S,32,89,6
2023/12/03 04:25,05F0287S,05F0309S,41,79,2
2023/12/03 04:25,05F0287S,05F0309S,42,0,0
2023/12/03 04:25,05F0287S,05F0309S,5,0,0
2023/12/03 04:25,05F0309S,05F0439S,31,497,13
2023/12/03 04:25,05F0309S,05F0439S,32,508,2
2023/12/03 04:25,05F0309S,05F0439S,41,0,0
2023/12/03 04:25,05F0309S,05F0439S,42,0,0
2023/12/03 04:25,05F0309S,05F0439S,5,530,1
2023/12/03 04:25,05F0439S,05F0494S,31,213,2
2023/12/03 04:25,05F0439S,05F0494S,32,228,1
2023/12/03 04:25,05F0439S,05F0494S,41,0,0
2023/12/03 04:25,05F0439S,05F0494S,42,0,0
2023/12/03 04:25,05F0439S,05F0494S,5,0,0
2023/12/03 04:30,05F0000S,05F0055S,31,236,25
2023/12/03 04:30,05F0000S,05F0055S,32,239,10
2023/12/03 04:30,05F0000S,05F0055S,41,254,1
2023/12/03 04:30,05F0000S,05F0055S,42,0,0
2023/12/03 04:30,05F0000S,05F0055S,5,0,0
2023/12/03 04:30,05F0055S,05F0287S,31,946,17
2023/12/03 04:30,05F0055S,05F0287S,32,974,14
2023/12/03 04:30,05F0055S,05F0287S,41,0,0
2023/12/03 04:30,05F0055S,05F0287S,42,0,0
2023/12/03 04:30,05F0055S,05F0287S,5,0,0
2023/12/03 04:30,05F0287S,05F0309S,31,90,12
2023/12/03 04:30,05F0287S,05F0309S,32,90,10
2023/12/03 04:30,05F0287S,05F0309S,41,0,0
2023/12/03 04:30,05F0287S,05F0309S,42,0,0
2023/12/03 04:30,05F0287S,05F0309S,5,0,0
2023/12/03 04:30,05F0309S,05F0439S,31,467,12
2023/12/03 04:30,05F0309S,05F0439S,32,501,4
2023/12/03 04:30,05F0309S,05F0439S,41,485,2
2023/12/03 04:30,05F0309S,05F0439S,42,0,0
2023/12/03 04:30,05F0309S,05F0439S,5,0,0
2023/12/03 04:30,05F0439S,05F0494S,31,186,3
2023/12/03 04:30,05F0439S,05F0494S,32,218,2
2023/12/03 04:30,05F0439S,05F0494S,41,0,0
2023/12/03 04:30,05F0439S,05F0494S,42,0,0
2023/12/03 04:30,05F0439S,05F0494S,5,212,1
2023/12/03 04:35,05F0000S,05F0055S,31,248,22
2023/12/03 04:35,05F0000S,05F0055S,32,238,8
2023/12/03 04:35,05F0000S,05F0055S,41,0,0
2023/12/03 04:35,05F0000S,05F0055S,42,0,0
2023/12/03 04:35,05F0000S,05F0055S,5,0,0
2023/12/03 04:35,05F0055S,05F0287S,31,966,16
2023/12/03 04:35,05F0055S,05F0287S,32,947,8
2023/12/03 04:35,05F0055S,05F0287S,41,0,0
2023/12/03 04:35,05F0055S,05F0287S,42,0,0
2023/12/03 04:35,05F0055S,05F0287S,5,0,0
2023/12/03 04:35,05F0287S,05F0309S,31,84,12
2023/12/03 04:35,05F0287S,05F0309S,32,89,8
2023/12/03 04:35,05F0287S,05F0309S,41,0,0
2023/12/03 04:35,05F0287S,05F0309S,42,0,0
2023/12/03 04:35,05F0287S,05F0309S,5,0,0
2023/12/03 04:35,05F0309S,05F0439S,31,487,10
2023/12/03 04:35,05F0309S,05F0439S,32,508,4
2023/12/03 04:35,05F0309S,05F0439S,41,0,0
2023/12/03 04:35,05F0309S,05F0439S,42,0,0
2023/12/03 04:35,05F0309S,05F0439S,5,0,0
2023/12/03 04:35,05F0439S,05F0494S,31,200,2
2023/12/03 04:35,05F0439S,05F0494S,32,211,2
2023/12/03 04:35,05F0439S,05F0494S,41,0,0
2023/12/03 04:35,05F0439S,05F0494S,42,0,0
2023/12/03 04:35,05F0439S,05F0494S,5,0,0
2023/12/03 04:40,05F0000S,05F0055S,31,253,25
2023/12/03 04:40,05F0000S,05F0055S,32,247,13
2023/12/03 04:40,05F0000S,05F0055S,41,0,0
2023/12/03 04:40,05F0000S,05F0055S,42,0,0
2023/12/03 04:40,05F0000S,05F0055S,5,0,0
2023/12/03 04:40,05F0055S,05F0287S,31,977,20
2023/12/03 04:40,05F0055S,05F0287S,32,994,6
2023/12/03 04:40,05F0055S,05F0287S,41,0,0
2023/12/03 04:40,05F0055S,05F0287S,42,0,0
2023/12/03 04:40,05F0055S,05F0287S,5,0,0
2023/12/03 04:40,05F0287S,05F0309S,31,93,16
2023/12/03 04:40,05F0287S,05F0309S,32,93,2
2023/12/03 04:40,05F0287S,05F0309S,41,0,0
2023/12/03 04:40,05F0287S,05F0309S,42,83,1
2023/12/03 04:40,05F0287S,05F0309S,5,0,0
2023/12/03 04:40,05F0309S,05F0439S,31,474,14
2023/12/03 04:40,05F0309S,05F0439S,32,504,9
2023/12/03 04:40,05F0309S,05F0439S,41,0,0
2023/12/03 04:40,05F0309S,05F0439S,42,518,1
2023/12/03 04:40,05F0309S,05F0439S,5,0,0
2023/12/03 04:40,05F0439S,05F0494S,31,206,6
2023/12/03 04:40,05F0439S,05F0494S,32,213,2
2023/12/03 04:40,05F0439S,05F0494S,41,0,0
2023/12/03 04:40,05F0439S,05F0494S,42,0,0
2023/12/03 04:40,05F0439S,05F0494S,5,0,0
2023/12/03 04:45,05F0000S,05F0055S,31,240,28
2023/12/03 04:45,05F0000S,05F0055S,32,247,12
2023/12/03 04:45,05F0000S,05F0055S,41,256,1
2023/12/03 04:45,05F0000S,05F0055S,42,0,0
2023/12/03 04:45,05F0000S,05F0055S,5,0,0
2023/12/03 04:45,05F0055S,05F0287S,31,949,30
2023/12/03 04:45,05F0055S,05F0287S,32,967,13
2023/12/03 04:45,05F0055S,05F0287S,41,1038,1
2023/12/03 04:45,05F0055S,05F0287S,42,0,0
2023/12/03 04:45,05F0055S,05F0287S,5,0,0
2023/12/03 04:45,05F0287S,05F0309S,31,92,25
2023/12/03 04:45,05F0287S,05F0309S,32,95,9
2023/12/03 04:45,05F0287S,05F0309S,41,102,1
2023/12/03 04:45,05F0287S,05F0309S,42,0,0
2023/12/03 04:45,05F0287S,05F0309S,5,0,0
2023/12/03 04:45,05F0309S,05F0439S,31,492,10
2023/12/03 04:45,05F0309S,05F0439S,32,492,4
2023/12/03 04:45,05F0309S,05F0439S,41,0,0
2023/12/03 04:45,05F0309S,05F0439S,42,509,1
2023/12/03 04:45,05F0309S,05F0439S,5,571,1
2023/12/03 04:45,05F0439S,05F0494S,31,192,4
2023/12/03 04:45,05F0439S,05F0494S,32,195,2
2023/12/03 04:45,05F0439S,05F0494S,41,0,0
2023/12/03 04:45,05F0439S,05F0494S,42,0,0
2023/12/03 04:45,05F0439S,05F0494S,5,236,1
2023/12/03 04:50,05F0000S,05F0055S,31,240,31
2023/12/03 04:50,05F0000S,05F0055S,32,240,19
2023/12/03 04:50,05F0000S,05F0055S,41,254,1
2023/12/03 04:50,05F0000S,05F0055S,42,0,0
2023/12/03 04:50,05F0000S,05F0055S,5,0,0
2023/12/03 04:50,05F0055S,05F0287S,31,960,18
2023/12/03 04:50,05F0055S,05F0287S,32,949,7
2023/12/03 04:50,05F0055S,05F0287S,41,1016,1
2023/12/03 04:50,05F0055S,05F0287S,42,0,0
2023/12/03 04:50,05F0055S,05F0287S,5,0,0
2023/12/03 04:50,05F0287S,05F0309S,31,92,11
2023/12/03 04:50,05F0287S,05F0309S,32,87,5
2023/12/03 04:50,05F0287S,05F0309S,41,93,1
2023/12/03 04:50,05F0287S,05F0309S,42,0,0
2023/12/03 04:50,05F0287S,05F0309S,5,0,0
2023/12/03 04:50,05F0309S,05F0439S,31,518,14
2023/12/03 04:50,05F0309S,05F0439S,32,600,5
2023/12/03 04:50,05F0309S,05F0439S,41,0,0
2023/12/03 04:50,05F0309S,05F0439S,42,504,1
2023/12/03 04:50,05F0309S,05F0439S,5,0,0
2023/12/03 04:50,05F0439S,05F0494S,31,272,2
2023/12/03 04:50,05F0439S,05F0494S,32,211,1
2023/12/03 04:50,05F0439S,05F0494S,41,0,0
2023/12/03 04:50,05F0439S,05F0494S,42,0,0
2023/12/03 04:50,05F0439S,05F0494S,5,0,0
2023/12/03 04:55,05F0000S,05F0055S,31,235,25
2023/12/03 04:55,05F0000S,05F0055S,32,237,11
2023/12/03 04:55,05F0000S,05F0055S,41,261,2
2023/12/03 04:55,05F0000S,05F0055S,42,0,0
2023/12/03 04:55,05F0000S,05F0055S,5,0,0
2023/12/03 04:55,05F0055S,05F0287S,31,971,27
2023/12/03 04:55,05F0055S,05F0287S,32,970,13
2023/12/03 04:55,05F0055S,05F0287S,41,0,0
2023/12/03 04:55,05F0055S,05F0287S,42,0,0
2023/12/03 04:55,05F0055S,05F0287S,5,0,0
2023/12/03 04:55,05F0287S,05F0309S,31,91,24
2023/12/03 04:55,05F0287S,05F0309S,32,90,8
2023/12/03 04:55,05F0287S,05F0309S,41,0,0
2023/12/03 04:55,05F0287S,05F0309S,42,0,0
2023/12/03 04:55,05F0287S,05F0309S,5,0,0
2023/12/03 04:55,05F0309S,05F0439S,31,515,21
2023/12/03 04:55,05F0309S,05F0439S,32,541,7
2023/12/03 04:55,05F0309S,05F0439S,41,588,1
2023/12/03 04:55,05F0309S,05F0439S,42,0,0
2023/12/03 04:55,05F0309S,05F0439S,5,630,1
2023/12/03 04:55,05F0439S,05F0494S,31,199,4
2023/12/03 04:55,05F0439S,05F0494S,32,243,3
2023/12/03 04:55,05F0439S,05F0494S,41,0,0
2023/12/03 04:55,05F0439S,05F0494S,42,0,0
2023/12/03 04:55,05F0439S,05F0494S,5,203,1
2023/12/03 05:00,05F0000S,05F0055S,31,235,25
2023/12/03 05:00,05F0000S,05F0055S,32,235,17
2023/12/03 05:00,05F0000S,05F0055S,41,0,0
2023/12/03 05:00,05F0000S,05F0055S,42,0,0
2023/12/03 05:00,05F0000S,05F0055S,5,0,0
2023/12/03 05:00,05F0055S,05F0287S,31,971,30
2023/12/03 05:00,05F0055S,05F0287S,32,971,13
2023/12/03 05:00,05F0055S,05F0287S,41,0,0
2023/12/03 05:00,05F0055S,05F0287S,42,0,0
2023/12/03 05:00,05F0055S,05F0287S,5,0,0
2023/12/03 05:00,05F0287S,05F0309S,31,91,24
2023/12/03 05:00,05F0287S,05F0309S,32,90,12
2023/12/03 05:00,05F0287S,05F0309S,41,0,0
2023/12/03 05:00,05F0287S,05F0309S,42,0,0
2023/12/03 05:00,05F0287S,05F0309S,5,0,0
2023/12/03 05:00,05F0309S,05F0439S,31,507,9
2023/12/03 05:00,05F0309S,05F0439S,32,496,5
2023/12/03 05:00,05F0309S,05F0439S,41,534,1
2023/12/03 05:00,05F0309S,05F0439S,42,523,1
2023/12/03 05:00,05F0309S,05F0439S,5,0,0
2023/12/03 05:00,05F0439S,05F0494S,31,211,7
2023/12/03 05:00,05F0439S,05F0494S,32,226,4
2023/12/03 05:00,05F0439S,05F0494S,41,0,0
2023/12/03 05:00,05F0439S,05F0494S,42,0,0
2023/12/03 05:00,05F0439S,05F0494S,5,266,1
2023/12/03 05:05,05F0000S,05F0055S,31,233,29
2023/12/03 05:05,05F0000S,05F0055S,32,238,11
2023/12/03 05:05,05F0000S,05F0055S,41,0,0
2023/12/03 05:05,05F0000S,05F0055S,42,0,0
2023/12/03 05:05,05F0000S,05F0055S,5,0,0
2023/12/03 05:05,05F0055S,05F0287S,31,956,31
2023/12/03 05:05,05F0055S,05F0287S,32,947,18
2023/12/03 05:05,05F0055S,05F0287S,41,1003,2
2023/12/03 05:05,05F0055S,05F0287S,42,0,0
2023/12/03 05:05,05F0055S,05F0287S,5,0,0
2023/12/03 05:05,05F0287S,05F0309S,31,88,22
2023/12/03 05:05,05F0287S,05F0309S,32,88,12
2023/12/03 05:05,05F0287S,05F0309S,41,95,1
2023/12/03 05:05,05F0287S,05F0309S,42,0,0
2023/12/03 05:05,05F0287S,05F0309S,5,0,0
2023/12/03 05:05,05F0309S,05F0439S,31,523,24
2023/12/03 05:05,05F0309S,05F0439S,32,511,4
2023/12/03 05:05,05F0309S,05F0439S,41,0,0
2023/12/03 05:05,05F0309S,05F0439S,42,543,1
2023/12/03 05:05,05F0309S,05F0439S,5,592,1
2023/12/03 05:05,05F0439S,05F0494S,31,212,4
2023/12/03 05:05,05F0439S,05F0494S,32,204,2
2023/12/03 05:05,05F0439S,05F0494S,41,0,0
2023/12/03 05:05,05F0439S,05F0494S,42,229,2
2023/12/03 05:05,05F0439S,05F0494S,5,0,0
2023/12/03 05:10,05F0000S,05F0055S,31,233,23
2023/12/03 05:10,05F0000S,05F0055S,32,231,6
2023/12/03 05:10,05F0000S,05F0055S,41,267,1
2023/12/03 05:10,05F0000S,05F0055S,42,0,0
2023/12/03 05:10,05F0000S,05F0055S,5,0,0
2023/12/03 05:10,05F0055S,05F0287S,31,947,33
2023/12/03 05:10,05F0055S,05F0287S,32,967,17
2023/12/03 05:10,05F0055S,05F0287S,41,1026,1
2023/12/03 05:10,05F0055S,05F0287S,42,0,0
2023/12/03 05:10,05F0055S,05F0287S,5,0,0
2023/12/03 05:10,05F0287S,05F0309S,31,90,26
2023/12/03 05:10,05F0287S,05F0309S,32,89,19
2023/12/03 05:10,05F0287S,05F0309S,41,97,2
2023/12/03 05:10,05F0287S,05F0309S,42,0,0
2023/12/03 05:10,05F0287S,05F0309S,5,0,0
2023/12/03 05:10,05F0309S,05F0439S,31,515,16
2023/12/03 05:10,05F0309S,05F0439S,32,505,10
2023/12/03 05:10,05F0309S,05F0439S,41,0,0
2023/12/03 05:10,05F0309S,05F0439S,42,0,0
2023/12/03 05:10,05F0309S,05F0439S,5,0,0
2023/12/03 05:10,05F0439S,05F0494S,31,210,7
2023/12/03 05:10,05F0439S,05F0494S,32,213,4
2023/12/03 05:10,05F0439S,05F0494S,41,0,0
2023/12/03 05:10,05F0439S,05F0494S,42,0,0
2023/12/03 05:10,05F0439S,05F0494S,5,0,0
2023/12/03 05:15,05F0000S,05F0055S,31,233,27
2023/12/03 05:15,05F0000S,05F0055S,32,221,12
2023/12/03 05:15,05F0000S,05F0055S,41,260,1
2023/12/03 05:15,05F0000S,05F0055S,42,0,0
2023/12/03 05:15,05F0000S,05F0055S,5,0,0
2023/12/03 05:15,05F0055S,05F0287S,31,941,22
2023/12/03 05:15,05F0055S,05F0287S,32,939,16
2023/12/03 05:15,05F0055S,05F0287S,41,1055,1
2023/12/03 05:15,05F0055S,05F0287S,42,0,0
2023/12/03 05:15,05F0055S,05F0287S,5,0,0
2023/12/03 05:15,05F0287S,05F0309S,31,86,13
2023/12/03 05:15,05F0287S,05F0309S,32,83,8
2023/12/03 05:15,05F0287S,05F0309S,41,96,1
2023/12/03 05:15,05F0287S,05F0309S,42,0,0
2023/12/03 05:15,05F0287S,05F0309S,5,0,0
2023/12/03 05:15,05F0309S,05F0439S,31,488,22
2023/12/03 05:15,05F0309S,05F0439S,32,485,12
2023/12/03 05:15,05F0309S,05F0439S,41,0,0
2023/12/03 05:15,05F0309S,05F0439S,42,0,0
2023/12/03 05:15,05F0309S,05F0439S,5,0,0
2023/12/03 05:15,05F0439S,05F0494S,31,218,4
2023/12/03 05:15,05F0439S,05F0494S,32,210,9
2023/12/03 05:15,05F0439S,05F0494S,41,0,0
2023/12/03 05:15,05F0439S,05F0494S,42,0,0
2023/12/03 05:15,05F0439S,05F0494S,5,0,0
2023/12/03 05:20,05F0000S,05F0055S,31,237,45
2023/12/03 05:20,05F0000S,05F0055S,32,241,13
2023/12/03 05:20,05F0000S,05F0055S,41,0,0
2023/12/03 05:20,05F0000S,05F0055S,42,0,0
2023/12/03 05:20,05F0000S,05F0055S,5,0,0
2023/12/03 05:20,05F0055S,05F0287S,31,955,34
2023/12/03 05:20,05F0055S,05F0287S,32,944,11
2023/12/03 05:20,05F0055S,05F0287S,41,0,0
2023/12/03 05:20,05F0055S,05F0287S,42,0,0
2023/12/03 05:20,05F0055S,05F0287S,5,0,0
2023/12/03 05:20,05F0287S,05F0309S,31,88,24
2023/12/03 05:20,05F0287S,05F0309S,32,82,8
2023/12/03 05:20,05F0287S,05F0309S,41,0,0
2023/12/03 05:20,05F0287S,05F0309S,42,0,0
2023/12/03 05:20,05F0287S,05F0309S,5,0,0
2023/12/03 05:20,05F0309S,05F0439S,31,509,23
2023/12/03 05:20,05F0309S,05F0439S,32,497,10
2023/12/03 05:20,05F0309S,05F0439S,41,556,2
2023/12/03 05:20,05F0309S,05F0439S,42,0,0
2023/12/03 05:20,05F0309S,05F0439S,5,550,1
2023/12/03 05:20,05F0439S,05F0494S,31,209,7
2023/12/03 05:20,05F0439S,05F0494S,32,212,4
2023/12/03 05:20,05F0439S,05F0494S,41,0,0
2023/12/03 05:20,05F0439S,05F0494S,42,0,0
2023/12/03 05:20,05F0439S,05F0494S,5,0,0
2023/12/03 05:25,05F0000S,05F0055S,31,234,31
2023/12/03 05:25,05F0000S,05F0055S,32,230,10
2023/12/03 05:25,05F0000S,05F0055S,41,0,0
2023/12/03 05:25,05F0000S,05F0055S,42,0,0
2023/12/03 05:25,05F0000S,05F0055S,5,0,0
2023/12/03 05:25,05F0055S,05F0287S,31,952,23
2023/12/03 05:25,05F0055S,05F0287S,32,985,11
2023/12/03 05:25,05F0055S,05F0287S,41,1004,1
2023/12/03 05:25,05F0055S,05F0287S,42,0,0
2023/12/03 05:25,05F0055S,05F0287S,5,0,0
2023/12/03 05:25,05F0287S,05F0309S,31,85,22
2023/12/03 05:25,05F0287S,05F0309S,32,89,9
2023/12/03 05:25,05F0287S,05F0309S,41,93,1
2023/12/03 05:25,05F0287S,05F0309S,42,0,0
2023/12/03 05:25,05F0287S,05F0309S,5,0,0
2023/12/03 05:25,05F0309S,05F0439S,31,500,14
2023/12/03 05:25,05F0309S,05F0439S,32,495,11
2023/12/03 05:25,05F0309S,05F0439S,41,549,1
2023/12/03 05:25,05F0309S,05F0439S,42,0,0
2023/12/03 05:25,05F0309S,05F0439S,5,561,1
2023/12/03 05:25,05F0439S,05F0494S,31,220,7
2023/12/03 05:25,05F0439S,05F0494S,32,208,3
2023/12/03 05:25,05F0439S,05F0494S,41,0,0
2023/12/03 05:25,05F0439S,05F0494S,42,0,0
2023/12/03 05:25,05F0439S,05F0494S,5,227,1
2023/12/03 05:30,05F0000S,05F0055S,31,239,46
2023/12/03 05:30,05F0000S,05F0055S,32,238,24
2023/12/03 05:30,05F0000S,05F0055S,41,0,0
2023/12/03 05:30,05F0000S,05F0055S,42,0,0
2023/12/03 05:30,05F0000S,05F0055S,5,0,0
2023/12/03 05:30,05F0055S,05F0287S,31,939,32
2023/12/03 05:30,05F0055S,05F0287S,32,956,14
2023/12/03 05:30,05F0055S,05F0287S,41,0,0
2023/12/03 05:30,05F0055S,05F0287S,42,0,0
2023/12/03 05:30,05F0055S,05F0287S,5,0,0
2023/12/03 05:30,05F0287S,05F0309S,31,87,17
2023/12/03 05:30,05F0287S,05F0309S,32,86,7
2023/12/03 05:30,05F0287S,05F0309S,41,0,0
2023/12/03 05:30,05F0287S,05F0309S,42,0,0
2023/12/03 05:30,05F0287S,05F0309S,5,0,0
2023/12/03 05:30,05F0309S,05F0439S,31,467,21
2023/12/03 05:30,05F0309S,05F0439S,32,475,6
2023/12/03 05:30,05F0309S,05F0439S,41,0,0
2023/12/03 05:30,05F0309S,05F0439S,42,0,0
2023/12/03 05:30,05F0309S,05F0439S,5,490,2
2023/12/03 05:30,05F0439S,05F0494S,31,191,4
2023/12/03 05:30,05F0439S,05F0494S,32,204,4
2023/12/03 05:30,05F0439S,05F0494S,41,234,1
2023/12/03 05:30,05F0439S,05F0494S,42,0,0
2023/12/03 05:30,05F0439S,05F0494S,5,205,1
2023/12/03 05:35,05F0000S,05F0055S,31,241,25
2023/12/03 05:35,05F0000S,05F0055S,32,246,19
2023/12/03 05:35,05F0000S,05F0055S,41,0,0
2023/12/03 05:35,05F0000S,05F0055S,42,0,0
2023/12/03 05:35,05F0000S,05F0055S,5,0,0
2023/12/03 05:35,05F0055S,05F0287S,31,943,45
2023/12/03 05:35,05F0055S,05F0287S,32,954,10
2023/12/03 05:35,05F0055S,05F0287S,41,1023,1
2023/12/03 05:35,05F0055S,05F0287S,42,0,0
2023/12/03 05:35,05F0055S,05F0287S,5,0,0
2023/12/03 05:35,05F0287S,05F0309S,31,84,24
2023/12/03 05:35,05F0287S,05F0309S,32,87,8
2023/12/03 05:35,05F0287S,05F0309S,41,92,1
2023/12/03 05:35,05F0287S,05F0309S,42,0,0
2023/12/03 05:35,05F0287S,05F0309S,5,0,0
2023/12/03 05:35,05F0309S,05F0439S,31,489,7
2023/12/03 05:35,05F0309S,05F0439S,32,480,6
2023/12/03 05:35,05F0309S,05F0439S,41,540,1
2023/12/03 05:35,05F0309S,05F0439S,42,0,0
2023/12/03 05:35,05F0309S,05F0439S,5,500,1
2023/12/03 05:35,05F0439S,05F0494S,31,216,12
2023/12/03 05:35,05F0439S,05F0494S,32,206,6
2023/12/03 05:35,05F0439S,05F0494S,41,0,0
2023/12/03 05:35,05F0439S,05F0494S,42,0,0
2023/12/03 05:35,05F0439S,05F0494S,5,190,1
2023/12/03 05:40,05F0000S,05F0055S,31,235,40
2023/12/03 05:40,05F0000S,05F0055S,32,241,14
2023/12/03 05:40,05F0000S,05F0055S,41,0,0
2023/12/03 05:40,05F0000S,05F0055S,42,0,0
2023/12/03 05:40,05F0000S,05F0055S,5,0,0
2023/12/03 05:40,05F0055S,05F0287S,31,942,37
2023/12/03 05:40,05F0055S,05F0287S,32,958,12
2023/12/03 05:40,05F0055S,05F0287S,41,0,0
2023/12/03 05:40,05F0055S,05F0287S,42,0,0
2023/12/03 05:40,05F0055S,05F0287S,5,0,0
2023/12/03 05:40,05F0287S,05F0309S,31,85,27
2023/12/03 05:40,05F0287S,05F0309S,32,87,11
2023/12/03 05:40,05F0287S,05F0309S,41,0,0
2023/12/03 05:40,05F0287S,05F0309S,42,0,0
2023/12/03 05:40,05F0287S,05F0309S,5,0,0
2023/12/03 05:40,05F0309S,05F0439S,31,483,18
2023/12/03 05:40,05F0309S,05F0439S,32,492,5
2023/12/03 05:40,05F0309S,05F0439S,41,0,0
2023/12/03 05:40,05F0309S,05F0439S,42,0,0
2023/12/03 05:40,05F0309S,05F0439S,5,496,2
2023/12/03 05:40,05F0439S,05F0494S,31,197,6
2023/12/03 05:40,05F0439S,05F0494S,32,223,4
2023/12/03 05:40,05F0439S,05F0494S,41,226,1
2023/12/03 05:40,05F0439S,05F0494S,42,0,0
2023/12/03 05:40,05F0439S,05F0494S,5,211,1
2023/12/03 05:45,05F0000S,05F0055S,31,242,39
2023/12/03 05:45,05F0000S,05F0055S,32,240,11
2023/12/03 05:45,05F0000S,05F0055S,41,0,0
2023/12/03 05:45,05F0000S,05F0055S,42,0,0
2023/12/03 05:45,05F0000S,05F0055S,5,0,0
2023/12/03 05:45,05F0055S,05F0287S,31,953,38
2023/12/03 05:45,05F0055S,05F0287S,32,955,23
2023/12/03 05:45,05F0055S,05F0287S,41,0,0
2023/12/03 05:45,05F0055S,05F0287S,42,0,0
2023/12/03 05:45,05F0055S,05F0287S,5,0,0
2023/12/03 05:45,05F0287S,05F0309S,31,82,24
2023/12/03 05:45,05F0287S,05F0309S,32,84,11
2023/12/03 05:45,05F0287S,05F0309S,41,0,0
2023/12/03 05:45,05F0287S,05F0309S,42,0,0
2023/12/03 05:45,05F0287S,05F0309S,5,0,0
2023/12/03 05:45,05F0309S,05F0439S,31,479,21
2023/12/03 05:45,05F0309S,05F0439S,32,493,8
2023/12/03 05:45,05F0309S,05F0439S,41,520,1
2023/12/03 05:45,05F0309S,05F0439S,42,509,1
2023/12/03 05:45,05F0309S,05F0439S,5,634,1
2023/12/03 05:45,05F0439S,05F0494S,31,195,11
2023/12/03 05:45,05F0439S,05F0494S,32,214,3
2023/12/03 05:45,05F0439S,05F0494S,41,0,0
2023/12/03 05:45,05F0439S,05F0494S,42,0,0
2023/12/03 05:45,05F0439S,05F0494S,5,207,2
2023/12/03 05:50,05F0000S,05F0055S,31,235,55
2023/12/03 05:50,05F0000S,05F0055S,32,239,15
2023/12/03 05:50,05F0000S,05F0055S,41,231,1
2023/12/03 05:50,05F0000S,05F0055S,42,0,0
2023/12/03 05:50,05F0000S,05F0055S,5,0,0
2023/12/03 05:50,05F0055S,05F0287S,31,957,31
2023/12/03 05:50,05F0055S,05F0287S,32,994,19
2023/12/03 05:50,05F0055S,05F0287S,41,0,0
2023/12/03 05:50,05F0055S,05F0287S,42,0,0
2023/12/03 05:50,05F0055S,05F0287S,5,0,0
2023/12/03 05:50,05F0287S,05F0309S,31,86,22
2023/12/03 05:50,05F0287S,05F0309S,32,89,11
2023/12/03 05:50,05F0287S,05F0309S,41,0,0
2023/12/03 05:50,05F0287S,05F0309S,42,0,0
2023/12/03 05:50,05F0287S,05F0309S,5,0,0
2023/12/03 05:50,05F0309S,05F0439S,31,479,19
2023/12/03 05:50,05F0309S,05F0439S,32,459,5
2023/12/03 05:50,05F0309S,05F0439S,41,0,0
2023/12/03 05:50,05F0309S,05F0439S,42,0,0
2023/12/03 05:50,05F0309S,05F0439S,5,605,1
2023/12/03 05:50,05F0439S,05F0494S,31,207,15
2023/12/03 05:50,05F0439S,05F0494S,32,205,4
2023/12/03 05:50,05F0439S,05F0494S,41,224,1
2023/12/03 05:50,05F0439S,05F0494S,42,0,0
2023/12/03 05:50,05F0439S,05F0494S,5,264,1
2023/12/03 05:55,05F0000S,05F0055S,31,246,56
2023/12/03 05:55,05F0000S,05F0055S,32,245,20
2023/12/03 05:55,05F0000S,05F0055S,41,278,1
2023/12/03 05:55,05F0000S,05F0055S,42,0,0
2023/12/03 05:55,05F0000S,05F0055S,5,0,0
2023/12/03 05:55,05F0055S,05F0287S,31,965,33
2023/12/03 05:55,05F0055S,05F0287S,32,978,15
2023/12/03 05:55,05F0055S,05F0287S,41,0,0
2023/12/03 05:55,05F0055S,05F0287S,42,0,0
2023/12/03 05:55,05F0055S,05F0287S,5,0,0
2023/12/03 05:55,05F0287S,05F0309S,31,88,24
2023/12/03 05:55,05F0287S,05F0309S,32,90,17
2023/12/03 05:55,05F0287S,05F0309S,41,0,0
2023/12/03 05:55,05F0287S,05F0309S,42,0,0
2023/12/03 05:55,05F0287S,05F0309S,5,0,0
2023/12/03 05:55,05F0309S,05F0439S,31,486,18
2023/12/03 05:55,05F0309S,05F0439S,32,486,10
2023/12/03 05:55,05F0309S,05F0439S,41,0,0
2023/12/03 05:55,05F0309S,05F0439S,42,0,0
2023/12/03 05:55,05F0309S,05F0439S,5,505,3
2023/12/03 05:55,05F0439S,05F0494S,31,185,11
2023/12/03 05:55,05F0439S,05F0494S,32,182,7
2023/12/03 05:55,05F0439S,05F0494S,41,0,0
2023/12/03 05:55,05F0439S,05F0494S,42,0,0
2023/12/03 05:55,05F0439S,05F0494S,5,0,0
2023/12/03 06:00,05F0000S,05F0055S,31,242,53
2023/12/03 06:00,05F0000S,05F0055S,32,245,13
2023/12/03 06:00,05F0000S,05F0055S,41,269,1
2023/12/03 06:00,05F0000S,05F0055S,42,0,0
2023/12/03 06:00,05F0000S,05F0055S,5,0,0
2023/12/03 06:00,05F0055S,05F0287S,31,975,43
2023/12/03 06:00,05F0055S,05F0287S,32,944,12
2023/12/03 06:00,05F0055S,05F0287S,41,0,0
2023/12/03 06:00,05F0055S,05F0287S,42,0,0
2023/12/03 06:00,05F0055S,05F0287S,5,0,0
2023/12/03 06:00,05F0287S,05F0309S,31,89,26
2023/12/03 06:00,05F0287S,05F0309S,32,88,8
2023/12/03 06:00,05F0287S,05F0309S,41,0,0
2023/12/03 06:00,05F0287S,05F0309S,42,0,0
2023/12/03 06:00,05F0287S,05F0309S,5,0,0
2023/12/03 06:00,05F0309S,05F0439S,31,512,10
2023/12/03 06:00,05F0309S,05F0439S,32,541,13
2023/12/03 06:00,05F0309S,05F0439S,41,0,0
2023/12/03 06:00,05F0309S,05F0439S,42,0,0
2023/12/03 06:00,05F0309S,05F0439S,5,0,0
2023/12/03 06:00,05F0439S,05F0494S,31,208,10
2023/12/03 06:00,05F0439S,05F0494S,32,203,4
2023/12/03 06:00,05F0439S,05F0494S,41,0,0
2023/12/03 06:00,05F0439S,05F0494S,42,0,0
2023/12/03 06:00,05F0439S,05F0494S,5,219,2
2023/12/03 06:05,05F0000S,05F0055S,31,248,57
2023/12/03 06:05,05F0000S,05F0055S,32,258,14
2023/12/03 06:05,05F0000S,05F0055S,41,249,1
2023/12/03 06:05,05F0000S,05F0055S,42,0,0
2023/12/03 06:05,05F0000S,05F0055S,5,0,0
2023/12/03 06:05,05F0055S,05F0287S,31,946,42
2023/12/03 06:05,05F0055S,05F0287S,32,957,15
2023/12/03 06:05,05F0055S,05F0287S,41,0,0
2023/12/03 06:05,05F0055S,05F0287S,42,0,0
2023/12/03 06:05,05F0055S,05F0287S,5,0,0
2023/12/03 06:05,05F0287S,05F0309S,31,86,24
2023/12/03 06:05,05F0287S,05F0309S,32,92,7
2023/12/03 06:05,05F0287S,05F0309S,41,0,0
2023/12/03 06:05,05F0287S,05F0309S,42,0,0
2023/12/03 06:05,05F0287S,05F0309S,5,0,0
2023/12/03 06:05,05F0309S,05F0439S,31,475,20
2023/12/03 06:05,05F0309S,05F0439S,32,479,5
2023/12/03 06:05,05F0309S,05F0439S,41,0,0
2023/12/03 06:05,05F0309S,05F0439S,42,0,0
2023/12/03 06:05,05F0309S,05F0439S,5,0,0
2023/12/03 06:05,05F0439S,05F0494S,31,206,8
2023/12/03 06:05,05F0439S,05F0494S,32,207,6
2023/12/03 06:05,05F0439S,05F0494S,41,0,0
2023/12/03 06:05,05F0439S,05F0494S,42,0,0
2023/12/03 06:05,05F0439S,05F0494S,5,226,1
2023/12/03 06:10,05F0000S,05F0055S,31,241,52
2023/12/03 06:10,05F0000S,05F0055S,32,255,11
2023/12/03 06:10,05F0000S,05F0055S,41,251,2
2023/12/03 06:10,05F0000S,05F0055S,42,0,0
2023/12/03 06:10,05F0000S,05F0055S,5,0,0
2023/12/03 06:10,05F0055S,05F0287S,31,993,50
2023/12/03 06:10,05F0055S,05F0287S,32,993,21
2023/12/03 06:10,05F0055S,05F0287S,41,1028,2
2023/12/03 06:10,05F0055S,05F0287S,42,0,0
2023/12/03 06:10,05F0055S,05F0287S,5,0,0
2023/12/03 06:10,05F0287S,05F0309S,31,86,32
2023/12/03 06:10,05F0287S,05F0309S,32,88,11
2023/12/03 06:10,05F0287S,05F0309S,41,0,0
2023/12/03 06:10,05F0287S,05F0309S,42,0,0
2023/12/03 06:10,05F0287S,05F0309S,5,0,0
2023/12/03 06:10,05F0309S,05F0439S,31,496,16
2023/12/03 06:10,05F0309S,05F0439S,32,515,9
2023/12/03 06:10,05F0309S,05F0439S,41,0,0
2023/12/03 06:10,05F0309S,05F0439S,42,0,0
2023/12/03 06:10,05F0309S,05F0439S,5,0,0
2023/12/03 06:10,05F0439S,05F0494S,31,205,10
2023/12/03 06:10,05F0439S,05F0494S,32,216,6
2023/12/03 06:10,05F0439S,05F0494S,41,231,1
2023/12/03 06:10,05F0439S,05F0494S,42,0,0
2023/12/03 06:10,05F0439S,05F0494S,5,0,0
2023/12/03 06:15,05F0000S,05F0055S,31,234,46
2023/12/03 06:15,05F0000S,05F0055S,32,239,20
2023/12/03 06:15,05F0000S,05F0055S,41,237,1
2023/12/03 06:15,05F0000S,05F0055S,42,0,0
2023/12/03 06:15,05F0000S,05F0055S,5,0,0
2023/12/03 06:15,05F0055S,05F0287S,31,981,55
2023/12/03 06:15,05F0055S,05F0287S,32,967,13
2023/12/03 06:15,05F0055S,05F0287S,41,0,0
2023/12/03 06:15,05F0055S,05F0287S,42,0,0
2023/12/03 06:15,05F0055S,05F0287S,5,0,0
2023/12/03 06:15,05F0287S,05F0309S,31,88,32
2023/12/03 06:15,05F0287S,05F0309S,32,91,8
2023/12/03 06:15,05F0287S,05F0309S,41,81,1
2023/12/03 06:15,05F0287S,05F0309S,42,0,0
2023/12/03 06:15,05F0287S,05F0309S,5,0,0
2023/12/03 06:15,05F0309S,05F0439S,31,486,19
2023/12/03 06:15,05F0309S,05F0439S,32,499,6
2023/12/03 06:15,05F0309S,05F0439S,41,0,0
2023/12/03 06:15,05F0309S,05F0439S,42,0,0
2023/12/03 06:15,05F0309S,05F0439S,5,0,0
2023/12/03 06:15,05F0439S,05F0494S,31,213,9
2023/12/03 06:15,05F0439S,05F0494S,32,212,6
2023/12/03 06:15,05F0439S,05F0494S,41,0,0
2023/12/03 06:15,05F0439S,05F0494S,42,0,0
2023/12/03 06:15,05F0439S,05F0494S,5,0,0
2023/12/03 06:20,05F0000S,05F0055S,31,236,57
2023/12/03 06:20,05F0000S,05F0055S,32,232,15
2023/12/03 06:20,05F0000S,05F0055S,41,0,0
2023/12/03 06:20,05F0000S,05F0055S,42,0,0
2023/12/03 06:20,05F0000S,05F0055S,5,0,0
2023/12/03 06:20,05F0055S,05F0287S,31,1005,70
2023/12/03 06:20,05F0055S,05F0287S,32,1019,20
2023/12/03 06:20,05F0055S,05F0287S,41,1055,2
2023/12/03 06:20,05F0055S,05F0287S,42,0,0
2023/12/03 06:20,05F0055S,05F0287S,5,0,0
2023/12/03 06:20,05F0287S,05F0309S,31,88,50
2023/12/03 06:20,05F0287S,05F0309S,32,89,17
2023/12/03 06:20,05F0287S,05F0309S,41,87,2
2023/12/03 06:20,05F0287S,05F0309S,42,0,0
2023/12/03 06:20,05F0287S,05F0309S,5,0,0
2023/12/03 06:20,05F0309S,05F0439S,31,486,26
2023/12/03 06:20,05F0309S,05F0439S,32,485,9
2023/12/03 06:20,05F0309S,05F0439S,41,495,1
2023/12/03 06:20,05F0309S,05F0439S,42,0,0
2023/12/03 06:20,05F0309S,05F0439S,5,0,0
2023/12/03 06:20,05F0439S,05F0494S,31,199,21
2023/12/03 06:20,05F0439S,05F0494S,32,207,3
2023/12/03 06:20,05F0439S,05F0494S,41,0,0
2023/12/03 06:20,05F0439S,05F0494S,42,0,0
2023/12/03 06:20,05F0439S,05F0494S,5,0,0
2023/12/03 06:25,05F0000S,05F0055S,31,245,83
2023/12/03 06:25,05F0000S,05F0055S,32,244,19
2023/12/03 06:25,05F0000S,05F0055S,41,240,1
2023/12/03 06:25,05F0000S,05F0055S,42,0,0
2023/12/03 06:25,05F0000S,05F0055S,5,0,0
2023/12/03 06:25,05F0055S,05F0287S,31,966,46
2023/12/03 06:25,05F0055S,05F0287S,32,1001,10
2023/12/03 06:25,05F0055S,05F0287S,41,1017,1
2023/12/03 06:25,05F0055S,05F0287S,42,0,0
2023/12/03 06:25,05F0055S,05F0287S,5,0,0
2023/12/03 06:25,05F0287S,05F0309S,31,86,30
2023/12/03 06:25,05F0287S,05F0309S,32,85,6
2023/12/03 06:25,05F0287S,05F0309S,41,0,0
2023/12/03 06:25,05F0287S,05F0309S,42,0,0
2023/12/03 06:25,05F0287S,05F0309S,5,0,0
2023/12/03 06:25,05F0309S,05F0439S,31,495,23
2023/12/03 06:25,05F0309S,05F0439S,32,504,7
2023/12/03 06:25,05F0309S,05F0439S,41,0,0
2023/12/03 06:25,05F0309S,05F0439S,42,0,0
2023/12/03 06:25,05F0309S,05F0439S,5,0,0
2023/12/03 06:25,05F0439S,05F0494S,31,209,17
2023/12/03 06:25,05F0439S,05F0494S,32,214,6
2023/12/03 06:25,05F0439S,05F0494S,41,214,1
2023/12/03 06:25,05F0439S,05F0494S,42,0,0
2023/12/03 06:25,05F0439S,05F0494S,5,0,0
2023/12/03 06:30,05F0000S,05F0055S,31,239,55
2023/12/03 06:30,05F0000S,05F0055S,32,242,24
2023/12/03 06:30,05F0000S,05F0055S,41,251,1
2023/12/03 06:30,05F0000S,05F0055S,42,0,0
2023/12/03 06:30,05F0000S,05F0055S,5,0,0
2023/12/03 06:30,05F0055S,05F0287S,31,957,54
2023/12/03 06:30,05F0055S,05F0287S,32,959,22
2023/12/03 06:30,05F0055S,05F0287S,41,1061,1
2023/12/03 06:30,05F0055S,05F0287S,42,0,0
2023/12/03 06:30,05F0055S,05F0287S,5,0,0
2023/12/03 06:30,05F0287S,05F0309S,31,85,31
2023/12/03 06:30,05F0287S,05F0309S,32,87,12
2023/12/03 06:30,05F0287S,05F0309S,41,93,2
2023/12/03 06:30,05F0287S,05F0309S,42,0,0
2023/12/03 06:30,05F0287S,05F0309S,5,0,0
2023/12/03 06:30,05F0309S,05F0439S,31,509,32
2023/12/03 06:30,05F0309S,05F0439S,32,514,7
2023/12/03 06:30,05F0309S,05F0439S,41,548,1
2023/12/03 06:30,05F0309S,05F0439S,42,0,0
2023/12/03 06:30,05F0309S,05F0439S,5,0,0
2023/12/03 06:30,05F0439S,05F0494S,31,208,9
2023/12/03 06:30,05F0439S,05F0494S,32,207,3
2023/12/03 06:30,05F0439S,05F0494S,41,0,0
2023/12/03 06:30,05F0439S,05F0494S,42,0,0
2023/12/03 06:30,05F0439S,05F0494S,5,0,0
2023/12/03 06:35,05F0000S,05F0055S,31,247,67
2023/12/03 06:35,05F0000S,05F0055S,32,249,23
2023/12/03 06:35,05F0000S,05F0055S,41,282,4
2023/12/03 06:35,05F0000S,05F0055S,42,284,1
2023/12/03 06:35,05F0000S,05F0055S,5,0,0
2023/12/03 06:35,05F0055S,05F0287S,31,963,59
2023/12/03 06:35,05F0055S,05F0287S,32,964,14
2023/12/03 06:35,05F0055S,05F0287S,41,1029,1
2023/12/03 06:35,05F0055S,05F0287S,42,0,0
2023/12/03 06:35,05F0055S,05F0287S,5,0,0
2023/12/03 06:35,05F0287S,05F0309S,31,86,30
2023/12/03 06:35,05F0287S,05F0309S,32,87,12
2023/12/03 06:35,05F0287S,05F0309S,41,100,1
2023/12/03 06:35,05F0287S,05F0309S,42,0,0
2023/12/03 06:35,05F0287S,05F0309S,5,0,0
2023/12/03 06:35,05F0309S,05F0439S,31,480,20
2023/12/03 06:35,05F0309S,05F0439S,32,523,4
2023/12/03 06:35,05F0309S,05F0439S,41,513,1
2023/12/03 06:35,05F0309S,05F0439S,42,0,0
2023/12/03 06:35,05F0309S,05F0439S,5,537,1
2023/12/03 06:35,05F0439S,05F0494S,31,207,17
2023/12/03 06:35,05F0439S,05F0494S,32,198,5
2023/12/03 06:35,05F0439S,05F0494S,41,244,1
2023/12/03 06:35,05F0439S,05F0494S,42,0,0
2023/12/03 06:35,05F0439S,05F0494S,5,0,0
2023/12/03 06:40,05F0000S,05F0055S,31,247,83
2023/12/03 06:40,05F0000S,05F0055S,32,246,29
2023/12/03 06:40,05F0000S,05F0055S,41,255,3
2023/12/03 06:40,05F0000S,05F0055S,42,0,0
2023/12/03 06:40,05F0000S,05F0055S,5,0,0
2023/12/03 06:40,05F0055S,05F0287S,31,984,81
2023/12/03 06:40,05F0055S,05F0287S,32,979,19
2023/12/03 06:40,05F0055S,05F0287S,41,1004,1
2023/12/03 06:40,05F0055S,05F0287S,42,0,0
2023/12/03 06:40,05F0055S,05F0287S,5,0,0
2023/12/03 06:40,05F0287S,05F0309S,31,87,38
2023/12/03 06:40,05F0287S,05F0309S,32,87,8
2023/12/03 06:40,05F0287S,05F0309S,41,0,0
2023/12/03 06:40,05F0287S,05F0309S,42,0,0
2023/12/03 06:40,05F0287S,05F0309S,5,0,0
2023/12/03 06:40,05F0309S,05F0439S,31,507,14
2023/12/03 06:40,05F0309S,05F0439S,32,519,10
2023/12/03 06:40,05F0309S,05F0439S,41,541,1
2023/12/03 06:40,05F0309S,05F0439S,42,0,0
2023/12/03 06:40,05F0309S,05F0439S,5,518,1
2023/12/03 06:40,05F0439S,05F0494S,31,206,11
2023/12/03 06:40,05F0439S,05F0494S,32,218,5
2023/12/03 06:40,05F0439S,05F0494S,41,219,1
2023/12/03 06:40,05F0439S,05F0494S,42,0,0
2023/12/03 06:40,05F0439S,05F0494S,5,235,1
2023/12/03 06:45,05F0000S,05F0055S,31,254,72
2023/12/03 06:45,05F0000S,05F0055S,32,253,24
2023/12/03 06:45,05F0000S,05F0055S,41,244,3
2023/12/03 06:45,05F0000S,05F0055S,42,0,0
2023/12/03 06:45,05F0000S,05F0055S,5,0,0
2023/12/03 06:45,05F0055S,05F0287S,31,959,67
2023/12/03 06:45,05F0055S,05F0287S,32,960,30
2023/12/03 06:45,05F0055S,05F0287S,41,971,1
2023/12/03 06:45,05F0055S,05F0287S,42,0,0
2023/12/03 06:45,05F0055S,05F0287S,5,0,0
2023/12/03 06:45,05F0287S,05F0309S,31,86,59
2023/12/03 06:45,05F0287S,05F0309S,32,88,19
2023/12/03 06:45,05F0287S,05F0309S,41,0,0
2023/12/03 06:45,05F0287S,05F0309S,42,0,0
2023/12/03 06:45,05F0287S,05F0309S,5,0,0
2023/12/03 06:45,05F0309S,05F0439S,31,481,28
2023/12/03 06:45,05F0309S,05F0439S,32,473,8
2023/12/03 06:45,05F0309S,05F0439S,41,593,1
2023/12/03 06:45,05F0309S,05F0439S,42,0,0
2023/12/03 06:45,05F0309S,05F0439S,5,0,0
2023/12/03 06:45,05F0439S,05F0494S,31,199,14
2023/12/03 06:45,05F0439S,05F0494S,32,217,7
2023/12/03 06:45,05F0439S,05F0494S,41,0,0
2023/12/03 06:45,05F0439S,05F0494S,42,0,0
2023/12/03 06:45,05F0439S,05F0494S,5,0,0
2023/12/03 06:50,05F0000S,05F0055S,31,248,69
2023/12/03 06:50,05F0000S,05F0055S,32,255,17
2023/12/03 06:50,05F0000S,05F0055S,41,263,1
2023/12/03 06:50,05F0000S,05F0055S,42,0,0
2023/12/03 06:50,05F0000S,05F0055S,5,0,0
2023/12/03 06:50,05F0055S,05F0287S,31,976,59
2023/12/03 06:50,05F0055S,05F0287S,32,980,18
2023/12/03 06:50,05F0055S,05F0287S,41,0,0
2023/12/03 06:50,05F0055S,05F0287S,42,0,0
2023/12/03 06:50,05F0055S,05F0287S,5,0,0
2023/12/03 06:50,05F0287S,05F0309S,31,87,27
2023/12/03 06:50,05F0287S,05F0309S,32,89,18
2023/12/03 06:50,05F0287S,05F0309S,41,0,0
2023/12/03 06:50,05F0287S,05F0309S,42,0,0
2023/12/03 06:50,05F0287S,05F0309S,5,0,0
2023/12/03 06:50,05F0309S,05F0439S,31,489,34
2023/12/03 06:50,05F0309S,05F0439S,32,498,9
2023/12/03 06:50,05F0309S,05F0439S,41,0,0
2023/12/03 06:50,05F0309S,05F0439S,42,0,0
2023/12/03 06:50,05F0309S,05F0439S,5,486,1
2023/12/03 06:50,05F0439S,05F0494S,31,204,11
2023/12/03 06:50,05F0439S,05F0494S,32,195,4
2023/12/03 06:50,05F0439S,05F0494S,41,0,0
2023/12/03 06:50,05F0439S,05F0494S,42,0,0
2023/12/03 06:50,05F0439S,05F0494S,5,0,0
2023/12/03 06:55,05F0000S,05F0055S,31,252,73
2023/12/03 06:55,05F0000S,05F0055S,32,257,18
2023/12/03 06:55,05F0000S,05F0055S,41,271,6
2023/12/03 06:55,05F0000S,05F0055S,42,0,0
2023/12/03 06:55,05F0000S,05F0055S,5,0,0
2023/12/03 06:55,05F0055S,05F0287S,31,995,77
2023/12/03 06:55,05F0055S,05F0287S,32,986,31
2023/12/03 06:55,05F0055S,05F0287S,41,1062,7
2023/12/03 06:55,05F0055S,05F0287S,42,0,0
2023/12/03 06:55,05F0055S,05F0287S,5,0,0
2023/12/03 06:55,05F0287S,05F0309S,31,87,50
2023/12/03 06:55,05F0287S,05F0309S,32,91,16
2023/12/03 06:55,05F0287S,05F0309S,41,90,4
2023/12/03 06:55,05F0287S,05F0309S,42,0,0
2023/12/03 06:55,05F0287S,05F0309S,5,0,0
2023/12/03 06:55,05F0309S,05F0439S,31,486,25
2023/12/03 06:55,05F0309S,05F0439S,32,495,15
2023/12/03 06:55,05F0309S,05F0439S,41,0,0
2023/12/03 06:55,05F0309S,05F0439S,42,0,0
2023/12/03 06:55,05F0309S,05F0439S,5,519,1
2023/12/03 06:55,05F0439S,05F0494S,31,208,20
2023/12/03 06:55,05F0439S,05F0494S,32,206,11
2023/12/03 06:55,05F0439S,05F0494S,41,0,0
2023/12/03 06:55,05F0439S,05F0494S,42,0,0
2023/12/03 06:55,05F0439S,05F0494S,5,204,1
2023/12/03 07:00,05F0000S,05F0055S,31,258,102
2023/12/03 07:00,05F0000S,05F0055S,32,254,22
2023/12/03 07:00,05F0000S,05F0055S,41,282,3
2023/12/03 07:00,05F0000S,05F0055S,42,0,0
2023/12/03 07:00,05F0000S,05F0055S,5,0,0
2023/12/03 07:00,05F0055S,05F0287S,31,977,67
2023/12/03 07:00,05F0055S,05F0287S,32,979,14
2023/12/03 07:00,05F0055S,05F0287S,41,974,1
2023/12/03 07:00,05F0055S,05F0287S,42,0,0
2023/12/03 07:00,05F0055S,05F0287S,5,0,0
2023/12/03 07:00,05F0287S,05F0309S,31,90,47
2023/12/03 07:00,05F0287S,05F0309S,32,90,21
2023/12/03 07:00,05F0287S,05F0309S,41,91,1
2023/12/03 07:00,05F0287S,05F0309S,42,0,0
2023/12/03 07:00,05F0287S,05F0309S,5,0,0
2023/12/03 07:00,05F0309S,05F0439S,31,491,22
2023/12/03 07:00,05F0309S,05F0439S,32,511,15
2023/12/03 07:00,05F0309S,05F0439S,41,0,0
2023/12/03 07:00,05F0309S,05F0439S,42,554,1
2023/12/03 07:00,05F0309S,05F0439S,5,560,1
2023/12/03 07:00,05F0439S,05F0494S,31,202,9
2023/12/03 07:00,05F0439S,05F0494S,32,222,7
2023/12/03 07:00,05F0439S,05F0494S,41,0,0
2023/12/03 07:00,05F0439S,05F0494S,42,0,0
2023/12/03 07:00,05F0439S,05F0494S,5,200,1
2023/12/03 07:05,05F0000S,05F0055S,31,258,84
2023/12/03 07:05,05F0000S,05F0055S,32,256,19
2023/12/03 07:05,05F0000S,05F0055S,41,268,9
2023/12/03 07:05,05F0000S,05F0055S,42,0,0
2023/12/03 07:05,05F0000S,05F0055S,5,0,0
2023/12/03 07:05,05F0055S,05F0287S,31,1001,77
2023/12/03 07:05,05F0055S,05F0287S,32,1022,26
2023/12/03 07:05,05F0055S,05F0287S,41,1066,3
2023/12/03 07:05,05F0055S,05F0287S,42,0,0
2023/12/03 07:05,05F0055S,05F0287S,5,0,0
2023/12/03 07:05,05F0287S,05F0309S,31,89,58
2023/12/03 07:05,05F0287S,05F0309S,32,89,18
2023/12/03 07:05,05F0287S,05F0309S,41,93,2
2023/12/03 07:05,05F0287S,05F0309S,42,0,0
2023/12/03 07:05,05F0287S,05F0309S,5,0,0
2023/12/03 07:05,05F0309S,05F0439S,31,500,39
2023/12/03 07:05,05F0309S,05F0439S,32,513,14
2023/12/03 07:05,05F0309S,05F0439S,41,536,3
2023/12/03 07:05,05F0309S,05F0439S,42,0,0
2023/12/03 07:05,05F0309S,05F0439S,5,532,1
2023/12/03 07:05,05F0439S,05F0494S,31,208,19
2023/12/03 07:05,05F0439S,05F0494S,32,210,9
2023/12/03 07:05,05F0439S,05F0494S,41,0,0
2023/12/03 07:05,05F0439S,05F0494S,42,0,0
2023/12/03 07:05,05F0439S,05F0494S,5,237,1
2023/12/03 07:10,05F0000S,05F0055S,31,261,82
2023/12/03 07:10,05F0000S,05F0055S,32,267,27
2023/12/03 07:10,05F0000S,05F0055S,41,290,5
2023/12/03 07:10,05F0000S,05F0055S,42,0,0
2023/12/03 07:10,05F0000S,05F0055S,5,0,0
2023/12/03 07:10,05F0055S,05F0287S,31,1007,70
2023/12/03 07:10,05F0055S,05F0287S,32,1004,14
2023/12/03 07:10,05F0055S,05F0287S,41,1050,4
2023/12/03 07:10,05F0055S,05F0287S,42,0,0
2023/12/03 07:10,05F0055S,05F0287S,5,0,0
2023/12/03 07:10,05F0287S,05F0309S,31,90,42
2023/12/03 07:10,05F0287S,05F0309S,32,89,7
2023/12/03 07:10,05F0287S,05F0309S,41,105,1
2023/12/03 07:10,05F0287S,05F0309S,42,0,0
2023/12/03 07:10,05F0287S,05F0309S,5,0,0
2023/12/03 07:10,05F0309S,05F0439S,31,478,30
2023/12/03 07:10,05F0309S,05F0439S,32,482,10
2023/12/03 07:10,05F0309S,05F0439S,41,521,1
2023/12/03 07:10,05F0309S,05F0439S,42,517,1
2023/12/03 07:10,05F0309S,05F0439S,5,520,1
2023/12/03 07:10,05F0439S,05F0494S,31,206,14
2023/12/03 07:10,05F0439S,05F0494S,32,194,8
2023/12/03 07:10,05F0439S,05F0494S,41,204,1
2023/12/03 07:10,05F0439S,05F0494S,42,0,0
2023/12/03 07:10,05F0439S,05F0494S,5,0,0
2023/12/03 07:15,05F0000S,05F0055S,31,255,98
2023/12/03 07:15,05F0000S,05F0055S,32,260,24
2023/12/03 07:15,05F0000S,05F0055S,41,269,9
2023/12/03 07:15,05F0000S,05F0055S,42,0,0
2023/12/03 07:15,05F0000S,05F0055S,5,0,0
2023/12/03 07:15,05F0055S,05F0287S,31,1018,90
2023/12/03 07:15,05F0055S,05F0287S,32,1017,20
2023/12/03 07:15,05F0055S,05F0287S,41,1096,3
2023/12/03 07:15,05F0055S,05F0287S,42,0,0
2023/12/03 07:15,05F0055S,05F0287S,5,0,0
2023/12/03 07:15,05F0287S,05F0309S,31,87,56
2023/12/03 07:15,05F0287S,05F0309S,32,92,9
2023/12/03 07:15,05F0287S,05F0309S,41,97,4
2023/12/03 07:15,05F0287S,05F0309S,42,0,0
2023/12/03 07:15,05F0287S,05F0309S,5,0,0
2023/12/03 07:15,05F0309S,05F0439S,31,499,33
2023/12/03 07:15,05F0309S,05F0439S,32,499,13
2023/12/03 07:15,05F0309S,05F0439S,41,529,2
2023/12/03 07:15,05F0309S,05F0439S,42,0,0
2023/12/03 07:15,05F0309S,05F0439S,5,0,0
2023/12/03 07:15,05F0439S,05F0494S,31,202,21
2023/12/03 07:15,05F0439S,05F0494S,32,211,6
2023/12/03 07:15,05F0439S,05F0494S,41,223,1
2023/12/03 07:15,05F0439S,05F0494S,42,0,0
2023/12/03 07:15,05F0439S,05F0494S,5,0,0
2023/12/03 07:20,05F0000S,05F0055S,31,259,93
2023/12/03 07:20,05F0000S,05F0055S,32,258,17
2023/12/03 07:20,05F0000S,05F0055S,41,281,15
2023/12/03 07:20,05F0000S,05F0055S,42,0,0
2023/12/03 07:20,05F0000S,05F0055S,5,0,0
2023/12/03 07:20,05F0055S,05F0287S,31,995,90
2023/12/03 07:20,05F0055S,05F0287S,32,999,20
2023/12/03 07:20,05F0055S,05F0287S,41,1049,7
2023/12/03 07:20,05F0055S,05F0287S,42,0,0
2023/12/03 07:20,05F0055S,05F0287S,5,0,0
2023/12/03 07:20,05F0287S,05F0309S,31,86,69
2023/12/03 07:20,05F0287S,05F0309S,32,88,14
2023/12/03 07:20,05F0287S,05F0309S,41,100,5
2023/12/03 07:20,05F0287S,05F0309S,42,0,0
2023/12/03 07:20,05F0287S,05F0309S,5,0,0
2023/12/03 07:20,05F0309S,05F0439S,31,493,35
2023/12/03 07:20,05F0309S,05F0439S,32,501,8
2023/12/03 07:20,05F0309S,05F0439S,41,0,0
2023/12/03 07:20,05F0309S,05F0439S,42,0,0
2023/12/03 07:20,05F0309S,05F0439S,5,571,1
2023/12/03 07:20,05F0439S,05F0494S,31,214,23
2023/12/03 07:20,05F0439S,05F0494S,32,211,9
2023/12/03 07:20,05F0439S,05F0494S,41,0,0
2023/12/03 07:20,05F0439S,05F0494S,42,0,0
2023/12/03 07:20,05F0439S,05F0494S,5,207,1
2023/12/03 07:25,05F0000S,05F0055S,31,258,99
2023/12/03 07:25,05F0000S,05F0055S,32,257,23
2023/12/03 07:25,05F0000S,05F0055S,41,275,17
2023/12/03 07:25,05F0000S,05F0055S,42,0,0
2023/12/03 07:25,05F0000S,05F0055S,5,0,0
2023/12/03 07:25,05F0055S,05F0287S,31,1013,78
2023/12/03 07:25,05F0055S,05F0287S,32,1021,18
2023/12/03 07:25,05F0055S,05F0287S,41,1068,6
2023/12/03 07:25,05F0055S,05F0287S,42,0,0
2023/12/03 07:25,05F0055S,05F0287S,5,0,0
2023/12/03 07:25,05F0287S,05F0309S,31,90,54
2023/12/03 07:25,05F0287S,05F0309S,32,94,13
2023/12/03 07:25,05F0287S,05F0309S,41,90,5
2023/12/03 07:25,05F0287S,05F0309S,42,0,0
2023/12/03 07:25,05F0287S,05F0309S,5,0,0
2023/12/03 07:25,05F0309S,05F0439S,31,485,47
2023/12/03 07:25,05F0309S,05F0439S,32,474,9
2023/12/03 07:25,05F0309S,05F0439S,41,561,4
2023/12/03 07:25,05F0309S,05F0439S,42,0,0
2023/12/03 07:25,05F0309S,05F0439S,5,505,4
2023/12/03 07:25,05F0439S,05F0494S,31,216,23
2023/12/03 07:25,05F0439S,05F0494S,32,209,7
2023/12/03 07:25,05F0439S,05F0494S,41,0,0
2023/12/03 07:25,05F0439S,05F0494S,42,0,0
2023/12/03 07:25,05F0439S,05F0494S,5,201,2
2023/12/03 07:30,05F0000S,05F0055S,31,261,100
2023/12/03 07:30,05F0000S,05F0055S,32,269,28
2023/12/03 07:30,05F0000S,05F0055S,41,282,9
2023/12/03 07:30,05F0000S,05F0055S,42,0,0
2023/12/03 07:30,05F0000S,05F0055S,5,0,0
2023/12/03 07:30,05F0055S,05F0287S,31,1020,98
2023/12/03 07:30,05F0055S,05F0287S,32,1023,28
2023/12/03 07:30,05F0055S,05F0287S,41,1091,4
2023/12/03 07:30,05F0055S,05F0287S,42,0,0
2023/12/03 07:30,05F0055S,05F0287S,5,0,0
2023/12/03 07:30,05F0287S,05F0309S,31,88,60
2023/12/03 07:30,05F0287S,05F0309S,32,88,23
2023/12/03 07:30,05F0287S,05F0309S,41,96,4
2023/12/03 07:30,05F0287S,05F0309S,42,0,0
2023/12/03 07:30,05F0287S,05F0309S,5,0,0
2023/12/03 07:30,05F0309S,05F0439S,31,507,36
2023/12/03 07:30,05F0309S,05F0439S,32,487,4
2023/12/03 07:30,05F0309S,05F0439S,41,526,6
2023/12/03 07:30,05F0309S,05F0439S,42,0,0
2023/12/03 07:30,05F0309S,05F0439S,5,596,1
2023/12/03 07:30,05F0439S,05F0494S,31,205,26
2023/12/03 07:30,05F0439S,05F0494S,32,211,5
2023/12/03 07:30,05F0439S,05F0494S,41,233,3
2023/12/03 07:30,05F0439S,05F0494S,42,0,0
2023/12/03 07:30,05F0439S,05F0494S,5,203,1
2023/12/03 07:35,05F0000S,05F0055S,31,255,83
2023/12/03 07:35,05F0000S,05F0055S,32,267,14
2023/12/03 07:35,05F0000S,05F0055S,41,277,11
2023/12/03 07:35,05F0000S,05F0055S,42,0,0
2023/12/03 07:35,05F0000S,05F0055S,5,0,0
2023/12/03 07:35,05F0055S,05F0287S,31,1023,80
2023/12/03 07:35,05F0055S,05F0287S,32,1026,19
2023/12/03 07:35,05F0055S,05F0287S,41,1124,10
2023/12/03 07:35,05F0055S,05F0287S,42,0,0
2023/12/03 07:35,05F0055S,05F0287S,5,0,0
2023/12/03 07:35,05F0287S,05F0309S,31,90,70
2023/12/03 07:35,05F0287S,05F0309S,32,88,14
2023/12/03 07:35,05F0287S,05F0309S,41,93,6
2023/12/03 07:35,05F0287S,05F0309S,42,0,0
2023/12/03 07:35,05F0287S,05F0309S,5,0,0
2023/12/03 07:35,05F0309S,05F0439S,31,507,37
2023/12/03 07:35,05F0309S,05F0439S,32,500,16
2023/12/03 07:35,05F0309S,05F0439S,41,520,3
2023/12/03 07:35,05F0309S,05F0439S,42,0,0
2023/12/03 07:35,05F0309S,05F0439S,5,588,2
2023/12/03 07:35,05F0439S,05F0494S,31,213,26
2023/12/03 07:35,05F0439S,05F0494S,32,200,5
2023/12/03 07:35,05F0439S,05F0494S,41,219,7
2023/12/03 07:35,05F0439S,05F0494S,42,245,1
2023/12/03 07:35,05F0439S,05F0494S,5,214,1
2023/12/03 07:40,05F0000S,05F0055S,31,252,82
2023/12/03 07:40,05F0000S,05F0055S,32,255,27
2023/12/03 07:40,05F0000S,05F0055S,41,264,5
2023/12/03 07:40,05F0000S,05F0055S,42,0,0
2023/12/03 07:40,05F0000S,05F0055S,5,0,0
2023/12/03 07:40,05F0055S,05F0287S,31,1052,95
2023/12/03 07:40,05F0055S,05F0287S,32,1065,21
2023/12/03 07:40,05F0055S,05F0287S,41,1163,16
2023/12/03 07:40,05F0055S,05F0287S,42,0,0
2023/12/03 07:40,05F0055S,05F0287S,5,0,0
2023/12/03 07:40,05F0287S,05F0309S,31,89,60
2023/12/03 07:40,05F0287S,05F0309S,32,87,17
2023/12/03 07:40,05F0287S,05F0309S,41,98,6
2023/12/03 07:40,05F0287S,05F0309S,42,0,0
2023/12/03 07:40,05F0287S,05F0309S,5,0,0
2023/12/03 07:40,05F0309S,05F0439S,31,499,42
2023/12/03 07:40,05F0309S,05F0439S,32,488,15
2023/12/03 07:40,05F0309S,05F0439S,41,524,1
2023/12/03 07:40,05F0309S,05F0439S,42,0,0
2023/12/03 07:40,05F0309S,05F0439S,5,548,1
2023/12/03 07:40,05F0439S,05F0494S,31,205,21
2023/12/03 07:40,05F0439S,05F0494S,32,200,10
2023/12/03 07:40,05F0439S,05F0494S,41,207,1
2023/12/03 07:40,05F0439S,05F0494S,42,0,0
2023/12/03 07:40,05F0439S,05F0494S,5,248,2
2023/12/03 07:45,05F0000S,05F0055S,31,251,89
2023/12/03 07:45,05F0000S,05F0055S,32,249,10
2023/12/03 07:45,05F0000S,05F0055S,41,271,11
2023/12/03 07:45,05F0000S,05F0055S,42,0,0
2023/12/03 07:45,05F0000S,05F0055S,5,0,0
2023/12/03 07:45,05F0055S,05F0287S,31,1047,115
2023/12/03 07:45,05F0055S,05F0287S,32,1054,23
2023/12/03 07:45,05F0055S,05F0287S,41,1111,16
2023/12/03 07:45,05F0055S,05F0287S,42,0,0
2023/12/03 07:45,05F0055S,05F0287S,5,0,0
2023/12/03 07:45,05F0287S,05F0309S,31,87,83
2023/12/03 07:45,05F0287S,05F0309S,32,85,19
2023/12/03 07:45,05F0287S,05F0309S,41,95,8
2023/12/03 07:45,05F0287S,05F0309S,42,0,0
2023/12/03 07:45,05F0287S,05F0309S,5,0,0
2023/12/03 07:45,05F0309S,05F0439S,31,505,53
2023/12/03 07:45,05F0309S,05F0439S,32,483,12
2023/12/03 07:45,05F0309S,05F0439S,41,510,4
2023/12/03 07:45,05F0309S,05F0439S,42,509,2
2023/12/03 07:45,05F0309S,05F0439S,5,592,1
2023/12/03 07:45,05F0439S,05F0494S,31,206,21
2023/12/03 07:45,05F0439S,05F0494S,32,218,6
2023/12/03 07:45,05F0439S,05F0494S,41,219,3
2023/12/03 07:45,05F0439S,05F0494S,42,200,1
2023/12/03 07:45,05F0439S,05F0494S,5,226,1
2023/12/03 07:50,05F0000S,05F0055S,31,252,92
2023/12/03 07:50,05F0000S,05F0055S,32,251,22
2023/12/03 07:50,05F0000S,05F0055S,41,363,11
2023/12/03 07:50,05F0000S,05F0055S,42,0,0
2023/12/03 07:50,05F0000S,05F0055S,5,0,0
2023/12/03 07:50,05F0055S,05F0287S,31,1042,111
2023/12/03 07:50,05F0055S,05F0287S,32,1052,28
2023/12/03 07:50,05F0055S,05F0287S,41,1125,10
2023/12/03 07:50,05F0055S,05F0287S,42,0,0
2023/12/03 07:50,05F0055S,05F0287S,5,0,0
2023/12/03 07:50,05F0287S,05F0309S,31,87,68
2023/12/03 07:50,05F0287S,05F0309S,32,89,16
2023/12/03 07:50,05F0287S,05F0309S,41,95,7
2023/12/03 07:50,05F0287S,05F0309S,42,0,0
2023/12/03 07:50,05F0287S,05F0309S,5,0,0
2023/12/03 07:50,05F0309S,05F0439S,31,495,42
2023/12/03 07:50,05F0309S,05F0439S,32,498,9
2023/12/03 07:50,05F0309S,05F0439S,41,529,3
2023/12/03 07:50,05F0309S,05F0439S,42,0,0
2023/12/03 07:50,05F0309S,05F0439S,5,0,0
2023/12/03 07:50,05F0439S,05F0494S,31,211,26
2023/12/03 07:50,05F0439S,05F0494S,32,204,9
2023/12/03 07:50,05F0439S,05F0494S,41,230,1
2023/12/03 07:50,05F0439S,05F0494S,42,239,3
2023/12/03 07:50,05F0439S,05F0494S,5,241,1
2023/12/03 07:55,05F0000S,05F0055S,31,256,99
2023/12/03 07:55,05F0000S,05F0055S,32,254,25
2023/12/03 07:55,05F0000S,05F0055S,41,266,10
2023/12/03 07:55,05F0000S,05F0055S,42,0,0
2023/12/03 07:55,05F0000S,05F0055S,5,0,0
2023/12/03 07:55,05F0055S,05F0287S,31,1028,90
2023/12/03 07:55,05F0055S,05F0287S,32,1023,23
2023/12/03 07:55,05F0055S,05F0287S,41,1118,9
2023/12/03 07:55,05F0055S,05F0287S,42,0,0
2023/12/03 07:55,05F0055S,05F0287S,5,0,0
2023/12/03 07:55,05F0287S,05F0309S,31,88,62
2023/12/03 07:55,05F0287S,05F0309S,32,87,16
2023/12/03 07:55,05F0287S,05F0309S,41,95,6
2023/12/03 07:55,05F0287S,05F0309S,42,0,0
2023/12/03 07:55,05F0287S,05F0309S,5,0,0
2023/12/03 07:55,05F0309S,05F0439S,31,501,52
2023/12/03 07:55,05F0309S,05F0439S,32,506,16
2023/12/03 07:55,05F0309S,05F0439S,41,541,6
2023/12/03 07:55,05F0309S,05F0439S,42,0,0
2023/12/03 07:55,05F0309S,05F0439S,5,500,1
2023/12/03 07:55,05F0439S,05F0494S,31,207,29
2023/12/03 07:55,05F0439S,05F0494S,32,199,12
2023/12/03 07:55,05F0439S,05F0494S,41,237,5
2023/12/03 07:55,05F0439S,05F0494S,42,231,1
2023/12/03 07:55,05F0439S,05F0494S,5,0,0
2023/12/03 08:00,05F0000S,05F0055S,31,259,85
2023/12/03 08:00,05F0000S,05F0055S,32,260,18
2023/12/03 08:00,05F0000S,05F0055S,41,260,13
2023/12/03 08:00,05F0000S,05F0055S,42,0,0
2023/12/03 08:00,05F0000S,05F0055S,5,0,0
2023/12/03 08:00,05F0055S,05F0287S,31,1002,88
2023/12/03 08:00,05F0055S,05F0287S,32,1000,18
2023/12/03 08:00,05F0055S,05F0287S,41,1048,9
2023/12/03 08:00,05F0055S,05F0287S,42,0,0
2023/12/03 08:00,05F0055S,05F0287S,5,0,0
2023/12/03 08:00,05F0287S,05F0309S,31,88,64
2023/12/03 08:00,05F0287S,05F0309S,32,91,15
2023/12/03 08:00,05F0287S,05F0309S,41,95,3
2023/12/03 08:00,05F0287S,05F0309S,42,0,0
2023/12/03 08:00,05F0287S,05F0309S,5,0,0
2023/12/03 08:00,05F0309S,05F0439S,31,497,58
2023/12/03 08:00,05F0309S,05F0439S,32,514,14
2023/12/03 08:00,05F0309S,05F0439S,41,528,5
2023/12/03 08:00,05F0309S,05F0439S,42,0,0
2023/12/03 08:00,05F0309S,05F0439S,5,0,0
2023/12/03 08:00,05F0439S,05F0494S,31,217,20
2023/12/03 08:00,05F0439S,05F0494S,32,228,5
2023/12/03 08:00,05F0439S,05F0494S,41,230,4
2023/12/03 08:00,05F0439S,05F0494S,42,0,0
2023/12/03 08:00,05F0439S,05F0494S,5,0,0
2023/12/03 08:05,05F0000S,05F0055S,31,255,83
2023/12/03 08:05,05F0000S,05F0055S,32,254,28
2023/12/03 08:05,05F0000S,05F0055S,41,268,6
2023/12/03 08:05,05F0000S,05F0055S,42,0,0
2023/12/03 08:05,05F0000S,05F0055S,5,0,0
2023/12/03 08:05,05F0055S,05F0287S,31,1026,87
2023/12/03 08:05,05F0055S,05F0287S,32,1022,13
2023/12/03 08:05,05F0055S,05F0287S,41,1066,11
2023/12/03 08:05,05F0055S,05F0287S,42,0,0
2023/12/03 08:05,05F0055S,05F0287S,5,0,0
2023/12/03 08:05,05F0287S,05F0309S,31,87,59
2023/12/03 08:05,05F0287S,05F0309S,32,87,7
2023/12/03 08:05,05F0287S,05F0309S,41,96,9
2023/12/03 08:05,05F0287S,05F0309S,42,0,0
2023/12/03 08:05,05F0287S,05F0309S,5,0,0
2023/12/03 08:05,05F0309S,05F0439S,31,503,46
2023/12/03 08:05,05F0309S,05F0439S,32,507,11
2023/12/03 08:05,05F0309S,05F0439S,41,547,5
2023/12/03 08:05,05F0309S,05F0439S,42,531,3
2023/12/03 08:05,05F0309S,05F0439S,5,588,2
2023/12/03 08:05,05F0439S,05F0494S,31,218,22
2023/12/03 08:05,05F0439S,05F0494S,32,224,9
2023/12/03 08:05,05F0439S,05F0494S,41,228,2
2023/12/03 08:05,05F0439S,05F0494S,42,223,3
2023/12/03 08:05,05F0439S,05F0494S,5,0,0
2023/12/03 08:10,05F0000S,05F0055S,31,258,110
2023/12/03 08:10,05F0000S,05F0055S,32,260,23
2023/12/03 08:10,05F0000S,05F0055S,41,282,8
2023/12/03 08:10,05F0000S,05F0055S,42,0,0
2023/12/03 08:10,05F0000S,05F0055S,5,0,0
2023/12/03 08:10,05F0055S,05F0287S,31,1014,72
2023/12/03 08:10,05F0055S,05F0287S,32,1011,19
2023/12/03 08:10,05F0055S,05F0287S,41,1151,11
2023/12/03 08:10,05F0055S,05F0287S,42,0,0
2023/12/03 08:10,05F0055S,05F0287S,5,0,0
2023/12/03 08:10,05F0287S,05F0309S,31,89,73
2023/12/03 08:10,05F0287S,05F0309S,32,87,16
2023/12/03 08:10,05F0287S,05F0309S,41,110,8
2023/12/03 08:10,05F0287S,05F0309S,42,0,0
2023/12/03 08:10,05F0287S,05F0309S,5,0,0
2023/12/03 08:10,05F0309S,05F0439S,31,473,41
2023/12/03 08:10,05F0309S,05F0439S,32,515,7
2023/12/03 08:10,05F0309S,05F0439S,41,534,1
2023/12/03 08:10,05F0309S,05F0439S,42,0,0
2023/12/03 08:10,05F0309S,05F0439S,5,527,1
2023/12/03 08:10,05F0439S,05F0494S,31,215,25
2023/12/03 08:10,05F0439S,05F0494S,32,223,7
2023/12/03 08:10,05F0439S,05F0494S,41,235,4
2023/12/03 08:10,05F0439S,05F0494S,42,242,1
2023/12/03 08:10,05F0439S,05F0494S,5,221,1
2023/12/03 08:15,05F0000S,05F0055S,31,252,85
2023/12/03 08:15,05F0000S,05F0055S,32,252,28
2023/12/03 08:15,05F0000S,05F0055S,41,271,14
2023/12/03 08:15,05F0000S,05F0055S,42,0,0
2023/12/03 08:15,05F0000S,05F0055S,5,0,0
2023/12/03 08:15,05F0055S,05F0287S,31,1039,102
2023/12/03 08:15,05F0055S,05F0287S,32,1042,23
2023/12/03 08:15,05F0055S,05F0287S,41,1083,14
2023/12/03 08:15,05F0055S,05F0287S,42,0,0
2023/12/03 08:15,05F0055S,05F0287S,5,0,0
2023/12/03 08:15,05F0287S,05F0309S,31,87,70
2023/12/03 08:15,05F0287S,05F0309S,32,87,14
2023/12/03 08:15,05F0287S,05F0309S,41,95,15
2023/12/03 08:15,05F0287S,05F0309S,42,0,0
2023/12/03 08:15,05F0287S,05F0309S,5,0,0
2023/12/03 08:15,05F0309S,05F0439S,31,484,45
2023/12/03 08:15,05F0309S,05F0439S,32,498,8
2023/12/03 08:15,05F0309S,05F0439S,41,531,13
2023/12/03 08:15,05F0309S,05F0439S,42,502,1
2023/12/03 08:15,05F0309S,05F0439S,5,506,1
2023/12/03 08:15,05F0439S,05F0494S,31,211,15
2023/12/03 08:15,05F0439S,05F0494S,32,214,4
2023/12/03 08:15,05F0439S,05F0494S,41,229,6
2023/12/03 08:15,05F0439S,05F0494S,42,0,0
2023/12/03 08:15,05F0439S,05F0494S,5,0,0
2023/12/03 08:20,05F0000S,05F0055S,31,256,79
2023/12/03 08:20,05F0000S,05F0055S,32,261,22
2023/12/03 08:20,05F0000S,05F0055S,41,275,12
2023/12/03 08:20,05F0000S,05F0055S,42,298,1
2023/12/03 08:20,05F0000S,05F0055S,5,0,0
2023/12/03 08:20,05F0055S,05F0287S,31,1018,98
2023/12/03 08:20,05F0055S,05F0287S,32,1013,27
2023/12/03 08:20,05F0055S,05F0287S,41,1093,12
2023/12/03 08:20,05F0055S,05F0287S,42,0,0
2023/12/03 08:20,05F0055S,05F0287S,5,0,0
2023/12/03 08:20,05F0287S,05F0309S,31,87,71
2023/12/03 08:20,05F0287S,05F0309S,32,89,12
2023/12/03 08:20,05F0287S,05F0309S,41,92,12
2023/12/03 08:20,05F0287S,05F0309S,42,0,0
2023/12/03 08:20,05F0287S,05F0309S,5,0,0
2023/12/03 08:20,05F0309S,05F0439S,31,496,42
2023/12/03 08:20,05F0309S,05F0439S,32,502,8
2023/12/03 08:20,05F0309S,05F0439S,41,541,5
2023/12/03 08:20,05F0309S,05F0439S,42,0,0
2023/12/03 08:20,05F0309S,05F0439S,5,494,2
2023/12/03 08:20,05F0439S,05F0494S,31,208,20
2023/12/03 08:20,05F0439S,05F0494S,32,216,9
2023/12/03 08:20,05F0439S,05F0494S,41,225,5
2023/12/03 08:20,05F0439S,05F0494S,42,0,0
2023/12/03 08:20,05F0439S,05F0494S,5,210,1
2023/12/03 08:25,05F0000S,05F0055S,31,254,85
2023/12/03 08:25,05F0000S,05F0055S,32,261,21
2023/12/03 08:25,05F0000S,05F0055S,41,274,7
2023/12/03 08:25,05F0000S,05F0055S,42,0,0
2023/12/03 08:25,05F0000S,05F0055S,5,0,0
2023/12/03 08:25,05F0055S,05F0287S,31,1032,85
2023/12/03 08:25,05F0055S,05F0287S,32,1047,25
2023/12/03 08:25,05F0055S,05F0287S,41,1070,9
2023/12/03 08:25,05F0055S,05F0287S,42,0,0
2023/12/03 08:25,05F0055S,05F0287S,5,0,0
2023/12/03 08:25,05F0287S,05F0309S,31,86,60
2023/12/03 08:25,05F0287S,05F0309S,32,93,21
2023/12/03 08:25,05F0287S,05F0309S,41,99,6
2023/12/03 08:25,05F0287S,05F0309S,42,0,0
2023/12/03 08:25,05F0287S,05F0309S,5,0,0
2023/12/03 08:25,05F0309S,05F0439S,31,486,45
2023/12/03 08:25,05F0309S,05F0439S,32,494,12
2023/12/03 08:25,05F0309S,05F0439S,41,535,9
2023/12/03 08:25,05F0309S,05F0439S,42,0,0
2023/12/03 08:25,05F0309S,05F0439S,5,583,2
2023/12/03 08:25,05F0439S,05F0494S,31,212,22
2023/12/03 08:25,05F0439S,05F0494S,32,215,4
2023/12/03 08:25,05F0439S,05F0494S,41,237,10
2023/12/03 08:25,05F0439S,05F0494S,42,0,0
2023/12/03 08:25,05F0439S,05F0494S,5,207,2
2023/12/03 08:30,05F0000S,05F0055S,31,274,109
2023/12/03 08:30,05F0000S,05F0055S,32,266,25
2023/12/03 08:30,05F0000S,05F0055S,41,284,14
2023/12/03 08:30,05F0000S,05F0055S,42,0,0
2023/12/03 08:30,05F0000S,05F0055S,5,0,0
2023/12/03 08:30,05F0055S,05F0287S,31,1034,105
2023/12/03 08:30,05F0055S,05F0287S,32,1031,31
2023/12/03 08:30,05F0055S,05F0287S,41,1096,8
2023/12/03 08:30,05F0055S,05F0287S,42,0,0
2023/12/03 08:30,05F0055S,05F0287S,5,0,0
2023/12/03 08:30,05F0287S,05F0309S,31,88,72
2023/12/03 08:30,05F0287S,05F0309S,32,87,15
2023/12/03 08:30,05F0287S,05F0309S,41,846,10
2023/12/03 08:30,05F0287S,05F0309S,42,0,0
2023/12/03 08:30,05F0287S,05F0309S,5,0,0
2023/12/03 08:30,05F0309S,05F0439S,31,494,47
2023/12/03 08:30,05F0309S,05F0439S,32,502,16
2023/12/03 08:30,05F0309S,05F0439S,41,522,7
2023/12/03 08:30,05F0309S,05F0439S,42,0,0
2023/12/03 08:30,05F0309S,05F0439S,5,566,2
2023/12/03 08:30,05F0439S,05F0494S,31,223,22
2023/12/03 08:30,05F0439S,05F0494S,32,218,11
2023/12/03 08:30,05F0439S,05F0494S,41,223,2
2023/12/03 08:30,05F0439S,05F0494S,42,0,0
2023/12/03 08:30,05F0439S,05F0494S,5,218,3
2023/12/03 08:35,05F0000S,05F0055S,31,262,107
2023/12/03 08:35,05F0000S,05F0055S,32,270,27
2023/12/03 08:35,05F0000S,05F0055S,41,276,8
2023/12/03 08:35,05F0000S,05F0055S,42,0,0
2023/12/03 08:35,05F0000S,05F0055S,5,0,0
2023/12/03 08:35,05F0055S,05F0287S,31,1008,89
2023/12/03 08:35,05F0055S,05F0287S,32,1007,21
2023/12/03 08:35,05F0055S,05F0287S,41,1077,18
2023/12/03 08:35,05F0055S,05F0287S,42,0,0
2023/12/03 08:35,05F0055S,05F0287S,5,0,0
2023/12/03 08:35,05F0287S,05F0309S,31,91,77
2023/12/03 08:35,05F0287S,05F0309S,32,92,20
2023/12/03 08:35,05F0287S,05F0309S,41,96,13
2023/12/03 08:35,05F0287S,05F0309S,42,0,0
2023/12/03 08:35,05F0287S,05F0309S,5,0,0
2023/12/03 08:35,05F0309S,05F0439S,31,495,54
2023/12/03 08:35,05F0309S,05F0439S,32,493,8
2023/12/03 08:35,05F0309S,05F0439S,41,527,7
2023/12/03 08:35,05F0309S,05F0439S,42,0,0
2023/12/03 08:35,05F0309S,05F0439S,5,0,0
2023/12/03 08:35,05F0439S,05F0494S,31,210,25
2023/12/03 08:35,05F0439S,05F0494S,32,217,10
2023/12/03 08:35,05F0439S,05F0494S,41,226,2
2023/12/03 08:35,05F0439S,05F0494S,42,0,0
2023/12/03 08:35,05F0439S,05F0494S,5,0,0
2023/12/03 08:40,05F0000S,05F0055S,31,257,102
2023/12/03 08:40,05F0000S,05F0055S,32,255,19
2023/12/03 08:40,05F0000S,05F0055S,41,263,5
2023/12/03 08:40,05F0000S,05F0055S,42,0,0
2023/12/03 08:40,05F0000S,05F0055S,5,0,0
2023/12/03 08:40,05F0055S,05F0287S,31,1013,81
2023/12/03 08:40,05F0055S,05F0287S,32,1013,20
2023/12/03 08:40,05F0055S,05F0287S,41,1097,10
2023/12/03 08:40,05F0055S,05F0287S,42,0,0
2023/12/03 08:40,05F0055S,05F0287S,5,0,0
2023/12/03 08:40,05F0287S,05F0309S,31,89,50
2023/12/03 08:40,05F0287S,05F0309S,32,86,11
2023/12/03 08:40,05F0287S,05F0309S,41,94,10
2023/12/03 08:40,05F0287S,05F0309S,42,0,0
2023/12/03 08:40,05F0287S,05F0309S,5,0,0
2023/12/03 08:40,05F0309S,05F0439S,31,504,53
2023/12/03 08:40,05F0309S,05F0439S,32,519,10
2023/12/03 08:40,05F0309S,05F0439S,41,528,5
2023/12/03 08:40,05F0309S,05F0439S,42,0,0
2023/12/03 08:40,05F0309S,05F0439S,5,0,0
2023/12/03 08:40,05F0439S,05F0494S,31,215,33
2023/12/03 08:40,05F0439S,05F0494S,32,210,6
2023/12/03 08:40,05F0439S,05F0494S,41,231,6
2023/12/03 08:40,05F0439S,05F0494S,42,0,0
2023/12/03 08:40,05F0439S,05F0494S,5,0,0
2023/12/03 08:45,05F0000S,05F0055S,31,262,115
2023/12/03 08:45,05F0000S,05F0055S,32,265,21
2023/12/03 08:45,05F0000S,05F0055S,41,268,10
2023/12/03 08:45,05F0000S,05F0055S,42,0,0
2023/12/03 08:45,05F0000S,05F0055S,5,0,0
2023/12/03 08:45,05F0055S,05F0287S,31,1009,92
2023/12/03 08:45,05F0055S,05F0287S,32,1015,27
2023/12/03 08:45,05F0055S,05F0287S,41,1069,11
2023/12/03 08:45,05F0055S,05F0287S,42,0,0
2023/12/03 08:45,05F0055S,05F0287S,5,0,0
2023/12/03 08:45,05F0287S,05F0309S,31,86,68
2023/12/03 08:45,05F0287S,05F0309S,32,89,18
2023/12/03 08:45,05F0287S,05F0309S,41,94,4
2023/12/03 08:45,05F0287S,05F0309S,42,0,0
2023/12/03 08:45,05F0287S,05F0309S,5,0,0
2023/12/03 08:45,05F0309S,05F0439S,31,503,49
2023/12/03 08:45,05F0309S,05F0439S,32,502,11
2023/12/03 08:45,05F0309S,05F0439S,41,547,11
2023/12/03 08:45,05F0309S,05F0439S,42,0,0
2023/12/03 08:45,05F0309S,05F0439S,5,596,1
2023/12/03 08:45,05F0439S,05F0494S,31,216,22
2023/12/03 08:45,05F0439S,05F0494S,32,225,9
2023/12/03 08:45,05F0439S,05F0494S,41,219,2
2023/12/03 08:45,05F0439S,05F0494S,42,0,0
2023/12/03 08:45,05F0439S,05F0494S,5,0,0
2023/12/03 08:50,05F0000S,05F0055S,31,265,90
2023/12/03 08:50,05F0000S,05F0055S,32,253,28
2023/12/03 08:50,05F0000S,05F0055S,41,272,6
2023/12/03 08:50,05F0000S,05F0055S,42,0,0
2023/12/03 08:50,05F0000S,05F0055S,5,0,0
2023/12/03 08:50,05F0055S,05F0287S,31,1046,108
2023/12/03 08:50,05F0055S,05F0287S,32,1045,24
2023/12/03 08:50,05F0055S,05F0287S,41,1094,12
2023/12/03 08:50,05F0055S,05F0287S,42,0,0
2023/12/03 08:50,05F0055S,05F0287S,5,0,0
2023/12/03 08:50,05F0287S,05F0309S,31,88,70
2023/12/03 08:50,05F0287S,05F0309S,32,89,15
2023/12/03 08:50,05F0287S,05F0309S,41,93,7
2023/12/03 08:50,05F0287S,05F0309S,42,0,0
2023/12/03 08:50,05F0287S,05F0309S,5,0,0
2023/12/03 08:50,05F0309S,05F0439S,31,507,49
2023/12/03 08:50,05F0309S,05F0439S,32,504,9
2023/12/03 08:50,05F0309S,05F0439S,41,516,8
2023/12/03 08:50,05F0309S,05F0439S,42,0,0
2023/12/03 08:50,05F0309S,05F0439S,5,0,0
2023/12/03 08:50,05F0439S,05F0494S,31,216,19
2023/12/03 08:50,05F0439S,05F0494S,32,222,3
2023/12/03 08:50,05F0439S,05F0494S,41,222,1
2023/12/03 08:50,05F0439S,05F0494S,42,0,0
2023/12/03 08:50,05F0439S,05F0494S,5,0,0
2023/12/03 08:55,05F0000S,05F0055S,31,263,118
2023/12/03 08:55,05F0000S,05F0055S,32,263,26
2023/12/03 08:55,05F0000S,05F0055S,41,268,11
2023/12/03 08:55,05F0000S,05F0055S,42,0,0
2023/12/03 08:55,05F0000S,05F0055S,5,0,0
2023/12/03 08:55,05F0055S,05F0287S,31,1040,100
2023/12/03 08:55,05F0055S,05F0287S,32,1038,23
2023/12/03 08:55,05F0055S,05F0287S,41,1077,8
2023/12/03 08:55,05F0055S,05F0287S,42,0,0
2023/12/03 08:55,05F0055S,05F0287S,5,0,0
2023/12/03 08:55,05F0287S,05F0309S,31,89,72
2023/12/03 08:55,05F0287S,05F0309S,32,89,18
2023/12/03 08:55,05F0287S,05F0309S,41,94,11
2023/12/03 08:55,05F0287S,05F0309S,42,0,0
2023/12/03 08:55,05F0287S,05F0309S,5,0,0
2023/12/03 08:55,05F0309S,05F0439S,31,501,48
2023/12/03 08:55,05F0309S,05F0439S,32,521,13
2023/12/03 08:55,05F0309S,05F0439S,41,525,4
2023/12/03 08:55,05F0309S,05F0439S,42,549,1
2023/12/03 08:55,05F0309S,05F0439S,5,0,0
2023/12/03 08:55,05F0439S,05F0494S,31,214,24
2023/12/03 08:55,05F0439S,05F0494S,32,225,6
2023/12/03 08:55,05F0439S,05F0494S,41,224,6
2023/12/03 08:55,05F0439S,05F0494S,42,242,1
2023/12/03 08:55,05F0439S,05F0494S,5,0,0
2023/12/03 09:00,05F0000S,05F0055S,31,263,105
2023/12/03 09:00,05F0000S,05F0055S,32,254,15
2023/12/03 09:00,05F0000S,05F0055S,41,272,10
2023/12/03 09:00,05F0000S,05F0055S,42,0,0
2023/12/03 09:00,05F0000S,05F0055S,5,0,0
2023/12/03 09:00,05F0055S,05F0287S,31,1033,119
2023/12/03 09:00,05F0055S,05F0287S,32,1034,20
2023/12/03 09:00,05F0055S,05F0287S,41,1074,8
2023/12/03 09:00,05F0055S,05F0287S,42,0,0
2023/12/03 09:00,05F0055S,05F0287S,5,0,0
2023/12/03 09:00,05F0287S,05F0309S,31,88,74
2023/12/03 09:00,05F0287S,05F0309S,32,88,17
2023/12/03 09:00,05F0287S,05F0309S,41,92,7
2023/12/03 09:00,05F0287S,05F0309S,42,0,0
2023/12/03 09:00,05F0287S,05F0309S,5,0,0
2023/12/03 09:00,05F0309S,05F0439S,31,506,59
2023/12/03 09:00,05F0309S,05F0439S,32,504,13
2023/12/03 09:00,05F0309S,05F0439S,41,539,6
2023/12/03 09:00,05F0309S,05F0439S,42,0,0
2023/12/03 09:00,05F0309S,05F0439S,5,562,1
2023/12/03 09:00,05F0439S,05F0494S,31,218,30
2023/12/03 09:00,05F0439S,05F0494S,32,217,5
2023/12/03 09:00,05F0439S,05F0494S,41,224,3
2023/12/03 09:00,05F0439S,05F0494S,42,0,0
2023/12/03 09:00,05F0439S,05F0494S,5,0,0
2023/12/03 09:05,05F0000S,05F0055S,31,265,109
2023/12/03 09:05,05F0000S,05F0055S,32,260,26
2023/12/03 09:05,05F0000S,05F0055S,41,1428,3
2023/12/03 09:05,05F0000S,05F0055S,42,0,0
2023/12/03 09:05,05F0000S,05F0055S,5,0,0
2023/12/03 09:05,05F0055S,05F0287S,31,1032,113
2023/12/03 09:05,05F0055S,05F0287S,32,1031,28
2023/12/03 09:05,05F0055S,05F0287S,41,1079,9
2023/12/03 09:05,05F0055S,05F0287S,42,0,0
2023/12/03 09:05,05F0055S,05F0287S,5,0,0
2023/12/03 09:05,05F0287S,05F0309S,31,88,80
2023/12/03 09:05,05F0287S,05F0309S,32,89,16
2023/12/03 09:05,05F0287S,05F0309S,41,95,8
2023/12/03 09:05,05F0287S,05F0309S,42,0,0
2023/12/03 09:05,05F0287S,05F0309S,5,0,0
2023/12/03 09:05,05F0309S,05F0439S,31,509,46
2023/12/03 09:05,05F0309S,05F0439S,32,522,17
2023/12/03 09:05,05F0309S,05F0439S,41,539,10
2023/12/03 09:05,05F0309S,05F0439S,42,0,0
2023/12/03 09:05,05F0309S,05F0439S,5,0,0
2023/12/03 09:05,05F0439S,05F0494S,31,207,23
2023/12/03 09:05,05F0439S,05F0494S,32,211,6
2023/12/03 09:05,05F0439S,05F0494S,41,232,3
2023/12/03 09:05,05F0439S,05F0494S,42,0,0
2023/12/03 09:05,05F0439S,05F0494S,5,0,0
2023/12/03 09:10,05F0000S,05F0055S,31,267,113
2023/12/03 09:10,05F0000S,05F0055S,32,266,23
2023/12/03 09:10,05F0000S,05F0055S,41,269,9
2023/12/03 09:10,05F0000S,05F0055S,42,0,0
2023/12/03 09:10,05F0000S,05F0055S,5,0,0
2023/12/03 09:10,05F0055S,05F0287S,31,1037,76
2023/12/03 09:10,05F0055S,05F0287S,32,1020,21
2023/12/03 09:10,05F0055S,05F0287S,41,1107,4
2023/12/03 09:10,05F0055S,05F0287S,42,0,0
2023/12/03 09:10,05F0055S,05F0287S,5,0,0
2023/12/03 09:10,05F0287S,05F0309S,31,88,58
2023/12/03 09:10,05F0287S,05F0309S,32,88,22
2023/12/03 09:10,05F0287S,05F0309S,41,96,3
2023/12/03 09:10,05F0287S,05F0309S,42,0,0
2023/12/03 09:10,05F0287S,05F0309S,5,0,0
2023/12/03 09:10,05F0309S,05F0439S,31,500,53
2023/12/03 09:10,05F0309S,05F0439S,32,501,15
2023/12/03 09:10,05F0309S,05F0439S,41,518,4
2023/12/03 09:10,05F0309S,05F0439S,42,0,0
2023/12/03 09:10,05F0309S,05F0439S,5,0,0
2023/12/03 09:10,05F0439S,05F0494S,31,224,30
2023/12/03 09:10,05F0439S,05F0494S,32,225,12
2023/12/03 09:10,05F0439S,05F0494S,41,225,6
2023/12/03 09:10,05F0439S,05F0494S,42,0,0
2023/12/03 09:10,05F0439S,05F0494S,5,0,0
2023/12/03 09:15,05F0000S,05F0055S,31,266,115
2023/12/03 09:15,05F0000S,05F0055S,32,266,27
2023/12/03 09:15,05F0000S,05F0055S,41,270,8
2023/12/03 09:15,05F0000S,05F0055S,42,0,0
2023/12/03 09:15,05F0000S,05F0055S,5,0,0
2023/12/03 09:15,05F0055S,05F0287S,31,1033,122
2023/12/03 09:15,05F0055S,05F0287S,32,1036,25
2023/12/03 09:15,05F0055S,05F0287S,41,1085,16
2023/12/03 09:15,05F0055S,05F0287S,42,0,0
2023/12/03 09:15,05F0055S,05F0287S,5,0,0
2023/12/03 09:15,05F0287S,05F0309S,31,90,109
2023/12/03 09:15,05F0287S,05F0309S,32,93,22
2023/12/03 09:15,05F0287S,05F0309S,41,98,10
2023/12/03 09:15,05F0287S,05F0309S,42,0,0
2023/12/03 09:15,05F0287S,05F0309S,5,0,0
2023/12/03 09:15,05F0309S,05F0439S,31,513,71
2023/12/03 09:15,05F0309S,05F0439S,32,502,14
2023/12/03 09:15,05F0309S,05F0439S,41,550,6
2023/12/03 09:15,05F0309S,05F0439S,42,0,0
2023/12/03 09:15,05F0309S,05F0439S,5,567,2
2023/12/03 09:15,05F0439S,05F0494S,31,216,33
2023/12/03 09:15,05F0439S,05F0494S,32,208,5
2023/12/03 09:15,05F0439S,05F0494S,41,224,3
2023/12/03 09:15,05F0439S,05F0494S,42,0,0
2023/12/03 09:15,05F0439S,05F0494S,5,0,0
2023/12/03 09:20,05F0000S,05F0055S,31,265,131
2023/12/03 09:20,05F0000S,05F0055S,32,260,12
2023/12/03 09:20,05F0000S,05F0055S,41,274,10
2023/12/03 09:20,05F0000S,05F0055S,42,0,0
2023/12/03 09:20,05F0000S,05F0055S,5,0,0
2023/12/03 09:20,05F0055S,05F0287S,31,1017,107
2023/12/03 09:20,05F0055S,05F0287S,32,1023,21
2023/12/03 09:20,05F0055S,05F0287S,41,1043,4
2023/12/03 09:20,05F0055S,05F0287S,42,0,0
2023/12/03 09:20,05F0055S,05F0287S,5,0,0
2023/12/03 09:20,05F0287S,05F0309S,31,88,69
2023/12/03 09:20,05F0287S,05F0309S,32,89,12
2023/12/03 09:20,05F0287S,05F0309S,41,94,4
2023/12/03 09:20,05F0287S,05F0309S,42,0,0
2023/12/03 09:20,05F0287S,05F0309S,5,0,0
2023/12/03 09:20,05F0309S,05F0439S,31,500,49
2023/12/03 09:20,05F0309S,05F0439S,32,518,11
2023/12/03 09:20,05F0309S,05F0439S,41,547,3
2023/12/03 09:20,05F0309S,05F0439S,42,0,0
2023/12/03 09:20,05F0309S,05F0439S,5,496,1
2023/12/03 09:20,05F0439S,05F0494S,31,219,34
2023/12/03 09:20,05F0439S,05F0494S,32,226,7
2023/12/03 09:20,05F0439S,05F0494S,41,270,3
2023/12/03 09:20,05F0439S,05F0494S,42,0,0
2023/12/03 09:20,05F0439S,05F0494S,5,230,2
2023/12/03 09:25,05F0000S,05F0055S,31,266,110
2023/12/03 09:25,05F0000S,05F0055S,32,278,22
2023/12/03 09:25,05F0000S,05F0055S,41,279,7
2023/12/03 09:25,05F0000S,05F0055S,42,0,0
2023/12/03 09:25,05F0000S,05F0055S,5,0,0
2023/12/03 09:25,05F0055S,05F0287S,31,1078,101
2023/12/03 09:25,05F0055S,05F0287S,32,1062,18
2023/12/03 09:25,05F0055S,05F0287S,41,1138,7
2023/12/03 09:25,05F0055S,05F0287S,42,0,0
2023/12/03 09:25,05F0055S,05F0287S,5,0,0
2023/12/03 09:25,05F0287S,05F0309S,31,90,60
2023/12/03 09:25,05F0287S,05F0309S,32,93,14
2023/12/03 09:25,05F0287S,05F0309S,41,106,1
2023/12/03 09:25,05F0287S,05F0309S,42,0,0
2023/12/03 09:25,05F0287S,05F0309S,5,0,0
2023/12/03 09:25,05F0309S,05F0439S,31,508,80
2023/12/03 09:25,05F0309S,05F0439S,32,499,13
2023/12/03 09:25,05F0309S,05F0439S,41,544,12
2023/12/03 09:25,05F0309S,05F0439S,42,574,1
2023/12/03 09:25,05F0309S,05F0439S,5,561,1
2023/12/03 09:25,05F0439S,05F0494S,31,207,32
2023/12/03 09:25,05F0439S,05F0494S,32,209,8
2023/12/03 09:25,05F0439S,05F0494S,41,228,2
2023/12/03 09:25,05F0439S,05F0494S,42,246,1
2023/12/03 09:25,05F0439S,05F0494S,5,0,0
2023/12/03 09:30,05F0000S,05F0055S,31,271,107
2023/12/03 09:30,05F0000S,05F0055S,32,272,30
2023/12/03 09:30,05F0000S,05F0055S,41,281,5
2023/12/03 09:30,05F0000S,05F0055S,42,0,0
2023/12/03 09:30,05F0000S,05F0055S,5,0,0
2023/12/03 09:30,05F0055S,05F0287S,31,1051,136
2023/12/03 09:30,05F0055S,05F0287S,32,1061,33
2023/12/03 09:30,05F0055S,05F0287S,41,1075,8
2023/12/03 09:30,05F0055S,05F0287S,42,0,0
2023/12/03 09:30,05F0055S,05F0287S,5,0,0
2023/12/03 09:30,05F0287S,05F0309S,31,88,91
2023/12/03 09:30,05F0287S,05F0309S,32,88,21
2023/12/03 09:30,05F0287S,05F0309S,41,92,10
2023/12/03 09:30,05F0287S,05F0309S,42,0,0
2023/12/03 09:30,05F0287S,05F0309S,5,0,0
2023/12/03 09:30,05F0309S,05F0439S,31,507,49
2023/12/03 09:30,05F0309S,05F0439S,32,508,11
2023/12/03 09:30,05F0309S,05F0439S,41,563,1
2023/12/03 09:30,05F0309S,05F0439S,42,554,2
2023/12/03 09:30,05F0309S,05F0439S,5,587,1
2023/12/03 09:30,05F0439S,05F0494S,31,206,40
2023/12/03 09:30,05F0439S,05F0494S,32,220,4
2023/12/03 09:30,05F0439S,05F0494S,41,239,3
2023/12/03 09:30,05F0439S,05F0494S,42,0,0
2023/12/03 09:30,05F0439S,05F0494S,5,0,0
2023/12/03 09:35,05F0000S,05F0055S,31,261,128
2023/12/03 09:35,05F0000S,05F0055S,32,264,17
2023/12/03 09:35,05F0000S,05F0055S,41,273,10
2023/12/03 09:35,05F0000S,05F0055S,42,0,0
2023/12/03 09:35,05F0000S,05F0055S,5,0,0
2023/12/03 09:35,05F0055S,05F0287S,31,1057,94
2023/12/03 09:35,05F0055S,05F0287S,32,1053,22
2023/12/03 09:35,05F0055S,05F0287S,41,1102,12
2023/12/03 09:35,05F0055S,05F0287S,42,0,0
2023/12/03 09:35,05F0055S,05F0287S,5,0,0
2023/12/03 09:35,05F0287S,05F0309S,31,86,63
2023/12/03 09:35,05F0287S,05F0309S,32,92,20
2023/12/03 09:35,05F0287S,05F0309S,41,95,7
2023/12/03 09:35,05F0287S,05F0309S,42,0,0
2023/12/03 09:35,05F0287S,05F0309S,5,0,0
2023/12/03 09:35,05F0309S,05F0439S,31,507,53
2023/12/03 09:35,05F0309S,05F0439S,32,472,8
2023/12/03 09:35,05F0309S,05F0439S,41,520,3
2023/12/03 09:35,05F0309S,05F0439S,42,0,0
2023/12/03 09:35,05F0309S,05F0439S,5,526,1
2023/12/03 09:35,05F0439S,05F0494S,31,217,25
2023/12/03 09:35,05F0439S,05F0494S,32,216,4
2023/12/03 09:35,05F0439S,05F0494S,41,0,0
2023/12/03 09:35,05F0439S,05F0494S,42,238,2
2023/12/03 09:35,05F0439S,05F0494S,5,0,0
2023/12/03 09:40,05F0000S,05F0055S,31,264,110
2023/12/03 09:40,05F0000S,05F0055S,32,266,30
2023/12/03 09:40,05F0000S,05F0055S,41,270,4
2023/12/03 09:40,05F0000S,05F0055S,42,0,0
2023/12/03 09:40,05F0000S,05F0055S,5,0,0
2023/12/03 09:40,05F0055S,05F0287S,31,1057,139
2023/12/03 09:40,05F0055S,05F0287S,32,1049,14
2023/12/03 09:40,05F0055S,05F0287S,41,1112,8
2023/12/03 09:40,05F0055S,05F0287S,42,0,0
2023/12/03 09:40,05F0055S,05F0287S,5,0,0
2023/12/03 09:40,05F0287S,05F0309S,31,90,92
2023/12/03 09:40,05F0287S,05F0309S,32,91,6
2023/12/03 09:40,05F0287S,05F0309S,41,94,9
2023/12/03 09:40,05F0287S,05F0309S,42,0,0
2023/12/03 09:40,05F0287S,05F0309S,5,0,0
2023/12/03 09:40,05F0309S,05F0439S,31,484,77
2023/12/03 09:40,05F0309S,05F0439S,32,496,9
2023/12/03 09:40,05F0309S,05F0439S,41,532,5
2023/12/03 09:40,05F0309S,05F0439S,42,0,0
2023/12/03 09:40,05F0309S,05F0439S,5,0,0
2023/12/03 09:40,05F0439S,05F0494S,31,214,41
2023/12/03 09:40,05F0439S,05F0494S,32,219,6
2023/12/03 09:40,05F0439S,05F0494S,41,0,0
2023/12/03 09:40,05F0439S,05F0494S,42,0,0
2023/12/03 09:40,05F0439S,05F0494S,5,230,1
2023/12/03 09:45,05F0000S,05F0055S,31,261,107
2023/12/03 09:45,05F0000S,05F0055S,32,264,24
2023/12/03 09:45,05F0000S,05F0055S,41,276,4
2023/12/03 09:45,05F0000S,05F0055S,42,0,0
2023/12/03 09:45,05F0000S,05F0055S,5,0,0
2023/12/03 09:45,05F0055S,05F0287S,31,1047,97
2023/12/03 09:45,05F0055S,05F0287S,32,1057,29
2023/12/03 09:45,05F0055S,05F0287S,41,1065,8
2023/12/03 09:45,05F0055S,05F0287S,42,0,0
2023/12/03 09:45,05F0055S,05F0287S,5,0,0
2023/12/03 09:45,05F0287S,05F0309S,31,90,69
2023/12/03 09:45,05F0287S,05F0309S,32,91,21
2023/12/03 09:45,05F0287S,05F0309S,41,96,8
2023/12/03 09:45,05F0287S,05F0309S,42,0,0
2023/12/03 09:45,05F0287S,05F0309S,5,0,0
2023/12/03 09:45,05F0309S,05F0439S,31,488,36
2023/12/03 09:45,05F0309S,05F0439S,32,514,9
2023/12/03 09:45,05F0309S,05F0439S,41,522,6
2023/12/03 09:45,05F0309S,05F0439S,42,0,0
2023/12/03 09:45,05F0309S,05F0439S,5,0,0
2023/12/03 09:45,05F0439S,05F0494S,31,211,30
2023/12/03 09:45,05F0439S,05F0494S,32,224,11
2023/12/03 09:45,05F0439S,05F0494S,41,228,1
2023/12/03 09:45,05F0439S,05F0494S,42,242,1
2023/12/03 09:45,05F0439S,05F0494S,5,0,0
2023/12/03 09:50,05F0000S,05F0055S,31,257,112
2023/12/03 09:50,05F0000S,05F0055S,32,261,30
2023/12/03 09:50,05F0000S,05F0055S,41,275,5
2023/12/03 09:50,05F0000S,05F0055S,42,0,0
2023/12/03 09:50,05F0000S,05F0055S,5,0,0
2023/12/03 09:50,05F0055S,05F0287S,31,1039,117
2023/12/03 09:50,05F0055S,05F0287S,32,1063,19
2023/12/03 09:50,05F0055S,05F0287S,41,1124,5
2023/12/03 09:50,05F0055S,05F0287S,42,0,0
2023/12/03 09:50,05F0055S,05F0287S,5,0,0
2023/12/03 09:50,05F0287S,05F0309S,31,87,79
2023/12/03 09:50,05F0287S,05F0309S,32,90,19
2023/12/03 09:50,05F0287S,05F0309S,41,96,3
2023/12/03 09:50,05F0287S,05F0309S,42,0,0
2023/12/03 09:50,05F0287S,05F0309S,5,0,0
2023/12/03 09:50,05F0309S,05F0439S,31,494,73
2023/12/03 09:50,05F0309S,05F0439S,32,505,13
2023/12/03 09:50,05F0309S,05F0439S,41,541,10
2023/12/03 09:50,05F0309S,05F0439S,42,522,1
2023/12/03 09:50,05F0309S,05F0439S,5,501,3
2023/12/03 09:50,05F0439S,05F0494S,31,210,35
2023/12/03 09:50,05F0439S,05F0494S,32,224,7
2023/12/03 09:50,05F0439S,05F0494S,41,232,4
2023/12/03 09:50,05F0439S,05F0494S,42,0,0
2023/12/03 09:50,05F0439S,05F0494S,5,231,1
2023/12/03 09:55,05F0000S,05F0055S,31,258,111
2023/12/03 09:55,05F0000S,05F0055S,32,258,22
2023/12/03 09:55,05F0000S,05F0055S,41,274,7
2023/12/03 09:55,05F0000S,05F0055S,42,0,0
2023/12/03 09:55,05F0000S,05F0055S,5,0,0
2023/12/03 09:55,05F0055S,05F0287S,31,1061,110
2023/12/03 09:55,05F0055S,05F0287S,32,1058,23
2023/12/03 09:55,05F0055S,05F0287S,41,1102,11
2023/12/03 09:55,05F0055S,05F0287S,42,0,0
2023/12/03 09:55,05F0055S,05F0287S,5,0,0
2023/12/03 09:55,05F0287S,05F0309S,31,90,80
2023/12/03 09:55,05F0287S,05F0309S,32,94,15
2023/12/03 09:55,05F0287S,05F0309S,41,95,10
2023/12/03 09:55,05F0287S,05F0309S,42,0,0
2023/12/03 09:55,05F0287S,05F0309S,5,0,0
2023/12/03 09:55,05F0309S,05F0439S,31,491,65
2023/12/03 09:55,05F0309S,05F0439S,32,501,21
2023/12/03 09:55,05F0309S,05F0439S,41,540,6
2023/12/03 09:55,05F0309S,05F0439S,42,547,1
2023/12/03 09:55,05F0309S,05F0439S,5,495,2
2023/12/03 09:55,05F0439S,05F0494S,31,224,31
2023/12/03 09:55,05F0439S,05F0494S,32,225,13
2023/12/03 09:55,05F0439S,05F0494S,41,227,5
2023/12/03 09:55,05F0439S,05F0494S,42,232,1
2023/12/03 09:55,05F0439S,05F0494S,5,206,3
2023/12/03 10:00,05F0000S,05F0055S,31,267,100
2023/12/03 10:00,05F0000S,05F0055S,32,280,27
2023/12/03 10:00,05F0000S,05F0055S,41,268,6
2023/12/03 10:00,05F0000S,05F0055S,42,0,0
2023/12/03 10:00,05F0000S,05F0055S,5,0,0
2023/12/03 10:00,05F0055S,05F0287S,31,1059,129
2023/12/03 10:00,05F0055S,05F0287S,32,1068,26
2023/12/03 10:00,05F0055S,05F0287S,41,1096,2
2023/12/03 10:00,05F0055S,05F0287S,42,0,0
2023/12/03 10:00,05F0055S,05F0287S,5,0,0
2023/12/03 10:00,05F0287S,05F0309S,31,93,72
2023/12/03 10:00,05F0287S,05F0309S,32,94,16
2023/12/03 10:00,05F0287S,05F0309S,41,96,4
2023/12/03 10:00,05F0287S,05F0309S,42,0,0
2023/12/03 10:00,05F0287S,05F0309S,5,0,0
2023/12/03 10:00,05F0309S,05F0439S,31,491,52
2023/12/03 10:00,05F0309S,05F0439S,32,494,14
2023/12/03 10:00,05F0309S,05F0439S,41,567,2
2023/12/03 10:00,05F0309S,05F0439S,42,0,0
2023/12/03 10:00,05F0309S,05F0439S,5,0,0
2023/12/03 10:00,05F0439S,05F0494S,31,210,41
2023/12/03 10:00,05F0439S,05F0494S,32,216,9
2023/12/03 10:00,05F0439S,05F0494S,41,230,3
2023/12/03 10:00,05F0439S,05F0494S,42,1725,1
2023/12/03 10:00,05F0439S,05F0494S,5,0,0
2023/12/03 10:05,05F0000S,05F0055S,31,281,140
2023/12/03 10:05,05F0000S,05F0055S,32,282,31
2023/12/03 10:05,05F0000S,05F0055S,41,282,2
2023/12/03 10:05,05F0000S,05F0055S,42,0,0
2023/12/03 10:05,05F0000S,05F0055S,5,0,0
2023/12/03 10:05,05F0055S,05F0287S,31,1032,91
2023/12/03 10:05,05F0055S,05F0287S,32,1029,20
2023/12/03 10:05,05F0055S,05F0287S,41,1066,6
2023/12/03 10:05,05F0055S,05F0287S,42,0,0
2023/12/03 10:05,05F0055S,05F0287S,5,0,0
2023/12/03 10:05,05F0287S,05F0309S,31,90,72
2023/12/03 10:05,05F0287S,05F0309S,32,92,15
2023/12/03 10:05,05F0287S,05F0309S,41,94,4
2023/12/03 10:05,05F0287S,05F0309S,42,0,0
2023/12/03 10:05,05F0287S,05F0309S,5,0,0
2023/12/03 10:05,05F0309S,05F0439S,31,497,50
2023/12/03 10:05,05F0309S,05F0439S,32,504,7
2023/12/03 10:05,05F0309S,05F0439S,41,531,7
2023/12/03 10:05,05F0309S,05F0439S,42,464,1
2023/12/03 10:05,05F0309S,05F0439S,5,0,0
2023/12/03 10:05,05F0439S,05F0494S,31,223,33
2023/12/03 10:05,05F0439S,05F0494S,32,224,7
2023/12/03 10:05,05F0439S,05F0494S,41,241,2
2023/12/03 10:05,05F0439S,05F0494S,42,0,0
2023/12/03 10:05,05F0439S,05F0494S,5,0,0
2023/12/03 10:10,05F0000S,05F0055S,31,281,132
2023/12/03 10:10,05F0000S,05F0055S,32,280,26
2023/12/03 10:10,05F0000S,05F0055S,41,273,10
2023/12/03 10:10,05F0000S,05F0055S,42,0,0
2023/12/03 10:10,05F0000S,05F0055S,5,0,0
2023/12/03 10:10,05F0055S,05F0287S,31,1058,115
2023/12/03 10:10,05F0055S,05F0287S,32,1061,28
2023/12/03 10:10,05F0055S,05F0287S,41,1083,6
2023/12/03 10:10,05F0055S,05F0287S,42,0,0
2023/12/03 10:10,05F0055S,05F0287S,5,0,0
2023/12/03 10:10,05F0287S,05F0309S,31,91,79
2023/12/03 10:10,05F0287S,05F0309S,32,91,22
2023/12/03 10:10,05F0287S,05F0309S,41,96,6
2023/12/03 10:10,05F0287S,05F0309S,42,0,0
2023/12/03 10:10,05F0287S,05F0309S,5,0,0
2023/12/03 10:10,05F0309S,05F0439S,31,497,63
2023/12/03 10:10,05F0309S,05F0439S,32,506,12
2023/12/03 10:10,05F0309S,05F0439S,41,524,3
2023/12/03 10:10,05F0309S,05F0439S,42,596,2
2023/12/03 10:10,05F0309S,05F0439S,5,0,0
2023/12/03 10:10,05F0439S,05F0494S,31,222,23
2023/12/03 10:10,05F0439S,05F0494S,32,226,8
2023/12/03 10:10,05F0439S,05F0494S,41,244,4
2023/12/03 10:10,05F0439S,05F0494S,42,0,0
2023/12/03 10:10,05F0439S,05F0494S,5,0,0
2023/12/03 10:15,05F0000S,05F0055S,31,274,139
2023/12/03 10:15,05F0000S,05F0055S,32,274,29
2023/12/03 10:15,05F0000S,05F0055S,41,286,6
2023/12/03 10:15,05F0000S,05F0055S,42,0,0
2023/12/03 10:15,05F0000S,05F0055S,5,0,0
2023/12/03 10:15,05F0055S,05F0287S,31,1022,112
2023/12/03 10:15,05F0055S,05F0287S,32,1025,24
2023/12/03 10:15,05F0055S,05F0287S,41,1095,10
2023/12/03 10:15,05F0055S,05F0287S,42,0,0
2023/12/03 10:15,05F0055S,05F0287S,5,0,0
2023/12/03 10:15,05F0287S,05F0309S,31,90,84
2023/12/03 10:15,05F0287S,05F0309S,32,91,14
2023/12/03 10:15,05F0287S,05F0309S,41,94,9
2023/12/03 10:15,05F0287S,05F0309S,42,0,0
2023/12/03 10:15,05F0287S,05F0309S,5,0,0
2023/12/03 10:15,05F0309S,05F0439S,31,490,46
2023/12/03 10:15,05F0309S,05F0439S,32,494,14
2023/12/03 10:15,05F0309S,05F0439S,41,526,4
2023/12/03 10:15,05F0309S,05F0439S,42,540,1
2023/12/03 10:15,05F0309S,05F0439S,5,0,0
2023/12/03 10:15,05F0439S,05F0494S,31,209,33
2023/12/03 10:15,05F0439S,05F0494S,32,218,10
2023/12/03 10:15,05F0439S,05F0494S,41,224,1
2023/12/03 10:15,05F0439S,05F0494S,42,0,0
2023/12/03 10:15,05F0439S,05F0494S,5,291,1
2023/12/03 10:20,05F0000S,05F0055S,31,264,109
2023/12/03 10:20,05F0000S,05F0055S,32,259,34
2023/12/03 10:20,05F0000S,05F0055S,41,268,6
2023/12/03 10:20,05F0000S,05F0055S,42,0,0
2023/12/03 10:20,05F0000S,05F0055S,5,0,0
2023/12/03 10:20,05F0055S,05F0287S,31,1093,94
2023/12/03 10:20,05F0055S,05F0287S,32,1068,27
2023/12/03 10:20,05F0055S,05F0287S,41,1091,4
2023/12/03 10:20,05F0055S,05F0287S,42,0,0
2023/12/03 10:20,05F0055S,05F0287S,5,0,0
2023/12/03 10:20,05F0287S,05F0309S,31,89,44
2023/12/03 10:20,05F0287S,05F0309S,32,91,15
2023/12/03 10:20,05F0287S,05F0309S,41,93,3
2023/12/03 10:20,05F0287S,05F0309S,42,0,0
2023/12/03 10:20,05F0287S,05F0309S,5,0,0
2023/12/03 10:20,05F0309S,05F0439S,31,501,62
2023/12/03 10:20,05F0309S,05F0439S,32,495,19
2023/12/03 10:20,05F0309S,05F0439S,41,532,4
2023/12/03 10:20,05F0309S,05F0439S,42,571,1
2023/12/03 10:20,05F0309S,05F0439S,5,516,1
2023/12/03 10:20,05F0439S,05F0494S,31,213,34
2023/12/03 10:20,05F0439S,05F0494S,32,215,14
2023/12/03 10:20,05F0439S,05F0494S,41,226,1
2023/12/03 10:20,05F0439S,05F0494S,42,235,1
2023/12/03 10:20,05F0439S,05F0494S,5,0,0
2023/12/03 10:25,05F0000S,05F0055S,31,257,117
2023/12/03 10:25,05F0000S,05F0055S,32,258,32
2023/12/03 10:25,05F0000S,05F0055S,41,295,7
2023/12/03 10:25,05F0000S,05F0055S,42,0,0
2023/12/03 10:25,05F0000S,05F0055S,5,0,0
2023/12/03 10:25,05F0055S,05F0287S,31,1076,139
2023/12/03 10:25,05F0055S,05F0287S,32,1087,28
2023/12/03 10:25,05F0055S,05F0287S,41,1088,8
2023/12/03 10:25,05F0055S,05F0287S,42,0,0
2023/12/03 10:25,05F0055S,05F0287S,5,0,0
2023/12/03 10:25,05F0287S,05F0309S,31,92,97
2023/12/03 10:25,05F0287S,05F0309S,32,90,21
2023/12/03 10:25,05F0287S,05F0309S,41,96,4
2023/12/03 10:25,05F0287S,05F0309S,42,0,0
2023/12/03 10:25,05F0287S,05F0309S,5,0,0
2023/12/03 10:25,05F0309S,05F0439S,31,505,58
2023/12/03 10:25,05F0309S,05F0439S,32,518,10
2023/12/03 10:25,05F0309S,05F0439S,41,536,6
2023/12/03 10:25,05F0309S,05F0439S,42,0,0
2023/12/03 10:25,05F0309S,05F0439S,5,0,0
2023/12/03 10:25,05F0439S,05F0494S,31,213,49
2023/12/03 10:25,05F0439S,05F0494S,32,232,8
2023/12/03 10:25,05F0439S,05F0494S,41,236,1
2023/12/03 10:25,05F0439S,05F0494S,42,0,0
2023/12/03 10:25,05F0439S,05F0494S,5,0,0
2023/12/03 10:30,05F0000S,05F0055S,31,279,142
2023/12/03 10:30,05F0000S,05F0055S,32,281,27
2023/12/03 10:30,05F0000S,05F0055S,41,280,7
2023/12/03 10:30,05F0000S,05F0055S,42,0,0
2023/12/03 10:30,05F0000S,05F0055S,5,0,0
2023/12/03 10:30,05F0055S,05F0287S,31,1064,128
2023/12/03 10:30,05F0055S,05F0287S,32,1071,28
2023/12/03 10:30,05F0055S,05F0287S,41,1122,5
2023/12/03 10:30,05F0055S,05F0287S,42,0,0
2023/12/03 10:30,05F0055S,05F0287S,5,0,0
2023/12/03 10:30,05F0287S,05F0309S,31,92,84
2023/12/03 10:30,05F0287S,05F0309S,32,91,16
2023/12/03 10:30,05F0287S,05F0309S,41,95,6
2023/12/03 10:30,05F0287S,05F0309S,42,0,0
2023/12/03 10:30,05F0287S,05F0309S,5,0,0
2023/12/03 10:30,05F0309S,05F0439S,31,489,39
2023/12/03 10:30,05F0309S,05F0439S,32,493,15
2023/12/03 10:30,05F0309S,05F0439S,41,533,6
2023/12/03 10:30,05F0309S,05F0439S,42,0,0
2023/12/03 10:30,05F0309S,05F0439S,5,533,1
2023/12/03 10:30,05F0439S,05F0494S,31,216,28
2023/12/03 10:30,05F0439S,05F0494S,32,218,7
2023/12/03 10:30,05F0439S,05F0494S,41,230,4
2023/12/03 10:30,05F0439S,05F0494S,42,0,0
2023/12/03 10:30,05F0439S,05F0494S,5,0,0
2023/12/03 10:35,05F0000S,05F0055S,31,277,144
2023/12/03 10:35,05F0000S,05F0055S,32,274,28
2023/12/03 10:35,05F0000S,05F0055S,41,285,3
2023/12/03 10:35,05F0000S,05F0055S,42,0,0
2023/12/03 10:35,05F0000S,05F0055S,5,0,0
2023/12/03 10:35,05F0055S,05F0287S,31,1051,141
2023/12/03 10:35,05F0055S,05F0287S,32,1045,36
2023/12/03 10:35,05F0055S,05F0287S,41,1073,6
2023/12/03 10:35,05F0055S,05F0287S,42,0,0
2023/12/03 10:35,05F0055S,05F0287S,5,0,0
2023/12/03 10:35,05F0287S,05F0309S,31,91,108
2023/12/03 10:35,05F0287S,05F0309S,32,92,26
2023/12/03 10:35,05F0287S,05F0309S,41,94,4
2023/12/03 10:35,05F0287S,05F0309S,42,0,0
2023/12/03 10:35,05F0287S,05F0309S,5,0,0
2023/12/03 10:35,05F0309S,05F0439S,31,504,56
2023/12/03 10:35,05F0309S,05F0439S,32,512,16
2023/12/03 10:35,05F0309S,05F0439S,41,533,4
2023/12/03 10:35,05F0309S,05F0439S,42,580,1
2023/12/03 10:35,05F0309S,05F0439S,5,0,0
2023/12/03 10:35,05F0439S,05F0494S,31,215,32
2023/12/03 10:35,05F0439S,05F0494S,32,218,12
2023/12/03 10:35,05F0439S,05F0494S,41,220,2
2023/12/03 10:35,05F0439S,05F0494S,42,0,0
2023/12/03 10:35,05F0439S,05F0494S,5,226,1
2023/12/03 10:40,05F0000S,05F0055S,31,273,128
2023/12/03 10:40,05F0000S,05F0055S,32,271,26
2023/12/03 10:40,05F0000S,05F0055S,41,282,9
2023/12/03 10:40,05F0000S,05F0055S,42,0,0
2023/12/03 10:40,05F0000S,05F0055S,5,0,0
2023/12/03 10:40,05F0055S,05F0287S,31,1018,123
2023/12/03 10:40,05F0055S,05F0287S,32,1018,38
2023/12/03 10:40,05F0055S,05F0287S,41,1054,5
2023/12/03 10:40,05F0055S,05F0287S,42,0,0
2023/12/03 10:40,05F0055S,05F0287S,5,0,0
2023/12/03 10:40,05F0287S,05F0309S,31,92,90
2023/12/03 10:40,05F0287S,05F0309S,32,91,21
2023/12/03 10:40,05F0287S,05F0309S,41,97,7
2023/12/03 10:40,05F0287S,05F0309S,42,0,0
2023/12/03 10:40,05F0287S,05F0309S,5,0,0
2023/12/03 10:40,05F0309S,05F0439S,31,500,68
2023/12/03 10:40,05F0309S,05F0439S,32,487,14
2023/12/03 10:40,05F0309S,05F0439S,41,532,5
2023/12/03 10:40,05F0309S,05F0439S,42,0,0
2023/12/03 10:40,05F0309S,05F0439S,5,499,2
2023/12/03 10:40,05F0439S,05F0494S,31,218,46
2023/12/03 10:40,05F0439S,05F0494S,32,227,10
2023/12/03 10:40,05F0439S,05F0494S,41,231,3
2023/12/03 10:40,05F0439S,05F0494S,42,246,1
2023/12/03 10:40,05F0439S,05F0494S,5,208,1
2023/12/03 10:45,05F0000S,05F0055S,31,271,136
2023/12/03 10:45,05F0000S,05F0055S,32,270,19
2023/12/03 10:45,05F0000S,05F0055S,41,275,5
2023/12/03 10:45,05F0000S,05F0055S,42,0,0
2023/12/03 10:45,05F0000S,05F0055S,5,0,0
2023/12/03 10:45,05F0055S,05F0287S,31,1036,105
2023/12/03 10:45,05F0055S,05F0287S,32,1034,18
2023/12/03 10:45,05F0055S,05F0287S,41,1103,6
2023/12/03 10:45,05F0055S,05F0287S,42,0,0
2023/12/03 10:45,05F0055S,05F0287S,5,0,0
2023/12/03 10:45,05F0287S,05F0309S,31,88,63
2023/12/03 10:45,05F0287S,05F0309S,32,90,17
2023/12/03 10:45,05F0287S,05F0309S,41,95,6
2023/12/03 10:45,05F0287S,05F0309S,42,0,0
2023/12/03 10:45,05F0287S,05F0309S,5,0,0
2023/12/03 10:45,05F0309S,05F0439S,31,499,70
2023/12/03 10:45,05F0309S,05F0439S,32,503,14
2023/12/03 10:45,05F0309S,05F0439S,41,508,3
2023/12/03 10:45,05F0309S,05F0439S,42,0,0
2023/12/03 10:45,05F0309S,05F0439S,5,677,1
2023/12/03 10:45,05F0439S,05F0494S,31,214,32
2023/12/03 10:45,05F0439S,05F0494S,32,210,15
2023/12/03 10:45,05F0439S,05F0494S,41,245,2
2023/12/03 10:45,05F0439S,05F0494S,42,0,0
2023/12/03 10:45,05F0439S,05F0494S,5,0,0
2023/12/03 10:50,05F0000S,05F0055S,31,282,132
2023/12/03 10:50,05F0000S,05F0055S,32,283,31
2023/12/03 10:50,05F0000S,05F0055S,41,283,5
2023/12/03 10:50,05F0000S,05F0055S,42,0,0
2023/12/03 10:50,05F0000S,05F0055S,5,0,0
2023/12/03 10:50,05F0055S,05F0287S,31,1086,146
2023/12/03 10:50,05F0055S,05F0287S,32,1095,28
2023/12/03 10:50,05F0055S,05F0287S,41,1115,6
2023/12/03 10:50,05F0055S,05F0287S,42,0,0
2023/12/03 10:50,05F0055S,05F0287S,5,0,0
2023/12/03 10:50,05F0287S,05F0309S,31,91,73
2023/12/03 10:50,05F0287S,05F0309S,32,94,18
2023/12/03 10:50,05F0287S,05F0309S,41,97,2
2023/12/03 10:50,05F0287S,05F0309S,42,0,0
2023/12/03 10:50,05F0287S,05F0309S,5,0,0
2023/12/03 10:50,05F0309S,05F0439S,31,497,70
2023/12/03 10:50,05F0309S,05F0439S,32,514,19
2023/12/03 10:50,05F0309S,05F0439S,41,499,1
2023/12/03 10:50,05F0309S,05F0439S,42,573,1
2023/12/03 10:50,05F0309S,05F0439S,5,482,2
2023/12/03 10:50,05F0439S,05F0494S,31,211,41
2023/12/03 10:50,05F0439S,05F0494S,32,211,8
2023/12/03 10:50,05F0439S,05F0494S,41,215,1
2023/12/03 10:50,05F0439S,05F0494S,42,0,0
2023/12/03 10:50,05F0439S,05F0494S,5,244,2
2023/12/03 10:55,05F0000S,05F0055S,31,276,137
2023/12/03 10:55,05F0000S,05F0055S,32,270,32
2023/12/03 10:55,05F0000S,05F0055S,41,263,3
2023/12/03 10:55,05F0000S,05F0055S,42,0,0
2023/12/03 10:55,05F0000S,05F0055S,5,0,0
2023/12/03 10:55,05F0055S,05F0287S,31,1059,155
2023/12/03 10:55,05F0055S,05F0287S,32,1059,38
2023/12/03 10:55,05F0055S,05F0287S,41,1067,5
2023/12/03 10:55,05F0055S,05F0287S,42,0,0
2023/12/03 10:55,05F0055S,05F0287S,5,0,0
2023/12/03 10:55,05F0287S,05F0309S,31,92,115
2023/12/03 10:55,05F0287S,05F0309S,32,95,21
2023/12/03 10:55,05F0287S,05F0309S,41,95,1
2023/12/03 10:55,05F0287S,05F0309S,42,0,0
2023/12/03 10:55,05F0287S,05F0309S,5,0,0
2023/12/03 10:55,05F0309S,05F0439S,31,501,43
2023/12/03 10:55,05F0309S,05F0439S,32,522,10
2023/12/03 10:55,05F0309S,05F0439S,41,549,4
2023/12/03 10:55,05F0309S,05F0439S,42,0,0
2023/12/03 10:55,05F0309S,05F0439S,5,0,0
2023/12/03 10:55,05F0439S,05F0494S,31,206,35
2023/12/03 10:55,05F0439S,05F0494S,32,211,7
2023/12/03 10:55,05F0439S,05F0494S,41,0,0
2023/12/03 10:55,05F0439S,05F0494S,42,0,0
2023/12/03 10:55,05F0439S,05F0494S,5,197,1
2023/12/03 11:00,05F0000S,05F0055S,31,270,131
2023/12/03 11:00,05F0000S,05F0055S,32,272,28
2023/12/03 11:00,05F0000S,05F0055S,41,268,5
2023/12/03 11:00,05F0000S,05F0055S,42,0,0
2023/12/03 11:00,05F0000S,05F0055S,5,0,0
2023/12/03 11:00,05F0055S,05F0287S,31,1039,123
2023/12/03 11:00,05F0055S,05F0287S,32,1041,17
2023/12/03 11:00,05F0055S,05F0287S,41,1111,9
2023/12/03 11:00,05F0055S,05F0287S,42,0,0
2023/12/03 11:00,05F0055S,05F0287S,5,0,0
2023/12/03 11:00,05F0287S,05F0309S,31,89,75
2023/12/03 11:00,05F0287S,05F0309S,32,94,14
2023/12/03 11:00,05F0287S,05F0309S,41,96,7
2023/12/03 11:00,05F0287S,05F0309S,42,0,0
2023/12/03 11:00,05F0287S,05F0309S,5,0,0
2023/12/03 11:00,05F0309S,05F0439S,31,490,69
2023/12/03 11:00,05F0309S,05F0439S,32,501,17
2023/12/03 11:00,05F0309S,05F0439S,41,538,2
2023/12/03 11:00,05F0309S,05F0439S,42,554,1
2023/12/03 11:00,05F0309S,05F0439S,5,538,1
2023/12/03 11:00,05F0439S,05F0494S,31,219,30
2023/12/03 11:00,05F0439S,05F0494S,32,227,9
2023/12/03 11:00,05F0439S,05F0494S,41,232,4
2023/12/03 11:00,05F0439S,05F0494S,42,0,0
2023/12/03 11:00,05F0439S,05F0494S,5,0,0
2023/12/03 11:05,05F0000S,05F0055S,31,265,108
2023/12/03 11:05,05F0000S,05F0055S,32,261,27
2023/12/03 11:05,05F0000S,05F0055S,41,257,4
2023/12/03 11:05,05F0000S,05F0055S,42,234,1
2023/12/03 11:05,05F0000S,05F0055S,5,0,0
2023/12/03 11:05,05F0055S,05F0287S,31,1049,146
2023/12/03 11:05,05F0055S,05F0287S,32,1052,25
2023/12/03 11:05,05F0055S,05F0287S,41,1080,6
2023/12/03 11:05,05F0055S,05F0287S,42,0,0
2023/12/03 11:05,05F0055S,05F0287S,5,0,0
2023/12/03 11:05,05F0287S,05F0309S,31,91,93
2023/12/03 11:05,05F0287S,05F0309S,32,91,12
2023/12/03 11:05,05F0287S,05F0309S,41,95,4
2023/12/03 11:05,05F0287S,05F0309S,42,0,0
2023/12/03 11:05,05F0287S,05F0309S,5,0,0
2023/12/03 11:05,05F0309S,05F0439S,31,515,74
2023/12/03 11:05,05F0309S,05F0439S,32,508,13
2023/12/03 11:05,05F0309S,05F0439S,41,0,0
2023/12/03 11:05,05F0309S,05F0439S,42,0,0
2023/12/03 11:05,05F0309S,05F0439S,5,544,1
2023/12/03 11:05,05F0439S,05F0494S,31,210,25
2023/12/03 11:05,05F0439S,05F0494S,32,205,6
2023/12/03 11:05,05F0439S,05F0494S,41,256,1
2023/12/03 11:05,05F0439S,05F0494S,42,0,0
2023/12/03 11:05,05F0439S,05F0494S,5,223,1
2023/12/03 11:10,05F0000S,05F0055S,31,254,124
2023/12/03 11:10,05F0000S,05F0055S,32,257,14
2023/12/03 11:10,05F0000S,05F0055S,41,259,5
2023/12/03 11:10,05F0000S,05F0055S,42,0,0
2023/12/03 11:10,05F0000S,05F0055S,5,0,0
2023/12/03 11:10,05F0055S,05F0287S,31,1066,111
2023/12/03 11:10,05F0055S,05F0287S,32,1062,30
2023/12/03 11:10,05F0055S,05F0287S,41,1068,2
2023/12/03 11:10,05F0055S,05F0287S,42,0,0
2023/12/03 11:10,05F0055S,05F0287S,5,0,0
2023/12/03 11:10,05F0287S,05F0309S,31,90,67
2023/12/03 11:10,05F0287S,05F0309S,32,92,21
2023/12/03 11:10,05F0287S,05F0309S,41,92,4
2023/12/03 11:10,05F0287S,05F0309S,42,0,0
2023/12/03 11:10,05F0287S,05F0309S,5,0,0
2023/12/03 11:10,05F0309S,05F0439S,31,491,45
2023/12/03 11:10,05F0309S,05F0439S,32,478,11
2023/12/03 11:10,05F0309S,05F0439S,41,541,4
2023/12/03 11:10,05F0309S,05F0439S,42,0,0
2023/12/03 11:10,05F0309S,05F0439S,5,543,1
2023/12/03 11:10,05F0439S,05F0494S,31,221,51
2023/12/03 11:10,05F0439S,05F0494S,32,218,6
2023/12/03 11:10,05F0439S,05F0494S,41,0,0
2023/12/03 11:10,05F0439S,05F0494S,42,237,2
2023/12/03 11:10,05F0439S,05F0494S,5,0,0
2023/12/03 11:15,05F0000S,05F0055S,31,265,115
2023/12/03 11:15,05F0000S,05F0055S,32,266,21
2023/12/03 11:15,05F0000S,05F0055S,41,268,3
2023/12/03 11:15,05F0000S,05F0055S,42,0,0
2023/12/03 11:15,05F0000S,05F0055S,5,0,0
2023/12/03 11:15,05F0055S,05F0287S,31,1059,137
2023/12/03 11:15,05F0055S,05F0287S,32,1062,33
2023/12/03 11:15,05F0055S,05F0287S,41,1100,5
2023/12/03 11:15,05F0055S,05F0287S,42,0,0
2023/12/03 11:15,05F0055S,05F0287S,5,0,0
2023/12/03 11:15,05F0287S,05F0309S,31,88,85
2023/12/03 11:15,05F0287S,05F0309S,32,88,17
2023/12/03 11:15,05F0287S,05F0309S,41,97,2
2023/12/03 11:15,05F0287S,05F0309S,42,0,0
2023/12/03 11:15,05F0287S,05F0309S,5,0,0
2023/12/03 11:15,05F0309S,05F0439S,31,496,57
2023/12/03 11:15,05F0309S,05F0439S,32,496,10
2023/12/03 11:15,05F0309S,05F0439S,41,534,3
2023/12/03 11:15,05F0309S,05F0439S,42,0,0
2023/12/03 11:15,05F0309S,05F0439S,5,0,0
2023/12/03 11:15,05F0439S,05F0494S,31,205,25
2023/12/03 11:15,05F0439S,05F0494S,32,216,5
2023/12/03 11:15,05F0439S,05F0494S,41,0,0
2023/12/03 11:15,05F0439S,05F0494S,42,0,0
2023/12/03 11:15,05F0439S,05F0494S,5,0,0
2023/12/03 11:20,05F0000S,05F0055S,31,258,115
2023/12/03 11:20,05F0000S,05F0055S,32,260,16
2023/12/03 11:20,05F0000S,05F0055S,41,281,6
2023/12/03 11:20,05F0000S,05F0055S,42,0,0
2023/12/03 11:20,05F0000S,05F0055S,5,0,0
2023/12/03 11:20,05F0055S,05F0287S,31,1067,137
2023/12/03 11:20,05F0055S,05F0287S,32,1067,31
2023/12/03 11:20,05F0055S,05F0287S,41,1066,4
2023/12/03 11:20,05F0055S,05F0287S,42,0,0
2023/12/03 11:20,05F0055S,05F0287S,5,0,0
2023/12/03 11:20,05F0287S,05F0309S,31,91,88
2023/12/03 11:20,05F0287S,05F0309S,32,93,18
2023/12/03 11:20,05F0287S,05F0309S,41,96,5
2023/12/03 11:20,05F0287S,05F0309S,42,0,0
2023/12/03 11:20,05F0287S,05F0309S,5,0,0
2023/12/03 11:20,05F0309S,05F0439S,31,500,68
2023/12/03 11:20,05F0309S,05F0439S,32,507,17
2023/12/03 11:20,05F0309S,05F0439S,41,564,1
2023/12/03 11:20,05F0309S,05F0439S,42,0,0
2023/12/03 11:20,05F0309S,05F0439S,5,0,0
2023/12/03 11:20,05F0439S,05F0494S,31,211,29
2023/12/03 11:20,05F0439S,05F0494S,32,219,9
2023/12/03 11:20,05F0439S,05F0494S,41,224,1
2023/12/03 11:20,05F0439S,05F0494S,42,0,0
2023/12/03 11:20,05F0439S,05F0494S,5,0,0
2023/12/03 11:25,05F0000S,05F0055S,31,273,103
2023/12/03 11:25,05F0000S,05F0055S,32,276,31
2023/12/03 11:25,05F0000S,05F0055S,41,274,6
2023/12/03 11:25,05F0000S,05F0055S,42,0,0
2023/12/03 11:25,05F0000S,05F0055S,5,0,0
2023/12/03 11:25,05F0055S,05F0287S,31,1025,111
2023/12/03 11:25,05F0055S,05F0287S,32,1017,25
2023/12/03 11:25,05F0055S,05F0287S,41,1054,6
2023/12/03 11:25,05F0055S,05F0287S,42,0,0
2023/12/03 11:25,05F0055S,05F0287S,5,0,0
2023/12/03 11:25,05F0287S,05F0309S,31,91,79
2023/12/03 11:25,05F0287S,05F0309S,32,89,17
2023/12/03 11:25,05F0287S,05F0309S,41,93,4
2023/12/03 11:25,05F0287S,05F0309S,42,0,0
2023/12/03 11:25,05F0287S,05F0309S,5,0,0
2023/12/03 11:25,05F0309S,05F0439S,31,488,57
2023/12/03 11:25,05F0309S,05F0439S,32,503,12
2023/12/03 11:25,05F0309S,05F0439S,41,534,3
2023/12/03 11:25,05F0309S,05F0439S,42,0,0
2023/12/03 11:25,05F0309S,05F0439S,5,0,0
2023/12/03 11:25,05F0439S,05F0494S,31,207,38
2023/12/03 11:25,05F0439S,05F0494S,32,209,10
2023/12/03 11:25,05F0439S,05F0494S,41,0,0
2023/12/03 11:25,05F0439S,05F0494S,42,0,0
2023/12/03 11:25,05F0439S,05F0494S,5,0,0
2023/12/03 11:30,05F0000S,05F0055S,31,266,124
2023/12/03 11:30,05F0000S,05F0055S,32,270,24
2023/12/03 11:30,05F0000S,05F0055S,41,266,4
2023/12/03 11:30,05F0000S,05F0055S,42,0,0
2023/12/03 11:30,05F0000S,05F0055S,5,0,0
2023/12/03 11:30,05F0055S,05F0287S,31,1002,117
2023/12/03 11:30,05F0055S,05F0287S,32,1003,21
2023/12/03 11:30,05F0055S,05F0287S,41,1031,3
2023/12/03 11:30,05F0055S,05F0287S,42,0,0
2023/12/03 11:30,05F0055S,05F0287S,5,0,0
2023/12/03 11:30,05F0287S,05F0309S,31,91,78
2023/12/03 11:30,05F0287S,05F0309S,32,90,14
2023/12/03 11:30,05F0287S,05F0309S,41,92,3
2023/12/03 11:30,05F0287S,05F0309S,42,0,0
2023/12/03 11:30,05F0287S,05F0309S,5,0,0
2023/12/03 11:30,05F0309S,05F0439S,31,490,68
2023/12/03 11:30,05F0309S,05F0439S,32,510,7
2023/12/03 11:30,05F0309S,05F0439S,41,559,1
2023/12/03 11:30,05F0309S,05F0439S,42,0,0
2023/12/03 11:30,05F0309S,05F0439S,5,599,1
2023/12/03 11:30,05F0439S,05F0494S,31,205,40
2023/12/03 11:30,05F0439S,05F0494S,32,223,8
2023/12/03 11:30,05F0439S,05F0494S,41,229,2
2023/12/03 11:30,05F0439S,05F0494S,42,0,0
2023/12/03 11:30,05F0439S,05F0494S,5,0,0
2023/12/03 11:35,05F0000S,05F0055S,31,268,131
2023/12/03 11:35,05F0000S,05F0055S,32,264,16
2023/12/03 11:35,05F0000S,05F0055S,41,267,2
2023/12/03 11:35,05F0000S,05F0055S,42,0,0
2023/12/03 11:35,05F0000S,05F0055S,5,0,0
2023/12/03 11:35,05F0055S,05F0287S,31,1019,92
2023/12/03 11:35,05F0055S,05F0287S,32,1025,13
2023/12/03 11:35,05F0055S,05F0287S,41,1058,4
2023/12/03 11:35,05F0055S,05F0287S,42,0,0
2023/12/03 11:35,05F0055S,05F0287S,5,0,0
2023/12/03 11:35,05F0287S,05F0309S,31,87,55
2023/12/03 11:35,05F0287S,05F0309S,32,94,7
2023/12/03 11:35,05F0287S,05F0309S,41,94,4
2023/12/03 11:35,05F0287S,05F0309S,42,0,0
2023/12/03 11:35,05F0287S,05F0309S,5,0,0
2023/12/03 11:35,05F0309S,05F0439S,31,487,59
2023/12/03 11:35,05F0309S,05F0439S,32,477,8
2023/12/03 11:35,05F0309S,05F0439S,41,531,3
2023/12/03 11:35,05F0309S,05F0439S,42,0,0
2023/12/03 11:35,05F0309S,05F0439S,5,0,0
2023/12/03 11:35,05F0439S,05F0494S,31,209,39
2023/12/03 11:35,05F0439S,05F0494S,32,212,10
2023/12/03 11:35,05F0439S,05F0494S,41,234,1
2023/12/03 11:35,05F0439S,05F0494S,42,0,0
2023/12/03 11:35,05F0439S,05F0494S,5,0,0
2023/12/03 11:40,05F0000S,05F0055S,31,272,149
2023/12/03 11:40,05F0000S,05F0055S,32,274,29
2023/12/03 11:40,05F0000S,05F0055S,41,273,7
2023/12/03 11:40,05F0000S,05F0055S,42,0,0
2023/12/03 11:40,05F0000S,05F0055S,5,0,0
2023/12/03 11:40,05F0055S,05F0287S,31,1068,117
2023/12/03 11:40,05F0055S,05F0287S,32,1068,26
2023/12/03 11:40,05F0055S,05F0287S,41,1140,6
2023/12/03 11:40,05F0055S,05F0287S,42,0,0
2023/12/03 11:40,05F0055S,05F0287S,5,0,0
2023/12/03 11:40,05F0287S,05F0309S,31,90,52
2023/12/03 11:40,05F0287S,05F0309S,32,93,7
2023/12/03 11:40,05F0287S,05F0309S,41,94,3
2023/12/03 11:40,05F0287S,05F0309S,42,0,0
2023/12/03 11:40,05F0287S,05F0309S,5,0,0
2023/12/03 11:40,05F0309S,05F0439S,31,496,48
2023/12/03 11:40,05F0309S,05F0439S,32,494,8
2023/12/03 11:40,05F0309S,05F0439S,41,532,1
2023/12/03 11:40,05F0309S,05F0439S,42,654,1
2023/12/03 11:40,05F0309S,05F0439S,5,548,2
2023/12/03 11:40,05F0439S,05F0494S,31,219,32
2023/12/03 11:40,05F0439S,05F0494S,32,208,7
2023/12/03 11:40,05F0439S,05F0494S,41,0,0
2023/12/03 11:40,05F0439S,05F0494S,42,243,1
2023/12/03 11:40,05F0439S,05F0494S,5,0,0
2023/12/03 11:45,05F0000S,05F0055S,31,268,115
2023/12/03 11:45,05F0000S,05F0055S,32,271,22
2023/12/03 11:45,05F0000S,05F0055S,41,268,3
2023/12/03 11:45,05F0000S,05F0055S,42,0,0
2023/12/03 11:45,05F0000S,05F0055S,5,0,0
2023/12/03 11:45,05F0055S,05F0287S,31,1060,123
2023/12/03 11:45,05F0055S,05F0287S,32,1060,26
2023/12/03 11:45,05F0055S,05F0287S,41,1104,7
2023/12/03 11:45,05F0055S,05F0287S,42,0,0
2023/12/03 11:45,05F0055S,05F0287S,5,0,0
2023/12/03 11:45,05F0287S,05F0309S,31,92,86
2023/12/03 11:45,05F0287S,05F0309S,32,92,18
2023/12/03 11:45,05F0287S,05F0309S,41,96,6
2023/12/03 11:45,05F0287S,05F0309S,42,0,0
2023/12/03 11:45,05F0287S,05F0309S,5,0,0
2023/12/03 11:45,05F0309S,05F0439S,31,501,35
2023/12/03 11:45,05F0309S,05F0439S,32,489,7
2023/12/03 11:45,05F0309S,05F0439S,41,536,3
2023/12/03 11:45,05F0309S,05F0439S,42,0,0
2023/12/03 11:45,05F0309S,05F0439S,5,0,0
2023/12/03 11:45,05F0439S,05F0494S,31,209,23
2023/12/03 11:45,05F0439S,05F0494S,32,223,5
2023/12/03 11:45,05F0439S,05F0494S,41,234,1
2023/12/03 11:45,05F0439S,05F0494S,42,253,1
2023/12/03 11:45,05F0439S,05F0494S,5,233,2
2023/12/03 11:50,05F0000S,05F0055S,31,256,113
2023/12/03 11:50,05F0000S,05F0055S,32,257,37
2023/12/03 11:50,05F0000S,05F0055S,41,258,7
2023/12/03 11:50,05F0000S,05F0055S,42,0,0
2023/12/03 11:50,05F0000S,05F0055S,5,0,0
2023/12/03 11:50,05F0055S,05F0287S,31,1047,130
2023/12/03 11:50,05F0055S,05F0287S,32,1053,21
2023/12/03 11:50,05F0055S,05F0287S,41,1105,3
2023/12/03 11:50,05F0055S,05F0287S,42,0,0
2023/12/03 11:50,05F0055S,05F0287S,5,0,0
2023/12/03 11:50,05F0287S,05F0309S,31,91,81
2023/12/03 11:50,05F0287S,05F0309S,32,90,17
2023/12/03 11:50,05F0287S,05F0309S,41,91,4
2023/12/03 11:50,05F0287S,05F0309S,42,0,0
2023/12/03 11:50,05F0287S,05F0309S,5,0,0
2023/12/03 11:50,05F0309S,05F0439S,31,491,49
2023/12/03 11:50,05F0309S,05F0439S,32,503,11
2023/12/03 11:50,05F0309S,05F0439S,41,552,4
2023/12/03 11:50,05F0309S,05F0439S,42,0,0
2023/12/03 11:50,05F0309S,05F0439S,5,0,0
2023/12/03 11:50,05F0439S,05F0494S,31,213,42
2023/12/03 11:50,05F0439S,05F0494S,32,209,14
2023/12/03 11:50,05F0439S,05F0494S,41,229,1
2023/12/03 11:50,05F0439S,05F0494S,42,0,0
2023/12/03 11:50,05F0439S,05F0494S,5,0,0
2023/12/03 11:55,05F0000S,05F0055S,31,258,104
2023/12/03 11:55,05F0000S,05F0055S,32,258,28
2023/12/03 11:55,05F0000S,05F0055S,41,259,4
2023/12/03 11:55,05F0000S,05F0055S,42,0,0
2023/12/03 11:55,05F0000S,05F0055S,5,0,0
2023/12/03 11:55,05F0055S,05F0287S,31,1057,132
2023/12/03 11:55,05F0055S,05F0287S,32,1060,29
2023/12/03 11:55,05F0055S,05F0287S,41,1082,4
2023/12/03 11:55,05F0055S,05F0287S,42,0,0
2023/12/03 11:55,05F0055S,05F0287S,5,0,0
2023/12/03 11:55,05F0287S,05F0309S,31,91,89
2023/12/03 11:55,05F0287S,05F0309S,32,96,9
2023/12/03 11:55,05F0287S,05F0309S,41,93,1
2023/12/03 11:55,05F0287S,05F0309S,42,0,0
2023/12/03 11:55,05F0287S,05F0309S,5,0,0
2023/12/03 11:55,05F0309S,05F0439S,31,496,56
2023/12/03 11:55,05F0309S,05F0439S,32,492,9
2023/12/03 11:55,05F0309S,05F0439S,41,535,3
2023/12/03 11:55,05F0309S,05F0439S,42,0,0
2023/12/03 11:55,05F0309S,05F0439S,5,0,0
2023/12/03 11:55,05F0439S,05F0494S,31,210,46
2023/12/03 11:55,05F0439S,05F0494S,32,213,7
2023/12/03 11:55,05F0439S,05F0494S,41,241,1
2023/12/03 11:55,05F0439S,05F0494S,42,0,0
2023/12/03 11:55,05F0439S,05F0494S,5,0,0
2023/12/03 12:00,05F0000S,05F0055S,31,273,104
2023/12/03 12:00,05F0000S,05F0055S,32,272,21
2023/12/03 12:00,05F0000S,05F0055S,41,264,5
2023/12/03 12:00,05F0000S,05F0055S,42,0,0
2023/12/03 12:00,05F0000S,05F0055S,5,0,0
2023/12/03 12:00,05F0055S,05F0287S,31,1064,131
2023/12/03 12:00,05F0055S,05F0287S,32,1059,23
2023/12/03 12:00,05F0055S,05F0287S,41,1067,7
2023/12/03 12:00,05F0055S,05F0287S,42,0,0
2023/12/03 12:00,05F0055S,05F0287S,5,0,0
2023/12/03 12:00,05F0287S,05F0309S,31,89,95
2023/12/03 12:00,05F0287S,05F0309S,32,88,12
2023/12/03 12:00,05F0287S,05F0309S,41,92,6
2023/12/03 12:00,05F0287S,05F0309S,42,0,0
2023/12/03 12:00,05F0287S,05F0309S,5,0,0
2023/12/03 12:00,05F0309S,05F0439S,31,486,51
2023/12/03 12:00,05F0309S,05F0439S,32,467,7
2023/12/03 12:00,05F0309S,05F0439S,41,550,2
2023/12/03 12:00,05F0309S,05F0439S,42,0,0
2023/12/03 12:00,05F0309S,05F0439S,5,0,0
2023/12/03 12:00,05F0439S,05F0494S,31,209,35
2023/12/03 12:00,05F0439S,05F0494S,32,219,12
2023/12/03 12:00,05F0439S,05F0494S,41,229,2
2023/12/03 12:00,05F0439S,05F0494S,42,0,0
2023/12/03 12:00,05F0439S,05F0494S,5,0,0
2023/12/03 12:05,05F0000S,05F0055S,31,253,107
2023/12/03 12:05,05F0000S,05F0055S,32,259,36
2023/12/03 12:05,05F0000S,05F0055S,41,253,3
2023/12/03 12:05,05F0000S,05F0055S,42,0,0
2023/12/03 12:05,05F0000S,05F0055S,5,0,0
2023/12/03 12:05,05F0055S,05F0287S,31,1043,126
2023/12/03 12:05,05F0055S,05F0287S,32,1046,30
2023/12/03 12:05,05F0055S,05F0287S,41,1058,8
2023/12/03 12:05,05F0055S,05F0287S,42,0,0
2023/12/03 12:05,05F0055S,05F0287S,5,0,0
2023/12/03 12:05,05F0287S,05F0309S,31,88,80
2023/12/03 12:05,05F0287S,05F0309S,32,92,12
2023/12/03 12:05,05F0287S,05F0309S,41,92,4
2023/12/03 12:05,05F0287S,05F0309S,42,0,0
2023/12/03 12:05,05F0287S,05F0309S,5,0,0
2023/12/03 12:05,05F0309S,05F0439S,31,488,63
2023/12/03 12:05,05F0309S,05F0439S,32,487,11
2023/12/03 12:05,05F0309S,05F0439S,41,529,2
2023/12/03 12:05,05F0309S,05F0439S,42,0,0
2023/12/03 12:05,05F0309S,05F0439S,5,0,0
2023/12/03 12:05,05F0439S,05F0494S,31,215,40
2023/12/03 12:05,05F0439S,05F0494S,32,225,5
2023/12/03 12:05,05F0439S,05F0494S,41,0,0
2023/12/03 12:05,05F0439S,05F0494S,42,0,0
2023/12/03 12:05,05F0439S,05F0494S,5,0,0
2023/12/03 12:10,05F0000S,05F0055S,31,254,119
2023/12/03 12:10,05F0000S,05F0055S,32,256,18
2023/12/03 12:10,05F0000S,05F0055S,41,270,5
2023/12/03 12:10,05F0000S,05F0055S,42,0,0
2023/12/03 12:10,05F0000S,05F0055S,5,0,0
2023/12/03 12:10,05F0055S,05F0287S,31,1023,104
2023/12/03 12:10,05F0055S,05F0287S,32,1015,33
2023/12/03 12:10,05F0055S,05F0287S,41,1067,6
2023/12/03 12:10,05F0055S,05F0287S,42,0,0
2023/12/03 12:10,05F0055S,05F0287S,5,0,0
2023/12/03 12:10,05F0287S,05F0309S,31,88,70
2023/12/03 12:10,05F0287S,05F0309S,32,86,29
2023/12/03 12:10,05F0287S,05F0309S,41,93,7
2023/12/03 12:10,05F0287S,05F0309S,42,0,0
2023/12/03 12:10,05F0287S,05F0309S,5,0,0
2023/12/03 12:10,05F0309S,05F0439S,31,476,59
2023/12/03 12:10,05F0309S,05F0439S,32,488,7
2023/12/03 12:10,05F0309S,05F0439S,41,530,3
2023/12/03 12:10,05F0309S,05F0439S,42,512,4
2023/12/03 12:10,05F0309S,05F0439S,5,0,0
2023/12/03 12:10,05F0439S,05F0494S,31,207,40
2023/12/03 12:10,05F0439S,05F0494S,32,211,4
2023/12/03 12:10,05F0439S,05F0494S,41,0,0
2023/12/03 12:10,05F0439S,05F0494S,42,215,1
2023/12/03 12:10,05F0439S,05F0494S,5,0,0
2023/12/03 12:15,05F0000S,05F0055S,31,255,107
2023/12/03 12:15,05F0000S,05F0055S,32,255,14
2023/12/03 12:15,05F0000S,05F0055S,41,248,3
2023/12/03 12:15,05F0000S,05F0055S,42,0,0
2023/12/03 12:15,05F0000S,05F0055S,5,0,0
2023/12/03 12:15,05F0055S,05F0287S,31,1006,88
2023/12/03 12:15,05F0055S,05F0287S,32,997,19
2023/12/03 12:15,05F0055S,05F0287S,41,1014,6
2023/12/03 12:15,05F0055S,05F0287S,42,2653,1
2023/12/03 12:15,05F0055S,05F0287S,5,0,0
2023/12/03 12:15,05F0287S,05F0309S,31,88,60
2023/12/03 12:15,05F0287S,05F0309S,32,86,14
2023/12/03 12:15,05F0287S,05F0309S,41,91,3
2023/12/03 12:15,05F0287S,05F0309S,42,103,1
2023/12/03 12:15,05F0287S,05F0309S,5,0,0
2023/12/03 12:15,05F0309S,05F0439S,31,484,44
2023/12/03 12:15,05F0309S,05F0439S,32,505,13
2023/12/03 12:15,05F0309S,05F0439S,41,543,5
2023/12/03 12:15,05F0309S,05F0439S,42,0,0
2023/12/03 12:15,05F0309S,05F0439S,5,501,1
2023/12/03 12:15,05F0439S,05F0494S,31,202,38
2023/12/03 12:15,05F0439S,05F0494S,32,207,9
2023/12/03 12:15,05F0439S,05F0494S,41,228,1
2023/12/03 12:15,05F0439S,05F0494S,42,239,2
2023/12/03 12:15,05F0439S,05F0494S,5,0,0
2023/12/03 12:20,05F0000S,05F0055S,31,255,98
2023/12/03 12:20,05F0000S,05F0055S,32,257,16
2023/12/03 12:20,05F0000S,05F0055S,41,264,1
2023/12/03 12:20,05F0000S,05F0055S,42,0,0
2023/12/03 12:20,05F0000S,05F0055S,5,0,0
2023/12/03 12:20,05F0055S,05F0287S,31,1028,127
2023/12/03 12:20,05F0055S,05F0287S,32,1033,39
2023/12/03 12:20,05F0055S,05F0287S,41,1049,4
2023/12/03 12:20,05F0055S,05F0287S,42,0,0
2023/12/03 12:20,05F0055S,05F0287S,5,0,0
2023/12/03 12:20,05F0287S,05F0309S,31,89,69
2023/12/03 12:20,05F0287S,05F0309S,32,86,15
2023/12/03 12:20,05F0287S,05F0309S,41,94,2
2023/12/03 12:20,05F0287S,05F0309S,42,0,0
2023/12/03 12:20,05F0287S,05F0309S,5,0,0
2023/12/03 12:20,05F0309S,05F0439S,31,480,42
2023/12/03 12:20,05F0309S,05F0439S,32,475,15
2023/12/03 12:20,05F0309S,05F0439S,41,514,2
2023/12/03 12:20,05F0309S,05F0439S,42,0,0
2023/12/03 12:20,05F0309S,05F0439S,5,0,0
2023/12/03 12:20,05F0439S,05F0494S,31,204,31
2023/12/03 12:20,05F0439S,05F0494S,32,201,8
2023/12/03 12:20,05F0439S,05F0494S,41,0,0
2023/12/03 12:20,05F0439S,05F0494S,42,0,0
2023/12/03 12:20,05F0439S,05F0494S,5,214,1
2023/12/03 12:25,05F0000S,05F0055S,31,250,97
2023/12/03 12:25,05F0000S,05F0055S,32,257,26
2023/12/03 12:25,05F0000S,05F0055S,41,260,6
2023/12/03 12:25,05F0000S,05F0055S,42,0,0
2023/12/03 12:25,05F0000S,05F0055S,5,0,0
2023/12/03 12:25,05F0055S,05F0287S,31,1014,111
2023/12/03 12:25,05F0055S,05F0287S,32,1007,25
2023/12/03 12:25,05F0055S,05F0287S,41,1135,2
2023/12/03 12:25,05F0055S,05F0287S,42,0,0
2023/12/03 12:25,05F0055S,05F0287S,5,0,0
2023/12/03 12:25,05F0287S,05F0309S,31,89,76
2023/12/03 12:25,05F0287S,05F0309S,32,91,21
2023/12/03 12:25,05F0287S,05F0309S,41,93,4
2023/12/03 12:25,05F0287S,05F0309S,42,0,0
2023/12/03 12:25,05F0287S,05F0309S,5,0,0
2023/12/03 12:25,05F0309S,05F0439S,31,492,29
2023/12/03 12:25,05F0309S,05F0439S,32,475,9
2023/12/03 12:25,05F0309S,05F0439S,41,0,0
2023/12/03 12:25,05F0309S,05F0439S,42,568,1
2023/12/03 12:25,05F0309S,05F0439S,5,0,0
2023/12/03 12:25,05F0439S,05F0494S,31,208,34
2023/12/03 12:25,05F0439S,05F0494S,32,192,8
2023/12/03 12:25,05F0439S,05F0494S,41,0,0
2023/12/03 12:25,05F0439S,05F0494S,42,0,0
2023/12/03 12:25,05F0439S,05F0494S,5,0,0
2023/12/03 12:30,05F0000S,05F0055S,31,251,107
2023/12/03 12:30,05F0000S,05F0055S,32,256,20
2023/12/03 12:30,05F0000S,05F0055S,41,262,3
2023/12/03 12:30,05F0000S,05F0055S,42,0,0
2023/12/03 12:30,05F0000S,05F0055S,5,0,0
2023/12/03 12:30,05F0055S,05F0287S,31,1009,115
2023/12/03 12:30,05F0055S,05F0287S,32,1017,17
2023/12/03 12:30,05F0055S,05F0287S,41,1061,7
2023/12/03 12:30,05F0055S,05F0287S,42,0,0
2023/12/03 12:30,05F0055S,05F0287S,5,0,0
2023/12/03 12:30,05F0287S,05F0309S,31,85,87
2023/12/03 12:30,05F0287S,05F0309S,32,88,14
2023/12/03 12:30,05F0287S,05F0309S,41,98,5
2023/12/03 12:30,05F0287S,05F0309S,42,0,0
2023/12/03 12:30,05F0287S,05F0309S,5,0,0
2023/12/03 12:30,05F0309S,05F0439S,31,481,50
2023/12/03 12:30,05F0309S,05F0439S,32,475,12
2023/12/03 12:30,05F0309S,05F0439S,41,523,2
2023/12/03 12:30,05F0309S,05F0439S,42,0,0
2023/12/03 12:30,05F0309S,05F0439S,5,0,0
2023/12/03 12:30,05F0439S,05F0494S,31,211,35
2023/12/03 12:30,05F0439S,05F0494S,32,202,13
2023/12/03 12:30,05F0439S,05F0494S,41,0,0
2023/12/03 12:30,05F0439S,05F0494S,42,246,1
2023/12/03 12:30,05F0439S,05F0494S,5,0,0
2023/12/03 12:35,05F0000S,05F0055S,31,254,91
2023/12/03 12:35,05F0000S,05F0055S,32,241,21
2023/12/03 12:35,05F0000S,05F0055S,41,264,4
2023/12/03 12:35,05F0000S,05F0055S,42,0,0
2023/12/03 12:35,05F0000S,05F0055S,5,0,0
2023/12/03 12:35,05F0055S,05F0287S,31,1044,101
2023/12/03 12:35,05F0055S,05F0287S,32,1052,19
2023/12/03 12:35,05F0055S,05F0287S,41,1056,1
2023/12/03 12:35,05F0055S,05F0287S,42,0,0
2023/12/03 12:35,05F0055S,05F0287S,5,0,0
2023/12/03 12:35,05F0287S,05F0309S,31,88,54
2023/12/03 12:35,05F0287S,05F0309S,32,91,8
2023/12/03 12:35,05F0287S,05F0309S,41,92,2
2023/12/03 12:35,05F0287S,05F0309S,42,0,0
2023/12/03 12:35,05F0287S,05F0309S,5,0,0
2023/12/03 12:35,05F0309S,05F0439S,31,481,51
2023/12/03 12:35,05F0309S,05F0439S,32,481,13
2023/12/03 12:35,05F0309S,05F0439S,41,580,2
2023/12/03 12:35,05F0309S,05F0439S,42,0,0
2023/12/03 12:35,05F0309S,05F0439S,5,0,0
2023/12/03 12:35,05F0439S,05F0494S,31,207,41
2023/12/03 12:35,05F0439S,05F0494S,32,219,7
2023/12/03 12:35,05F0439S,05F0494S,41,219,1
2023/12/03 12:35,05F0439S,05F0494S,42,0,0
2023/12/03 12:35,05F0439S,05F0494S,5,0,0
2023/12/03 12:40,05F0000S,05F0055S,31,250,110
2023/12/03 12:40,05F0000S,05F0055S,32,252,24
2023/12/03 12:40,05F0000S,05F0055S,41,248,4
2023/12/03 12:40,05F0000S,05F0055S,42,0,0
2023/12/03 12:40,05F0000S,05F0055S,5,0,0
2023/12/03 12:40,05F0055S,05F0287S,31,997,106
2023/12/03 12:40,05F0055S,05F0287S,32,1001,20
2023/12/03 12:40,05F0055S,05F0287S,41,1043,5
2023/12/03 12:40,05F0055S,05F0287S,42,0,0
2023/12/03 12:40,05F0055S,05F0287S,5,0,0
2023/12/03 12:40,05F0287S,05F0309S,31,87,76
2023/12/03 12:40,05F0287S,05F0309S,32,91,10
2023/12/03 12:40,05F0287S,05F0309S,41,89,1
2023/12/03 12:40,05F0287S,05F0309S,42,0,0
2023/12/03 12:40,05F0287S,05F0309S,5,0,0
2023/12/03 12:40,05F0309S,05F0439S,31,491,50
2023/12/03 12:40,05F0309S,05F0439S,32,510,10
2023/12/03 12:40,05F0309S,05F0439S,41,506,3
2023/12/03 12:40,05F0309S,05F0439S,42,0,0
2023/12/03 12:40,05F0309S,05F0439S,5,491,1
2023/12/03 12:40,05F0439S,05F0494S,31,211,36
2023/12/03 12:40,05F0439S,05F0494S,32,213,11
2023/12/03 12:40,05F0439S,05F0494S,41,0,0
2023/12/03 12:40,05F0439S,05F0494S,42,0,0
2023/12/03 12:40,05F0439S,05F0494S,5,184,1
2023/12/03 12:45,05F0000S,05F0055S,31,253,92
2023/12/03 12:45,05F0000S,05F0055S,32,259,22
2023/12/03 12:45,05F0000S,05F0055S,41,254,5
2023/12/03 12:45,05F0000S,05F0055S,42,0,0
2023/12/03 12:45,05F0000S,05F0055S,5,0,0
2023/12/03 12:45,05F0055S,05F0287S,31,1041,110
2023/12/03 12:45,05F0055S,05F0287S,32,1051,21
2023/12/03 12:45,05F0055S,05F0287S,41,1063,4
2023/12/03 12:45,05F0055S,05F0287S,42,0,0
2023/12/03 12:45,05F0055S,05F0287S,5,0,0
2023/12/03 12:45,05F0287S,05F0309S,31,87,46
2023/12/03 12:45,05F0287S,05F0309S,32,91,10
2023/12/03 12:45,05F0287S,05F0309S,41,91,6
2023/12/03 12:45,05F0287S,05F0309S,42,0,0
2023/12/03 12:45,05F0287S,05F0309S,5,0,0
2023/12/03 12:45,05F0309S,05F0439S,31,482,47
2023/12/03 12:45,05F0309S,05F0439S,32,500,6
2023/12/03 12:45,05F0309S,05F0439S,41,537,2
2023/12/03 12:45,05F0309S,05F0439S,42,0,0
2023/12/03 12:45,05F0309S,05F0439S,5,0,0
2023/12/03 12:45,05F0439S,05F0494S,31,221,13
2023/12/03 12:45,05F0439S,05F0494S,32,220,5
2023/12/03 12:45,05F0439S,05F0494S,41,445,1
2023/12/03 12:45,05F0439S,05F0494S,42,0,0
2023/12/03 12:45,05F0439S,05F0494S,5,0,0
2023/12/03 12:50,05F0000S,05F0055S,31,250,98
2023/12/03 12:50,05F0000S,05F0055S,32,253,24
2023/12/03 12:50,05F0000S,05F0055S,41,257,6
2023/12/03 12:50,05F0000S,05F0055S,42,0,0
2023/12/03 12:50,05F0000S,05F0055S,5,0,0
2023/12/03 12:50,05F0055S,05F0287S,31,1040,100
2023/12/03 12:50,05F0055S,05F0287S,32,1046,25
2023/12/03 12:50,05F0055S,05F0287S,41,1057,4
2023/12/03 12:50,05F0055S,05F0287S,42,0,0
2023/12/03 12:50,05F0055S,05F0287S,5,0,0
2023/12/03 12:50,05F0287S,05F0309S,31,87,64
2023/12/03 12:50,05F0287S,05F0309S,32,88,13
2023/12/03 12:50,05F0287S,05F0309S,41,96,2
2023/12/03 12:50,05F0287S,05F0309S,42,0,0
2023/12/03 12:50,05F0287S,05F0309S,5,0,0
2023/12/03 12:50,05F0309S,05F0439S,31,481,44
2023/12/03 12:50,05F0309S,05F0439S,32,486,9
2023/12/03 12:50,05F0309S,05F0439S,41,507,2
2023/12/03 12:50,05F0309S,05F0439S,42,0,0
2023/12/03 12:50,05F0309S,05F0439S,5,0,0
2023/12/03 12:50,05F0439S,05F0494S,31,210,36
2023/12/03 12:50,05F0439S,05F0494S,32,207,4
2023/12/03 12:50,05F0439S,05F0494S,41,0,0
2023/12/03 12:50,05F0439S,05F0494S,42,0,0
2023/12/03 12:50,05F0439S,05F0494S,5,0,0
2023/12/03 12:55,05F0000S,05F0055S,31,248,73
2023/12/03 12:55,05F0000S,05F0055S,32,252,25
2023/12/03 12:55,05F0000S,05F0055S,41,253,2
2023/12/03 12:55,05F0000S,05F0055S,42,0,0
2023/12/03 12:55,05F0000S,05F0055S,5,0,0
2023/12/03 12:55,05F0055S,05F0287S,31,1003,96
2023/12/03 12:55,05F0055S,05F0287S,32,1007,26
2023/12/03 12:55,05F0055S,05F0287S,41,1027,5
2023/12/03 12:55,05F0055S,05F0287S,42,0,0
2023/12/03 12:55,05F0055S,05F0287S,5,0,0
2023/12/03 12:55,05F0287S,05F0309S,31,90,70
2023/12/03 12:55,05F0287S,05F0309S,32,86,20
2023/12/03 12:55,05F0287S,05F0309S,41,93,5
2023/12/03 12:55,05F0287S,05F0309S,42,0,0
2023/12/03 12:55,05F0287S,05F0309S,5,0,0
2023/12/03 12:55,05F0309S,05F0439S,31,461,40
2023/12/03 12:55,05F0309S,05F0439S,32,502,5
2023/12/03 12:55,05F0309S,05F0439S,41,525,2
2023/12/03 12:55,05F0309S,05F0439S,42,0,0
2023/12/03 12:55,05F0309S,05F0439S,5,0,0
2023/12/03 12:55,05F0439S,05F0494S,31,209,31
2023/12/03 12:55,05F0439S,05F0494S,32,219,6
2023/12/03 12:55,05F0439S,05F0494S,41,0,0
2023/12/03 12:55,05F0439S,05F0494S,42,0,0
2023/12/03 12:55,05F0439S,05F0494S,5,0,0
2023/12/03 13:00,05F0000S,05F0055S,31,244,89
2023/12/03 13:00,05F0000S,05F0055S,32,241,22
2023/12/03 13:00,05F0000S,05F0055S,41,256,4
2023/12/03 13:00,05F0000S,05F0055S,42,0,0
2023/12/03 13:00,05F0000S,05F0055S,5,0,0
2023/12/03 13:00,05F0055S,05F0287S,31,1035,109
2023/12/03 13:00,05F0055S,05F0287S,32,1029,20
2023/12/03 13:00,05F0055S,05F0287S,41,1072,2
2023/12/03 13:00,05F0055S,05F0287S,42,0,0
2023/12/03 13:00,05F0055S,05F0287S,5,0,0
2023/12/03 13:00,05F0287S,05F0309S,31,87,65
2023/12/03 13:00,05F0287S,05F0309S,32,87,15
2023/12/03 13:00,05F0287S,05F0309S,41,96,2
2023/12/03 13:00,05F0287S,05F0309S,42,0,0
2023/12/03 13:00,05F0287S,05F0309S,5,0,0
2023/12/03 13:00,05F0309S,05F0439S,31,495,39
2023/12/03 13:00,05F0309S,05F0439S,32,454,9
2023/12/03 13:00,05F0309S,05F0439S,41,547,2
2023/12/03 13:00,05F0309S,05F0439S,42,0,0
2023/12/03 13:00,05F0309S,05F0439S,5,526,1
2023/12/03 13:00,05F0439S,05F0494S,31,208,41
2023/12/03 13:00,05F0439S,05F0494S,32,211,3
2023/12/03 13:00,05F0439S,05F0494S,41,214,1
2023/12/03 13:00,05F0439S,05F0494S,42,0,0
2023/12/03 13:00,05F0439S,05F0494S,5,223,1
2023/12/03 13:05,05F0000S,05F0055S,31,245,81
2023/12/03 13:05,05F0000S,05F0055S,32,254,17
2023/12/03 13:05,05F0000S,05F0055S,41,255,5
2023/12/03 13:05,05F0000S,05F0055S,42,0,0
2023/12/03 13:05,05F0000S,05F0055S,5,0,0
2023/12/03 13:05,05F0055S,05F0287S,31,1008,109
2023/12/03 13:05,05F0055S,05F0287S,32,1013,22
2023/12/03 13:05,05F0055S,05F0287S,41,1061,5
2023/12/03 13:05,05F0055S,05F0287S,42,0,0
2023/12/03 13:05,05F0055S,05F0287S,5,0,0
2023/12/03 13:05,05F0287S,05F0309S,31,88,70
2023/12/03 13:05,05F0287S,05F0309S,32,88,14
2023/12/03 13:05,05F0287S,05F0309S,41,93,5
2023/12/03 13:05,05F0287S,05F0309S,42,0,0
2023/12/03 13:05,05F0287S,05F0309S,5,0,0
2023/12/03 13:05,05F0309S,05F0439S,31,481,27
2023/12/03 13:05,05F0309S,05F0439S,32,487,10
2023/12/03 13:05,05F0309S,05F0439S,41,521,3
2023/12/03 13:05,05F0309S,05F0439S,42,0,0
2023/12/03 13:05,05F0309S,05F0439S,5,555,1
2023/12/03 13:05,05F0439S,05F0494S,31,212,28
2023/12/03 13:05,05F0439S,05F0494S,32,219,10
2023/12/03 13:05,05F0439S,05F0494S,41,0,0
2023/12/03 13:05,05F0439S,05F0494S,42,0,0
2023/12/03 13:05,05F0439S,05F0494S,5,236,1
2023/12/03 13:10,05F0000S,05F0055S,31,255,104
2023/12/03 13:10,05F0000S,05F0055S,32,252,37
2023/12/03 13:10,05F0000S,05F0055S,41,248,6
2023/12/03 13:10,05F0000S,05F0055S,42,0,0
2023/12/03 13:10,05F0000S,05F0055S,5,0,0
2023/12/03 13:10,05F0055S,05F0287S,31,1003,92
2023/12/03 13:10,05F0055S,05F0287S,32,1007,23
2023/12/03 13:10,05F0055S,05F0287S,41,1068,7
2023/12/03 13:10,05F0055S,05F0287S,42,0,0
2023/12/03 13:10,05F0055S,05F0287S,5,0,0
2023/12/03 13:10,05F0287S,05F0309S,31,84,64
2023/12/03 13:10,05F0287S,05F0309S,32,83,11
2023/12/03 13:10,05F0287S,05F0309S,41,97,4
2023/12/03 13:10,05F0287S,05F0309S,42,0,0
2023/12/03 13:10,05F0287S,05F0309S,5,0,0
2023/12/03 13:10,05F0309S,05F0439S,31,460,43
2023/12/03 13:10,05F0309S,05F0439S,32,457,6
2023/12/03 13:10,05F0309S,05F0439S,41,550,3
2023/12/03 13:10,05F0309S,05F0439S,42,0,0
2023/12/03 13:10,05F0309S,05F0439S,5,0,0
2023/12/03 13:10,05F0439S,05F0494S,31,212,27
2023/12/03 13:10,05F0439S,05F0494S,32,219,4
2023/12/03 13:10,05F0439S,05F0494S,41,231,1
2023/12/03 13:10,05F0439S,05F0494S,42,0,0
2023/12/03 13:10,05F0439S,05F0494S,5,0,0
2023/12/03 13:15,05F0000S,05F0055S,31,245,91
2023/12/03 13:15,05F0000S,05F0055S,32,246,15
2023/12/03 13:15,05F0000S,05F0055S,41,257,5
2023/12/03 13:15,05F0000S,05F0055S,42,0,0
2023/12/03 13:15,05F0000S,05F0055S,5,0,0
2023/12/03 13:15,05F0055S,05F0287S,31,1001,81
2023/12/03 13:15,05F0055S,05F0287S,32,1014,21
2023/12/03 13:15,05F0055S,05F0287S,41,1079,1
2023/12/03 13:15,05F0055S,05F0287S,42,0,0
2023/12/03 13:15,05F0055S,05F0287S,5,0,0
2023/12/03 13:15,05F0287S,05F0309S,31,86,46
2023/12/03 13:15,05F0287S,05F0309S,32,86,17
2023/12/03 13:15,05F0287S,05F0309S,41,95,3
2023/12/03 13:15,05F0287S,05F0309S,42,0,0
2023/12/03 13:15,05F0287S,05F0309S,5,0,0
2023/12/03 13:15,05F0309S,05F0439S,31,492,47
2023/12/03 13:15,05F0309S,05F0439S,32,497,5
2023/12/03 13:15,05F0309S,05F0439S,41,552,2
2023/12/03 13:15,05F0309S,05F0439S,42,0,0
2023/12/03 13:15,05F0309S,05F0439S,5,0,0
2023/12/03 13:15,05F0439S,05F0494S,31,205,42
2023/12/03 13:15,05F0439S,05F0494S,32,214,8
2023/12/03 13:15,05F0439S,05F0494S,41,244,3
2023/12/03 13:15,05F0439S,05F0494S,42,0,0
2023/12/03 13:15,05F0439S,05F0494S,5,0,0
2023/12/03 13:20,05F0000S,05F0055S,31,252,92
2023/12/03 13:20,05F0000S,05F0055S,32,250,25
2023/12/03 13:20,05F0000S,05F0055S,41,265,4
2023/12/03 13:20,05F0000S,05F0055S,42,0,0
2023/12/03 13:20,05F0000S,05F0055S,5,0,0
2023/12/03 13:20,05F0055S,05F0287S,31,999,96
2023/12/03 13:20,05F0055S,05F0287S,32,1009,21
2023/12/03 13:20,05F0055S,05F0287S,41,1066,4
2023/12/03 13:20,05F0055S,05F0287S,42,0,0
2023/12/03 13:20,05F0055S,05F0287S,5,0,0
2023/12/03 13:20,05F0287S,05F0309S,31,85,62
2023/12/03 13:20,05F0287S,05F0309S,32,85,12
2023/12/03 13:20,05F0287S,05F0309S,41,96,2
2023/12/03 13:20,05F0287S,05F0309S,42,0,0
2023/12/03 13:20,05F0287S,05F0309S,5,0,0
2023/12/03 13:20,05F0309S,05F0439S,31,476,37
2023/12/03 13:20,05F0309S,05F0439S,32,498,5
2023/12/03 13:20,05F0309S,05F0439S,41,536,5
2023/12/03 13:20,05F0309S,05F0439S,42,0,0
2023/12/03 13:20,05F0309S,05F0439S,5,0,0
2023/12/03 13:20,05F0439S,05F0494S,31,214,37
2023/12/03 13:20,05F0439S,05F0494S,32,194,8
2023/12/03 13:20,05F0439S,05F0494S,41,232,1
2023/12/03 13:20,05F0439S,05F0494S,42,0,0
2023/12/03 13:20,05F0439S,05F0494S,5,0,0
2023/12/03 13:25,05F0000S,05F0055S,31,256,90
2023/12/03 13:25,05F0000S,05F0055S,32,254,27
2023/12/03 13:25,05F0000S,05F0055S,41,267,5
2023/12/03 13:25,05F0000S,05F0055S,42,0,0
2023/12/03 13:25,05F0000S,05F0055S,5,0,0
2023/12/03 13:25,05F0055S,05F0287S,31,1020,95
2023/12/03 13:25,05F0055S,05F0287S,32,1044,29
2023/12/03 13:25,05F0055S,05F0287S,41,1096,6
2023/12/03 13:25,05F0055S,05F0287S,42,0,0
2023/12/03 13:25,05F0055S,05F0287S,5,0,0
2023/12/03 13:25,05F0287S,05F0309S,31,87,47
2023/12/03 13:25,05F0287S,05F0309S,32,89,18
2023/12/03 13:25,05F0287S,05F0309S,41,98,4
2023/12/03 13:25,05F0287S,05F0309S,42,0,0
2023/12/03 13:25,05F0287S,05F0309S,5,0,0
2023/12/03 13:25,05F0309S,05F0439S,31,474,29
2023/12/03 13:25,05F0309S,05F0439S,32,453,11
2023/12/03 13:25,05F0309S,05F0439S,41,578,1
2023/12/03 13:25,05F0309S,05F0439S,42,0,0
2023/12/03 13:25,05F0309S,05F0439S,5,0,0
2023/12/03 13:25,05F0439S,05F0494S,31,217,17
2023/12/03 13:25,05F0439S,05F0494S,32,216,9
2023/12/03 13:25,05F0439S,05F0494S,41,0,0
2023/12/03 13:25,05F0439S,05F0494S,42,0,0
2023/12/03 13:25,05F0439S,05F0494S,5,0,0
2023/12/03 13:30,05F0000S,05F0055S,31,252,111
2023/12/03 13:30,05F0000S,05F0055S,32,244,14
2023/12/03 13:30,05F0000S,05F0055S,41,262,6
2023/12/03 13:30,05F0000S,05F0055S,42,0,0
2023/12/03 13:30,05F0000S,05F0055S,5,0,0
2023/12/03 13:30,05F0055S,05F0287S,31,1002,99
2023/12/03 13:30,05F0055S,05F0287S,32,998,27
2023/12/03 13:30,05F0055S,05F0287S,41,1029,5
2023/12/03 13:30,05F0055S,05F0287S,42,0,0
2023/12/03 13:30,05F0055S,05F0287S,5,0,0
2023/12/03 13:30,05F0287S,05F0309S,31,84,61
2023/12/03 13:30,05F0287S,05F0309S,32,84,23
2023/12/03 13:30,05F0287S,05F0309S,41,94,4
2023/12/03 13:30,05F0287S,05F0309S,42,0,0
2023/12/03 13:30,05F0287S,05F0309S,5,0,0
2023/12/03 13:30,05F0309S,05F0439S,31,502,36
2023/12/03 13:30,05F0309S,05F0439S,32,503,4
2023/12/03 13:30,05F0309S,05F0439S,41,556,1
2023/12/03 13:30,05F0309S,05F0439S,42,0,0
2023/12/03 13:30,05F0309S,05F0439S,5,0,0
2023/12/03 13:30,05F0439S,05F0494S,31,209,19
2023/12/03 13:30,05F0439S,05F0494S,32,214,7
2023/12/03 13:30,05F0439S,05F0494S,41,0,0
2023/12/03 13:30,05F0439S,05F0494S,42,0,0
2023/12/03 13:30,05F0439S,05F0494S,5,0,0
2023/12/03 13:35,05F0000S,05F0055S,31,249,96
2023/12/03 13:35,05F0000S,05F0055S,32,246,25
2023/12/03 13:35,05F0000S,05F0055S,41,255,7
2023/12/03 13:35,05F0000S,05F0055S,42,0,0
2023/12/03 13:35,05F0000S,05F0055S,5,0,0
2023/12/03 13:35,05F0055S,05F0287S,31,1015,81
2023/12/03 13:35,05F0055S,05F0287S,32,1024,26
2023/12/03 13:35,05F0055S,05F0287S,41,1085,7
2023/12/03 13:35,05F0055S,05F0287S,42,0,0
2023/12/03 13:35,05F0055S,05F0287S,5,0,0
2023/12/03 13:35,05F0287S,05F0309S,31,86,49
2023/12/03 13:35,05F0287S,05F0309S,32,88,14
2023/12/03 13:35,05F0287S,05F0309S,41,94,9
2023/12/03 13:35,05F0287S,05F0309S,42,0,0
2023/12/03 13:35,05F0287S,05F0309S,5,0,0
2023/12/03 13:35,05F0309S,05F0439S,31,460,40
2023/12/03 13:35,05F0309S,05F0439S,32,495,19
2023/12/03 13:35,05F0309S,05F0439S,41,545,5
2023/12/03 13:35,05F0309S,05F0439S,42,0,0
2023/12/03 13:35,05F0309S,05F0439S,5,583,1
2023/12/03 13:35,05F0439S,05F0494S,31,211,24
2023/12/03 13:35,05F0439S,05F0494S,32,208,9
2023/12/03 13:35,05F0439S,05F0494S,41,0,0
2023/12/03 13:35,05F0439S,05F0494S,42,0,0
2023/12/03 13:35,05F0439S,05F0494S,5,0,0
2023/12/03 13:40,05F0000S,05F0055S,31,250,83
2023/12/03 13:40,05F0000S,05F0055S,32,251,27
2023/12/03 13:40,05F0000S,05F0055S,41,242,3
2023/12/03 13:40,05F0000S,05F0055S,42,0,0
2023/12/03 13:40,05F0000S,05F0055S,5,0,0
2023/12/03 13:40,05F0055S,05F0287S,31,1015,94
2023/12/03 13:40,05F0055S,05F0287S,32,1024,25
2023/12/03 13:40,05F0055S,05F0287S,41,1027,5
2023/12/03 13:40,05F0055S,05F0287S,42,0,0
2023/12/03 13:40,05F0055S,05F0287S,5,0,0
2023/12/03 13:40,05F0287S,05F0309S,31,88,83
2023/12/03 13:40,05F0287S,05F0309S,32,88,18
2023/12/03 13:40,05F0287S,05F0309S,41,93,2
2023/12/03 13:40,05F0287S,05F0309S,42,0,0
2023/12/03 13:40,05F0287S,05F0309S,5,0,0
2023/12/03 13:40,05F0309S,05F0439S,31,487,35
2023/12/03 13:40,05F0309S,05F0439S,32,477,6
2023/12/03 13:40,05F0309S,05F0439S,41,521,3
2023/12/03 13:40,05F0309S,05F0439S,42,0,0
2023/12/03 13:40,05F0309S,05F0439S,5,543,1
2023/12/03 13:40,05F0439S,05F0494S,31,211,35
2023/12/03 13:40,05F0439S,05F0494S,32,204,11
2023/12/03 13:40,05F0439S,05F0494S,41,0,0
2023/12/03 13:40,05F0439S,05F0494S,42,0,0
2023/12/03 13:40,05F0439S,05F0494S,5,245,2
2023/12/03 13:45,05F0000S,05F0055S,31,264,117
2023/12/03 13:45,05F0000S,05F0055S,32,264,26
2023/12/03 13:45,05F0000S,05F0055S,41,253,1
2023/12/03 13:45,05F0000S,05F0055S,42,0,0
2023/12/03 13:45,05F0000S,05F0055S,5,0,0
2023/12/03 13:45,05F0055S,05F0287S,31,1013,115
2023/12/03 13:45,05F0055S,05F0287S,32,1029,25
2023/12/03 13:45,05F0055S,05F0287S,41,1042,6
2023/12/03 13:45,05F0055S,05F0287S,42,0,0
2023/12/03 13:45,05F0055S,05F0287S,5,0,0
2023/12/03 13:45,05F0287S,05F0309S,31,87,69
2023/12/03 13:45,05F0287S,05F0309S,32,89,27
2023/12/03 13:45,05F0287S,05F0309S,41,92,4
2023/12/03 13:45,05F0287S,05F0309S,42,0,0
2023/12/03 13:45,05F0287S,05F0309S,5,0,0
2023/12/03 13:45,05F0309S,05F0439S,31,481,34
2023/12/03 13:45,05F0309S,05F0439S,32,504,11
2023/12/03 13:45,05F0309S,05F0439S,41,531,5
2023/12/03 13:45,05F0309S,05F0439S,42,0,0
2023/12/03 13:45,05F0309S,05F0439S,5,0,0
2023/12/03 13:45,05F0439S,05F0494S,31,204,16
2023/12/03 13:45,05F0439S,05F0494S,32,214,5
2023/12/03 13:45,05F0439S,05F0494S,41,0,0
2023/12/03 13:45,05F0439S,05F0494S,42,0,0
2023/12/03 13:45,05F0439S,05F0494S,5,0,0
2023/12/03 13:50,05F0000S,05F0055S,31,256,98
2023/12/03 13:50,05F0000S,05F0055S,32,255,32
2023/12/03 13:50,05F0000S,05F0055S,41,251,6
2023/12/03 13:50,05F0000S,05F0055S,42,0,0
2023/12/03 13:50,05F0000S,05F0055S,5,0,0
2023/12/03 13:50,05F0055S,05F0287S,31,1016,113
2023/12/03 13:50,05F0055S,05F0287S,32,1011,28
2023/12/03 13:50,05F0055S,05F0287S,41,1077,7
2023/12/03 13:50,05F0055S,05F0287S,42,0,0
2023/12/03 13:50,05F0055S,05F0287S,5,0,0
2023/12/03 13:50,05F0287S,05F0309S,31,86,75
2023/12/03 13:50,05F0287S,05F0309S,32,89,13
2023/12/03 13:50,05F0287S,05F0309S,41,95,5
2023/12/03 13:50,05F0287S,05F0309S,42,0,0
2023/12/03 13:50,05F0287S,05F0309S,5,0,0
2023/12/03 13:50,05F0309S,05F0439S,31,485,58
2023/12/03 13:50,05F0309S,05F0439S,32,500,13
2023/12/03 13:50,05F0309S,05F0439S,41,545,1
2023/12/03 13:50,05F0309S,05F0439S,42,0,0
2023/12/03 13:50,05F0309S,05F0439S,5,0,0
2023/12/03 13:50,05F0439S,05F0494S,31,205,33
2023/12/03 13:50,05F0439S,05F0494S,32,205,12
2023/12/03 13:50,05F0439S,05F0494S,41,252,1
2023/12/03 13:50,05F0439S,05F0494S,42,0,0
2023/12/03 13:50,05F0439S,05F0494S,5,0,0
2023/12/03 13:55,05F0000S,05F0055S,31,250,105
2023/12/03 13:55,05F0000S,05F0055S,32,250,22
2023/12/03 13:55,05F0000S,05F0055S,41,254,5
2023/12/03 13:55,05F0000S,05F0055S,42,0,0
2023/12/03 13:55,05F0000S,05F0055S,5,0,0
2023/12/03 13:55,05F0055S,05F0287S,31,1015,86
2023/12/03 13:55,05F0055S,05F0287S,32,1016,21
2023/12/03 13:55,05F0055S,05F0287S,41,1058,4
2023/12/03 13:55,05F0055S,05F0287S,42,0,0
2023/12/03 13:55,05F0055S,05F0287S,5,0,0
2023/12/03 13:55,05F0287S,05F0309S,31,88,45
2023/12/03 13:55,05F0287S,05F0309S,32,87,12
2023/12/03 13:55,05F0287S,05F0309S,41,88,3
2023/12/03 13:55,05F0287S,05F0309S,42,0,0
2023/12/03 13:55,05F0287S,05F0309S,5,0,0
2023/12/03 13:55,05F0309S,05F0439S,31,480,50
2023/12/03 13:55,05F0309S,05F0439S,32,490,12
2023/12/03 13:55,05F0309S,05F0439S,41,521,3
2023/12/03 13:55,05F0309S,05F0439S,42,0,0
2023/12/03 13:55,05F0309S,05F0439S,5,0,0
2023/12/03 13:55,05F0439S,05F0494S,31,211,42
2023/12/03 13:55,05F0439S,05F0494S,32,216,9
2023/12/03 13:55,05F0439S,05F0494S,41,0,0
2023/12/03 13:55,05F0439S,05F0494S,42,0,0
2023/12/03 13:55,05F0439S,05F0494S,5,0,0
2023/12/03 14:00,05F0000S,05F0055S,31,265,117
2023/12/03 14:00,05F0000S,05F0055S,32,268,25
2023/12/03 14:00,05F0000S,05F0055S,41,263,7
2023/12/03 14:00,05F0000S,05F0055S,42,0,0
2023/12/03 14:00,05F0000S,05F0055S,5,0,0
2023/12/03 14:00,05F0055S,05F0287S,31,1024,88
2023/12/03 14:00,05F0055S,05F0287S,32,1030,34
2023/12/03 14:00,05F0055S,05F0287S,41,1039,2
2023/12/03 14:00,05F0055S,05F0287S,42,0,0
2023/12/03 14:00,05F0055S,05F0287S,5,0,0
2023/12/03 14:00,05F0287S,05F0309S,31,89,68
2023/12/03 14:00,05F0287S,05F0309S,32,91,19
2023/12/03 14:00,05F0287S,05F0309S,41,92,4
2023/12/03 14:00,05F0287S,05F0309S,42,0,0
2023/12/03 14:00,05F0287S,05F0309S,5,0,0
2023/12/03 14:00,05F0309S,05F0439S,31,483,50
2023/12/03 14:00,05F0309S,05F0439S,32,494,10
2023/12/03 14:00,05F0309S,05F0439S,41,520,6
2023/12/03 14:00,05F0309S,05F0439S,42,0,0
2023/12/03 14:00,05F0309S,05F0439S,5,0,0
2023/12/03 14:00,05F0439S,05F0494S,31,214,43
2023/12/03 14:00,05F0439S,05F0494S,32,215,7
2023/12/03 14:00,05F0439S,05F0494S,41,674,2
2023/12/03 14:00,05F0439S,05F0494S,42,241,1
2023/12/03 14:00,05F0439S,05F0494S,5,0,0
2023/12/03 14:05,05F0000S,05F0055S,31,253,117
2023/12/03 14:05,05F0000S,05F0055S,32,255,27
2023/12/03 14:05,05F0000S,05F0055S,41,959,4
2023/12/03 14:05,05F0000S,05F0055S,42,0,0
2023/12/03 14:05,05F0000S,05F0055S,5,0,0
2023/12/03 14:05,05F0055S,05F0287S,31,1048,138
2023/12/03 14:05,05F0055S,05F0287S,32,1039,25
2023/12/03 14:05,05F0055S,05F0287S,41,1040,5
2023/12/03 14:05,05F0055S,05F0287S,42,0,0
2023/12/03 14:05,05F0055S,05F0287S,5,0,0
2023/12/03 14:05,05F0287S,05F0309S,31,88,68
2023/12/03 14:05,05F0287S,05F0309S,32,89,18
2023/12/03 14:05,05F0287S,05F0309S,41,0,0
2023/12/03 14:05,05F0287S,05F0309S,42,0,0
2023/12/03 14:05,05F0287S,05F0309S,5,0,0
2023/12/03 14:05,05F0309S,05F0439S,31,480,37
2023/12/03 14:05,05F0309S,05F0439S,32,477,6
2023/12/03 14:05,05F0309S,05F0439S,41,523,3
2023/12/03 14:05,05F0309S,05F0439S,42,524,1
2023/12/03 14:05,05F0309S,05F0439S,5,524,1
2023/12/03 14:05,05F0439S,05F0494S,31,213,35
2023/12/03 14:05,05F0439S,05F0494S,32,217,8
2023/12/03 14:05,05F0439S,05F0494S,41,231,2
2023/12/03 14:05,05F0439S,05F0494S,42,0,0
2023/12/03 14:05,05F0439S,05F0494S,5,242,1
2023/12/03 14:10,05F0000S,05F0055S,31,254,114
2023/12/03 14:10,05F0000S,05F0055S,32,254,29
2023/12/03 14:10,05F0000S,05F0055S,41,270,6
2023/12/03 14:10,05F0000S,05F0055S,42,0,0
2023/12/03 14:10,05F0000S,05F0055S,5,0,0
2023/12/03 14:10,05F0055S,05F0287S,31,1022,93
2023/12/03 14:10,05F0055S,05F0287S,32,1013,25
2023/12/03 14:10,05F0055S,05F0287S,41,1053,4
2023/12/03 14:10,05F0055S,05F0287S,42,0,0
2023/12/03 14:10,05F0055S,05F0287S,5,0,0
2023/12/03 14:10,05F0287S,05F0309S,31,86,81
2023/12/03 14:10,05F0287S,05F0309S,32,86,18
2023/12/03 14:10,05F0287S,05F0309S,41,91,5
2023/12/03 14:10,05F0287S,05F0309S,42,0,0
2023/12/03 14:10,05F0287S,05F0309S,5,0,0
2023/12/03 14:10,05F0309S,05F0439S,31,488,47
2023/12/03 14:10,05F0309S,05F0439S,32,505,14
2023/12/03 14:10,05F0309S,05F0439S,41,1233,2
2023/12/03 14:10,05F0309S,05F0439S,42,0,0
2023/12/03 14:10,05F0309S,05F0439S,5,0,0
2023/12/03 14:10,05F0439S,05F0494S,31,216,33
2023/12/03 14:10,05F0439S,05F0494S,32,209,7
2023/12/03 14:10,05F0439S,05F0494S,41,0,0
2023/12/03 14:10,05F0439S,05F0494S,42,218,2
2023/12/03 14:10,05F0439S,05F0494S,5,222,1
2023/12/03 14:15,05F0000S,05F0055S,31,251,115
2023/12/03 14:15,05F0000S,05F0055S,32,251,18
2023/12/03 14:15,05F0000S,05F0055S,41,268,5
2023/12/03 14:15,05F0000S,05F0055S,42,0,0
2023/12/03 14:15,05F0000S,05F0055S,5,0,0
2023/12/03 14:15,05F0055S,05F0287S,31,1020,116
2023/12/03 14:15,05F0055S,05F0287S,32,1020,29
2023/12/03 14:15,05F0055S,05F0287S,41,1057,5
2023/12/03 14:15,05F0055S,05F0287S,42,0,0
2023/12/03 14:15,05F0055S,05F0287S,5,0,0
2023/12/03 14:15,05F0287S,05F0309S,31,86,73
2023/12/03 14:15,05F0287S,05F0309S,32,87,17
2023/12/03 14:15,05F0287S,05F0309S,41,97,3
2023/12/03 14:15,05F0287S,05F0309S,42,0,0
2023/12/03 14:15,05F0287S,05F0309S,5,0,0
2023/12/03 14:15,05F0309S,05F0439S,31,502,65
2023/12/03 14:15,05F0309S,05F0439S,32,485,7
2023/12/03 14:15,05F0309S,05F0439S,41,517,1
2023/12/03 14:15,05F0309S,05F0439S,42,0,0
2023/12/03 14:15,05F0309S,05F0439S,5,567,1
2023/12/03 14:15,05F0439S,05F0494S,31,209,33
2023/12/03 14:15,05F0439S,05F0494S,32,212,5
2023/12/03 14:15,05F0439S,05F0494S,41,0,0
2023/12/03 14:15,05F0439S,05F0494S,42,0,0
2023/12/03 14:15,05F0439S,05F0494S,5,0,0
2023/12/03 14:20,05F0000S,05F0055S,31,261,111
2023/12/03 14:20,05F0000S,05F0055S,32,259,26
2023/12/03 14:20,05F0000S,05F0055S,41,267,4
2023/12/03 14:20,05F0000S,05F0055S,42,0,0
2023/12/03 14:20,05F0000S,05F0055S,5,0,0
2023/12/03 14:20,05F0055S,05F0287S,31,1053,129
2023/12/03 14:20,05F0055S,05F0287S,32,1053,31
2023/12/03 14:20,05F0055S,05F0287S,41,1093,7
2023/12/03 14:20,05F0055S,05F0287S,42,0,0
2023/12/03 14:20,05F0055S,05F0287S,5,0,0
2023/12/03 14:20,05F0287S,05F0309S,31,88,81
2023/12/03 14:20,05F0287S,05F0309S,32,88,18
2023/12/03 14:20,05F0287S,05F0309S,41,91,6
2023/12/03 14:20,05F0287S,05F0309S,42,0,0
2023/12/03 14:20,05F0287S,05F0309S,5,0,0
2023/12/03 14:20,05F0309S,05F0439S,31,492,41
2023/12/03 14:20,05F0309S,05F0439S,32,500,6
2023/12/03 14:20,05F0309S,05F0439S,41,519,2
2023/12/03 14:20,05F0309S,05F0439S,42,0,0
2023/12/03 14:20,05F0309S,05F0439S,5,0,0
2023/12/03 14:20,05F0439S,05F0494S,31,213,42
2023/12/03 14:20,05F0439S,05F0494S,32,222,11
2023/12/03 14:20,05F0439S,05F0494S,41,220,2
2023/12/03 14:20,05F0439S,05F0494S,42,0,0
2023/12/03 14:20,05F0439S,05F0494S,5,0,0
2023/12/03 14:25,05F0000S,05F0055S,31,281,114
2023/12/03 14:25,05F0000S,05F0055S,32,273,30
2023/12/03 14:25,05F0000S,05F0055S,41,264,4
2023/12/03 14:25,05F0000S,05F0055S,42,0,0
2023/12/03 14:25,05F0000S,05F0055S,5,0,0
2023/12/03 14:25,05F0055S,05F0287S,31,1021,131
2023/12/03 14:25,05F0055S,05F0287S,32,1029,37
2023/12/03 14:25,05F0055S,05F0287S,41,1032,3
2023/12/03 14:25,05F0055S,05F0287S,42,0,0
2023/12/03 14:25,05F0055S,05F0287S,5,0,0
2023/12/03 14:25,05F0287S,05F0309S,31,85,86
2023/12/03 14:25,05F0287S,05F0309S,32,86,24
2023/12/03 14:25,05F0287S,05F0309S,41,0,0
2023/12/03 14:25,05F0287S,05F0309S,42,0,0
2023/12/03 14:25,05F0287S,05F0309S,5,0,0
2023/12/03 14:25,05F0309S,05F0439S,31,492,41
2023/12/03 14:25,05F0309S,05F0439S,32,482,9
2023/12/03 14:25,05F0309S,05F0439S,41,525,4
2023/12/03 14:25,05F0309S,05F0439S,42,0,0
2023/12/03 14:25,05F0309S,05F0439S,5,508,1
2023/12/03 14:25,05F0439S,05F0494S,31,207,36
2023/12/03 14:25,05F0439S,05F0494S,32,208,10
2023/12/03 14:25,05F0439S,05F0494S,41,263,1
2023/12/03 14:25,05F0439S,05F0494S,42,0,0
2023/12/03 14:25,05F0439S,05F0494S,5,0,0
2023/12/03 14:30,05F0000S,05F0055S,31,257,109
2023/12/03 14:30,05F0000S,05F0055S,32,261,27
2023/12/03 14:30,05F0000S,05F0055S,41,261,4
2023/12/03 14:30,05F0000S,05F0055S,42,0,0
2023/12/03 14:30,05F0000S,05F0055S,5,0,0
2023/12/03 14:30,05F0055S,05F0287S,31,1002,108
2023/12/03 14:30,05F0055S,05F0287S,32,990,18
2023/12/03 14:30,05F0055S,05F0287S,41,1023,6
2023/12/03 14:30,05F0055S,05F0287S,42,0,0
2023/12/03 14:30,05F0055S,05F0287S,5,0,0
2023/12/03 14:30,05F0287S,05F0309S,31,86,79
2023/12/03 14:30,05F0287S,05F0309S,32,86,19
2023/12/03 14:30,05F0287S,05F0309S,41,92,5
2023/12/03 14:30,05F0287S,05F0309S,42,0,0
2023/12/03 14:30,05F0287S,05F0309S,5,0,0
2023/12/03 14:30,05F0309S,05F0439S,31,495,67
2023/12/03 14:30,05F0309S,05F0439S,32,521,17
2023/12/03 14:30,05F0309S,05F0439S,41,521,2
2023/12/03 14:30,05F0309S,05F0439S,42,0,0
2023/12/03 14:30,05F0309S,05F0439S,5,0,0
2023/12/03 14:30,05F0439S,05F0494S,31,214,30
2023/12/03 14:30,05F0439S,05F0494S,32,208,7
2023/12/03 14:30,05F0439S,05F0494S,41,0,0
2023/12/03 14:30,05F0439S,05F0494S,42,0,0
2023/12/03 14:30,05F0439S,05F0494S,5,207,1
2023/12/03 14:35,05F0000S,05F0055S,31,258,95
2023/12/03 14:35,05F0000S,05F0055S,32,259,24
2023/12/03 14:35,05F0000S,05F0055S,41,267,2
2023/12/03 14:35,05F0000S,05F0055S,42,0,0
2023/12/03 14:35,05F0000S,05F0055S,5,0,0
2023/12/03 14:35,05F0055S,05F0287S,31,1039,108
2023/12/03 14:35,05F0055S,05F0287S,32,1035,24
2023/12/03 14:35,05F0055S,05F0287S,41,1071,5
2023/12/03 14:35,05F0055S,05F0287S,42,0,0
2023/12/03 14:35,05F0055S,05F0287S,5,0,0
2023/12/03 14:35,05F0287S,05F0309S,31,85,57
2023/12/03 14:35,05F0287S,05F0309S,32,88,13
2023/12/03 14:35,05F0287S,05F0309S,41,91,5
2023/12/03 14:35,05F0287S,05F0309S,42,0,0
2023/12/03 14:35,05F0287S,05F0309S,5,0,0
2023/12/03 14:35,05F0309S,05F0439S,31,490,72
2023/12/03 14:35,05F0309S,05F0439S,32,482,16
2023/12/03 14:35,05F0309S,05F0439S,41,541,2
2023/12/03 14:35,05F0309S,05F0439S,42,516,1
2023/12/03 14:35,05F0309S,05F0439S,5,504,2
2023/12/03 14:35,05F0439S,05F0494S,31,207,37
2023/12/03 14:35,05F0439S,05F0494S,32,216,12
2023/12/03 14:35,05F0439S,05F0494S,41,0,0
2023/12/03 14:35,05F0439S,05F0494S,42,0,0
2023/12/03 14:35,05F0439S,05F0494S,5,209,1
2023/12/03 14:40,05F0000S,05F0055S,31,261,127
2023/12/03 14:40,05F0000S,05F0055S,32,256,34
2023/12/03 14:40,05F0000S,05F0055S,41,264,5
2023/12/03 14:40,05F0000S,05F0055S,42,0,0
2023/12/03 14:40,05F0000S,05F0055S,5,0,0
2023/12/03 14:40,05F0055S,05F0287S,31,1025,97
2023/12/03 14:40,05F0055S,05F0287S,32,1038,33
2023/12/03 14:40,05F0055S,05F0287S,41,1075,5
2023/12/03 14:40,05F0055S,05F0287S,42,0,0
2023/12/03 14:40,05F0055S,05F0287S,5,0,0
2023/12/03 14:40,05F0287S,05F0309S,31,89,59
2023/12/03 14:40,05F0287S,05F0309S,32,88,18
2023/12/03 14:40,05F0287S,05F0309S,41,96,5
2023/12/03 14:40,05F0287S,05F0309S,42,0,0
2023/12/03 14:40,05F0287S,05F0309S,5,0,0
2023/12/03 14:40,05F0309S,05F0439S,31,492,45
2023/12/03 14:40,05F0309S,05F0439S,32,492,11
2023/12/03 14:40,05F0309S,05F0439S,41,509,2
2023/12/03 14:40,05F0309S,05F0439S,42,0,0
2023/12/03 14:40,05F0309S,05F0439S,5,492,1
2023/12/03 14:40,05F0439S,05F0494S,31,207,38
2023/12/03 14:40,05F0439S,05F0494S,32,215,18
2023/12/03 14:40,05F0439S,05F0494S,41,0,0
2023/12/03 14:40,05F0439S,05F0494S,42,223,1
2023/12/03 14:40,05F0439S,05F0494S,5,219,1
2023/12/03 14:45,05F0000S,05F0055S,31,254,104
2023/12/03 14:45,05F0000S,05F0055S,32,249,22
2023/12/03 14:45,05F0000S,05F0055S,41,241,3
2023/12/03 14:45,05F0000S,05F0055S,42,0,0
2023/12/03 14:45,05F0000S,05F0055S,5,0,0
2023/12/03 14:45,05F0055S,05F0287S,31,1084,118
2023/12/03 14:45,05F0055S,05F0287S,32,1070,26
2023/12/03 14:45,05F0055S,05F0287S,41,1159,3
2023/12/03 14:45,05F0055S,05F0287S,42,0,0
2023/12/03 14:45,05F0055S,05F0287S,5,0,0
2023/12/03 14:45,05F0287S,05F0309S,31,87,81
2023/12/03 14:45,05F0287S,05F0309S,32,90,17
2023/12/03 14:45,05F0287S,05F0309S,41,96,3
2023/12/03 14:45,05F0287S,05F0309S,42,0,0
2023/12/03 14:45,05F0287S,05F0309S,5,0,0
2023/12/03 14:45,05F0309S,05F0439S,31,486,40
2023/12/03 14:45,05F0309S,05F0439S,32,494,11
2023/12/03 14:45,05F0309S,05F0439S,41,531,5
2023/12/03 14:45,05F0309S,05F0439S,42,0,0
2023/12/03 14:45,05F0309S,05F0439S,5,530,1
2023/12/03 14:45,05F0439S,05F0494S,31,207,30
2023/12/03 14:45,05F0439S,05F0494S,32,228,7
2023/12/03 14:45,05F0439S,05F0494S,41,0,0
2023/12/03 14:45,05F0439S,05F0494S,42,0,0
2023/12/03 14:45,05F0439S,05F0494S,5,209,1
2023/12/03 14:50,05F0000S,05F0055S,31,264,123
2023/12/03 14:50,05F0000S,05F0055S,32,253,23
2023/12/03 14:50,05F0000S,05F0055S,41,248,5
2023/12/03 14:50,05F0000S,05F0055S,42,0,0
2023/12/03 14:50,05F0000S,05F0055S,5,0,0
2023/12/03 14:50,05F0055S,05F0287S,31,1048,127
2023/12/03 14:50,05F0055S,05F0287S,32,1056,44
2023/12/03 14:50,05F0055S,05F0287S,41,1119,5
2023/12/03 14:50,05F0055S,05F0287S,42,0,0
2023/12/03 14:50,05F0055S,05F0287S,5,0,0
2023/12/03 14:50,05F0287S,05F0309S,31,89,78
2023/12/03 14:50,05F0287S,05F0309S,32,91,23
2023/12/03 14:50,05F0287S,05F0309S,41,95,4
2023/12/03 14:50,05F0287S,05F0309S,42,0,0
2023/12/03 14:50,05F0287S,05F0309S,5,0,0
2023/12/03 14:50,05F0309S,05F0439S,31,493,38
2023/12/03 14:50,05F0309S,05F0439S,32,499,12
2023/12/03 14:50,05F0309S,05F0439S,41,534,4
2023/12/03 14:50,05F0309S,05F0439S,42,0,0
2023/12/03 14:50,05F0309S,05F0439S,5,0,0
2023/12/03 14:50,05F0439S,05F0494S,31,220,24
2023/12/03 14:50,05F0439S,05F0494S,32,199,9
2023/12/03 14:50,05F0439S,05F0494S,41,217,2
2023/12/03 14:50,05F0439S,05F0494S,42,219,2
2023/12/03 14:50,05F0439S,05F0494S,5,0,0
2023/12/03 14:55,05F0000S,05F0055S,31,256,99
2023/12/03 14:55,05F0000S,05F0055S,32,260,22
2023/12/03 14:55,05F0000S,05F0055S,41,257,6
2023/12/03 14:55,05F0000S,05F0055S,42,0,0
2023/12/03 14:55,05F0000S,05F0055S,5,0,0
2023/12/03 14:55,05F0055S,05F0287S,31,1031,102
2023/12/03 14:55,05F0055S,05F0287S,32,1051,25
2023/12/03 14:55,05F0055S,05F0287S,41,1094,3
2023/12/03 14:55,05F0055S,05F0287S,42,0,0
2023/12/03 14:55,05F0055S,05F0287S,5,0,0
2023/12/03 14:55,05F0287S,05F0309S,31,86,84
2023/12/03 14:55,05F0287S,05F0309S,32,89,12
2023/12/03 14:55,05F0287S,05F0309S,41,94,1
2023/12/03 14:55,05F0287S,05F0309S,42,0,0
2023/12/03 14:55,05F0287S,05F0309S,5,0,0
2023/12/03 14:55,05F0309S,05F0439S,31,475,52
2023/12/03 14:55,05F0309S,05F0439S,32,510,12
2023/12/03 14:55,05F0309S,05F0439S,41,561,1
2023/12/03 14:55,05F0309S,05F0439S,42,525,1
2023/12/03 14:55,05F0309S,05F0439S,5,0,0
2023/12/03 14:55,05F0439S,05F0494S,31,214,32
2023/12/03 14:55,05F0439S,05F0494S,32,222,10
2023/12/03 14:55,05F0439S,05F0494S,41,0,0
2023/12/03 14:55,05F0439S,05F0494S,42,0,0
2023/12/03 14:55,05F0439S,05F0494S,5,0,0
2023/12/03 15:00,05F0000S,05F0055S,31,259,125
2023/12/03 15:00,05F0000S,05F0055S,32,257,31
2023/12/03 15:00,05F0000S,05F0055S,41,270,2
2023/12/03 15:00,05F0000S,05F0055S,42,0,0
2023/12/03 15:00,05F0000S,05F0055S,5,0,0
2023/12/03 15:00,05F0055S,05F0287S,31,1046,142
2023/12/03 15:00,05F0055S,05F0287S,32,1047,28
2023/12/03 15:00,05F0055S,05F0287S,41,1065,5
2023/12/03 15:00,05F0055S,05F0287S,42,0,0
2023/12/03 15:00,05F0055S,05F0287S,5,0,0
2023/12/03 15:00,05F0287S,05F0309S,31,87,83
2023/12/03 15:00,05F0287S,05F0309S,32,88,21
2023/12/03 15:00,05F0287S,05F0309S,41,91,5
2023/12/03 15:00,05F0287S,05F0309S,42,0,0
2023/12/03 15:00,05F0287S,05F0309S,5,0,0
2023/12/03 15:00,05F0309S,05F0439S,31,477,55
2023/12/03 15:00,05F0309S,05F0439S,32,500,14
2023/12/03 15:00,05F0309S,05F0439S,41,525,4
2023/12/03 15:00,05F0309S,05F0439S,42,550,2
2023/12/03 15:00,05F0309S,05F0439S,5,0,0
2023/12/03 15:00,05F0439S,05F0494S,31,206,39
2023/12/03 15:00,05F0439S,05F0494S,32,218,9
2023/12/03 15:00,05F0439S,05F0494S,41,232,1
2023/12/03 15:00,05F0439S,05F0494S,42,225,2
2023/12/03 15:00,05F0439S,05F0494S,5,0,0
2023/12/03 15:05,05F0000S,05F0055S,31,257,116
2023/12/03 15:05,05F0000S,05F0055S,32,258,31
2023/12/03 15:05,05F0000S,05F0055S,41,257,5
2023/12/03 15:05,05F0000S,05F0055S,42,0,0
2023/12/03 15:05,05F0000S,05F0055S,5,0,0
2023/12/03 15:05,05F0055S,05F0287S,31,1035,113
2023/12/03 15:05,05F0055S,05F0287S,32,1030,31
2023/12/03 15:05,05F0055S,05F0287S,41,1048,6
2023/12/03 15:05,05F0055S,05F0287S,42,0,0
2023/12/03 15:05,05F0055S,05F0287S,5,0,0
2023/12/03 15:05,05F0287S,05F0309S,31,86,74
2023/12/03 15:05,05F0287S,05F0309S,32,85,23
2023/12/03 15:05,05F0287S,05F0309S,41,90,3
2023/12/03 15:05,05F0287S,05F0309S,42,0,0
2023/12/03 15:05,05F0287S,05F0309S,5,0,0
2023/12/03 15:05,05F0309S,05F0439S,31,470,47
2023/12/03 15:05,05F0309S,05F0439S,32,458,12
2023/12/03 15:05,05F0309S,05F0439S,41,547,2
2023/12/03 15:05,05F0309S,05F0439S,42,523,1
2023/12/03 15:05,05F0309S,05F0439S,5,0,0
2023/12/03 15:05,05F0439S,05F0494S,31,211,35
2023/12/03 15:05,05F0439S,05F0494S,32,213,12
2023/12/03 15:05,05F0439S,05F0494S,41,223,1
2023/12/03 15:05,05F0439S,05F0494S,42,231,1
2023/12/03 15:05,05F0439S,05F0494S,5,0,0
2023/12/03 15:10,05F0000S,05F0055S,31,263,131
2023/12/03 15:10,05F0000S,05F0055S,32,259,22
2023/12/03 15:10,05F0000S,05F0055S,41,264,4
2023/12/03 15:10,05F0000S,05F0055S,42,0,0
2023/12/03 15:10,05F0000S,05F0055S,5,0,0
2023/12/03 15:10,05F0055S,05F0287S,31,1021,136
2023/12/03 15:10,05F0055S,05F0287S,32,1012,25
2023/12/03 15:10,05F0055S,05F0287S,41,1011,2
2023/12/03 15:10,05F0055S,05F0287S,42,0,0
2023/12/03 15:10,05F0055S,05F0287S,5,0,0
2023/12/03 15:10,05F0287S,05F0309S,31,87,96
2023/12/03 15:10,05F0287S,05F0309S,32,87,19
2023/12/03 15:10,05F0287S,05F0309S,41,92,3
2023/12/03 15:10,05F0287S,05F0309S,42,0,0
2023/12/03 15:10,05F0287S,05F0309S,5,0,0
2023/12/03 15:10,05F0309S,05F0439S,31,489,72
2023/12/03 15:10,05F0309S,05F0439S,32,490,10
2023/12/03 15:10,05F0309S,05F0439S,41,536,3
2023/12/03 15:10,05F0309S,05F0439S,42,0,0
2023/12/03 15:10,05F0309S,05F0439S,5,0,0
2023/12/03 15:10,05F0439S,05F0494S,31,209,26
2023/12/03 15:10,05F0439S,05F0494S,32,231,5
2023/12/03 15:10,05F0439S,05F0494S,41,0,0
2023/12/03 15:10,05F0439S,05F0494S,42,220,1
2023/12/03 15:10,05F0439S,05F0494S,5,0,0
2023/12/03 15:15,05F0000S,05F0055S,31,253,93
2023/12/03 15:15,05F0000S,05F0055S,32,253,23
2023/12/03 15:15,05F0000S,05F0055S,41,253,4
2023/12/03 15:15,05F0000S,05F0055S,42,0,0
2023/12/03 15:15,05F0000S,05F0055S,5,0,0
2023/12/03 15:15,05F0055S,05F0287S,31,1024,117
2023/12/03 15:15,05F0055S,05F0287S,32,1028,28
2023/12/03 15:15,05F0055S,05F0287S,41,1055,4
2023/12/03 15:15,05F0055S,05F0287S,42,0,0
2023/12/03 15:15,05F0055S,05F0287S,5,0,0
2023/12/03 15:15,05F0287S,05F0309S,31,86,83
2023/12/03 15:15,05F0287S,05F0309S,32,87,24
2023/12/03 15:15,05F0287S,05F0309S,41,97,6
2023/12/03 15:15,05F0287S,05F0309S,42,0,0
2023/12/03 15:15,05F0287S,05F0309S,5,0,0
2023/12/03 15:15,05F0309S,05F0439S,31,481,54
2023/12/03 15:15,05F0309S,05F0439S,32,467,24
2023/12/03 15:15,05F0309S,05F0439S,41,528,1
2023/12/03 15:15,05F0309S,05F0439S,42,0,0
2023/12/03 15:15,05F0309S,05F0439S,5,0,0
2023/12/03 15:15,05F0439S,05F0494S,31,209,34
2023/12/03 15:15,05F0439S,05F0494S,32,205,6
2023/12/03 15:15,05F0439S,05F0494S,41,0,0
2023/12/03 15:15,05F0439S,05F0494S,42,238,1
2023/12/03 15:15,05F0439S,05F0494S,5,0,0
2023/12/03 15:20,05F0000S,05F0055S,31,251,109
2023/12/03 15:20,05F0000S,05F0055S,32,251,26
2023/12/03 15:20,05F0000S,05F0055S,41,255,3
2023/12/03 15:20,05F0000S,05F0055S,42,0,0
2023/12/03 15:20,05F0000S,05F0055S,5,0,0
2023/12/03 15:20,05F0055S,05F0287S,31,1028,125
2023/12/03 15:20,05F0055S,05F0287S,32,1033,28
2023/12/03 15:20,05F0055S,05F0287S,41,1058,5
2023/12/03 15:20,05F0055S,05F0287S,42,0,0
2023/12/03 15:20,05F0055S,05F0287S,5,0,0
2023/12/03 15:20,05F0287S,05F0309S,31,88,93
2023/12/03 15:20,05F0287S,05F0309S,32,86,22
2023/12/03 15:20,05F0287S,05F0309S,41,97,2
2023/12/03 15:20,05F0287S,05F0309S,42,0,0
2023/12/03 15:20,05F0287S,05F0309S,5,0,0
2023/12/03 15:20,05F0309S,05F0439S,31,483,54
2023/12/03 15:20,05F0309S,05F0439S,32,492,10
2023/12/03 15:20,05F0309S,05F0439S,41,1779,1
2023/12/03 15:20,05F0309S,05F0439S,42,475,1
2023/12/03 15:20,05F0309S,05F0439S,5,0,0
2023/12/03 15:20,05F0439S,05F0494S,31,202,38
2023/12/03 15:20,05F0439S,05F0494S,32,213,7
2023/12/03 15:20,05F0439S,05F0494S,41,0,0
2023/12/03 15:20,05F0439S,05F0494S,42,234,1
2023/12/03 15:20,05F0439S,05F0494S,5,0,0
2023/12/03 15:25,05F0000S,05F0055S,31,259,114
2023/12/03 15:25,05F0000S,05F0055S,32,262,25
2023/12/03 15:25,05F0000S,05F0055S,41,264,6
2023/12/03 15:25,05F0000S,05F0055S,42,0,0
2023/12/03 15:25,05F0000S,05F0055S,5,0,0
2023/12/03 15:25,05F0055S,05F0287S,31,1033,119
2023/12/03 15:25,05F0055S,05F0287S,32,1027,26
2023/12/03 15:25,05F0055S,05F0287S,41,1069,2
2023/12/03 15:25,05F0055S,05F0287S,42,0,0
2023/12/03 15:25,05F0055S,05F0287S,5,0,0
2023/12/03 15:25,05F0287S,05F0309S,31,85,76
2023/12/03 15:25,05F0287S,05F0309S,32,89,19
2023/12/03 15:25,05F0287S,05F0309S,41,92,4
2023/12/03 15:25,05F0287S,05F0309S,42,0,0
2023/12/03 15:25,05F0287S,05F0309S,5,0,0
2023/12/03 15:25,05F0309S,05F0439S,31,478,67
2023/12/03 15:25,05F0309S,05F0439S,32,486,17
2023/12/03 15:25,05F0309S,05F0439S,41,514,3
2023/12/03 15:25,05F0309S,05F0439S,42,0,0
2023/12/03 15:25,05F0309S,05F0439S,5,0,0
2023/12/03 15:25,05F0439S,05F0494S,31,209,35
2023/12/03 15:25,05F0439S,05F0494S,32,209,10
2023/12/03 15:25,05F0439S,05F0494S,41,0,0
2023/12/03 15:25,05F0439S,05F0494S,42,242,1
2023/12/03 15:25,05F0439S,05F0494S,5,0,0
2023/12/03 15:30,05F0000S,05F0055S,31,257,106
2023/12/03 15:30,05F0000S,05F0055S,32,263,27
2023/12/03 15:30,05F0000S,05F0055S,41,262,7
2023/12/03 15:30,05F0000S,05F0055S,42,0,0
2023/12/03 15:30,05F0000S,05F0055S,5,0,0
2023/12/03 15:30,05F0055S,05F0287S,31,1008,123
2023/12/03 15:30,05F0055S,05F0287S,32,1007,28
2023/12/03 15:30,05F0055S,05F0287S,41,1071,4
2023/12/03 15:30,05F0055S,05F0287S,42,0,0
2023/12/03 15:30,05F0055S,05F0287S,5,0,0
2023/12/03 15:30,05F0287S,05F0309S,31,87,92
2023/12/03 15:30,05F0287S,05F0309S,32,84,18
2023/12/03 15:30,05F0287S,05F0309S,41,92,2
2023/12/03 15:30,05F0287S,05F0309S,42,0,0
2023/12/03 15:30,05F0287S,05F0309S,5,0,0
2023/12/03 15:30,05F0309S,05F0439S,31,462,52
2023/12/03 15:30,05F0309S,05F0439S,32,481,12
2023/12/03 15:30,05F0309S,05F0439S,41,535,3
2023/12/03 15:30,05F0309S,05F0439S,42,0,0
2023/12/03 15:30,05F0309S,05F0439S,5,0,0
2023/12/03 15:30,05F0439S,05F0494S,31,202,32
2023/12/03 15:30,05F0439S,05F0494S,32,202,8
2023/12/03 15:30,05F0439S,05F0494S,41,0,0
2023/12/03 15:30,05F0439S,05F0494S,42,0,0
2023/12/03 15:30,05F0439S,05F0494S,5,0,0
2023/12/03 15:35,05F0000S,05F0055S,31,259,126
2023/12/03 15:35,05F0000S,05F0055S,32,256,24
2023/12/03 15:35,05F0000S,05F0055S,41,260,8
2023/12/03 15:35,05F0000S,05F0055S,42,0,0
2023/12/03 15:35,05F0000S,05F0055S,5,0,0
2023/12/03 15:35,05F0055S,05F0287S,31,996,99
2023/12/03 15:35,05F0055S,05F0287S,32,995,24
2023/12/03 15:35,05F0055S,05F0287S,41,1031,6
2023/12/03 15:35,05F0055S,05F0287S,42,0,0
2023/12/03 15:35,05F0055S,05F0287S,5,0,0
2023/12/03 15:35,05F0287S,05F0309S,31,85,58
2023/12/03 15:35,05F0287S,05F0309S,32,86,18
2023/12/03 15:35,05F0287S,05F0309S,41,93,6
2023/12/03 15:35,05F0287S,05F0309S,42,0,0
2023/12/03 15:35,05F0287S,05F0309S,5,0,0
2023/12/03 15:35,05F0309S,05F0439S,31,472,60
2023/12/03 15:35,05F0309S,05F0439S,32,472,11
2023/12/03 15:35,05F0309S,05F0439S,41,529,2
2023/12/03 15:35,05F0309S,05F0439S,42,0,0
2023/12/03 15:35,05F0309S,05F0439S,5,0,0
2023/12/03 15:35,05F0439S,05F0494S,31,207,40
2023/12/03 15:35,05F0439S,05F0494S,32,212,7
2023/12/03 15:35,05F0439S,05F0494S,41,223,1
2023/12/03 15:35,05F0439S,05F0494S,42,231,1
2023/12/03 15:35,05F0439S,05F0494S,5,0,0
2023/12/03 15:40,05F0000S,05F0055S,31,251,113
2023/12/03 15:40,05F0000S,05F0055S,32,258,28
2023/12/03 15:40,05F0000S,05F0055S,41,270,4
2023/12/03 15:40,05F0000S,05F0055S,42,0,0
2023/12/03 15:40,05F0000S,05F0055S,5,0,0
2023/12/03 15:40,05F0055S,05F0287S,31,1005,125
2023/12/03 15:40,05F0055S,05F0287S,32,1006,28
2023/12/03 15:40,05F0055S,05F0287S,41,1012,5
2023/12/03 15:40,05F0055S,05F0287S,42,0,0
2023/12/03 15:40,05F0055S,05F0287S,5,0,0
2023/12/03 15:40,05F0287S,05F0309S,31,87,86
2023/12/03 15:40,05F0287S,05F0309S,32,84,20
2023/12/03 15:40,05F0287S,05F0309S,41,89,2
2023/12/03 15:40,05F0287S,05F0309S,42,0,0
2023/12/03 15:40,05F0287S,05F0309S,5,0,0
2023/12/03 15:40,05F0309S,05F0439S,31,469,43
2023/12/03 15:40,05F0309S,05F0439S,32,486,11
2023/12/03 15:40,05F0309S,05F0439S,41,520,2
2023/12/03 15:40,05F0309S,05F0439S,42,0,0
2023/12/03 15:40,05F0309S,05F0439S,5,520,4
2023/12/03 15:40,05F0439S,05F0494S,31,207,40
2023/12/03 15:40,05F0439S,05F0494S,32,210,8
2023/12/03 15:40,05F0439S,05F0494S,41,0,0
2023/12/03 15:40,05F0439S,05F0494S,42,0,0
2023/12/03 15:40,05F0439S,05F0494S,5,0,0
2023/12/03 15:45,05F0000S,05F0055S,31,252,122
2023/12/03 15:45,05F0000S,05F0055S,32,257,25
2023/12/03 15:45,05F0000S,05F0055S,41,252,3
2023/12/03 15:45,05F0000S,05F0055S,42,0,0
2023/12/03 15:45,05F0000S,05F0055S,5,0,0
2023/12/03 15:45,05F0055S,05F0287S,31,1043,114
2023/12/03 15:45,05F0055S,05F0287S,32,1051,22
2023/12/03 15:45,05F0055S,05F0287S,41,1065,6
2023/12/03 15:45,05F0055S,05F0287S,42,0,0
2023/12/03 15:45,05F0055S,05F0287S,5,0,0
2023/12/03 15:45,05F0287S,05F0309S,31,85,61
2023/12/03 15:45,05F0287S,05F0309S,32,86,12
2023/12/03 15:45,05F0287S,05F0309S,41,92,5
2023/12/03 15:45,05F0287S,05F0309S,42,0,0
2023/12/03 15:45,05F0287S,05F0309S,5,0,0
2023/12/03 15:45,05F0309S,05F0439S,31,463,38
2023/12/03 15:45,05F0309S,05F0439S,32,478,12
2023/12/03 15:45,05F0309S,05F0439S,41,514,4
2023/12/03 15:45,05F0309S,05F0439S,42,0,0
2023/12/03 15:45,05F0309S,05F0439S,5,0,0
2023/12/03 15:45,05F0439S,05F0494S,31,207,28
2023/12/03 15:45,05F0439S,05F0494S,32,209,9
2023/12/03 15:45,05F0439S,05F0494S,41,0,0
2023/12/03 15:45,05F0439S,05F0494S,42,0,0
2023/12/03 15:45,05F0439S,05F0494S,5,218,3
2023/12/03 15:50,05F0000S,05F0055S,31,254,106
2023/12/03 15:50,05F0000S,05F0055S,32,254,32
2023/12/03 15:50,05F0000S,05F0055S,41,252,5
2023/12/03 15:50,05F0000S,05F0055S,42,0,0
2023/12/03 15:50,05F0000S,05F0055S,5,0,0
2023/12/03 15:50,05F0055S,05F0287S,31,1035,116
2023/12/03 15:50,05F0055S,05F0287S,32,1039,34
2023/12/03 15:50,05F0055S,05F0287S,41,1054,7
2023/12/03 15:50,05F0055S,05F0287S,42,0,0
2023/12/03 15:50,05F0055S,05F0287S,5,0,0
2023/12/03 15:50,05F0287S,05F0309S,31,88,89
2023/12/03 15:50,05F0287S,05F0309S,32,90,26
2023/12/03 15:50,05F0287S,05F0309S,41,94,7
2023/12/03 15:50,05F0287S,05F0309S,42,0,0
2023/12/03 15:50,05F0287S,05F0309S,5,0,0
2023/12/03 15:50,05F0309S,05F0439S,31,475,48
2023/12/03 15:50,05F0309S,05F0439S,32,487,14
2023/12/03 15:50,05F0309S,05F0439S,41,520,2
2023/12/03 15:50,05F0309S,05F0439S,42,0,0
2023/12/03 15:50,05F0309S,05F0439S,5,0,0
2023/12/03 15:50,05F0439S,05F0494S,31,199,38
2023/12/03 15:50,05F0439S,05F0494S,32,0,0
2023/12/03 15:50,05F0439S,05F0494S,41,237,1
2023/12/03 15:50,05F0439S,05F0494S,42,0,0
2023/12/03 15:50,05F0439S,05F0494S,5,0,0
2023/12/03 15:55,05F0000S,05F0055S,31,249,105
2023/12/03 15:55,05F0000S,05F0055S,32,251,25
2023/12/03 15:55,05F0000S,05F0055S,41,256,5
2023/12/03 15:55,05F0000S,05F0055S,42,0,0
2023/12/03 15:55,05F0000S,05F0055S,5,0,0
2023/12/03 15:55,05F0055S,05F0287S,31,1028,139
2023/12/03 15:55,05F0055S,05F0287S,32,1023,30
2023/12/03 15:55,05F0055S,05F0287S,41,1054,7
2023/12/03 15:55,05F0055S,05F0287S,42,0,0
2023/12/03 15:55,05F0055S,05F0287S,5,0,0
2023/12/03 15:55,05F0287S,05F0309S,31,90,89
2023/12/03 15:55,05F0287S,05F0309S,32,90,21
2023/12/03 15:55,05F0287S,05F0309S,41,92,4
2023/12/03 15:55,05F0287S,05F0309S,42,0,0
2023/12/03 15:55,05F0287S,05F0309S,5,0,0
2023/12/03 15:55,05F0309S,05F0439S,31,476,47
2023/12/03 15:55,05F0309S,05F0439S,32,460,11
2023/12/03 15:55,05F0309S,05F0439S,41,517,2
2023/12/03 15:55,05F0309S,05F0439S,42,0,0
2023/12/03 15:55,05F0309S,05F0439S,5,0,0
2023/12/03 15:55,05F0439S,05F0494S,31,200,35
2023/12/03 15:55,05F0439S,05F0494S,32,202,8
2023/12/03 15:55,05F0439S,05F0494S,41,0,0
2023/12/03 15:55,05F0439S,05F0494S,42,0,0
2023/12/03 15:55,05F0439S,05F0494S,5,0,0
2023/12/03 16:00,05F0000S,05F0055S,31,260,94
2023/12/03 16:00,05F0000S,05F0055S,32,257,26
2023/12/03 16:00,05F0000S,05F0055S,41,251,8
2023/12/03 16:00,05F0000S,05F0055S,42,0,0
2023/12/03 16:00,05F0000S,05F0055S,5,0,0
2023/12/03 16:00,05F0055S,05F0287S,31,1019,119
2023/12/03 16:00,05F0055S,05F0287S,32,1033,23
2023/12/03 16:00,05F0055S,05F0287S,41,1052,4
2023/12/03 16:00,05F0055S,05F0287S,42,0,0
2023/12/03 16:00,05F0055S,05F0287S,5,0,0
2023/12/03 16:00,05F0287S,05F0309S,31,88,90
2023/12/03 16:00,05F0287S,05F0309S,32,91,18
2023/12/03 16:00,05F0287S,05F0309S,41,94,4
2023/12/03 16:00,05F0287S,05F0309S,42,0,0
2023/12/03 16:00,05F0287S,05F0309S,5,0,0
2023/12/03 16:00,05F0309S,05F0439S,31,480,39
2023/12/03 16:00,05F0309S,05F0439S,32,483,20
2023/12/03 16:00,05F0309S,05F0439S,41,545,4
2023/12/03 16:00,05F0309S,05F0439S,42,0,0
2023/12/03 16:00,05F0309S,05F0439S,5,0,0
2023/12/03 16:00,05F0439S,05F0494S,31,208,28
2023/12/03 16:00,05F0439S,05F0494S,32,205,14
2023/12/03 16:00,05F0439S,05F0494S,41,0,0
2023/12/03 16:00,05F0439S,05F0494S,42,0,0
2023/12/03 16:00,05F0439S,05F0494S,5,0,0
2023/12/03 16:05,05F0000S,05F0055S,31,258,118
2023/12/03 16:05,05F0000S,05F0055S,32,262,25
2023/12/03 16:05,05F0000S,05F0055S,41,264,4
2023/12/03 16:05,05F0000S,05F0055S,42,0,0
2023/12/03 16:05,05F0000S,05F0055S,5,0,0
2023/12/03 16:05,05F0055S,05F0287S,31,1018,104
2023/12/03 16:05,05F0055S,05F0287S,32,1012,34
2023/12/03 16:05,05F0055S,05F0287S,41,1075,5
2023/12/03 16:05,05F0055S,05F0287S,42,0,0
2023/12/03 16:05,05F0055S,05F0287S,5,0,0
2023/12/03 16:05,05F0287S,05F0309S,31,89,75
2023/12/03 16:05,05F0287S,05F0309S,32,88,27
2023/12/03 16:05,05F0287S,05F0309S,41,92,2
2023/12/03 16:05,05F0287S,05F0309S,42,0,0
2023/12/03 16:05,05F0287S,05F0309S,5,0,0
2023/12/03 16:05,05F0309S,05F0439S,31,488,67
2023/12/03 16:05,05F0309S,05F0439S,32,480,12
2023/12/03 16:05,05F0309S,05F0439S,41,529,3
2023/12/03 16:05,05F0309S,05F0439S,42,0,0
2023/12/03 16:05,05F0309S,05F0439S,5,546,1
2023/12/03 16:05,05F0439S,05F0494S,31,206,26
2023/12/03 16:05,05F0439S,05F0494S,32,211,13
2023/12/03 16:05,05F0439S,05F0494S,41,0,0
2023/12/03 16:05,05F0439S,05F0494S,42,0,0
2023/12/03 16:05,05F0439S,05F0494S,5,0,0
2023/12/03 16:10,05F0000S,05F0055S,31,255,113
2023/12/03 16:10,05F0000S,05F0055S,32,261,29
2023/12/03 16:10,05F0000S,05F0055S,41,267,7
2023/12/03 16:10,05F0000S,05F0055S,42,0,0
2023/12/03 16:10,05F0000S,05F0055S,5,0,0
2023/12/03 16:10,05F0055S,05F0287S,31,1025,111
2023/12/03 16:10,05F0055S,05F0287S,32,1036,22
2023/12/03 16:10,05F0055S,05F0287S,41,1049,4
2023/12/03 16:10,05F0055S,05F0287S,42,0,0
2023/12/03 16:10,05F0055S,05F0287S,5,0,0
2023/12/03 16:10,05F0287S,05F0309S,31,91,68
2023/12/03 16:10,05F0287S,05F0309S,32,89,19
2023/12/03 16:10,05F0287S,05F0309S,41,95,6
2023/12/03 16:10,05F0287S,05F0309S,42,0,0
2023/12/03 16:10,05F0287S,05F0309S,5,0,0
2023/12/03 16:10,05F0309S,05F0439S,31,462,47
2023/12/03 16:10,05F0309S,05F0439S,32,469,12
2023/12/03 16:10,05F0309S,05F0439S,41,504,2
2023/12/03 16:10,05F0309S,05F0439S,42,0,0
2023/12/03 16:10,05F0309S,05F0439S,5,548,1
2023/12/03 16:10,05F0439S,05F0494S,31,199,31
2023/12/03 16:10,05F0439S,05F0494S,32,216,8
2023/12/03 16:10,05F0439S,05F0494S,41,0,0
2023/12/03 16:10,05F0439S,05F0494S,42,0,0
2023/12/03 16:10,05F0439S,05F0494S,5,0,0
2023/12/03 16:15,05F0000S,05F0055S,31,259,108
2023/12/03 16:15,05F0000S,05F0055S,32,264,23
2023/12/03 16:15,05F0000S,05F0055S,41,276,5
2023/12/03 16:15,05F0000S,05F0055S,42,0,0
2023/12/03 16:15,05F0000S,05F0055S,5,0,0
2023/12/03 16:15,05F0055S,05F0287S,31,1003,99
2023/12/03 16:15,05F0055S,05F0287S,32,1008,32
2023/12/03 16:15,05F0055S,05F0287S,41,1042,7
2023/12/03 16:15,05F0055S,05F0287S,42,0,0
2023/12/03 16:15,05F0055S,05F0287S,5,0,0
2023/12/03 16:15,05F0287S,05F0309S,31,89,95
2023/12/03 16:15,05F0287S,05F0309S,32,91,21
2023/12/03 16:15,05F0287S,05F0309S,41,93,4
2023/12/03 16:15,05F0287S,05F0309S,42,0,0
2023/12/03 16:15,05F0287S,05F0309S,5,0,0
2023/12/03 16:15,05F0309S,05F0439S,31,490,49
2023/12/03 16:15,05F0309S,05F0439S,32,492,21
2023/12/03 16:15,05F0309S,05F0439S,41,526,3
2023/12/03 16:15,05F0309S,05F0439S,42,0,0
2023/12/03 16:15,05F0309S,05F0439S,5,0,0
2023/12/03 16:15,05F0439S,05F0494S,31,204,32
2023/12/03 16:15,05F0439S,05F0494S,32,202,9
2023/12/03 16:15,05F0439S,05F0494S,41,0,0
2023/12/03 16:15,05F0439S,05F0494S,42,0,0
2023/12/03 16:15,05F0439S,05F0494S,5,0,0
2023/12/03 16:20,05F0000S,05F0055S,31,252,106
2023/12/03 16:20,05F0000S,05F0055S,32,251,24
2023/12/03 16:20,05F0000S,05F0055S,41,247,5
2023/12/03 16:20,05F0000S,05F0055S,42,0,0
2023/12/03 16:20,05F0000S,05F0055S,5,0,0
2023/12/03 16:20,05F0055S,05F0287S,31,1072,106
2023/12/03 16:20,05F0055S,05F0287S,32,1085,23
2023/12/03 16:20,05F0055S,05F0287S,41,1091,6
2023/12/03 16:20,05F0055S,05F0287S,42,0,0
2023/12/03 16:20,05F0055S,05F0287S,5,0,0
2023/12/03 16:20,05F0287S,05F0309S,31,88,63
2023/12/03 16:20,05F0287S,05F0309S,32,89,20
2023/12/03 16:20,05F0287S,05F0309S,41,93,2
2023/12/03 16:20,05F0287S,05F0309S,42,0,0
2023/12/03 16:20,05F0287S,05F0309S,5,0,0
2023/12/03 16:20,05F0309S,05F0439S,31,500,59
2023/12/03 16:20,05F0309S,05F0439S,32,475,9
2023/12/03 16:20,05F0309S,05F0439S,41,510,1
2023/12/03 16:20,05F0309S,05F0439S,42,0,0
2023/12/03 16:20,05F0309S,05F0439S,5,537,1
2023/12/03 16:20,05F0439S,05F0494S,31,210,25
2023/12/03 16:20,05F0439S,05F0494S,32,212,8
2023/12/03 16:20,05F0439S,05F0494S,41,205,1
2023/12/03 16:20,05F0439S,05F0494S,42,0,0
2023/12/03 16:20,05F0439S,05F0494S,5,0,0
2023/12/03 16:25,05F0000S,05F0055S,31,246,97
2023/12/03 16:25,05F0000S,05F0055S,32,248,29
2023/12/03 16:25,05F0000S,05F0055S,41,266,5
2023/12/03 16:25,05F0000S,05F0055S,42,0,0
2023/12/03 16:25,05F0000S,05F0055S,5,0,0
2023/12/03 16:25,05F0055S,05F0287S,31,1039,127
2023/12/03 16:25,05F0055S,05F0287S,32,1044,27
2023/12/03 16:25,05F0055S,05F0287S,41,1058,2
2023/12/03 16:25,05F0055S,05F0287S,42,0,0
2023/12/03 16:25,05F0055S,05F0287S,5,0,0
2023/12/03 16:25,05F0287S,05F0309S,31,88,110
2023/12/03 16:25,05F0287S,05F0309S,32,91,21
2023/12/03 16:25,05F0287S,05F0309S,41,90,4
2023/12/03 16:25,05F0287S,05F0309S,42,0,0
2023/12/03 16:25,05F0287S,05F0309S,5,0,0
2023/12/03 16:25,05F0309S,05F0439S,31,490,49
2023/12/03 16:25,05F0309S,05F0439S,32,516,13
2023/12/03 16:25,05F0309S,05F0439S,41,531,4
2023/12/03 16:25,05F0309S,05F0439S,42,460,1
2023/12/03 16:25,05F0309S,05F0439S,5,0,0
2023/12/03 16:25,05F0439S,05F0494S,31,209,30
2023/12/03 16:25,05F0439S,05F0494S,32,211,13
2023/12/03 16:25,05F0439S,05F0494S,41,213,1
2023/12/03 16:25,05F0439S,05F0494S,42,221,1
2023/12/03 16:25,05F0439S,05F0494S,5,0,0
2023/12/03 16:30,05F0000S,05F0055S,31,249,97
2023/12/03 16:30,05F0000S,05F0055S,32,259,19
2023/12/03 16:30,05F0000S,05F0055S,41,264,7
2023/12/03 16:30,05F0000S,05F0055S,42,0,0
2023/12/03 16:30,05F0000S,05F0055S,5,0,0
2023/12/03 16:30,05F0055S,05F0287S,31,1038,126
2023/12/03 16:30,05F0055S,05F0287S,32,1053,35
2023/12/03 16:30,05F0055S,05F0287S,41,1140,5
2023/12/03 16:30,05F0055S,05F0287S,42,0,0
2023/12/03 16:30,05F0055S,05F0287S,5,0,0
2023/12/03 16:30,05F0287S,05F0309S,31,90,84
2023/12/03 16:30,05F0287S,05F0309S,32,87,22
2023/12/03 16:30,05F0287S,05F0309S,41,95,5
2023/12/03 16:30,05F0287S,05F0309S,42,0,0
2023/12/03 16:30,05F0287S,05F0309S,5,0,0
2023/12/03 16:30,05F0309S,05F0439S,31,479,50
2023/12/03 16:30,05F0309S,05F0439S,32,482,15
2023/12/03 16:30,05F0309S,05F0439S,41,525,2
2023/12/03 16:30,05F0309S,05F0439S,42,0,0
2023/12/03 16:30,05F0309S,05F0439S,5,0,0
2023/12/03 16:30,05F0439S,05F0494S,31,208,27
2023/12/03 16:30,05F0439S,05F0494S,32,192,7
2023/12/03 16:30,05F0439S,05F0494S,41,0,0
2023/12/03 16:30,05F0439S,05F0494S,42,199,1
2023/12/03 16:30,05F0439S,05F0494S,5,0,0
2023/12/03 16:35,05F0000S,05F0055S,31,253,129
2023/12/03 16:35,05F0000S,05F0055S,32,252,22
2023/12/03 16:35,05F0000S,05F0055S,41,258,8
2023/12/03 16:35,05F0000S,05F0055S,42,0,0
2023/12/03 16:35,05F0000S,05F0055S,5,0,0
2023/12/03 16:35,05F0055S,05F0287S,31,1022,104
2023/12/03 16:35,05F0055S,05F0287S,32,1026,22
2023/12/03 16:35,05F0055S,05F0287S,41,1058,8
2023/12/03 16:35,05F0055S,05F0287S,42,0,0
2023/12/03 16:35,05F0055S,05F0287S,5,0,0
2023/12/03 16:35,05F0287S,05F0309S,31,86,76
2023/12/03 16:35,05F0287S,05F0309S,32,87,15
2023/12/03 16:35,05F0287S,05F0309S,41,99,5
2023/12/03 16:35,05F0287S,05F0309S,42,0,0
2023/12/03 16:35,05F0287S,05F0309S,5,0,0
2023/12/03 16:35,05F0309S,05F0439S,31,477,54
2023/12/03 16:35,05F0309S,05F0439S,32,484,10
2023/12/03 16:35,05F0309S,05F0439S,41,513,1
2023/12/03 16:35,05F0309S,05F0439S,42,0,0
2023/12/03 16:35,05F0309S,05F0439S,5,506,2
2023/12/03 16:35,05F0439S,05F0494S,31,196,27
2023/12/03 16:35,05F0439S,05F0494S,32,207,12
2023/12/03 16:35,05F0439S,05F0494S,41,0,0
2023/12/03 16:35,05F0439S,05F0494S,42,0,0
2023/12/03 16:35,05F0439S,05F0494S,5,0,0
2023/12/03 16:40,05F0000S,05F0055S,31,252,112
2023/12/03 16:40,05F0000S,05F0055S,32,251,30
2023/12/03 16:40,05F0000S,05F0055S,41,254,5
2023/12/03 16:40,05F0000S,05F0055S,42,0,0
2023/12/03 16:40,05F0000S,05F0055S,5,0,0
2023/12/03 16:40,05F0055S,05F0287S,31,1010,117
2023/12/03 16:40,05F0055S,05F0287S,32,1008,33
2023/12/03 16:40,05F0055S,05F0287S,41,1097,6
2023/12/03 16:40,05F0055S,05F0287S,42,0,0
2023/12/03 16:40,05F0055S,05F0287S,5,0,0
2023/12/03 16:40,05F0287S,05F0309S,31,84,87
2023/12/03 16:40,05F0287S,05F0309S,32,86,19
2023/12/03 16:40,05F0287S,05F0309S,41,92,4
2023/12/03 16:40,05F0287S,05F0309S,42,0,0
2023/12/03 16:40,05F0287S,05F0309S,5,0,0
2023/12/03 16:40,05F0309S,05F0439S,31,499,54
2023/12/03 16:40,05F0309S,05F0439S,32,484,20
2023/12/03 16:40,05F0309S,05F0439S,41,542,6
2023/12/03 16:40,05F0309S,05F0439S,42,0,0
2023/12/03 16:40,05F0309S,05F0439S,5,0,0
2023/12/03 16:40,05F0439S,05F0494S,31,188,22
2023/12/03 16:40,05F0439S,05F0494S,32,211,12
2023/12/03 16:40,05F0439S,05F0494S,41,0,0
2023/12/03 16:40,05F0439S,05F0494S,42,0,0
2023/12/03 16:40,05F0439S,05F0494S,5,217,2
2023/12/03 16:45,05F0000S,05F0055S,31,244,99
2023/12/03 16:45,05F0000S,05F0055S,32,247,26
2023/12/03 16:45,05F0000S,05F0055S,41,250,3
2023/12/03 16:45,05F0000S,05F0055S,42,0,0
2023/12/03 16:45,05F0000S,05F0055S,5,0,0
2023/12/03 16:45,05F0055S,05F0287S,31,999,101
2023/12/03 16:45,05F0055S,05F0287S,32,999,21
2023/12/03 16:45,05F0055S,05F0287S,41,1093,4
2023/12/03 16:45,05F0055S,05F0287S,42,0,0
2023/12/03 16:45,05F0055S,05F0287S,5,0,0
2023/12/03 16:45,05F0287S,05F0309S,31,87,79
2023/12/03 16:45,05F0287S,05F0309S,32,88,19
2023/12/03 16:45,05F0287S,05F0309S,41,96,6
2023/12/03 16:45,05F0287S,05F0309S,42,0,0
2023/12/03 16:45,05F0287S,05F0309S,5,0,0
2023/12/03 16:45,05F0309S,05F0439S,31,472,46
2023/12/03 16:45,05F0309S,05F0439S,32,450,7
2023/12/03 16:45,05F0309S,05F0439S,41,537,3
2023/12/03 16:45,05F0309S,05F0439S,42,558,1
2023/12/03 16:45,05F0309S,05F0439S,5,495,1
2023/12/03 16:45,05F0439S,05F0494S,31,208,27
2023/12/03 16:45,05F0439S,05F0494S,32,210,6
2023/12/03 16:45,05F0439S,05F0494S,41,257,2
2023/12/03 16:45,05F0439S,05F0494S,42,0,0
2023/12/03 16:45,05F0439S,05F0494S,5,0,0
2023/12/03 16:50,05F0000S,05F0055S,31,251,97
2023/12/03 16:50,05F0000S,05F0055S,32,254,27
2023/12/03 16:50,05F0000S,05F0055S,41,248,11
2023/12/03 16:50,05F0000S,05F0055S,42,0,0
2023/12/03 16:50,05F0000S,05F0055S,5,0,0
2023/12/03 16:50,05F0055S,05F0287S,31,1024,125
2023/12/03 16:50,05F0055S,05F0287S,32,1026,28
2023/12/03 16:50,05F0055S,05F0287S,41,1065,5
2023/12/03 16:50,05F0055S,05F0287S,42,0,0
2023/12/03 16:50,05F0055S,05F0287S,5,0,0
2023/12/03 16:50,05F0287S,05F0309S,31,88,80
2023/12/03 16:50,05F0287S,05F0309S,32,88,15
2023/12/03 16:50,05F0287S,05F0309S,41,95,4
2023/12/03 16:50,05F0287S,05F0309S,42,0,0
2023/12/03 16:50,05F0287S,05F0309S,5,0,0
2023/12/03 16:50,05F0309S,05F0439S,31,483,65
2023/12/03 16:50,05F0309S,05F0439S,32,484,18
2023/12/03 16:50,05F0309S,05F0439S,41,534,3
2023/12/03 16:50,05F0309S,05F0439S,42,0,0
2023/12/03 16:50,05F0309S,05F0439S,5,0,0
2023/12/03 16:50,05F0439S,05F0494S,31,206,21
2023/12/03 16:50,05F0439S,05F0494S,32,189,5
2023/12/03 16:50,05F0439S,05F0494S,41,0,0
2023/12/03 16:50,05F0439S,05F0494S,42,239,1
2023/12/03 16:50,05F0439S,05F0494S,5,208,1
2023/12/03 16:55,05F0000S,05F0055S,31,246,89
2023/12/03 16:55,05F0000S,05F0055S,32,247,21
2023/12/03 16:55,05F0000S,05F0055S,41,260,8
2023/12/03 16:55,05F0000S,05F0055S,42,0,0
2023/12/03 16:55,05F0000S,05F0055S,5,0,0
2023/12/03 16:55,05F0055S,05F0287S,31,1023,103
2023/12/03 16:55,05F0055S,05F0287S,32,994,24
2023/12/03 16:55,05F0055S,05F0287S,41,1077,6
2023/12/03 16:55,05F0055S,05F0287S,42,0,0
2023/12/03 16:55,05F0055S,05F0287S,5,0,0
2023/12/03 16:55,05F0287S,05F0309S,31,87,89
2023/12/03 16:55,05F0287S,05F0309S,32,89,22
2023/12/03 16:55,05F0287S,05F0309S,41,96,5
2023/12/03 16:55,05F0287S,05F0309S,42,0,0
2023/12/03 16:55,05F0287S,05F0309S,5,0,0
2023/12/03 16:55,05F0309S,05F0439S,31,470,47
2023/12/03 16:55,05F0309S,05F0439S,32,509,9
2023/12/03 16:55,05F0309S,05F0439S,41,537,3
2023/12/03 16:55,05F0309S,05F0439S,42,0,0
2023/12/03 16:55,05F0309S,05F0439S,5,530,1
2023/12/03 16:55,05F0439S,05F0494S,31,212,40
2023/12/03 16:55,05F0439S,05F0494S,32,195,7
2023/12/03 16:55,05F0439S,05F0494S,41,237,2
2023/12/03 16:55,05F0439S,05F0494S,42,0,0
2023/12/03 16:55,05F0439S,05F0494S,5,0,0
2023/12/03 17:00,05F0000S,05F0055S,31,254,94
2023/12/03 17:00,05F0000S,05F0055S,32,254,26
2023/12/03 17:00,05F0000S,05F0055S,41,264,3
2023/12/03 17:00,05F0000S,05F0055S,42,0,0
2023/12/03 17:00,05F0000S,05F0055S,5,0,0
2023/12/03 17:00,05F0055S,05F0287S,31,1052,134
2023/12/03 17:00,05F0055S,05F0287S,32,1053,31
2023/12/03 17:00,05F0055S,05F0287S,41,1114,7
2023/12/03 17:00,05F0055S,05F0287S,42,0,0
2023/12/03 17:00,05F0055S,05F0287S,5,0,0
2023/12/03 17:00,05F0287S,05F0309S,31,90,81
2023/12/03 17:00,05F0287S,05F0309S,32,94,12
2023/12/03 17:00,05F0287S,05F0309S,41,103,4
2023/12/03 17:00,05F0287S,05F0309S,42,0,0
2023/12/03 17:00,05F0287S,05F0309S,5,0,0
2023/12/03 17:00,05F0309S,05F0439S,31,478,56
2023/12/03 17:00,05F0309S,05F0439S,32,480,12
2023/12/03 17:00,05F0309S,05F0439S,41,515,2
2023/12/03 17:00,05F0309S,05F0439S,42,0,0
2023/12/03 17:00,05F0309S,05F0439S,5,0,0
2023/12/03 17:00,05F0439S,05F0494S,31,209,23
2023/12/03 17:00,05F0439S,05F0494S,32,207,4
2023/12/03 17:00,05F0439S,05F0494S,41,0,0
2023/12/03 17:00,05F0439S,05F0494S,42,0,0
2023/12/03 17:00,05F0439S,05F0494S,5,0,0
2023/12/03 17:05,05F0000S,05F0055S,31,255,119
2023/12/03 17:05,05F0000S,05F0055S,32,256,13
2023/12/03 17:05,05F0000S,05F0055S,41,249,6
2023/12/03 17:05,05F0000S,05F0055S,42,0,0
2023/12/03 17:05,05F0000S,05F0055S,5,0,0
2023/12/03 17:05,05F0055S,05F0287S,31,1010,120
2023/12/03 17:05,05F0055S,05F0287S,32,1009,26
2023/12/03 17:05,05F0055S,05F0287S,41,1046,9
2023/12/03 17:05,05F0055S,05F0287S,42,0,0
2023/12/03 17:05,05F0055S,05F0287S,5,0,0
2023/12/03 17:05,05F0287S,05F0309S,31,88,91
2023/12/03 17:05,05F0287S,05F0309S,32,89,23
2023/12/03 17:05,05F0287S,05F0309S,41,96,4
2023/12/03 17:05,05F0287S,05F0309S,42,0,0
2023/12/03 17:05,05F0287S,05F0309S,5,0,0
2023/12/03 17:05,05F0309S,05F0439S,31,487,44
2023/12/03 17:05,05F0309S,05F0439S,32,492,10
2023/12/03 17:05,05F0309S,05F0439S,41,544,2
2023/12/03 17:05,05F0309S,05F0439S,42,0,0
2023/12/03 17:05,05F0309S,05F0439S,5,0,0
2023/12/03 17:05,05F0439S,05F0494S,31,212,34
2023/12/03 17:05,05F0439S,05F0494S,32,214,5
2023/12/03 17:05,05F0439S,05F0494S,41,0,0
2023/12/03 17:05,05F0439S,05F0494S,42,0,0
2023/12/03 17:05,05F0439S,05F0494S,5,0,0
2023/12/03 17:10,05F0000S,05F0055S,31,252,100
2023/12/03 17:10,05F0000S,05F0055S,32,249,17
2023/12/03 17:10,05F0000S,05F0055S,41,253,5
2023/12/03 17:10,05F0000S,05F0055S,42,0,0
2023/12/03 17:10,05F0000S,05F0055S,5,0,0
2023/12/03 17:10,05F0055S,05F0287S,31,1017,95
2023/12/03 17:10,05F0055S,05F0287S,32,1025,33
2023/12/03 17:10,05F0055S,05F0287S,41,1048,8
2023/12/03 17:10,05F0055S,05F0287S,42,0,0
2023/12/03 17:10,05F0055S,05F0287S,5,0,0
2023/12/03 17:10,05F0287S,05F0309S,31,89,75
2023/12/03 17:10,05F0287S,05F0309S,32,93,24
2023/12/03 17:10,05F0287S,05F0309S,41,93,10
2023/12/03 17:10,05F0287S,05F0309S,42,0,0
2023/12/03 17:10,05F0287S,05F0309S,5,0,0
2023/12/03 17:10,05F0309S,05F0439S,31,491,59
2023/12/03 17:10,05F0309S,05F0439S,32,476,12
2023/12/03 17:10,05F0309S,05F0439S,41,539,5
2023/12/03 17:10,05F0309S,05F0439S,42,0,0
2023/12/03 17:10,05F0309S,05F0439S,5,0,0
2023/12/03 17:10,05F0439S,05F0494S,31,207,22
2023/12/03 17:10,05F0439S,05F0494S,32,202,4
2023/12/03 17:10,05F0439S,05F0494S,41,0,0
2023/12/03 17:10,05F0439S,05F0494S,42,0,0
2023/12/03 17:10,05F0439S,05F0494S,5,0,0
2023/12/03 17:15,05F0000S,05F0055S,31,250,89
2023/12/03 17:15,05F0000S,05F0055S,32,253,24
2023/12/03 17:15,05F0000S,05F0055S,41,260,4
2023/12/03 17:15,05F0000S,05F0055S,42,0,0
2023/12/03 17:15,05F0000S,05F0055S,5,0,0
2023/12/03 17:15,05F0055S,05F0287S,31,990,102
2023/12/03 17:15,05F0055S,05F0287S,32,997,29
2023/12/03 17:15,05F0055S,05F0287S,41,1055,4
2023/12/03 17:15,05F0055S,05F0287S,42,0,0
2023/12/03 17:15,05F0055S,05F0287S,5,0,0
2023/12/03 17:15,05F0287S,05F0309S,31,88,84
2023/12/03 17:15,05F0287S,05F0309S,32,91,22
2023/12/03 17:15,05F0287S,05F0309S,41,93,4
2023/12/03 17:15,05F0287S,05F0309S,42,0,0
2023/12/03 17:15,05F0287S,05F0309S,5,0,0
2023/12/03 17:15,05F0309S,05F0439S,31,477,51
2023/12/03 17:15,05F0309S,05F0439S,32,495,9
2023/12/03 17:15,05F0309S,05F0439S,41,542,4
2023/12/03 17:15,05F0309S,05F0439S,42,0,0
2023/12/03 17:15,05F0309S,05F0439S,5,0,0
2023/12/03 17:15,05F0439S,05F0494S,31,209,42
2023/12/03 17:15,05F0439S,05F0494S,32,198,8
2023/12/03 17:15,05F0439S,05F0494S,41,228,1
2023/12/03 17:15,05F0439S,05F0494S,42,0,0
2023/12/03 17:15,05F0439S,05F0494S,5,0,0
2023/12/03 17:20,05F0000S,05F0055S,31,256,96
2023/12/03 17:20,05F0000S,05F0055S,32,261,25
2023/12/03 17:20,05F0000S,05F0055S,41,271,5
2023/12/03 17:20,05F0000S,05F0055S,42,0,0
2023/12/03 17:20,05F0000S,05F0055S,5,0,0
2023/12/03 17:20,05F0055S,05F0287S,31,1019,98
2023/12/03 17:20,05F0055S,05F0287S,32,1019,17
2023/12/03 17:20,05F0055S,05F0287S,41,1097,7
2023/12/03 17:20,05F0055S,05F0287S,42,0,0
2023/12/03 17:20,05F0055S,05F0287S,5,0,0
2023/12/03 17:20,05F0287S,05F0309S,31,86,78
2023/12/03 17:20,05F0287S,05F0309S,32,90,14
2023/12/03 17:20,05F0287S,05F0309S,41,90,3
2023/12/03 17:20,05F0287S,05F0309S,42,0,0
2023/12/03 17:20,05F0287S,05F0309S,5,0,0
2023/12/03 17:20,05F0309S,05F0439S,31,493,52
2023/12/03 17:20,05F0309S,05F0439S,32,502,12
2023/12/03 17:20,05F0309S,05F0439S,41,532,2
2023/12/03 17:20,05F0309S,05F0439S,42,0,0
2023/12/03 17:20,05F0309S,05F0439S,5,0,0
2023/12/03 17:20,05F0439S,05F0494S,31,208,15
2023/12/03 17:20,05F0439S,05F0494S,32,225,5
2023/12/03 17:20,05F0439S,05F0494S,41,0,0
2023/12/03 17:20,05F0439S,05F0494S,42,0,0
2023/12/03 17:20,05F0439S,05F0494S,5,0,0
2023/12/03 17:25,05F0000S,05F0055S,31,251,94
2023/12/03 17:25,05F0000S,05F0055S,32,252,21
2023/12/03 17:25,05F0000S,05F0055S,41,271,7
2023/12/03 17:25,05F0000S,05F0055S,42,0,0
2023/12/03 17:25,05F0000S,05F0055S,5,0,0
2023/12/03 17:25,05F0055S,05F0287S,31,1017,113
2023/12/03 17:25,05F0055S,05F0287S,32,1022,13
2023/12/03 17:25,05F0055S,05F0287S,41,1094,3
2023/12/03 17:25,05F0055S,05F0287S,42,0,0
2023/12/03 17:25,05F0055S,05F0287S,5,0,0
2023/12/03 17:25,05F0287S,05F0309S,31,90,84
2023/12/03 17:25,05F0287S,05F0309S,32,91,12
2023/12/03 17:25,05F0287S,05F0309S,41,93,5
2023/12/03 17:25,05F0287S,05F0309S,42,0,0
2023/12/03 17:25,05F0287S,05F0309S,5,0,0
2023/12/03 17:25,05F0309S,05F0439S,31,525,54
2023/12/03 17:25,05F0309S,05F0439S,32,524,11
2023/12/03 17:25,05F0309S,05F0439S,41,630,2
2023/12/03 17:25,05F0309S,05F0439S,42,0,0
2023/12/03 17:25,05F0309S,05F0439S,5,532,1
2023/12/03 17:25,05F0439S,05F0494S,31,214,23
2023/12/03 17:25,05F0439S,05F0494S,32,212,7
2023/12/03 17:25,05F0439S,05F0494S,41,0,0
2023/12/03 17:25,05F0439S,05F0494S,42,0,0
2023/12/03 17:25,05F0439S,05F0494S,5,0,0
2023/12/03 17:30,05F0000S,05F0055S,31,251,90
2023/12/03 17:30,05F0000S,05F0055S,32,252,25
2023/12/03 17:30,05F0000S,05F0055S,41,253,12
2023/12/03 17:30,05F0000S,05F0055S,42,0,0
2023/12/03 17:30,05F0000S,05F0055S,5,0,0
2023/12/03 17:30,05F0055S,05F0287S,31,1006,112
2023/12/03 17:30,05F0055S,05F0287S,32,1012,26
2023/12/03 17:30,05F0055S,05F0287S,41,1048,4
2023/12/03 17:30,05F0055S,05F0287S,42,0,0
2023/12/03 17:30,05F0055S,05F0287S,5,0,0
2023/12/03 17:30,05F0287S,05F0309S,31,89,80
2023/12/03 17:30,05F0287S,05F0309S,32,90,15
2023/12/03 17:30,05F0287S,05F0309S,41,93,3
2023/12/03 17:30,05F0287S,05F0309S,42,0,0
2023/12/03 17:30,05F0287S,05F0309S,5,0,0
2023/12/03 17:30,05F0309S,05F0439S,31,499,49
2023/12/03 17:30,05F0309S,05F0439S,32,494,8
2023/12/03 17:30,05F0309S,05F0439S,41,535,3
2023/12/03 17:30,05F0309S,05F0439S,42,0,0
2023/12/03 17:30,05F0309S,05F0439S,5,0,0
2023/12/03 17:30,05F0439S,05F0494S,31,212,27
2023/12/03 17:30,05F0439S,05F0494S,32,228,3
2023/12/03 17:30,05F0439S,05F0494S,41,0,0
2023/12/03 17:30,05F0439S,05F0494S,42,0,0
2023/12/03 17:30,05F0439S,05F0494S,5,231,2
2023/12/03 17:35,05F0000S,05F0055S,31,255,91
2023/12/03 17:35,05F0000S,05F0055S,32,261,25
2023/12/03 17:35,05F0000S,05F0055S,41,268,11
2023/12/03 17:35,05F0000S,05F0055S,42,0,0
2023/12/03 17:35,05F0000S,05F0055S,5,0,0
2023/12/03 17:35,05F0055S,05F0287S,31,1009,99
2023/12/03 17:35,05F0055S,05F0287S,32,1004,22
2023/12/03 17:35,05F0055S,05F0287S,41,1037,6
2023/12/03 17:35,05F0055S,05F0287S,42,0,0
2023/12/03 17:35,05F0055S,05F0287S,5,0,0
2023/12/03 17:35,05F0287S,05F0309S,31,88,67
2023/12/03 17:35,05F0287S,05F0309S,32,89,17
2023/12/03 17:35,05F0287S,05F0309S,41,94,4
2023/12/03 17:35,05F0287S,05F0309S,42,0,0
2023/12/03 17:35,05F0287S,05F0309S,5,0,0
2023/12/03 17:35,05F0309S,05F0439S,31,506,58
2023/12/03 17:35,05F0309S,05F0439S,32,489,5
2023/12/03 17:35,05F0309S,05F0439S,41,507,3
2023/12/03 17:35,05F0309S,05F0439S,42,0,0
2023/12/03 17:35,05F0309S,05F0439S,5,0,0
2023/12/03 17:35,05F0439S,05F0494S,31,217,26
2023/12/03 17:35,05F0439S,05F0494S,32,201,4
2023/12/03 17:35,05F0439S,05F0494S,41,0,0
2023/12/03 17:35,05F0439S,05F0494S,42,0,0
2023/12/03 17:35,05F0439S,05F0494S,5,0,0
2023/12/03 17:40,05F0000S,05F0055S,31,252,89
2023/12/03 17:40,05F0000S,05F0055S,32,252,20
2023/12/03 17:40,05F0000S,05F0055S,41,281,5
2023/12/03 17:40,05F0000S,05F0055S,42,0,0
2023/12/03 17:40,05F0000S,05F0055S,5,0,0
2023/12/03 17:40,05F0055S,05F0287S,31,1006,100
2023/12/03 17:40,05F0055S,05F0287S,32,1009,26
2023/12/03 17:40,05F0055S,05F0287S,41,1059,7
2023/12/03 17:40,05F0055S,05F0287S,42,0,0
2023/12/03 17:40,05F0055S,05F0287S,5,0,0
2023/12/03 17:40,05F0287S,05F0309S,31,88,81
2023/12/03 17:40,05F0287S,05F0309S,32,90,23
2023/12/03 17:40,05F0287S,05F0309S,41,91,4
2023/12/03 17:40,05F0287S,05F0309S,42,0,0
2023/12/03 17:40,05F0287S,05F0309S,5,0,0
2023/12/03 17:40,05F0309S,05F0439S,31,478,48
2023/12/03 17:40,05F0309S,05F0439S,32,479,8
2023/12/03 17:40,05F0309S,05F0439S,41,537,1
2023/12/03 17:40,05F0309S,05F0439S,42,540,1
2023/12/03 17:40,05F0309S,05F0439S,5,0,0
2023/12/03 17:40,05F0439S,05F0494S,31,208,18
2023/12/03 17:40,05F0439S,05F0494S,32,205,4
2023/12/03 17:40,05F0439S,05F0494S,41,0,0
2023/12/03 17:40,05F0439S,05F0494S,42,0,0
2023/12/03 17:40,05F0439S,05F0494S,5,0,0
2023/12/03 17:45,05F0000S,05F0055S,31,259,99
2023/12/03 17:45,05F0000S,05F0055S,32,270,23
2023/12/03 17:45,05F0000S,05F0055S,41,263,8
2023/12/03 17:45,05F0000S,05F0055S,42,0,0
2023/12/03 17:45,05F0000S,05F0055S,5,0,0
2023/12/03 17:45,05F0055S,05F0287S,31,996,100
2023/12/03 17:45,05F0055S,05F0287S,32,991,26
2023/12/03 17:45,05F0055S,05F0287S,41,1021,10
2023/12/03 17:45,05F0055S,05F0287S,42,0,0
2023/12/03 17:45,05F0055S,05F0287S,5,0,0
2023/12/03 17:45,05F0287S,05F0309S,31,88,78
2023/12/03 17:45,05F0287S,05F0309S,32,89,25
2023/12/03 17:45,05F0287S,05F0309S,41,93,8
2023/12/03 17:45,05F0287S,05F0309S,42,0,0
2023/12/03 17:45,05F0287S,05F0309S,5,0,0
2023/12/03 17:45,05F0309S,05F0439S,31,515,42
2023/12/03 17:45,05F0309S,05F0439S,32,515,16
2023/12/03 17:45,05F0309S,05F0439S,41,560,3
2023/12/03 17:45,05F0309S,05F0439S,42,0,0
2023/12/03 17:45,05F0309S,05F0439S,5,0,0
2023/12/03 17:45,05F0439S,05F0494S,31,205,34
2023/12/03 17:45,05F0439S,05F0494S,32,232,3
2023/12/03 17:45,05F0439S,05F0494S,41,0,0
2023/12/03 17:45,05F0439S,05F0494S,42,0,0
2023/12/03 17:45,05F0439S,05F0494S,5,0,0
2023/12/03 17:50,05F0000S,05F0055S,31,251,100
2023/12/03 17:50,05F0000S,05F0055S,32,262,13
2023/12/03 17:50,05F0000S,05F0055S,41,245,5
2023/12/03 17:50,05F0000S,05F0055S,42,0,0
2023/12/03 17:50,05F0000S,05F0055S,5,0,0
2023/12/03 17:50,05F0055S,05F0287S,31,1000,96
2023/12/03 17:50,05F0055S,05F0287S,32,999,22
2023/12/03 17:50,05F0055S,05F0287S,41,1054,7
2023/12/03 17:50,05F0055S,05F0287S,42,0,0
2023/12/03 17:50,05F0055S,05F0287S,5,0,0
2023/12/03 17:50,05F0287S,05F0309S,31,89,70
2023/12/03 17:50,05F0287S,05F0309S,32,88,12
2023/12/03 17:50,05F0287S,05F0309S,41,93,7
2023/12/03 17:50,05F0287S,05F0309S,42,0,0
2023/12/03 17:50,05F0287S,05F0309S,5,0,0
2023/12/03 17:50,05F0309S,05F0439S,31,490,39
2023/12/03 17:50,05F0309S,05F0439S,32,497,12
2023/12/03 17:50,05F0309S,05F0439S,41,543,4
2023/12/03 17:50,05F0309S,05F0439S,42,0,0
2023/12/03 17:50,05F0309S,05F0439S,5,0,0
2023/12/03 17:50,05F0439S,05F0494S,31,215,21
2023/12/03 17:50,05F0439S,05F0494S,32,227,5
2023/12/03 17:50,05F0439S,05F0494S,41,0,0
2023/12/03 17:50,05F0439S,05F0494S,42,0,0
2023/12/03 17:50,05F0439S,05F0494S,5,0,0
2023/12/03 17:55,05F0000S,05F0055S,31,246,77
2023/12/03 17:55,05F0000S,05F0055S,32,245,12
2023/12/03 17:55,05F0000S,05F0055S,41,259,8
2023/12/03 17:55,05F0000S,05F0055S,42,0,0
2023/12/03 17:55,05F0000S,05F0055S,5,0,0
2023/12/03 17:55,05F0055S,05F0287S,31,1015,88
2023/12/03 17:55,05F0055S,05F0287S,32,1028,23
2023/12/03 17:55,05F0055S,05F0287S,41,1083,12
2023/12/03 17:55,05F0055S,05F0287S,42,0,0
2023/12/03 17:55,05F0055S,05F0287S,5,0,0
2023/12/03 17:55,05F0287S,05F0309S,31,90,77
2023/12/03 17:55,05F0287S,05F0309S,32,91,22
2023/12/03 17:55,05F0287S,05F0309S,41,93,10
2023/12/03 17:55,05F0287S,05F0309S,42,0,0
2023/12/03 17:55,05F0287S,05F0309S,5,0,0
2023/12/03 17:55,05F0309S,05F0439S,31,496,54
2023/12/03 17:55,05F0309S,05F0439S,32,505,11
2023/12/03 17:55,05F0309S,05F0439S,41,548,6
2023/12/03 17:55,05F0309S,05F0439S,42,0,0
2023/12/03 17:55,05F0309S,05F0439S,5,0,0
2023/12/03 17:55,05F0439S,05F0494S,31,218,19
2023/12/03 17:55,05F0439S,05F0494S,32,210,4
2023/12/03 17:55,05F0439S,05F0494S,41,0,0
2023/12/03 17:55,05F0439S,05F0494S,42,0,0
2023/12/03 17:55,05F0439S,05F0494S,5,0,0
2023/12/03 18:00,05F0000S,05F0055S,31,255,91
2023/12/03 18:00,05F0000S,05F0055S,32,251,14
2023/12/03 18:00,05F0000S,05F0055S,41,255,7
2023/12/03 18:00,05F0000S,05F0055S,42,0,0
2023/12/03 18:00,05F0000S,05F0055S,5,0,0
2023/12/03 18:00,05F0055S,05F0287S,31,1009,99
2023/12/03 18:00,05F0055S,05F0287S,32,1024,28
2023/12/03 18:00,05F0055S,05F0287S,41,1084,6
2023/12/03 18:00,05F0055S,05F0287S,42,0,0
2023/12/03 18:00,05F0055S,05F0287S,5,0,0
2023/12/03 18:00,05F0287S,05F0309S,31,90,69
2023/12/03 18:00,05F0287S,05F0309S,32,95,18
2023/12/03 18:00,05F0287S,05F0309S,41,97,4
2023/12/03 18:00,05F0287S,05F0309S,42,0,0
2023/12/03 18:00,05F0287S,05F0309S,5,0,0
2023/12/03 18:00,05F0309S,05F0439S,31,523,43
2023/12/03 18:00,05F0309S,05F0439S,32,484,11
2023/12/03 18:00,05F0309S,05F0439S,41,555,2
2023/12/03 18:00,05F0309S,05F0439S,42,612,1
2023/12/03 18:00,05F0309S,05F0439S,5,0,0
2023/12/03 18:00,05F0439S,05F0494S,31,211,16
2023/12/03 18:00,05F0439S,05F0494S,32,203,7
2023/12/03 18:00,05F0439S,05F0494S,41,242,1
2023/12/03 18:00,05F0439S,05F0494S,42,0,0
2023/12/03 18:00,05F0439S,05F0494S,5,0,0
2023/12/03 18:05,05F0000S,05F0055S,31,247,79
2023/12/03 18:05,05F0000S,05F0055S,32,251,21
2023/12/03 18:05,05F0000S,05F0055S,41,254,12
2023/12/03 18:05,05F0000S,05F0055S,42,0,0
2023/12/03 18:05,05F0000S,05F0055S,5,0,0
2023/12/03 18:05,05F0055S,05F0287S,31,1010,97
2023/12/03 18:05,05F0055S,05F0287S,32,1001,22
2023/12/03 18:05,05F0055S,05F0287S,41,1056,8
2023/12/03 18:05,05F0055S,05F0287S,42,0,0
2023/12/03 18:05,05F0055S,05F0287S,5,0,0
2023/12/03 18:05,05F0287S,05F0309S,31,89,68
2023/12/03 18:05,05F0287S,05F0309S,32,91,20
2023/12/03 18:05,05F0287S,05F0309S,41,91,7
2023/12/03 18:05,05F0287S,05F0309S,42,0,0
2023/12/03 18:05,05F0287S,05F0309S,5,0,0
2023/12/03 18:05,05F0309S,05F0439S,31,504,41
2023/12/03 18:05,05F0309S,05F0439S,32,530,8
2023/12/03 18:05,05F0309S,05F0439S,41,533,6
2023/12/03 18:05,05F0309S,05F0439S,42,0,0
2023/12/03 18:05,05F0309S,05F0439S,5,598,1
2023/12/03 18:05,05F0439S,05F0494S,31,215,23
2023/12/03 18:05,05F0439S,05F0494S,32,203,8
2023/12/03 18:05,05F0439S,05F0494S,41,0,0
2023/12/03 18:05,05F0439S,05F0494S,42,0,0
2023/12/03 18:05,05F0439S,05F0494S,5,248,1
2023/12/03 18:10,05F0000S,05F0055S,31,252,91
2023/12/03 18:10,05F0000S,05F0055S,32,242,22
2023/12/03 18:10,05F0000S,05F0055S,41,259,5
2023/12/03 18:10,05F0000S,05F0055S,42,0,0
2023/12/03 18:10,05F0000S,05F0055S,5,0,0
2023/12/03 18:10,05F0055S,05F0287S,31,1051,104
2023/12/03 18:10,05F0055S,05F0287S,32,1057,20
2023/12/03 18:10,05F0055S,05F0287S,41,1063,9
2023/12/03 18:10,05F0055S,05F0287S,42,0,0
2023/12/03 18:10,05F0055S,05F0287S,5,0,0
2023/12/03 18:10,05F0287S,05F0309S,31,90,79
2023/12/03 18:10,05F0287S,05F0309S,32,90,14
2023/12/03 18:10,05F0287S,05F0309S,41,92,4
2023/12/03 18:10,05F0287S,05F0309S,42,0,0
2023/12/03 18:10,05F0287S,05F0309S,5,0,0
2023/12/03 18:10,05F0309S,05F0439S,31,499,44
2023/12/03 18:10,05F0309S,05F0439S,32,544,11
2023/12/03 18:10,05F0309S,05F0439S,41,559,3
2023/12/03 18:10,05F0309S,05F0439S,42,0,0
2023/12/03 18:10,05F0309S,05F0439S,5,0,0
2023/12/03 18:10,05F0439S,05F0494S,31,219,23
2023/12/03 18:10,05F0439S,05F0494S,32,236,3
2023/12/03 18:10,05F0439S,05F0494S,41,0,0
2023/12/03 18:10,05F0439S,05F0494S,42,0,0
2023/12/03 18:10,05F0439S,05F0494S,5,0,0
2023/12/03 18:15,05F0000S,05F0055S,31,253,92
2023/12/03 18:15,05F0000S,05F0055S,32,255,22
2023/12/03 18:15,05F0000S,05F0055S,41,257,10
2023/12/03 18:15,05F0000S,05F0055S,42,0,0
2023/12/03 18:15,05F0000S,05F0055S,5,0,0
2023/12/03 18:15,05F0055S,05F0287S,31,1014,89
2023/12/03 18:15,05F0055S,05F0287S,32,1000,15
2023/12/03 18:15,05F0055S,05F0287S,41,1036,4
2023/12/03 18:15,05F0055S,05F0287S,42,0,0
2023/12/03 18:15,05F0055S,05F0287S,5,0,0
2023/12/03 18:15,05F0287S,05F0309S,31,88,76
2023/12/03 18:15,05F0287S,05F0309S,32,92,19
2023/12/03 18:15,05F0287S,05F0309S,41,96,6
2023/12/03 18:15,05F0287S,05F0309S,42,0,0
2023/12/03 18:15,05F0287S,05F0309S,5,0,0
2023/12/03 18:15,05F0309S,05F0439S,31,520,55
2023/12/03 18:15,05F0309S,05F0439S,32,512,11
2023/12/03 18:15,05F0309S,05F0439S,41,520,1
2023/12/03 18:15,05F0309S,05F0439S,42,0,0
2023/12/03 18:15,05F0309S,05F0439S,5,0,0
2023/12/03 18:15,05F0439S,05F0494S,31,216,26
2023/12/03 18:15,05F0439S,05F0494S,32,236,3
2023/12/03 18:15,05F0439S,05F0494S,41,0,0
2023/12/03 18:15,05F0439S,05F0494S,42,0,0
2023/12/03 18:15,05F0439S,05F0494S,5,0,0
2023/12/03 18:20,05F0000S,05F0055S,31,249,88
2023/12/03 18:20,05F0000S,05F0055S,32,254,32
2023/12/03 18:20,05F0000S,05F0055S,41,255,12
2023/12/03 18:20,05F0000S,05F0055S,42,0,0
2023/12/03 18:20,05F0000S,05F0055S,5,0,0
2023/12/03 18:20,05F0055S,05F0287S,31,1018,91
2023/12/03 18:20,05F0055S,05F0287S,32,1024,17
2023/12/03 18:20,05F0055S,05F0287S,41,1073,14
2023/12/03 18:20,05F0055S,05F0287S,42,0,0
2023/12/03 18:20,05F0055S,05F0287S,5,0,0
2023/12/03 18:20,05F0287S,05F0309S,31,88,72
2023/12/03 18:20,05F0287S,05F0309S,32,92,6
2023/12/03 18:20,05F0287S,05F0309S,41,96,7
2023/12/03 18:20,05F0287S,05F0309S,42,0,0
2023/12/03 18:20,05F0287S,05F0309S,5,0,0
2023/12/03 18:20,05F0309S,05F0439S,31,509,41
2023/12/03 18:20,05F0309S,05F0439S,32,524,9
2023/12/03 18:20,05F0309S,05F0439S,41,544,5
2023/12/03 18:20,05F0309S,05F0439S,42,531,1
2023/12/03 18:20,05F0309S,05F0439S,5,0,0
2023/12/03 18:20,05F0439S,05F0494S,31,229,18
2023/12/03 18:20,05F0439S,05F0494S,32,204,2
2023/12/03 18:20,05F0439S,05F0494S,41,0,0
2023/12/03 18:20,05F0439S,05F0494S,42,203,1
2023/12/03 18:20,05F0439S,05F0494S,5,0,0
2023/12/03 18:25,05F0000S,05F0055S,31,253,74
2023/12/03 18:25,05F0000S,05F0055S,32,251,24
2023/12/03 18:25,05F0000S,05F0055S,41,264,10
2023/12/03 18:25,05F0000S,05F0055S,42,0,0
2023/12/03 18:25,05F0000S,05F0055S,5,0,0
2023/12/03 18:25,05F0055S,05F0287S,31,990,81
2023/12/03 18:25,05F0055S,05F0287S,32,988,29
2023/12/03 18:25,05F0055S,05F0287S,41,1021,6
2023/12/03 18:25,05F0055S,05F0287S,42,0,0
2023/12/03 18:25,05F0055S,05F0287S,5,0,0
2023/12/03 18:25,05F0287S,05F0309S,31,90,66
2023/12/03 18:25,05F0287S,05F0309S,32,89,23
2023/12/03 18:25,05F0287S,05F0309S,41,91,12
2023/12/03 18:25,05F0287S,05F0309S,42,0,0
2023/12/03 18:25,05F0287S,05F0309S,5,0,0
2023/12/03 18:25,05F0309S,05F0439S,31,507,44
2023/12/03 18:25,05F0309S,05F0439S,32,545,10
2023/12/03 18:25,05F0309S,05F0439S,41,539,4
2023/12/03 18:25,05F0309S,05F0439S,42,0,0
2023/12/03 18:25,05F0309S,05F0439S,5,0,0
2023/12/03 18:25,05F0439S,05F0494S,31,213,26
2023/12/03 18:25,05F0439S,05F0494S,32,226,8
2023/12/03 18:25,05F0439S,05F0494S,41,226,1
2023/12/03 18:25,05F0439S,05F0494S,42,0,0
2023/12/03 18:25,05F0439S,05F0494S,5,207,1
2023/12/03 18:30,05F0000S,05F0055S,31,252,105
2023/12/03 18:30,05F0000S,05F0055S,32,248,23
2023/12/03 18:30,05F0000S,05F0055S,41,256,7
2023/12/03 18:30,05F0000S,05F0055S,42,0,0
2023/12/03 18:30,05F0000S,05F0055S,5,0,0
2023/12/03 18:30,05F0055S,05F0287S,31,1019,108
2023/12/03 18:30,05F0055S,05F0287S,32,1018,21
2023/12/03 18:30,05F0055S,05F0287S,41,1071,5
2023/12/03 18:30,05F0055S,05F0287S,42,0,0
2023/12/03 18:30,05F0055S,05F0287S,5,0,0
2023/12/03 18:30,05F0287S,05F0309S,31,89,69
2023/12/03 18:30,05F0287S,05F0309S,32,86,19
2023/12/03 18:30,05F0287S,05F0309S,41,97,1
2023/12/03 18:30,05F0287S,05F0309S,42,0,0
2023/12/03 18:30,05F0287S,05F0309S,5,0,0
2023/12/03 18:30,05F0309S,05F0439S,31,513,53
2023/12/03 18:30,05F0309S,05F0439S,32,510,11
2023/12/03 18:30,05F0309S,05F0439S,41,558,9
2023/12/03 18:30,05F0309S,05F0439S,42,0,0
2023/12/03 18:30,05F0309S,05F0439S,5,0,0
2023/12/03 18:30,05F0439S,05F0494S,31,213,16
2023/12/03 18:30,05F0439S,05F0494S,32,211,4
2023/12/03 18:30,05F0439S,05F0494S,41,203,1
2023/12/03 18:30,05F0439S,05F0494S,42,0,0
2023/12/03 18:30,05F0439S,05F0494S,5,0,0
2023/12/03 18:35,05F0000S,05F0055S,31,253,73
2023/12/03 18:35,05F0000S,05F0055S,32,259,19
2023/12/03 18:35,05F0000S,05F0055S,41,266,18
2023/12/03 18:35,05F0000S,05F0055S,42,0,0
2023/12/03 18:35,05F0000S,05F0055S,5,0,0
2023/12/03 18:35,05F0055S,05F0287S,31,982,100
2023/12/03 18:35,05F0055S,05F0287S,32,977,25
2023/12/03 18:35,05F0055S,05F0287S,41,1020,14
2023/12/03 18:35,05F0055S,05F0287S,42,0,0
2023/12/03 18:35,05F0055S,05F0287S,5,0,0
2023/12/03 18:35,05F0287S,05F0309S,31,88,78
2023/12/03 18:35,05F0287S,05F0309S,32,90,19
2023/12/03 18:35,05F0287S,05F0309S,41,95,13
2023/12/03 18:35,05F0287S,05F0309S,42,0,0
2023/12/03 18:35,05F0287S,05F0309S,5,0,0
2023/12/03 18:35,05F0309S,05F0439S,31,514,43
2023/12/03 18:35,05F0309S,05F0439S,32,501,17
2023/12/03 18:35,05F0309S,05F0439S,41,530,3
2023/12/03 18:35,05F0309S,05F0439S,42,562,1
2023/12/03 18:35,05F0309S,05F0439S,5,0,0
2023/12/03 18:35,05F0439S,05F0494S,31,212,20
2023/12/03 18:35,05F0439S,05F0494S,32,208,7
2023/12/03 18:35,05F0439S,05F0494S,41,236,1
2023/12/03 18:35,05F0439S,05F0494S,42,0,0
2023/12/03 18:35,05F0439S,05F0494S,5,0,0
2023/12/03 18:40,05F0000S,05F0055S,31,251,87
2023/12/03 18:40,05F0000S,05F0055S,32,253,22
2023/12/03 18:40,05F0000S,05F0055S,41,274,11
2023/12/03 18:40,05F0000S,05F0055S,42,0,0
2023/12/03 18:40,05F0000S,05F0055S,5,0,0
2023/12/03 18:40,05F0055S,05F0287S,31,1000,77
2023/12/03 18:40,05F0055S,05F0287S,32,998,29
2023/12/03 18:40,05F0055S,05F0287S,41,1039,12
2023/12/03 18:40,05F0055S,05F0287S,42,0,0
2023/12/03 18:40,05F0055S,05F0287S,5,0,0
2023/12/03 18:40,05F0287S,05F0309S,31,87,65
2023/12/03 18:40,05F0287S,05F0309S,32,88,25
2023/12/03 18:40,05F0287S,05F0309S,41,93,8
2023/12/03 18:40,05F0287S,05F0309S,42,0,0
2023/12/03 18:40,05F0287S,05F0309S,5,0,0
2023/12/03 18:40,05F0309S,05F0439S,31,508,55
2023/12/03 18:40,05F0309S,05F0439S,32,525,11
2023/12/03 18:40,05F0309S,05F0439S,41,536,4
2023/12/03 18:40,05F0309S,05F0439S,42,0,0
2023/12/03 18:40,05F0309S,05F0439S,5,0,0
2023/12/03 18:40,05F0439S,05F0494S,31,230,10
2023/12/03 18:40,05F0439S,05F0494S,32,202,2
2023/12/03 18:40,05F0439S,05F0494S,41,227,1
2023/12/03 18:40,05F0439S,05F0494S,42,0,0
2023/12/03 18:40,05F0439S,05F0494S,5,0,0
2023/12/03 18:45,05F0000S,05F0055S,31,244,90
2023/12/03 18:45,05F0000S,05F0055S,32,244,16
2023/12/03 18:45,05F0000S,05F0055S,41,255,7
2023/12/03 18:45,05F0000S,05F0055S,42,0,0
2023/12/03 18:45,05F0000S,05F0055S,5,0,0
2023/12/03 18:45,05F0055S,05F0287S,31,1015,77
2023/12/03 18:45,05F0055S,05F0287S,32,1022,27
2023/12/03 18:45,05F0055S,05F0287S,41,1078,6
2023/12/03 18:45,05F0055S,05F0287S,42,0,0
2023/12/03 18:45,05F0055S,05F0287S,5,0,0
2023/12/03 18:45,05F0287S,05F0309S,31,88,59
2023/12/03 18:45,05F0287S,05F0309S,32,90,21
2023/12/03 18:45,05F0287S,05F0309S,41,95,9
2023/12/03 18:45,05F0287S,05F0309S,42,0,0
2023/12/03 18:45,05F0287S,05F0309S,5,0,0
2023/12/03 18:45,05F0309S,05F0439S,31,508,55
2023/12/03 18:45,05F0309S,05F0439S,32,509,13
2023/12/03 18:45,05F0309S,05F0439S,41,539,6
2023/12/03 18:45,05F0309S,05F0439S,42,553,1
2023/12/03 18:45,05F0309S,05F0439S,5,0,0
2023/12/03 18:45,05F0439S,05F0494S,31,213,27
2023/12/03 18:45,05F0439S,05F0494S,32,219,5
2023/12/03 18:45,05F0439S,05F0494S,41,0,0
2023/12/03 18:45,05F0439S,05F0494S,42,0,0
2023/12/03 18:45,05F0439S,05F0494S,5,0,0
2023/12/03 18:50,05F0000S,05F0055S,31,244,93
2023/12/03 18:50,05F0000S,05F0055S,32,253,22
2023/12/03 18:50,05F0000S,05F0055S,41,266,5
2023/12/03 18:50,05F0000S,05F0055S,42,0,0
2023/12/03 18:50,05F0000S,05F0055S,5,0,0
2023/12/03 18:50,05F0055S,05F0287S,31,1002,106
2023/12/03 18:50,05F0055S,05F0287S,32,1011,22
2023/12/03 18:50,05F0055S,05F0287S,41,1050,13
2023/12/03 18:50,05F0055S,05F0287S,42,0,0
2023/12/03 18:50,05F0055S,05F0287S,5,0,0
2023/12/03 18:50,05F0287S,05F0309S,31,94,94
2023/12/03 18:50,05F0287S,05F0309S,32,93,21
2023/12/03 18:50,05F0287S,05F0309S,41,95,8
2023/12/03 18:50,05F0287S,05F0309S,42,0,0
2023/12/03 18:50,05F0287S,05F0309S,5,0,0
2023/12/03 18:50,05F0309S,05F0439S,31,497,38
2023/12/03 18:50,05F0309S,05F0439S,32,536,18
2023/12/03 18:50,05F0309S,05F0439S,41,536,2
2023/12/03 18:50,05F0309S,05F0439S,42,0,0
2023/12/03 18:50,05F0309S,05F0439S,5,0,0
2023/12/03 18:50,05F0439S,05F0494S,31,205,28
2023/12/03 18:50,05F0439S,05F0494S,32,235,4
2023/12/03 18:50,05F0439S,05F0494S,41,0,0
2023/12/03 18:50,05F0439S,05F0494S,42,253,1
2023/12/03 18:50,05F0439S,05F0494S,5,0,0
2023/12/03 18:55,05F0000S,05F0055S,31,254,86
2023/12/03 18:55,05F0000S,05F0055S,32,262,25
2023/12/03 18:55,05F0000S,05F0055S,41,275,4
2023/12/03 18:55,05F0000S,05F0055S,42,0,0
2023/12/03 18:55,05F0000S,05F0055S,5,0,0
2023/12/03 18:55,05F0055S,05F0287S,31,1004,85
2023/12/03 18:55,05F0055S,05F0287S,32,1000,26
2023/12/03 18:55,05F0055S,05F0287S,41,1058,12
2023/12/03 18:55,05F0055S,05F0287S,42,0,0
2023/12/03 18:55,05F0055S,05F0287S,5,0,0
2023/12/03 18:55,05F0287S,05F0309S,31,88,72
2023/12/03 18:55,05F0287S,05F0309S,32,90,21
2023/12/03 18:55,05F0287S,05F0309S,41,97,13
2023/12/03 18:55,05F0287S,05F0309S,42,0,0
2023/12/03 18:55,05F0287S,05F0309S,5,0,0
2023/12/03 18:55,05F0309S,05F0439S,31,495,30
2023/12/03 18:55,05F0309S,05F0439S,32,516,10
2023/12/03 18:55,05F0309S,05F0439S,41,0,0
2023/12/03 18:55,05F0309S,05F0439S,42,0,0
2023/12/03 18:55,05F0309S,05F0439S,5,0,0
2023/12/03 18:55,05F0439S,05F0494S,31,211,19
2023/12/03 18:55,05F0439S,05F0494S,32,229,9
2023/12/03 18:55,05F0439S,05F0494S,41,0,0
2023/12/03 18:55,05F0439S,05F0494S,42,0,0
2023/12/03 18:55,05F0439S,05F0494S,5,0,0
2023/12/03 19:00,05F0000S,05F0055S,31,243,80
2023/12/03 19:00,05F0000S,05F0055S,32,246,13
2023/12/03 19:00,05F0000S,05F0055S,41,252,7
2023/12/03 19:00,05F0000S,05F0055S,42,0,0
2023/12/03 19:00,05F0000S,05F0055S,5,0,0
2023/12/03 19:00,05F0055S,05F0287S,31,1032,93
2023/12/03 19:00,05F0055S,05F0287S,32,1040,19
2023/12/03 19:00,05F0055S,05F0287S,41,1077,14
2023/12/03 19:00,05F0055S,05F0287S,42,0,0
2023/12/03 19:00,05F0055S,05F0287S,5,0,0
2023/12/03 19:00,05F0287S,05F0309S,31,88,66
2023/12/03 19:00,05F0287S,05F0309S,32,89,12
2023/12/03 19:00,05F0287S,05F0309S,41,95,6
2023/12/03 19:00,05F0287S,05F0309S,42,0,0
2023/12/03 19:00,05F0287S,05F0309S,5,0,0
2023/12/03 19:00,05F0309S,05F0439S,31,519,75
2023/12/03 19:00,05F0309S,05F0439S,32,520,18
2023/12/03 19:00,05F0309S,05F0439S,41,547,5
2023/12/03 19:00,05F0309S,05F0439S,42,579,1
2023/12/03 19:00,05F0309S,05F0439S,5,0,0
2023/12/03 19:00,05F0439S,05F0494S,31,225,12
2023/12/03 19:00,05F0439S,05F0494S,32,233,4
2023/12/03 19:00,05F0439S,05F0494S,41,0,0
2023/12/03 19:00,05F0439S,05F0494S,42,228,1
2023/12/03 19:00,05F0439S,05F0494S,5,0,0
2023/12/03 19:05,05F0000S,05F0055S,31,243,91
2023/12/03 19:05,05F0000S,05F0055S,32,242,20
2023/12/03 19:05,05F0000S,05F0055S,41,249,5
2023/12/03 19:05,05F0000S,05F0055S,42,0,0
2023/12/03 19:05,05F0000S,05F0055S,5,0,0
2023/12/03 19:05,05F0055S,05F0287S,31,1001,100
2023/12/03 19:05,05F0055S,05F0287S,32,1012,16
2023/12/03 19:05,05F0055S,05F0287S,41,1048,4
2023/12/03 19:05,05F0055S,05F0287S,42,0,0
2023/12/03 19:05,05F0055S,05F0287S,5,0,0
2023/12/03 19:05,05F0287S,05F0309S,31,88,82
2023/12/03 19:05,05F0287S,05F0309S,32,90,16
2023/12/03 19:05,05F0287S,05F0309S,41,92,9
2023/12/03 19:05,05F0287S,05F0309S,42,0,0
2023/12/03 19:05,05F0287S,05F0309S,5,0,0
2023/12/03 19:05,05F0309S,05F0439S,31,499,47
2023/12/03 19:05,05F0309S,05F0439S,32,504,13
2023/12/03 19:05,05F0309S,05F0439S,41,534,1
2023/12/03 19:05,05F0309S,05F0439S,42,573,1
2023/12/03 19:05,05F0309S,05F0439S,5,0,0
2023/12/03 19:05,05F0439S,05F0494S,31,207,20
2023/12/03 19:05,05F0439S,05F0494S,32,195,8
2023/12/03 19:05,05F0439S,05F0494S,41,0,0
2023/12/03 19:05,05F0439S,05F0494S,42,0,0
2023/12/03 19:05,05F0439S,05F0494S,5,0,0
2023/12/03 19:10,05F0000S,05F0055S,31,251,96
2023/12/03 19:10,05F0000S,05F0055S,32,257,21
2023/12/03 19:10,05F0000S,05F0055S,41,255,6
2023/12/03 19:10,05F0000S,05F0055S,42,0,0
2023/12/03 19:10,05F0000S,05F0055S,5,0,0
2023/12/03 19:10,05F0055S,05F0287S,31,1001,87
2023/12/03 19:10,05F0055S,05F0287S,32,995,27
2023/12/03 19:10,05F0055S,05F0287S,41,1044,3
2023/12/03 19:10,05F0055S,05F0287S,42,0,0
2023/12/03 19:10,05F0055S,05F0287S,5,0,0
2023/12/03 19:10,05F0287S,05F0309S,31,90,70
2023/12/03 19:10,05F0287S,05F0309S,32,91,21
2023/12/03 19:10,05F0287S,05F0309S,41,100,1
2023/12/03 19:10,05F0287S,05F0309S,42,0,0
2023/12/03 19:10,05F0287S,05F0309S,5,0,0
2023/12/03 19:10,05F0309S,05F0439S,31,502,48
2023/12/03 19:10,05F0309S,05F0439S,32,516,13
2023/12/03 19:10,05F0309S,05F0439S,41,538,3
2023/12/03 19:10,05F0309S,05F0439S,42,0,0
2023/12/03 19:10,05F0309S,05F0439S,5,0,0
2023/12/03 19:10,05F0439S,05F0494S,31,207,18
2023/12/03 19:10,05F0439S,05F0494S,32,201,4
2023/12/03 19:10,05F0439S,05F0494S,41,0,0
2023/12/03 19:10,05F0439S,05F0494S,42,244,1
2023/12/03 19:10,05F0439S,05F0494S,5,0,0
2023/12/03 19:15,05F0000S,05F0055S,31,244,75
2023/12/03 19:15,05F0000S,05F0055S,32,244,15
2023/12/03 19:15,05F0000S,05F0055S,41,258,10
2023/12/03 19:15,05F0000S,05F0055S,42,0,0
2023/12/03 19:15,05F0000S,05F0055S,5,0,0
2023/12/03 19:15,05F0055S,05F0287S,31,1011,90
2023/12/03 19:15,05F0055S,05F0287S,32,1035,18
2023/12/03 19:15,05F0055S,05F0287S,41,1041,8
2023/12/03 19:15,05F0055S,05F0287S,42,0,0
2023/12/03 19:15,05F0055S,05F0287S,5,0,0
2023/12/03 19:15,05F0287S,05F0309S,31,87,73
2023/12/03 19:15,05F0287S,05F0309S,32,91,13
2023/12/03 19:15,05F0287S,05F0309S,41,91,6
2023/12/03 19:15,05F0287S,05F0309S,42,0,0
2023/12/03 19:15,05F0287S,05F0309S,5,0,0
2023/12/03 19:15,05F0309S,05F0439S,31,515,47
2023/12/03 19:15,05F0309S,05F0439S,32,524,6
2023/12/03 19:15,05F0309S,05F0439S,41,525,3
2023/12/03 19:15,05F0309S,05F0439S,42,0,0
2023/12/03 19:15,05F0309S,05F0439S,5,0,0
2023/12/03 19:15,05F0439S,05F0494S,31,214,26
2023/12/03 19:15,05F0439S,05F0494S,32,211,5
2023/12/03 19:15,05F0439S,05F0494S,41,0,0
2023/12/03 19:15,05F0439S,05F0494S,42,0,0
2023/12/03 19:15,05F0439S,05F0494S,5,0,0
2023/12/03 19:20,05F0000S,05F0055S,31,244,86
2023/12/03 19:20,05F0000S,05F0055S,32,247,20
2023/12/03 19:20,05F0000S,05F0055S,41,254,10
2023/12/03 19:20,05F0000S,05F0055S,42,0,0
2023/12/03 19:20,05F0000S,05F0055S,5,0,0
2023/12/03 19:20,05F0055S,05F0287S,31,996,84
2023/12/03 19:20,05F0055S,05F0287S,32,978,18
2023/12/03 19:20,05F0055S,05F0287S,41,1055,6
2023/12/03 19:20,05F0055S,05F0287S,42,0,0
2023/12/03 19:20,05F0055S,05F0287S,5,0,0
2023/12/03 19:20,05F0287S,05F0309S,31,90,69
2023/12/03 19:20,05F0287S,05F0309S,32,93,18
2023/12/03 19:20,05F0287S,05F0309S,41,92,2
2023/12/03 19:20,05F0287S,05F0309S,42,0,0
2023/12/03 19:20,05F0287S,05F0309S,5,0,0
2023/12/03 19:20,05F0309S,05F0439S,31,497,46
2023/12/03 19:20,05F0309S,05F0439S,32,519,18
2023/12/03 19:20,05F0309S,05F0439S,41,968,3
2023/12/03 19:20,05F0309S,05F0439S,42,607,1
2023/12/03 19:20,05F0309S,05F0439S,5,0,0
2023/12/03 19:20,05F0439S,05F0494S,31,211,20
2023/12/03 19:20,05F0439S,05F0494S,32,223,8
2023/12/03 19:20,05F0439S,05F0494S,41,0,0
2023/12/03 19:20,05F0439S,05F0494S,42,0,0
2023/12/03 19:20,05F0439S,05F0494S,5,0,0
2023/12/03 19:25,05F0000S,05F0055S,31,251,81
2023/12/03 19:25,05F0000S,05F0055S,32,253,5
2023/12/03 19:25,05F0000S,05F0055S,41,245,6
2023/12/03 19:25,05F0000S,05F0055S,42,0,0
2023/12/03 19:25,05F0000S,05F0055S,5,0,0
2023/12/03 19:25,05F0055S,05F0287S,31,989,100
2023/12/03 19:25,05F0055S,05F0287S,32,989,17
2023/12/03 19:25,05F0055S,05F0287S,41,1028,4
2023/12/03 19:25,05F0055S,05F0287S,42,0,0
2023/12/03 19:25,05F0055S,05F0287S,5,0,0
2023/12/03 19:25,05F0287S,05F0309S,31,89,85
2023/12/03 19:25,05F0287S,05F0309S,32,87,11
2023/12/03 19:25,05F0287S,05F0309S,41,92,4
2023/12/03 19:25,05F0287S,05F0309S,42,0,0
2023/12/03 19:25,05F0287S,05F0309S,5,0,0
2023/12/03 19:25,05F0309S,05F0439S,31,502,49
2023/12/03 19:25,05F0309S,05F0439S,32,503,10
2023/12/03 19:25,05F0309S,05F0439S,41,561,5
2023/12/03 19:25,05F0309S,05F0439S,42,542,2
2023/12/03 19:25,05F0309S,05F0439S,5,0,0
2023/12/03 19:25,05F0439S,05F0494S,31,202,19
2023/12/03 19:25,05F0439S,05F0494S,32,219,9
2023/12/03 19:25,05F0439S,05F0494S,41,0,0
2023/12/03 19:25,05F0439S,05F0494S,42,0,0
2023/12/03 19:25,05F0439S,05F0494S,5,0,0
2023/12/03 19:30,05F0000S,05F0055S,31,241,94
2023/12/03 19:30,05F0000S,05F0055S,32,241,18
2023/12/03 19:30,05F0000S,05F0055S,41,246,4
2023/12/03 19:30,05F0000S,05F0055S,42,0,0
2023/12/03 19:30,05F0000S,05F0055S,5,0,0
2023/12/03 19:30,05F0055S,05F0287S,31,1022,91
2023/12/03 19:30,05F0055S,05F0287S,32,1014,20
2023/12/03 19:30,05F0055S,05F0287S,41,1087,9
2023/12/03 19:30,05F0055S,05F0287S,42,0,0
2023/12/03 19:30,05F0055S,05F0287S,5,0,0
2023/12/03 19:30,05F0287S,05F0309S,31,90,55
2023/12/03 19:30,05F0287S,05F0309S,32,89,18
2023/12/03 19:30,05F0287S,05F0309S,41,96,4
2023/12/03 19:30,05F0287S,05F0309S,42,0,0
2023/12/03 19:30,05F0287S,05F0309S,5,0,0
2023/12/03 19:30,05F0309S,05F0439S,31,495,43
2023/12/03 19:30,05F0309S,05F0439S,32,485,10
2023/12/03 19:30,05F0309S,05F0439S,41,546,4
2023/12/03 19:30,05F0309S,05F0439S,42,0,0
2023/12/03 19:30,05F0309S,05F0439S,5,0,0
2023/12/03 19:30,05F0439S,05F0494S,31,211,32
2023/12/03 19:30,05F0439S,05F0494S,32,194,4
2023/12/03 19:30,05F0439S,05F0494S,41,0,0
2023/12/03 19:30,05F0439S,05F0494S,42,230,1
2023/12/03 19:30,05F0439S,05F0494S,5,0,0
2023/12/03 19:35,05F0000S,05F0055S,31,246,78
2023/12/03 19:35,05F0000S,05F0055S,32,252,19
2023/12/03 19:35,05F0000S,05F0055S,41,265,11
2023/12/03 19:35,05F0000S,05F0055S,42,0,0
2023/12/03 19:35,05F0000S,05F0055S,5,0,0
2023/12/03 19:35,05F0055S,05F0287S,31,988,108
2023/12/03 19:35,05F0055S,05F0287S,32,988,22
2023/12/03 19:35,05F0055S,05F0287S,41,1044,11
2023/12/03 19:35,05F0055S,05F0287S,42,0,0
2023/12/03 19:35,05F0055S,05F0287S,5,0,0
2023/12/03 19:35,05F0287S,05F0309S,31,90,99
2023/12/03 19:35,05F0287S,05F0309S,32,88,22
2023/12/03 19:35,05F0287S,05F0309S,41,95,12
2023/12/03 19:35,05F0287S,05F0309S,42,0,0
2023/12/03 19:35,05F0287S,05F0309S,5,0,0
2023/12/03 19:35,05F0309S,05F0439S,31,503,63
2023/12/03 19:35,05F0309S,05F0439S,32,520,15
2023/12/03 19:35,05F0309S,05F0439S,41,563,5
2023/12/03 19:35,05F0309S,05F0439S,42,0,0
2023/12/03 19:35,05F0309S,05F0439S,5,0,0
2023/12/03 19:35,05F0439S,05F0494S,31,201,24
2023/12/03 19:35,05F0439S,05F0494S,32,197,4
2023/12/03 19:35,05F0439S,05F0494S,41,0,0
2023/12/03 19:35,05F0439S,05F0494S,42,0,0
2023/12/03 19:35,05F0439S,05F0494S,5,0,0
2023/12/03 19:40,05F0000S,05F0055S,31,242,84
2023/12/03 19:40,05F0000S,05F0055S,32,245,28
2023/12/03 19:40,05F0000S,05F0055S,41,253,4
2023/12/03 19:40,05F0000S,05F0055S,42,0,0
2023/12/03 19:40,05F0000S,05F0055S,5,0,0
2023/12/03 19:40,05F0055S,05F0287S,31,963,63
2023/12/03 19:40,05F0055S,05F0287S,32,989,13
2023/12/03 19:40,05F0055S,05F0287S,41,1021,8
2023/12/03 19:40,05F0055S,05F0287S,42,0,0
2023/12/03 19:40,05F0055S,05F0287S,5,0,0
2023/12/03 19:40,05F0287S,05F0309S,31,88,63
2023/12/03 19:40,05F0287S,05F0309S,32,88,11
2023/12/03 19:40,05F0287S,05F0309S,41,94,4
2023/12/03 19:40,05F0287S,05F0309S,42,0,0
2023/12/03 19:40,05F0287S,05F0309S,5,0,0
2023/12/03 19:40,05F0309S,05F0439S,31,505,33
2023/12/03 19:40,05F0309S,05F0439S,32,500,14
2023/12/03 19:40,05F0309S,05F0439S,41,524,5
2023/12/03 19:40,05F0309S,05F0439S,42,0,0
2023/12/03 19:40,05F0309S,05F0439S,5,0,0
2023/12/03 19:40,05F0439S,05F0494S,31,213,23
2023/12/03 19:40,05F0439S,05F0494S,32,197,11
2023/12/03 19:40,05F0439S,05F0494S,41,0,0
2023/12/03 19:40,05F0439S,05F0494S,42,0,0
2023/12/03 19:40,05F0439S,05F0494S,5,0,0
2023/12/03 19:45,05F0000S,05F0055S,31,248,74
2023/12/03 19:45,05F0000S,05F0055S,32,239,9
2023/12/03 19:45,05F0000S,05F0055S,41,245,9
2023/12/03 19:45,05F0000S,05F0055S,42,0,0
2023/12/03 19:45,05F0000S,05F0055S,5,0,0
2023/12/03 19:45,05F0055S,05F0287S,31,995,109
2023/12/03 19:45,05F0055S,05F0287S,32,987,18
2023/12/03 19:45,05F0055S,05F0287S,41,1023,3
2023/12/03 19:45,05F0055S,05F0287S,42,0,0
2023/12/03 19:45,05F0055S,05F0287S,5,0,0
2023/12/03 19:45,05F0287S,05F0309S,31,89,78
2023/12/03 19:45,05F0287S,05F0309S,32,93,8
2023/12/03 19:45,05F0287S,05F0309S,41,94,7
2023/12/03 19:45,05F0287S,05F0309S,42,0,0
2023/12/03 19:45,05F0287S,05F0309S,5,0,0
2023/12/03 19:45,05F0309S,05F0439S,31,504,52
2023/12/03 19:45,05F0309S,05F0439S,32,567,8
2023/12/03 19:45,05F0309S,05F0439S,41,536,4
2023/12/03 19:45,05F0309S,05F0439S,42,0,0
2023/12/03 19:45,05F0309S,05F0439S,5,0,0
2023/12/03 19:45,05F0439S,05F0494S,31,207,25
2023/12/03 19:45,05F0439S,05F0494S,32,202,7
2023/12/03 19:45,05F0439S,05F0494S,41,0,0
2023/12/03 19:45,05F0439S,05F0494S,42,0,0
2023/12/03 19:45,05F0439S,05F0494S,5,0,0
2023/12/03 19:50,05F0000S,05F0055S,31,246,81
2023/12/03 19:50,05F0000S,05F0055S,32,248,16
2023/12/03 19:50,05F0000S,05F0055S,41,252,9
2023/12/03 19:50,05F0000S,05F0055S,42,0,0
2023/12/03 19:50,05F0000S,05F0055S,5,0,0
2023/12/03 19:50,05F0055S,05F0287S,31,986,76
2023/12/03 19:50,05F0055S,05F0287S,32,992,21
2023/12/03 19:50,05F0055S,05F0287S,41,1030,7
2023/12/03 19:50,05F0055S,05F0287S,42,0,0
2023/12/03 19:50,05F0055S,05F0287S,5,0,0
2023/12/03 19:50,05F0287S,05F0309S,31,88,70
2023/12/03 19:50,05F0287S,05F0309S,32,87,16
2023/12/03 19:50,05F0287S,05F0309S,41,94,6
2023/12/03 19:50,05F0287S,05F0309S,42,0,0
2023/12/03 19:50,05F0287S,05F0309S,5,0,0
2023/12/03 19:50,05F0309S,05F0439S,31,499,39
2023/12/03 19:50,05F0309S,05F0439S,32,506,5
2023/12/03 19:50,05F0309S,05F0439S,41,528,4
2023/12/03 19:50,05F0309S,05F0439S,42,0,0
2023/12/03 19:50,05F0309S,05F0439S,5,0,0
2023/12/03 19:50,05F0439S,05F0494S,31,199,16
2023/12/03 19:50,05F0439S,05F0494S,32,209,2
2023/12/03 19:50,05F0439S,05F0494S,41,0,0
2023/12/03 19:50,05F0439S,05F0494S,42,0,0
2023/12/03 19:50,05F0439S,05F0494S,5,0,0
2023/12/03 19:55,05F0000S,05F0055S,31,244,82
2023/12/03 19:55,05F0000S,05F0055S,32,242,23
2023/12/03 19:55,05F0000S,05F0055S,41,259,5
2023/12/03 19:55,05F0000S,05F0055S,42,0,0
2023/12/03 19:55,05F0000S,05F0055S,5,0,0
2023/12/03 19:55,05F0055S,05F0287S,31,986,89
2023/12/03 19:55,05F0055S,05F0287S,32,990,16
2023/12/03 19:55,05F0055S,05F0287S,41,1086,8
2023/12/03 19:55,05F0055S,05F0287S,42,0,0
2023/12/03 19:55,05F0055S,05F0287S,5,0,0
2023/12/03 19:55,05F0287S,05F0309S,31,88,72
2023/12/03 19:55,05F0287S,05F0309S,32,88,15
2023/12/03 19:55,05F0287S,05F0309S,41,96,7
2023/12/03 19:55,05F0287S,05F0309S,42,0,0
2023/12/03 19:55,05F0287S,05F0309S,5,0,0
2023/12/03 19:55,05F0309S,05F0439S,31,503,43
2023/12/03 19:55,05F0309S,05F0439S,32,495,9
2023/12/03 19:55,05F0309S,05F0439S,41,544,3
2023/12/03 19:55,05F0309S,05F0439S,42,0,0
2023/12/03 19:55,05F0309S,05F0439S,5,0,0
2023/12/03 19:55,05F0439S,05F0494S,31,205,13
2023/12/03 19:55,05F0439S,05F0494S,32,221,2
2023/12/03 19:55,05F0439S,05F0494S,41,505,1
2023/12/03 19:55,05F0439S,05F0494S,42,0,0
2023/12/03 19:55,05F0439S,05F0494S,5,0,0
2023/12/03 20:00,05F0000S,05F0055S,31,248,91
2023/12/03 20:00,05F0000S,05F0055S,32,248,19
2023/12/03 20:00,05F0000S,05F0055S,41,250,6
2023/12/03 20:00,05F0000S,05F0055S,42,0,0
2023/12/03 20:00,05F0000S,05F0055S,5,0,0
2023/12/03 20:00,05F0055S,05F0287S,31,990,81
2023/12/03 20:00,05F0055S,05F0287S,32,1010,22
2023/12/03 20:00,05F0055S,05F0287S,41,1021,9
2023/12/03 20:00,05F0055S,05F0287S,42,0,0
2023/12/03 20:00,05F0055S,05F0287S,5,0,0
2023/12/03 20:00,05F0287S,05F0309S,31,90,71
2023/12/03 20:00,05F0287S,05F0309S,32,93,11
2023/12/03 20:00,05F0287S,05F0309S,41,95,6
2023/12/03 20:00,05F0287S,05F0309S,42,0,0
2023/12/03 20:00,05F0287S,05F0309S,5,0,0
2023/12/03 20:00,05F0309S,05F0439S,31,507,53
2023/12/03 20:00,05F0309S,05F0439S,32,481,5
2023/12/03 20:00,05F0309S,05F0439S,41,553,6
2023/12/03 20:00,05F0309S,05F0439S,42,0,0
2023/12/03 20:00,05F0309S,05F0439S,5,0,0
2023/12/03 20:00,05F0439S,05F0494S,31,212,21
2023/12/03 20:00,05F0439S,05F0494S,32,203,4
2023/12/03 20:00,05F0439S,05F0494S,41,227,1
2023/12/03 20:00,05F0439S,05F0494S,42,0,0
2023/12/03 20:00,05F0439S,05F0494S,5,0,0
2023/12/03 20:05,05F0000S,05F0055S,31,246,85
2023/12/03 20:05,05F0000S,05F0055S,32,246,23
2023/12/03 20:05,05F0000S,05F0055S,41,260,7
2023/12/03 20:05,05F0000S,05F0055S,42,0,0
2023/12/03 20:05,05F0000S,05F0055S,5,0,0
2023/12/03 20:05,05F0055S,05F0287S,31,996,85
2023/12/03 20:05,05F0055S,05F0287S,32,1001,14
2023/12/03 20:05,05F0055S,05F0287S,41,1051,10
2023/12/03 20:05,05F0055S,05F0287S,42,0,0
2023/12/03 20:05,05F0055S,05F0287S,5,0,0
2023/12/03 20:05,05F0287S,05F0309S,31,89,56
2023/12/03 20:05,05F0287S,05F0309S,32,87,10
2023/12/03 20:05,05F0287S,05F0309S,41,94,11
2023/12/03 20:05,05F0287S,05F0309S,42,0,0
2023/12/03 20:05,05F0287S,05F0309S,5,0,0
2023/12/03 20:05,05F0309S,05F0439S,31,490,47
2023/12/03 20:05,05F0309S,05F0439S,32,501,11
2023/12/03 20:05,05F0309S,05F0439S,41,559,6
2023/12/03 20:05,05F0309S,05F0439S,42,0,0
2023/12/03 20:05,05F0309S,05F0439S,5,0,0
2023/12/03 20:05,05F0439S,05F0494S,31,212,20
2023/12/03 20:05,05F0439S,05F0494S,32,0,0
2023/12/03 20:05,05F0439S,05F0494S,41,0,0
2023/12/03 20:05,05F0439S,05F0494S,42,0,0
2023/12/03 20:05,05F0439S,05F0494S,5,0,0
2023/12/03 20:10,05F0000S,05F0055S,31,242,89
2023/12/03 20:10,05F0000S,05F0055S,32,241,27
2023/12/03 20:10,05F0000S,05F0055S,41,235,4
2023/12/03 20:10,05F0000S,05F0055S,42,259,1
2023/12/03 20:10,05F0000S,05F0055S,5,0,0
2023/12/03 20:10,05F0055S,05F0287S,31,979,96
2023/12/03 20:10,05F0055S,05F0287S,32,980,24
2023/12/03 20:10,05F0055S,05F0287S,41,1052,4
2023/12/03 20:10,05F0055S,05F0287S,42,0,0
2023/12/03 20:10,05F0055S,05F0287S,5,0,0
2023/12/03 20:10,05F0287S,05F0309S,31,87,87
2023/12/03 20:10,05F0287S,05F0309S,32,88,19
2023/12/03 20:10,05F0287S,05F0309S,41,94,4
2023/12/03 20:10,05F0287S,05F0309S,42,0,0
2023/12/03 20:10,05F0287S,05F0309S,5,0,0
2023/12/03 20:10,05F0309S,05F0439S,31,490,35
2023/12/03 20:10,05F0309S,05F0439S,32,487,7
2023/12/03 20:10,05F0309S,05F0439S,41,545,4
2023/12/03 20:10,05F0309S,05F0439S,42,0,0
2023/12/03 20:10,05F0309S,05F0439S,5,0,0
2023/12/03 20:10,05F0439S,05F0494S,31,201,19
2023/12/03 20:10,05F0439S,05F0494S,32,326,2
2023/12/03 20:10,05F0439S,05F0494S,41,0,0
2023/12/03 20:10,05F0439S,05F0494S,42,0,0
2023/12/03 20:10,05F0439S,05F0494S,5,0,0
2023/12/03 20:15,05F0000S,05F0055S,31,235,79
2023/12/03 20:15,05F0000S,05F0055S,32,241,14
2023/12/03 20:15,05F0000S,05F0055S,41,243,4
2023/12/03 20:15,05F0000S,05F0055S,42,0,0
2023/12/03 20:15,05F0000S,05F0055S,5,0,0
2023/12/03 20:15,05F0055S,05F0287S,31,1003,86
2023/12/03 20:15,05F0055S,05F0287S,32,1008,19
2023/12/03 20:15,05F0055S,05F0287S,41,1062,6
2023/12/03 20:15,05F0055S,05F0287S,42,0,0
2023/12/03 20:15,05F0055S,05F0287S,5,0,0
2023/12/03 20:15,05F0287S,05F0309S,31,89,59
2023/12/03 20:15,05F0287S,05F0309S,32,93,15
2023/12/03 20:15,05F0287S,05F0309S,41,96,5
2023/12/03 20:15,05F0287S,05F0309S,42,0,0
2023/12/03 20:15,05F0287S,05F0309S,5,0,0
2023/12/03 20:15,05F0309S,05F0439S,31,492,54
2023/12/03 20:15,05F0309S,05F0439S,32,499,9
2023/12/03 20:15,05F0309S,05F0439S,41,533,7
2023/12/03 20:15,05F0309S,05F0439S,42,492,1
2023/12/03 20:15,05F0309S,05F0439S,5,0,0
2023/12/03 20:15,05F0439S,05F0494S,31,207,22
2023/12/03 20:15,05F0439S,05F0494S,32,168,1
2023/12/03 20:15,05F0439S,05F0494S,41,0,0
2023/12/03 20:15,05F0439S,05F0494S,42,0,0
2023/12/03 20:15,05F0439S,05F0494S,5,0,0
2023/12/03 20:20,05F0000S,05F0055S,31,245,96
2023/12/03 20:20,05F0000S,05F0055S,32,252,20
2023/12/03 20:20,05F0000S,05F0055S,41,256,4
2023/12/03 20:20,05F0000S,05F0055S,42,0,0
2023/12/03 20:20,05F0000S,05F0055S,5,0,0
2023/12/03 20:20,05F0055S,05F0287S,31,997,94
2023/12/03 20:20,05F0055S,05F0287S,32,994,19
2023/12/03 20:20,05F0055S,05F0287S,41,1032,6
2023/12/03 20:20,05F0055S,05F0287S,42,0,0
2023/12/03 20:20,05F0055S,05F0287S,5,0,0
2023/12/03 20:20,05F0287S,05F0309S,31,89,79
2023/12/03 20:20,05F0287S,05F0309S,32,86,16
2023/12/03 20:20,05F0287S,05F0309S,41,93,3
2023/12/03 20:20,05F0287S,05F0309S,42,0,0
2023/12/03 20:20,05F0287S,05F0309S,5,0,0
2023/12/03 20:20,05F0309S,05F0439S,31,496,51
2023/12/03 20:20,05F0309S,05F0439S,32,482,12
2023/12/03 20:20,05F0309S,05F0439S,41,537,2
2023/12/03 20:20,05F0309S,05F0439S,42,0,0
2023/12/03 20:20,05F0309S,05F0439S,5,0,0
2023/12/03 20:20,05F0439S,05F0494S,31,199,20
2023/12/03 20:20,05F0439S,05F0494S,32,209,3
2023/12/03 20:20,05F0439S,05F0494S,41,0,0
2023/12/03 20:20,05F0439S,05F0494S,42,0,0
2023/12/03 20:20,05F0439S,05F0494S,5,0,0
2023/12/03 20:25,05F0000S,05F0055S,31,248,76
2023/12/03 20:25,05F0000S,05F0055S,32,247,19
2023/12/03 20:25,05F0000S,05F0055S,41,254,4
2023/12/03 20:25,05F0000S,05F0055S,42,0,0
2023/12/03 20:25,05F0000S,05F0055S,5,0,0
2023/12/03 20:25,05F0055S,05F0287S,31,991,105
2023/12/03 20:25,05F0055S,05F0287S,32,1003,29
2023/12/03 20:25,05F0055S,05F0287S,41,1054,5
2023/12/03 20:25,05F0055S,05F0287S,42,0,0
2023/12/03 20:25,05F0055S,05F0287S,5,0,0
2023/12/03 20:25,05F0287S,05F0309S,31,88,87
2023/12/03 20:25,05F0287S,05F0309S,32,90,17
2023/12/03 20:25,05F0287S,05F0309S,41,96,8
2023/12/03 20:25,05F0287S,05F0309S,42,0,0
2023/12/03 20:25,05F0287S,05F0309S,5,0,0
2023/12/03 20:25,05F0309S,05F0439S,31,497,43
2023/12/03 20:25,05F0309S,05F0439S,32,470,7
2023/12/03 20:25,05F0309S,05F0439S,41,558,3
2023/12/03 20:25,05F0309S,05F0439S,42,0,0
2023/12/03 20:25,05F0309S,05F0439S,5,501,1
2023/12/03 20:25,05F0439S,05F0494S,31,205,17
2023/12/03 20:25,05F0439S,05F0494S,32,202,7
2023/12/03 20:25,05F0439S,05F0494S,41,0,0
2023/12/03 20:25,05F0439S,05F0494S,42,231,1
2023/12/03 20:25,05F0439S,05F0494S,5,0,0
2023/12/03 20:30,05F0000S,05F0055S,31,247,91
2023/12/03 20:30,05F0000S,05F0055S,32,248,21
2023/12/03 20:30,05F0000S,05F0055S,41,252,10
2023/12/03 20:30,05F0000S,05F0055S,42,0,0
2023/12/03 20:30,05F0000S,05F0055S,5,0,0
2023/12/03 20:30,05F0055S,05F0287S,31,972,101
2023/12/03 20:30,05F0055S,05F0287S,32,982,22
2023/12/03 20:30,05F0055S,05F0287S,41,1008,6
2023/12/03 20:30,05F0055S,05F0287S,42,0,0
2023/12/03 20:30,05F0055S,05F0287S,5,0,0
2023/12/03 20:30,05F0287S,05F0309S,31,85,95
2023/12/03 20:30,05F0287S,05F0309S,32,87,23
2023/12/03 20:30,05F0287S,05F0309S,41,90,3
2023/12/03 20:30,05F0287S,05F0309S,42,0,0
2023/12/03 20:30,05F0287S,05F0309S,5,0,0
2023/12/03 20:30,05F0309S,05F0439S,31,505,48
2023/12/03 20:30,05F0309S,05F0439S,32,486,10
2023/12/03 20:30,05F0309S,05F0439S,41,570,2
2023/12/03 20:30,05F0309S,05F0439S,42,518,1
2023/12/03 20:30,05F0309S,05F0439S,5,496,4
2023/12/03 20:30,05F0439S,05F0494S,31,207,20
2023/12/03 20:30,05F0439S,05F0494S,32,204,7
2023/12/03 20:30,05F0439S,05F0494S,41,0,0
2023/12/03 20:30,05F0439S,05F0494S,42,0,0
2023/12/03 20:30,05F0439S,05F0494S,5,209,3
2023/12/03 20:35,05F0000S,05F0055S,31,244,88
2023/12/03 20:35,05F0000S,05F0055S,32,247,16
2023/12/03 20:35,05F0000S,05F0055S,41,257,7
2023/12/03 20:35,05F0000S,05F0055S,42,0,0
2023/12/03 20:35,05F0000S,05F0055S,5,0,0
2023/12/03 20:35,05F0055S,05F0287S,31,973,86
2023/12/03 20:35,05F0055S,05F0287S,32,978,15
2023/12/03 20:35,05F0055S,05F0287S,41,1048,5
2023/12/03 20:35,05F0055S,05F0287S,42,0,0
2023/12/03 20:35,05F0055S,05F0287S,5,0,0
2023/12/03 20:35,05F0287S,05F0309S,31,86,62
2023/12/03 20:35,05F0287S,05F0309S,32,87,9
2023/12/03 20:35,05F0287S,05F0309S,41,98,4
2023/12/03 20:35,05F0287S,05F0309S,42,0,0
2023/12/03 20:35,05F0287S,05F0309S,5,0,0
2023/12/03 20:35,05F0309S,05F0439S,31,508,64
2023/12/03 20:35,05F0309S,05F0439S,32,506,17
2023/12/03 20:35,05F0309S,05F0439S,41,540,4
2023/12/03 20:35,05F0309S,05F0439S,42,611,1
2023/12/03 20:35,05F0309S,05F0439S,5,0,0
2023/12/03 20:35,05F0439S,05F0494S,31,204,14
2023/12/03 20:35,05F0439S,05F0494S,32,218,6
2023/12/03 20:35,05F0439S,05F0494S,41,0,0
2023/12/03 20:35,05F0439S,05F0494S,42,211,1
2023/12/03 20:35,05F0439S,05F0494S,5,0,0
2023/12/03 20:40,05F0000S,05F0055S,31,245,91
2023/12/03 20:40,05F0000S,05F0055S,32,246,19
2023/12/03 20:40,05F0000S,05F0055S,41,261,8
2023/12/03 20:40,05F0000S,05F0055S,42,0,0
2023/12/03 20:40,05F0000S,05F0055S,5,0,0
2023/12/03 20:40,05F0055S,05F0287S,31,989,94
2023/12/03 20:40,05F0055S,05F0287S,32,1002,21
2023/12/03 20:40,05F0055S,05F0287S,41,1051,4
2023/12/03 20:40,05F0055S,05F0287S,42,0,0
2023/12/03 20:40,05F0055S,05F0287S,5,0,0
2023/12/03 20:40,05F0287S,05F0309S,31,90,74
2023/12/03 20:40,05F0287S,05F0309S,32,89,14
2023/12/03 20:40,05F0287S,05F0309S,41,95,3
2023/12/03 20:40,05F0287S,05F0309S,42,0,0
2023/12/03 20:40,05F0287S,05F0309S,5,0,0
2023/12/03 20:40,05F0309S,05F0439S,31,509,53
2023/12/03 20:40,05F0309S,05F0439S,32,538,11
2023/12/03 20:40,05F0309S,05F0439S,41,578,3
2023/12/03 20:40,05F0309S,05F0439S,42,0,0
2023/12/03 20:40,05F0309S,05F0439S,5,0,0
2023/12/03 20:40,05F0439S,05F0494S,31,203,30
2023/12/03 20:40,05F0439S,05F0494S,32,215,7
2023/12/03 20:40,05F0439S,05F0494S,41,0,0
2023/12/03 20:40,05F0439S,05F0494S,42,0,0
2023/12/03 20:40,05F0439S,05F0494S,5,0,0
2023/12/03 20:45,05F0000S,05F0055S,31,244,88
2023/12/03 20:45,05F0000S,05F0055S,32,248,22
2023/12/03 20:45,05F0000S,05F0055S,41,269,6
2023/12/03 20:45,05F0000S,05F0055S,42,0,0
2023/12/03 20:45,05F0000S,05F0055S,5,0,0
2023/12/03 20:45,05F0055S,05F0287S,31,1000,99
2023/12/03 20:45,05F0055S,05F0287S,32,980,19
2023/12/03 20:45,05F0055S,05F0287S,41,1023,7
2023/12/03 20:45,05F0055S,05F0287S,42,0,0
2023/12/03 20:45,05F0055S,05F0287S,5,0,0
2023/12/03 20:45,05F0287S,05F0309S,31,87,74
2023/12/03 20:45,05F0287S,05F0309S,32,88,15
2023/12/03 20:45,05F0287S,05F0309S,41,92,7
2023/12/03 20:45,05F0287S,05F0309S,42,0,0
2023/12/03 20:45,05F0287S,05F0309S,5,0,0
2023/12/03 20:45,05F0309S,05F0439S,31,504,45
2023/12/03 20:45,05F0309S,05F0439S,32,509,7
2023/12/03 20:45,05F0309S,05F0439S,41,596,3
2023/12/03 20:45,05F0309S,05F0439S,42,498,1
2023/12/03 20:45,05F0309S,05F0439S,5,609,2
2023/12/03 20:45,05F0439S,05F0494S,31,206,15
2023/12/03 20:45,05F0439S,05F0494S,32,214,5
2023/12/03 20:45,05F0439S,05F0494S,41,0,0
2023/12/03 20:45,05F0439S,05F0494S,42,0,0
2023/12/03 20:45,05F0439S,05F0494S,5,207,1
2023/12/03 20:50,05F0000S,05F0055S,31,241,72
2023/12/03 20:50,05F0000S,05F0055S,32,242,21
2023/12/03 20:50,05F0000S,05F0055S,41,243,6
2023/12/03 20:50,05F0000S,05F0055S,42,0,0
2023/12/03 20:50,05F0000S,05F0055S,5,0,0
2023/12/03 20:50,05F0055S,05F0287S,31,963,88
2023/12/03 20:50,05F0055S,05F0287S,32,962,23
2023/12/03 20:50,05F0055S,05F0287S,41,1019,9
2023/12/03 20:50,05F0055S,05F0287S,42,0,0
2023/12/03 20:50,05F0055S,05F0287S,5,0,0
2023/12/03 20:50,05F0287S,05F0309S,31,84,73
2023/12/03 20:50,05F0287S,05F0309S,32,85,20
2023/12/03 20:50,05F0287S,05F0309S,41,91,11
2023/12/03 20:50,05F0287S,05F0309S,42,0,0
2023/12/03 20:50,05F0287S,05F0309S,5,0,0
2023/12/03 20:50,05F0309S,05F0439S,31,488,49
2023/12/03 20:50,05F0309S,05F0439S,32,518,11
2023/12/03 20:50,05F0309S,05F0439S,41,531,3
2023/12/03 20:50,05F0309S,05F0439S,42,460,1
2023/12/03 20:50,05F0309S,05F0439S,5,0,0
2023/12/03 20:50,05F0439S,05F0494S,31,205,23
2023/12/03 20:50,05F0439S,05F0494S,32,216,7
2023/12/03 20:50,05F0439S,05F0494S,41,249,3
2023/12/03 20:50,05F0439S,05F0494S,42,0,0
2023/12/03 20:50,05F0439S,05F0494S,5,0,0
2023/12/03 20:55,05F0000S,05F0055S,31,248,119
2023/12/03 20:55,05F0000S,05F0055S,32,250,15
2023/12/03 20:55,05F0000S,05F0055S,41,256,4
2023/12/03 20:55,05F0000S,05F0055S,42,0,0
2023/12/03 20:55,05F0000S,05F0055S,5,0,0
2023/12/03 20:55,05F0055S,05F0287S,31,1007,91
2023/12/03 20:55,05F0055S,05F0287S,32,1013,18
2023/12/03 20:55,05F0055S,05F0287S,41,1035,6
2023/12/03 20:55,05F0055S,05F0287S,42,0,0
2023/12/03 20:55,05F0055S,05F0287S,5,0,0
2023/12/03 20:55,05F0287S,05F0309S,31,87,76
2023/12/03 20:55,05F0287S,05F0309S,32,87,13
2023/12/03 20:55,05F0287S,05F0309S,41,92,4
2023/12/03 20:55,05F0287S,05F0309S,42,0,0
2023/12/03 20:55,05F0287S,05F0309S,5,0,0
2023/12/03 20:55,05F0309S,05F0439S,31,490,41
2023/12/03 20:55,05F0309S,05F0439S,32,486,13
2023/12/03 20:55,05F0309S,05F0439S,41,521,4
2023/12/03 20:55,05F0309S,05F0439S,42,0,0
2023/12/03 20:55,05F0309S,05F0439S,5,0,0
2023/12/03 20:55,05F0439S,05F0494S,31,204,11
2023/12/03 20:55,05F0439S,05F0494S,32,201,4
2023/12/03 20:55,05F0439S,05F0494S,41,0,0
2023/12/03 20:55,05F0439S,05F0494S,42,187,1
2023/12/03 20:55,05F0439S,05F0494S,5,0,0
2023/12/03 21:00,05F0000S,05F0055S,31,247,80
2023/12/03 21:00,05F0000S,05F0055S,32,250,13
2023/12/03 21:00,05F0000S,05F0055S,41,261,9
2023/12/03 21:00,05F0000S,05F0055S,42,0,0
2023/12/03 21:00,05F0000S,05F0055S,5,0,0
2023/12/03 21:00,05F0055S,05F0287S,31,993,98
2023/12/03 21:00,05F0055S,05F0287S,32,987,20
2023/12/03 21:00,05F0055S,05F0287S,41,1042,10
2023/12/03 21:00,05F0055S,05F0287S,42,0,0
2023/12/03 21:00,05F0055S,05F0287S,5,0,0
2023/12/03 21:00,05F0287S,05F0309S,31,89,69
2023/12/03 21:00,05F0287S,05F0309S,32,88,16
2023/12/03 21:00,05F0287S,05F0309S,41,95,8
2023/12/03 21:00,05F0287S,05F0309S,42,0,0
2023/12/03 21:00,05F0287S,05F0309S,5,0,0
2023/12/03 21:00,05F0309S,05F0439S,31,490,43
2023/12/03 21:00,05F0309S,05F0439S,32,525,9
2023/12/03 21:00,05F0309S,05F0439S,41,534,4
2023/12/03 21:00,05F0309S,05F0439S,42,575,3
2023/12/03 21:00,05F0309S,05F0439S,5,0,0
2023/12/03 21:00,05F0439S,05F0494S,31,202,24
2023/12/03 21:00,05F0439S,05F0494S,32,203,6
2023/12/03 21:00,05F0439S,05F0494S,41,0,0
2023/12/03 21:00,05F0439S,05F0494S,42,0,0
2023/12/03 21:00,05F0439S,05F0494S,5,0,0
2023/12/03 21:05,05F0000S,05F0055S,31,239,58
2023/12/03 21:05,05F0000S,05F0055S,32,245,21
2023/12/03 21:05,05F0000S,05F0055S,41,251,5
2023/12/03 21:05,05F0000S,05F0055S,42,0,0
2023/12/03 21:05,05F0000S,05F0055S,5,0,0
2023/12/03 21:05,05F0055S,05F0287S,31,996,91
2023/12/03 21:05,05F0055S,05F0287S,32,1003,26
2023/12/03 21:05,05F0055S,05F0287S,41,1066,5
2023/12/03 21:05,05F0055S,05F0287S,42,0,0
2023/12/03 21:05,05F0055S,05F0287S,5,0,0
2023/12/03 21:05,05F0287S,05F0309S,31,90,61
2023/12/03 21:05,05F0287S,05F0309S,32,89,24
2023/12/03 21:05,05F0287S,05F0309S,41,92,4
2023/12/03 21:05,05F0287S,05F0309S,42,0,0
2023/12/03 21:05,05F0287S,05F0309S,5,0,0
2023/12/03 21:05,05F0309S,05F0439S,31,504,43
2023/12/03 21:05,05F0309S,05F0439S,32,518,13
2023/12/03 21:05,05F0309S,05F0439S,41,525,5
2023/12/03 21:05,05F0309S,05F0439S,42,538,1
2023/12/03 21:05,05F0309S,05F0439S,5,0,0
2023/12/03 21:05,05F0439S,05F0494S,31,208,18
2023/12/03 21:05,05F0439S,05F0494S,32,217,3
2023/12/03 21:05,05F0439S,05F0494S,41,0,0
2023/12/03 21:05,05F0439S,05F0494S,42,232,2
2023/12/03 21:05,05F0439S,05F0494S,5,0,0
2023/12/03 21:10,05F0000S,05F0055S,31,244,89
2023/12/03 21:10,05F0000S,05F0055S,32,241,20
2023/12/03 21:10,05F0000S,05F0055S,41,243,5
2023/12/03 21:10,05F0000S,05F0055S,42,273,1
2023/12/03 21:10,05F0000S,05F0055S,5,0,0
2023/12/03 21:10,05F0055S,05F0287S,31,992,103
2023/12/03 21:10,05F0055S,05F0287S,32,982,20
2023/12/03 21:10,05F0055S,05F0287S,41,1012,7
2023/12/03 21:10,05F0055S,05F0287S,42,0,0
2023/12/03 21:10,05F0055S,05F0287S,5,0,0
2023/12/03 21:10,05F0287S,05F0309S,31,87,81
2023/12/03 21:10,05F0287S,05F0309S,32,89,17
2023/12/03 21:10,05F0287S,05F0309S,41,104,5
2023/12/03 21:10,05F0287S,05F0309S,42,0,0
2023/12/03 21:10,05F0287S,05F0309S,5,0,0
2023/12/03 21:10,05F0309S,05F0439S,31,498,49
2023/12/03 21:10,05F0309S,05F0439S,32,508,13
2023/12/03 21:10,05F0309S,05F0439S,41,528,1
2023/12/03 21:10,05F0309S,05F0439S,42,0,0
2023/12/03 21:10,05F0309S,05F0439S,5,0,0
2023/12/03 21:10,05F0439S,05F0494S,31,202,17
2023/12/03 21:10,05F0439S,05F0494S,32,209,5
2023/12/03 21:10,05F0439S,05F0494S,41,234,1
2023/12/03 21:10,05F0439S,05F0494S,42,0,0
2023/12/03 21:10,05F0439S,05F0494S,5,0,0
2023/12/03 21:15,05F0000S,05F0055S,31,239,92
2023/12/03 21:15,05F0000S,05F0055S,32,250,14
2023/12/03 21:15,05F0000S,05F0055S,41,246,6
2023/12/03 21:15,05F0000S,05F0055S,42,0,0
2023/12/03 21:15,05F0000S,05F0055S,5,0,0
2023/12/03 21:15,05F0055S,05F0287S,31,969,92
2023/12/03 21:15,05F0055S,05F0287S,32,980,7
2023/12/03 21:15,05F0055S,05F0287S,41,1045,6
2023/12/03 21:15,05F0055S,05F0287S,42,0,0
2023/12/03 21:15,05F0055S,05F0287S,5,0,0
2023/12/03 21:15,05F0287S,05F0309S,31,88,81
2023/12/03 21:15,05F0287S,05F0309S,32,87,5
2023/12/03 21:15,05F0287S,05F0309S,41,92,5
2023/12/03 21:15,05F0287S,05F0309S,42,0,0
2023/12/03 21:15,05F0287S,05F0309S,5,0,0
2023/12/03 21:15,05F0309S,05F0439S,31,497,41
2023/12/03 21:15,05F0309S,05F0439S,32,497,16
2023/12/03 21:15,05F0309S,05F0439S,41,555,2
2023/12/03 21:15,05F0309S,05F0439S,42,595,1
2023/12/03 21:15,05F0309S,05F0439S,5,0,0
2023/12/03 21:15,05F0439S,05F0494S,31,193,24
2023/12/03 21:15,05F0439S,05F0494S,32,202,3
2023/12/03 21:15,05F0439S,05F0494S,41,0,0
2023/12/03 21:15,05F0439S,05F0494S,42,0,0
2023/12/03 21:15,05F0439S,05F0494S,5,0,0
2023/12/03 21:20,05F0000S,05F0055S,31,248,94
2023/12/03 21:20,05F0000S,05F0055S,32,251,23
2023/12/03 21:20,05F0000S,05F0055S,41,251,5
2023/12/03 21:20,05F0000S,05F0055S,42,0,0
2023/12/03 21:20,05F0000S,05F0055S,5,0,0
2023/12/03 21:20,05F0055S,05F0287S,31,999,90
2023/12/03 21:20,05F0055S,05F0287S,32,1010,22
2023/12/03 21:20,05F0055S,05F0287S,41,1032,7
2023/12/03 21:20,05F0055S,05F0287S,42,0,0
2023/12/03 21:20,05F0055S,05F0287S,5,0,0
2023/12/03 21:20,05F0287S,05F0309S,31,89,72
2023/12/03 21:20,05F0287S,05F0309S,32,90,14
2023/12/03 21:20,05F0287S,05F0309S,41,93,7
2023/12/03 21:20,05F0287S,05F0309S,42,0,0
2023/12/03 21:20,05F0287S,05F0309S,5,0,0
2023/12/03 21:20,05F0309S,05F0439S,31,486,54
2023/12/03 21:20,05F0309S,05F0439S,32,505,8
2023/12/03 21:20,05F0309S,05F0439S,41,541,2
2023/12/03 21:20,05F0309S,05F0439S,42,0,0
2023/12/03 21:20,05F0309S,05F0439S,5,572,1
2023/12/03 21:20,05F0439S,05F0494S,31,208,30
2023/12/03 21:20,05F0439S,05F0494S,32,211,7
2023/12/03 21:20,05F0439S,05F0494S,41,0,0
2023/12/03 21:20,05F0439S,05F0494S,42,228,1
2023/12/03 21:20,05F0439S,05F0494S,5,0,0
2023/12/03 21:25,05F0000S,05F0055S,31,238,82
2023/12/03 21:25,05F0000S,05F0055S,32,240,15
2023/12/03 21:25,05F0000S,05F0055S,41,247,2
2023/12/03 21:25,05F0000S,05F0055S,42,0,0
2023/12/03 21:25,05F0000S,05F0055S,5,0,0
2023/12/03 21:25,05F0055S,05F0287S,31,994,61
2023/12/03 21:25,05F0055S,05F0287S,32,992,16
2023/12/03 21:25,05F0055S,05F0287S,41,1023,4
2023/12/03 21:25,05F0055S,05F0287S,42,0,0
2023/12/03 21:25,05F0055S,05F0287S,5,0,0
2023/12/03 21:25,05F0287S,05F0309S,31,87,45
2023/12/03 21:25,05F0287S,05F0309S,32,85,15
2023/12/03 21:25,05F0287S,05F0309S,41,92,4
2023/12/03 21:25,05F0287S,05F0309S,42,0,0
2023/12/03 21:25,05F0287S,05F0309S,5,0,0
2023/12/03 21:25,05F0309S,05F0439S,31,499,36
2023/12/03 21:25,05F0309S,05F0439S,32,526,4
2023/12/03 21:25,05F0309S,05F0439S,41,525,1
2023/12/03 21:25,05F0309S,05F0439S,42,0,0
2023/12/03 21:25,05F0309S,05F0439S,5,0,0
2023/12/03 21:25,05F0439S,05F0494S,31,198,26
2023/12/03 21:25,05F0439S,05F0494S,32,202,2
2023/12/03 21:25,05F0439S,05F0494S,41,237,1
2023/12/03 21:25,05F0439S,05F0494S,42,0,0
2023/12/03 21:25,05F0439S,05F0494S,5,0,0
2023/12/03 21:30,05F0000S,05F0055S,31,239,76
2023/12/03 21:30,05F0000S,05F0055S,32,241,8
2023/12/03 21:30,05F0000S,05F0055S,41,254,4
2023/12/03 21:30,05F0000S,05F0055S,42,0,0
2023/12/03 21:30,05F0000S,05F0055S,5,0,0
2023/12/03 21:30,05F0055S,05F0287S,31,999,118
2023/12/03 21:30,05F0055S,05F0287S,32,1009,22
2023/12/03 21:30,05F0055S,05F0287S,41,1036,7
2023/12/03 21:30,05F0055S,05F0287S,42,1104,1
2023/12/03 21:30,05F0055S,05F0287S,5,0,0
2023/12/03 21:30,05F0287S,05F0309S,31,88,84
2023/12/03 21:30,05F0287S,05F0309S,32,85,16
2023/12/03 21:30,05F0287S,05F0309S,41,98,6
2023/12/03 21:30,05F0287S,05F0309S,42,109,1
2023/12/03 21:30,05F0287S,05F0309S,5,0,0
2023/12/03 21:30,05F0309S,05F0439S,31,494,44
2023/12/03 21:30,05F0309S,05F0439S,32,500,14
2023/12/03 21:30,05F0309S,05F0439S,41,547,5
2023/12/03 21:30,05F0309S,05F0439S,42,0,0
2023/12/03 21:30,05F0309S,05F0439S,5,0,0
2023/12/03 21:30,05F0439S,05F0494S,31,203,19
2023/12/03 21:30,05F0439S,05F0494S,32,221,3
2023/12/03 21:30,05F0439S,05F0494S,41,0,0
2023/12/03 21:30,05F0439S,05F0494S,42,0,0
2023/12/03 21:30,05F0439S,05F0494S,5,0,0
2023/12/03 21:35,05F0000S,05F0055S,31,247,92
2023/12/03 21:35,05F0000S,05F0055S,32,253,18
2023/12/03 21:35,05F0000S,05F0055S,41,242,5
2023/12/03 21:35,05F0000S,05F0055S,42,0,0
2023/12/03 21:35,05F0000S,05F0055S,5,0,0
2023/12/03 21:35,05F0055S,05F0287S,31,985,82
2023/12/03 21:35,05F0055S,05F0287S,32,988,21
2023/12/03 21:35,05F0055S,05F0287S,41,995,2
2023/12/03 21:35,05F0055S,05F0287S,42,0,0
2023/12/03 21:35,05F0055S,05F0287S,5,0,0
2023/12/03 21:35,05F0287S,05F0309S,31,88,68
2023/12/03 21:35,05F0287S,05F0309S,32,89,17
2023/12/03 21:35,05F0287S,05F0309S,41,93,5
2023/12/03 21:35,05F0287S,05F0309S,42,0,0
2023/12/03 21:35,05F0287S,05F0309S,5,0,0
2023/12/03 21:35,05F0309S,05F0439S,31,478,40
2023/12/03 21:35,05F0309S,05F0439S,32,489,9
2023/12/03 21:35,05F0309S,05F0439S,41,1389,2
2023/12/03 21:35,05F0309S,05F0439S,42,546,2
2023/12/03 21:35,05F0309S,05F0439S,5,0,0
2023/12/03 21:35,05F0439S,05F0494S,31,204,17
2023/12/03 21:35,05F0439S,05F0494S,32,204,6
2023/12/03 21:35,05F0439S,05F0494S,41,0,0
2023/12/03 21:35,05F0439S,05F0494S,42,243,1
2023/12/03 21:35,05F0439S,05F0494S,5,0,0
2023/12/03 21:40,05F0000S,05F0055S,31,240,76
2023/12/03 21:40,05F0000S,05F0055S,32,241,12
2023/12/03 21:40,05F0000S,05F0055S,41,244,5
2023/12/03 21:40,05F0000S,05F0055S,42,0,0
2023/12/03 21:40,05F0000S,05F0055S,5,0,0
2023/12/03 21:40,05F0055S,05F0287S,31,966,87
2023/12/03 21:40,05F0055S,05F0287S,32,963,18
2023/12/03 21:40,05F0055S,05F0287S,41,1060,5
2023/12/03 21:40,05F0055S,05F0287S,42,0,0
2023/12/03 21:40,05F0055S,05F0287S,5,0,0
2023/12/03 21:40,05F0287S,05F0309S,31,85,89
2023/12/03 21:40,05F0287S,05F0309S,32,87,13
2023/12/03 21:40,05F0287S,05F0309S,41,91,3
2023/12/03 21:40,05F0287S,05F0309S,42,0,0
2023/12/03 21:40,05F0287S,05F0309S,5,0,0
2023/12/03 21:40,05F0309S,05F0439S,31,493,50
2023/12/03 21:40,05F0309S,05F0439S,32,467,7
2023/12/03 21:40,05F0309S,05F0439S,41,517,4
2023/12/03 21:40,05F0309S,05F0439S,42,546,3
2023/12/03 21:40,05F0309S,05F0439S,5,0,0
2023/12/03 21:40,05F0439S,05F0494S,31,200,21
2023/12/03 21:40,05F0439S,05F0494S,32,198,6
2023/12/03 21:40,05F0439S,05F0494S,41,0,0
2023/12/03 21:40,05F0439S,05F0494S,42,223,1
2023/12/03 21:40,05F0439S,05F0494S,5,0,0
2023/12/03 21:45,05F0000S,05F0055S,31,246,83
2023/12/03 21:45,05F0000S,05F0055S,32,245,17
2023/12/03 21:45,05F0000S,05F0055S,41,252,6
2023/12/03 21:45,05F0000S,05F0055S,42,0,0
2023/12/03 21:45,05F0000S,05F0055S,5,0,0
2023/12/03 21:45,05F0055S,05F0287S,31,969,83
2023/12/03 21:45,05F0055S,05F0287S,32,988,9
2023/12/03 21:45,05F0055S,05F0287S,41,990,4
2023/12/03 21:45,05F0055S,05F0287S,42,0,0
2023/12/03 21:45,05F0055S,05F0287S,5,0,0
2023/12/03 21:45,05F0287S,05F0309S,31,84,62
2023/12/03 21:45,05F0287S,05F0309S,32,89,11
2023/12/03 21:45,05F0287S,05F0309S,41,717,6
2023/12/03 21:45,05F0287S,05F0309S,42,0,0
2023/12/03 21:45,05F0287S,05F0309S,5,0,0
2023/12/03 21:45,05F0309S,05F0439S,31,487,34
2023/12/03 21:45,05F0309S,05F0439S,32,505,12
2023/12/03 21:45,05F0309S,05F0439S,41,566,2
2023/12/03 21:45,05F0309S,05F0439S,42,0,0
2023/12/03 21:45,05F0309S,05F0439S,5,713,1
2023/12/03 21:45,05F0439S,05F0494S,31,201,21
2023/12/03 21:45,05F0439S,05F0494S,32,199,2
2023/12/03 21:45,05F0439S,05F0494S,41,221,1
2023/12/03 21:45,05F0439S,05F0494S,42,620,1
2023/12/03 21:45,05F0439S,05F0494S,5,0,0
2023/12/03 21:50,05F0000S,05F0055S,31,238,57
2023/12/03 21:50,05F0000S,05F0055S,32,245,18
2023/12/03 21:50,05F0000S,05F0055S,41,233,2
2023/12/03 21:50,05F0000S,05F0055S,42,0,0
2023/12/03 21:50,05F0000S,05F0055S,5,0,0
2023/12/03 21:50,05F0055S,05F0287S,31,981,88
2023/12/03 21:50,05F0055S,05F0287S,32,984,18
2023/12/03 21:50,05F0055S,05F0287S,41,998,6
2023/12/03 21:50,05F0055S,05F0287S,42,0,0
2023/12/03 21:50,05F0055S,05F0287S,5,0,0
2023/12/03 21:50,05F0287S,05F0309S,31,88,60
2023/12/03 21:50,05F0287S,05F0309S,32,88,14
2023/12/03 21:50,05F0287S,05F0309S,41,92,5
2023/12/03 21:50,05F0287S,05F0309S,42,0,0
2023/12/03 21:50,05F0287S,05F0309S,5,0,0
2023/12/03 21:50,05F0309S,05F0439S,31,475,48
2023/12/03 21:50,05F0309S,05F0439S,32,512,10
2023/12/03 21:50,05F0309S,05F0439S,41,534,4
2023/12/03 21:50,05F0309S,05F0439S,42,574,1
2023/12/03 21:50,05F0309S,05F0439S,5,519,1
2023/12/03 21:50,05F0439S,05F0494S,31,202,15
2023/12/03 21:50,05F0439S,05F0494S,32,189,3
2023/12/03 21:50,05F0439S,05F0494S,41,0,0
2023/12/03 21:50,05F0439S,05F0494S,42,0,0
2023/12/03 21:50,05F0439S,05F0494S,5,297,1
2023/12/03 21:55,05F0000S,05F0055S,31,236,60
2023/12/03 21:55,05F0000S,05F0055S,32,244,17
2023/12/03 21:55,05F0000S,05F0055S,41,239,4
2023/12/03 21:55,05F0000S,05F0055S,42,0,0
2023/12/03 21:55,05F0000S,05F0055S,5,0,0
2023/12/03 21:55,05F0055S,05F0287S,31,977,88
2023/12/03 21:55,05F0055S,05F0287S,32,984,12
2023/12/03 21:55,05F0055S,05F0287S,41,975,2
2023/12/03 21:55,05F0055S,05F0287S,42,0,0
2023/12/03 21:55,05F0055S,05F0287S,5,0,0
2023/12/03 21:55,05F0287S,05F0309S,31,90,79
2023/12/03 21:55,05F0287S,05F0309S,32,89,9
2023/12/03 21:55,05F0287S,05F0309S,41,88,3
2023/12/03 21:55,05F0287S,05F0309S,42,0,0
2023/12/03 21:55,05F0287S,05F0309S,5,0,0
2023/12/03 21:55,05F0309S,05F0439S,31,475,36
2023/12/03 21:55,05F0309S,05F0439S,32,531,3
2023/12/03 21:55,05F0309S,05F0439S,41,539,5
2023/12/03 21:55,05F0309S,05F0439S,42,0,0
2023/12/03 21:55,05F0309S,05F0439S,5,0,0
2023/12/03 21:55,05F0439S,05F0494S,31,197,17
2023/12/03 21:55,05F0439S,05F0494S,32,198,4
2023/12/03 21:55,05F0439S,05F0494S,41,0,0
2023/12/03 21:55,05F0439S,05F0494S,42,233,1
2023/12/03 21:55,05F0439S,05F0494S,5,222,2
2023/12/03 22:00,05F0000S,05F0055S,31,243,66
2023/12/03 22:00,05F0000S,05F0055S,32,246,24
2023/12/03 22:00,05F0000S,05F0055S,41,237,2
2023/12/03 22:00,05F0000S,05F0055S,42,0,0
2023/12/03 22:00,05F0000S,05F0055S,5,0,0
2023/12/03 22:00,05F0055S,05F0287S,31,984,77
2023/12/03 22:00,05F0055S,05F0287S,32,1002,14
2023/12/03 22:00,05F0055S,05F0287S,41,1019,5
2023/12/03 22:00,05F0055S,05F0287S,42,0,0
2023/12/03 22:00,05F0055S,05F0287S,5,0,0
2023/12/03 22:00,05F0287S,05F0309S,31,88,52
2023/12/03 22:00,05F0287S,05F0309S,32,89,7
2023/12/03 22:00,05F0287S,05F0309S,41,92,4
2023/12/03 22:00,05F0287S,05F0309S,42,0,0
2023/12/03 22:00,05F0287S,05F0309S,5,0,0
2023/12/03 22:00,05F0309S,05F0439S,31,499,41
2023/12/03 22:00,05F0309S,05F0439S,32,502,9
2023/12/03 22:00,05F0309S,05F0439S,41,535,4
2023/12/03 22:00,05F0309S,05F0439S,42,557,2
2023/12/03 22:00,05F0309S,05F0439S,5,0,0
2023/12/03 22:00,05F0439S,05F0494S,31,205,15
2023/12/03 22:00,05F0439S,05F0494S,32,207,3
2023/12/03 22:00,05F0439S,05F0494S,41,0,0
2023/12/03 22:00,05F0439S,05F0494S,42,0,0
2023/12/03 22:00,05F0439S,05F0494S,5,0,0
2023/12/03 22:05,05F0000S,05F0055S,31,245,79
2023/12/03 22:05,05F0000S,05F0055S,32,238,16
2023/12/03 22:05,05F0000S,05F0055S,41,238,7
2023/12/03 22:05,05F0000S,05F0055S,42,0,0
2023/12/03 22:05,05F0000S,05F0055S,5,0,0
2023/12/03 22:05,05F0055S,05F0287S,31,987,79
2023/12/03 22:05,05F0055S,05F0287S,32,1001,24
2023/12/03 22:05,05F0055S,05F0287S,41,1032,5
2023/12/03 22:05,05F0055S,05F0287S,42,0,0
2023/12/03 22:05,05F0055S,05F0287S,5,0,0
2023/12/03 22:05,05F0287S,05F0309S,31,89,75
2023/12/03 22:05,05F0287S,05F0309S,32,90,16
2023/12/03 22:05,05F0287S,05F0309S,41,92,4
2023/12/03 22:05,05F0287S,05F0309S,42,0,0
2023/12/03 22:05,05F0287S,05F0309S,5,0,0
2023/12/03 22:05,05F0309S,05F0439S,31,501,54
2023/12/03 22:05,05F0309S,05F0439S,32,519,9
2023/12/03 22:05,05F0309S,05F0439S,41,509,1
2023/12/03 22:05,05F0309S,05F0439S,42,0,0
2023/12/03 22:05,05F0309S,05F0439S,5,0,0
2023/12/03 22:05,05F0439S,05F0494S,31,209,27
2023/12/03 22:05,05F0439S,05F0494S,32,225,4
2023/12/03 22:05,05F0439S,05F0494S,41,0,0
2023/12/03 22:05,05F0439S,05F0494S,42,220,2
2023/12/03 22:05,05F0439S,05F0494S,5,0,0
2023/12/03 22:10,05F0000S,05F0055S,31,232,66
2023/12/03 22:10,05F0000S,05F0055S,32,236,17
2023/12/03 22:10,05F0000S,05F0055S,41,248,2
2023/12/03 22:10,05F0000S,05F0055S,42,0,0
2023/12/03 22:10,05F0000S,05F0055S,5,0,0
2023/12/03 22:10,05F0055S,05F0287S,31,991,44
2023/12/03 22:10,05F0055S,05F0287S,32,981,16
2023/12/03 22:10,05F0055S,05F0287S,41,1042,4
2023/12/03 22:10,05F0055S,05F0287S,42,0,0
2023/12/03 22:10,05F0055S,05F0287S,5,0,0
2023/12/03 22:10,05F0287S,05F0309S,31,89,33
2023/12/03 22:10,05F0287S,05F0309S,32,88,11
2023/12/03 22:10,05F0287S,05F0309S,41,735,2
2023/12/03 22:10,05F0287S,05F0309S,42,0,0
2023/12/03 22:10,05F0287S,05F0309S,5,0,0
2023/12/03 22:10,05F0309S,05F0439S,31,515,33
2023/12/03 22:10,05F0309S,05F0439S,32,494,11
2023/12/03 22:10,05F0309S,05F0439S,41,531,3
2023/12/03 22:10,05F0309S,05F0439S,42,0,0
2023/12/03 22:10,05F0309S,05F0439S,5,0,0
2023/12/03 22:10,05F0439S,05F0494S,31,196,15
2023/12/03 22:10,05F0439S,05F0494S,32,220,3
2023/12/03 22:10,05F0439S,05F0494S,41,0,0
2023/12/03 22:10,05F0439S,05F0494S,42,0,0
2023/12/03 22:10,05F0439S,05F0494S,5,0,0
2023/12/03 22:15,05F0000S,05F0055S,31,237,64
2023/12/03 22:15,05F0000S,05F0055S,32,243,13
2023/12/03 22:15,05F0000S,05F0055S,41,239,6
2023/12/03 22:15,05F0000S,05F0055S,42,0,0
2023/12/03 22:15,05F0000S,05F0055S,5,0,0
2023/12/03 22:15,05F0055S,05F0287S,31,986,93
2023/12/03 22:15,05F0055S,05F0287S,32,971,24
2023/12/03 22:15,05F0055S,05F0287S,41,983,3
2023/12/03 22:15,05F0055S,05F0287S,42,0,0
2023/12/03 22:15,05F0055S,05F0287S,5,0,0
2023/12/03 22:15,05F0287S,05F0309S,31,90,57
2023/12/03 22:15,05F0287S,05F0309S,32,91,20
2023/12/03 22:15,05F0287S,05F0309S,41,94,5
2023/12/03 22:15,05F0287S,05F0309S,42,0,0
2023/12/03 22:15,05F0287S,05F0309S,5,0,0
2023/12/03 22:15,05F0309S,05F0439S,31,510,30
2023/12/03 22:15,05F0309S,05F0439S,32,540,5
2023/12/03 22:15,05F0309S,05F0439S,41,733,4
2023/12/03 22:15,05F0309S,05F0439S,42,0,0
2023/12/03 22:15,05F0309S,05F0439S,5,0,0
2023/12/03 22:15,05F0439S,05F0494S,31,195,14
2023/12/03 22:15,05F0439S,05F0494S,32,192,5
2023/12/03 22:15,05F0439S,05F0494S,41,206,1
2023/12/03 22:15,05F0439S,05F0494S,42,0,0
2023/12/03 22:15,05F0439S,05F0494S,5,0,0
2023/12/03 22:20,05F0000S,05F0055S,31,230,71
2023/12/03 22:20,05F0000S,05F0055S,32,231,17
2023/12/03 22:20,05F0000S,05F0055S,41,239,4
2023/12/03 22:20,05F0000S,05F0055S,42,0,0
2023/12/03 22:20,05F0000S,05F0055S,5,0,0
2023/12/03 22:20,05F0055S,05F0287S,31,988,79
2023/12/03 22:20,05F0055S,05F0287S,32,994,18
2023/12/03 22:20,05F0055S,05F0287S,41,1008,1
2023/12/03 22:20,05F0055S,05F0287S,42,0,0
2023/12/03 22:20,05F0055S,05F0287S,5,0,0
2023/12/03 22:20,05F0287S,05F0309S,31,87,73
2023/12/03 22:20,05F0287S,05F0309S,32,86,13
2023/12/03 22:20,05F0287S,05F0309S,41,493,2
2023/12/03 22:20,05F0287S,05F0309S,42,0,0
2023/12/03 22:20,05F0287S,05F0309S,5,0,0
2023/12/03 22:20,05F0309S,05F0439S,31,483,22
2023/12/03 22:20,05F0309S,05F0439S,32,493,11
2023/12/03 22:20,05F0309S,05F0439S,41,533,2
2023/12/03 22:20,05F0309S,05F0439S,42,0,0
2023/12/03 22:20,05F0309S,05F0439S,5,528,1
2023/12/03 22:20,05F0439S,05F0494S,31,202,13
2023/12/03 22:20,05F0439S,05F0494S,32,231,2
2023/12/03 22:20,05F0439S,05F0494S,41,0,0
2023/12/03 22:20,05F0439S,05F0494S,42,0,0
2023/12/03 22:20,05F0439S,05F0494S,5,216,1
2023/12/03 22:25,05F0000S,05F0055S,31,239,64
2023/12/03 22:25,05F0000S,05F0055S,32,245,13
2023/12/03 22:25,05F0000S,05F0055S,41,245,4
2023/12/03 22:25,05F0000S,05F0055S,42,0,0
2023/12/03 22:25,05F0000S,05F0055S,5,0,0
2023/12/03 22:25,05F0055S,05F0287S,31,955,80
2023/12/03 22:25,05F0055S,05F0287S,32,974,19
2023/12/03 22:25,05F0055S,05F0287S,41,1032,6
2023/12/03 22:25,05F0055S,05F0287S,42,0,0
2023/12/03 22:25,05F0055S,05F0287S,5,0,0
2023/12/03 22:25,05F0287S,05F0309S,31,87,60
2023/12/03 22:25,05F0287S,05F0309S,32,92,14
2023/12/03 22:25,05F0287S,05F0309S,41,93,5
2023/12/03 22:25,05F0287S,05F0309S,42,0,0
2023/12/03 22:25,05F0287S,05F0309S,5,0,0
2023/12/03 22:25,05F0309S,05F0439S,31,521,50
2023/12/03 22:25,05F0309S,05F0439S,32,505,15
2023/12/03 22:25,05F0309S,05F0439S,41,528,1
2023/12/03 22:25,05F0309S,05F0439S,42,0,0
2023/12/03 22:25,05F0309S,05F0439S,5,0,0
2023/12/03 22:25,05F0439S,05F0494S,31,205,18
2023/12/03 22:25,05F0439S,05F0494S,32,203,4
2023/12/03 22:25,05F0439S,05F0494S,41,587,1
2023/12/03 22:25,05F0439S,05F0494S,42,0,0
2023/12/03 22:25,05F0439S,05F0494S,5,223,1
2023/12/03 22:30,05F0000S,05F0055S,31,228,76
2023/12/03 22:30,05F0000S,05F0055S,32,226,12
2023/12/03 22:30,05F0000S,05F0055S,41,241,8
2023/12/03 22:30,05F0000S,05F0055S,42,0,0
2023/12/03 22:30,05F0000S,05F0055S,5,0,0
2023/12/03 22:30,05F0055S,05F0287S,31,962,65
2023/12/03 22:30,05F0055S,05F0287S,32,945,13
2023/12/03 22:30,05F0055S,05F0287S,41,1015,8
2023/12/03 22:30,05F0055S,05F0287S,42,0,0
2023/12/03 22:30,05F0055S,05F0287S,5,0,0
2023/12/03 22:30,05F0287S,05F0309S,31,87,51
2023/12/03 22:30,05F0287S,05F0309S,32,91,13
2023/12/03 22:30,05F0287S,05F0309S,41,94,4
2023/12/03 22:30,05F0287S,05F0309S,42,0,0
2023/12/03 22:30,05F0287S,05F0309S,5,0,0
2023/12/03 22:30,05F0309S,05F0439S,31,478,37
2023/12/03 22:30,05F0309S,05F0439S,32,483,10
2023/12/03 22:30,05F0309S,05F0439S,41,882,1
2023/12/03 22:30,05F0309S,05F0439S,42,0,0
2023/12/03 22:30,05F0309S,05F0439S,5,0,0
2023/12/03 22:30,05F0439S,05F0494S,31,207,16
2023/12/03 22:30,05F0439S,05F0494S,32,207,6
2023/12/03 22:30,05F0439S,05F0494S,41,0,0
2023/12/03 22:30,05F0439S,05F0494S,42,0,0
2023/12/03 22:30,05F0439S,05F0494S,5,0,0
2023/12/03 22:35,05F0000S,05F0055S,31,241,61
2023/12/03 22:35,05F0000S,05F0055S,32,244,8
2023/12/03 22:35,05F0000S,05F0055S,41,562,4
2023/12/03 22:35,05F0000S,05F0055S,42,0,0
2023/12/03 22:35,05F0000S,05F0055S,5,0,0
2023/12/03 22:35,05F0055S,05F0287S,31,955,88
2023/12/03 22:35,05F0055S,05F0287S,32,952,21
2023/12/03 22:35,05F0055S,05F0287S,41,989,4
2023/12/03 22:35,05F0055S,05F0287S,42,0,0
2023/12/03 22:35,05F0055S,05F0287S,5,0,0
2023/12/03 22:35,05F0287S,05F0309S,31,86,67
2023/12/03 22:35,05F0287S,05F0309S,32,84,14
2023/12/03 22:35,05F0287S,05F0309S,41,93,7
2023/12/03 22:35,05F0287S,05F0309S,42,0,0
2023/12/03 22:35,05F0287S,05F0309S,5,0,0
2023/12/03 22:35,05F0309S,05F0439S,31,494,32
2023/12/03 22:35,05F0309S,05F0439S,32,507,8
2023/12/03 22:35,05F0309S,05F0439S,41,515,3
2023/12/03 22:35,05F0309S,05F0439S,42,597,1
2023/12/03 22:35,05F0309S,05F0439S,5,0,0
2023/12/03 22:35,05F0439S,05F0494S,31,205,11
2023/12/03 22:35,05F0439S,05F0494S,32,193,6
2023/12/03 22:35,05F0439S,05F0494S,41,207,1
2023/12/03 22:35,05F0439S,05F0494S,42,237,1
2023/12/03 22:35,05F0439S,05F0494S,5,0,0
2023/12/03 22:40,05F0000S,05F0055S,31,238,57
2023/12/03 22:40,05F0000S,05F0055S,32,232,13
2023/12/03 22:40,05F0000S,05F0055S,41,247,1
2023/12/03 22:40,05F0000S,05F0055S,42,0,0
2023/12/03 22:40,05F0000S,05F0055S,5,0,0
2023/12/03 22:40,05F0055S,05F0287S,31,947,54
2023/12/03 22:40,05F0055S,05F0287S,32,967,9
2023/12/03 22:40,05F0055S,05F0287S,41,983,3
2023/12/03 22:40,05F0055S,05F0287S,42,0,0
2023/12/03 22:40,05F0055S,05F0287S,5,0,0
2023/12/03 22:40,05F0287S,05F0309S,31,83,42
2023/12/03 22:40,05F0287S,05F0309S,32,89,9
2023/12/03 22:40,05F0287S,05F0309S,41,98,4
2023/12/03 22:40,05F0287S,05F0309S,42,0,0
2023/12/03 22:40,05F0287S,05F0309S,5,0,0
2023/12/03 22:40,05F0309S,05F0439S,31,474,34
2023/12/03 22:40,05F0309S,05F0439S,32,513,4
2023/12/03 22:40,05F0309S,05F0439S,41,531,4
2023/12/03 22:40,05F0309S,05F0439S,42,0,0
2023/12/03 22:40,05F0309S,05F0439S,5,0,0
2023/12/03 22:40,05F0439S,05F0494S,31,204,6
2023/12/03 22:40,05F0439S,05F0494S,32,215,3
2023/12/03 22:40,05F0439S,05F0494S,41,0,0
2023/12/03 22:40,05F0439S,05F0494S,42,0,0
2023/12/03 22:40,05F0439S,05F0494S,5,0,0
2023/12/03 22:45,05F0000S,05F0055S,31,239,52
2023/12/03 22:45,05F0000S,05F0055S,32,241,13
2023/12/03 22:45,05F0000S,05F0055S,41,237,2
2023/12/03 22:45,05F0000S,05F0055S,42,0,0
2023/12/03 22:45,05F0000S,05F0055S,5,0,0
2023/12/03 22:45,05F0055S,05F0287S,31,942,89
2023/12/03 22:45,05F0055S,05F0287S,32,964,16
2023/12/03 22:45,05F0055S,05F0287S,41,1010,3
2023/12/03 22:45,05F0055S,05F0287S,42,0,0
2023/12/03 22:45,05F0055S,05F0287S,5,0,0
2023/12/03 22:45,05F0287S,05F0309S,31,85,61
2023/12/03 22:45,05F0287S,05F0309S,32,83,10
2023/12/03 22:45,05F0287S,05F0309S,41,96,2
2023/12/03 22:45,05F0287S,05F0309S,42,0,0
2023/12/03 22:45,05F0287S,05F0309S,5,0,0
2023/12/03 22:45,05F0309S,05F0439S,31,499,42
2023/12/03 22:45,05F0309S,05F0439S,32,495,8
2023/12/03 22:45,05F0309S,05F0439S,41,531,1
2023/12/03 22:45,05F0309S,05F0439S,42,0,0
2023/12/03 22:45,05F0309S,05F0439S,5,0,0
2023/12/03 22:45,05F0439S,05F0494S,31,197,14
2023/12/03 22:45,05F0439S,05F0494S,32,224,1
2023/12/03 22:45,05F0439S,05F0494S,41,0,0
2023/12/03 22:45,05F0439S,05F0494S,42,0,0
2023/12/03 22:45,05F0439S,05F0494S,5,0,0
2023/12/03 22:50,05F0000S,05F0055S,31,229,52
2023/12/03 22:50,05F0000S,05F0055S,32,234,15
2023/12/03 22:50,05F0000S,05F0055S,41,267,5
2023/12/03 22:50,05F0000S,05F0055S,42,0,0
2023/12/03 22:50,05F0000S,05F0055S,5,0,0
2023/12/03 22:50,05F0055S,05F0287S,31,987,51
2023/12/03 22:50,05F0055S,05F0287S,32,985,9
2023/12/03 22:50,05F0055S,05F0287S,41,1038,9
2023/12/03 22:50,05F0055S,05F0287S,42,0,0
2023/12/03 22:50,05F0055S,05F0287S,5,0,0
2023/12/03 22:50,05F0287S,05F0309S,31,87,47
2023/12/03 22:50,05F0287S,05F0309S,32,85,6
2023/12/03 22:50,05F0287S,05F0309S,41,98,5
2023/12/03 22:50,05F0287S,05F0309S,42,0,0
2023/12/03 22:50,05F0287S,05F0309S,5,0,0
2023/12/03 22:50,05F0309S,05F0439S,31,479,34
2023/12/03 22:50,05F0309S,05F0439S,32,511,6
2023/12/03 22:50,05F0309S,05F0439S,41,530,3
2023/12/03 22:50,05F0309S,05F0439S,42,0,0
2023/12/03 22:50,05F0309S,05F0439S,5,565,1
2023/12/03 22:50,05F0439S,05F0494S,31,207,14
2023/12/03 22:50,05F0439S,05F0494S,32,216,7
2023/12/03 22:50,05F0439S,05F0494S,41,0,0
2023/12/03 22:50,05F0439S,05F0494S,42,0,0
2023/12/03 22:50,05F0439S,05F0494S,5,0,0
2023/12/03 22:55,05F0000S,05F0055S,31,234,67
2023/12/03 22:55,05F0000S,05F0055S,32,234,10
2023/12/03 22:55,05F0000S,05F0055S,41,227,2
2023/12/03 22:55,05F0000S,05F0055S,42,0,0
2023/12/03 22:55,05F0000S,05F0055S,5,0,0
2023/12/03 22:55,05F0055S,05F0287S,31,944,70
2023/12/03 22:55,05F0055S,05F0287S,32,936,10
2023/12/03 22:55,05F0055S,05F0287S,41,1035,2
2023/12/03 22:55,05F0055S,05F0287S,42,0,0
2023/12/03 22:55,05F0055S,05F0287S,5,0,0
2023/12/03 22:55,05F0287S,05F0309S,31,86,58
2023/12/03 22:55,05F0287S,05F0309S,32,85,7
2023/12/03 22:55,05F0287S,05F0309S,41,96,4
2023/12/03 22:55,05F0287S,05F0309S,42,0,0
2023/12/03 22:55,05F0287S,05F0309S,5,0,0
2023/12/03 22:55,05F0309S,05F0439S,31,487,41
2023/12/03 22:55,05F0309S,05F0439S,32,501,7
2023/12/03 22:55,05F0309S,05F0439S,41,550,1
2023/12/03 22:55,05F0309S,05F0439S,42,0,0
2023/12/03 22:55,05F0309S,05F0439S,5,0,0
2023/12/03 22:55,05F0439S,05F0494S,31,195,12
2023/12/03 22:55,05F0439S,05F0494S,32,188,2
2023/12/03 22:55,05F0439S,05F0494S,41,0,0
2023/12/03 22:55,05F0439S,05F0494S,42,0,0
2023/12/03 22:55,05F0439S,05F0494S,5,216,1
2023/12/03 23:00,05F0000S,05F0055S,31,237,42
2023/12/03 23:00,05F0000S,05F0055S,32,236,9
2023/12/03 23:00,05F0000S,05F0055S,41,235,4
2023/12/03 23:00,05F0000S,05F0055S,42,0,0
2023/12/03 23:00,05F0000S,05F0055S,5,0,0
2023/12/03 23:00,05F0055S,05F0287S,31,943,51
2023/12/03 23:00,05F0055S,05F0287S,32,944,13
2023/12/03 23:00,05F0055S,05F0287S,41,971,2
2023/12/03 23:00,05F0055S,05F0287S,42,0,0
2023/12/03 23:00,05F0055S,05F0287S,5,0,0
2023/12/03 23:00,05F0287S,05F0309S,31,87,39
2023/12/03 23:00,05F0287S,05F0309S,32,88,9
2023/12/03 23:00,05F0287S,05F0309S,41,92,3
2023/12/03 23:00,05F0287S,05F0309S,42,0,0
2023/12/03 23:00,05F0287S,05F0309S,5,0,0
2023/12/03 23:00,05F0309S,05F0439S,31,465,30
2023/12/03 23:00,05F0309S,05F0439S,32,505,7
2023/12/03 23:00,05F0309S,05F0439S,41,560,6
2023/12/03 23:00,05F0309S,05F0439S,42,0,0
2023/12/03 23:00,05F0309S,05F0439S,5,0,0
2023/12/03 23:00,05F0439S,05F0494S,31,192,9
2023/12/03 23:00,05F0439S,05F0494S,32,206,1
2023/12/03 23:00,05F0439S,05F0494S,41,0,0
2023/12/03 23:00,05F0439S,05F0494S,42,0,0
2023/12/03 23:00,05F0439S,05F0494S,5,0,0
2023/12/03 23:05,05F0000S,05F0055S,31,231,57
2023/12/03 23:05,05F0000S,05F0055S,32,249,9
2023/12/03 23:05,05F0000S,05F0055S,41,230,2
2023/12/03 23:05,05F0000S,05F0055S,42,0,0
2023/12/03 23:05,05F0000S,05F0055S,5,0,0
2023/12/03 23:05,05F0055S,05F0287S,31,973,69
2023/12/03 23:05,05F0055S,05F0287S,32,979,20
2023/12/03 23:05,05F0055S,05F0287S,41,1094,5
2023/12/03 23:05,05F0055S,05F0287S,42,0,0
2023/12/03 23:05,05F0055S,05F0287S,5,0,0
2023/12/03 23:05,05F0287S,05F0309S,31,88,35
2023/12/03 23:05,05F0287S,05F0309S,32,87,16
2023/12/03 23:05,05F0287S,05F0309S,41,92,1
2023/12/03 23:05,05F0287S,05F0309S,42,0,0
2023/12/03 23:05,05F0287S,05F0309S,5,0,0
2023/12/03 23:05,05F0309S,05F0439S,31,495,30
2023/12/03 23:05,05F0309S,05F0439S,32,473,7
2023/12/03 23:05,05F0309S,05F0439S,41,532,6
2023/12/03 23:05,05F0309S,05F0439S,42,0,0
2023/12/03 23:05,05F0309S,05F0439S,5,530,1
2023/12/03 23:05,05F0439S,05F0494S,31,196,16
2023/12/03 23:05,05F0439S,05F0494S,32,215,5
2023/12/03 23:05,05F0439S,05F0494S,41,232,1
2023/12/03 23:05,05F0439S,05F0494S,42,0,0
2023/12/03 23:05,05F0439S,05F0494S,5,0,0
2023/12/03 23:10,05F0000S,05F0055S,31,235,53
2023/12/03 23:10,05F0000S,05F0055S,32,241,13
2023/12/03 23:10,05F0000S,05F0055S,41,0,0
2023/12/03 23:10,05F0000S,05F0055S,42,0,0
2023/12/03 23:10,05F0000S,05F0055S,5,0,0
2023/12/03 23:10,05F0055S,05F0287S,31,941,51
2023/12/03 23:10,05F0055S,05F0287S,32,941,8
2023/12/03 23:10,05F0055S,05F0287S,41,991,1
2023/12/03 23:10,05F0055S,05F0287S,42,0,0
2023/12/03 23:10,05F0055S,05F0287S,5,0,0
2023/12/03 23:10,05F0287S,05F0309S,31,89,56
2023/12/03 23:10,05F0287S,05F0309S,32,88,13
2023/12/03 23:10,05F0287S,05F0309S,41,101,5
2023/12/03 23:10,05F0287S,05F0309S,42,0,0
2023/12/03 23:10,05F0287S,05F0309S,5,0,0
2023/12/03 23:10,05F0309S,05F0439S,31,475,18
2023/12/03 23:10,05F0309S,05F0439S,32,487,5
2023/12/03 23:10,05F0309S,05F0439S,41,531,3
2023/12/03 23:10,05F0309S,05F0439S,42,585,1
2023/12/03 23:10,05F0309S,05F0439S,5,478,1
2023/12/03 23:10,05F0439S,05F0494S,31,198,7
2023/12/03 23:10,05F0439S,05F0494S,32,218,3
2023/12/03 23:10,05F0439S,05F0494S,41,0,0
2023/12/03 23:10,05F0439S,05F0494S,42,0,0
2023/12/03 23:10,05F0439S,05F0494S,5,202,1
2023/12/03 23:15,05F0000S,05F0055S,31,228,41
2023/12/03 23:15,05F0000S,05F0055S,32,238,8
2023/12/03 23:15,05F0000S,05F0055S,41,225,5
2023/12/03 23:15,05F0000S,05F0055S,42,0,0
2023/12/03 23:15,05F0000S,05F0055S,5,0,0
2023/12/03 23:15,05F0055S,05F0287S,31,953,52
2023/12/03 23:15,05F0055S,05F0287S,32,929,8
2023/12/03 23:15,05F0055S,05F0287S,41,1011,4
2023/12/03 23:15,05F0055S,05F0287S,42,0,0
2023/12/03 23:15,05F0055S,05F0287S,5,0,0
2023/12/03 23:15,05F0287S,05F0309S,31,87,42
2023/12/03 23:15,05F0287S,05F0309S,32,86,3
2023/12/03 23:15,05F0287S,05F0309S,41,873,1
2023/12/03 23:15,05F0287S,05F0309S,42,0,0
2023/12/03 23:15,05F0287S,05F0309S,5,0,0
2023/12/03 23:15,05F0309S,05F0439S,31,485,37
2023/12/03 23:15,05F0309S,05F0439S,32,499,9
2023/12/03 23:15,05F0309S,05F0439S,41,1129,2
2023/12/03 23:15,05F0309S,05F0439S,42,0,0
2023/12/03 23:15,05F0309S,05F0439S,5,0,0
2023/12/03 23:15,05F0439S,05F0494S,31,216,1
2023/12/03 23:15,05F0439S,05F0494S,32,206,6
2023/12/03 23:15,05F0439S,05F0494S,41,0,0
2023/12/03 23:15,05F0439S,05F0494S,42,0,0
2023/12/03 23:15,05F0439S,05F0494S,5,0,0
2023/12/03 23:20,05F0000S,05F0055S,31,233,38
2023/12/03 23:20,05F0000S,05F0055S,32,232,11
2023/12/03 23:20,05F0000S,05F0055S,41,232,3
2023/12/03 23:20,05F0000S,05F0055S,42,0,0
2023/12/03 23:20,05F0000S,05F0055S,5,0,0
2023/12/03 23:20,05F0055S,05F0287S,31,937,60
2023/12/03 23:20,05F0055S,05F0287S,32,970,11
2023/12/03 23:20,05F0055S,05F0287S,41,1046,1
2023/12/03 23:20,05F0055S,05F0287S,42,0,0
2023/12/03 23:20,05F0055S,05F0287S,5,0,0
2023/12/03 23:20,05F0287S,05F0309S,31,90,42
2023/12/03 23:20,05F0287S,05F0309S,32,95,4
2023/12/03 23:20,05F0287S,05F0309S,41,92,3
2023/12/03 23:20,05F0287S,05F0309S,42,0,0
2023/12/03 23:20,05F0287S,05F0309S,5,0,0
2023/12/03 23:20,05F0309S,05F0439S,31,474,27
2023/12/03 23:20,05F0309S,05F0439S,32,485,7
2023/12/03 23:20,05F0309S,05F0439S,41,531,2
2023/12/03 23:20,05F0309S,05F0439S,42,665,1
2023/12/03 23:20,05F0309S,05F0439S,5,0,0
2023/12/03 23:20,05F0439S,05F0494S,31,203,17
2023/12/03 23:20,05F0439S,05F0494S,32,213,3
2023/12/03 23:20,05F0439S,05F0494S,41,0,0
2023/12/03 23:20,05F0439S,05F0494S,42,0,0
2023/12/03 23:20,05F0439S,05F0494S,5,0,0
2023/12/03 23:25,05F0000S,05F0055S,31,228,33
2023/12/03 23:25,05F0000S,05F0055S,32,225,6
2023/12/03 23:25,05F0000S,05F0055S,41,241,4
2023/12/03 23:25,05F0000S,05F0055S,42,0,0
2023/12/03 23:25,05F0000S,05F0055S,5,0,0
2023/12/03 23:25,05F0055S,05F0287S,31,951,51
2023/12/03 23:25,05F0055S,05F0287S,32,954,11
2023/12/03 23:25,05F0055S,05F0287S,41,986,2
2023/12/03 23:25,05F0055S,05F0287S,42,0,0
2023/12/03 23:25,05F0055S,05F0287S,5,0,0
2023/12/03 23:25,05F0287S,05F0309S,31,85,36
2023/12/03 23:25,05F0287S,05F0309S,32,90,10
2023/12/03 23:25,05F0287S,05F0309S,41,93,2
2023/12/03 23:25,05F0287S,05F0309S,42,0,0
2023/12/03 23:25,05F0287S,05F0309S,5,0,0
2023/12/03 23:25,05F0309S,05F0439S,31,487,29
2023/12/03 23:25,05F0309S,05F0439S,32,483,2
2023/12/03 23:25,05F0309S,05F0439S,41,550,1
2023/12/03 23:25,05F0309S,05F0439S,42,0,0
2023/12/03 23:25,05F0309S,05F0439S,5,0,0
2023/12/03 23:25,05F0439S,05F0494S,31,196,7
2023/12/03 23:25,05F0439S,05F0494S,32,206,1
2023/12/03 23:25,05F0439S,05F0494S,41,0,0
2023/12/03 23:25,05F0439S,05F0494S,42,0,0
2023/12/03 23:25,05F0439S,05F0494S,5,0,0
2023/12/03 23:30,05F0000S,05F0055S,31,228,25
2023/12/03 23:30,05F0000S,05F0055S,32,219,12
2023/12/03 23:30,05F0000S,05F0055S,41,229,3
2023/12/03 23:30,05F0000S,05F0055S,42,0,0
2023/12/03 23:30,05F0000S,05F0055S,5,0,0
2023/12/03 23:30,05F0055S,05F0287S,31,932,54
2023/12/03 23:30,05F0055S,05F0287S,32,976,11
2023/12/03 23:30,05F0055S,05F0287S,41,962,3
2023/12/03 23:30,05F0055S,05F0287S,42,0,0
2023/12/03 23:30,05F0055S,05F0287S,5,0,0
2023/12/03 23:30,05F0287S,05F0309S,31,82,44
2023/12/03 23:30,05F0287S,05F0309S,32,87,11
2023/12/03 23:30,05F0287S,05F0309S,41,92,1
2023/12/03 23:30,05F0287S,05F0309S,42,0,0
2023/12/03 23:30,05F0287S,05F0309S,5,0,0
2023/12/03 23:30,05F0309S,05F0439S,31,513,17
2023/12/03 23:30,05F0309S,05F0439S,32,522,7
2023/12/03 23:30,05F0309S,05F0439S,41,0,0
2023/12/03 23:30,05F0309S,05F0439S,42,518,1
2023/12/03 23:30,05F0309S,05F0439S,5,534,1
2023/12/03 23:30,05F0439S,05F0494S,31,217,10
2023/12/03 23:30,05F0439S,05F0494S,32,255,1
2023/12/03 23:30,05F0439S,05F0494S,41,0,0
2023/12/03 23:30,05F0439S,05F0494S,42,0,0
2023/12/03 23:30,05F0439S,05F0494S,5,0,0
2023/12/03 23:35,05F0000S,05F0055S,31,231,25
2023/12/03 23:35,05F0000S,05F0055S,32,224,12
2023/12/03 23:35,05F0000S,05F0055S,41,0,0
2023/12/03 23:35,05F0000S,05F0055S,42,0,0
2023/12/03 23:35,05F0000S,05F0055S,5,0,0
2023/12/03 23:35,05F0055S,05F0287S,31,945,35
2023/12/03 23:35,05F0055S,05F0287S,32,939,7
2023/12/03 23:35,05F0055S,05F0287S,41,1008,4
2023/12/03 23:35,05F0055S,05F0287S,42,0,0
2023/12/03 23:35,05F0055S,05F0287S,5,0,0
2023/12/03 23:35,05F0287S,05F0309S,31,83,29
2023/12/03 23:35,05F0287S,05F0309S,32,92,4
2023/12/03 23:35,05F0287S,05F0309S,41,100,3
2023/12/03 23:35,05F0287S,05F0309S,42,0,0
2023/12/03 23:35,05F0287S,05F0309S,5,0,0
2023/12/03 23:35,05F0309S,05F0439S,31,497,37
2023/12/03 23:35,05F0309S,05F0439S,32,514,5
2023/12/03 23:35,05F0309S,05F0439S,41,533,1
2023/12/03 23:35,05F0309S,05F0439S,42,0,0
2023/12/03 23:35,05F0309S,05F0439S,5,0,0
2023/12/03 23:35,05F0439S,05F0494S,31,206,14
2023/12/03 23:35,05F0439S,05F0494S,32,225,4
2023/12/03 23:35,05F0439S,05F0494S,41,0,0
2023/12/03 23:35,05F0439S,05F0494S,42,0,0
2023/12/03 23:35,05F0439S,05F0494S,5,225,1
2023/12/03 23:40,05F0000S,05F0055S,31,228,33
2023/12/03 23:40,05F0000S,05F0055S,32,230,10
2023/12/03 23:40,05F0000S,05F0055S,41,0,0
2023/12/03 23:40,05F0000S,05F0055S,42,0,0
2023/12/03 23:40,05F0000S,05F0055S,5,0,0
2023/12/03 23:40,05F0055S,05F0287S,31,928,37
2023/12/03 23:40,05F0055S,05F0287S,32,939,8
2023/12/03 23:40,05F0055S,05F0287S,41,1040,4
2023/12/03 23:40,05F0055S,05F0287S,42,0,0
2023/12/03 23:40,05F0055S,05F0287S,5,0,0
2023/12/03 23:40,05F0287S,05F0309S,31,83,30
2023/12/03 23:40,05F0287S,05F0309S,32,89,8
2023/12/03 23:40,05F0287S,05F0309S,41,93,4
2023/12/03 23:40,05F0287S,05F0309S,42,0,0
2023/12/03 23:40,05F0287S,05F0309S,5,0,0
2023/12/03 23:40,05F0309S,05F0439S,31,488,30
2023/12/03 23:40,05F0309S,05F0439S,32,506,4
2023/12/03 23:40,05F0309S,05F0439S,41,0,0
2023/12/03 23:40,05F0309S,05F0439S,42,0,0
2023/12/03 23:40,05F0309S,05F0439S,5,499,1
2023/12/03 23:40,05F0439S,05F0494S,31,212,9
2023/12/03 23:40,05F0439S,05F0494S,32,210,2
2023/12/03 23:40,05F0439S,05F0494S,41,0,0
2023/12/03 23:40,05F0439S,05F0494S,42,0,0
2023/12/03 23:40,05F0439S,05F0494S,5,0,0
2023/12/03 23:45,05F0000S,05F0055S,31,233,38
2023/12/03 23:45,05F0000S,05F0055S,32,238,11
2023/12/03 23:45,05F0000S,05F0055S,41,230,3
2023/12/03 23:45,05F0000S,05F0055S,42,0,0
2023/12/03 23:45,05F0000S,05F0055S,5,0,0
2023/12/03 23:45,05F0055S,05F0287S,31,944,24
2023/12/03 23:45,05F0055S,05F0287S,32,929,13
2023/12/03 23:45,05F0055S,05F0287S,41,992,2
2023/12/03 23:45,05F0055S,05F0287S,42,0,0
2023/12/03 23:45,05F0055S,05F0287S,5,0,0
2023/12/03 23:45,05F0287S,05F0309S,31,83,19
2023/12/03 23:45,05F0287S,05F0309S,32,81,5
2023/12/03 23:45,05F0287S,05F0309S,41,94,5
2023/12/03 23:45,05F0287S,05F0309S,42,0,0
2023/12/03 23:45,05F0287S,05F0309S,5,0,0
2023/12/03 23:45,05F0309S,05F0439S,31,481,20
2023/12/03 23:45,05F0309S,05F0439S,32,519,4
2023/12/03 23:45,05F0309S,05F0439S,41,527,6
2023/12/03 23:45,05F0309S,05F0439S,42,0,0
2023/12/03 23:45,05F0309S,05F0439S,5,541,1
2023/12/03 23:45,05F0439S,05F0494S,31,199,7
2023/12/03 23:45,05F0439S,05F0494S,32,199,1
2023/12/03 23:45,05F0439S,05F0494S,41,224,1
2023/12/03 23:45,05F0439S,05F0494S,42,0,0
2023/12/03 23:45,05F0439S,05F0494S,5,217,2
2023/12/03 23:50,05F0000S,05F0055S,31,231,46
2023/12/03 23:50,05F0000S,05F0055S,32,254,5
2023/12/03 23:50,05F0000S,05F0055S,41,233,2
2023/12/03 23:50,05F0000S,05F0055S,42,0,0
2023/12/03 23:50,05F0000S,05F0055S,5,0,0
2023/12/03 23:50,05F0055S,05F0287S,31,928,31
2023/12/03 23:50,05F0055S,05F0287S,32,905,10
2023/12/03 23:50,05F0055S,05F0287S,41,1005,2
2023/12/03 23:50,05F0055S,05F0287S,42,0,0
2023/12/03 23:50,05F0055S,05F0287S,5,0,0
2023/12/03 23:50,05F0287S,05F0309S,31,86,20
2023/12/03 23:50,05F0287S,05F0309S,32,81,9
2023/12/03 23:50,05F0287S,05F0309S,41,97,2
2023/12/03 23:50,05F0287S,05F0309S,42,0,0
2023/12/03 23:50,05F0287S,05F0309S,5,0,0
2023/12/03 23:50,05F0309S,05F0439S,31,491,15
2023/12/03 23:50,05F0309S,05F0439S,32,523,4
2023/12/03 23:50,05F0309S,05F0439S,41,511,2
2023/12/03 23:50,05F0309S,05F0439S,42,0,0
2023/12/03 23:50,05F0309S,05F0439S,5,584,1
2023/12/03 23:50,05F0439S,05F0494S,31,209,11
2023/12/03 23:50,05F0439S,05F0494S,32,214,2
2023/12/03 23:50,05F0439S,05F0494S,41,0,0
2023/12/03 23:50,05F0439S,05F0494S,42,0,0
2023/12/03 23:50,05F0439S,05F0494S,5,0,0
2023/12/03 23:55,05F0000S,05F0055S,31,219,27
2023/12/03 23:55,05F0000S,05F0055S,32,258,3
2023/12/03 23:55,05F0000S,05F0055S,41,586,2
2023/12/03 23:55,05F0000S,05F0055S,42,257,1
2023/12/03 23:55,05F0000S,05F0055S,5,0,0
2023/12/03 23:55,05F0055S,05F0287S,31,934,28
2023/12/03 23:55,05F0055S,05F0287S,32,920,10
2023/12/03 23:55,05F0055S,05F0287S,41,0,0
2023/12/03 23:55,05F0055S,05F0287S,42,0,0
2023/12/03 23:55,05F0055S,05F0287S,5,0,0
2023/12/03 23:55,05F0287S,05F0309S,31,88,18
2023/12/03 23:55,05F0287S,05F0309S,32,90,7
2023/12/03 23:55,05F0287S,05F0309S,41,0,0
2023/12/03 23:55,05F0287S,05F0309S,42,0,0
2023/12/03 23:55,05F0287S,05F0309S,5,0,0
2023/12/03 23:55,05F0309S,05F0439S,31,484,11
2023/12/03 23:55,05F0309S,05F0439S,32,472,4
2023/12/03 23:55,05F0309S,05F0439S,41,528,3
2023/12/03 23:55,05F0309S,05F0439S,42,492,1
2023/12/03 23:55,05F0309S,05F0439S,5,544,3
2023/12/03 23:55,05F0439S,05F0494S,31,214,9
2023/12/03 23:55,05F0439S,05F0494S,32,228,3
2023/12/03 23:55,05F0439S,05F0494S,41,0,0
2023/12/03 23:55,05F0439S,05F0494S,42,0,0
2023/12/03 23:55,05F0439S,05F0494S,5,233,2
