2025/09/01 00:00,05F0000S,05F0055S,31,226,24
2025/09/01 00:00,05F0000S,05F0055S,32,265,1
2025/09/01 00:00,05F0000S,05F0055S,41,231,1
2025/09/01 00:00,05F0000S,05F0055S,42,0,0
2025/09/01 00:00,05F0000S,05F0055S,5,0,0
2025/09/01 00:00,05F0055S,05F0287S,31,943,32
2025/09/01 00:00,05F0055S,05F0287S,32,937,7
2025/09/01 00:00,05F0055S,05F0287S,41,979,3
2025/09/01 00:00,05F0055S,05F0287S,42,0,0
2025/09/01 00:00,05F0055S,05F0287S,5,0,0
2025/09/01 00:00,05F0287S,05F0309S,31,87,29
2025/09/01 00:00,05F0287S,05F0309S,32,89,5
2025/09/01 00:00,05F0287S,05F0309S,41,93,2
2025/09/01 00:00,05F0287S,05F0309S,42,0,0
2025/09/01 00:00,05F0287S,05F0309S,5,0,0
2025/09/01 00:00,05F0309S,05F0439S,31,483,14
2025/09/01 00:00,05F0309S,05F0439S,32,527,7
2025/09/01 00:00,05F0309S,05F0439S,41,528,2
2025/09/01 00:00,05F0309S,05F0439S,42,509,1
2025/09/01 00:00,05F0309S,05F0439S,5,0,0
2025/09/01 00:00,05F0439S,05F0494S,31,160,3
2025/09/01 00:00,05F0439S,05F0494S,32,202,2
2025/09/01 00:00,05F0439S,05F0494S,41,0,0
2025/09/01 00:00,05F0439S,05F0494S,42,0,0
2025/09/01 00:00,05F0439S,05F0494S,5,0,0
2025/09/01 00:05,05F0000S,05F0055S,31,233,20
2025/09/01 00:05,05F0000S,05F0055S,32,237,4
2025/09/01 00:05,05F0000S,05F0055S,41,0,0
2025/09/01 00:05,05F0000S,05F0055S,42,0,0
2025/09/01 00:05,05F0000S,05F0055S,5,0,0
2025/09/01 00:05,05F0055S,05F0287S,31,921,29
2025/09/01 00:05,05F0055S,05F0287S,32,971,5
2025/09/01 00:05,05F0055S,05F0287S,41,973,2
2025/09/01 00:05,05F0055S,05F0287S,42,0,0
2025/09/01 00:05,05F0055S,05F0287S,5,0,0
2025/09/01 00:05,05F0287S,05F0309S,31,82,22
2025/09/01 00:05,05F0287S,05F0309S,32,89,4
2025/09/01 00:05,05F0287S,05F0309S,41,772,2
2025/09/01 00:05,05F0287S,05F0309S,42,0,0
2025/09/01 00:05,05F0287S,05F0309S,5,0,0
2025/09/01 00:05,05F0309S,05F0439S,31,485,11
2025/09/01 00:05,05F0309S,05F0439S,32,476,3
2025/09/01 00:05,05F0309S,05F0439S,41,0,0
2025/09/01 00:05,05F0309S,05F0439S,42,499,1
2025/09/01 00:05,05F0309S,05F0439S,5,477,1
2025/09/01 00:05,05F0439S,05F0494S,31,208,8
2025/09/01 00:05,05F0439S,05F0494S,32,0,0
2025/09/01 00:05,05F0439S,05F0494S,41,0,0
2025/09/01 00:05,05F0439S,05F0494S,42,209,2
2025/09/01 00:05,05F0439S,05F0494S,5,0,0
2025/09/01 00:10,05F0000S,05F0055S,31,237,26
2025/09/01 00:10,05F0000S,05F0055S,32,249,13
2025/09/01 00:10,05F0000S,05F0055S,41,0,0
2025/09/01 00:10,05F0000S,05F0055S,42,0,0
2025/09/01 00:10,05F0000S,05F0055S,5,0,0
2025/09/01 00:10,05F0055S,05F0287S,31,925,13
2025/09/01 00:10,05F0055S,05F0287S,32,920,2
2025/09/01 00:10,05F0055S,05F0287S,41,932,1
2025/09/01 00:10,05F0055S,05F0287S,42,0,0
2025/09/01 00:10,05F0055S,05F0287S,5,0,0
2025/09/01 00:10,05F0287S,05F0309S,31,87,17
2025/09/01 00:10,05F0287S,05F0309S,32,74,1
2025/09/01 00:10,05F0287S,05F0309S,41,94,1
2025/09/01 00:10,05F0287S,05F0309S,42,0,0
2025/09/01 00:10,05F0287S,05F0309S,5,0,0
2025/09/01 00:10,05F0309S,05F0439S,31,478,24
2025/09/01 00:10,05F0309S,05F0439S,32,533,1
2025/09/01 00:10,05F0309S,05F0439S,41,0,0
2025/09/01 00:10,05F0309S,05F0439S,42,0,0
2025/09/01 00:10,05F0309S,05F0439S,5,0,0
2025/09/01 00:10,05F0439S,05F0494S,31,206,5
2025/09/01 00:10,05F0439S,05F0494S,32,202,1
2025/09/01 00:10,05F0439S,05F0494S,41,0,0
2025/09/01 00:10,05F0439S,05F0494S,42,0,0
2025/09/01 00:10,05F0439S,05F0494S,5,0,0
2025/09/01 00:15,05F0000S,05F0055S,31,229,24
2025/09/01 00:15,05F0000S,05F0055S,32,242,6
2025/09/01 00:15,05F0000S,05F0055S,41,0,0
2025/09/01 00:15,05F0000S,05F0055S,42,0,0
2025/09/01 00:15,05F0000S,05F0055S,5,0,0
2025/09/01 00:15,05F0055S,05F0287S,31,919,26
2025/09/01 00:15,05F0055S,05F0287S,32,1042,1
2025/09/01 00:15,05F0055S,05F0287S,41,966,1
2025/09/01 00:15,05F0055S,05F0287S,42,0,0
2025/09/01 00:15,05F0055S,05F0287S,5,0,0
2025/09/01 00:15,05F0287S,05F0309S,31,82,19
2025/09/01 00:15,05F0287S,05F0309S,32,88,2
2025/09/01 00:15,05F0287S,05F0309S,41,507,2
2025/09/01 00:15,05F0287S,05F0309S,42,0,0
2025/09/01 00:15,05F0287S,05F0309S,5,0,0
2025/09/01 00:15,05F0309S,05F0439S,31,489,13
2025/09/01 00:15,05F0309S,05F0439S,32,544,2
2025/09/01 00:15,05F0309S,05F0439S,41,532,3
2025/09/01 00:15,05F0309S,05F0439S,42,0,0
2025/09/01 00:15,05F0309S,05F0439S,5,529,1
2025/09/01 00:15,05F0439S,05F0494S,31,203,10
2025/09/01 00:15,05F0439S,05F0494S,32,0,0
2025/09/01 00:15,05F0439S,05F0494S,41,0,0
2025/09/01 00:15,05F0439S,05F0494S,42,0,0
2025/09/01 00:15,05F0439S,05F0494S,5,225,1
2025/09/01 00:20,05F0000S,05F0055S,31,227,15
2025/09/01 00:20,05F0000S,05F0055S,32,233,7
2025/09/01 00:20,05F0000S,05F0055S,41,0,0
2025/09/01 00:20,05F0000S,05F0055S,42,0,0
2025/09/01 00:20,05F0000S,05F0055S,5,0,0
2025/09/01 00:20,05F0055S,05F0287S,31,924,21
2025/09/01 00:20,05F0055S,05F0287S,32,942,3
2025/09/01 00:20,05F0055S,05F0287S,41,0,0
2025/09/01 00:20,05F0055S,05F0287S,42,0,0
2025/09/01 00:20,05F0055S,05F0287S,5,0,0
2025/09/01 00:20,05F0287S,05F0309S,31,87,17
2025/09/01 00:20,05F0287S,05F0309S,32,91,3
2025/09/01 00:20,05F0287S,05F0309S,41,0,0
2025/09/01 00:20,05F0287S,05F0309S,42,0,0
2025/09/01 00:20,05F0287S,05F0309S,5,0,0
2025/09/01 00:20,05F0309S,05F0439S,31,464,12
2025/09/01 00:20,05F0309S,05F0439S,32,484,2
2025/09/01 00:20,05F0309S,05F0439S,41,0,0
2025/09/01 00:20,05F0309S,05F0439S,42,0,0
2025/09/01 00:20,05F0309S,05F0439S,5,0,0
2025/09/01 00:20,05F0439S,05F0494S,31,200,4
2025/09/01 00:20,05F0439S,05F0494S,32,211,1
2025/09/01 00:20,05F0439S,05F0494S,41,0,0
2025/09/01 00:20,05F0439S,05F0494S,42,0,0
2025/09/01 00:20,05F0439S,05F0494S,5,0,0
2025/09/01 00:25,05F0000S,05F0055S,31,237,21
2025/09/01 00:25,05F0000S,05F0055S,32,246,3
2025/09/01 00:25,05F0000S,05F0055S,41,238,1
2025/09/01 00:25,05F0000S,05F0055S,42,0,0
2025/09/01 00:25,05F0000S,05F0055S,5,0,0
2025/09/01 00:25,05F0055S,05F0287S,31,937,23
2025/09/01 00:25,05F0055S,05F0287S,32,944,9
2025/09/01 00:25,05F0055S,05F0287S,41,0,0
2025/09/01 00:25,05F0055S,05F0287S,42,0,0
2025/09/01 00:25,05F0055S,05F0287S,5,0,0
2025/09/01 00:25,05F0287S,05F0309S,31,82,13
2025/09/01 00:25,05F0287S,05F0309S,32,85,6
2025/09/01 00:25,05F0287S,05F0309S,41,0,0
2025/09/01 00:25,05F0287S,05F0309S,42,0,0
2025/09/01 00:25,05F0287S,05F0309S,5,0,0
2025/09/01 00:25,05F0309S,05F0439S,31,477,12
2025/09/01 00:25,05F0309S,05F0439S,32,442,2
2025/09/01 00:25,05F0309S,05F0439S,41,523,2
2025/09/01 00:25,05F0309S,05F0439S,42,0,0
2025/09/01 00:25,05F0309S,05F0439S,5,0,0
2025/09/01 00:25,05F0439S,05F0494S,31,202,2
2025/09/01 00:25,05F0439S,05F0494S,32,175,3
2025/09/01 00:25,05F0439S,05F0494S,41,0,0
2025/09/01 00:25,05F0439S,05F0494S,42,0,0
2025/09/01 00:25,05F0439S,05F0494S,5,0,0
2025/09/01 00:30,05F0000S,05F0055S,31,233,23
2025/09/01 00:30,05F0000S,05F0055S,32,224,5
2025/09/01 00:30,05F0000S,05F0055S,41,0,0
2025/09/01 00:30,05F0000S,05F0055S,42,0,0
2025/09/01 00:30,05F0000S,05F0055S,5,0,0
2025/09/01 00:30,05F0055S,05F0287S,31,944,34
2025/09/01 00:30,05F0055S,05F0287S,32,995,10
2025/09/01 00:30,05F0055S,05F0287S,41,0,0
2025/09/01 00:30,05F0055S,05F0287S,42,0,0
2025/09/01 00:30,05F0055S,05F0287S,5,0,0
2025/09/01 00:30,05F0287S,05F0309S,31,84,22
2025/09/01 00:30,05F0287S,05F0309S,32,90,9
2025/09/01 00:30,05F0287S,05F0309S,41,0,0
2025/09/01 00:30,05F0287S,05F0309S,42,0,0
2025/09/01 00:30,05F0287S,05F0309S,5,0,0
2025/09/01 00:30,05F0309S,05F0439S,31,475,8
2025/09/01 00:30,05F0309S,05F0439S,32,514,1
2025/09/01 00:30,05F0309S,05F0439S,41,0,0
2025/09/01 00:30,05F0309S,05F0439S,42,530,1
2025/09/01 00:30,05F0309S,05F0439S,5,598,1
2025/09/01 00:30,05F0439S,05F0494S,31,204,7
2025/09/01 00:30,05F0439S,05F0494S,32,212,1
2025/09/01 00:30,05F0439S,05F0494S,41,0,0
2025/09/01 00:30,05F0439S,05F0494S,42,0,0
2025/09/01 00:30,05F0439S,05F0494S,5,248,1
2025/09/01 00:35,05F0000S,05F0055S,31,236,17
2025/09/01 00:35,05F0000S,05F0055S,32,224,4
2025/09/01 00:35,05F0000S,05F0055S,41,0,0
2025/09/01 00:35,05F0000S,05F0055S,42,0,0
2025/09/01 00:35,05F0000S,05F0055S,5,0,0
2025/09/01 00:35,05F0055S,05F0287S,31,919,18
2025/09/01 00:35,05F0055S,05F0287S,32,923,8
2025/09/01 00:35,05F0055S,05F0287S,41,0,0
2025/09/01 00:35,05F0055S,05F0287S,42,0,0
2025/09/01 00:35,05F0055S,05F0287S,5,0,0
2025/09/01 00:35,05F0287S,05F0309S,31,79,12
2025/09/01 00:35,05F0287S,05F0309S,32,85,6
2025/09/01 00:35,05F0287S,05F0309S,41,0,0
2025/09/01 00:35,05F0287S,05F0309S,42,0,0
2025/09/01 00:35,05F0287S,05F0309S,5,0,0
2025/09/01 00:35,05F0309S,05F0439S,31,487,11
2025/09/01 00:35,05F0309S,05F0439S,32,523,5
2025/09/01 00:35,05F0309S,05F0439S,41,0,0
2025/09/01 00:35,05F0309S,05F0439S,42,510,4
2025/09/01 00:35,05F0309S,05F0439S,5,525,2
2025/09/01 00:35,05F0439S,05F0494S,31,207,3
2025/09/01 00:35,05F0439S,05F0494S,32,197,1
2025/09/01 00:35,05F0439S,05F0494S,41,0,0
2025/09/01 00:35,05F0439S,05F0494S,42,0,0
2025/09/01 00:35,05F0439S,05F0494S,5,0,0
2025/09/01 00:40,05F0000S,05F0055S,31,237,22
2025/09/01 00:40,05F0000S,05F0055S,32,234,5
2025/09/01 00:40,05F0000S,05F0055S,41,0,0
2025/09/01 00:40,05F0000S,05F0055S,42,0,0
2025/09/01 00:40,05F0000S,05F0055S,5,0,0
2025/09/01 00:40,05F0055S,05F0287S,31,946,22
2025/09/01 00:40,05F0055S,05F0287S,32,976,2
2025/09/01 00:40,05F0055S,05F0287S,41,967,1
2025/09/01 00:40,05F0055S,05F0287S,42,0,0
2025/09/01 00:40,05F0055S,05F0287S,5,0,0
2025/09/01 00:40,05F0287S,05F0309S,31,84,17
2025/09/01 00:40,05F0287S,05F0309S,32,87,2
2025/09/01 00:40,05F0287S,05F0309S,41,0,0
2025/09/01 00:40,05F0287S,05F0309S,42,0,0
2025/09/01 00:40,05F0287S,05F0309S,5,0,0
2025/09/01 00:40,05F0309S,05F0439S,31,498,14
2025/09/01 00:40,05F0309S,05F0439S,32,496,4
2025/09/01 00:40,05F0309S,05F0439S,41,0,0
2025/09/01 00:40,05F0309S,05F0439S,42,0,0
2025/09/01 00:40,05F0309S,05F0439S,5,492,1
2025/09/01 00:40,05F0439S,05F0494S,31,203,8
2025/09/01 00:40,05F0439S,05F0494S,32,205,1
2025/09/01 00:40,05F0439S,05F0494S,41,0,0
2025/09/01 00:40,05F0439S,05F0494S,42,246,1
2025/09/01 00:40,05F0439S,05F0494S,5,222,2
2025/09/01 00:45,05F0000S,05F0055S,31,232,14
2025/09/01 00:45,05F0000S,05F0055S,32,233,4
2025/09/01 00:45,05F0000S,05F0055S,41,230,1
2025/09/01 00:45,05F0000S,05F0055S,42,0,0
2025/09/01 00:45,05F0000S,05F0055S,5,0,0
2025/09/01 00:45,05F0055S,05F0287S,31,924,21
2025/09/01 00:45,05F0055S,05F0287S,32,910,5
2025/09/01 00:45,05F0055S,05F0287S,41,0,0
2025/09/01 00:45,05F0055S,05F0287S,42,0,0
2025/09/01 00:45,05F0055S,05F0287S,5,0,0
2025/09/01 00:45,05F0287S,05F0309S,31,84,19
2025/09/01 00:45,05F0287S,05F0309S,32,85,4
2025/09/01 00:45,05F0287S,05F0309S,41,0,0
2025/09/01 00:45,05F0287S,05F0309S,42,0,0
2025/09/01 00:45,05F0287S,05F0309S,5,0,0
2025/09/01 00:45,05F0309S,05F0439S,31,492,11
2025/09/01 00:45,05F0309S,05F0439S,32,474,4
2025/09/01 00:45,05F0309S,05F0439S,41,0,0
2025/09/01 00:45,05F0309S,05F0439S,42,544,1
2025/09/01 00:45,05F0309S,05F0439S,5,499,2
2025/09/01 00:45,05F0439S,05F0494S,31,198,5
2025/09/01 00:45,05F0439S,05F0494S,32,208,5
2025/09/01 00:45,05F0439S,05F0494S,41,0,0
2025/09/01 00:45,05F0439S,05F0494S,42,0,0
2025/09/01 00:45,05F0439S,05F0494S,5,213,2
2025/09/01 00:50,05F0000S,05F0055S,31,242,16
2025/09/01 00:50,05F0000S,05F0055S,32,245,10
2025/09/01 00:50,05F0000S,05F0055S,41,238,2
2025/09/01 00:50,05F0000S,05F0055S,42,0,0
2025/09/01 00:50,05F0000S,05F0055S,5,0,0
2025/09/01 00:50,05F0055S,05F0287S,31,959,23
2025/09/01 00:50,05F0055S,05F0287S,32,940,3
2025/09/01 00:50,05F0055S,05F0287S,41,0,0
2025/09/01 00:50,05F0055S,05F0287S,42,0,0
2025/09/01 00:50,05F0055S,05F0287S,5,0,0
2025/09/01 00:50,05F0287S,05F0309S,31,86,20
2025/09/01 00:50,05F0287S,05F0309S,32,88,2
2025/09/01 00:50,05F0287S,05F0309S,41,0,0
2025/09/01 00:50,05F0287S,05F0309S,42,0,0
2025/09/01 00:50,05F0287S,05F0309S,5,0,0
2025/09/01 00:50,05F0309S,05F0439S,31,490,10
2025/09/01 00:50,05F0309S,05F0439S,32,454,1
2025/09/01 00:50,05F0309S,05F0439S,41,0,0
2025/09/01 00:50,05F0309S,05F0439S,42,0,0
2025/09/01 00:50,05F0309S,05F0439S,5,498,1
2025/09/01 00:50,05F0439S,05F0494S,31,213,5
2025/09/01 00:50,05F0439S,05F0494S,32,0,0
2025/09/01 00:50,05F0439S,05F0494S,41,0,0
2025/09/01 00:50,05F0439S,05F0494S,42,221,1
2025/09/01 00:50,05F0439S,05F0494S,5,0,0
2025/09/01 00:55,05F0000S,05F0055S,31,236,19
2025/09/01 00:55,05F0000S,05F0055S,32,214,2
2025/09/01 00:55,05F0000S,05F0055S,41,0,0
2025/09/01 00:55,05F0000S,05F0055S,42,0,0
2025/09/01 00:55,05F0000S,05F0055S,5,0,0
2025/09/01 00:55,05F0055S,05F0287S,31,940,16
2025/09/01 00:55,05F0055S,05F0287S,32,952,5
2025/09/01 00:55,05F0055S,05F0287S,41,0,0
2025/09/01 00:55,05F0055S,05F0287S,42,0,0
2025/09/01 00:55,05F0055S,05F0287S,5,0,0
2025/09/01 00:55,05F0287S,05F0309S,31,87,12
2025/09/01 00:55,05F0287S,05F0309S,32,89,3
2025/09/01 00:55,05F0287S,05F0309S,41,0,0
2025/09/01 00:55,05F0287S,05F0309S,42,0,0
2025/09/01 00:55,05F0287S,05F0309S,5,0,0
2025/09/01 00:55,05F0309S,05F0439S,31,500,10
2025/09/01 00:55,05F0309S,05F0439S,32,539,2
2025/09/01 00:55,05F0309S,05F0439S,41,0,0
2025/09/01 00:55,05F0309S,05F0439S,42,574,2
2025/09/01 00:55,05F0309S,05F0439S,5,526,1
2025/09/01 00:55,05F0439S,05F0494S,31,211,6
2025/09/01 00:55,05F0439S,05F0494S,32,196,1
2025/09/01 00:55,05F0439S,05F0494S,41,0,0
2025/09/01 00:55,05F0439S,05F0494S,42,0,0
2025/09/01 00:55,05F0439S,05F0494S,5,0,0
2025/09/01 01:00,05F0000S,05F0055S,31,230,18
2025/09/01 01:00,05F0000S,05F0055S,32,238,3
2025/09/01 01:00,05F0000S,05F0055S,41,0,0
2025/09/01 01:00,05F0000S,05F0055S,42,0,0
2025/09/01 01:00,05F0000S,05F0055S,5,0,0
2025/09/01 01:00,05F0055S,05F0287S,31,951,18
2025/09/01 01:00,05F0055S,05F0287S,32,925,4
2025/09/01 01:00,05F0055S,05F0287S,41,982,1
2025/09/01 01:00,05F0055S,05F0287S,42,0,0
2025/09/01 01:00,05F0055S,05F0287S,5,0,0
2025/09/01 01:00,05F0287S,05F0309S,31,86,16
2025/09/01 01:00,05F0287S,05F0309S,32,83,3
2025/09/01 01:00,05F0287S,05F0309S,41,94,1
2025/09/01 01:00,05F0287S,05F0309S,42,0,0
2025/09/01 01:00,05F0287S,05F0309S,5,0,0
2025/09/01 01:00,05F0309S,05F0439S,31,477,15
2025/09/01 01:00,05F0309S,05F0439S,32,476,1
2025/09/01 01:00,05F0309S,05F0439S,41,0,0
2025/09/01 01:00,05F0309S,05F0439S,42,0,0
2025/09/01 01:00,05F0309S,05F0439S,5,548,1
2025/09/01 01:00,05F0439S,05F0494S,31,215,3
2025/09/01 01:00,05F0439S,05F0494S,32,201,2
2025/09/01 01:00,05F0439S,05F0494S,41,0,0
2025/09/01 01:00,05F0439S,05F0494S,42,243,2
2025/09/01 01:00,05F0439S,05F0494S,5,223,1
2025/09/01 01:05,05F0000S,05F0055S,31,231,8
2025/09/01 01:05,05F0000S,05F0055S,32,238,6
2025/09/01 01:05,05F0000S,05F0055S,41,0,0
2025/09/01 01:05,05F0000S,05F0055S,42,0,0
2025/09/01 01:05,05F0000S,05F0055S,5,0,0
2025/09/01 01:05,05F0055S,05F0287S,31,960,16
2025/09/01 01:05,05F0055S,05F0287S,32,962,7
2025/09/01 01:05,05F0055S,05F0287S,41,961,1
2025/09/01 01:05,05F0055S,05F0287S,42,0,0
2025/09/01 01:05,05F0055S,05F0287S,5,0,0
2025/09/01 01:05,05F0287S,05F0309S,31,88,11
2025/09/01 01:05,05F0287S,05F0309S,32,82,4
2025/09/01 01:05,05F0287S,05F0309S,41,0,0
2025/09/01 01:05,05F0287S,05F0309S,42,0,0
2025/09/01 01:05,05F0287S,05F0309S,5,0,0
2025/09/01 01:05,05F0309S,05F0439S,31,512,7
2025/09/01 01:05,05F0309S,05F0439S,32,502,4
2025/09/01 01:05,05F0309S,05F0439S,41,0,0
2025/09/01 01:05,05F0309S,05F0439S,42,553,1
2025/09/01 01:05,05F0309S,05F0439S,5,507,1
2025/09/01 01:05,05F0439S,05F0494S,31,199,5
2025/09/01 01:05,05F0439S,05F0494S,32,200,2
2025/09/01 01:05,05F0439S,05F0494S,41,0,0
2025/09/01 01:05,05F0439S,05F0494S,42,0,0
2025/09/01 01:05,05F0439S,05F0494S,5,0,0
2025/09/01 01:10,05F0000S,05F0055S,31,235,13
2025/09/01 01:10,05F0000S,05F0055S,32,249,4
2025/09/01 01:10,05F0000S,05F0055S,41,0,0
2025/09/01 01:10,05F0000S,05F0055S,42,0,0
2025/09/01 01:10,05F0000S,05F0055S,5,0,0
2025/09/01 01:10,05F0055S,05F0287S,31,947,18
2025/09/01 01:10,05F0055S,05F0287S,32,950,6
2025/09/01 01:10,05F0055S,05F0287S,41,971,1
2025/09/01 01:10,05F0055S,05F0287S,42,0,0
2025/09/01 01:10,05F0055S,05F0287S,5,0,0
2025/09/01 01:10,05F0287S,05F0309S,31,85,10
2025/09/01 01:10,05F0287S,05F0309S,32,85,9
2025/09/01 01:10,05F0287S,05F0309S,41,0,0
2025/09/01 01:10,05F0287S,05F0309S,42,0,0
2025/09/01 01:10,05F0287S,05F0309S,5,0,0
2025/09/01 01:10,05F0309S,05F0439S,31,468,8
2025/09/01 01:10,05F0309S,05F0439S,32,421,2
2025/09/01 01:10,05F0309S,05F0439S,41,537,1
2025/09/01 01:10,05F0309S,05F0439S,42,0,0
2025/09/01 01:10,05F0309S,05F0439S,5,0,0
2025/09/01 01:10,05F0439S,05F0494S,31,205,3
2025/09/01 01:10,05F0439S,05F0494S,32,213,2
2025/09/01 01:10,05F0439S,05F0494S,41,0,0
2025/09/01 01:10,05F0439S,05F0494S,42,188,1
2025/09/01 01:10,05F0439S,05F0494S,5,217,1
2025/09/01 01:15,05F0000S,05F0055S,31,231,10
2025/09/01 01:15,05F0000S,05F0055S,32,235,3
2025/09/01 01:15,05F0000S,05F0055S,41,0,0
2025/09/01 01:15,05F0000S,05F0055S,42,0,0
2025/09/01 01:15,05F0000S,05F0055S,5,0,0
2025/09/01 01:15,05F0055S,05F0287S,31,929,19
2025/09/01 01:15,05F0055S,05F0287S,32,946,5
2025/09/01 01:15,05F0055S,05F0287S,41,0,0
2025/09/01 01:15,05F0055S,05F0287S,42,0,0
2025/09/01 01:15,05F0055S,05F0287S,5,0,0
2025/09/01 01:15,05F0287S,05F0309S,31,83,17
2025/09/01 01:15,05F0287S,05F0309S,32,85,2
2025/09/01 01:15,05F0287S,05F0309S,41,0,0
2025/09/01 01:15,05F0287S,05F0309S,42,0,0
2025/09/01 01:15,05F0287S,05F0309S,5,0,0
2025/09/01 01:15,05F0309S,05F0439S,31,476,7
2025/09/01 01:15,05F0309S,05F0439S,32,497,6
2025/09/01 01:15,05F0309S,05F0439S,41,0,0
2025/09/01 01:15,05F0309S,05F0439S,42,488,1
2025/09/01 01:15,05F0309S,05F0439S,5,521,1
2025/09/01 01:15,05F0439S,05F0494S,31,209,3
2025/09/01 01:15,05F0439S,05F0494S,32,175,2
2025/09/01 01:15,05F0439S,05F0494S,41,0,0
2025/09/01 01:15,05F0439S,05F0494S,42,207,1
2025/09/01 01:15,05F0439S,05F0494S,5,0,0
2025/09/01 01:20,05F0000S,05F0055S,31,214,13
2025/09/01 01:20,05F0000S,05F0055S,32,241,3
2025/09/01 01:20,05F0000S,05F0055S,41,252,1
2025/09/01 01:20,05F0000S,05F0055S,42,0,0
2025/09/01 01:20,05F0000S,05F0055S,5,0,0
2025/09/01 01:20,05F0055S,05F0287S,31,951,11
2025/09/01 01:20,05F0055S,05F0287S,32,944,6
2025/09/01 01:20,05F0055S,05F0287S,41,0,0
2025/09/01 01:20,05F0055S,05F0287S,42,0,0
2025/09/01 01:20,05F0055S,05F0287S,5,0,0
2025/09/01 01:20,05F0287S,05F0309S,31,85,12
2025/09/01 01:20,05F0287S,05F0309S,32,88,5
2025/09/01 01:20,05F0287S,05F0309S,41,0,0
2025/09/01 01:20,05F0287S,05F0309S,42,0,0
2025/09/01 01:20,05F0287S,05F0309S,5,0,0
2025/09/01 01:20,05F0309S,05F0439S,31,483,11
2025/09/01 01:20,05F0309S,05F0439S,32,513,3
2025/09/01 01:20,05F0309S,05F0439S,41,0,0
2025/09/01 01:20,05F0309S,05F0439S,42,521,3
2025/09/01 01:20,05F0309S,05F0439S,5,585,2
2025/09/01 01:20,05F0439S,05F0494S,31,203,3
2025/09/01 01:20,05F0439S,05F0494S,32,206,5
2025/09/01 01:20,05F0439S,05F0494S,41,0,0
2025/09/01 01:20,05F0439S,05F0494S,42,211,2
2025/09/01 01:20,05F0439S,05F0494S,5,214,2
2025/09/01 01:25,05F0000S,05F0055S,31,221,13
2025/09/01 01:25,05F0000S,05F0055S,32,1073,2
2025/09/01 01:25,05F0000S,05F0055S,41,0,0
2025/09/01 01:25,05F0000S,05F0055S,42,0,0
2025/09/01 01:25,05F0000S,05F0055S,5,0,0
2025/09/01 01:25,05F0055S,05F0287S,31,940,15
2025/09/01 01:25,05F0055S,05F0287S,32,973,2
2025/09/01 01:25,05F0055S,05F0287S,41,0,0
2025/09/01 01:25,05F0055S,05F0287S,42,0,0
2025/09/01 01:25,05F0055S,05F0287S,5,0,0
2025/09/01 01:25,05F0287S,05F0309S,31,84,11
2025/09/01 01:25,05F0287S,05F0309S,32,85,3
2025/09/01 01:25,05F0287S,05F0309S,41,0,0
2025/09/01 01:25,05F0287S,05F0309S,42,0,0
2025/09/01 01:25,05F0287S,05F0309S,5,0,0
2025/09/01 01:25,05F0309S,05F0439S,31,481,7
2025/09/01 01:25,05F0309S,05F0439S,32,511,2
2025/09/01 01:25,05F0309S,05F0439S,41,0,0
2025/09/01 01:25,05F0309S,05F0439S,42,649,1
2025/09/01 01:25,05F0309S,05F0439S,5,498,2
2025/09/01 01:25,05F0439S,05F0494S,31,186,4
2025/09/01 01:25,05F0439S,05F0494S,32,0,0
2025/09/01 01:25,05F0439S,05F0494S,41,0,0
2025/09/01 01:25,05F0439S,05F0494S,42,0,0
2025/09/01 01:25,05F0439S,05F0494S,5,241,2
2025/09/01 01:30,05F0000S,05F0055S,31,240,19
2025/09/01 01:30,05F0000S,05F0055S,32,556,4
2025/09/01 01:30,05F0000S,05F0055S,41,0,0
2025/09/01 01:30,05F0000S,05F0055S,42,0,0
2025/09/01 01:30,05F0000S,05F0055S,5,0,0
2025/09/01 01:30,05F0055S,05F0287S,31,947,11
2025/09/01 01:30,05F0055S,05F0287S,32,957,6
2025/09/01 01:30,05F0055S,05F0287S,41,0,0
2025/09/01 01:30,05F0055S,05F0287S,42,0,0
2025/09/01 01:30,05F0055S,05F0287S,5,0,0
2025/09/01 01:30,05F0287S,05F0309S,31,89,9
2025/09/01 01:30,05F0287S,05F0309S,32,89,5
2025/09/01 01:30,05F0287S,05F0309S,41,0,0
2025/09/01 01:30,05F0287S,05F0309S,42,0,0
2025/09/01 01:30,05F0287S,05F0309S,5,0,0
2025/09/01 01:30,05F0309S,05F0439S,31,492,12
2025/09/01 01:30,05F0309S,05F0439S,32,456,3
2025/09/01 01:30,05F0309S,05F0439S,41,0,0
2025/09/01 01:30,05F0309S,05F0439S,42,0,0
2025/09/01 01:30,05F0309S,05F0439S,5,0,0
2025/09/01 01:30,05F0439S,05F0494S,31,208,6
2025/09/01 01:30,05F0439S,05F0494S,32,215,1
2025/09/01 01:30,05F0439S,05F0494S,41,0,0
2025/09/01 01:30,05F0439S,05F0494S,42,0,0
2025/09/01 01:30,05F0439S,05F0494S,5,213,1
2025/09/01 01:35,05F0000S,05F0055S,31,234,10
2025/09/01 01:35,05F0000S,05F0055S,32,239,7
2025/09/01 01:35,05F0000S,05F0055S,41,0,0
2025/09/01 01:35,05F0000S,05F0055S,42,0,0
2025/09/01 01:35,05F0000S,05F0055S,5,0,0
2025/09/01 01:35,05F0055S,05F0287S,31,893,15
2025/09/01 01:35,05F0055S,05F0287S,32,918,3
2025/09/01 01:35,05F0055S,05F0287S,41,1005,1
2025/09/01 01:35,05F0055S,05F0287S,42,0,0
2025/09/01 01:35,05F0055S,05F0287S,5,0,0
2025/09/01 01:35,05F0287S,05F0309S,31,80,13
2025/09/01 01:35,05F0287S,05F0309S,32,91,2
2025/09/01 01:35,05F0287S,05F0309S,41,92,1
2025/09/01 01:35,05F0287S,05F0309S,42,0,0
2025/09/01 01:35,05F0287S,05F0309S,5,0,0
2025/09/01 01:35,05F0309S,05F0439S,31,515,5
2025/09/01 01:35,05F0309S,05F0439S,32,440,3
2025/09/01 01:35,05F0309S,05F0439S,41,0,0
2025/09/01 01:35,05F0309S,05F0439S,42,0,0
2025/09/01 01:35,05F0309S,05F0439S,5,0,0
2025/09/01 01:35,05F0439S,05F0494S,31,194,5
2025/09/01 01:35,05F0439S,05F0494S,32,187,2
2025/09/01 01:35,05F0439S,05F0494S,41,0,0
2025/09/01 01:35,05F0439S,05F0494S,42,0,0
2025/09/01 01:35,05F0439S,05F0494S,5,0,0
2025/09/01 01:40,05F0000S,05F0055S,31,232,11
2025/09/01 01:40,05F0000S,05F0055S,32,233,3
2025/09/01 01:40,05F0000S,05F0055S,41,0,0
2025/09/01 01:40,05F0000S,05F0055S,42,0,0
2025/09/01 01:40,05F0000S,05F0055S,5,0,0
2025/09/01 01:40,05F0055S,05F0287S,31,914,12
2025/09/01 01:40,05F0055S,05F0287S,32,961,2
2025/09/01 01:40,05F0055S,05F0287S,41,0,0
2025/09/01 01:40,05F0055S,05F0287S,42,0,0
2025/09/01 01:40,05F0055S,05F0287S,5,0,0
2025/09/01 01:40,05F0287S,05F0309S,31,79,8
2025/09/01 01:40,05F0287S,05F0309S,32,86,2
2025/09/01 01:40,05F0287S,05F0309S,41,0,0
2025/09/01 01:40,05F0287S,05F0309S,42,0,0
2025/09/01 01:40,05F0287S,05F0309S,5,0,0
2025/09/01 01:40,05F0309S,05F0439S,31,478,8
2025/09/01 01:40,05F0309S,05F0439S,32,546,2
2025/09/01 01:40,05F0309S,05F0439S,41,0,0
2025/09/01 01:40,05F0309S,05F0439S,42,619,1
2025/09/01 01:40,05F0309S,05F0439S,5,475,1
2025/09/01 01:40,05F0439S,05F0494S,31,215,7
2025/09/01 01:40,05F0439S,05F0494S,32,0,0
2025/09/01 01:40,05F0439S,05F0494S,41,0,0
2025/09/01 01:40,05F0439S,05F0494S,42,0,0
2025/09/01 01:40,05F0439S,05F0494S,5,0,0
2025/09/01 01:45,05F0000S,05F0055S,31,220,10
2025/09/01 01:45,05F0000S,05F0055S,32,228,7
2025/09/01 01:45,05F0000S,05F0055S,41,0,0
2025/09/01 01:45,05F0000S,05F0055S,42,0,0
2025/09/01 01:45,05F0000S,05F0055S,5,0,0
2025/09/01 01:45,05F0055S,05F0287S,31,919,16
2025/09/01 01:45,05F0055S,05F0287S,32,958,4
2025/09/01 01:45,05F0055S,05F0287S,41,0,0
2025/09/01 01:45,05F0055S,05F0287S,42,0,0
2025/09/01 01:45,05F0055S,05F0287S,5,0,0
2025/09/01 01:45,05F0287S,05F0309S,31,88,9
2025/09/01 01:45,05F0287S,05F0309S,32,94,2
2025/09/01 01:45,05F0287S,05F0309S,41,0,0
2025/09/01 01:45,05F0287S,05F0309S,42,0,0
2025/09/01 01:45,05F0287S,05F0309S,5,0,0
2025/09/01 01:45,05F0309S,05F0439S,31,485,9
2025/09/01 01:45,05F0309S,05F0439S,32,484,3
2025/09/01 01:45,05F0309S,05F0439S,41,532,1
2025/09/01 01:45,05F0309S,05F0439S,42,552,1
2025/09/01 01:45,05F0309S,05F0439S,5,532,3
2025/09/01 01:45,05F0439S,05F0494S,31,203,3
2025/09/01 01:45,05F0439S,05F0494S,32,0,0
2025/09/01 01:45,05F0439S,05F0494S,41,0,0
2025/09/01 01:45,05F0439S,05F0494S,42,238,2
2025/09/01 01:45,05F0439S,05F0494S,5,201,1
2025/09/01 01:50,05F0000S,05F0055S,31,232,7
2025/09/01 01:50,05F0000S,05F0055S,32,586,2
2025/09/01 01:50,05F0000S,05F0055S,41,0,0
2025/09/01 01:50,05F0000S,05F0055S,42,0,0
2025/09/01 01:50,05F0000S,05F0055S,5,0,0
2025/09/01 01:50,05F0055S,05F0287S,31,934,11
2025/09/01 01:50,05F0055S,05F0287S,32,951,5
2025/09/01 01:50,05F0055S,05F0287S,41,0,0
2025/09/01 01:50,05F0055S,05F0287S,42,0,0
2025/09/01 01:50,05F0055S,05F0287S,5,0,0
2025/09/01 01:50,05F0287S,05F0309S,31,90,6
2025/09/01 01:50,05F0287S,05F0309S,32,87,4
2025/09/01 01:50,05F0287S,05F0309S,41,0,0
2025/09/01 01:50,05F0287S,05F0309S,42,0,0
2025/09/01 01:50,05F0287S,05F0309S,5,0,0
2025/09/01 01:50,05F0309S,05F0439S,31,441,4
2025/09/01 01:50,05F0309S,05F0439S,32,516,1
2025/09/01 01:50,05F0309S,05F0439S,41,0,0
2025/09/01 01:50,05F0309S,05F0439S,42,0,0
2025/09/01 01:50,05F0309S,05F0439S,5,511,1
2025/09/01 01:50,05F0439S,05F0494S,31,193,1
2025/09/01 01:50,05F0439S,05F0494S,32,187,2
2025/09/01 01:50,05F0439S,05F0494S,41,425,1
2025/09/01 01:50,05F0439S,05F0494S,42,0,0
2025/09/01 01:50,05F0439S,05F0494S,5,220,2
2025/09/01 01:55,05F0000S,05F0055S,31,232,9
2025/09/01 01:55,05F0000S,05F0055S,32,238,3
2025/09/01 01:55,05F0000S,05F0055S,41,0,0
2025/09/01 01:55,05F0000S,05F0055S,42,0,0
2025/09/01 01:55,05F0000S,05F0055S,5,0,0
2025/09/01 01:55,05F0055S,05F0287S,31,948,15
2025/09/01 01:55,05F0055S,05F0287S,32,962,5
2025/09/01 01:55,05F0055S,05F0287S,41,1001,1
2025/09/01 01:55,05F0055S,05F0287S,42,0,0
2025/09/01 01:55,05F0055S,05F0287S,5,0,0
2025/09/01 01:55,05F0287S,05F0309S,31,87,10
2025/09/01 01:55,05F0287S,05F0309S,32,84,6
2025/09/01 01:55,05F0287S,05F0309S,41,98,1
2025/09/01 01:55,05F0287S,05F0309S,42,0,0
2025/09/01 01:55,05F0287S,05F0309S,5,0,0
2025/09/01 01:55,05F0309S,05F0439S,31,435,1
2025/09/01 01:55,05F0309S,05F0439S,32,502,3
2025/09/01 01:55,05F0309S,05F0439S,41,0,0
2025/09/01 01:55,05F0309S,05F0439S,42,0,0
2025/09/01 01:55,05F0309S,05F0439S,5,524,2
2025/09/01 01:55,05F0439S,05F0494S,31,200,1
2025/09/01 01:55,05F0439S,05F0494S,32,210,1
2025/09/01 01:55,05F0439S,05F0494S,41,0,0
2025/09/01 01:55,05F0439S,05F0494S,42,0,0
2025/09/01 01:55,05F0439S,05F0494S,5,219,1
2025/09/01 02:00,05F0000S,05F0055S,31,235,10
2025/09/01 02:00,05F0000S,05F0055S,32,242,4
2025/09/01 02:00,05F0000S,05F0055S,41,0,0
2025/09/01 02:00,05F0000S,05F0055S,42,0,0
2025/09/01 02:00,05F0000S,05F0055S,5,0,0
2025/09/01 02:00,05F0055S,05F0287S,31,909,10
2025/09/01 02:00,05F0055S,05F0287S,32,922,6
2025/09/01 02:00,05F0055S,05F0287S,41,0,0
2025/09/01 02:00,05F0055S,05F0287S,42,0,0
2025/09/01 02:00,05F0055S,05F0287S,5,0,0
2025/09/01 02:00,05F0287S,05F0309S,31,85,14
2025/09/01 02:00,05F0287S,05F0309S,32,84,3
2025/09/01 02:00,05F0287S,05F0309S,41,0,0
2025/09/01 02:00,05F0287S,05F0309S,42,0,0
2025/09/01 02:00,05F0287S,05F0309S,5,0,0
2025/09/01 02:00,05F0309S,05F0439S,31,510,6
2025/09/01 02:00,05F0309S,05F0439S,32,470,4
2025/09/01 02:00,05F0309S,05F0439S,41,0,0
2025/09/01 02:00,05F0309S,05F0439S,42,614,2
2025/09/01 02:00,05F0309S,05F0439S,5,0,0
2025/09/01 02:00,05F0439S,05F0494S,31,0,0
2025/09/01 02:00,05F0439S,05F0494S,32,215,3
2025/09/01 02:00,05F0439S,05F0494S,41,0,0
2025/09/01 02:00,05F0439S,05F0494S,42,0,0
2025/09/01 02:00,05F0439S,05F0494S,5,227,2
2025/09/01 02:05,05F0000S,05F0055S,31,220,10
2025/09/01 02:05,05F0000S,05F0055S,32,234,6
2025/09/01 02:05,05F0000S,05F0055S,41,0,0
2025/09/01 02:05,05F0000S,05F0055S,42,0,0
2025/09/01 02:05,05F0000S,05F0055S,5,0,0
2025/09/01 02:05,05F0055S,05F0287S,31,944,8
2025/09/01 02:05,05F0055S,05F0287S,32,909,2
2025/09/01 02:05,05F0055S,05F0287S,41,0,0
2025/09/01 02:05,05F0055S,05F0287S,42,0,0
2025/09/01 02:05,05F0055S,05F0287S,5,0,0
2025/09/01 02:05,05F0287S,05F0309S,31,90,6
2025/09/01 02:05,05F0287S,05F0309S,32,98,2
2025/09/01 02:05,05F0287S,05F0309S,41,0,0
2025/09/01 02:05,05F0287S,05F0309S,42,0,0
2025/09/01 02:05,05F0287S,05F0309S,5,0,0
2025/09/01 02:05,05F0309S,05F0439S,31,494,8
2025/09/01 02:05,05F0309S,05F0439S,32,520,2
2025/09/01 02:05,05F0309S,05F0439S,41,0,0
2025/09/01 02:05,05F0309S,05F0439S,42,0,0
2025/09/01 02:05,05F0309S,05F0439S,5,0,0
2025/09/01 02:05,05F0439S,05F0494S,31,216,2
2025/09/01 02:05,05F0439S,05F0494S,32,199,3
2025/09/01 02:05,05F0439S,05F0494S,41,0,0
2025/09/01 02:05,05F0439S,05F0494S,42,272,2
2025/09/01 02:05,05F0439S,05F0494S,5,0,0
2025/09/01 02:10,05F0000S,05F0055S,31,233,6
2025/09/01 02:10,05F0000S,05F0055S,32,231,2
2025/09/01 02:10,05F0000S,05F0055S,41,0,0
2025/09/01 02:10,05F0000S,05F0055S,42,0,0
2025/09/01 02:10,05F0000S,05F0055S,5,0,0
2025/09/01 02:10,05F0055S,05F0287S,31,947,7
2025/09/01 02:10,05F0055S,05F0287S,32,999,2
2025/09/01 02:10,05F0055S,05F0287S,41,0,0
2025/09/01 02:10,05F0055S,05F0287S,42,0,0
2025/09/01 02:10,05F0055S,05F0287S,5,0,0
2025/09/01 02:10,05F0287S,05F0309S,31,85,5
2025/09/01 02:10,05F0287S,05F0309S,32,92,1
2025/09/01 02:10,05F0287S,05F0309S,41,0,0
2025/09/01 02:10,05F0287S,05F0309S,42,0,0
2025/09/01 02:10,05F0287S,05F0309S,5,0,0
2025/09/01 02:10,05F0309S,05F0439S,31,484,9
2025/09/01 02:10,05F0309S,05F0439S,32,485,2
2025/09/01 02:10,05F0309S,05F0439S,41,0,0
2025/09/01 02:10,05F0309S,05F0439S,42,0,0
2025/09/01 02:10,05F0309S,05F0439S,5,496,2
2025/09/01 02:10,05F0439S,05F0494S,31,206,5
2025/09/01 02:10,05F0439S,05F0494S,32,225,2
2025/09/01 02:10,05F0439S,05F0494S,41,0,0
2025/09/01 02:10,05F0439S,05F0494S,42,0,0
2025/09/01 02:10,05F0439S,05F0494S,5,210,1
2025/09/01 02:15,05F0000S,05F0055S,31,242,8
2025/09/01 02:15,05F0000S,05F0055S,32,249,1
2025/09/01 02:15,05F0000S,05F0055S,41,0,0
2025/09/01 02:15,05F0000S,05F0055S,42,0,0
2025/09/01 02:15,05F0000S,05F0055S,5,0,0
2025/09/01 02:15,05F0055S,05F0287S,31,937,11
2025/09/01 02:15,05F0055S,05F0287S,32,918,2
2025/09/01 02:15,05F0055S,05F0287S,41,0,0
2025/09/01 02:15,05F0055S,05F0287S,42,0,0
2025/09/01 02:15,05F0055S,05F0287S,5,0,0
2025/09/01 02:15,05F0287S,05F0309S,31,89,8
2025/09/01 02:15,05F0287S,05F0309S,32,103,1
2025/09/01 02:15,05F0287S,05F0309S,41,0,0
2025/09/01 02:15,05F0287S,05F0309S,42,0,0
2025/09/01 02:15,05F0287S,05F0309S,5,0,0
2025/09/01 02:15,05F0309S,05F0439S,31,514,3
2025/09/01 02:15,05F0309S,05F0439S,32,0,0
2025/09/01 02:15,05F0309S,05F0439S,41,0,0
2025/09/01 02:15,05F0309S,05F0439S,42,514,2
2025/09/01 02:15,05F0309S,05F0439S,5,485,1
2025/09/01 02:15,05F0439S,05F0494S,31,204,1
2025/09/01 02:15,05F0439S,05F0494S,32,0,0
2025/09/01 02:15,05F0439S,05F0494S,41,0,0
2025/09/01 02:15,05F0439S,05F0494S,42,0,0
2025/09/01 02:15,05F0439S,05F0494S,5,0,0
2025/09/01 02:20,05F0000S,05F0055S,31,237,8
2025/09/01 02:20,05F0000S,05F0055S,32,241,5
2025/09/01 02:20,05F0000S,05F0055S,41,0,0
2025/09/01 02:20,05F0000S,05F0055S,42,0,0
2025/09/01 02:20,05F0000S,05F0055S,5,0,0
2025/09/01 02:20,05F0055S,05F0287S,31,906,11
2025/09/01 02:20,05F0055S,05F0287S,32,966,9
2025/09/01 02:20,05F0055S,05F0287S,41,0,0
2025/09/01 02:20,05F0055S,05F0287S,42,0,0
2025/09/01 02:20,05F0055S,05F0287S,5,0,0
2025/09/01 02:20,05F0287S,05F0309S,31,84,7
2025/09/01 02:20,05F0287S,05F0309S,32,85,7
2025/09/01 02:20,05F0287S,05F0309S,41,0,0
2025/09/01 02:20,05F0287S,05F0309S,42,0,0
2025/09/01 02:20,05F0287S,05F0309S,5,0,0
2025/09/01 02:20,05F0309S,05F0439S,31,473,7
2025/09/01 02:20,05F0309S,05F0439S,32,515,1
2025/09/01 02:20,05F0309S,05F0439S,41,0,0
2025/09/01 02:20,05F0309S,05F0439S,42,515,1
2025/09/01 02:20,05F0309S,05F0439S,5,0,0
2025/09/01 02:20,05F0439S,05F0494S,31,0,0
2025/09/01 02:20,05F0439S,05F0494S,32,0,0
2025/09/01 02:20,05F0439S,05F0494S,41,0,0
2025/09/01 02:20,05F0439S,05F0494S,42,212,1
2025/09/01 02:20,05F0439S,05F0494S,5,0,0
2025/09/01 02:25,05F0000S,05F0055S,31,238,8
2025/09/01 02:25,05F0000S,05F0055S,32,262,7
2025/09/01 02:25,05F0000S,05F0055S,41,0,0
2025/09/01 02:25,05F0000S,05F0055S,42,0,0
2025/09/01 02:25,05F0000S,05F0055S,5,0,0
2025/09/01 02:25,05F0055S,05F0287S,31,964,10
2025/09/01 02:25,05F0055S,05F0287S,32,933,3
2025/09/01 02:25,05F0055S,05F0287S,41,0,0
2025/09/01 02:25,05F0055S,05F0287S,42,0,0
2025/09/01 02:25,05F0055S,05F0287S,5,0,0
2025/09/01 02:25,05F0287S,05F0309S,31,82,8
2025/09/01 02:25,05F0287S,05F0309S,32,84,2
2025/09/01 02:25,05F0287S,05F0309S,41,0,0
2025/09/01 02:25,05F0287S,05F0309S,42,0,0
2025/09/01 02:25,05F0287S,05F0309S,5,0,0
2025/09/01 02:25,05F0309S,05F0439S,31,475,7
2025/09/01 02:25,05F0309S,05F0439S,32,523,2
2025/09/01 02:25,05F0309S,05F0439S,41,0,0
2025/09/01 02:25,05F0309S,05F0439S,42,0,0
2025/09/01 02:25,05F0309S,05F0439S,5,469,2
2025/09/01 02:25,05F0439S,05F0494S,31,194,2
2025/09/01 02:25,05F0439S,05F0494S,32,216,1
2025/09/01 02:25,05F0439S,05F0494S,41,0,0
2025/09/01 02:25,05F0439S,05F0494S,42,0,0
2025/09/01 02:25,05F0439S,05F0494S,5,188,2
2025/09/01 02:30,05F0000S,05F0055S,31,219,8
2025/09/01 02:30,05F0000S,05F0055S,32,241,3
2025/09/01 02:30,05F0000S,05F0055S,41,0,0
2025/09/01 02:30,05F0000S,05F0055S,42,0,0
2025/09/01 02:30,05F0000S,05F0055S,5,0,0
2025/09/01 02:30,05F0055S,05F0287S,31,920,6
2025/09/01 02:30,05F0055S,05F0287S,32,1023,1
2025/09/01 02:30,05F0055S,05F0287S,41,0,0
2025/09/01 02:30,05F0055S,05F0287S,42,0,0
2025/09/01 02:30,05F0055S,05F0287S,5,0,0
2025/09/01 02:30,05F0287S,05F0309S,31,82,5
2025/09/01 02:30,05F0287S,05F0309S,32,0,0
2025/09/01 02:30,05F0287S,05F0309S,41,0,0
2025/09/01 02:30,05F0287S,05F0309S,42,0,0
2025/09/01 02:30,05F0287S,05F0309S,5,0,0
2025/09/01 02:30,05F0309S,05F0439S,31,483,4
2025/09/01 02:30,05F0309S,05F0439S,32,487,3
2025/09/01 02:30,05F0309S,05F0439S,41,0,0
2025/09/01 02:30,05F0309S,05F0439S,42,0,0
2025/09/01 02:30,05F0309S,05F0439S,5,720,1
2025/09/01 02:30,05F0439S,05F0494S,31,203,4
2025/09/01 02:30,05F0439S,05F0494S,32,196,3
2025/09/01 02:30,05F0439S,05F0494S,41,0,0
2025/09/01 02:30,05F0439S,05F0494S,42,0,0
2025/09/01 02:30,05F0439S,05F0494S,5,0,0
2025/09/01 02:35,05F0000S,05F0055S,31,220,8
2025/09/01 02:35,05F0000S,05F0055S,32,276,1
2025/09/01 02:35,05F0000S,05F0055S,41,0,0
2025/09/01 02:35,05F0000S,05F0055S,42,0,0
2025/09/01 02:35,05F0000S,05F0055S,5,0,0
2025/09/01 02:35,05F0055S,05F0287S,31,932,13
2025/09/01 02:35,05F0055S,05F0287S,32,926,4
2025/09/01 02:35,05F0055S,05F0287S,41,0,0
2025/09/01 02:35,05F0055S,05F0287S,42,0,0
2025/09/01 02:35,05F0055S,05F0287S,5,0,0
2025/09/01 02:35,05F0287S,05F0309S,31,89,7
2025/09/01 02:35,05F0287S,05F0309S,32,89,2
2025/09/01 02:35,05F0287S,05F0309S,41,0,0
2025/09/01 02:35,05F0287S,05F0309S,42,0,0
2025/09/01 02:35,05F0287S,05F0309S,5,0,0
2025/09/01 02:35,05F0309S,05F0439S,31,480,6
2025/09/01 02:35,05F0309S,05F0439S,32,531,2
2025/09/01 02:35,05F0309S,05F0439S,41,0,0
2025/09/01 02:35,05F0309S,05F0439S,42,0,0
2025/09/01 02:35,05F0309S,05F0439S,5,500,1
2025/09/01 02:35,05F0439S,05F0494S,31,207,3
2025/09/01 02:35,05F0439S,05F0494S,32,207,1
2025/09/01 02:35,05F0439S,05F0494S,41,0,0
2025/09/01 02:35,05F0439S,05F0494S,42,953,1
2025/09/01 02:35,05F0439S,05F0494S,5,0,0
2025/09/01 02:40,05F0000S,05F0055S,31,237,11
2025/09/01 02:40,05F0000S,05F0055S,32,233,5
2025/09/01 02:40,05F0000S,05F0055S,41,0,0
2025/09/01 02:40,05F0000S,05F0055S,42,0,0
2025/09/01 02:40,05F0000S,05F0055S,5,0,0
2025/09/01 02:40,05F0055S,05F0287S,31,930,7
2025/09/01 02:40,05F0055S,05F0287S,32,998,6
2025/09/01 02:40,05F0055S,05F0287S,41,0,0
2025/09/01 02:40,05F0055S,05F0287S,42,0,0
2025/09/01 02:40,05F0055S,05F0287S,5,0,0
2025/09/01 02:40,05F0287S,05F0309S,31,85,7
2025/09/01 02:40,05F0287S,05F0309S,32,89,4
2025/09/01 02:40,05F0287S,05F0309S,41,0,0
2025/09/01 02:40,05F0287S,05F0309S,42,0,0
2025/09/01 02:40,05F0287S,05F0309S,5,0,0
2025/09/01 02:40,05F0309S,05F0439S,31,472,5
2025/09/01 02:40,05F0309S,05F0439S,32,452,1
2025/09/01 02:40,05F0309S,05F0439S,41,0,0
2025/09/01 02:40,05F0309S,05F0439S,42,0,0
2025/09/01 02:40,05F0309S,05F0439S,5,0,0
2025/09/01 02:40,05F0439S,05F0494S,31,197,2
2025/09/01 02:40,05F0439S,05F0494S,32,0,0
2025/09/01 02:40,05F0439S,05F0494S,41,0,0
2025/09/01 02:40,05F0439S,05F0494S,42,0,0
2025/09/01 02:40,05F0439S,05F0494S,5,212,1
2025/09/01 02:45,05F0000S,05F0055S,31,234,8
2025/09/01 02:45,05F0000S,05F0055S,32,233,3
2025/09/01 02:45,05F0000S,05F0055S,41,0,0
2025/09/01 02:45,05F0000S,05F0055S,42,0,0
2025/09/01 02:45,05F0000S,05F0055S,5,0,0
2025/09/01 02:45,05F0055S,05F0287S,31,949,12
2025/09/01 02:45,05F0055S,05F0287S,32,1114,2
2025/09/01 02:45,05F0055S,05F0287S,41,0,0
2025/09/01 02:45,05F0055S,05F0287S,42,0,0
2025/09/01 02:45,05F0055S,05F0287S,5,0,0
2025/09/01 02:45,05F0287S,05F0309S,31,91,8
2025/09/01 02:45,05F0287S,05F0309S,32,100,3
2025/09/01 02:45,05F0287S,05F0309S,41,0,0
2025/09/01 02:45,05F0287S,05F0309S,42,0,0
2025/09/01 02:45,05F0287S,05F0309S,5,0,0
2025/09/01 02:45,05F0309S,05F0439S,31,469,4
2025/09/01 02:45,05F0309S,05F0439S,32,552,2
2025/09/01 02:45,05F0309S,05F0439S,41,0,0
2025/09/01 02:45,05F0309S,05F0439S,42,0,0
2025/09/01 02:45,05F0309S,05F0439S,5,538,2
2025/09/01 02:45,05F0439S,05F0494S,31,204,4
2025/09/01 02:45,05F0439S,05F0494S,32,0,0
2025/09/01 02:45,05F0439S,05F0494S,41,0,0
2025/09/01 02:45,05F0439S,05F0494S,42,0,0
2025/09/01 02:45,05F0439S,05F0494S,5,0,0
2025/09/01 02:50,05F0000S,05F0055S,31,231,7
2025/09/01 02:50,05F0000S,05F0055S,32,253,2
2025/09/01 02:50,05F0000S,05F0055S,41,0,0
2025/09/01 02:50,05F0000S,05F0055S,42,0,0
2025/09/01 02:50,05F0000S,05F0055S,5,0,0
2025/09/01 02:50,05F0055S,05F0287S,31,898,7
2025/09/01 02:50,05F0055S,05F0287S,32,984,4
2025/09/01 02:50,05F0055S,05F0287S,41,0,0
2025/09/01 02:50,05F0055S,05F0287S,42,0,0
2025/09/01 02:50,05F0055S,05F0287S,5,0,0
2025/09/01 02:50,05F0287S,05F0309S,31,81,4
2025/09/01 02:50,05F0287S,05F0309S,32,89,3
2025/09/01 02:50,05F0287S,05F0309S,41,0,0
2025/09/01 02:50,05F0287S,05F0309S,42,0,0
2025/09/01 02:50,05F0287S,05F0309S,5,0,0
2025/09/01 02:50,05F0309S,05F0439S,31,434,4
2025/09/01 02:50,05F0309S,05F0439S,32,499,2
2025/09/01 02:50,05F0309S,05F0439S,41,0,0
2025/09/01 02:50,05F0309S,05F0439S,42,0,0
2025/09/01 02:50,05F0309S,05F0439S,5,0,0
2025/09/01 02:50,05F0439S,05F0494S,31,193,3
2025/09/01 02:50,05F0439S,05F0494S,32,221,1
2025/09/01 02:50,05F0439S,05F0494S,41,0,0
2025/09/01 02:50,05F0439S,05F0494S,42,0,0
2025/09/01 02:50,05F0439S,05F0494S,5,0,0
2025/09/01 02:55,05F0000S,05F0055S,31,227,5
2025/09/01 02:55,05F0000S,05F0055S,32,236,3
2025/09/01 02:55,05F0000S,05F0055S,41,0,0
2025/09/01 02:55,05F0000S,05F0055S,42,0,0
2025/09/01 02:55,05F0000S,05F0055S,5,0,0
2025/09/01 02:55,05F0055S,05F0287S,31,937,12
2025/09/01 02:55,05F0055S,05F0287S,32,951,6
2025/09/01 02:55,05F0055S,05F0287S,41,0,0
2025/09/01 02:55,05F0055S,05F0287S,42,0,0
2025/09/01 02:55,05F0055S,05F0287S,5,0,0
2025/09/01 02:55,05F0287S,05F0309S,31,80,13
2025/09/01 02:55,05F0287S,05F0309S,32,96,5
2025/09/01 02:55,05F0287S,05F0309S,41,0,0
2025/09/01 02:55,05F0287S,05F0309S,42,0,0
2025/09/01 02:55,05F0287S,05F0309S,5,0,0
2025/09/01 02:55,05F0309S,05F0439S,31,510,5
2025/09/01 02:55,05F0309S,05F0439S,32,609,2
2025/09/01 02:55,05F0309S,05F0439S,41,0,0
2025/09/01 02:55,05F0309S,05F0439S,42,0,0
2025/09/01 02:55,05F0309S,05F0439S,5,497,1
2025/09/01 02:55,05F0439S,05F0494S,31,158,4
2025/09/01 02:55,05F0439S,05F0494S,32,217,3
2025/09/01 02:55,05F0439S,05F0494S,41,0,0
2025/09/01 02:55,05F0439S,05F0494S,42,0,0
2025/09/01 02:55,05F0439S,05F0494S,5,0,0
2025/09/01 03:00,05F0000S,05F0055S,31,235,7
2025/09/01 03:00,05F0000S,05F0055S,32,240,3
2025/09/01 03:00,05F0000S,05F0055S,41,0,0
2025/09/01 03:00,05F0000S,05F0055S,42,0,0
2025/09/01 03:00,05F0000S,05F0055S,5,0,0
2025/09/01 03:00,05F0055S,05F0287S,31,915,8
2025/09/01 03:00,05F0055S,05F0287S,32,935,4
2025/09/01 03:00,05F0055S,05F0287S,41,0,0
2025/09/01 03:00,05F0055S,05F0287S,42,0,0
2025/09/01 03:00,05F0055S,05F0287S,5,0,0
2025/09/01 03:00,05F0287S,05F0309S,31,87,3
2025/09/01 03:00,05F0287S,05F0309S,32,96,3
2025/09/01 03:00,05F0287S,05F0309S,41,0,0
2025/09/01 03:00,05F0287S,05F0309S,42,0,0
2025/09/01 03:00,05F0287S,05F0309S,5,0,0
2025/09/01 03:00,05F0309S,05F0439S,31,479,3
2025/09/01 03:00,05F0309S,05F0439S,32,516,4
2025/09/01 03:00,05F0309S,05F0439S,41,0,0
2025/09/01 03:00,05F0309S,05F0439S,42,0,0
2025/09/01 03:00,05F0309S,05F0439S,5,0,0
2025/09/01 03:00,05F0439S,05F0494S,31,208,1
2025/09/01 03:00,05F0439S,05F0494S,32,218,3
2025/09/01 03:00,05F0439S,05F0494S,41,0,0
2025/09/01 03:00,05F0439S,05F0494S,42,0,0
2025/09/01 03:00,05F0439S,05F0494S,5,218,1
2025/09/01 03:05,05F0000S,05F0055S,31,236,7
2025/09/01 03:05,05F0000S,05F0055S,32,228,2
2025/09/01 03:05,05F0000S,05F0055S,41,0,0
2025/09/01 03:05,05F0000S,05F0055S,42,0,0
2025/09/01 03:05,05F0000S,05F0055S,5,0,0
2025/09/01 03:05,05F0055S,05F0287S,31,923,6
2025/09/01 03:05,05F0055S,05F0287S,32,989,2
2025/09/01 03:05,05F0055S,05F0287S,41,0,0
2025/09/01 03:05,05F0055S,05F0287S,42,0,0
2025/09/01 03:05,05F0055S,05F0287S,5,0,0
2025/09/01 03:05,05F0287S,05F0309S,31,79,2
2025/09/01 03:05,05F0287S,05F0309S,32,99,2
2025/09/01 03:05,05F0287S,05F0309S,41,0,0
2025/09/01 03:05,05F0287S,05F0309S,42,0,0
2025/09/01 03:05,05F0287S,05F0309S,5,0,0
2025/09/01 03:05,05F0309S,05F0439S,31,460,6
2025/09/01 03:05,05F0309S,05F0439S,32,525,2
2025/09/01 03:05,05F0309S,05F0439S,41,0,0
2025/09/01 03:05,05F0309S,05F0439S,42,0,0
2025/09/01 03:05,05F0309S,05F0439S,5,542,2
2025/09/01 03:05,05F0439S,05F0494S,31,196,2
2025/09/01 03:05,05F0439S,05F0494S,32,0,0
2025/09/01 03:05,05F0439S,05F0494S,41,0,0
2025/09/01 03:05,05F0439S,05F0494S,42,0,0
2025/09/01 03:05,05F0439S,05F0494S,5,208,1
2025/09/01 03:10,05F0000S,05F0055S,31,232,7
2025/09/01 03:10,05F0000S,05F0055S,32,250,4
2025/09/01 03:10,05F0000S,05F0055S,41,0,0
2025/09/01 03:10,05F0000S,05F0055S,42,0,0
2025/09/01 03:10,05F0000S,05F0055S,5,0,0
2025/09/01 03:10,05F0055S,05F0287S,31,929,7
2025/09/01 03:10,05F0055S,05F0287S,32,960,3
2025/09/01 03:10,05F0055S,05F0287S,41,0,0
2025/09/01 03:10,05F0055S,05F0287S,42,0,0
2025/09/01 03:10,05F0055S,05F0287S,5,0,0
2025/09/01 03:10,05F0287S,05F0309S,31,92,4
2025/09/01 03:10,05F0287S,05F0309S,32,91,1
2025/09/01 03:10,05F0287S,05F0309S,41,0,0
2025/09/01 03:10,05F0287S,05F0309S,42,0,0
2025/09/01 03:10,05F0287S,05F0309S,5,0,0
2025/09/01 03:10,05F0309S,05F0439S,31,497,2
2025/09/01 03:10,05F0309S,05F0439S,32,507,3
2025/09/01 03:10,05F0309S,05F0439S,41,0,0
2025/09/01 03:10,05F0309S,05F0439S,42,0,0
2025/09/01 03:10,05F0309S,05F0439S,5,527,1
2025/09/01 03:10,05F0439S,05F0494S,31,197,3
2025/09/01 03:10,05F0439S,05F0494S,32,227,2
2025/09/01 03:10,05F0439S,05F0494S,41,0,0
2025/09/01 03:10,05F0439S,05F0494S,42,0,0
2025/09/01 03:10,05F0439S,05F0494S,5,250,1
2025/09/01 03:15,05F0000S,05F0055S,31,229,15
2025/09/01 03:15,05F0000S,05F0055S,32,265,4
2025/09/01 03:15,05F0000S,05F0055S,41,0,0
2025/09/01 03:15,05F0000S,05F0055S,42,0,0
2025/09/01 03:15,05F0000S,05F0055S,5,0,0
2025/09/01 03:15,05F0055S,05F0287S,31,968,8
2025/09/01 03:15,05F0055S,05F0287S,32,968,2
2025/09/01 03:15,05F0055S,05F0287S,41,0,0
2025/09/01 03:15,05F0055S,05F0287S,42,0,0
2025/09/01 03:15,05F0055S,05F0287S,5,0,0
2025/09/01 03:15,05F0287S,05F0309S,31,91,5
2025/09/01 03:15,05F0287S,05F0309S,32,84,2
2025/09/01 03:15,05F0287S,05F0309S,41,0,0
2025/09/01 03:15,05F0287S,05F0309S,42,0,0
2025/09/01 03:15,05F0287S,05F0309S,5,0,0
2025/09/01 03:15,05F0309S,05F0439S,31,486,1
2025/09/01 03:15,05F0309S,05F0439S,32,0,0
2025/09/01 03:15,05F0309S,05F0439S,41,0,0
2025/09/01 03:15,05F0309S,05F0439S,42,0,0
2025/09/01 03:15,05F0309S,05F0439S,5,513,1
2025/09/01 03:15,05F0439S,05F0494S,31,219,1
2025/09/01 03:15,05F0439S,05F0494S,32,0,0
2025/09/01 03:15,05F0439S,05F0494S,41,0,0
2025/09/01 03:15,05F0439S,05F0494S,42,0,0
2025/09/01 03:15,05F0439S,05F0494S,5,0,0
2025/09/01 03:20,05F0000S,05F0055S,31,231,4
2025/09/01 03:20,05F0000S,05F0055S,32,229,2
2025/09/01 03:20,05F0000S,05F0055S,41,0,0
2025/09/01 03:20,05F0000S,05F0055S,42,0,0
2025/09/01 03:20,05F0000S,05F0055S,5,0,0
2025/09/01 03:20,05F0055S,05F0287S,31,908,9
2025/09/01 03:20,05F0055S,05F0287S,32,936,3
2025/09/01 03:20,05F0055S,05F0287S,41,0,0
2025/09/01 03:20,05F0055S,05F0287S,42,0,0
2025/09/01 03:20,05F0055S,05F0287S,5,0,0
2025/09/01 03:20,05F0287S,05F0309S,31,81,7
2025/09/01 03:20,05F0287S,05F0309S,32,94,3
2025/09/01 03:20,05F0287S,05F0309S,41,0,0
2025/09/01 03:20,05F0287S,05F0309S,42,0,0
2025/09/01 03:20,05F0287S,05F0309S,5,0,0
2025/09/01 03:20,05F0309S,05F0439S,31,540,2
2025/09/01 03:20,05F0309S,05F0439S,32,490,3
2025/09/01 03:20,05F0309S,05F0439S,41,0,0
2025/09/01 03:20,05F0309S,05F0439S,42,734,1
2025/09/01 03:20,05F0309S,05F0439S,5,512,1
2025/09/01 03:20,05F0439S,05F0494S,31,213,1
2025/09/01 03:20,05F0439S,05F0494S,32,0,0
2025/09/01 03:20,05F0439S,05F0494S,41,0,0
2025/09/01 03:20,05F0439S,05F0494S,42,0,0
2025/09/01 03:20,05F0439S,05F0494S,5,218,1
2025/09/01 03:25,05F0000S,05F0055S,31,229,5
2025/09/01 03:25,05F0000S,05F0055S,32,229,8
2025/09/01 03:25,05F0000S,05F0055S,41,0,0
2025/09/01 03:25,05F0000S,05F0055S,42,0,0
2025/09/01 03:25,05F0000S,05F0055S,5,0,0
2025/09/01 03:25,05F0055S,05F0287S,31,918,7
2025/09/01 03:25,05F0055S,05F0287S,32,1018,1
2025/09/01 03:25,05F0055S,05F0287S,41,0,0
2025/09/01 03:25,05F0055S,05F0287S,42,0,0
2025/09/01 03:25,05F0055S,05F0287S,5,0,0
2025/09/01 03:25,05F0287S,05F0309S,31,83,3
2025/09/01 03:25,05F0287S,05F0309S,32,86,2
2025/09/01 03:25,05F0287S,05F0309S,41,0,0
2025/09/01 03:25,05F0287S,05F0309S,42,0,0
2025/09/01 03:25,05F0287S,05F0309S,5,0,0
2025/09/01 03:25,05F0309S,05F0439S,31,472,7
2025/09/01 03:25,05F0309S,05F0439S,32,470,1
2025/09/01 03:25,05F0309S,05F0439S,41,0,0
2025/09/01 03:25,05F0309S,05F0439S,42,545,3
2025/09/01 03:25,05F0309S,05F0439S,5,0,0
2025/09/01 03:25,05F0439S,05F0494S,31,211,4
2025/09/01 03:25,05F0439S,05F0494S,32,200,2
2025/09/01 03:25,05F0439S,05F0494S,41,0,0
2025/09/01 03:25,05F0439S,05F0494S,42,272,2
2025/09/01 03:25,05F0439S,05F0494S,5,206,1
2025/09/01 03:30,05F0000S,05F0055S,31,230,10
2025/09/01 03:30,05F0000S,05F0055S,32,240,5
2025/09/01 03:30,05F0000S,05F0055S,41,0,0
2025/09/01 03:30,05F0000S,05F0055S,42,0,0
2025/09/01 03:30,05F0000S,05F0055S,5,0,0
2025/09/01 03:30,05F0055S,05F0287S,31,935,13
2025/09/01 03:30,05F0055S,05F0287S,32,993,7
2025/09/01 03:30,05F0055S,05F0287S,41,0,0
2025/09/01 03:30,05F0055S,05F0287S,42,0,0
2025/09/01 03:30,05F0055S,05F0287S,5,0,0
2025/09/01 03:30,05F0287S,05F0309S,31,83,10
2025/09/01 03:30,05F0287S,05F0309S,32,91,7
2025/09/01 03:30,05F0287S,05F0309S,41,0,0
2025/09/01 03:30,05F0287S,05F0309S,42,0,0
2025/09/01 03:30,05F0287S,05F0309S,5,0,0
2025/09/01 03:30,05F0309S,05F0439S,31,460,4
2025/09/01 03:30,05F0309S,05F0439S,32,517,2
2025/09/01 03:30,05F0309S,05F0439S,41,0,0
2025/09/01 03:30,05F0309S,05F0439S,42,521,1
2025/09/01 03:30,05F0309S,05F0439S,5,558,2
2025/09/01 03:30,05F0439S,05F0494S,31,206,7
2025/09/01 03:30,05F0439S,05F0494S,32,349,2
2025/09/01 03:30,05F0439S,05F0494S,41,0,0
2025/09/01 03:30,05F0439S,05F0494S,42,215,3
2025/09/01 03:30,05F0439S,05F0494S,5,228,2
2025/09/01 03:35,05F0000S,05F0055S,31,228,10
2025/09/01 03:35,05F0000S,05F0055S,32,230,1
2025/09/01 03:35,05F0000S,05F0055S,41,0,0
2025/09/01 03:35,05F0000S,05F0055S,42,0,0
2025/09/01 03:35,05F0000S,05F0055S,5,0,0
2025/09/01 03:35,05F0055S,05F0287S,31,938,5
2025/09/01 03:35,05F0055S,05F0287S,32,860,4
2025/09/01 03:35,05F0055S,05F0287S,41,0,0
2025/09/01 03:35,05F0055S,05F0287S,42,0,0
2025/09/01 03:35,05F0055S,05F0287S,5,0,0
2025/09/01 03:35,05F0287S,05F0309S,31,84,3
2025/09/01 03:35,05F0287S,05F0309S,32,82,2
2025/09/01 03:35,05F0287S,05F0309S,41,0,0
2025/09/01 03:35,05F0287S,05F0309S,42,0,0
2025/09/01 03:35,05F0287S,05F0309S,5,0,0
2025/09/01 03:35,05F0309S,05F0439S,31,484,4
2025/09/01 03:35,05F0309S,05F0439S,32,452,1
2025/09/01 03:35,05F0309S,05F0439S,41,0,0
2025/09/01 03:35,05F0309S,05F0439S,42,563,1
2025/09/01 03:35,05F0309S,05F0439S,5,0,0
2025/09/01 03:35,05F0439S,05F0494S,31,202,4
2025/09/01 03:35,05F0439S,05F0494S,32,214,2
2025/09/01 03:35,05F0439S,05F0494S,41,0,0
2025/09/01 03:35,05F0439S,05F0494S,42,0,0
2025/09/01 03:35,05F0439S,05F0494S,5,230,2
2025/09/01 03:40,05F0000S,05F0055S,31,236,15
2025/09/01 03:40,05F0000S,05F0055S,32,231,5
2025/09/01 03:40,05F0000S,05F0055S,41,0,0
2025/09/01 03:40,05F0000S,05F0055S,42,0,0
2025/09/01 03:40,05F0000S,05F0055S,5,0,0
2025/09/01 03:40,05F0055S,05F0287S,31,936,7
2025/09/01 03:40,05F0055S,05F0287S,32,932,5
2025/09/01 03:40,05F0055S,05F0287S,41,0,0
2025/09/01 03:40,05F0055S,05F0287S,42,0,0
2025/09/01 03:40,05F0055S,05F0287S,5,0,0
2025/09/01 03:40,05F0287S,05F0309S,31,57,1
2025/09/01 03:40,05F0287S,05F0309S,32,73,2
2025/09/01 03:40,05F0287S,05F0309S,41,0,0
2025/09/01 03:40,05F0287S,05F0309S,42,0,0
2025/09/01 03:40,05F0287S,05F0309S,5,0,0
2025/09/01 03:40,05F0309S,05F0439S,31,465,6
2025/09/01 03:40,05F0309S,05F0439S,32,574,3
2025/09/01 03:40,05F0309S,05F0439S,41,0,0
2025/09/01 03:40,05F0309S,05F0439S,42,0,0
2025/09/01 03:40,05F0309S,05F0439S,5,544,2
2025/09/01 03:40,05F0439S,05F0494S,31,212,5
2025/09/01 03:40,05F0439S,05F0494S,32,206,2
2025/09/01 03:40,05F0439S,05F0494S,41,0,0
2025/09/01 03:40,05F0439S,05F0494S,42,238,1
2025/09/01 03:40,05F0439S,05F0494S,5,0,0
2025/09/01 03:45,05F0000S,05F0055S,31,219,7
2025/09/01 03:45,05F0000S,05F0055S,32,226,3
2025/09/01 03:45,05F0000S,05F0055S,41,0,0
2025/09/01 03:45,05F0000S,05F0055S,42,0,0
2025/09/01 03:45,05F0000S,05F0055S,5,0,0
2025/09/01 03:45,05F0055S,05F0287S,31,923,10
2025/09/01 03:45,05F0055S,05F0287S,32,900,3
2025/09/01 03:45,05F0055S,05F0287S,41,0,0
2025/09/01 03:45,05F0055S,05F0287S,42,0,0
2025/09/01 03:45,05F0055S,05F0287S,5,0,0
2025/09/01 03:45,05F0287S,05F0309S,31,85,9
2025/09/01 03:45,05F0287S,05F0309S,32,93,3
2025/09/01 03:45,05F0287S,05F0309S,41,0,0
2025/09/01 03:45,05F0287S,05F0309S,42,0,0
2025/09/01 03:45,05F0287S,05F0309S,5,0,0
2025/09/01 03:45,05F0309S,05F0439S,31,462,2
2025/09/01 03:45,05F0309S,05F0439S,32,425,3
2025/09/01 03:45,05F0309S,05F0439S,41,0,0
2025/09/01 03:45,05F0309S,05F0439S,42,0,0
2025/09/01 03:45,05F0309S,05F0439S,5,0,0
2025/09/01 03:45,05F0439S,05F0494S,31,194,2
2025/09/01 03:45,05F0439S,05F0494S,32,193,3
2025/09/01 03:45,05F0439S,05F0494S,41,0,0
2025/09/01 03:45,05F0439S,05F0494S,42,0,0
2025/09/01 03:45,05F0439S,05F0494S,5,231,2
2025/09/01 03:50,05F0000S,05F0055S,31,219,8
2025/09/01 03:50,05F0000S,05F0055S,32,232,4
2025/09/01 03:50,05F0000S,05F0055S,41,0,0
2025/09/01 03:50,05F0000S,05F0055S,42,0,0
2025/09/01 03:50,05F0000S,05F0055S,5,0,0
2025/09/01 03:50,05F0055S,05F0287S,31,939,13
2025/09/01 03:50,05F0055S,05F0287S,32,1081,5
2025/09/01 03:50,05F0055S,05F0287S,41,0,0
2025/09/01 03:50,05F0055S,05F0287S,42,0,0
2025/09/01 03:50,05F0055S,05F0287S,5,0,0
2025/09/01 03:50,05F0287S,05F0309S,31,88,5
2025/09/01 03:50,05F0287S,05F0309S,32,92,4
2025/09/01 03:50,05F0287S,05F0309S,41,0,0
2025/09/01 03:50,05F0287S,05F0309S,42,0,0
2025/09/01 03:50,05F0287S,05F0309S,5,0,0
2025/09/01 03:50,05F0309S,05F0439S,31,445,6
2025/09/01 03:50,05F0309S,05F0439S,32,0,0
2025/09/01 03:50,05F0309S,05F0439S,41,0,0
2025/09/01 03:50,05F0309S,05F0439S,42,539,5
2025/09/01 03:50,05F0309S,05F0439S,5,0,0
2025/09/01 03:50,05F0439S,05F0494S,31,185,2
2025/09/01 03:50,05F0439S,05F0494S,32,182,2
2025/09/01 03:50,05F0439S,05F0494S,41,0,0
2025/09/01 03:50,05F0439S,05F0494S,42,226,2
2025/09/01 03:50,05F0439S,05F0494S,5,0,0
2025/09/01 03:55,05F0000S,05F0055S,31,240,12
2025/09/01 03:55,05F0000S,05F0055S,32,277,4
2025/09/01 03:55,05F0000S,05F0055S,41,0,0
2025/09/01 03:55,05F0000S,05F0055S,42,0,0
2025/09/01 03:55,05F0000S,05F0055S,5,0,0
2025/09/01 03:55,05F0055S,05F0287S,31,936,12
2025/09/01 03:55,05F0055S,05F0287S,32,953,5
2025/09/01 03:55,05F0055S,05F0287S,41,0,0
2025/09/01 03:55,05F0055S,05F0287S,42,0,0
2025/09/01 03:55,05F0055S,05F0287S,5,0,0
2025/09/01 03:55,05F0287S,05F0309S,31,85,7
2025/09/01 03:55,05F0287S,05F0309S,32,86,1
2025/09/01 03:55,05F0287S,05F0309S,41,0,0
2025/09/01 03:55,05F0287S,05F0309S,42,0,0
2025/09/01 03:55,05F0287S,05F0309S,5,0,0
2025/09/01 03:55,05F0309S,05F0439S,31,497,3
2025/09/01 03:55,05F0309S,05F0439S,32,538,2
2025/09/01 03:55,05F0309S,05F0439S,41,0,0
2025/09/01 03:55,05F0309S,05F0439S,42,0,0
2025/09/01 03:55,05F0309S,05F0439S,5,0,0
2025/09/01 03:55,05F0439S,05F0494S,31,196,5
2025/09/01 03:55,05F0439S,05F0494S,32,212,2
2025/09/01 03:55,05F0439S,05F0494S,41,0,0
2025/09/01 03:55,05F0439S,05F0494S,42,232,3
2025/09/01 03:55,05F0439S,05F0494S,5,0,0
2025/09/01 04:00,05F0000S,05F0055S,31,229,11
2025/09/01 04:00,05F0000S,05F0055S,32,242,2
2025/09/01 04:00,05F0000S,05F0055S,41,0,0
2025/09/01 04:00,05F0000S,05F0055S,42,0,0
2025/09/01 04:00,05F0000S,05F0055S,5,0,0
2025/09/01 04:00,05F0055S,05F0287S,31,941,11
2025/09/01 04:00,05F0055S,05F0287S,32,954,4
2025/09/01 04:00,05F0055S,05F0287S,41,0,0
2025/09/01 04:00,05F0055S,05F0287S,42,0,0
2025/09/01 04:00,05F0055S,05F0287S,5,0,0
2025/09/01 04:00,05F0287S,05F0309S,31,86,12
2025/09/01 04:00,05F0287S,05F0309S,32,80,5
2025/09/01 04:00,05F0287S,05F0309S,41,0,0
2025/09/01 04:00,05F0287S,05F0309S,42,0,0
2025/09/01 04:00,05F0287S,05F0309S,5,0,0
2025/09/01 04:00,05F0309S,05F0439S,31,505,6
2025/09/01 04:00,05F0309S,05F0439S,32,504,4
2025/09/01 04:00,05F0309S,05F0439S,41,0,0
2025/09/01 04:00,05F0309S,05F0439S,42,474,1
2025/09/01 04:00,05F0309S,05F0439S,5,0,0
2025/09/01 04:00,05F0439S,05F0494S,31,204,3
2025/09/01 04:00,05F0439S,05F0494S,32,229,2
2025/09/01 04:00,05F0439S,05F0494S,41,0,0
2025/09/01 04:00,05F0439S,05F0494S,42,0,0
2025/09/01 04:00,05F0439S,05F0494S,5,0,0
2025/09/01 04:05,05F0000S,05F0055S,31,248,13
2025/09/01 04:05,05F0000S,05F0055S,32,251,6
2025/09/01 04:05,05F0000S,05F0055S,41,0,0
2025/09/01 04:05,05F0000S,05F0055S,42,0,0
2025/09/01 04:05,05F0000S,05F0055S,5,0,0
2025/09/01 04:05,05F0055S,05F0287S,31,923,8
2025/09/01 04:05,05F0055S,05F0287S,32,940,5
2025/09/01 04:05,05F0055S,05F0287S,41,0,0
2025/09/01 04:05,05F0055S,05F0287S,42,0,0
2025/09/01 04:05,05F0055S,05F0287S,5,0,0
2025/09/01 04:05,05F0287S,05F0309S,31,88,9
2025/09/01 04:05,05F0287S,05F0309S,32,85,2
2025/09/01 04:05,05F0287S,05F0309S,41,0,0
2025/09/01 04:05,05F0287S,05F0309S,42,0,0
2025/09/01 04:05,05F0287S,05F0309S,5,0,0
2025/09/01 04:05,05F0309S,05F0439S,31,492,6
2025/09/01 04:05,05F0309S,05F0439S,32,449,3
2025/09/01 04:05,05F0309S,05F0439S,41,0,0
2025/09/01 04:05,05F0309S,05F0439S,42,0,0
2025/09/01 04:05,05F0309S,05F0439S,5,522,2
2025/09/01 04:05,05F0439S,05F0494S,31,215,3
2025/09/01 04:05,05F0439S,05F0494S,32,215,3
2025/09/01 04:05,05F0439S,05F0494S,41,0,0
2025/09/01 04:05,05F0439S,05F0494S,42,0,0
2025/09/01 04:05,05F0439S,05F0494S,5,0,0
2025/09/01 04:10,05F0000S,05F0055S,31,231,14
2025/09/01 04:10,05F0000S,05F0055S,32,260,3
2025/09/01 04:10,05F0000S,05F0055S,41,0,0
2025/09/01 04:10,05F0000S,05F0055S,42,0,0
2025/09/01 04:10,05F0000S,05F0055S,5,0,0
2025/09/01 04:10,05F0055S,05F0287S,31,966,10
2025/09/01 04:10,05F0055S,05F0287S,32,967,4
2025/09/01 04:10,05F0055S,05F0287S,41,0,0
2025/09/01 04:10,05F0055S,05F0287S,42,0,0
2025/09/01 04:10,05F0055S,05F0287S,5,0,0
2025/09/01 04:10,05F0287S,05F0309S,31,91,3
2025/09/01 04:10,05F0287S,05F0309S,32,89,4
2025/09/01 04:10,05F0287S,05F0309S,41,0,0
2025/09/01 04:10,05F0287S,05F0309S,42,0,0
2025/09/01 04:10,05F0287S,05F0309S,5,0,0
2025/09/01 04:10,05F0309S,05F0439S,31,494,5
2025/09/01 04:10,05F0309S,05F0439S,32,467,3
2025/09/01 04:10,05F0309S,05F0439S,41,0,0
2025/09/01 04:10,05F0309S,05F0439S,42,0,0
2025/09/01 04:10,05F0309S,05F0439S,5,579,1
2025/09/01 04:10,05F0439S,05F0494S,31,213,2
2025/09/01 04:10,05F0439S,05F0494S,32,194,3
2025/09/01 04:10,05F0439S,05F0494S,41,0,0
2025/09/01 04:10,05F0439S,05F0494S,42,0,0
2025/09/01 04:10,05F0439S,05F0494S,5,229,2
2025/09/01 04:15,05F0000S,05F0055S,31,230,7
2025/09/01 04:15,05F0000S,05F0055S,32,228,12
2025/09/01 04:15,05F0000S,05F0055S,41,0,0
2025/09/01 04:15,05F0000S,05F0055S,42,0,0
2025/09/01 04:15,05F0000S,05F0055S,5,0,0
2025/09/01 04:15,05F0055S,05F0287S,31,930,14
2025/09/01 04:15,05F0055S,05F0287S,32,970,2
2025/09/01 04:15,05F0055S,05F0287S,41,0,0
2025/09/01 04:15,05F0055S,05F0287S,42,0,0
2025/09/01 04:15,05F0055S,05F0287S,5,0,0
2025/09/01 04:15,05F0287S,05F0309S,31,84,13
2025/09/01 04:15,05F0287S,05F0309S,32,92,4
2025/09/01 04:15,05F0287S,05F0309S,41,0,0
2025/09/01 04:15,05F0287S,05F0309S,42,0,0
2025/09/01 04:15,05F0287S,05F0309S,5,0,0
2025/09/01 04:15,05F0309S,05F0439S,31,504,5
2025/09/01 04:15,05F0309S,05F0439S,32,472,4
2025/09/01 04:15,05F0309S,05F0439S,41,0,0
2025/09/01 04:15,05F0309S,05F0439S,42,533,1
2025/09/01 04:15,05F0309S,05F0439S,5,528,2
2025/09/01 04:15,05F0439S,05F0494S,31,206,5
2025/09/01 04:15,05F0439S,05F0494S,32,200,2
2025/09/01 04:15,05F0439S,05F0494S,41,0,0
2025/09/01 04:15,05F0439S,05F0494S,42,226,1
2025/09/01 04:15,05F0439S,05F0494S,5,234,1
2025/09/01 04:20,05F0000S,05F0055S,31,233,13
2025/09/01 04:20,05F0000S,05F0055S,32,244,7
2025/09/01 04:20,05F0000S,05F0055S,41,0,0
2025/09/01 04:20,05F0000S,05F0055S,42,0,0
2025/09/01 04:20,05F0000S,05F0055S,5,0,0
2025/09/01 04:20,05F0055S,05F0287S,31,968,10
2025/09/01 04:20,05F0055S,05F0287S,32,944,4
2025/09/01 04:20,05F0055S,05F0287S,41,0,0
2025/09/01 04:20,05F0055S,05F0287S,42,0,0
2025/09/01 04:20,05F0055S,05F0287S,5,0,0
2025/09/01 04:20,05F0287S,05F0309S,31,91,6
2025/09/01 04:20,05F0287S,05F0309S,32,90,3
2025/09/01 04:20,05F0287S,05F0309S,41,0,0
2025/09/01 04:20,05F0287S,05F0309S,42,0,0
2025/09/01 04:20,05F0287S,05F0309S,5,0,0
2025/09/01 04:20,05F0309S,05F0439S,31,481,9
2025/09/01 04:20,05F0309S,05F0439S,32,493,1
2025/09/01 04:20,05F0309S,05F0439S,41,0,0
2025/09/01 04:20,05F0309S,05F0439S,42,0,0
2025/09/01 04:20,05F0309S,05F0439S,5,0,0
2025/09/01 04:20,05F0439S,05F0494S,31,208,5
2025/09/01 04:20,05F0439S,05F0494S,32,201,2
2025/09/01 04:20,05F0439S,05F0494S,41,0,0
2025/09/01 04:20,05F0439S,05F0494S,42,0,0
2025/09/01 04:20,05F0439S,05F0494S,5,213,1
2025/09/01 04:25,05F0000S,05F0055S,31,228,9
2025/09/01 04:25,05F0000S,05F0055S,32,240,7
2025/09/01 04:25,05F0000S,05F0055S,41,0,0
2025/09/01 04:25,05F0000S,05F0055S,42,0,0
2025/09/01 04:25,05F0000S,05F0055S,5,0,0
2025/09/01 04:25,05F0055S,05F0287S,31,955,16
2025/09/01 04:25,05F0055S,05F0287S,32,1025,5
2025/09/01 04:25,05F0055S,05F0287S,41,0,0
2025/09/01 04:25,05F0055S,05F0287S,42,0,0
2025/09/01 04:25,05F0055S,05F0287S,5,0,0
2025/09/01 04:25,05F0287S,05F0309S,31,84,9
2025/09/01 04:25,05F0287S,05F0309S,32,91,4
2025/09/01 04:25,05F0287S,05F0309S,41,0,0
2025/09/01 04:25,05F0287S,05F0309S,42,0,0
2025/09/01 04:25,05F0287S,05F0309S,5,0,0
2025/09/01 04:25,05F0309S,05F0439S,31,490,3
2025/09/01 04:25,05F0309S,05F0439S,32,533,3
2025/09/01 04:25,05F0309S,05F0439S,41,0,0
2025/09/01 04:25,05F0309S,05F0439S,42,574,1
2025/09/01 04:25,05F0309S,05F0439S,5,0,0
2025/09/01 04:25,05F0439S,05F0494S,31,212,3
2025/09/01 04:25,05F0439S,05F0494S,32,209,1
2025/09/01 04:25,05F0439S,05F0494S,41,0,0
2025/09/01 04:25,05F0439S,05F0494S,42,0,0
2025/09/01 04:25,05F0439S,05F0494S,5,0,0
2025/09/01 04:30,05F0000S,05F0055S,31,225,17
2025/09/01 04:30,05F0000S,05F0055S,32,231,5
2025/09/01 04:30,05F0000S,05F0055S,41,0,0
2025/09/01 04:30,05F0000S,05F0055S,42,0,0
2025/09/01 04:30,05F0000S,05F0055S,5,0,0
2025/09/01 04:30,05F0055S,05F0287S,31,934,8
2025/09/01 04:30,05F0055S,05F0287S,32,931,11
2025/09/01 04:30,05F0055S,05F0287S,41,0,0
2025/09/01 04:30,05F0055S,05F0287S,42,0,0
2025/09/01 04:30,05F0055S,05F0287S,5,0,0
2025/09/01 04:30,05F0287S,05F0309S,31,78,6
2025/09/01 04:30,05F0287S,05F0309S,32,85,3
2025/09/01 04:30,05F0287S,05F0309S,41,0,0
2025/09/01 04:30,05F0287S,05F0309S,42,0,0
2025/09/01 04:30,05F0287S,05F0309S,5,0,0
2025/09/01 04:30,05F0309S,05F0439S,31,512,3
2025/09/01 04:30,05F0309S,05F0439S,32,483,3
2025/09/01 04:30,05F0309S,05F0439S,41,0,0
2025/09/01 04:30,05F0309S,05F0439S,42,571,1
2025/09/01 04:30,05F0309S,05F0439S,5,499,1
2025/09/01 04:30,05F0439S,05F0494S,31,215,5
2025/09/01 04:30,05F0439S,05F0494S,32,226,2
2025/09/01 04:30,05F0439S,05F0494S,41,0,0
2025/09/01 04:30,05F0439S,05F0494S,42,239,1
2025/09/01 04:30,05F0439S,05F0494S,5,211,1
2025/09/01 04:35,05F0000S,05F0055S,31,231,18
2025/09/01 04:35,05F0000S,05F0055S,32,241,6
2025/09/01 04:35,05F0000S,05F0055S,41,0,0
2025/09/01 04:35,05F0000S,05F0055S,42,0,0
2025/09/01 04:35,05F0000S,05F0055S,5,0,0
2025/09/01 04:35,05F0055S,05F0287S,31,945,13
2025/09/01 04:35,05F0055S,05F0287S,32,955,10
2025/09/01 04:35,05F0055S,05F0287S,41,0,0
2025/09/01 04:35,05F0055S,05F0287S,42,0,0
2025/09/01 04:35,05F0055S,05F0287S,5,0,0
2025/09/01 04:35,05F0287S,05F0309S,31,88,4
2025/09/01 04:35,05F0287S,05F0309S,32,84,8
2025/09/01 04:35,05F0287S,05F0309S,41,0,0
2025/09/01 04:35,05F0287S,05F0309S,42,0,0
2025/09/01 04:35,05F0287S,05F0309S,5,0,0
2025/09/01 04:35,05F0309S,05F0439S,31,492,12
2025/09/01 04:35,05F0309S,05F0439S,32,522,4
2025/09/01 04:35,05F0309S,05F0439S,41,0,0
2025/09/01 04:35,05F0309S,05F0439S,42,0,0
2025/09/01 04:35,05F0309S,05F0439S,5,505,2
2025/09/01 04:35,05F0439S,05F0494S,31,212,6
2025/09/01 04:35,05F0439S,05F0494S,32,220,3
2025/09/01 04:35,05F0439S,05F0494S,41,0,0
2025/09/01 04:35,05F0439S,05F0494S,42,0,0
2025/09/01 04:35,05F0439S,05F0494S,5,0,0
2025/09/01 04:40,05F0000S,05F0055S,31,222,23
2025/09/01 04:40,05F0000S,05F0055S,32,244,3
2025/09/01 04:40,05F0000S,05F0055S,41,0,0
2025/09/01 04:40,05F0000S,05F0055S,42,0,0
2025/09/01 04:40,05F0000S,05F0055S,5,0,0
2025/09/01 04:40,05F0055S,05F0287S,31,885,13
2025/09/01 04:40,05F0055S,05F0287S,32,965,7
2025/09/01 04:40,05F0055S,05F0287S,41,0,0
2025/09/01 04:40,05F0055S,05F0287S,42,0,0
2025/09/01 04:40,05F0055S,05F0287S,5,0,0
2025/09/01 04:40,05F0287S,05F0309S,31,81,13
2025/09/01 04:40,05F0287S,05F0309S,32,90,7
2025/09/01 04:40,05F0287S,05F0309S,41,0,0
2025/09/01 04:40,05F0287S,05F0309S,42,0,0
2025/09/01 04:40,05F0287S,05F0309S,5,0,0
2025/09/01 04:40,05F0309S,05F0439S,31,467,3
2025/09/01 04:40,05F0309S,05F0439S,32,483,7
2025/09/01 04:40,05F0309S,05F0439S,41,0,0
2025/09/01 04:40,05F0309S,05F0439S,42,572,1
2025/09/01 04:40,05F0309S,05F0439S,5,524,3
2025/09/01 04:40,05F0439S,05F0494S,31,192,6
2025/09/01 04:40,05F0439S,05F0494S,32,214,3
2025/09/01 04:40,05F0439S,05F0494S,41,0,0
2025/09/01 04:40,05F0439S,05F0494S,42,0,0
2025/09/01 04:40,05F0439S,05F0494S,5,210,3
2025/09/01 04:45,05F0000S,05F0055S,31,240,19
2025/09/01 04:45,05F0000S,05F0055S,32,234,8
2025/09/01 04:45,05F0000S,05F0055S,41,0,0
2025/09/01 04:45,05F0000S,05F0055S,42,0,0
2025/09/01 04:45,05F0000S,05F0055S,5,0,0
2025/09/01 04:45,05F0055S,05F0287S,31,916,15
2025/09/01 04:45,05F0055S,05F0287S,32,929,9
2025/09/01 04:45,05F0055S,05F0287S,41,0,0
2025/09/01 04:45,05F0055S,05F0287S,42,0,0
2025/09/01 04:45,05F0055S,05F0287S,5,0,0
2025/09/01 04:45,05F0287S,05F0309S,31,74,7
2025/09/01 04:45,05F0287S,05F0309S,32,85,6
2025/09/01 04:45,05F0287S,05F0309S,41,0,0
2025/09/01 04:45,05F0287S,05F0309S,42,0,0
2025/09/01 04:45,05F0287S,05F0309S,5,0,0
2025/09/01 04:45,05F0309S,05F0439S,31,485,7
2025/09/01 04:45,05F0309S,05F0439S,32,466,7
2025/09/01 04:45,05F0309S,05F0439S,41,0,0
2025/09/01 04:45,05F0309S,05F0439S,42,565,1
2025/09/01 04:45,05F0309S,05F0439S,5,546,2
2025/09/01 04:45,05F0439S,05F0494S,31,212,2
2025/09/01 04:45,05F0439S,05F0494S,32,212,5
2025/09/01 04:45,05F0439S,05F0494S,41,0,0
2025/09/01 04:45,05F0439S,05F0494S,42,247,1
2025/09/01 04:45,05F0439S,05F0494S,5,221,3
2025/09/01 04:50,05F0000S,05F0055S,31,236,14
2025/09/01 04:50,05F0000S,05F0055S,32,240,13
2025/09/01 04:50,05F0000S,05F0055S,41,0,0
2025/09/01 04:50,05F0000S,05F0055S,42,0,0
2025/09/01 04:50,05F0000S,05F0055S,5,0,0
2025/09/01 04:50,05F0055S,05F0287S,31,924,20
2025/09/01 04:50,05F0055S,05F0287S,32,940,8
2025/09/01 04:50,05F0055S,05F0287S,41,0,0
2025/09/01 04:50,05F0055S,05F0287S,42,0,0
2025/09/01 04:50,05F0055S,05F0287S,5,0,0
2025/09/01 04:50,05F0287S,05F0309S,31,76,10
2025/09/01 04:50,05F0287S,05F0309S,32,86,7
2025/09/01 04:50,05F0287S,05F0309S,41,0,0
2025/09/01 04:50,05F0287S,05F0309S,42,0,0
2025/09/01 04:50,05F0287S,05F0309S,5,0,0
2025/09/01 04:50,05F0309S,05F0439S,31,439,12
2025/09/01 04:50,05F0309S,05F0439S,32,523,3
2025/09/01 04:50,05F0309S,05F0439S,41,0,0
2025/09/01 04:50,05F0309S,05F0439S,42,545,2
2025/09/01 04:50,05F0309S,05F0439S,5,553,1
2025/09/01 04:50,05F0439S,05F0494S,31,205,10
2025/09/01 04:50,05F0439S,05F0494S,32,204,5
2025/09/01 04:50,05F0439S,05F0494S,41,0,0
2025/09/01 04:50,05F0439S,05F0494S,42,223,3
2025/09/01 04:50,05F0439S,05F0494S,5,228,3
2025/09/01 04:55,05F0000S,05F0055S,31,230,25
2025/09/01 04:55,05F0000S,05F0055S,32,236,4
2025/09/01 04:55,05F0000S,05F0055S,41,0,0
2025/09/01 04:55,05F0000S,05F0055S,42,0,0
2025/09/01 04:55,05F0000S,05F0055S,5,0,0
2025/09/01 04:55,05F0055S,05F0287S,31,905,24
2025/09/01 04:55,05F0055S,05F0287S,32,959,3
2025/09/01 04:55,05F0055S,05F0287S,41,0,0
2025/09/01 04:55,05F0055S,05F0287S,42,0,0
2025/09/01 04:55,05F0055S,05F0287S,5,0,0
2025/09/01 04:55,05F0287S,05F0309S,31,83,13
2025/09/01 04:55,05F0287S,05F0309S,32,89,2
2025/09/01 04:55,05F0287S,05F0309S,41,0,0
2025/09/01 04:55,05F0287S,05F0309S,42,0,0
2025/09/01 04:55,05F0287S,05F0309S,5,0,0
2025/09/01 04:55,05F0309S,05F0439S,31,427,5
2025/09/01 04:55,05F0309S,05F0439S,32,514,1
2025/09/01 04:55,05F0309S,05F0439S,41,0,0
2025/09/01 04:55,05F0309S,05F0439S,42,521,1
2025/09/01 04:55,05F0309S,05F0439S,5,601,2
2025/09/01 04:55,05F0439S,05F0494S,31,171,5
2025/09/01 04:55,05F0439S,05F0494S,32,194,1
2025/09/01 04:55,05F0439S,05F0494S,41,0,0
2025/09/01 04:55,05F0439S,05F0494S,42,237,1
2025/09/01 04:55,05F0439S,05F0494S,5,252,2
2025/09/01 05:00,05F0000S,05F0055S,31,232,25
2025/09/01 05:00,05F0000S,05F0055S,32,240,11
2025/09/01 05:00,05F0000S,05F0055S,41,0,0
2025/09/01 05:00,05F0000S,05F0055S,42,0,0
2025/09/01 05:00,05F0000S,05F0055S,5,0,0
2025/09/01 05:00,05F0055S,05F0287S,31,949,15
2025/09/01 05:00,05F0055S,05F0287S,32,937,9
2025/09/01 05:00,05F0055S,05F0287S,41,0,0
2025/09/01 05:00,05F0055S,05F0287S,42,0,0
2025/09/01 05:00,05F0055S,05F0287S,5,0,0
2025/09/01 05:00,05F0287S,05F0309S,31,87,10
2025/09/01 05:00,05F0287S,05F0309S,32,88,5
2025/09/01 05:00,05F0287S,05F0309S,41,0,0
2025/09/01 05:00,05F0287S,05F0309S,42,0,0
2025/09/01 05:00,05F0287S,05F0309S,5,0,0
2025/09/01 05:00,05F0309S,05F0439S,31,468,5
2025/09/01 05:00,05F0309S,05F0439S,32,564,1
2025/09/01 05:00,05F0309S,05F0439S,41,0,0
2025/09/01 05:00,05F0309S,05F0439S,42,464,1
2025/09/01 05:00,05F0309S,05F0439S,5,0,0
2025/09/01 05:00,05F0439S,05F0494S,31,199,4
2025/09/01 05:00,05F0439S,05F0494S,32,211,1
2025/09/01 05:00,05F0439S,05F0494S,41,0,0
2025/09/01 05:00,05F0439S,05F0494S,42,0,0
2025/09/01 05:00,05F0439S,05F0494S,5,233,1
2025/09/01 05:05,05F0000S,05F0055S,31,227,16
2025/09/01 05:05,05F0000S,05F0055S,32,240,11
2025/09/01 05:05,05F0000S,05F0055S,41,232,1
2025/09/01 05:05,05F0000S,05F0055S,42,0,0
2025/09/01 05:05,05F0000S,05F0055S,5,0,0
2025/09/01 05:05,05F0055S,05F0287S,31,914,17
2025/09/01 05:05,05F0055S,05F0287S,32,898,11
2025/09/01 05:05,05F0055S,05F0287S,41,0,0
2025/09/01 05:05,05F0055S,05F0287S,42,0,0
2025/09/01 05:05,05F0055S,05F0287S,5,0,0
2025/09/01 05:05,05F0287S,05F0309S,31,85,10
2025/09/01 05:05,05F0287S,05F0309S,32,82,8
2025/09/01 05:05,05F0287S,05F0309S,41,0,0
2025/09/01 05:05,05F0287S,05F0309S,42,0,0
2025/09/01 05:05,05F0287S,05F0309S,5,0,0
2025/09/01 05:05,05F0309S,05F0439S,31,476,9
2025/09/01 05:05,05F0309S,05F0439S,32,512,3
2025/09/01 05:05,05F0309S,05F0439S,41,0,0
2025/09/01 05:05,05F0309S,05F0439S,42,510,1
2025/09/01 05:05,05F0309S,05F0439S,5,516,2
2025/09/01 05:05,05F0439S,05F0494S,31,208,4
2025/09/01 05:05,05F0439S,05F0494S,32,229,3
2025/09/01 05:05,05F0439S,05F0494S,41,0,0
2025/09/01 05:05,05F0439S,05F0494S,42,231,1
2025/09/01 05:05,05F0439S,05F0494S,5,0,0
2025/09/01 05:10,05F0000S,05F0055S,31,233,23
2025/09/01 05:10,05F0000S,05F0055S,32,240,5
2025/09/01 05:10,05F0000S,05F0055S,41,0,0
2025/09/01 05:10,05F0000S,05F0055S,42,0,0
2025/09/01 05:10,05F0000S,05F0055S,5,0,0
2025/09/01 05:10,05F0055S,05F0287S,31,942,28
2025/09/01 05:10,05F0055S,05F0287S,32,990,4
2025/09/01 05:10,05F0055S,05F0287S,41,0,0
2025/09/01 05:10,05F0055S,05F0287S,42,0,0
2025/09/01 05:10,05F0055S,05F0287S,5,0,0
2025/09/01 05:10,05F0287S,05F0309S,31,86,15
2025/09/01 05:10,05F0287S,05F0309S,32,88,5
2025/09/01 05:10,05F0287S,05F0309S,41,0,0
2025/09/01 05:10,05F0287S,05F0309S,42,0,0
2025/09/01 05:10,05F0287S,05F0309S,5,0,0
2025/09/01 05:10,05F0309S,05F0439S,31,494,10
2025/09/01 05:10,05F0309S,05F0439S,32,504,5
2025/09/01 05:10,05F0309S,05F0439S,41,0,0
2025/09/01 05:10,05F0309S,05F0439S,42,0,0
2025/09/01 05:10,05F0309S,05F0439S,5,488,7
2025/09/01 05:10,05F0439S,05F0494S,31,201,7
2025/09/01 05:10,05F0439S,05F0494S,32,211,3
2025/09/01 05:10,05F0439S,05F0494S,41,0,0
2025/09/01 05:10,05F0439S,05F0494S,42,217,1
2025/09/01 05:10,05F0439S,05F0494S,5,210,1
2025/09/01 05:15,05F0000S,05F0055S,31,237,21
2025/09/01 05:15,05F0000S,05F0055S,32,236,8
2025/09/01 05:15,05F0000S,05F0055S,41,0,0
2025/09/01 05:15,05F0000S,05F0055S,42,0,0
2025/09/01 05:15,05F0000S,05F0055S,5,0,0
2025/09/01 05:15,05F0055S,05F0287S,31,921,19
2025/09/01 05:15,05F0055S,05F0287S,32,961,9
2025/09/01 05:15,05F0055S,05F0287S,41,0,0
2025/09/01 05:15,05F0055S,05F0287S,42,0,0
2025/09/01 05:15,05F0055S,05F0287S,5,0,0
2025/09/01 05:15,05F0287S,05F0309S,31,86,9
2025/09/01 05:15,05F0287S,05F0309S,32,89,6
2025/09/01 05:15,05F0287S,05F0309S,41,0,0
2025/09/01 05:15,05F0287S,05F0309S,42,0,0
2025/09/01 05:15,05F0287S,05F0309S,5,0,0
2025/09/01 05:15,05F0309S,05F0439S,31,475,5
2025/09/01 05:15,05F0309S,05F0439S,32,477,9
2025/09/01 05:15,05F0309S,05F0439S,41,0,0
2025/09/01 05:15,05F0309S,05F0439S,42,544,2
2025/09/01 05:15,05F0309S,05F0439S,5,0,0
2025/09/01 05:15,05F0439S,05F0494S,31,216,7
2025/09/01 05:15,05F0439S,05F0494S,32,204,5
2025/09/01 05:15,05F0439S,05F0494S,41,0,0
2025/09/01 05:15,05F0439S,05F0494S,42,0,0
2025/09/01 05:15,05F0439S,05F0494S,5,208,4
2025/09/01 05:20,05F0000S,05F0055S,31,238,30
2025/09/01 05:20,05F0000S,05F0055S,32,244,18
2025/09/01 05:20,05F0000S,05F0055S,41,0,0
2025/09/01 05:20,05F0000S,05F0055S,42,0,0
2025/09/01 05:20,05F0000S,05F0055S,5,0,0
2025/09/01 05:20,05F0055S,05F0287S,31,914,23
2025/09/01 05:20,05F0055S,05F0287S,32,942,14
2025/09/01 05:20,05F0055S,05F0287S,41,0,0
2025/09/01 05:20,05F0055S,05F0287S,42,0,0
2025/09/01 05:20,05F0055S,05F0287S,5,0,0
2025/09/01 05:20,05F0287S,05F0309S,31,83,14
2025/09/01 05:20,05F0287S,05F0309S,32,83,8
2025/09/01 05:20,05F0287S,05F0309S,41,0,0
2025/09/01 05:20,05F0287S,05F0309S,42,0,0
2025/09/01 05:20,05F0287S,05F0309S,5,0,0
2025/09/01 05:20,05F0309S,05F0439S,31,486,10
2025/09/01 05:20,05F0309S,05F0439S,32,471,2
2025/09/01 05:20,05F0309S,05F0439S,41,0,0
2025/09/01 05:20,05F0309S,05F0439S,42,0,0
2025/09/01 05:20,05F0309S,05F0439S,5,524,2
2025/09/01 05:20,05F0439S,05F0494S,31,205,5
2025/09/01 05:20,05F0439S,05F0494S,32,208,7
2025/09/01 05:20,05F0439S,05F0494S,41,0,0
2025/09/01 05:20,05F0439S,05F0494S,42,220,1
2025/09/01 05:20,05F0439S,05F0494S,5,0,0
2025/09/01 05:25,05F0000S,05F0055S,31,233,24
2025/09/01 05:25,05F0000S,05F0055S,32,241,24
2025/09/01 05:25,05F0000S,05F0055S,41,0,0
2025/09/01 05:25,05F0000S,05F0055S,42,0,0
2025/09/01 05:25,05F0000S,05F0055S,5,0,0
2025/09/01 05:25,05F0055S,05F0287S,31,953,16
2025/09/01 05:25,05F0055S,05F0287S,32,965,7
2025/09/01 05:25,05F0055S,05F0287S,41,1002,1
2025/09/01 05:25,05F0055S,05F0287S,42,0,0
2025/09/01 05:25,05F0055S,05F0287S,5,0,0
2025/09/01 05:25,05F0287S,05F0309S,31,83,12
2025/09/01 05:25,05F0287S,05F0309S,32,91,7
2025/09/01 05:25,05F0287S,05F0309S,41,93,1
2025/09/01 05:25,05F0287S,05F0309S,42,0,0
2025/09/01 05:25,05F0287S,05F0309S,5,0,0
2025/09/01 05:25,05F0309S,05F0439S,31,460,4
2025/09/01 05:25,05F0309S,05F0439S,32,487,6
2025/09/01 05:25,05F0309S,05F0439S,41,0,0
2025/09/01 05:25,05F0309S,05F0439S,42,532,2
2025/09/01 05:25,05F0309S,05F0439S,5,0,0
2025/09/01 05:25,05F0439S,05F0494S,31,227,4
2025/09/01 05:25,05F0439S,05F0494S,32,206,2
2025/09/01 05:25,05F0439S,05F0494S,41,0,0
2025/09/01 05:25,05F0439S,05F0494S,42,185,1
2025/09/01 05:25,05F0439S,05F0494S,5,212,1
2025/09/01 05:30,05F0000S,05F0055S,31,231,34
2025/09/01 05:30,05F0000S,05F0055S,32,231,19
2025/09/01 05:30,05F0000S,05F0055S,41,244,1
2025/09/01 05:30,05F0000S,05F0055S,42,0,0
2025/09/01 05:30,05F0000S,05F0055S,5,0,0
2025/09/01 05:30,05F0055S,05F0287S,31,951,25
2025/09/01 05:30,05F0055S,05F0287S,32,951,10
2025/09/01 05:30,05F0055S,05F0287S,41,0,0
2025/09/01 05:30,05F0055S,05F0287S,42,0,0
2025/09/01 05:30,05F0055S,05F0287S,5,0,0
2025/09/01 05:30,05F0287S,05F0309S,31,86,12
2025/09/01 05:30,05F0287S,05F0309S,32,86,6
2025/09/01 05:30,05F0287S,05F0309S,41,0,0
2025/09/01 05:30,05F0287S,05F0309S,42,0,0
2025/09/01 05:30,05F0287S,05F0309S,5,0,0
2025/09/01 05:30,05F0309S,05F0439S,31,470,9
2025/09/01 05:30,05F0309S,05F0439S,32,515,4
2025/09/01 05:30,05F0309S,05F0439S,41,0,0
2025/09/01 05:30,05F0309S,05F0439S,42,649,1
2025/09/01 05:30,05F0309S,05F0439S,5,533,2
2025/09/01 05:30,05F0439S,05F0494S,31,194,6
2025/09/01 05:30,05F0439S,05F0494S,32,204,3
2025/09/01 05:30,05F0439S,05F0494S,41,0,0
2025/09/01 05:30,05F0439S,05F0494S,42,242,1
2025/09/01 05:30,05F0439S,05F0494S,5,0,0
2025/09/01 05:35,05F0000S,05F0055S,31,233,27
2025/09/01 05:35,05F0000S,05F0055S,32,243,17
2025/09/01 05:35,05F0000S,05F0055S,41,0,0
2025/09/01 05:35,05F0000S,05F0055S,42,0,0
2025/09/01 05:35,05F0000S,05F0055S,5,0,0
2025/09/01 05:35,05F0055S,05F0287S,31,943,27
2025/09/01 05:35,05F0055S,05F0287S,32,960,12
2025/09/01 05:35,05F0055S,05F0287S,41,0,0
2025/09/01 05:35,05F0055S,05F0287S,42,0,0
2025/09/01 05:35,05F0055S,05F0287S,5,0,0
2025/09/01 05:35,05F0287S,05F0309S,31,84,19
2025/09/01 05:35,05F0287S,05F0309S,32,82,11
2025/09/01 05:35,05F0287S,05F0309S,41,0,0
2025/09/01 05:35,05F0287S,05F0309S,42,0,0
2025/09/01 05:35,05F0287S,05F0309S,5,0,0
2025/09/01 05:35,05F0309S,05F0439S,31,472,12
2025/09/01 05:35,05F0309S,05F0439S,32,530,2
2025/09/01 05:35,05F0309S,05F0439S,41,0,0
2025/09/01 05:35,05F0309S,05F0439S,42,0,0
2025/09/01 05:35,05F0309S,05F0439S,5,504,4
2025/09/01 05:35,05F0439S,05F0494S,31,214,3
2025/09/01 05:35,05F0439S,05F0494S,32,901,2
2025/09/01 05:35,05F0439S,05F0494S,41,0,0
2025/09/01 05:35,05F0439S,05F0494S,42,0,0
2025/09/01 05:35,05F0439S,05F0494S,5,216,1
2025/09/01 05:40,05F0000S,05F0055S,31,232,45
2025/09/01 05:40,05F0000S,05F0055S,32,234,16
2025/09/01 05:40,05F0000S,05F0055S,41,0,0
2025/09/01 05:40,05F0000S,05F0055S,42,0,0
2025/09/01 05:40,05F0000S,05F0055S,5,0,0
2025/09/01 05:40,05F0055S,05F0287S,31,940,30
2025/09/01 05:40,05F0055S,05F0287S,32,951,24
2025/09/01 05:40,05F0055S,05F0287S,41,0,0
2025/09/01 05:40,05F0055S,05F0287S,42,0,0
2025/09/01 05:40,05F0055S,05F0287S,5,0,0
2025/09/01 05:40,05F0287S,05F0309S,31,85,15
2025/09/01 05:40,05F0287S,05F0309S,32,82,16
2025/09/01 05:40,05F0287S,05F0309S,41,0,0
2025/09/01 05:40,05F0287S,05F0309S,42,0,0
2025/09/01 05:40,05F0287S,05F0309S,5,0,0
2025/09/01 05:40,05F0309S,05F0439S,31,478,13
2025/09/01 05:40,05F0309S,05F0439S,32,478,5
2025/09/01 05:40,05F0309S,05F0439S,41,0,0
2025/09/01 05:40,05F0309S,05F0439S,42,569,1
2025/09/01 05:40,05F0309S,05F0439S,5,518,2
2025/09/01 05:40,05F0439S,05F0494S,31,208,13
2025/09/01 05:40,05F0439S,05F0494S,32,217,6
2025/09/01 05:40,05F0439S,05F0494S,41,0,0
2025/09/01 05:40,05F0439S,05F0494S,42,0,0
2025/09/01 05:40,05F0439S,05F0494S,5,214,4
2025/09/01 05:45,05F0000S,05F0055S,31,238,36
2025/09/01 05:45,05F0000S,05F0055S,32,247,14
2025/09/01 05:45,05F0000S,05F0055S,41,241,2
2025/09/01 05:45,05F0000S,05F0055S,42,0,0
2025/09/01 05:45,05F0000S,05F0055S,5,0,0
2025/09/01 05:45,05F0055S,05F0287S,31,941,35
2025/09/01 05:45,05F0055S,05F0287S,32,949,19
2025/09/01 05:45,05F0055S,05F0287S,41,0,0
2025/09/01 05:45,05F0055S,05F0287S,42,0,0
2025/09/01 05:45,05F0055S,05F0287S,5,0,0
2025/09/01 05:45,05F0287S,05F0309S,31,86,21
2025/09/01 05:45,05F0287S,05F0309S,32,87,16
2025/09/01 05:45,05F0287S,05F0309S,41,0,0
2025/09/01 05:45,05F0287S,05F0309S,42,0,0
2025/09/01 05:45,05F0287S,05F0309S,5,0,0
2025/09/01 05:45,05F0309S,05F0439S,31,478,21
2025/09/01 05:45,05F0309S,05F0439S,32,446,13
2025/09/01 05:45,05F0309S,05F0439S,41,0,0
2025/09/01 05:45,05F0309S,05F0439S,42,484,2
2025/09/01 05:45,05F0309S,05F0439S,5,496,4
2025/09/01 05:45,05F0439S,05F0494S,31,206,17
2025/09/01 05:45,05F0439S,05F0494S,32,198,5
2025/09/01 05:45,05F0439S,05F0494S,41,217,1
2025/09/01 05:45,05F0439S,05F0494S,42,216,1
2025/09/01 05:45,05F0439S,05F0494S,5,217,3
2025/09/01 05:50,05F0000S,05F0055S,31,232,36
2025/09/01 05:50,05F0000S,05F0055S,32,234,21
2025/09/01 05:50,05F0000S,05F0055S,41,0,0
2025/09/01 05:50,05F0000S,05F0055S,42,0,0
2025/09/01 05:50,05F0000S,05F0055S,5,0,0
2025/09/01 05:50,05F0055S,05F0287S,31,937,31
2025/09/01 05:50,05F0055S,05F0287S,32,961,18
2025/09/01 05:50,05F0055S,05F0287S,41,1087,1
2025/09/01 05:50,05F0055S,05F0287S,42,0,0
2025/09/01 05:50,05F0055S,05F0287S,5,0,0
2025/09/01 05:50,05F0287S,05F0309S,31,87,21
2025/09/01 05:50,05F0287S,05F0309S,32,89,11
2025/09/01 05:50,05F0287S,05F0309S,41,91,1
2025/09/01 05:50,05F0287S,05F0309S,42,0,0
2025/09/01 05:50,05F0287S,05F0309S,5,0,0
2025/09/01 05:50,05F0309S,05F0439S,31,466,13
2025/09/01 05:50,05F0309S,05F0439S,32,476,12
2025/09/01 05:50,05F0309S,05F0439S,41,0,0
2025/09/01 05:50,05F0309S,05F0439S,42,589,1
2025/09/01 05:50,05F0309S,05F0439S,5,0,0
2025/09/01 05:50,05F0439S,05F0494S,31,201,14
2025/09/01 05:50,05F0439S,05F0494S,32,195,9
2025/09/01 05:50,05F0439S,05F0494S,41,0,0
2025/09/01 05:50,05F0439S,05F0494S,42,0,0
2025/09/01 05:50,05F0439S,05F0494S,5,211,3
2025/09/01 05:55,05F0000S,05F0055S,31,231,40
2025/09/01 05:55,05F0000S,05F0055S,32,230,21
2025/09/01 05:55,05F0000S,05F0055S,41,0,0
2025/09/01 05:55,05F0000S,05F0055S,42,0,0
2025/09/01 05:55,05F0000S,05F0055S,5,0,0
2025/09/01 05:55,05F0055S,05F0287S,31,939,44
2025/09/01 05:55,05F0055S,05F0287S,32,943,14
2025/09/01 05:55,05F0055S,05F0287S,41,0,0
2025/09/01 05:55,05F0055S,05F0287S,42,0,0
2025/09/01 05:55,05F0055S,05F0287S,5,0,0
2025/09/01 05:55,05F0287S,05F0309S,31,84,23
2025/09/01 05:55,05F0287S,05F0309S,32,85,13
2025/09/01 05:55,05F0287S,05F0309S,41,0,0
2025/09/01 05:55,05F0287S,05F0309S,42,0,0
2025/09/01 05:55,05F0287S,05F0309S,5,0,0
2025/09/01 05:55,05F0309S,05F0439S,31,464,14
2025/09/01 05:55,05F0309S,05F0439S,32,461,13
2025/09/01 05:55,05F0309S,05F0439S,41,0,0
2025/09/01 05:55,05F0309S,05F0439S,42,514,2
2025/09/01 05:55,05F0309S,05F0439S,5,516,3
2025/09/01 05:55,05F0439S,05F0494S,31,196,11
2025/09/01 05:55,05F0439S,05F0494S,32,196,12
2025/09/01 05:55,05F0439S,05F0494S,41,0,0
2025/09/01 05:55,05F0439S,05F0494S,42,0,0
2025/09/01 05:55,05F0439S,05F0494S,5,0,0
2025/09/01 06:00,05F0000S,05F0055S,31,234,40
2025/09/01 06:00,05F0000S,05F0055S,32,240,21
2025/09/01 06:00,05F0000S,05F0055S,41,0,0
2025/09/01 06:00,05F0000S,05F0055S,42,0,0
2025/09/01 06:00,05F0000S,05F0055S,5,0,0
2025/09/01 06:00,05F0055S,05F0287S,31,944,39
2025/09/01 06:00,05F0055S,05F0287S,32,972,19
2025/09/01 06:00,05F0055S,05F0287S,41,972,2
2025/09/01 06:00,05F0055S,05F0287S,42,0,0
2025/09/01 06:00,05F0055S,05F0287S,5,0,0
2025/09/01 06:00,05F0287S,05F0309S,31,84,33
2025/09/01 06:00,05F0287S,05F0309S,32,85,13
2025/09/01 06:00,05F0287S,05F0309S,41,92,1
2025/09/01 06:00,05F0287S,05F0309S,42,0,0
2025/09/01 06:00,05F0287S,05F0309S,5,0,0
2025/09/01 06:00,05F0309S,05F0439S,31,482,14
2025/09/01 06:00,05F0309S,05F0439S,32,463,9
2025/09/01 06:00,05F0309S,05F0439S,41,0,0
2025/09/01 06:00,05F0309S,05F0439S,42,578,2
2025/09/01 06:00,05F0309S,05F0439S,5,541,6
2025/09/01 06:00,05F0439S,05F0494S,31,203,11
2025/09/01 06:00,05F0439S,05F0494S,32,220,7
2025/09/01 06:00,05F0439S,05F0494S,41,0,0
2025/09/01 06:00,05F0439S,05F0494S,42,205,1
2025/09/01 06:00,05F0439S,05F0494S,5,216,4
2025/09/01 06:05,05F0000S,05F0055S,31,230,43
2025/09/01 06:05,05F0000S,05F0055S,32,236,15
2025/09/01 06:05,05F0000S,05F0055S,41,241,3
2025/09/01 06:05,05F0000S,05F0055S,42,0,0
2025/09/01 06:05,05F0000S,05F0055S,5,0,0
2025/09/01 06:05,05F0055S,05F0287S,31,942,30
2025/09/01 06:05,05F0055S,05F0287S,32,942,19
2025/09/01 06:05,05F0055S,05F0287S,41,0,0
2025/09/01 06:05,05F0055S,05F0287S,42,0,0
2025/09/01 06:05,05F0055S,05F0287S,5,0,0
2025/09/01 06:05,05F0287S,05F0309S,31,84,21
2025/09/01 06:05,05F0287S,05F0309S,32,80,14
2025/09/01 06:05,05F0287S,05F0309S,41,0,0
2025/09/01 06:05,05F0287S,05F0309S,42,0,0
2025/09/01 06:05,05F0287S,05F0309S,5,0,0
2025/09/01 06:05,05F0309S,05F0439S,31,467,25
2025/09/01 06:05,05F0309S,05F0439S,32,480,10
2025/09/01 06:05,05F0309S,05F0439S,41,0,0
2025/09/01 06:05,05F0309S,05F0439S,42,506,2
2025/09/01 06:05,05F0309S,05F0439S,5,458,1
2025/09/01 06:05,05F0439S,05F0494S,31,187,16
2025/09/01 06:05,05F0439S,05F0494S,32,204,12
2025/09/01 06:05,05F0439S,05F0494S,41,0,0
2025/09/01 06:05,05F0439S,05F0494S,42,209,2
2025/09/01 06:05,05F0439S,05F0494S,5,222,4
2025/09/01 06:10,05F0000S,05F0055S,31,238,71
2025/09/01 06:10,05F0000S,05F0055S,32,249,17
2025/09/01 06:10,05F0000S,05F0055S,41,233,1
2025/09/01 06:10,05F0000S,05F0055S,42,0,0
2025/09/01 06:10,05F0000S,05F0055S,5,0,0
2025/09/01 06:10,05F0055S,05F0287S,31,951,40
2025/09/01 06:10,05F0055S,05F0287S,32,977,20
2025/09/01 06:10,05F0055S,05F0287S,41,0,0
2025/09/01 06:10,05F0055S,05F0287S,42,0,0
2025/09/01 06:10,05F0055S,05F0287S,5,0,0
2025/09/01 06:10,05F0287S,05F0309S,31,83,25
2025/09/01 06:10,05F0287S,05F0309S,32,94,12
2025/09/01 06:10,05F0287S,05F0309S,41,0,0
2025/09/01 06:10,05F0287S,05F0309S,42,0,0
2025/09/01 06:10,05F0287S,05F0309S,5,0,0
2025/09/01 06:10,05F0309S,05F0439S,31,470,25
2025/09/01 06:10,05F0309S,05F0439S,32,492,10
2025/09/01 06:10,05F0309S,05F0439S,41,0,0
2025/09/01 06:10,05F0309S,05F0439S,42,538,5
2025/09/01 06:10,05F0309S,05F0439S,5,542,2
2025/09/01 06:10,05F0439S,05F0494S,31,217,15
2025/09/01 06:10,05F0439S,05F0494S,32,208,7
2025/09/01 06:10,05F0439S,05F0494S,41,254,1
2025/09/01 06:10,05F0439S,05F0494S,42,244,1
2025/09/01 06:10,05F0439S,05F0494S,5,219,2
2025/09/01 06:15,05F0000S,05F0055S,31,239,49
2025/09/01 06:15,05F0000S,05F0055S,32,245,22
2025/09/01 06:15,05F0000S,05F0055S,41,222,1
2025/09/01 06:15,05F0000S,05F0055S,42,0,0
2025/09/01 06:15,05F0000S,05F0055S,5,0,0
2025/09/01 06:15,05F0055S,05F0287S,31,955,44
2025/09/01 06:15,05F0055S,05F0287S,32,944,20
2025/09/01 06:15,05F0055S,05F0287S,41,0,0
2025/09/01 06:15,05F0055S,05F0287S,42,0,0
2025/09/01 06:15,05F0055S,05F0287S,5,0,0
2025/09/01 06:15,05F0287S,05F0309S,31,86,26
2025/09/01 06:15,05F0287S,05F0309S,32,86,16
2025/09/01 06:15,05F0287S,05F0309S,41,0,0
2025/09/01 06:15,05F0287S,05F0309S,42,0,0
2025/09/01 06:15,05F0287S,05F0309S,5,0,0
2025/09/01 06:15,05F0309S,05F0439S,31,460,16
2025/09/01 06:15,05F0309S,05F0439S,32,471,6
2025/09/01 06:15,05F0309S,05F0439S,41,0,0
2025/09/01 06:15,05F0309S,05F0439S,42,556,1
2025/09/01 06:15,05F0309S,05F0439S,5,551,1
2025/09/01 06:15,05F0439S,05F0494S,31,208,9
2025/09/01 06:15,05F0439S,05F0494S,32,195,7
2025/09/01 06:15,05F0439S,05F0494S,41,0,0
2025/09/01 06:15,05F0439S,05F0494S,42,225,2
2025/09/01 06:15,05F0439S,05F0494S,5,229,2
2025/09/01 06:20,05F0000S,05F0055S,31,238,55
2025/09/01 06:20,05F0000S,05F0055S,32,243,28
2025/09/01 06:20,05F0000S,05F0055S,41,0,0
2025/09/01 06:20,05F0000S,05F0055S,42,0,0
2025/09/01 06:20,05F0000S,05F0055S,5,0,0
2025/09/01 06:20,05F0055S,05F0287S,31,952,52
2025/09/01 06:20,05F0055S,05F0287S,32,971,22
2025/09/01 06:20,05F0055S,05F0287S,41,974,3
2025/09/01 06:20,05F0055S,05F0287S,42,0,0
2025/09/01 06:20,05F0055S,05F0287S,5,0,0
2025/09/01 06:20,05F0287S,05F0309S,31,82,40
2025/09/01 06:20,05F0287S,05F0309S,32,88,18
2025/09/01 06:20,05F0287S,05F0309S,41,87,1
2025/09/01 06:20,05F0287S,05F0309S,42,0,0
2025/09/01 06:20,05F0287S,05F0309S,5,0,0
2025/09/01 06:20,05F0309S,05F0439S,31,480,16
2025/09/01 06:20,05F0309S,05F0439S,32,459,9
2025/09/01 06:20,05F0309S,05F0439S,41,0,0
2025/09/01 06:20,05F0309S,05F0439S,42,0,0
2025/09/01 06:20,05F0309S,05F0439S,5,533,5
2025/09/01 06:20,05F0439S,05F0494S,31,198,14
2025/09/01 06:20,05F0439S,05F0494S,32,212,2
2025/09/01 06:20,05F0439S,05F0494S,41,0,0
2025/09/01 06:20,05F0439S,05F0494S,42,0,0
2025/09/01 06:20,05F0439S,05F0494S,5,223,1
2025/09/01 06:25,05F0000S,05F0055S,31,234,61
2025/09/01 06:25,05F0000S,05F0055S,32,241,23
2025/09/01 06:25,05F0000S,05F0055S,41,240,1
2025/09/01 06:25,05F0000S,05F0055S,42,0,0
2025/09/01 06:25,05F0000S,05F0055S,5,0,0
2025/09/01 06:25,05F0055S,05F0287S,31,963,66
2025/09/01 06:25,05F0055S,05F0287S,32,996,15
2025/09/01 06:25,05F0055S,05F0287S,41,962,1
2025/09/01 06:25,05F0055S,05F0287S,42,0,0
2025/09/01 06:25,05F0055S,05F0287S,5,0,0
2025/09/01 06:25,05F0287S,05F0309S,31,84,32
2025/09/01 06:25,05F0287S,05F0309S,32,86,11
2025/09/01 06:25,05F0287S,05F0309S,41,93,1
2025/09/01 06:25,05F0287S,05F0309S,42,0,0
2025/09/01 06:25,05F0287S,05F0309S,5,0,0
2025/09/01 06:25,05F0309S,05F0439S,31,478,27
2025/09/01 06:25,05F0309S,05F0439S,32,496,12
2025/09/01 06:25,05F0309S,05F0439S,41,0,0
2025/09/01 06:25,05F0309S,05F0439S,42,0,0
2025/09/01 06:25,05F0309S,05F0439S,5,520,4
2025/09/01 06:25,05F0439S,05F0494S,31,200,21
2025/09/01 06:25,05F0439S,05F0494S,32,216,8
2025/09/01 06:25,05F0439S,05F0494S,41,0,0
2025/09/01 06:25,05F0439S,05F0494S,42,0,0
2025/09/01 06:25,05F0439S,05F0494S,5,224,3
2025/09/01 06:30,05F0000S,05F0055S,31,241,83
2025/09/01 06:30,05F0000S,05F0055S,32,244,33
2025/09/01 06:30,05F0000S,05F0055S,41,246,1
2025/09/01 06:30,05F0000S,05F0055S,42,0,0
2025/09/01 06:30,05F0000S,05F0055S,5,0,0
2025/09/01 06:30,05F0055S,05F0287S,31,963,53
2025/09/01 06:30,05F0055S,05F0287S,32,969,20
2025/09/01 06:30,05F0055S,05F0287S,41,0,0
2025/09/01 06:30,05F0055S,05F0287S,42,0,0
2025/09/01 06:30,05F0055S,05F0287S,5,0,0
2025/09/01 06:30,05F0287S,05F0309S,31,84,48
2025/09/01 06:30,05F0287S,05F0309S,32,88,13
2025/09/01 06:30,05F0287S,05F0309S,41,87,1
2025/09/01 06:30,05F0287S,05F0309S,42,0,0
2025/09/01 06:30,05F0287S,05F0309S,5,0,0
2025/09/01 06:30,05F0309S,05F0439S,31,464,29
2025/09/01 06:30,05F0309S,05F0439S,32,463,11
2025/09/01 06:30,05F0309S,05F0439S,41,0,0
2025/09/01 06:30,05F0309S,05F0439S,42,0,0
2025/09/01 06:30,05F0309S,05F0439S,5,0,0
2025/09/01 06:30,05F0439S,05F0494S,31,202,12
2025/09/01 06:30,05F0439S,05F0494S,32,211,10
2025/09/01 06:30,05F0439S,05F0494S,41,0,0
2025/09/01 06:30,05F0439S,05F0494S,42,234,1
2025/09/01 06:30,05F0439S,05F0494S,5,225,1
2025/09/01 06:35,05F0000S,05F0055S,31,241,68
2025/09/01 06:35,05F0000S,05F0055S,32,242,23
2025/09/01 06:35,05F0000S,05F0055S,41,254,1
2025/09/01 06:35,05F0000S,05F0055S,42,0,0
2025/09/01 06:35,05F0000S,05F0055S,5,0,0
2025/09/01 06:35,05F0055S,05F0287S,31,967,43
2025/09/01 06:35,05F0055S,05F0287S,32,975,25
2025/09/01 06:35,05F0055S,05F0287S,41,974,1
2025/09/01 06:35,05F0055S,05F0287S,42,0,0
2025/09/01 06:35,05F0055S,05F0287S,5,0,0
2025/09/01 06:35,05F0287S,05F0309S,31,84,38
2025/09/01 06:35,05F0287S,05F0309S,32,87,18
2025/09/01 06:35,05F0287S,05F0309S,41,91,1
2025/09/01 06:35,05F0287S,05F0309S,42,0,0
2025/09/01 06:35,05F0287S,05F0309S,5,0,0
2025/09/01 06:35,05F0309S,05F0439S,31,470,39
2025/09/01 06:35,05F0309S,05F0439S,32,507,8
2025/09/01 06:35,05F0309S,05F0439S,41,515,2
2025/09/01 06:35,05F0309S,05F0439S,42,616,1
2025/09/01 06:35,05F0309S,05F0439S,5,503,2
2025/09/01 06:35,05F0439S,05F0494S,31,182,19
2025/09/01 06:35,05F0439S,05F0494S,32,201,11
2025/09/01 06:35,05F0439S,05F0494S,41,0,0
2025/09/01 06:35,05F0439S,05F0494S,42,0,0
2025/09/01 06:35,05F0439S,05F0494S,5,0,0
2025/09/01 06:40,05F0000S,05F0055S,31,242,94
2025/09/01 06:40,05F0000S,05F0055S,32,243,27
2025/09/01 06:40,05F0000S,05F0055S,41,272,2
2025/09/01 06:40,05F0000S,05F0055S,42,0,0
2025/09/01 06:40,05F0000S,05F0055S,5,0,0
2025/09/01 06:40,05F0055S,05F0287S,31,961,78
2025/09/01 06:40,05F0055S,05F0287S,32,962,23
2025/09/01 06:40,05F0055S,05F0287S,41,0,0
2025/09/01 06:40,05F0055S,05F0287S,42,0,0
2025/09/01 06:40,05F0055S,05F0287S,5,0,0
2025/09/01 06:40,05F0287S,05F0309S,31,84,52
2025/09/01 06:40,05F0287S,05F0309S,32,84,22
2025/09/01 06:40,05F0287S,05F0309S,41,0,0
2025/09/01 06:40,05F0287S,05F0309S,42,0,0
2025/09/01 06:40,05F0287S,05F0309S,5,0,0
2025/09/01 06:40,05F0309S,05F0439S,31,480,26
2025/09/01 06:40,05F0309S,05F0439S,32,496,9
2025/09/01 06:40,05F0309S,05F0439S,41,0,0
2025/09/01 06:40,05F0309S,05F0439S,42,559,2
2025/09/01 06:40,05F0309S,05F0439S,5,500,1
2025/09/01 06:40,05F0439S,05F0494S,31,201,22
2025/09/01 06:40,05F0439S,05F0494S,32,205,12
2025/09/01 06:40,05F0439S,05F0494S,41,0,0
2025/09/01 06:40,05F0439S,05F0494S,42,0,0
2025/09/01 06:40,05F0439S,05F0494S,5,208,1
2025/09/01 06:45,05F0000S,05F0055S,31,251,80
2025/09/01 06:45,05F0000S,05F0055S,32,251,31
2025/09/01 06:45,05F0000S,05F0055S,41,265,1
2025/09/01 06:45,05F0000S,05F0055S,42,0,0
2025/09/01 06:45,05F0000S,05F0055S,5,0,0
2025/09/01 06:45,05F0055S,05F0287S,31,967,72
2025/09/01 06:45,05F0055S,05F0287S,32,969,33
2025/09/01 06:45,05F0055S,05F0287S,41,1022,1
2025/09/01 06:45,05F0055S,05F0287S,42,0,0
2025/09/01 06:45,05F0055S,05F0287S,5,0,0
2025/09/01 06:45,05F0287S,05F0309S,31,86,55
2025/09/01 06:45,05F0287S,05F0309S,32,87,24
2025/09/01 06:45,05F0287S,05F0309S,41,0,0
2025/09/01 06:45,05F0287S,05F0309S,42,0,0
2025/09/01 06:45,05F0287S,05F0309S,5,0,0
2025/09/01 06:45,05F0309S,05F0439S,31,469,36
2025/09/01 06:45,05F0309S,05F0439S,32,482,18
2025/09/01 06:45,05F0309S,05F0439S,41,516,1
2025/09/01 06:45,05F0309S,05F0439S,42,529,1
2025/09/01 06:45,05F0309S,05F0439S,5,531,7
2025/09/01 06:45,05F0439S,05F0494S,31,198,16
2025/09/01 06:45,05F0439S,05F0494S,32,213,8
2025/09/01 06:45,05F0439S,05F0494S,41,0,0
2025/09/01 06:45,05F0439S,05F0494S,42,228,1
2025/09/01 06:45,05F0439S,05F0494S,5,209,4
2025/09/01 06:50,05F0000S,05F0055S,31,249,79
2025/09/01 06:50,05F0000S,05F0055S,32,249,33
2025/09/01 06:50,05F0000S,05F0055S,41,255,2
2025/09/01 06:50,05F0000S,05F0055S,42,0,0
2025/09/01 06:50,05F0000S,05F0055S,5,0,0
2025/09/01 06:50,05F0055S,05F0287S,31,973,80
2025/09/01 06:50,05F0055S,05F0287S,32,973,29
2025/09/01 06:50,05F0055S,05F0287S,41,997,2
2025/09/01 06:50,05F0055S,05F0287S,42,0,0
2025/09/01 06:50,05F0055S,05F0287S,5,0,0
2025/09/01 06:50,05F0287S,05F0309S,31,86,56
2025/09/01 06:50,05F0287S,05F0309S,32,87,26
2025/09/01 06:50,05F0287S,05F0309S,41,92,1
2025/09/01 06:50,05F0287S,05F0309S,42,0,0
2025/09/01 06:50,05F0287S,05F0309S,5,0,0
2025/09/01 06:50,05F0309S,05F0439S,31,479,31
2025/09/01 06:50,05F0309S,05F0439S,32,492,10
2025/09/01 06:50,05F0309S,05F0439S,41,0,0
2025/09/01 06:50,05F0309S,05F0439S,42,0,0
2025/09/01 06:50,05F0309S,05F0439S,5,495,2
2025/09/01 06:50,05F0439S,05F0494S,31,199,30
2025/09/01 06:50,05F0439S,05F0494S,32,211,11
2025/09/01 06:50,05F0439S,05F0494S,41,0,0
2025/09/01 06:50,05F0439S,05F0494S,42,0,0
2025/09/01 06:50,05F0439S,05F0494S,5,227,6
2025/09/01 06:55,05F0000S,05F0055S,31,246,80
2025/09/01 06:55,05F0000S,05F0055S,32,244,30
2025/09/01 06:55,05F0000S,05F0055S,41,0,0
2025/09/01 06:55,05F0000S,05F0055S,42,0,0
2025/09/01 06:55,05F0000S,05F0055S,5,0,0
2025/09/01 06:55,05F0055S,05F0287S,31,1015,84
2025/09/01 06:55,05F0055S,05F0287S,32,1019,20
2025/09/01 06:55,05F0055S,05F0287S,41,1082,2
2025/09/01 06:55,05F0055S,05F0287S,42,0,0
2025/09/01 06:55,05F0055S,05F0287S,5,0,0
2025/09/01 06:55,05F0287S,05F0309S,31,85,53
2025/09/01 06:55,05F0287S,05F0309S,32,85,13
2025/09/01 06:55,05F0287S,05F0309S,41,0,0
2025/09/01 06:55,05F0287S,05F0309S,42,0,0
2025/09/01 06:55,05F0287S,05F0309S,5,0,0
2025/09/01 06:55,05F0309S,05F0439S,31,477,43
2025/09/01 06:55,05F0309S,05F0439S,32,480,19
2025/09/01 06:55,05F0309S,05F0439S,41,0,0
2025/09/01 06:55,05F0309S,05F0439S,42,530,2
2025/09/01 06:55,05F0309S,05F0439S,5,534,4
2025/09/01 06:55,05F0439S,05F0494S,31,203,31
2025/09/01 06:55,05F0439S,05F0494S,32,194,4
2025/09/01 06:55,05F0439S,05F0494S,41,0,0
2025/09/01 06:55,05F0439S,05F0494S,42,0,0
2025/09/01 06:55,05F0439S,05F0494S,5,221,1
2025/09/01 07:00,05F0000S,05F0055S,31,246,78
2025/09/01 07:00,05F0000S,05F0055S,32,247,42
2025/09/01 07:00,05F0000S,05F0055S,41,251,2
2025/09/01 07:00,05F0000S,05F0055S,42,0,0
2025/09/01 07:00,05F0000S,05F0055S,5,0,0
2025/09/01 07:00,05F0055S,05F0287S,31,1000,96
2025/09/01 07:00,05F0055S,05F0287S,32,994,30
2025/09/01 07:00,05F0055S,05F0287S,41,0,0
2025/09/01 07:00,05F0055S,05F0287S,42,0,0
2025/09/01 07:00,05F0055S,05F0287S,5,0,0
2025/09/01 07:00,05F0287S,05F0309S,31,87,78
2025/09/01 07:00,05F0287S,05F0309S,32,89,27
2025/09/01 07:00,05F0287S,05F0309S,41,86,2
2025/09/01 07:00,05F0287S,05F0309S,42,0,0
2025/09/01 07:00,05F0287S,05F0309S,5,0,0
2025/09/01 07:00,05F0309S,05F0439S,31,485,38
2025/09/01 07:00,05F0309S,05F0439S,32,479,18
2025/09/01 07:00,05F0309S,05F0439S,41,529,1
2025/09/01 07:00,05F0309S,05F0439S,42,539,1
2025/09/01 07:00,05F0309S,05F0439S,5,505,2
2025/09/01 07:00,05F0439S,05F0494S,31,202,43
2025/09/01 07:00,05F0439S,05F0494S,32,208,15
2025/09/01 07:00,05F0439S,05F0494S,41,0,0
2025/09/01 07:00,05F0439S,05F0494S,42,0,0
2025/09/01 07:00,05F0439S,05F0494S,5,0,0
2025/09/01 07:05,05F0000S,05F0055S,31,251,84
2025/09/01 07:05,05F0000S,05F0055S,32,256,35
2025/09/01 07:05,05F0000S,05F0055S,41,259,8
2025/09/01 07:05,05F0000S,05F0055S,42,0,0
2025/09/01 07:05,05F0000S,05F0055S,5,0,0
2025/09/01 07:05,05F0055S,05F0287S,31,999,85
2025/09/01 07:05,05F0055S,05F0287S,32,1012,31
2025/09/01 07:05,05F0055S,05F0287S,41,1029,1
2025/09/01 07:05,05F0055S,05F0287S,42,0,0
2025/09/01 07:05,05F0055S,05F0287S,5,0,0
2025/09/01 07:05,05F0287S,05F0309S,31,88,74
2025/09/01 07:05,05F0287S,05F0309S,32,87,27
2025/09/01 07:05,05F0287S,05F0309S,41,95,1
2025/09/01 07:05,05F0287S,05F0309S,42,0,0
2025/09/01 07:05,05F0287S,05F0309S,5,0,0
2025/09/01 07:05,05F0309S,05F0439S,31,495,56
2025/09/01 07:05,05F0309S,05F0439S,32,474,11
2025/09/01 07:05,05F0309S,05F0439S,41,506,1
2025/09/01 07:05,05F0309S,05F0439S,42,475,1
2025/09/01 07:05,05F0309S,05F0439S,5,516,1
2025/09/01 07:05,05F0439S,05F0494S,31,200,27
2025/09/01 07:05,05F0439S,05F0494S,32,208,11
2025/09/01 07:05,05F0439S,05F0494S,41,0,0
2025/09/01 07:05,05F0439S,05F0494S,42,0,0
2025/09/01 07:05,05F0439S,05F0494S,5,218,3
2025/09/01 07:10,05F0000S,05F0055S,31,248,89
2025/09/01 07:10,05F0000S,05F0055S,32,244,31
2025/09/01 07:10,05F0000S,05F0055S,41,272,1
2025/09/01 07:10,05F0000S,05F0055S,42,0,0
2025/09/01 07:10,05F0000S,05F0055S,5,0,0
2025/09/01 07:10,05F0055S,05F0287S,31,996,74
2025/09/01 07:10,05F0055S,05F0287S,32,1007,36
2025/09/01 07:10,05F0055S,05F0287S,41,1048,2
2025/09/01 07:10,05F0055S,05F0287S,42,0,0
2025/09/01 07:10,05F0055S,05F0287S,5,0,0
2025/09/01 07:10,05F0287S,05F0309S,31,86,64
2025/09/01 07:10,05F0287S,05F0309S,32,88,32
2025/09/01 07:10,05F0287S,05F0309S,41,94,2
2025/09/01 07:10,05F0287S,05F0309S,42,0,0
2025/09/01 07:10,05F0287S,05F0309S,5,0,0
2025/09/01 07:10,05F0309S,05F0439S,31,486,54
2025/09/01 07:10,05F0309S,05F0439S,32,507,14
2025/09/01 07:10,05F0309S,05F0439S,41,0,0
2025/09/01 07:10,05F0309S,05F0439S,42,547,3
2025/09/01 07:10,05F0309S,05F0439S,5,501,2
2025/09/01 07:10,05F0439S,05F0494S,31,201,42
2025/09/01 07:10,05F0439S,05F0494S,32,207,16
2025/09/01 07:10,05F0439S,05F0494S,41,0,0
2025/09/01 07:10,05F0439S,05F0494S,42,203,1
2025/09/01 07:10,05F0439S,05F0494S,5,0,0
2025/09/01 07:15,05F0000S,05F0055S,31,244,76
2025/09/01 07:15,05F0000S,05F0055S,32,245,31
2025/09/01 07:15,05F0000S,05F0055S,41,254,2
2025/09/01 07:15,05F0000S,05F0055S,42,262,1
2025/09/01 07:15,05F0000S,05F0055S,5,0,0
2025/09/01 07:15,05F0055S,05F0287S,31,978,74
2025/09/01 07:15,05F0055S,05F0287S,32,975,30
2025/09/01 07:15,05F0055S,05F0287S,41,1053,1
2025/09/01 07:15,05F0055S,05F0287S,42,0,0
2025/09/01 07:15,05F0055S,05F0287S,5,0,0
2025/09/01 07:15,05F0287S,05F0309S,31,87,61
2025/09/01 07:15,05F0287S,05F0309S,32,87,29
2025/09/01 07:15,05F0287S,05F0309S,41,0,0
2025/09/01 07:15,05F0287S,05F0309S,42,0,0
2025/09/01 07:15,05F0287S,05F0309S,5,0,0
2025/09/01 07:15,05F0309S,05F0439S,31,486,55
2025/09/01 07:15,05F0309S,05F0439S,32,498,17
2025/09/01 07:15,05F0309S,05F0439S,41,523,1
2025/09/01 07:15,05F0309S,05F0439S,42,572,1
2025/09/01 07:15,05F0309S,05F0439S,5,553,3
2025/09/01 07:15,05F0439S,05F0494S,31,204,46
2025/09/01 07:15,05F0439S,05F0494S,32,206,14
2025/09/01 07:15,05F0439S,05F0494S,41,234,1
2025/09/01 07:15,05F0439S,05F0494S,42,247,2
2025/09/01 07:15,05F0439S,05F0494S,5,211,5
2025/09/01 07:20,05F0000S,05F0055S,31,245,78
2025/09/01 07:20,05F0000S,05F0055S,32,250,31
2025/09/01 07:20,05F0000S,05F0055S,41,243,4
2025/09/01 07:20,05F0000S,05F0055S,42,0,0
2025/09/01 07:20,05F0000S,05F0055S,5,0,0
2025/09/01 07:20,05F0055S,05F0287S,31,1012,95
2025/09/01 07:20,05F0055S,05F0287S,32,1011,46
2025/09/01 07:20,05F0055S,05F0287S,41,1011,7
2025/09/01 07:20,05F0055S,05F0287S,42,0,0
2025/09/01 07:20,05F0055S,05F0287S,5,0,0
2025/09/01 07:20,05F0287S,05F0309S,31,88,60
2025/09/01 07:20,05F0287S,05F0309S,32,88,34
2025/09/01 07:20,05F0287S,05F0309S,41,91,3
2025/09/01 07:20,05F0287S,05F0309S,42,0,0
2025/09/01 07:20,05F0287S,05F0309S,5,0,0
2025/09/01 07:20,05F0309S,05F0439S,31,479,55
2025/09/01 07:20,05F0309S,05F0439S,32,480,35
2025/09/01 07:20,05F0309S,05F0439S,41,544,2
2025/09/01 07:20,05F0309S,05F0439S,42,548,1
2025/09/01 07:20,05F0309S,05F0439S,5,518,4
2025/09/01 07:20,05F0439S,05F0494S,31,202,62
2025/09/01 07:20,05F0439S,05F0494S,32,208,20
2025/09/01 07:20,05F0439S,05F0494S,41,0,0
2025/09/01 07:20,05F0439S,05F0494S,42,0,0
2025/09/01 07:20,05F0439S,05F0494S,5,221,2
2025/09/01 07:25,05F0000S,05F0055S,31,239,78
2025/09/01 07:25,05F0000S,05F0055S,32,248,32
2025/09/01 07:25,05F0000S,05F0055S,41,250,6
2025/09/01 07:25,05F0000S,05F0055S,42,0,0
2025/09/01 07:25,05F0000S,05F0055S,5,0,0
2025/09/01 07:25,05F0055S,05F0287S,31,1001,95
2025/09/01 07:25,05F0055S,05F0287S,32,1009,34
2025/09/01 07:25,05F0055S,05F0287S,41,1066,3
2025/09/01 07:25,05F0055S,05F0287S,42,0,0
2025/09/01 07:25,05F0055S,05F0287S,5,0,0
2025/09/01 07:25,05F0287S,05F0309S,31,86,69
2025/09/01 07:25,05F0287S,05F0309S,32,90,35
2025/09/01 07:25,05F0287S,05F0309S,41,95,4
2025/09/01 07:25,05F0287S,05F0309S,42,0,0
2025/09/01 07:25,05F0287S,05F0309S,5,0,0
2025/09/01 07:25,05F0309S,05F0439S,31,493,45
2025/09/01 07:25,05F0309S,05F0439S,32,494,29
2025/09/01 07:25,05F0309S,05F0439S,41,0,0
2025/09/01 07:25,05F0309S,05F0439S,42,536,4
2025/09/01 07:25,05F0309S,05F0439S,5,530,2
2025/09/01 07:25,05F0439S,05F0494S,31,205,59
2025/09/01 07:25,05F0439S,05F0494S,32,205,24
2025/09/01 07:25,05F0439S,05F0494S,41,0,0
2025/09/01 07:25,05F0439S,05F0494S,42,213,2
2025/09/01 07:25,05F0439S,05F0494S,5,202,4
2025/09/01 07:30,05F0000S,05F0055S,31,246,70
2025/09/01 07:30,05F0000S,05F0055S,32,252,29
2025/09/01 07:30,05F0000S,05F0055S,41,256,3
2025/09/01 07:30,05F0000S,05F0055S,42,0,0
2025/09/01 07:30,05F0000S,05F0055S,5,0,0
2025/09/01 07:30,05F0055S,05F0287S,31,986,93
2025/09/01 07:30,05F0055S,05F0287S,32,984,42
2025/09/01 07:30,05F0055S,05F0287S,41,1035,2
2025/09/01 07:30,05F0055S,05F0287S,42,0,0
2025/09/01 07:30,05F0055S,05F0287S,5,0,0
2025/09/01 07:30,05F0287S,05F0309S,31,84,74
2025/09/01 07:30,05F0287S,05F0309S,32,85,31
2025/09/01 07:30,05F0287S,05F0309S,41,92,1
2025/09/01 07:30,05F0287S,05F0309S,42,0,0
2025/09/01 07:30,05F0287S,05F0309S,5,0,0
2025/09/01 07:30,05F0309S,05F0439S,31,493,57
2025/09/01 07:30,05F0309S,05F0439S,32,496,35
2025/09/01 07:30,05F0309S,05F0439S,41,519,3
2025/09/01 07:30,05F0309S,05F0439S,42,549,5
2025/09/01 07:30,05F0309S,05F0439S,5,505,2
2025/09/01 07:30,05F0439S,05F0494S,31,202,63
2025/09/01 07:30,05F0439S,05F0494S,32,207,20
2025/09/01 07:30,05F0439S,05F0494S,41,0,0
2025/09/01 07:30,05F0439S,05F0494S,42,223,3
2025/09/01 07:30,05F0439S,05F0494S,5,215,1
2025/09/01 07:35,05F0000S,05F0055S,31,255,68
2025/09/01 07:35,05F0000S,05F0055S,32,247,22
2025/09/01 07:35,05F0000S,05F0055S,41,253,4
2025/09/01 07:35,05F0000S,05F0055S,42,0,0
2025/09/01 07:35,05F0000S,05F0055S,5,0,0
2025/09/01 07:35,05F0055S,05F0287S,31,984,81
2025/09/01 07:35,05F0055S,05F0287S,32,992,20
2025/09/01 07:35,05F0055S,05F0287S,41,1038,3
2025/09/01 07:35,05F0055S,05F0287S,42,1081,1
2025/09/01 07:35,05F0055S,05F0287S,5,0,0
2025/09/01 07:35,05F0287S,05F0309S,31,89,67
2025/09/01 07:35,05F0287S,05F0309S,32,90,16
2025/09/01 07:35,05F0287S,05F0309S,41,94,2
2025/09/01 07:35,05F0287S,05F0309S,42,90,1
2025/09/01 07:35,05F0287S,05F0309S,5,0,0
2025/09/01 07:35,05F0309S,05F0439S,31,478,55
2025/09/01 07:35,05F0309S,05F0439S,32,492,21
2025/09/01 07:35,05F0309S,05F0439S,41,0,0
2025/09/01 07:35,05F0309S,05F0439S,42,514,4
2025/09/01 07:35,05F0309S,05F0439S,5,520,7
2025/09/01 07:35,05F0439S,05F0494S,31,204,65
2025/09/01 07:35,05F0439S,05F0494S,32,213,24
2025/09/01 07:35,05F0439S,05F0494S,41,223,1
2025/09/01 07:35,05F0439S,05F0494S,42,214,4
2025/09/01 07:35,05F0439S,05F0494S,5,208,3
2025/09/01 07:40,05F0000S,05F0055S,31,241,65
2025/09/01 07:40,05F0000S,05F0055S,32,249,30
2025/09/01 07:40,05F0000S,05F0055S,41,252,4
2025/09/01 07:40,05F0000S,05F0055S,42,0,0
2025/09/01 07:40,05F0000S,05F0055S,5,0,0
2025/09/01 07:40,05F0055S,05F0287S,31,982,68
2025/09/01 07:40,05F0055S,05F0287S,32,995,28
2025/09/01 07:40,05F0055S,05F0287S,41,1020,2
2025/09/01 07:40,05F0055S,05F0287S,42,0,0
2025/09/01 07:40,05F0055S,05F0287S,5,0,0
2025/09/01 07:40,05F0287S,05F0309S,31,84,67
2025/09/01 07:40,05F0287S,05F0309S,32,86,28
2025/09/01 07:40,05F0287S,05F0309S,41,93,4
2025/09/01 07:40,05F0287S,05F0309S,42,0,0
2025/09/01 07:40,05F0287S,05F0309S,5,0,0
2025/09/01 07:40,05F0309S,05F0439S,31,481,62
2025/09/01 07:40,05F0309S,05F0439S,32,494,25
2025/09/01 07:40,05F0309S,05F0439S,41,498,1
2025/09/01 07:40,05F0309S,05F0439S,42,523,1
2025/09/01 07:40,05F0309S,05F0439S,5,487,3
2025/09/01 07:40,05F0439S,05F0494S,31,200,67
2025/09/01 07:40,05F0439S,05F0494S,32,203,14
2025/09/01 07:40,05F0439S,05F0494S,41,0,0
2025/09/01 07:40,05F0439S,05F0494S,42,228,2
2025/09/01 07:40,05F0439S,05F0494S,5,214,3
2025/09/01 07:45,05F0000S,05F0055S,31,241,66
2025/09/01 07:45,05F0000S,05F0055S,32,243,21
2025/09/01 07:45,05F0000S,05F0055S,41,249,4
2025/09/01 07:45,05F0000S,05F0055S,42,0,0
2025/09/01 07:45,05F0000S,05F0055S,5,0,0
2025/09/01 07:45,05F0055S,05F0287S,31,1000,98
2025/09/01 07:45,05F0055S,05F0287S,32,998,34
2025/09/01 07:45,05F0055S,05F0287S,41,1049,6
2025/09/01 07:45,05F0055S,05F0287S,42,0,0
2025/09/01 07:45,05F0055S,05F0287S,5,0,0
2025/09/01 07:45,05F0287S,05F0309S,31,88,54
2025/09/01 07:45,05F0287S,05F0309S,32,83,17
2025/09/01 07:45,05F0287S,05F0309S,41,93,6
2025/09/01 07:45,05F0287S,05F0309S,42,0,0
2025/09/01 07:45,05F0287S,05F0309S,5,0,0
2025/09/01 07:45,05F0309S,05F0439S,31,488,43
2025/09/01 07:45,05F0309S,05F0439S,32,461,12
2025/09/01 07:45,05F0309S,05F0439S,41,538,2
2025/09/01 07:45,05F0309S,05F0439S,42,523,3
2025/09/01 07:45,05F0309S,05F0439S,5,538,1
2025/09/01 07:45,05F0439S,05F0494S,31,199,58
2025/09/01 07:45,05F0439S,05F0494S,32,196,18
2025/09/01 07:45,05F0439S,05F0494S,41,0,0
2025/09/01 07:45,05F0439S,05F0494S,42,0,0
2025/09/01 07:45,05F0439S,05F0494S,5,204,3
2025/09/01 07:50,05F0000S,05F0055S,31,242,57
2025/09/01 07:50,05F0000S,05F0055S,32,243,24
2025/09/01 07:50,05F0000S,05F0055S,41,250,1
2025/09/01 07:50,05F0000S,05F0055S,42,0,0
2025/09/01 07:50,05F0000S,05F0055S,5,0,0
2025/09/01 07:50,05F0055S,05F0287S,31,982,61
2025/09/01 07:50,05F0055S,05F0287S,32,990,22
2025/09/01 07:50,05F0055S,05F0287S,41,1003,2
2025/09/01 07:50,05F0055S,05F0287S,42,0,0
2025/09/01 07:50,05F0055S,05F0287S,5,0,0
2025/09/01 07:50,05F0287S,05F0309S,31,82,48
2025/09/01 07:50,05F0287S,05F0309S,32,89,19
2025/09/01 07:50,05F0287S,05F0309S,41,92,2
2025/09/01 07:50,05F0287S,05F0309S,42,0,0
2025/09/01 07:50,05F0287S,05F0309S,5,0,0
2025/09/01 07:50,05F0309S,05F0439S,31,486,49
2025/09/01 07:50,05F0309S,05F0439S,32,499,18
2025/09/01 07:50,05F0309S,05F0439S,41,531,2
2025/09/01 07:50,05F0309S,05F0439S,42,0,0
2025/09/01 07:50,05F0309S,05F0439S,5,525,4
2025/09/01 07:50,05F0439S,05F0494S,31,198,42
2025/09/01 07:50,05F0439S,05F0494S,32,199,17
2025/09/01 07:50,05F0439S,05F0494S,41,228,2
2025/09/01 07:50,05F0439S,05F0494S,42,221,1
2025/09/01 07:50,05F0439S,05F0494S,5,228,1
2025/09/01 07:55,05F0000S,05F0055S,31,241,52
2025/09/01 07:55,05F0000S,05F0055S,32,247,26
2025/09/01 07:55,05F0000S,05F0055S,41,237,3
2025/09/01 07:55,05F0000S,05F0055S,42,0,0
2025/09/01 07:55,05F0000S,05F0055S,5,0,0
2025/09/01 07:55,05F0055S,05F0287S,31,997,74
2025/09/01 07:55,05F0055S,05F0287S,32,997,30
2025/09/01 07:55,05F0055S,05F0287S,41,1074,4
2025/09/01 07:55,05F0055S,05F0287S,42,0,0
2025/09/01 07:55,05F0055S,05F0287S,5,0,0
2025/09/01 07:55,05F0287S,05F0309S,31,87,61
2025/09/01 07:55,05F0287S,05F0309S,32,89,20
2025/09/01 07:55,05F0287S,05F0309S,41,93,3
2025/09/01 07:55,05F0287S,05F0309S,42,0,0
2025/09/01 07:55,05F0287S,05F0309S,5,0,0
2025/09/01 07:55,05F0309S,05F0439S,31,477,37
2025/09/01 07:55,05F0309S,05F0439S,32,474,17
2025/09/01 07:55,05F0309S,05F0439S,41,522,4
2025/09/01 07:55,05F0309S,05F0439S,42,482,1
2025/09/01 07:55,05F0309S,05F0439S,5,537,5
2025/09/01 07:55,05F0439S,05F0494S,31,201,46
2025/09/01 07:55,05F0439S,05F0494S,32,201,14
2025/09/01 07:55,05F0439S,05F0494S,41,211,1
2025/09/01 07:55,05F0439S,05F0494S,42,242,1
2025/09/01 07:55,05F0439S,05F0494S,5,223,7
2025/09/01 08:00,05F0000S,05F0055S,31,250,47
2025/09/01 08:00,05F0000S,05F0055S,32,245,25
2025/09/01 08:00,05F0000S,05F0055S,41,261,4
2025/09/01 08:00,05F0000S,05F0055S,42,0,0
2025/09/01 08:00,05F0000S,05F0055S,5,0,0
2025/09/01 08:00,05F0055S,05F0287S,31,967,73
2025/09/01 08:00,05F0055S,05F0287S,32,986,23
2025/09/01 08:00,05F0055S,05F0287S,41,1024,6
2025/09/01 08:00,05F0055S,05F0287S,42,0,0
2025/09/01 08:00,05F0055S,05F0287S,5,0,0
2025/09/01 08:00,05F0287S,05F0309S,31,85,56
2025/09/01 08:00,05F0287S,05F0309S,32,87,19
2025/09/01 08:00,05F0287S,05F0309S,41,94,3
2025/09/01 08:00,05F0287S,05F0309S,42,0,0
2025/09/01 08:00,05F0287S,05F0309S,5,0,0
2025/09/01 08:00,05F0309S,05F0439S,31,478,41
2025/09/01 08:00,05F0309S,05F0439S,32,471,11
2025/09/01 08:00,05F0309S,05F0439S,41,533,2
2025/09/01 08:00,05F0309S,05F0439S,42,504,1
2025/09/01 08:00,05F0309S,05F0439S,5,536,2
2025/09/01 08:00,05F0439S,05F0494S,31,194,27
2025/09/01 08:00,05F0439S,05F0494S,32,205,13
2025/09/01 08:00,05F0439S,05F0494S,41,224,1
2025/09/01 08:00,05F0439S,05F0494S,42,211,3
2025/09/01 08:00,05F0439S,05F0494S,5,212,2
2025/09/01 08:05,05F0000S,05F0055S,31,239,50
2025/09/01 08:05,05F0000S,05F0055S,32,242,24
2025/09/01 08:05,05F0000S,05F0055S,41,0,0
2025/09/01 08:05,05F0000S,05F0055S,42,0,0
2025/09/01 08:05,05F0000S,05F0055S,5,0,0
2025/09/01 08:05,05F0055S,05F0287S,31,985,78
2025/09/01 08:05,05F0055S,05F0287S,32,985,27
2025/09/01 08:05,05F0055S,05F0287S,41,1025,2
2025/09/01 08:05,05F0055S,05F0287S,42,0,0
2025/09/01 08:05,05F0055S,05F0287S,5,0,0
2025/09/01 08:05,05F0287S,05F0309S,31,88,51
2025/09/01 08:05,05F0287S,05F0309S,32,86,23
2025/09/01 08:05,05F0287S,05F0309S,41,91,3
2025/09/01 08:05,05F0287S,05F0309S,42,0,0
2025/09/01 08:05,05F0287S,05F0309S,5,0,0
2025/09/01 08:05,05F0309S,05F0439S,31,478,53
2025/09/01 08:05,05F0309S,05F0439S,32,494,25
2025/09/01 08:05,05F0309S,05F0439S,41,508,1
2025/09/01 08:05,05F0309S,05F0439S,42,0,0
2025/09/01 08:05,05F0309S,05F0439S,5,511,1
2025/09/01 08:05,05F0439S,05F0494S,31,204,37
2025/09/01 08:05,05F0439S,05F0494S,32,211,14
2025/09/01 08:05,05F0439S,05F0494S,41,215,1
2025/09/01 08:05,05F0439S,05F0494S,42,0,0
2025/09/01 08:05,05F0439S,05F0494S,5,241,1
2025/09/01 08:10,05F0000S,05F0055S,31,241,51
2025/09/01 08:10,05F0000S,05F0055S,32,249,15
2025/09/01 08:10,05F0000S,05F0055S,41,241,5
2025/09/01 08:10,05F0000S,05F0055S,42,0,0
2025/09/01 08:10,05F0000S,05F0055S,5,0,0
2025/09/01 08:10,05F0055S,05F0287S,31,979,60
2025/09/01 08:10,05F0055S,05F0287S,32,987,28
2025/09/01 08:10,05F0055S,05F0287S,41,1027,6
2025/09/01 08:10,05F0055S,05F0287S,42,0,0
2025/09/01 08:10,05F0055S,05F0287S,5,0,0
2025/09/01 08:10,05F0287S,05F0309S,31,86,60
2025/09/01 08:10,05F0287S,05F0309S,32,92,24
2025/09/01 08:10,05F0287S,05F0309S,41,92,6
2025/09/01 08:10,05F0287S,05F0309S,42,0,0
2025/09/01 08:10,05F0287S,05F0309S,5,0,0
2025/09/01 08:10,05F0309S,05F0439S,31,465,37
2025/09/01 08:10,05F0309S,05F0439S,32,493,14
2025/09/01 08:10,05F0309S,05F0439S,41,534,4
2025/09/01 08:10,05F0309S,05F0439S,42,581,3
2025/09/01 08:10,05F0309S,05F0439S,5,523,5
2025/09/01 08:10,05F0439S,05F0494S,31,201,37
2025/09/01 08:10,05F0439S,05F0494S,32,207,16
2025/09/01 08:10,05F0439S,05F0494S,41,0,0
2025/09/01 08:10,05F0439S,05F0494S,42,248,1
2025/09/01 08:10,05F0439S,05F0494S,5,223,3
2025/09/01 08:15,05F0000S,05F0055S,31,249,61
2025/09/01 08:15,05F0000S,05F0055S,32,249,26
2025/09/01 08:15,05F0000S,05F0055S,41,269,4
2025/09/01 08:15,05F0000S,05F0055S,42,0,0
2025/09/01 08:15,05F0000S,05F0055S,5,0,0
2025/09/01 08:15,05F0055S,05F0287S,31,1004,62
2025/09/01 08:15,05F0055S,05F0287S,32,1017,26
2025/09/01 08:15,05F0055S,05F0287S,41,995,2
2025/09/01 08:15,05F0055S,05F0287S,42,0,0
2025/09/01 08:15,05F0055S,05F0287S,5,0,0
2025/09/01 08:15,05F0287S,05F0309S,31,86,43
2025/09/01 08:15,05F0287S,05F0309S,32,89,24
2025/09/01 08:15,05F0287S,05F0309S,41,90,1
2025/09/01 08:15,05F0287S,05F0309S,42,0,0
2025/09/01 08:15,05F0287S,05F0309S,5,0,0
2025/09/01 08:15,05F0309S,05F0439S,31,483,49
2025/09/01 08:15,05F0309S,05F0439S,32,477,13
2025/09/01 08:15,05F0309S,05F0439S,41,521,1
2025/09/01 08:15,05F0309S,05F0439S,42,566,3
2025/09/01 08:15,05F0309S,05F0439S,5,515,5
2025/09/01 08:15,05F0439S,05F0494S,31,202,44
2025/09/01 08:15,05F0439S,05F0494S,32,201,8
2025/09/01 08:15,05F0439S,05F0494S,41,234,1
2025/09/01 08:15,05F0439S,05F0494S,42,0,0
2025/09/01 08:15,05F0439S,05F0494S,5,220,3
2025/09/01 08:20,05F0000S,05F0055S,31,250,51
2025/09/01 08:20,05F0000S,05F0055S,32,254,18
2025/09/01 08:20,05F0000S,05F0055S,41,256,4
2025/09/01 08:20,05F0000S,05F0055S,42,0,0
2025/09/01 08:20,05F0000S,05F0055S,5,0,0
2025/09/01 08:20,05F0055S,05F0287S,31,984,68
2025/09/01 08:20,05F0055S,05F0287S,32,989,36
2025/09/01 08:20,05F0055S,05F0287S,41,1068,4
2025/09/01 08:20,05F0055S,05F0287S,42,0,0
2025/09/01 08:20,05F0055S,05F0287S,5,0,0
2025/09/01 08:20,05F0287S,05F0309S,31,85,54
2025/09/01 08:20,05F0287S,05F0309S,32,87,32
2025/09/01 08:20,05F0287S,05F0309S,41,95,4
2025/09/01 08:20,05F0287S,05F0309S,42,0,0
2025/09/01 08:20,05F0287S,05F0309S,5,0,0
2025/09/01 08:20,05F0309S,05F0439S,31,500,38
2025/09/01 08:20,05F0309S,05F0439S,32,494,17
2025/09/01 08:20,05F0309S,05F0439S,41,520,4
2025/09/01 08:20,05F0309S,05F0439S,42,527,1
2025/09/01 08:20,05F0309S,05F0439S,5,490,5
2025/09/01 08:20,05F0439S,05F0494S,31,206,28
2025/09/01 08:20,05F0439S,05F0494S,32,210,12
2025/09/01 08:20,05F0439S,05F0494S,41,217,1
2025/09/01 08:20,05F0439S,05F0494S,42,225,2
2025/09/01 08:20,05F0439S,05F0494S,5,218,4
2025/09/01 08:25,05F0000S,05F0055S,31,248,44
2025/09/01 08:25,05F0000S,05F0055S,32,245,26
2025/09/01 08:25,05F0000S,05F0055S,41,246,7
2025/09/01 08:25,05F0000S,05F0055S,42,0,0
2025/09/01 08:25,05F0000S,05F0055S,5,0,0
2025/09/01 08:25,05F0055S,05F0287S,31,1015,67
2025/09/01 08:25,05F0055S,05F0287S,32,1017,22
2025/09/01 08:25,05F0055S,05F0287S,41,1073,5
2025/09/01 08:25,05F0055S,05F0287S,42,0,0
2025/09/01 08:25,05F0055S,05F0287S,5,0,0
2025/09/01 08:25,05F0287S,05F0309S,31,85,34
2025/09/01 08:25,05F0287S,05F0309S,32,87,15
2025/09/01 08:25,05F0287S,05F0309S,41,109,1
2025/09/01 08:25,05F0287S,05F0309S,42,0,0
2025/09/01 08:25,05F0287S,05F0309S,5,0,0
2025/09/01 08:25,05F0309S,05F0439S,31,484,39
2025/09/01 08:25,05F0309S,05F0439S,32,481,18
2025/09/01 08:25,05F0309S,05F0439S,41,516,1
2025/09/01 08:25,05F0309S,05F0439S,42,528,4
2025/09/01 08:25,05F0309S,05F0439S,5,511,3
2025/09/01 08:25,05F0439S,05F0494S,31,205,43
2025/09/01 08:25,05F0439S,05F0494S,32,214,11
2025/09/01 08:25,05F0439S,05F0494S,41,222,3
2025/09/01 08:25,05F0439S,05F0494S,42,231,1
2025/09/01 08:25,05F0439S,05F0494S,5,205,4
2025/09/01 08:30,05F0000S,05F0055S,31,248,59
2025/09/01 08:30,05F0000S,05F0055S,32,248,30
2025/09/01 08:30,05F0000S,05F0055S,41,246,6
2025/09/01 08:30,05F0000S,05F0055S,42,0,0
2025/09/01 08:30,05F0000S,05F0055S,5,0,0
2025/09/01 08:30,05F0055S,05F0287S,31,971,63
2025/09/01 08:30,05F0055S,05F0287S,32,982,32
2025/09/01 08:30,05F0055S,05F0287S,41,1004,4
2025/09/01 08:30,05F0055S,05F0287S,42,0,0
2025/09/01 08:30,05F0055S,05F0287S,5,0,0
2025/09/01 08:30,05F0287S,05F0309S,31,89,63
2025/09/01 08:30,05F0287S,05F0309S,32,89,28
2025/09/01 08:30,05F0287S,05F0309S,41,97,7
2025/09/01 08:30,05F0287S,05F0309S,42,0,0
2025/09/01 08:30,05F0287S,05F0309S,5,0,0
2025/09/01 08:30,05F0309S,05F0439S,31,477,38
2025/09/01 08:30,05F0309S,05F0439S,32,488,24
2025/09/01 08:30,05F0309S,05F0439S,41,548,3
2025/09/01 08:30,05F0309S,05F0439S,42,560,2
2025/09/01 08:30,05F0309S,05F0439S,5,0,0
2025/09/01 08:30,05F0439S,05F0494S,31,204,30
2025/09/01 08:30,05F0439S,05F0494S,32,196,9
2025/09/01 08:30,05F0439S,05F0494S,41,0,0
2025/09/01 08:30,05F0439S,05F0494S,42,212,2
2025/09/01 08:30,05F0439S,05F0494S,5,216,3
2025/09/01 08:35,05F0000S,05F0055S,31,239,42
2025/09/01 08:35,05F0000S,05F0055S,32,244,28
2025/09/01 08:35,05F0000S,05F0055S,41,241,8
2025/09/01 08:35,05F0000S,05F0055S,42,0,0
2025/09/01 08:35,05F0000S,05F0055S,5,0,0
2025/09/01 08:35,05F0055S,05F0287S,31,995,68
2025/09/01 08:35,05F0055S,05F0287S,32,1010,25
2025/09/01 08:35,05F0055S,05F0287S,41,997,4
2025/09/01 08:35,05F0055S,05F0287S,42,0,0
2025/09/01 08:35,05F0055S,05F0287S,5,0,0
2025/09/01 08:35,05F0287S,05F0309S,31,89,47
2025/09/01 08:35,05F0287S,05F0309S,32,90,17
2025/09/01 08:35,05F0287S,05F0309S,41,93,2
2025/09/01 08:35,05F0287S,05F0309S,42,0,0
2025/09/01 08:35,05F0287S,05F0309S,5,0,0
2025/09/01 08:35,05F0309S,05F0439S,31,500,37
2025/09/01 08:35,05F0309S,05F0439S,32,492,12
2025/09/01 08:35,05F0309S,05F0439S,41,573,3
2025/09/01 08:35,05F0309S,05F0439S,42,574,2
2025/09/01 08:35,05F0309S,05F0439S,5,509,2
2025/09/01 08:35,05F0439S,05F0494S,31,203,22
2025/09/01 08:35,05F0439S,05F0494S,32,209,13
2025/09/01 08:35,05F0439S,05F0494S,41,230,2
2025/09/01 08:35,05F0439S,05F0494S,42,0,0
2025/09/01 08:35,05F0439S,05F0494S,5,0,0
2025/09/01 08:40,05F0000S,05F0055S,31,247,45
2025/09/01 08:40,05F0000S,05F0055S,32,247,24
2025/09/01 08:40,05F0000S,05F0055S,41,256,7
2025/09/01 08:40,05F0000S,05F0055S,42,0,0
2025/09/01 08:40,05F0000S,05F0055S,5,0,0
2025/09/01 08:40,05F0055S,05F0287S,31,992,72
2025/09/01 08:40,05F0055S,05F0287S,32,984,21
2025/09/01 08:40,05F0055S,05F0287S,41,1011,6
2025/09/01 08:40,05F0055S,05F0287S,42,0,0
2025/09/01 08:40,05F0055S,05F0287S,5,0,0
2025/09/01 08:40,05F0287S,05F0309S,31,87,54
2025/09/01 08:40,05F0287S,05F0309S,32,87,16
2025/09/01 08:40,05F0287S,05F0309S,41,93,6
2025/09/01 08:40,05F0287S,05F0309S,42,0,0
2025/09/01 08:40,05F0287S,05F0309S,5,0,0
2025/09/01 08:40,05F0309S,05F0439S,31,488,30
2025/09/01 08:40,05F0309S,05F0439S,32,483,19
2025/09/01 08:40,05F0309S,05F0439S,41,525,2
2025/09/01 08:40,05F0309S,05F0439S,42,520,1
2025/09/01 08:40,05F0309S,05F0439S,5,487,2
2025/09/01 08:40,05F0439S,05F0494S,31,200,25
2025/09/01 08:40,05F0439S,05F0494S,32,212,5
2025/09/01 08:40,05F0439S,05F0494S,41,245,1
2025/09/01 08:40,05F0439S,05F0494S,42,234,1
2025/09/01 08:40,05F0439S,05F0494S,5,203,3
2025/09/01 08:45,05F0000S,05F0055S,31,240,40
2025/09/01 08:45,05F0000S,05F0055S,32,244,22
2025/09/01 08:45,05F0000S,05F0055S,41,248,6
2025/09/01 08:45,05F0000S,05F0055S,42,0,0
2025/09/01 08:45,05F0000S,05F0055S,5,0,0
2025/09/01 08:45,05F0055S,05F0287S,31,1011,62
2025/09/01 08:45,05F0055S,05F0287S,32,996,38
2025/09/01 08:45,05F0055S,05F0287S,41,1060,7
2025/09/01 08:45,05F0055S,05F0287S,42,0,0
2025/09/01 08:45,05F0055S,05F0287S,5,0,0
2025/09/01 08:45,05F0287S,05F0309S,31,86,43
2025/09/01 08:45,05F0287S,05F0309S,32,87,30
2025/09/01 08:45,05F0287S,05F0309S,41,94,4
2025/09/01 08:45,05F0287S,05F0309S,42,0,0
2025/09/01 08:45,05F0287S,05F0309S,5,0,0
2025/09/01 08:45,05F0309S,05F0439S,31,486,42
2025/09/01 08:45,05F0309S,05F0439S,32,497,20
2025/09/01 08:45,05F0309S,05F0439S,41,504,1
2025/09/01 08:45,05F0309S,05F0439S,42,530,2
2025/09/01 08:45,05F0309S,05F0439S,5,578,1
2025/09/01 08:45,05F0439S,05F0494S,31,204,13
2025/09/01 08:45,05F0439S,05F0494S,32,216,19
2025/09/01 08:45,05F0439S,05F0494S,41,219,1
2025/09/01 08:45,05F0439S,05F0494S,42,213,2
2025/09/01 08:45,05F0439S,05F0494S,5,0,0
2025/09/01 08:50,05F0000S,05F0055S,31,254,54
2025/09/01 08:50,05F0000S,05F0055S,32,244,25
2025/09/01 08:50,05F0000S,05F0055S,41,231,6
2025/09/01 08:50,05F0000S,05F0055S,42,0,0
2025/09/01 08:50,05F0000S,05F0055S,5,0,0
2025/09/01 08:50,05F0055S,05F0287S,31,994,83
2025/09/01 08:50,05F0055S,05F0287S,32,1005,44
2025/09/01 08:50,05F0055S,05F0287S,41,1027,6
2025/09/01 08:50,05F0055S,05F0287S,42,0,0
2025/09/01 08:50,05F0055S,05F0287S,5,0,0
2025/09/01 08:50,05F0287S,05F0309S,31,87,63
2025/09/01 08:50,05F0287S,05F0309S,32,88,27
2025/09/01 08:50,05F0287S,05F0309S,41,93,5
2025/09/01 08:50,05F0287S,05F0309S,42,0,0
2025/09/01 08:50,05F0287S,05F0309S,5,0,0
2025/09/01 08:50,05F0309S,05F0439S,31,482,34
2025/09/01 08:50,05F0309S,05F0439S,32,485,15
2025/09/01 08:50,05F0309S,05F0439S,41,529,4
2025/09/01 08:50,05F0309S,05F0439S,42,571,1
2025/09/01 08:50,05F0309S,05F0439S,5,503,3
2025/09/01 08:50,05F0439S,05F0494S,31,207,21
2025/09/01 08:50,05F0439S,05F0494S,32,211,11
2025/09/01 08:50,05F0439S,05F0494S,41,0,0
2025/09/01 08:50,05F0439S,05F0494S,42,241,2
2025/09/01 08:50,05F0439S,05F0494S,5,236,2
2025/09/01 08:55,05F0000S,05F0055S,31,249,60
2025/09/01 08:55,05F0000S,05F0055S,32,246,27
2025/09/01 08:55,05F0000S,05F0055S,41,252,8
2025/09/01 08:55,05F0000S,05F0055S,42,0,0
2025/09/01 08:55,05F0000S,05F0055S,5,0,0
2025/09/01 08:55,05F0055S,05F0287S,31,982,54
2025/09/01 08:55,05F0055S,05F0287S,32,1002,36
2025/09/01 08:55,05F0055S,05F0287S,41,1050,11
2025/09/01 08:55,05F0055S,05F0287S,42,0,0
2025/09/01 08:55,05F0055S,05F0287S,5,0,0
2025/09/01 08:55,05F0287S,05F0309S,31,86,40
2025/09/01 08:55,05F0287S,05F0309S,32,88,32
2025/09/01 08:55,05F0287S,05F0309S,41,92,4
2025/09/01 08:55,05F0287S,05F0309S,42,0,0
2025/09/01 08:55,05F0287S,05F0309S,5,0,0
2025/09/01 08:55,05F0309S,05F0439S,31,479,39
2025/09/01 08:55,05F0309S,05F0439S,32,489,22
2025/09/01 08:55,05F0309S,05F0439S,41,522,4
2025/09/01 08:55,05F0309S,05F0439S,42,568,3
2025/09/01 08:55,05F0309S,05F0439S,5,527,4
2025/09/01 08:55,05F0439S,05F0494S,31,202,22
2025/09/01 08:55,05F0439S,05F0494S,32,208,15
2025/09/01 08:55,05F0439S,05F0494S,41,0,0
2025/09/01 08:55,05F0439S,05F0494S,42,226,2
2025/09/01 08:55,05F0439S,05F0494S,5,210,5
2025/09/01 09:00,05F0000S,05F0055S,31,250,61
2025/09/01 09:00,05F0000S,05F0055S,32,251,39
2025/09/01 09:00,05F0000S,05F0055S,41,255,5
2025/09/01 09:00,05F0000S,05F0055S,42,245,1
2025/09/01 09:00,05F0000S,05F0055S,5,0,0
2025/09/01 09:00,05F0055S,05F0287S,31,988,57
2025/09/01 09:00,05F0055S,05F0287S,32,983,26
2025/09/01 09:00,05F0055S,05F0287S,41,1029,9
2025/09/01 09:00,05F0055S,05F0287S,42,0,0
2025/09/01 09:00,05F0055S,05F0287S,5,0,0
2025/09/01 09:00,05F0287S,05F0309S,31,88,43
2025/09/01 09:00,05F0287S,05F0309S,32,89,25
2025/09/01 09:00,05F0287S,05F0309S,41,96,8
2025/09/01 09:00,05F0287S,05F0309S,42,0,0
2025/09/01 09:00,05F0287S,05F0309S,5,0,0
2025/09/01 09:00,05F0309S,05F0439S,31,464,36
2025/09/01 09:00,05F0309S,05F0439S,32,480,21
2025/09/01 09:00,05F0309S,05F0439S,41,531,2
2025/09/01 09:00,05F0309S,05F0439S,42,0,0
2025/09/01 09:00,05F0309S,05F0439S,5,563,1
2025/09/01 09:00,05F0439S,05F0494S,31,203,27
2025/09/01 09:00,05F0439S,05F0494S,32,197,15
2025/09/01 09:00,05F0439S,05F0494S,41,222,1
2025/09/01 09:00,05F0439S,05F0494S,42,233,2
2025/09/01 09:00,05F0439S,05F0494S,5,217,5
2025/09/01 09:05,05F0000S,05F0055S,31,254,73
2025/09/01 09:05,05F0000S,05F0055S,32,258,23
2025/09/01 09:05,05F0000S,05F0055S,41,259,15
2025/09/01 09:05,05F0000S,05F0055S,42,0,0
2025/09/01 09:05,05F0000S,05F0055S,5,0,0
2025/09/01 09:05,05F0055S,05F0287S,31,973,51
2025/09/01 09:05,05F0055S,05F0287S,32,977,25
2025/09/01 09:05,05F0055S,05F0287S,41,1034,7
2025/09/01 09:05,05F0055S,05F0287S,42,0,0
2025/09/01 09:05,05F0055S,05F0287S,5,0,0
2025/09/01 09:05,05F0287S,05F0309S,31,88,43
2025/09/01 09:05,05F0287S,05F0309S,32,89,23
2025/09/01 09:05,05F0287S,05F0309S,41,92,5
2025/09/01 09:05,05F0287S,05F0309S,42,0,0
2025/09/01 09:05,05F0287S,05F0309S,5,0,0
2025/09/01 09:05,05F0309S,05F0439S,31,485,22
2025/09/01 09:05,05F0309S,05F0439S,32,497,19
2025/09/01 09:05,05F0309S,05F0439S,41,511,3
2025/09/01 09:05,05F0309S,05F0439S,42,0,0
2025/09/01 09:05,05F0309S,05F0439S,5,566,3
2025/09/01 09:05,05F0439S,05F0494S,31,199,20
2025/09/01 09:05,05F0439S,05F0494S,32,205,12
2025/09/01 09:05,05F0439S,05F0494S,41,206,1
2025/09/01 09:05,05F0439S,05F0494S,42,0,0
2025/09/01 09:05,05F0439S,05F0494S,5,227,2
2025/09/01 09:10,05F0000S,05F0055S,31,261,78
2025/09/01 09:10,05F0000S,05F0055S,32,269,36
2025/09/01 09:10,05F0000S,05F0055S,41,851,2
2025/09/01 09:10,05F0000S,05F0055S,42,0,0
2025/09/01 09:10,05F0000S,05F0055S,5,0,0
2025/09/01 09:10,05F0055S,05F0287S,31,1016,78
2025/09/01 09:10,05F0055S,05F0287S,32,1014,40
2025/09/01 09:10,05F0055S,05F0287S,41,1052,4
2025/09/01 09:10,05F0055S,05F0287S,42,0,0
2025/09/01 09:10,05F0055S,05F0287S,5,0,0
2025/09/01 09:10,05F0287S,05F0309S,31,90,51
2025/09/01 09:10,05F0287S,05F0309S,32,89,27
2025/09/01 09:10,05F0287S,05F0309S,41,91,5
2025/09/01 09:10,05F0287S,05F0309S,42,0,0
2025/09/01 09:10,05F0287S,05F0309S,5,0,0
2025/09/01 09:10,05F0309S,05F0439S,31,490,34
2025/09/01 09:10,05F0309S,05F0439S,32,481,13
2025/09/01 09:10,05F0309S,05F0439S,41,516,8
2025/09/01 09:10,05F0309S,05F0439S,42,556,3
2025/09/01 09:10,05F0309S,05F0439S,5,507,4
2025/09/01 09:10,05F0439S,05F0494S,31,207,14
2025/09/01 09:10,05F0439S,05F0494S,32,208,11
2025/09/01 09:10,05F0439S,05F0494S,41,0,0
2025/09/01 09:10,05F0439S,05F0494S,42,0,0
2025/09/01 09:10,05F0439S,05F0494S,5,235,2
2025/09/01 09:15,05F0000S,05F0055S,31,251,75
2025/09/01 09:15,05F0000S,05F0055S,32,253,28
2025/09/01 09:15,05F0000S,05F0055S,41,244,7
2025/09/01 09:15,05F0000S,05F0055S,42,0,0
2025/09/01 09:15,05F0000S,05F0055S,5,0,0
2025/09/01 09:15,05F0055S,05F0287S,31,997,91
2025/09/01 09:15,05F0055S,05F0287S,32,1006,36
2025/09/01 09:15,05F0055S,05F0287S,41,1050,5
2025/09/01 09:15,05F0055S,05F0287S,42,1147,1
2025/09/01 09:15,05F0055S,05F0287S,5,0,0
2025/09/01 09:15,05F0287S,05F0309S,31,88,71
2025/09/01 09:15,05F0287S,05F0309S,32,89,32
2025/09/01 09:15,05F0287S,05F0309S,41,93,6
2025/09/01 09:15,05F0287S,05F0309S,42,0,0
2025/09/01 09:15,05F0287S,05F0309S,5,0,0
2025/09/01 09:15,05F0309S,05F0439S,31,484,27
2025/09/01 09:15,05F0309S,05F0439S,32,504,14
2025/09/01 09:15,05F0309S,05F0439S,41,525,3
2025/09/01 09:15,05F0309S,05F0439S,42,521,1
2025/09/01 09:15,05F0309S,05F0439S,5,520,10
2025/09/01 09:15,05F0439S,05F0494S,31,213,12
2025/09/01 09:15,05F0439S,05F0494S,32,207,14
2025/09/01 09:15,05F0439S,05F0494S,41,221,4
2025/09/01 09:15,05F0439S,05F0494S,42,240,1
2025/09/01 09:15,05F0439S,05F0494S,5,218,4
2025/09/01 09:20,05F0000S,05F0055S,31,258,75
2025/09/01 09:20,05F0000S,05F0055S,32,257,31
2025/09/01 09:20,05F0000S,05F0055S,41,265,11
2025/09/01 09:20,05F0000S,05F0055S,42,0,0
2025/09/01 09:20,05F0000S,05F0055S,5,0,0
2025/09/01 09:20,05F0055S,05F0287S,31,1021,95
2025/09/01 09:20,05F0055S,05F0287S,32,1023,32
2025/09/01 09:20,05F0055S,05F0287S,41,1017,7
2025/09/01 09:20,05F0055S,05F0287S,42,0,0
2025/09/01 09:20,05F0055S,05F0287S,5,0,0
2025/09/01 09:20,05F0287S,05F0309S,31,87,60
2025/09/01 09:20,05F0287S,05F0309S,32,90,28
2025/09/01 09:20,05F0287S,05F0309S,41,92,6
2025/09/01 09:20,05F0287S,05F0309S,42,91,1
2025/09/01 09:20,05F0287S,05F0309S,5,0,0
2025/09/01 09:20,05F0309S,05F0439S,31,487,48
2025/09/01 09:20,05F0309S,05F0439S,32,487,24
2025/09/01 09:20,05F0309S,05F0439S,41,514,1
2025/09/01 09:20,05F0309S,05F0439S,42,0,0
2025/09/01 09:20,05F0309S,05F0439S,5,559,4
2025/09/01 09:20,05F0439S,05F0494S,31,212,18
2025/09/01 09:20,05F0439S,05F0494S,32,214,10
2025/09/01 09:20,05F0439S,05F0494S,41,0,0
2025/09/01 09:20,05F0439S,05F0494S,42,231,1
2025/09/01 09:20,05F0439S,05F0494S,5,212,8
2025/09/01 09:25,05F0000S,05F0055S,31,254,69
2025/09/01 09:25,05F0000S,05F0055S,32,252,35
2025/09/01 09:25,05F0000S,05F0055S,41,268,5
2025/09/01 09:25,05F0000S,05F0055S,42,0,0
2025/09/01 09:25,05F0000S,05F0055S,5,0,0
2025/09/01 09:25,05F0055S,05F0287S,31,1046,87
2025/09/01 09:25,05F0055S,05F0287S,32,1058,45
2025/09/01 09:25,05F0055S,05F0287S,41,1087,12
2025/09/01 09:25,05F0055S,05F0287S,42,0,0
2025/09/01 09:25,05F0055S,05F0287S,5,0,0
2025/09/01 09:25,05F0287S,05F0309S,31,86,62
2025/09/01 09:25,05F0287S,05F0309S,32,87,26
2025/09/01 09:25,05F0287S,05F0309S,41,92,11
2025/09/01 09:25,05F0287S,05F0309S,42,0,0
2025/09/01 09:25,05F0287S,05F0309S,5,0,0
2025/09/01 09:25,05F0309S,05F0439S,31,491,39
2025/09/01 09:25,05F0309S,05F0439S,32,490,20
2025/09/01 09:25,05F0309S,05F0439S,41,548,4
2025/09/01 09:25,05F0309S,05F0439S,42,503,2
2025/09/01 09:25,05F0309S,05F0439S,5,628,1
2025/09/01 09:25,05F0439S,05F0494S,31,199,23
2025/09/01 09:25,05F0439S,05F0494S,32,210,17
2025/09/01 09:25,05F0439S,05F0494S,41,0,0
2025/09/01 09:25,05F0439S,05F0494S,42,0,0
2025/09/01 09:25,05F0439S,05F0494S,5,236,2
2025/09/01 09:30,05F0000S,05F0055S,31,253,95
2025/09/01 09:30,05F0000S,05F0055S,32,259,34
2025/09/01 09:30,05F0000S,05F0055S,41,249,8
2025/09/01 09:30,05F0000S,05F0055S,42,0,0
2025/09/01 09:30,05F0000S,05F0055S,5,0,0
2025/09/01 09:30,05F0055S,05F0287S,31,1051,95
2025/09/01 09:30,05F0055S,05F0287S,32,1064,40
2025/09/01 09:30,05F0055S,05F0287S,41,1059,3
2025/09/01 09:30,05F0055S,05F0287S,42,0,0
2025/09/01 09:30,05F0055S,05F0287S,5,0,0
2025/09/01 09:30,05F0287S,05F0309S,31,88,83
2025/09/01 09:30,05F0287S,05F0309S,32,93,36
2025/09/01 09:30,05F0287S,05F0309S,41,96,2
2025/09/01 09:30,05F0287S,05F0309S,42,0,0
2025/09/01 09:30,05F0287S,05F0309S,5,0,0
2025/09/01 09:30,05F0309S,05F0439S,31,478,45
2025/09/01 09:30,05F0309S,05F0439S,32,480,18
2025/09/01 09:30,05F0309S,05F0439S,41,527,5
2025/09/01 09:30,05F0309S,05F0439S,42,0,0
2025/09/01 09:30,05F0309S,05F0439S,5,507,3
2025/09/01 09:30,05F0439S,05F0494S,31,202,23
2025/09/01 09:30,05F0439S,05F0494S,32,204,17
2025/09/01 09:30,05F0439S,05F0494S,41,0,0
2025/09/01 09:30,05F0439S,05F0494S,42,195,1
2025/09/01 09:30,05F0439S,05F0494S,5,253,1
2025/09/01 09:35,05F0000S,05F0055S,31,256,84
2025/09/01 09:35,05F0000S,05F0055S,32,256,36
2025/09/01 09:35,05F0000S,05F0055S,41,252,9
2025/09/01 09:35,05F0000S,05F0055S,42,0,0
2025/09/01 09:35,05F0000S,05F0055S,5,0,0
2025/09/01 09:35,05F0055S,05F0287S,31,1044,98
2025/09/01 09:35,05F0055S,05F0287S,32,1038,39
2025/09/01 09:35,05F0055S,05F0287S,41,1062,12
2025/09/01 09:35,05F0055S,05F0287S,42,0,0
2025/09/01 09:35,05F0055S,05F0287S,5,0,0
2025/09/01 09:35,05F0287S,05F0309S,31,87,63
2025/09/01 09:35,05F0287S,05F0309S,32,88,29
2025/09/01 09:35,05F0287S,05F0309S,41,93,8
2025/09/01 09:35,05F0287S,05F0309S,42,0,0
2025/09/01 09:35,05F0287S,05F0309S,5,0,0
2025/09/01 09:35,05F0309S,05F0439S,31,474,45
2025/09/01 09:35,05F0309S,05F0439S,32,498,19
2025/09/01 09:35,05F0309S,05F0439S,41,526,2
2025/09/01 09:35,05F0309S,05F0439S,42,535,1
2025/09/01 09:35,05F0309S,05F0439S,5,495,4
2025/09/01 09:35,05F0439S,05F0494S,31,205,21
2025/09/01 09:35,05F0439S,05F0494S,32,209,5
2025/09/01 09:35,05F0439S,05F0494S,41,0,0
2025/09/01 09:35,05F0439S,05F0494S,42,0,0
2025/09/01 09:35,05F0439S,05F0494S,5,204,1
2025/09/01 09:40,05F0000S,05F0055S,31,260,95
2025/09/01 09:40,05F0000S,05F0055S,32,262,38
2025/09/01 09:40,05F0000S,05F0055S,41,266,10
2025/09/01 09:40,05F0000S,05F0055S,42,0,0
2025/09/01 09:40,05F0000S,05F0055S,5,0,0
2025/09/01 09:40,05F0055S,05F0287S,31,1050,112
2025/09/01 09:40,05F0055S,05F0287S,32,1047,39
2025/09/01 09:40,05F0055S,05F0287S,41,1063,7
2025/09/01 09:40,05F0055S,05F0287S,42,0,0
2025/09/01 09:40,05F0055S,05F0287S,5,0,0
2025/09/01 09:40,05F0287S,05F0309S,31,88,88
2025/09/01 09:40,05F0287S,05F0309S,32,89,25
2025/09/01 09:40,05F0287S,05F0309S,41,95,8
2025/09/01 09:40,05F0287S,05F0309S,42,0,0
2025/09/01 09:40,05F0287S,05F0309S,5,0,0
2025/09/01 09:40,05F0309S,05F0439S,31,488,52
2025/09/01 09:40,05F0309S,05F0439S,32,494,25
2025/09/01 09:40,05F0309S,05F0439S,41,530,1
2025/09/01 09:40,05F0309S,05F0439S,42,564,1
2025/09/01 09:40,05F0309S,05F0439S,5,480,2
2025/09/01 09:40,05F0439S,05F0494S,31,209,29
2025/09/01 09:40,05F0439S,05F0494S,32,207,15
2025/09/01 09:40,05F0439S,05F0494S,41,0,0
2025/09/01 09:40,05F0439S,05F0494S,42,228,4
2025/09/01 09:40,05F0439S,05F0494S,5,209,3
2025/09/01 09:45,05F0000S,05F0055S,31,289,85
2025/09/01 09:45,05F0000S,05F0055S,32,291,38
2025/09/01 09:45,05F0000S,05F0055S,41,272,8
2025/09/01 09:45,05F0000S,05F0055S,42,0,0
2025/09/01 09:45,05F0000S,05F0055S,5,0,0
2025/09/01 09:45,05F0055S,05F0287S,31,1023,107
2025/09/01 09:45,05F0055S,05F0287S,32,1028,37
2025/09/01 09:45,05F0055S,05F0287S,41,1037,8
2025/09/01 09:45,05F0055S,05F0287S,42,1148,1
2025/09/01 09:45,05F0055S,05F0287S,5,0,0
2025/09/01 09:45,05F0287S,05F0309S,31,88,77
2025/09/01 09:45,05F0287S,05F0309S,32,90,38
2025/09/01 09:45,05F0287S,05F0309S,41,94,6
2025/09/01 09:45,05F0287S,05F0309S,42,0,0
2025/09/01 09:45,05F0287S,05F0309S,5,0,0
2025/09/01 09:45,05F0309S,05F0439S,31,483,48
2025/09/01 09:45,05F0309S,05F0439S,32,479,18
2025/09/01 09:45,05F0309S,05F0439S,41,514,7
2025/09/01 09:45,05F0309S,05F0439S,42,541,1
2025/09/01 09:45,05F0309S,05F0439S,5,510,1
2025/09/01 09:45,05F0439S,05F0494S,31,203,23
2025/09/01 09:45,05F0439S,05F0494S,32,206,18
2025/09/01 09:45,05F0439S,05F0494S,41,0,0
2025/09/01 09:45,05F0439S,05F0494S,42,246,2
2025/09/01 09:45,05F0439S,05F0494S,5,205,1
2025/09/01 09:50,05F0000S,05F0055S,31,283,119
2025/09/01 09:50,05F0000S,05F0055S,32,288,45
2025/09/01 09:50,05F0000S,05F0055S,41,282,5
2025/09/01 09:50,05F0000S,05F0055S,42,0,0
2025/09/01 09:50,05F0000S,05F0055S,5,0,0
2025/09/01 09:50,05F0055S,05F0287S,31,1050,106
2025/09/01 09:50,05F0055S,05F0287S,32,1051,47
2025/09/01 09:50,05F0055S,05F0287S,41,1062,7
2025/09/01 09:50,05F0055S,05F0287S,42,0,0
2025/09/01 09:50,05F0055S,05F0287S,5,0,0
2025/09/01 09:50,05F0287S,05F0309S,31,89,83
2025/09/01 09:50,05F0287S,05F0309S,32,89,39
2025/09/01 09:50,05F0287S,05F0309S,41,93,6
2025/09/01 09:50,05F0287S,05F0309S,42,0,0
2025/09/01 09:50,05F0287S,05F0309S,5,0,0
2025/09/01 09:50,05F0309S,05F0439S,31,484,60
2025/09/01 09:50,05F0309S,05F0439S,32,480,20
2025/09/01 09:50,05F0309S,05F0439S,41,521,3
2025/09/01 09:50,05F0309S,05F0439S,42,0,0
2025/09/01 09:50,05F0309S,05F0439S,5,508,4
2025/09/01 09:50,05F0439S,05F0494S,31,198,25
2025/09/01 09:50,05F0439S,05F0494S,32,204,16
2025/09/01 09:50,05F0439S,05F0494S,41,205,1
2025/09/01 09:50,05F0439S,05F0494S,42,219,1
2025/09/01 09:50,05F0439S,05F0494S,5,216,3
2025/09/01 09:55,05F0000S,05F0055S,31,265,110
2025/09/01 09:55,05F0000S,05F0055S,32,264,45
2025/09/01 09:55,05F0000S,05F0055S,41,276,4
2025/09/01 09:55,05F0000S,05F0055S,42,0,0
2025/09/01 09:55,05F0000S,05F0055S,5,0,0
2025/09/01 09:55,05F0055S,05F0287S,31,1111,107
2025/09/01 09:55,05F0055S,05F0287S,32,1112,35
2025/09/01 09:55,05F0055S,05F0287S,41,1117,7
2025/09/01 09:55,05F0055S,05F0287S,42,0,0
2025/09/01 09:55,05F0055S,05F0287S,5,0,0
2025/09/01 09:55,05F0287S,05F0309S,31,90,67
2025/09/01 09:55,05F0287S,05F0309S,32,92,33
2025/09/01 09:55,05F0287S,05F0309S,41,93,6
2025/09/01 09:55,05F0287S,05F0309S,42,0,0
2025/09/01 09:55,05F0287S,05F0309S,5,0,0
2025/09/01 09:55,05F0309S,05F0439S,31,492,47
2025/09/01 09:55,05F0309S,05F0439S,32,501,22
2025/09/01 09:55,05F0309S,05F0439S,41,551,4
2025/09/01 09:55,05F0309S,05F0439S,42,0,0
2025/09/01 09:55,05F0309S,05F0439S,5,529,2
2025/09/01 09:55,05F0439S,05F0494S,31,196,30
2025/09/01 09:55,05F0439S,05F0494S,32,200,10
2025/09/01 09:55,05F0439S,05F0494S,41,0,0
2025/09/01 09:55,05F0439S,05F0494S,42,0,0
2025/09/01 09:55,05F0439S,05F0494S,5,215,5
2025/09/01 10:00,05F0000S,05F0055S,31,269,96
2025/09/01 10:00,05F0000S,05F0055S,32,269,44
2025/09/01 10:00,05F0000S,05F0055S,41,269,7
2025/09/01 10:00,05F0000S,05F0055S,42,0,0
2025/09/01 10:00,05F0000S,05F0055S,5,0,0
2025/09/01 10:00,05F0055S,05F0287S,31,1088,118
2025/09/01 10:00,05F0055S,05F0287S,32,1089,58
2025/09/01 10:00,05F0055S,05F0287S,41,1099,13
2025/09/01 10:00,05F0055S,05F0287S,42,0,0
2025/09/01 10:00,05F0055S,05F0287S,5,0,0
2025/09/01 10:00,05F0287S,05F0309S,31,93,92
2025/09/01 10:00,05F0287S,05F0309S,32,93,40
2025/09/01 10:00,05F0287S,05F0309S,41,96,10
2025/09/01 10:00,05F0287S,05F0309S,42,0,0
2025/09/01 10:00,05F0287S,05F0309S,5,0,0
2025/09/01 10:00,05F0309S,05F0439S,31,495,43
2025/09/01 10:00,05F0309S,05F0439S,32,504,26
2025/09/01 10:00,05F0309S,05F0439S,41,528,4
2025/09/01 10:00,05F0309S,05F0439S,42,569,1
2025/09/01 10:00,05F0309S,05F0439S,5,557,2
2025/09/01 10:00,05F0439S,05F0494S,31,196,20
2025/09/01 10:00,05F0439S,05F0494S,32,202,10
2025/09/01 10:00,05F0439S,05F0494S,41,0,0
2025/09/01 10:00,05F0439S,05F0494S,42,0,0
2025/09/01 10:00,05F0439S,05F0494S,5,222,2
2025/09/01 10:05,05F0000S,05F0055S,31,275,123
2025/09/01 10:05,05F0000S,05F0055S,32,272,46
2025/09/01 10:05,05F0000S,05F0055S,41,271,3
2025/09/01 10:05,05F0000S,05F0055S,42,0,0
2025/09/01 10:05,05F0000S,05F0055S,5,0,0
2025/09/01 10:05,05F0055S,05F0287S,31,1101,80
2025/09/01 10:05,05F0055S,05F0287S,32,1116,38
2025/09/01 10:05,05F0055S,05F0287S,41,1101,6
2025/09/01 10:05,05F0055S,05F0287S,42,0,0
2025/09/01 10:05,05F0055S,05F0287S,5,0,0
2025/09/01 10:05,05F0287S,05F0309S,31,89,63
2025/09/01 10:05,05F0287S,05F0309S,32,91,34
2025/09/01 10:05,05F0287S,05F0309S,41,93,6
2025/09/01 10:05,05F0287S,05F0309S,42,0,0
2025/09/01 10:05,05F0287S,05F0309S,5,0,0
2025/09/01 10:05,05F0309S,05F0439S,31,494,53
2025/09/01 10:05,05F0309S,05F0439S,32,501,27
2025/09/01 10:05,05F0309S,05F0439S,41,522,3
2025/09/01 10:05,05F0309S,05F0439S,42,531,1
2025/09/01 10:05,05F0309S,05F0439S,5,558,8
2025/09/01 10:05,05F0439S,05F0494S,31,209,25
2025/09/01 10:05,05F0439S,05F0494S,32,201,12
2025/09/01 10:05,05F0439S,05F0494S,41,0,0
2025/09/01 10:05,05F0439S,05F0494S,42,233,2
2025/09/01 10:05,05F0439S,05F0494S,5,233,3
2025/09/01 10:10,05F0000S,05F0055S,31,268,112
2025/09/01 10:10,05F0000S,05F0055S,32,265,51
2025/09/01 10:10,05F0000S,05F0055S,41,282,5
2025/09/01 10:10,05F0000S,05F0055S,42,0,0
2025/09/01 10:10,05F0000S,05F0055S,5,0,0
2025/09/01 10:10,05F0055S,05F0287S,31,1168,128
2025/09/01 10:10,05F0055S,05F0287S,32,1163,48
2025/09/01 10:10,05F0055S,05F0287S,41,1174,6
2025/09/01 10:10,05F0055S,05F0287S,42,0,0
2025/09/01 10:10,05F0055S,05F0287S,5,0,0
2025/09/01 10:10,05F0287S,05F0309S,31,91,85
2025/09/01 10:10,05F0287S,05F0309S,32,92,43
2025/09/01 10:10,05F0287S,05F0309S,41,91,5
2025/09/01 10:10,05F0287S,05F0309S,42,0,0
2025/09/01 10:10,05F0287S,05F0309S,5,0,0
2025/09/01 10:10,05F0309S,05F0439S,31,489,62
2025/09/01 10:10,05F0309S,05F0439S,32,517,22
2025/09/01 10:10,05F0309S,05F0439S,41,532,4
2025/09/01 10:10,05F0309S,05F0439S,42,550,2
2025/09/01 10:10,05F0309S,05F0439S,5,531,4
2025/09/01 10:10,05F0439S,05F0494S,31,207,22
2025/09/01 10:10,05F0439S,05F0494S,32,214,12
2025/09/01 10:10,05F0439S,05F0494S,41,0,0
2025/09/01 10:10,05F0439S,05F0494S,42,220,1
2025/09/01 10:10,05F0439S,05F0494S,5,232,5
2025/09/01 10:15,05F0000S,05F0055S,31,274,96
2025/09/01 10:15,05F0000S,05F0055S,32,271,57
2025/09/01 10:15,05F0000S,05F0055S,41,283,6
2025/09/01 10:15,05F0000S,05F0055S,42,1205,1
2025/09/01 10:15,05F0000S,05F0055S,5,0,0
2025/09/01 10:15,05F0055S,05F0287S,31,1175,127
2025/09/01 10:15,05F0055S,05F0287S,32,1179,51
2025/09/01 10:15,05F0055S,05F0287S,41,1209,9
2025/09/01 10:15,05F0055S,05F0287S,42,3425,1
2025/09/01 10:15,05F0055S,05F0287S,5,0,0
2025/09/01 10:15,05F0287S,05F0309S,31,90,97
2025/09/01 10:15,05F0287S,05F0309S,32,89,34
2025/09/01 10:15,05F0287S,05F0309S,41,99,5
2025/09/01 10:15,05F0287S,05F0309S,42,0,0
2025/09/01 10:15,05F0287S,05F0309S,5,0,0
2025/09/01 10:15,05F0309S,05F0439S,31,491,39
2025/09/01 10:15,05F0309S,05F0439S,32,505,19
2025/09/01 10:15,05F0309S,05F0439S,41,505,2
2025/09/01 10:15,05F0309S,05F0439S,42,0,0
2025/09/01 10:15,05F0309S,05F0439S,5,541,1
2025/09/01 10:15,05F0439S,05F0494S,31,205,33
2025/09/01 10:15,05F0439S,05F0494S,32,220,8
2025/09/01 10:15,05F0439S,05F0494S,41,201,1
2025/09/01 10:15,05F0439S,05F0494S,42,0,0
2025/09/01 10:15,05F0439S,05F0494S,5,201,1
2025/09/01 10:20,05F0000S,05F0055S,31,287,110
2025/09/01 10:20,05F0000S,05F0055S,32,285,52
2025/09/01 10:20,05F0000S,05F0055S,41,292,7
2025/09/01 10:20,05F0000S,05F0055S,42,0,0
2025/09/01 10:20,05F0000S,05F0055S,5,0,0
2025/09/01 10:20,05F0055S,05F0287S,31,1170,143
2025/09/01 10:20,05F0055S,05F0287S,32,1174,50
2025/09/01 10:20,05F0055S,05F0287S,41,1185,7
2025/09/01 10:20,05F0055S,05F0287S,42,0,0
2025/09/01 10:20,05F0055S,05F0287S,5,0,0
2025/09/01 10:20,05F0287S,05F0309S,31,93,86
2025/09/01 10:20,05F0287S,05F0309S,32,95,41
2025/09/01 10:20,05F0287S,05F0309S,41,95,8
2025/09/01 10:20,05F0287S,05F0309S,42,0,0
2025/09/01 10:20,05F0287S,05F0309S,5,0,0
2025/09/01 10:20,05F0309S,05F0439S,31,511,73
2025/09/01 10:20,05F0309S,05F0439S,32,522,35
2025/09/01 10:20,05F0309S,05F0439S,41,554,6
2025/09/01 10:20,05F0309S,05F0439S,42,620,3
2025/09/01 10:20,05F0309S,05F0439S,5,514,5
2025/09/01 10:20,05F0439S,05F0494S,31,211,29
2025/09/01 10:20,05F0439S,05F0494S,32,209,14
2025/09/01 10:20,05F0439S,05F0494S,41,0,0
2025/09/01 10:20,05F0439S,05F0494S,42,0,0
2025/09/01 10:20,05F0439S,05F0494S,5,224,3
2025/09/01 10:25,05F0000S,05F0055S,31,286,147
2025/09/01 10:25,05F0000S,05F0055S,32,288,55
2025/09/01 10:25,05F0000S,05F0055S,41,287,6
2025/09/01 10:25,05F0000S,05F0055S,42,1059,1
2025/09/01 10:25,05F0000S,05F0055S,5,0,0
2025/09/01 10:25,05F0055S,05F0287S,31,1126,158
2025/09/01 10:25,05F0055S,05F0287S,32,1130,60
2025/09/01 10:25,05F0055S,05F0287S,41,1126,5
2025/09/01 10:25,05F0055S,05F0287S,42,0,0
2025/09/01 10:25,05F0055S,05F0287S,5,0,0
2025/09/01 10:25,05F0287S,05F0309S,31,92,114
2025/09/01 10:25,05F0287S,05F0309S,32,93,45
2025/09/01 10:25,05F0287S,05F0309S,41,94,2
2025/09/01 10:25,05F0287S,05F0309S,42,0,0
2025/09/01 10:25,05F0287S,05F0309S,5,0,0
2025/09/01 10:25,05F0309S,05F0439S,31,494,54
2025/09/01 10:25,05F0309S,05F0439S,32,493,24
2025/09/01 10:25,05F0309S,05F0439S,41,549,5
2025/09/01 10:25,05F0309S,05F0439S,42,521,2
2025/09/01 10:25,05F0309S,05F0439S,5,560,1
2025/09/01 10:25,05F0439S,05F0494S,31,211,33
2025/09/01 10:25,05F0439S,05F0494S,32,214,18
2025/09/01 10:25,05F0439S,05F0494S,41,197,2
2025/09/01 10:25,05F0439S,05F0494S,42,0,0
2025/09/01 10:25,05F0439S,05F0494S,5,220,5
2025/09/01 10:30,05F0000S,05F0055S,31,267,110
2025/09/01 10:30,05F0000S,05F0055S,32,270,54
2025/09/01 10:30,05F0000S,05F0055S,41,261,4
2025/09/01 10:30,05F0000S,05F0055S,42,0,0
2025/09/01 10:30,05F0000S,05F0055S,5,0,0
2025/09/01 10:30,05F0055S,05F0287S,31,1111,120
2025/09/01 10:30,05F0055S,05F0287S,32,1110,52
2025/09/01 10:30,05F0055S,05F0287S,41,1106,7
2025/09/01 10:30,05F0055S,05F0287S,42,0,0
2025/09/01 10:30,05F0055S,05F0287S,5,0,0
2025/09/01 10:30,05F0287S,05F0309S,31,90,89
2025/09/01 10:30,05F0287S,05F0309S,32,90,42
2025/09/01 10:30,05F0287S,05F0309S,41,94,4
2025/09/01 10:30,05F0287S,05F0309S,42,0,0
2025/09/01 10:30,05F0287S,05F0309S,5,0,0
2025/09/01 10:30,05F0309S,05F0439S,31,488,52
2025/09/01 10:30,05F0309S,05F0439S,32,499,24
2025/09/01 10:30,05F0309S,05F0439S,41,517,2
2025/09/01 10:30,05F0309S,05F0439S,42,558,1
2025/09/01 10:30,05F0309S,05F0439S,5,545,5
2025/09/01 10:30,05F0439S,05F0494S,31,203,42
2025/09/01 10:30,05F0439S,05F0494S,32,210,12
2025/09/01 10:30,05F0439S,05F0494S,41,0,0
2025/09/01 10:30,05F0439S,05F0494S,42,0,0
2025/09/01 10:30,05F0439S,05F0494S,5,0,0
2025/09/01 10:35,05F0000S,05F0055S,31,281,127
2025/09/01 10:35,05F0000S,05F0055S,32,280,48
2025/09/01 10:35,05F0000S,05F0055S,41,270,5
2025/09/01 10:35,05F0000S,05F0055S,42,0,0
2025/09/01 10:35,05F0000S,05F0055S,5,0,0
2025/09/01 10:35,05F0055S,05F0287S,31,1130,131
2025/09/01 10:35,05F0055S,05F0287S,32,1124,68
2025/09/01 10:35,05F0055S,05F0287S,41,1131,2
2025/09/01 10:35,05F0055S,05F0287S,42,0,0
2025/09/01 10:35,05F0055S,05F0287S,5,0,0
2025/09/01 10:35,05F0287S,05F0309S,31,91,84
2025/09/01 10:35,05F0287S,05F0309S,32,89,50
2025/09/01 10:35,05F0287S,05F0309S,41,91,4
2025/09/01 10:35,05F0287S,05F0309S,42,0,0
2025/09/01 10:35,05F0287S,05F0309S,5,0,0
2025/09/01 10:35,05F0309S,05F0439S,31,508,89
2025/09/01 10:35,05F0309S,05F0439S,32,507,33
2025/09/01 10:35,05F0309S,05F0439S,41,546,1
2025/09/01 10:35,05F0309S,05F0439S,42,565,1
2025/09/01 10:35,05F0309S,05F0439S,5,529,3
2025/09/01 10:35,05F0439S,05F0494S,31,207,24
2025/09/01 10:35,05F0439S,05F0494S,32,210,22
2025/09/01 10:35,05F0439S,05F0494S,41,0,0
2025/09/01 10:35,05F0439S,05F0494S,42,237,1
2025/09/01 10:35,05F0439S,05F0494S,5,223,6
2025/09/01 10:40,05F0000S,05F0055S,31,278,140
2025/09/01 10:40,05F0000S,05F0055S,32,278,49
2025/09/01 10:40,05F0000S,05F0055S,41,299,4
2025/09/01 10:40,05F0000S,05F0055S,42,0,0
2025/09/01 10:40,05F0000S,05F0055S,5,0,0
2025/09/01 10:40,05F0055S,05F0287S,31,1115,133
2025/09/01 10:40,05F0055S,05F0287S,32,1107,50
2025/09/01 10:40,05F0055S,05F0287S,41,1108,7
2025/09/01 10:40,05F0055S,05F0287S,42,0,0
2025/09/01 10:40,05F0055S,05F0287S,5,0,0
2025/09/01 10:40,05F0287S,05F0309S,31,90,82
2025/09/01 10:40,05F0287S,05F0309S,32,91,40
2025/09/01 10:40,05F0287S,05F0309S,41,96,5
2025/09/01 10:40,05F0287S,05F0309S,42,0,0
2025/09/01 10:40,05F0287S,05F0309S,5,0,0
2025/09/01 10:40,05F0309S,05F0439S,31,493,60
2025/09/01 10:40,05F0309S,05F0439S,32,502,27
2025/09/01 10:40,05F0309S,05F0439S,41,540,4
2025/09/01 10:40,05F0309S,05F0439S,42,568,1
2025/09/01 10:40,05F0309S,05F0439S,5,492,5
2025/09/01 10:40,05F0439S,05F0494S,31,207,36
2025/09/01 10:40,05F0439S,05F0494S,32,210,20
2025/09/01 10:40,05F0439S,05F0494S,41,0,0
2025/09/01 10:40,05F0439S,05F0494S,42,233,1
2025/09/01 10:40,05F0439S,05F0494S,5,224,5
2025/09/01 10:45,05F0000S,05F0055S,31,290,125
2025/09/01 10:45,05F0000S,05F0055S,32,289,46
2025/09/01 10:45,05F0000S,05F0055S,41,287,4
2025/09/01 10:45,05F0000S,05F0055S,42,0,0
2025/09/01 10:45,05F0000S,05F0055S,5,0,0
2025/09/01 10:45,05F0055S,05F0287S,31,1141,129
2025/09/01 10:45,05F0055S,05F0287S,32,1138,52
2025/09/01 10:45,05F0055S,05F0287S,41,1180,7
2025/09/01 10:45,05F0055S,05F0287S,42,0,0
2025/09/01 10:45,05F0055S,05F0287S,5,0,0
2025/09/01 10:45,05F0287S,05F0309S,31,91,105
2025/09/01 10:45,05F0287S,05F0309S,32,92,31
2025/09/01 10:45,05F0287S,05F0309S,41,94,3
2025/09/01 10:45,05F0287S,05F0309S,42,0,0
2025/09/01 10:45,05F0287S,05F0309S,5,0,0
2025/09/01 10:45,05F0309S,05F0439S,31,508,57
2025/09/01 10:45,05F0309S,05F0439S,32,507,35
2025/09/01 10:45,05F0309S,05F0439S,41,536,1
2025/09/01 10:45,05F0309S,05F0439S,42,564,1
2025/09/01 10:45,05F0309S,05F0439S,5,512,4
2025/09/01 10:45,05F0439S,05F0494S,31,208,33
2025/09/01 10:45,05F0439S,05F0494S,32,202,15
2025/09/01 10:45,05F0439S,05F0494S,41,0,0
2025/09/01 10:45,05F0439S,05F0494S,42,230,2
2025/09/01 10:45,05F0439S,05F0494S,5,203,4
2025/09/01 10:50,05F0000S,05F0055S,31,269,130
2025/09/01 10:50,05F0000S,05F0055S,32,269,31
2025/09/01 10:50,05F0000S,05F0055S,41,275,2
2025/09/01 10:50,05F0000S,05F0055S,42,1831,1
2025/09/01 10:50,05F0000S,05F0055S,5,0,0
2025/09/01 10:50,05F0055S,05F0287S,31,1163,130
2025/09/01 10:50,05F0055S,05F0287S,32,1161,67
2025/09/01 10:50,05F0055S,05F0287S,41,1175,3
2025/09/01 10:50,05F0055S,05F0287S,42,0,0
2025/09/01 10:50,05F0055S,05F0287S,5,0,0
2025/09/01 10:50,05F0287S,05F0309S,31,91,88
2025/09/01 10:50,05F0287S,05F0309S,32,92,41
2025/09/01 10:50,05F0287S,05F0309S,41,94,7
2025/09/01 10:50,05F0287S,05F0309S,42,0,0
2025/09/01 10:50,05F0287S,05F0309S,5,0,0
2025/09/01 10:50,05F0309S,05F0439S,31,491,55
2025/09/01 10:50,05F0309S,05F0439S,32,516,23
2025/09/01 10:50,05F0309S,05F0439S,41,538,5
2025/09/01 10:50,05F0309S,05F0439S,42,549,1
2025/09/01 10:50,05F0309S,05F0439S,5,536,1
2025/09/01 10:50,05F0439S,05F0494S,31,206,34
2025/09/01 10:50,05F0439S,05F0494S,32,217,9
2025/09/01 10:50,05F0439S,05F0494S,41,0,0
2025/09/01 10:50,05F0439S,05F0494S,42,0,0
2025/09/01 10:50,05F0439S,05F0494S,5,208,2
2025/09/01 10:55,05F0000S,05F0055S,31,290,137
2025/09/01 10:55,05F0000S,05F0055S,32,290,55
2025/09/01 10:55,05F0000S,05F0055S,41,296,6
2025/09/01 10:55,05F0000S,05F0055S,42,0,0
2025/09/01 10:55,05F0000S,05F0055S,5,0,0
2025/09/01 10:55,05F0055S,05F0287S,31,1182,142
2025/09/01 10:55,05F0055S,05F0287S,32,1182,46
2025/09/01 10:55,05F0055S,05F0287S,41,1209,6
2025/09/01 10:55,05F0055S,05F0287S,42,0,0
2025/09/01 10:55,05F0055S,05F0287S,5,0,0
2025/09/01 10:55,05F0287S,05F0309S,31,90,100
2025/09/01 10:55,05F0287S,05F0309S,32,91,40
2025/09/01 10:55,05F0287S,05F0309S,41,95,2
2025/09/01 10:55,05F0287S,05F0309S,42,0,0
2025/09/01 10:55,05F0287S,05F0309S,5,0,0
2025/09/01 10:55,05F0309S,05F0439S,31,545,44
2025/09/01 10:55,05F0309S,05F0439S,32,560,20
2025/09/01 10:55,05F0309S,05F0439S,41,576,1
2025/09/01 10:55,05F0309S,05F0439S,42,590,1
2025/09/01 10:55,05F0309S,05F0439S,5,557,9
2025/09/01 10:55,05F0439S,05F0494S,31,203,38
2025/09/01 10:55,05F0439S,05F0494S,32,196,11
2025/09/01 10:55,05F0439S,05F0494S,41,226,1
2025/09/01 10:55,05F0439S,05F0494S,42,0,0
2025/09/01 10:55,05F0439S,05F0494S,5,217,2
2025/09/01 11:00,05F0000S,05F0055S,31,263,114
2025/09/01 11:00,05F0000S,05F0055S,32,268,46
2025/09/01 11:00,05F0000S,05F0055S,41,262,5
2025/09/01 11:00,05F0000S,05F0055S,42,0,0
2025/09/01 11:00,05F0000S,05F0055S,5,0,0
2025/09/01 11:00,05F0055S,05F0287S,31,1193,145
2025/09/01 11:00,05F0055S,05F0287S,32,1193,46
2025/09/01 11:00,05F0055S,05F0287S,41,1199,4
2025/09/01 11:00,05F0055S,05F0287S,42,0,0
2025/09/01 11:00,05F0055S,05F0287S,5,0,0
2025/09/01 11:00,05F0287S,05F0309S,31,89,88
2025/09/01 11:00,05F0287S,05F0309S,32,91,32
2025/09/01 11:00,05F0287S,05F0309S,41,96,5
2025/09/01 11:00,05F0287S,05F0309S,42,0,0
2025/09/01 11:00,05F0287S,05F0309S,5,0,0
2025/09/01 11:00,05F0309S,05F0439S,31,601,54
2025/09/01 11:00,05F0309S,05F0439S,32,622,22
2025/09/01 11:00,05F0309S,05F0439S,41,647,4
2025/09/01 11:00,05F0309S,05F0439S,42,615,3
2025/09/01 11:00,05F0309S,05F0439S,5,599,4
2025/09/01 11:00,05F0439S,05F0494S,31,214,30
2025/09/01 11:00,05F0439S,05F0494S,32,219,17
2025/09/01 11:00,05F0439S,05F0494S,41,0,0
2025/09/01 11:00,05F0439S,05F0494S,42,236,1
2025/09/01 11:00,05F0439S,05F0494S,5,208,5
2025/09/01 11:05,05F0000S,05F0055S,31,258,104
2025/09/01 11:05,05F0000S,05F0055S,32,252,39
2025/09/01 11:05,05F0000S,05F0055S,41,253,4
2025/09/01 11:05,05F0000S,05F0055S,42,0,0
2025/09/01 11:05,05F0000S,05F0055S,5,0,0
2025/09/01 11:05,05F0055S,05F0287S,31,1224,123
2025/09/01 11:05,05F0055S,05F0287S,32,1217,51
2025/09/01 11:05,05F0055S,05F0287S,41,1206,4
2025/09/01 11:05,05F0055S,05F0287S,42,0,0
2025/09/01 11:05,05F0055S,05F0287S,5,0,0
2025/09/01 11:05,05F0287S,05F0309S,31,90,89
2025/09/01 11:05,05F0287S,05F0309S,32,89,38
2025/09/01 11:05,05F0287S,05F0309S,41,94,2
2025/09/01 11:05,05F0287S,05F0309S,42,0,0
2025/09/01 11:05,05F0287S,05F0309S,5,0,0
2025/09/01 11:05,05F0309S,05F0439S,31,638,56
2025/09/01 11:05,05F0309S,05F0439S,32,656,26
2025/09/01 11:05,05F0309S,05F0439S,41,0,0
2025/09/01 11:05,05F0309S,05F0439S,42,685,2
2025/09/01 11:05,05F0309S,05F0439S,5,678,2
2025/09/01 11:05,05F0439S,05F0494S,31,204,41
2025/09/01 11:05,05F0439S,05F0494S,32,207,17
2025/09/01 11:05,05F0439S,05F0494S,41,0,0
2025/09/01 11:05,05F0439S,05F0494S,42,220,3
2025/09/01 11:05,05F0439S,05F0494S,5,210,2
2025/09/01 11:10,05F0000S,05F0055S,31,269,129
2025/09/01 11:10,05F0000S,05F0055S,32,268,31
2025/09/01 11:10,05F0000S,05F0055S,41,265,4
2025/09/01 11:10,05F0000S,05F0055S,42,0,0
2025/09/01 11:10,05F0000S,05F0055S,5,0,0
2025/09/01 11:10,05F0055S,05F0287S,31,1236,142
2025/09/01 11:10,05F0055S,05F0287S,32,1238,45
2025/09/01 11:10,05F0055S,05F0287S,41,1237,2
2025/09/01 11:10,05F0055S,05F0287S,42,0,0
2025/09/01 11:10,05F0055S,05F0287S,5,0,0
2025/09/01 11:10,05F0287S,05F0309S,31,89,96
2025/09/01 11:10,05F0287S,05F0309S,32,89,35
2025/09/01 11:10,05F0287S,05F0309S,41,100,3
2025/09/01 11:10,05F0287S,05F0309S,42,0,0
2025/09/01 11:10,05F0287S,05F0309S,5,0,0
2025/09/01 11:10,05F0309S,05F0439S,31,663,56
2025/09/01 11:10,05F0309S,05F0439S,32,687,24
2025/09/01 11:10,05F0309S,05F0439S,41,733,4
2025/09/01 11:10,05F0309S,05F0439S,42,816,1
2025/09/01 11:10,05F0309S,05F0439S,5,695,4
2025/09/01 11:10,05F0439S,05F0494S,31,209,33
2025/09/01 11:10,05F0439S,05F0494S,32,212,8
2025/09/01 11:10,05F0439S,05F0494S,41,0,0
2025/09/01 11:10,05F0439S,05F0494S,42,0,0
2025/09/01 11:10,05F0439S,05F0494S,5,191,1
2025/09/01 11:15,05F0000S,05F0055S,31,267,104
2025/09/01 11:15,05F0000S,05F0055S,32,269,51
2025/09/01 11:15,05F0000S,05F0055S,41,289,1
2025/09/01 11:15,05F0000S,05F0055S,42,0,0
2025/09/01 11:15,05F0000S,05F0055S,5,0,0
2025/09/01 11:15,05F0055S,05F0287S,31,1250,134
2025/09/01 11:15,05F0055S,05F0287S,32,1249,48
2025/09/01 11:15,05F0055S,05F0287S,41,1228,6
2025/09/01 11:15,05F0055S,05F0287S,42,2176,2
2025/09/01 11:15,05F0055S,05F0287S,5,0,0
2025/09/01 11:15,05F0287S,05F0309S,31,92,80
2025/09/01 11:15,05F0287S,05F0309S,32,92,34
2025/09/01 11:15,05F0287S,05F0309S,41,100,1
2025/09/01 11:15,05F0287S,05F0309S,42,0,0
2025/09/01 11:15,05F0287S,05F0309S,5,0,0
2025/09/01 11:15,05F0309S,05F0439S,31,659,56
2025/09/01 11:15,05F0309S,05F0439S,32,723,23
2025/09/01 11:15,05F0309S,05F0439S,41,664,1
2025/09/01 11:15,05F0309S,05F0439S,42,0,0
2025/09/01 11:15,05F0309S,05F0439S,5,772,5
2025/09/01 11:15,05F0439S,05F0494S,31,200,23
2025/09/01 11:15,05F0439S,05F0494S,32,204,13
2025/09/01 11:15,05F0439S,05F0494S,41,0,0
2025/09/01 11:15,05F0439S,05F0494S,42,217,1
2025/09/01 11:15,05F0439S,05F0494S,5,221,3
2025/09/01 11:20,05F0000S,05F0055S,31,263,91
2025/09/01 11:20,05F0000S,05F0055S,32,264,40
2025/09/01 11:20,05F0000S,05F0055S,41,253,5
2025/09/01 11:20,05F0000S,05F0055S,42,0,0
2025/09/01 11:20,05F0000S,05F0055S,5,0,0
2025/09/01 11:20,05F0055S,05F0287S,31,1278,145
2025/09/01 11:20,05F0055S,05F0287S,32,1275,50
2025/09/01 11:20,05F0055S,05F0287S,41,1288,5
2025/09/01 11:20,05F0055S,05F0287S,42,0,0
2025/09/01 11:20,05F0055S,05F0287S,5,0,0
2025/09/01 11:20,05F0287S,05F0309S,31,91,94
2025/09/01 11:20,05F0287S,05F0309S,32,90,29
2025/09/01 11:20,05F0287S,05F0309S,41,101,3
2025/09/01 11:20,05F0287S,05F0309S,42,0,0
2025/09/01 11:20,05F0287S,05F0309S,5,0,0
2025/09/01 11:20,05F0309S,05F0439S,31,676,72
2025/09/01 11:20,05F0309S,05F0439S,32,661,16
2025/09/01 11:20,05F0309S,05F0439S,41,697,1
2025/09/01 11:20,05F0309S,05F0439S,42,776,1
2025/09/01 11:20,05F0309S,05F0439S,5,708,2
2025/09/01 11:20,05F0439S,05F0494S,31,200,33
2025/09/01 11:20,05F0439S,05F0494S,32,204,13
2025/09/01 11:20,05F0439S,05F0494S,41,0,0
2025/09/01 11:20,05F0439S,05F0494S,42,219,1
2025/09/01 11:20,05F0439S,05F0494S,5,218,6
2025/09/01 11:25,05F0000S,05F0055S,31,272,127
2025/09/01 11:25,05F0000S,05F0055S,32,261,30
2025/09/01 11:25,05F0000S,05F0055S,41,270,8
2025/09/01 11:25,05F0000S,05F0055S,42,0,0
2025/09/01 11:25,05F0000S,05F0055S,5,0,0
2025/09/01 11:25,05F0055S,05F0287S,31,1212,153
2025/09/01 11:25,05F0055S,05F0287S,32,1223,66
2025/09/01 11:25,05F0055S,05F0287S,41,1207,5
2025/09/01 11:25,05F0055S,05F0287S,42,0,0
2025/09/01 11:25,05F0055S,05F0287S,5,0,0
2025/09/01 11:25,05F0287S,05F0309S,31,91,107
2025/09/01 11:25,05F0287S,05F0309S,32,93,40
2025/09/01 11:25,05F0287S,05F0309S,41,116,1
2025/09/01 11:25,05F0287S,05F0309S,42,114,1
2025/09/01 11:25,05F0287S,05F0309S,5,0,0
2025/09/01 11:25,05F0309S,05F0439S,31,643,57
2025/09/01 11:25,05F0309S,05F0439S,32,663,25
2025/09/01 11:25,05F0309S,05F0439S,41,684,1
2025/09/01 11:25,05F0309S,05F0439S,42,0,0
2025/09/01 11:25,05F0309S,05F0439S,5,612,6
2025/09/01 11:25,05F0439S,05F0494S,31,207,23
2025/09/01 11:25,05F0439S,05F0494S,32,210,10
2025/09/01 11:25,05F0439S,05F0494S,41,0,0
2025/09/01 11:25,05F0439S,05F0494S,42,0,0
2025/09/01 11:25,05F0439S,05F0494S,5,226,1
2025/09/01 11:30,05F0000S,05F0055S,31,258,110
2025/09/01 11:30,05F0000S,05F0055S,32,260,46
2025/09/01 11:30,05F0000S,05F0055S,41,254,3
2025/09/01 11:30,05F0000S,05F0055S,42,0,0
2025/09/01 11:30,05F0000S,05F0055S,5,0,0
2025/09/01 11:30,05F0055S,05F0287S,31,1148,153
2025/09/01 11:30,05F0055S,05F0287S,32,1149,44
2025/09/01 11:30,05F0055S,05F0287S,41,1124,4
2025/09/01 11:30,05F0055S,05F0287S,42,0,0
2025/09/01 11:30,05F0055S,05F0287S,5,0,0
2025/09/01 11:30,05F0287S,05F0309S,31,93,102
2025/09/01 11:30,05F0287S,05F0309S,32,93,33
2025/09/01 11:30,05F0287S,05F0309S,41,96,5
2025/09/01 11:30,05F0287S,05F0309S,42,0,0
2025/09/01 11:30,05F0287S,05F0309S,5,0,0
2025/09/01 11:30,05F0309S,05F0439S,31,578,81
2025/09/01 11:30,05F0309S,05F0439S,32,577,28
2025/09/01 11:30,05F0309S,05F0439S,41,637,2
2025/09/01 11:30,05F0309S,05F0439S,42,679,2
2025/09/01 11:30,05F0309S,05F0439S,5,635,3
2025/09/01 11:30,05F0439S,05F0494S,31,203,41
2025/09/01 11:30,05F0439S,05F0494S,32,210,8
2025/09/01 11:30,05F0439S,05F0494S,41,0,0
2025/09/01 11:30,05F0439S,05F0494S,42,0,0
2025/09/01 11:30,05F0439S,05F0494S,5,209,5
2025/09/01 11:35,05F0000S,05F0055S,31,263,130
2025/09/01 11:35,05F0000S,05F0055S,32,266,41
2025/09/01 11:35,05F0000S,05F0055S,41,271,1
2025/09/01 11:35,05F0000S,05F0055S,42,0,0
2025/09/01 11:35,05F0000S,05F0055S,5,0,0
2025/09/01 11:35,05F0055S,05F0287S,31,1075,153
2025/09/01 11:35,05F0055S,05F0287S,32,1083,60
2025/09/01 11:35,05F0055S,05F0287S,41,1068,2
2025/09/01 11:35,05F0055S,05F0287S,42,0,0
2025/09/01 11:35,05F0055S,05F0287S,5,0,0
2025/09/01 11:35,05F0287S,05F0309S,31,94,101
2025/09/01 11:35,05F0287S,05F0309S,32,93,44
2025/09/01 11:35,05F0287S,05F0309S,41,105,3
2025/09/01 11:35,05F0287S,05F0309S,42,0,0
2025/09/01 11:35,05F0287S,05F0309S,5,0,0
2025/09/01 11:35,05F0309S,05F0439S,31,497,61
2025/09/01 11:35,05F0309S,05F0439S,32,498,30
2025/09/01 11:35,05F0309S,05F0439S,41,531,2
2025/09/01 11:35,05F0309S,05F0439S,42,548,2
2025/09/01 11:35,05F0309S,05F0439S,5,507,9
2025/09/01 11:35,05F0439S,05F0494S,31,203,47
2025/09/01 11:35,05F0439S,05F0494S,32,201,15
2025/09/01 11:35,05F0439S,05F0494S,41,0,0
2025/09/01 11:35,05F0439S,05F0494S,42,236,1
2025/09/01 11:35,05F0439S,05F0494S,5,218,5
2025/09/01 11:40,05F0000S,05F0055S,31,263,120
2025/09/01 11:40,05F0000S,05F0055S,32,261,43
2025/09/01 11:40,05F0000S,05F0055S,41,259,4
2025/09/01 11:40,05F0000S,05F0055S,42,275,1
2025/09/01 11:40,05F0000S,05F0055S,5,0,0
2025/09/01 11:40,05F0055S,05F0287S,31,1054,111
2025/09/01 11:40,05F0055S,05F0287S,32,1059,35
2025/09/01 11:40,05F0055S,05F0287S,41,1079,9
2025/09/01 11:40,05F0055S,05F0287S,42,0,0
2025/09/01 11:40,05F0055S,05F0287S,5,0,0
2025/09/01 11:40,05F0287S,05F0309S,31,89,69
2025/09/01 11:40,05F0287S,05F0309S,32,89,31
2025/09/01 11:40,05F0287S,05F0309S,41,93,7
2025/09/01 11:40,05F0287S,05F0309S,42,0,0
2025/09/01 11:40,05F0287S,05F0309S,5,0,0
2025/09/01 11:40,05F0309S,05F0439S,31,500,62
2025/09/01 11:40,05F0309S,05F0439S,32,499,19
2025/09/01 11:40,05F0309S,05F0439S,41,541,3
2025/09/01 11:40,05F0309S,05F0439S,42,595,2
2025/09/01 11:40,05F0309S,05F0439S,5,529,4
2025/09/01 11:40,05F0439S,05F0494S,31,210,26
2025/09/01 11:40,05F0439S,05F0494S,32,210,14
2025/09/01 11:40,05F0439S,05F0494S,41,0,0
2025/09/01 11:40,05F0439S,05F0494S,42,230,1
2025/09/01 11:40,05F0439S,05F0494S,5,201,4
2025/09/01 11:45,05F0000S,05F0055S,31,256,103
2025/09/01 11:45,05F0000S,05F0055S,32,257,27
2025/09/01 11:45,05F0000S,05F0055S,41,260,4
2025/09/01 11:45,05F0000S,05F0055S,42,0,0
2025/09/01 11:45,05F0000S,05F0055S,5,0,0
2025/09/01 11:45,05F0055S,05F0287S,31,1059,107
2025/09/01 11:45,05F0055S,05F0287S,32,1061,40
2025/09/01 11:45,05F0055S,05F0287S,41,1109,4
2025/09/01 11:45,05F0055S,05F0287S,42,0,0
2025/09/01 11:45,05F0055S,05F0287S,5,0,0
2025/09/01 11:45,05F0287S,05F0309S,31,88,85
2025/09/01 11:45,05F0287S,05F0309S,32,91,29
2025/09/01 11:45,05F0287S,05F0309S,41,92,6
2025/09/01 11:45,05F0287S,05F0309S,42,0,0
2025/09/01 11:45,05F0287S,05F0309S,5,0,0
2025/09/01 11:45,05F0309S,05F0439S,31,489,61
2025/09/01 11:45,05F0309S,05F0439S,32,496,28
2025/09/01 11:45,05F0309S,05F0439S,41,526,1
2025/09/01 11:45,05F0309S,05F0439S,42,638,1
2025/09/01 11:45,05F0309S,05F0439S,5,546,4
2025/09/01 11:45,05F0439S,05F0494S,31,209,39
2025/09/01 11:45,05F0439S,05F0494S,32,210,11
2025/09/01 11:45,05F0439S,05F0494S,41,0,0
2025/09/01 11:45,05F0439S,05F0494S,42,0,0
2025/09/01 11:45,05F0439S,05F0494S,5,212,1
2025/09/01 11:50,05F0000S,05F0055S,31,252,97
2025/09/01 11:50,05F0000S,05F0055S,32,250,33
2025/09/01 11:50,05F0000S,05F0055S,41,261,3
2025/09/01 11:50,05F0000S,05F0055S,42,0,0
2025/09/01 11:50,05F0000S,05F0055S,5,0,0
2025/09/01 11:50,05F0055S,05F0287S,31,1099,121
2025/09/01 11:50,05F0055S,05F0287S,32,1101,40
2025/09/01 11:50,05F0055S,05F0287S,41,1111,3
2025/09/01 11:50,05F0055S,05F0287S,42,0,0
2025/09/01 11:50,05F0055S,05F0287S,5,0,0
2025/09/01 11:50,05F0287S,05F0309S,31,88,69
2025/09/01 11:50,05F0287S,05F0309S,32,92,30
2025/09/01 11:50,05F0287S,05F0309S,41,93,3
2025/09/01 11:50,05F0287S,05F0309S,42,0,0
2025/09/01 11:50,05F0287S,05F0309S,5,0,0
2025/09/01 11:50,05F0309S,05F0439S,31,485,53
2025/09/01 11:50,05F0309S,05F0439S,32,496,14
2025/09/01 11:50,05F0309S,05F0439S,41,510,6
2025/09/01 11:50,05F0309S,05F0439S,42,593,1
2025/09/01 11:50,05F0309S,05F0439S,5,510,7
2025/09/01 11:50,05F0439S,05F0494S,31,207,32
2025/09/01 11:50,05F0439S,05F0494S,32,207,13
2025/09/01 11:50,05F0439S,05F0494S,41,0,0
2025/09/01 11:50,05F0439S,05F0494S,42,0,0
2025/09/01 11:50,05F0439S,05F0494S,5,214,7
2025/09/01 11:55,05F0000S,05F0055S,31,264,114
2025/09/01 11:55,05F0000S,05F0055S,32,266,39
2025/09/01 11:55,05F0000S,05F0055S,41,283,8
2025/09/01 11:55,05F0000S,05F0055S,42,0,0
2025/09/01 11:55,05F0000S,05F0055S,5,0,0
2025/09/01 11:55,05F0055S,05F0287S,31,1100,135
2025/09/01 11:55,05F0055S,05F0287S,32,1098,53
2025/09/01 11:55,05F0055S,05F0287S,41,0,0
2025/09/01 11:55,05F0055S,05F0287S,42,0,0
2025/09/01 11:55,05F0055S,05F0287S,5,0,0
2025/09/01 11:55,05F0287S,05F0309S,31,86,85
2025/09/01 11:55,05F0287S,05F0309S,32,89,33
2025/09/01 11:55,05F0287S,05F0309S,41,0,0
2025/09/01 11:55,05F0287S,05F0309S,42,0,0
2025/09/01 11:55,05F0287S,05F0309S,5,0,0
2025/09/01 11:55,05F0309S,05F0439S,31,482,41
2025/09/01 11:55,05F0309S,05F0439S,32,489,23
2025/09/01 11:55,05F0309S,05F0439S,41,531,2
2025/09/01 11:55,05F0309S,05F0439S,42,542,2
2025/09/01 11:55,05F0309S,05F0439S,5,527,8
2025/09/01 11:55,05F0439S,05F0494S,31,206,32
2025/09/01 11:55,05F0439S,05F0494S,32,209,7
2025/09/01 11:55,05F0439S,05F0494S,41,0,0
2025/09/01 11:55,05F0439S,05F0494S,42,235,1
2025/09/01 11:55,05F0439S,05F0494S,5,215,7
2025/09/01 12:00,05F0000S,05F0055S,31,254,94
2025/09/01 12:00,05F0000S,05F0055S,32,252,37
2025/09/01 12:00,05F0000S,05F0055S,41,266,7
2025/09/01 12:00,05F0000S,05F0055S,42,0,0
2025/09/01 12:00,05F0000S,05F0055S,5,0,0
2025/09/01 12:00,05F0055S,05F0287S,31,1055,132
2025/09/01 12:00,05F0055S,05F0287S,32,1057,40
2025/09/01 12:00,05F0055S,05F0287S,41,1074,7
2025/09/01 12:00,05F0055S,05F0287S,42,0,0
2025/09/01 12:00,05F0055S,05F0287S,5,0,0
2025/09/01 12:00,05F0287S,05F0309S,31,90,97
2025/09/01 12:00,05F0287S,05F0309S,32,88,32
2025/09/01 12:00,05F0287S,05F0309S,41,92,4
2025/09/01 12:00,05F0287S,05F0309S,42,0,0
2025/09/01 12:00,05F0287S,05F0309S,5,0,0
2025/09/01 12:00,05F0309S,05F0439S,31,475,49
2025/09/01 12:00,05F0309S,05F0439S,32,504,14
2025/09/01 12:00,05F0309S,05F0439S,41,0,0
2025/09/01 12:00,05F0309S,05F0439S,42,567,2
2025/09/01 12:00,05F0309S,05F0439S,5,498,13
2025/09/01 12:00,05F0439S,05F0494S,31,207,33
2025/09/01 12:00,05F0439S,05F0494S,32,203,7
2025/09/01 12:00,05F0439S,05F0494S,41,0,0
2025/09/01 12:00,05F0439S,05F0494S,42,0,0
2025/09/01 12:00,05F0439S,05F0494S,5,217,5
2025/09/01 12:05,05F0000S,05F0055S,31,256,89
2025/09/01 12:05,05F0000S,05F0055S,32,255,25
2025/09/01 12:05,05F0000S,05F0055S,41,261,3
2025/09/01 12:05,05F0000S,05F0055S,42,0,0
2025/09/01 12:05,05F0000S,05F0055S,5,0,0
2025/09/01 12:05,05F0055S,05F0287S,31,1033,93
2025/09/01 12:05,05F0055S,05F0287S,32,1032,29
2025/09/01 12:05,05F0055S,05F0287S,41,1067,1
2025/09/01 12:05,05F0055S,05F0287S,42,0,0
2025/09/01 12:05,05F0055S,05F0287S,5,0,0
2025/09/01 12:05,05F0287S,05F0309S,31,88,71
2025/09/01 12:05,05F0287S,05F0309S,32,89,24
2025/09/01 12:05,05F0287S,05F0309S,41,94,3
2025/09/01 12:05,05F0287S,05F0309S,42,0,0
2025/09/01 12:05,05F0287S,05F0309S,5,0,0
2025/09/01 12:05,05F0309S,05F0439S,31,483,58
2025/09/01 12:05,05F0309S,05F0439S,32,498,18
2025/09/01 12:05,05F0309S,05F0439S,41,0,0
2025/09/01 12:05,05F0309S,05F0439S,42,528,1
2025/09/01 12:05,05F0309S,05F0439S,5,519,5
2025/09/01 12:05,05F0439S,05F0494S,31,199,31
2025/09/01 12:05,05F0439S,05F0494S,32,192,4
2025/09/01 12:05,05F0439S,05F0494S,41,0,0
2025/09/01 12:05,05F0439S,05F0494S,42,0,0
2025/09/01 12:05,05F0439S,05F0494S,5,205,9
2025/09/01 12:10,05F0000S,05F0055S,31,257,100
2025/09/01 12:10,05F0000S,05F0055S,32,263,42
2025/09/01 12:10,05F0000S,05F0055S,41,247,2
2025/09/01 12:10,05F0000S,05F0055S,42,0,0
2025/09/01 12:10,05F0000S,05F0055S,5,0,0
2025/09/01 12:10,05F0055S,05F0287S,31,1042,133
2025/09/01 12:10,05F0055S,05F0287S,32,1049,47
2025/09/01 12:10,05F0055S,05F0287S,41,1094,5
2025/09/01 12:10,05F0055S,05F0287S,42,0,0
2025/09/01 12:10,05F0055S,05F0287S,5,0,0
2025/09/01 12:10,05F0287S,05F0309S,31,88,72
2025/09/01 12:10,05F0287S,05F0309S,32,92,29
2025/09/01 12:10,05F0287S,05F0309S,41,91,2
2025/09/01 12:10,05F0287S,05F0309S,42,0,0
2025/09/01 12:10,05F0287S,05F0309S,5,0,0
2025/09/01 12:10,05F0309S,05F0439S,31,491,41
2025/09/01 12:10,05F0309S,05F0439S,32,485,18
2025/09/01 12:10,05F0309S,05F0439S,41,532,5
2025/09/01 12:10,05F0309S,05F0439S,42,0,0
2025/09/01 12:10,05F0309S,05F0439S,5,534,2
2025/09/01 12:10,05F0439S,05F0494S,31,204,32
2025/09/01 12:10,05F0439S,05F0494S,32,207,10
2025/09/01 12:10,05F0439S,05F0494S,41,0,0
2025/09/01 12:10,05F0439S,05F0494S,42,218,1
2025/09/01 12:10,05F0439S,05F0494S,5,218,4
2025/09/01 12:15,05F0000S,05F0055S,31,250,88
2025/09/01 12:15,05F0000S,05F0055S,32,253,39
2025/09/01 12:15,05F0000S,05F0055S,41,251,3
2025/09/01 12:15,05F0000S,05F0055S,42,0,0
2025/09/01 12:15,05F0000S,05F0055S,5,0,0
2025/09/01 12:15,05F0055S,05F0287S,31,1036,116
2025/09/01 12:15,05F0055S,05F0287S,32,1054,43
2025/09/01 12:15,05F0055S,05F0287S,41,1133,7
2025/09/01 12:15,05F0055S,05F0287S,42,0,0
2025/09/01 12:15,05F0055S,05F0287S,5,0,0
2025/09/01 12:15,05F0287S,05F0309S,31,88,76
2025/09/01 12:15,05F0287S,05F0309S,32,91,19
2025/09/01 12:15,05F0287S,05F0309S,41,95,6
2025/09/01 12:15,05F0287S,05F0309S,42,0,0
2025/09/01 12:15,05F0287S,05F0309S,5,0,0
2025/09/01 12:15,05F0309S,05F0439S,31,488,43
2025/09/01 12:15,05F0309S,05F0439S,32,504,19
2025/09/01 12:15,05F0309S,05F0439S,41,484,1
2025/09/01 12:15,05F0309S,05F0439S,42,0,0
2025/09/01 12:15,05F0309S,05F0439S,5,475,3
2025/09/01 12:15,05F0439S,05F0494S,31,209,29
2025/09/01 12:15,05F0439S,05F0494S,32,208,10
2025/09/01 12:15,05F0439S,05F0494S,41,0,0
2025/09/01 12:15,05F0439S,05F0494S,42,248,1
2025/09/01 12:15,05F0439S,05F0494S,5,216,1
2025/09/01 12:20,05F0000S,05F0055S,31,251,108
2025/09/01 12:20,05F0000S,05F0055S,32,252,33
2025/09/01 12:20,05F0000S,05F0055S,41,246,2
2025/09/01 12:20,05F0000S,05F0055S,42,0,0
2025/09/01 12:20,05F0000S,05F0055S,5,0,0
2025/09/01 12:20,05F0055S,05F0287S,31,997,115
2025/09/01 12:20,05F0055S,05F0287S,32,991,32
2025/09/01 12:20,05F0055S,05F0287S,41,1060,6
2025/09/01 12:20,05F0055S,05F0287S,42,0,0
2025/09/01 12:20,05F0055S,05F0287S,5,0,0
2025/09/01 12:20,05F0287S,05F0309S,31,86,74
2025/09/01 12:20,05F0287S,05F0309S,32,90,40
2025/09/01 12:20,05F0287S,05F0309S,41,92,4
2025/09/01 12:20,05F0287S,05F0309S,42,0,0
2025/09/01 12:20,05F0287S,05F0309S,5,0,0
2025/09/01 12:20,05F0309S,05F0439S,31,482,45
2025/09/01 12:20,05F0309S,05F0439S,32,511,16
2025/09/01 12:20,05F0309S,05F0439S,41,528,1
2025/09/01 12:20,05F0309S,05F0439S,42,582,3
2025/09/01 12:20,05F0309S,05F0439S,5,536,5
2025/09/01 12:20,05F0439S,05F0494S,31,203,31
2025/09/01 12:20,05F0439S,05F0494S,32,219,6
2025/09/01 12:20,05F0439S,05F0494S,41,0,0
2025/09/01 12:20,05F0439S,05F0494S,42,233,1
2025/09/01 12:20,05F0439S,05F0494S,5,224,4
2025/09/01 12:25,05F0000S,05F0055S,31,253,87
2025/09/01 12:25,05F0000S,05F0055S,32,251,33
2025/09/01 12:25,05F0000S,05F0055S,41,269,5
2025/09/01 12:25,05F0000S,05F0055S,42,0,0
2025/09/01 12:25,05F0000S,05F0055S,5,0,0
2025/09/01 12:25,05F0055S,05F0287S,31,1037,82
2025/09/01 12:25,05F0055S,05F0287S,32,1047,24
2025/09/01 12:25,05F0055S,05F0287S,41,1059,3
2025/09/01 12:25,05F0055S,05F0287S,42,0,0
2025/09/01 12:25,05F0055S,05F0287S,5,0,0
2025/09/01 12:25,05F0287S,05F0309S,31,88,62
2025/09/01 12:25,05F0287S,05F0309S,32,87,13
2025/09/01 12:25,05F0287S,05F0309S,41,88,2
2025/09/01 12:25,05F0287S,05F0309S,42,0,0
2025/09/01 12:25,05F0287S,05F0309S,5,0,0
2025/09/01 12:25,05F0309S,05F0439S,31,486,51
2025/09/01 12:25,05F0309S,05F0439S,32,507,23
2025/09/01 12:25,05F0309S,05F0439S,41,510,2
2025/09/01 12:25,05F0309S,05F0439S,42,534,1
2025/09/01 12:25,05F0309S,05F0439S,5,579,3
2025/09/01 12:25,05F0439S,05F0494S,31,209,24
2025/09/01 12:25,05F0439S,05F0494S,32,213,10
2025/09/01 12:25,05F0439S,05F0494S,41,0,0
2025/09/01 12:25,05F0439S,05F0494S,42,213,1
2025/09/01 12:25,05F0439S,05F0494S,5,225,2
2025/09/01 12:30,05F0000S,05F0055S,31,258,107
2025/09/01 12:30,05F0000S,05F0055S,32,261,37
2025/09/01 12:30,05F0000S,05F0055S,41,261,3
2025/09/01 12:30,05F0000S,05F0055S,42,0,0
2025/09/01 12:30,05F0000S,05F0055S,5,0,0
2025/09/01 12:30,05F0055S,05F0287S,31,1038,118
2025/09/01 12:30,05F0055S,05F0287S,32,1048,45
2025/09/01 12:30,05F0055S,05F0287S,41,1059,4
2025/09/01 12:30,05F0055S,05F0287S,42,0,0
2025/09/01 12:30,05F0055S,05F0287S,5,0,0
2025/09/01 12:30,05F0287S,05F0309S,31,90,75
2025/09/01 12:30,05F0287S,05F0309S,32,91,40
2025/09/01 12:30,05F0287S,05F0309S,41,93,4
2025/09/01 12:30,05F0287S,05F0309S,42,0,0
2025/09/01 12:30,05F0287S,05F0309S,5,0,0
2025/09/01 12:30,05F0309S,05F0439S,31,487,52
2025/09/01 12:30,05F0309S,05F0439S,32,505,20
2025/09/01 12:30,05F0309S,05F0439S,41,550,3
2025/09/01 12:30,05F0309S,05F0439S,42,590,2
2025/09/01 12:30,05F0309S,05F0439S,5,481,8
2025/09/01 12:30,05F0439S,05F0494S,31,202,24
2025/09/01 12:30,05F0439S,05F0494S,32,210,11
2025/09/01 12:30,05F0439S,05F0494S,41,238,2
2025/09/01 12:30,05F0439S,05F0494S,42,0,0
2025/09/01 12:30,05F0439S,05F0494S,5,228,4
2025/09/01 12:35,05F0000S,05F0055S,31,252,81
2025/09/01 12:35,05F0000S,05F0055S,32,248,26
2025/09/01 12:35,05F0000S,05F0055S,41,268,2
2025/09/01 12:35,05F0000S,05F0055S,42,0,0
2025/09/01 12:35,05F0000S,05F0055S,5,0,0
2025/09/01 12:35,05F0055S,05F0287S,31,1014,112
2025/09/01 12:35,05F0055S,05F0287S,32,1022,41
2025/09/01 12:35,05F0055S,05F0287S,41,1047,3
2025/09/01 12:35,05F0055S,05F0287S,42,0,0
2025/09/01 12:35,05F0055S,05F0287S,5,0,0
2025/09/01 12:35,05F0287S,05F0309S,31,89,76
2025/09/01 12:35,05F0287S,05F0309S,32,89,32
2025/09/01 12:35,05F0287S,05F0309S,41,93,2
2025/09/01 12:35,05F0287S,05F0309S,42,0,0
2025/09/01 12:35,05F0287S,05F0309S,5,0,0
2025/09/01 12:35,05F0309S,05F0439S,31,486,40
2025/09/01 12:35,05F0309S,05F0439S,32,481,9
2025/09/01 12:35,05F0309S,05F0439S,41,504,3
2025/09/01 12:35,05F0309S,05F0439S,42,490,1
2025/09/01 12:35,05F0309S,05F0439S,5,510,6
2025/09/01 12:35,05F0439S,05F0494S,31,210,30
2025/09/01 12:35,05F0439S,05F0494S,32,217,8
2025/09/01 12:35,05F0439S,05F0494S,41,233,1
2025/09/01 12:35,05F0439S,05F0494S,42,245,2
2025/09/01 12:35,05F0439S,05F0494S,5,205,4
2025/09/01 12:40,05F0000S,05F0055S,31,252,90
2025/09/01 12:40,05F0000S,05F0055S,32,254,25
2025/09/01 12:40,05F0000S,05F0055S,41,252,6
2025/09/01 12:40,05F0000S,05F0055S,42,0,0
2025/09/01 12:40,05F0000S,05F0055S,5,0,0
2025/09/01 12:40,05F0055S,05F0287S,31,1008,93
2025/09/01 12:40,05F0055S,05F0287S,32,1009,35
2025/09/01 12:40,05F0055S,05F0287S,41,1019,2
2025/09/01 12:40,05F0055S,05F0287S,42,0,0
2025/09/01 12:40,05F0055S,05F0287S,5,0,0
2025/09/01 12:40,05F0287S,05F0309S,31,86,74
2025/09/01 12:40,05F0287S,05F0309S,32,88,21
2025/09/01 12:40,05F0287S,05F0309S,41,96,1
2025/09/01 12:40,05F0287S,05F0309S,42,0,0
2025/09/01 12:40,05F0287S,05F0309S,5,0,0
2025/09/01 12:40,05F0309S,05F0439S,31,494,46
2025/09/01 12:40,05F0309S,05F0439S,32,504,23
2025/09/01 12:40,05F0309S,05F0439S,41,554,4
2025/09/01 12:40,05F0309S,05F0439S,42,0,0
2025/09/01 12:40,05F0309S,05F0439S,5,499,5
2025/09/01 12:40,05F0439S,05F0494S,31,212,32
2025/09/01 12:40,05F0439S,05F0494S,32,210,11
2025/09/01 12:40,05F0439S,05F0494S,41,0,0
2025/09/01 12:40,05F0439S,05F0494S,42,0,0
2025/09/01 12:40,05F0439S,05F0494S,5,217,3
2025/09/01 12:45,05F0000S,05F0055S,31,239,101
2025/09/01 12:45,05F0000S,05F0055S,32,242,22
2025/09/01 12:45,05F0000S,05F0055S,41,266,3
2025/09/01 12:45,05F0000S,05F0055S,42,0,0
2025/09/01 12:45,05F0000S,05F0055S,5,0,0
2025/09/01 12:45,05F0055S,05F0287S,31,1046,109
2025/09/01 12:45,05F0055S,05F0287S,32,1046,38
2025/09/01 12:45,05F0055S,05F0287S,41,1081,3
2025/09/01 12:45,05F0055S,05F0287S,42,0,0
2025/09/01 12:45,05F0055S,05F0287S,5,0,0
2025/09/01 12:45,05F0287S,05F0309S,31,88,64
2025/09/01 12:45,05F0287S,05F0309S,32,89,23
2025/09/01 12:45,05F0287S,05F0309S,41,96,4
2025/09/01 12:45,05F0287S,05F0309S,42,0,0
2025/09/01 12:45,05F0287S,05F0309S,5,0,0
2025/09/01 12:45,05F0309S,05F0439S,31,478,59
2025/09/01 12:45,05F0309S,05F0439S,32,505,22
2025/09/01 12:45,05F0309S,05F0439S,41,528,2
2025/09/01 12:45,05F0309S,05F0439S,42,543,3
2025/09/01 12:45,05F0309S,05F0439S,5,514,4
2025/09/01 12:45,05F0439S,05F0494S,31,210,20
2025/09/01 12:45,05F0439S,05F0494S,32,207,9
2025/09/01 12:45,05F0439S,05F0494S,41,0,0
2025/09/01 12:45,05F0439S,05F0494S,42,0,0
2025/09/01 12:45,05F0439S,05F0494S,5,215,4
2025/09/01 12:50,05F0000S,05F0055S,31,250,73
2025/09/01 12:50,05F0000S,05F0055S,32,254,29
2025/09/01 12:50,05F0000S,05F0055S,41,248,4
2025/09/01 12:50,05F0000S,05F0055S,42,0,0
2025/09/01 12:50,05F0000S,05F0055S,5,0,0
2025/09/01 12:50,05F0055S,05F0287S,31,1019,114
2025/09/01 12:50,05F0055S,05F0287S,32,1038,40
2025/09/01 12:50,05F0055S,05F0287S,41,1052,4
2025/09/01 12:50,05F0055S,05F0287S,42,0,0
2025/09/01 12:50,05F0055S,05F0287S,5,0,0
2025/09/01 12:50,05F0287S,05F0309S,31,85,84
2025/09/01 12:50,05F0287S,05F0309S,32,87,28
2025/09/01 12:50,05F0287S,05F0309S,41,96,2
2025/09/01 12:50,05F0287S,05F0309S,42,0,0
2025/09/01 12:50,05F0287S,05F0309S,5,0,0
2025/09/01 12:50,05F0309S,05F0439S,31,477,38
2025/09/01 12:50,05F0309S,05F0439S,32,505,10
2025/09/01 12:50,05F0309S,05F0439S,41,519,1
2025/09/01 12:50,05F0309S,05F0439S,42,491,3
2025/09/01 12:50,05F0309S,05F0439S,5,504,8
2025/09/01 12:50,05F0439S,05F0494S,31,203,34
2025/09/01 12:50,05F0439S,05F0494S,32,228,7
2025/09/01 12:50,05F0439S,05F0494S,41,0,0
2025/09/01 12:50,05F0439S,05F0494S,42,221,2
2025/09/01 12:50,05F0439S,05F0494S,5,219,3
2025/09/01 12:55,05F0000S,05F0055S,31,251,88
2025/09/01 12:55,05F0000S,05F0055S,32,254,25
2025/09/01 12:55,05F0000S,05F0055S,41,250,5
2025/09/01 12:55,05F0000S,05F0055S,42,0,0
2025/09/01 12:55,05F0000S,05F0055S,5,0,0
2025/09/01 12:55,05F0055S,05F0287S,31,1003,95
2025/09/01 12:55,05F0055S,05F0287S,32,1011,25
2025/09/01 12:55,05F0055S,05F0287S,41,1051,4
2025/09/01 12:55,05F0055S,05F0287S,42,0,0
2025/09/01 12:55,05F0055S,05F0287S,5,0,0
2025/09/01 12:55,05F0287S,05F0309S,31,86,63
2025/09/01 12:55,05F0287S,05F0309S,32,88,17
2025/09/01 12:55,05F0287S,05F0309S,41,98,3
2025/09/01 12:55,05F0287S,05F0309S,42,0,0
2025/09/01 12:55,05F0287S,05F0309S,5,0,0
2025/09/01 12:55,05F0309S,05F0439S,31,483,53
2025/09/01 12:55,05F0309S,05F0439S,32,467,15
2025/09/01 12:55,05F0309S,05F0439S,41,544,3
2025/09/01 12:55,05F0309S,05F0439S,42,504,2
2025/09/01 12:55,05F0309S,05F0439S,5,483,5
2025/09/01 12:55,05F0439S,05F0494S,31,201,19
2025/09/01 12:55,05F0439S,05F0494S,32,215,7
2025/09/01 12:55,05F0439S,05F0494S,41,217,1
2025/09/01 12:55,05F0439S,05F0494S,42,243,2
2025/09/01 12:55,05F0439S,05F0494S,5,207,6
2025/09/01 13:00,05F0000S,05F0055S,31,246,79
2025/09/01 13:00,05F0000S,05F0055S,32,246,24
2025/09/01 13:00,05F0000S,05F0055S,41,250,1
2025/09/01 13:00,05F0000S,05F0055S,42,0,0
2025/09/01 13:00,05F0000S,05F0055S,5,0,0
2025/09/01 13:00,05F0055S,05F0287S,31,1031,108
2025/09/01 13:00,05F0055S,05F0287S,32,1019,29
2025/09/01 13:00,05F0055S,05F0287S,41,1077,5
2025/09/01 13:00,05F0055S,05F0287S,42,0,0
2025/09/01 13:00,05F0055S,05F0287S,5,0,0
2025/09/01 13:00,05F0287S,05F0309S,31,85,57
2025/09/01 13:00,05F0287S,05F0309S,32,86,17
2025/09/01 13:00,05F0287S,05F0309S,41,93,5
2025/09/01 13:00,05F0287S,05F0309S,42,100,1
2025/09/01 13:00,05F0287S,05F0309S,5,0,0
2025/09/01 13:00,05F0309S,05F0439S,31,484,44
2025/09/01 13:00,05F0309S,05F0439S,32,487,19
2025/09/01 13:00,05F0309S,05F0439S,41,532,1
2025/09/01 13:00,05F0309S,05F0439S,42,556,2
2025/09/01 13:00,05F0309S,05F0439S,5,494,9
2025/09/01 13:00,05F0439S,05F0494S,31,202,40
2025/09/01 13:00,05F0439S,05F0494S,32,198,10
2025/09/01 13:00,05F0439S,05F0494S,41,0,0
2025/09/01 13:00,05F0439S,05F0494S,42,219,2
2025/09/01 13:00,05F0439S,05F0494S,5,206,5
2025/09/01 13:05,05F0000S,05F0055S,31,254,101
2025/09/01 13:05,05F0000S,05F0055S,32,253,33
2025/09/01 13:05,05F0000S,05F0055S,41,266,6
2025/09/01 13:05,05F0000S,05F0055S,42,0,0
2025/09/01 13:05,05F0000S,05F0055S,5,0,0
2025/09/01 13:05,05F0055S,05F0287S,31,990,99
2025/09/01 13:05,05F0055S,05F0287S,32,975,29
2025/09/01 13:05,05F0055S,05F0287S,41,1007,5
2025/09/01 13:05,05F0055S,05F0287S,42,0,0
2025/09/01 13:05,05F0055S,05F0287S,5,0,0
2025/09/01 13:05,05F0287S,05F0309S,31,86,76
2025/09/01 13:05,05F0287S,05F0309S,32,87,29
2025/09/01 13:05,05F0287S,05F0309S,41,91,5
2025/09/01 13:05,05F0287S,05F0309S,42,0,0
2025/09/01 13:05,05F0287S,05F0309S,5,0,0
2025/09/01 13:05,05F0309S,05F0439S,31,477,49
2025/09/01 13:05,05F0309S,05F0439S,32,477,10
2025/09/01 13:05,05F0309S,05F0439S,41,530,1
2025/09/01 13:05,05F0309S,05F0439S,42,520,2
2025/09/01 13:05,05F0309S,05F0439S,5,499,3
2025/09/01 13:05,05F0439S,05F0494S,31,201,21
2025/09/01 13:05,05F0439S,05F0494S,32,216,12
2025/09/01 13:05,05F0439S,05F0494S,41,0,0
2025/09/01 13:05,05F0439S,05F0494S,42,0,0
2025/09/01 13:05,05F0439S,05F0494S,5,207,4
2025/09/01 13:10,05F0000S,05F0055S,31,260,107
2025/09/01 13:10,05F0000S,05F0055S,32,258,35
2025/09/01 13:10,05F0000S,05F0055S,41,255,3
2025/09/01 13:10,05F0000S,05F0055S,42,0,0
2025/09/01 13:10,05F0000S,05F0055S,5,0,0
2025/09/01 13:10,05F0055S,05F0287S,31,1026,89
2025/09/01 13:10,05F0055S,05F0287S,32,1028,22
2025/09/01 13:10,05F0055S,05F0287S,41,1050,4
2025/09/01 13:10,05F0055S,05F0287S,42,0,0
2025/09/01 13:10,05F0055S,05F0287S,5,0,0
2025/09/01 13:10,05F0287S,05F0309S,31,86,59
2025/09/01 13:10,05F0287S,05F0309S,32,87,22
2025/09/01 13:10,05F0287S,05F0309S,41,0,0
2025/09/01 13:10,05F0287S,05F0309S,42,0,0
2025/09/01 13:10,05F0287S,05F0309S,5,0,0
2025/09/01 13:10,05F0309S,05F0439S,31,460,50
2025/09/01 13:10,05F0309S,05F0439S,32,470,14
2025/09/01 13:10,05F0309S,05F0439S,41,522,3
2025/09/01 13:10,05F0309S,05F0439S,42,0,0
2025/09/01 13:10,05F0309S,05F0439S,5,508,7
2025/09/01 13:10,05F0439S,05F0494S,31,199,19
2025/09/01 13:10,05F0439S,05F0494S,32,202,5
2025/09/01 13:10,05F0439S,05F0494S,41,0,0
2025/09/01 13:10,05F0439S,05F0494S,42,225,1
2025/09/01 13:10,05F0439S,05F0494S,5,211,4
2025/09/01 13:15,05F0000S,05F0055S,31,251,91
2025/09/01 13:15,05F0000S,05F0055S,32,255,28
2025/09/01 13:15,05F0000S,05F0055S,41,249,3
2025/09/01 13:15,05F0000S,05F0055S,42,0,0
2025/09/01 13:15,05F0000S,05F0055S,5,0,0
2025/09/01 13:15,05F0055S,05F0287S,31,998,100
2025/09/01 13:15,05F0055S,05F0287S,32,1009,33
2025/09/01 13:15,05F0055S,05F0287S,41,1052,2
2025/09/01 13:15,05F0055S,05F0287S,42,0,0
2025/09/01 13:15,05F0055S,05F0287S,5,0,0
2025/09/01 13:15,05F0287S,05F0309S,31,85,77
2025/09/01 13:15,05F0287S,05F0309S,32,90,26
2025/09/01 13:15,05F0287S,05F0309S,41,94,5
2025/09/01 13:15,05F0287S,05F0309S,42,0,0
2025/09/01 13:15,05F0287S,05F0309S,5,0,0
2025/09/01 13:15,05F0309S,05F0439S,31,471,43
2025/09/01 13:15,05F0309S,05F0439S,32,476,10
2025/09/01 13:15,05F0309S,05F0439S,41,530,3
2025/09/01 13:15,05F0309S,05F0439S,42,515,4
2025/09/01 13:15,05F0309S,05F0439S,5,490,3
2025/09/01 13:15,05F0439S,05F0494S,31,189,24
2025/09/01 13:15,05F0439S,05F0494S,32,198,11
2025/09/01 13:15,05F0439S,05F0494S,41,0,0
2025/09/01 13:15,05F0439S,05F0494S,42,204,2
2025/09/01 13:15,05F0439S,05F0494S,5,202,4
2025/09/01 13:20,05F0000S,05F0055S,31,252,84
2025/09/01 13:20,05F0000S,05F0055S,32,253,28
2025/09/01 13:20,05F0000S,05F0055S,41,268,6
2025/09/01 13:20,05F0000S,05F0055S,42,0,0
2025/09/01 13:20,05F0000S,05F0055S,5,0,0
2025/09/01 13:20,05F0055S,05F0287S,31,1004,92
2025/09/01 13:20,05F0055S,05F0287S,32,1010,33
2025/09/01 13:20,05F0055S,05F0287S,41,1012,4
2025/09/01 13:20,05F0055S,05F0287S,42,0,0
2025/09/01 13:20,05F0055S,05F0287S,5,0,0
2025/09/01 13:20,05F0287S,05F0309S,31,87,55
2025/09/01 13:20,05F0287S,05F0309S,32,90,18
2025/09/01 13:20,05F0287S,05F0309S,41,89,1
2025/09/01 13:20,05F0287S,05F0309S,42,0,0
2025/09/01 13:20,05F0287S,05F0309S,5,0,0
2025/09/01 13:20,05F0309S,05F0439S,31,470,54
2025/09/01 13:20,05F0309S,05F0439S,32,466,12
2025/09/01 13:20,05F0309S,05F0439S,41,0,0
2025/09/01 13:20,05F0309S,05F0439S,42,537,2
2025/09/01 13:20,05F0309S,05F0439S,5,507,4
2025/09/01 13:20,05F0439S,05F0494S,31,205,26
2025/09/01 13:20,05F0439S,05F0494S,32,203,7
2025/09/01 13:20,05F0439S,05F0494S,41,0,0
2025/09/01 13:20,05F0439S,05F0494S,42,239,1
2025/09/01 13:20,05F0439S,05F0494S,5,205,4
2025/09/01 13:25,05F0000S,05F0055S,31,255,103
2025/09/01 13:25,05F0000S,05F0055S,32,256,41
2025/09/01 13:25,05F0000S,05F0055S,41,252,5
2025/09/01 13:25,05F0000S,05F0055S,42,0,0
2025/09/01 13:25,05F0000S,05F0055S,5,0,0
2025/09/01 13:25,05F0055S,05F0287S,31,1024,87
2025/09/01 13:25,05F0055S,05F0287S,32,1035,28
2025/09/01 13:25,05F0055S,05F0287S,41,1040,3
2025/09/01 13:25,05F0055S,05F0287S,42,0,0
2025/09/01 13:25,05F0055S,05F0287S,5,0,0
2025/09/01 13:25,05F0287S,05F0309S,31,91,56
2025/09/01 13:25,05F0287S,05F0309S,32,92,24
2025/09/01 13:25,05F0287S,05F0309S,41,92,4
2025/09/01 13:25,05F0287S,05F0309S,42,0,0
2025/09/01 13:25,05F0287S,05F0309S,5,0,0
2025/09/01 13:25,05F0309S,05F0439S,31,481,48
2025/09/01 13:25,05F0309S,05F0439S,32,500,12
2025/09/01 13:25,05F0309S,05F0439S,41,528,2
2025/09/01 13:25,05F0309S,05F0439S,42,521,1
2025/09/01 13:25,05F0309S,05F0439S,5,512,6
2025/09/01 13:25,05F0439S,05F0494S,31,202,24
2025/09/01 13:25,05F0439S,05F0494S,32,198,8
2025/09/01 13:25,05F0439S,05F0494S,41,223,2
2025/09/01 13:25,05F0439S,05F0494S,42,220,3
2025/09/01 13:25,05F0439S,05F0494S,5,233,3
2025/09/01 13:30,05F0000S,05F0055S,31,244,91
2025/09/01 13:30,05F0000S,05F0055S,32,244,25
2025/09/01 13:30,05F0000S,05F0055S,41,0,0
2025/09/01 13:30,05F0000S,05F0055S,42,0,0
2025/09/01 13:30,05F0000S,05F0055S,5,0,0
2025/09/01 13:30,05F0055S,05F0287S,31,1023,111
2025/09/01 13:30,05F0055S,05F0287S,32,1030,33
2025/09/01 13:30,05F0055S,05F0287S,41,1055,4
2025/09/01 13:30,05F0055S,05F0287S,42,0,0
2025/09/01 13:30,05F0055S,05F0287S,5,0,0
2025/09/01 13:30,05F0287S,05F0309S,31,87,75
2025/09/01 13:30,05F0287S,05F0309S,32,92,25
2025/09/01 13:30,05F0287S,05F0309S,41,88,2
2025/09/01 13:30,05F0287S,05F0309S,42,0,0
2025/09/01 13:30,05F0287S,05F0309S,5,0,0
2025/09/01 13:30,05F0309S,05F0439S,31,490,39
2025/09/01 13:30,05F0309S,05F0439S,32,496,14
2025/09/01 13:30,05F0309S,05F0439S,41,0,0
2025/09/01 13:30,05F0309S,05F0439S,42,0,0
2025/09/01 13:30,05F0309S,05F0439S,5,493,4
2025/09/01 13:30,05F0439S,05F0494S,31,203,14
2025/09/01 13:30,05F0439S,05F0494S,32,218,4
2025/09/01 13:30,05F0439S,05F0494S,41,0,0
2025/09/01 13:30,05F0439S,05F0494S,42,0,0
2025/09/01 13:30,05F0439S,05F0494S,5,205,3
2025/09/01 13:35,05F0000S,05F0055S,31,250,86
2025/09/01 13:35,05F0000S,05F0055S,32,251,26
2025/09/01 13:35,05F0000S,05F0055S,41,258,1
2025/09/01 13:35,05F0000S,05F0055S,42,0,0
2025/09/01 13:35,05F0000S,05F0055S,5,0,0
2025/09/01 13:35,05F0055S,05F0287S,31,1020,92
2025/09/01 13:35,05F0055S,05F0287S,32,1019,25
2025/09/01 13:35,05F0055S,05F0287S,41,1062,5
2025/09/01 13:35,05F0055S,05F0287S,42,0,0
2025/09/01 13:35,05F0055S,05F0287S,5,0,0
2025/09/01 13:35,05F0287S,05F0309S,31,89,70
2025/09/01 13:35,05F0287S,05F0309S,32,94,25
2025/09/01 13:35,05F0287S,05F0309S,41,92,2
2025/09/01 13:35,05F0287S,05F0309S,42,0,0
2025/09/01 13:35,05F0287S,05F0309S,5,0,0
2025/09/01 13:35,05F0309S,05F0439S,31,492,56
2025/09/01 13:35,05F0309S,05F0439S,32,515,18
2025/09/01 13:35,05F0309S,05F0439S,41,527,3
2025/09/01 13:35,05F0309S,05F0439S,42,541,1
2025/09/01 13:35,05F0309S,05F0439S,5,490,5
2025/09/01 13:35,05F0439S,05F0494S,31,207,31
2025/09/01 13:35,05F0439S,05F0494S,32,211,8
2025/09/01 13:35,05F0439S,05F0494S,41,0,0
2025/09/01 13:35,05F0439S,05F0494S,42,235,1
2025/09/01 13:35,05F0439S,05F0494S,5,202,4
2025/09/01 13:40,05F0000S,05F0055S,31,248,76
2025/09/01 13:40,05F0000S,05F0055S,32,249,30
2025/09/01 13:40,05F0000S,05F0055S,41,259,5
2025/09/01 13:40,05F0000S,05F0055S,42,0,0
2025/09/01 13:40,05F0000S,05F0055S,5,0,0
2025/09/01 13:40,05F0055S,05F0287S,31,1013,106
2025/09/01 13:40,05F0055S,05F0287S,32,1022,36
2025/09/01 13:40,05F0055S,05F0287S,41,1070,3
2025/09/01 13:40,05F0055S,05F0287S,42,0,0
2025/09/01 13:40,05F0055S,05F0287S,5,0,0
2025/09/01 13:40,05F0287S,05F0309S,31,87,69
2025/09/01 13:40,05F0287S,05F0309S,32,92,19
2025/09/01 13:40,05F0287S,05F0309S,41,92,3
2025/09/01 13:40,05F0287S,05F0309S,42,0,0
2025/09/01 13:40,05F0287S,05F0309S,5,0,0
2025/09/01 13:40,05F0309S,05F0439S,31,481,45
2025/09/01 13:40,05F0309S,05F0439S,32,512,22
2025/09/01 13:40,05F0309S,05F0439S,41,493,1
2025/09/01 13:40,05F0309S,05F0439S,42,454,2
2025/09/01 13:40,05F0309S,05F0439S,5,510,4
2025/09/01 13:40,05F0439S,05F0494S,31,201,29
2025/09/01 13:40,05F0439S,05F0494S,32,220,11
2025/09/01 13:40,05F0439S,05F0494S,41,0,0
2025/09/01 13:40,05F0439S,05F0494S,42,1738,2
2025/09/01 13:40,05F0439S,05F0494S,5,313,2
2025/09/01 13:45,05F0000S,05F0055S,31,247,67
2025/09/01 13:45,05F0000S,05F0055S,32,242,22
2025/09/01 13:45,05F0000S,05F0055S,41,253,4
2025/09/01 13:45,05F0000S,05F0055S,42,0,0
2025/09/01 13:45,05F0000S,05F0055S,5,0,0
2025/09/01 13:45,05F0055S,05F0287S,31,1046,101
2025/09/01 13:45,05F0055S,05F0287S,32,1020,38
2025/09/01 13:45,05F0055S,05F0287S,41,1110,5
2025/09/01 13:45,05F0055S,05F0287S,42,0,0
2025/09/01 13:45,05F0055S,05F0287S,5,0,0
2025/09/01 13:45,05F0287S,05F0309S,31,88,64
2025/09/01 13:45,05F0287S,05F0309S,32,89,27
2025/09/01 13:45,05F0287S,05F0309S,41,93,4
2025/09/01 13:45,05F0287S,05F0309S,42,0,0
2025/09/01 13:45,05F0287S,05F0309S,5,0,0
2025/09/01 13:45,05F0309S,05F0439S,31,487,57
2025/09/01 13:45,05F0309S,05F0439S,32,499,13
2025/09/01 13:45,05F0309S,05F0439S,41,538,2
2025/09/01 13:45,05F0309S,05F0439S,42,485,3
2025/09/01 13:45,05F0309S,05F0439S,5,556,5
2025/09/01 13:45,05F0439S,05F0494S,31,203,30
2025/09/01 13:45,05F0439S,05F0494S,32,203,6
2025/09/01 13:45,05F0439S,05F0494S,41,0,0
2025/09/01 13:45,05F0439S,05F0494S,42,222,2
2025/09/01 13:45,05F0439S,05F0494S,5,224,3
2025/09/01 13:50,05F0000S,05F0055S,31,249,71
2025/09/01 13:50,05F0000S,05F0055S,32,252,33
2025/09/01 13:50,05F0000S,05F0055S,41,259,4
2025/09/01 13:50,05F0000S,05F0055S,42,0,0
2025/09/01 13:50,05F0000S,05F0055S,5,0,0
2025/09/01 13:50,05F0055S,05F0287S,31,993,86
2025/09/01 13:50,05F0055S,05F0287S,32,999,30
2025/09/01 13:50,05F0055S,05F0287S,41,1001,1
2025/09/01 13:50,05F0055S,05F0287S,42,0,0
2025/09/01 13:50,05F0055S,05F0287S,5,0,0
2025/09/01 13:50,05F0287S,05F0309S,31,87,70
2025/09/01 13:50,05F0287S,05F0309S,32,87,19
2025/09/01 13:50,05F0287S,05F0309S,41,2449,1
2025/09/01 13:50,05F0287S,05F0309S,42,0,0
2025/09/01 13:50,05F0287S,05F0309S,5,0,0
2025/09/01 13:50,05F0309S,05F0439S,31,469,52
2025/09/01 13:50,05F0309S,05F0439S,32,493,12
2025/09/01 13:50,05F0309S,05F0439S,41,524,1
2025/09/01 13:50,05F0309S,05F0439S,42,538,2
2025/09/01 13:50,05F0309S,05F0439S,5,509,2
2025/09/01 13:50,05F0439S,05F0494S,31,199,34
2025/09/01 13:50,05F0439S,05F0494S,32,209,14
2025/09/01 13:50,05F0439S,05F0494S,41,0,0
2025/09/01 13:50,05F0439S,05F0494S,42,219,3
2025/09/01 13:50,05F0439S,05F0494S,5,218,5
2025/09/01 13:55,05F0000S,05F0055S,31,255,65
2025/09/01 13:55,05F0000S,05F0055S,32,254,21
2025/09/01 13:55,05F0000S,05F0055S,41,254,3
2025/09/01 13:55,05F0000S,05F0055S,42,0,0
2025/09/01 13:55,05F0000S,05F0055S,5,0,0
2025/09/01 13:55,05F0055S,05F0287S,31,1000,84
2025/09/01 13:55,05F0055S,05F0287S,32,1001,35
2025/09/01 13:55,05F0055S,05F0287S,41,1055,2
2025/09/01 13:55,05F0055S,05F0287S,42,0,0
2025/09/01 13:55,05F0055S,05F0287S,5,0,0
2025/09/01 13:55,05F0287S,05F0309S,31,85,60
2025/09/01 13:55,05F0287S,05F0309S,32,88,23
2025/09/01 13:55,05F0287S,05F0309S,41,519,2
2025/09/01 13:55,05F0287S,05F0309S,42,0,0
2025/09/01 13:55,05F0287S,05F0309S,5,0,0
2025/09/01 13:55,05F0309S,05F0439S,31,475,46
2025/09/01 13:55,05F0309S,05F0439S,32,467,15
2025/09/01 13:55,05F0309S,05F0439S,41,536,3
2025/09/01 13:55,05F0309S,05F0439S,42,0,0
2025/09/01 13:55,05F0309S,05F0439S,5,521,2
2025/09/01 13:55,05F0439S,05F0494S,31,205,26
2025/09/01 13:55,05F0439S,05F0494S,32,208,8
2025/09/01 13:55,05F0439S,05F0494S,41,0,0
2025/09/01 13:55,05F0439S,05F0494S,42,235,1
2025/09/01 13:55,05F0439S,05F0494S,5,238,3
2025/09/01 14:00,05F0000S,05F0055S,31,250,86
2025/09/01 14:00,05F0000S,05F0055S,32,251,29
2025/09/01 14:00,05F0000S,05F0055S,41,259,1
2025/09/01 14:00,05F0000S,05F0055S,42,0,0
2025/09/01 14:00,05F0000S,05F0055S,5,0,0
2025/09/01 14:00,05F0055S,05F0287S,31,999,81
2025/09/01 14:00,05F0055S,05F0287S,32,1011,33
2025/09/01 14:00,05F0055S,05F0287S,41,1015,4
2025/09/01 14:00,05F0055S,05F0287S,42,0,0
2025/09/01 14:00,05F0055S,05F0287S,5,0,0
2025/09/01 14:00,05F0287S,05F0309S,31,91,55
2025/09/01 14:00,05F0287S,05F0309S,32,92,27
2025/09/01 14:00,05F0287S,05F0309S,41,95,4
2025/09/01 14:00,05F0287S,05F0309S,42,0,0
2025/09/01 14:00,05F0287S,05F0309S,5,0,0
2025/09/01 14:00,05F0309S,05F0439S,31,480,46
2025/09/01 14:00,05F0309S,05F0439S,32,489,14
2025/09/01 14:00,05F0309S,05F0439S,41,0,0
2025/09/01 14:00,05F0309S,05F0439S,42,488,4
2025/09/01 14:00,05F0309S,05F0439S,5,485,3
2025/09/01 14:00,05F0439S,05F0494S,31,207,27
2025/09/01 14:00,05F0439S,05F0494S,32,212,12
2025/09/01 14:00,05F0439S,05F0494S,41,0,0
2025/09/01 14:00,05F0439S,05F0494S,42,248,1
2025/09/01 14:00,05F0439S,05F0494S,5,218,2
2025/09/01 14:05,05F0000S,05F0055S,31,248,91
2025/09/01 14:05,05F0000S,05F0055S,32,250,30
2025/09/01 14:05,05F0000S,05F0055S,41,252,2
2025/09/01 14:05,05F0000S,05F0055S,42,0,0
2025/09/01 14:05,05F0000S,05F0055S,5,0,0
2025/09/01 14:05,05F0055S,05F0287S,31,1009,75
2025/09/01 14:05,05F0055S,05F0287S,32,1023,34
2025/09/01 14:05,05F0055S,05F0287S,41,1031,4
2025/09/01 14:05,05F0055S,05F0287S,42,0,0
2025/09/01 14:05,05F0055S,05F0287S,5,0,0
2025/09/01 14:05,05F0287S,05F0309S,31,86,62
2025/09/01 14:05,05F0287S,05F0309S,32,92,21
2025/09/01 14:05,05F0287S,05F0309S,41,96,2
2025/09/01 14:05,05F0287S,05F0309S,42,0,0
2025/09/01 14:05,05F0287S,05F0309S,5,0,0
2025/09/01 14:05,05F0309S,05F0439S,31,495,43
2025/09/01 14:05,05F0309S,05F0439S,32,507,13
2025/09/01 14:05,05F0309S,05F0439S,41,533,1
2025/09/01 14:05,05F0309S,05F0439S,42,505,1
2025/09/01 14:05,05F0309S,05F0439S,5,490,3
2025/09/01 14:05,05F0439S,05F0494S,31,205,20
2025/09/01 14:05,05F0439S,05F0494S,32,209,10
2025/09/01 14:05,05F0439S,05F0494S,41,0,0
2025/09/01 14:05,05F0439S,05F0494S,42,208,3
2025/09/01 14:05,05F0439S,05F0494S,5,209,6
2025/09/01 14:10,05F0000S,05F0055S,31,252,86
2025/09/01 14:10,05F0000S,05F0055S,32,253,29
2025/09/01 14:10,05F0000S,05F0055S,41,253,4
2025/09/01 14:10,05F0000S,05F0055S,42,0,0
2025/09/01 14:10,05F0000S,05F0055S,5,0,0
2025/09/01 14:10,05F0055S,05F0287S,31,1008,95
2025/09/01 14:10,05F0055S,05F0287S,32,1011,26
2025/09/01 14:10,05F0055S,05F0287S,41,1022,5
2025/09/01 14:10,05F0055S,05F0287S,42,0,0
2025/09/01 14:10,05F0055S,05F0287S,5,0,0
2025/09/01 14:10,05F0287S,05F0309S,31,88,64
2025/09/01 14:10,05F0287S,05F0309S,32,90,24
2025/09/01 14:10,05F0287S,05F0309S,41,95,4
2025/09/01 14:10,05F0287S,05F0309S,42,0,0
2025/09/01 14:10,05F0287S,05F0309S,5,0,0
2025/09/01 14:10,05F0309S,05F0439S,31,487,52
2025/09/01 14:10,05F0309S,05F0439S,32,499,23
2025/09/01 14:10,05F0309S,05F0439S,41,567,2
2025/09/01 14:10,05F0309S,05F0439S,42,515,1
2025/09/01 14:10,05F0309S,05F0439S,5,516,5
2025/09/01 14:10,05F0439S,05F0494S,31,203,28
2025/09/01 14:10,05F0439S,05F0494S,32,203,15
2025/09/01 14:10,05F0439S,05F0494S,41,0,0
2025/09/01 14:10,05F0439S,05F0494S,42,210,1
2025/09/01 14:10,05F0439S,05F0494S,5,0,0
2025/09/01 14:15,05F0000S,05F0055S,31,258,86
2025/09/01 14:15,05F0000S,05F0055S,32,262,35
2025/09/01 14:15,05F0000S,05F0055S,41,258,2
2025/09/01 14:15,05F0000S,05F0055S,42,0,0
2025/09/01 14:15,05F0000S,05F0055S,5,0,0
2025/09/01 14:15,05F0055S,05F0287S,31,1002,79
2025/09/01 14:15,05F0055S,05F0287S,32,1000,26
2025/09/01 14:15,05F0055S,05F0287S,41,0,0
2025/09/01 14:15,05F0055S,05F0287S,42,0,0
2025/09/01 14:15,05F0055S,05F0287S,5,0,0
2025/09/01 14:15,05F0287S,05F0309S,31,88,59
2025/09/01 14:15,05F0287S,05F0309S,32,92,16
2025/09/01 14:15,05F0287S,05F0309S,41,701,2
2025/09/01 14:15,05F0287S,05F0309S,42,0,0
2025/09/01 14:15,05F0287S,05F0309S,5,0,0
2025/09/01 14:15,05F0309S,05F0439S,31,473,38
2025/09/01 14:15,05F0309S,05F0439S,32,483,14
2025/09/01 14:15,05F0309S,05F0439S,41,0,0
2025/09/01 14:15,05F0309S,05F0439S,42,523,3
2025/09/01 14:15,05F0309S,05F0439S,5,508,3
2025/09/01 14:15,05F0439S,05F0494S,31,207,23
2025/09/01 14:15,05F0439S,05F0494S,32,219,11
2025/09/01 14:15,05F0439S,05F0494S,41,0,0
2025/09/01 14:15,05F0439S,05F0494S,42,216,3
2025/09/01 14:15,05F0439S,05F0494S,5,211,4
2025/09/01 14:20,05F0000S,05F0055S,31,246,76
2025/09/01 14:20,05F0000S,05F0055S,32,248,22
2025/09/01 14:20,05F0000S,05F0055S,41,263,3
2025/09/01 14:20,05F0000S,05F0055S,42,263,1
2025/09/01 14:20,05F0000S,05F0055S,5,0,0
2025/09/01 14:20,05F0055S,05F0287S,31,1037,92
2025/09/01 14:20,05F0055S,05F0287S,32,1052,34
2025/09/01 14:20,05F0055S,05F0287S,41,1098,2
2025/09/01 14:20,05F0055S,05F0287S,42,0,0
2025/09/01 14:20,05F0055S,05F0287S,5,0,0
2025/09/01 14:20,05F0287S,05F0309S,31,85,48
2025/09/01 14:20,05F0287S,05F0309S,32,90,22
2025/09/01 14:20,05F0287S,05F0309S,41,94,1
2025/09/01 14:20,05F0287S,05F0309S,42,0,0
2025/09/01 14:20,05F0287S,05F0309S,5,0,0
2025/09/01 14:20,05F0309S,05F0439S,31,482,40
2025/09/01 14:20,05F0309S,05F0439S,32,510,19
2025/09/01 14:20,05F0309S,05F0439S,41,533,4
2025/09/01 14:20,05F0309S,05F0439S,42,531,2
2025/09/01 14:20,05F0309S,05F0439S,5,503,4
2025/09/01 14:20,05F0439S,05F0494S,31,196,20
2025/09/01 14:20,05F0439S,05F0494S,32,200,11
2025/09/01 14:20,05F0439S,05F0494S,41,0,0
2025/09/01 14:20,05F0439S,05F0494S,42,220,2
2025/09/01 14:20,05F0439S,05F0494S,5,225,3
2025/09/01 14:25,05F0000S,05F0055S,31,253,102
2025/09/01 14:25,05F0000S,05F0055S,32,263,29
2025/09/01 14:25,05F0000S,05F0055S,41,249,4
2025/09/01 14:25,05F0000S,05F0055S,42,0,0
2025/09/01 14:25,05F0000S,05F0055S,5,0,0
2025/09/01 14:25,05F0055S,05F0287S,31,1010,107
2025/09/01 14:25,05F0055S,05F0287S,32,1021,33
2025/09/01 14:25,05F0055S,05F0287S,41,1020,4
2025/09/01 14:25,05F0055S,05F0287S,42,0,0
2025/09/01 14:25,05F0055S,05F0287S,5,0,0
2025/09/01 14:25,05F0287S,05F0309S,31,90,78
2025/09/01 14:25,05F0287S,05F0309S,32,92,35
2025/09/01 14:25,05F0287S,05F0309S,41,94,2
2025/09/01 14:25,05F0287S,05F0309S,42,0,0
2025/09/01 14:25,05F0287S,05F0309S,5,0,0
2025/09/01 14:25,05F0309S,05F0439S,31,487,49
2025/09/01 14:25,05F0309S,05F0439S,32,513,18
2025/09/01 14:25,05F0309S,05F0439S,41,602,1
2025/09/01 14:25,05F0309S,05F0439S,42,0,0
2025/09/01 14:25,05F0309S,05F0439S,5,563,2
2025/09/01 14:25,05F0439S,05F0494S,31,209,20
2025/09/01 14:25,05F0439S,05F0494S,32,220,5
2025/09/01 14:25,05F0439S,05F0494S,41,0,0
2025/09/01 14:25,05F0439S,05F0494S,42,214,1
2025/09/01 14:25,05F0439S,05F0494S,5,202,3
2025/09/01 14:30,05F0000S,05F0055S,31,250,81
2025/09/01 14:30,05F0000S,05F0055S,32,252,30
2025/09/01 14:30,05F0000S,05F0055S,41,250,3
2025/09/01 14:30,05F0000S,05F0055S,42,0,0
2025/09/01 14:30,05F0000S,05F0055S,5,0,0
2025/09/01 14:30,05F0055S,05F0287S,31,1013,78
2025/09/01 14:30,05F0055S,05F0287S,32,1007,33
2025/09/01 14:30,05F0055S,05F0287S,41,1011,2
2025/09/01 14:30,05F0055S,05F0287S,42,0,0
2025/09/01 14:30,05F0055S,05F0287S,5,0,0
2025/09/01 14:30,05F0287S,05F0309S,31,87,57
2025/09/01 14:30,05F0287S,05F0309S,32,88,19
2025/09/01 14:30,05F0287S,05F0309S,41,91,3
2025/09/01 14:30,05F0287S,05F0309S,42,0,0
2025/09/01 14:30,05F0287S,05F0309S,5,0,0
2025/09/01 14:30,05F0309S,05F0439S,31,496,40
2025/09/01 14:30,05F0309S,05F0439S,32,490,14
2025/09/01 14:30,05F0309S,05F0439S,41,529,1
2025/09/01 14:30,05F0309S,05F0439S,42,0,0
2025/09/01 14:30,05F0309S,05F0439S,5,501,4
2025/09/01 14:30,05F0439S,05F0494S,31,211,29
2025/09/01 14:30,05F0439S,05F0494S,32,206,8
2025/09/01 14:30,05F0439S,05F0494S,41,0,0
2025/09/01 14:30,05F0439S,05F0494S,42,216,1
2025/09/01 14:30,05F0439S,05F0494S,5,220,4
2025/09/01 14:35,05F0000S,05F0055S,31,250,87
2025/09/01 14:35,05F0000S,05F0055S,32,254,29
2025/09/01 14:35,05F0000S,05F0055S,41,259,6
2025/09/01 14:35,05F0000S,05F0055S,42,0,0
2025/09/01 14:35,05F0000S,05F0055S,5,0,0
2025/09/01 14:35,05F0055S,05F0287S,31,1031,104
2025/09/01 14:35,05F0055S,05F0287S,32,1042,29
2025/09/01 14:35,05F0055S,05F0287S,41,1071,2
2025/09/01 14:35,05F0055S,05F0287S,42,0,0
2025/09/01 14:35,05F0055S,05F0287S,5,0,0
2025/09/01 14:35,05F0287S,05F0309S,31,89,70
2025/09/01 14:35,05F0287S,05F0309S,32,90,32
2025/09/01 14:35,05F0287S,05F0309S,41,98,1
2025/09/01 14:35,05F0287S,05F0309S,42,0,0
2025/09/01 14:35,05F0287S,05F0309S,5,0,0
2025/09/01 14:35,05F0309S,05F0439S,31,488,44
2025/09/01 14:35,05F0309S,05F0439S,32,481,17
2025/09/01 14:35,05F0309S,05F0439S,41,529,1
2025/09/01 14:35,05F0309S,05F0439S,42,578,1
2025/09/01 14:35,05F0309S,05F0439S,5,507,4
2025/09/01 14:35,05F0439S,05F0494S,31,201,28
2025/09/01 14:35,05F0439S,05F0494S,32,206,9
2025/09/01 14:35,05F0439S,05F0494S,41,0,0
2025/09/01 14:35,05F0439S,05F0494S,42,0,0
2025/09/01 14:35,05F0439S,05F0494S,5,211,2
2025/09/01 14:40,05F0000S,05F0055S,31,247,91
2025/09/01 14:40,05F0000S,05F0055S,32,243,25
2025/09/01 14:40,05F0000S,05F0055S,41,236,2
2025/09/01 14:40,05F0000S,05F0055S,42,0,0
2025/09/01 14:40,05F0000S,05F0055S,5,0,0
2025/09/01 14:40,05F0055S,05F0287S,31,1016,89
2025/09/01 14:40,05F0055S,05F0287S,32,1023,36
2025/09/01 14:40,05F0055S,05F0287S,41,1066,4
2025/09/01 14:40,05F0055S,05F0287S,42,1066,1
2025/09/01 14:40,05F0055S,05F0287S,5,0,0
2025/09/01 14:40,05F0287S,05F0309S,31,89,49
2025/09/01 14:40,05F0287S,05F0309S,32,87,24
2025/09/01 14:40,05F0287S,05F0309S,41,91,3
2025/09/01 14:40,05F0287S,05F0309S,42,100,1
2025/09/01 14:40,05F0287S,05F0309S,5,0,0
2025/09/01 14:40,05F0309S,05F0439S,31,485,38
2025/09/01 14:40,05F0309S,05F0439S,32,480,17
2025/09/01 14:40,05F0309S,05F0439S,41,532,2
2025/09/01 14:40,05F0309S,05F0439S,42,486,1
2025/09/01 14:40,05F0309S,05F0439S,5,524,4
2025/09/01 14:40,05F0439S,05F0494S,31,208,15
2025/09/01 14:40,05F0439S,05F0494S,32,207,8
2025/09/01 14:40,05F0439S,05F0494S,41,0,0
2025/09/01 14:40,05F0439S,05F0494S,42,192,1
2025/09/01 14:40,05F0439S,05F0494S,5,212,5
2025/09/01 14:45,05F0000S,05F0055S,31,242,74
2025/09/01 14:45,05F0000S,05F0055S,32,244,34
2025/09/01 14:45,05F0000S,05F0055S,41,258,5
2025/09/01 14:45,05F0000S,05F0055S,42,0,0
2025/09/01 14:45,05F0000S,05F0055S,5,0,0
2025/09/01 14:45,05F0055S,05F0287S,31,1017,99
2025/09/01 14:45,05F0055S,05F0287S,32,1019,31
2025/09/01 14:45,05F0055S,05F0287S,41,1110,6
2025/09/01 14:45,05F0055S,05F0287S,42,0,0
2025/09/01 14:45,05F0055S,05F0287S,5,0,0
2025/09/01 14:45,05F0287S,05F0309S,31,88,72
2025/09/01 14:45,05F0287S,05F0309S,32,90,23
2025/09/01 14:45,05F0287S,05F0309S,41,665,2
2025/09/01 14:45,05F0287S,05F0309S,42,0,0
2025/09/01 14:45,05F0287S,05F0309S,5,0,0
2025/09/01 14:45,05F0309S,05F0439S,31,490,54
2025/09/01 14:45,05F0309S,05F0439S,32,510,21
2025/09/01 14:45,05F0309S,05F0439S,41,0,0
2025/09/01 14:45,05F0309S,05F0439S,42,497,3
2025/09/01 14:45,05F0309S,05F0439S,5,541,3
2025/09/01 14:45,05F0439S,05F0494S,31,206,25
2025/09/01 14:45,05F0439S,05F0494S,32,205,16
2025/09/01 14:45,05F0439S,05F0494S,41,0,0
2025/09/01 14:45,05F0439S,05F0494S,42,0,0
2025/09/01 14:45,05F0439S,05F0494S,5,221,2
2025/09/01 14:50,05F0000S,05F0055S,31,248,85
2025/09/01 14:50,05F0000S,05F0055S,32,248,38
2025/09/01 14:50,05F0000S,05F0055S,41,241,5
2025/09/01 14:50,05F0000S,05F0055S,42,0,0
2025/09/01 14:50,05F0000S,05F0055S,5,0,0
2025/09/01 14:50,05F0055S,05F0287S,31,1007,94
2025/09/01 14:50,05F0055S,05F0287S,32,1009,34
2025/09/01 14:50,05F0055S,05F0287S,41,1052,3
2025/09/01 14:50,05F0055S,05F0287S,42,0,0
2025/09/01 14:50,05F0055S,05F0287S,5,0,0
2025/09/01 14:50,05F0287S,05F0309S,31,87,69
2025/09/01 14:50,05F0287S,05F0309S,32,90,29
2025/09/01 14:50,05F0287S,05F0309S,41,91,5
2025/09/01 14:50,05F0287S,05F0309S,42,0,0
2025/09/01 14:50,05F0287S,05F0309S,5,0,0
2025/09/01 14:50,05F0309S,05F0439S,31,476,52
2025/09/01 14:50,05F0309S,05F0439S,32,482,16
2025/09/01 14:50,05F0309S,05F0439S,41,500,2
2025/09/01 14:50,05F0309S,05F0439S,42,0,0
2025/09/01 14:50,05F0309S,05F0439S,5,516,1
2025/09/01 14:50,05F0439S,05F0494S,31,204,23
2025/09/01 14:50,05F0439S,05F0494S,32,209,9
2025/09/01 14:50,05F0439S,05F0494S,41,0,0
2025/09/01 14:50,05F0439S,05F0494S,42,201,2
2025/09/01 14:50,05F0439S,05F0494S,5,212,6
2025/09/01 14:55,05F0000S,05F0055S,31,247,82
2025/09/01 14:55,05F0000S,05F0055S,32,246,31
2025/09/01 14:55,05F0000S,05F0055S,41,257,1
2025/09/01 14:55,05F0000S,05F0055S,42,0,0
2025/09/01 14:55,05F0000S,05F0055S,5,0,0
2025/09/01 14:55,05F0055S,05F0287S,31,1010,104
2025/09/01 14:55,05F0055S,05F0287S,32,1022,23
2025/09/01 14:55,05F0055S,05F0287S,41,1082,5
2025/09/01 14:55,05F0055S,05F0287S,42,0,0
2025/09/01 14:55,05F0055S,05F0287S,5,0,0
2025/09/01 14:55,05F0287S,05F0309S,31,87,77
2025/09/01 14:55,05F0287S,05F0309S,32,89,27
2025/09/01 14:55,05F0287S,05F0309S,41,97,3
2025/09/01 14:55,05F0287S,05F0309S,42,0,0
2025/09/01 14:55,05F0287S,05F0309S,5,0,0
2025/09/01 14:55,05F0309S,05F0439S,31,482,41
2025/09/01 14:55,05F0309S,05F0439S,32,491,14
2025/09/01 14:55,05F0309S,05F0439S,41,526,4
2025/09/01 14:55,05F0309S,05F0439S,42,520,3
2025/09/01 14:55,05F0309S,05F0439S,5,503,8
2025/09/01 14:55,05F0439S,05F0494S,31,201,24
2025/09/01 14:55,05F0439S,05F0494S,32,204,10
2025/09/01 14:55,05F0439S,05F0494S,41,0,0
2025/09/01 14:55,05F0439S,05F0494S,42,205,1
2025/09/01 14:55,05F0439S,05F0494S,5,207,3
2025/09/01 15:00,05F0000S,05F0055S,31,258,83
2025/09/01 15:00,05F0000S,05F0055S,32,257,38
2025/09/01 15:00,05F0000S,05F0055S,41,259,2
2025/09/01 15:00,05F0000S,05F0055S,42,0,0
2025/09/01 15:00,05F0000S,05F0055S,5,0,0
2025/09/01 15:00,05F0055S,05F0287S,31,996,99
2025/09/01 15:00,05F0055S,05F0287S,32,1002,46
2025/09/01 15:00,05F0055S,05F0287S,41,984,3
2025/09/01 15:00,05F0055S,05F0287S,42,0,0
2025/09/01 15:00,05F0055S,05F0287S,5,0,0
2025/09/01 15:00,05F0287S,05F0309S,31,85,70
2025/09/01 15:00,05F0287S,05F0309S,32,88,32
2025/09/01 15:00,05F0287S,05F0309S,41,81,2
2025/09/01 15:00,05F0287S,05F0309S,42,0,0
2025/09/01 15:00,05F0287S,05F0309S,5,0,0
2025/09/01 15:00,05F0309S,05F0439S,31,477,44
2025/09/01 15:00,05F0309S,05F0439S,32,490,23
2025/09/01 15:00,05F0309S,05F0439S,41,565,1
2025/09/01 15:00,05F0309S,05F0439S,42,481,1
2025/09/01 15:00,05F0309S,05F0439S,5,551,4
2025/09/01 15:00,05F0439S,05F0494S,31,197,23
2025/09/01 15:00,05F0439S,05F0494S,32,209,11
2025/09/01 15:00,05F0439S,05F0494S,41,0,0
2025/09/01 15:00,05F0439S,05F0494S,42,210,1
2025/09/01 15:00,05F0439S,05F0494S,5,213,6
2025/09/01 15:05,05F0000S,05F0055S,31,240,72
2025/09/01 15:05,05F0000S,05F0055S,32,242,25
2025/09/01 15:05,05F0000S,05F0055S,41,237,3
2025/09/01 15:05,05F0000S,05F0055S,42,0,0
2025/09/01 15:05,05F0000S,05F0055S,5,0,0
2025/09/01 15:05,05F0055S,05F0287S,31,1007,82
2025/09/01 15:05,05F0055S,05F0287S,32,1008,40
2025/09/01 15:05,05F0055S,05F0287S,41,1035,6
2025/09/01 15:05,05F0055S,05F0287S,42,0,0
2025/09/01 15:05,05F0055S,05F0287S,5,0,0
2025/09/01 15:05,05F0287S,05F0309S,31,87,56
2025/09/01 15:05,05F0287S,05F0309S,32,88,23
2025/09/01 15:05,05F0287S,05F0309S,41,93,4
2025/09/01 15:05,05F0287S,05F0309S,42,0,0
2025/09/01 15:05,05F0287S,05F0309S,5,0,0
2025/09/01 15:05,05F0309S,05F0439S,31,489,45
2025/09/01 15:05,05F0309S,05F0439S,32,506,14
2025/09/01 15:05,05F0309S,05F0439S,41,531,2
2025/09/01 15:05,05F0309S,05F0439S,42,471,1
2025/09/01 15:05,05F0309S,05F0439S,5,524,7
2025/09/01 15:05,05F0439S,05F0494S,31,210,20
2025/09/01 15:05,05F0439S,05F0494S,32,204,13
2025/09/01 15:05,05F0439S,05F0494S,41,0,0
2025/09/01 15:05,05F0439S,05F0494S,42,0,0
2025/09/01 15:05,05F0439S,05F0494S,5,231,2
2025/09/01 15:10,05F0000S,05F0055S,31,247,78
2025/09/01 15:10,05F0000S,05F0055S,32,251,23
2025/09/01 15:10,05F0000S,05F0055S,41,244,5
2025/09/01 15:10,05F0000S,05F0055S,42,0,0
2025/09/01 15:10,05F0000S,05F0055S,5,0,0
2025/09/01 15:10,05F0055S,05F0287S,31,1018,99
2025/09/01 15:10,05F0055S,05F0287S,32,1010,29
2025/09/01 15:10,05F0055S,05F0287S,41,1094,2
2025/09/01 15:10,05F0055S,05F0287S,42,0,0
2025/09/01 15:10,05F0055S,05F0287S,5,0,0
2025/09/01 15:10,05F0287S,05F0309S,31,87,66
2025/09/01 15:10,05F0287S,05F0309S,32,87,33
2025/09/01 15:10,05F0287S,05F0309S,41,746,2
2025/09/01 15:10,05F0287S,05F0309S,42,0,0
2025/09/01 15:10,05F0287S,05F0309S,5,0,0
2025/09/01 15:10,05F0309S,05F0439S,31,476,37
2025/09/01 15:10,05F0309S,05F0439S,32,495,29
2025/09/01 15:10,05F0309S,05F0439S,41,496,2
2025/09/01 15:10,05F0309S,05F0439S,42,0,0
2025/09/01 15:10,05F0309S,05F0439S,5,511,5
2025/09/01 15:10,05F0439S,05F0494S,31,205,19
2025/09/01 15:10,05F0439S,05F0494S,32,199,6
2025/09/01 15:10,05F0439S,05F0494S,41,0,0
2025/09/01 15:10,05F0439S,05F0494S,42,0,0
2025/09/01 15:10,05F0439S,05F0494S,5,208,6
2025/09/01 15:15,05F0000S,05F0055S,31,246,85
2025/09/01 15:15,05F0000S,05F0055S,32,248,37
2025/09/01 15:15,05F0000S,05F0055S,41,248,3
2025/09/01 15:15,05F0000S,05F0055S,42,0,0
2025/09/01 15:15,05F0000S,05F0055S,5,0,0
2025/09/01 15:15,05F0055S,05F0287S,31,1005,89
2025/09/01 15:15,05F0055S,05F0287S,32,1011,32
2025/09/01 15:15,05F0055S,05F0287S,41,1061,2
2025/09/01 15:15,05F0055S,05F0287S,42,0,0
2025/09/01 15:15,05F0055S,05F0287S,5,0,0
2025/09/01 15:15,05F0287S,05F0309S,31,88,69
2025/09/01 15:15,05F0287S,05F0309S,32,89,17
2025/09/01 15:15,05F0287S,05F0309S,41,96,3
2025/09/01 15:15,05F0287S,05F0309S,42,0,0
2025/09/01 15:15,05F0287S,05F0309S,5,0,0
2025/09/01 15:15,05F0309S,05F0439S,31,492,42
2025/09/01 15:15,05F0309S,05F0439S,32,479,23
2025/09/01 15:15,05F0309S,05F0439S,41,545,1
2025/09/01 15:15,05F0309S,05F0439S,42,0,0
2025/09/01 15:15,05F0309S,05F0439S,5,512,5
2025/09/01 15:15,05F0439S,05F0494S,31,202,24
2025/09/01 15:15,05F0439S,05F0494S,32,208,8
2025/09/01 15:15,05F0439S,05F0494S,41,0,0
2025/09/01 15:15,05F0439S,05F0494S,42,0,0
2025/09/01 15:15,05F0439S,05F0494S,5,218,6
2025/09/01 15:20,05F0000S,05F0055S,31,245,87
2025/09/01 15:20,05F0000S,05F0055S,32,249,20
2025/09/01 15:20,05F0000S,05F0055S,41,249,5
2025/09/01 15:20,05F0000S,05F0055S,42,0,0
2025/09/01 15:20,05F0000S,05F0055S,5,0,0
2025/09/01 15:20,05F0055S,05F0287S,31,1012,87
2025/09/01 15:20,05F0055S,05F0287S,32,1015,45
2025/09/01 15:20,05F0055S,05F0287S,41,1019,3
2025/09/01 15:20,05F0055S,05F0287S,42,0,0
2025/09/01 15:20,05F0055S,05F0287S,5,0,0
2025/09/01 15:20,05F0287S,05F0309S,31,89,68
2025/09/01 15:20,05F0287S,05F0309S,32,87,32
2025/09/01 15:20,05F0287S,05F0309S,41,97,1
2025/09/01 15:20,05F0287S,05F0309S,42,0,0
2025/09/01 15:20,05F0287S,05F0309S,5,0,0
2025/09/01 15:20,05F0309S,05F0439S,31,488,49
2025/09/01 15:20,05F0309S,05F0439S,32,491,22
2025/09/01 15:20,05F0309S,05F0439S,41,537,1
2025/09/01 15:20,05F0309S,05F0439S,42,486,4
2025/09/01 15:20,05F0309S,05F0439S,5,521,4
2025/09/01 15:20,05F0439S,05F0494S,31,204,30
2025/09/01 15:20,05F0439S,05F0494S,32,198,11
2025/09/01 15:20,05F0439S,05F0494S,41,0,0
2025/09/01 15:20,05F0439S,05F0494S,42,192,1
2025/09/01 15:20,05F0439S,05F0494S,5,219,8
2025/09/01 15:25,05F0000S,05F0055S,31,246,76
2025/09/01 15:25,05F0000S,05F0055S,32,245,19
2025/09/01 15:25,05F0000S,05F0055S,41,250,2
2025/09/01 15:25,05F0000S,05F0055S,42,0,0
2025/09/01 15:25,05F0000S,05F0055S,5,0,0
2025/09/01 15:25,05F0055S,05F0287S,31,1010,70
2025/09/01 15:25,05F0055S,05F0287S,32,996,20
2025/09/01 15:25,05F0055S,05F0287S,41,1003,4
2025/09/01 15:25,05F0055S,05F0287S,42,0,0
2025/09/01 15:25,05F0055S,05F0287S,5,0,0
2025/09/01 15:25,05F0287S,05F0309S,31,85,41
2025/09/01 15:25,05F0287S,05F0309S,32,85,16
2025/09/01 15:25,05F0287S,05F0309S,41,94,2
2025/09/01 15:25,05F0287S,05F0309S,42,0,0
2025/09/01 15:25,05F0287S,05F0309S,5,0,0
2025/09/01 15:25,05F0309S,05F0439S,31,488,59
2025/09/01 15:25,05F0309S,05F0439S,32,512,9
2025/09/01 15:25,05F0309S,05F0439S,41,547,2
2025/09/01 15:25,05F0309S,05F0439S,42,0,0
2025/09/01 15:25,05F0309S,05F0439S,5,495,2
2025/09/01 15:25,05F0439S,05F0494S,31,206,24
2025/09/01 15:25,05F0439S,05F0494S,32,216,5
2025/09/01 15:25,05F0439S,05F0494S,41,0,0
2025/09/01 15:25,05F0439S,05F0494S,42,209,4
2025/09/01 15:25,05F0439S,05F0494S,5,202,2
2025/09/01 15:30,05F0000S,05F0055S,31,259,105
2025/09/01 15:30,05F0000S,05F0055S,32,264,33
2025/09/01 15:30,05F0000S,05F0055S,41,263,4
2025/09/01 15:30,05F0000S,05F0055S,42,0,0
2025/09/01 15:30,05F0000S,05F0055S,5,0,0
2025/09/01 15:30,05F0055S,05F0287S,31,983,92
2025/09/01 15:30,05F0055S,05F0287S,32,984,31
2025/09/01 15:30,05F0055S,05F0287S,41,1023,3
2025/09/01 15:30,05F0055S,05F0287S,42,0,0
2025/09/01 15:30,05F0055S,05F0287S,5,0,0
2025/09/01 15:30,05F0287S,05F0309S,31,85,80
2025/09/01 15:30,05F0287S,05F0309S,32,88,27
2025/09/01 15:30,05F0287S,05F0309S,41,89,4
2025/09/01 15:30,05F0287S,05F0309S,42,0,0
2025/09/01 15:30,05F0287S,05F0309S,5,0,0
2025/09/01 15:30,05F0309S,05F0439S,31,499,51
2025/09/01 15:30,05F0309S,05F0439S,32,500,24
2025/09/01 15:30,05F0309S,05F0439S,41,0,0
2025/09/01 15:30,05F0309S,05F0439S,42,601,1
2025/09/01 15:30,05F0309S,05F0439S,5,524,5
2025/09/01 15:30,05F0439S,05F0494S,31,195,23
2025/09/01 15:30,05F0439S,05F0494S,32,226,8
2025/09/01 15:30,05F0439S,05F0494S,41,0,0
2025/09/01 15:30,05F0439S,05F0494S,42,221,1
2025/09/01 15:30,05F0439S,05F0494S,5,214,4
2025/09/01 15:35,05F0000S,05F0055S,31,245,96
2025/09/01 15:35,05F0000S,05F0055S,32,247,25
2025/09/01 15:35,05F0000S,05F0055S,41,258,1
2025/09/01 15:35,05F0000S,05F0055S,42,0,0
2025/09/01 15:35,05F0000S,05F0055S,5,0,0
2025/09/01 15:35,05F0055S,05F0287S,31,998,99
2025/09/01 15:35,05F0055S,05F0287S,32,1002,31
2025/09/01 15:35,05F0055S,05F0287S,41,1027,3
2025/09/01 15:35,05F0055S,05F0287S,42,0,0
2025/09/01 15:35,05F0055S,05F0287S,5,0,0
2025/09/01 15:35,05F0287S,05F0309S,31,87,72
2025/09/01 15:35,05F0287S,05F0309S,32,87,28
2025/09/01 15:35,05F0287S,05F0309S,41,91,2
2025/09/01 15:35,05F0287S,05F0309S,42,0,0
2025/09/01 15:35,05F0287S,05F0309S,5,0,0
2025/09/01 15:35,05F0309S,05F0439S,31,487,32
2025/09/01 15:35,05F0309S,05F0439S,32,510,11
2025/09/01 15:35,05F0309S,05F0439S,41,549,1
2025/09/01 15:35,05F0309S,05F0439S,42,0,0
2025/09/01 15:35,05F0309S,05F0439S,5,539,5
2025/09/01 15:35,05F0439S,05F0494S,31,205,24
2025/09/01 15:35,05F0439S,05F0494S,32,208,11
2025/09/01 15:35,05F0439S,05F0494S,41,0,0
2025/09/01 15:35,05F0439S,05F0494S,42,0,0
2025/09/01 15:35,05F0439S,05F0494S,5,217,5
2025/09/01 15:40,05F0000S,05F0055S,31,253,71
2025/09/01 15:40,05F0000S,05F0055S,32,260,35
2025/09/01 15:40,05F0000S,05F0055S,41,272,3
2025/09/01 15:40,05F0000S,05F0055S,42,0,0
2025/09/01 15:40,05F0000S,05F0055S,5,0,0
2025/09/01 15:40,05F0055S,05F0287S,31,997,80
2025/09/01 15:40,05F0055S,05F0287S,32,1011,25
2025/09/01 15:40,05F0055S,05F0287S,41,1020,5
2025/09/01 15:40,05F0055S,05F0287S,42,0,0
2025/09/01 15:40,05F0055S,05F0287S,5,0,0
2025/09/01 15:40,05F0287S,05F0309S,31,87,53
2025/09/01 15:40,05F0287S,05F0309S,32,87,19
2025/09/01 15:40,05F0287S,05F0309S,41,91,4
2025/09/01 15:40,05F0287S,05F0309S,42,0,0
2025/09/01 15:40,05F0287S,05F0309S,5,0,0
2025/09/01 15:40,05F0309S,05F0439S,31,477,44
2025/09/01 15:40,05F0309S,05F0439S,32,505,17
2025/09/01 15:40,05F0309S,05F0439S,41,524,2
2025/09/01 15:40,05F0309S,05F0439S,42,557,2
2025/09/01 15:40,05F0309S,05F0439S,5,590,1
2025/09/01 15:40,05F0439S,05F0494S,31,198,24
2025/09/01 15:40,05F0439S,05F0494S,32,214,4
2025/09/01 15:40,05F0439S,05F0494S,41,0,0
2025/09/01 15:40,05F0439S,05F0494S,42,284,1
2025/09/01 15:40,05F0439S,05F0494S,5,224,3
2025/09/01 15:45,05F0000S,05F0055S,31,246,94
2025/09/01 15:45,05F0000S,05F0055S,32,246,39
2025/09/01 15:45,05F0000S,05F0055S,41,250,2
2025/09/01 15:45,05F0000S,05F0055S,42,0,0
2025/09/01 15:45,05F0000S,05F0055S,5,0,0
2025/09/01 15:45,05F0055S,05F0287S,31,1014,97
2025/09/01 15:45,05F0055S,05F0287S,32,1022,32
2025/09/01 15:45,05F0055S,05F0287S,41,1036,1
2025/09/01 15:45,05F0055S,05F0287S,42,0,0
2025/09/01 15:45,05F0055S,05F0287S,5,0,0
2025/09/01 15:45,05F0287S,05F0309S,31,88,62
2025/09/01 15:45,05F0287S,05F0309S,32,87,20
2025/09/01 15:45,05F0287S,05F0309S,41,88,1
2025/09/01 15:45,05F0287S,05F0309S,42,0,0
2025/09/01 15:45,05F0287S,05F0309S,5,0,0
2025/09/01 15:45,05F0309S,05F0439S,31,489,45
2025/09/01 15:45,05F0309S,05F0439S,32,514,14
2025/09/01 15:45,05F0309S,05F0439S,41,512,2
2025/09/01 15:45,05F0309S,05F0439S,42,572,2
2025/09/01 15:45,05F0309S,05F0439S,5,591,2
2025/09/01 15:45,05F0439S,05F0494S,31,208,23
2025/09/01 15:45,05F0439S,05F0494S,32,213,10
2025/09/01 15:45,05F0439S,05F0494S,41,0,0
2025/09/01 15:45,05F0439S,05F0494S,42,259,1
2025/09/01 15:45,05F0439S,05F0494S,5,261,3
2025/09/01 15:50,05F0000S,05F0055S,31,239,68
2025/09/01 15:50,05F0000S,05F0055S,32,246,24
2025/09/01 15:50,05F0000S,05F0055S,41,239,6
2025/09/01 15:50,05F0000S,05F0055S,42,0,0
2025/09/01 15:50,05F0000S,05F0055S,5,0,0
2025/09/01 15:50,05F0055S,05F0287S,31,1004,121
2025/09/01 15:50,05F0055S,05F0287S,32,1020,36
2025/09/01 15:50,05F0055S,05F0287S,41,1057,3
2025/09/01 15:50,05F0055S,05F0287S,42,0,0
2025/09/01 15:50,05F0055S,05F0287S,5,0,0
2025/09/01 15:50,05F0287S,05F0309S,31,87,81
2025/09/01 15:50,05F0287S,05F0309S,32,87,28
2025/09/01 15:50,05F0287S,05F0309S,41,91,2
2025/09/01 15:50,05F0287S,05F0309S,42,0,0
2025/09/01 15:50,05F0287S,05F0309S,5,0,0
2025/09/01 15:50,05F0309S,05F0439S,31,473,45
2025/09/01 15:50,05F0309S,05F0439S,32,488,15
2025/09/01 15:50,05F0309S,05F0439S,41,535,3
2025/09/01 15:50,05F0309S,05F0439S,42,548,1
2025/09/01 15:50,05F0309S,05F0439S,5,489,8
2025/09/01 15:50,05F0439S,05F0494S,31,208,28
2025/09/01 15:50,05F0439S,05F0494S,32,210,8
2025/09/01 15:50,05F0439S,05F0494S,41,0,0
2025/09/01 15:50,05F0439S,05F0494S,42,229,1
2025/09/01 15:50,05F0439S,05F0494S,5,244,3
2025/09/01 15:55,05F0000S,05F0055S,31,250,87
2025/09/01 15:55,05F0000S,05F0055S,32,256,29
2025/09/01 15:55,05F0000S,05F0055S,41,242,1
2025/09/01 15:55,05F0000S,05F0055S,42,0,0
2025/09/01 15:55,05F0000S,05F0055S,5,0,0
2025/09/01 15:55,05F0055S,05F0287S,31,984,69
2025/09/01 15:55,05F0055S,05F0287S,32,995,30
2025/09/01 15:55,05F0055S,05F0287S,41,1041,2
2025/09/01 15:55,05F0055S,05F0287S,42,0,0
2025/09/01 15:55,05F0055S,05F0287S,5,0,0
2025/09/01 15:55,05F0287S,05F0309S,31,86,69
2025/09/01 15:55,05F0287S,05F0309S,32,87,19
2025/09/01 15:55,05F0287S,05F0309S,41,93,1
2025/09/01 15:55,05F0287S,05F0309S,42,0,0
2025/09/01 15:55,05F0287S,05F0309S,5,0,0
2025/09/01 15:55,05F0309S,05F0439S,31,487,45
2025/09/01 15:55,05F0309S,05F0439S,32,498,17
2025/09/01 15:55,05F0309S,05F0439S,41,0,0
2025/09/01 15:55,05F0309S,05F0439S,42,0,0
2025/09/01 15:55,05F0309S,05F0439S,5,545,4
2025/09/01 15:55,05F0439S,05F0494S,31,210,17
2025/09/01 15:55,05F0439S,05F0494S,32,202,5
2025/09/01 15:55,05F0439S,05F0494S,41,0,0
2025/09/01 15:55,05F0439S,05F0494S,42,232,1
2025/09/01 15:55,05F0439S,05F0494S,5,208,8
2025/09/01 16:00,05F0000S,05F0055S,31,252,92
2025/09/01 16:00,05F0000S,05F0055S,32,254,27
2025/09/01 16:00,05F0000S,05F0055S,41,247,4
2025/09/01 16:00,05F0000S,05F0055S,42,0,0
2025/09/01 16:00,05F0000S,05F0055S,5,0,0
2025/09/01 16:00,05F0055S,05F0287S,31,1003,96
2025/09/01 16:00,05F0055S,05F0287S,32,1008,45
2025/09/01 16:00,05F0055S,05F0287S,41,1039,5
2025/09/01 16:00,05F0055S,05F0287S,42,0,0
2025/09/01 16:00,05F0055S,05F0287S,5,0,0
2025/09/01 16:00,05F0287S,05F0309S,31,89,71
2025/09/01 16:00,05F0287S,05F0309S,32,92,32
2025/09/01 16:00,05F0287S,05F0309S,41,94,4
2025/09/01 16:00,05F0287S,05F0309S,42,0,0
2025/09/01 16:00,05F0287S,05F0309S,5,0,0
2025/09/01 16:00,05F0309S,05F0439S,31,492,56
2025/09/01 16:00,05F0309S,05F0439S,32,489,19
2025/09/01 16:00,05F0309S,05F0439S,41,0,0
2025/09/01 16:00,05F0309S,05F0439S,42,0,0
2025/09/01 16:00,05F0309S,05F0439S,5,513,3
2025/09/01 16:00,05F0439S,05F0494S,31,209,16
2025/09/01 16:00,05F0439S,05F0494S,32,232,5
2025/09/01 16:00,05F0439S,05F0494S,41,0,0
2025/09/01 16:00,05F0439S,05F0494S,42,0,0
2025/09/01 16:00,05F0439S,05F0494S,5,234,3
2025/09/01 16:05,05F0000S,05F0055S,31,244,91
2025/09/01 16:05,05F0000S,05F0055S,32,247,23
2025/09/01 16:05,05F0000S,05F0055S,41,237,4
2025/09/01 16:05,05F0000S,05F0055S,42,0,0
2025/09/01 16:05,05F0000S,05F0055S,5,0,0
2025/09/01 16:05,05F0055S,05F0287S,31,990,93
2025/09/01 16:05,05F0055S,05F0287S,32,997,33
2025/09/01 16:05,05F0055S,05F0287S,41,1025,4
2025/09/01 16:05,05F0055S,05F0287S,42,0,0
2025/09/01 16:05,05F0055S,05F0287S,5,0,0
2025/09/01 16:05,05F0287S,05F0309S,31,87,84
2025/09/01 16:05,05F0287S,05F0309S,32,88,26
2025/09/01 16:05,05F0287S,05F0309S,41,95,3
2025/09/01 16:05,05F0287S,05F0309S,42,0,0
2025/09/01 16:05,05F0287S,05F0309S,5,0,0
2025/09/01 16:05,05F0309S,05F0439S,31,480,35
2025/09/01 16:05,05F0309S,05F0439S,32,500,16
2025/09/01 16:05,05F0309S,05F0439S,41,564,1
2025/09/01 16:05,05F0309S,05F0439S,42,495,1
2025/09/01 16:05,05F0309S,05F0439S,5,506,5
2025/09/01 16:05,05F0439S,05F0494S,31,206,25
2025/09/01 16:05,05F0439S,05F0494S,32,214,7
2025/09/01 16:05,05F0439S,05F0494S,41,0,0
2025/09/01 16:05,05F0439S,05F0494S,42,0,0
2025/09/01 16:05,05F0439S,05F0494S,5,3107,1
2025/09/01 16:10,05F0000S,05F0055S,31,246,91
2025/09/01 16:10,05F0000S,05F0055S,32,243,29
2025/09/01 16:10,05F0000S,05F0055S,41,228,1
2025/09/01 16:10,05F0000S,05F0055S,42,0,0
2025/09/01 16:10,05F0000S,05F0055S,5,0,0
2025/09/01 16:10,05F0055S,05F0287S,31,976,71
2025/09/01 16:10,05F0055S,05F0287S,32,994,20
2025/09/01 16:10,05F0055S,05F0287S,41,1017,2
2025/09/01 16:10,05F0055S,05F0287S,42,0,0
2025/09/01 16:10,05F0055S,05F0287S,5,0,0
2025/09/01 16:10,05F0287S,05F0309S,31,86,60
2025/09/01 16:10,05F0287S,05F0309S,32,88,19
2025/09/01 16:10,05F0287S,05F0309S,41,89,1
2025/09/01 16:10,05F0287S,05F0309S,42,0,0
2025/09/01 16:10,05F0287S,05F0309S,5,0,0
2025/09/01 16:10,05F0309S,05F0439S,31,482,50
2025/09/01 16:10,05F0309S,05F0439S,32,488,16
2025/09/01 16:10,05F0309S,05F0439S,41,531,3
2025/09/01 16:10,05F0309S,05F0439S,42,554,2
2025/09/01 16:10,05F0309S,05F0439S,5,506,5
2025/09/01 16:10,05F0439S,05F0494S,31,202,12
2025/09/01 16:10,05F0439S,05F0494S,32,208,10
2025/09/01 16:10,05F0439S,05F0494S,41,0,0
2025/09/01 16:10,05F0439S,05F0494S,42,0,0
2025/09/01 16:10,05F0439S,05F0494S,5,209,4
2025/09/01 16:15,05F0000S,05F0055S,31,246,91
2025/09/01 16:15,05F0000S,05F0055S,32,251,29
2025/09/01 16:15,05F0000S,05F0055S,41,254,3
2025/09/01 16:15,05F0000S,05F0055S,42,0,0
2025/09/01 16:15,05F0000S,05F0055S,5,0,0
2025/09/01 16:15,05F0055S,05F0287S,31,1015,99
2025/09/01 16:15,05F0055S,05F0287S,32,1015,31
2025/09/01 16:15,05F0055S,05F0287S,41,1014,4
2025/09/01 16:15,05F0055S,05F0287S,42,0,0
2025/09/01 16:15,05F0055S,05F0287S,5,0,0
2025/09/01 16:15,05F0287S,05F0309S,31,86,61
2025/09/01 16:15,05F0287S,05F0309S,32,87,22
2025/09/01 16:15,05F0287S,05F0309S,41,91,3
2025/09/01 16:15,05F0287S,05F0309S,42,0,0
2025/09/01 16:15,05F0287S,05F0309S,5,0,0
2025/09/01 16:15,05F0309S,05F0439S,31,487,50
2025/09/01 16:15,05F0309S,05F0439S,32,488,17
2025/09/01 16:15,05F0309S,05F0439S,41,528,2
2025/09/01 16:15,05F0309S,05F0439S,42,527,1
2025/09/01 16:15,05F0309S,05F0439S,5,508,6
2025/09/01 16:15,05F0439S,05F0494S,31,206,20
2025/09/01 16:15,05F0439S,05F0494S,32,213,9
2025/09/01 16:15,05F0439S,05F0494S,41,0,0
2025/09/01 16:15,05F0439S,05F0494S,42,212,2
2025/09/01 16:15,05F0439S,05F0494S,5,202,1
2025/09/01 16:20,05F0000S,05F0055S,31,251,97
2025/09/01 16:20,05F0000S,05F0055S,32,249,31
2025/09/01 16:20,05F0000S,05F0055S,41,259,5
2025/09/01 16:20,05F0000S,05F0055S,42,0,0
2025/09/01 16:20,05F0000S,05F0055S,5,0,0
2025/09/01 16:20,05F0055S,05F0287S,31,1001,105
2025/09/01 16:20,05F0055S,05F0287S,32,1018,31
2025/09/01 16:20,05F0055S,05F0287S,41,1021,3
2025/09/01 16:20,05F0055S,05F0287S,42,0,0
2025/09/01 16:20,05F0055S,05F0287S,5,0,0
2025/09/01 16:20,05F0287S,05F0309S,31,88,69
2025/09/01 16:20,05F0287S,05F0309S,32,89,27
2025/09/01 16:20,05F0287S,05F0309S,41,0,0
2025/09/01 16:20,05F0287S,05F0309S,42,0,0
2025/09/01 16:20,05F0287S,05F0309S,5,0,0
2025/09/01 16:20,05F0309S,05F0439S,31,483,39
2025/09/01 16:20,05F0309S,05F0439S,32,483,10
2025/09/01 16:20,05F0309S,05F0439S,41,0,0
2025/09/01 16:20,05F0309S,05F0439S,42,626,1
2025/09/01 16:20,05F0309S,05F0439S,5,499,4
2025/09/01 16:20,05F0439S,05F0494S,31,202,23
2025/09/01 16:20,05F0439S,05F0494S,32,211,10
2025/09/01 16:20,05F0439S,05F0494S,41,0,0
2025/09/01 16:20,05F0439S,05F0494S,42,207,1
2025/09/01 16:20,05F0439S,05F0494S,5,209,4
2025/09/01 16:25,05F0000S,05F0055S,31,238,96
2025/09/01 16:25,05F0000S,05F0055S,32,242,34
2025/09/01 16:25,05F0000S,05F0055S,41,248,2
2025/09/01 16:25,05F0000S,05F0055S,42,0,0
2025/09/01 16:25,05F0000S,05F0055S,5,0,0
2025/09/01 16:25,05F0055S,05F0287S,31,1011,82
2025/09/01 16:25,05F0055S,05F0287S,32,1025,36
2025/09/01 16:25,05F0055S,05F0287S,41,1026,2
2025/09/01 16:25,05F0055S,05F0287S,42,0,0
2025/09/01 16:25,05F0055S,05F0287S,5,0,0
2025/09/01 16:25,05F0287S,05F0309S,31,85,68
2025/09/01 16:25,05F0287S,05F0309S,32,87,23
2025/09/01 16:25,05F0287S,05F0309S,41,89,2
2025/09/01 16:25,05F0287S,05F0309S,42,0,0
2025/09/01 16:25,05F0287S,05F0309S,5,0,0
2025/09/01 16:25,05F0309S,05F0439S,31,475,34
2025/09/01 16:25,05F0309S,05F0439S,32,491,23
2025/09/01 16:25,05F0309S,05F0439S,41,518,1
2025/09/01 16:25,05F0309S,05F0439S,42,546,2
2025/09/01 16:25,05F0309S,05F0439S,5,502,3
2025/09/01 16:25,05F0439S,05F0494S,31,200,11
2025/09/01 16:25,05F0439S,05F0494S,32,208,2
2025/09/01 16:25,05F0439S,05F0494S,41,0,0
2025/09/01 16:25,05F0439S,05F0494S,42,268,1
2025/09/01 16:25,05F0439S,05F0494S,5,201,1
2025/09/01 16:30,05F0000S,05F0055S,31,248,79
2025/09/01 16:30,05F0000S,05F0055S,32,250,33
2025/09/01 16:30,05F0000S,05F0055S,41,250,3
2025/09/01 16:30,05F0000S,05F0055S,42,0,0
2025/09/01 16:30,05F0000S,05F0055S,5,0,0
2025/09/01 16:30,05F0055S,05F0287S,31,1018,111
2025/09/01 16:30,05F0055S,05F0287S,32,1023,28
2025/09/01 16:30,05F0055S,05F0287S,41,1039,3
2025/09/01 16:30,05F0055S,05F0287S,42,0,0
2025/09/01 16:30,05F0055S,05F0287S,5,0,0
2025/09/01 16:30,05F0287S,05F0309S,31,85,79
2025/09/01 16:30,05F0287S,05F0309S,32,86,19
2025/09/01 16:30,05F0287S,05F0309S,41,93,1
2025/09/01 16:30,05F0287S,05F0309S,42,0,0
2025/09/01 16:30,05F0287S,05F0309S,5,0,0
2025/09/01 16:30,05F0309S,05F0439S,31,474,59
2025/09/01 16:30,05F0309S,05F0439S,32,477,15
2025/09/01 16:30,05F0309S,05F0439S,41,504,1
2025/09/01 16:30,05F0309S,05F0439S,42,0,0
2025/09/01 16:30,05F0309S,05F0439S,5,482,6
2025/09/01 16:30,05F0439S,05F0494S,31,198,19
2025/09/01 16:30,05F0439S,05F0494S,32,218,6
2025/09/01 16:30,05F0439S,05F0494S,41,0,0
2025/09/01 16:30,05F0439S,05F0494S,42,204,1
2025/09/01 16:30,05F0439S,05F0494S,5,210,5
2025/09/01 16:35,05F0000S,05F0055S,31,245,103
2025/09/01 16:35,05F0000S,05F0055S,32,239,28
2025/09/01 16:35,05F0000S,05F0055S,41,252,1
2025/09/01 16:35,05F0000S,05F0055S,42,0,0
2025/09/01 16:35,05F0000S,05F0055S,5,0,0
2025/09/01 16:35,05F0055S,05F0287S,31,1001,116
2025/09/01 16:35,05F0055S,05F0287S,32,1006,41
2025/09/01 16:35,05F0055S,05F0287S,41,1049,5
2025/09/01 16:35,05F0055S,05F0287S,42,0,0
2025/09/01 16:35,05F0055S,05F0287S,5,0,0
2025/09/01 16:35,05F0287S,05F0309S,31,90,73
2025/09/01 16:35,05F0287S,05F0309S,32,88,21
2025/09/01 16:35,05F0287S,05F0309S,41,91,2
2025/09/01 16:35,05F0287S,05F0309S,42,0,0
2025/09/01 16:35,05F0287S,05F0309S,5,0,0
2025/09/01 16:35,05F0309S,05F0439S,31,480,38
2025/09/01 16:35,05F0309S,05F0439S,32,494,17
2025/09/01 16:35,05F0309S,05F0439S,41,557,2
2025/09/01 16:35,05F0309S,05F0439S,42,0,0
2025/09/01 16:35,05F0309S,05F0439S,5,516,6
2025/09/01 16:35,05F0439S,05F0494S,31,203,22
2025/09/01 16:35,05F0439S,05F0494S,32,184,2
2025/09/01 16:35,05F0439S,05F0494S,41,0,0
2025/09/01 16:35,05F0439S,05F0494S,42,0,0
2025/09/01 16:35,05F0439S,05F0494S,5,213,8
2025/09/01 16:40,05F0000S,05F0055S,31,250,82
2025/09/01 16:40,05F0000S,05F0055S,32,244,27
2025/09/01 16:40,05F0000S,05F0055S,41,241,2
2025/09/01 16:40,05F0000S,05F0055S,42,0,0
2025/09/01 16:40,05F0000S,05F0055S,5,0,0
2025/09/01 16:40,05F0055S,05F0287S,31,1000,102
2025/09/01 16:40,05F0055S,05F0287S,32,995,39
2025/09/01 16:40,05F0055S,05F0287S,41,1044,1
2025/09/01 16:40,05F0055S,05F0287S,42,0,0
2025/09/01 16:40,05F0055S,05F0287S,5,0,0
2025/09/01 16:40,05F0287S,05F0309S,31,86,76
2025/09/01 16:40,05F0287S,05F0309S,32,89,25
2025/09/01 16:40,05F0287S,05F0309S,41,93,4
2025/09/01 16:40,05F0287S,05F0309S,42,0,0
2025/09/01 16:40,05F0287S,05F0309S,5,0,0
2025/09/01 16:40,05F0309S,05F0439S,31,462,46
2025/09/01 16:40,05F0309S,05F0439S,32,490,11
2025/09/01 16:40,05F0309S,05F0439S,41,502,1
2025/09/01 16:40,05F0309S,05F0439S,42,489,2
2025/09/01 16:40,05F0309S,05F0439S,5,480,6
2025/09/01 16:40,05F0439S,05F0494S,31,208,15
2025/09/01 16:40,05F0439S,05F0494S,32,220,8
2025/09/01 16:40,05F0439S,05F0494S,41,0,0
2025/09/01 16:40,05F0439S,05F0494S,42,0,0
2025/09/01 16:40,05F0439S,05F0494S,5,212,3
2025/09/01 16:45,05F0000S,05F0055S,31,242,88
2025/09/01 16:45,05F0000S,05F0055S,32,237,35
2025/09/01 16:45,05F0000S,05F0055S,41,245,2
2025/09/01 16:45,05F0000S,05F0055S,42,0,0
2025/09/01 16:45,05F0000S,05F0055S,5,0,0
2025/09/01 16:45,05F0055S,05F0287S,31,981,83
2025/09/01 16:45,05F0055S,05F0287S,32,977,33
2025/09/01 16:45,05F0055S,05F0287S,41,1023,3
2025/09/01 16:45,05F0055S,05F0287S,42,0,0
2025/09/01 16:45,05F0055S,05F0287S,5,0,0
2025/09/01 16:45,05F0287S,05F0309S,31,87,70
2025/09/01 16:45,05F0287S,05F0309S,32,87,29
2025/09/01 16:45,05F0287S,05F0309S,41,94,2
2025/09/01 16:45,05F0287S,05F0309S,42,0,0
2025/09/01 16:45,05F0287S,05F0309S,5,0,0
2025/09/01 16:45,05F0309S,05F0439S,31,492,53
2025/09/01 16:45,05F0309S,05F0439S,32,499,17
2025/09/01 16:45,05F0309S,05F0439S,41,532,3
2025/09/01 16:45,05F0309S,05F0439S,42,0,0
2025/09/01 16:45,05F0309S,05F0439S,5,511,4
2025/09/01 16:45,05F0439S,05F0494S,31,205,25
2025/09/01 16:45,05F0439S,05F0494S,32,195,3
2025/09/01 16:45,05F0439S,05F0494S,41,0,0
2025/09/01 16:45,05F0439S,05F0494S,42,226,3
2025/09/01 16:45,05F0439S,05F0494S,5,208,3
2025/09/01 16:50,05F0000S,05F0055S,31,237,82
2025/09/01 16:50,05F0000S,05F0055S,32,235,27
2025/09/01 16:50,05F0000S,05F0055S,41,243,6
2025/09/01 16:50,05F0000S,05F0055S,42,0,0
2025/09/01 16:50,05F0000S,05F0055S,5,0,0
2025/09/01 16:50,05F0055S,05F0287S,31,1005,111
2025/09/01 16:50,05F0055S,05F0287S,32,1001,41
2025/09/01 16:50,05F0055S,05F0287S,41,1012,3
2025/09/01 16:50,05F0055S,05F0287S,42,0,0
2025/09/01 16:50,05F0055S,05F0287S,5,0,0
2025/09/01 16:50,05F0287S,05F0309S,31,88,76
2025/09/01 16:50,05F0287S,05F0309S,32,89,23
2025/09/01 16:50,05F0287S,05F0309S,41,92,3
2025/09/01 16:50,05F0287S,05F0309S,42,0,0
2025/09/01 16:50,05F0287S,05F0309S,5,0,0
2025/09/01 16:50,05F0309S,05F0439S,31,477,57
2025/09/01 16:50,05F0309S,05F0439S,32,481,13
2025/09/01 16:50,05F0309S,05F0439S,41,0,0
2025/09/01 16:50,05F0309S,05F0439S,42,522,1
2025/09/01 16:50,05F0309S,05F0439S,5,482,3
2025/09/01 16:50,05F0439S,05F0494S,31,200,19
2025/09/01 16:50,05F0439S,05F0494S,32,206,6
2025/09/01 16:50,05F0439S,05F0494S,41,219,1
2025/09/01 16:50,05F0439S,05F0494S,42,0,0
2025/09/01 16:50,05F0439S,05F0494S,5,218,3
2025/09/01 16:55,05F0000S,05F0055S,31,248,93
2025/09/01 16:55,05F0000S,05F0055S,32,250,35
2025/09/01 16:55,05F0000S,05F0055S,41,264,3
2025/09/01 16:55,05F0000S,05F0055S,42,0,0
2025/09/01 16:55,05F0000S,05F0055S,5,0,0
2025/09/01 16:55,05F0055S,05F0287S,31,985,75
2025/09/01 16:55,05F0055S,05F0287S,32,984,21
2025/09/01 16:55,05F0055S,05F0287S,41,1008,2
2025/09/01 16:55,05F0055S,05F0287S,42,0,0
2025/09/01 16:55,05F0055S,05F0287S,5,0,0
2025/09/01 16:55,05F0287S,05F0309S,31,87,75
2025/09/01 16:55,05F0287S,05F0309S,32,89,25
2025/09/01 16:55,05F0287S,05F0309S,41,92,1
2025/09/01 16:55,05F0287S,05F0309S,42,0,0
2025/09/01 16:55,05F0287S,05F0309S,5,0,0
2025/09/01 16:55,05F0309S,05F0439S,31,483,30
2025/09/01 16:55,05F0309S,05F0439S,32,494,12
2025/09/01 16:55,05F0309S,05F0439S,41,549,2
2025/09/01 16:55,05F0309S,05F0439S,42,532,2
2025/09/01 16:55,05F0309S,05F0439S,5,588,3
2025/09/01 16:55,05F0439S,05F0494S,31,201,22
2025/09/01 16:55,05F0439S,05F0494S,32,189,8
2025/09/01 16:55,05F0439S,05F0494S,41,0,0
2025/09/01 16:55,05F0439S,05F0494S,42,225,1
2025/09/01 16:55,05F0439S,05F0494S,5,203,4
2025/09/01 17:00,05F0000S,05F0055S,31,248,88
2025/09/01 17:00,05F0000S,05F0055S,32,252,30
2025/09/01 17:00,05F0000S,05F0055S,41,260,5
2025/09/01 17:00,05F0000S,05F0055S,42,0,0
2025/09/01 17:00,05F0000S,05F0055S,5,0,0
2025/09/01 17:00,05F0055S,05F0287S,31,1013,118
2025/09/01 17:00,05F0055S,05F0287S,32,995,41
2025/09/01 17:00,05F0055S,05F0287S,41,995,2
2025/09/01 17:00,05F0055S,05F0287S,42,0,0
2025/09/01 17:00,05F0055S,05F0287S,5,0,0
2025/09/01 17:00,05F0287S,05F0309S,31,88,72
2025/09/01 17:00,05F0287S,05F0309S,32,88,22
2025/09/01 17:00,05F0287S,05F0309S,41,90,2
2025/09/01 17:00,05F0287S,05F0309S,42,0,0
2025/09/01 17:00,05F0287S,05F0309S,5,0,0
2025/09/01 17:00,05F0309S,05F0439S,31,470,51
2025/09/01 17:00,05F0309S,05F0439S,32,483,17
2025/09/01 17:00,05F0309S,05F0439S,41,0,0
2025/09/01 17:00,05F0309S,05F0439S,42,0,0
2025/09/01 17:00,05F0309S,05F0439S,5,509,3
2025/09/01 17:00,05F0439S,05F0494S,31,204,12
2025/09/01 17:00,05F0439S,05F0494S,32,214,7
2025/09/01 17:00,05F0439S,05F0494S,41,0,0
2025/09/01 17:00,05F0439S,05F0494S,42,0,0
2025/09/01 17:00,05F0439S,05F0494S,5,240,4
2025/09/01 17:05,05F0000S,05F0055S,31,246,70
2025/09/01 17:05,05F0000S,05F0055S,32,243,36
2025/09/01 17:05,05F0000S,05F0055S,41,237,1
2025/09/01 17:05,05F0000S,05F0055S,42,0,0
2025/09/01 17:05,05F0000S,05F0055S,5,0,0
2025/09/01 17:05,05F0055S,05F0287S,31,971,97
2025/09/01 17:05,05F0055S,05F0287S,32,971,35
2025/09/01 17:05,05F0055S,05F0287S,41,999,5
2025/09/01 17:05,05F0055S,05F0287S,42,0,0
2025/09/01 17:05,05F0055S,05F0287S,5,0,0
2025/09/01 17:05,05F0287S,05F0309S,31,85,71
2025/09/01 17:05,05F0287S,05F0309S,32,85,24
2025/09/01 17:05,05F0287S,05F0309S,41,92,2
2025/09/01 17:05,05F0287S,05F0309S,42,0,0
2025/09/01 17:05,05F0287S,05F0309S,5,0,0
2025/09/01 17:05,05F0309S,05F0439S,31,484,30
2025/09/01 17:05,05F0309S,05F0439S,32,504,13
2025/09/01 17:05,05F0309S,05F0439S,41,0,0
2025/09/01 17:05,05F0309S,05F0439S,42,0,0
2025/09/01 17:05,05F0309S,05F0439S,5,547,6
2025/09/01 17:05,05F0439S,05F0494S,31,197,20
2025/09/01 17:05,05F0439S,05F0494S,32,200,7
2025/09/01 17:05,05F0439S,05F0494S,41,0,0
2025/09/01 17:05,05F0439S,05F0494S,42,0,0
2025/09/01 17:05,05F0439S,05F0494S,5,208,1
2025/09/01 17:10,05F0000S,05F0055S,31,241,89
2025/09/01 17:10,05F0000S,05F0055S,32,242,29
2025/09/01 17:10,05F0000S,05F0055S,41,247,7
2025/09/01 17:10,05F0000S,05F0055S,42,0,0
2025/09/01 17:10,05F0000S,05F0055S,5,0,0
2025/09/01 17:10,05F0055S,05F0287S,31,976,75
2025/09/01 17:10,05F0055S,05F0287S,32,991,33
2025/09/01 17:10,05F0055S,05F0287S,41,1011,3
2025/09/01 17:10,05F0055S,05F0287S,42,0,0
2025/09/01 17:10,05F0055S,05F0287S,5,0,0
2025/09/01 17:10,05F0287S,05F0309S,31,88,75
2025/09/01 17:10,05F0287S,05F0309S,32,88,30
2025/09/01 17:10,05F0287S,05F0309S,41,94,5
2025/09/01 17:10,05F0287S,05F0309S,42,0,0
2025/09/01 17:10,05F0287S,05F0309S,5,0,0
2025/09/01 17:10,05F0309S,05F0439S,31,480,61
2025/09/01 17:10,05F0309S,05F0439S,32,483,19
2025/09/01 17:10,05F0309S,05F0439S,41,498,1
2025/09/01 17:10,05F0309S,05F0439S,42,562,1
2025/09/01 17:10,05F0309S,05F0439S,5,600,1
2025/09/01 17:10,05F0439S,05F0494S,31,198,25
2025/09/01 17:10,05F0439S,05F0494S,32,186,4
2025/09/01 17:10,05F0439S,05F0494S,41,0,0
2025/09/01 17:10,05F0439S,05F0494S,42,0,0
2025/09/01 17:10,05F0439S,05F0494S,5,228,7
2025/09/01 17:15,05F0000S,05F0055S,31,244,76
2025/09/01 17:15,05F0000S,05F0055S,32,245,38
2025/09/01 17:15,05F0000S,05F0055S,41,243,2
2025/09/01 17:15,05F0000S,05F0055S,42,0,0
2025/09/01 17:15,05F0000S,05F0055S,5,0,0
2025/09/01 17:15,05F0055S,05F0287S,31,1002,94
2025/09/01 17:15,05F0055S,05F0287S,32,1015,31
2025/09/01 17:15,05F0055S,05F0287S,41,1039,3
2025/09/01 17:15,05F0055S,05F0287S,42,0,0
2025/09/01 17:15,05F0055S,05F0287S,5,0,0
2025/09/01 17:15,05F0287S,05F0309S,31,84,68
2025/09/01 17:15,05F0287S,05F0309S,32,88,25
2025/09/01 17:15,05F0287S,05F0309S,41,0,0
2025/09/01 17:15,05F0287S,05F0309S,42,0,0
2025/09/01 17:15,05F0287S,05F0309S,5,0,0
2025/09/01 17:15,05F0309S,05F0439S,31,493,49
2025/09/01 17:15,05F0309S,05F0439S,32,495,17
2025/09/01 17:15,05F0309S,05F0439S,41,538,4
2025/09/01 17:15,05F0309S,05F0439S,42,601,2
2025/09/01 17:15,05F0309S,05F0439S,5,486,2
2025/09/01 17:15,05F0439S,05F0494S,31,202,25
2025/09/01 17:15,05F0439S,05F0494S,32,206,7
2025/09/01 17:15,05F0439S,05F0494S,41,0,0
2025/09/01 17:15,05F0439S,05F0494S,42,237,3
2025/09/01 17:15,05F0439S,05F0494S,5,199,1
2025/09/01 17:20,05F0000S,05F0055S,31,243,98
2025/09/01 17:20,05F0000S,05F0055S,32,243,40
2025/09/01 17:20,05F0000S,05F0055S,41,254,3
2025/09/01 17:20,05F0000S,05F0055S,42,0,0
2025/09/01 17:20,05F0000S,05F0055S,5,0,0
2025/09/01 17:20,05F0055S,05F0287S,31,996,93
2025/09/01 17:20,05F0055S,05F0287S,32,996,53
2025/09/01 17:20,05F0055S,05F0287S,41,1072,4
2025/09/01 17:20,05F0055S,05F0287S,42,0,0
2025/09/01 17:20,05F0055S,05F0287S,5,0,0
2025/09/01 17:20,05F0287S,05F0309S,31,87,81
2025/09/01 17:20,05F0287S,05F0309S,32,87,31
2025/09/01 17:20,05F0287S,05F0309S,41,95,3
2025/09/01 17:20,05F0287S,05F0309S,42,0,0
2025/09/01 17:20,05F0287S,05F0309S,5,0,0
2025/09/01 17:20,05F0309S,05F0439S,31,478,36
2025/09/01 17:20,05F0309S,05F0439S,32,507,16
2025/09/01 17:20,05F0309S,05F0439S,41,549,2
2025/09/01 17:20,05F0309S,05F0439S,42,502,2
2025/09/01 17:20,05F0309S,05F0439S,5,505,3
2025/09/01 17:20,05F0439S,05F0494S,31,216,11
2025/09/01 17:20,05F0439S,05F0494S,32,201,4
2025/09/01 17:20,05F0439S,05F0494S,41,0,0
2025/09/01 17:20,05F0439S,05F0494S,42,205,1
2025/09/01 17:20,05F0439S,05F0494S,5,228,2
2025/09/01 17:25,05F0000S,05F0055S,31,245,90
2025/09/01 17:25,05F0000S,05F0055S,32,243,29
2025/09/01 17:25,05F0000S,05F0055S,41,245,2
2025/09/01 17:25,05F0000S,05F0055S,42,0,0
2025/09/01 17:25,05F0000S,05F0055S,5,0,0
2025/09/01 17:25,05F0055S,05F0287S,31,1007,90
2025/09/01 17:25,05F0055S,05F0287S,32,1003,29
2025/09/01 17:25,05F0055S,05F0287S,41,1088,3
2025/09/01 17:25,05F0055S,05F0287S,42,0,0
2025/09/01 17:25,05F0055S,05F0287S,5,0,0
2025/09/01 17:25,05F0287S,05F0309S,31,88,64
2025/09/01 17:25,05F0287S,05F0309S,32,89,29
2025/09/01 17:25,05F0287S,05F0309S,41,90,1
2025/09/01 17:25,05F0287S,05F0309S,42,0,0
2025/09/01 17:25,05F0287S,05F0309S,5,0,0
2025/09/01 17:25,05F0309S,05F0439S,31,482,41
2025/09/01 17:25,05F0309S,05F0439S,32,509,16
2025/09/01 17:25,05F0309S,05F0439S,41,0,0
2025/09/01 17:25,05F0309S,05F0439S,42,477,1
2025/09/01 17:25,05F0309S,05F0439S,5,498,2
2025/09/01 17:25,05F0439S,05F0494S,31,211,26
2025/09/01 17:25,05F0439S,05F0494S,32,205,12
2025/09/01 17:25,05F0439S,05F0494S,41,0,0
2025/09/01 17:25,05F0439S,05F0494S,42,215,1
2025/09/01 17:25,05F0439S,05F0494S,5,218,1
2025/09/01 17:30,05F0000S,05F0055S,31,243,103
2025/09/01 17:30,05F0000S,05F0055S,32,242,30
2025/09/01 17:30,05F0000S,05F0055S,41,257,5
2025/09/01 17:30,05F0000S,05F0055S,42,0,0
2025/09/01 17:30,05F0000S,05F0055S,5,0,0
2025/09/01 17:30,05F0055S,05F0287S,31,988,88
2025/09/01 17:30,05F0055S,05F0287S,32,983,42
2025/09/01 17:30,05F0055S,05F0287S,41,1003,5
2025/09/01 17:30,05F0055S,05F0287S,42,0,0
2025/09/01 17:30,05F0055S,05F0287S,5,0,0
2025/09/01 17:30,05F0287S,05F0309S,31,87,79
2025/09/01 17:30,05F0287S,05F0309S,32,88,27
2025/09/01 17:30,05F0287S,05F0309S,41,93,6
2025/09/01 17:30,05F0287S,05F0309S,42,0,0
2025/09/01 17:30,05F0287S,05F0309S,5,0,0
2025/09/01 17:30,05F0309S,05F0439S,31,473,48
2025/09/01 17:30,05F0309S,05F0439S,32,497,21
2025/09/01 17:30,05F0309S,05F0439S,41,536,1
2025/09/01 17:30,05F0309S,05F0439S,42,504,1
2025/09/01 17:30,05F0309S,05F0439S,5,546,4
2025/09/01 17:30,05F0439S,05F0494S,31,209,20
2025/09/01 17:30,05F0439S,05F0494S,32,211,6
2025/09/01 17:30,05F0439S,05F0494S,41,0,0
2025/09/01 17:30,05F0439S,05F0494S,42,204,1
2025/09/01 17:30,05F0439S,05F0494S,5,203,1
2025/09/01 17:35,05F0000S,05F0055S,31,246,92
2025/09/01 17:35,05F0000S,05F0055S,32,244,43
2025/09/01 17:35,05F0000S,05F0055S,41,249,2
2025/09/01 17:35,05F0000S,05F0055S,42,0,0
2025/09/01 17:35,05F0000S,05F0055S,5,0,0
2025/09/01 17:35,05F0055S,05F0287S,31,1014,91
2025/09/01 17:35,05F0055S,05F0287S,32,1014,32
2025/09/01 17:35,05F0055S,05F0287S,41,1041,3
2025/09/01 17:35,05F0055S,05F0287S,42,0,0
2025/09/01 17:35,05F0055S,05F0287S,5,0,0
2025/09/01 17:35,05F0287S,05F0309S,31,88,66
2025/09/01 17:35,05F0287S,05F0309S,32,84,21
2025/09/01 17:35,05F0287S,05F0309S,41,94,1
2025/09/01 17:35,05F0287S,05F0309S,42,0,0
2025/09/01 17:35,05F0287S,05F0309S,5,0,0
2025/09/01 17:35,05F0309S,05F0439S,31,480,45
2025/09/01 17:35,05F0309S,05F0439S,32,493,17
2025/09/01 17:35,05F0309S,05F0439S,41,518,2
2025/09/01 17:35,05F0309S,05F0439S,42,489,1
2025/09/01 17:35,05F0309S,05F0439S,5,582,4
2025/09/01 17:35,05F0439S,05F0494S,31,201,23
2025/09/01 17:35,05F0439S,05F0494S,32,205,9
2025/09/01 17:35,05F0439S,05F0494S,41,1155,1
2025/09/01 17:35,05F0439S,05F0494S,42,213,1
2025/09/01 17:35,05F0439S,05F0494S,5,227,5
2025/09/01 17:40,05F0000S,05F0055S,31,242,91
2025/09/01 17:40,05F0000S,05F0055S,32,246,30
2025/09/01 17:40,05F0000S,05F0055S,41,259,5
2025/09/01 17:40,05F0000S,05F0055S,42,0,0
2025/09/01 17:40,05F0000S,05F0055S,5,0,0
2025/09/01 17:40,05F0055S,05F0287S,31,1007,121
2025/09/01 17:40,05F0055S,05F0287S,32,1015,52
2025/09/01 17:40,05F0055S,05F0287S,41,1051,1
2025/09/01 17:40,05F0055S,05F0287S,42,0,0
2025/09/01 17:40,05F0055S,05F0287S,5,0,0
2025/09/01 17:40,05F0287S,05F0309S,31,90,77
2025/09/01 17:40,05F0287S,05F0309S,32,93,32
2025/09/01 17:40,05F0287S,05F0309S,41,94,1
2025/09/01 17:40,05F0287S,05F0309S,42,0,0
2025/09/01 17:40,05F0287S,05F0309S,5,0,0
2025/09/01 17:40,05F0309S,05F0439S,31,474,37
2025/09/01 17:40,05F0309S,05F0439S,32,506,9
2025/09/01 17:40,05F0309S,05F0439S,41,520,3
2025/09/01 17:40,05F0309S,05F0439S,42,0,0
2025/09/01 17:40,05F0309S,05F0439S,5,480,1
2025/09/01 17:40,05F0439S,05F0494S,31,200,20
2025/09/01 17:40,05F0439S,05F0494S,32,202,6
2025/09/01 17:40,05F0439S,05F0494S,41,0,0
2025/09/01 17:40,05F0439S,05F0494S,42,207,1
2025/09/01 17:40,05F0439S,05F0494S,5,229,2
2025/09/01 17:45,05F0000S,05F0055S,31,242,85
2025/09/01 17:45,05F0000S,05F0055S,32,245,28
2025/09/01 17:45,05F0000S,05F0055S,41,255,4
2025/09/01 17:45,05F0000S,05F0055S,42,0,0
2025/09/01 17:45,05F0000S,05F0055S,5,0,0
2025/09/01 17:45,05F0055S,05F0287S,31,983,106
2025/09/01 17:45,05F0055S,05F0287S,32,993,36
2025/09/01 17:45,05F0055S,05F0287S,41,1009,5
2025/09/01 17:45,05F0055S,05F0287S,42,0,0
2025/09/01 17:45,05F0055S,05F0287S,5,0,0
2025/09/01 17:45,05F0287S,05F0309S,31,89,95
2025/09/01 17:45,05F0287S,05F0309S,32,91,41
2025/09/01 17:45,05F0287S,05F0309S,41,99,4
2025/09/01 17:45,05F0287S,05F0309S,42,0,0
2025/09/01 17:45,05F0287S,05F0309S,5,0,0
2025/09/01 17:45,05F0309S,05F0439S,31,498,32
2025/09/01 17:45,05F0309S,05F0439S,32,504,10
2025/09/01 17:45,05F0309S,05F0439S,41,528,1
2025/09/01 17:45,05F0309S,05F0439S,42,0,0
2025/09/01 17:45,05F0309S,05F0439S,5,537,3
2025/09/01 17:45,05F0439S,05F0494S,31,201,15
2025/09/01 17:45,05F0439S,05F0494S,32,213,7
2025/09/01 17:45,05F0439S,05F0494S,41,0,0
2025/09/01 17:45,05F0439S,05F0494S,42,0,0
2025/09/01 17:45,05F0439S,05F0494S,5,227,1
2025/09/01 17:50,05F0000S,05F0055S,31,238,83
2025/09/01 17:50,05F0000S,05F0055S,32,239,32
2025/09/01 17:50,05F0000S,05F0055S,41,238,5
2025/09/01 17:50,05F0000S,05F0055S,42,0,0
2025/09/01 17:50,05F0000S,05F0055S,5,0,0
2025/09/01 17:50,05F0055S,05F0287S,31,1002,72
2025/09/01 17:50,05F0055S,05F0287S,32,990,30
2025/09/01 17:50,05F0055S,05F0287S,41,1040,4
2025/09/01 17:50,05F0055S,05F0287S,42,0,0
2025/09/01 17:50,05F0055S,05F0287S,5,0,0
2025/09/01 17:50,05F0287S,05F0309S,31,85,61
2025/09/01 17:50,05F0287S,05F0309S,32,90,22
2025/09/01 17:50,05F0287S,05F0309S,41,92,4
2025/09/01 17:50,05F0287S,05F0309S,42,0,0
2025/09/01 17:50,05F0287S,05F0309S,5,0,0
2025/09/01 17:50,05F0309S,05F0439S,31,490,48
2025/09/01 17:50,05F0309S,05F0439S,32,515,24
2025/09/01 17:50,05F0309S,05F0439S,41,521,1
2025/09/01 17:50,05F0309S,05F0439S,42,520,2
2025/09/01 17:50,05F0309S,05F0439S,5,501,4
2025/09/01 17:50,05F0439S,05F0494S,31,204,19
2025/09/01 17:50,05F0439S,05F0494S,32,217,7
2025/09/01 17:50,05F0439S,05F0494S,41,0,0
2025/09/01 17:50,05F0439S,05F0494S,42,0,0
2025/09/01 17:50,05F0439S,05F0494S,5,208,4
2025/09/01 17:55,05F0000S,05F0055S,31,243,109
2025/09/01 17:55,05F0000S,05F0055S,32,247,30
2025/09/01 17:55,05F0000S,05F0055S,41,254,6
2025/09/01 17:55,05F0000S,05F0055S,42,0,0
2025/09/01 17:55,05F0000S,05F0055S,5,0,0
2025/09/01 17:55,05F0055S,05F0287S,31,1020,137
2025/09/01 17:55,05F0055S,05F0287S,32,1028,62
2025/09/01 17:55,05F0055S,05F0287S,41,1004,2
2025/09/01 17:55,05F0055S,05F0287S,42,1063,1
2025/09/01 17:55,05F0055S,05F0287S,5,0,0
2025/09/01 17:55,05F0287S,05F0309S,31,92,95
2025/09/01 17:55,05F0287S,05F0309S,32,91,34
2025/09/01 17:55,05F0287S,05F0309S,41,91,1
2025/09/01 17:55,05F0287S,05F0309S,42,0,0
2025/09/01 17:55,05F0287S,05F0309S,5,0,0
2025/09/01 17:55,05F0309S,05F0439S,31,489,57
2025/09/01 17:55,05F0309S,05F0439S,32,501,23
2025/09/01 17:55,05F0309S,05F0439S,41,535,4
2025/09/01 17:55,05F0309S,05F0439S,42,516,2
2025/09/01 17:55,05F0309S,05F0439S,5,536,2
2025/09/01 17:55,05F0439S,05F0494S,31,205,20
2025/09/01 17:55,05F0439S,05F0494S,32,211,7
2025/09/01 17:55,05F0439S,05F0494S,41,0,0
2025/09/01 17:55,05F0439S,05F0494S,42,210,2
2025/09/01 17:55,05F0439S,05F0494S,5,212,1
2025/09/01 18:00,05F0000S,05F0055S,31,245,99
2025/09/01 18:00,05F0000S,05F0055S,32,250,31
2025/09/01 18:00,05F0000S,05F0055S,41,245,3
2025/09/01 18:00,05F0000S,05F0055S,42,0,0
2025/09/01 18:00,05F0000S,05F0055S,5,0,0
2025/09/01 18:00,05F0055S,05F0287S,31,1019,98
2025/09/01 18:00,05F0055S,05F0287S,32,1028,30
2025/09/01 18:00,05F0055S,05F0287S,41,976,3
2025/09/01 18:00,05F0055S,05F0287S,42,0,0
2025/09/01 18:00,05F0055S,05F0287S,5,0,0
2025/09/01 18:00,05F0287S,05F0309S,31,86,60
2025/09/01 18:00,05F0287S,05F0309S,32,83,20
2025/09/01 18:00,05F0287S,05F0309S,41,92,3
2025/09/01 18:00,05F0287S,05F0309S,42,0,0
2025/09/01 18:00,05F0287S,05F0309S,5,0,0
2025/09/01 18:00,05F0309S,05F0439S,31,489,26
2025/09/01 18:00,05F0309S,05F0439S,32,501,10
2025/09/01 18:00,05F0309S,05F0439S,41,539,1
2025/09/01 18:00,05F0309S,05F0439S,42,0,0
2025/09/01 18:00,05F0309S,05F0439S,5,556,2
2025/09/01 18:00,05F0439S,05F0494S,31,200,10
2025/09/01 18:00,05F0439S,05F0494S,32,208,6
2025/09/01 18:00,05F0439S,05F0494S,41,0,0
2025/09/01 18:00,05F0439S,05F0494S,42,224,2
2025/09/01 18:00,05F0439S,05F0494S,5,190,1
2025/09/01 18:05,05F0000S,05F0055S,31,236,83
2025/09/01 18:05,05F0000S,05F0055S,32,232,21
2025/09/01 18:05,05F0000S,05F0055S,41,246,7
2025/09/01 18:05,05F0000S,05F0055S,42,0,0
2025/09/01 18:05,05F0000S,05F0055S,5,0,0
2025/09/01 18:05,05F0055S,05F0287S,31,977,98
2025/09/01 18:05,05F0055S,05F0287S,32,967,37
2025/09/01 18:05,05F0055S,05F0287S,41,1004,9
2025/09/01 18:05,05F0055S,05F0287S,42,0,0
2025/09/01 18:05,05F0055S,05F0287S,5,0,0
2025/09/01 18:05,05F0287S,05F0309S,31,87,91
2025/09/01 18:05,05F0287S,05F0309S,32,88,29
2025/09/01 18:05,05F0287S,05F0309S,41,95,5
2025/09/01 18:05,05F0287S,05F0309S,42,0,0
2025/09/01 18:05,05F0287S,05F0309S,5,0,0
2025/09/01 18:05,05F0309S,05F0439S,31,481,49
2025/09/01 18:05,05F0309S,05F0439S,32,508,25
2025/09/01 18:05,05F0309S,05F0439S,41,531,1
2025/09/01 18:05,05F0309S,05F0439S,42,0,0
2025/09/01 18:05,05F0309S,05F0439S,5,525,5
2025/09/01 18:05,05F0439S,05F0494S,31,217,18
2025/09/01 18:05,05F0439S,05F0494S,32,194,3
2025/09/01 18:05,05F0439S,05F0494S,41,0,0
2025/09/01 18:05,05F0439S,05F0494S,42,0,0
2025/09/01 18:05,05F0439S,05F0494S,5,0,0
2025/09/01 18:10,05F0000S,05F0055S,31,239,88
2025/09/01 18:10,05F0000S,05F0055S,32,241,27
2025/09/01 18:10,05F0000S,05F0055S,41,239,2
2025/09/01 18:10,05F0000S,05F0055S,42,0,0
2025/09/01 18:10,05F0000S,05F0055S,5,0,0
2025/09/01 18:10,05F0055S,05F0287S,31,986,92
2025/09/01 18:10,05F0055S,05F0287S,32,1006,24
2025/09/01 18:10,05F0055S,05F0287S,41,968,1
2025/09/01 18:10,05F0055S,05F0287S,42,1167,1
2025/09/01 18:10,05F0055S,05F0287S,5,0,0
2025/09/01 18:10,05F0287S,05F0309S,31,85,77
2025/09/01 18:10,05F0287S,05F0309S,32,90,19
2025/09/01 18:10,05F0287S,05F0309S,41,93,4
2025/09/01 18:10,05F0287S,05F0309S,42,0,0
2025/09/01 18:10,05F0287S,05F0309S,5,0,0
2025/09/01 18:10,05F0309S,05F0439S,31,477,41
2025/09/01 18:10,05F0309S,05F0439S,32,477,18
2025/09/01 18:10,05F0309S,05F0439S,41,538,2
2025/09/01 18:10,05F0309S,05F0439S,42,0,0
2025/09/01 18:10,05F0309S,05F0439S,5,508,2
2025/09/01 18:10,05F0439S,05F0494S,31,208,7
2025/09/01 18:10,05F0439S,05F0494S,32,217,5
2025/09/01 18:10,05F0439S,05F0494S,41,0,0
2025/09/01 18:10,05F0439S,05F0494S,42,0,0
2025/09/01 18:10,05F0439S,05F0494S,5,213,3
2025/09/01 18:15,05F0000S,05F0055S,31,250,102
2025/09/01 18:15,05F0000S,05F0055S,32,261,29
2025/09/01 18:15,05F0000S,05F0055S,41,255,7
2025/09/01 18:15,05F0000S,05F0055S,42,0,0
2025/09/01 18:15,05F0000S,05F0055S,5,0,0
2025/09/01 18:15,05F0055S,05F0287S,31,1010,138
2025/09/01 18:15,05F0055S,05F0287S,32,1019,52
2025/09/01 18:15,05F0055S,05F0287S,41,1053,7
2025/09/01 18:15,05F0055S,05F0287S,42,0,0
2025/09/01 18:15,05F0055S,05F0287S,5,0,0
2025/09/01 18:15,05F0287S,05F0309S,31,90,99
2025/09/01 18:15,05F0287S,05F0309S,32,93,32
2025/09/01 18:15,05F0287S,05F0309S,41,96,4
2025/09/01 18:15,05F0287S,05F0309S,42,113,1
2025/09/01 18:15,05F0287S,05F0309S,5,0,0
2025/09/01 18:15,05F0309S,05F0439S,31,492,38
2025/09/01 18:15,05F0309S,05F0439S,32,509,13
2025/09/01 18:15,05F0309S,05F0439S,41,525,3
2025/09/01 18:15,05F0309S,05F0439S,42,454,1
2025/09/01 18:15,05F0309S,05F0439S,5,535,4
2025/09/01 18:15,05F0439S,05F0494S,31,205,20
2025/09/01 18:15,05F0439S,05F0494S,32,176,3
2025/09/01 18:15,05F0439S,05F0494S,41,0,0
2025/09/01 18:15,05F0439S,05F0494S,42,0,0
2025/09/01 18:15,05F0439S,05F0494S,5,224,3
2025/09/01 18:20,05F0000S,05F0055S,31,238,88
2025/09/01 18:20,05F0000S,05F0055S,32,237,21
2025/09/01 18:20,05F0000S,05F0055S,41,242,7
2025/09/01 18:20,05F0000S,05F0055S,42,0,0
2025/09/01 18:20,05F0000S,05F0055S,5,0,0
2025/09/01 18:20,05F0055S,05F0287S,31,999,100
2025/09/01 18:20,05F0055S,05F0287S,32,996,24
2025/09/01 18:20,05F0055S,05F0287S,41,1008,4
2025/09/01 18:20,05F0055S,05F0287S,42,0,0
2025/09/01 18:20,05F0055S,05F0287S,5,0,0
2025/09/01 18:20,05F0287S,05F0309S,31,88,87
2025/09/01 18:20,05F0287S,05F0309S,32,89,28
2025/09/01 18:20,05F0287S,05F0309S,41,99,2
2025/09/01 18:20,05F0287S,05F0309S,42,0,0
2025/09/01 18:20,05F0287S,05F0309S,5,0,0
2025/09/01 18:20,05F0309S,05F0439S,31,476,46
2025/09/01 18:20,05F0309S,05F0439S,32,522,10
2025/09/01 18:20,05F0309S,05F0439S,41,698,1
2025/09/01 18:20,05F0309S,05F0439S,42,514,3
2025/09/01 18:20,05F0309S,05F0439S,5,0,0
2025/09/01 18:20,05F0439S,05F0494S,31,209,21
2025/09/01 18:20,05F0439S,05F0494S,32,210,3
2025/09/01 18:20,05F0439S,05F0494S,41,0,0
2025/09/01 18:20,05F0439S,05F0494S,42,187,1
2025/09/01 18:20,05F0439S,05F0494S,5,233,3
2025/09/01 18:25,05F0000S,05F0055S,31,241,75
2025/09/01 18:25,05F0000S,05F0055S,32,242,22
2025/09/01 18:25,05F0000S,05F0055S,41,250,8
2025/09/01 18:25,05F0000S,05F0055S,42,0,0
2025/09/01 18:25,05F0000S,05F0055S,5,0,0
2025/09/01 18:25,05F0055S,05F0287S,31,983,119
2025/09/01 18:25,05F0055S,05F0287S,32,983,33
2025/09/01 18:25,05F0055S,05F0287S,41,1018,5
2025/09/01 18:25,05F0055S,05F0287S,42,0,0
2025/09/01 18:25,05F0055S,05F0287S,5,0,0
2025/09/01 18:25,05F0287S,05F0309S,31,86,92
2025/09/01 18:25,05F0287S,05F0309S,32,86,28
2025/09/01 18:25,05F0287S,05F0309S,41,93,6
2025/09/01 18:25,05F0287S,05F0309S,42,0,0
2025/09/01 18:25,05F0287S,05F0309S,5,0,0
2025/09/01 18:25,05F0309S,05F0439S,31,491,56
2025/09/01 18:25,05F0309S,05F0439S,32,509,23
2025/09/01 18:25,05F0309S,05F0439S,41,532,2
2025/09/01 18:25,05F0309S,05F0439S,42,594,1
2025/09/01 18:25,05F0309S,05F0439S,5,524,1
2025/09/01 18:25,05F0439S,05F0494S,31,206,18
2025/09/01 18:25,05F0439S,05F0494S,32,223,2
2025/09/01 18:25,05F0439S,05F0494S,41,0,0
2025/09/01 18:25,05F0439S,05F0494S,42,229,2
2025/09/01 18:25,05F0439S,05F0494S,5,0,0
2025/09/01 18:30,05F0000S,05F0055S,31,238,87
2025/09/01 18:30,05F0000S,05F0055S,32,240,21
2025/09/01 18:30,05F0000S,05F0055S,41,246,5
2025/09/01 18:30,05F0000S,05F0055S,42,0,0
2025/09/01 18:30,05F0000S,05F0055S,5,0,0
2025/09/01 18:30,05F0055S,05F0287S,31,1020,97
2025/09/01 18:30,05F0055S,05F0287S,32,1027,25
2025/09/01 18:30,05F0055S,05F0287S,41,1036,4
2025/09/01 18:30,05F0055S,05F0287S,42,0,0
2025/09/01 18:30,05F0055S,05F0287S,5,0,0
2025/09/01 18:30,05F0287S,05F0309S,31,89,67
2025/09/01 18:30,05F0287S,05F0309S,32,86,20
2025/09/01 18:30,05F0287S,05F0309S,41,0,0
2025/09/01 18:30,05F0287S,05F0309S,42,0,0
2025/09/01 18:30,05F0287S,05F0309S,5,0,0
2025/09/01 18:30,05F0309S,05F0439S,31,493,54
2025/09/01 18:30,05F0309S,05F0439S,32,505,16
2025/09/01 18:30,05F0309S,05F0439S,41,543,3
2025/09/01 18:30,05F0309S,05F0439S,42,0,0
2025/09/01 18:30,05F0309S,05F0439S,5,526,3
2025/09/01 18:30,05F0439S,05F0494S,31,199,8
2025/09/01 18:30,05F0439S,05F0494S,32,221,8
2025/09/01 18:30,05F0439S,05F0494S,41,0,0
2025/09/01 18:30,05F0439S,05F0494S,42,258,1
2025/09/01 18:30,05F0439S,05F0494S,5,0,0
2025/09/01 18:35,05F0000S,05F0055S,31,237,79
2025/09/01 18:35,05F0000S,05F0055S,32,239,26
2025/09/01 18:35,05F0000S,05F0055S,41,244,6
2025/09/01 18:35,05F0000S,05F0055S,42,0,0
2025/09/01 18:35,05F0000S,05F0055S,5,0,0
2025/09/01 18:35,05F0055S,05F0287S,31,995,111
2025/09/01 18:35,05F0055S,05F0287S,32,995,29
2025/09/01 18:35,05F0055S,05F0287S,41,1021,10
2025/09/01 18:35,05F0055S,05F0287S,42,0,0
2025/09/01 18:35,05F0055S,05F0287S,5,0,0
2025/09/01 18:35,05F0287S,05F0309S,31,86,90
2025/09/01 18:35,05F0287S,05F0309S,32,86,21
2025/09/01 18:35,05F0287S,05F0309S,41,95,8
2025/09/01 18:35,05F0287S,05F0309S,42,0,0
2025/09/01 18:35,05F0287S,05F0309S,5,0,0
2025/09/01 18:35,05F0309S,05F0439S,31,483,50
2025/09/01 18:35,05F0309S,05F0439S,32,465,14
2025/09/01 18:35,05F0309S,05F0439S,41,573,2
2025/09/01 18:35,05F0309S,05F0439S,42,0,0
2025/09/01 18:35,05F0309S,05F0439S,5,484,4
2025/09/01 18:35,05F0439S,05F0494S,31,209,24
2025/09/01 18:35,05F0439S,05F0494S,32,205,5
2025/09/01 18:35,05F0439S,05F0494S,41,0,0
2025/09/01 18:35,05F0439S,05F0494S,42,0,0
2025/09/01 18:35,05F0439S,05F0494S,5,211,6
2025/09/01 18:40,05F0000S,05F0055S,31,236,82
2025/09/01 18:40,05F0000S,05F0055S,32,247,22
2025/09/01 18:40,05F0000S,05F0055S,41,237,4
2025/09/01 18:40,05F0000S,05F0055S,42,0,0
2025/09/01 18:40,05F0000S,05F0055S,5,0,0
2025/09/01 18:40,05F0055S,05F0287S,31,964,85
2025/09/01 18:40,05F0055S,05F0287S,32,961,20
2025/09/01 18:40,05F0055S,05F0287S,41,1008,5
2025/09/01 18:40,05F0055S,05F0287S,42,0,0
2025/09/01 18:40,05F0055S,05F0287S,5,0,0
2025/09/01 18:40,05F0287S,05F0309S,31,87,76
2025/09/01 18:40,05F0287S,05F0309S,32,87,23
2025/09/01 18:40,05F0287S,05F0309S,41,96,7
2025/09/01 18:40,05F0287S,05F0309S,42,0,0
2025/09/01 18:40,05F0287S,05F0309S,5,0,0
2025/09/01 18:40,05F0309S,05F0439S,31,490,41
2025/09/01 18:40,05F0309S,05F0439S,32,475,8
2025/09/01 18:40,05F0309S,05F0439S,41,0,0
2025/09/01 18:40,05F0309S,05F0439S,42,0,0
2025/09/01 18:40,05F0309S,05F0439S,5,0,0
2025/09/01 18:40,05F0439S,05F0494S,31,226,15
2025/09/01 18:40,05F0439S,05F0494S,32,222,3
2025/09/01 18:40,05F0439S,05F0494S,41,0,0
2025/09/01 18:40,05F0439S,05F0494S,42,0,0
2025/09/01 18:40,05F0439S,05F0494S,5,200,1
2025/09/01 18:45,05F0000S,05F0055S,31,242,100
2025/09/01 18:45,05F0000S,05F0055S,32,238,17
2025/09/01 18:45,05F0000S,05F0055S,41,259,10
2025/09/01 18:45,05F0000S,05F0055S,42,0,0
2025/09/01 18:45,05F0000S,05F0055S,5,0,0
2025/09/01 18:45,05F0055S,05F0287S,31,983,108
2025/09/01 18:45,05F0055S,05F0287S,32,1002,28
2025/09/01 18:45,05F0055S,05F0287S,41,1037,9
2025/09/01 18:45,05F0055S,05F0287S,42,0,0
2025/09/01 18:45,05F0055S,05F0287S,5,0,0
2025/09/01 18:45,05F0287S,05F0309S,31,88,74
2025/09/01 18:45,05F0287S,05F0309S,32,87,20
2025/09/01 18:45,05F0287S,05F0309S,41,95,3
2025/09/01 18:45,05F0287S,05F0309S,42,0,0
2025/09/01 18:45,05F0287S,05F0309S,5,0,0
2025/09/01 18:45,05F0309S,05F0439S,31,490,56
2025/09/01 18:45,05F0309S,05F0439S,32,492,16
2025/09/01 18:45,05F0309S,05F0439S,41,546,4
2025/09/01 18:45,05F0309S,05F0439S,42,547,2
2025/09/01 18:45,05F0309S,05F0439S,5,517,2
2025/09/01 18:45,05F0439S,05F0494S,31,204,16
2025/09/01 18:45,05F0439S,05F0494S,32,198,4
2025/09/01 18:45,05F0439S,05F0494S,41,0,0
2025/09/01 18:45,05F0439S,05F0494S,42,230,1
2025/09/01 18:45,05F0439S,05F0494S,5,201,1
2025/09/01 18:50,05F0000S,05F0055S,31,243,88
2025/09/01 18:50,05F0000S,05F0055S,32,242,22
2025/09/01 18:50,05F0000S,05F0055S,41,244,5
2025/09/01 18:50,05F0000S,05F0055S,42,0,0
2025/09/01 18:50,05F0000S,05F0055S,5,0,0
2025/09/01 18:50,05F0055S,05F0287S,31,960,77
2025/09/01 18:50,05F0055S,05F0287S,32,952,30
2025/09/01 18:50,05F0055S,05F0287S,41,1025,4
2025/09/01 18:50,05F0055S,05F0287S,42,0,0
2025/09/01 18:50,05F0055S,05F0287S,5,0,0
2025/09/01 18:50,05F0287S,05F0309S,31,86,67
2025/09/01 18:50,05F0287S,05F0309S,32,84,23
2025/09/01 18:50,05F0287S,05F0309S,41,90,8
2025/09/01 18:50,05F0287S,05F0309S,42,0,0
2025/09/01 18:50,05F0287S,05F0309S,5,0,0
2025/09/01 18:50,05F0309S,05F0439S,31,497,41
2025/09/01 18:50,05F0309S,05F0439S,32,500,6
2025/09/01 18:50,05F0309S,05F0439S,41,523,4
2025/09/01 18:50,05F0309S,05F0439S,42,0,0
2025/09/01 18:50,05F0309S,05F0439S,5,558,3
2025/09/01 18:50,05F0439S,05F0494S,31,213,16
2025/09/01 18:50,05F0439S,05F0494S,32,199,3
2025/09/01 18:50,05F0439S,05F0494S,41,0,0
2025/09/01 18:50,05F0439S,05F0494S,42,225,1
2025/09/01 18:50,05F0439S,05F0494S,5,233,1
2025/09/01 18:55,05F0000S,05F0055S,31,240,86
2025/09/01 18:55,05F0000S,05F0055S,32,235,18
2025/09/01 18:55,05F0000S,05F0055S,41,236,8
2025/09/01 18:55,05F0000S,05F0055S,42,0,0
2025/09/01 18:55,05F0000S,05F0055S,5,0,0
2025/09/01 18:55,05F0055S,05F0287S,31,997,85
2025/09/01 18:55,05F0055S,05F0287S,32,1023,23
2025/09/01 18:55,05F0055S,05F0287S,41,999,6
2025/09/01 18:55,05F0055S,05F0287S,42,0,0
2025/09/01 18:55,05F0055S,05F0287S,5,0,0
2025/09/01 18:55,05F0287S,05F0309S,31,88,43
2025/09/01 18:55,05F0287S,05F0309S,32,88,14
2025/09/01 18:55,05F0287S,05F0309S,41,91,3
2025/09/01 18:55,05F0287S,05F0309S,42,0,0
2025/09/01 18:55,05F0287S,05F0309S,5,0,0
2025/09/01 18:55,05F0309S,05F0439S,31,495,49
2025/09/01 18:55,05F0309S,05F0439S,32,506,17
2025/09/01 18:55,05F0309S,05F0439S,41,527,4
2025/09/01 18:55,05F0309S,05F0439S,42,0,0
2025/09/01 18:55,05F0309S,05F0439S,5,599,2
2025/09/01 18:55,05F0439S,05F0494S,31,201,16
2025/09/01 18:55,05F0439S,05F0494S,32,209,4
2025/09/01 18:55,05F0439S,05F0494S,41,0,0
2025/09/01 18:55,05F0439S,05F0494S,42,0,0
2025/09/01 18:55,05F0439S,05F0494S,5,234,3
2025/09/01 19:00,05F0000S,05F0055S,31,236,78
2025/09/01 19:00,05F0000S,05F0055S,32,234,22
2025/09/01 19:00,05F0000S,05F0055S,41,245,8
2025/09/01 19:00,05F0000S,05F0055S,42,0,0
2025/09/01 19:00,05F0000S,05F0055S,5,0,0
2025/09/01 19:00,05F0055S,05F0287S,31,964,97
2025/09/01 19:00,05F0055S,05F0287S,32,986,19
2025/09/01 19:00,05F0055S,05F0287S,41,1021,7
2025/09/01 19:00,05F0055S,05F0287S,42,0,0
2025/09/01 19:00,05F0055S,05F0287S,5,0,0
2025/09/01 19:00,05F0287S,05F0309S,31,87,97
2025/09/01 19:00,05F0287S,05F0309S,32,90,19
2025/09/01 19:00,05F0287S,05F0309S,41,92,5
2025/09/01 19:00,05F0287S,05F0309S,42,0,0
2025/09/01 19:00,05F0287S,05F0309S,5,0,0
2025/09/01 19:00,05F0309S,05F0439S,31,490,31
2025/09/01 19:00,05F0309S,05F0439S,32,484,10
2025/09/01 19:00,05F0309S,05F0439S,41,525,2
2025/09/01 19:00,05F0309S,05F0439S,42,0,0
2025/09/01 19:00,05F0309S,05F0439S,5,503,3
2025/09/01 19:00,05F0439S,05F0494S,31,206,15
2025/09/01 19:00,05F0439S,05F0494S,32,204,12
2025/09/01 19:00,05F0439S,05F0494S,41,0,0
2025/09/01 19:00,05F0439S,05F0494S,42,0,0
2025/09/01 19:00,05F0439S,05F0494S,5,0,0
2025/09/01 19:05,05F0000S,05F0055S,31,237,58
2025/09/01 19:05,05F0000S,05F0055S,32,244,14
2025/09/01 19:05,05F0000S,05F0055S,41,243,6
2025/09/01 19:05,05F0000S,05F0055S,42,0,0
2025/09/01 19:05,05F0000S,05F0055S,5,0,0
2025/09/01 19:05,05F0055S,05F0287S,31,992,102
2025/09/01 19:05,05F0055S,05F0287S,32,976,23
2025/09/01 19:05,05F0055S,05F0287S,41,1021,4
2025/09/01 19:05,05F0055S,05F0287S,42,0,0
2025/09/01 19:05,05F0055S,05F0287S,5,0,0
2025/09/01 19:05,05F0287S,05F0309S,31,88,66
2025/09/01 19:05,05F0287S,05F0309S,32,88,21
2025/09/01 19:05,05F0287S,05F0309S,41,92,6
2025/09/01 19:05,05F0287S,05F0309S,42,0,0
2025/09/01 19:05,05F0287S,05F0309S,5,0,0
2025/09/01 19:05,05F0309S,05F0439S,31,483,33
2025/09/01 19:05,05F0309S,05F0439S,32,492,8
2025/09/01 19:05,05F0309S,05F0439S,41,531,3
2025/09/01 19:05,05F0309S,05F0439S,42,509,1
2025/09/01 19:05,05F0309S,05F0439S,5,0,0
2025/09/01 19:05,05F0439S,05F0494S,31,207,9
2025/09/01 19:05,05F0439S,05F0494S,32,211,1
2025/09/01 19:05,05F0439S,05F0494S,41,0,0
2025/09/01 19:05,05F0439S,05F0494S,42,0,0
2025/09/01 19:05,05F0439S,05F0494S,5,229,2
2025/09/01 19:10,05F0000S,05F0055S,31,239,56
2025/09/01 19:10,05F0000S,05F0055S,32,249,9
2025/09/01 19:10,05F0000S,05F0055S,41,228,7
2025/09/01 19:10,05F0000S,05F0055S,42,0,0
2025/09/01 19:10,05F0000S,05F0055S,5,0,0
2025/09/01 19:10,05F0055S,05F0287S,31,970,103
2025/09/01 19:10,05F0055S,05F0287S,32,981,28
2025/09/01 19:10,05F0055S,05F0287S,41,996,9
2025/09/01 19:10,05F0055S,05F0287S,42,0,0
2025/09/01 19:10,05F0055S,05F0287S,5,0,0
2025/09/01 19:10,05F0287S,05F0309S,31,89,69
2025/09/01 19:10,05F0287S,05F0309S,32,92,17
2025/09/01 19:10,05F0287S,05F0309S,41,91,7
2025/09/01 19:10,05F0287S,05F0309S,42,0,0
2025/09/01 19:10,05F0287S,05F0309S,5,0,0
2025/09/01 19:10,05F0309S,05F0439S,31,482,38
2025/09/01 19:10,05F0309S,05F0439S,32,486,18
2025/09/01 19:10,05F0309S,05F0439S,41,531,3
2025/09/01 19:10,05F0309S,05F0439S,42,539,2
2025/09/01 19:10,05F0309S,05F0439S,5,742,1
2025/09/01 19:10,05F0439S,05F0494S,31,201,12
2025/09/01 19:10,05F0439S,05F0494S,32,236,5
2025/09/01 19:10,05F0439S,05F0494S,41,0,0
2025/09/01 19:10,05F0439S,05F0494S,42,209,2
2025/09/01 19:10,05F0439S,05F0494S,5,0,0
2025/09/01 19:15,05F0000S,05F0055S,31,232,83
2025/09/01 19:15,05F0000S,05F0055S,32,234,25
2025/09/01 19:15,05F0000S,05F0055S,41,248,3
2025/09/01 19:15,05F0000S,05F0055S,42,0,0
2025/09/01 19:15,05F0000S,05F0055S,5,0,0
2025/09/01 19:15,05F0055S,05F0287S,31,965,76
2025/09/01 19:15,05F0055S,05F0287S,32,961,18
2025/09/01 19:15,05F0055S,05F0287S,41,1029,7
2025/09/01 19:15,05F0055S,05F0287S,42,0,0
2025/09/01 19:15,05F0055S,05F0287S,5,0,0
2025/09/01 19:15,05F0287S,05F0309S,31,85,67
2025/09/01 19:15,05F0287S,05F0309S,32,85,7
2025/09/01 19:15,05F0287S,05F0309S,41,92,5
2025/09/01 19:15,05F0287S,05F0309S,42,0,0
2025/09/01 19:15,05F0287S,05F0309S,5,0,0
2025/09/01 19:15,05F0309S,05F0439S,31,496,39
2025/09/01 19:15,05F0309S,05F0439S,32,485,8
2025/09/01 19:15,05F0309S,05F0439S,41,538,1
2025/09/01 19:15,05F0309S,05F0439S,42,0,0
2025/09/01 19:15,05F0309S,05F0439S,5,491,6
2025/09/01 19:15,05F0439S,05F0494S,31,210,16
2025/09/01 19:15,05F0439S,05F0494S,32,200,3
2025/09/01 19:15,05F0439S,05F0494S,41,231,1
2025/09/01 19:15,05F0439S,05F0494S,42,0,0
2025/09/01 19:15,05F0439S,05F0494S,5,207,4
2025/09/01 19:20,05F0000S,05F0055S,31,235,73
2025/09/01 19:20,05F0000S,05F0055S,32,238,16
2025/09/01 19:20,05F0000S,05F0055S,41,249,8
2025/09/01 19:20,05F0000S,05F0055S,42,0,0
2025/09/01 19:20,05F0000S,05F0055S,5,0,0
2025/09/01 19:20,05F0055S,05F0287S,31,965,87
2025/09/01 19:20,05F0055S,05F0287S,32,981,17
2025/09/01 19:20,05F0055S,05F0287S,41,1016,7
2025/09/01 19:20,05F0055S,05F0287S,42,0,0
2025/09/01 19:20,05F0055S,05F0287S,5,0,0
2025/09/01 19:20,05F0287S,05F0309S,31,86,64
2025/09/01 19:20,05F0287S,05F0309S,32,89,17
2025/09/01 19:20,05F0287S,05F0309S,41,93,5
2025/09/01 19:20,05F0287S,05F0309S,42,0,0
2025/09/01 19:20,05F0287S,05F0309S,5,0,0
2025/09/01 19:20,05F0309S,05F0439S,31,492,41
2025/09/01 19:20,05F0309S,05F0439S,32,497,8
2025/09/01 19:20,05F0309S,05F0439S,41,516,5
2025/09/01 19:20,05F0309S,05F0439S,42,549,2
2025/09/01 19:20,05F0309S,05F0439S,5,462,1
2025/09/01 19:20,05F0439S,05F0494S,31,204,11
2025/09/01 19:20,05F0439S,05F0494S,32,203,5
2025/09/01 19:20,05F0439S,05F0494S,41,0,0
2025/09/01 19:20,05F0439S,05F0494S,42,0,0
2025/09/01 19:20,05F0439S,05F0494S,5,217,1
2025/09/01 19:25,05F0000S,05F0055S,31,235,58
2025/09/01 19:25,05F0000S,05F0055S,32,250,15
2025/09/01 19:25,05F0000S,05F0055S,41,232,4
2025/09/01 19:25,05F0000S,05F0055S,42,0,0
2025/09/01 19:25,05F0000S,05F0055S,5,0,0
2025/09/01 19:25,05F0055S,05F0287S,31,954,50
2025/09/01 19:25,05F0055S,05F0287S,32,947,8
2025/09/01 19:25,05F0055S,05F0287S,41,998,5
2025/09/01 19:25,05F0055S,05F0287S,42,0,0
2025/09/01 19:25,05F0055S,05F0287S,5,0,0
2025/09/01 19:25,05F0287S,05F0309S,31,87,49
2025/09/01 19:25,05F0287S,05F0309S,32,86,9
2025/09/01 19:25,05F0287S,05F0309S,41,90,6
2025/09/01 19:25,05F0287S,05F0309S,42,0,0
2025/09/01 19:25,05F0287S,05F0309S,5,0,0
2025/09/01 19:25,05F0309S,05F0439S,31,478,31
2025/09/01 19:25,05F0309S,05F0439S,32,473,11
2025/09/01 19:25,05F0309S,05F0439S,41,554,2
2025/09/01 19:25,05F0309S,05F0439S,42,0,0
2025/09/01 19:25,05F0309S,05F0439S,5,576,2
2025/09/01 19:25,05F0439S,05F0494S,31,209,16
2025/09/01 19:25,05F0439S,05F0494S,32,219,1
2025/09/01 19:25,05F0439S,05F0494S,41,0,0
2025/09/01 19:25,05F0439S,05F0494S,42,205,1
2025/09/01 19:25,05F0439S,05F0494S,5,195,1
2025/09/01 19:30,05F0000S,05F0055S,31,236,67
2025/09/01 19:30,05F0000S,05F0055S,32,236,11
2025/09/01 19:30,05F0000S,05F0055S,41,250,4
2025/09/01 19:30,05F0000S,05F0055S,42,0,0
2025/09/01 19:30,05F0000S,05F0055S,5,0,0
2025/09/01 19:30,05F0055S,05F0287S,31,954,82
2025/09/01 19:30,05F0055S,05F0287S,32,958,29
2025/09/01 19:30,05F0055S,05F0287S,41,1045,8
2025/09/01 19:30,05F0055S,05F0287S,42,0,0
2025/09/01 19:30,05F0055S,05F0287S,5,0,0
2025/09/01 19:30,05F0287S,05F0309S,31,85,57
2025/09/01 19:30,05F0287S,05F0309S,32,89,19
2025/09/01 19:30,05F0287S,05F0309S,41,94,6
2025/09/01 19:30,05F0287S,05F0309S,42,0,0
2025/09/01 19:30,05F0287S,05F0309S,5,0,0
2025/09/01 19:30,05F0309S,05F0439S,31,485,37
2025/09/01 19:30,05F0309S,05F0439S,32,539,9
2025/09/01 19:30,05F0309S,05F0439S,41,555,3
2025/09/01 19:30,05F0309S,05F0439S,42,0,0
2025/09/01 19:30,05F0309S,05F0439S,5,481,6
2025/09/01 19:30,05F0439S,05F0494S,31,202,16
2025/09/01 19:30,05F0439S,05F0494S,32,200,2
2025/09/01 19:30,05F0439S,05F0494S,41,0,0
2025/09/01 19:30,05F0439S,05F0494S,42,0,0
2025/09/01 19:30,05F0439S,05F0494S,5,0,0
2025/09/01 19:35,05F0000S,05F0055S,31,239,73
2025/09/01 19:35,05F0000S,05F0055S,32,238,12
2025/09/01 19:35,05F0000S,05F0055S,41,239,4
2025/09/01 19:35,05F0000S,05F0055S,42,0,0
2025/09/01 19:35,05F0000S,05F0055S,5,0,0
2025/09/01 19:35,05F0055S,05F0287S,31,981,76
2025/09/01 19:35,05F0055S,05F0287S,32,990,20
2025/09/01 19:35,05F0055S,05F0287S,41,1023,4
2025/09/01 19:35,05F0055S,05F0287S,42,0,0
2025/09/01 19:35,05F0055S,05F0287S,5,0,0
2025/09/01 19:35,05F0287S,05F0309S,31,85,58
2025/09/01 19:35,05F0287S,05F0309S,32,85,14
2025/09/01 19:35,05F0287S,05F0309S,41,91,5
2025/09/01 19:35,05F0287S,05F0309S,42,0,0
2025/09/01 19:35,05F0287S,05F0309S,5,0,0
2025/09/01 19:35,05F0309S,05F0439S,31,472,24
2025/09/01 19:35,05F0309S,05F0439S,32,448,5
2025/09/01 19:35,05F0309S,05F0439S,41,531,3
2025/09/01 19:35,05F0309S,05F0439S,42,0,0
2025/09/01 19:35,05F0309S,05F0439S,5,519,2
2025/09/01 19:35,05F0439S,05F0494S,31,211,10
2025/09/01 19:35,05F0439S,05F0494S,32,217,3
2025/09/01 19:35,05F0439S,05F0494S,41,0,0
2025/09/01 19:35,05F0439S,05F0494S,42,0,0
2025/09/01 19:35,05F0439S,05F0494S,5,207,3
2025/09/01 19:40,05F0000S,05F0055S,31,239,57
2025/09/01 19:40,05F0000S,05F0055S,32,240,14
2025/09/01 19:40,05F0000S,05F0055S,41,236,6
2025/09/01 19:40,05F0000S,05F0055S,42,0,0
2025/09/01 19:40,05F0000S,05F0055S,5,0,0
2025/09/01 19:40,05F0055S,05F0287S,31,962,82
2025/09/01 19:40,05F0055S,05F0287S,32,968,20
2025/09/01 19:40,05F0055S,05F0287S,41,1047,7
2025/09/01 19:40,05F0055S,05F0287S,42,0,0
2025/09/01 19:40,05F0055S,05F0287S,5,0,0
2025/09/01 19:40,05F0287S,05F0309S,31,88,56
2025/09/01 19:40,05F0287S,05F0309S,32,93,11
2025/09/01 19:40,05F0287S,05F0309S,41,92,4
2025/09/01 19:40,05F0287S,05F0309S,42,0,0
2025/09/01 19:40,05F0287S,05F0309S,5,0,0
2025/09/01 19:40,05F0309S,05F0439S,31,505,32
2025/09/01 19:40,05F0309S,05F0439S,32,494,12
2025/09/01 19:40,05F0309S,05F0439S,41,540,4
2025/09/01 19:40,05F0309S,05F0439S,42,0,0
2025/09/01 19:40,05F0309S,05F0439S,5,506,2
2025/09/01 19:40,05F0439S,05F0494S,31,212,9
2025/09/01 19:40,05F0439S,05F0494S,32,176,3
2025/09/01 19:40,05F0439S,05F0494S,41,0,0
2025/09/01 19:40,05F0439S,05F0494S,42,0,0
2025/09/01 19:40,05F0439S,05F0494S,5,214,1
2025/09/01 19:45,05F0000S,05F0055S,31,237,55
2025/09/01 19:45,05F0000S,05F0055S,32,244,11
2025/09/01 19:45,05F0000S,05F0055S,41,254,1
2025/09/01 19:45,05F0000S,05F0055S,42,0,0
2025/09/01 19:45,05F0000S,05F0055S,5,0,0
2025/09/01 19:45,05F0055S,05F0287S,31,938,58
2025/09/01 19:45,05F0055S,05F0287S,32,957,14
2025/09/01 19:45,05F0055S,05F0287S,41,964,2
2025/09/01 19:45,05F0055S,05F0287S,42,0,0
2025/09/01 19:45,05F0055S,05F0287S,5,0,0
2025/09/01 19:45,05F0287S,05F0309S,31,84,43
2025/09/01 19:45,05F0287S,05F0309S,32,84,16
2025/09/01 19:45,05F0287S,05F0309S,41,93,4
2025/09/01 19:45,05F0287S,05F0309S,42,0,0
2025/09/01 19:45,05F0287S,05F0309S,5,0,0
2025/09/01 19:45,05F0309S,05F0439S,31,486,36
2025/09/01 19:45,05F0309S,05F0439S,32,516,7
2025/09/01 19:45,05F0309S,05F0439S,41,522,2
2025/09/01 19:45,05F0309S,05F0439S,42,610,2
2025/09/01 19:45,05F0309S,05F0439S,5,511,9
2025/09/01 19:45,05F0439S,05F0494S,31,195,12
2025/09/01 19:45,05F0439S,05F0494S,32,240,2
2025/09/01 19:45,05F0439S,05F0494S,41,0,0
2025/09/01 19:45,05F0439S,05F0494S,42,0,0
2025/09/01 19:45,05F0439S,05F0494S,5,207,2
2025/09/01 19:50,05F0000S,05F0055S,31,234,59
2025/09/01 19:50,05F0000S,05F0055S,32,242,18
2025/09/01 19:50,05F0000S,05F0055S,41,238,8
2025/09/01 19:50,05F0000S,05F0055S,42,0,0
2025/09/01 19:50,05F0000S,05F0055S,5,0,0
2025/09/01 19:50,05F0055S,05F0287S,31,984,76
2025/09/01 19:50,05F0055S,05F0287S,32,1000,9
2025/09/01 19:50,05F0055S,05F0287S,41,1032,4
2025/09/01 19:50,05F0055S,05F0287S,42,0,0
2025/09/01 19:50,05F0055S,05F0287S,5,0,0
2025/09/01 19:50,05F0287S,05F0309S,31,84,64
2025/09/01 19:50,05F0287S,05F0309S,32,85,8
2025/09/01 19:50,05F0287S,05F0309S,41,94,3
2025/09/01 19:50,05F0287S,05F0309S,42,0,0
2025/09/01 19:50,05F0287S,05F0309S,5,0,0
2025/09/01 19:50,05F0309S,05F0439S,31,490,34
2025/09/01 19:50,05F0309S,05F0439S,32,499,10
2025/09/01 19:50,05F0309S,05F0439S,41,527,2
2025/09/01 19:50,05F0309S,05F0439S,42,0,0
2025/09/01 19:50,05F0309S,05F0439S,5,543,3
2025/09/01 19:50,05F0439S,05F0494S,31,202,13
2025/09/01 19:50,05F0439S,05F0494S,32,218,4
2025/09/01 19:50,05F0439S,05F0494S,41,0,0
2025/09/01 19:50,05F0439S,05F0494S,42,262,1
2025/09/01 19:50,05F0439S,05F0494S,5,204,3
2025/09/01 19:55,05F0000S,05F0055S,31,236,64
2025/09/01 19:55,05F0000S,05F0055S,32,240,17
2025/09/01 19:55,05F0000S,05F0055S,41,238,4
2025/09/01 19:55,05F0000S,05F0055S,42,0,0
2025/09/01 19:55,05F0000S,05F0055S,5,0,0
2025/09/01 19:55,05F0055S,05F0287S,31,965,59
2025/09/01 19:55,05F0055S,05F0287S,32,968,20
2025/09/01 19:55,05F0055S,05F0287S,41,1022,7
2025/09/01 19:55,05F0055S,05F0287S,42,0,0
2025/09/01 19:55,05F0055S,05F0287S,5,0,0
2025/09/01 19:55,05F0287S,05F0309S,31,86,41
2025/09/01 19:55,05F0287S,05F0309S,32,86,11
2025/09/01 19:55,05F0287S,05F0309S,41,99,4
2025/09/01 19:55,05F0287S,05F0309S,42,0,0
2025/09/01 19:55,05F0287S,05F0309S,5,0,0
2025/09/01 19:55,05F0309S,05F0439S,31,467,33
2025/09/01 19:55,05F0309S,05F0439S,32,468,8
2025/09/01 19:55,05F0309S,05F0439S,41,0,0
2025/09/01 19:55,05F0309S,05F0439S,42,472,1
2025/09/01 19:55,05F0309S,05F0439S,5,494,2
2025/09/01 19:55,05F0439S,05F0494S,31,224,8
2025/09/01 19:55,05F0439S,05F0494S,32,223,6
2025/09/01 19:55,05F0439S,05F0494S,41,0,0
2025/09/01 19:55,05F0439S,05F0494S,42,0,0
2025/09/01 19:55,05F0439S,05F0494S,5,174,1
2025/09/01 20:00,05F0000S,05F0055S,31,240,61
2025/09/01 20:00,05F0000S,05F0055S,32,244,16
2025/09/01 20:00,05F0000S,05F0055S,41,250,2
2025/09/01 20:00,05F0000S,05F0055S,42,0,0
2025/09/01 20:00,05F0000S,05F0055S,5,0,0
2025/09/01 20:00,05F0055S,05F0287S,31,971,70
2025/09/01 20:00,05F0055S,05F0287S,32,974,11
2025/09/01 20:00,05F0055S,05F0287S,41,1041,3
2025/09/01 20:00,05F0055S,05F0287S,42,0,0
2025/09/01 20:00,05F0055S,05F0287S,5,0,0
2025/09/01 20:00,05F0287S,05F0309S,31,87,49
2025/09/01 20:00,05F0287S,05F0309S,32,88,4
2025/09/01 20:00,05F0287S,05F0309S,41,94,6
2025/09/01 20:00,05F0287S,05F0309S,42,0,0
2025/09/01 20:00,05F0287S,05F0309S,5,0,0
2025/09/01 20:00,05F0309S,05F0439S,31,467,33
2025/09/01 20:00,05F0309S,05F0439S,32,484,2
2025/09/01 20:00,05F0309S,05F0439S,41,528,2
2025/09/01 20:00,05F0309S,05F0439S,42,554,1
2025/09/01 20:00,05F0309S,05F0439S,5,0,0
2025/09/01 20:00,05F0439S,05F0494S,31,205,20
2025/09/01 20:00,05F0439S,05F0494S,32,190,4
2025/09/01 20:00,05F0439S,05F0494S,41,0,0
2025/09/01 20:00,05F0439S,05F0494S,42,202,1
2025/09/01 20:00,05F0439S,05F0494S,5,207,1
2025/09/01 20:05,05F0000S,05F0055S,31,239,67
2025/09/01 20:05,05F0000S,05F0055S,32,241,17
2025/09/01 20:05,05F0000S,05F0055S,41,230,3
2025/09/01 20:05,05F0000S,05F0055S,42,0,0
2025/09/01 20:05,05F0000S,05F0055S,5,0,0
2025/09/01 20:05,05F0055S,05F0287S,31,942,56
2025/09/01 20:05,05F0055S,05F0287S,32,957,14
2025/09/01 20:05,05F0055S,05F0287S,41,987,5
2025/09/01 20:05,05F0055S,05F0287S,42,0,0
2025/09/01 20:05,05F0055S,05F0287S,5,0,0
2025/09/01 20:05,05F0287S,05F0309S,31,86,49
2025/09/01 20:05,05F0287S,05F0309S,32,89,12
2025/09/01 20:05,05F0287S,05F0309S,41,94,4
2025/09/01 20:05,05F0287S,05F0309S,42,0,0
2025/09/01 20:05,05F0287S,05F0309S,5,0,0
2025/09/01 20:05,05F0309S,05F0439S,31,486,20
2025/09/01 20:05,05F0309S,05F0439S,32,520,6
2025/09/01 20:05,05F0309S,05F0439S,41,507,5
2025/09/01 20:05,05F0309S,05F0439S,42,0,0
2025/09/01 20:05,05F0309S,05F0439S,5,0,0
2025/09/01 20:05,05F0439S,05F0494S,31,211,11
2025/09/01 20:05,05F0439S,05F0494S,32,203,2
2025/09/01 20:05,05F0439S,05F0494S,41,0,0
2025/09/01 20:05,05F0439S,05F0494S,42,231,1
2025/09/01 20:05,05F0439S,05F0494S,5,0,0
2025/09/01 20:10,05F0000S,05F0055S,31,236,53
2025/09/01 20:10,05F0000S,05F0055S,32,242,20
2025/09/01 20:10,05F0000S,05F0055S,41,236,2
2025/09/01 20:10,05F0000S,05F0055S,42,242,1
2025/09/01 20:10,05F0000S,05F0055S,5,0,0
2025/09/01 20:10,05F0055S,05F0287S,31,966,58
2025/09/01 20:10,05F0055S,05F0287S,32,986,14
2025/09/01 20:10,05F0055S,05F0287S,41,998,5
2025/09/01 20:10,05F0055S,05F0287S,42,0,0
2025/09/01 20:10,05F0055S,05F0287S,5,0,0
2025/09/01 20:10,05F0287S,05F0309S,31,85,48
2025/09/01 20:10,05F0287S,05F0309S,32,89,10
2025/09/01 20:10,05F0287S,05F0309S,41,94,4
2025/09/01 20:10,05F0287S,05F0309S,42,0,0
2025/09/01 20:10,05F0287S,05F0309S,5,0,0
2025/09/01 20:10,05F0309S,05F0439S,31,500,28
2025/09/01 20:10,05F0309S,05F0439S,32,551,2
2025/09/01 20:10,05F0309S,05F0439S,41,524,1
2025/09/01 20:10,05F0309S,05F0439S,42,595,2
2025/09/01 20:10,05F0309S,05F0439S,5,523,2
2025/09/01 20:10,05F0439S,05F0494S,31,219,7
2025/09/01 20:10,05F0439S,05F0494S,32,223,4
2025/09/01 20:10,05F0439S,05F0494S,41,0,0
2025/09/01 20:10,05F0439S,05F0494S,42,220,1
2025/09/01 20:10,05F0439S,05F0494S,5,0,0
2025/09/01 20:15,05F0000S,05F0055S,31,237,43
2025/09/01 20:15,05F0000S,05F0055S,32,236,12
2025/09/01 20:15,05F0000S,05F0055S,41,238,4
2025/09/01 20:15,05F0000S,05F0055S,42,0,0
2025/09/01 20:15,05F0000S,05F0055S,5,0,0
2025/09/01 20:15,05F0055S,05F0287S,31,974,85
2025/09/01 20:15,05F0055S,05F0287S,32,982,21
2025/09/01 20:15,05F0055S,05F0287S,41,1000,3
2025/09/01 20:15,05F0055S,05F0287S,42,0,0
2025/09/01 20:15,05F0055S,05F0287S,5,0,0
2025/09/01 20:15,05F0287S,05F0309S,31,85,61
2025/09/01 20:15,05F0287S,05F0309S,32,88,10
2025/09/01 20:15,05F0287S,05F0309S,41,93,5
2025/09/01 20:15,05F0287S,05F0309S,42,0,0
2025/09/01 20:15,05F0287S,05F0309S,5,0,0
2025/09/01 20:15,05F0309S,05F0439S,31,474,32
2025/09/01 20:15,05F0309S,05F0439S,32,492,6
2025/09/01 20:15,05F0309S,05F0439S,41,525,4
2025/09/01 20:15,05F0309S,05F0439S,42,0,0
2025/09/01 20:15,05F0309S,05F0439S,5,579,1
2025/09/01 20:15,05F0439S,05F0494S,31,201,11
2025/09/01 20:15,05F0439S,05F0494S,32,228,4
2025/09/01 20:15,05F0439S,05F0494S,41,0,0
2025/09/01 20:15,05F0439S,05F0494S,42,264,2
2025/09/01 20:15,05F0439S,05F0494S,5,221,2
2025/09/01 20:20,05F0000S,05F0055S,31,232,60
2025/09/01 20:20,05F0000S,05F0055S,32,234,16
2025/09/01 20:20,05F0000S,05F0055S,41,244,4
2025/09/01 20:20,05F0000S,05F0055S,42,0,0
2025/09/01 20:20,05F0000S,05F0055S,5,0,0
2025/09/01 20:20,05F0055S,05F0287S,31,952,69
2025/09/01 20:20,05F0055S,05F0287S,32,946,16
2025/09/01 20:20,05F0055S,05F0287S,41,1020,3
2025/09/01 20:20,05F0055S,05F0287S,42,0,0
2025/09/01 20:20,05F0055S,05F0287S,5,0,0
2025/09/01 20:20,05F0287S,05F0309S,31,86,60
2025/09/01 20:20,05F0287S,05F0309S,32,85,16
2025/09/01 20:20,05F0287S,05F0309S,41,102,1
2025/09/01 20:20,05F0287S,05F0309S,42,0,0
2025/09/01 20:20,05F0287S,05F0309S,5,0,0
2025/09/01 20:20,05F0309S,05F0439S,31,482,37
2025/09/01 20:20,05F0309S,05F0439S,32,525,5
2025/09/01 20:20,05F0309S,05F0439S,41,517,2
2025/09/01 20:20,05F0309S,05F0439S,42,782,1
2025/09/01 20:20,05F0309S,05F0439S,5,536,2
2025/09/01 20:20,05F0439S,05F0494S,31,202,13
2025/09/01 20:20,05F0439S,05F0494S,32,201,1
2025/09/01 20:20,05F0439S,05F0494S,41,219,1
2025/09/01 20:20,05F0439S,05F0494S,42,0,0
2025/09/01 20:20,05F0439S,05F0494S,5,0,0
2025/09/01 20:25,05F0000S,05F0055S,31,234,66
2025/09/01 20:25,05F0000S,05F0055S,32,242,11
2025/09/01 20:25,05F0000S,05F0055S,41,238,3
2025/09/01 20:25,05F0000S,05F0055S,42,251,1
2025/09/01 20:25,05F0000S,05F0055S,5,0,0
2025/09/01 20:25,05F0055S,05F0287S,31,971,57
2025/09/01 20:25,05F0055S,05F0287S,32,981,13
2025/09/01 20:25,05F0055S,05F0287S,41,1013,3
2025/09/01 20:25,05F0055S,05F0287S,42,967,1
2025/09/01 20:25,05F0055S,05F0287S,5,0,0
2025/09/01 20:25,05F0287S,05F0309S,31,86,43
2025/09/01 20:25,05F0287S,05F0309S,32,88,13
2025/09/01 20:25,05F0287S,05F0309S,41,92,4
2025/09/01 20:25,05F0287S,05F0309S,42,75,1
2025/09/01 20:25,05F0287S,05F0309S,5,0,0
2025/09/01 20:25,05F0309S,05F0439S,31,471,34
2025/09/01 20:25,05F0309S,05F0439S,32,484,9
2025/09/01 20:25,05F0309S,05F0439S,41,528,2
2025/09/01 20:25,05F0309S,05F0439S,42,0,0
2025/09/01 20:25,05F0309S,05F0439S,5,0,0
2025/09/01 20:25,05F0439S,05F0494S,31,207,10
2025/09/01 20:25,05F0439S,05F0494S,32,224,2
2025/09/01 20:25,05F0439S,05F0494S,41,0,0
2025/09/01 20:25,05F0439S,05F0494S,42,0,0
2025/09/01 20:25,05F0439S,05F0494S,5,0,0
2025/09/01 20:30,05F0000S,05F0055S,31,236,48
2025/09/01 20:30,05F0000S,05F0055S,32,237,10
2025/09/01 20:30,05F0000S,05F0055S,41,248,3
2025/09/01 20:30,05F0000S,05F0055S,42,0,0
2025/09/01 20:30,05F0000S,05F0055S,5,0,0
2025/09/01 20:30,05F0055S,05F0287S,31,945,46
2025/09/01 20:30,05F0055S,05F0287S,32,974,18
2025/09/01 20:30,05F0055S,05F0287S,41,1014,3
2025/09/01 20:30,05F0055S,05F0287S,42,0,0
2025/09/01 20:30,05F0055S,05F0287S,5,0,0
2025/09/01 20:30,05F0287S,05F0309S,31,87,34
2025/09/01 20:30,05F0287S,05F0309S,32,88,12
2025/09/01 20:30,05F0287S,05F0309S,41,91,1
2025/09/01 20:30,05F0287S,05F0309S,42,0,0
2025/09/01 20:30,05F0287S,05F0309S,5,0,0
2025/09/01 20:30,05F0309S,05F0439S,31,495,23
2025/09/01 20:30,05F0309S,05F0439S,32,491,8
2025/09/01 20:30,05F0309S,05F0439S,41,0,0
2025/09/01 20:30,05F0309S,05F0439S,42,0,0
2025/09/01 20:30,05F0309S,05F0439S,5,500,2
2025/09/01 20:30,05F0439S,05F0494S,31,203,19
2025/09/01 20:30,05F0439S,05F0494S,32,208,2
2025/09/01 20:30,05F0439S,05F0494S,41,0,0
2025/09/01 20:30,05F0439S,05F0494S,42,0,0
2025/09/01 20:30,05F0439S,05F0494S,5,0,0
2025/09/01 20:35,05F0000S,05F0055S,31,235,56
2025/09/01 20:35,05F0000S,05F0055S,32,239,13
2025/09/01 20:35,05F0000S,05F0055S,41,249,3
2025/09/01 20:35,05F0000S,05F0055S,42,0,0
2025/09/01 20:35,05F0000S,05F0055S,5,0,0
2025/09/01 20:35,05F0055S,05F0287S,31,944,55
2025/09/01 20:35,05F0055S,05F0287S,32,948,16
2025/09/01 20:35,05F0055S,05F0287S,41,1037,2
2025/09/01 20:35,05F0055S,05F0287S,42,0,0
2025/09/01 20:35,05F0055S,05F0287S,5,0,0
2025/09/01 20:35,05F0287S,05F0309S,31,85,55
2025/09/01 20:35,05F0287S,05F0309S,32,87,17
2025/09/01 20:35,05F0287S,05F0309S,41,95,2
2025/09/01 20:35,05F0287S,05F0309S,42,0,0
2025/09/01 20:35,05F0287S,05F0309S,5,0,0
2025/09/01 20:35,05F0309S,05F0439S,31,486,27
2025/09/01 20:35,05F0309S,05F0439S,32,492,6
2025/09/01 20:35,05F0309S,05F0439S,41,537,2
2025/09/01 20:35,05F0309S,05F0439S,42,455,2
2025/09/01 20:35,05F0309S,05F0439S,5,563,1
2025/09/01 20:35,05F0439S,05F0494S,31,213,18
2025/09/01 20:35,05F0439S,05F0494S,32,223,3
2025/09/01 20:35,05F0439S,05F0494S,41,0,0
2025/09/01 20:35,05F0439S,05F0494S,42,194,2
2025/09/01 20:35,05F0439S,05F0494S,5,219,2
2025/09/01 20:40,05F0000S,05F0055S,31,237,48
2025/09/01 20:40,05F0000S,05F0055S,32,238,14
2025/09/01 20:40,05F0000S,05F0055S,41,0,0
2025/09/01 20:40,05F0000S,05F0055S,42,0,0
2025/09/01 20:40,05F0000S,05F0055S,5,0,0
2025/09/01 20:40,05F0055S,05F0287S,31,949,78
2025/09/01 20:40,05F0055S,05F0287S,32,964,16
2025/09/01 20:40,05F0055S,05F0287S,41,994,5
2025/09/01 20:40,05F0055S,05F0287S,42,0,0
2025/09/01 20:40,05F0055S,05F0287S,5,0,0
2025/09/01 20:40,05F0287S,05F0309S,31,88,49
2025/09/01 20:40,05F0287S,05F0309S,32,90,10
2025/09/01 20:40,05F0287S,05F0309S,41,95,4
2025/09/01 20:40,05F0287S,05F0309S,42,0,0
2025/09/01 20:40,05F0287S,05F0309S,5,0,0
2025/09/01 20:40,05F0309S,05F0439S,31,494,25
2025/09/01 20:40,05F0309S,05F0439S,32,485,6
2025/09/01 20:40,05F0309S,05F0439S,41,535,1
2025/09/01 20:40,05F0309S,05F0439S,42,517,1
2025/09/01 20:40,05F0309S,05F0439S,5,0,0
2025/09/01 20:40,05F0439S,05F0494S,31,209,8
2025/09/01 20:40,05F0439S,05F0494S,32,191,2
2025/09/01 20:40,05F0439S,05F0494S,41,0,0
2025/09/01 20:40,05F0439S,05F0494S,42,218,1
2025/09/01 20:40,05F0439S,05F0494S,5,0,0
2025/09/01 20:45,05F0000S,05F0055S,31,233,50
2025/09/01 20:45,05F0000S,05F0055S,32,239,8
2025/09/01 20:45,05F0000S,05F0055S,41,231,10
2025/09/01 20:45,05F0000S,05F0055S,42,0,0
2025/09/01 20:45,05F0000S,05F0055S,5,0,0
2025/09/01 20:45,05F0055S,05F0287S,31,947,38
2025/09/01 20:45,05F0055S,05F0287S,32,1072,9
2025/09/01 20:45,05F0055S,05F0287S,41,1036,3
2025/09/01 20:45,05F0055S,05F0287S,42,0,0
2025/09/01 20:45,05F0055S,05F0287S,5,0,0
2025/09/01 20:45,05F0287S,05F0309S,31,85,41
2025/09/01 20:45,05F0287S,05F0309S,32,93,7
2025/09/01 20:45,05F0287S,05F0309S,41,91,2
2025/09/01 20:45,05F0287S,05F0309S,42,0,0
2025/09/01 20:45,05F0287S,05F0309S,5,0,0
2025/09/01 20:45,05F0309S,05F0439S,31,501,27
2025/09/01 20:45,05F0309S,05F0439S,32,497,11
2025/09/01 20:45,05F0309S,05F0439S,41,0,0
2025/09/01 20:45,05F0309S,05F0439S,42,534,1
2025/09/01 20:45,05F0309S,05F0439S,5,604,2
2025/09/01 20:45,05F0439S,05F0494S,31,207,14
2025/09/01 20:45,05F0439S,05F0494S,32,237,4
2025/09/01 20:45,05F0439S,05F0494S,41,0,0
2025/09/01 20:45,05F0439S,05F0494S,42,0,0
2025/09/01 20:45,05F0439S,05F0494S,5,244,1
2025/09/01 20:50,05F0000S,05F0055S,31,234,49
2025/09/01 20:50,05F0000S,05F0055S,32,234,8
2025/09/01 20:50,05F0000S,05F0055S,41,246,3
2025/09/01 20:50,05F0000S,05F0055S,42,0,0
2025/09/01 20:50,05F0000S,05F0055S,5,0,0
2025/09/01 20:50,05F0055S,05F0287S,31,970,51
2025/09/01 20:50,05F0055S,05F0287S,32,982,13
2025/09/01 20:50,05F0055S,05F0287S,41,1111,1
2025/09/01 20:50,05F0055S,05F0287S,42,0,0
2025/09/01 20:50,05F0055S,05F0287S,5,0,0
2025/09/01 20:50,05F0287S,05F0309S,31,88,45
2025/09/01 20:50,05F0287S,05F0309S,32,88,10
2025/09/01 20:50,05F0287S,05F0309S,41,102,3
2025/09/01 20:50,05F0287S,05F0309S,42,0,0
2025/09/01 20:50,05F0287S,05F0309S,5,0,0
2025/09/01 20:50,05F0309S,05F0439S,31,481,38
2025/09/01 20:50,05F0309S,05F0439S,32,503,7
2025/09/01 20:50,05F0309S,05F0439S,41,570,3
2025/09/01 20:50,05F0309S,05F0439S,42,0,0
2025/09/01 20:50,05F0309S,05F0439S,5,592,1
2025/09/01 20:50,05F0439S,05F0494S,31,231,9
2025/09/01 20:50,05F0439S,05F0494S,32,205,1
2025/09/01 20:50,05F0439S,05F0494S,41,0,0
2025/09/01 20:50,05F0439S,05F0494S,42,0,0
2025/09/01 20:50,05F0439S,05F0494S,5,270,1
2025/09/01 20:55,05F0000S,05F0055S,31,235,56
2025/09/01 20:55,05F0000S,05F0055S,32,244,18
2025/09/01 20:55,05F0000S,05F0055S,41,244,4
2025/09/01 20:55,05F0000S,05F0055S,42,233,1
2025/09/01 20:55,05F0000S,05F0055S,5,0,0
2025/09/01 20:55,05F0055S,05F0287S,31,957,66
2025/09/01 20:55,05F0055S,05F0287S,32,953,21
2025/09/01 20:55,05F0055S,05F0287S,41,1069,3
2025/09/01 20:55,05F0055S,05F0287S,42,0,0
2025/09/01 20:55,05F0055S,05F0287S,5,0,0
2025/09/01 20:55,05F0287S,05F0309S,31,87,44
2025/09/01 20:55,05F0287S,05F0309S,32,88,16
2025/09/01 20:55,05F0287S,05F0309S,41,95,3
2025/09/01 20:55,05F0287S,05F0309S,42,0,0
2025/09/01 20:55,05F0287S,05F0309S,5,0,0
2025/09/01 20:55,05F0309S,05F0439S,31,490,19
2025/09/01 20:55,05F0309S,05F0439S,32,492,8
2025/09/01 20:55,05F0309S,05F0439S,41,529,2
2025/09/01 20:55,05F0309S,05F0439S,42,0,0
2025/09/01 20:55,05F0309S,05F0439S,5,480,1
2025/09/01 20:55,05F0439S,05F0494S,31,196,15
2025/09/01 20:55,05F0439S,05F0494S,32,204,1
2025/09/01 20:55,05F0439S,05F0494S,41,0,0
2025/09/01 20:55,05F0439S,05F0494S,42,0,0
2025/09/01 20:55,05F0439S,05F0494S,5,228,2
2025/09/01 21:00,05F0000S,05F0055S,31,237,59
2025/09/01 21:00,05F0000S,05F0055S,32,230,7
2025/09/01 21:00,05F0000S,05F0055S,41,242,2
2025/09/01 21:00,05F0000S,05F0055S,42,0,0
2025/09/01 21:00,05F0000S,05F0055S,5,0,0
2025/09/01 21:00,05F0055S,05F0287S,31,938,50
2025/09/01 21:00,05F0055S,05F0287S,32,1011,4
2025/09/01 21:00,05F0055S,05F0287S,41,986,5
2025/09/01 21:00,05F0055S,05F0287S,42,0,0
2025/09/01 21:00,05F0055S,05F0287S,5,0,0
2025/09/01 21:00,05F0287S,05F0309S,31,85,37
2025/09/01 21:00,05F0287S,05F0309S,32,95,6
2025/09/01 21:00,05F0287S,05F0309S,41,87,4
2025/09/01 21:00,05F0287S,05F0309S,42,0,0
2025/09/01 21:00,05F0287S,05F0309S,5,0,0
2025/09/01 21:00,05F0309S,05F0439S,31,465,32
2025/09/01 21:00,05F0309S,05F0439S,32,496,8
2025/09/01 21:00,05F0309S,05F0439S,41,506,1
2025/09/01 21:00,05F0309S,05F0439S,42,560,2
2025/09/01 21:00,05F0309S,05F0439S,5,0,0
2025/09/01 21:00,05F0439S,05F0494S,31,206,6
2025/09/01 21:00,05F0439S,05F0494S,32,221,6
2025/09/01 21:00,05F0439S,05F0494S,41,0,0
2025/09/01 21:00,05F0439S,05F0494S,42,0,0
2025/09/01 21:00,05F0439S,05F0494S,5,0,0
2025/09/01 21:05,05F0000S,05F0055S,31,231,50
2025/09/01 21:05,05F0000S,05F0055S,32,228,12
2025/09/01 21:05,05F0000S,05F0055S,41,234,3
2025/09/01 21:05,05F0000S,05F0055S,42,0,0
2025/09/01 21:05,05F0000S,05F0055S,5,0,0
2025/09/01 21:05,05F0055S,05F0287S,31,968,53
2025/09/01 21:05,05F0055S,05F0287S,32,958,7
2025/09/01 21:05,05F0055S,05F0287S,41,1022,7
2025/09/01 21:05,05F0055S,05F0287S,42,0,0
2025/09/01 21:05,05F0055S,05F0287S,5,0,0
2025/09/01 21:05,05F0287S,05F0309S,31,85,33
2025/09/01 21:05,05F0287S,05F0309S,32,87,3
2025/09/01 21:05,05F0287S,05F0309S,41,93,4
2025/09/01 21:05,05F0287S,05F0309S,42,0,0
2025/09/01 21:05,05F0287S,05F0309S,5,0,0
2025/09/01 21:05,05F0309S,05F0439S,31,508,20
2025/09/01 21:05,05F0309S,05F0439S,32,502,9
2025/09/01 21:05,05F0309S,05F0439S,41,525,2
2025/09/01 21:05,05F0309S,05F0439S,42,517,2
2025/09/01 21:05,05F0309S,05F0439S,5,552,1
2025/09/01 21:05,05F0439S,05F0494S,31,214,11
2025/09/01 21:05,05F0439S,05F0494S,32,214,5
2025/09/01 21:05,05F0439S,05F0494S,41,0,0
2025/09/01 21:05,05F0439S,05F0494S,42,221,2
2025/09/01 21:05,05F0439S,05F0494S,5,0,0
2025/09/01 21:10,05F0000S,05F0055S,31,236,64
2025/09/01 21:10,05F0000S,05F0055S,32,235,15
2025/09/01 21:10,05F0000S,05F0055S,41,237,2
2025/09/01 21:10,05F0000S,05F0055S,42,0,0
2025/09/01 21:10,05F0000S,05F0055S,5,0,0
2025/09/01 21:10,05F0055S,05F0287S,31,964,51
2025/09/01 21:10,05F0055S,05F0287S,32,953,16
2025/09/01 21:10,05F0055S,05F0287S,41,1005,3
2025/09/01 21:10,05F0055S,05F0287S,42,0,0
2025/09/01 21:10,05F0055S,05F0287S,5,0,0
2025/09/01 21:10,05F0287S,05F0309S,31,85,43
2025/09/01 21:10,05F0287S,05F0309S,32,83,16
2025/09/01 21:10,05F0287S,05F0309S,41,94,3
2025/09/01 21:10,05F0287S,05F0309S,42,99,1
2025/09/01 21:10,05F0287S,05F0309S,5,0,0
2025/09/01 21:10,05F0309S,05F0439S,31,475,23
2025/09/01 21:10,05F0309S,05F0439S,32,525,6
2025/09/01 21:10,05F0309S,05F0439S,41,477,1
2025/09/01 21:10,05F0309S,05F0439S,42,493,1
2025/09/01 21:10,05F0309S,05F0439S,5,516,1
2025/09/01 21:10,05F0439S,05F0494S,31,199,12
2025/09/01 21:10,05F0439S,05F0494S,32,208,4
2025/09/01 21:10,05F0439S,05F0494S,41,0,0
2025/09/01 21:10,05F0439S,05F0494S,42,0,0
2025/09/01 21:10,05F0439S,05F0494S,5,248,2
2025/09/01 21:15,05F0000S,05F0055S,31,229,44
2025/09/01 21:15,05F0000S,05F0055S,32,233,16
2025/09/01 21:15,05F0000S,05F0055S,41,247,2
2025/09/01 21:15,05F0000S,05F0055S,42,0,0
2025/09/01 21:15,05F0000S,05F0055S,5,0,0
2025/09/01 21:15,05F0055S,05F0287S,31,955,66
2025/09/01 21:15,05F0055S,05F0287S,32,981,13
2025/09/01 21:15,05F0055S,05F0287S,41,1012,4
2025/09/01 21:15,05F0055S,05F0287S,42,1011,1
2025/09/01 21:15,05F0055S,05F0287S,5,0,0
2025/09/01 21:15,05F0287S,05F0309S,31,86,50
2025/09/01 21:15,05F0287S,05F0309S,32,97,7
2025/09/01 21:15,05F0287S,05F0309S,41,90,2
2025/09/01 21:15,05F0287S,05F0309S,42,0,0
2025/09/01 21:15,05F0287S,05F0309S,5,0,0
2025/09/01 21:15,05F0309S,05F0439S,31,493,26
2025/09/01 21:15,05F0309S,05F0439S,32,490,3
2025/09/01 21:15,05F0309S,05F0439S,41,535,4
2025/09/01 21:15,05F0309S,05F0439S,42,556,2
2025/09/01 21:15,05F0309S,05F0439S,5,0,0
2025/09/01 21:15,05F0439S,05F0494S,31,221,10
2025/09/01 21:15,05F0439S,05F0494S,32,197,2
2025/09/01 21:15,05F0439S,05F0494S,41,0,0
2025/09/01 21:15,05F0439S,05F0494S,42,196,1
2025/09/01 21:15,05F0439S,05F0494S,5,0,0
2025/09/01 21:20,05F0000S,05F0055S,31,235,60
2025/09/01 21:20,05F0000S,05F0055S,32,239,11
2025/09/01 21:20,05F0000S,05F0055S,41,242,4
2025/09/01 21:20,05F0000S,05F0055S,42,0,0
2025/09/01 21:20,05F0000S,05F0055S,5,0,0
2025/09/01 21:20,05F0055S,05F0287S,31,929,52
2025/09/01 21:20,05F0055S,05F0287S,32,929,14
2025/09/01 21:20,05F0055S,05F0287S,41,989,1
2025/09/01 21:20,05F0055S,05F0287S,42,0,0
2025/09/01 21:20,05F0055S,05F0287S,5,0,0
2025/09/01 21:20,05F0287S,05F0309S,31,86,41
2025/09/01 21:20,05F0287S,05F0309S,32,85,12
2025/09/01 21:20,05F0287S,05F0309S,41,680,2
2025/09/01 21:20,05F0287S,05F0309S,42,0,0
2025/09/01 21:20,05F0287S,05F0309S,5,0,0
2025/09/01 21:20,05F0309S,05F0439S,31,479,25
2025/09/01 21:20,05F0309S,05F0439S,32,500,6
2025/09/01 21:20,05F0309S,05F0439S,41,541,2
2025/09/01 21:20,05F0309S,05F0439S,42,549,1
2025/09/01 21:20,05F0309S,05F0439S,5,0,0
2025/09/01 21:20,05F0439S,05F0494S,31,206,16
2025/09/01 21:20,05F0439S,05F0494S,32,205,1
2025/09/01 21:20,05F0439S,05F0494S,41,0,0
2025/09/01 21:20,05F0439S,05F0494S,42,229,2
2025/09/01 21:20,05F0439S,05F0494S,5,0,0
2025/09/01 21:25,05F0000S,05F0055S,31,235,43
2025/09/01 21:25,05F0000S,05F0055S,32,243,8
2025/09/01 21:25,05F0000S,05F0055S,41,252,4
2025/09/01 21:25,05F0000S,05F0055S,42,0,0
2025/09/01 21:25,05F0000S,05F0055S,5,0,0
2025/09/01 21:25,05F0055S,05F0287S,31,956,48
2025/09/01 21:25,05F0055S,05F0287S,32,961,12
2025/09/01 21:25,05F0055S,05F0287S,41,1000,3
2025/09/01 21:25,05F0055S,05F0287S,42,0,0
2025/09/01 21:25,05F0055S,05F0287S,5,0,0
2025/09/01 21:25,05F0287S,05F0309S,31,87,36
2025/09/01 21:25,05F0287S,05F0309S,32,87,9
2025/09/01 21:25,05F0287S,05F0309S,41,93,4
2025/09/01 21:25,05F0287S,05F0309S,42,0,0
2025/09/01 21:25,05F0287S,05F0309S,5,0,0
2025/09/01 21:25,05F0309S,05F0439S,31,482,39
2025/09/01 21:25,05F0309S,05F0439S,32,480,5
2025/09/01 21:25,05F0309S,05F0439S,41,520,1
2025/09/01 21:25,05F0309S,05F0439S,42,506,1
2025/09/01 21:25,05F0309S,05F0439S,5,0,0
2025/09/01 21:25,05F0439S,05F0494S,31,206,13
2025/09/01 21:25,05F0439S,05F0494S,32,234,3
2025/09/01 21:25,05F0439S,05F0494S,41,0,0
2025/09/01 21:25,05F0439S,05F0494S,42,0,0
2025/09/01 21:25,05F0439S,05F0494S,5,0,0
2025/09/01 21:30,05F0000S,05F0055S,31,237,45
2025/09/01 21:30,05F0000S,05F0055S,32,230,14
2025/09/01 21:30,05F0000S,05F0055S,41,242,2
2025/09/01 21:30,05F0000S,05F0055S,42,0,0
2025/09/01 21:30,05F0000S,05F0055S,5,0,0
2025/09/01 21:30,05F0055S,05F0287S,31,981,58
2025/09/01 21:30,05F0055S,05F0287S,32,966,15
2025/09/01 21:30,05F0055S,05F0287S,41,1005,3
2025/09/01 21:30,05F0055S,05F0287S,42,0,0
2025/09/01 21:30,05F0055S,05F0287S,5,0,0
2025/09/01 21:30,05F0287S,05F0309S,31,85,44
2025/09/01 21:30,05F0287S,05F0309S,32,87,12
2025/09/01 21:30,05F0287S,05F0309S,41,97,3
2025/09/01 21:30,05F0287S,05F0309S,42,0,0
2025/09/01 21:30,05F0287S,05F0309S,5,0,0
2025/09/01 21:30,05F0309S,05F0439S,31,489,24
2025/09/01 21:30,05F0309S,05F0439S,32,492,2
2025/09/01 21:30,05F0309S,05F0439S,41,535,1
2025/09/01 21:30,05F0309S,05F0439S,42,533,2
2025/09/01 21:30,05F0309S,05F0439S,5,607,1
2025/09/01 21:30,05F0439S,05F0494S,31,211,14
2025/09/01 21:30,05F0439S,05F0494S,32,210,3
2025/09/01 21:30,05F0439S,05F0494S,41,0,0
2025/09/01 21:30,05F0439S,05F0494S,42,0,0
2025/09/01 21:30,05F0439S,05F0494S,5,0,0
2025/09/01 21:35,05F0000S,05F0055S,31,232,42
2025/09/01 21:35,05F0000S,05F0055S,32,235,12
2025/09/01 21:35,05F0000S,05F0055S,41,229,2
2025/09/01 21:35,05F0000S,05F0055S,42,0,0
2025/09/01 21:35,05F0000S,05F0055S,5,0,0
2025/09/01 21:35,05F0055S,05F0287S,31,976,57
2025/09/01 21:35,05F0055S,05F0287S,32,978,15
2025/09/01 21:35,05F0055S,05F0287S,41,996,2
2025/09/01 21:35,05F0055S,05F0287S,42,0,0
2025/09/01 21:35,05F0055S,05F0287S,5,0,0
2025/09/01 21:35,05F0287S,05F0309S,31,87,40
2025/09/01 21:35,05F0287S,05F0309S,32,86,11
2025/09/01 21:35,05F0287S,05F0309S,41,92,2
2025/09/01 21:35,05F0287S,05F0309S,42,0,0
2025/09/01 21:35,05F0287S,05F0309S,5,0,0
2025/09/01 21:35,05F0309S,05F0439S,31,495,19
2025/09/01 21:35,05F0309S,05F0439S,32,472,8
2025/09/01 21:35,05F0309S,05F0439S,41,558,2
2025/09/01 21:35,05F0309S,05F0439S,42,523,1
2025/09/01 21:35,05F0309S,05F0439S,5,439,1
2025/09/01 21:35,05F0439S,05F0494S,31,211,11
2025/09/01 21:35,05F0439S,05F0494S,32,205,2
2025/09/01 21:35,05F0439S,05F0494S,41,0,0
2025/09/01 21:35,05F0439S,05F0494S,42,225,1
2025/09/01 21:35,05F0439S,05F0494S,5,255,1
2025/09/01 21:40,05F0000S,05F0055S,31,230,38
2025/09/01 21:40,05F0000S,05F0055S,32,225,8
2025/09/01 21:40,05F0000S,05F0055S,41,247,5
2025/09/01 21:40,05F0000S,05F0055S,42,0,0
2025/09/01 21:40,05F0000S,05F0055S,5,0,0
2025/09/01 21:40,05F0055S,05F0287S,31,969,37
2025/09/01 21:40,05F0055S,05F0287S,32,1018,7
2025/09/01 21:40,05F0055S,05F0287S,41,1009,3
2025/09/01 21:40,05F0055S,05F0287S,42,0,0
2025/09/01 21:40,05F0055S,05F0287S,5,0,0
2025/09/01 21:40,05F0287S,05F0309S,31,85,41
2025/09/01 21:40,05F0287S,05F0309S,32,88,7
2025/09/01 21:40,05F0287S,05F0309S,41,97,4
2025/09/01 21:40,05F0287S,05F0309S,42,0,0
2025/09/01 21:40,05F0287S,05F0309S,5,0,0
2025/09/01 21:40,05F0309S,05F0439S,31,484,25
2025/09/01 21:40,05F0309S,05F0439S,32,468,6
2025/09/01 21:40,05F0309S,05F0439S,41,532,2
2025/09/01 21:40,05F0309S,05F0439S,42,0,0
2025/09/01 21:40,05F0309S,05F0439S,5,492,2
2025/09/01 21:40,05F0439S,05F0494S,31,210,11
2025/09/01 21:40,05F0439S,05F0494S,32,187,3
2025/09/01 21:40,05F0439S,05F0494S,41,0,0
2025/09/01 21:40,05F0439S,05F0494S,42,233,1
2025/09/01 21:40,05F0439S,05F0494S,5,182,1
2025/09/01 21:45,05F0000S,05F0055S,31,231,45
2025/09/01 21:45,05F0000S,05F0055S,32,236,14
2025/09/01 21:45,05F0000S,05F0055S,41,227,3
2025/09/01 21:45,05F0000S,05F0055S,42,0,0
2025/09/01 21:45,05F0000S,05F0055S,5,0,0
2025/09/01 21:45,05F0055S,05F0287S,31,983,40
2025/09/01 21:45,05F0055S,05F0287S,32,996,8
2025/09/01 21:45,05F0055S,05F0287S,41,1032,4
2025/09/01 21:45,05F0055S,05F0287S,42,0,0
2025/09/01 21:45,05F0055S,05F0287S,5,0,0
2025/09/01 21:45,05F0287S,05F0309S,31,88,33
2025/09/01 21:45,05F0287S,05F0309S,32,87,9
2025/09/01 21:45,05F0287S,05F0309S,41,93,3
2025/09/01 21:45,05F0287S,05F0309S,42,0,0
2025/09/01 21:45,05F0287S,05F0309S,5,0,0
2025/09/01 21:45,05F0309S,05F0439S,31,498,30
2025/09/01 21:45,05F0309S,05F0439S,32,484,11
2025/09/01 21:45,05F0309S,05F0439S,41,521,1
2025/09/01 21:45,05F0309S,05F0439S,42,0,0
2025/09/01 21:45,05F0309S,05F0439S,5,567,2
2025/09/01 21:45,05F0439S,05F0494S,31,208,9
2025/09/01 21:45,05F0439S,05F0494S,32,216,4
2025/09/01 21:45,05F0439S,05F0494S,41,0,0
2025/09/01 21:45,05F0439S,05F0494S,42,0,0
2025/09/01 21:45,05F0439S,05F0494S,5,0,0
2025/09/01 21:50,05F0000S,05F0055S,31,233,46
2025/09/01 21:50,05F0000S,05F0055S,32,237,13
2025/09/01 21:50,05F0000S,05F0055S,41,226,2
2025/09/01 21:50,05F0000S,05F0055S,42,0,0
2025/09/01 21:50,05F0000S,05F0055S,5,0,0
2025/09/01 21:50,05F0055S,05F0287S,31,996,47
2025/09/01 21:50,05F0055S,05F0287S,32,998,19
2025/09/01 21:50,05F0055S,05F0287S,41,1023,3
2025/09/01 21:50,05F0055S,05F0287S,42,0,0
2025/09/01 21:50,05F0055S,05F0287S,5,0,0
2025/09/01 21:50,05F0287S,05F0309S,31,84,30
2025/09/01 21:50,05F0287S,05F0309S,32,86,11
2025/09/01 21:50,05F0287S,05F0309S,41,94,3
2025/09/01 21:50,05F0287S,05F0309S,42,0,0
2025/09/01 21:50,05F0287S,05F0309S,5,0,0
2025/09/01 21:50,05F0309S,05F0439S,31,482,30
2025/09/01 21:50,05F0309S,05F0439S,32,512,4
2025/09/01 21:50,05F0309S,05F0439S,41,528,1
2025/09/01 21:50,05F0309S,05F0439S,42,0,0
2025/09/01 21:50,05F0309S,05F0439S,5,0,0
2025/09/01 21:50,05F0439S,05F0494S,31,212,16
2025/09/01 21:50,05F0439S,05F0494S,32,201,4
2025/09/01 21:50,05F0439S,05F0494S,41,0,0
2025/09/01 21:50,05F0439S,05F0494S,42,0,0
2025/09/01 21:50,05F0439S,05F0494S,5,240,2
2025/09/01 21:55,05F0000S,05F0055S,31,236,40
2025/09/01 21:55,05F0000S,05F0055S,32,222,7
2025/09/01 21:55,05F0000S,05F0055S,41,232,5
2025/09/01 21:55,05F0000S,05F0055S,42,0,0
2025/09/01 21:55,05F0000S,05F0055S,5,0,0
2025/09/01 21:55,05F0055S,05F0287S,31,987,44
2025/09/01 21:55,05F0055S,05F0287S,32,999,12
2025/09/01 21:55,05F0055S,05F0287S,41,1018,3
2025/09/01 21:55,05F0055S,05F0287S,42,0,0
2025/09/01 21:55,05F0055S,05F0287S,5,0,0
2025/09/01 21:55,05F0287S,05F0309S,31,86,32
2025/09/01 21:55,05F0287S,05F0309S,32,88,14
2025/09/01 21:55,05F0287S,05F0309S,41,92,4
2025/09/01 21:55,05F0287S,05F0309S,42,0,0
2025/09/01 21:55,05F0287S,05F0309S,5,0,0
2025/09/01 21:55,05F0309S,05F0439S,31,491,15
2025/09/01 21:55,05F0309S,05F0439S,32,476,6
2025/09/01 21:55,05F0309S,05F0439S,41,585,2
2025/09/01 21:55,05F0309S,05F0439S,42,510,2
2025/09/01 21:55,05F0309S,05F0439S,5,489,1
2025/09/01 21:55,05F0439S,05F0494S,31,209,10
2025/09/01 21:55,05F0439S,05F0494S,32,213,2
2025/09/01 21:55,05F0439S,05F0494S,41,0,0
2025/09/01 21:55,05F0439S,05F0494S,42,214,1
2025/09/01 21:55,05F0439S,05F0494S,5,205,1
2025/09/01 22:00,05F0000S,05F0055S,31,232,53
2025/09/01 22:00,05F0000S,05F0055S,32,233,9
2025/09/01 22:00,05F0000S,05F0055S,41,228,1
2025/09/01 22:00,05F0000S,05F0055S,42,0,0
2025/09/01 22:00,05F0000S,05F0055S,5,0,0
2025/09/01 22:00,05F0055S,05F0287S,31,980,51
2025/09/01 22:00,05F0055S,05F0287S,32,971,12
2025/09/01 22:00,05F0055S,05F0287S,41,1005,5
2025/09/01 22:00,05F0055S,05F0287S,42,0,0
2025/09/01 22:00,05F0055S,05F0287S,5,0,0
2025/09/01 22:00,05F0287S,05F0309S,31,86,32
2025/09/01 22:00,05F0287S,05F0309S,32,85,6
2025/09/01 22:00,05F0287S,05F0309S,41,88,4
2025/09/01 22:00,05F0287S,05F0309S,42,0,0
2025/09/01 22:00,05F0287S,05F0309S,5,0,0
2025/09/01 22:00,05F0309S,05F0439S,31,486,17
2025/09/01 22:00,05F0309S,05F0439S,32,495,8
2025/09/01 22:00,05F0309S,05F0439S,41,504,2
2025/09/01 22:00,05F0309S,05F0439S,42,0,0
2025/09/01 22:00,05F0309S,05F0439S,5,0,0
2025/09/01 22:00,05F0439S,05F0494S,31,201,9
2025/09/01 22:00,05F0439S,05F0494S,32,230,5
2025/09/01 22:00,05F0439S,05F0494S,41,0,0
2025/09/01 22:00,05F0439S,05F0494S,42,0,0
2025/09/01 22:00,05F0439S,05F0494S,5,0,0
2025/09/01 22:05,05F0000S,05F0055S,31,237,33
2025/09/01 22:05,05F0000S,05F0055S,32,249,9
2025/09/01 22:05,05F0000S,05F0055S,41,246,2
2025/09/01 22:05,05F0000S,05F0055S,42,0,0
2025/09/01 22:05,05F0000S,05F0055S,5,0,0
2025/09/01 22:05,05F0055S,05F0287S,31,1006,42
2025/09/01 22:05,05F0055S,05F0287S,32,1040,13
2025/09/01 22:05,05F0055S,05F0287S,41,1099,1
2025/09/01 22:05,05F0055S,05F0287S,42,0,0
2025/09/01 22:05,05F0055S,05F0287S,5,0,0
2025/09/01 22:05,05F0287S,05F0309S,31,82,26
2025/09/01 22:05,05F0287S,05F0309S,32,90,5
2025/09/01 22:05,05F0287S,05F0309S,41,0,0
2025/09/01 22:05,05F0287S,05F0309S,42,0,0
2025/09/01 22:05,05F0287S,05F0309S,5,0,0
2025/09/01 22:05,05F0309S,05F0439S,31,493,15
2025/09/01 22:05,05F0309S,05F0439S,32,517,4
2025/09/01 22:05,05F0309S,05F0439S,41,492,1
2025/09/01 22:05,05F0309S,05F0439S,42,505,2
2025/09/01 22:05,05F0309S,05F0439S,5,0,0
2025/09/01 22:05,05F0439S,05F0494S,31,216,7
2025/09/01 22:05,05F0439S,05F0494S,32,223,4
2025/09/01 22:05,05F0439S,05F0494S,41,0,0
2025/09/01 22:05,05F0439S,05F0494S,42,0,0
2025/09/01 22:05,05F0439S,05F0494S,5,0,0
2025/09/01 22:10,05F0000S,05F0055S,31,237,32
2025/09/01 22:10,05F0000S,05F0055S,32,231,6
2025/09/01 22:10,05F0000S,05F0055S,41,233,3
2025/09/01 22:10,05F0000S,05F0055S,42,0,0
2025/09/01 22:10,05F0000S,05F0055S,5,0,0
2025/09/01 22:10,05F0055S,05F0287S,31,988,42
2025/09/01 22:10,05F0055S,05F0287S,32,984,9
2025/09/01 22:10,05F0055S,05F0287S,41,1022,2
2025/09/01 22:10,05F0055S,05F0287S,42,0,0
2025/09/01 22:10,05F0055S,05F0287S,5,0,0
2025/09/01 22:10,05F0287S,05F0309S,31,86,44
2025/09/01 22:10,05F0287S,05F0309S,32,86,17
2025/09/01 22:10,05F0287S,05F0309S,41,93,3
2025/09/01 22:10,05F0287S,05F0309S,42,0,0
2025/09/01 22:10,05F0287S,05F0309S,5,0,0
2025/09/01 22:10,05F0309S,05F0439S,31,487,25
2025/09/01 22:10,05F0309S,05F0439S,32,452,4
2025/09/01 22:10,05F0309S,05F0439S,41,519,2
2025/09/01 22:10,05F0309S,05F0439S,42,0,0
2025/09/01 22:10,05F0309S,05F0439S,5,537,1
2025/09/01 22:10,05F0439S,05F0494S,31,205,6
2025/09/01 22:10,05F0439S,05F0494S,32,778,3
2025/09/01 22:10,05F0439S,05F0494S,41,0,0
2025/09/01 22:10,05F0439S,05F0494S,42,0,0
2025/09/01 22:10,05F0439S,05F0494S,5,0,0
2025/09/01 22:15,05F0000S,05F0055S,31,238,40
2025/09/01 22:15,05F0000S,05F0055S,32,241,6
2025/09/01 22:15,05F0000S,05F0055S,41,236,3
2025/09/01 22:15,05F0000S,05F0055S,42,0,0
2025/09/01 22:15,05F0000S,05F0055S,5,0,0
2025/09/01 22:15,05F0055S,05F0287S,31,970,56
2025/09/01 22:15,05F0055S,05F0287S,32,966,9
2025/09/01 22:15,05F0055S,05F0287S,41,995,5
2025/09/01 22:15,05F0055S,05F0287S,42,0,0
2025/09/01 22:15,05F0055S,05F0287S,5,0,0
2025/09/01 22:15,05F0287S,05F0309S,31,84,36
2025/09/01 22:15,05F0287S,05F0309S,32,84,6
2025/09/01 22:15,05F0287S,05F0309S,41,91,3
2025/09/01 22:15,05F0287S,05F0309S,42,0,0
2025/09/01 22:15,05F0287S,05F0309S,5,0,0
2025/09/01 22:15,05F0309S,05F0439S,31,464,18
2025/09/01 22:15,05F0309S,05F0439S,32,501,7
2025/09/01 22:15,05F0309S,05F0439S,41,530,1
2025/09/01 22:15,05F0309S,05F0439S,42,617,1
2025/09/01 22:15,05F0309S,05F0439S,5,479,1
2025/09/01 22:15,05F0439S,05F0494S,31,215,7
2025/09/01 22:15,05F0439S,05F0494S,32,227,1
2025/09/01 22:15,05F0439S,05F0494S,41,0,0
2025/09/01 22:15,05F0439S,05F0494S,42,0,0
2025/09/01 22:15,05F0439S,05F0494S,5,231,1
2025/09/01 22:20,05F0000S,05F0055S,31,243,33
2025/09/01 22:20,05F0000S,05F0055S,32,246,8
2025/09/01 22:20,05F0000S,05F0055S,41,245,2
2025/09/01 22:20,05F0000S,05F0055S,42,0,0
2025/09/01 22:20,05F0000S,05F0055S,5,0,0
2025/09/01 22:20,05F0055S,05F0287S,31,974,45
2025/09/01 22:20,05F0055S,05F0287S,32,971,8
2025/09/01 22:20,05F0055S,05F0287S,41,0,0
2025/09/01 22:20,05F0055S,05F0287S,42,0,0
2025/09/01 22:20,05F0055S,05F0287S,5,0,0
2025/09/01 22:20,05F0287S,05F0309S,31,84,33
2025/09/01 22:20,05F0287S,05F0309S,32,87,6
2025/09/01 22:20,05F0287S,05F0309S,41,0,0
2025/09/01 22:20,05F0287S,05F0309S,42,0,0
2025/09/01 22:20,05F0287S,05F0309S,5,0,0
2025/09/01 22:20,05F0309S,05F0439S,31,489,17
2025/09/01 22:20,05F0309S,05F0439S,32,483,5
2025/09/01 22:20,05F0309S,05F0439S,41,524,1
2025/09/01 22:20,05F0309S,05F0439S,42,555,2
2025/09/01 22:20,05F0309S,05F0439S,5,553,1
2025/09/01 22:20,05F0439S,05F0494S,31,211,9
2025/09/01 22:20,05F0439S,05F0494S,32,228,4
2025/09/01 22:20,05F0439S,05F0494S,41,0,0
2025/09/01 22:20,05F0439S,05F0494S,42,0,0
2025/09/01 22:20,05F0439S,05F0494S,5,215,2
2025/09/01 22:25,05F0000S,05F0055S,31,249,42
2025/09/01 22:25,05F0000S,05F0055S,32,252,10
2025/09/01 22:25,05F0000S,05F0055S,41,250,4
2025/09/01 22:25,05F0000S,05F0055S,42,0,0
2025/09/01 22:25,05F0000S,05F0055S,5,0,0
2025/09/01 22:25,05F0055S,05F0287S,31,987,36
2025/09/01 22:25,05F0055S,05F0287S,32,971,8
2025/09/01 22:25,05F0055S,05F0287S,41,973,5
2025/09/01 22:25,05F0055S,05F0287S,42,0,0
2025/09/01 22:25,05F0055S,05F0287S,5,0,0
2025/09/01 22:25,05F0287S,05F0309S,31,85,25
2025/09/01 22:25,05F0287S,05F0309S,32,85,9
2025/09/01 22:25,05F0287S,05F0309S,41,92,4
2025/09/01 22:25,05F0287S,05F0309S,42,0,0
2025/09/01 22:25,05F0287S,05F0309S,5,0,0
2025/09/01 22:25,05F0309S,05F0439S,31,477,31
2025/09/01 22:25,05F0309S,05F0439S,32,463,5
2025/09/01 22:25,05F0309S,05F0439S,41,502,1
2025/09/01 22:25,05F0309S,05F0439S,42,496,1
2025/09/01 22:25,05F0309S,05F0439S,5,0,0
2025/09/01 22:25,05F0439S,05F0494S,31,207,13
2025/09/01 22:25,05F0439S,05F0494S,32,201,3
2025/09/01 22:25,05F0439S,05F0494S,41,0,0
2025/09/01 22:25,05F0439S,05F0494S,42,228,2
2025/09/01 22:25,05F0439S,05F0494S,5,0,0
2025/09/01 22:30,05F0000S,05F0055S,31,238,37
2025/09/01 22:30,05F0000S,05F0055S,32,234,9
2025/09/01 22:30,05F0000S,05F0055S,41,250,3
2025/09/01 22:30,05F0000S,05F0055S,42,0,0
2025/09/01 22:30,05F0000S,05F0055S,5,0,0
2025/09/01 22:30,05F0055S,05F0287S,31,971,37
2025/09/01 22:30,05F0055S,05F0287S,32,981,6
2025/09/01 22:30,05F0055S,05F0287S,41,984,3
2025/09/01 22:30,05F0055S,05F0287S,42,0,0
2025/09/01 22:30,05F0055S,05F0287S,5,0,0
2025/09/01 22:30,05F0287S,05F0309S,31,86,20
2025/09/01 22:30,05F0287S,05F0309S,32,82,3
2025/09/01 22:30,05F0287S,05F0309S,41,542,6
2025/09/01 22:30,05F0287S,05F0309S,42,0,0
2025/09/01 22:30,05F0287S,05F0309S,5,0,0
2025/09/01 22:30,05F0309S,05F0439S,31,466,14
2025/09/01 22:30,05F0309S,05F0439S,32,473,6
2025/09/01 22:30,05F0309S,05F0439S,41,0,0
2025/09/01 22:30,05F0309S,05F0439S,42,632,1
2025/09/01 22:30,05F0309S,05F0439S,5,591,1
2025/09/01 22:30,05F0439S,05F0494S,31,202,7
2025/09/01 22:30,05F0439S,05F0494S,32,0,0
2025/09/01 22:30,05F0439S,05F0494S,41,0,0
2025/09/01 22:30,05F0439S,05F0494S,42,0,0
2025/09/01 22:30,05F0439S,05F0494S,5,0,0
2025/09/01 22:35,05F0000S,05F0055S,31,254,30
2025/09/01 22:35,05F0000S,05F0055S,32,258,11
2025/09/01 22:35,05F0000S,05F0055S,41,246,2
2025/09/01 22:35,05F0000S,05F0055S,42,0,0
2025/09/01 22:35,05F0000S,05F0055S,5,0,0
2025/09/01 22:35,05F0055S,05F0287S,31,971,37
2025/09/01 22:35,05F0055S,05F0287S,32,1003,7
2025/09/01 22:35,05F0055S,05F0287S,41,0,0
2025/09/01 22:35,05F0055S,05F0287S,42,0,0
2025/09/01 22:35,05F0055S,05F0287S,5,0,0
2025/09/01 22:35,05F0287S,05F0309S,31,86,37
2025/09/01 22:35,05F0287S,05F0309S,32,86,7
2025/09/01 22:35,05F0287S,05F0309S,41,0,0
2025/09/01 22:35,05F0287S,05F0309S,42,0,0
2025/09/01 22:35,05F0287S,05F0309S,5,0,0
2025/09/01 22:35,05F0309S,05F0439S,31,480,19
2025/09/01 22:35,05F0309S,05F0439S,32,485,5
2025/09/01 22:35,05F0309S,05F0439S,41,535,3
2025/09/01 22:35,05F0309S,05F0439S,42,0,0
2025/09/01 22:35,05F0309S,05F0439S,5,536,1
2025/09/01 22:35,05F0439S,05F0494S,31,209,4
2025/09/01 22:35,05F0439S,05F0494S,32,200,4
2025/09/01 22:35,05F0439S,05F0494S,41,0,0
2025/09/01 22:35,05F0439S,05F0494S,42,261,1
2025/09/01 22:35,05F0439S,05F0494S,5,226,1
2025/09/01 22:40,05F0000S,05F0055S,31,251,34
2025/09/01 22:40,05F0000S,05F0055S,32,248,5
2025/09/01 22:40,05F0000S,05F0055S,41,262,2
2025/09/01 22:40,05F0000S,05F0055S,42,0,0
2025/09/01 22:40,05F0000S,05F0055S,5,0,0
2025/09/01 22:40,05F0055S,05F0287S,31,1006,31
2025/09/01 22:40,05F0055S,05F0287S,32,1020,12
2025/09/01 22:40,05F0055S,05F0287S,41,1069,3
2025/09/01 22:40,05F0055S,05F0287S,42,0,0
2025/09/01 22:40,05F0055S,05F0287S,5,0,0
2025/09/01 22:40,05F0287S,05F0309S,31,82,31
2025/09/01 22:40,05F0287S,05F0309S,32,89,11
2025/09/01 22:40,05F0287S,05F0309S,41,93,2
2025/09/01 22:40,05F0287S,05F0309S,42,0,0
2025/09/01 22:40,05F0287S,05F0309S,5,0,0
2025/09/01 22:40,05F0309S,05F0439S,31,489,17
2025/09/01 22:40,05F0309S,05F0439S,32,488,3
2025/09/01 22:40,05F0309S,05F0439S,41,529,3
2025/09/01 22:40,05F0309S,05F0439S,42,0,0
2025/09/01 22:40,05F0309S,05F0439S,5,531,2
2025/09/01 22:40,05F0439S,05F0494S,31,208,3
2025/09/01 22:40,05F0439S,05F0494S,32,202,1
2025/09/01 22:40,05F0439S,05F0494S,41,0,0
2025/09/01 22:40,05F0439S,05F0494S,42,0,0
2025/09/01 22:40,05F0439S,05F0494S,5,0,0
2025/09/01 22:45,05F0000S,05F0055S,31,253,39
2025/09/01 22:45,05F0000S,05F0055S,32,275,6
2025/09/01 22:45,05F0000S,05F0055S,41,239,2
2025/09/01 22:45,05F0000S,05F0055S,42,0,0
2025/09/01 22:45,05F0000S,05F0055S,5,0,0
2025/09/01 22:45,05F0055S,05F0287S,31,993,48
2025/09/01 22:45,05F0055S,05F0287S,32,956,9
2025/09/01 22:45,05F0055S,05F0287S,41,1024,5
2025/09/01 22:45,05F0055S,05F0287S,42,0,0
2025/09/01 22:45,05F0055S,05F0287S,5,0,0
2025/09/01 22:45,05F0287S,05F0309S,31,85,37
2025/09/01 22:45,05F0287S,05F0309S,32,89,3
2025/09/01 22:45,05F0287S,05F0309S,41,94,5
2025/09/01 22:45,05F0287S,05F0309S,42,0,0
2025/09/01 22:45,05F0287S,05F0309S,5,0,0
2025/09/01 22:45,05F0309S,05F0439S,31,467,11
2025/09/01 22:45,05F0309S,05F0439S,32,513,5
2025/09/01 22:45,05F0309S,05F0439S,41,0,0
2025/09/01 22:45,05F0309S,05F0439S,42,535,1
2025/09/01 22:45,05F0309S,05F0439S,5,582,2
2025/09/01 22:45,05F0439S,05F0494S,31,181,1
2025/09/01 22:45,05F0439S,05F0494S,32,206,1
2025/09/01 22:45,05F0439S,05F0494S,41,0,0
2025/09/01 22:45,05F0439S,05F0494S,42,0,0
2025/09/01 22:45,05F0439S,05F0494S,5,237,1
2025/09/01 22:50,05F0000S,05F0055S,31,243,24
2025/09/01 22:50,05F0000S,05F0055S,32,238,5
2025/09/01 22:50,05F0000S,05F0055S,41,256,2
2025/09/01 22:50,05F0000S,05F0055S,42,0,0
2025/09/01 22:50,05F0000S,05F0055S,5,0,0
2025/09/01 22:50,05F0055S,05F0287S,31,976,25
2025/09/01 22:50,05F0055S,05F0287S,32,980,9
2025/09/01 22:50,05F0055S,05F0287S,41,970,2
2025/09/01 22:50,05F0055S,05F0287S,42,0,0
2025/09/01 22:50,05F0055S,05F0287S,5,0,0
2025/09/01 22:50,05F0287S,05F0309S,31,86,19
2025/09/01 22:50,05F0287S,05F0309S,32,86,7
2025/09/01 22:50,05F0287S,05F0309S,41,91,3
2025/09/01 22:50,05F0287S,05F0309S,42,0,0
2025/09/01 22:50,05F0287S,05F0309S,5,0,0
2025/09/01 22:50,05F0309S,05F0439S,31,491,21
2025/09/01 22:50,05F0309S,05F0439S,32,529,5
2025/09/01 22:50,05F0309S,05F0439S,41,537,2
2025/09/01 22:50,05F0309S,05F0439S,42,0,0
2025/09/01 22:50,05F0309S,05F0439S,5,488,1
2025/09/01 22:50,05F0439S,05F0494S,31,198,6
2025/09/01 22:50,05F0439S,05F0494S,32,225,4
2025/09/01 22:50,05F0439S,05F0494S,41,0,0
2025/09/01 22:50,05F0439S,05F0494S,42,218,1
2025/09/01 22:50,05F0439S,05F0494S,5,250,2
2025/09/01 22:55,05F0000S,05F0055S,31,245,32
2025/09/01 22:55,05F0000S,05F0055S,32,246,11
2025/09/01 22:55,05F0000S,05F0055S,41,244,2
2025/09/01 22:55,05F0000S,05F0055S,42,0,0
2025/09/01 22:55,05F0000S,05F0055S,5,0,0
2025/09/01 22:55,05F0055S,05F0287S,31,989,45
2025/09/01 22:55,05F0055S,05F0287S,32,1013,6
2025/09/01 22:55,05F0055S,05F0287S,41,1042,2
2025/09/01 22:55,05F0055S,05F0287S,42,0,0
2025/09/01 22:55,05F0055S,05F0287S,5,0,0
2025/09/01 22:55,05F0287S,05F0309S,31,85,27
2025/09/01 22:55,05F0287S,05F0309S,32,89,4
2025/09/01 22:55,05F0287S,05F0309S,41,0,0
2025/09/01 22:55,05F0287S,05F0309S,42,0,0
2025/09/01 22:55,05F0287S,05F0309S,5,0,0
2025/09/01 22:55,05F0309S,05F0439S,31,482,21
2025/09/01 22:55,05F0309S,05F0439S,32,479,3
2025/09/01 22:55,05F0309S,05F0439S,41,541,3
2025/09/01 22:55,05F0309S,05F0439S,42,0,0
2025/09/01 22:55,05F0309S,05F0439S,5,538,1
2025/09/01 22:55,05F0439S,05F0494S,31,199,11
2025/09/01 22:55,05F0439S,05F0494S,32,226,1
2025/09/01 22:55,05F0439S,05F0494S,41,0,0
2025/09/01 22:55,05F0439S,05F0494S,42,0,0
2025/09/01 22:55,05F0439S,05F0494S,5,197,1
2025/09/01 23:00,05F0000S,05F0055S,31,247,30
2025/09/01 23:00,05F0000S,05F0055S,32,248,4
2025/09/01 23:00,05F0000S,05F0055S,41,256,3
2025/09/01 23:00,05F0000S,05F0055S,42,0,0
2025/09/01 23:00,05F0000S,05F0055S,5,0,0
2025/09/01 23:00,05F0055S,05F0287S,31,997,48
2025/09/01 23:00,05F0055S,05F0287S,32,965,8
2025/09/01 23:00,05F0055S,05F0287S,41,1034,2
2025/09/01 23:00,05F0055S,05F0287S,42,0,0
2025/09/01 23:00,05F0055S,05F0287S,5,0,0
2025/09/01 23:00,05F0287S,05F0309S,31,86,31
2025/09/01 23:00,05F0287S,05F0309S,32,87,3
2025/09/01 23:00,05F0287S,05F0309S,41,92,3
2025/09/01 23:00,05F0287S,05F0309S,42,0,0
2025/09/01 23:00,05F0287S,05F0309S,5,0,0
2025/09/01 23:00,05F0309S,05F0439S,31,479,12
2025/09/01 23:00,05F0309S,05F0439S,32,498,5
2025/09/01 23:00,05F0309S,05F0439S,41,519,1
2025/09/01 23:00,05F0309S,05F0439S,42,0,0
2025/09/01 23:00,05F0309S,05F0439S,5,0,0
2025/09/01 23:00,05F0439S,05F0494S,31,210,1
2025/09/01 23:00,05F0439S,05F0494S,32,197,2
2025/09/01 23:00,05F0439S,05F0494S,41,0,0
2025/09/01 23:00,05F0439S,05F0494S,42,0,0
2025/09/01 23:00,05F0439S,05F0494S,5,223,1
2025/09/01 23:05,05F0000S,05F0055S,31,245,22
2025/09/01 23:05,05F0000S,05F0055S,32,248,9
2025/09/01 23:05,05F0000S,05F0055S,41,243,3
2025/09/01 23:05,05F0000S,05F0055S,42,0,0
2025/09/01 23:05,05F0000S,05F0055S,5,0,0
2025/09/01 23:05,05F0055S,05F0287S,31,961,22
2025/09/01 23:05,05F0055S,05F0287S,32,970,5
2025/09/01 23:05,05F0055S,05F0287S,41,0,0
2025/09/01 23:05,05F0055S,05F0287S,42,0,0
2025/09/01 23:05,05F0055S,05F0287S,5,0,0
2025/09/01 23:05,05F0287S,05F0309S,31,84,20
2025/09/01 23:05,05F0287S,05F0309S,32,90,4
2025/09/01 23:05,05F0287S,05F0309S,41,95,2
2025/09/01 23:05,05F0287S,05F0309S,42,0,0
2025/09/01 23:05,05F0287S,05F0309S,5,0,0
2025/09/01 23:05,05F0309S,05F0439S,31,498,15
2025/09/01 23:05,05F0309S,05F0439S,32,511,3
2025/09/01 23:05,05F0309S,05F0439S,41,535,2
2025/09/01 23:05,05F0309S,05F0439S,42,499,4
2025/09/01 23:05,05F0309S,05F0439S,5,0,0
2025/09/01 23:05,05F0439S,05F0494S,31,176,1
2025/09/01 23:05,05F0439S,05F0494S,32,205,2
2025/09/01 23:05,05F0439S,05F0494S,41,0,0
2025/09/01 23:05,05F0439S,05F0494S,42,201,1
2025/09/01 23:05,05F0439S,05F0494S,5,204,1
2025/09/01 23:10,05F0000S,05F0055S,31,250,25
2025/09/01 23:10,05F0000S,05F0055S,32,235,6
2025/09/01 23:10,05F0000S,05F0055S,41,242,3
2025/09/01 23:10,05F0000S,05F0055S,42,0,0
2025/09/01 23:10,05F0000S,05F0055S,5,0,0
2025/09/01 23:10,05F0055S,05F0287S,31,965,30
2025/09/01 23:10,05F0055S,05F0287S,32,983,12
2025/09/01 23:10,05F0055S,05F0287S,41,1017,4
2025/09/01 23:10,05F0055S,05F0287S,42,0,0
2025/09/01 23:10,05F0055S,05F0287S,5,0,0
2025/09/01 23:10,05F0287S,05F0309S,31,85,24
2025/09/01 23:10,05F0287S,05F0309S,32,87,6
2025/09/01 23:10,05F0287S,05F0309S,41,94,3
2025/09/01 23:10,05F0287S,05F0309S,42,0,0
2025/09/01 23:10,05F0287S,05F0309S,5,0,0
2025/09/01 23:10,05F0309S,05F0439S,31,483,15
2025/09/01 23:10,05F0309S,05F0439S,32,488,2
2025/09/01 23:10,05F0309S,05F0439S,41,544,1
2025/09/01 23:10,05F0309S,05F0439S,42,505,2
2025/09/01 23:10,05F0309S,05F0439S,5,540,2
2025/09/01 23:10,05F0439S,05F0494S,31,206,6
2025/09/01 23:10,05F0439S,05F0494S,32,230,1
2025/09/01 23:10,05F0439S,05F0494S,41,0,0
2025/09/01 23:10,05F0439S,05F0494S,42,234,1
2025/09/01 23:10,05F0439S,05F0494S,5,0,0
2025/09/01 23:15,05F0000S,05F0055S,31,246,28
2025/09/01 23:15,05F0000S,05F0055S,32,238,6
2025/09/01 23:15,05F0000S,05F0055S,41,0,0
2025/09/01 23:15,05F0000S,05F0055S,42,0,0
2025/09/01 23:15,05F0000S,05F0055S,5,0,0
2025/09/01 23:15,05F0055S,05F0287S,31,974,33
2025/09/01 23:15,05F0055S,05F0287S,32,983,7
2025/09/01 23:15,05F0055S,05F0287S,41,1048,3
2025/09/01 23:15,05F0055S,05F0287S,42,0,0
2025/09/01 23:15,05F0055S,05F0287S,5,0,0
2025/09/01 23:15,05F0287S,05F0309S,31,88,22
2025/09/01 23:15,05F0287S,05F0309S,32,90,4
2025/09/01 23:15,05F0287S,05F0309S,41,0,0
2025/09/01 23:15,05F0287S,05F0309S,42,0,0
2025/09/01 23:15,05F0287S,05F0309S,5,0,0
2025/09/01 23:15,05F0309S,05F0439S,31,489,11
2025/09/01 23:15,05F0309S,05F0439S,32,608,1
2025/09/01 23:15,05F0309S,05F0439S,41,0,0
2025/09/01 23:15,05F0309S,05F0439S,42,485,2
2025/09/01 23:15,05F0309S,05F0439S,5,693,1
2025/09/01 23:15,05F0439S,05F0494S,31,206,4
2025/09/01 23:15,05F0439S,05F0494S,32,234,2
2025/09/01 23:15,05F0439S,05F0494S,41,0,0
2025/09/01 23:15,05F0439S,05F0494S,42,209,1
2025/09/01 23:15,05F0439S,05F0494S,5,230,3
2025/09/01 23:20,05F0000S,05F0055S,31,238,26
2025/09/01 23:20,05F0000S,05F0055S,32,242,7
2025/09/01 23:20,05F0000S,05F0055S,41,241,3
2025/09/01 23:20,05F0000S,05F0055S,42,0,0
2025/09/01 23:20,05F0000S,05F0055S,5,0,0
2025/09/01 23:20,05F0055S,05F0287S,31,972,27
2025/09/01 23:20,05F0055S,05F0287S,32,934,6
2025/09/01 23:20,05F0055S,05F0287S,41,0,0
2025/09/01 23:20,05F0055S,05F0287S,42,0,0
2025/09/01 23:20,05F0055S,05F0287S,5,0,0
2025/09/01 23:20,05F0287S,05F0309S,31,84,20
2025/09/01 23:20,05F0287S,05F0309S,32,81,7
2025/09/01 23:20,05F0287S,05F0309S,41,87,1
2025/09/01 23:20,05F0287S,05F0309S,42,0,0
2025/09/01 23:20,05F0287S,05F0309S,5,0,0
2025/09/01 23:20,05F0309S,05F0439S,31,475,17
2025/09/01 23:20,05F0309S,05F0439S,32,493,6
2025/09/01 23:20,05F0309S,05F0439S,41,515,2
2025/09/01 23:20,05F0309S,05F0439S,42,517,1
2025/09/01 23:20,05F0309S,05F0439S,5,561,1
2025/09/01 23:20,05F0439S,05F0494S,31,207,3
2025/09/01 23:20,05F0439S,05F0494S,32,0,0
2025/09/01 23:20,05F0439S,05F0494S,41,0,0
2025/09/01 23:20,05F0439S,05F0494S,42,207,1
2025/09/01 23:20,05F0439S,05F0494S,5,234,1
2025/09/01 23:25,05F0000S,05F0055S,31,248,33
2025/09/01 23:25,05F0000S,05F0055S,32,245,7
2025/09/01 23:25,05F0000S,05F0055S,41,234,3
2025/09/01 23:25,05F0000S,05F0055S,42,0,0
2025/09/01 23:25,05F0000S,05F0055S,5,0,0
2025/09/01 23:25,05F0055S,05F0287S,31,959,31
2025/09/01 23:25,05F0055S,05F0287S,32,967,8
2025/09/01 23:25,05F0055S,05F0287S,41,989,5
2025/09/01 23:25,05F0055S,05F0287S,42,0,0
2025/09/01 23:25,05F0055S,05F0287S,5,0,0
2025/09/01 23:25,05F0287S,05F0309S,31,87,19
2025/09/01 23:25,05F0287S,05F0309S,32,88,5
2025/09/01 23:25,05F0287S,05F0309S,41,92,3
2025/09/01 23:25,05F0287S,05F0309S,42,0,0
2025/09/01 23:25,05F0287S,05F0309S,5,0,0
2025/09/01 23:25,05F0309S,05F0439S,31,496,16
2025/09/01 23:25,05F0309S,05F0439S,32,440,3
2025/09/01 23:25,05F0309S,05F0439S,41,0,0
2025/09/01 23:25,05F0309S,05F0439S,42,501,1
2025/09/01 23:25,05F0309S,05F0439S,5,500,1
2025/09/01 23:25,05F0439S,05F0494S,31,217,5
2025/09/01 23:25,05F0439S,05F0494S,32,214,3
2025/09/01 23:25,05F0439S,05F0494S,41,0,0
2025/09/01 23:25,05F0439S,05F0494S,42,213,1
2025/09/01 23:25,05F0439S,05F0494S,5,0,0
2025/09/01 23:30,05F0000S,05F0055S,31,244,22
2025/09/01 23:30,05F0000S,05F0055S,32,241,9
2025/09/01 23:30,05F0000S,05F0055S,41,235,2
2025/09/01 23:30,05F0000S,05F0055S,42,0,0
2025/09/01 23:30,05F0000S,05F0055S,5,0,0
2025/09/01 23:30,05F0055S,05F0287S,31,998,24
2025/09/01 23:30,05F0055S,05F0287S,32,942,3
2025/09/01 23:30,05F0055S,05F0287S,41,1026,1
2025/09/01 23:30,05F0055S,05F0287S,42,0,0
2025/09/01 23:30,05F0055S,05F0287S,5,0,0
2025/09/01 23:30,05F0287S,05F0309S,31,86,18
2025/09/01 23:30,05F0287S,05F0309S,32,91,1
2025/09/01 23:30,05F0287S,05F0309S,41,105,3
2025/09/01 23:30,05F0287S,05F0309S,42,0,0
2025/09/01 23:30,05F0287S,05F0309S,5,0,0
2025/09/01 23:30,05F0309S,05F0439S,31,499,10
2025/09/01 23:30,05F0309S,05F0439S,32,445,1
2025/09/01 23:30,05F0309S,05F0439S,41,0,0
2025/09/01 23:30,05F0309S,05F0439S,42,526,1
2025/09/01 23:30,05F0309S,05F0439S,5,522,1
2025/09/01 23:30,05F0439S,05F0494S,31,212,3
2025/09/01 23:30,05F0439S,05F0494S,32,0,0
2025/09/01 23:30,05F0439S,05F0494S,41,0,0
2025/09/01 23:30,05F0439S,05F0494S,42,224,1
2025/09/01 23:30,05F0439S,05F0494S,5,0,0
2025/09/01 23:35,05F0000S,05F0055S,31,243,15
2025/09/01 23:35,05F0000S,05F0055S,32,244,2
2025/09/01 23:35,05F0000S,05F0055S,41,242,1
2025/09/01 23:35,05F0000S,05F0055S,42,0,0
2025/09/01 23:35,05F0000S,05F0055S,5,0,0
2025/09/01 23:35,05F0055S,05F0287S,31,994,33
2025/09/01 23:35,05F0055S,05F0287S,32,996,11
2025/09/01 23:35,05F0055S,05F0287S,41,0,0
2025/09/01 23:35,05F0055S,05F0287S,42,0,0
2025/09/01 23:35,05F0055S,05F0287S,5,0,0
2025/09/01 23:35,05F0287S,05F0309S,31,89,22
2025/09/01 23:35,05F0287S,05F0309S,32,84,8
2025/09/01 23:35,05F0287S,05F0309S,41,0,0
2025/09/01 23:35,05F0287S,05F0309S,42,0,0
2025/09/01 23:35,05F0287S,05F0309S,5,0,0
2025/09/01 23:35,05F0309S,05F0439S,31,504,13
2025/09/01 23:35,05F0309S,05F0439S,32,517,5
2025/09/01 23:35,05F0309S,05F0439S,41,534,2
2025/09/01 23:35,05F0309S,05F0439S,42,544,2
2025/09/01 23:35,05F0309S,05F0439S,5,555,3
2025/09/01 23:35,05F0439S,05F0494S,31,204,3
2025/09/01 23:35,05F0439S,05F0494S,32,222,2
2025/09/01 23:35,05F0439S,05F0494S,41,0,0
2025/09/01 23:35,05F0439S,05F0494S,42,0,0
2025/09/01 23:35,05F0439S,05F0494S,5,217,1
2025/09/01 23:40,05F0000S,05F0055S,31,247,26
2025/09/01 23:40,05F0000S,05F0055S,32,243,4
2025/09/01 23:40,05F0000S,05F0055S,41,0,0
2025/09/01 23:40,05F0000S,05F0055S,42,0,0
2025/09/01 23:40,05F0000S,05F0055S,5,0,0
2025/09/01 23:40,05F0055S,05F0287S,31,965,33
2025/09/01 23:40,05F0055S,05F0287S,32,973,8
2025/09/01 23:40,05F0055S,05F0287S,41,990,4
2025/09/01 23:40,05F0055S,05F0287S,42,0,0
2025/09/01 23:40,05F0055S,05F0287S,5,0,0
2025/09/01 23:40,05F0287S,05F0309S,31,89,25
2025/09/01 23:40,05F0287S,05F0309S,32,85,4
2025/09/01 23:40,05F0287S,05F0309S,41,90,3
2025/09/01 23:40,05F0287S,05F0309S,42,0,0
2025/09/01 23:40,05F0287S,05F0309S,5,0,0
2025/09/01 23:40,05F0309S,05F0439S,31,512,12
2025/09/01 23:40,05F0309S,05F0439S,32,476,3
2025/09/01 23:40,05F0309S,05F0439S,41,549,3
2025/09/01 23:40,05F0309S,05F0439S,42,544,2
2025/09/01 23:40,05F0309S,05F0439S,5,0,0
2025/09/01 23:40,05F0439S,05F0494S,31,221,4
2025/09/01 23:40,05F0439S,05F0494S,32,236,1
2025/09/01 23:40,05F0439S,05F0494S,41,0,0
2025/09/01 23:40,05F0439S,05F0494S,42,229,1
2025/09/01 23:40,05F0439S,05F0494S,5,229,3
2025/09/01 23:45,05F0000S,05F0055S,31,245,25
2025/09/01 23:45,05F0000S,05F0055S,32,251,8
2025/09/01 23:45,05F0000S,05F0055S,41,248,1
2025/09/01 23:45,05F0000S,05F0055S,42,0,0
2025/09/01 23:45,05F0000S,05F0055S,5,0,0
2025/09/01 23:45,05F0055S,05F0287S,31,950,27
2025/09/01 23:45,05F0055S,05F0287S,32,958,5
2025/09/01 23:45,05F0055S,05F0287S,41,1003,4
2025/09/01 23:45,05F0055S,05F0287S,42,0,0
2025/09/01 23:45,05F0055S,05F0287S,5,0,0
2025/09/01 23:45,05F0287S,05F0309S,31,84,21
2025/09/01 23:45,05F0287S,05F0309S,32,88,6
2025/09/01 23:45,05F0287S,05F0309S,41,91,4
2025/09/01 23:45,05F0287S,05F0309S,42,0,0
2025/09/01 23:45,05F0287S,05F0309S,5,0,0
2025/09/01 23:45,05F0309S,05F0439S,31,469,11
2025/09/01 23:45,05F0309S,05F0439S,32,499,2
2025/09/01 23:45,05F0309S,05F0439S,41,0,0
2025/09/01 23:45,05F0309S,05F0439S,42,0,0
2025/09/01 23:45,05F0309S,05F0439S,5,0,0
2025/09/01 23:45,05F0439S,05F0494S,31,192,1
2025/09/01 23:45,05F0439S,05F0494S,32,198,1
2025/09/01 23:45,05F0439S,05F0494S,41,0,0
2025/09/01 23:45,05F0439S,05F0494S,42,221,2
2025/09/01 23:45,05F0439S,05F0494S,5,0,0
2025/09/01 23:50,05F0000S,05F0055S,31,230,11
2025/09/01 23:50,05F0000S,05F0055S,32,253,5
2025/09/01 23:50,05F0000S,05F0055S,41,229,3
2025/09/01 23:50,05F0000S,05F0055S,42,0,0
2025/09/01 23:50,05F0000S,05F0055S,5,0,0
2025/09/01 23:50,05F0055S,05F0287S,31,957,15
2025/09/01 23:50,05F0055S,05F0287S,32,950,7
2025/09/01 23:50,05F0055S,05F0287S,41,998,1
2025/09/01 23:50,05F0055S,05F0287S,42,0,0
2025/09/01 23:50,05F0055S,05F0287S,5,0,0
2025/09/01 23:50,05F0287S,05F0309S,31,81,16
2025/09/01 23:50,05F0287S,05F0309S,32,84,6
2025/09/01 23:50,05F0287S,05F0309S,41,93,1
2025/09/01 23:50,05F0287S,05F0309S,42,0,0
2025/09/01 23:50,05F0287S,05F0309S,5,0,0
2025/09/01 23:50,05F0309S,05F0439S,31,480,14
2025/09/01 23:50,05F0309S,05F0439S,32,507,1
2025/09/01 23:50,05F0309S,05F0439S,41,526,1
2025/09/01 23:50,05F0309S,05F0439S,42,0,0
2025/09/01 23:50,05F0309S,05F0439S,5,0,0
2025/09/01 23:50,05F0439S,05F0494S,31,212,1
2025/09/01 23:50,05F0439S,05F0494S,32,221,1
2025/09/01 23:50,05F0439S,05F0494S,41,0,0
2025/09/01 23:50,05F0439S,05F0494S,42,0,0
2025/09/01 23:50,05F0439S,05F0494S,5,0,0
2025/09/01 23:55,05F0000S,05F0055S,31,233,23
2025/09/01 23:55,05F0000S,05F0055S,32,229,3
2025/09/01 23:55,05F0000S,05F0055S,41,236,1
2025/09/01 23:55,05F0000S,05F0055S,42,0,0
2025/09/01 23:55,05F0000S,05F0055S,5,0,0
2025/09/01 23:55,05F0055S,05F0287S,31,986,22
2025/09/01 23:55,05F0055S,05F0287S,32,966,2
2025/09/01 23:55,05F0055S,05F0287S,41,0,0
2025/09/01 23:55,05F0055S,05F0287S,42,0,0
2025/09/01 23:55,05F0055S,05F0287S,5,0,0
2025/09/01 23:55,05F0287S,05F0309S,31,88,12
2025/09/01 23:55,05F0287S,05F0309S,32,76,1
2025/09/01 23:55,05F0287S,05F0309S,41,1155,1
2025/09/01 23:55,05F0287S,05F0309S,42,0,0
2025/09/01 23:55,05F0287S,05F0309S,5,0,0
2025/09/01 23:55,05F0309S,05F0439S,31,488,13
2025/09/01 23:55,05F0309S,05F0439S,32,491,6
2025/09/01 23:55,05F0309S,05F0439S,41,521,4
2025/09/01 23:55,05F0309S,05F0439S,42,0,0
2025/09/01 23:55,05F0309S,05F0439S,5,595,1
2025/09/01 23:55,05F0439S,05F0494S,31,203,4
2025/09/01 23:55,05F0439S,05F0494S,32,0,0
2025/09/01 23:55,05F0439S,05F0494S,41,0,0
2025/09/01 23:55,05F0439S,05F0494S,42,0,0
2025/09/01 23:55,05F0439S,05F0494S,5,0,0
