2025/01/30 00:00,05F0000S,05F0055S,31,242,68
2025/01/30 00:00,05F0000S,05F0055S,32,241,10
2025/01/30 00:00,05F0000S,05F0055S,41,238,1
2025/01/30 00:00,05F0000S,05F0055S,42,0,0
2025/01/30 00:00,05F0000S,05F0055S,5,0,0
2025/01/30 00:00,05F0055S,05F0287S,31,978,81
2025/01/30 00:00,05F0055S,05F0287S,32,992,6
2025/01/30 00:00,05F0055S,05F0287S,41,1035,5
2025/01/30 00:00,05F0055S,05F0287S,42,0,0
2025/01/30 00:00,05F0055S,05F0287S,5,0,0
2025/01/30 00:00,05F0287S,05F0309S,31,85,59
2025/01/30 00:00,05F0287S,05F0309S,32,88,10
2025/01/30 00:00,05F0287S,05F0309S,41,90,2
2025/01/30 00:00,05F0287S,05F0309S,42,0,0
2025/01/30 00:00,05F0287S,05F0309S,5,0,0
2025/01/30 00:00,05F0309S,05F0439S,31,476,44
2025/01/30 00:00,05F0309S,05F0439S,32,495,9
2025/01/30 00:00,05F0309S,05F0439S,41,528,1
2025/01/30 00:00,05F0309S,05F0439S,42,547,2
2025/01/30 00:00,05F0309S,05F0439S,5,553,1
2025/01/30 00:00,05F0439S,05F0494S,31,199,14
2025/01/30 00:00,05F0439S,05F0494S,32,202,4
2025/01/30 00:00,05F0439S,05F0494S,41,0,0
2025/01/30 00:00,05F0439S,05F0494S,42,0,0
2025/01/30 00:00,05F0439S,05F0494S,5,0,0
2025/01/30 00:05,05F0000S,05F0055S,31,237,64
2025/01/30 00:05,05F0000S,05F0055S,32,239,13
2025/01/30 00:05,05F0000S,05F0055S,41,0,0
2025/01/30 00:05,05F0000S,05F0055S,42,0,0
2025/01/30 00:05,05F0000S,05F0055S,5,0,0
2025/01/30 00:05,05F0055S,05F0287S,31,995,72
2025/01/30 00:05,05F0055S,05F0287S,32,996,16
2025/01/30 00:05,05F0055S,05F0287S,41,0,0
2025/01/30 00:05,05F0055S,05F0287S,42,0,0
2025/01/30 00:05,05F0055S,05F0287S,5,0,0
2025/01/30 00:05,05F0287S,05F0309S,31,87,80
2025/01/30 00:05,05F0287S,05F0309S,32,87,9
2025/01/30 00:05,05F0287S,05F0309S,41,91,2
2025/01/30 00:05,05F0287S,05F0309S,42,0,0
2025/01/30 00:05,05F0287S,05F0309S,5,0,0
2025/01/30 00:05,05F0309S,05F0439S,31,474,48
2025/01/30 00:05,05F0309S,05F0439S,32,462,12
2025/01/30 00:05,05F0309S,05F0439S,41,1623,1
2025/01/30 00:05,05F0309S,05F0439S,42,0,0
2025/01/30 00:05,05F0309S,05F0439S,5,0,0
2025/01/30 00:05,05F0439S,05F0494S,31,196,26
2025/01/30 00:05,05F0439S,05F0494S,32,189,5
2025/01/30 00:05,05F0439S,05F0494S,41,0,0
2025/01/30 00:05,05F0439S,05F0494S,42,0,0
2025/01/30 00:05,05F0439S,05F0494S,5,0,0
2025/01/30 00:10,05F0000S,05F0055S,31,236,72
2025/01/30 00:10,05F0000S,05F0055S,32,237,16
2025/01/30 00:10,05F0000S,05F0055S,41,0,0
2025/01/30 00:10,05F0000S,05F0055S,42,0,0
2025/01/30 00:10,05F0000S,05F0055S,5,0,0
2025/01/30 00:10,05F0055S,05F0287S,31,976,78
2025/01/30 00:10,05F0055S,05F0287S,32,980,7
2025/01/30 00:10,05F0055S,05F0287S,41,1014,1
2025/01/30 00:10,05F0055S,05F0287S,42,0,0
2025/01/30 00:10,05F0055S,05F0287S,5,0,0
2025/01/30 00:10,05F0287S,05F0309S,31,85,75
2025/01/30 00:10,05F0287S,05F0309S,32,84,8
2025/01/30 00:10,05F0287S,05F0309S,41,0,0
2025/01/30 00:10,05F0287S,05F0309S,42,0,0
2025/01/30 00:10,05F0287S,05F0309S,5,0,0
2025/01/30 00:10,05F0309S,05F0439S,31,497,56
2025/01/30 00:10,05F0309S,05F0439S,32,491,5
2025/01/30 00:10,05F0309S,05F0439S,41,533,3
2025/01/30 00:10,05F0309S,05F0439S,42,701,1
2025/01/30 00:10,05F0309S,05F0439S,5,0,0
2025/01/30 00:10,05F0439S,05F0494S,31,200,22
2025/01/30 00:10,05F0439S,05F0494S,32,191,4
2025/01/30 00:10,05F0439S,05F0494S,41,0,0
2025/01/30 00:10,05F0439S,05F0494S,42,0,0
2025/01/30 00:10,05F0439S,05F0494S,5,0,0
2025/01/30 00:15,05F0000S,05F0055S,31,235,69
2025/01/30 00:15,05F0000S,05F0055S,32,244,14
2025/01/30 00:15,05F0000S,05F0055S,41,0,0
2025/01/30 00:15,05F0000S,05F0055S,42,0,0
2025/01/30 00:15,05F0000S,05F0055S,5,0,0
2025/01/30 00:15,05F0055S,05F0287S,31,971,85
2025/01/30 00:15,05F0055S,05F0287S,32,943,13
2025/01/30 00:15,05F0055S,05F0287S,41,997,1
2025/01/30 00:15,05F0055S,05F0287S,42,0,0
2025/01/30 00:15,05F0055S,05F0287S,5,0,0
2025/01/30 00:15,05F0287S,05F0309S,31,85,77
2025/01/30 00:15,05F0287S,05F0309S,32,90,9
2025/01/30 00:15,05F0287S,05F0309S,41,491,4
2025/01/30 00:15,05F0287S,05F0309S,42,0,0
2025/01/30 00:15,05F0287S,05F0309S,5,0,0
2025/01/30 00:15,05F0309S,05F0439S,31,482,55
2025/01/30 00:15,05F0309S,05F0439S,32,484,9
2025/01/30 00:15,05F0309S,05F0439S,41,606,1
2025/01/30 00:15,05F0309S,05F0439S,42,0,0
2025/01/30 00:15,05F0309S,05F0439S,5,0,0
2025/01/30 00:15,05F0439S,05F0494S,31,204,22
2025/01/30 00:15,05F0439S,05F0494S,32,205,1
2025/01/30 00:15,05F0439S,05F0494S,41,0,0
2025/01/30 00:15,05F0439S,05F0494S,42,0,0
2025/01/30 00:15,05F0439S,05F0494S,5,0,0
2025/01/30 00:20,05F0000S,05F0055S,31,241,69
2025/01/30 00:20,05F0000S,05F0055S,32,244,9
2025/01/30 00:20,05F0000S,05F0055S,41,0,0
2025/01/30 00:20,05F0000S,05F0055S,42,0,0
2025/01/30 00:20,05F0000S,05F0055S,5,0,0
2025/01/30 00:20,05F0055S,05F0287S,31,963,72
2025/01/30 00:20,05F0055S,05F0287S,32,969,13
2025/01/30 00:20,05F0055S,05F0287S,41,985,1
2025/01/30 00:20,05F0055S,05F0287S,42,0,0
2025/01/30 00:20,05F0055S,05F0287S,5,0,0
2025/01/30 00:20,05F0287S,05F0309S,31,85,44
2025/01/30 00:20,05F0287S,05F0309S,32,83,12
2025/01/30 00:20,05F0287S,05F0309S,41,0,0
2025/01/30 00:20,05F0287S,05F0309S,42,0,0
2025/01/30 00:20,05F0287S,05F0309S,5,0,0
2025/01/30 00:20,05F0309S,05F0439S,31,473,46
2025/01/30 00:20,05F0309S,05F0439S,32,482,5
2025/01/30 00:20,05F0309S,05F0439S,41,0,0
2025/01/30 00:20,05F0309S,05F0439S,42,0,0
2025/01/30 00:20,05F0309S,05F0439S,5,0,0
2025/01/30 00:20,05F0439S,05F0494S,31,201,26
2025/01/30 00:20,05F0439S,05F0494S,32,0,0
2025/01/30 00:20,05F0439S,05F0494S,41,269,1
2025/01/30 00:20,05F0439S,05F0494S,42,0,0
2025/01/30 00:20,05F0439S,05F0494S,5,0,0
2025/01/30 00:25,05F0000S,05F0055S,31,242,68
2025/01/30 00:25,05F0000S,05F0055S,32,249,10
2025/01/30 00:25,05F0000S,05F0055S,41,242,1
2025/01/30 00:25,05F0000S,05F0055S,42,0,0
2025/01/30 00:25,05F0000S,05F0055S,5,0,0
2025/01/30 00:25,05F0055S,05F0287S,31,968,70
2025/01/30 00:25,05F0055S,05F0287S,32,966,13
2025/01/30 00:25,05F0055S,05F0287S,41,0,0
2025/01/30 00:25,05F0055S,05F0287S,42,0,0
2025/01/30 00:25,05F0055S,05F0287S,5,0,0
2025/01/30 00:25,05F0287S,05F0309S,31,87,50
2025/01/30 00:25,05F0287S,05F0309S,32,85,9
2025/01/30 00:25,05F0287S,05F0309S,41,0,0
2025/01/30 00:25,05F0287S,05F0309S,42,0,0
2025/01/30 00:25,05F0287S,05F0309S,5,0,0
2025/01/30 00:25,05F0309S,05F0439S,31,482,42
2025/01/30 00:25,05F0309S,05F0439S,32,473,5
2025/01/30 00:25,05F0309S,05F0439S,41,541,5
2025/01/30 00:25,05F0309S,05F0439S,42,0,0
2025/01/30 00:25,05F0309S,05F0439S,5,0,0
2025/01/30 00:25,05F0439S,05F0494S,31,203,30
2025/01/30 00:25,05F0439S,05F0494S,32,197,4
2025/01/30 00:25,05F0439S,05F0494S,41,0,0
2025/01/30 00:25,05F0439S,05F0494S,42,0,0
2025/01/30 00:25,05F0439S,05F0494S,5,0,0
2025/01/30 00:30,05F0000S,05F0055S,31,243,66
2025/01/30 00:30,05F0000S,05F0055S,32,243,5
2025/01/30 00:30,05F0000S,05F0055S,41,0,0
2025/01/30 00:30,05F0000S,05F0055S,42,0,0
2025/01/30 00:30,05F0000S,05F0055S,5,0,0
2025/01/30 00:30,05F0055S,05F0287S,31,961,73
2025/01/30 00:30,05F0055S,05F0287S,32,956,18
2025/01/30 00:30,05F0055S,05F0287S,41,0,0
2025/01/30 00:30,05F0055S,05F0287S,42,0,0
2025/01/30 00:30,05F0055S,05F0287S,5,0,0
2025/01/30 00:30,05F0287S,05F0309S,31,85,59
2025/01/30 00:30,05F0287S,05F0309S,32,83,16
2025/01/30 00:30,05F0287S,05F0309S,41,0,0
2025/01/30 00:30,05F0287S,05F0309S,42,0,0
2025/01/30 00:30,05F0287S,05F0309S,5,0,0
2025/01/30 00:30,05F0309S,05F0439S,31,495,36
2025/01/30 00:30,05F0309S,05F0439S,32,500,11
2025/01/30 00:30,05F0309S,05F0439S,41,0,0
2025/01/30 00:30,05F0309S,05F0439S,42,0,0
2025/01/30 00:30,05F0309S,05F0439S,5,0,0
2025/01/30 00:30,05F0439S,05F0494S,31,205,23
2025/01/30 00:30,05F0439S,05F0494S,32,217,1
2025/01/30 00:30,05F0439S,05F0494S,41,0,0
2025/01/30 00:30,05F0439S,05F0494S,42,0,0
2025/01/30 00:30,05F0439S,05F0494S,5,0,0
2025/01/30 00:35,05F0000S,05F0055S,31,236,52
2025/01/30 00:35,05F0000S,05F0055S,32,238,12
2025/01/30 00:35,05F0000S,05F0055S,41,0,0
2025/01/30 00:35,05F0000S,05F0055S,42,0,0
2025/01/30 00:35,05F0000S,05F0055S,5,0,0
2025/01/30 00:35,05F0055S,05F0287S,31,959,55
2025/01/30 00:35,05F0055S,05F0287S,32,978,9
2025/01/30 00:35,05F0055S,05F0287S,41,0,0
2025/01/30 00:35,05F0055S,05F0287S,42,0,0
2025/01/30 00:35,05F0055S,05F0287S,5,0,0
2025/01/30 00:35,05F0287S,05F0309S,31,85,57
2025/01/30 00:35,05F0287S,05F0309S,32,86,8
2025/01/30 00:35,05F0287S,05F0309S,41,0,0
2025/01/30 00:35,05F0287S,05F0309S,42,0,0
2025/01/30 00:35,05F0287S,05F0309S,5,0,0
2025/01/30 00:35,05F0309S,05F0439S,31,486,43
2025/01/30 00:35,05F0309S,05F0439S,32,485,6
2025/01/30 00:35,05F0309S,05F0439S,41,0,0
2025/01/30 00:35,05F0309S,05F0439S,42,0,0
2025/01/30 00:35,05F0309S,05F0439S,5,0,0
2025/01/30 00:35,05F0439S,05F0494S,31,207,19
2025/01/30 00:35,05F0439S,05F0494S,32,202,6
2025/01/30 00:35,05F0439S,05F0494S,41,0,0
2025/01/30 00:35,05F0439S,05F0494S,42,0,0
2025/01/30 00:35,05F0439S,05F0494S,5,0,0
2025/01/30 00:40,05F0000S,05F0055S,31,242,76
2025/01/30 00:40,05F0000S,05F0055S,32,250,13
2025/01/30 00:40,05F0000S,05F0055S,41,0,0
2025/01/30 00:40,05F0000S,05F0055S,42,0,0
2025/01/30 00:40,05F0000S,05F0055S,5,0,0
2025/01/30 00:40,05F0055S,05F0287S,31,994,73
2025/01/30 00:40,05F0055S,05F0287S,32,987,9
2025/01/30 00:40,05F0055S,05F0287S,41,990,1
2025/01/30 00:40,05F0055S,05F0287S,42,0,0
2025/01/30 00:40,05F0055S,05F0287S,5,0,0
2025/01/30 00:40,05F0287S,05F0309S,31,88,64
2025/01/30 00:40,05F0287S,05F0309S,32,89,7
2025/01/30 00:40,05F0287S,05F0309S,41,0,0
2025/01/30 00:40,05F0287S,05F0309S,42,100,1
2025/01/30 00:40,05F0287S,05F0309S,5,0,0
2025/01/30 00:40,05F0309S,05F0439S,31,494,49
2025/01/30 00:40,05F0309S,05F0439S,32,481,9
2025/01/30 00:40,05F0309S,05F0439S,41,0,0
2025/01/30 00:40,05F0309S,05F0439S,42,0,0
2025/01/30 00:40,05F0309S,05F0439S,5,0,0
2025/01/30 00:40,05F0439S,05F0494S,31,195,20
2025/01/30 00:40,05F0439S,05F0494S,32,185,2
2025/01/30 00:40,05F0439S,05F0494S,41,0,0
2025/01/30 00:40,05F0439S,05F0494S,42,0,0
2025/01/30 00:40,05F0439S,05F0494S,5,0,0
2025/01/30 00:45,05F0000S,05F0055S,31,238,86
2025/01/30 00:45,05F0000S,05F0055S,32,251,13
2025/01/30 00:45,05F0000S,05F0055S,41,241,2
2025/01/30 00:45,05F0000S,05F0055S,42,0,0
2025/01/30 00:45,05F0000S,05F0055S,5,0,0
2025/01/30 00:45,05F0055S,05F0287S,31,978,79
2025/01/30 00:45,05F0055S,05F0287S,32,989,7
2025/01/30 00:45,05F0055S,05F0287S,41,0,0
2025/01/30 00:45,05F0055S,05F0287S,42,0,0
2025/01/30 00:45,05F0055S,05F0287S,5,0,0
2025/01/30 00:45,05F0287S,05F0309S,31,86,45
2025/01/30 00:45,05F0287S,05F0309S,32,89,7
2025/01/30 00:45,05F0287S,05F0309S,41,0,0
2025/01/30 00:45,05F0287S,05F0309S,42,0,0
2025/01/30 00:45,05F0287S,05F0309S,5,0,0
2025/01/30 00:45,05F0309S,05F0439S,31,473,35
2025/01/30 00:45,05F0309S,05F0439S,32,492,7
2025/01/30 00:45,05F0309S,05F0439S,41,0,0
2025/01/30 00:45,05F0309S,05F0439S,42,0,0
2025/01/30 00:45,05F0309S,05F0439S,5,0,0
2025/01/30 00:45,05F0439S,05F0494S,31,198,19
2025/01/30 00:45,05F0439S,05F0494S,32,209,7
2025/01/30 00:45,05F0439S,05F0494S,41,0,0
2025/01/30 00:45,05F0439S,05F0494S,42,0,0
2025/01/30 00:45,05F0439S,05F0494S,5,0,0
2025/01/30 00:50,05F0000S,05F0055S,31,240,64
2025/01/30 00:50,05F0000S,05F0055S,32,241,16
2025/01/30 00:50,05F0000S,05F0055S,41,0,0
2025/01/30 00:50,05F0000S,05F0055S,42,0,0
2025/01/30 00:50,05F0000S,05F0055S,5,0,0
2025/01/30 00:50,05F0055S,05F0287S,31,951,61
2025/01/30 00:50,05F0055S,05F0287S,32,961,12
2025/01/30 00:50,05F0055S,05F0287S,41,0,0
2025/01/30 00:50,05F0055S,05F0287S,42,0,0
2025/01/30 00:50,05F0055S,05F0287S,5,0,0
2025/01/30 00:50,05F0287S,05F0309S,31,84,62
2025/01/30 00:50,05F0287S,05F0309S,32,88,9
2025/01/30 00:50,05F0287S,05F0309S,41,0,0
2025/01/30 00:50,05F0287S,05F0309S,42,0,0
2025/01/30 00:50,05F0287S,05F0309S,5,0,0
2025/01/30 00:50,05F0309S,05F0439S,31,485,40
2025/01/30 00:50,05F0309S,05F0439S,32,495,8
2025/01/30 00:50,05F0309S,05F0439S,41,0,0
2025/01/30 00:50,05F0309S,05F0439S,42,0,0
2025/01/30 00:50,05F0309S,05F0439S,5,0,0
2025/01/30 00:50,05F0439S,05F0494S,31,191,15
2025/01/30 00:50,05F0439S,05F0494S,32,200,6
2025/01/30 00:50,05F0439S,05F0494S,41,0,0
2025/01/30 00:50,05F0439S,05F0494S,42,0,0
2025/01/30 00:50,05F0439S,05F0494S,5,0,0
2025/01/30 00:55,05F0000S,05F0055S,31,234,61
2025/01/30 00:55,05F0000S,05F0055S,32,238,7
2025/01/30 00:55,05F0000S,05F0055S,41,0,0
2025/01/30 00:55,05F0000S,05F0055S,42,0,0
2025/01/30 00:55,05F0000S,05F0055S,5,0,0
2025/01/30 00:55,05F0055S,05F0287S,31,965,71
2025/01/30 00:55,05F0055S,05F0287S,32,958,11
2025/01/30 00:55,05F0055S,05F0287S,41,0,0
2025/01/30 00:55,05F0055S,05F0287S,42,0,0
2025/01/30 00:55,05F0055S,05F0287S,5,0,0
2025/01/30 00:55,05F0287S,05F0309S,31,86,44
2025/01/30 00:55,05F0287S,05F0309S,32,86,12
2025/01/30 00:55,05F0287S,05F0309S,41,0,0
2025/01/30 00:55,05F0287S,05F0309S,42,0,0
2025/01/30 00:55,05F0287S,05F0309S,5,0,0
2025/01/30 00:55,05F0309S,05F0439S,31,472,38
2025/01/30 00:55,05F0309S,05F0439S,32,505,3
2025/01/30 00:55,05F0309S,05F0439S,41,0,0
2025/01/30 00:55,05F0309S,05F0439S,42,1053,1
2025/01/30 00:55,05F0309S,05F0439S,5,0,0
2025/01/30 00:55,05F0439S,05F0494S,31,204,18
2025/01/30 00:55,05F0439S,05F0494S,32,215,3
2025/01/30 00:55,05F0439S,05F0494S,41,0,0
2025/01/30 00:55,05F0439S,05F0494S,42,0,0
2025/01/30 00:55,05F0439S,05F0494S,5,0,0
2025/01/30 01:00,05F0000S,05F0055S,31,236,53
2025/01/30 01:00,05F0000S,05F0055S,32,236,13
2025/01/30 01:00,05F0000S,05F0055S,41,0,0
2025/01/30 01:00,05F0000S,05F0055S,42,0,0
2025/01/30 01:00,05F0000S,05F0055S,5,0,0
2025/01/30 01:00,05F0055S,05F0287S,31,981,89
2025/01/30 01:00,05F0055S,05F0287S,32,999,15
2025/01/30 01:00,05F0055S,05F0287S,41,999,1
2025/01/30 01:00,05F0055S,05F0287S,42,0,0
2025/01/30 01:00,05F0055S,05F0287S,5,0,0
2025/01/30 01:00,05F0287S,05F0309S,31,87,76
2025/01/30 01:00,05F0287S,05F0309S,32,87,10
2025/01/30 01:00,05F0287S,05F0309S,41,0,0
2025/01/30 01:00,05F0287S,05F0309S,42,0,0
2025/01/30 01:00,05F0287S,05F0309S,5,0,0
2025/01/30 01:00,05F0309S,05F0439S,31,452,37
2025/01/30 01:00,05F0309S,05F0439S,32,483,12
2025/01/30 01:00,05F0309S,05F0439S,41,500,1
2025/01/30 01:00,05F0309S,05F0439S,42,525,1
2025/01/30 01:00,05F0309S,05F0439S,5,0,0
2025/01/30 01:00,05F0439S,05F0494S,31,204,27
2025/01/30 01:00,05F0439S,05F0494S,32,229,1
2025/01/30 01:00,05F0439S,05F0494S,41,0,0
2025/01/30 01:00,05F0439S,05F0494S,42,0,0
2025/01/30 01:00,05F0439S,05F0494S,5,0,0
2025/01/30 01:05,05F0000S,05F0055S,31,238,65
2025/01/30 01:05,05F0000S,05F0055S,32,240,10
2025/01/30 01:05,05F0000S,05F0055S,41,0,0
2025/01/30 01:05,05F0000S,05F0055S,42,0,0
2025/01/30 01:05,05F0000S,05F0055S,5,0,0
2025/01/30 01:05,05F0055S,05F0287S,31,963,61
2025/01/30 01:05,05F0055S,05F0287S,32,979,14
2025/01/30 01:05,05F0055S,05F0287S,41,979,1
2025/01/30 01:05,05F0055S,05F0287S,42,0,0
2025/01/30 01:05,05F0055S,05F0287S,5,0,0
2025/01/30 01:05,05F0287S,05F0309S,31,84,62
2025/01/30 01:05,05F0287S,05F0309S,32,90,12
2025/01/30 01:05,05F0287S,05F0309S,41,0,0
2025/01/30 01:05,05F0287S,05F0309S,42,0,0
2025/01/30 01:05,05F0287S,05F0309S,5,0,0
2025/01/30 01:05,05F0309S,05F0439S,31,490,36
2025/01/30 01:05,05F0309S,05F0439S,32,478,7
2025/01/30 01:05,05F0309S,05F0439S,41,0,0
2025/01/30 01:05,05F0309S,05F0439S,42,0,0
2025/01/30 01:05,05F0309S,05F0439S,5,0,0
2025/01/30 01:05,05F0439S,05F0494S,31,200,21
2025/01/30 01:05,05F0439S,05F0494S,32,210,10
2025/01/30 01:05,05F0439S,05F0494S,41,212,1
2025/01/30 01:05,05F0439S,05F0494S,42,220,1
2025/01/30 01:05,05F0439S,05F0494S,5,0,0
2025/01/30 01:10,05F0000S,05F0055S,31,239,61
2025/01/30 01:10,05F0000S,05F0055S,32,246,8
2025/01/30 01:10,05F0000S,05F0055S,41,0,0
2025/01/30 01:10,05F0000S,05F0055S,42,0,0
2025/01/30 01:10,05F0000S,05F0055S,5,0,0
2025/01/30 01:10,05F0055S,05F0287S,31,970,68
2025/01/30 01:10,05F0055S,05F0287S,32,983,10
2025/01/30 01:10,05F0055S,05F0287S,41,0,0
2025/01/30 01:10,05F0055S,05F0287S,42,0,0
2025/01/30 01:10,05F0055S,05F0287S,5,0,0
2025/01/30 01:10,05F0287S,05F0309S,31,86,57
2025/01/30 01:10,05F0287S,05F0309S,32,84,11
2025/01/30 01:10,05F0287S,05F0309S,41,0,0
2025/01/30 01:10,05F0287S,05F0309S,42,0,0
2025/01/30 01:10,05F0287S,05F0309S,5,0,0
2025/01/30 01:10,05F0309S,05F0439S,31,484,61
2025/01/30 01:10,05F0309S,05F0439S,32,492,9
2025/01/30 01:10,05F0309S,05F0439S,41,495,1
2025/01/30 01:10,05F0309S,05F0439S,42,0,0
2025/01/30 01:10,05F0309S,05F0439S,5,0,0
2025/01/30 01:10,05F0439S,05F0494S,31,198,20
2025/01/30 01:10,05F0439S,05F0494S,32,199,4
2025/01/30 01:10,05F0439S,05F0494S,41,210,1
2025/01/30 01:10,05F0439S,05F0494S,42,0,0
2025/01/30 01:10,05F0439S,05F0494S,5,0,0
2025/01/30 01:15,05F0000S,05F0055S,31,243,63
2025/01/30 01:15,05F0000S,05F0055S,32,238,9
2025/01/30 01:15,05F0000S,05F0055S,41,0,0
2025/01/30 01:15,05F0000S,05F0055S,42,0,0
2025/01/30 01:15,05F0000S,05F0055S,5,0,0
2025/01/30 01:15,05F0055S,05F0287S,31,948,65
2025/01/30 01:15,05F0055S,05F0287S,32,959,15
2025/01/30 01:15,05F0055S,05F0287S,41,1020,1
2025/01/30 01:15,05F0055S,05F0287S,42,0,0
2025/01/30 01:15,05F0055S,05F0287S,5,0,0
2025/01/30 01:15,05F0287S,05F0309S,31,84,46
2025/01/30 01:15,05F0287S,05F0309S,32,84,10
2025/01/30 01:15,05F0287S,05F0309S,41,0,0
2025/01/30 01:15,05F0287S,05F0309S,42,0,0
2025/01/30 01:15,05F0287S,05F0309S,5,0,0
2025/01/30 01:15,05F0309S,05F0439S,31,486,38
2025/01/30 01:15,05F0309S,05F0439S,32,508,9
2025/01/30 01:15,05F0309S,05F0439S,41,0,0
2025/01/30 01:15,05F0309S,05F0439S,42,0,0
2025/01/30 01:15,05F0309S,05F0439S,5,0,0
2025/01/30 01:15,05F0439S,05F0494S,31,191,36
2025/01/30 01:15,05F0439S,05F0494S,32,229,4
2025/01/30 01:15,05F0439S,05F0494S,41,0,0
2025/01/30 01:15,05F0439S,05F0494S,42,0,0
2025/01/30 01:15,05F0439S,05F0494S,5,0,0
2025/01/30 01:20,05F0000S,05F0055S,31,237,47
2025/01/30 01:20,05F0000S,05F0055S,32,244,7
2025/01/30 01:20,05F0000S,05F0055S,41,0,0
2025/01/30 01:20,05F0000S,05F0055S,42,0,0
2025/01/30 01:20,05F0000S,05F0055S,5,0,0
2025/01/30 01:20,05F0055S,05F0287S,31,971,55
2025/01/30 01:20,05F0055S,05F0287S,32,972,10
2025/01/30 01:20,05F0055S,05F0287S,41,0,0
2025/01/30 01:20,05F0055S,05F0287S,42,0,0
2025/01/30 01:20,05F0055S,05F0287S,5,0,0
2025/01/30 01:20,05F0287S,05F0309S,31,86,41
2025/01/30 01:20,05F0287S,05F0309S,32,85,9
2025/01/30 01:20,05F0287S,05F0309S,41,0,0
2025/01/30 01:20,05F0287S,05F0309S,42,0,0
2025/01/30 01:20,05F0287S,05F0309S,5,0,0
2025/01/30 01:20,05F0309S,05F0439S,31,481,44
2025/01/30 01:20,05F0309S,05F0439S,32,487,4
2025/01/30 01:20,05F0309S,05F0439S,41,0,0
2025/01/30 01:20,05F0309S,05F0439S,42,0,0
2025/01/30 01:20,05F0309S,05F0439S,5,0,0
2025/01/30 01:20,05F0439S,05F0494S,31,188,18
2025/01/30 01:20,05F0439S,05F0494S,32,207,6
2025/01/30 01:20,05F0439S,05F0494S,41,0,0
2025/01/30 01:20,05F0439S,05F0494S,42,0,0
2025/01/30 01:20,05F0439S,05F0494S,5,0,0
2025/01/30 01:25,05F0000S,05F0055S,31,240,49
2025/01/30 01:25,05F0000S,05F0055S,32,246,8
2025/01/30 01:25,05F0000S,05F0055S,41,0,0
2025/01/30 01:25,05F0000S,05F0055S,42,0,0
2025/01/30 01:25,05F0000S,05F0055S,5,0,0
2025/01/30 01:25,05F0055S,05F0287S,31,964,49
2025/01/30 01:25,05F0055S,05F0287S,32,1010,6
2025/01/30 01:25,05F0055S,05F0287S,41,0,0
2025/01/30 01:25,05F0055S,05F0287S,42,0,0
2025/01/30 01:25,05F0055S,05F0287S,5,0,0
2025/01/30 01:25,05F0287S,05F0309S,31,83,49
2025/01/30 01:25,05F0287S,05F0309S,32,82,7
2025/01/30 01:25,05F0287S,05F0309S,41,0,0
2025/01/30 01:25,05F0287S,05F0309S,42,0,0
2025/01/30 01:25,05F0287S,05F0309S,5,0,0
2025/01/30 01:25,05F0309S,05F0439S,31,485,45
2025/01/30 01:25,05F0309S,05F0439S,32,477,18
2025/01/30 01:25,05F0309S,05F0439S,41,535,1
2025/01/30 01:25,05F0309S,05F0439S,42,0,0
2025/01/30 01:25,05F0309S,05F0439S,5,0,0
2025/01/30 01:25,05F0439S,05F0494S,31,200,29
2025/01/30 01:25,05F0439S,05F0494S,32,202,8
2025/01/30 01:25,05F0439S,05F0494S,41,0,0
2025/01/30 01:25,05F0439S,05F0494S,42,0,0
2025/01/30 01:25,05F0439S,05F0494S,5,0,0
2025/01/30 01:30,05F0000S,05F0055S,31,238,55
2025/01/30 01:30,05F0000S,05F0055S,32,242,12
2025/01/30 01:30,05F0000S,05F0055S,41,0,0
2025/01/30 01:30,05F0000S,05F0055S,42,0,0
2025/01/30 01:30,05F0000S,05F0055S,5,0,0
2025/01/30 01:30,05F0055S,05F0287S,31,984,79
2025/01/30 01:30,05F0055S,05F0287S,32,1000,10
2025/01/30 01:30,05F0055S,05F0287S,41,974,1
2025/01/30 01:30,05F0055S,05F0287S,42,0,0
2025/01/30 01:30,05F0055S,05F0287S,5,0,0
2025/01/30 01:30,05F0287S,05F0309S,31,86,44
2025/01/30 01:30,05F0287S,05F0309S,32,94,7
2025/01/30 01:30,05F0287S,05F0309S,41,0,0
2025/01/30 01:30,05F0287S,05F0309S,42,0,0
2025/01/30 01:30,05F0287S,05F0309S,5,0,0
2025/01/30 01:30,05F0309S,05F0439S,31,475,37
2025/01/30 01:30,05F0309S,05F0439S,32,492,5
2025/01/30 01:30,05F0309S,05F0439S,41,0,0
2025/01/30 01:30,05F0309S,05F0439S,42,0,0
2025/01/30 01:30,05F0309S,05F0439S,5,0,0
2025/01/30 01:30,05F0439S,05F0494S,31,203,18
2025/01/30 01:30,05F0439S,05F0494S,32,208,10
2025/01/30 01:30,05F0439S,05F0494S,41,0,0
2025/01/30 01:30,05F0439S,05F0494S,42,0,0
2025/01/30 01:30,05F0439S,05F0494S,5,0,0
2025/01/30 01:35,05F0000S,05F0055S,31,238,73
2025/01/30 01:35,05F0000S,05F0055S,32,241,11
2025/01/30 01:35,05F0000S,05F0055S,41,0,0
2025/01/30 01:35,05F0000S,05F0055S,42,0,0
2025/01/30 01:35,05F0000S,05F0055S,5,0,0
2025/01/30 01:35,05F0055S,05F0287S,31,957,46
2025/01/30 01:35,05F0055S,05F0287S,32,968,9
2025/01/30 01:35,05F0055S,05F0287S,41,0,0
2025/01/30 01:35,05F0055S,05F0287S,42,0,0
2025/01/30 01:35,05F0055S,05F0287S,5,0,0
2025/01/30 01:35,05F0287S,05F0309S,31,83,66
2025/01/30 01:35,05F0287S,05F0309S,32,82,11
2025/01/30 01:35,05F0287S,05F0309S,41,0,0
2025/01/30 01:35,05F0287S,05F0309S,42,0,0
2025/01/30 01:35,05F0287S,05F0309S,5,0,0
2025/01/30 01:35,05F0309S,05F0439S,31,482,27
2025/01/30 01:35,05F0309S,05F0439S,32,532,5
2025/01/30 01:35,05F0309S,05F0439S,41,460,1
2025/01/30 01:35,05F0309S,05F0439S,42,484,1
2025/01/30 01:35,05F0309S,05F0439S,5,0,0
2025/01/30 01:35,05F0439S,05F0494S,31,199,26
2025/01/30 01:35,05F0439S,05F0494S,32,209,4
2025/01/30 01:35,05F0439S,05F0494S,41,0,0
2025/01/30 01:35,05F0439S,05F0494S,42,0,0
2025/01/30 01:35,05F0439S,05F0494S,5,0,0
2025/01/30 01:40,05F0000S,05F0055S,31,239,69
2025/01/30 01:40,05F0000S,05F0055S,32,242,8
2025/01/30 01:40,05F0000S,05F0055S,41,0,0
2025/01/30 01:40,05F0000S,05F0055S,42,0,0
2025/01/30 01:40,05F0000S,05F0055S,5,0,0
2025/01/30 01:40,05F0055S,05F0287S,31,974,46
2025/01/30 01:40,05F0055S,05F0287S,32,995,8
2025/01/30 01:40,05F0055S,05F0287S,41,0,0
2025/01/30 01:40,05F0055S,05F0287S,42,0,0
2025/01/30 01:40,05F0055S,05F0287S,5,0,0
2025/01/30 01:40,05F0287S,05F0309S,31,86,31
2025/01/30 01:40,05F0287S,05F0309S,32,84,6
2025/01/30 01:40,05F0287S,05F0309S,41,0,0
2025/01/30 01:40,05F0287S,05F0309S,42,0,0
2025/01/30 01:40,05F0287S,05F0309S,5,0,0
2025/01/30 01:40,05F0309S,05F0439S,31,477,44
2025/01/30 01:40,05F0309S,05F0439S,32,506,8
2025/01/30 01:40,05F0309S,05F0439S,41,0,0
2025/01/30 01:40,05F0309S,05F0439S,42,0,0
2025/01/30 01:40,05F0309S,05F0439S,5,517,1
2025/01/30 01:40,05F0439S,05F0494S,31,207,16
2025/01/30 01:40,05F0439S,05F0494S,32,215,4
2025/01/30 01:40,05F0439S,05F0494S,41,0,0
2025/01/30 01:40,05F0439S,05F0494S,42,206,1
2025/01/30 01:40,05F0439S,05F0494S,5,0,0
2025/01/30 01:45,05F0000S,05F0055S,31,236,56
2025/01/30 01:45,05F0000S,05F0055S,32,247,8
2025/01/30 01:45,05F0000S,05F0055S,41,0,0
2025/01/30 01:45,05F0000S,05F0055S,42,0,0
2025/01/30 01:45,05F0000S,05F0055S,5,0,0
2025/01/30 01:45,05F0055S,05F0287S,31,951,53
2025/01/30 01:45,05F0055S,05F0287S,32,950,9
2025/01/30 01:45,05F0055S,05F0287S,41,0,0
2025/01/30 01:45,05F0055S,05F0287S,42,0,0
2025/01/30 01:45,05F0055S,05F0287S,5,0,0
2025/01/30 01:45,05F0287S,05F0309S,31,84,34
2025/01/30 01:45,05F0287S,05F0309S,32,87,8
2025/01/30 01:45,05F0287S,05F0309S,41,0,0
2025/01/30 01:45,05F0287S,05F0309S,42,0,0
2025/01/30 01:45,05F0287S,05F0309S,5,0,0
2025/01/30 01:45,05F0309S,05F0439S,31,475,28
2025/01/30 01:45,05F0309S,05F0439S,32,443,5
2025/01/30 01:45,05F0309S,05F0439S,41,0,0
2025/01/30 01:45,05F0309S,05F0439S,42,0,0
2025/01/30 01:45,05F0309S,05F0439S,5,0,0
2025/01/30 01:45,05F0439S,05F0494S,31,188,34
2025/01/30 01:45,05F0439S,05F0494S,32,183,5
2025/01/30 01:45,05F0439S,05F0494S,41,0,0
2025/01/30 01:45,05F0439S,05F0494S,42,0,0
2025/01/30 01:45,05F0439S,05F0494S,5,220,1
2025/01/30 01:50,05F0000S,05F0055S,31,240,42
2025/01/30 01:50,05F0000S,05F0055S,32,240,7
2025/01/30 01:50,05F0000S,05F0055S,41,0,0
2025/01/30 01:50,05F0000S,05F0055S,42,0,0
2025/01/30 01:50,05F0000S,05F0055S,5,0,0
2025/01/30 01:50,05F0055S,05F0287S,31,972,64
2025/01/30 01:50,05F0055S,05F0287S,32,985,12
2025/01/30 01:50,05F0055S,05F0287S,41,975,1
2025/01/30 01:50,05F0055S,05F0287S,42,0,0
2025/01/30 01:50,05F0055S,05F0287S,5,0,0
2025/01/30 01:50,05F0287S,05F0309S,31,85,62
2025/01/30 01:50,05F0287S,05F0309S,32,88,13
2025/01/30 01:50,05F0287S,05F0309S,41,0,0
2025/01/30 01:50,05F0287S,05F0309S,42,0,0
2025/01/30 01:50,05F0287S,05F0309S,5,0,0
2025/01/30 01:50,05F0309S,05F0439S,31,483,39
2025/01/30 01:50,05F0309S,05F0439S,32,480,5
2025/01/30 01:50,05F0309S,05F0439S,41,0,0
2025/01/30 01:50,05F0309S,05F0439S,42,508,1
2025/01/30 01:50,05F0309S,05F0439S,5,0,0
2025/01/30 01:50,05F0439S,05F0494S,31,207,15
2025/01/30 01:50,05F0439S,05F0494S,32,193,3
2025/01/30 01:50,05F0439S,05F0494S,41,0,0
2025/01/30 01:50,05F0439S,05F0494S,42,218,1
2025/01/30 01:50,05F0439S,05F0494S,5,0,0
2025/01/30 01:55,05F0000S,05F0055S,31,238,43
2025/01/30 01:55,05F0000S,05F0055S,32,236,9
2025/01/30 01:55,05F0000S,05F0055S,41,0,0
2025/01/30 01:55,05F0000S,05F0055S,42,0,0
2025/01/30 01:55,05F0000S,05F0055S,5,0,0
2025/01/30 01:55,05F0055S,05F0287S,31,965,90
2025/01/30 01:55,05F0055S,05F0287S,32,956,9
2025/01/30 01:55,05F0055S,05F0287S,41,0,0
2025/01/30 01:55,05F0055S,05F0287S,42,0,0
2025/01/30 01:55,05F0055S,05F0287S,5,0,0
2025/01/30 01:55,05F0287S,05F0309S,31,83,69
2025/01/30 01:55,05F0287S,05F0309S,32,86,6
2025/01/30 01:55,05F0287S,05F0309S,41,0,0
2025/01/30 01:55,05F0287S,05F0309S,42,0,0
2025/01/30 01:55,05F0287S,05F0309S,5,0,0
2025/01/30 01:55,05F0309S,05F0439S,31,470,28
2025/01/30 01:55,05F0309S,05F0439S,32,518,5
2025/01/30 01:55,05F0309S,05F0439S,41,0,0
2025/01/30 01:55,05F0309S,05F0439S,42,0,0
2025/01/30 01:55,05F0309S,05F0439S,5,0,0
2025/01/30 01:55,05F0439S,05F0494S,31,212,21
2025/01/30 01:55,05F0439S,05F0494S,32,221,2
2025/01/30 01:55,05F0439S,05F0494S,41,0,0
2025/01/30 01:55,05F0439S,05F0494S,42,0,0
2025/01/30 01:55,05F0439S,05F0494S,5,0,0
2025/01/30 02:00,05F0000S,05F0055S,31,239,43
2025/01/30 02:00,05F0000S,05F0055S,32,238,10
2025/01/30 02:00,05F0000S,05F0055S,41,0,0
2025/01/30 02:00,05F0000S,05F0055S,42,0,0
2025/01/30 02:00,05F0000S,05F0055S,5,0,0
2025/01/30 02:00,05F0055S,05F0287S,31,945,60
2025/01/30 02:00,05F0055S,05F0287S,32,989,6
2025/01/30 02:00,05F0055S,05F0287S,41,0,0
2025/01/30 02:00,05F0055S,05F0287S,42,0,0
2025/01/30 02:00,05F0055S,05F0287S,5,0,0
2025/01/30 02:00,05F0287S,05F0309S,31,83,57
2025/01/30 02:00,05F0287S,05F0309S,32,85,6
2025/01/30 02:00,05F0287S,05F0309S,41,0,0
2025/01/30 02:00,05F0287S,05F0309S,42,0,0
2025/01/30 02:00,05F0287S,05F0309S,5,0,0
2025/01/30 02:00,05F0309S,05F0439S,31,466,55
2025/01/30 02:00,05F0309S,05F0439S,32,520,4
2025/01/30 02:00,05F0309S,05F0439S,41,0,0
2025/01/30 02:00,05F0309S,05F0439S,42,0,0
2025/01/30 02:00,05F0309S,05F0439S,5,0,0
2025/01/30 02:00,05F0439S,05F0494S,31,200,28
2025/01/30 02:00,05F0439S,05F0494S,32,209,3
2025/01/30 02:00,05F0439S,05F0494S,41,0,0
2025/01/30 02:00,05F0439S,05F0494S,42,0,0
2025/01/30 02:00,05F0439S,05F0494S,5,0,0
2025/01/30 02:05,05F0000S,05F0055S,31,245,46
2025/01/30 02:05,05F0000S,05F0055S,32,244,11
2025/01/30 02:05,05F0000S,05F0055S,41,0,0
2025/01/30 02:05,05F0000S,05F0055S,42,0,0
2025/01/30 02:05,05F0000S,05F0055S,5,0,0
2025/01/30 02:05,05F0055S,05F0287S,31,950,44
2025/01/30 02:05,05F0055S,05F0287S,32,970,11
2025/01/30 02:05,05F0055S,05F0287S,41,0,0
2025/01/30 02:05,05F0055S,05F0287S,42,0,0
2025/01/30 02:05,05F0055S,05F0287S,5,0,0
2025/01/30 02:05,05F0287S,05F0309S,31,84,42
2025/01/30 02:05,05F0287S,05F0309S,32,90,12
2025/01/30 02:05,05F0287S,05F0309S,41,0,0
2025/01/30 02:05,05F0287S,05F0309S,42,0,0
2025/01/30 02:05,05F0287S,05F0309S,5,0,0
2025/01/30 02:05,05F0309S,05F0439S,31,480,56
2025/01/30 02:05,05F0309S,05F0439S,32,489,8
2025/01/30 02:05,05F0309S,05F0439S,41,0,0
2025/01/30 02:05,05F0309S,05F0439S,42,0,0
2025/01/30 02:05,05F0309S,05F0439S,5,0,0
2025/01/30 02:05,05F0439S,05F0494S,31,190,39
2025/01/30 02:05,05F0439S,05F0494S,32,228,4
2025/01/30 02:05,05F0439S,05F0494S,41,0,0
2025/01/30 02:05,05F0439S,05F0494S,42,0,0
2025/01/30 02:05,05F0439S,05F0494S,5,0,0
2025/01/30 02:10,05F0000S,05F0055S,31,230,42
2025/01/30 02:10,05F0000S,05F0055S,32,235,18
2025/01/30 02:10,05F0000S,05F0055S,41,0,0
2025/01/30 02:10,05F0000S,05F0055S,42,0,0
2025/01/30 02:10,05F0000S,05F0055S,5,0,0
2025/01/30 02:10,05F0055S,05F0287S,31,950,46
2025/01/30 02:10,05F0055S,05F0287S,32,971,7
2025/01/30 02:10,05F0055S,05F0287S,41,0,0
2025/01/30 02:10,05F0055S,05F0287S,42,0,0
2025/01/30 02:10,05F0055S,05F0287S,5,0,0
2025/01/30 02:10,05F0287S,05F0309S,31,85,39
2025/01/30 02:10,05F0287S,05F0309S,32,86,2
2025/01/30 02:10,05F0287S,05F0309S,41,0,0
2025/01/30 02:10,05F0287S,05F0309S,42,0,0
2025/01/30 02:10,05F0287S,05F0309S,5,0,0
2025/01/30 02:10,05F0309S,05F0439S,31,479,27
2025/01/30 02:10,05F0309S,05F0439S,32,480,6
2025/01/30 02:10,05F0309S,05F0439S,41,0,0
2025/01/30 02:10,05F0309S,05F0439S,42,0,0
2025/01/30 02:10,05F0309S,05F0439S,5,0,0
2025/01/30 02:10,05F0439S,05F0494S,31,200,32
2025/01/30 02:10,05F0439S,05F0494S,32,185,6
2025/01/30 02:10,05F0439S,05F0494S,41,0,0
2025/01/30 02:10,05F0439S,05F0494S,42,0,0
2025/01/30 02:10,05F0439S,05F0494S,5,0,0
2025/01/30 02:15,05F0000S,05F0055S,31,237,38
2025/01/30 02:15,05F0000S,05F0055S,32,248,9
2025/01/30 02:15,05F0000S,05F0055S,41,0,0
2025/01/30 02:15,05F0000S,05F0055S,42,0,0
2025/01/30 02:15,05F0000S,05F0055S,5,0,0
2025/01/30 02:15,05F0055S,05F0287S,31,956,45
2025/01/30 02:15,05F0055S,05F0287S,32,970,10
2025/01/30 02:15,05F0055S,05F0287S,41,0,0
2025/01/30 02:15,05F0055S,05F0287S,42,0,0
2025/01/30 02:15,05F0055S,05F0287S,5,0,0
2025/01/30 02:15,05F0287S,05F0309S,31,82,33
2025/01/30 02:15,05F0287S,05F0309S,32,87,6
2025/01/30 02:15,05F0287S,05F0309S,41,0,0
2025/01/30 02:15,05F0287S,05F0309S,42,0,0
2025/01/30 02:15,05F0287S,05F0309S,5,0,0
2025/01/30 02:15,05F0309S,05F0439S,31,485,32
2025/01/30 02:15,05F0309S,05F0439S,32,517,7
2025/01/30 02:15,05F0309S,05F0439S,41,0,0
2025/01/30 02:15,05F0309S,05F0439S,42,0,0
2025/01/30 02:15,05F0309S,05F0439S,5,0,0
2025/01/30 02:15,05F0439S,05F0494S,31,192,16
2025/01/30 02:15,05F0439S,05F0494S,32,219,4
2025/01/30 02:15,05F0439S,05F0494S,41,0,0
2025/01/30 02:15,05F0439S,05F0494S,42,0,0
2025/01/30 02:15,05F0439S,05F0494S,5,0,0
2025/01/30 02:20,05F0000S,05F0055S,31,235,51
2025/01/30 02:20,05F0000S,05F0055S,32,236,6
2025/01/30 02:20,05F0000S,05F0055S,41,0,0
2025/01/30 02:20,05F0000S,05F0055S,42,0,0
2025/01/30 02:20,05F0000S,05F0055S,5,0,0
2025/01/30 02:20,05F0055S,05F0287S,31,962,36
2025/01/30 02:20,05F0055S,05F0287S,32,967,10
2025/01/30 02:20,05F0055S,05F0287S,41,0,0
2025/01/30 02:20,05F0055S,05F0287S,42,0,0
2025/01/30 02:20,05F0055S,05F0287S,5,0,0
2025/01/30 02:20,05F0287S,05F0309S,31,84,30
2025/01/30 02:20,05F0287S,05F0309S,32,88,9
2025/01/30 02:20,05F0287S,05F0309S,41,0,0
2025/01/30 02:20,05F0287S,05F0309S,42,0,0
2025/01/30 02:20,05F0287S,05F0309S,5,0,0
2025/01/30 02:20,05F0309S,05F0439S,31,480,33
2025/01/30 02:20,05F0309S,05F0439S,32,435,2
2025/01/30 02:20,05F0309S,05F0439S,41,0,0
2025/01/30 02:20,05F0309S,05F0439S,42,0,0
2025/01/30 02:20,05F0309S,05F0439S,5,0,0
2025/01/30 02:20,05F0439S,05F0494S,31,198,18
2025/01/30 02:20,05F0439S,05F0494S,32,212,4
2025/01/30 02:20,05F0439S,05F0494S,41,0,0
2025/01/30 02:20,05F0439S,05F0494S,42,0,0
2025/01/30 02:20,05F0439S,05F0494S,5,0,0
2025/01/30 02:25,05F0000S,05F0055S,31,238,36
2025/01/30 02:25,05F0000S,05F0055S,32,245,5
2025/01/30 02:25,05F0000S,05F0055S,41,0,0
2025/01/30 02:25,05F0000S,05F0055S,42,0,0
2025/01/30 02:25,05F0000S,05F0055S,5,0,0
2025/01/30 02:25,05F0055S,05F0287S,31,962,57
2025/01/30 02:25,05F0055S,05F0287S,32,948,20
2025/01/30 02:25,05F0055S,05F0287S,41,0,0
2025/01/30 02:25,05F0055S,05F0287S,42,0,0
2025/01/30 02:25,05F0055S,05F0287S,5,0,0
2025/01/30 02:25,05F0287S,05F0309S,31,84,50
2025/01/30 02:25,05F0287S,05F0309S,32,87,13
2025/01/30 02:25,05F0287S,05F0309S,41,0,0
2025/01/30 02:25,05F0287S,05F0309S,42,0,0
2025/01/30 02:25,05F0287S,05F0309S,5,0,0
2025/01/30 02:25,05F0309S,05F0439S,31,492,26
2025/01/30 02:25,05F0309S,05F0439S,32,497,8
2025/01/30 02:25,05F0309S,05F0439S,41,0,0
2025/01/30 02:25,05F0309S,05F0439S,42,0,0
2025/01/30 02:25,05F0309S,05F0439S,5,0,0
2025/01/30 02:25,05F0439S,05F0494S,31,204,19
2025/01/30 02:25,05F0439S,05F0494S,32,206,4
2025/01/30 02:25,05F0439S,05F0494S,41,0,0
2025/01/30 02:25,05F0439S,05F0494S,42,0,0
2025/01/30 02:25,05F0439S,05F0494S,5,0,0
2025/01/30 02:30,05F0000S,05F0055S,31,239,37
2025/01/30 02:30,05F0000S,05F0055S,32,239,9
2025/01/30 02:30,05F0000S,05F0055S,41,251,1
2025/01/30 02:30,05F0000S,05F0055S,42,0,0
2025/01/30 02:30,05F0000S,05F0055S,5,0,0
2025/01/30 02:30,05F0055S,05F0287S,31,950,46
2025/01/30 02:30,05F0055S,05F0287S,32,957,9
2025/01/30 02:30,05F0055S,05F0287S,41,0,0
2025/01/30 02:30,05F0055S,05F0287S,42,0,0
2025/01/30 02:30,05F0055S,05F0287S,5,0,0
2025/01/30 02:30,05F0287S,05F0309S,31,82,40
2025/01/30 02:30,05F0287S,05F0309S,32,85,11
2025/01/30 02:30,05F0287S,05F0309S,41,90,1
2025/01/30 02:30,05F0287S,05F0309S,42,0,0
2025/01/30 02:30,05F0287S,05F0309S,5,0,0
2025/01/30 02:30,05F0309S,05F0439S,31,468,35
2025/01/30 02:30,05F0309S,05F0439S,32,462,5
2025/01/30 02:30,05F0309S,05F0439S,41,0,0
2025/01/30 02:30,05F0309S,05F0439S,42,0,0
2025/01/30 02:30,05F0309S,05F0439S,5,0,0
2025/01/30 02:30,05F0439S,05F0494S,31,213,25
2025/01/30 02:30,05F0439S,05F0494S,32,211,5
2025/01/30 02:30,05F0439S,05F0494S,41,0,0
2025/01/30 02:30,05F0439S,05F0494S,42,0,0
2025/01/30 02:30,05F0439S,05F0494S,5,0,0
2025/01/30 02:35,05F0000S,05F0055S,31,242,54
2025/01/30 02:35,05F0000S,05F0055S,32,225,6
2025/01/30 02:35,05F0000S,05F0055S,41,241,1
2025/01/30 02:35,05F0000S,05F0055S,42,0,0
2025/01/30 02:35,05F0000S,05F0055S,5,0,0
2025/01/30 02:35,05F0055S,05F0287S,31,953,47
2025/01/30 02:35,05F0055S,05F0287S,32,971,7
2025/01/30 02:35,05F0055S,05F0287S,41,0,0
2025/01/30 02:35,05F0055S,05F0287S,42,0,0
2025/01/30 02:35,05F0055S,05F0287S,5,0,0
2025/01/30 02:35,05F0287S,05F0309S,31,84,30
2025/01/30 02:35,05F0287S,05F0309S,32,90,8
2025/01/30 02:35,05F0287S,05F0309S,41,0,0
2025/01/30 02:35,05F0287S,05F0309S,42,0,0
2025/01/30 02:35,05F0287S,05F0309S,5,0,0
2025/01/30 02:35,05F0309S,05F0439S,31,478,32
2025/01/30 02:35,05F0309S,05F0439S,32,490,9
2025/01/30 02:35,05F0309S,05F0439S,41,0,0
2025/01/30 02:35,05F0309S,05F0439S,42,0,0
2025/01/30 02:35,05F0309S,05F0439S,5,0,0
2025/01/30 02:35,05F0439S,05F0494S,31,194,22
2025/01/30 02:35,05F0439S,05F0494S,32,205,6
2025/01/30 02:35,05F0439S,05F0494S,41,0,0
2025/01/30 02:35,05F0439S,05F0494S,42,0,0
2025/01/30 02:35,05F0439S,05F0494S,5,0,0
2025/01/30 02:40,05F0000S,05F0055S,31,235,46
2025/01/30 02:40,05F0000S,05F0055S,32,242,13
2025/01/30 02:40,05F0000S,05F0055S,41,0,0
2025/01/30 02:40,05F0000S,05F0055S,42,0,0
2025/01/30 02:40,05F0000S,05F0055S,5,0,0
2025/01/30 02:40,05F0055S,05F0287S,31,961,39
2025/01/30 02:40,05F0055S,05F0287S,32,955,4
2025/01/30 02:40,05F0055S,05F0287S,41,0,0
2025/01/30 02:40,05F0055S,05F0287S,42,0,0
2025/01/30 02:40,05F0055S,05F0287S,5,0,0
2025/01/30 02:40,05F0287S,05F0309S,31,83,35
2025/01/30 02:40,05F0287S,05F0309S,32,82,1
2025/01/30 02:40,05F0287S,05F0309S,41,0,0
2025/01/30 02:40,05F0287S,05F0309S,42,0,0
2025/01/30 02:40,05F0287S,05F0309S,5,0,0
2025/01/30 02:40,05F0309S,05F0439S,31,495,25
2025/01/30 02:40,05F0309S,05F0439S,32,457,6
2025/01/30 02:40,05F0309S,05F0439S,41,0,0
2025/01/30 02:40,05F0309S,05F0439S,42,0,0
2025/01/30 02:40,05F0309S,05F0439S,5,0,0
2025/01/30 02:40,05F0439S,05F0494S,31,202,12
2025/01/30 02:40,05F0439S,05F0494S,32,200,4
2025/01/30 02:40,05F0439S,05F0494S,41,0,0
2025/01/30 02:40,05F0439S,05F0494S,42,0,0
2025/01/30 02:40,05F0439S,05F0494S,5,0,0
2025/01/30 02:45,05F0000S,05F0055S,31,225,35
2025/01/30 02:45,05F0000S,05F0055S,32,233,6
2025/01/30 02:45,05F0000S,05F0055S,41,0,0
2025/01/30 02:45,05F0000S,05F0055S,42,0,0
2025/01/30 02:45,05F0000S,05F0055S,5,0,0
2025/01/30 02:45,05F0055S,05F0287S,31,969,34
2025/01/30 02:45,05F0055S,05F0287S,32,970,8
2025/01/30 02:45,05F0055S,05F0287S,41,0,0
2025/01/30 02:45,05F0055S,05F0287S,42,0,0
2025/01/30 02:45,05F0055S,05F0287S,5,0,0
2025/01/30 02:45,05F0287S,05F0309S,31,84,26
2025/01/30 02:45,05F0287S,05F0309S,32,84,5
2025/01/30 02:45,05F0287S,05F0309S,41,0,0
2025/01/30 02:45,05F0287S,05F0309S,42,0,0
2025/01/30 02:45,05F0287S,05F0309S,5,0,0
2025/01/30 02:45,05F0309S,05F0439S,31,469,36
2025/01/30 02:45,05F0309S,05F0439S,32,552,2
2025/01/30 02:45,05F0309S,05F0439S,41,0,0
2025/01/30 02:45,05F0309S,05F0439S,42,0,0
2025/01/30 02:45,05F0309S,05F0439S,5,0,0
2025/01/30 02:45,05F0439S,05F0494S,31,217,18
2025/01/30 02:45,05F0439S,05F0494S,32,186,5
2025/01/30 02:45,05F0439S,05F0494S,41,0,0
2025/01/30 02:45,05F0439S,05F0494S,42,0,0
2025/01/30 02:45,05F0439S,05F0494S,5,0,0
2025/01/30 02:50,05F0000S,05F0055S,31,237,49
2025/01/30 02:50,05F0000S,05F0055S,32,242,13
2025/01/30 02:50,05F0000S,05F0055S,41,0,0
2025/01/30 02:50,05F0000S,05F0055S,42,0,0
2025/01/30 02:50,05F0000S,05F0055S,5,0,0
2025/01/30 02:50,05F0055S,05F0287S,31,968,55
2025/01/30 02:50,05F0055S,05F0287S,32,956,7
2025/01/30 02:50,05F0055S,05F0287S,41,942,1
2025/01/30 02:50,05F0055S,05F0287S,42,0,0
2025/01/30 02:50,05F0055S,05F0287S,5,0,0
2025/01/30 02:50,05F0287S,05F0309S,31,85,46
2025/01/30 02:50,05F0287S,05F0309S,32,81,8
2025/01/30 02:50,05F0287S,05F0309S,41,63,1
2025/01/30 02:50,05F0287S,05F0309S,42,0,0
2025/01/30 02:50,05F0287S,05F0309S,5,0,0
2025/01/30 02:50,05F0309S,05F0439S,31,473,20
2025/01/30 02:50,05F0309S,05F0439S,32,491,3
2025/01/30 02:50,05F0309S,05F0439S,41,0,0
2025/01/30 02:50,05F0309S,05F0439S,42,0,0
2025/01/30 02:50,05F0309S,05F0439S,5,0,0
2025/01/30 02:50,05F0439S,05F0494S,31,199,21
2025/01/30 02:50,05F0439S,05F0494S,32,234,1
2025/01/30 02:50,05F0439S,05F0494S,41,0,0
2025/01/30 02:50,05F0439S,05F0494S,42,0,0
2025/01/30 02:50,05F0439S,05F0494S,5,0,0
2025/01/30 02:55,05F0000S,05F0055S,31,236,51
2025/01/30 02:55,05F0000S,05F0055S,32,239,11
2025/01/30 02:55,05F0000S,05F0055S,41,0,0
2025/01/30 02:55,05F0000S,05F0055S,42,0,0
2025/01/30 02:55,05F0000S,05F0055S,5,0,0
2025/01/30 02:55,05F0055S,05F0287S,31,948,49
2025/01/30 02:55,05F0055S,05F0287S,32,951,6
2025/01/30 02:55,05F0055S,05F0287S,41,947,1
2025/01/30 02:55,05F0055S,05F0287S,42,0,0
2025/01/30 02:55,05F0055S,05F0287S,5,0,0
2025/01/30 02:55,05F0287S,05F0309S,31,88,48
2025/01/30 02:55,05F0287S,05F0309S,32,85,6
2025/01/30 02:55,05F0287S,05F0309S,41,86,2
2025/01/30 02:55,05F0287S,05F0309S,42,0,0
2025/01/30 02:55,05F0287S,05F0309S,5,0,0
2025/01/30 02:55,05F0309S,05F0439S,31,474,26
2025/01/30 02:55,05F0309S,05F0439S,32,433,6
2025/01/30 02:55,05F0309S,05F0439S,41,388,1
2025/01/30 02:55,05F0309S,05F0439S,42,0,0
2025/01/30 02:55,05F0309S,05F0439S,5,0,0
2025/01/30 02:55,05F0439S,05F0494S,31,192,18
2025/01/30 02:55,05F0439S,05F0494S,32,212,5
2025/01/30 02:55,05F0439S,05F0494S,41,0,0
2025/01/30 02:55,05F0439S,05F0494S,42,0,0
2025/01/30 02:55,05F0439S,05F0494S,5,0,0
2025/01/30 03:00,05F0000S,05F0055S,31,239,46
2025/01/30 03:00,05F0000S,05F0055S,32,243,8
2025/01/30 03:00,05F0000S,05F0055S,41,0,0
2025/01/30 03:00,05F0000S,05F0055S,42,0,0
2025/01/30 03:00,05F0000S,05F0055S,5,0,0
2025/01/30 03:00,05F0055S,05F0287S,31,938,44
2025/01/30 03:00,05F0055S,05F0287S,32,958,11
2025/01/30 03:00,05F0055S,05F0287S,41,0,0
2025/01/30 03:00,05F0055S,05F0287S,42,0,0
2025/01/30 03:00,05F0055S,05F0287S,5,0,0
2025/01/30 03:00,05F0287S,05F0309S,31,85,28
2025/01/30 03:00,05F0287S,05F0309S,32,87,12
2025/01/30 03:00,05F0287S,05F0309S,41,0,0
2025/01/30 03:00,05F0287S,05F0309S,42,0,0
2025/01/30 03:00,05F0287S,05F0309S,5,0,0
2025/01/30 03:00,05F0309S,05F0439S,31,477,41
2025/01/30 03:00,05F0309S,05F0439S,32,440,7
2025/01/30 03:00,05F0309S,05F0439S,41,474,1
2025/01/30 03:00,05F0309S,05F0439S,42,0,0
2025/01/30 03:00,05F0309S,05F0439S,5,0,0
2025/01/30 03:00,05F0439S,05F0494S,31,199,30
2025/01/30 03:00,05F0439S,05F0494S,32,180,5
2025/01/30 03:00,05F0439S,05F0494S,41,153,1
2025/01/30 03:00,05F0439S,05F0494S,42,0,0
2025/01/30 03:00,05F0439S,05F0494S,5,0,0
2025/01/30 03:05,05F0000S,05F0055S,31,232,38
2025/01/30 03:05,05F0000S,05F0055S,32,238,9
2025/01/30 03:05,05F0000S,05F0055S,41,0,0
2025/01/30 03:05,05F0000S,05F0055S,42,0,0
2025/01/30 03:05,05F0000S,05F0055S,5,0,0
2025/01/30 03:05,05F0055S,05F0287S,31,939,38
2025/01/30 03:05,05F0055S,05F0287S,32,949,11
2025/01/30 03:05,05F0055S,05F0287S,41,0,0
2025/01/30 03:05,05F0055S,05F0287S,42,0,0
2025/01/30 03:05,05F0055S,05F0287S,5,0,0
2025/01/30 03:05,05F0287S,05F0309S,31,83,38
2025/01/30 03:05,05F0287S,05F0309S,32,85,6
2025/01/30 03:05,05F0287S,05F0309S,41,0,0
2025/01/30 03:05,05F0287S,05F0309S,42,0,0
2025/01/30 03:05,05F0287S,05F0309S,5,0,0
2025/01/30 03:05,05F0309S,05F0439S,31,496,34
2025/01/30 03:05,05F0309S,05F0439S,32,485,3
2025/01/30 03:05,05F0309S,05F0439S,41,0,0
2025/01/30 03:05,05F0309S,05F0439S,42,0,0
2025/01/30 03:05,05F0309S,05F0439S,5,0,0
2025/01/30 03:05,05F0439S,05F0494S,31,200,24
2025/01/30 03:05,05F0439S,05F0494S,32,184,2
2025/01/30 03:05,05F0439S,05F0494S,41,0,0
2025/01/30 03:05,05F0439S,05F0494S,42,0,0
2025/01/30 03:05,05F0439S,05F0494S,5,0,0
2025/01/30 03:10,05F0000S,05F0055S,31,239,46
2025/01/30 03:10,05F0000S,05F0055S,32,242,13
2025/01/30 03:10,05F0000S,05F0055S,41,254,1
2025/01/30 03:10,05F0000S,05F0055S,42,0,0
2025/01/30 03:10,05F0000S,05F0055S,5,0,0
2025/01/30 03:10,05F0055S,05F0287S,31,959,65
2025/01/30 03:10,05F0055S,05F0287S,32,985,13
2025/01/30 03:10,05F0055S,05F0287S,41,0,0
2025/01/30 03:10,05F0055S,05F0287S,42,0,0
2025/01/30 03:10,05F0055S,05F0287S,5,0,0
2025/01/30 03:10,05F0287S,05F0309S,31,84,50
2025/01/30 03:10,05F0287S,05F0309S,32,83,12
2025/01/30 03:10,05F0287S,05F0309S,41,0,0
2025/01/30 03:10,05F0287S,05F0309S,42,0,0
2025/01/30 03:10,05F0287S,05F0309S,5,0,0
2025/01/30 03:10,05F0309S,05F0439S,31,482,29
2025/01/30 03:10,05F0309S,05F0439S,32,510,8
2025/01/30 03:10,05F0309S,05F0439S,41,0,0
2025/01/30 03:10,05F0309S,05F0439S,42,0,0
2025/01/30 03:10,05F0309S,05F0439S,5,0,0
2025/01/30 03:10,05F0439S,05F0494S,31,206,23
2025/01/30 03:10,05F0439S,05F0494S,32,207,3
2025/01/30 03:10,05F0439S,05F0494S,41,212,1
2025/01/30 03:10,05F0439S,05F0494S,42,0,0
2025/01/30 03:10,05F0439S,05F0494S,5,0,0
2025/01/30 03:15,05F0000S,05F0055S,31,244,33
2025/01/30 03:15,05F0000S,05F0055S,32,240,4
2025/01/30 03:15,05F0000S,05F0055S,41,0,0
2025/01/30 03:15,05F0000S,05F0055S,42,0,0
2025/01/30 03:15,05F0000S,05F0055S,5,0,0
2025/01/30 03:15,05F0055S,05F0287S,31,949,41
2025/01/30 03:15,05F0055S,05F0287S,32,978,9
2025/01/30 03:15,05F0055S,05F0287S,41,0,0
2025/01/30 03:15,05F0055S,05F0287S,42,0,0
2025/01/30 03:15,05F0055S,05F0287S,5,0,0
2025/01/30 03:15,05F0287S,05F0309S,31,85,49
2025/01/30 03:15,05F0287S,05F0309S,32,90,8
2025/01/30 03:15,05F0287S,05F0309S,41,0,0
2025/01/30 03:15,05F0287S,05F0309S,42,0,0
2025/01/30 03:15,05F0287S,05F0309S,5,0,0
2025/01/30 03:15,05F0309S,05F0439S,31,460,39
2025/01/30 03:15,05F0309S,05F0439S,32,456,10
2025/01/30 03:15,05F0309S,05F0439S,41,569,1
2025/01/30 03:15,05F0309S,05F0439S,42,533,1
2025/01/30 03:15,05F0309S,05F0439S,5,0,0
2025/01/30 03:15,05F0439S,05F0494S,31,197,22
2025/01/30 03:15,05F0439S,05F0494S,32,221,7
2025/01/30 03:15,05F0439S,05F0494S,41,0,0
2025/01/30 03:15,05F0439S,05F0494S,42,0,0
2025/01/30 03:15,05F0439S,05F0494S,5,0,0
2025/01/30 03:20,05F0000S,05F0055S,31,242,40
2025/01/30 03:20,05F0000S,05F0055S,32,237,7
2025/01/30 03:20,05F0000S,05F0055S,41,0,0
2025/01/30 03:20,05F0000S,05F0055S,42,0,0
2025/01/30 03:20,05F0000S,05F0055S,5,0,0
2025/01/30 03:20,05F0055S,05F0287S,31,951,45
2025/01/30 03:20,05F0055S,05F0287S,32,942,8
2025/01/30 03:20,05F0055S,05F0287S,41,0,0
2025/01/30 03:20,05F0055S,05F0287S,42,0,0
2025/01/30 03:20,05F0055S,05F0287S,5,0,0
2025/01/30 03:20,05F0287S,05F0309S,31,83,41
2025/01/30 03:20,05F0287S,05F0309S,32,82,8
2025/01/30 03:20,05F0287S,05F0309S,41,0,0
2025/01/30 03:20,05F0287S,05F0309S,42,0,0
2025/01/30 03:20,05F0287S,05F0309S,5,0,0
2025/01/30 03:20,05F0309S,05F0439S,31,483,42
2025/01/30 03:20,05F0309S,05F0439S,32,457,3
2025/01/30 03:20,05F0309S,05F0439S,41,0,0
2025/01/30 03:20,05F0309S,05F0439S,42,0,0
2025/01/30 03:20,05F0309S,05F0439S,5,0,0
2025/01/30 03:20,05F0439S,05F0494S,31,197,34
2025/01/30 03:20,05F0439S,05F0494S,32,192,9
2025/01/30 03:20,05F0439S,05F0494S,41,241,1
2025/01/30 03:20,05F0439S,05F0494S,42,230,1
2025/01/30 03:20,05F0439S,05F0494S,5,0,0
2025/01/30 03:25,05F0000S,05F0055S,31,238,68
2025/01/30 03:25,05F0000S,05F0055S,32,237,10
2025/01/30 03:25,05F0000S,05F0055S,41,0,0
2025/01/30 03:25,05F0000S,05F0055S,42,0,0
2025/01/30 03:25,05F0000S,05F0055S,5,0,0
2025/01/30 03:25,05F0055S,05F0287S,31,962,47
2025/01/30 03:25,05F0055S,05F0287S,32,961,13
2025/01/30 03:25,05F0055S,05F0287S,41,1029,1
2025/01/30 03:25,05F0055S,05F0287S,42,0,0
2025/01/30 03:25,05F0055S,05F0287S,5,0,0
2025/01/30 03:25,05F0287S,05F0309S,31,84,34
2025/01/30 03:25,05F0287S,05F0309S,32,87,10
2025/01/30 03:25,05F0287S,05F0309S,41,0,0
2025/01/30 03:25,05F0287S,05F0309S,42,0,0
2025/01/30 03:25,05F0287S,05F0309S,5,0,0
2025/01/30 03:25,05F0309S,05F0439S,31,503,27
2025/01/30 03:25,05F0309S,05F0439S,32,523,7
2025/01/30 03:25,05F0309S,05F0439S,41,0,0
2025/01/30 03:25,05F0309S,05F0439S,42,0,0
2025/01/30 03:25,05F0309S,05F0439S,5,0,0
2025/01/30 03:25,05F0439S,05F0494S,31,203,27
2025/01/30 03:25,05F0439S,05F0494S,32,0,0
2025/01/30 03:25,05F0439S,05F0494S,41,0,0
2025/01/30 03:25,05F0439S,05F0494S,42,0,0
2025/01/30 03:25,05F0439S,05F0494S,5,0,0
2025/01/30 03:30,05F0000S,05F0055S,31,240,52
2025/01/30 03:30,05F0000S,05F0055S,32,239,13
2025/01/30 03:30,05F0000S,05F0055S,41,0,0
2025/01/30 03:30,05F0000S,05F0055S,42,0,0
2025/01/30 03:30,05F0000S,05F0055S,5,0,0
2025/01/30 03:30,05F0055S,05F0287S,31,965,35
2025/01/30 03:30,05F0055S,05F0287S,32,946,3
2025/01/30 03:30,05F0055S,05F0287S,41,0,0
2025/01/30 03:30,05F0055S,05F0287S,42,0,0
2025/01/30 03:30,05F0055S,05F0287S,5,0,0
2025/01/30 03:30,05F0287S,05F0309S,31,84,33
2025/01/30 03:30,05F0287S,05F0309S,32,83,3
2025/01/30 03:30,05F0287S,05F0309S,41,0,0
2025/01/30 03:30,05F0287S,05F0309S,42,0,0
2025/01/30 03:30,05F0287S,05F0309S,5,0,0
2025/01/30 03:30,05F0309S,05F0439S,31,484,29
2025/01/30 03:30,05F0309S,05F0439S,32,481,7
2025/01/30 03:30,05F0309S,05F0439S,41,0,0
2025/01/30 03:30,05F0309S,05F0439S,42,0,0
2025/01/30 03:30,05F0309S,05F0439S,5,0,0
2025/01/30 03:30,05F0439S,05F0494S,31,203,26
2025/01/30 03:30,05F0439S,05F0494S,32,212,6
2025/01/30 03:30,05F0439S,05F0494S,41,0,0
2025/01/30 03:30,05F0439S,05F0494S,42,0,0
2025/01/30 03:30,05F0439S,05F0494S,5,0,0
2025/01/30 03:35,05F0000S,05F0055S,31,243,53
2025/01/30 03:35,05F0000S,05F0055S,32,243,10
2025/01/30 03:35,05F0000S,05F0055S,41,0,0
2025/01/30 03:35,05F0000S,05F0055S,42,0,0
2025/01/30 03:35,05F0000S,05F0055S,5,0,0
2025/01/30 03:35,05F0055S,05F0287S,31,963,37
2025/01/30 03:35,05F0055S,05F0287S,32,937,7
2025/01/30 03:35,05F0055S,05F0287S,41,0,0
2025/01/30 03:35,05F0055S,05F0287S,42,0,0
2025/01/30 03:35,05F0055S,05F0287S,5,0,0
2025/01/30 03:35,05F0287S,05F0309S,31,84,30
2025/01/30 03:35,05F0287S,05F0309S,32,84,7
2025/01/30 03:35,05F0287S,05F0309S,41,0,0
2025/01/30 03:35,05F0287S,05F0309S,42,0,0
2025/01/30 03:35,05F0287S,05F0309S,5,0,0
2025/01/30 03:35,05F0309S,05F0439S,31,475,35
2025/01/30 03:35,05F0309S,05F0439S,32,509,6
2025/01/30 03:35,05F0309S,05F0439S,41,0,0
2025/01/30 03:35,05F0309S,05F0439S,42,0,0
2025/01/30 03:35,05F0309S,05F0439S,5,0,0
2025/01/30 03:35,05F0439S,05F0494S,31,213,20
2025/01/30 03:35,05F0439S,05F0494S,32,208,6
2025/01/30 03:35,05F0439S,05F0494S,41,0,0
2025/01/30 03:35,05F0439S,05F0494S,42,0,0
2025/01/30 03:35,05F0439S,05F0494S,5,0,0
2025/01/30 03:40,05F0000S,05F0055S,31,239,46
2025/01/30 03:40,05F0000S,05F0055S,32,239,17
2025/01/30 03:40,05F0000S,05F0055S,41,0,0
2025/01/30 03:40,05F0000S,05F0055S,42,0,0
2025/01/30 03:40,05F0000S,05F0055S,5,0,0
2025/01/30 03:40,05F0055S,05F0287S,31,965,67
2025/01/30 03:40,05F0055S,05F0287S,32,958,10
2025/01/30 03:40,05F0055S,05F0287S,41,0,0
2025/01/30 03:40,05F0055S,05F0287S,42,0,0
2025/01/30 03:40,05F0055S,05F0287S,5,0,0
2025/01/30 03:40,05F0287S,05F0309S,31,86,58
2025/01/30 03:40,05F0287S,05F0309S,32,86,6
2025/01/30 03:40,05F0287S,05F0309S,41,0,0
2025/01/30 03:40,05F0287S,05F0309S,42,0,0
2025/01/30 03:40,05F0287S,05F0309S,5,0,0
2025/01/30 03:40,05F0309S,05F0439S,31,486,32
2025/01/30 03:40,05F0309S,05F0439S,32,440,3
2025/01/30 03:40,05F0309S,05F0439S,41,0,0
2025/01/30 03:40,05F0309S,05F0439S,42,0,0
2025/01/30 03:40,05F0309S,05F0439S,5,0,0
2025/01/30 03:40,05F0439S,05F0494S,31,191,15
2025/01/30 03:40,05F0439S,05F0494S,32,206,6
2025/01/30 03:40,05F0439S,05F0494S,41,0,0
2025/01/30 03:40,05F0439S,05F0494S,42,0,0
2025/01/30 03:40,05F0439S,05F0494S,5,0,0
2025/01/30 03:45,05F0000S,05F0055S,31,236,61
2025/01/30 03:45,05F0000S,05F0055S,32,237,8
2025/01/30 03:45,05F0000S,05F0055S,41,0,0
2025/01/30 03:45,05F0000S,05F0055S,42,0,0
2025/01/30 03:45,05F0000S,05F0055S,5,0,0
2025/01/30 03:45,05F0055S,05F0287S,31,972,50
2025/01/30 03:45,05F0055S,05F0287S,32,978,10
2025/01/30 03:45,05F0055S,05F0287S,41,0,0
2025/01/30 03:45,05F0055S,05F0287S,42,0,0
2025/01/30 03:45,05F0055S,05F0287S,5,0,0
2025/01/30 03:45,05F0287S,05F0309S,31,86,38
2025/01/30 03:45,05F0287S,05F0309S,32,89,10
2025/01/30 03:45,05F0287S,05F0309S,41,0,0
2025/01/30 03:45,05F0287S,05F0309S,42,0,0
2025/01/30 03:45,05F0287S,05F0309S,5,0,0
2025/01/30 03:45,05F0309S,05F0439S,31,474,29
2025/01/30 03:45,05F0309S,05F0439S,32,487,5
2025/01/30 03:45,05F0309S,05F0439S,41,0,0
2025/01/30 03:45,05F0309S,05F0439S,42,0,0
2025/01/30 03:45,05F0309S,05F0439S,5,0,0
2025/01/30 03:45,05F0439S,05F0494S,31,207,23
2025/01/30 03:45,05F0439S,05F0494S,32,190,3
2025/01/30 03:45,05F0439S,05F0494S,41,196,1
2025/01/30 03:45,05F0439S,05F0494S,42,0,0
2025/01/30 03:45,05F0439S,05F0494S,5,0,0
2025/01/30 03:50,05F0000S,05F0055S,31,235,43
2025/01/30 03:50,05F0000S,05F0055S,32,233,11
2025/01/30 03:50,05F0000S,05F0055S,41,0,0
2025/01/30 03:50,05F0000S,05F0055S,42,0,0
2025/01/30 03:50,05F0000S,05F0055S,5,0,0
2025/01/30 03:50,05F0055S,05F0287S,31,963,58
2025/01/30 03:50,05F0055S,05F0287S,32,967,13
2025/01/30 03:50,05F0055S,05F0287S,41,0,0
2025/01/30 03:50,05F0055S,05F0287S,42,0,0
2025/01/30 03:50,05F0055S,05F0287S,5,0,0
2025/01/30 03:50,05F0287S,05F0309S,31,85,56
2025/01/30 03:50,05F0287S,05F0309S,32,90,13
2025/01/30 03:50,05F0287S,05F0309S,41,0,0
2025/01/30 03:50,05F0287S,05F0309S,42,0,0
2025/01/30 03:50,05F0287S,05F0309S,5,0,0
2025/01/30 03:50,05F0309S,05F0439S,31,493,49
2025/01/30 03:50,05F0309S,05F0439S,32,480,9
2025/01/30 03:50,05F0309S,05F0439S,41,0,0
2025/01/30 03:50,05F0309S,05F0439S,42,0,0
2025/01/30 03:50,05F0309S,05F0439S,5,0,0
2025/01/30 03:50,05F0439S,05F0494S,31,208,36
2025/01/30 03:50,05F0439S,05F0494S,32,214,7
2025/01/30 03:50,05F0439S,05F0494S,41,0,0
2025/01/30 03:50,05F0439S,05F0494S,42,0,0
2025/01/30 03:50,05F0439S,05F0494S,5,0,0
2025/01/30 03:55,05F0000S,05F0055S,31,239,69
2025/01/30 03:55,05F0000S,05F0055S,32,237,10
2025/01/30 03:55,05F0000S,05F0055S,41,0,0
2025/01/30 03:55,05F0000S,05F0055S,42,0,0
2025/01/30 03:55,05F0000S,05F0055S,5,0,0
2025/01/30 03:55,05F0055S,05F0287S,31,969,51
2025/01/30 03:55,05F0055S,05F0287S,32,967,18
2025/01/30 03:55,05F0055S,05F0287S,41,967,1
2025/01/30 03:55,05F0055S,05F0287S,42,0,0
2025/01/30 03:55,05F0055S,05F0287S,5,0,0
2025/01/30 03:55,05F0287S,05F0309S,31,87,51
2025/01/30 03:55,05F0287S,05F0309S,32,86,10
2025/01/30 03:55,05F0287S,05F0309S,41,0,0
2025/01/30 03:55,05F0287S,05F0309S,42,0,0
2025/01/30 03:55,05F0287S,05F0309S,5,0,0
2025/01/30 03:55,05F0309S,05F0439S,31,482,27
2025/01/30 03:55,05F0309S,05F0439S,32,488,7
2025/01/30 03:55,05F0309S,05F0439S,41,0,0
2025/01/30 03:55,05F0309S,05F0439S,42,595,1
2025/01/30 03:55,05F0309S,05F0439S,5,0,0
2025/01/30 03:55,05F0439S,05F0494S,31,203,38
2025/01/30 03:55,05F0439S,05F0494S,32,206,9
2025/01/30 03:55,05F0439S,05F0494S,41,0,0
2025/01/30 03:55,05F0439S,05F0494S,42,0,0
2025/01/30 03:55,05F0439S,05F0494S,5,0,0
2025/01/30 04:00,05F0000S,05F0055S,31,235,61
2025/01/30 04:00,05F0000S,05F0055S,32,238,17
2025/01/30 04:00,05F0000S,05F0055S,41,0,0
2025/01/30 04:00,05F0000S,05F0055S,42,0,0
2025/01/30 04:00,05F0000S,05F0055S,5,0,0
2025/01/30 04:00,05F0055S,05F0287S,31,955,55
2025/01/30 04:00,05F0055S,05F0287S,32,957,10
2025/01/30 04:00,05F0055S,05F0287S,41,0,0
2025/01/30 04:00,05F0055S,05F0287S,42,0,0
2025/01/30 04:00,05F0055S,05F0287S,5,0,0
2025/01/30 04:00,05F0287S,05F0309S,31,83,45
2025/01/30 04:00,05F0287S,05F0309S,32,81,11
2025/01/30 04:00,05F0287S,05F0309S,41,0,0
2025/01/30 04:00,05F0287S,05F0309S,42,0,0
2025/01/30 04:00,05F0287S,05F0309S,5,0,0
2025/01/30 04:00,05F0309S,05F0439S,31,472,52
2025/01/30 04:00,05F0309S,05F0439S,32,487,11
2025/01/30 04:00,05F0309S,05F0439S,41,0,0
2025/01/30 04:00,05F0309S,05F0439S,42,514,1
2025/01/30 04:00,05F0309S,05F0439S,5,0,0
2025/01/30 04:00,05F0439S,05F0494S,31,200,39
2025/01/30 04:00,05F0439S,05F0494S,32,200,8
2025/01/30 04:00,05F0439S,05F0494S,41,0,0
2025/01/30 04:00,05F0439S,05F0494S,42,246,1
2025/01/30 04:00,05F0439S,05F0494S,5,0,0
2025/01/30 04:05,05F0000S,05F0055S,31,237,57
2025/01/30 04:05,05F0000S,05F0055S,32,243,13
2025/01/30 04:05,05F0000S,05F0055S,41,0,0
2025/01/30 04:05,05F0000S,05F0055S,42,0,0
2025/01/30 04:05,05F0000S,05F0055S,5,0,0
2025/01/30 04:05,05F0055S,05F0287S,31,957,53
2025/01/30 04:05,05F0055S,05F0287S,32,964,9
2025/01/30 04:05,05F0055S,05F0287S,41,0,0
2025/01/30 04:05,05F0055S,05F0287S,42,0,0
2025/01/30 04:05,05F0055S,05F0287S,5,0,0
2025/01/30 04:05,05F0287S,05F0309S,31,85,44
2025/01/30 04:05,05F0287S,05F0309S,32,80,6
2025/01/30 04:05,05F0287S,05F0309S,41,0,0
2025/01/30 04:05,05F0287S,05F0309S,42,0,0
2025/01/30 04:05,05F0287S,05F0309S,5,0,0
2025/01/30 04:05,05F0309S,05F0439S,31,484,44
2025/01/30 04:05,05F0309S,05F0439S,32,470,13
2025/01/30 04:05,05F0309S,05F0439S,41,0,0
2025/01/30 04:05,05F0309S,05F0439S,42,0,0
2025/01/30 04:05,05F0309S,05F0439S,5,0,0
2025/01/30 04:05,05F0439S,05F0494S,31,199,36
2025/01/30 04:05,05F0439S,05F0494S,32,201,7
2025/01/30 04:05,05F0439S,05F0494S,41,0,0
2025/01/30 04:05,05F0439S,05F0494S,42,219,1
2025/01/30 04:05,05F0439S,05F0494S,5,0,0
2025/01/30 04:10,05F0000S,05F0055S,31,241,73
2025/01/30 04:10,05F0000S,05F0055S,32,244,18
2025/01/30 04:10,05F0000S,05F0055S,41,0,0
2025/01/30 04:10,05F0000S,05F0055S,42,0,0
2025/01/30 04:10,05F0000S,05F0055S,5,0,0
2025/01/30 04:10,05F0055S,05F0287S,31,952,66
2025/01/30 04:10,05F0055S,05F0287S,32,950,11
2025/01/30 04:10,05F0055S,05F0287S,41,0,0
2025/01/30 04:10,05F0055S,05F0287S,42,0,0
2025/01/30 04:10,05F0055S,05F0287S,5,0,0
2025/01/30 04:10,05F0287S,05F0309S,31,86,56
2025/01/30 04:10,05F0287S,05F0309S,32,88,15
2025/01/30 04:10,05F0287S,05F0309S,41,0,0
2025/01/30 04:10,05F0287S,05F0309S,42,0,0
2025/01/30 04:10,05F0287S,05F0309S,5,0,0
2025/01/30 04:10,05F0309S,05F0439S,31,466,38
2025/01/30 04:10,05F0309S,05F0439S,32,481,8
2025/01/30 04:10,05F0309S,05F0439S,41,0,0
2025/01/30 04:10,05F0309S,05F0439S,42,0,0
2025/01/30 04:10,05F0309S,05F0439S,5,0,0
2025/01/30 04:10,05F0439S,05F0494S,31,201,37
2025/01/30 04:10,05F0439S,05F0494S,32,197,12
2025/01/30 04:10,05F0439S,05F0494S,41,0,0
2025/01/30 04:10,05F0439S,05F0494S,42,0,0
2025/01/30 04:10,05F0439S,05F0494S,5,0,0
2025/01/30 04:15,05F0000S,05F0055S,31,244,80
2025/01/30 04:15,05F0000S,05F0055S,32,248,13
2025/01/30 04:15,05F0000S,05F0055S,41,0,0
2025/01/30 04:15,05F0000S,05F0055S,42,0,0
2025/01/30 04:15,05F0000S,05F0055S,5,0,0
2025/01/30 04:15,05F0055S,05F0287S,31,951,54
2025/01/30 04:15,05F0055S,05F0287S,32,955,18
2025/01/30 04:15,05F0055S,05F0287S,41,0,0
2025/01/30 04:15,05F0055S,05F0287S,42,0,0
2025/01/30 04:15,05F0055S,05F0287S,5,0,0
2025/01/30 04:15,05F0287S,05F0309S,31,83,54
2025/01/30 04:15,05F0287S,05F0309S,32,84,12
2025/01/30 04:15,05F0287S,05F0309S,41,0,0
2025/01/30 04:15,05F0287S,05F0309S,42,0,0
2025/01/30 04:15,05F0287S,05F0309S,5,0,0
2025/01/30 04:15,05F0309S,05F0439S,31,492,35
2025/01/30 04:15,05F0309S,05F0439S,32,496,11
2025/01/30 04:15,05F0309S,05F0439S,41,0,0
2025/01/30 04:15,05F0309S,05F0439S,42,540,1
2025/01/30 04:15,05F0309S,05F0439S,5,0,0
2025/01/30 04:15,05F0439S,05F0494S,31,200,26
2025/01/30 04:15,05F0439S,05F0494S,32,186,5
2025/01/30 04:15,05F0439S,05F0494S,41,0,0
2025/01/30 04:15,05F0439S,05F0494S,42,220,1
2025/01/30 04:15,05F0439S,05F0494S,5,0,0
2025/01/30 04:20,05F0000S,05F0055S,31,242,61
2025/01/30 04:20,05F0000S,05F0055S,32,241,14
2025/01/30 04:20,05F0000S,05F0055S,41,0,0
2025/01/30 04:20,05F0000S,05F0055S,42,0,0
2025/01/30 04:20,05F0000S,05F0055S,5,0,0
2025/01/30 04:20,05F0055S,05F0287S,31,943,69
2025/01/30 04:20,05F0055S,05F0287S,32,979,17
2025/01/30 04:20,05F0055S,05F0287S,41,0,0
2025/01/30 04:20,05F0055S,05F0287S,42,0,0
2025/01/30 04:20,05F0055S,05F0287S,5,0,0
2025/01/30 04:20,05F0287S,05F0309S,31,80,56
2025/01/30 04:20,05F0287S,05F0309S,32,84,17
2025/01/30 04:20,05F0287S,05F0309S,41,0,0
2025/01/30 04:20,05F0287S,05F0309S,42,0,0
2025/01/30 04:20,05F0287S,05F0309S,5,0,0
2025/01/30 04:20,05F0309S,05F0439S,31,476,59
2025/01/30 04:20,05F0309S,05F0439S,32,484,9
2025/01/30 04:20,05F0309S,05F0439S,41,0,0
2025/01/30 04:20,05F0309S,05F0439S,42,0,0
2025/01/30 04:20,05F0309S,05F0439S,5,499,1
2025/01/30 04:20,05F0439S,05F0494S,31,208,18
2025/01/30 04:20,05F0439S,05F0494S,32,202,12
2025/01/30 04:20,05F0439S,05F0494S,41,207,1
2025/01/30 04:20,05F0439S,05F0494S,42,0,0
2025/01/30 04:20,05F0439S,05F0494S,5,0,0
2025/01/30 04:25,05F0000S,05F0055S,31,243,71
2025/01/30 04:25,05F0000S,05F0055S,32,242,17
2025/01/30 04:25,05F0000S,05F0055S,41,274,1
2025/01/30 04:25,05F0000S,05F0055S,42,0,0
2025/01/30 04:25,05F0000S,05F0055S,5,0,0
2025/01/30 04:25,05F0055S,05F0287S,31,975,60
2025/01/30 04:25,05F0055S,05F0287S,32,967,13
2025/01/30 04:25,05F0055S,05F0287S,41,0,0
2025/01/30 04:25,05F0055S,05F0287S,42,0,0
2025/01/30 04:25,05F0055S,05F0287S,5,0,0
2025/01/30 04:25,05F0287S,05F0309S,31,83,48
2025/01/30 04:25,05F0287S,05F0309S,32,80,7
2025/01/30 04:25,05F0287S,05F0309S,41,0,0
2025/01/30 04:25,05F0287S,05F0309S,42,0,0
2025/01/30 04:25,05F0287S,05F0309S,5,0,0
2025/01/30 04:25,05F0309S,05F0439S,31,473,40
2025/01/30 04:25,05F0309S,05F0439S,32,477,12
2025/01/30 04:25,05F0309S,05F0439S,41,0,0
2025/01/30 04:25,05F0309S,05F0439S,42,0,0
2025/01/30 04:25,05F0309S,05F0439S,5,0,0
2025/01/30 04:25,05F0439S,05F0494S,31,200,48
2025/01/30 04:25,05F0439S,05F0494S,32,199,8
2025/01/30 04:25,05F0439S,05F0494S,41,221,1
2025/01/30 04:25,05F0439S,05F0494S,42,0,0
2025/01/30 04:25,05F0439S,05F0494S,5,0,0
2025/01/30 04:30,05F0000S,05F0055S,31,243,89
2025/01/30 04:30,05F0000S,05F0055S,32,242,18
2025/01/30 04:30,05F0000S,05F0055S,41,0,0
2025/01/30 04:30,05F0000S,05F0055S,42,0,0
2025/01/30 04:30,05F0000S,05F0055S,5,0,0
2025/01/30 04:30,05F0055S,05F0287S,31,987,74
2025/01/30 04:30,05F0055S,05F0287S,32,996,15
2025/01/30 04:30,05F0055S,05F0287S,41,0,0
2025/01/30 04:30,05F0055S,05F0287S,42,0,0
2025/01/30 04:30,05F0055S,05F0287S,5,0,0
2025/01/30 04:30,05F0287S,05F0309S,31,85,65
2025/01/30 04:30,05F0287S,05F0309S,32,86,20
2025/01/30 04:30,05F0287S,05F0309S,41,0,0
2025/01/30 04:30,05F0287S,05F0309S,42,0,0
2025/01/30 04:30,05F0287S,05F0309S,5,0,0
2025/01/30 04:30,05F0309S,05F0439S,31,439,53
2025/01/30 04:30,05F0309S,05F0439S,32,462,16
2025/01/30 04:30,05F0309S,05F0439S,41,0,0
2025/01/30 04:30,05F0309S,05F0439S,42,0,0
2025/01/30 04:30,05F0309S,05F0439S,5,0,0
2025/01/30 04:30,05F0439S,05F0494S,31,187,44
2025/01/30 04:30,05F0439S,05F0494S,32,194,17
2025/01/30 04:30,05F0439S,05F0494S,41,0,0
2025/01/30 04:30,05F0439S,05F0494S,42,206,1
2025/01/30 04:30,05F0439S,05F0494S,5,0,0
2025/01/30 04:35,05F0000S,05F0055S,31,245,85
2025/01/30 04:35,05F0000S,05F0055S,32,254,21
2025/01/30 04:35,05F0000S,05F0055S,41,245,1
2025/01/30 04:35,05F0000S,05F0055S,42,0,0
2025/01/30 04:35,05F0000S,05F0055S,5,0,0
2025/01/30 04:35,05F0055S,05F0287S,31,980,91
2025/01/30 04:35,05F0055S,05F0287S,32,978,17
2025/01/30 04:35,05F0055S,05F0287S,41,0,0
2025/01/30 04:35,05F0055S,05F0287S,42,0,0
2025/01/30 04:35,05F0055S,05F0287S,5,0,0
2025/01/30 04:35,05F0287S,05F0309S,31,85,69
2025/01/30 04:35,05F0287S,05F0309S,32,86,10
2025/01/30 04:35,05F0287S,05F0309S,41,0,0
2025/01/30 04:35,05F0287S,05F0309S,42,0,0
2025/01/30 04:35,05F0287S,05F0309S,5,0,0
2025/01/30 04:35,05F0309S,05F0439S,31,481,38
2025/01/30 04:35,05F0309S,05F0439S,32,444,9
2025/01/30 04:35,05F0309S,05F0439S,41,0,0
2025/01/30 04:35,05F0309S,05F0439S,42,472,1
2025/01/30 04:35,05F0309S,05F0439S,5,0,0
2025/01/30 04:35,05F0439S,05F0494S,31,196,28
2025/01/30 04:35,05F0439S,05F0494S,32,185,8
2025/01/30 04:35,05F0439S,05F0494S,41,0,0
2025/01/30 04:35,05F0439S,05F0494S,42,0,0
2025/01/30 04:35,05F0439S,05F0494S,5,0,0
2025/01/30 04:40,05F0000S,05F0055S,31,245,81
2025/01/30 04:40,05F0000S,05F0055S,32,249,31
2025/01/30 04:40,05F0000S,05F0055S,41,0,0
2025/01/30 04:40,05F0000S,05F0055S,42,0,0
2025/01/30 04:40,05F0000S,05F0055S,5,0,0
2025/01/30 04:40,05F0055S,05F0287S,31,963,53
2025/01/30 04:40,05F0055S,05F0287S,32,955,10
2025/01/30 04:40,05F0055S,05F0287S,41,0,0
2025/01/30 04:40,05F0055S,05F0287S,42,0,0
2025/01/30 04:40,05F0055S,05F0287S,5,0,0
2025/01/30 04:40,05F0287S,05F0309S,31,85,61
2025/01/30 04:40,05F0287S,05F0309S,32,87,15
2025/01/30 04:40,05F0287S,05F0309S,41,0,0
2025/01/30 04:40,05F0287S,05F0309S,42,0,0
2025/01/30 04:40,05F0287S,05F0309S,5,0,0
2025/01/30 04:40,05F0309S,05F0439S,31,476,64
2025/01/30 04:40,05F0309S,05F0439S,32,486,9
2025/01/30 04:40,05F0309S,05F0439S,41,0,0
2025/01/30 04:40,05F0309S,05F0439S,42,0,0
2025/01/30 04:40,05F0309S,05F0439S,5,0,0
2025/01/30 04:40,05F0439S,05F0494S,31,202,45
2025/01/30 04:40,05F0439S,05F0494S,32,201,8
2025/01/30 04:40,05F0439S,05F0494S,41,0,0
2025/01/30 04:40,05F0439S,05F0494S,42,0,0
2025/01/30 04:40,05F0439S,05F0494S,5,0,0
2025/01/30 04:45,05F0000S,05F0055S,31,244,65
2025/01/30 04:45,05F0000S,05F0055S,32,241,17
2025/01/30 04:45,05F0000S,05F0055S,41,0,0
2025/01/30 04:45,05F0000S,05F0055S,42,0,0
2025/01/30 04:45,05F0000S,05F0055S,5,0,0
2025/01/30 04:45,05F0055S,05F0287S,31,981,113
2025/01/30 04:45,05F0055S,05F0287S,32,988,24
2025/01/30 04:45,05F0055S,05F0287S,41,1058,1
2025/01/30 04:45,05F0055S,05F0287S,42,0,0
2025/01/30 04:45,05F0055S,05F0287S,5,0,0
2025/01/30 04:45,05F0287S,05F0309S,31,86,87
2025/01/30 04:45,05F0287S,05F0309S,32,86,13
2025/01/30 04:45,05F0287S,05F0309S,41,0,0
2025/01/30 04:45,05F0287S,05F0309S,42,0,0
2025/01/30 04:45,05F0287S,05F0309S,5,0,0
2025/01/30 04:45,05F0309S,05F0439S,31,478,61
2025/01/30 04:45,05F0309S,05F0439S,32,489,13
2025/01/30 04:45,05F0309S,05F0439S,41,0,0
2025/01/30 04:45,05F0309S,05F0439S,42,0,0
2025/01/30 04:45,05F0309S,05F0439S,5,0,0
2025/01/30 04:45,05F0439S,05F0494S,31,201,48
2025/01/30 04:45,05F0439S,05F0494S,32,205,5
2025/01/30 04:45,05F0439S,05F0494S,41,0,0
2025/01/30 04:45,05F0439S,05F0494S,42,0,0
2025/01/30 04:45,05F0439S,05F0494S,5,0,0
2025/01/30 04:50,05F0000S,05F0055S,31,247,91
2025/01/30 04:50,05F0000S,05F0055S,32,247,23
2025/01/30 04:50,05F0000S,05F0055S,41,0,0
2025/01/30 04:50,05F0000S,05F0055S,42,0,0
2025/01/30 04:50,05F0000S,05F0055S,5,0,0
2025/01/30 04:50,05F0055S,05F0287S,31,984,77
2025/01/30 04:50,05F0055S,05F0287S,32,998,18
2025/01/30 04:50,05F0055S,05F0287S,41,1047,1
2025/01/30 04:50,05F0055S,05F0287S,42,0,0
2025/01/30 04:50,05F0055S,05F0287S,5,0,0
2025/01/30 04:50,05F0287S,05F0309S,31,85,77
2025/01/30 04:50,05F0287S,05F0309S,32,84,20
2025/01/30 04:50,05F0287S,05F0309S,41,0,0
2025/01/30 04:50,05F0287S,05F0309S,42,0,0
2025/01/30 04:50,05F0287S,05F0309S,5,0,0
2025/01/30 04:50,05F0309S,05F0439S,31,469,49
2025/01/30 04:50,05F0309S,05F0439S,32,482,9
2025/01/30 04:50,05F0309S,05F0439S,41,487,2
2025/01/30 04:50,05F0309S,05F0439S,42,0,0
2025/01/30 04:50,05F0309S,05F0439S,5,491,3
2025/01/30 04:50,05F0439S,05F0494S,31,193,48
2025/01/30 04:50,05F0439S,05F0494S,32,203,12
2025/01/30 04:50,05F0439S,05F0494S,41,0,0
2025/01/30 04:50,05F0439S,05F0494S,42,0,0
2025/01/30 04:50,05F0439S,05F0494S,5,207,3
2025/01/30 04:55,05F0000S,05F0055S,31,249,121
2025/01/30 04:55,05F0000S,05F0055S,32,252,26
2025/01/30 04:55,05F0000S,05F0055S,41,0,0
2025/01/30 04:55,05F0000S,05F0055S,42,0,0
2025/01/30 04:55,05F0000S,05F0055S,5,0,0
2025/01/30 04:55,05F0055S,05F0287S,31,986,80
2025/01/30 04:55,05F0055S,05F0287S,32,986,30
2025/01/30 04:55,05F0055S,05F0287S,41,0,0
2025/01/30 04:55,05F0055S,05F0287S,42,0,0
2025/01/30 04:55,05F0055S,05F0287S,5,0,0
2025/01/30 04:55,05F0287S,05F0309S,31,86,75
2025/01/30 04:55,05F0287S,05F0309S,32,86,24
2025/01/30 04:55,05F0287S,05F0309S,41,0,0
2025/01/30 04:55,05F0287S,05F0309S,42,0,0
2025/01/30 04:55,05F0287S,05F0309S,5,0,0
2025/01/30 04:55,05F0309S,05F0439S,31,488,78
2025/01/30 04:55,05F0309S,05F0439S,32,479,19
2025/01/30 04:55,05F0309S,05F0439S,41,0,0
2025/01/30 04:55,05F0309S,05F0439S,42,0,0
2025/01/30 04:55,05F0309S,05F0439S,5,496,1
2025/01/30 04:55,05F0439S,05F0494S,31,196,45
2025/01/30 04:55,05F0439S,05F0494S,32,202,9
2025/01/30 04:55,05F0439S,05F0494S,41,0,0
2025/01/30 04:55,05F0439S,05F0494S,42,0,0
2025/01/30 04:55,05F0439S,05F0494S,5,227,1
2025/01/30 05:00,05F0000S,05F0055S,31,248,99
2025/01/30 05:00,05F0000S,05F0055S,32,248,26
2025/01/30 05:00,05F0000S,05F0055S,41,0,0
2025/01/30 05:00,05F0000S,05F0055S,42,0,0
2025/01/30 05:00,05F0000S,05F0055S,5,0,0
2025/01/30 05:00,05F0055S,05F0287S,31,992,83
2025/01/30 05:00,05F0055S,05F0287S,32,1006,28
2025/01/30 05:00,05F0055S,05F0287S,41,0,0
2025/01/30 05:00,05F0055S,05F0287S,42,0,0
2025/01/30 05:00,05F0055S,05F0287S,5,0,0
2025/01/30 05:00,05F0287S,05F0309S,31,84,65
2025/01/30 05:00,05F0287S,05F0309S,32,87,33
2025/01/30 05:00,05F0287S,05F0309S,41,0,0
2025/01/30 05:00,05F0287S,05F0309S,42,0,0
2025/01/30 05:00,05F0287S,05F0309S,5,0,0
2025/01/30 05:00,05F0309S,05F0439S,31,463,56
2025/01/30 05:00,05F0309S,05F0439S,32,484,18
2025/01/30 05:00,05F0309S,05F0439S,41,0,0
2025/01/30 05:00,05F0309S,05F0439S,42,0,0
2025/01/30 05:00,05F0309S,05F0439S,5,0,0
2025/01/30 05:00,05F0439S,05F0494S,31,194,48
2025/01/30 05:00,05F0439S,05F0494S,32,191,11
2025/01/30 05:00,05F0439S,05F0494S,41,0,0
2025/01/30 05:00,05F0439S,05F0494S,42,0,0
2025/01/30 05:00,05F0439S,05F0494S,5,208,1
2025/01/30 05:05,05F0000S,05F0055S,31,243,87
2025/01/30 05:05,05F0000S,05F0055S,32,243,23
2025/01/30 05:05,05F0000S,05F0055S,41,0,0
2025/01/30 05:05,05F0000S,05F0055S,42,0,0
2025/01/30 05:05,05F0000S,05F0055S,5,0,0
2025/01/30 05:05,05F0055S,05F0287S,31,988,71
2025/01/30 05:05,05F0055S,05F0287S,32,983,17
2025/01/30 05:05,05F0055S,05F0287S,41,0,0
2025/01/30 05:05,05F0055S,05F0287S,42,0,0
2025/01/30 05:05,05F0055S,05F0287S,5,0,0
2025/01/30 05:05,05F0287S,05F0309S,31,87,79
2025/01/30 05:05,05F0287S,05F0309S,32,83,13
2025/01/30 05:05,05F0287S,05F0309S,41,0,0
2025/01/30 05:05,05F0287S,05F0309S,42,0,0
2025/01/30 05:05,05F0287S,05F0309S,5,0,0
2025/01/30 05:05,05F0309S,05F0439S,31,478,49
2025/01/30 05:05,05F0309S,05F0439S,32,473,25
2025/01/30 05:05,05F0309S,05F0439S,41,0,0
2025/01/30 05:05,05F0309S,05F0439S,42,511,1
2025/01/30 05:05,05F0309S,05F0439S,5,0,0
2025/01/30 05:05,05F0439S,05F0494S,31,203,45
2025/01/30 05:05,05F0439S,05F0494S,32,205,20
2025/01/30 05:05,05F0439S,05F0494S,41,0,0
2025/01/30 05:05,05F0439S,05F0494S,42,0,0
2025/01/30 05:05,05F0439S,05F0494S,5,0,0
2025/01/30 05:10,05F0000S,05F0055S,31,253,101
2025/01/30 05:10,05F0000S,05F0055S,32,253,24
2025/01/30 05:10,05F0000S,05F0055S,41,0,0
2025/01/30 05:10,05F0000S,05F0055S,42,0,0
2025/01/30 05:10,05F0000S,05F0055S,5,0,0
2025/01/30 05:10,05F0055S,05F0287S,31,1014,111
2025/01/30 05:10,05F0055S,05F0287S,32,1012,32
2025/01/30 05:10,05F0055S,05F0287S,41,0,0
2025/01/30 05:10,05F0055S,05F0287S,42,0,0
2025/01/30 05:10,05F0055S,05F0287S,5,0,0
2025/01/30 05:10,05F0287S,05F0309S,31,86,75
2025/01/30 05:10,05F0287S,05F0309S,32,89,22
2025/01/30 05:10,05F0287S,05F0309S,41,0,0
2025/01/30 05:10,05F0287S,05F0309S,42,0,0
2025/01/30 05:10,05F0287S,05F0309S,5,0,0
2025/01/30 05:10,05F0309S,05F0439S,31,487,61
2025/01/30 05:10,05F0309S,05F0439S,32,491,20
2025/01/30 05:10,05F0309S,05F0439S,41,0,0
2025/01/30 05:10,05F0309S,05F0439S,42,487,1
2025/01/30 05:10,05F0309S,05F0439S,5,624,1
2025/01/30 05:10,05F0439S,05F0494S,31,203,53
2025/01/30 05:10,05F0439S,05F0494S,32,201,26
2025/01/30 05:10,05F0439S,05F0494S,41,0,0
2025/01/30 05:10,05F0439S,05F0494S,42,213,1
2025/01/30 05:10,05F0439S,05F0494S,5,0,0
2025/01/30 05:15,05F0000S,05F0055S,31,252,138
2025/01/30 05:15,05F0000S,05F0055S,32,249,30
2025/01/30 05:15,05F0000S,05F0055S,41,0,0
2025/01/30 05:15,05F0000S,05F0055S,42,0,0
2025/01/30 05:15,05F0000S,05F0055S,5,0,0
2025/01/30 05:15,05F0055S,05F0287S,31,1002,105
2025/01/30 05:15,05F0055S,05F0287S,32,1005,24
2025/01/30 05:15,05F0055S,05F0287S,41,0,0
2025/01/30 05:15,05F0055S,05F0287S,42,0,0
2025/01/30 05:15,05F0055S,05F0287S,5,0,0
2025/01/30 05:15,05F0287S,05F0309S,31,86,98
2025/01/30 05:15,05F0287S,05F0309S,32,88,19
2025/01/30 05:15,05F0287S,05F0309S,41,0,0
2025/01/30 05:15,05F0287S,05F0309S,42,0,0
2025/01/30 05:15,05F0287S,05F0309S,5,0,0
2025/01/30 05:15,05F0309S,05F0439S,31,485,57
2025/01/30 05:15,05F0309S,05F0439S,32,492,16
2025/01/30 05:15,05F0309S,05F0439S,41,0,0
2025/01/30 05:15,05F0309S,05F0439S,42,0,0
2025/01/30 05:15,05F0309S,05F0439S,5,486,1
2025/01/30 05:15,05F0439S,05F0494S,31,207,51
2025/01/30 05:15,05F0439S,05F0494S,32,213,12
2025/01/30 05:15,05F0439S,05F0494S,41,0,0
2025/01/30 05:15,05F0439S,05F0494S,42,0,0
2025/01/30 05:15,05F0439S,05F0494S,5,0,0
2025/01/30 05:20,05F0000S,05F0055S,31,259,127
2025/01/30 05:20,05F0000S,05F0055S,32,259,35
2025/01/30 05:20,05F0000S,05F0055S,41,0,0
2025/01/30 05:20,05F0000S,05F0055S,42,0,0
2025/01/30 05:20,05F0000S,05F0055S,5,0,0
2025/01/30 05:20,05F0055S,05F0287S,31,985,83
2025/01/30 05:20,05F0055S,05F0287S,32,985,29
2025/01/30 05:20,05F0055S,05F0287S,41,0,0
2025/01/30 05:20,05F0055S,05F0287S,42,0,0
2025/01/30 05:20,05F0055S,05F0287S,5,0,0
2025/01/30 05:20,05F0287S,05F0309S,31,85,89
2025/01/30 05:20,05F0287S,05F0309S,32,86,33
2025/01/30 05:20,05F0287S,05F0309S,41,0,0
2025/01/30 05:20,05F0287S,05F0309S,42,0,0
2025/01/30 05:20,05F0287S,05F0309S,5,0,0
2025/01/30 05:20,05F0309S,05F0439S,31,494,93
2025/01/30 05:20,05F0309S,05F0439S,32,500,25
2025/01/30 05:20,05F0309S,05F0439S,41,0,0
2025/01/30 05:20,05F0309S,05F0439S,42,0,0
2025/01/30 05:20,05F0309S,05F0439S,5,0,0
2025/01/30 05:20,05F0439S,05F0494S,31,199,44
2025/01/30 05:20,05F0439S,05F0494S,32,209,8
2025/01/30 05:20,05F0439S,05F0494S,41,0,0
2025/01/30 05:20,05F0439S,05F0494S,42,0,0
2025/01/30 05:20,05F0439S,05F0494S,5,206,1
2025/01/30 05:25,05F0000S,05F0055S,31,258,138
2025/01/30 05:25,05F0000S,05F0055S,32,261,38
2025/01/30 05:25,05F0000S,05F0055S,41,0,0
2025/01/30 05:25,05F0000S,05F0055S,42,0,0
2025/01/30 05:25,05F0000S,05F0055S,5,0,0
2025/01/30 05:25,05F0055S,05F0287S,31,999,110
2025/01/30 05:25,05F0055S,05F0287S,32,1003,23
2025/01/30 05:25,05F0055S,05F0287S,41,0,0
2025/01/30 05:25,05F0055S,05F0287S,42,0,0
2025/01/30 05:25,05F0055S,05F0287S,5,0,0
2025/01/30 05:25,05F0287S,05F0309S,31,87,73
2025/01/30 05:25,05F0287S,05F0309S,32,88,12
2025/01/30 05:25,05F0287S,05F0309S,41,0,0
2025/01/30 05:25,05F0287S,05F0309S,42,0,0
2025/01/30 05:25,05F0287S,05F0309S,5,0,0
2025/01/30 05:25,05F0309S,05F0439S,31,486,83
2025/01/30 05:25,05F0309S,05F0439S,32,497,13
2025/01/30 05:25,05F0309S,05F0439S,41,0,0
2025/01/30 05:25,05F0309S,05F0439S,42,0,0
2025/01/30 05:25,05F0309S,05F0439S,5,487,1
2025/01/30 05:25,05F0439S,05F0494S,31,204,69
2025/01/30 05:25,05F0439S,05F0494S,32,208,23
2025/01/30 05:25,05F0439S,05F0494S,41,0,0
2025/01/30 05:25,05F0439S,05F0494S,42,0,0
2025/01/30 05:25,05F0439S,05F0494S,5,0,0
2025/01/30 05:30,05F0000S,05F0055S,31,260,130
2025/01/30 05:30,05F0000S,05F0055S,32,260,42
2025/01/30 05:30,05F0000S,05F0055S,41,0,0
2025/01/30 05:30,05F0000S,05F0055S,42,0,0
2025/01/30 05:30,05F0000S,05F0055S,5,0,0
2025/01/30 05:30,05F0055S,05F0287S,31,1000,119
2025/01/30 05:30,05F0055S,05F0287S,32,1003,27
2025/01/30 05:30,05F0055S,05F0287S,41,0,0
2025/01/30 05:30,05F0055S,05F0287S,42,0,0
2025/01/30 05:30,05F0055S,05F0287S,5,0,0
2025/01/30 05:30,05F0287S,05F0309S,31,86,97
2025/01/30 05:30,05F0287S,05F0309S,32,88,21
2025/01/30 05:30,05F0287S,05F0309S,41,0,0
2025/01/30 05:30,05F0287S,05F0309S,42,0,0
2025/01/30 05:30,05F0287S,05F0309S,5,0,0
2025/01/30 05:30,05F0309S,05F0439S,31,498,59
2025/01/30 05:30,05F0309S,05F0439S,32,502,17
2025/01/30 05:30,05F0309S,05F0439S,41,0,0
2025/01/30 05:30,05F0309S,05F0439S,42,0,0
2025/01/30 05:30,05F0309S,05F0439S,5,0,0
2025/01/30 05:30,05F0439S,05F0494S,31,198,59
2025/01/30 05:30,05F0439S,05F0494S,32,197,11
2025/01/30 05:30,05F0439S,05F0494S,41,0,0
2025/01/30 05:30,05F0439S,05F0494S,42,0,0
2025/01/30 05:30,05F0439S,05F0494S,5,202,1
2025/01/30 05:35,05F0000S,05F0055S,31,259,130
2025/01/30 05:35,05F0000S,05F0055S,32,266,36
2025/01/30 05:35,05F0000S,05F0055S,41,0,0
2025/01/30 05:35,05F0000S,05F0055S,42,0,0
2025/01/30 05:35,05F0000S,05F0055S,5,0,0
2025/01/30 05:35,05F0055S,05F0287S,31,1025,110
2025/01/30 05:35,05F0055S,05F0287S,32,1029,33
2025/01/30 05:35,05F0055S,05F0287S,41,0,0
2025/01/30 05:35,05F0055S,05F0287S,42,0,0
2025/01/30 05:35,05F0055S,05F0287S,5,0,0
2025/01/30 05:35,05F0287S,05F0309S,31,86,97
2025/01/30 05:35,05F0287S,05F0309S,32,87,24
2025/01/30 05:35,05F0287S,05F0309S,41,0,0
2025/01/30 05:35,05F0287S,05F0309S,42,0,0
2025/01/30 05:35,05F0287S,05F0309S,5,0,0
2025/01/30 05:35,05F0309S,05F0439S,31,490,68
2025/01/30 05:35,05F0309S,05F0439S,32,467,11
2025/01/30 05:35,05F0309S,05F0439S,41,0,0
2025/01/30 05:35,05F0309S,05F0439S,42,0,0
2025/01/30 05:35,05F0309S,05F0439S,5,0,0
2025/01/30 05:35,05F0439S,05F0494S,31,203,57
2025/01/30 05:35,05F0439S,05F0494S,32,208,12
2025/01/30 05:35,05F0439S,05F0494S,41,0,0
2025/01/30 05:35,05F0439S,05F0494S,42,0,0
2025/01/30 05:35,05F0439S,05F0494S,5,0,0
2025/01/30 05:40,05F0000S,05F0055S,31,272,168
2025/01/30 05:40,05F0000S,05F0055S,32,273,42
2025/01/30 05:40,05F0000S,05F0055S,41,0,0
2025/01/30 05:40,05F0000S,05F0055S,42,0,0
2025/01/30 05:40,05F0000S,05F0055S,5,0,0
2025/01/30 05:40,05F0055S,05F0287S,31,1030,142
2025/01/30 05:40,05F0055S,05F0287S,32,1031,36
2025/01/30 05:40,05F0055S,05F0287S,41,0,0
2025/01/30 05:40,05F0055S,05F0287S,42,0,0
2025/01/30 05:40,05F0055S,05F0287S,5,0,0
2025/01/30 05:40,05F0287S,05F0309S,31,88,105
2025/01/30 05:40,05F0287S,05F0309S,32,89,37
2025/01/30 05:40,05F0287S,05F0309S,41,0,0
2025/01/30 05:40,05F0287S,05F0309S,42,0,0
2025/01/30 05:40,05F0287S,05F0309S,5,0,0
2025/01/30 05:40,05F0309S,05F0439S,31,479,77
2025/01/30 05:40,05F0309S,05F0439S,32,484,13
2025/01/30 05:40,05F0309S,05F0439S,41,0,0
2025/01/30 05:40,05F0309S,05F0439S,42,0,0
2025/01/30 05:40,05F0309S,05F0439S,5,0,0
2025/01/30 05:40,05F0439S,05F0494S,31,203,49
2025/01/30 05:40,05F0439S,05F0494S,32,209,10
2025/01/30 05:40,05F0439S,05F0494S,41,0,0
2025/01/30 05:40,05F0439S,05F0494S,42,0,0
2025/01/30 05:40,05F0439S,05F0494S,5,0,0
2025/01/30 05:45,05F0000S,05F0055S,31,265,146
2025/01/30 05:45,05F0000S,05F0055S,32,265,46
2025/01/30 05:45,05F0000S,05F0055S,41,0,0
2025/01/30 05:45,05F0000S,05F0055S,42,0,0
2025/01/30 05:45,05F0000S,05F0055S,5,0,0
2025/01/30 05:45,05F0055S,05F0287S,31,1028,130
2025/01/30 05:45,05F0055S,05F0287S,32,1027,40
2025/01/30 05:45,05F0055S,05F0287S,41,0,0
2025/01/30 05:45,05F0055S,05F0287S,42,0,0
2025/01/30 05:45,05F0055S,05F0287S,5,0,0
2025/01/30 05:45,05F0287S,05F0309S,31,89,102
2025/01/30 05:45,05F0287S,05F0309S,32,89,31
2025/01/30 05:45,05F0287S,05F0309S,41,0,0
2025/01/30 05:45,05F0287S,05F0309S,42,0,0
2025/01/30 05:45,05F0287S,05F0309S,5,0,0
2025/01/30 05:45,05F0309S,05F0439S,31,486,66
2025/01/30 05:45,05F0309S,05F0439S,32,502,25
2025/01/30 05:45,05F0309S,05F0439S,41,0,0
2025/01/30 05:45,05F0309S,05F0439S,42,0,0
2025/01/30 05:45,05F0309S,05F0439S,5,0,0
2025/01/30 05:45,05F0439S,05F0494S,31,201,50
2025/01/30 05:45,05F0439S,05F0494S,32,204,12
2025/01/30 05:45,05F0439S,05F0494S,41,0,0
2025/01/30 05:45,05F0439S,05F0494S,42,0,0
2025/01/30 05:45,05F0439S,05F0494S,5,0,0
2025/01/30 05:50,05F0000S,05F0055S,31,286,186
2025/01/30 05:50,05F0000S,05F0055S,32,289,38
2025/01/30 05:50,05F0000S,05F0055S,41,289,1
2025/01/30 05:50,05F0000S,05F0055S,42,0,0
2025/01/30 05:50,05F0000S,05F0055S,5,0,0
2025/01/30 05:50,05F0055S,05F0287S,31,1050,120
2025/01/30 05:50,05F0055S,05F0287S,32,1040,31
2025/01/30 05:50,05F0055S,05F0287S,41,0,0
2025/01/30 05:50,05F0055S,05F0287S,42,0,0
2025/01/30 05:50,05F0055S,05F0287S,5,0,0
2025/01/30 05:50,05F0287S,05F0309S,31,89,93
2025/01/30 05:50,05F0287S,05F0309S,32,89,23
2025/01/30 05:50,05F0287S,05F0309S,41,0,0
2025/01/30 05:50,05F0287S,05F0309S,42,0,0
2025/01/30 05:50,05F0287S,05F0309S,5,0,0
2025/01/30 05:50,05F0309S,05F0439S,31,488,81
2025/01/30 05:50,05F0309S,05F0439S,32,486,29
2025/01/30 05:50,05F0309S,05F0439S,41,0,0
2025/01/30 05:50,05F0309S,05F0439S,42,0,0
2025/01/30 05:50,05F0309S,05F0439S,5,525,1
2025/01/30 05:50,05F0439S,05F0494S,31,200,53
2025/01/30 05:50,05F0439S,05F0494S,32,206,20
2025/01/30 05:50,05F0439S,05F0494S,41,0,0
2025/01/30 05:50,05F0439S,05F0494S,42,0,0
2025/01/30 05:50,05F0439S,05F0494S,5,0,0
2025/01/30 05:55,05F0000S,05F0055S,31,270,167
2025/01/30 05:55,05F0000S,05F0055S,32,269,43
2025/01/30 05:55,05F0000S,05F0055S,41,258,1
2025/01/30 05:55,05F0000S,05F0055S,42,0,0
2025/01/30 05:55,05F0000S,05F0055S,5,0,0
2025/01/30 05:55,05F0055S,05F0287S,31,1049,133
2025/01/30 05:55,05F0055S,05F0287S,32,1041,40
2025/01/30 05:55,05F0055S,05F0287S,41,0,0
2025/01/30 05:55,05F0055S,05F0287S,42,0,0
2025/01/30 05:55,05F0055S,05F0287S,5,0,0
2025/01/30 05:55,05F0287S,05F0309S,31,90,107
2025/01/30 05:55,05F0287S,05F0309S,32,91,34
2025/01/30 05:55,05F0287S,05F0309S,41,0,0
2025/01/30 05:55,05F0287S,05F0309S,42,0,0
2025/01/30 05:55,05F0287S,05F0309S,5,0,0
2025/01/30 05:55,05F0309S,05F0439S,31,475,76
2025/01/30 05:55,05F0309S,05F0439S,32,495,26
2025/01/30 05:55,05F0309S,05F0439S,41,0,0
2025/01/30 05:55,05F0309S,05F0439S,42,0,0
2025/01/30 05:55,05F0309S,05F0439S,5,554,1
2025/01/30 05:55,05F0439S,05F0494S,31,201,56
2025/01/30 05:55,05F0439S,05F0494S,32,205,18
2025/01/30 05:55,05F0439S,05F0494S,41,0,0
2025/01/30 05:55,05F0439S,05F0494S,42,0,0
2025/01/30 05:55,05F0439S,05F0494S,5,220,1
2025/01/30 06:00,05F0000S,05F0055S,31,297,165
2025/01/30 06:00,05F0000S,05F0055S,32,294,55
2025/01/30 06:00,05F0000S,05F0055S,41,0,0
2025/01/30 06:00,05F0000S,05F0055S,42,0,0
2025/01/30 06:00,05F0000S,05F0055S,5,0,0
2025/01/30 06:00,05F0055S,05F0287S,31,1086,138
2025/01/30 06:00,05F0055S,05F0287S,32,1095,38
2025/01/30 06:00,05F0055S,05F0287S,41,0,0
2025/01/30 06:00,05F0055S,05F0287S,42,0,0
2025/01/30 06:00,05F0055S,05F0287S,5,0,0
2025/01/30 06:00,05F0287S,05F0309S,31,89,116
2025/01/30 06:00,05F0287S,05F0309S,32,90,26
2025/01/30 06:00,05F0287S,05F0309S,41,0,0
2025/01/30 06:00,05F0287S,05F0309S,42,0,0
2025/01/30 06:00,05F0287S,05F0309S,5,0,0
2025/01/30 06:00,05F0309S,05F0439S,31,489,66
2025/01/30 06:00,05F0309S,05F0439S,32,501,19
2025/01/30 06:00,05F0309S,05F0439S,41,0,0
2025/01/30 06:00,05F0309S,05F0439S,42,516,1
2025/01/30 06:00,05F0309S,05F0439S,5,0,0
2025/01/30 06:00,05F0439S,05F0494S,31,200,46
2025/01/30 06:00,05F0439S,05F0494S,32,208,10
2025/01/30 06:00,05F0439S,05F0494S,41,0,0
2025/01/30 06:00,05F0439S,05F0494S,42,0,0
2025/01/30 06:00,05F0439S,05F0494S,5,235,1
2025/01/30 06:05,05F0000S,05F0055S,31,325,181
2025/01/30 06:05,05F0000S,05F0055S,32,326,42
2025/01/30 06:05,05F0000S,05F0055S,41,0,0
2025/01/30 06:05,05F0000S,05F0055S,42,0,0
2025/01/30 06:05,05F0000S,05F0055S,5,0,0
2025/01/30 06:05,05F0055S,05F0287S,31,1075,181
2025/01/30 06:05,05F0055S,05F0287S,32,1081,46
2025/01/30 06:05,05F0055S,05F0287S,41,1079,1
2025/01/30 06:05,05F0055S,05F0287S,42,0,0
2025/01/30 06:05,05F0055S,05F0287S,5,0,0
2025/01/30 06:05,05F0287S,05F0309S,31,91,138
2025/01/30 06:05,05F0287S,05F0309S,32,92,35
2025/01/30 06:05,05F0287S,05F0309S,41,0,0
2025/01/30 06:05,05F0287S,05F0309S,42,0,0
2025/01/30 06:05,05F0287S,05F0309S,5,0,0
2025/01/30 06:05,05F0309S,05F0439S,31,499,98
2025/01/30 06:05,05F0309S,05F0439S,32,518,24
2025/01/30 06:05,05F0309S,05F0439S,41,0,0
2025/01/30 06:05,05F0309S,05F0439S,42,0,0
2025/01/30 06:05,05F0309S,05F0439S,5,523,1
2025/01/30 06:05,05F0439S,05F0494S,31,207,43
2025/01/30 06:05,05F0439S,05F0494S,32,207,21
2025/01/30 06:05,05F0439S,05F0494S,41,0,0
2025/01/30 06:05,05F0439S,05F0494S,42,0,0
2025/01/30 06:05,05F0439S,05F0494S,5,0,0
2025/01/30 06:10,05F0000S,05F0055S,31,343,179
2025/01/30 06:10,05F0000S,05F0055S,32,348,39
2025/01/30 06:10,05F0000S,05F0055S,41,361,1
2025/01/30 06:10,05F0000S,05F0055S,42,0,0
2025/01/30 06:10,05F0000S,05F0055S,5,0,0
2025/01/30 06:10,05F0055S,05F0287S,31,1078,169
2025/01/30 06:10,05F0055S,05F0287S,32,1077,32
2025/01/30 06:10,05F0055S,05F0287S,41,0,0
2025/01/30 06:10,05F0055S,05F0287S,42,0,0
2025/01/30 06:10,05F0055S,05F0287S,5,0,0
2025/01/30 06:10,05F0287S,05F0309S,31,91,136
2025/01/30 06:10,05F0287S,05F0309S,32,90,28
2025/01/30 06:10,05F0287S,05F0309S,41,0,0
2025/01/30 06:10,05F0287S,05F0309S,42,0,0
2025/01/30 06:10,05F0287S,05F0309S,5,0,0
2025/01/30 06:10,05F0309S,05F0439S,31,501,78
2025/01/30 06:10,05F0309S,05F0439S,32,507,24
2025/01/30 06:10,05F0309S,05F0439S,41,0,0
2025/01/30 06:10,05F0309S,05F0439S,42,0,0
2025/01/30 06:10,05F0309S,05F0439S,5,515,1
2025/01/30 06:10,05F0439S,05F0494S,31,201,63
2025/01/30 06:10,05F0439S,05F0494S,32,212,12
2025/01/30 06:10,05F0439S,05F0494S,41,0,0
2025/01/30 06:10,05F0439S,05F0494S,42,0,0
2025/01/30 06:10,05F0439S,05F0494S,5,0,0
2025/01/30 06:15,05F0000S,05F0055S,31,330,171
2025/01/30 06:15,05F0000S,05F0055S,32,331,48
2025/01/30 06:15,05F0000S,05F0055S,41,0,0
2025/01/30 06:15,05F0000S,05F0055S,42,0,0
2025/01/30 06:15,05F0000S,05F0055S,5,0,0
2025/01/30 06:15,05F0055S,05F0287S,31,1072,166
2025/01/30 06:15,05F0055S,05F0287S,32,1071,62
2025/01/30 06:15,05F0055S,05F0287S,41,1067,1
2025/01/30 06:15,05F0055S,05F0287S,42,0,0
2025/01/30 06:15,05F0055S,05F0287S,5,0,0
2025/01/30 06:15,05F0287S,05F0309S,31,90,136
2025/01/30 06:15,05F0287S,05F0309S,32,91,34
2025/01/30 06:15,05F0287S,05F0309S,41,93,1
2025/01/30 06:15,05F0287S,05F0309S,42,0,0
2025/01/30 06:15,05F0287S,05F0309S,5,0,0
2025/01/30 06:15,05F0309S,05F0439S,31,501,111
2025/01/30 06:15,05F0309S,05F0439S,32,505,24
2025/01/30 06:15,05F0309S,05F0439S,41,0,0
2025/01/30 06:15,05F0309S,05F0439S,42,0,0
2025/01/30 06:15,05F0309S,05F0439S,5,0,0
2025/01/30 06:15,05F0439S,05F0494S,31,199,51
2025/01/30 06:15,05F0439S,05F0494S,32,200,11
2025/01/30 06:15,05F0439S,05F0494S,41,0,0
2025/01/30 06:15,05F0439S,05F0494S,42,0,0
2025/01/30 06:15,05F0439S,05F0494S,5,0,0
2025/01/30 06:20,05F0000S,05F0055S,31,306,190
2025/01/30 06:20,05F0000S,05F0055S,32,303,45
2025/01/30 06:20,05F0000S,05F0055S,41,272,1
2025/01/30 06:20,05F0000S,05F0055S,42,0,0
2025/01/30 06:20,05F0000S,05F0055S,5,0,0
2025/01/30 06:20,05F0055S,05F0287S,31,1070,153
2025/01/30 06:20,05F0055S,05F0287S,32,1068,35
2025/01/30 06:20,05F0055S,05F0287S,41,0,0
2025/01/30 06:20,05F0055S,05F0287S,42,0,0
2025/01/30 06:20,05F0055S,05F0287S,5,0,0
2025/01/30 06:20,05F0287S,05F0309S,31,89,122
2025/01/30 06:20,05F0287S,05F0309S,32,89,36
2025/01/30 06:20,05F0287S,05F0309S,41,0,0
2025/01/30 06:20,05F0287S,05F0309S,42,0,0
2025/01/30 06:20,05F0287S,05F0309S,5,0,0
2025/01/30 06:20,05F0309S,05F0439S,31,499,100
2025/01/30 06:20,05F0309S,05F0439S,32,516,18
2025/01/30 06:20,05F0309S,05F0439S,41,0,0
2025/01/30 06:20,05F0309S,05F0439S,42,0,0
2025/01/30 06:20,05F0309S,05F0439S,5,547,1
2025/01/30 06:20,05F0439S,05F0494S,31,203,67
2025/01/30 06:20,05F0439S,05F0494S,32,211,15
2025/01/30 06:20,05F0439S,05F0494S,41,0,0
2025/01/30 06:20,05F0439S,05F0494S,42,0,0
2025/01/30 06:20,05F0439S,05F0494S,5,0,0
2025/01/30 06:25,05F0000S,05F0055S,31,274,163
2025/01/30 06:25,05F0000S,05F0055S,32,274,41
2025/01/30 06:25,05F0000S,05F0055S,41,266,1
2025/01/30 06:25,05F0000S,05F0055S,42,0,0
2025/01/30 06:25,05F0000S,05F0055S,5,0,0
2025/01/30 06:25,05F0055S,05F0287S,31,1149,144
2025/01/30 06:25,05F0055S,05F0287S,32,1160,34
2025/01/30 06:25,05F0055S,05F0287S,41,0,0
2025/01/30 06:25,05F0055S,05F0287S,42,0,0
2025/01/30 06:25,05F0055S,05F0287S,5,0,0
2025/01/30 06:25,05F0287S,05F0309S,31,88,104
2025/01/30 06:25,05F0287S,05F0309S,32,90,23
2025/01/30 06:25,05F0287S,05F0309S,41,0,0
2025/01/30 06:25,05F0287S,05F0309S,42,0,0
2025/01/30 06:25,05F0287S,05F0309S,5,0,0
2025/01/30 06:25,05F0309S,05F0439S,31,488,110
2025/01/30 06:25,05F0309S,05F0439S,32,493,23
2025/01/30 06:25,05F0309S,05F0439S,41,0,0
2025/01/30 06:25,05F0309S,05F0439S,42,0,0
2025/01/30 06:25,05F0309S,05F0439S,5,529,1
2025/01/30 06:25,05F0439S,05F0494S,31,203,69
2025/01/30 06:25,05F0439S,05F0494S,32,206,10
2025/01/30 06:25,05F0439S,05F0494S,41,0,0
2025/01/30 06:25,05F0439S,05F0494S,42,0,0
2025/01/30 06:25,05F0439S,05F0494S,5,232,1
2025/01/30 06:30,05F0000S,05F0055S,31,276,166
2025/01/30 06:30,05F0000S,05F0055S,32,277,47
2025/01/30 06:30,05F0000S,05F0055S,41,0,0
2025/01/30 06:30,05F0000S,05F0055S,42,0,0
2025/01/30 06:30,05F0000S,05F0055S,5,0,0
2025/01/30 06:30,05F0055S,05F0287S,31,1149,185
2025/01/30 06:30,05F0055S,05F0287S,32,1146,48
2025/01/30 06:30,05F0055S,05F0287S,41,1165,1
2025/01/30 06:30,05F0055S,05F0287S,42,0,0
2025/01/30 06:30,05F0055S,05F0287S,5,0,0
2025/01/30 06:30,05F0287S,05F0309S,31,89,129
2025/01/30 06:30,05F0287S,05F0309S,32,88,31
2025/01/30 06:30,05F0287S,05F0309S,41,94,1
2025/01/30 06:30,05F0287S,05F0309S,42,0,0
2025/01/30 06:30,05F0287S,05F0309S,5,0,0
2025/01/30 06:30,05F0309S,05F0439S,31,489,96
2025/01/30 06:30,05F0309S,05F0439S,32,479,26
2025/01/30 06:30,05F0309S,05F0439S,41,0,0
2025/01/30 06:30,05F0309S,05F0439S,42,461,1
2025/01/30 06:30,05F0309S,05F0439S,5,0,0
2025/01/30 06:30,05F0439S,05F0494S,31,207,54
2025/01/30 06:30,05F0439S,05F0494S,32,209,15
2025/01/30 06:30,05F0439S,05F0494S,41,0,0
2025/01/30 06:30,05F0439S,05F0494S,42,0,0
2025/01/30 06:30,05F0439S,05F0494S,5,224,1
2025/01/30 06:35,05F0000S,05F0055S,31,269,174
2025/01/30 06:35,05F0000S,05F0055S,32,265,40
2025/01/30 06:35,05F0000S,05F0055S,41,0,0
2025/01/30 06:35,05F0000S,05F0055S,42,0,0
2025/01/30 06:35,05F0000S,05F0055S,5,0,0
2025/01/30 06:35,05F0055S,05F0287S,31,1117,188
2025/01/30 06:35,05F0055S,05F0287S,32,1124,43
2025/01/30 06:35,05F0055S,05F0287S,41,0,0
2025/01/30 06:35,05F0055S,05F0287S,42,0,0
2025/01/30 06:35,05F0055S,05F0287S,5,0,0
2025/01/30 06:35,05F0287S,05F0309S,31,91,132
2025/01/30 06:35,05F0287S,05F0309S,32,91,36
2025/01/30 06:35,05F0287S,05F0309S,41,0,0
2025/01/30 06:35,05F0287S,05F0309S,42,0,0
2025/01/30 06:35,05F0287S,05F0309S,5,0,0
2025/01/30 06:35,05F0309S,05F0439S,31,484,77
2025/01/30 06:35,05F0309S,05F0439S,32,487,21
2025/01/30 06:35,05F0309S,05F0439S,41,0,0
2025/01/30 06:35,05F0309S,05F0439S,42,495,1
2025/01/30 06:35,05F0309S,05F0439S,5,0,0
2025/01/30 06:35,05F0439S,05F0494S,31,201,52
2025/01/30 06:35,05F0439S,05F0494S,32,199,14
2025/01/30 06:35,05F0439S,05F0494S,41,0,0
2025/01/30 06:35,05F0439S,05F0494S,42,175,1
2025/01/30 06:35,05F0439S,05F0494S,5,0,0
2025/01/30 06:40,05F0000S,05F0055S,31,271,170
2025/01/30 06:40,05F0000S,05F0055S,32,274,40
2025/01/30 06:40,05F0000S,05F0055S,41,277,2
2025/01/30 06:40,05F0000S,05F0055S,42,0,0
2025/01/30 06:40,05F0000S,05F0055S,5,0,0
2025/01/30 06:40,05F0055S,05F0287S,31,1108,172
2025/01/30 06:40,05F0055S,05F0287S,32,1108,44
2025/01/30 06:40,05F0055S,05F0287S,41,1099,2
2025/01/30 06:40,05F0055S,05F0287S,42,0,0
2025/01/30 06:40,05F0055S,05F0287S,5,0,0
2025/01/30 06:40,05F0287S,05F0309S,31,90,130
2025/01/30 06:40,05F0287S,05F0309S,32,89,27
2025/01/30 06:40,05F0287S,05F0309S,41,95,1
2025/01/30 06:40,05F0287S,05F0309S,42,0,0
2025/01/30 06:40,05F0287S,05F0309S,5,0,0
2025/01/30 06:40,05F0309S,05F0439S,31,500,81
2025/01/30 06:40,05F0309S,05F0439S,32,525,15
2025/01/30 06:40,05F0309S,05F0439S,41,545,1
2025/01/30 06:40,05F0309S,05F0439S,42,0,0
2025/01/30 06:40,05F0309S,05F0439S,5,0,0
2025/01/30 06:40,05F0439S,05F0494S,31,199,53
2025/01/30 06:40,05F0439S,05F0494S,32,202,13
2025/01/30 06:40,05F0439S,05F0494S,41,0,0
2025/01/30 06:40,05F0439S,05F0494S,42,0,0
2025/01/30 06:40,05F0439S,05F0494S,5,0,0
2025/01/30 06:45,05F0000S,05F0055S,31,279,176
2025/01/30 06:45,05F0000S,05F0055S,32,279,31
2025/01/30 06:45,05F0000S,05F0055S,41,280,3
2025/01/30 06:45,05F0000S,05F0055S,42,0,0
2025/01/30 06:45,05F0000S,05F0055S,5,0,0
2025/01/30 06:45,05F0055S,05F0287S,31,1098,175
2025/01/30 06:45,05F0055S,05F0287S,32,1098,52
2025/01/30 06:45,05F0055S,05F0287S,41,1085,1
2025/01/30 06:45,05F0055S,05F0287S,42,0,0
2025/01/30 06:45,05F0055S,05F0287S,5,0,0
2025/01/30 06:45,05F0287S,05F0309S,31,91,137
2025/01/30 06:45,05F0287S,05F0309S,32,92,39
2025/01/30 06:45,05F0287S,05F0309S,41,0,0
2025/01/30 06:45,05F0287S,05F0309S,42,0,0
2025/01/30 06:45,05F0287S,05F0309S,5,0,0
2025/01/30 06:45,05F0309S,05F0439S,31,497,104
2025/01/30 06:45,05F0309S,05F0439S,32,488,27
2025/01/30 06:45,05F0309S,05F0439S,41,0,0
2025/01/30 06:45,05F0309S,05F0439S,42,0,0
2025/01/30 06:45,05F0309S,05F0439S,5,0,0
2025/01/30 06:45,05F0439S,05F0494S,31,202,52
2025/01/30 06:45,05F0439S,05F0494S,32,198,14
2025/01/30 06:45,05F0439S,05F0494S,41,0,0
2025/01/30 06:45,05F0439S,05F0494S,42,0,0
2025/01/30 06:45,05F0439S,05F0494S,5,0,0
2025/01/30 06:50,05F0000S,05F0055S,31,297,178
2025/01/30 06:50,05F0000S,05F0055S,32,298,29
2025/01/30 06:50,05F0000S,05F0055S,41,0,0
2025/01/30 06:50,05F0000S,05F0055S,42,0,0
2025/01/30 06:50,05F0000S,05F0055S,5,0,0
2025/01/30 06:50,05F0055S,05F0287S,31,1072,183
2025/01/30 06:50,05F0055S,05F0287S,32,1080,48
2025/01/30 06:50,05F0055S,05F0287S,41,1086,2
2025/01/30 06:50,05F0055S,05F0287S,42,0,0
2025/01/30 06:50,05F0055S,05F0287S,5,0,0
2025/01/30 06:50,05F0287S,05F0309S,31,89,135
2025/01/30 06:50,05F0287S,05F0309S,32,92,33
2025/01/30 06:50,05F0287S,05F0309S,41,0,0
2025/01/30 06:50,05F0287S,05F0309S,42,0,0
2025/01/30 06:50,05F0287S,05F0309S,5,0,0
2025/01/30 06:50,05F0309S,05F0439S,31,484,93
2025/01/30 06:50,05F0309S,05F0439S,32,486,23
2025/01/30 06:50,05F0309S,05F0439S,41,534,1
2025/01/30 06:50,05F0309S,05F0439S,42,0,0
2025/01/30 06:50,05F0309S,05F0439S,5,0,0
2025/01/30 06:50,05F0439S,05F0494S,31,194,42
2025/01/30 06:50,05F0439S,05F0494S,32,194,12
2025/01/30 06:50,05F0439S,05F0494S,41,0,0
2025/01/30 06:50,05F0439S,05F0494S,42,0,0
2025/01/30 06:50,05F0439S,05F0494S,5,0,0
2025/01/30 06:55,05F0000S,05F0055S,31,289,166
2025/01/30 06:55,05F0000S,05F0055S,32,290,52
2025/01/30 06:55,05F0000S,05F0055S,41,287,1
2025/01/30 06:55,05F0000S,05F0055S,42,0,0
2025/01/30 06:55,05F0000S,05F0055S,5,0,0
2025/01/30 06:55,05F0055S,05F0287S,31,1056,174
2025/01/30 06:55,05F0055S,05F0287S,32,1060,36
2025/01/30 06:55,05F0055S,05F0287S,41,1035,1
2025/01/30 06:55,05F0055S,05F0287S,42,0,0
2025/01/30 06:55,05F0055S,05F0287S,5,0,0
2025/01/30 06:55,05F0287S,05F0309S,31,90,141
2025/01/30 06:55,05F0287S,05F0309S,32,88,34
2025/01/30 06:55,05F0287S,05F0309S,41,82,2
2025/01/30 06:55,05F0287S,05F0309S,42,0,0
2025/01/30 06:55,05F0287S,05F0309S,5,0,0
2025/01/30 06:55,05F0309S,05F0439S,31,493,103
2025/01/30 06:55,05F0309S,05F0439S,32,502,29
2025/01/30 06:55,05F0309S,05F0439S,41,0,0
2025/01/30 06:55,05F0309S,05F0439S,42,0,0
2025/01/30 06:55,05F0309S,05F0439S,5,0,0
2025/01/30 06:55,05F0439S,05F0494S,31,201,50
2025/01/30 06:55,05F0439S,05F0494S,32,201,14
2025/01/30 06:55,05F0439S,05F0494S,41,0,0
2025/01/30 06:55,05F0439S,05F0494S,42,0,0
2025/01/30 06:55,05F0439S,05F0494S,5,0,0
2025/01/30 07:00,05F0000S,05F0055S,31,281,176
2025/01/30 07:00,05F0000S,05F0055S,32,282,40
2025/01/30 07:00,05F0000S,05F0055S,41,0,0
2025/01/30 07:00,05F0000S,05F0055S,42,267,1
2025/01/30 07:00,05F0000S,05F0055S,5,0,0
2025/01/30 07:00,05F0055S,05F0287S,31,1058,169
2025/01/30 07:00,05F0055S,05F0287S,32,1056,42
2025/01/30 07:00,05F0055S,05F0287S,41,1082,1
2025/01/30 07:00,05F0055S,05F0287S,42,0,0
2025/01/30 07:00,05F0055S,05F0287S,5,0,0
2025/01/30 07:00,05F0287S,05F0309S,31,87,130
2025/01/30 07:00,05F0287S,05F0309S,32,87,27
2025/01/30 07:00,05F0287S,05F0309S,41,96,1
2025/01/30 07:00,05F0287S,05F0309S,42,0,0
2025/01/30 07:00,05F0287S,05F0309S,5,0,0
2025/01/30 07:00,05F0309S,05F0439S,31,478,80
2025/01/30 07:00,05F0309S,05F0439S,32,487,26
2025/01/30 07:00,05F0309S,05F0439S,41,479,1
2025/01/30 07:00,05F0309S,05F0439S,42,0,0
2025/01/30 07:00,05F0309S,05F0439S,5,0,0
2025/01/30 07:00,05F0439S,05F0494S,31,198,52
2025/01/30 07:00,05F0439S,05F0494S,32,195,23
2025/01/30 07:00,05F0439S,05F0494S,41,0,0
2025/01/30 07:00,05F0439S,05F0494S,42,0,0
2025/01/30 07:00,05F0439S,05F0494S,5,0,0
2025/01/30 07:05,05F0000S,05F0055S,31,292,178
2025/01/30 07:05,05F0000S,05F0055S,32,295,35
2025/01/30 07:05,05F0000S,05F0055S,41,293,1
2025/01/30 07:05,05F0000S,05F0055S,42,0,0
2025/01/30 07:05,05F0000S,05F0055S,5,0,0
2025/01/30 07:05,05F0055S,05F0287S,31,1059,166
2025/01/30 07:05,05F0055S,05F0287S,32,1064,28
2025/01/30 07:05,05F0055S,05F0287S,41,1091,4
2025/01/30 07:05,05F0055S,05F0287S,42,0,0
2025/01/30 07:05,05F0055S,05F0287S,5,0,0
2025/01/30 07:05,05F0287S,05F0309S,31,86,126
2025/01/30 07:05,05F0287S,05F0309S,32,87,31
2025/01/30 07:05,05F0287S,05F0309S,41,97,3
2025/01/30 07:05,05F0287S,05F0309S,42,0,0
2025/01/30 07:05,05F0287S,05F0309S,5,0,0
2025/01/30 07:05,05F0309S,05F0439S,31,491,114
2025/01/30 07:05,05F0309S,05F0439S,32,476,25
2025/01/30 07:05,05F0309S,05F0439S,41,0,0
2025/01/30 07:05,05F0309S,05F0439S,42,0,0
2025/01/30 07:05,05F0309S,05F0439S,5,521,2
2025/01/30 07:05,05F0439S,05F0494S,31,197,41
2025/01/30 07:05,05F0439S,05F0494S,32,205,15
2025/01/30 07:05,05F0439S,05F0494S,41,0,0
2025/01/30 07:05,05F0439S,05F0494S,42,0,0
2025/01/30 07:05,05F0439S,05F0494S,5,0,0
2025/01/30 07:10,05F0000S,05F0055S,31,292,173
2025/01/30 07:10,05F0000S,05F0055S,32,290,46
2025/01/30 07:10,05F0000S,05F0055S,41,0,0
2025/01/30 07:10,05F0000S,05F0055S,42,0,0
2025/01/30 07:10,05F0000S,05F0055S,5,0,0
2025/01/30 07:10,05F0055S,05F0287S,31,1060,166
2025/01/30 07:10,05F0055S,05F0287S,32,1062,31
2025/01/30 07:10,05F0055S,05F0287S,41,1087,1
2025/01/30 07:10,05F0055S,05F0287S,42,0,0
2025/01/30 07:10,05F0055S,05F0287S,5,0,0
2025/01/30 07:10,05F0287S,05F0309S,31,85,124
2025/01/30 07:10,05F0287S,05F0309S,32,87,17
2025/01/30 07:10,05F0287S,05F0309S,41,94,2
2025/01/30 07:10,05F0287S,05F0309S,42,0,0
2025/01/30 07:10,05F0287S,05F0309S,5,0,0
2025/01/30 07:10,05F0309S,05F0439S,31,486,101
2025/01/30 07:10,05F0309S,05F0439S,32,484,20
2025/01/30 07:10,05F0309S,05F0439S,41,536,1
2025/01/30 07:10,05F0309S,05F0439S,42,0,0
2025/01/30 07:10,05F0309S,05F0439S,5,0,0
2025/01/30 07:10,05F0439S,05F0494S,31,196,55
2025/01/30 07:10,05F0439S,05F0494S,32,195,12
2025/01/30 07:10,05F0439S,05F0494S,41,0,0
2025/01/30 07:10,05F0439S,05F0494S,42,0,0
2025/01/30 07:10,05F0439S,05F0494S,5,207,1
2025/01/30 07:15,05F0000S,05F0055S,31,280,182
2025/01/30 07:15,05F0000S,05F0055S,32,280,40
2025/01/30 07:15,05F0000S,05F0055S,41,0,0
2025/01/30 07:15,05F0000S,05F0055S,42,0,0
2025/01/30 07:15,05F0000S,05F0055S,5,0,0
2025/01/30 07:15,05F0055S,05F0287S,31,1098,143
2025/01/30 07:15,05F0055S,05F0287S,32,1096,43
2025/01/30 07:15,05F0055S,05F0287S,41,1100,1
2025/01/30 07:15,05F0055S,05F0287S,42,0,0
2025/01/30 07:15,05F0055S,05F0287S,5,0,0
2025/01/30 07:15,05F0287S,05F0309S,31,85,96
2025/01/30 07:15,05F0287S,05F0309S,32,89,32
2025/01/30 07:15,05F0287S,05F0309S,41,0,0
2025/01/30 07:15,05F0287S,05F0309S,42,0,0
2025/01/30 07:15,05F0287S,05F0309S,5,0,0
2025/01/30 07:15,05F0309S,05F0439S,31,480,88
2025/01/30 07:15,05F0309S,05F0439S,32,493,17
2025/01/30 07:15,05F0309S,05F0439S,41,536,4
2025/01/30 07:15,05F0309S,05F0439S,42,534,1
2025/01/30 07:15,05F0309S,05F0439S,5,558,1
2025/01/30 07:15,05F0439S,05F0494S,31,193,48
2025/01/30 07:15,05F0439S,05F0494S,32,202,14
2025/01/30 07:15,05F0439S,05F0494S,41,229,1
2025/01/30 07:15,05F0439S,05F0494S,42,0,0
2025/01/30 07:15,05F0439S,05F0494S,5,0,0
2025/01/30 07:20,05F0000S,05F0055S,31,287,168
2025/01/30 07:20,05F0000S,05F0055S,32,287,43
2025/01/30 07:20,05F0000S,05F0055S,41,286,4
2025/01/30 07:20,05F0000S,05F0055S,42,0,0
2025/01/30 07:20,05F0000S,05F0055S,5,0,0
2025/01/30 07:20,05F0055S,05F0287S,31,1108,177
2025/01/30 07:20,05F0055S,05F0287S,32,1105,35
2025/01/30 07:20,05F0055S,05F0287S,41,0,0
2025/01/30 07:20,05F0055S,05F0287S,42,0,0
2025/01/30 07:20,05F0055S,05F0287S,5,0,0
2025/01/30 07:20,05F0287S,05F0309S,31,87,128
2025/01/30 07:20,05F0287S,05F0309S,32,88,31
2025/01/30 07:20,05F0287S,05F0309S,41,0,0
2025/01/30 07:20,05F0287S,05F0309S,42,0,0
2025/01/30 07:20,05F0287S,05F0309S,5,0,0
2025/01/30 07:20,05F0309S,05F0439S,31,484,78
2025/01/30 07:20,05F0309S,05F0439S,32,498,9
2025/01/30 07:20,05F0309S,05F0439S,41,0,0
2025/01/30 07:20,05F0309S,05F0439S,42,0,0
2025/01/30 07:20,05F0309S,05F0439S,5,0,0
2025/01/30 07:20,05F0439S,05F0494S,31,194,56
2025/01/30 07:20,05F0439S,05F0494S,32,208,9
2025/01/30 07:20,05F0439S,05F0494S,41,227,1
2025/01/30 07:20,05F0439S,05F0494S,42,0,0
2025/01/30 07:20,05F0439S,05F0494S,5,231,1
2025/01/30 07:25,05F0000S,05F0055S,31,304,188
2025/01/30 07:25,05F0000S,05F0055S,32,306,37
2025/01/30 07:25,05F0000S,05F0055S,41,309,3
2025/01/30 07:25,05F0000S,05F0055S,42,0,0
2025/01/30 07:25,05F0000S,05F0055S,5,0,0
2025/01/30 07:25,05F0055S,05F0287S,31,1124,169
2025/01/30 07:25,05F0055S,05F0287S,32,1126,37
2025/01/30 07:25,05F0055S,05F0287S,41,1125,3
2025/01/30 07:25,05F0055S,05F0287S,42,0,0
2025/01/30 07:25,05F0055S,05F0287S,5,0,0
2025/01/30 07:25,05F0287S,05F0309S,31,88,113
2025/01/30 07:25,05F0287S,05F0309S,32,88,22
2025/01/30 07:25,05F0287S,05F0309S,41,97,2
2025/01/30 07:25,05F0287S,05F0309S,42,0,0
2025/01/30 07:25,05F0287S,05F0309S,5,0,0
2025/01/30 07:25,05F0309S,05F0439S,31,476,83
2025/01/30 07:25,05F0309S,05F0439S,32,503,24
2025/01/30 07:25,05F0309S,05F0439S,41,0,0
2025/01/30 07:25,05F0309S,05F0439S,42,0,0
2025/01/30 07:25,05F0309S,05F0439S,5,0,0
2025/01/30 07:25,05F0439S,05F0494S,31,198,42
2025/01/30 07:25,05F0439S,05F0494S,32,208,11
2025/01/30 07:25,05F0439S,05F0494S,41,0,0
2025/01/30 07:25,05F0439S,05F0494S,42,0,0
2025/01/30 07:25,05F0439S,05F0494S,5,0,0
2025/01/30 07:30,05F0000S,05F0055S,31,310,180
2025/01/30 07:30,05F0000S,05F0055S,32,310,29
2025/01/30 07:30,05F0000S,05F0055S,41,0,0
2025/01/30 07:30,05F0000S,05F0055S,42,0,0
2025/01/30 07:30,05F0000S,05F0055S,5,0,0
2025/01/30 07:30,05F0055S,05F0287S,31,1133,171
2025/01/30 07:30,05F0055S,05F0287S,32,1139,48
2025/01/30 07:30,05F0055S,05F0287S,41,1140,1
2025/01/30 07:30,05F0055S,05F0287S,42,0,0
2025/01/30 07:30,05F0055S,05F0287S,5,0,0
2025/01/30 07:30,05F0287S,05F0309S,31,89,132
2025/01/30 07:30,05F0287S,05F0309S,32,91,28
2025/01/30 07:30,05F0287S,05F0309S,41,0,0
2025/01/30 07:30,05F0287S,05F0309S,42,0,0
2025/01/30 07:30,05F0287S,05F0309S,5,0,0
2025/01/30 07:30,05F0309S,05F0439S,31,482,89
2025/01/30 07:30,05F0309S,05F0439S,32,491,16
2025/01/30 07:30,05F0309S,05F0439S,41,0,0
2025/01/30 07:30,05F0309S,05F0439S,42,0,0
2025/01/30 07:30,05F0309S,05F0439S,5,0,0
2025/01/30 07:30,05F0439S,05F0494S,31,199,55
2025/01/30 07:30,05F0439S,05F0494S,32,200,9
2025/01/30 07:30,05F0439S,05F0494S,41,0,0
2025/01/30 07:30,05F0439S,05F0494S,42,0,0
2025/01/30 07:30,05F0439S,05F0494S,5,0,0
2025/01/30 07:35,05F0000S,05F0055S,31,321,168
2025/01/30 07:35,05F0000S,05F0055S,32,320,42
2025/01/30 07:35,05F0000S,05F0055S,41,331,2
2025/01/30 07:35,05F0000S,05F0055S,42,0,0
2025/01/30 07:35,05F0000S,05F0055S,5,0,0
2025/01/30 07:35,05F0055S,05F0287S,31,1131,172
2025/01/30 07:35,05F0055S,05F0287S,32,1127,39
2025/01/30 07:35,05F0055S,05F0287S,41,1161,3
2025/01/30 07:35,05F0055S,05F0287S,42,0,0
2025/01/30 07:35,05F0055S,05F0287S,5,0,0
2025/01/30 07:35,05F0287S,05F0309S,31,87,126
2025/01/30 07:35,05F0287S,05F0309S,32,89,33
2025/01/30 07:35,05F0287S,05F0309S,41,93,2
2025/01/30 07:35,05F0287S,05F0309S,42,0,0
2025/01/30 07:35,05F0287S,05F0309S,5,0,0
2025/01/30 07:35,05F0309S,05F0439S,31,488,80
2025/01/30 07:35,05F0309S,05F0439S,32,494,16
2025/01/30 07:35,05F0309S,05F0439S,41,544,1
2025/01/30 07:35,05F0309S,05F0439S,42,0,0
2025/01/30 07:35,05F0309S,05F0439S,5,510,1
2025/01/30 07:35,05F0439S,05F0494S,31,199,54
2025/01/30 07:35,05F0439S,05F0494S,32,200,13
2025/01/30 07:35,05F0439S,05F0494S,41,0,0
2025/01/30 07:35,05F0439S,05F0494S,42,0,0
2025/01/30 07:35,05F0439S,05F0494S,5,0,0
2025/01/30 07:40,05F0000S,05F0055S,31,324,174
2025/01/30 07:40,05F0000S,05F0055S,32,324,44
2025/01/30 07:40,05F0000S,05F0055S,41,320,3
2025/01/30 07:40,05F0000S,05F0055S,42,0,0
2025/01/30 07:40,05F0000S,05F0055S,5,0,0
2025/01/30 07:40,05F0055S,05F0287S,31,1136,169
2025/01/30 07:40,05F0055S,05F0287S,32,1136,40
2025/01/30 07:40,05F0055S,05F0287S,41,1162,2
2025/01/30 07:40,05F0055S,05F0287S,42,0,0
2025/01/30 07:40,05F0055S,05F0287S,5,0,0
2025/01/30 07:40,05F0287S,05F0309S,31,87,135
2025/01/30 07:40,05F0287S,05F0309S,32,88,29
2025/01/30 07:40,05F0287S,05F0309S,41,96,2
2025/01/30 07:40,05F0287S,05F0309S,42,0,0
2025/01/30 07:40,05F0287S,05F0309S,5,0,0
2025/01/30 07:40,05F0309S,05F0439S,31,483,103
2025/01/30 07:40,05F0309S,05F0439S,32,489,25
2025/01/30 07:40,05F0309S,05F0439S,41,0,0
2025/01/30 07:40,05F0309S,05F0439S,42,0,0
2025/01/30 07:40,05F0309S,05F0439S,5,0,0
2025/01/30 07:40,05F0439S,05F0494S,31,204,35
2025/01/30 07:40,05F0439S,05F0494S,32,213,10
2025/01/30 07:40,05F0439S,05F0494S,41,0,0
2025/01/30 07:40,05F0439S,05F0494S,42,0,0
2025/01/30 07:40,05F0439S,05F0494S,5,216,1
2025/01/30 07:45,05F0000S,05F0055S,31,321,159
2025/01/30 07:45,05F0000S,05F0055S,32,319,45
2025/01/30 07:45,05F0000S,05F0055S,41,0,0
2025/01/30 07:45,05F0000S,05F0055S,42,0,0
2025/01/30 07:45,05F0000S,05F0055S,5,0,0
2025/01/30 07:45,05F0055S,05F0287S,31,1152,174
2025/01/30 07:45,05F0055S,05F0287S,32,1150,32
2025/01/30 07:45,05F0055S,05F0287S,41,1098,3
2025/01/30 07:45,05F0055S,05F0287S,42,0,0
2025/01/30 07:45,05F0055S,05F0287S,5,0,0
2025/01/30 07:45,05F0287S,05F0309S,31,89,133
2025/01/30 07:45,05F0287S,05F0309S,32,89,28
2025/01/30 07:45,05F0287S,05F0309S,41,91,3
2025/01/30 07:45,05F0287S,05F0309S,42,0,0
2025/01/30 07:45,05F0287S,05F0309S,5,0,0
2025/01/30 07:45,05F0309S,05F0439S,31,485,110
2025/01/30 07:45,05F0309S,05F0439S,32,471,26
2025/01/30 07:45,05F0309S,05F0439S,41,527,1
2025/01/30 07:45,05F0309S,05F0439S,42,0,0
2025/01/30 07:45,05F0309S,05F0439S,5,0,0
2025/01/30 07:45,05F0439S,05F0494S,31,197,50
2025/01/30 07:45,05F0439S,05F0494S,32,200,17
2025/01/30 07:45,05F0439S,05F0494S,41,0,0
2025/01/30 07:45,05F0439S,05F0494S,42,0,0
2025/01/30 07:45,05F0439S,05F0494S,5,0,0
2025/01/30 07:50,05F0000S,05F0055S,31,342,177
2025/01/30 07:50,05F0000S,05F0055S,32,340,44
2025/01/30 07:50,05F0000S,05F0055S,41,341,3
2025/01/30 07:50,05F0000S,05F0055S,42,0,0
2025/01/30 07:50,05F0000S,05F0055S,5,0,0
2025/01/30 07:50,05F0055S,05F0287S,31,1162,174
2025/01/30 07:50,05F0055S,05F0287S,32,1162,31
2025/01/30 07:50,05F0055S,05F0287S,41,1404,2
2025/01/30 07:50,05F0055S,05F0287S,42,0,0
2025/01/30 07:50,05F0055S,05F0287S,5,0,0
2025/01/30 07:50,05F0287S,05F0309S,31,87,131
2025/01/30 07:50,05F0287S,05F0309S,32,86,25
2025/01/30 07:50,05F0287S,05F0309S,41,93,1
2025/01/30 07:50,05F0287S,05F0309S,42,0,0
2025/01/30 07:50,05F0287S,05F0309S,5,0,0
2025/01/30 07:50,05F0309S,05F0439S,31,494,83
2025/01/30 07:50,05F0309S,05F0439S,32,494,16
2025/01/30 07:50,05F0309S,05F0439S,41,0,0
2025/01/30 07:50,05F0309S,05F0439S,42,0,0
2025/01/30 07:50,05F0309S,05F0439S,5,0,0
2025/01/30 07:50,05F0439S,05F0494S,31,198,51
2025/01/30 07:50,05F0439S,05F0494S,32,203,13
2025/01/30 07:50,05F0439S,05F0494S,41,0,0
2025/01/30 07:50,05F0439S,05F0494S,42,0,0
2025/01/30 07:50,05F0439S,05F0494S,5,0,0
2025/01/30 07:55,05F0000S,05F0055S,31,371,146
2025/01/30 07:55,05F0000S,05F0055S,32,366,48
2025/01/30 07:55,05F0000S,05F0055S,41,333,5
2025/01/30 07:55,05F0000S,05F0055S,42,0,0
2025/01/30 07:55,05F0000S,05F0055S,5,0,0
2025/01/30 07:55,05F0055S,05F0287S,31,1170,176
2025/01/30 07:55,05F0055S,05F0287S,32,1170,39
2025/01/30 07:55,05F0055S,05F0287S,41,1154,3
2025/01/30 07:55,05F0055S,05F0287S,42,0,0
2025/01/30 07:55,05F0055S,05F0287S,5,0,0
2025/01/30 07:55,05F0287S,05F0309S,31,86,112
2025/01/30 07:55,05F0287S,05F0309S,32,85,28
2025/01/30 07:55,05F0287S,05F0309S,41,93,2
2025/01/30 07:55,05F0287S,05F0309S,42,0,0
2025/01/30 07:55,05F0287S,05F0309S,5,0,0
2025/01/30 07:55,05F0309S,05F0439S,31,493,108
2025/01/30 07:55,05F0309S,05F0439S,32,511,31
2025/01/30 07:55,05F0309S,05F0439S,41,516,2
2025/01/30 07:55,05F0309S,05F0439S,42,0,0
2025/01/30 07:55,05F0309S,05F0439S,5,533,1
2025/01/30 07:55,05F0439S,05F0494S,31,211,46
2025/01/30 07:55,05F0439S,05F0494S,32,211,9
2025/01/30 07:55,05F0439S,05F0494S,41,0,0
2025/01/30 07:55,05F0439S,05F0494S,42,244,1
2025/01/30 07:55,05F0439S,05F0494S,5,221,1
2025/01/30 08:00,05F0000S,05F0055S,31,404,169
2025/01/30 08:00,05F0000S,05F0055S,32,407,29
2025/01/30 08:00,05F0000S,05F0055S,41,410,3
2025/01/30 08:00,05F0000S,05F0055S,42,0,0
2025/01/30 08:00,05F0000S,05F0055S,5,0,0
2025/01/30 08:00,05F0055S,05F0287S,31,1176,157
2025/01/30 08:00,05F0055S,05F0287S,32,1173,44
2025/01/30 08:00,05F0055S,05F0287S,41,1151,3
2025/01/30 08:00,05F0055S,05F0287S,42,0,0
2025/01/30 08:00,05F0055S,05F0287S,5,0,0
2025/01/30 08:00,05F0287S,05F0309S,31,88,126
2025/01/30 08:00,05F0287S,05F0309S,32,89,26
2025/01/30 08:00,05F0287S,05F0309S,41,93,2
2025/01/30 08:00,05F0287S,05F0309S,42,0,0
2025/01/30 08:00,05F0287S,05F0309S,5,0,0
2025/01/30 08:00,05F0309S,05F0439S,31,490,96
2025/01/30 08:00,05F0309S,05F0439S,32,476,16
2025/01/30 08:00,05F0309S,05F0439S,41,535,1
2025/01/30 08:00,05F0309S,05F0439S,42,0,0
2025/01/30 08:00,05F0309S,05F0439S,5,0,0
2025/01/30 08:00,05F0439S,05F0494S,31,200,52
2025/01/30 08:00,05F0439S,05F0494S,32,203,14
2025/01/30 08:00,05F0439S,05F0494S,41,0,0
2025/01/30 08:00,05F0439S,05F0494S,42,0,0
2025/01/30 08:00,05F0439S,05F0494S,5,0,0
2025/01/30 08:05,05F0000S,05F0055S,31,407,146
2025/01/30 08:05,05F0000S,05F0055S,32,402,45
2025/01/30 08:05,05F0000S,05F0055S,41,401,5
2025/01/30 08:05,05F0000S,05F0055S,42,0,0
2025/01/30 08:05,05F0000S,05F0055S,5,0,0
2025/01/30 08:05,05F0055S,05F0287S,31,1165,176
2025/01/30 08:05,05F0055S,05F0287S,32,1165,49
2025/01/30 08:05,05F0055S,05F0287S,41,0,0
2025/01/30 08:05,05F0055S,05F0287S,42,0,0
2025/01/30 08:05,05F0055S,05F0287S,5,0,0
2025/01/30 08:05,05F0287S,05F0309S,31,89,131
2025/01/30 08:05,05F0287S,05F0309S,32,89,34
2025/01/30 08:05,05F0287S,05F0309S,41,93,2
2025/01/30 08:05,05F0287S,05F0309S,42,0,0
2025/01/30 08:05,05F0287S,05F0309S,5,0,0
2025/01/30 08:05,05F0309S,05F0439S,31,479,87
2025/01/30 08:05,05F0309S,05F0439S,32,481,17
2025/01/30 08:05,05F0309S,05F0439S,41,0,0
2025/01/30 08:05,05F0309S,05F0439S,42,0,0
2025/01/30 08:05,05F0309S,05F0439S,5,0,0
2025/01/30 08:05,05F0439S,05F0494S,31,194,42
2025/01/30 08:05,05F0439S,05F0494S,32,193,11
2025/01/30 08:05,05F0439S,05F0494S,41,0,0
2025/01/30 08:05,05F0439S,05F0494S,42,0,0
2025/01/30 08:05,05F0439S,05F0494S,5,0,0
2025/01/30 08:10,05F0000S,05F0055S,31,421,180
2025/01/30 08:10,05F0000S,05F0055S,32,418,31
2025/01/30 08:10,05F0000S,05F0055S,41,0,0
2025/01/30 08:10,05F0000S,05F0055S,42,0,0
2025/01/30 08:10,05F0000S,05F0055S,5,0,0
2025/01/30 08:10,05F0055S,05F0287S,31,1132,177
2025/01/30 08:10,05F0055S,05F0287S,32,1131,50
2025/01/30 08:10,05F0055S,05F0287S,41,1138,8
2025/01/30 08:10,05F0055S,05F0287S,42,0,0
2025/01/30 08:10,05F0055S,05F0287S,5,0,0
2025/01/30 08:10,05F0287S,05F0309S,31,89,143
2025/01/30 08:10,05F0287S,05F0309S,32,90,44
2025/01/30 08:10,05F0287S,05F0309S,41,94,3
2025/01/30 08:10,05F0287S,05F0309S,42,0,0
2025/01/30 08:10,05F0287S,05F0309S,5,0,0
2025/01/30 08:10,05F0309S,05F0439S,31,491,77
2025/01/30 08:10,05F0309S,05F0439S,32,501,19
2025/01/30 08:10,05F0309S,05F0439S,41,521,2
2025/01/30 08:10,05F0309S,05F0439S,42,0,0
2025/01/30 08:10,05F0309S,05F0439S,5,529,1
2025/01/30 08:10,05F0439S,05F0494S,31,198,38
2025/01/30 08:10,05F0439S,05F0494S,32,217,4
2025/01/30 08:10,05F0439S,05F0494S,41,0,0
2025/01/30 08:10,05F0439S,05F0494S,42,0,0
2025/01/30 08:10,05F0439S,05F0494S,5,0,0
2025/01/30 08:15,05F0000S,05F0055S,31,442,144
2025/01/30 08:15,05F0000S,05F0055S,32,442,35
2025/01/30 08:15,05F0000S,05F0055S,41,446,3
2025/01/30 08:15,05F0000S,05F0055S,42,0,0
2025/01/30 08:15,05F0000S,05F0055S,5,0,0
2025/01/30 08:15,05F0055S,05F0287S,31,1120,147
2025/01/30 08:15,05F0055S,05F0287S,32,1127,39
2025/01/30 08:15,05F0055S,05F0287S,41,1163,6
2025/01/30 08:15,05F0055S,05F0287S,42,0,0
2025/01/30 08:15,05F0055S,05F0287S,5,0,0
2025/01/30 08:15,05F0287S,05F0309S,31,87,123
2025/01/30 08:15,05F0287S,05F0309S,32,87,36
2025/01/30 08:15,05F0287S,05F0309S,41,90,4
2025/01/30 08:15,05F0287S,05F0309S,42,0,0
2025/01/30 08:15,05F0287S,05F0309S,5,0,0
2025/01/30 08:15,05F0309S,05F0439S,31,489,100
2025/01/30 08:15,05F0309S,05F0439S,32,501,28
2025/01/30 08:15,05F0309S,05F0439S,41,539,1
2025/01/30 08:15,05F0309S,05F0439S,42,0,0
2025/01/30 08:15,05F0309S,05F0439S,5,0,0
2025/01/30 08:15,05F0439S,05F0494S,31,207,45
2025/01/30 08:15,05F0439S,05F0494S,32,209,11
2025/01/30 08:15,05F0439S,05F0494S,41,220,1
2025/01/30 08:15,05F0439S,05F0494S,42,237,1
2025/01/30 08:15,05F0439S,05F0494S,5,225,1
2025/01/30 08:20,05F0000S,05F0055S,31,450,157
2025/01/30 08:20,05F0000S,05F0055S,32,451,24
2025/01/30 08:20,05F0000S,05F0055S,41,466,5
2025/01/30 08:20,05F0000S,05F0055S,42,0,0
2025/01/30 08:20,05F0000S,05F0055S,5,0,0
2025/01/30 08:20,05F0055S,05F0287S,31,1108,184
2025/01/30 08:20,05F0055S,05F0287S,32,1111,34
2025/01/30 08:20,05F0055S,05F0287S,41,1105,6
2025/01/30 08:20,05F0055S,05F0287S,42,0,0
2025/01/30 08:20,05F0055S,05F0287S,5,0,0
2025/01/30 08:20,05F0287S,05F0309S,31,87,136
2025/01/30 08:20,05F0287S,05F0309S,32,87,23
2025/01/30 08:20,05F0287S,05F0309S,41,91,3
2025/01/30 08:20,05F0287S,05F0309S,42,0,0
2025/01/30 08:20,05F0287S,05F0309S,5,0,0
2025/01/30 08:20,05F0309S,05F0439S,31,493,108
2025/01/30 08:20,05F0309S,05F0439S,32,479,30
2025/01/30 08:20,05F0309S,05F0439S,41,534,3
2025/01/30 08:20,05F0309S,05F0439S,42,506,1
2025/01/30 08:20,05F0309S,05F0439S,5,0,0
2025/01/30 08:20,05F0439S,05F0494S,31,200,40
2025/01/30 08:20,05F0439S,05F0494S,32,207,17
2025/01/30 08:20,05F0439S,05F0494S,41,0,0
2025/01/30 08:20,05F0439S,05F0494S,42,0,0
2025/01/30 08:20,05F0439S,05F0494S,5,0,0
2025/01/30 08:25,05F0000S,05F0055S,31,430,147
2025/01/30 08:25,05F0000S,05F0055S,32,431,47
2025/01/30 08:25,05F0000S,05F0055S,41,433,2
2025/01/30 08:25,05F0000S,05F0055S,42,0,0
2025/01/30 08:25,05F0000S,05F0055S,5,0,0
2025/01/30 08:25,05F0055S,05F0287S,31,1079,153
2025/01/30 08:25,05F0055S,05F0287S,32,1082,43
2025/01/30 08:25,05F0055S,05F0287S,41,1128,2
2025/01/30 08:25,05F0055S,05F0287S,42,0,0
2025/01/30 08:25,05F0055S,05F0287S,5,0,0
2025/01/30 08:25,05F0287S,05F0309S,31,87,109
2025/01/30 08:25,05F0287S,05F0309S,32,86,26
2025/01/30 08:25,05F0287S,05F0309S,41,92,4
2025/01/30 08:25,05F0287S,05F0309S,42,0,0
2025/01/30 08:25,05F0287S,05F0309S,5,0,0
2025/01/30 08:25,05F0309S,05F0439S,31,486,90
2025/01/30 08:25,05F0309S,05F0439S,32,473,17
2025/01/30 08:25,05F0309S,05F0439S,41,525,1
2025/01/30 08:25,05F0309S,05F0439S,42,0,0
2025/01/30 08:25,05F0309S,05F0439S,5,0,0
2025/01/30 08:25,05F0439S,05F0494S,31,200,39
2025/01/30 08:25,05F0439S,05F0494S,32,198,12
2025/01/30 08:25,05F0439S,05F0494S,41,253,1
2025/01/30 08:25,05F0439S,05F0494S,42,227,2
2025/01/30 08:25,05F0439S,05F0494S,5,0,0
2025/01/30 08:30,05F0000S,05F0055S,31,438,148
2025/01/30 08:30,05F0000S,05F0055S,32,439,27
2025/01/30 08:30,05F0000S,05F0055S,41,445,4
2025/01/30 08:30,05F0000S,05F0055S,42,0,0
2025/01/30 08:30,05F0000S,05F0055S,5,0,0
2025/01/30 08:30,05F0055S,05F0287S,31,1086,153
2025/01/30 08:30,05F0055S,05F0287S,32,1087,20
2025/01/30 08:30,05F0055S,05F0287S,41,1091,6
2025/01/30 08:30,05F0055S,05F0287S,42,0,0
2025/01/30 08:30,05F0055S,05F0287S,5,0,0
2025/01/30 08:30,05F0287S,05F0309S,31,87,115
2025/01/30 08:30,05F0287S,05F0309S,32,89,13
2025/01/30 08:30,05F0287S,05F0309S,41,91,4
2025/01/30 08:30,05F0287S,05F0309S,42,0,0
2025/01/30 08:30,05F0287S,05F0309S,5,0,0
2025/01/30 08:30,05F0309S,05F0439S,31,494,99
2025/01/30 08:30,05F0309S,05F0439S,32,491,17
2025/01/30 08:30,05F0309S,05F0439S,41,544,2
2025/01/30 08:30,05F0309S,05F0439S,42,0,0
2025/01/30 08:30,05F0309S,05F0439S,5,0,0
2025/01/30 08:30,05F0439S,05F0494S,31,202,45
2025/01/30 08:30,05F0439S,05F0494S,32,207,16
2025/01/30 08:30,05F0439S,05F0494S,41,0,0
2025/01/30 08:30,05F0439S,05F0494S,42,0,0
2025/01/30 08:30,05F0439S,05F0494S,5,0,0
2025/01/30 08:35,05F0000S,05F0055S,31,451,153
2025/01/30 08:35,05F0000S,05F0055S,32,447,38
2025/01/30 08:35,05F0000S,05F0055S,41,466,1
2025/01/30 08:35,05F0000S,05F0055S,42,0,0
2025/01/30 08:35,05F0000S,05F0055S,5,0,0
2025/01/30 08:35,05F0055S,05F0287S,31,1095,158
2025/01/30 08:35,05F0055S,05F0287S,32,1098,40
2025/01/30 08:35,05F0055S,05F0287S,41,1108,7
2025/01/30 08:35,05F0055S,05F0287S,42,0,0
2025/01/30 08:35,05F0055S,05F0287S,5,0,0
2025/01/30 08:35,05F0287S,05F0309S,31,88,114
2025/01/30 08:35,05F0287S,05F0309S,32,90,20
2025/01/30 08:35,05F0287S,05F0309S,41,93,3
2025/01/30 08:35,05F0287S,05F0309S,42,0,0
2025/01/30 08:35,05F0287S,05F0309S,5,0,0
2025/01/30 08:35,05F0309S,05F0439S,31,480,96
2025/01/30 08:35,05F0309S,05F0439S,32,484,16
2025/01/30 08:35,05F0309S,05F0439S,41,0,0
2025/01/30 08:35,05F0309S,05F0439S,42,0,0
2025/01/30 08:35,05F0309S,05F0439S,5,0,0
2025/01/30 08:35,05F0439S,05F0494S,31,208,41
2025/01/30 08:35,05F0439S,05F0494S,32,220,11
2025/01/30 08:35,05F0439S,05F0494S,41,0,0
2025/01/30 08:35,05F0439S,05F0494S,42,0,0
2025/01/30 08:35,05F0439S,05F0494S,5,0,0
2025/01/30 08:40,05F0000S,05F0055S,31,440,146
2025/01/30 08:40,05F0000S,05F0055S,32,437,40
2025/01/30 08:40,05F0000S,05F0055S,41,432,3
2025/01/30 08:40,05F0000S,05F0055S,42,0,0
2025/01/30 08:40,05F0000S,05F0055S,5,0,0
2025/01/30 08:40,05F0055S,05F0287S,31,1070,151
2025/01/30 08:40,05F0055S,05F0287S,32,1080,31
2025/01/30 08:40,05F0055S,05F0287S,41,1060,3
2025/01/30 08:40,05F0055S,05F0287S,42,0,0
2025/01/30 08:40,05F0055S,05F0287S,5,0,0
2025/01/30 08:40,05F0287S,05F0309S,31,86,113
2025/01/30 08:40,05F0287S,05F0309S,32,86,20
2025/01/30 08:40,05F0287S,05F0309S,41,89,3
2025/01/30 08:40,05F0287S,05F0309S,42,0,0
2025/01/30 08:40,05F0287S,05F0309S,5,0,0
2025/01/30 08:40,05F0309S,05F0439S,31,488,91
2025/01/30 08:40,05F0309S,05F0439S,32,499,11
2025/01/30 08:40,05F0309S,05F0439S,41,530,3
2025/01/30 08:40,05F0309S,05F0439S,42,579,1
2025/01/30 08:40,05F0309S,05F0439S,5,0,0
2025/01/30 08:40,05F0439S,05F0494S,31,202,42
2025/01/30 08:40,05F0439S,05F0494S,32,209,6
2025/01/30 08:40,05F0439S,05F0494S,41,0,0
2025/01/30 08:40,05F0439S,05F0494S,42,0,0
2025/01/30 08:40,05F0439S,05F0494S,5,0,0
2025/01/30 08:45,05F0000S,05F0055S,31,429,147
2025/01/30 08:45,05F0000S,05F0055S,32,431,32
2025/01/30 08:45,05F0000S,05F0055S,41,446,3
2025/01/30 08:45,05F0000S,05F0055S,42,0,0
2025/01/30 08:45,05F0000S,05F0055S,5,0,0
2025/01/30 08:45,05F0055S,05F0287S,31,1091,145
2025/01/30 08:45,05F0055S,05F0287S,32,1085,39
2025/01/30 08:45,05F0055S,05F0287S,41,1099,2
2025/01/30 08:45,05F0055S,05F0287S,42,0,0
2025/01/30 08:45,05F0055S,05F0287S,5,0,0
2025/01/30 08:45,05F0287S,05F0309S,31,85,104
2025/01/30 08:45,05F0287S,05F0309S,32,86,31
2025/01/30 08:45,05F0287S,05F0309S,41,93,2
2025/01/30 08:45,05F0287S,05F0309S,42,0,0
2025/01/30 08:45,05F0287S,05F0309S,5,0,0
2025/01/30 08:45,05F0309S,05F0439S,31,496,100
2025/01/30 08:45,05F0309S,05F0439S,32,496,28
2025/01/30 08:45,05F0309S,05F0439S,41,519,2
2025/01/30 08:45,05F0309S,05F0439S,42,0,0
2025/01/30 08:45,05F0309S,05F0439S,5,0,0
2025/01/30 08:45,05F0439S,05F0494S,31,198,40
2025/01/30 08:45,05F0439S,05F0494S,32,204,10
2025/01/30 08:45,05F0439S,05F0494S,41,0,0
2025/01/30 08:45,05F0439S,05F0494S,42,238,2
2025/01/30 08:45,05F0439S,05F0494S,5,0,0
2025/01/30 08:50,05F0000S,05F0055S,31,334,160
2025/01/30 08:50,05F0000S,05F0055S,32,357,30
2025/01/30 08:50,05F0000S,05F0055S,41,366,2
2025/01/30 08:50,05F0000S,05F0055S,42,0,0
2025/01/30 08:50,05F0000S,05F0055S,5,0,0
2025/01/30 08:50,05F0055S,05F0287S,31,1059,151
2025/01/30 08:50,05F0055S,05F0287S,32,1060,37
2025/01/30 08:50,05F0055S,05F0287S,41,1105,8
2025/01/30 08:50,05F0055S,05F0287S,42,0,0
2025/01/30 08:50,05F0055S,05F0287S,5,0,0
2025/01/30 08:50,05F0287S,05F0309S,31,86,107
2025/01/30 08:50,05F0287S,05F0309S,32,88,27
2025/01/30 08:50,05F0287S,05F0309S,41,90,5
2025/01/30 08:50,05F0287S,05F0309S,42,0,0
2025/01/30 08:50,05F0287S,05F0309S,5,0,0
2025/01/30 08:50,05F0309S,05F0439S,31,480,95
2025/01/30 08:50,05F0309S,05F0439S,32,481,22
2025/01/30 08:50,05F0309S,05F0439S,41,493,1
2025/01/30 08:50,05F0309S,05F0439S,42,537,1
2025/01/30 08:50,05F0309S,05F0439S,5,0,0
2025/01/30 08:50,05F0439S,05F0494S,31,200,54
2025/01/30 08:50,05F0439S,05F0494S,32,207,13
2025/01/30 08:50,05F0439S,05F0494S,41,0,0
2025/01/30 08:50,05F0439S,05F0494S,42,0,0
2025/01/30 08:50,05F0439S,05F0494S,5,0,0
2025/01/30 08:55,05F0000S,05F0055S,31,312,155
2025/01/30 08:55,05F0000S,05F0055S,32,319,28
2025/01/30 08:55,05F0000S,05F0055S,41,312,3
2025/01/30 08:55,05F0000S,05F0055S,42,0,0
2025/01/30 08:55,05F0000S,05F0055S,5,0,0
2025/01/30 08:55,05F0055S,05F0287S,31,1080,144
2025/01/30 08:55,05F0055S,05F0287S,32,1075,28
2025/01/30 08:55,05F0055S,05F0287S,41,1111,1
2025/01/30 08:55,05F0055S,05F0287S,42,0,0
2025/01/30 08:55,05F0055S,05F0287S,5,0,0
2025/01/30 08:55,05F0287S,05F0309S,31,86,96
2025/01/30 08:55,05F0287S,05F0309S,32,85,23
2025/01/30 08:55,05F0287S,05F0309S,41,98,2
2025/01/30 08:55,05F0287S,05F0309S,42,0,0
2025/01/30 08:55,05F0287S,05F0309S,5,0,0
2025/01/30 08:55,05F0309S,05F0439S,31,490,79
2025/01/30 08:55,05F0309S,05F0439S,32,488,26
2025/01/30 08:55,05F0309S,05F0439S,41,538,2
2025/01/30 08:55,05F0309S,05F0439S,42,0,0
2025/01/30 08:55,05F0309S,05F0439S,5,0,0
2025/01/30 08:55,05F0439S,05F0494S,31,197,51
2025/01/30 08:55,05F0439S,05F0494S,32,206,15
2025/01/30 08:55,05F0439S,05F0494S,41,0,0
2025/01/30 08:55,05F0439S,05F0494S,42,0,0
2025/01/30 08:55,05F0439S,05F0494S,5,0,0
2025/01/30 09:00,05F0000S,05F0055S,31,293,168
2025/01/30 09:00,05F0000S,05F0055S,32,290,37
2025/01/30 09:00,05F0000S,05F0055S,41,276,2
2025/01/30 09:00,05F0000S,05F0055S,42,0,0
2025/01/30 09:00,05F0000S,05F0055S,5,0,0
2025/01/30 09:00,05F0055S,05F0287S,31,1077,151
2025/01/30 09:00,05F0055S,05F0287S,32,1078,44
2025/01/30 09:00,05F0055S,05F0287S,41,1095,4
2025/01/30 09:00,05F0055S,05F0287S,42,0,0
2025/01/30 09:00,05F0055S,05F0287S,5,0,0
2025/01/30 09:00,05F0287S,05F0309S,31,85,112
2025/01/30 09:00,05F0287S,05F0309S,32,86,35
2025/01/30 09:00,05F0287S,05F0309S,41,89,3
2025/01/30 09:00,05F0287S,05F0309S,42,0,0
2025/01/30 09:00,05F0287S,05F0309S,5,0,0
2025/01/30 09:00,05F0309S,05F0439S,31,479,77
2025/01/30 09:00,05F0309S,05F0439S,32,477,25
2025/01/30 09:00,05F0309S,05F0439S,41,516,3
2025/01/30 09:00,05F0309S,05F0439S,42,561,2
2025/01/30 09:00,05F0309S,05F0439S,5,0,0
2025/01/30 09:00,05F0439S,05F0494S,31,199,48
2025/01/30 09:00,05F0439S,05F0494S,32,193,14
2025/01/30 09:00,05F0439S,05F0494S,41,0,0
2025/01/30 09:00,05F0439S,05F0494S,42,0,0
2025/01/30 09:00,05F0439S,05F0494S,5,0,0
2025/01/30 09:05,05F0000S,05F0055S,31,282,167
2025/01/30 09:05,05F0000S,05F0055S,32,282,27
2025/01/30 09:05,05F0000S,05F0055S,41,288,3
2025/01/30 09:05,05F0000S,05F0055S,42,0,0
2025/01/30 09:05,05F0000S,05F0055S,5,0,0
2025/01/30 09:05,05F0055S,05F0287S,31,1086,124
2025/01/30 09:05,05F0055S,05F0287S,32,1086,27
2025/01/30 09:05,05F0055S,05F0287S,41,1087,6
2025/01/30 09:05,05F0055S,05F0287S,42,0,0
2025/01/30 09:05,05F0055S,05F0287S,5,0,0
2025/01/30 09:05,05F0287S,05F0309S,31,87,92
2025/01/30 09:05,05F0287S,05F0309S,32,88,23
2025/01/30 09:05,05F0287S,05F0309S,41,87,4
2025/01/30 09:05,05F0287S,05F0309S,42,0,0
2025/01/30 09:05,05F0287S,05F0309S,5,0,0
2025/01/30 09:05,05F0309S,05F0439S,31,487,85
2025/01/30 09:05,05F0309S,05F0439S,32,489,22
2025/01/30 09:05,05F0309S,05F0439S,41,0,0
2025/01/30 09:05,05F0309S,05F0439S,42,0,0
2025/01/30 09:05,05F0309S,05F0439S,5,0,0
2025/01/30 09:05,05F0439S,05F0494S,31,197,42
2025/01/30 09:05,05F0439S,05F0494S,32,208,15
2025/01/30 09:05,05F0439S,05F0494S,41,0,0
2025/01/30 09:05,05F0439S,05F0494S,42,0,0
2025/01/30 09:05,05F0439S,05F0494S,5,0,0
2025/01/30 09:10,05F0000S,05F0055S,31,291,152
2025/01/30 09:10,05F0000S,05F0055S,32,294,36
2025/01/30 09:10,05F0000S,05F0055S,41,309,1
2025/01/30 09:10,05F0000S,05F0055S,42,0,0
2025/01/30 09:10,05F0000S,05F0055S,5,0,0
2025/01/30 09:10,05F0055S,05F0287S,31,1125,152
2025/01/30 09:10,05F0055S,05F0287S,32,1127,22
2025/01/30 09:10,05F0055S,05F0287S,41,1125,4
2025/01/30 09:10,05F0055S,05F0287S,42,0,0
2025/01/30 09:10,05F0055S,05F0287S,5,0,0
2025/01/30 09:10,05F0287S,05F0309S,31,87,104
2025/01/30 09:10,05F0287S,05F0309S,32,89,18
2025/01/30 09:10,05F0287S,05F0309S,41,91,3
2025/01/30 09:10,05F0287S,05F0309S,42,0,0
2025/01/30 09:10,05F0287S,05F0309S,5,0,0
2025/01/30 09:10,05F0309S,05F0439S,31,484,78
2025/01/30 09:10,05F0309S,05F0439S,32,478,28
2025/01/30 09:10,05F0309S,05F0439S,41,535,3
2025/01/30 09:10,05F0309S,05F0439S,42,0,0
2025/01/30 09:10,05F0309S,05F0439S,5,491,1
2025/01/30 09:10,05F0439S,05F0494S,31,207,44
2025/01/30 09:10,05F0439S,05F0494S,32,210,16
2025/01/30 09:10,05F0439S,05F0494S,41,0,0
2025/01/30 09:10,05F0439S,05F0494S,42,0,0
2025/01/30 09:10,05F0439S,05F0494S,5,201,1
2025/01/30 09:15,05F0000S,05F0055S,31,314,174
2025/01/30 09:15,05F0000S,05F0055S,32,313,43
2025/01/30 09:15,05F0000S,05F0055S,41,317,1
2025/01/30 09:15,05F0000S,05F0055S,42,0,0
2025/01/30 09:15,05F0000S,05F0055S,5,0,0
2025/01/30 09:15,05F0055S,05F0287S,31,1139,147
2025/01/30 09:15,05F0055S,05F0287S,32,1139,26
2025/01/30 09:15,05F0055S,05F0287S,41,1140,5
2025/01/30 09:15,05F0055S,05F0287S,42,0,0
2025/01/30 09:15,05F0055S,05F0287S,5,0,0
2025/01/30 09:15,05F0287S,05F0309S,31,88,97
2025/01/30 09:15,05F0287S,05F0309S,32,91,20
2025/01/30 09:15,05F0287S,05F0309S,41,92,4
2025/01/30 09:15,05F0287S,05F0309S,42,0,0
2025/01/30 09:15,05F0287S,05F0309S,5,0,0
2025/01/30 09:15,05F0309S,05F0439S,31,493,79
2025/01/30 09:15,05F0309S,05F0439S,32,494,18
2025/01/30 09:15,05F0309S,05F0439S,41,521,4
2025/01/30 09:15,05F0309S,05F0439S,42,535,1
2025/01/30 09:15,05F0309S,05F0439S,5,0,0
2025/01/30 09:15,05F0439S,05F0494S,31,202,34
2025/01/30 09:15,05F0439S,05F0494S,32,204,8
2025/01/30 09:15,05F0439S,05F0494S,41,0,0
2025/01/30 09:15,05F0439S,05F0494S,42,236,1
2025/01/30 09:15,05F0439S,05F0494S,5,0,0
2025/01/30 09:20,05F0000S,05F0055S,31,323,179
2025/01/30 09:20,05F0000S,05F0055S,32,324,34
2025/01/30 09:20,05F0000S,05F0055S,41,317,1
2025/01/30 09:20,05F0000S,05F0055S,42,0,0
2025/01/30 09:20,05F0000S,05F0055S,5,0,0
2025/01/30 09:20,05F0055S,05F0287S,31,1142,161
2025/01/30 09:20,05F0055S,05F0287S,32,1145,36
2025/01/30 09:20,05F0055S,05F0287S,41,1152,5
2025/01/30 09:20,05F0055S,05F0287S,42,0,0
2025/01/30 09:20,05F0055S,05F0287S,5,0,0
2025/01/30 09:20,05F0287S,05F0309S,31,88,119
2025/01/30 09:20,05F0287S,05F0309S,32,88,25
2025/01/30 09:20,05F0287S,05F0309S,41,89,2
2025/01/30 09:20,05F0287S,05F0309S,42,0,0
2025/01/30 09:20,05F0287S,05F0309S,5,0,0
2025/01/30 09:20,05F0309S,05F0439S,31,494,106
2025/01/30 09:20,05F0309S,05F0439S,32,480,16
2025/01/30 09:20,05F0309S,05F0439S,41,525,2
2025/01/30 09:20,05F0309S,05F0439S,42,0,0
2025/01/30 09:20,05F0309S,05F0439S,5,0,0
2025/01/30 09:20,05F0439S,05F0494S,31,202,60
2025/01/30 09:20,05F0439S,05F0494S,32,210,10
2025/01/30 09:20,05F0439S,05F0494S,41,223,1
2025/01/30 09:20,05F0439S,05F0494S,42,0,0
2025/01/30 09:20,05F0439S,05F0494S,5,0,0
2025/01/30 09:25,05F0000S,05F0055S,31,349,153
2025/01/30 09:25,05F0000S,05F0055S,32,346,44
2025/01/30 09:25,05F0000S,05F0055S,41,358,8
2025/01/30 09:25,05F0000S,05F0055S,42,0,0
2025/01/30 09:25,05F0000S,05F0055S,5,0,0
2025/01/30 09:25,05F0055S,05F0287S,31,1128,164
2025/01/30 09:25,05F0055S,05F0287S,32,1129,34
2025/01/30 09:25,05F0055S,05F0287S,41,1122,6
2025/01/30 09:25,05F0055S,05F0287S,42,0,0
2025/01/30 09:25,05F0055S,05F0287S,5,0,0
2025/01/30 09:25,05F0287S,05F0309S,31,88,126
2025/01/30 09:25,05F0287S,05F0309S,32,86,23
2025/01/30 09:25,05F0287S,05F0309S,41,97,3
2025/01/30 09:25,05F0287S,05F0309S,42,0,0
2025/01/30 09:25,05F0287S,05F0309S,5,0,0
2025/01/30 09:25,05F0309S,05F0439S,31,493,87
2025/01/30 09:25,05F0309S,05F0439S,32,507,18
2025/01/30 09:25,05F0309S,05F0439S,41,521,3
2025/01/30 09:25,05F0309S,05F0439S,42,0,0
2025/01/30 09:25,05F0309S,05F0439S,5,0,0
2025/01/30 09:25,05F0439S,05F0494S,31,203,49
2025/01/30 09:25,05F0439S,05F0494S,32,185,8
2025/01/30 09:25,05F0439S,05F0494S,41,0,0
2025/01/30 09:25,05F0439S,05F0494S,42,0,0
2025/01/30 09:25,05F0439S,05F0494S,5,0,0
2025/01/30 09:30,05F0000S,05F0055S,31,362,155
2025/01/30 09:30,05F0000S,05F0055S,32,361,50
2025/01/30 09:30,05F0000S,05F0055S,41,357,1
2025/01/30 09:30,05F0000S,05F0055S,42,0,0
2025/01/30 09:30,05F0000S,05F0055S,5,0,0
2025/01/30 09:30,05F0055S,05F0287S,31,1099,173
2025/01/30 09:30,05F0055S,05F0287S,32,1098,43
2025/01/30 09:30,05F0055S,05F0287S,41,1127,4
2025/01/30 09:30,05F0055S,05F0287S,42,0,0
2025/01/30 09:30,05F0055S,05F0287S,5,0,0
2025/01/30 09:30,05F0287S,05F0309S,31,88,115
2025/01/30 09:30,05F0287S,05F0309S,32,89,28
2025/01/30 09:30,05F0287S,05F0309S,41,93,4
2025/01/30 09:30,05F0287S,05F0309S,42,0,0
2025/01/30 09:30,05F0287S,05F0309S,5,0,0
2025/01/30 09:30,05F0309S,05F0439S,31,491,90
2025/01/30 09:30,05F0309S,05F0439S,32,507,27
2025/01/30 09:30,05F0309S,05F0439S,41,525,2
2025/01/30 09:30,05F0309S,05F0439S,42,0,0
2025/01/30 09:30,05F0309S,05F0439S,5,0,0
2025/01/30 09:30,05F0439S,05F0494S,31,207,50
2025/01/30 09:30,05F0439S,05F0494S,32,218,8
2025/01/30 09:30,05F0439S,05F0494S,41,0,0
2025/01/30 09:30,05F0439S,05F0494S,42,0,0
2025/01/30 09:30,05F0439S,05F0494S,5,0,0
2025/01/30 09:35,05F0000S,05F0055S,31,358,157
2025/01/30 09:35,05F0000S,05F0055S,32,362,41
2025/01/30 09:35,05F0000S,05F0055S,41,347,1
2025/01/30 09:35,05F0000S,05F0055S,42,0,0
2025/01/30 09:35,05F0000S,05F0055S,5,0,0
2025/01/30 09:35,05F0055S,05F0287S,31,1118,147
2025/01/30 09:35,05F0055S,05F0287S,32,1118,28
2025/01/30 09:35,05F0055S,05F0287S,41,1128,6
2025/01/30 09:35,05F0055S,05F0287S,42,0,0
2025/01/30 09:35,05F0055S,05F0287S,5,0,0
2025/01/30 09:35,05F0287S,05F0309S,31,89,104
2025/01/30 09:35,05F0287S,05F0309S,32,89,31
2025/01/30 09:35,05F0287S,05F0309S,41,95,5
2025/01/30 09:35,05F0287S,05F0309S,42,0,0
2025/01/30 09:35,05F0287S,05F0309S,5,0,0
2025/01/30 09:35,05F0309S,05F0439S,31,486,93
2025/01/30 09:35,05F0309S,05F0439S,32,499,21
2025/01/30 09:35,05F0309S,05F0439S,41,535,3
2025/01/30 09:35,05F0309S,05F0439S,42,554,1
2025/01/30 09:35,05F0309S,05F0439S,5,0,0
2025/01/30 09:35,05F0439S,05F0494S,31,202,53
2025/01/30 09:35,05F0439S,05F0494S,32,206,11
2025/01/30 09:35,05F0439S,05F0494S,41,241,1
2025/01/30 09:35,05F0439S,05F0494S,42,243,1
2025/01/30 09:35,05F0439S,05F0494S,5,0,0
2025/01/30 09:40,05F0000S,05F0055S,31,335,185
2025/01/30 09:40,05F0000S,05F0055S,32,335,36
2025/01/30 09:40,05F0000S,05F0055S,41,342,1
2025/01/30 09:40,05F0000S,05F0055S,42,0,0
2025/01/30 09:40,05F0000S,05F0055S,5,0,0
2025/01/30 09:40,05F0055S,05F0287S,31,1141,170
2025/01/30 09:40,05F0055S,05F0287S,32,1145,35
2025/01/30 09:40,05F0055S,05F0287S,41,1148,4
2025/01/30 09:40,05F0055S,05F0287S,42,0,0
2025/01/30 09:40,05F0055S,05F0287S,5,0,0
2025/01/30 09:40,05F0287S,05F0309S,31,88,118
2025/01/30 09:40,05F0287S,05F0309S,32,89,26
2025/01/30 09:40,05F0287S,05F0309S,41,98,2
2025/01/30 09:40,05F0287S,05F0309S,42,0,0
2025/01/30 09:40,05F0287S,05F0309S,5,0,0
2025/01/30 09:40,05F0309S,05F0439S,31,495,115
2025/01/30 09:40,05F0309S,05F0439S,32,502,31
2025/01/30 09:40,05F0309S,05F0439S,41,526,4
2025/01/30 09:40,05F0309S,05F0439S,42,0,0
2025/01/30 09:40,05F0309S,05F0439S,5,0,0
2025/01/30 09:40,05F0439S,05F0494S,31,200,55
2025/01/30 09:40,05F0439S,05F0494S,32,201,11
2025/01/30 09:40,05F0439S,05F0494S,41,228,2
2025/01/30 09:40,05F0439S,05F0494S,42,234,1
2025/01/30 09:40,05F0439S,05F0494S,5,0,0
2025/01/30 09:45,05F0000S,05F0055S,31,327,166
2025/01/30 09:45,05F0000S,05F0055S,32,327,30
2025/01/30 09:45,05F0000S,05F0055S,41,310,1
2025/01/30 09:45,05F0000S,05F0055S,42,0,0
2025/01/30 09:45,05F0000S,05F0055S,5,0,0
2025/01/30 09:45,05F0055S,05F0287S,31,1145,145
2025/01/30 09:45,05F0055S,05F0287S,32,1152,39
2025/01/30 09:45,05F0055S,05F0287S,41,1172,10
2025/01/30 09:45,05F0055S,05F0287S,42,0,0
2025/01/30 09:45,05F0055S,05F0287S,5,0,0
2025/01/30 09:45,05F0287S,05F0309S,31,88,113
2025/01/30 09:45,05F0287S,05F0309S,32,88,24
2025/01/30 09:45,05F0287S,05F0309S,41,92,4
2025/01/30 09:45,05F0287S,05F0309S,42,0,0
2025/01/30 09:45,05F0287S,05F0309S,5,0,0
2025/01/30 09:45,05F0309S,05F0439S,31,495,82
2025/01/30 09:45,05F0309S,05F0439S,32,500,20
2025/01/30 09:45,05F0309S,05F0439S,41,544,1
2025/01/30 09:45,05F0309S,05F0439S,42,0,0
2025/01/30 09:45,05F0309S,05F0439S,5,0,0
2025/01/30 09:45,05F0439S,05F0494S,31,207,57
2025/01/30 09:45,05F0439S,05F0494S,32,208,18
2025/01/30 09:45,05F0439S,05F0494S,41,0,0
2025/01/30 09:45,05F0439S,05F0494S,42,0,0
2025/01/30 09:45,05F0439S,05F0494S,5,0,0
2025/01/30 09:50,05F0000S,05F0055S,31,318,164
2025/01/30 09:50,05F0000S,05F0055S,32,319,41
2025/01/30 09:50,05F0000S,05F0055S,41,324,3
2025/01/30 09:50,05F0000S,05F0055S,42,0,0
2025/01/30 09:50,05F0000S,05F0055S,5,0,0
2025/01/30 09:50,05F0055S,05F0287S,31,1162,140
2025/01/30 09:50,05F0055S,05F0287S,32,1161,44
2025/01/30 09:50,05F0055S,05F0287S,41,1171,4
2025/01/30 09:50,05F0055S,05F0287S,42,0,0
2025/01/30 09:50,05F0055S,05F0287S,5,0,0
2025/01/30 09:50,05F0287S,05F0309S,31,87,92
2025/01/30 09:50,05F0287S,05F0309S,32,88,44
2025/01/30 09:50,05F0287S,05F0309S,41,90,5
2025/01/30 09:50,05F0287S,05F0309S,42,0,0
2025/01/30 09:50,05F0287S,05F0309S,5,0,0
2025/01/30 09:50,05F0309S,05F0439S,31,490,91
2025/01/30 09:50,05F0309S,05F0439S,32,496,20
2025/01/30 09:50,05F0309S,05F0439S,41,526,1
2025/01/30 09:50,05F0309S,05F0439S,42,0,0
2025/01/30 09:50,05F0309S,05F0439S,5,0,0
2025/01/30 09:50,05F0439S,05F0494S,31,204,52
2025/01/30 09:50,05F0439S,05F0494S,32,207,14
2025/01/30 09:50,05F0439S,05F0494S,41,0,0
2025/01/30 09:50,05F0439S,05F0494S,42,0,0
2025/01/30 09:50,05F0439S,05F0494S,5,0,0
2025/01/30 09:55,05F0000S,05F0055S,31,297,171
2025/01/30 09:55,05F0000S,05F0055S,32,297,33
2025/01/30 09:55,05F0000S,05F0055S,41,0,0
2025/01/30 09:55,05F0000S,05F0055S,42,0,0
2025/01/30 09:55,05F0000S,05F0055S,5,0,0
2025/01/30 09:55,05F0055S,05F0287S,31,1186,152
2025/01/30 09:55,05F0055S,05F0287S,32,1183,42
2025/01/30 09:55,05F0055S,05F0287S,41,1171,8
2025/01/30 09:55,05F0055S,05F0287S,42,0,0
2025/01/30 09:55,05F0055S,05F0287S,5,0,0
2025/01/30 09:55,05F0287S,05F0309S,31,88,102
2025/01/30 09:55,05F0287S,05F0309S,32,89,25
2025/01/30 09:55,05F0287S,05F0309S,41,93,6
2025/01/30 09:55,05F0287S,05F0309S,42,0,0
2025/01/30 09:55,05F0287S,05F0309S,5,0,0
2025/01/30 09:55,05F0309S,05F0439S,31,494,88
2025/01/30 09:55,05F0309S,05F0439S,32,486,26
2025/01/30 09:55,05F0309S,05F0439S,41,520,5
2025/01/30 09:55,05F0309S,05F0439S,42,0,0
2025/01/30 09:55,05F0309S,05F0439S,5,533,1
2025/01/30 09:55,05F0439S,05F0494S,31,203,42
2025/01/30 09:55,05F0439S,05F0494S,32,200,10
2025/01/30 09:55,05F0439S,05F0494S,41,0,0
2025/01/30 09:55,05F0439S,05F0494S,42,0,0
2025/01/30 09:55,05F0439S,05F0494S,5,0,0
2025/01/30 10:00,05F0000S,05F0055S,31,304,160
2025/01/30 10:00,05F0000S,05F0055S,32,303,38
2025/01/30 10:00,05F0000S,05F0055S,41,290,2
2025/01/30 10:00,05F0000S,05F0055S,42,0,0
2025/01/30 10:00,05F0000S,05F0055S,5,0,0
2025/01/30 10:00,05F0055S,05F0287S,31,1176,188
2025/01/30 10:00,05F0055S,05F0287S,32,1180,32
2025/01/30 10:00,05F0055S,05F0287S,41,1193,5
2025/01/30 10:00,05F0055S,05F0287S,42,0,0
2025/01/30 10:00,05F0055S,05F0287S,5,0,0
2025/01/30 10:00,05F0287S,05F0309S,31,90,138
2025/01/30 10:00,05F0287S,05F0309S,32,90,29
2025/01/30 10:00,05F0287S,05F0309S,41,92,2
2025/01/30 10:00,05F0287S,05F0309S,42,0,0
2025/01/30 10:00,05F0287S,05F0309S,5,0,0
2025/01/30 10:00,05F0309S,05F0439S,31,473,78
2025/01/30 10:00,05F0309S,05F0439S,32,489,24
2025/01/30 10:00,05F0309S,05F0439S,41,504,2
2025/01/30 10:00,05F0309S,05F0439S,42,0,0
2025/01/30 10:00,05F0309S,05F0439S,5,483,1
2025/01/30 10:00,05F0439S,05F0494S,31,203,60
2025/01/30 10:00,05F0439S,05F0494S,32,201,18
2025/01/30 10:00,05F0439S,05F0494S,41,229,1
2025/01/30 10:00,05F0439S,05F0494S,42,0,0
2025/01/30 10:00,05F0439S,05F0494S,5,225,1
2025/01/30 10:05,05F0000S,05F0055S,31,329,158
2025/01/30 10:05,05F0000S,05F0055S,32,329,40
2025/01/30 10:05,05F0000S,05F0055S,41,0,0
2025/01/30 10:05,05F0000S,05F0055S,42,0,0
2025/01/30 10:05,05F0000S,05F0055S,5,0,0
2025/01/30 10:05,05F0055S,05F0287S,31,1176,158
2025/01/30 10:05,05F0055S,05F0287S,32,1174,32
2025/01/30 10:05,05F0055S,05F0287S,41,1173,7
2025/01/30 10:05,05F0055S,05F0287S,42,0,0
2025/01/30 10:05,05F0055S,05F0287S,5,0,0
2025/01/30 10:05,05F0287S,05F0309S,31,89,130
2025/01/30 10:05,05F0287S,05F0309S,32,89,24
2025/01/30 10:05,05F0287S,05F0309S,41,92,8
2025/01/30 10:05,05F0287S,05F0309S,42,0,0
2025/01/30 10:05,05F0287S,05F0309S,5,0,0
2025/01/30 10:05,05F0309S,05F0439S,31,493,83
2025/01/30 10:05,05F0309S,05F0439S,32,485,22
2025/01/30 10:05,05F0309S,05F0439S,41,526,5
2025/01/30 10:05,05F0309S,05F0439S,42,0,0
2025/01/30 10:05,05F0309S,05F0439S,5,0,0
2025/01/30 10:05,05F0439S,05F0494S,31,202,59
2025/01/30 10:05,05F0439S,05F0494S,32,206,16
2025/01/30 10:05,05F0439S,05F0494S,41,0,0
2025/01/30 10:05,05F0439S,05F0494S,42,0,0
2025/01/30 10:05,05F0439S,05F0494S,5,0,0
2025/01/30 10:10,05F0000S,05F0055S,31,344,173
2025/01/30 10:10,05F0000S,05F0055S,32,349,24
2025/01/30 10:10,05F0000S,05F0055S,41,355,2
2025/01/30 10:10,05F0000S,05F0055S,42,0,0
2025/01/30 10:10,05F0000S,05F0055S,5,0,0
2025/01/30 10:10,05F0055S,05F0287S,31,1175,160
2025/01/30 10:10,05F0055S,05F0287S,32,1182,35
2025/01/30 10:10,05F0055S,05F0287S,41,1182,8
2025/01/30 10:10,05F0055S,05F0287S,42,0,0
2025/01/30 10:10,05F0055S,05F0287S,5,0,0
2025/01/30 10:10,05F0287S,05F0309S,31,91,101
2025/01/30 10:10,05F0287S,05F0309S,32,89,29
2025/01/30 10:10,05F0287S,05F0309S,41,91,4
2025/01/30 10:10,05F0287S,05F0309S,42,0,0
2025/01/30 10:10,05F0287S,05F0309S,5,0,0
2025/01/30 10:10,05F0309S,05F0439S,31,499,110
2025/01/30 10:10,05F0309S,05F0439S,32,502,23
2025/01/30 10:10,05F0309S,05F0439S,41,524,4
2025/01/30 10:10,05F0309S,05F0439S,42,0,0
2025/01/30 10:10,05F0309S,05F0439S,5,0,0
2025/01/30 10:10,05F0439S,05F0494S,31,207,47
2025/01/30 10:10,05F0439S,05F0494S,32,201,19
2025/01/30 10:10,05F0439S,05F0494S,41,234,2
2025/01/30 10:10,05F0439S,05F0494S,42,0,0
2025/01/30 10:10,05F0439S,05F0494S,5,0,0
2025/01/30 10:15,05F0000S,05F0055S,31,368,153
2025/01/30 10:15,05F0000S,05F0055S,32,371,37
2025/01/30 10:15,05F0000S,05F0055S,41,0,0
2025/01/30 10:15,05F0000S,05F0055S,42,0,0
2025/01/30 10:15,05F0000S,05F0055S,5,0,0
2025/01/30 10:15,05F0055S,05F0287S,31,1174,165
2025/01/30 10:15,05F0055S,05F0287S,32,1178,36
2025/01/30 10:15,05F0055S,05F0287S,41,1188,4
2025/01/30 10:15,05F0055S,05F0287S,42,0,0
2025/01/30 10:15,05F0055S,05F0287S,5,0,0
2025/01/30 10:15,05F0287S,05F0309S,31,88,128
2025/01/30 10:15,05F0287S,05F0309S,32,93,30
2025/01/30 10:15,05F0287S,05F0309S,41,94,4
2025/01/30 10:15,05F0287S,05F0309S,42,0,0
2025/01/30 10:15,05F0287S,05F0309S,5,0,0
2025/01/30 10:15,05F0309S,05F0439S,31,497,111
2025/01/30 10:15,05F0309S,05F0439S,32,506,23
2025/01/30 10:15,05F0309S,05F0439S,41,519,3
2025/01/30 10:15,05F0309S,05F0439S,42,600,1
2025/01/30 10:15,05F0309S,05F0439S,5,0,0
2025/01/30 10:15,05F0439S,05F0494S,31,208,73
2025/01/30 10:15,05F0439S,05F0494S,32,209,15
2025/01/30 10:15,05F0439S,05F0494S,41,213,1
2025/01/30 10:15,05F0439S,05F0494S,42,241,1
2025/01/30 10:15,05F0439S,05F0494S,5,0,0
2025/01/30 10:20,05F0000S,05F0055S,31,389,151
2025/01/30 10:20,05F0000S,05F0055S,32,391,34
2025/01/30 10:20,05F0000S,05F0055S,41,392,1
2025/01/30 10:20,05F0000S,05F0055S,42,0,0
2025/01/30 10:20,05F0000S,05F0055S,5,0,0
2025/01/30 10:20,05F0055S,05F0287S,31,1164,163
2025/01/30 10:20,05F0055S,05F0287S,32,1163,38
2025/01/30 10:20,05F0055S,05F0287S,41,1177,5
2025/01/30 10:20,05F0055S,05F0287S,42,0,0
2025/01/30 10:20,05F0055S,05F0287S,5,0,0
2025/01/30 10:20,05F0287S,05F0309S,31,90,121
2025/01/30 10:20,05F0287S,05F0309S,32,90,27
2025/01/30 10:20,05F0287S,05F0309S,41,93,4
2025/01/30 10:20,05F0287S,05F0309S,42,0,0
2025/01/30 10:20,05F0287S,05F0309S,5,0,0
2025/01/30 10:20,05F0309S,05F0439S,31,495,98
2025/01/30 10:20,05F0309S,05F0439S,32,504,20
2025/01/30 10:20,05F0309S,05F0439S,41,536,2
2025/01/30 10:20,05F0309S,05F0439S,42,0,0
2025/01/30 10:20,05F0309S,05F0439S,5,527,2
2025/01/30 10:20,05F0439S,05F0494S,31,203,58
2025/01/30 10:20,05F0439S,05F0494S,32,202,12
2025/01/30 10:20,05F0439S,05F0494S,41,217,2
2025/01/30 10:20,05F0439S,05F0494S,42,217,1
2025/01/30 10:20,05F0439S,05F0494S,5,0,0
2025/01/30 10:25,05F0000S,05F0055S,31,398,135
2025/01/30 10:25,05F0000S,05F0055S,32,398,33
2025/01/30 10:25,05F0000S,05F0055S,41,390,3
2025/01/30 10:25,05F0000S,05F0055S,42,0,0
2025/01/30 10:25,05F0000S,05F0055S,5,0,0
2025/01/30 10:25,05F0055S,05F0287S,31,1129,177
2025/01/30 10:25,05F0055S,05F0287S,32,1130,38
2025/01/30 10:25,05F0055S,05F0287S,41,1143,5
2025/01/30 10:25,05F0055S,05F0287S,42,0,0
2025/01/30 10:25,05F0055S,05F0287S,5,0,0
2025/01/30 10:25,05F0287S,05F0309S,31,89,118
2025/01/30 10:25,05F0287S,05F0309S,32,91,29
2025/01/30 10:25,05F0287S,05F0309S,41,94,4
2025/01/30 10:25,05F0287S,05F0309S,42,0,0
2025/01/30 10:25,05F0287S,05F0309S,5,0,0
2025/01/30 10:25,05F0309S,05F0439S,31,495,102
2025/01/30 10:25,05F0309S,05F0439S,32,495,26
2025/01/30 10:25,05F0309S,05F0439S,41,521,3
2025/01/30 10:25,05F0309S,05F0439S,42,0,0
2025/01/30 10:25,05F0309S,05F0439S,5,0,0
2025/01/30 10:25,05F0439S,05F0494S,31,203,75
2025/01/30 10:25,05F0439S,05F0494S,32,212,13
2025/01/30 10:25,05F0439S,05F0494S,41,0,0
2025/01/30 10:25,05F0439S,05F0494S,42,0,0
2025/01/30 10:25,05F0439S,05F0494S,5,215,2
2025/01/30 10:30,05F0000S,05F0055S,31,413,160
2025/01/30 10:30,05F0000S,05F0055S,32,417,40
2025/01/30 10:30,05F0000S,05F0055S,41,409,2
2025/01/30 10:30,05F0000S,05F0055S,42,0,0
2025/01/30 10:30,05F0000S,05F0055S,5,0,0
2025/01/30 10:30,05F0055S,05F0287S,31,1090,181
2025/01/30 10:30,05F0055S,05F0287S,32,1091,38
2025/01/30 10:30,05F0055S,05F0287S,41,1120,2
2025/01/30 10:30,05F0055S,05F0287S,42,0,0
2025/01/30 10:30,05F0055S,05F0287S,5,0,0
2025/01/30 10:30,05F0287S,05F0309S,31,90,138
2025/01/30 10:30,05F0287S,05F0309S,32,92,18
2025/01/30 10:30,05F0287S,05F0309S,41,94,2
2025/01/30 10:30,05F0287S,05F0309S,42,0,0
2025/01/30 10:30,05F0287S,05F0309S,5,0,0
2025/01/30 10:30,05F0309S,05F0439S,31,491,94
2025/01/30 10:30,05F0309S,05F0439S,32,501,23
2025/01/30 10:30,05F0309S,05F0439S,41,530,1
2025/01/30 10:30,05F0309S,05F0439S,42,0,0
2025/01/30 10:30,05F0309S,05F0439S,5,0,0
2025/01/30 10:30,05F0439S,05F0494S,31,203,67
2025/01/30 10:30,05F0439S,05F0494S,32,218,13
2025/01/30 10:30,05F0439S,05F0494S,41,0,0
2025/01/30 10:30,05F0439S,05F0494S,42,215,1
2025/01/30 10:30,05F0439S,05F0494S,5,0,0
2025/01/30 10:35,05F0000S,05F0055S,31,433,152
2025/01/30 10:35,05F0000S,05F0055S,32,407,28
2025/01/30 10:35,05F0000S,05F0055S,41,389,2
2025/01/30 10:35,05F0000S,05F0055S,42,0,0
2025/01/30 10:35,05F0000S,05F0055S,5,0,0
2025/01/30 10:35,05F0055S,05F0287S,31,1088,129
2025/01/30 10:35,05F0055S,05F0287S,32,1089,32
2025/01/30 10:35,05F0055S,05F0287S,41,1099,9
2025/01/30 10:35,05F0055S,05F0287S,42,0,0
2025/01/30 10:35,05F0055S,05F0287S,5,0,0
2025/01/30 10:35,05F0287S,05F0309S,31,90,105
2025/01/30 10:35,05F0287S,05F0309S,32,89,27
2025/01/30 10:35,05F0287S,05F0309S,41,96,5
2025/01/30 10:35,05F0287S,05F0309S,42,0,0
2025/01/30 10:35,05F0287S,05F0309S,5,0,0
2025/01/30 10:35,05F0309S,05F0439S,31,494,107
2025/01/30 10:35,05F0309S,05F0439S,32,499,15
2025/01/30 10:35,05F0309S,05F0439S,41,531,3
2025/01/30 10:35,05F0309S,05F0439S,42,0,0
2025/01/30 10:35,05F0309S,05F0439S,5,0,0
2025/01/30 10:35,05F0439S,05F0494S,31,209,54
2025/01/30 10:35,05F0439S,05F0494S,32,211,15
2025/01/30 10:35,05F0439S,05F0494S,41,0,0
2025/01/30 10:35,05F0439S,05F0494S,42,0,0
2025/01/30 10:35,05F0439S,05F0494S,5,0,0
2025/01/30 10:40,05F0000S,05F0055S,31,437,163
2025/01/30 10:40,05F0000S,05F0055S,32,396,35
2025/01/30 10:40,05F0000S,05F0055S,41,369,2
2025/01/30 10:40,05F0000S,05F0055S,42,0,0
2025/01/30 10:40,05F0000S,05F0055S,5,0,0
2025/01/30 10:40,05F0055S,05F0287S,31,1094,160
2025/01/30 10:40,05F0055S,05F0287S,32,1091,32
2025/01/30 10:40,05F0055S,05F0287S,41,1098,4
2025/01/30 10:40,05F0055S,05F0287S,42,0,0
2025/01/30 10:40,05F0055S,05F0287S,5,0,0
2025/01/30 10:40,05F0287S,05F0309S,31,87,105
2025/01/30 10:40,05F0287S,05F0309S,32,86,28
2025/01/30 10:40,05F0287S,05F0309S,41,90,3
2025/01/30 10:40,05F0287S,05F0309S,42,0,0
2025/01/30 10:40,05F0287S,05F0309S,5,0,0
2025/01/30 10:40,05F0309S,05F0439S,31,500,105
2025/01/30 10:40,05F0309S,05F0439S,32,497,18
2025/01/30 10:40,05F0309S,05F0439S,41,0,0
2025/01/30 10:40,05F0309S,05F0439S,42,546,1
2025/01/30 10:40,05F0309S,05F0439S,5,0,0
2025/01/30 10:40,05F0439S,05F0494S,31,204,56
2025/01/30 10:40,05F0439S,05F0494S,32,205,4
2025/01/30 10:40,05F0439S,05F0494S,41,225,1
2025/01/30 10:40,05F0439S,05F0494S,42,238,1
2025/01/30 10:40,05F0439S,05F0494S,5,0,0
2025/01/30 10:45,05F0000S,05F0055S,31,427,147
2025/01/30 10:45,05F0000S,05F0055S,32,399,35
2025/01/30 10:45,05F0000S,05F0055S,41,395,1
2025/01/30 10:45,05F0000S,05F0055S,42,0,0
2025/01/30 10:45,05F0000S,05F0055S,5,0,0
2025/01/30 10:45,05F0055S,05F0287S,31,1062,131
2025/01/30 10:45,05F0055S,05F0287S,32,1061,33
2025/01/30 10:45,05F0055S,05F0287S,41,1099,5
2025/01/30 10:45,05F0055S,05F0287S,42,0,0
2025/01/30 10:45,05F0055S,05F0287S,5,0,0
2025/01/30 10:45,05F0287S,05F0309S,31,90,104
2025/01/30 10:45,05F0287S,05F0309S,32,88,29
2025/01/30 10:45,05F0287S,05F0309S,41,98,4
2025/01/30 10:45,05F0287S,05F0309S,42,0,0
2025/01/30 10:45,05F0287S,05F0309S,5,0,0
2025/01/30 10:45,05F0309S,05F0439S,31,491,85
2025/01/30 10:45,05F0309S,05F0439S,32,493,18
2025/01/30 10:45,05F0309S,05F0439S,41,529,2
2025/01/30 10:45,05F0309S,05F0439S,42,0,0
2025/01/30 10:45,05F0309S,05F0439S,5,0,0
2025/01/30 10:45,05F0439S,05F0494S,31,205,73
2025/01/30 10:45,05F0439S,05F0494S,32,200,9
2025/01/30 10:45,05F0439S,05F0494S,41,0,0
2025/01/30 10:45,05F0439S,05F0494S,42,232,1
2025/01/30 10:45,05F0439S,05F0494S,5,0,0
2025/01/30 10:50,05F0000S,05F0055S,31,424,158
2025/01/30 10:50,05F0000S,05F0055S,32,430,20
2025/01/30 10:50,05F0000S,05F0055S,41,417,1
2025/01/30 10:50,05F0000S,05F0055S,42,0,0
2025/01/30 10:50,05F0000S,05F0055S,5,0,0
2025/01/30 10:50,05F0055S,05F0287S,31,1104,139
2025/01/30 10:50,05F0055S,05F0287S,32,1105,31
2025/01/30 10:50,05F0055S,05F0287S,41,1120,8
2025/01/30 10:50,05F0055S,05F0287S,42,0,0
2025/01/30 10:50,05F0055S,05F0287S,5,0,0
2025/01/30 10:50,05F0287S,05F0309S,31,89,111
2025/01/30 10:50,05F0287S,05F0309S,32,86,26
2025/01/30 10:50,05F0287S,05F0309S,41,97,6
2025/01/30 10:50,05F0287S,05F0309S,42,0,0
2025/01/30 10:50,05F0287S,05F0309S,5,0,0
2025/01/30 10:50,05F0309S,05F0439S,31,493,105
2025/01/30 10:50,05F0309S,05F0439S,32,504,32
2025/01/30 10:50,05F0309S,05F0439S,41,515,2
2025/01/30 10:50,05F0309S,05F0439S,42,0,0
2025/01/30 10:50,05F0309S,05F0439S,5,0,0
2025/01/30 10:50,05F0439S,05F0494S,31,207,51
2025/01/30 10:50,05F0439S,05F0494S,32,208,21
2025/01/30 10:50,05F0439S,05F0494S,41,0,0
2025/01/30 10:50,05F0439S,05F0494S,42,0,0
2025/01/30 10:50,05F0439S,05F0494S,5,0,0
2025/01/30 10:55,05F0000S,05F0055S,31,442,153
2025/01/30 10:55,05F0000S,05F0055S,32,440,34
2025/01/30 10:55,05F0000S,05F0055S,41,0,0
2025/01/30 10:55,05F0000S,05F0055S,42,0,0
2025/01/30 10:55,05F0000S,05F0055S,5,0,0
2025/01/30 10:55,05F0055S,05F0287S,31,1100,170
2025/01/30 10:55,05F0055S,05F0287S,32,1099,29
2025/01/30 10:55,05F0055S,05F0287S,41,1128,6
2025/01/30 10:55,05F0055S,05F0287S,42,0,0
2025/01/30 10:55,05F0055S,05F0287S,5,0,0
2025/01/30 10:55,05F0287S,05F0309S,31,88,100
2025/01/30 10:55,05F0287S,05F0309S,32,87,15
2025/01/30 10:55,05F0287S,05F0309S,41,92,4
2025/01/30 10:55,05F0287S,05F0309S,42,0,0
2025/01/30 10:55,05F0287S,05F0309S,5,0,0
2025/01/30 10:55,05F0309S,05F0439S,31,506,91
2025/01/30 10:55,05F0309S,05F0439S,32,497,19
2025/01/30 10:55,05F0309S,05F0439S,41,519,2
2025/01/30 10:55,05F0309S,05F0439S,42,0,0
2025/01/30 10:55,05F0309S,05F0439S,5,0,0
2025/01/30 10:55,05F0439S,05F0494S,31,200,67
2025/01/30 10:55,05F0439S,05F0494S,32,208,15
2025/01/30 10:55,05F0439S,05F0494S,41,0,0
2025/01/30 10:55,05F0439S,05F0494S,42,0,0
2025/01/30 10:55,05F0439S,05F0494S,5,0,0
2025/01/30 11:00,05F0000S,05F0055S,31,423,156
2025/01/30 11:00,05F0000S,05F0055S,32,425,31
2025/01/30 11:00,05F0000S,05F0055S,41,0,0
2025/01/30 11:00,05F0000S,05F0055S,42,0,0
2025/01/30 11:00,05F0000S,05F0055S,5,0,0
2025/01/30 11:00,05F0055S,05F0287S,31,1072,155
2025/01/30 11:00,05F0055S,05F0287S,32,1074,38
2025/01/30 11:00,05F0055S,05F0287S,41,1130,4
2025/01/30 11:00,05F0055S,05F0287S,42,0,0
2025/01/30 11:00,05F0055S,05F0287S,5,0,0
2025/01/30 11:00,05F0287S,05F0309S,31,92,129
2025/01/30 11:00,05F0287S,05F0309S,32,89,29
2025/01/30 11:00,05F0287S,05F0309S,41,99,2
2025/01/30 11:00,05F0287S,05F0309S,42,0,0
2025/01/30 11:00,05F0287S,05F0309S,5,0,0
2025/01/30 11:00,05F0309S,05F0439S,31,494,99
2025/01/30 11:00,05F0309S,05F0439S,32,493,22
2025/01/30 11:00,05F0309S,05F0439S,41,544,5
2025/01/30 11:00,05F0309S,05F0439S,42,557,1
2025/01/30 11:00,05F0309S,05F0439S,5,0,0
2025/01/30 11:00,05F0439S,05F0494S,31,207,70
2025/01/30 11:00,05F0439S,05F0494S,32,204,21
2025/01/30 11:00,05F0439S,05F0494S,41,0,0
2025/01/30 11:00,05F0439S,05F0494S,42,0,0
2025/01/30 11:00,05F0439S,05F0494S,5,0,0
2025/01/30 11:05,05F0000S,05F0055S,31,401,154
2025/01/30 11:05,05F0000S,05F0055S,32,404,30
2025/01/30 11:05,05F0000S,05F0055S,41,389,1
2025/01/30 11:05,05F0000S,05F0055S,42,0,0
2025/01/30 11:05,05F0000S,05F0055S,5,0,0
2025/01/30 11:05,05F0055S,05F0287S,31,1056,137
2025/01/30 11:05,05F0055S,05F0287S,32,1053,25
2025/01/30 11:05,05F0055S,05F0287S,41,1076,8
2025/01/30 11:05,05F0055S,05F0287S,42,0,0
2025/01/30 11:05,05F0055S,05F0287S,5,0,0
2025/01/30 11:05,05F0287S,05F0309S,31,88,111
2025/01/30 11:05,05F0287S,05F0309S,32,89,24
2025/01/30 11:05,05F0287S,05F0309S,41,93,6
2025/01/30 11:05,05F0287S,05F0309S,42,0,0
2025/01/30 11:05,05F0287S,05F0309S,5,0,0
2025/01/30 11:05,05F0309S,05F0439S,31,496,90
2025/01/30 11:05,05F0309S,05F0439S,32,503,16
2025/01/30 11:05,05F0309S,05F0439S,41,517,2
2025/01/30 11:05,05F0309S,05F0439S,42,0,0
2025/01/30 11:05,05F0309S,05F0439S,5,0,0
2025/01/30 11:05,05F0439S,05F0494S,31,209,53
2025/01/30 11:05,05F0439S,05F0494S,32,210,10
2025/01/30 11:05,05F0439S,05F0494S,41,238,1
2025/01/30 11:05,05F0439S,05F0494S,42,235,1
2025/01/30 11:05,05F0439S,05F0494S,5,0,0
2025/01/30 11:10,05F0000S,05F0055S,31,411,152
2025/01/30 11:10,05F0000S,05F0055S,32,386,22
2025/01/30 11:10,05F0000S,05F0055S,41,373,2
2025/01/30 11:10,05F0000S,05F0055S,42,0,0
2025/01/30 11:10,05F0000S,05F0055S,5,0,0
2025/01/30 11:10,05F0055S,05F0287S,31,1068,152
2025/01/30 11:10,05F0055S,05F0287S,32,1073,23
2025/01/30 11:10,05F0055S,05F0287S,41,1111,7
2025/01/30 11:10,05F0055S,05F0287S,42,0,0
2025/01/30 11:10,05F0055S,05F0287S,5,0,0
2025/01/30 11:10,05F0287S,05F0309S,31,87,116
2025/01/30 11:10,05F0287S,05F0309S,32,87,13
2025/01/30 11:10,05F0287S,05F0309S,41,93,3
2025/01/30 11:10,05F0287S,05F0309S,42,0,0
2025/01/30 11:10,05F0287S,05F0309S,5,0,0
2025/01/30 11:10,05F0309S,05F0439S,31,494,122
2025/01/30 11:10,05F0309S,05F0439S,32,507,23
2025/01/30 11:10,05F0309S,05F0439S,41,539,3
2025/01/30 11:10,05F0309S,05F0439S,42,561,1
2025/01/30 11:10,05F0309S,05F0439S,5,0,0
2025/01/30 11:10,05F0439S,05F0494S,31,206,74
2025/01/30 11:10,05F0439S,05F0494S,32,203,13
2025/01/30 11:10,05F0439S,05F0494S,41,208,1
2025/01/30 11:10,05F0439S,05F0494S,42,0,0
2025/01/30 11:10,05F0439S,05F0494S,5,0,0
2025/01/30 11:15,05F0000S,05F0055S,31,407,167
2025/01/30 11:15,05F0000S,05F0055S,32,385,28
2025/01/30 11:15,05F0000S,05F0055S,41,0,0
2025/01/30 11:15,05F0000S,05F0055S,42,0,0
2025/01/30 11:15,05F0000S,05F0055S,5,0,0
2025/01/30 11:15,05F0055S,05F0287S,31,1086,133
2025/01/30 11:15,05F0055S,05F0287S,32,1073,29
2025/01/30 11:15,05F0055S,05F0287S,41,1108,2
2025/01/30 11:15,05F0055S,05F0287S,42,0,0
2025/01/30 11:15,05F0055S,05F0287S,5,0,0
2025/01/30 11:15,05F0287S,05F0309S,31,88,88
2025/01/30 11:15,05F0287S,05F0309S,32,90,24
2025/01/30 11:15,05F0287S,05F0309S,41,95,3
2025/01/30 11:15,05F0287S,05F0309S,42,0,0
2025/01/30 11:15,05F0287S,05F0309S,5,0,0
2025/01/30 11:15,05F0309S,05F0439S,31,494,96
2025/01/30 11:15,05F0309S,05F0439S,32,500,20
2025/01/30 11:15,05F0309S,05F0439S,41,538,2
2025/01/30 11:15,05F0309S,05F0439S,42,0,0
2025/01/30 11:15,05F0309S,05F0439S,5,0,0
2025/01/30 11:15,05F0439S,05F0494S,31,202,72
2025/01/30 11:15,05F0439S,05F0494S,32,202,17
2025/01/30 11:15,05F0439S,05F0494S,41,0,0
2025/01/30 11:15,05F0439S,05F0494S,42,0,0
2025/01/30 11:15,05F0439S,05F0494S,5,0,0
2025/01/30 11:20,05F0000S,05F0055S,31,398,164
2025/01/30 11:20,05F0000S,05F0055S,32,383,31
2025/01/30 11:20,05F0000S,05F0055S,41,0,0
2025/01/30 11:20,05F0000S,05F0055S,42,0,0
2025/01/30 11:20,05F0000S,05F0055S,5,0,0
2025/01/30 11:20,05F0055S,05F0287S,31,1113,142
2025/01/30 11:20,05F0055S,05F0287S,32,1119,33
2025/01/30 11:20,05F0055S,05F0287S,41,1139,3
2025/01/30 11:20,05F0055S,05F0287S,42,0,0
2025/01/30 11:20,05F0055S,05F0287S,5,0,0
2025/01/30 11:20,05F0287S,05F0309S,31,87,90
2025/01/30 11:20,05F0287S,05F0309S,32,87,21
2025/01/30 11:20,05F0287S,05F0309S,41,88,2
2025/01/30 11:20,05F0287S,05F0309S,42,0,0
2025/01/30 11:20,05F0287S,05F0309S,5,0,0
2025/01/30 11:20,05F0309S,05F0439S,31,492,111
2025/01/30 11:20,05F0309S,05F0439S,32,505,15
2025/01/30 11:20,05F0309S,05F0439S,41,539,2
2025/01/30 11:20,05F0309S,05F0439S,42,0,0
2025/01/30 11:20,05F0309S,05F0439S,5,0,0
2025/01/30 11:20,05F0439S,05F0494S,31,203,64
2025/01/30 11:20,05F0439S,05F0494S,32,212,11
2025/01/30 11:20,05F0439S,05F0494S,41,0,0
2025/01/30 11:20,05F0439S,05F0494S,42,0,0
2025/01/30 11:20,05F0439S,05F0494S,5,0,0
2025/01/30 11:25,05F0000S,05F0055S,31,386,144
2025/01/30 11:25,05F0000S,05F0055S,32,353,30
2025/01/30 11:25,05F0000S,05F0055S,41,307,4
2025/01/30 11:25,05F0000S,05F0055S,42,0,0
2025/01/30 11:25,05F0000S,05F0055S,5,0,0
2025/01/30 11:25,05F0055S,05F0287S,31,1097,145
2025/01/30 11:25,05F0055S,05F0287S,32,1097,25
2025/01/30 11:25,05F0055S,05F0287S,41,1112,6
2025/01/30 11:25,05F0055S,05F0287S,42,0,0
2025/01/30 11:25,05F0055S,05F0287S,5,0,0
2025/01/30 11:25,05F0287S,05F0309S,31,88,107
2025/01/30 11:25,05F0287S,05F0309S,32,91,19
2025/01/30 11:25,05F0287S,05F0309S,41,91,3
2025/01/30 11:25,05F0287S,05F0309S,42,0,0
2025/01/30 11:25,05F0287S,05F0309S,5,0,0
2025/01/30 11:25,05F0309S,05F0439S,31,489,85
2025/01/30 11:25,05F0309S,05F0439S,32,488,18
2025/01/30 11:25,05F0309S,05F0439S,41,535,2
2025/01/30 11:25,05F0309S,05F0439S,42,0,0
2025/01/30 11:25,05F0309S,05F0439S,5,0,0
2025/01/30 11:25,05F0439S,05F0494S,31,205,53
2025/01/30 11:25,05F0439S,05F0494S,32,207,9
2025/01/30 11:25,05F0439S,05F0494S,41,0,0
2025/01/30 11:25,05F0439S,05F0494S,42,0,0
2025/01/30 11:25,05F0439S,05F0494S,5,0,0
2025/01/30 11:30,05F0000S,05F0055S,31,398,138
2025/01/30 11:30,05F0000S,05F0055S,32,403,42
2025/01/30 11:30,05F0000S,05F0055S,41,0,0
2025/01/30 11:30,05F0000S,05F0055S,42,0,0
2025/01/30 11:30,05F0000S,05F0055S,5,0,0
2025/01/30 11:30,05F0055S,05F0287S,31,1100,162
2025/01/30 11:30,05F0055S,05F0287S,32,1111,24
2025/01/30 11:30,05F0055S,05F0287S,41,1123,5
2025/01/30 11:30,05F0055S,05F0287S,42,0,0
2025/01/30 11:30,05F0055S,05F0287S,5,0,0
2025/01/30 11:30,05F0287S,05F0309S,31,87,104
2025/01/30 11:30,05F0287S,05F0309S,32,89,15
2025/01/30 11:30,05F0287S,05F0309S,41,93,6
2025/01/30 11:30,05F0287S,05F0309S,42,0,0
2025/01/30 11:30,05F0287S,05F0309S,5,0,0
2025/01/30 11:30,05F0309S,05F0439S,31,491,83
2025/01/30 11:30,05F0309S,05F0439S,32,491,15
2025/01/30 11:30,05F0309S,05F0439S,41,531,1
2025/01/30 11:30,05F0309S,05F0439S,42,0,0
2025/01/30 11:30,05F0309S,05F0439S,5,0,0
2025/01/30 11:30,05F0439S,05F0494S,31,206,59
2025/01/30 11:30,05F0439S,05F0494S,32,208,9
2025/01/30 11:30,05F0439S,05F0494S,41,0,0
2025/01/30 11:30,05F0439S,05F0494S,42,0,0
2025/01/30 11:30,05F0439S,05F0494S,5,0,0
2025/01/30 11:35,05F0000S,05F0055S,31,409,148
2025/01/30 11:35,05F0000S,05F0055S,32,406,26
2025/01/30 11:35,05F0000S,05F0055S,41,0,0
2025/01/30 11:35,05F0000S,05F0055S,42,0,0
2025/01/30 11:35,05F0000S,05F0055S,5,0,0
2025/01/30 11:35,05F0055S,05F0287S,31,1084,178
2025/01/30 11:35,05F0055S,05F0287S,32,1089,26
2025/01/30 11:35,05F0055S,05F0287S,41,1096,3
2025/01/30 11:35,05F0055S,05F0287S,42,0,0
2025/01/30 11:35,05F0055S,05F0287S,5,0,0
2025/01/30 11:35,05F0287S,05F0309S,31,87,129
2025/01/30 11:35,05F0287S,05F0309S,32,88,20
2025/01/30 11:35,05F0287S,05F0309S,41,94,1
2025/01/30 11:35,05F0287S,05F0309S,42,0,0
2025/01/30 11:35,05F0287S,05F0309S,5,0,0
2025/01/30 11:35,05F0309S,05F0439S,31,500,110
2025/01/30 11:35,05F0309S,05F0439S,32,504,17
2025/01/30 11:35,05F0309S,05F0439S,41,543,4
2025/01/30 11:35,05F0309S,05F0439S,42,0,0
2025/01/30 11:35,05F0309S,05F0439S,5,0,0
2025/01/30 11:35,05F0439S,05F0494S,31,215,49
2025/01/30 11:35,05F0439S,05F0494S,32,209,16
2025/01/30 11:35,05F0439S,05F0494S,41,0,0
2025/01/30 11:35,05F0439S,05F0494S,42,0,0
2025/01/30 11:35,05F0439S,05F0494S,5,0,0
2025/01/30 11:40,05F0000S,05F0055S,31,441,140
2025/01/30 11:40,05F0000S,05F0055S,32,439,31
2025/01/30 11:40,05F0000S,05F0055S,41,0,0
2025/01/30 11:40,05F0000S,05F0055S,42,0,0
2025/01/30 11:40,05F0000S,05F0055S,5,0,0
2025/01/30 11:40,05F0055S,05F0287S,31,1057,158
2025/01/30 11:40,05F0055S,05F0287S,32,1055,36
2025/01/30 11:40,05F0055S,05F0287S,41,1061,6
2025/01/30 11:40,05F0055S,05F0287S,42,0,0
2025/01/30 11:40,05F0055S,05F0287S,5,0,0
2025/01/30 11:40,05F0287S,05F0309S,31,87,115
2025/01/30 11:40,05F0287S,05F0309S,32,88,22
2025/01/30 11:40,05F0287S,05F0309S,41,92,1
2025/01/30 11:40,05F0287S,05F0309S,42,0,0
2025/01/30 11:40,05F0287S,05F0309S,5,0,0
2025/01/30 11:40,05F0309S,05F0439S,31,487,101
2025/01/30 11:40,05F0309S,05F0439S,32,498,12
2025/01/30 11:40,05F0309S,05F0439S,41,537,3
2025/01/30 11:40,05F0309S,05F0439S,42,0,0
2025/01/30 11:40,05F0309S,05F0439S,5,543,1
2025/01/30 11:40,05F0439S,05F0494S,31,211,72
2025/01/30 11:40,05F0439S,05F0494S,32,212,12
2025/01/30 11:40,05F0439S,05F0494S,41,0,0
2025/01/30 11:40,05F0439S,05F0494S,42,244,1
2025/01/30 11:40,05F0439S,05F0494S,5,228,1
2025/01/30 11:45,05F0000S,05F0055S,31,460,158
2025/01/30 11:45,05F0000S,05F0055S,32,453,22
2025/01/30 11:45,05F0000S,05F0055S,41,1160,2
2025/01/30 11:45,05F0000S,05F0055S,42,0,0
2025/01/30 11:45,05F0000S,05F0055S,5,0,0
2025/01/30 11:45,05F0055S,05F0287S,31,1103,110
2025/01/30 11:45,05F0055S,05F0287S,32,1098,25
2025/01/30 11:45,05F0055S,05F0287S,41,1100,3
2025/01/30 11:45,05F0055S,05F0287S,42,0,0
2025/01/30 11:45,05F0055S,05F0287S,5,0,0
2025/01/30 11:45,05F0287S,05F0309S,31,86,70
2025/01/30 11:45,05F0287S,05F0309S,32,86,18
2025/01/30 11:45,05F0287S,05F0309S,41,92,3
2025/01/30 11:45,05F0287S,05F0309S,42,0,0
2025/01/30 11:45,05F0287S,05F0309S,5,0,0
2025/01/30 11:45,05F0309S,05F0439S,31,479,90
2025/01/30 11:45,05F0309S,05F0439S,32,494,15
2025/01/30 11:45,05F0309S,05F0439S,41,0,0
2025/01/30 11:45,05F0309S,05F0439S,42,0,0
2025/01/30 11:45,05F0309S,05F0439S,5,0,0
2025/01/30 11:45,05F0439S,05F0494S,31,209,57
2025/01/30 11:45,05F0439S,05F0494S,32,211,12
2025/01/30 11:45,05F0439S,05F0494S,41,0,0
2025/01/30 11:45,05F0439S,05F0494S,42,0,0
2025/01/30 11:45,05F0439S,05F0494S,5,0,0
2025/01/30 11:50,05F0000S,05F0055S,31,479,130
2025/01/30 11:50,05F0000S,05F0055S,32,483,34
2025/01/30 11:50,05F0000S,05F0055S,41,1326,4
2025/01/30 11:50,05F0000S,05F0055S,42,0,0
2025/01/30 11:50,05F0000S,05F0055S,5,0,0
2025/01/30 11:50,05F0055S,05F0287S,31,1073,153
2025/01/30 11:50,05F0055S,05F0287S,32,1079,41
2025/01/30 11:50,05F0055S,05F0287S,41,1111,6
2025/01/30 11:50,05F0055S,05F0287S,42,0,0
2025/01/30 11:50,05F0055S,05F0287S,5,0,0
2025/01/30 11:50,05F0287S,05F0309S,31,88,96
2025/01/30 11:50,05F0287S,05F0309S,32,88,29
2025/01/30 11:50,05F0287S,05F0309S,41,93,3
2025/01/30 11:50,05F0287S,05F0309S,42,0,0
2025/01/30 11:50,05F0287S,05F0309S,5,0,0
2025/01/30 11:50,05F0309S,05F0439S,31,490,109
2025/01/30 11:50,05F0309S,05F0439S,32,488,23
2025/01/30 11:50,05F0309S,05F0439S,41,530,3
2025/01/30 11:50,05F0309S,05F0439S,42,0,0
2025/01/30 11:50,05F0309S,05F0439S,5,523,1
2025/01/30 11:50,05F0439S,05F0494S,31,206,67
2025/01/30 11:50,05F0439S,05F0494S,32,204,11
2025/01/30 11:50,05F0439S,05F0494S,41,0,0
2025/01/30 11:50,05F0439S,05F0494S,42,0,0
2025/01/30 11:50,05F0439S,05F0494S,5,0,0
2025/01/30 11:55,05F0000S,05F0055S,31,484,158
2025/01/30 11:55,05F0000S,05F0055S,32,483,27
2025/01/30 11:55,05F0000S,05F0055S,41,485,1
2025/01/30 11:55,05F0000S,05F0055S,42,0,0
2025/01/30 11:55,05F0000S,05F0055S,5,0,0
2025/01/30 11:55,05F0055S,05F0287S,31,1035,132
2025/01/30 11:55,05F0055S,05F0287S,32,1049,30
2025/01/30 11:55,05F0055S,05F0287S,41,1082,4
2025/01/30 11:55,05F0055S,05F0287S,42,0,0
2025/01/30 11:55,05F0055S,05F0287S,5,0,0
2025/01/30 11:55,05F0287S,05F0309S,31,87,98
2025/01/30 11:55,05F0287S,05F0309S,32,88,21
2025/01/30 11:55,05F0287S,05F0309S,41,90,2
2025/01/30 11:55,05F0287S,05F0309S,42,0,0
2025/01/30 11:55,05F0287S,05F0309S,5,0,0
2025/01/30 11:55,05F0309S,05F0439S,31,474,84
2025/01/30 11:55,05F0309S,05F0439S,32,509,17
2025/01/30 11:55,05F0309S,05F0439S,41,526,1
2025/01/30 11:55,05F0309S,05F0439S,42,0,0
2025/01/30 11:55,05F0309S,05F0439S,5,0,0
2025/01/30 11:55,05F0439S,05F0494S,31,204,59
2025/01/30 11:55,05F0439S,05F0494S,32,206,21
2025/01/30 11:55,05F0439S,05F0494S,41,0,0
2025/01/30 11:55,05F0439S,05F0494S,42,0,0
2025/01/30 11:55,05F0439S,05F0494S,5,220,1
2025/01/30 12:00,05F0000S,05F0055S,31,495,158
2025/01/30 12:00,05F0000S,05F0055S,32,493,22
2025/01/30 12:00,05F0000S,05F0055S,41,0,0
2025/01/30 12:00,05F0000S,05F0055S,42,0,0
2025/01/30 12:00,05F0000S,05F0055S,5,0,0
2025/01/30 12:00,05F0055S,05F0287S,31,1075,126
2025/01/30 12:00,05F0055S,05F0287S,32,1103,23
2025/01/30 12:00,05F0055S,05F0287S,41,1116,3
2025/01/30 12:00,05F0055S,05F0287S,42,0,0
2025/01/30 12:00,05F0055S,05F0287S,5,0,0
2025/01/30 12:00,05F0287S,05F0309S,31,88,70
2025/01/30 12:00,05F0287S,05F0309S,32,91,16
2025/01/30 12:00,05F0287S,05F0309S,41,96,4
2025/01/30 12:00,05F0287S,05F0309S,42,0,0
2025/01/30 12:00,05F0287S,05F0309S,5,0,0
2025/01/30 12:00,05F0309S,05F0439S,31,485,67
2025/01/30 12:00,05F0309S,05F0439S,32,482,19
2025/01/30 12:00,05F0309S,05F0439S,41,556,1
2025/01/30 12:00,05F0309S,05F0439S,42,0,0
2025/01/30 12:00,05F0309S,05F0439S,5,531,1
2025/01/30 12:00,05F0439S,05F0494S,31,206,61
2025/01/30 12:00,05F0439S,05F0494S,32,203,8
2025/01/30 12:00,05F0439S,05F0494S,41,0,0
2025/01/30 12:00,05F0439S,05F0494S,42,0,0
2025/01/30 12:00,05F0439S,05F0494S,5,0,0
2025/01/30 12:05,05F0000S,05F0055S,31,502,146
2025/01/30 12:05,05F0000S,05F0055S,32,502,28
2025/01/30 12:05,05F0000S,05F0055S,41,504,1
2025/01/30 12:05,05F0000S,05F0055S,42,0,0
2025/01/30 12:05,05F0000S,05F0055S,5,0,0
2025/01/30 12:05,05F0055S,05F0287S,31,1096,143
2025/01/30 12:05,05F0055S,05F0287S,32,1097,24
2025/01/30 12:05,05F0055S,05F0287S,41,1133,7
2025/01/30 12:05,05F0055S,05F0287S,42,0,0
2025/01/30 12:05,05F0055S,05F0287S,5,0,0
2025/01/30 12:05,05F0287S,05F0309S,31,86,101
2025/01/30 12:05,05F0287S,05F0309S,32,88,16
2025/01/30 12:05,05F0287S,05F0309S,41,701,2
2025/01/30 12:05,05F0287S,05F0309S,42,0,0
2025/01/30 12:05,05F0287S,05F0309S,5,0,0
2025/01/30 12:05,05F0309S,05F0439S,31,488,61
2025/01/30 12:05,05F0309S,05F0439S,32,497,17
2025/01/30 12:05,05F0309S,05F0439S,41,530,3
2025/01/30 12:05,05F0309S,05F0439S,42,0,0
2025/01/30 12:05,05F0309S,05F0439S,5,0,0
2025/01/30 12:05,05F0439S,05F0494S,31,212,58
2025/01/30 12:05,05F0439S,05F0494S,32,209,13
2025/01/30 12:05,05F0439S,05F0494S,41,0,0
2025/01/30 12:05,05F0439S,05F0494S,42,0,0
2025/01/30 12:05,05F0439S,05F0494S,5,223,1
2025/01/30 12:10,05F0000S,05F0055S,31,502,166
2025/01/30 12:10,05F0000S,05F0055S,32,503,18
2025/01/30 12:10,05F0000S,05F0055S,41,499,3
2025/01/30 12:10,05F0000S,05F0055S,42,600,1
2025/01/30 12:10,05F0000S,05F0055S,5,0,0
2025/01/30 12:10,05F0055S,05F0287S,31,1086,124
2025/01/30 12:10,05F0055S,05F0287S,32,1079,31
2025/01/30 12:10,05F0055S,05F0287S,41,1131,7
2025/01/30 12:10,05F0055S,05F0287S,42,0,0
2025/01/30 12:10,05F0055S,05F0287S,5,0,0
2025/01/30 12:10,05F0287S,05F0309S,31,90,95
2025/01/30 12:10,05F0287S,05F0309S,32,89,23
2025/01/30 12:10,05F0287S,05F0309S,41,96,8
2025/01/30 12:10,05F0287S,05F0309S,42,0,0
2025/01/30 12:10,05F0287S,05F0309S,5,0,0
2025/01/30 12:10,05F0309S,05F0439S,31,485,81
2025/01/30 12:10,05F0309S,05F0439S,32,508,20
2025/01/30 12:10,05F0309S,05F0439S,41,519,3
2025/01/30 12:10,05F0309S,05F0439S,42,0,0
2025/01/30 12:10,05F0309S,05F0439S,5,0,0
2025/01/30 12:10,05F0439S,05F0494S,31,203,52
2025/01/30 12:10,05F0439S,05F0494S,32,215,9
2025/01/30 12:10,05F0439S,05F0494S,41,0,0
2025/01/30 12:10,05F0439S,05F0494S,42,0,0
2025/01/30 12:10,05F0439S,05F0494S,5,0,0
2025/01/30 12:15,05F0000S,05F0055S,31,502,141
2025/01/30 12:15,05F0000S,05F0055S,32,505,25
2025/01/30 12:15,05F0000S,05F0055S,41,519,4
2025/01/30 12:15,05F0000S,05F0055S,42,521,1
2025/01/30 12:15,05F0000S,05F0055S,5,0,0
2025/01/30 12:15,05F0055S,05F0287S,31,1107,148
2025/01/30 12:15,05F0055S,05F0287S,32,1105,24
2025/01/30 12:15,05F0055S,05F0287S,41,1111,5
2025/01/30 12:15,05F0055S,05F0287S,42,0,0
2025/01/30 12:15,05F0055S,05F0287S,5,0,0
2025/01/30 12:15,05F0287S,05F0309S,31,86,101
2025/01/30 12:15,05F0287S,05F0309S,32,86,18
2025/01/30 12:15,05F0287S,05F0309S,41,93,3
2025/01/30 12:15,05F0287S,05F0309S,42,0,0
2025/01/30 12:15,05F0287S,05F0309S,5,0,0
2025/01/30 12:15,05F0309S,05F0439S,31,486,68
2025/01/30 12:15,05F0309S,05F0439S,32,496,11
2025/01/30 12:15,05F0309S,05F0439S,41,0,0
2025/01/30 12:15,05F0309S,05F0439S,42,0,0
2025/01/30 12:15,05F0309S,05F0439S,5,0,0
2025/01/30 12:15,05F0439S,05F0494S,31,203,60
2025/01/30 12:15,05F0439S,05F0494S,32,206,17
2025/01/30 12:15,05F0439S,05F0494S,41,211,1
2025/01/30 12:15,05F0439S,05F0494S,42,238,2
2025/01/30 12:15,05F0439S,05F0494S,5,0,0
2025/01/30 12:20,05F0000S,05F0055S,31,500,143
2025/01/30 12:20,05F0000S,05F0055S,32,502,25
2025/01/30 12:20,05F0000S,05F0055S,41,495,1
2025/01/30 12:20,05F0000S,05F0055S,42,0,0
2025/01/30 12:20,05F0000S,05F0055S,5,0,0
2025/01/30 12:20,05F0055S,05F0287S,31,1111,147
2025/01/30 12:20,05F0055S,05F0287S,32,1118,26
2025/01/30 12:20,05F0055S,05F0287S,41,1102,4
2025/01/30 12:20,05F0055S,05F0287S,42,0,0
2025/01/30 12:20,05F0055S,05F0287S,5,0,0
2025/01/30 12:20,05F0287S,05F0309S,31,90,118
2025/01/30 12:20,05F0287S,05F0309S,32,91,20
2025/01/30 12:20,05F0287S,05F0309S,41,92,3
2025/01/30 12:20,05F0287S,05F0309S,42,0,0
2025/01/30 12:20,05F0287S,05F0309S,5,0,0
2025/01/30 12:20,05F0309S,05F0439S,31,493,72
2025/01/30 12:20,05F0309S,05F0439S,32,497,19
2025/01/30 12:20,05F0309S,05F0439S,41,535,4
2025/01/30 12:20,05F0309S,05F0439S,42,0,0
2025/01/30 12:20,05F0309S,05F0439S,5,0,0
2025/01/30 12:20,05F0439S,05F0494S,31,201,55
2025/01/30 12:20,05F0439S,05F0494S,32,208,13
2025/01/30 12:20,05F0439S,05F0494S,41,0,0
2025/01/30 12:20,05F0439S,05F0494S,42,0,0
2025/01/30 12:20,05F0439S,05F0494S,5,0,0
2025/01/30 12:25,05F0000S,05F0055S,31,487,137
2025/01/30 12:25,05F0000S,05F0055S,32,501,28
2025/01/30 12:25,05F0000S,05F0055S,41,514,1
2025/01/30 12:25,05F0000S,05F0055S,42,0,0
2025/01/30 12:25,05F0000S,05F0055S,5,0,0
2025/01/30 12:25,05F0055S,05F0287S,31,1185,131
2025/01/30 12:25,05F0055S,05F0287S,32,1190,24
2025/01/30 12:25,05F0055S,05F0287S,41,1199,5
2025/01/30 12:25,05F0055S,05F0287S,42,0,0
2025/01/30 12:25,05F0055S,05F0287S,5,0,0
2025/01/30 12:25,05F0287S,05F0309S,31,88,96
2025/01/30 12:25,05F0287S,05F0309S,32,87,21
2025/01/30 12:25,05F0287S,05F0309S,41,92,2
2025/01/30 12:25,05F0287S,05F0309S,42,0,0
2025/01/30 12:25,05F0287S,05F0309S,5,0,0
2025/01/30 12:25,05F0309S,05F0439S,31,478,86
2025/01/30 12:25,05F0309S,05F0439S,32,490,13
2025/01/30 12:25,05F0309S,05F0439S,41,537,2
2025/01/30 12:25,05F0309S,05F0439S,42,541,1
2025/01/30 12:25,05F0309S,05F0439S,5,0,0
2025/01/30 12:25,05F0439S,05F0494S,31,203,56
2025/01/30 12:25,05F0439S,05F0494S,32,211,8
2025/01/30 12:25,05F0439S,05F0494S,41,0,0
2025/01/30 12:25,05F0439S,05F0494S,42,0,0
2025/01/30 12:25,05F0439S,05F0494S,5,0,0
2025/01/30 12:30,05F0000S,05F0055S,31,500,137
2025/01/30 12:30,05F0000S,05F0055S,32,503,37
2025/01/30 12:30,05F0000S,05F0055S,41,510,1
2025/01/30 12:30,05F0000S,05F0055S,42,0,0
2025/01/30 12:30,05F0000S,05F0055S,5,0,0
2025/01/30 12:30,05F0055S,05F0287S,31,1225,156
2025/01/30 12:30,05F0055S,05F0287S,32,1230,18
2025/01/30 12:30,05F0055S,05F0287S,41,1254,5
2025/01/30 12:30,05F0055S,05F0287S,42,0,0
2025/01/30 12:30,05F0055S,05F0287S,5,0,0
2025/01/30 12:30,05F0287S,05F0309S,31,86,112
2025/01/30 12:30,05F0287S,05F0309S,32,91,11
2025/01/30 12:30,05F0287S,05F0309S,41,88,3
2025/01/30 12:30,05F0287S,05F0309S,42,0,0
2025/01/30 12:30,05F0287S,05F0309S,5,0,0
2025/01/30 12:30,05F0309S,05F0439S,31,489,79
2025/01/30 12:30,05F0309S,05F0439S,32,503,20
2025/01/30 12:30,05F0309S,05F0439S,41,530,3
2025/01/30 12:30,05F0309S,05F0439S,42,0,0
2025/01/30 12:30,05F0309S,05F0439S,5,0,0
2025/01/30 12:30,05F0439S,05F0494S,31,205,51
2025/01/30 12:30,05F0439S,05F0494S,32,211,6
2025/01/30 12:30,05F0439S,05F0494S,41,0,0
2025/01/30 12:30,05F0439S,05F0494S,42,0,0
2025/01/30 12:30,05F0439S,05F0494S,5,0,0
2025/01/30 12:35,05F0000S,05F0055S,31,493,144
2025/01/30 12:35,05F0000S,05F0055S,32,494,32
2025/01/30 12:35,05F0000S,05F0055S,41,511,1
2025/01/30 12:35,05F0000S,05F0055S,42,0,0
2025/01/30 12:35,05F0000S,05F0055S,5,0,0
2025/01/30 12:35,05F0055S,05F0287S,31,1253,149
2025/01/30 12:35,05F0055S,05F0287S,32,1252,21
2025/01/30 12:35,05F0055S,05F0287S,41,1267,6
2025/01/30 12:35,05F0055S,05F0287S,42,0,0
2025/01/30 12:35,05F0055S,05F0287S,5,0,0
2025/01/30 12:35,05F0287S,05F0309S,31,89,111
2025/01/30 12:35,05F0287S,05F0309S,32,92,16
2025/01/30 12:35,05F0287S,05F0309S,41,90,5
2025/01/30 12:35,05F0287S,05F0309S,42,0,0
2025/01/30 12:35,05F0287S,05F0309S,5,0,0
2025/01/30 12:35,05F0309S,05F0439S,31,493,91
2025/01/30 12:35,05F0309S,05F0439S,32,510,19
2025/01/30 12:35,05F0309S,05F0439S,41,0,0
2025/01/30 12:35,05F0309S,05F0439S,42,0,0
2025/01/30 12:35,05F0309S,05F0439S,5,0,0
2025/01/30 12:35,05F0439S,05F0494S,31,208,49
2025/01/30 12:35,05F0439S,05F0494S,32,202,9
2025/01/30 12:35,05F0439S,05F0494S,41,209,1
2025/01/30 12:35,05F0439S,05F0494S,42,0,0
2025/01/30 12:35,05F0439S,05F0494S,5,0,0
2025/01/30 12:40,05F0000S,05F0055S,31,500,152
2025/01/30 12:40,05F0000S,05F0055S,32,501,25
2025/01/30 12:40,05F0000S,05F0055S,41,0,0
2025/01/30 12:40,05F0000S,05F0055S,42,0,0
2025/01/30 12:40,05F0000S,05F0055S,5,0,0
2025/01/30 12:40,05F0055S,05F0287S,31,1280,137
2025/01/30 12:40,05F0055S,05F0287S,32,1286,31
2025/01/30 12:40,05F0055S,05F0287S,41,1285,8
2025/01/30 12:40,05F0055S,05F0287S,42,0,0
2025/01/30 12:40,05F0055S,05F0287S,5,0,0
2025/01/30 12:40,05F0287S,05F0309S,31,90,111
2025/01/30 12:40,05F0287S,05F0309S,32,91,22
2025/01/30 12:40,05F0287S,05F0309S,41,93,7
2025/01/30 12:40,05F0287S,05F0309S,42,0,0
2025/01/30 12:40,05F0287S,05F0309S,5,0,0
2025/01/30 12:40,05F0309S,05F0439S,31,488,90
2025/01/30 12:40,05F0309S,05F0439S,32,513,9
2025/01/30 12:40,05F0309S,05F0439S,41,528,3
2025/01/30 12:40,05F0309S,05F0439S,42,0,0
2025/01/30 12:40,05F0309S,05F0439S,5,0,0
2025/01/30 12:40,05F0439S,05F0494S,31,202,41
2025/01/30 12:40,05F0439S,05F0494S,32,222,6
2025/01/30 12:40,05F0439S,05F0494S,41,0,0
2025/01/30 12:40,05F0439S,05F0494S,42,225,1
2025/01/30 12:40,05F0439S,05F0494S,5,0,0
2025/01/30 12:45,05F0000S,05F0055S,31,501,140
2025/01/30 12:45,05F0000S,05F0055S,32,494,31
2025/01/30 12:45,05F0000S,05F0055S,41,534,1
2025/01/30 12:45,05F0000S,05F0055S,42,0,0
2025/01/30 12:45,05F0000S,05F0055S,5,0,0
2025/01/30 12:45,05F0055S,05F0287S,31,1314,143
2025/01/30 12:45,05F0055S,05F0287S,32,1323,24
2025/01/30 12:45,05F0055S,05F0287S,41,1313,7
2025/01/30 12:45,05F0055S,05F0287S,42,0,0
2025/01/30 12:45,05F0055S,05F0287S,5,0,0
2025/01/30 12:45,05F0287S,05F0309S,31,89,115
2025/01/30 12:45,05F0287S,05F0309S,32,89,22
2025/01/30 12:45,05F0287S,05F0309S,41,93,4
2025/01/30 12:45,05F0287S,05F0309S,42,0,0
2025/01/30 12:45,05F0287S,05F0309S,5,0,0
2025/01/30 12:45,05F0309S,05F0439S,31,484,88
2025/01/30 12:45,05F0309S,05F0439S,32,487,12
2025/01/30 12:45,05F0309S,05F0439S,41,523,5
2025/01/30 12:45,05F0309S,05F0439S,42,0,0
2025/01/30 12:45,05F0309S,05F0439S,5,0,0
2025/01/30 12:45,05F0439S,05F0494S,31,203,57
2025/01/30 12:45,05F0439S,05F0494S,32,218,5
2025/01/30 12:45,05F0439S,05F0494S,41,0,0
2025/01/30 12:45,05F0439S,05F0494S,42,0,0
2025/01/30 12:45,05F0439S,05F0494S,5,0,0
2025/01/30 12:50,05F0000S,05F0055S,31,464,155
2025/01/30 12:50,05F0000S,05F0055S,32,465,29
2025/01/30 12:50,05F0000S,05F0055S,41,469,2
2025/01/30 12:50,05F0000S,05F0055S,42,0,0
2025/01/30 12:50,05F0000S,05F0055S,5,0,0
2025/01/30 12:50,05F0055S,05F0287S,31,1352,141
2025/01/30 12:50,05F0055S,05F0287S,32,1358,33
2025/01/30 12:50,05F0055S,05F0287S,41,1357,5
2025/01/30 12:50,05F0055S,05F0287S,42,0,0
2025/01/30 12:50,05F0055S,05F0287S,5,0,0
2025/01/30 12:50,05F0287S,05F0309S,31,90,109
2025/01/30 12:50,05F0287S,05F0309S,32,88,19
2025/01/30 12:50,05F0287S,05F0309S,41,94,4
2025/01/30 12:50,05F0287S,05F0309S,42,0,0
2025/01/30 12:50,05F0287S,05F0309S,5,0,0
2025/01/30 12:50,05F0309S,05F0439S,31,488,81
2025/01/30 12:50,05F0309S,05F0439S,32,488,25
2025/01/30 12:50,05F0309S,05F0439S,41,502,4
2025/01/30 12:50,05F0309S,05F0439S,42,0,0
2025/01/30 12:50,05F0309S,05F0439S,5,0,0
2025/01/30 12:50,05F0439S,05F0494S,31,205,44
2025/01/30 12:50,05F0439S,05F0494S,32,209,15
2025/01/30 12:50,05F0439S,05F0494S,41,195,1
2025/01/30 12:50,05F0439S,05F0494S,42,220,1
2025/01/30 12:50,05F0439S,05F0494S,5,0,0
2025/01/30 12:55,05F0000S,05F0055S,31,439,150
2025/01/30 12:55,05F0000S,05F0055S,32,431,25
2025/01/30 12:55,05F0000S,05F0055S,41,466,2
2025/01/30 12:55,05F0000S,05F0055S,42,0,0
2025/01/30 12:55,05F0000S,05F0055S,5,0,0
2025/01/30 12:55,05F0055S,05F0287S,31,1381,151
2025/01/30 12:55,05F0055S,05F0287S,32,1383,32
2025/01/30 12:55,05F0055S,05F0287S,41,1398,1
2025/01/30 12:55,05F0055S,05F0287S,42,0,0
2025/01/30 12:55,05F0055S,05F0287S,5,0,0
2025/01/30 12:55,05F0287S,05F0309S,31,87,118
2025/01/30 12:55,05F0287S,05F0309S,32,88,27
2025/01/30 12:55,05F0287S,05F0309S,41,85,1
2025/01/30 12:55,05F0287S,05F0309S,42,0,0
2025/01/30 12:55,05F0287S,05F0309S,5,0,0
2025/01/30 12:55,05F0309S,05F0439S,31,486,89
2025/01/30 12:55,05F0309S,05F0439S,32,498,13
2025/01/30 12:55,05F0309S,05F0439S,41,530,4
2025/01/30 12:55,05F0309S,05F0439S,42,0,0
2025/01/30 12:55,05F0309S,05F0439S,5,0,0
2025/01/30 12:55,05F0439S,05F0494S,31,198,58
2025/01/30 12:55,05F0439S,05F0494S,32,208,11
2025/01/30 12:55,05F0439S,05F0494S,41,0,0
2025/01/30 12:55,05F0439S,05F0494S,42,0,0
2025/01/30 12:55,05F0439S,05F0494S,5,0,0
2025/01/30 13:00,05F0000S,05F0055S,31,391,169
2025/01/30 13:00,05F0000S,05F0055S,32,386,24
2025/01/30 13:00,05F0000S,05F0055S,41,380,1
2025/01/30 13:00,05F0000S,05F0055S,42,0,0
2025/01/30 13:00,05F0000S,05F0055S,5,0,0
2025/01/30 13:00,05F0055S,05F0287S,31,1408,160
2025/01/30 13:00,05F0055S,05F0287S,32,1409,32
2025/01/30 13:00,05F0055S,05F0287S,41,1401,7
2025/01/30 13:00,05F0055S,05F0287S,42,0,0
2025/01/30 13:00,05F0055S,05F0287S,5,0,0
2025/01/30 13:00,05F0287S,05F0309S,31,92,102
2025/01/30 13:00,05F0287S,05F0309S,32,91,28
2025/01/30 13:00,05F0287S,05F0309S,41,93,5
2025/01/30 13:00,05F0287S,05F0309S,42,0,0
2025/01/30 13:00,05F0287S,05F0309S,5,0,0
2025/01/30 13:00,05F0309S,05F0439S,31,497,98
2025/01/30 13:00,05F0309S,05F0439S,32,499,20
2025/01/30 13:00,05F0309S,05F0439S,41,515,2
2025/01/30 13:00,05F0309S,05F0439S,42,0,0
2025/01/30 13:00,05F0309S,05F0439S,5,0,0
2025/01/30 13:00,05F0439S,05F0494S,31,206,63
2025/01/30 13:00,05F0439S,05F0494S,32,208,12
2025/01/30 13:00,05F0439S,05F0494S,41,0,0
2025/01/30 13:00,05F0439S,05F0494S,42,0,0
2025/01/30 13:00,05F0439S,05F0494S,5,0,0
2025/01/30 13:05,05F0000S,05F0055S,31,386,131
2025/01/30 13:05,05F0000S,05F0055S,32,388,29
2025/01/30 13:05,05F0000S,05F0055S,41,383,2
2025/01/30 13:05,05F0000S,05F0055S,42,0,0
2025/01/30 13:05,05F0000S,05F0055S,5,0,0
2025/01/30 13:05,05F0055S,05F0287S,31,1418,159
2025/01/30 13:05,05F0055S,05F0287S,32,1429,27
2025/01/30 13:05,05F0055S,05F0287S,41,1430,4
2025/01/30 13:05,05F0055S,05F0287S,42,0,0
2025/01/30 13:05,05F0055S,05F0287S,5,0,0
2025/01/30 13:05,05F0287S,05F0309S,31,90,127
2025/01/30 13:05,05F0287S,05F0309S,32,92,13
2025/01/30 13:05,05F0287S,05F0309S,41,92,2
2025/01/30 13:05,05F0287S,05F0309S,42,0,0
2025/01/30 13:05,05F0287S,05F0309S,5,0,0
2025/01/30 13:05,05F0309S,05F0439S,31,481,92
2025/01/30 13:05,05F0309S,05F0439S,32,519,17
2025/01/30 13:05,05F0309S,05F0439S,41,498,1
2025/01/30 13:05,05F0309S,05F0439S,42,0,0
2025/01/30 13:05,05F0309S,05F0439S,5,0,0
2025/01/30 13:05,05F0439S,05F0494S,31,202,46
2025/01/30 13:05,05F0439S,05F0494S,32,198,14
2025/01/30 13:05,05F0439S,05F0494S,41,0,0
2025/01/30 13:05,05F0439S,05F0494S,42,0,0
2025/01/30 13:05,05F0439S,05F0494S,5,0,0
2025/01/30 13:10,05F0000S,05F0055S,31,379,132
2025/01/30 13:10,05F0000S,05F0055S,32,380,34
2025/01/30 13:10,05F0000S,05F0055S,41,342,1
2025/01/30 13:10,05F0000S,05F0055S,42,0,0
2025/01/30 13:10,05F0000S,05F0055S,5,0,0
2025/01/30 13:10,05F0055S,05F0287S,31,1412,166
2025/01/30 13:10,05F0055S,05F0287S,32,1411,36
2025/01/30 13:10,05F0055S,05F0287S,41,1400,6
2025/01/30 13:10,05F0055S,05F0287S,42,0,0
2025/01/30 13:10,05F0055S,05F0287S,5,0,0
2025/01/30 13:10,05F0287S,05F0309S,31,93,110
2025/01/30 13:10,05F0287S,05F0309S,32,92,26
2025/01/30 13:10,05F0287S,05F0309S,41,93,5
2025/01/30 13:10,05F0287S,05F0309S,42,0,0
2025/01/30 13:10,05F0287S,05F0309S,5,0,0
2025/01/30 13:10,05F0309S,05F0439S,31,488,77
2025/01/30 13:10,05F0309S,05F0439S,32,490,23
2025/01/30 13:10,05F0309S,05F0439S,41,527,4
2025/01/30 13:10,05F0309S,05F0439S,42,490,1
2025/01/30 13:10,05F0309S,05F0439S,5,0,0
2025/01/30 13:10,05F0439S,05F0494S,31,208,62
2025/01/30 13:10,05F0439S,05F0494S,32,208,22
2025/01/30 13:10,05F0439S,05F0494S,41,0,0
2025/01/30 13:10,05F0439S,05F0494S,42,0,0
2025/01/30 13:10,05F0439S,05F0494S,5,0,0
2025/01/30 13:15,05F0000S,05F0055S,31,343,144
2025/01/30 13:15,05F0000S,05F0055S,32,346,29
2025/01/30 13:15,05F0000S,05F0055S,41,0,0
2025/01/30 13:15,05F0000S,05F0055S,42,0,0
2025/01/30 13:15,05F0000S,05F0055S,5,0,0
2025/01/30 13:15,05F0055S,05F0287S,31,1447,155
2025/01/30 13:15,05F0055S,05F0287S,32,1454,23
2025/01/30 13:15,05F0055S,05F0287S,41,1448,9
2025/01/30 13:15,05F0055S,05F0287S,42,0,0
2025/01/30 13:15,05F0055S,05F0287S,5,0,0
2025/01/30 13:15,05F0287S,05F0309S,31,89,105
2025/01/30 13:15,05F0287S,05F0309S,32,89,20
2025/01/30 13:15,05F0287S,05F0309S,41,97,3
2025/01/30 13:15,05F0287S,05F0309S,42,0,0
2025/01/30 13:15,05F0287S,05F0309S,5,0,0
2025/01/30 13:15,05F0309S,05F0439S,31,494,88
2025/01/30 13:15,05F0309S,05F0439S,32,488,17
2025/01/30 13:15,05F0309S,05F0439S,41,1311,2
2025/01/30 13:15,05F0309S,05F0439S,42,468,1
2025/01/30 13:15,05F0309S,05F0439S,5,0,0
2025/01/30 13:15,05F0439S,05F0494S,31,210,45
2025/01/30 13:15,05F0439S,05F0494S,32,206,13
2025/01/30 13:15,05F0439S,05F0494S,41,0,0
2025/01/30 13:15,05F0439S,05F0494S,42,204,1
2025/01/30 13:15,05F0439S,05F0494S,5,0,0
2025/01/30 13:20,05F0000S,05F0055S,31,337,150
2025/01/30 13:20,05F0000S,05F0055S,32,338,27
2025/01/30 13:20,05F0000S,05F0055S,41,293,4
2025/01/30 13:20,05F0000S,05F0055S,42,0,0
2025/01/30 13:20,05F0000S,05F0055S,5,0,0
2025/01/30 13:20,05F0055S,05F0287S,31,1458,170
2025/01/30 13:20,05F0055S,05F0287S,32,1464,29
2025/01/30 13:20,05F0055S,05F0287S,41,1490,1
2025/01/30 13:20,05F0055S,05F0287S,42,0,0
2025/01/30 13:20,05F0055S,05F0287S,5,0,0
2025/01/30 13:20,05F0287S,05F0309S,31,89,97
2025/01/30 13:20,05F0287S,05F0309S,32,91,19
2025/01/30 13:20,05F0287S,05F0309S,41,90,6
2025/01/30 13:20,05F0287S,05F0309S,42,0,0
2025/01/30 13:20,05F0287S,05F0309S,5,0,0
2025/01/30 13:20,05F0309S,05F0439S,31,486,85
2025/01/30 13:20,05F0309S,05F0439S,32,504,18
2025/01/30 13:20,05F0309S,05F0439S,41,535,1
2025/01/30 13:20,05F0309S,05F0439S,42,0,0
2025/01/30 13:20,05F0309S,05F0439S,5,0,0
2025/01/30 13:20,05F0439S,05F0494S,31,204,50
2025/01/30 13:20,05F0439S,05F0494S,32,211,14
2025/01/30 13:20,05F0439S,05F0494S,41,0,0
2025/01/30 13:20,05F0439S,05F0494S,42,0,0
2025/01/30 13:20,05F0439S,05F0494S,5,0,0
2025/01/30 13:25,05F0000S,05F0055S,31,309,139
2025/01/30 13:25,05F0000S,05F0055S,32,310,37
2025/01/30 13:25,05F0000S,05F0055S,41,296,1
2025/01/30 13:25,05F0000S,05F0055S,42,0,0
2025/01/30 13:25,05F0000S,05F0055S,5,0,0
2025/01/30 13:25,05F0055S,05F0287S,31,1474,155
2025/01/30 13:25,05F0055S,05F0287S,32,1477,27
2025/01/30 13:25,05F0055S,05F0287S,41,1441,4
2025/01/30 13:25,05F0055S,05F0287S,42,0,0
2025/01/30 13:25,05F0055S,05F0287S,5,0,0
2025/01/30 13:25,05F0287S,05F0309S,31,90,123
2025/01/30 13:25,05F0287S,05F0309S,32,89,20
2025/01/30 13:25,05F0287S,05F0309S,41,769,4
2025/01/30 13:25,05F0287S,05F0309S,42,0,0
2025/01/30 13:25,05F0287S,05F0309S,5,0,0
2025/01/30 13:25,05F0309S,05F0439S,31,475,81
2025/01/30 13:25,05F0309S,05F0439S,32,491,12
2025/01/30 13:25,05F0309S,05F0439S,41,531,5
2025/01/30 13:25,05F0309S,05F0439S,42,0,0
2025/01/30 13:25,05F0309S,05F0439S,5,0,0
2025/01/30 13:25,05F0439S,05F0494S,31,202,47
2025/01/30 13:25,05F0439S,05F0494S,32,207,5
2025/01/30 13:25,05F0439S,05F0494S,41,0,0
2025/01/30 13:25,05F0439S,05F0494S,42,0,0
2025/01/30 13:25,05F0439S,05F0494S,5,0,0
2025/01/30 13:30,05F0000S,05F0055S,31,272,174
2025/01/30 13:30,05F0000S,05F0055S,32,269,20
2025/01/30 13:30,05F0000S,05F0055S,41,284,2
2025/01/30 13:30,05F0000S,05F0055S,42,0,0
2025/01/30 13:30,05F0000S,05F0055S,5,0,0
2025/01/30 13:30,05F0055S,05F0287S,31,1503,153
2025/01/30 13:30,05F0055S,05F0287S,32,1495,34
2025/01/30 13:30,05F0055S,05F0287S,41,1519,3
2025/01/30 13:30,05F0055S,05F0287S,42,0,0
2025/01/30 13:30,05F0055S,05F0287S,5,0,0
2025/01/30 13:30,05F0287S,05F0309S,31,89,102
2025/01/30 13:30,05F0287S,05F0309S,32,88,21
2025/01/30 13:30,05F0287S,05F0309S,41,84,1
2025/01/30 13:30,05F0287S,05F0309S,42,0,0
2025/01/30 13:30,05F0287S,05F0309S,5,0,0
2025/01/30 13:30,05F0309S,05F0439S,31,494,72
2025/01/30 13:30,05F0309S,05F0439S,32,493,18
2025/01/30 13:30,05F0309S,05F0439S,41,520,3
2025/01/30 13:30,05F0309S,05F0439S,42,515,1
2025/01/30 13:30,05F0309S,05F0439S,5,0,0
2025/01/30 13:30,05F0439S,05F0494S,31,211,45
2025/01/30 13:30,05F0439S,05F0494S,32,204,11
2025/01/30 13:30,05F0439S,05F0494S,41,221,2
2025/01/30 13:30,05F0439S,05F0494S,42,0,0
2025/01/30 13:30,05F0439S,05F0494S,5,0,0
2025/01/30 13:35,05F0000S,05F0055S,31,268,147
2025/01/30 13:35,05F0000S,05F0055S,32,268,23
2025/01/30 13:35,05F0000S,05F0055S,41,0,0
2025/01/30 13:35,05F0000S,05F0055S,42,0,0
2025/01/30 13:35,05F0000S,05F0055S,5,0,0
2025/01/30 13:35,05F0055S,05F0287S,31,1494,159
2025/01/30 13:35,05F0055S,05F0287S,32,1489,41
2025/01/30 13:35,05F0055S,05F0287S,41,1532,5
2025/01/30 13:35,05F0055S,05F0287S,42,0,0
2025/01/30 13:35,05F0055S,05F0287S,5,0,0
2025/01/30 13:35,05F0287S,05F0309S,31,88,114
2025/01/30 13:35,05F0287S,05F0309S,32,89,24
2025/01/30 13:35,05F0287S,05F0309S,41,92,4
2025/01/30 13:35,05F0287S,05F0309S,42,0,0
2025/01/30 13:35,05F0287S,05F0309S,5,0,0
2025/01/30 13:35,05F0309S,05F0439S,31,486,97
2025/01/30 13:35,05F0309S,05F0439S,32,478,22
2025/01/30 13:35,05F0309S,05F0439S,41,560,2
2025/01/30 13:35,05F0309S,05F0439S,42,0,0
2025/01/30 13:35,05F0309S,05F0439S,5,0,0
2025/01/30 13:35,05F0439S,05F0494S,31,208,63
2025/01/30 13:35,05F0439S,05F0494S,32,213,7
2025/01/30 13:35,05F0439S,05F0494S,41,279,1
2025/01/30 13:35,05F0439S,05F0494S,42,229,1
2025/01/30 13:35,05F0439S,05F0494S,5,0,0
2025/01/30 13:40,05F0000S,05F0055S,31,264,140
2025/01/30 13:40,05F0000S,05F0055S,32,267,28
2025/01/30 13:40,05F0000S,05F0055S,41,0,0
2025/01/30 13:40,05F0000S,05F0055S,42,0,0
2025/01/30 13:40,05F0000S,05F0055S,5,0,0
2025/01/30 13:40,05F0055S,05F0287S,31,1464,169
2025/01/30 13:40,05F0055S,05F0287S,32,1460,35
2025/01/30 13:40,05F0055S,05F0287S,41,1518,3
2025/01/30 13:40,05F0055S,05F0287S,42,0,0
2025/01/30 13:40,05F0055S,05F0287S,5,0,0
2025/01/30 13:40,05F0287S,05F0309S,31,89,124
2025/01/30 13:40,05F0287S,05F0309S,32,91,25
2025/01/30 13:40,05F0287S,05F0309S,41,91,3
2025/01/30 13:40,05F0287S,05F0309S,42,0,0
2025/01/30 13:40,05F0287S,05F0309S,5,0,0
2025/01/30 13:40,05F0309S,05F0439S,31,494,87
2025/01/30 13:40,05F0309S,05F0439S,32,485,17
2025/01/30 13:40,05F0309S,05F0439S,41,481,1
2025/01/30 13:40,05F0309S,05F0439S,42,0,0
2025/01/30 13:40,05F0309S,05F0439S,5,0,0
2025/01/30 13:40,05F0439S,05F0494S,31,204,53
2025/01/30 13:40,05F0439S,05F0494S,32,208,13
2025/01/30 13:40,05F0439S,05F0494S,41,219,1
2025/01/30 13:40,05F0439S,05F0494S,42,0,0
2025/01/30 13:40,05F0439S,05F0494S,5,0,0
2025/01/30 13:45,05F0000S,05F0055S,31,275,155
2025/01/30 13:45,05F0000S,05F0055S,32,281,28
2025/01/30 13:45,05F0000S,05F0055S,41,0,0
2025/01/30 13:45,05F0000S,05F0055S,42,0,0
2025/01/30 13:45,05F0000S,05F0055S,5,0,0
2025/01/30 13:45,05F0055S,05F0287S,31,1465,156
2025/01/30 13:45,05F0055S,05F0287S,32,1467,36
2025/01/30 13:45,05F0055S,05F0287S,41,1523,6
2025/01/30 13:45,05F0055S,05F0287S,42,0,0
2025/01/30 13:45,05F0055S,05F0287S,5,0,0
2025/01/30 13:45,05F0287S,05F0309S,31,90,133
2025/01/30 13:45,05F0287S,05F0309S,32,93,20
2025/01/30 13:45,05F0287S,05F0309S,41,94,5
2025/01/30 13:45,05F0287S,05F0309S,42,0,0
2025/01/30 13:45,05F0287S,05F0309S,5,0,0
2025/01/30 13:45,05F0309S,05F0439S,31,496,87
2025/01/30 13:45,05F0309S,05F0439S,32,507,25
2025/01/30 13:45,05F0309S,05F0439S,41,551,2
2025/01/30 13:45,05F0309S,05F0439S,42,0,0
2025/01/30 13:45,05F0309S,05F0439S,5,0,0
2025/01/30 13:45,05F0439S,05F0494S,31,209,48
2025/01/30 13:45,05F0439S,05F0494S,32,202,12
2025/01/30 13:45,05F0439S,05F0494S,41,234,1
2025/01/30 13:45,05F0439S,05F0494S,42,0,0
2025/01/30 13:45,05F0439S,05F0494S,5,0,0
2025/01/30 13:50,05F0000S,05F0055S,31,290,135
2025/01/30 13:50,05F0000S,05F0055S,32,284,26
2025/01/30 13:50,05F0000S,05F0055S,41,0,0
2025/01/30 13:50,05F0000S,05F0055S,42,0,0
2025/01/30 13:50,05F0000S,05F0055S,5,0,0
2025/01/30 13:50,05F0055S,05F0287S,31,1434,180
2025/01/30 13:50,05F0055S,05F0287S,32,1448,38
2025/01/30 13:50,05F0055S,05F0287S,41,1481,3
2025/01/30 13:50,05F0055S,05F0287S,42,0,0
2025/01/30 13:50,05F0055S,05F0287S,5,0,0
2025/01/30 13:50,05F0287S,05F0309S,31,92,117
2025/01/30 13:50,05F0287S,05F0309S,32,92,40
2025/01/30 13:50,05F0287S,05F0309S,41,96,2
2025/01/30 13:50,05F0287S,05F0309S,42,0,0
2025/01/30 13:50,05F0287S,05F0309S,5,0,0
2025/01/30 13:50,05F0309S,05F0439S,31,488,118
2025/01/30 13:50,05F0309S,05F0439S,32,498,20
2025/01/30 13:50,05F0309S,05F0439S,41,539,3
2025/01/30 13:50,05F0309S,05F0439S,42,0,0
2025/01/30 13:50,05F0309S,05F0439S,5,0,0
2025/01/30 13:50,05F0439S,05F0494S,31,208,59
2025/01/30 13:50,05F0439S,05F0494S,32,202,19
2025/01/30 13:50,05F0439S,05F0494S,41,0,0
2025/01/30 13:50,05F0439S,05F0494S,42,246,1
2025/01/30 13:50,05F0439S,05F0494S,5,0,0
2025/01/30 13:55,05F0000S,05F0055S,31,292,168
2025/01/30 13:55,05F0000S,05F0055S,32,290,25
2025/01/30 13:55,05F0000S,05F0055S,41,298,3
2025/01/30 13:55,05F0000S,05F0055S,42,0,0
2025/01/30 13:55,05F0000S,05F0055S,5,0,0
2025/01/30 13:55,05F0055S,05F0287S,31,1431,178
2025/01/30 13:55,05F0055S,05F0287S,32,1421,26
2025/01/30 13:55,05F0055S,05F0287S,41,1450,6
2025/01/30 13:55,05F0055S,05F0287S,42,0,0
2025/01/30 13:55,05F0055S,05F0287S,5,0,0
2025/01/30 13:55,05F0287S,05F0309S,31,93,120
2025/01/30 13:55,05F0287S,05F0309S,32,94,17
2025/01/30 13:55,05F0287S,05F0309S,41,98,5
2025/01/30 13:55,05F0287S,05F0309S,42,0,0
2025/01/30 13:55,05F0287S,05F0309S,5,0,0
2025/01/30 13:55,05F0309S,05F0439S,31,491,105
2025/01/30 13:55,05F0309S,05F0439S,32,509,32
2025/01/30 13:55,05F0309S,05F0439S,41,532,3
2025/01/30 13:55,05F0309S,05F0439S,42,0,0
2025/01/30 13:55,05F0309S,05F0439S,5,604,1
2025/01/30 13:55,05F0439S,05F0494S,31,202,73
2025/01/30 13:55,05F0439S,05F0494S,32,212,14
2025/01/30 13:55,05F0439S,05F0494S,41,0,0
2025/01/30 13:55,05F0439S,05F0494S,42,0,0
2025/01/30 13:55,05F0439S,05F0494S,5,0,0
2025/01/30 14:00,05F0000S,05F0055S,31,281,168
2025/01/30 14:00,05F0000S,05F0055S,32,283,37
2025/01/30 14:00,05F0000S,05F0055S,41,0,0
2025/01/30 14:00,05F0000S,05F0055S,42,0,0
2025/01/30 14:00,05F0000S,05F0055S,5,0,0
2025/01/30 14:00,05F0055S,05F0287S,31,1403,184
2025/01/30 14:00,05F0055S,05F0287S,32,1390,29
2025/01/30 14:00,05F0055S,05F0287S,41,1457,3
2025/01/30 14:00,05F0055S,05F0287S,42,0,0
2025/01/30 14:00,05F0055S,05F0287S,5,0,0
2025/01/30 14:00,05F0287S,05F0309S,31,94,124
2025/01/30 14:00,05F0287S,05F0309S,32,91,20
2025/01/30 14:00,05F0287S,05F0309S,41,97,3
2025/01/30 14:00,05F0287S,05F0309S,42,0,0
2025/01/30 14:00,05F0287S,05F0309S,5,0,0
2025/01/30 14:00,05F0309S,05F0439S,31,493,92
2025/01/30 14:00,05F0309S,05F0439S,32,506,26
2025/01/30 14:00,05F0309S,05F0439S,41,551,1
2025/01/30 14:00,05F0309S,05F0439S,42,0,0
2025/01/30 14:00,05F0309S,05F0439S,5,0,0
2025/01/30 14:00,05F0439S,05F0494S,31,207,58
2025/01/30 14:00,05F0439S,05F0494S,32,207,17
2025/01/30 14:00,05F0439S,05F0494S,41,0,0
2025/01/30 14:00,05F0439S,05F0494S,42,0,0
2025/01/30 14:00,05F0439S,05F0494S,5,249,1
2025/01/30 14:05,05F0000S,05F0055S,31,271,134
2025/01/30 14:05,05F0000S,05F0055S,32,272,36
2025/01/30 14:05,05F0000S,05F0055S,41,283,2
2025/01/30 14:05,05F0000S,05F0055S,42,0,0
2025/01/30 14:05,05F0000S,05F0055S,5,0,0
2025/01/30 14:05,05F0055S,05F0287S,31,1327,171
2025/01/30 14:05,05F0055S,05F0287S,32,1369,35
2025/01/30 14:05,05F0055S,05F0287S,41,1400,6
2025/01/30 14:05,05F0055S,05F0287S,42,0,0
2025/01/30 14:05,05F0055S,05F0287S,5,0,0
2025/01/30 14:05,05F0287S,05F0309S,31,91,129
2025/01/30 14:05,05F0287S,05F0309S,32,92,22
2025/01/30 14:05,05F0287S,05F0309S,41,95,4
2025/01/30 14:05,05F0287S,05F0309S,42,0,0
2025/01/30 14:05,05F0287S,05F0309S,5,0,0
2025/01/30 14:05,05F0309S,05F0439S,31,490,102
2025/01/30 14:05,05F0309S,05F0439S,32,501,13
2025/01/30 14:05,05F0309S,05F0439S,41,539,3
2025/01/30 14:05,05F0309S,05F0439S,42,0,0
2025/01/30 14:05,05F0309S,05F0439S,5,0,0
2025/01/30 14:05,05F0439S,05F0494S,31,209,62
2025/01/30 14:05,05F0439S,05F0494S,32,211,10
2025/01/30 14:05,05F0439S,05F0494S,41,0,0
2025/01/30 14:05,05F0439S,05F0494S,42,0,0
2025/01/30 14:05,05F0439S,05F0494S,5,0,0
2025/01/30 14:10,05F0000S,05F0055S,31,277,147
2025/01/30 14:10,05F0000S,05F0055S,32,278,34
2025/01/30 14:10,05F0000S,05F0055S,41,274,1
2025/01/30 14:10,05F0000S,05F0055S,42,0,0
2025/01/30 14:10,05F0000S,05F0055S,5,0,0
2025/01/30 14:10,05F0055S,05F0287S,31,1333,150
2025/01/30 14:10,05F0055S,05F0287S,32,1320,36
2025/01/30 14:10,05F0055S,05F0287S,41,1385,3
2025/01/30 14:10,05F0055S,05F0287S,42,0,0
2025/01/30 14:10,05F0055S,05F0287S,5,0,0
2025/01/30 14:10,05F0287S,05F0309S,31,89,118
2025/01/30 14:10,05F0287S,05F0309S,32,89,23
2025/01/30 14:10,05F0287S,05F0309S,41,101,1
2025/01/30 14:10,05F0287S,05F0309S,42,0,0
2025/01/30 14:10,05F0287S,05F0309S,5,0,0
2025/01/30 14:10,05F0309S,05F0439S,31,498,117
2025/01/30 14:10,05F0309S,05F0439S,32,510,21
2025/01/30 14:10,05F0309S,05F0439S,41,543,2
2025/01/30 14:10,05F0309S,05F0439S,42,0,0
2025/01/30 14:10,05F0309S,05F0439S,5,0,0
2025/01/30 14:10,05F0439S,05F0494S,31,202,64
2025/01/30 14:10,05F0439S,05F0494S,32,208,12
2025/01/30 14:10,05F0439S,05F0494S,41,0,0
2025/01/30 14:10,05F0439S,05F0494S,42,0,0
2025/01/30 14:10,05F0439S,05F0494S,5,0,0
2025/01/30 14:15,05F0000S,05F0055S,31,283,148
2025/01/30 14:15,05F0000S,05F0055S,32,281,31
2025/01/30 14:15,05F0000S,05F0055S,41,2071,1
2025/01/30 14:15,05F0000S,05F0055S,42,0,0
2025/01/30 14:15,05F0000S,05F0055S,5,0,0
2025/01/30 14:15,05F0055S,05F0287S,31,1346,180
2025/01/30 14:15,05F0055S,05F0287S,32,1338,22
2025/01/30 14:15,05F0055S,05F0287S,41,1368,7
2025/01/30 14:15,05F0055S,05F0287S,42,0,0
2025/01/30 14:15,05F0055S,05F0287S,5,0,0
2025/01/30 14:15,05F0287S,05F0309S,31,89,113
2025/01/30 14:15,05F0287S,05F0309S,32,90,20
2025/01/30 14:15,05F0287S,05F0309S,41,97,4
2025/01/30 14:15,05F0287S,05F0309S,42,0,0
2025/01/30 14:15,05F0287S,05F0309S,5,0,0
2025/01/30 14:15,05F0309S,05F0439S,31,496,96
2025/01/30 14:15,05F0309S,05F0439S,32,510,23
2025/01/30 14:15,05F0309S,05F0439S,41,523,1
2025/01/30 14:15,05F0309S,05F0439S,42,455,1
2025/01/30 14:15,05F0309S,05F0439S,5,0,0
2025/01/30 14:15,05F0439S,05F0494S,31,207,72
2025/01/30 14:15,05F0439S,05F0494S,32,208,10
2025/01/30 14:15,05F0439S,05F0494S,41,0,0
2025/01/30 14:15,05F0439S,05F0494S,42,0,0
2025/01/30 14:15,05F0439S,05F0494S,5,0,0
2025/01/30 14:20,05F0000S,05F0055S,31,281,160
2025/01/30 14:20,05F0000S,05F0055S,32,282,38
2025/01/30 14:20,05F0000S,05F0055S,41,0,0
2025/01/30 14:20,05F0000S,05F0055S,42,0,0
2025/01/30 14:20,05F0000S,05F0055S,5,0,0
2025/01/30 14:20,05F0055S,05F0287S,31,1357,164
2025/01/30 14:20,05F0055S,05F0287S,32,1359,32
2025/01/30 14:20,05F0055S,05F0287S,41,1379,4
2025/01/30 14:20,05F0055S,05F0287S,42,0,0
2025/01/30 14:20,05F0055S,05F0287S,5,0,0
2025/01/30 14:20,05F0287S,05F0309S,31,92,130
2025/01/30 14:20,05F0287S,05F0309S,32,89,25
2025/01/30 14:20,05F0287S,05F0309S,41,98,4
2025/01/30 14:20,05F0287S,05F0309S,42,0,0
2025/01/30 14:20,05F0287S,05F0309S,5,0,0
2025/01/30 14:20,05F0309S,05F0439S,31,503,92
2025/01/30 14:20,05F0309S,05F0439S,32,495,16
2025/01/30 14:20,05F0309S,05F0439S,41,0,0
2025/01/30 14:20,05F0309S,05F0439S,42,0,0
2025/01/30 14:20,05F0309S,05F0439S,5,0,0
2025/01/30 14:20,05F0439S,05F0494S,31,205,57
2025/01/30 14:20,05F0439S,05F0494S,32,224,13
2025/01/30 14:20,05F0439S,05F0494S,41,0,0
2025/01/30 14:20,05F0439S,05F0494S,42,198,1
2025/01/30 14:20,05F0439S,05F0494S,5,0,0
2025/01/30 14:25,05F0000S,05F0055S,31,295,159
2025/01/30 14:25,05F0000S,05F0055S,32,295,35
2025/01/30 14:25,05F0000S,05F0055S,41,0,0
2025/01/30 14:25,05F0000S,05F0055S,42,0,0
2025/01/30 14:25,05F0000S,05F0055S,5,0,0
2025/01/30 14:25,05F0055S,05F0287S,31,1358,171
2025/01/30 14:25,05F0055S,05F0287S,32,1373,40
2025/01/30 14:25,05F0055S,05F0287S,41,1392,6
2025/01/30 14:25,05F0055S,05F0287S,42,0,0
2025/01/30 14:25,05F0055S,05F0287S,5,0,0
2025/01/30 14:25,05F0287S,05F0309S,31,89,123
2025/01/30 14:25,05F0287S,05F0309S,32,89,25
2025/01/30 14:25,05F0287S,05F0309S,41,91,4
2025/01/30 14:25,05F0287S,05F0309S,42,0,0
2025/01/30 14:25,05F0287S,05F0309S,5,0,0
2025/01/30 14:25,05F0309S,05F0439S,31,505,95
2025/01/30 14:25,05F0309S,05F0439S,32,508,20
2025/01/30 14:25,05F0309S,05F0439S,41,550,5
2025/01/30 14:25,05F0309S,05F0439S,42,0,0
2025/01/30 14:25,05F0309S,05F0439S,5,0,0
2025/01/30 14:25,05F0439S,05F0494S,31,204,56
2025/01/30 14:25,05F0439S,05F0494S,32,202,10
2025/01/30 14:25,05F0439S,05F0494S,41,0,0
2025/01/30 14:25,05F0439S,05F0494S,42,0,0
2025/01/30 14:25,05F0439S,05F0494S,5,0,0
2025/01/30 14:30,05F0000S,05F0055S,31,302,152
2025/01/30 14:30,05F0000S,05F0055S,32,305,29
2025/01/30 14:30,05F0000S,05F0055S,41,287,2
2025/01/30 14:30,05F0000S,05F0055S,42,0,0
2025/01/30 14:30,05F0000S,05F0055S,5,0,0
2025/01/30 14:30,05F0055S,05F0287S,31,1371,154
2025/01/30 14:30,05F0055S,05F0287S,32,1369,36
2025/01/30 14:30,05F0055S,05F0287S,41,1395,5
2025/01/30 14:30,05F0055S,05F0287S,42,0,0
2025/01/30 14:30,05F0055S,05F0287S,5,0,0
2025/01/30 14:30,05F0287S,05F0309S,31,90,110
2025/01/30 14:30,05F0287S,05F0309S,32,93,31
2025/01/30 14:30,05F0287S,05F0309S,41,98,5
2025/01/30 14:30,05F0287S,05F0309S,42,0,0
2025/01/30 14:30,05F0287S,05F0309S,5,0,0
2025/01/30 14:30,05F0309S,05F0439S,31,504,116
2025/01/30 14:30,05F0309S,05F0439S,32,504,27
2025/01/30 14:30,05F0309S,05F0439S,41,509,1
2025/01/30 14:30,05F0309S,05F0439S,42,0,0
2025/01/30 14:30,05F0309S,05F0439S,5,0,0
2025/01/30 14:30,05F0439S,05F0494S,31,211,59
2025/01/30 14:30,05F0439S,05F0494S,32,209,13
2025/01/30 14:30,05F0439S,05F0494S,41,0,0
2025/01/30 14:30,05F0439S,05F0494S,42,0,0
2025/01/30 14:30,05F0439S,05F0494S,5,0,0
2025/01/30 14:35,05F0000S,05F0055S,31,340,136
2025/01/30 14:35,05F0000S,05F0055S,32,337,27
2025/01/30 14:35,05F0000S,05F0055S,41,0,0
2025/01/30 14:35,05F0000S,05F0055S,42,0,0
2025/01/30 14:35,05F0000S,05F0055S,5,0,0
2025/01/30 14:35,05F0055S,05F0287S,31,1378,151
2025/01/30 14:35,05F0055S,05F0287S,32,1391,38
2025/01/30 14:35,05F0055S,05F0287S,41,1419,4
2025/01/30 14:35,05F0055S,05F0287S,42,0,0
2025/01/30 14:35,05F0055S,05F0287S,5,0,0
2025/01/30 14:35,05F0287S,05F0309S,31,91,113
2025/01/30 14:35,05F0287S,05F0309S,32,94,32
2025/01/30 14:35,05F0287S,05F0309S,41,98,5
2025/01/30 14:35,05F0287S,05F0309S,42,0,0
2025/01/30 14:35,05F0287S,05F0309S,5,0,0
2025/01/30 14:35,05F0309S,05F0439S,31,493,108
2025/01/30 14:35,05F0309S,05F0439S,32,501,22
2025/01/30 14:35,05F0309S,05F0439S,41,512,3
2025/01/30 14:35,05F0309S,05F0439S,42,503,1
2025/01/30 14:35,05F0309S,05F0439S,5,0,0
2025/01/30 14:35,05F0439S,05F0494S,31,203,65
2025/01/30 14:35,05F0439S,05F0494S,32,202,14
2025/01/30 14:35,05F0439S,05F0494S,41,0,0
2025/01/30 14:35,05F0439S,05F0494S,42,205,1
2025/01/30 14:35,05F0439S,05F0494S,5,0,0
2025/01/30 14:40,05F0000S,05F0055S,31,366,148
2025/01/30 14:40,05F0000S,05F0055S,32,367,27
2025/01/30 14:40,05F0000S,05F0055S,41,0,0
2025/01/30 14:40,05F0000S,05F0055S,42,0,0
2025/01/30 14:40,05F0000S,05F0055S,5,0,0
2025/01/30 14:40,05F0055S,05F0287S,31,1404,153
2025/01/30 14:40,05F0055S,05F0287S,32,1401,30
2025/01/30 14:40,05F0055S,05F0287S,41,1471,3
2025/01/30 14:40,05F0055S,05F0287S,42,0,0
2025/01/30 14:40,05F0055S,05F0287S,5,0,0
2025/01/30 14:40,05F0287S,05F0309S,31,89,114
2025/01/30 14:40,05F0287S,05F0309S,32,89,20
2025/01/30 14:40,05F0287S,05F0309S,41,95,2
2025/01/30 14:40,05F0287S,05F0309S,42,0,0
2025/01/30 14:40,05F0287S,05F0309S,5,0,0
2025/01/30 14:40,05F0309S,05F0439S,31,496,90
2025/01/30 14:40,05F0309S,05F0439S,32,502,27
2025/01/30 14:40,05F0309S,05F0439S,41,544,5
2025/01/30 14:40,05F0309S,05F0439S,42,0,0
2025/01/30 14:40,05F0309S,05F0439S,5,0,0
2025/01/30 14:40,05F0439S,05F0494S,31,204,42
2025/01/30 14:40,05F0439S,05F0494S,32,210,12
2025/01/30 14:40,05F0439S,05F0494S,41,0,0
2025/01/30 14:40,05F0439S,05F0494S,42,0,0
2025/01/30 14:40,05F0439S,05F0494S,5,0,0
2025/01/30 14:45,05F0000S,05F0055S,31,393,148
2025/01/30 14:45,05F0000S,05F0055S,32,397,28
2025/01/30 14:45,05F0000S,05F0055S,41,0,0
2025/01/30 14:45,05F0000S,05F0055S,42,0,0
2025/01/30 14:45,05F0000S,05F0055S,5,0,0
2025/01/30 14:45,05F0055S,05F0287S,31,1443,157
2025/01/30 14:45,05F0055S,05F0287S,32,1455,39
2025/01/30 14:45,05F0055S,05F0287S,41,1463,6
2025/01/30 14:45,05F0055S,05F0287S,42,0,0
2025/01/30 14:45,05F0055S,05F0287S,5,0,0
2025/01/30 14:45,05F0287S,05F0309S,31,89,132
2025/01/30 14:45,05F0287S,05F0309S,32,91,33
2025/01/30 14:45,05F0287S,05F0309S,41,97,5
2025/01/30 14:45,05F0287S,05F0309S,42,0,0
2025/01/30 14:45,05F0287S,05F0309S,5,0,0
2025/01/30 14:45,05F0309S,05F0439S,31,497,117
2025/01/30 14:45,05F0309S,05F0439S,32,509,30
2025/01/30 14:45,05F0309S,05F0439S,41,523,2
2025/01/30 14:45,05F0309S,05F0439S,42,0,0
2025/01/30 14:45,05F0309S,05F0439S,5,0,0
2025/01/30 14:45,05F0439S,05F0494S,31,204,53
2025/01/30 14:45,05F0439S,05F0494S,32,209,12
2025/01/30 14:45,05F0439S,05F0494S,41,257,1
2025/01/30 14:45,05F0439S,05F0494S,42,0,0
2025/01/30 14:45,05F0439S,05F0494S,5,0,0
2025/01/30 14:50,05F0000S,05F0055S,31,427,151
2025/01/30 14:50,05F0000S,05F0055S,32,428,29
2025/01/30 14:50,05F0000S,05F0055S,41,440,1
2025/01/30 14:50,05F0000S,05F0055S,42,0,0
2025/01/30 14:50,05F0000S,05F0055S,5,0,0
2025/01/30 14:50,05F0055S,05F0287S,31,1466,167
2025/01/30 14:50,05F0055S,05F0287S,32,1466,35
2025/01/30 14:50,05F0055S,05F0287S,41,1496,2
2025/01/30 14:50,05F0055S,05F0287S,42,0,0
2025/01/30 14:50,05F0055S,05F0287S,5,0,0
2025/01/30 14:50,05F0287S,05F0309S,31,90,113
2025/01/30 14:50,05F0287S,05F0309S,32,89,27
2025/01/30 14:50,05F0287S,05F0309S,41,867,3
2025/01/30 14:50,05F0287S,05F0309S,42,0,0
2025/01/30 14:50,05F0287S,05F0309S,5,0,0
2025/01/30 14:50,05F0309S,05F0439S,31,494,89
2025/01/30 14:50,05F0309S,05F0439S,32,489,15
2025/01/30 14:50,05F0309S,05F0439S,41,530,1
2025/01/30 14:50,05F0309S,05F0439S,42,0,0
2025/01/30 14:50,05F0309S,05F0439S,5,0,0
2025/01/30 14:50,05F0439S,05F0494S,31,202,49
2025/01/30 14:50,05F0439S,05F0494S,32,208,13
2025/01/30 14:50,05F0439S,05F0494S,41,0,0
2025/01/30 14:50,05F0439S,05F0494S,42,0,0
2025/01/30 14:50,05F0439S,05F0494S,5,0,0
2025/01/30 14:55,05F0000S,05F0055S,31,453,159
2025/01/30 14:55,05F0000S,05F0055S,32,459,26
2025/01/30 14:55,05F0000S,05F0055S,41,459,2
2025/01/30 14:55,05F0000S,05F0055S,42,0,0
2025/01/30 14:55,05F0000S,05F0055S,5,0,0
2025/01/30 14:55,05F0055S,05F0287S,31,1500,152
2025/01/30 14:55,05F0055S,05F0287S,32,1503,33
2025/01/30 14:55,05F0055S,05F0287S,41,1521,6
2025/01/30 14:55,05F0055S,05F0287S,42,0,0
2025/01/30 14:55,05F0055S,05F0287S,5,0,0
2025/01/30 14:55,05F0287S,05F0309S,31,90,127
2025/01/30 14:55,05F0287S,05F0309S,32,92,27
2025/01/30 14:55,05F0287S,05F0309S,41,93,8
2025/01/30 14:55,05F0287S,05F0309S,42,0,0
2025/01/30 14:55,05F0287S,05F0309S,5,0,0
2025/01/30 14:55,05F0309S,05F0439S,31,507,107
2025/01/30 14:55,05F0309S,05F0439S,32,519,26
2025/01/30 14:55,05F0309S,05F0439S,41,549,4
2025/01/30 14:55,05F0309S,05F0439S,42,0,0
2025/01/30 14:55,05F0309S,05F0439S,5,0,0
2025/01/30 14:55,05F0439S,05F0494S,31,202,49
2025/01/30 14:55,05F0439S,05F0494S,32,208,14
2025/01/30 14:55,05F0439S,05F0494S,41,0,0
2025/01/30 14:55,05F0439S,05F0494S,42,0,0
2025/01/30 14:55,05F0439S,05F0494S,5,0,0
2025/01/30 15:00,05F0000S,05F0055S,31,462,161
2025/01/30 15:00,05F0000S,05F0055S,32,466,27
2025/01/30 15:00,05F0000S,05F0055S,41,463,1
2025/01/30 15:00,05F0000S,05F0055S,42,0,0
2025/01/30 15:00,05F0000S,05F0055S,5,0,0
2025/01/30 15:00,05F0055S,05F0287S,31,1520,154
2025/01/30 15:00,05F0055S,05F0287S,32,1524,36
2025/01/30 15:00,05F0055S,05F0287S,41,1577,1
2025/01/30 15:00,05F0055S,05F0287S,42,0,0
2025/01/30 15:00,05F0055S,05F0287S,5,0,0
2025/01/30 15:00,05F0287S,05F0309S,31,90,105
2025/01/30 15:00,05F0287S,05F0309S,32,90,35
2025/01/30 15:00,05F0287S,05F0309S,41,0,0
2025/01/30 15:00,05F0287S,05F0309S,42,0,0
2025/01/30 15:00,05F0287S,05F0309S,5,0,0
2025/01/30 15:00,05F0309S,05F0439S,31,500,88
2025/01/30 15:00,05F0309S,05F0439S,32,506,24
2025/01/30 15:00,05F0309S,05F0439S,41,0,0
2025/01/30 15:00,05F0309S,05F0439S,42,0,0
2025/01/30 15:00,05F0309S,05F0439S,5,0,0
2025/01/30 15:00,05F0439S,05F0494S,31,214,57
2025/01/30 15:00,05F0439S,05F0494S,32,210,12
2025/01/30 15:00,05F0439S,05F0494S,41,0,0
2025/01/30 15:00,05F0439S,05F0494S,42,0,0
2025/01/30 15:00,05F0439S,05F0494S,5,0,0
2025/01/30 15:05,05F0000S,05F0055S,31,462,133
2025/01/30 15:05,05F0000S,05F0055S,32,463,25
2025/01/30 15:05,05F0000S,05F0055S,41,472,3
2025/01/30 15:05,05F0000S,05F0055S,42,0,0
2025/01/30 15:05,05F0000S,05F0055S,5,0,0
2025/01/30 15:05,05F0055S,05F0287S,31,1518,170
2025/01/30 15:05,05F0055S,05F0287S,32,1525,30
2025/01/30 15:05,05F0055S,05F0287S,41,1547,4
2025/01/30 15:05,05F0055S,05F0287S,42,0,0
2025/01/30 15:05,05F0055S,05F0287S,5,0,0
2025/01/30 15:05,05F0287S,05F0309S,31,90,134
2025/01/30 15:05,05F0287S,05F0309S,32,91,22
2025/01/30 15:05,05F0287S,05F0309S,41,96,4
2025/01/30 15:05,05F0287S,05F0309S,42,0,0
2025/01/30 15:05,05F0287S,05F0309S,5,0,0
2025/01/30 15:05,05F0309S,05F0439S,31,494,92
2025/01/30 15:05,05F0309S,05F0439S,32,503,26
2025/01/30 15:05,05F0309S,05F0439S,41,539,6
2025/01/30 15:05,05F0309S,05F0439S,42,0,0
2025/01/30 15:05,05F0309S,05F0439S,5,0,0
2025/01/30 15:05,05F0439S,05F0494S,31,214,56
2025/01/30 15:05,05F0439S,05F0494S,32,216,16
2025/01/30 15:05,05F0439S,05F0494S,41,0,0
2025/01/30 15:05,05F0439S,05F0494S,42,0,0
2025/01/30 15:05,05F0439S,05F0494S,5,0,0
2025/01/30 15:10,05F0000S,05F0055S,31,463,150
2025/01/30 15:10,05F0000S,05F0055S,32,467,24
2025/01/30 15:10,05F0000S,05F0055S,41,494,1
2025/01/30 15:10,05F0000S,05F0055S,42,0,0
2025/01/30 15:10,05F0000S,05F0055S,5,0,0
2025/01/30 15:10,05F0055S,05F0287S,31,1522,160
2025/01/30 15:10,05F0055S,05F0287S,32,1526,33
2025/01/30 15:10,05F0055S,05F0287S,41,1526,4
2025/01/30 15:10,05F0055S,05F0287S,42,0,0
2025/01/30 15:10,05F0055S,05F0287S,5,0,0
2025/01/30 15:10,05F0287S,05F0309S,31,90,120
2025/01/30 15:10,05F0287S,05F0309S,32,92,25
2025/01/30 15:10,05F0287S,05F0309S,41,93,2
2025/01/30 15:10,05F0287S,05F0309S,42,0,0
2025/01/30 15:10,05F0287S,05F0309S,5,0,0
2025/01/30 15:10,05F0309S,05F0439S,31,489,85
2025/01/30 15:10,05F0309S,05F0439S,32,507,19
2025/01/30 15:10,05F0309S,05F0439S,41,2049,1
2025/01/30 15:10,05F0309S,05F0439S,42,0,0
2025/01/30 15:10,05F0309S,05F0439S,5,0,0
2025/01/30 15:10,05F0439S,05F0494S,31,202,43
2025/01/30 15:10,05F0439S,05F0494S,32,206,17
2025/01/30 15:10,05F0439S,05F0494S,41,0,0
2025/01/30 15:10,05F0439S,05F0494S,42,0,0
2025/01/30 15:10,05F0439S,05F0494S,5,0,0
2025/01/30 15:15,05F0000S,05F0055S,31,490,162
2025/01/30 15:15,05F0000S,05F0055S,32,482,26
2025/01/30 15:15,05F0000S,05F0055S,41,0,0
2025/01/30 15:15,05F0000S,05F0055S,42,0,0
2025/01/30 15:15,05F0000S,05F0055S,5,0,0
2025/01/30 15:15,05F0055S,05F0287S,31,1520,157
2025/01/30 15:15,05F0055S,05F0287S,32,1527,35
2025/01/30 15:15,05F0055S,05F0287S,41,1528,2
2025/01/30 15:15,05F0055S,05F0287S,42,0,0
2025/01/30 15:15,05F0055S,05F0287S,5,0,0
2025/01/30 15:15,05F0287S,05F0309S,31,90,115
2025/01/30 15:15,05F0287S,05F0309S,32,90,26
2025/01/30 15:15,05F0287S,05F0309S,41,98,3
2025/01/30 15:15,05F0287S,05F0309S,42,0,0
2025/01/30 15:15,05F0287S,05F0309S,5,0,0
2025/01/30 15:15,05F0309S,05F0439S,31,523,99
2025/01/30 15:15,05F0309S,05F0439S,32,526,27
2025/01/30 15:15,05F0309S,05F0439S,41,556,2
2025/01/30 15:15,05F0309S,05F0439S,42,0,0
2025/01/30 15:15,05F0309S,05F0439S,5,0,0
2025/01/30 15:15,05F0439S,05F0494S,31,205,51
2025/01/30 15:15,05F0439S,05F0494S,32,209,13
2025/01/30 15:15,05F0439S,05F0494S,41,0,0
2025/01/30 15:15,05F0439S,05F0494S,42,0,0
2025/01/30 15:15,05F0439S,05F0494S,5,0,0
2025/01/30 15:20,05F0000S,05F0055S,31,488,148
2025/01/30 15:20,05F0000S,05F0055S,32,489,21
2025/01/30 15:20,05F0000S,05F0055S,41,0,0
2025/01/30 15:20,05F0000S,05F0055S,42,0,0
2025/01/30 15:20,05F0000S,05F0055S,5,0,0
2025/01/30 15:20,05F0055S,05F0287S,31,1504,178
2025/01/30 15:20,05F0055S,05F0287S,32,1518,30
2025/01/30 15:20,05F0055S,05F0287S,41,1545,5
2025/01/30 15:20,05F0055S,05F0287S,42,0,0
2025/01/30 15:20,05F0055S,05F0287S,5,0,0
2025/01/30 15:20,05F0287S,05F0309S,31,90,141
2025/01/30 15:20,05F0287S,05F0309S,32,92,19
2025/01/30 15:20,05F0287S,05F0309S,41,101,2
2025/01/30 15:20,05F0287S,05F0309S,42,0,0
2025/01/30 15:20,05F0287S,05F0309S,5,0,0
2025/01/30 15:20,05F0309S,05F0439S,31,513,97
2025/01/30 15:20,05F0309S,05F0439S,32,505,23
2025/01/30 15:20,05F0309S,05F0439S,41,541,3
2025/01/30 15:20,05F0309S,05F0439S,42,0,0
2025/01/30 15:20,05F0309S,05F0439S,5,0,0
2025/01/30 15:20,05F0439S,05F0494S,31,219,53
2025/01/30 15:20,05F0439S,05F0494S,32,232,9
2025/01/30 15:20,05F0439S,05F0494S,41,0,0
2025/01/30 15:20,05F0439S,05F0494S,42,0,0
2025/01/30 15:20,05F0439S,05F0494S,5,0,0
2025/01/30 15:25,05F0000S,05F0055S,31,493,158
2025/01/30 15:25,05F0000S,05F0055S,32,488,26
2025/01/30 15:25,05F0000S,05F0055S,41,483,1
2025/01/30 15:25,05F0000S,05F0055S,42,0,0
2025/01/30 15:25,05F0000S,05F0055S,5,0,0
2025/01/30 15:25,05F0055S,05F0287S,31,1511,172
2025/01/30 15:25,05F0055S,05F0287S,32,1517,26
2025/01/30 15:25,05F0055S,05F0287S,41,1540,7
2025/01/30 15:25,05F0055S,05F0287S,42,0,0
2025/01/30 15:25,05F0055S,05F0287S,5,0,0
2025/01/30 15:25,05F0287S,05F0309S,31,87,113
2025/01/30 15:25,05F0287S,05F0309S,32,86,23
2025/01/30 15:25,05F0287S,05F0309S,41,94,6
2025/01/30 15:25,05F0287S,05F0309S,42,0,0
2025/01/30 15:25,05F0287S,05F0309S,5,0,0
2025/01/30 15:25,05F0309S,05F0439S,31,498,83
2025/01/30 15:25,05F0309S,05F0439S,32,499,16
2025/01/30 15:25,05F0309S,05F0439S,41,563,2
2025/01/30 15:25,05F0309S,05F0439S,42,0,0
2025/01/30 15:25,05F0309S,05F0439S,5,0,0
2025/01/30 15:25,05F0439S,05F0494S,31,213,46
2025/01/30 15:25,05F0439S,05F0494S,32,219,13
2025/01/30 15:25,05F0439S,05F0494S,41,214,1
2025/01/30 15:25,05F0439S,05F0494S,42,0,0
2025/01/30 15:25,05F0439S,05F0494S,5,0,0
2025/01/30 15:30,05F0000S,05F0055S,31,500,146
2025/01/30 15:30,05F0000S,05F0055S,32,502,30
2025/01/30 15:30,05F0000S,05F0055S,41,0,0
2025/01/30 15:30,05F0000S,05F0055S,42,0,0
2025/01/30 15:30,05F0000S,05F0055S,5,0,0
2025/01/30 15:30,05F0055S,05F0287S,31,1490,169
2025/01/30 15:30,05F0055S,05F0287S,32,1494,23
2025/01/30 15:30,05F0055S,05F0287S,41,1504,8
2025/01/30 15:30,05F0055S,05F0287S,42,0,0
2025/01/30 15:30,05F0055S,05F0287S,5,0,0
2025/01/30 15:30,05F0287S,05F0309S,31,88,148
2025/01/30 15:30,05F0287S,05F0309S,32,91,21
2025/01/30 15:30,05F0287S,05F0309S,41,100,4
2025/01/30 15:30,05F0287S,05F0309S,42,0,0
2025/01/30 15:30,05F0287S,05F0309S,5,0,0
2025/01/30 15:30,05F0309S,05F0439S,31,505,108
2025/01/30 15:30,05F0309S,05F0439S,32,483,16
2025/01/30 15:30,05F0309S,05F0439S,41,513,3
2025/01/30 15:30,05F0309S,05F0439S,42,0,0
2025/01/30 15:30,05F0309S,05F0439S,5,0,0
2025/01/30 15:30,05F0439S,05F0494S,31,210,53
2025/01/30 15:30,05F0439S,05F0494S,32,209,9
2025/01/30 15:30,05F0439S,05F0494S,41,0,0
2025/01/30 15:30,05F0439S,05F0494S,42,0,0
2025/01/30 15:30,05F0439S,05F0494S,5,0,0
2025/01/30 15:35,05F0000S,05F0055S,31,499,135
2025/01/30 15:35,05F0000S,05F0055S,32,497,37
2025/01/30 15:35,05F0000S,05F0055S,41,516,3
2025/01/30 15:35,05F0000S,05F0055S,42,0,0
2025/01/30 15:35,05F0000S,05F0055S,5,0,0
2025/01/30 15:35,05F0055S,05F0287S,31,1456,174
2025/01/30 15:35,05F0055S,05F0287S,32,1448,36
2025/01/30 15:35,05F0055S,05F0287S,41,1486,5
2025/01/30 15:35,05F0055S,05F0287S,42,0,0
2025/01/30 15:35,05F0055S,05F0287S,5,0,0
2025/01/30 15:35,05F0287S,05F0309S,31,90,117
2025/01/30 15:35,05F0287S,05F0309S,32,90,25
2025/01/30 15:35,05F0287S,05F0309S,41,93,5
2025/01/30 15:35,05F0287S,05F0309S,42,0,0
2025/01/30 15:35,05F0287S,05F0309S,5,0,0
2025/01/30 15:35,05F0309S,05F0439S,31,495,102
2025/01/30 15:35,05F0309S,05F0439S,32,504,20
2025/01/30 15:35,05F0309S,05F0439S,41,547,3
2025/01/30 15:35,05F0309S,05F0439S,42,517,1
2025/01/30 15:35,05F0309S,05F0439S,5,0,0
2025/01/30 15:35,05F0439S,05F0494S,31,205,51
2025/01/30 15:35,05F0439S,05F0494S,32,200,10
2025/01/30 15:35,05F0439S,05F0494S,41,208,1
2025/01/30 15:35,05F0439S,05F0494S,42,0,0
2025/01/30 15:35,05F0439S,05F0494S,5,0,0
2025/01/30 15:40,05F0000S,05F0055S,31,483,160
2025/01/30 15:40,05F0000S,05F0055S,32,482,30
2025/01/30 15:40,05F0000S,05F0055S,41,0,0
2025/01/30 15:40,05F0000S,05F0055S,42,0,0
2025/01/30 15:40,05F0000S,05F0055S,5,0,0
2025/01/30 15:40,05F0055S,05F0287S,31,1433,175
2025/01/30 15:40,05F0055S,05F0287S,32,1427,28
2025/01/30 15:40,05F0055S,05F0287S,41,1490,7
2025/01/30 15:40,05F0055S,05F0287S,42,0,0
2025/01/30 15:40,05F0055S,05F0287S,5,0,0
2025/01/30 15:40,05F0287S,05F0309S,31,92,136
2025/01/30 15:40,05F0287S,05F0309S,32,91,24
2025/01/30 15:40,05F0287S,05F0309S,41,94,4
2025/01/30 15:40,05F0287S,05F0309S,42,99,1
2025/01/30 15:40,05F0287S,05F0309S,5,0,0
2025/01/30 15:40,05F0309S,05F0439S,31,487,101
2025/01/30 15:40,05F0309S,05F0439S,32,491,16
2025/01/30 15:40,05F0309S,05F0439S,41,533,4
2025/01/30 15:40,05F0309S,05F0439S,42,0,0
2025/01/30 15:40,05F0309S,05F0439S,5,0,0
2025/01/30 15:40,05F0439S,05F0494S,31,205,66
2025/01/30 15:40,05F0439S,05F0494S,32,201,13
2025/01/30 15:40,05F0439S,05F0494S,41,0,0
2025/01/30 15:40,05F0439S,05F0494S,42,216,1
2025/01/30 15:40,05F0439S,05F0494S,5,0,0
2025/01/30 15:45,05F0000S,05F0055S,31,460,147
2025/01/30 15:45,05F0000S,05F0055S,32,460,35
2025/01/30 15:45,05F0000S,05F0055S,41,465,2
2025/01/30 15:45,05F0000S,05F0055S,42,0,0
2025/01/30 15:45,05F0000S,05F0055S,5,0,0
2025/01/30 15:45,05F0055S,05F0287S,31,1449,144
2025/01/30 15:45,05F0055S,05F0287S,32,1445,25
2025/01/30 15:45,05F0055S,05F0287S,41,1531,3
2025/01/30 15:45,05F0055S,05F0287S,42,0,0
2025/01/30 15:45,05F0055S,05F0287S,5,0,0
2025/01/30 15:45,05F0287S,05F0309S,31,88,123
2025/01/30 15:45,05F0287S,05F0309S,32,90,18
2025/01/30 15:45,05F0287S,05F0309S,41,96,5
2025/01/30 15:45,05F0287S,05F0309S,42,0,0
2025/01/30 15:45,05F0287S,05F0309S,5,0,0
2025/01/30 15:45,05F0309S,05F0439S,31,489,93
2025/01/30 15:45,05F0309S,05F0439S,32,483,22
2025/01/30 15:45,05F0309S,05F0439S,41,538,2
2025/01/30 15:45,05F0309S,05F0439S,42,0,0
2025/01/30 15:45,05F0309S,05F0439S,5,0,0
2025/01/30 15:45,05F0439S,05F0494S,31,200,57
2025/01/30 15:45,05F0439S,05F0494S,32,210,7
2025/01/30 15:45,05F0439S,05F0494S,41,0,0
2025/01/30 15:45,05F0439S,05F0494S,42,0,0
2025/01/30 15:45,05F0439S,05F0494S,5,0,0
2025/01/30 15:50,05F0000S,05F0055S,31,446,155
2025/01/30 15:50,05F0000S,05F0055S,32,444,32
2025/01/30 15:50,05F0000S,05F0055S,41,429,1
2025/01/30 15:50,05F0000S,05F0055S,42,0,0
2025/01/30 15:50,05F0000S,05F0055S,5,0,0
2025/01/30 15:50,05F0055S,05F0287S,31,1485,170
2025/01/30 15:50,05F0055S,05F0287S,32,1473,21
2025/01/30 15:50,05F0055S,05F0287S,41,1518,6
2025/01/30 15:50,05F0055S,05F0287S,42,0,0
2025/01/30 15:50,05F0055S,05F0287S,5,0,0
2025/01/30 15:50,05F0287S,05F0309S,31,90,117
2025/01/30 15:50,05F0287S,05F0309S,32,89,18
2025/01/30 15:50,05F0287S,05F0309S,41,93,5
2025/01/30 15:50,05F0287S,05F0309S,42,0,0
2025/01/30 15:50,05F0287S,05F0309S,5,0,0
2025/01/30 15:50,05F0309S,05F0439S,31,489,97
2025/01/30 15:50,05F0309S,05F0439S,32,496,14
2025/01/30 15:50,05F0309S,05F0439S,41,571,3
2025/01/30 15:50,05F0309S,05F0439S,42,0,0
2025/01/30 15:50,05F0309S,05F0439S,5,0,0
2025/01/30 15:50,05F0439S,05F0494S,31,197,53
2025/01/30 15:50,05F0439S,05F0494S,32,204,10
2025/01/30 15:50,05F0439S,05F0494S,41,0,0
2025/01/30 15:50,05F0439S,05F0494S,42,0,0
2025/01/30 15:50,05F0439S,05F0494S,5,0,0
2025/01/30 15:55,05F0000S,05F0055S,31,437,155
2025/01/30 15:55,05F0000S,05F0055S,32,439,26
2025/01/30 15:55,05F0000S,05F0055S,41,438,3
2025/01/30 15:55,05F0000S,05F0055S,42,0,0
2025/01/30 15:55,05F0000S,05F0055S,5,0,0
2025/01/30 15:55,05F0055S,05F0287S,31,1475,166
2025/01/30 15:55,05F0055S,05F0287S,32,1472,37
2025/01/30 15:55,05F0055S,05F0287S,41,1495,3
2025/01/30 15:55,05F0055S,05F0287S,42,0,0
2025/01/30 15:55,05F0055S,05F0287S,5,0,0
2025/01/30 15:55,05F0287S,05F0309S,31,87,134
2025/01/30 15:55,05F0287S,05F0309S,32,89,23
2025/01/30 15:55,05F0287S,05F0309S,41,98,4
2025/01/30 15:55,05F0287S,05F0309S,42,0,0
2025/01/30 15:55,05F0287S,05F0309S,5,0,0
2025/01/30 15:55,05F0309S,05F0439S,31,487,79
2025/01/30 15:55,05F0309S,05F0439S,32,498,20
2025/01/30 15:55,05F0309S,05F0439S,41,543,3
2025/01/30 15:55,05F0309S,05F0439S,42,0,0
2025/01/30 15:55,05F0309S,05F0439S,5,0,0
2025/01/30 15:55,05F0439S,05F0494S,31,204,44
2025/01/30 15:55,05F0439S,05F0494S,32,209,12
2025/01/30 15:55,05F0439S,05F0494S,41,0,0
2025/01/30 15:55,05F0439S,05F0494S,42,208,2
2025/01/30 15:55,05F0439S,05F0494S,5,0,0
2025/01/30 16:00,05F0000S,05F0055S,31,420,157
2025/01/30 16:00,05F0000S,05F0055S,32,415,25
2025/01/30 16:00,05F0000S,05F0055S,41,423,3
2025/01/30 16:00,05F0000S,05F0055S,42,0,0
2025/01/30 16:00,05F0000S,05F0055S,5,0,0
2025/01/30 16:00,05F0055S,05F0287S,31,1471,155
2025/01/30 16:00,05F0055S,05F0287S,32,1472,38
2025/01/30 16:00,05F0055S,05F0287S,41,1508,8
2025/01/30 16:00,05F0055S,05F0287S,42,0,0
2025/01/30 16:00,05F0055S,05F0287S,5,0,0
2025/01/30 16:00,05F0287S,05F0309S,31,90,115
2025/01/30 16:00,05F0287S,05F0309S,32,90,35
2025/01/30 16:00,05F0287S,05F0309S,41,96,6
2025/01/30 16:00,05F0287S,05F0309S,42,0,0
2025/01/30 16:00,05F0287S,05F0309S,5,0,0
2025/01/30 16:00,05F0309S,05F0439S,31,483,93
2025/01/30 16:00,05F0309S,05F0439S,32,492,10
2025/01/30 16:00,05F0309S,05F0439S,41,537,4
2025/01/30 16:00,05F0309S,05F0439S,42,1345,1
2025/01/30 16:00,05F0309S,05F0439S,5,0,0
2025/01/30 16:00,05F0439S,05F0494S,31,204,54
2025/01/30 16:00,05F0439S,05F0494S,32,204,9
2025/01/30 16:00,05F0439S,05F0494S,41,0,0
2025/01/30 16:00,05F0439S,05F0494S,42,0,0
2025/01/30 16:00,05F0439S,05F0494S,5,0,0
2025/01/30 16:05,05F0000S,05F0055S,31,406,150
2025/01/30 16:05,05F0000S,05F0055S,32,406,31
2025/01/30 16:05,05F0000S,05F0055S,41,0,0
2025/01/30 16:05,05F0000S,05F0055S,42,0,0
2025/01/30 16:05,05F0000S,05F0055S,5,0,0
2025/01/30 16:05,05F0055S,05F0287S,31,1467,178
2025/01/30 16:05,05F0055S,05F0287S,32,1466,31
2025/01/30 16:05,05F0055S,05F0287S,41,1486,3
2025/01/30 16:05,05F0055S,05F0287S,42,0,0
2025/01/30 16:05,05F0055S,05F0287S,5,0,0
2025/01/30 16:05,05F0287S,05F0309S,31,90,113
2025/01/30 16:05,05F0287S,05F0309S,32,89,28
2025/01/30 16:05,05F0287S,05F0309S,41,93,5
2025/01/30 16:05,05F0287S,05F0309S,42,0,0
2025/01/30 16:05,05F0287S,05F0309S,5,0,0
2025/01/30 16:05,05F0309S,05F0439S,31,478,92
2025/01/30 16:05,05F0309S,05F0439S,32,497,25
2025/01/30 16:05,05F0309S,05F0439S,41,540,3
2025/01/30 16:05,05F0309S,05F0439S,42,549,1
2025/01/30 16:05,05F0309S,05F0439S,5,0,0
2025/01/30 16:05,05F0439S,05F0494S,31,195,52
2025/01/30 16:05,05F0439S,05F0494S,32,212,6
2025/01/30 16:05,05F0439S,05F0494S,41,0,0
2025/01/30 16:05,05F0439S,05F0494S,42,0,0
2025/01/30 16:05,05F0439S,05F0494S,5,0,0
2025/01/30 16:10,05F0000S,05F0055S,31,398,161
2025/01/30 16:10,05F0000S,05F0055S,32,398,27
2025/01/30 16:10,05F0000S,05F0055S,41,0,0
2025/01/30 16:10,05F0000S,05F0055S,42,0,0
2025/01/30 16:10,05F0000S,05F0055S,5,0,0
2025/01/30 16:10,05F0055S,05F0287S,31,1452,183
2025/01/30 16:10,05F0055S,05F0287S,32,1458,36
2025/01/30 16:10,05F0055S,05F0287S,41,1471,8
2025/01/30 16:10,05F0055S,05F0287S,42,0,0
2025/01/30 16:10,05F0055S,05F0287S,5,0,0
2025/01/30 16:10,05F0287S,05F0309S,31,90,131
2025/01/30 16:10,05F0287S,05F0309S,32,90,37
2025/01/30 16:10,05F0287S,05F0309S,41,91,3
2025/01/30 16:10,05F0287S,05F0309S,42,0,0
2025/01/30 16:10,05F0287S,05F0309S,5,0,0
2025/01/30 16:10,05F0309S,05F0439S,31,496,75
2025/01/30 16:10,05F0309S,05F0439S,32,501,20
2025/01/30 16:10,05F0309S,05F0439S,41,549,4
2025/01/30 16:10,05F0309S,05F0439S,42,0,0
2025/01/30 16:10,05F0309S,05F0439S,5,0,0
2025/01/30 16:10,05F0439S,05F0494S,31,199,50
2025/01/30 16:10,05F0439S,05F0494S,32,206,15
2025/01/30 16:10,05F0439S,05F0494S,41,0,0
2025/01/30 16:10,05F0439S,05F0494S,42,0,0
2025/01/30 16:10,05F0439S,05F0494S,5,0,0
2025/01/30 16:15,05F0000S,05F0055S,31,372,156
2025/01/30 16:15,05F0000S,05F0055S,32,370,25
2025/01/30 16:15,05F0000S,05F0055S,41,369,4
2025/01/30 16:15,05F0000S,05F0055S,42,0,0
2025/01/30 16:15,05F0000S,05F0055S,5,0,0
2025/01/30 16:15,05F0055S,05F0287S,31,1447,161
2025/01/30 16:15,05F0055S,05F0287S,32,1443,34
2025/01/30 16:15,05F0055S,05F0287S,41,1477,5
2025/01/30 16:15,05F0055S,05F0287S,42,0,0
2025/01/30 16:15,05F0055S,05F0287S,5,0,0
2025/01/30 16:15,05F0287S,05F0309S,31,90,131
2025/01/30 16:15,05F0287S,05F0309S,32,87,24
2025/01/30 16:15,05F0287S,05F0309S,41,93,4
2025/01/30 16:15,05F0287S,05F0309S,42,0,0
2025/01/30 16:15,05F0287S,05F0309S,5,0,0
2025/01/30 16:15,05F0309S,05F0439S,31,495,99
2025/01/30 16:15,05F0309S,05F0439S,32,491,18
2025/01/30 16:15,05F0309S,05F0439S,41,528,1
2025/01/30 16:15,05F0309S,05F0439S,42,525,2
2025/01/30 16:15,05F0309S,05F0439S,5,0,0
2025/01/30 16:15,05F0439S,05F0494S,31,210,47
2025/01/30 16:15,05F0439S,05F0494S,32,210,12
2025/01/30 16:15,05F0439S,05F0494S,41,0,0
2025/01/30 16:15,05F0439S,05F0494S,42,0,0
2025/01/30 16:15,05F0439S,05F0494S,5,0,0
2025/01/30 16:20,05F0000S,05F0055S,31,360,156
2025/01/30 16:20,05F0000S,05F0055S,32,355,33
2025/01/30 16:20,05F0000S,05F0055S,41,336,1
2025/01/30 16:20,05F0000S,05F0055S,42,0,0
2025/01/30 16:20,05F0000S,05F0055S,5,0,0
2025/01/30 16:20,05F0055S,05F0287S,31,1467,160
2025/01/30 16:20,05F0055S,05F0287S,32,1474,29
2025/01/30 16:20,05F0055S,05F0287S,41,1513,6
2025/01/30 16:20,05F0055S,05F0287S,42,0,0
2025/01/30 16:20,05F0055S,05F0287S,5,0,0
2025/01/30 16:20,05F0287S,05F0309S,31,88,124
2025/01/30 16:20,05F0287S,05F0309S,32,87,24
2025/01/30 16:20,05F0287S,05F0309S,41,90,5
2025/01/30 16:20,05F0287S,05F0309S,42,0,0
2025/01/30 16:20,05F0287S,05F0309S,5,0,0
2025/01/30 16:20,05F0309S,05F0439S,31,488,94
2025/01/30 16:20,05F0309S,05F0439S,32,487,15
2025/01/30 16:20,05F0309S,05F0439S,41,526,4
2025/01/30 16:20,05F0309S,05F0439S,42,0,0
2025/01/30 16:20,05F0309S,05F0439S,5,0,0
2025/01/30 16:20,05F0439S,05F0494S,31,205,59
2025/01/30 16:20,05F0439S,05F0494S,32,203,16
2025/01/30 16:20,05F0439S,05F0494S,41,249,1
2025/01/30 16:20,05F0439S,05F0494S,42,0,0
2025/01/30 16:20,05F0439S,05F0494S,5,0,0
2025/01/30 16:25,05F0000S,05F0055S,31,332,161
2025/01/30 16:25,05F0000S,05F0055S,32,334,40
2025/01/30 16:25,05F0000S,05F0055S,41,307,4
2025/01/30 16:25,05F0000S,05F0055S,42,0,0
2025/01/30 16:25,05F0000S,05F0055S,5,0,0
2025/01/30 16:25,05F0055S,05F0287S,31,1473,157
2025/01/30 16:25,05F0055S,05F0287S,32,1502,29
2025/01/30 16:25,05F0055S,05F0287S,41,1523,4
2025/01/30 16:25,05F0055S,05F0287S,42,0,0
2025/01/30 16:25,05F0055S,05F0287S,5,0,0
2025/01/30 16:25,05F0287S,05F0309S,31,88,114
2025/01/30 16:25,05F0287S,05F0309S,32,87,21
2025/01/30 16:25,05F0287S,05F0309S,41,92,5
2025/01/30 16:25,05F0287S,05F0309S,42,0,0
2025/01/30 16:25,05F0287S,05F0309S,5,0,0
2025/01/30 16:25,05F0309S,05F0439S,31,494,92
2025/01/30 16:25,05F0309S,05F0439S,32,487,17
2025/01/30 16:25,05F0309S,05F0439S,41,530,2
2025/01/30 16:25,05F0309S,05F0439S,42,0,0
2025/01/30 16:25,05F0309S,05F0439S,5,0,0
2025/01/30 16:25,05F0439S,05F0494S,31,204,41
2025/01/30 16:25,05F0439S,05F0494S,32,208,8
2025/01/30 16:25,05F0439S,05F0494S,41,0,0
2025/01/30 16:25,05F0439S,05F0494S,42,0,0
2025/01/30 16:25,05F0439S,05F0494S,5,0,0
2025/01/30 16:30,05F0000S,05F0055S,31,284,148
2025/01/30 16:30,05F0000S,05F0055S,32,296,35
2025/01/30 16:30,05F0000S,05F0055S,41,267,2
2025/01/30 16:30,05F0000S,05F0055S,42,0,0
2025/01/30 16:30,05F0000S,05F0055S,5,0,0
2025/01/30 16:30,05F0055S,05F0287S,31,1515,149
2025/01/30 16:30,05F0055S,05F0287S,32,1512,35
2025/01/30 16:30,05F0055S,05F0287S,41,1531,5
2025/01/30 16:30,05F0055S,05F0287S,42,0,0
2025/01/30 16:30,05F0055S,05F0287S,5,0,0
2025/01/30 16:30,05F0287S,05F0309S,31,88,115
2025/01/30 16:30,05F0287S,05F0309S,32,88,26
2025/01/30 16:30,05F0287S,05F0309S,41,97,3
2025/01/30 16:30,05F0287S,05F0309S,42,0,0
2025/01/30 16:30,05F0287S,05F0309S,5,0,0
2025/01/30 16:30,05F0309S,05F0439S,31,484,81
2025/01/30 16:30,05F0309S,05F0439S,32,474,17
2025/01/30 16:30,05F0309S,05F0439S,41,673,4
2025/01/30 16:30,05F0309S,05F0439S,42,0,0
2025/01/30 16:30,05F0309S,05F0439S,5,0,0
2025/01/30 16:30,05F0439S,05F0494S,31,204,47
2025/01/30 16:30,05F0439S,05F0494S,32,209,12
2025/01/30 16:30,05F0439S,05F0494S,41,0,0
2025/01/30 16:30,05F0439S,05F0494S,42,0,0
2025/01/30 16:30,05F0439S,05F0494S,5,0,0
2025/01/30 16:35,05F0000S,05F0055S,31,274,149
2025/01/30 16:35,05F0000S,05F0055S,32,273,42
2025/01/30 16:35,05F0000S,05F0055S,41,269,1
2025/01/30 16:35,05F0000S,05F0055S,42,0,0
2025/01/30 16:35,05F0000S,05F0055S,5,0,0
2025/01/30 16:35,05F0055S,05F0287S,31,1518,164
2025/01/30 16:35,05F0055S,05F0287S,32,1520,27
2025/01/30 16:35,05F0055S,05F0287S,41,0,0
2025/01/30 16:35,05F0055S,05F0287S,42,0,0
2025/01/30 16:35,05F0055S,05F0287S,5,0,0
2025/01/30 16:35,05F0287S,05F0309S,31,89,123
2025/01/30 16:35,05F0287S,05F0309S,32,90,28
2025/01/30 16:35,05F0287S,05F0309S,41,99,1
2025/01/30 16:35,05F0287S,05F0309S,42,0,0
2025/01/30 16:35,05F0287S,05F0309S,5,0,0
2025/01/30 16:35,05F0309S,05F0439S,31,484,84
2025/01/30 16:35,05F0309S,05F0439S,32,493,14
2025/01/30 16:35,05F0309S,05F0439S,41,530,3
2025/01/30 16:35,05F0309S,05F0439S,42,0,0
2025/01/30 16:35,05F0309S,05F0439S,5,0,0
2025/01/30 16:35,05F0439S,05F0494S,31,202,44
2025/01/30 16:35,05F0439S,05F0494S,32,211,8
2025/01/30 16:35,05F0439S,05F0494S,41,210,1
2025/01/30 16:35,05F0439S,05F0494S,42,0,0
2025/01/30 16:35,05F0439S,05F0494S,5,0,0
2025/01/30 16:40,05F0000S,05F0055S,31,265,148
2025/01/30 16:40,05F0000S,05F0055S,32,269,37
2025/01/30 16:40,05F0000S,05F0055S,41,273,2
2025/01/30 16:40,05F0000S,05F0055S,42,0,0
2025/01/30 16:40,05F0000S,05F0055S,5,0,0
2025/01/30 16:40,05F0055S,05F0287S,31,1536,156
2025/01/30 16:40,05F0055S,05F0287S,32,1530,28
2025/01/30 16:40,05F0055S,05F0287S,41,1565,4
2025/01/30 16:40,05F0055S,05F0287S,42,0,0
2025/01/30 16:40,05F0055S,05F0287S,5,0,0
2025/01/30 16:40,05F0287S,05F0309S,31,87,110
2025/01/30 16:40,05F0287S,05F0309S,32,86,26
2025/01/30 16:40,05F0287S,05F0309S,41,94,2
2025/01/30 16:40,05F0287S,05F0309S,42,0,0
2025/01/30 16:40,05F0287S,05F0309S,5,0,0
2025/01/30 16:40,05F0309S,05F0439S,31,480,84
2025/01/30 16:40,05F0309S,05F0439S,32,490,22
2025/01/30 16:40,05F0309S,05F0439S,41,544,1
2025/01/30 16:40,05F0309S,05F0439S,42,0,0
2025/01/30 16:40,05F0309S,05F0439S,5,0,0
2025/01/30 16:40,05F0439S,05F0494S,31,200,39
2025/01/30 16:40,05F0439S,05F0494S,32,201,9
2025/01/30 16:40,05F0439S,05F0494S,41,0,0
2025/01/30 16:40,05F0439S,05F0494S,42,0,0
2025/01/30 16:40,05F0439S,05F0494S,5,0,0
2025/01/30 16:45,05F0000S,05F0055S,31,271,153
2025/01/30 16:45,05F0000S,05F0055S,32,271,35
2025/01/30 16:45,05F0000S,05F0055S,41,275,3
2025/01/30 16:45,05F0000S,05F0055S,42,0,0
2025/01/30 16:45,05F0000S,05F0055S,5,0,0
2025/01/30 16:45,05F0055S,05F0287S,31,1565,152
2025/01/30 16:45,05F0055S,05F0287S,32,1561,27
2025/01/30 16:45,05F0055S,05F0287S,41,1597,4
2025/01/30 16:45,05F0055S,05F0287S,42,0,0
2025/01/30 16:45,05F0055S,05F0287S,5,0,0
2025/01/30 16:45,05F0287S,05F0309S,31,90,115
2025/01/30 16:45,05F0287S,05F0309S,32,89,18
2025/01/30 16:45,05F0287S,05F0309S,41,93,3
2025/01/30 16:45,05F0287S,05F0309S,42,0,0
2025/01/30 16:45,05F0287S,05F0309S,5,0,0
2025/01/30 16:45,05F0309S,05F0439S,31,487,83
2025/01/30 16:45,05F0309S,05F0439S,32,496,23
2025/01/30 16:45,05F0309S,05F0439S,41,542,1
2025/01/30 16:45,05F0309S,05F0439S,42,0,0
2025/01/30 16:45,05F0309S,05F0439S,5,0,0
2025/01/30 16:45,05F0439S,05F0494S,31,197,53
2025/01/30 16:45,05F0439S,05F0494S,32,209,16
2025/01/30 16:45,05F0439S,05F0494S,41,0,0
2025/01/30 16:45,05F0439S,05F0494S,42,0,0
2025/01/30 16:45,05F0439S,05F0494S,5,0,0
2025/01/30 16:50,05F0000S,05F0055S,31,268,166
2025/01/30 16:50,05F0000S,05F0055S,32,265,19
2025/01/30 16:50,05F0000S,05F0055S,41,274,3
2025/01/30 16:50,05F0000S,05F0055S,42,0,0
2025/01/30 16:50,05F0000S,05F0055S,5,0,0
2025/01/30 16:50,05F0055S,05F0287S,31,1603,142
2025/01/30 16:50,05F0055S,05F0287S,32,1608,37
2025/01/30 16:50,05F0055S,05F0287S,41,1628,5
2025/01/30 16:50,05F0055S,05F0287S,42,0,0
2025/01/30 16:50,05F0055S,05F0287S,5,0,0
2025/01/30 16:50,05F0287S,05F0309S,31,92,88
2025/01/30 16:50,05F0287S,05F0309S,32,93,26
2025/01/30 16:50,05F0287S,05F0309S,41,89,4
2025/01/30 16:50,05F0287S,05F0309S,42,0,0
2025/01/30 16:50,05F0287S,05F0309S,5,0,0
2025/01/30 16:50,05F0309S,05F0439S,31,491,70
2025/01/30 16:50,05F0309S,05F0439S,32,484,13
2025/01/30 16:50,05F0309S,05F0439S,41,546,2
2025/01/30 16:50,05F0309S,05F0439S,42,0,0
2025/01/30 16:50,05F0309S,05F0439S,5,0,0
2025/01/30 16:50,05F0439S,05F0494S,31,199,47
2025/01/30 16:50,05F0439S,05F0494S,32,194,9
2025/01/30 16:50,05F0439S,05F0494S,41,0,0
2025/01/30 16:50,05F0439S,05F0494S,42,0,0
2025/01/30 16:50,05F0439S,05F0494S,5,0,0
2025/01/30 16:55,05F0000S,05F0055S,31,275,170
2025/01/30 16:55,05F0000S,05F0055S,32,276,30
2025/01/30 16:55,05F0000S,05F0055S,41,272,5
2025/01/30 16:55,05F0000S,05F0055S,42,0,0
2025/01/30 16:55,05F0000S,05F0055S,5,0,0
2025/01/30 16:55,05F0055S,05F0287S,31,1650,149
2025/01/30 16:55,05F0055S,05F0287S,32,1650,34
2025/01/30 16:55,05F0055S,05F0287S,41,1656,4
2025/01/30 16:55,05F0055S,05F0287S,42,0,0
2025/01/30 16:55,05F0055S,05F0287S,5,0,0
2025/01/30 16:55,05F0287S,05F0309S,31,90,117
2025/01/30 16:55,05F0287S,05F0309S,32,91,24
2025/01/30 16:55,05F0287S,05F0309S,41,90,3
2025/01/30 16:55,05F0287S,05F0309S,42,0,0
2025/01/30 16:55,05F0287S,05F0309S,5,0,0
2025/01/30 16:55,05F0309S,05F0439S,31,483,63
2025/01/30 16:55,05F0309S,05F0439S,32,479,14
2025/01/30 16:55,05F0309S,05F0439S,41,504,3
2025/01/30 16:55,05F0309S,05F0439S,42,0,0
2025/01/30 16:55,05F0309S,05F0439S,5,0,0
2025/01/30 16:55,05F0439S,05F0494S,31,211,49
2025/01/30 16:55,05F0439S,05F0494S,32,209,9
2025/01/30 16:55,05F0439S,05F0494S,41,0,0
2025/01/30 16:55,05F0439S,05F0494S,42,0,0
2025/01/30 16:55,05F0439S,05F0494S,5,0,0
2025/01/30 17:00,05F0000S,05F0055S,31,254,142
2025/01/30 17:00,05F0000S,05F0055S,32,255,31
2025/01/30 17:00,05F0000S,05F0055S,41,256,3
2025/01/30 17:00,05F0000S,05F0055S,42,0,0
2025/01/30 17:00,05F0000S,05F0055S,5,0,0
2025/01/30 17:00,05F0055S,05F0287S,31,1650,165
2025/01/30 17:00,05F0055S,05F0287S,32,1647,47
2025/01/30 17:00,05F0055S,05F0287S,41,1660,4
2025/01/30 17:00,05F0055S,05F0287S,42,0,0
2025/01/30 17:00,05F0055S,05F0287S,5,0,0
2025/01/30 17:00,05F0287S,05F0309S,31,92,124
2025/01/30 17:00,05F0287S,05F0309S,32,92,37
2025/01/30 17:00,05F0287S,05F0309S,41,100,3
2025/01/30 17:00,05F0287S,05F0309S,42,0,0
2025/01/30 17:00,05F0287S,05F0309S,5,0,0
2025/01/30 17:00,05F0309S,05F0439S,31,497,73
2025/01/30 17:00,05F0309S,05F0439S,32,506,18
2025/01/30 17:00,05F0309S,05F0439S,41,519,2
2025/01/30 17:00,05F0309S,05F0439S,42,0,0
2025/01/30 17:00,05F0309S,05F0439S,5,0,0
2025/01/30 17:00,05F0439S,05F0494S,31,209,35
2025/01/30 17:00,05F0439S,05F0494S,32,184,8
2025/01/30 17:00,05F0439S,05F0494S,41,0,0
2025/01/30 17:00,05F0439S,05F0494S,42,0,0
2025/01/30 17:00,05F0439S,05F0494S,5,0,0
2025/01/30 17:05,05F0000S,05F0055S,31,250,128
2025/01/30 17:05,05F0000S,05F0055S,32,247,22
2025/01/30 17:05,05F0000S,05F0055S,41,0,0
2025/01/30 17:05,05F0000S,05F0055S,42,0,0
2025/01/30 17:05,05F0000S,05F0055S,5,0,0
2025/01/30 17:05,05F0055S,05F0287S,31,1651,157
2025/01/30 17:05,05F0055S,05F0287S,32,1649,39
2025/01/30 17:05,05F0055S,05F0287S,41,1674,2
2025/01/30 17:05,05F0055S,05F0287S,42,0,0
2025/01/30 17:05,05F0055S,05F0287S,5,0,0
2025/01/30 17:05,05F0287S,05F0309S,31,92,116
2025/01/30 17:05,05F0287S,05F0309S,32,90,30
2025/01/30 17:05,05F0287S,05F0309S,41,94,3
2025/01/30 17:05,05F0287S,05F0309S,42,0,0
2025/01/30 17:05,05F0287S,05F0309S,5,0,0
2025/01/30 17:05,05F0309S,05F0439S,31,499,87
2025/01/30 17:05,05F0309S,05F0439S,32,515,16
2025/01/30 17:05,05F0309S,05F0439S,41,522,2
2025/01/30 17:05,05F0309S,05F0439S,42,460,1
2025/01/30 17:05,05F0309S,05F0439S,5,0,0
2025/01/30 17:05,05F0439S,05F0494S,31,211,46
2025/01/30 17:05,05F0439S,05F0494S,32,200,11
2025/01/30 17:05,05F0439S,05F0494S,41,0,0
2025/01/30 17:05,05F0439S,05F0494S,42,188,1
2025/01/30 17:05,05F0439S,05F0494S,5,0,0
2025/01/30 17:10,05F0000S,05F0055S,31,262,132
2025/01/30 17:10,05F0000S,05F0055S,32,262,29
2025/01/30 17:10,05F0000S,05F0055S,41,260,2
2025/01/30 17:10,05F0000S,05F0055S,42,0,0
2025/01/30 17:10,05F0000S,05F0055S,5,0,0
2025/01/30 17:10,05F0055S,05F0287S,31,1656,163
2025/01/30 17:10,05F0055S,05F0287S,32,1655,40
2025/01/30 17:10,05F0055S,05F0287S,41,1659,3
2025/01/30 17:10,05F0055S,05F0287S,42,0,0
2025/01/30 17:10,05F0055S,05F0287S,5,0,0
2025/01/30 17:10,05F0287S,05F0309S,31,91,122
2025/01/30 17:10,05F0287S,05F0309S,32,89,28
2025/01/30 17:10,05F0287S,05F0309S,41,92,2
2025/01/30 17:10,05F0287S,05F0309S,42,0,0
2025/01/30 17:10,05F0287S,05F0309S,5,0,0
2025/01/30 17:10,05F0309S,05F0439S,31,505,89
2025/01/30 17:10,05F0309S,05F0439S,32,500,27
2025/01/30 17:10,05F0309S,05F0439S,41,546,2
2025/01/30 17:10,05F0309S,05F0439S,42,547,1
2025/01/30 17:10,05F0309S,05F0439S,5,496,1
2025/01/30 17:10,05F0439S,05F0494S,31,202,45
2025/01/30 17:10,05F0439S,05F0494S,32,191,11
2025/01/30 17:10,05F0439S,05F0494S,41,0,0
2025/01/30 17:10,05F0439S,05F0494S,42,0,0
2025/01/30 17:10,05F0439S,05F0494S,5,0,0
2025/01/30 17:15,05F0000S,05F0055S,31,249,121
2025/01/30 17:15,05F0000S,05F0055S,32,253,28
2025/01/30 17:15,05F0000S,05F0055S,41,255,4
2025/01/30 17:15,05F0000S,05F0055S,42,0,0
2025/01/30 17:15,05F0000S,05F0055S,5,0,0
2025/01/30 17:15,05F0055S,05F0287S,31,1645,179
2025/01/30 17:15,05F0055S,05F0287S,32,1661,25
2025/01/30 17:15,05F0055S,05F0287S,41,1684,4
2025/01/30 17:15,05F0055S,05F0287S,42,0,0
2025/01/30 17:15,05F0055S,05F0287S,5,0,0
2025/01/30 17:15,05F0287S,05F0309S,31,89,124
2025/01/30 17:15,05F0287S,05F0309S,32,91,21
2025/01/30 17:15,05F0287S,05F0309S,41,98,3
2025/01/30 17:15,05F0287S,05F0309S,42,0,0
2025/01/30 17:15,05F0287S,05F0309S,5,0,0
2025/01/30 17:15,05F0309S,05F0439S,31,509,78
2025/01/30 17:15,05F0309S,05F0439S,32,492,26
2025/01/30 17:15,05F0309S,05F0439S,41,543,2
2025/01/30 17:15,05F0309S,05F0439S,42,533,1
2025/01/30 17:15,05F0309S,05F0439S,5,0,0
2025/01/30 17:15,05F0439S,05F0494S,31,208,40
2025/01/30 17:15,05F0439S,05F0494S,32,210,16
2025/01/30 17:15,05F0439S,05F0494S,41,0,0
2025/01/30 17:15,05F0439S,05F0494S,42,242,1
2025/01/30 17:15,05F0439S,05F0494S,5,210,1
2025/01/30 17:20,05F0000S,05F0055S,31,253,124
2025/01/30 17:20,05F0000S,05F0055S,32,258,24
2025/01/30 17:20,05F0000S,05F0055S,41,249,1
2025/01/30 17:20,05F0000S,05F0055S,42,0,0
2025/01/30 17:20,05F0000S,05F0055S,5,0,0
2025/01/30 17:20,05F0055S,05F0287S,31,1630,185
2025/01/30 17:20,05F0055S,05F0287S,32,1626,25
2025/01/30 17:20,05F0055S,05F0287S,41,1651,9
2025/01/30 17:20,05F0055S,05F0287S,42,0,0
2025/01/30 17:20,05F0055S,05F0287S,5,0,0
2025/01/30 17:20,05F0287S,05F0309S,31,93,135
2025/01/30 17:20,05F0287S,05F0309S,32,92,16
2025/01/30 17:20,05F0287S,05F0309S,41,99,4
2025/01/30 17:20,05F0287S,05F0309S,42,0,0
2025/01/30 17:20,05F0287S,05F0309S,5,0,0
2025/01/30 17:20,05F0309S,05F0439S,31,496,88
2025/01/30 17:20,05F0309S,05F0439S,32,511,17
2025/01/30 17:20,05F0309S,05F0439S,41,532,3
2025/01/30 17:20,05F0309S,05F0439S,42,0,0
2025/01/30 17:20,05F0309S,05F0439S,5,0,0
2025/01/30 17:20,05F0439S,05F0494S,31,208,50
2025/01/30 17:20,05F0439S,05F0494S,32,197,12
2025/01/30 17:20,05F0439S,05F0494S,41,0,0
2025/01/30 17:20,05F0439S,05F0494S,42,0,0
2025/01/30 17:20,05F0439S,05F0494S,5,0,0
2025/01/30 17:25,05F0000S,05F0055S,31,243,111
2025/01/30 17:25,05F0000S,05F0055S,32,243,22
2025/01/30 17:25,05F0000S,05F0055S,41,255,3
2025/01/30 17:25,05F0000S,05F0055S,42,0,0
2025/01/30 17:25,05F0000S,05F0055S,5,0,0
2025/01/30 17:25,05F0055S,05F0287S,31,1623,172
2025/01/30 17:25,05F0055S,05F0287S,32,1621,37
2025/01/30 17:25,05F0055S,05F0287S,41,1621,4
2025/01/30 17:25,05F0055S,05F0287S,42,0,0
2025/01/30 17:25,05F0055S,05F0287S,5,0,0
2025/01/30 17:25,05F0287S,05F0309S,31,97,133
2025/01/30 17:25,05F0287S,05F0309S,32,96,22
2025/01/30 17:25,05F0287S,05F0309S,41,102,5
2025/01/30 17:25,05F0287S,05F0309S,42,0,0
2025/01/30 17:25,05F0287S,05F0309S,5,0,0
2025/01/30 17:25,05F0309S,05F0439S,31,500,81
2025/01/30 17:25,05F0309S,05F0439S,32,531,20
2025/01/30 17:25,05F0309S,05F0439S,41,537,2
2025/01/30 17:25,05F0309S,05F0439S,42,0,0
2025/01/30 17:25,05F0309S,05F0439S,5,0,0
2025/01/30 17:25,05F0439S,05F0494S,31,207,47
2025/01/30 17:25,05F0439S,05F0494S,32,207,8
2025/01/30 17:25,05F0439S,05F0494S,41,219,1
2025/01/30 17:25,05F0439S,05F0494S,42,0,0
2025/01/30 17:25,05F0439S,05F0494S,5,0,0
2025/01/30 17:30,05F0000S,05F0055S,31,245,96
2025/01/30 17:30,05F0000S,05F0055S,32,243,30
2025/01/30 17:30,05F0000S,05F0055S,41,250,4
2025/01/30 17:30,05F0000S,05F0055S,42,0,0
2025/01/30 17:30,05F0000S,05F0055S,5,0,0
2025/01/30 17:30,05F0055S,05F0287S,31,1548,202
2025/01/30 17:30,05F0055S,05F0287S,32,1549,35
2025/01/30 17:30,05F0055S,05F0287S,41,1555,1
2025/01/30 17:30,05F0055S,05F0287S,42,0,0
2025/01/30 17:30,05F0055S,05F0287S,5,0,0
2025/01/30 17:30,05F0287S,05F0309S,31,95,131
2025/01/30 17:30,05F0287S,05F0309S,32,93,23
2025/01/30 17:30,05F0287S,05F0309S,41,102,1
2025/01/30 17:30,05F0287S,05F0309S,42,0,0
2025/01/30 17:30,05F0287S,05F0309S,5,0,0
2025/01/30 17:30,05F0309S,05F0439S,31,508,109
2025/01/30 17:30,05F0309S,05F0439S,32,497,14
2025/01/30 17:30,05F0309S,05F0439S,41,530,3
2025/01/30 17:30,05F0309S,05F0439S,42,0,0
2025/01/30 17:30,05F0309S,05F0439S,5,0,0
2025/01/30 17:30,05F0439S,05F0494S,31,210,22
2025/01/30 17:30,05F0439S,05F0494S,32,204,11
2025/01/30 17:30,05F0439S,05F0494S,41,0,0
2025/01/30 17:30,05F0439S,05F0494S,42,0,0
2025/01/30 17:30,05F0439S,05F0494S,5,0,0
2025/01/30 17:35,05F0000S,05F0055S,31,246,94
2025/01/30 17:35,05F0000S,05F0055S,32,250,18
2025/01/30 17:35,05F0000S,05F0055S,41,247,4
2025/01/30 17:35,05F0000S,05F0055S,42,0,0
2025/01/30 17:35,05F0000S,05F0055S,5,0,0
2025/01/30 17:35,05F0055S,05F0287S,31,1465,181
2025/01/30 17:35,05F0055S,05F0287S,32,1441,46
2025/01/30 17:35,05F0055S,05F0287S,41,1528,5
2025/01/30 17:35,05F0055S,05F0287S,42,0,0
2025/01/30 17:35,05F0055S,05F0287S,5,0,0
2025/01/30 17:35,05F0287S,05F0309S,31,96,134
2025/01/30 17:35,05F0287S,05F0309S,32,94,29
2025/01/30 17:35,05F0287S,05F0309S,41,98,4
2025/01/30 17:35,05F0287S,05F0309S,42,0,0
2025/01/30 17:35,05F0287S,05F0309S,5,0,0
2025/01/30 17:35,05F0309S,05F0439S,31,513,98
2025/01/30 17:35,05F0309S,05F0439S,32,497,23
2025/01/30 17:35,05F0309S,05F0439S,41,518,1
2025/01/30 17:35,05F0309S,05F0439S,42,0,0
2025/01/30 17:35,05F0309S,05F0439S,5,0,0
2025/01/30 17:35,05F0439S,05F0494S,31,209,50
2025/01/30 17:35,05F0439S,05F0494S,32,200,7
2025/01/30 17:35,05F0439S,05F0494S,41,907,1
2025/01/30 17:35,05F0439S,05F0494S,42,0,0
2025/01/30 17:35,05F0439S,05F0494S,5,0,0
2025/01/30 17:40,05F0000S,05F0055S,31,240,85
2025/01/30 17:40,05F0000S,05F0055S,32,239,21
2025/01/30 17:40,05F0000S,05F0055S,41,245,3
2025/01/30 17:40,05F0000S,05F0055S,42,0,0
2025/01/30 17:40,05F0000S,05F0055S,5,0,0
2025/01/30 17:40,05F0055S,05F0287S,31,1324,187
2025/01/30 17:40,05F0055S,05F0287S,32,1323,35
2025/01/30 17:40,05F0055S,05F0287S,41,1387,7
2025/01/30 17:40,05F0055S,05F0287S,42,0,0
2025/01/30 17:40,05F0055S,05F0287S,5,0,0
2025/01/30 17:40,05F0287S,05F0309S,31,96,155
2025/01/30 17:40,05F0287S,05F0309S,32,97,26
2025/01/30 17:40,05F0287S,05F0309S,41,95,4
2025/01/30 17:40,05F0287S,05F0309S,42,0,0
2025/01/30 17:40,05F0287S,05F0309S,5,0,0
2025/01/30 17:40,05F0309S,05F0439S,31,505,94
2025/01/30 17:40,05F0309S,05F0439S,32,503,30
2025/01/30 17:40,05F0309S,05F0439S,41,550,1
2025/01/30 17:40,05F0309S,05F0439S,42,533,1
2025/01/30 17:40,05F0309S,05F0439S,5,0,0
2025/01/30 17:40,05F0439S,05F0494S,31,207,45
2025/01/30 17:40,05F0439S,05F0494S,32,207,10
2025/01/30 17:40,05F0439S,05F0494S,41,250,1
2025/01/30 17:40,05F0439S,05F0494S,42,239,1
2025/01/30 17:40,05F0439S,05F0494S,5,0,0
2025/01/30 17:45,05F0000S,05F0055S,31,243,92
2025/01/30 17:45,05F0000S,05F0055S,32,239,26
2025/01/30 17:45,05F0000S,05F0055S,41,247,5
2025/01/30 17:45,05F0000S,05F0055S,42,0,0
2025/01/30 17:45,05F0000S,05F0055S,5,0,0
2025/01/30 17:45,05F0055S,05F0287S,31,1181,173
2025/01/30 17:45,05F0055S,05F0287S,32,1154,40
2025/01/30 17:45,05F0055S,05F0287S,41,1194,9
2025/01/30 17:45,05F0055S,05F0287S,42,0,0
2025/01/30 17:45,05F0055S,05F0287S,5,0,0
2025/01/30 17:45,05F0287S,05F0309S,31,92,142
2025/01/30 17:45,05F0287S,05F0309S,32,92,21
2025/01/30 17:45,05F0287S,05F0309S,41,96,7
2025/01/30 17:45,05F0287S,05F0309S,42,0,0
2025/01/30 17:45,05F0287S,05F0309S,5,0,0
2025/01/30 17:45,05F0309S,05F0439S,31,508,97
2025/01/30 17:45,05F0309S,05F0439S,32,496,21
2025/01/30 17:45,05F0309S,05F0439S,41,556,2
2025/01/30 17:45,05F0309S,05F0439S,42,0,0
2025/01/30 17:45,05F0309S,05F0439S,5,0,0
2025/01/30 17:45,05F0439S,05F0494S,31,206,49
2025/01/30 17:45,05F0439S,05F0494S,32,205,13
2025/01/30 17:45,05F0439S,05F0494S,41,0,0
2025/01/30 17:45,05F0439S,05F0494S,42,0,0
2025/01/30 17:45,05F0439S,05F0494S,5,0,0
2025/01/30 17:50,05F0000S,05F0055S,31,248,99
2025/01/30 17:50,05F0000S,05F0055S,32,248,30
2025/01/30 17:50,05F0000S,05F0055S,41,252,4
2025/01/30 17:50,05F0000S,05F0055S,42,0,0
2025/01/30 17:50,05F0000S,05F0055S,5,0,0
2025/01/30 17:50,05F0055S,05F0287S,31,1028,130
2025/01/30 17:50,05F0055S,05F0287S,32,1020,35
2025/01/30 17:50,05F0055S,05F0287S,41,1016,5
2025/01/30 17:50,05F0055S,05F0287S,42,0,0
2025/01/30 17:50,05F0055S,05F0287S,5,0,0
2025/01/30 17:50,05F0287S,05F0309S,31,88,107
2025/01/30 17:50,05F0287S,05F0309S,32,88,32
2025/01/30 17:50,05F0287S,05F0309S,41,91,5
2025/01/30 17:50,05F0287S,05F0309S,42,0,0
2025/01/30 17:50,05F0287S,05F0309S,5,0,0
2025/01/30 17:50,05F0309S,05F0439S,31,508,105
2025/01/30 17:50,05F0309S,05F0439S,32,510,10
2025/01/30 17:50,05F0309S,05F0439S,41,547,3
2025/01/30 17:50,05F0309S,05F0439S,42,0,0
2025/01/30 17:50,05F0309S,05F0439S,5,0,0
2025/01/30 17:50,05F0439S,05F0494S,31,199,37
2025/01/30 17:50,05F0439S,05F0494S,32,195,9
2025/01/30 17:50,05F0439S,05F0494S,41,0,0
2025/01/30 17:50,05F0439S,05F0494S,42,0,0
2025/01/30 17:50,05F0439S,05F0494S,5,0,0
2025/01/30 17:55,05F0000S,05F0055S,31,247,99
2025/01/30 17:55,05F0000S,05F0055S,32,251,24
2025/01/30 17:55,05F0000S,05F0055S,41,247,7
2025/01/30 17:55,05F0000S,05F0055S,42,0,0
2025/01/30 17:55,05F0000S,05F0055S,5,0,0
2025/01/30 17:55,05F0055S,05F0287S,31,991,117
2025/01/30 17:55,05F0055S,05F0287S,32,996,27
2025/01/30 17:55,05F0055S,05F0287S,41,1019,3
2025/01/30 17:55,05F0055S,05F0287S,42,0,0
2025/01/30 17:55,05F0055S,05F0287S,5,0,0
2025/01/30 17:55,05F0287S,05F0309S,31,88,74
2025/01/30 17:55,05F0287S,05F0309S,32,85,18
2025/01/30 17:55,05F0287S,05F0309S,41,0,0
2025/01/30 17:55,05F0287S,05F0309S,42,0,0
2025/01/30 17:55,05F0287S,05F0309S,5,0,0
2025/01/30 17:55,05F0309S,05F0439S,31,507,81
2025/01/30 17:55,05F0309S,05F0439S,32,499,23
2025/01/30 17:55,05F0309S,05F0439S,41,551,5
2025/01/30 17:55,05F0309S,05F0439S,42,541,1
2025/01/30 17:55,05F0309S,05F0439S,5,493,1
2025/01/30 17:55,05F0439S,05F0494S,31,200,39
2025/01/30 17:55,05F0439S,05F0494S,32,208,6
2025/01/30 17:55,05F0439S,05F0494S,41,0,0
2025/01/30 17:55,05F0439S,05F0494S,42,0,0
2025/01/30 17:55,05F0439S,05F0494S,5,0,0
2025/01/30 18:00,05F0000S,05F0055S,31,244,83
2025/01/30 18:00,05F0000S,05F0055S,32,247,18
2025/01/30 18:00,05F0000S,05F0055S,41,244,4
2025/01/30 18:00,05F0000S,05F0055S,42,0,0
2025/01/30 18:00,05F0000S,05F0055S,5,0,0
2025/01/30 18:00,05F0055S,05F0287S,31,982,90
2025/01/30 18:00,05F0055S,05F0287S,32,998,20
2025/01/30 18:00,05F0055S,05F0287S,41,1046,4
2025/01/30 18:00,05F0055S,05F0287S,42,0,0
2025/01/30 18:00,05F0055S,05F0287S,5,0,0
2025/01/30 18:00,05F0287S,05F0309S,31,88,92
2025/01/30 18:00,05F0287S,05F0309S,32,90,20
2025/01/30 18:00,05F0287S,05F0309S,41,91,4
2025/01/30 18:00,05F0287S,05F0309S,42,0,0
2025/01/30 18:00,05F0287S,05F0309S,5,0,0
2025/01/30 18:00,05F0309S,05F0439S,31,488,60
2025/01/30 18:00,05F0309S,05F0439S,32,504,24
2025/01/30 18:00,05F0309S,05F0439S,41,528,3
2025/01/30 18:00,05F0309S,05F0439S,42,0,0
2025/01/30 18:00,05F0309S,05F0439S,5,0,0
2025/01/30 18:00,05F0439S,05F0494S,31,207,36
2025/01/30 18:00,05F0439S,05F0494S,32,215,8
2025/01/30 18:00,05F0439S,05F0494S,41,0,0
2025/01/30 18:00,05F0439S,05F0494S,42,0,0
2025/01/30 18:00,05F0439S,05F0494S,5,215,1
2025/01/30 18:05,05F0000S,05F0055S,31,243,94
2025/01/30 18:05,05F0000S,05F0055S,32,251,18
2025/01/30 18:05,05F0000S,05F0055S,41,257,4
2025/01/30 18:05,05F0000S,05F0055S,42,0,0
2025/01/30 18:05,05F0000S,05F0055S,5,0,0
2025/01/30 18:05,05F0055S,05F0287S,31,998,98
2025/01/30 18:05,05F0055S,05F0287S,32,994,30
2025/01/30 18:05,05F0055S,05F0287S,41,1053,6
2025/01/30 18:05,05F0055S,05F0287S,42,0,0
2025/01/30 18:05,05F0055S,05F0287S,5,0,0
2025/01/30 18:05,05F0287S,05F0309S,31,87,62
2025/01/30 18:05,05F0287S,05F0309S,32,87,18
2025/01/30 18:05,05F0287S,05F0309S,41,97,4
2025/01/30 18:05,05F0287S,05F0309S,42,0,0
2025/01/30 18:05,05F0287S,05F0309S,5,0,0
2025/01/30 18:05,05F0309S,05F0439S,31,492,55
2025/01/30 18:05,05F0309S,05F0439S,32,487,16
2025/01/30 18:05,05F0309S,05F0439S,41,508,1
2025/01/30 18:05,05F0309S,05F0439S,42,0,0
2025/01/30 18:05,05F0309S,05F0439S,5,0,0
2025/01/30 18:05,05F0439S,05F0494S,31,205,37
2025/01/30 18:05,05F0439S,05F0494S,32,217,4
2025/01/30 18:05,05F0439S,05F0494S,41,0,0
2025/01/30 18:05,05F0439S,05F0494S,42,0,0
2025/01/30 18:05,05F0439S,05F0494S,5,0,0
2025/01/30 18:10,05F0000S,05F0055S,31,246,84
2025/01/30 18:10,05F0000S,05F0055S,32,247,13
2025/01/30 18:10,05F0000S,05F0055S,41,252,3
2025/01/30 18:10,05F0000S,05F0055S,42,0,0
2025/01/30 18:10,05F0000S,05F0055S,5,0,0
2025/01/30 18:10,05F0055S,05F0287S,31,994,99
2025/01/30 18:10,05F0055S,05F0287S,32,997,23
2025/01/30 18:10,05F0055S,05F0287S,41,1054,4
2025/01/30 18:10,05F0055S,05F0287S,42,0,0
2025/01/30 18:10,05F0055S,05F0287S,5,0,0
2025/01/30 18:10,05F0287S,05F0309S,31,87,64
2025/01/30 18:10,05F0287S,05F0309S,32,88,22
2025/01/30 18:10,05F0287S,05F0309S,41,95,2
2025/01/30 18:10,05F0287S,05F0309S,42,0,0
2025/01/30 18:10,05F0287S,05F0309S,5,0,0
2025/01/30 18:10,05F0309S,05F0439S,31,491,46
2025/01/30 18:10,05F0309S,05F0439S,32,482,12
2025/01/30 18:10,05F0309S,05F0439S,41,524,3
2025/01/30 18:10,05F0309S,05F0439S,42,0,0
2025/01/30 18:10,05F0309S,05F0439S,5,0,0
2025/01/30 18:10,05F0439S,05F0494S,31,213,22
2025/01/30 18:10,05F0439S,05F0494S,32,209,7
2025/01/30 18:10,05F0439S,05F0494S,41,225,1
2025/01/30 18:10,05F0439S,05F0494S,42,0,0
2025/01/30 18:10,05F0439S,05F0494S,5,0,0
2025/01/30 18:15,05F0000S,05F0055S,31,244,100
2025/01/30 18:15,05F0000S,05F0055S,32,245,15
2025/01/30 18:15,05F0000S,05F0055S,41,245,8
2025/01/30 18:15,05F0000S,05F0055S,42,0,0
2025/01/30 18:15,05F0000S,05F0055S,5,0,0
2025/01/30 18:15,05F0055S,05F0287S,31,1012,109
2025/01/30 18:15,05F0055S,05F0287S,32,1020,26
2025/01/30 18:15,05F0055S,05F0287S,41,1037,8
2025/01/30 18:15,05F0055S,05F0287S,42,0,0
2025/01/30 18:15,05F0055S,05F0287S,5,0,0
2025/01/30 18:15,05F0287S,05F0309S,31,88,73
2025/01/30 18:15,05F0287S,05F0309S,32,94,14
2025/01/30 18:15,05F0287S,05F0309S,41,95,7
2025/01/30 18:15,05F0287S,05F0309S,42,0,0
2025/01/30 18:15,05F0287S,05F0309S,5,0,0
2025/01/30 18:15,05F0309S,05F0439S,31,495,50
2025/01/30 18:15,05F0309S,05F0439S,32,478,18
2025/01/30 18:15,05F0309S,05F0439S,41,526,4
2025/01/30 18:15,05F0309S,05F0439S,42,0,0
2025/01/30 18:15,05F0309S,05F0439S,5,0,0
2025/01/30 18:15,05F0439S,05F0494S,31,200,22
2025/01/30 18:15,05F0439S,05F0494S,32,210,6
2025/01/30 18:15,05F0439S,05F0494S,41,0,0
2025/01/30 18:15,05F0439S,05F0494S,42,0,0
2025/01/30 18:15,05F0439S,05F0494S,5,0,0
2025/01/30 18:20,05F0000S,05F0055S,31,246,61
2025/01/30 18:20,05F0000S,05F0055S,32,242,16
2025/01/30 18:20,05F0000S,05F0055S,41,248,1
2025/01/30 18:20,05F0000S,05F0055S,42,0,0
2025/01/30 18:20,05F0000S,05F0055S,5,0,0
2025/01/30 18:20,05F0055S,05F0287S,31,985,100
2025/01/30 18:20,05F0055S,05F0287S,32,994,19
2025/01/30 18:20,05F0055S,05F0287S,41,1008,3
2025/01/30 18:20,05F0055S,05F0287S,42,0,0
2025/01/30 18:20,05F0055S,05F0287S,5,0,0
2025/01/30 18:20,05F0287S,05F0309S,31,89,83
2025/01/30 18:20,05F0287S,05F0309S,32,92,20
2025/01/30 18:20,05F0287S,05F0309S,41,97,3
2025/01/30 18:20,05F0287S,05F0309S,42,0,0
2025/01/30 18:20,05F0287S,05F0309S,5,0,0
2025/01/30 18:20,05F0309S,05F0439S,31,492,45
2025/01/30 18:20,05F0309S,05F0439S,32,498,18
2025/01/30 18:20,05F0309S,05F0439S,41,507,3
2025/01/30 18:20,05F0309S,05F0439S,42,0,0
2025/01/30 18:20,05F0309S,05F0439S,5,0,0
2025/01/30 18:20,05F0439S,05F0494S,31,197,15
2025/01/30 18:20,05F0439S,05F0494S,32,200,14
2025/01/30 18:20,05F0439S,05F0494S,41,0,0
2025/01/30 18:20,05F0439S,05F0494S,42,0,0
2025/01/30 18:20,05F0439S,05F0494S,5,0,0
2025/01/30 18:25,05F0000S,05F0055S,31,248,92
2025/01/30 18:25,05F0000S,05F0055S,32,250,20
2025/01/30 18:25,05F0000S,05F0055S,41,242,4
2025/01/30 18:25,05F0000S,05F0055S,42,254,1
2025/01/30 18:25,05F0000S,05F0055S,5,0,0
2025/01/30 18:25,05F0055S,05F0287S,31,973,92
2025/01/30 18:25,05F0055S,05F0287S,32,994,10
2025/01/30 18:25,05F0055S,05F0287S,41,1006,1
2025/01/30 18:25,05F0055S,05F0287S,42,0,0
2025/01/30 18:25,05F0055S,05F0287S,5,0,0
2025/01/30 18:25,05F0287S,05F0309S,31,86,63
2025/01/30 18:25,05F0287S,05F0309S,32,92,8
2025/01/30 18:25,05F0287S,05F0309S,41,93,2
2025/01/30 18:25,05F0287S,05F0309S,42,0,0
2025/01/30 18:25,05F0287S,05F0309S,5,0,0
2025/01/30 18:25,05F0309S,05F0439S,31,497,52
2025/01/30 18:25,05F0309S,05F0439S,32,519,10
2025/01/30 18:25,05F0309S,05F0439S,41,540,5
2025/01/30 18:25,05F0309S,05F0439S,42,0,0
2025/01/30 18:25,05F0309S,05F0439S,5,0,0
2025/01/30 18:25,05F0439S,05F0494S,31,207,26
2025/01/30 18:25,05F0439S,05F0494S,32,203,5
2025/01/30 18:25,05F0439S,05F0494S,41,0,0
2025/01/30 18:25,05F0439S,05F0494S,42,0,0
2025/01/30 18:25,05F0439S,05F0494S,5,0,0
2025/01/30 18:30,05F0000S,05F0055S,31,248,82
2025/01/30 18:30,05F0000S,05F0055S,32,243,13
2025/01/30 18:30,05F0000S,05F0055S,41,248,4
2025/01/30 18:30,05F0000S,05F0055S,42,0,0
2025/01/30 18:30,05F0000S,05F0055S,5,0,0
2025/01/30 18:30,05F0055S,05F0287S,31,993,90
2025/01/30 18:30,05F0055S,05F0287S,32,992,14
2025/01/30 18:30,05F0055S,05F0287S,41,989,8
2025/01/30 18:30,05F0055S,05F0287S,42,0,0
2025/01/30 18:30,05F0055S,05F0287S,5,0,0
2025/01/30 18:30,05F0287S,05F0309S,31,87,68
2025/01/30 18:30,05F0287S,05F0309S,32,87,10
2025/01/30 18:30,05F0287S,05F0309S,41,91,5
2025/01/30 18:30,05F0287S,05F0309S,42,0,0
2025/01/30 18:30,05F0287S,05F0309S,5,0,0
2025/01/30 18:30,05F0309S,05F0439S,31,489,49
2025/01/30 18:30,05F0309S,05F0439S,32,519,10
2025/01/30 18:30,05F0309S,05F0439S,41,532,3
2025/01/30 18:30,05F0309S,05F0439S,42,551,1
2025/01/30 18:30,05F0309S,05F0439S,5,0,0
2025/01/30 18:30,05F0439S,05F0494S,31,208,28
2025/01/30 18:30,05F0439S,05F0494S,32,197,8
2025/01/30 18:30,05F0439S,05F0494S,41,0,0
2025/01/30 18:30,05F0439S,05F0494S,42,0,0
2025/01/30 18:30,05F0439S,05F0494S,5,0,0
2025/01/30 18:35,05F0000S,05F0055S,31,244,84
2025/01/30 18:35,05F0000S,05F0055S,32,242,16
2025/01/30 18:35,05F0000S,05F0055S,41,252,4
2025/01/30 18:35,05F0000S,05F0055S,42,0,0
2025/01/30 18:35,05F0000S,05F0055S,5,0,0
2025/01/30 18:35,05F0055S,05F0287S,31,1006,107
2025/01/30 18:35,05F0055S,05F0287S,32,1007,22
2025/01/30 18:35,05F0055S,05F0287S,41,1054,4
2025/01/30 18:35,05F0055S,05F0287S,42,0,0
2025/01/30 18:35,05F0055S,05F0287S,5,0,0
2025/01/30 18:35,05F0287S,05F0309S,31,84,68
2025/01/30 18:35,05F0287S,05F0309S,32,87,12
2025/01/30 18:35,05F0287S,05F0309S,41,93,4
2025/01/30 18:35,05F0287S,05F0309S,42,0,0
2025/01/30 18:35,05F0287S,05F0309S,5,0,0
2025/01/30 18:35,05F0309S,05F0439S,31,492,43
2025/01/30 18:35,05F0309S,05F0439S,32,502,8
2025/01/30 18:35,05F0309S,05F0439S,41,0,0
2025/01/30 18:35,05F0309S,05F0439S,42,0,0
2025/01/30 18:35,05F0309S,05F0439S,5,0,0
2025/01/30 18:35,05F0439S,05F0494S,31,206,32
2025/01/30 18:35,05F0439S,05F0494S,32,221,5
2025/01/30 18:35,05F0439S,05F0494S,41,0,0
2025/01/30 18:35,05F0439S,05F0494S,42,247,1
2025/01/30 18:35,05F0439S,05F0494S,5,0,0
2025/01/30 18:40,05F0000S,05F0055S,31,244,83
2025/01/30 18:40,05F0000S,05F0055S,32,244,27
2025/01/30 18:40,05F0000S,05F0055S,41,251,4
2025/01/30 18:40,05F0000S,05F0055S,42,0,0
2025/01/30 18:40,05F0000S,05F0055S,5,0,0
2025/01/30 18:40,05F0055S,05F0287S,31,995,75
2025/01/30 18:40,05F0055S,05F0287S,32,987,19
2025/01/30 18:40,05F0055S,05F0287S,41,1020,3
2025/01/30 18:40,05F0055S,05F0287S,42,0,0
2025/01/30 18:40,05F0055S,05F0287S,5,0,0
2025/01/30 18:40,05F0287S,05F0309S,31,86,57
2025/01/30 18:40,05F0287S,05F0309S,32,88,10
2025/01/30 18:40,05F0287S,05F0309S,41,91,2
2025/01/30 18:40,05F0287S,05F0309S,42,0,0
2025/01/30 18:40,05F0287S,05F0309S,5,0,0
2025/01/30 18:40,05F0309S,05F0439S,31,491,54
2025/01/30 18:40,05F0309S,05F0439S,32,498,7
2025/01/30 18:40,05F0309S,05F0439S,41,527,3
2025/01/30 18:40,05F0309S,05F0439S,42,510,1
2025/01/30 18:40,05F0309S,05F0439S,5,0,0
2025/01/30 18:40,05F0439S,05F0494S,31,208,33
2025/01/30 18:40,05F0439S,05F0494S,32,213,6
2025/01/30 18:40,05F0439S,05F0494S,41,0,0
2025/01/30 18:40,05F0439S,05F0494S,42,0,0
2025/01/30 18:40,05F0439S,05F0494S,5,0,0
2025/01/30 18:45,05F0000S,05F0055S,31,239,83
2025/01/30 18:45,05F0000S,05F0055S,32,238,17
2025/01/30 18:45,05F0000S,05F0055S,41,245,7
2025/01/30 18:45,05F0000S,05F0055S,42,0,0
2025/01/30 18:45,05F0000S,05F0055S,5,0,0
2025/01/30 18:45,05F0055S,05F0287S,31,978,82
2025/01/30 18:45,05F0055S,05F0287S,32,991,15
2025/01/30 18:45,05F0055S,05F0287S,41,1004,2
2025/01/30 18:45,05F0055S,05F0287S,42,1023,1
2025/01/30 18:45,05F0055S,05F0287S,5,0,0
2025/01/30 18:45,05F0287S,05F0309S,31,87,64
2025/01/30 18:45,05F0287S,05F0309S,32,87,19
2025/01/30 18:45,05F0287S,05F0309S,41,89,2
2025/01/30 18:45,05F0287S,05F0309S,42,94,1
2025/01/30 18:45,05F0287S,05F0309S,5,0,0
2025/01/30 18:45,05F0309S,05F0439S,31,486,51
2025/01/30 18:45,05F0309S,05F0439S,32,499,7
2025/01/30 18:45,05F0309S,05F0439S,41,531,3
2025/01/30 18:45,05F0309S,05F0439S,42,575,1
2025/01/30 18:45,05F0309S,05F0439S,5,0,0
2025/01/30 18:45,05F0439S,05F0494S,31,203,29
2025/01/30 18:45,05F0439S,05F0494S,32,186,2
2025/01/30 18:45,05F0439S,05F0494S,41,0,0
2025/01/30 18:45,05F0439S,05F0494S,42,225,1
2025/01/30 18:45,05F0439S,05F0494S,5,0,0
2025/01/30 18:50,05F0000S,05F0055S,31,241,84
2025/01/30 18:50,05F0000S,05F0055S,32,240,18
2025/01/30 18:50,05F0000S,05F0055S,41,247,6
2025/01/30 18:50,05F0000S,05F0055S,42,0,0
2025/01/30 18:50,05F0000S,05F0055S,5,0,0
2025/01/30 18:50,05F0055S,05F0287S,31,993,107
2025/01/30 18:50,05F0055S,05F0287S,32,1000,19
2025/01/30 18:50,05F0055S,05F0287S,41,1019,7
2025/01/30 18:50,05F0055S,05F0287S,42,0,0
2025/01/30 18:50,05F0055S,05F0287S,5,0,0
2025/01/30 18:50,05F0287S,05F0309S,31,87,73
2025/01/30 18:50,05F0287S,05F0309S,32,86,14
2025/01/30 18:50,05F0287S,05F0309S,41,90,5
2025/01/30 18:50,05F0287S,05F0309S,42,0,0
2025/01/30 18:50,05F0287S,05F0309S,5,0,0
2025/01/30 18:50,05F0309S,05F0439S,31,472,42
2025/01/30 18:50,05F0309S,05F0439S,32,471,12
2025/01/30 18:50,05F0309S,05F0439S,41,518,3
2025/01/30 18:50,05F0309S,05F0439S,42,0,0
2025/01/30 18:50,05F0309S,05F0439S,5,586,1
2025/01/30 18:50,05F0439S,05F0494S,31,204,21
2025/01/30 18:50,05F0439S,05F0494S,32,0,0
2025/01/30 18:50,05F0439S,05F0494S,41,0,0
2025/01/30 18:50,05F0439S,05F0494S,42,0,0
2025/01/30 18:50,05F0439S,05F0494S,5,0,0
2025/01/30 18:55,05F0000S,05F0055S,31,239,80
2025/01/30 18:55,05F0000S,05F0055S,32,244,12
2025/01/30 18:55,05F0000S,05F0055S,41,230,4
2025/01/30 18:55,05F0000S,05F0055S,42,0,0
2025/01/30 18:55,05F0000S,05F0055S,5,0,0
2025/01/30 18:55,05F0055S,05F0287S,31,988,69
2025/01/30 18:55,05F0055S,05F0287S,32,990,23
2025/01/30 18:55,05F0055S,05F0287S,41,1030,1
2025/01/30 18:55,05F0055S,05F0287S,42,0,0
2025/01/30 18:55,05F0055S,05F0287S,5,0,0
2025/01/30 18:55,05F0287S,05F0309S,31,87,56
2025/01/30 18:55,05F0287S,05F0309S,32,88,14
2025/01/30 18:55,05F0287S,05F0309S,41,752,2
2025/01/30 18:55,05F0287S,05F0309S,42,0,0
2025/01/30 18:55,05F0287S,05F0309S,5,0,0
2025/01/30 18:55,05F0309S,05F0439S,31,498,42
2025/01/30 18:55,05F0309S,05F0439S,32,520,6
2025/01/30 18:55,05F0309S,05F0439S,41,493,1
2025/01/30 18:55,05F0309S,05F0439S,42,552,1
2025/01/30 18:55,05F0309S,05F0439S,5,0,0
2025/01/30 18:55,05F0439S,05F0494S,31,204,17
2025/01/30 18:55,05F0439S,05F0494S,32,208,6
2025/01/30 18:55,05F0439S,05F0494S,41,0,0
2025/01/30 18:55,05F0439S,05F0494S,42,0,0
2025/01/30 18:55,05F0439S,05F0494S,5,239,1
2025/01/30 19:00,05F0000S,05F0055S,31,250,78
2025/01/30 19:00,05F0000S,05F0055S,32,253,13
2025/01/30 19:00,05F0000S,05F0055S,41,253,5
2025/01/30 19:00,05F0000S,05F0055S,42,0,0
2025/01/30 19:00,05F0000S,05F0055S,5,0,0
2025/01/30 19:00,05F0055S,05F0287S,31,988,89
2025/01/30 19:00,05F0055S,05F0287S,32,992,17
2025/01/30 19:00,05F0055S,05F0287S,41,1044,9
2025/01/30 19:00,05F0055S,05F0287S,42,0,0
2025/01/30 19:00,05F0055S,05F0287S,5,0,0
2025/01/30 19:00,05F0287S,05F0309S,31,88,80
2025/01/30 19:00,05F0287S,05F0309S,32,89,18
2025/01/30 19:00,05F0287S,05F0309S,41,94,2
2025/01/30 19:00,05F0287S,05F0309S,42,0,0
2025/01/30 19:00,05F0287S,05F0309S,5,0,0
2025/01/30 19:00,05F0309S,05F0439S,31,481,55
2025/01/30 19:00,05F0309S,05F0439S,32,492,12
2025/01/30 19:00,05F0309S,05F0439S,41,512,3
2025/01/30 19:00,05F0309S,05F0439S,42,0,0
2025/01/30 19:00,05F0309S,05F0439S,5,0,0
2025/01/30 19:00,05F0439S,05F0494S,31,203,19
2025/01/30 19:00,05F0439S,05F0494S,32,198,6
2025/01/30 19:00,05F0439S,05F0494S,41,0,0
2025/01/30 19:00,05F0439S,05F0494S,42,0,0
2025/01/30 19:00,05F0439S,05F0494S,5,0,0
2025/01/30 19:05,05F0000S,05F0055S,31,247,71
2025/01/30 19:05,05F0000S,05F0055S,32,247,18
2025/01/30 19:05,05F0000S,05F0055S,41,246,4
2025/01/30 19:05,05F0000S,05F0055S,42,0,0
2025/01/30 19:05,05F0000S,05F0055S,5,0,0
2025/01/30 19:05,05F0055S,05F0287S,31,977,108
2025/01/30 19:05,05F0055S,05F0287S,32,968,20
2025/01/30 19:05,05F0055S,05F0287S,41,1017,3
2025/01/30 19:05,05F0055S,05F0287S,42,0,0
2025/01/30 19:05,05F0055S,05F0287S,5,0,0
2025/01/30 19:05,05F0287S,05F0309S,31,85,72
2025/01/30 19:05,05F0287S,05F0309S,32,86,14
2025/01/30 19:05,05F0287S,05F0309S,41,93,7
2025/01/30 19:05,05F0287S,05F0309S,42,0,0
2025/01/30 19:05,05F0287S,05F0309S,5,0,0
2025/01/30 19:05,05F0309S,05F0439S,31,497,37
2025/01/30 19:05,05F0309S,05F0439S,32,508,13
2025/01/30 19:05,05F0309S,05F0439S,41,542,1
2025/01/30 19:05,05F0309S,05F0439S,42,0,0
2025/01/30 19:05,05F0309S,05F0439S,5,0,0
2025/01/30 19:05,05F0439S,05F0494S,31,203,26
2025/01/30 19:05,05F0439S,05F0494S,32,203,5
2025/01/30 19:05,05F0439S,05F0494S,41,0,0
2025/01/30 19:05,05F0439S,05F0494S,42,0,0
2025/01/30 19:05,05F0439S,05F0494S,5,0,0
2025/01/30 19:10,05F0000S,05F0055S,31,243,76
2025/01/30 19:10,05F0000S,05F0055S,32,245,12
2025/01/30 19:10,05F0000S,05F0055S,41,247,6
2025/01/30 19:10,05F0000S,05F0055S,42,0,0
2025/01/30 19:10,05F0000S,05F0055S,5,0,0
2025/01/30 19:10,05F0055S,05F0287S,31,975,90
2025/01/30 19:10,05F0055S,05F0287S,32,978,14
2025/01/30 19:10,05F0055S,05F0287S,41,1010,6
2025/01/30 19:10,05F0055S,05F0287S,42,0,0
2025/01/30 19:10,05F0055S,05F0287S,5,0,0
2025/01/30 19:10,05F0287S,05F0309S,31,87,78
2025/01/30 19:10,05F0287S,05F0309S,32,85,13
2025/01/30 19:10,05F0287S,05F0309S,41,90,4
2025/01/30 19:10,05F0287S,05F0309S,42,0,0
2025/01/30 19:10,05F0287S,05F0309S,5,0,0
2025/01/30 19:10,05F0309S,05F0439S,31,491,55
2025/01/30 19:10,05F0309S,05F0439S,32,500,14
2025/01/30 19:10,05F0309S,05F0439S,41,512,3
2025/01/30 19:10,05F0309S,05F0439S,42,0,0
2025/01/30 19:10,05F0309S,05F0439S,5,0,0
2025/01/30 19:10,05F0439S,05F0494S,31,207,25
2025/01/30 19:10,05F0439S,05F0494S,32,203,5
2025/01/30 19:10,05F0439S,05F0494S,41,0,0
2025/01/30 19:10,05F0439S,05F0494S,42,0,0
2025/01/30 19:10,05F0439S,05F0494S,5,0,0
2025/01/30 19:15,05F0000S,05F0055S,31,249,78
2025/01/30 19:15,05F0000S,05F0055S,32,244,16
2025/01/30 19:15,05F0000S,05F0055S,41,249,5
2025/01/30 19:15,05F0000S,05F0055S,42,0,0
2025/01/30 19:15,05F0000S,05F0055S,5,0,0
2025/01/30 19:15,05F0055S,05F0287S,31,1003,74
2025/01/30 19:15,05F0055S,05F0287S,32,1012,14
2025/01/30 19:15,05F0055S,05F0287S,41,1008,5
2025/01/30 19:15,05F0055S,05F0287S,42,0,0
2025/01/30 19:15,05F0055S,05F0287S,5,0,0
2025/01/30 19:15,05F0287S,05F0309S,31,87,49
2025/01/30 19:15,05F0287S,05F0309S,32,86,6
2025/01/30 19:15,05F0287S,05F0309S,41,91,5
2025/01/30 19:15,05F0287S,05F0309S,42,0,0
2025/01/30 19:15,05F0287S,05F0309S,5,0,0
2025/01/30 19:15,05F0309S,05F0439S,31,485,66
2025/01/30 19:15,05F0309S,05F0439S,32,498,13
2025/01/30 19:15,05F0309S,05F0439S,41,537,4
2025/01/30 19:15,05F0309S,05F0439S,42,0,0
2025/01/30 19:15,05F0309S,05F0439S,5,0,0
2025/01/30 19:15,05F0439S,05F0494S,31,208,19
2025/01/30 19:15,05F0439S,05F0494S,32,213,9
2025/01/30 19:15,05F0439S,05F0494S,41,0,0
2025/01/30 19:15,05F0439S,05F0494S,42,0,0
2025/01/30 19:15,05F0439S,05F0494S,5,0,0
2025/01/30 19:20,05F0000S,05F0055S,31,240,72
2025/01/30 19:20,05F0000S,05F0055S,32,235,5
2025/01/30 19:20,05F0000S,05F0055S,41,252,3
2025/01/30 19:20,05F0000S,05F0055S,42,0,0
2025/01/30 19:20,05F0000S,05F0055S,5,0,0
2025/01/30 19:20,05F0055S,05F0287S,31,1005,97
2025/01/30 19:20,05F0055S,05F0287S,32,1007,20
2025/01/30 19:20,05F0055S,05F0287S,41,1018,6
2025/01/30 19:20,05F0055S,05F0287S,42,0,0
2025/01/30 19:20,05F0055S,05F0287S,5,0,0
2025/01/30 19:20,05F0287S,05F0309S,31,88,69
2025/01/30 19:20,05F0287S,05F0309S,32,91,15
2025/01/30 19:20,05F0287S,05F0309S,41,89,4
2025/01/30 19:20,05F0287S,05F0309S,42,0,0
2025/01/30 19:20,05F0287S,05F0309S,5,0,0
2025/01/30 19:20,05F0309S,05F0439S,31,499,56
2025/01/30 19:20,05F0309S,05F0439S,32,509,3
2025/01/30 19:20,05F0309S,05F0439S,41,506,2
2025/01/30 19:20,05F0309S,05F0439S,42,0,0
2025/01/30 19:20,05F0309S,05F0439S,5,0,0
2025/01/30 19:20,05F0439S,05F0494S,31,212,23
2025/01/30 19:20,05F0439S,05F0494S,32,208,4
2025/01/30 19:20,05F0439S,05F0494S,41,0,0
2025/01/30 19:20,05F0439S,05F0494S,42,0,0
2025/01/30 19:20,05F0439S,05F0494S,5,0,0
2025/01/30 19:25,05F0000S,05F0055S,31,247,93
2025/01/30 19:25,05F0000S,05F0055S,32,247,12
2025/01/30 19:25,05F0000S,05F0055S,41,238,3
2025/01/30 19:25,05F0000S,05F0055S,42,0,0
2025/01/30 19:25,05F0000S,05F0055S,5,0,0
2025/01/30 19:25,05F0055S,05F0287S,31,995,69
2025/01/30 19:25,05F0055S,05F0287S,32,991,16
2025/01/30 19:25,05F0055S,05F0287S,41,1062,3
2025/01/30 19:25,05F0055S,05F0287S,42,0,0
2025/01/30 19:25,05F0055S,05F0287S,5,0,0
2025/01/30 19:25,05F0287S,05F0309S,31,87,55
2025/01/30 19:25,05F0287S,05F0309S,32,85,18
2025/01/30 19:25,05F0287S,05F0309S,41,93,2
2025/01/30 19:25,05F0287S,05F0309S,42,0,0
2025/01/30 19:25,05F0287S,05F0309S,5,0,0
2025/01/30 19:25,05F0309S,05F0439S,31,494,57
2025/01/30 19:25,05F0309S,05F0439S,32,507,9
2025/01/30 19:25,05F0309S,05F0439S,41,527,3
2025/01/30 19:25,05F0309S,05F0439S,42,0,0
2025/01/30 19:25,05F0309S,05F0439S,5,0,0
2025/01/30 19:25,05F0439S,05F0494S,31,206,32
2025/01/30 19:25,05F0439S,05F0494S,32,197,3
2025/01/30 19:25,05F0439S,05F0494S,41,0,0
2025/01/30 19:25,05F0439S,05F0494S,42,0,0
2025/01/30 19:25,05F0439S,05F0494S,5,0,0
2025/01/30 19:30,05F0000S,05F0055S,31,241,86
2025/01/30 19:30,05F0000S,05F0055S,32,238,15
2025/01/30 19:30,05F0000S,05F0055S,41,243,4
2025/01/30 19:30,05F0000S,05F0055S,42,0,0
2025/01/30 19:30,05F0000S,05F0055S,5,0,0
2025/01/30 19:30,05F0055S,05F0287S,31,987,70
2025/01/30 19:30,05F0055S,05F0287S,32,982,13
2025/01/30 19:30,05F0055S,05F0287S,41,1017,8
2025/01/30 19:30,05F0055S,05F0287S,42,0,0
2025/01/30 19:30,05F0055S,05F0287S,5,0,0
2025/01/30 19:30,05F0287S,05F0309S,31,87,51
2025/01/30 19:30,05F0287S,05F0309S,32,88,11
2025/01/30 19:30,05F0287S,05F0309S,41,89,5
2025/01/30 19:30,05F0287S,05F0309S,42,0,0
2025/01/30 19:30,05F0287S,05F0309S,5,0,0
2025/01/30 19:30,05F0309S,05F0439S,31,490,40
2025/01/30 19:30,05F0309S,05F0439S,32,497,10
2025/01/30 19:30,05F0309S,05F0439S,41,518,4
2025/01/30 19:30,05F0309S,05F0439S,42,617,1
2025/01/30 19:30,05F0309S,05F0439S,5,0,0
2025/01/30 19:30,05F0439S,05F0494S,31,208,24
2025/01/30 19:30,05F0439S,05F0494S,32,210,3
2025/01/30 19:30,05F0439S,05F0494S,41,0,0
2025/01/30 19:30,05F0439S,05F0494S,42,0,0
2025/01/30 19:30,05F0439S,05F0494S,5,0,0
2025/01/30 19:35,05F0000S,05F0055S,31,252,80
2025/01/30 19:35,05F0000S,05F0055S,32,245,16
2025/01/30 19:35,05F0000S,05F0055S,41,254,6
2025/01/30 19:35,05F0000S,05F0055S,42,0,0
2025/01/30 19:35,05F0000S,05F0055S,5,0,0
2025/01/30 19:35,05F0055S,05F0287S,31,982,82
2025/01/30 19:35,05F0055S,05F0287S,32,1001,7
2025/01/30 19:35,05F0055S,05F0287S,41,0,0
2025/01/30 19:35,05F0055S,05F0287S,42,0,0
2025/01/30 19:35,05F0055S,05F0287S,5,0,0
2025/01/30 19:35,05F0287S,05F0309S,31,86,66
2025/01/30 19:35,05F0287S,05F0309S,32,87,10
2025/01/30 19:35,05F0287S,05F0309S,41,678,2
2025/01/30 19:35,05F0287S,05F0309S,42,0,0
2025/01/30 19:35,05F0287S,05F0309S,5,0,0
2025/01/30 19:35,05F0309S,05F0439S,31,498,33
2025/01/30 19:35,05F0309S,05F0439S,32,488,7
2025/01/30 19:35,05F0309S,05F0439S,41,534,2
2025/01/30 19:35,05F0309S,05F0439S,42,0,0
2025/01/30 19:35,05F0309S,05F0439S,5,0,0
2025/01/30 19:35,05F0439S,05F0494S,31,209,22
2025/01/30 19:35,05F0439S,05F0494S,32,204,5
2025/01/30 19:35,05F0439S,05F0494S,41,0,0
2025/01/30 19:35,05F0439S,05F0494S,42,0,0
2025/01/30 19:35,05F0439S,05F0494S,5,0,0
2025/01/30 19:40,05F0000S,05F0055S,31,240,72
2025/01/30 19:40,05F0000S,05F0055S,32,247,10
2025/01/30 19:40,05F0000S,05F0055S,41,230,3
2025/01/30 19:40,05F0000S,05F0055S,42,0,0
2025/01/30 19:40,05F0000S,05F0055S,5,0,0
2025/01/30 19:40,05F0055S,05F0287S,31,986,99
2025/01/30 19:40,05F0055S,05F0287S,32,993,12
2025/01/30 19:40,05F0055S,05F0287S,41,1042,6
2025/01/30 19:40,05F0055S,05F0287S,42,0,0
2025/01/30 19:40,05F0055S,05F0287S,5,0,0
2025/01/30 19:40,05F0287S,05F0309S,31,88,63
2025/01/30 19:40,05F0287S,05F0309S,32,89,7
2025/01/30 19:40,05F0287S,05F0309S,41,88,4
2025/01/30 19:40,05F0287S,05F0309S,42,0,0
2025/01/30 19:40,05F0287S,05F0309S,5,0,0
2025/01/30 19:40,05F0309S,05F0439S,31,481,41
2025/01/30 19:40,05F0309S,05F0439S,32,474,9
2025/01/30 19:40,05F0309S,05F0439S,41,522,4
2025/01/30 19:40,05F0309S,05F0439S,42,0,0
2025/01/30 19:40,05F0309S,05F0439S,5,0,0
2025/01/30 19:40,05F0439S,05F0494S,31,212,23
2025/01/30 19:40,05F0439S,05F0494S,32,217,7
2025/01/30 19:40,05F0439S,05F0494S,41,0,0
2025/01/30 19:40,05F0439S,05F0494S,42,0,0
2025/01/30 19:40,05F0439S,05F0494S,5,0,0
2025/01/30 19:45,05F0000S,05F0055S,31,244,89
2025/01/30 19:45,05F0000S,05F0055S,32,246,18
2025/01/30 19:45,05F0000S,05F0055S,41,248,3
2025/01/30 19:45,05F0000S,05F0055S,42,0,0
2025/01/30 19:45,05F0000S,05F0055S,5,0,0
2025/01/30 19:45,05F0055S,05F0287S,31,983,93
2025/01/30 19:45,05F0055S,05F0287S,32,982,14
2025/01/30 19:45,05F0055S,05F0287S,41,1007,3
2025/01/30 19:45,05F0055S,05F0287S,42,0,0
2025/01/30 19:45,05F0055S,05F0287S,5,0,0
2025/01/30 19:45,05F0287S,05F0309S,31,87,67
2025/01/30 19:45,05F0287S,05F0309S,32,87,10
2025/01/30 19:45,05F0287S,05F0309S,41,91,3
2025/01/30 19:45,05F0287S,05F0309S,42,0,0
2025/01/30 19:45,05F0287S,05F0309S,5,0,0
2025/01/30 19:45,05F0309S,05F0439S,31,492,53
2025/01/30 19:45,05F0309S,05F0439S,32,516,8
2025/01/30 19:45,05F0309S,05F0439S,41,550,1
2025/01/30 19:45,05F0309S,05F0439S,42,498,1
2025/01/30 19:45,05F0309S,05F0439S,5,0,0
2025/01/30 19:45,05F0439S,05F0494S,31,203,23
2025/01/30 19:45,05F0439S,05F0494S,32,211,4
2025/01/30 19:45,05F0439S,05F0494S,41,0,0
2025/01/30 19:45,05F0439S,05F0494S,42,0,0
2025/01/30 19:45,05F0439S,05F0494S,5,0,0
2025/01/30 19:50,05F0000S,05F0055S,31,248,95
2025/01/30 19:50,05F0000S,05F0055S,32,244,20
2025/01/30 19:50,05F0000S,05F0055S,41,254,2
2025/01/30 19:50,05F0000S,05F0055S,42,0,0
2025/01/30 19:50,05F0000S,05F0055S,5,0,0
2025/01/30 19:50,05F0055S,05F0287S,31,981,86
2025/01/30 19:50,05F0055S,05F0287S,32,982,16
2025/01/30 19:50,05F0055S,05F0287S,41,1011,4
2025/01/30 19:50,05F0055S,05F0287S,42,0,0
2025/01/30 19:50,05F0055S,05F0287S,5,0,0
2025/01/30 19:50,05F0287S,05F0309S,31,88,63
2025/01/30 19:50,05F0287S,05F0309S,32,90,13
2025/01/30 19:50,05F0287S,05F0309S,41,91,3
2025/01/30 19:50,05F0287S,05F0309S,42,0,0
2025/01/30 19:50,05F0287S,05F0309S,5,0,0
2025/01/30 19:50,05F0309S,05F0439S,31,496,53
2025/01/30 19:50,05F0309S,05F0439S,32,506,2
2025/01/30 19:50,05F0309S,05F0439S,41,532,4
2025/01/30 19:50,05F0309S,05F0439S,42,0,0
2025/01/30 19:50,05F0309S,05F0439S,5,0,0
2025/01/30 19:50,05F0439S,05F0494S,31,200,24
2025/01/30 19:50,05F0439S,05F0494S,32,222,4
2025/01/30 19:50,05F0439S,05F0494S,41,0,0
2025/01/30 19:50,05F0439S,05F0494S,42,212,1
2025/01/30 19:50,05F0439S,05F0494S,5,0,0
2025/01/30 19:55,05F0000S,05F0055S,31,242,69
2025/01/30 19:55,05F0000S,05F0055S,32,249,16
2025/01/30 19:55,05F0000S,05F0055S,41,252,4
2025/01/30 19:55,05F0000S,05F0055S,42,0,0
2025/01/30 19:55,05F0000S,05F0055S,5,0,0
2025/01/30 19:55,05F0055S,05F0287S,31,982,87
2025/01/30 19:55,05F0055S,05F0287S,32,1002,15
2025/01/30 19:55,05F0055S,05F0287S,41,1026,5
2025/01/30 19:55,05F0055S,05F0287S,42,0,0
2025/01/30 19:55,05F0055S,05F0287S,5,0,0
2025/01/30 19:55,05F0287S,05F0309S,31,86,69
2025/01/30 19:55,05F0287S,05F0309S,32,87,13
2025/01/30 19:55,05F0287S,05F0309S,41,89,6
2025/01/30 19:55,05F0287S,05F0309S,42,0,0
2025/01/30 19:55,05F0287S,05F0309S,5,0,0
2025/01/30 19:55,05F0309S,05F0439S,31,489,47
2025/01/30 19:55,05F0309S,05F0439S,32,482,9
2025/01/30 19:55,05F0309S,05F0439S,41,524,4
2025/01/30 19:55,05F0309S,05F0439S,42,0,0
2025/01/30 19:55,05F0309S,05F0439S,5,0,0
2025/01/30 19:55,05F0439S,05F0494S,31,207,15
2025/01/30 19:55,05F0439S,05F0494S,32,197,3
2025/01/30 19:55,05F0439S,05F0494S,41,0,0
2025/01/30 19:55,05F0439S,05F0494S,42,0,0
2025/01/30 19:55,05F0439S,05F0494S,5,0,0
2025/01/30 20:00,05F0000S,05F0055S,31,252,92
2025/01/30 20:00,05F0000S,05F0055S,32,249,23
2025/01/30 20:00,05F0000S,05F0055S,41,266,3
2025/01/30 20:00,05F0000S,05F0055S,42,0,0
2025/01/30 20:00,05F0000S,05F0055S,5,0,0
2025/01/30 20:00,05F0055S,05F0287S,31,987,85
2025/01/30 20:00,05F0055S,05F0287S,32,998,19
2025/01/30 20:00,05F0055S,05F0287S,41,1013,3
2025/01/30 20:00,05F0055S,05F0287S,42,0,0
2025/01/30 20:00,05F0055S,05F0287S,5,0,0
2025/01/30 20:00,05F0287S,05F0309S,31,86,65
2025/01/30 20:00,05F0287S,05F0309S,32,85,9
2025/01/30 20:00,05F0287S,05F0309S,41,94,1
2025/01/30 20:00,05F0287S,05F0309S,42,0,0
2025/01/30 20:00,05F0287S,05F0309S,5,0,0
2025/01/30 20:00,05F0309S,05F0439S,31,479,42
2025/01/30 20:00,05F0309S,05F0439S,32,490,8
2025/01/30 20:00,05F0309S,05F0439S,41,0,0
2025/01/30 20:00,05F0309S,05F0439S,42,0,0
2025/01/30 20:00,05F0309S,05F0439S,5,0,0
2025/01/30 20:00,05F0439S,05F0494S,31,205,20
2025/01/30 20:00,05F0439S,05F0494S,32,213,3
2025/01/30 20:00,05F0439S,05F0494S,41,0,0
2025/01/30 20:00,05F0439S,05F0494S,42,0,0
2025/01/30 20:00,05F0439S,05F0494S,5,0,0
2025/01/30 20:05,05F0000S,05F0055S,31,246,84
2025/01/30 20:05,05F0000S,05F0055S,32,240,12
2025/01/30 20:05,05F0000S,05F0055S,41,241,3
2025/01/30 20:05,05F0000S,05F0055S,42,0,0
2025/01/30 20:05,05F0000S,05F0055S,5,0,0
2025/01/30 20:05,05F0055S,05F0287S,31,988,89
2025/01/30 20:05,05F0055S,05F0287S,32,972,19
2025/01/30 20:05,05F0055S,05F0287S,41,1005,3
2025/01/30 20:05,05F0055S,05F0287S,42,0,0
2025/01/30 20:05,05F0055S,05F0287S,5,0,0
2025/01/30 20:05,05F0287S,05F0309S,31,88,91
2025/01/30 20:05,05F0287S,05F0309S,32,91,17
2025/01/30 20:05,05F0287S,05F0309S,41,94,3
2025/01/30 20:05,05F0287S,05F0309S,42,0,0
2025/01/30 20:05,05F0287S,05F0309S,5,0,0
2025/01/30 20:05,05F0309S,05F0439S,31,499,47
2025/01/30 20:05,05F0309S,05F0439S,32,488,12
2025/01/30 20:05,05F0309S,05F0439S,41,516,4
2025/01/30 20:05,05F0309S,05F0439S,42,0,0
2025/01/30 20:05,05F0309S,05F0439S,5,0,0
2025/01/30 20:05,05F0439S,05F0494S,31,207,32
2025/01/30 20:05,05F0439S,05F0494S,32,205,7
2025/01/30 20:05,05F0439S,05F0494S,41,249,1
2025/01/30 20:05,05F0439S,05F0494S,42,0,0
2025/01/30 20:05,05F0439S,05F0494S,5,0,0
2025/01/30 20:10,05F0000S,05F0055S,31,246,89
2025/01/30 20:10,05F0000S,05F0055S,32,237,17
2025/01/30 20:10,05F0000S,05F0055S,41,227,2
2025/01/30 20:10,05F0000S,05F0055S,42,0,0
2025/01/30 20:10,05F0000S,05F0055S,5,0,0
2025/01/30 20:10,05F0055S,05F0287S,31,1002,83
2025/01/30 20:10,05F0055S,05F0287S,32,992,14
2025/01/30 20:10,05F0055S,05F0287S,41,1044,4
2025/01/30 20:10,05F0055S,05F0287S,42,0,0
2025/01/30 20:10,05F0055S,05F0287S,5,0,0
2025/01/30 20:10,05F0287S,05F0309S,31,86,62
2025/01/30 20:10,05F0287S,05F0309S,32,86,11
2025/01/30 20:10,05F0287S,05F0309S,41,0,0
2025/01/30 20:10,05F0287S,05F0309S,42,0,0
2025/01/30 20:10,05F0287S,05F0309S,5,0,0
2025/01/30 20:10,05F0309S,05F0439S,31,500,43
2025/01/30 20:10,05F0309S,05F0439S,32,504,8
2025/01/30 20:10,05F0309S,05F0439S,41,0,0
2025/01/30 20:10,05F0309S,05F0439S,42,0,0
2025/01/30 20:10,05F0309S,05F0439S,5,0,0
2025/01/30 20:10,05F0439S,05F0494S,31,204,21
2025/01/30 20:10,05F0439S,05F0494S,32,185,3
2025/01/30 20:10,05F0439S,05F0494S,41,0,0
2025/01/30 20:10,05F0439S,05F0494S,42,220,1
2025/01/30 20:10,05F0439S,05F0494S,5,0,0
2025/01/30 20:15,05F0000S,05F0055S,31,242,82
2025/01/30 20:15,05F0000S,05F0055S,32,239,18
2025/01/30 20:15,05F0000S,05F0055S,41,260,5
2025/01/30 20:15,05F0000S,05F0055S,42,0,0
2025/01/30 20:15,05F0000S,05F0055S,5,0,0
2025/01/30 20:15,05F0055S,05F0287S,31,998,78
2025/01/30 20:15,05F0055S,05F0287S,32,1003,25
2025/01/30 20:15,05F0055S,05F0287S,41,1010,3
2025/01/30 20:15,05F0055S,05F0287S,42,0,0
2025/01/30 20:15,05F0055S,05F0287S,5,0,0
2025/01/30 20:15,05F0287S,05F0309S,31,89,50
2025/01/30 20:15,05F0287S,05F0309S,32,84,14
2025/01/30 20:15,05F0287S,05F0309S,41,93,3
2025/01/30 20:15,05F0287S,05F0309S,42,0,0
2025/01/30 20:15,05F0287S,05F0309S,5,0,0
2025/01/30 20:15,05F0309S,05F0439S,31,486,51
2025/01/30 20:15,05F0309S,05F0439S,32,460,9
2025/01/30 20:15,05F0309S,05F0439S,41,516,3
2025/01/30 20:15,05F0309S,05F0439S,42,0,0
2025/01/30 20:15,05F0309S,05F0439S,5,0,0
2025/01/30 20:15,05F0439S,05F0494S,31,202,28
2025/01/30 20:15,05F0439S,05F0494S,32,202,6
2025/01/30 20:15,05F0439S,05F0494S,41,0,0
2025/01/30 20:15,05F0439S,05F0494S,42,0,0
2025/01/30 20:15,05F0439S,05F0494S,5,0,0
2025/01/30 20:20,05F0000S,05F0055S,31,256,96
2025/01/30 20:20,05F0000S,05F0055S,32,255,18
2025/01/30 20:20,05F0000S,05F0055S,41,261,2
2025/01/30 20:20,05F0000S,05F0055S,42,0,0
2025/01/30 20:20,05F0000S,05F0055S,5,0,0
2025/01/30 20:20,05F0055S,05F0287S,31,989,108
2025/01/30 20:20,05F0055S,05F0287S,32,997,14
2025/01/30 20:20,05F0055S,05F0287S,41,1020,3
2025/01/30 20:20,05F0055S,05F0287S,42,0,0
2025/01/30 20:20,05F0055S,05F0287S,5,0,0
2025/01/30 20:20,05F0287S,05F0309S,31,86,83
2025/01/30 20:20,05F0287S,05F0309S,32,88,17
2025/01/30 20:20,05F0287S,05F0309S,41,89,3
2025/01/30 20:20,05F0287S,05F0309S,42,0,0
2025/01/30 20:20,05F0287S,05F0309S,5,0,0
2025/01/30 20:20,05F0309S,05F0439S,31,487,39
2025/01/30 20:20,05F0309S,05F0439S,32,481,6
2025/01/30 20:20,05F0309S,05F0439S,41,538,1
2025/01/30 20:20,05F0309S,05F0439S,42,519,1
2025/01/30 20:20,05F0309S,05F0439S,5,0,0
2025/01/30 20:20,05F0439S,05F0494S,31,205,14
2025/01/30 20:20,05F0439S,05F0494S,32,199,2
2025/01/30 20:20,05F0439S,05F0494S,41,0,0
2025/01/30 20:20,05F0439S,05F0494S,42,0,0
2025/01/30 20:20,05F0439S,05F0494S,5,0,0
2025/01/30 20:25,05F0000S,05F0055S,31,253,78
2025/01/30 20:25,05F0000S,05F0055S,32,250,19
2025/01/30 20:25,05F0000S,05F0055S,41,250,6
2025/01/30 20:25,05F0000S,05F0055S,42,0,0
2025/01/30 20:25,05F0000S,05F0055S,5,0,0
2025/01/30 20:25,05F0055S,05F0287S,31,959,77
2025/01/30 20:25,05F0055S,05F0287S,32,945,20
2025/01/30 20:25,05F0055S,05F0287S,41,997,2
2025/01/30 20:25,05F0055S,05F0287S,42,0,0
2025/01/30 20:25,05F0055S,05F0287S,5,0,0
2025/01/30 20:25,05F0287S,05F0309S,31,84,68
2025/01/30 20:25,05F0287S,05F0309S,32,86,12
2025/01/30 20:25,05F0287S,05F0309S,41,91,3
2025/01/30 20:25,05F0287S,05F0309S,42,0,0
2025/01/30 20:25,05F0287S,05F0309S,5,0,0
2025/01/30 20:25,05F0309S,05F0439S,31,500,47
2025/01/30 20:25,05F0309S,05F0439S,32,509,11
2025/01/30 20:25,05F0309S,05F0439S,41,521,4
2025/01/30 20:25,05F0309S,05F0439S,42,0,0
2025/01/30 20:25,05F0309S,05F0439S,5,0,0
2025/01/30 20:25,05F0439S,05F0494S,31,194,13
2025/01/30 20:25,05F0439S,05F0494S,32,207,9
2025/01/30 20:25,05F0439S,05F0494S,41,0,0
2025/01/30 20:25,05F0439S,05F0494S,42,221,1
2025/01/30 20:25,05F0439S,05F0494S,5,0,0
2025/01/30 20:30,05F0000S,05F0055S,31,247,89
2025/01/30 20:30,05F0000S,05F0055S,32,244,17
2025/01/30 20:30,05F0000S,05F0055S,41,243,2
2025/01/30 20:30,05F0000S,05F0055S,42,0,0
2025/01/30 20:30,05F0000S,05F0055S,5,0,0
2025/01/30 20:30,05F0055S,05F0287S,31,980,97
2025/01/30 20:30,05F0055S,05F0287S,32,970,22
2025/01/30 20:30,05F0055S,05F0287S,41,1029,4
2025/01/30 20:30,05F0055S,05F0287S,42,0,0
2025/01/30 20:30,05F0055S,05F0287S,5,0,0
2025/01/30 20:30,05F0287S,05F0309S,31,87,52
2025/01/30 20:30,05F0287S,05F0309S,32,87,13
2025/01/30 20:30,05F0287S,05F0309S,41,1239,3
2025/01/30 20:30,05F0287S,05F0309S,42,0,0
2025/01/30 20:30,05F0287S,05F0309S,5,0,0
2025/01/30 20:30,05F0309S,05F0439S,31,486,60
2025/01/30 20:30,05F0309S,05F0439S,32,487,12
2025/01/30 20:30,05F0309S,05F0439S,41,1124,2
2025/01/30 20:30,05F0309S,05F0439S,42,0,0
2025/01/30 20:30,05F0309S,05F0439S,5,0,0
2025/01/30 20:30,05F0439S,05F0494S,31,194,31
2025/01/30 20:30,05F0439S,05F0494S,32,203,4
2025/01/30 20:30,05F0439S,05F0494S,41,0,0
2025/01/30 20:30,05F0439S,05F0494S,42,0,0
2025/01/30 20:30,05F0439S,05F0494S,5,0,0
2025/01/30 20:35,05F0000S,05F0055S,31,241,84
2025/01/30 20:35,05F0000S,05F0055S,32,248,12
2025/01/30 20:35,05F0000S,05F0055S,41,228,1
2025/01/30 20:35,05F0000S,05F0055S,42,0,0
2025/01/30 20:35,05F0000S,05F0055S,5,0,0
2025/01/30 20:35,05F0055S,05F0287S,31,978,82
2025/01/30 20:35,05F0055S,05F0287S,32,977,18
2025/01/30 20:35,05F0055S,05F0287S,41,1023,3
2025/01/30 20:35,05F0055S,05F0287S,42,0,0
2025/01/30 20:35,05F0055S,05F0287S,5,0,0
2025/01/30 20:35,05F0287S,05F0309S,31,85,58
2025/01/30 20:35,05F0287S,05F0309S,32,87,16
2025/01/30 20:35,05F0287S,05F0309S,41,94,4
2025/01/30 20:35,05F0287S,05F0309S,42,0,0
2025/01/30 20:35,05F0287S,05F0309S,5,0,0
2025/01/30 20:35,05F0309S,05F0439S,31,477,28
2025/01/30 20:35,05F0309S,05F0439S,32,488,8
2025/01/30 20:35,05F0309S,05F0439S,41,529,1
2025/01/30 20:35,05F0309S,05F0439S,42,548,1
2025/01/30 20:35,05F0309S,05F0439S,5,0,0
2025/01/30 20:35,05F0439S,05F0494S,31,205,16
2025/01/30 20:35,05F0439S,05F0494S,32,199,5
2025/01/30 20:35,05F0439S,05F0494S,41,0,0
2025/01/30 20:35,05F0439S,05F0494S,42,233,1
2025/01/30 20:35,05F0439S,05F0494S,5,0,0
2025/01/30 20:40,05F0000S,05F0055S,31,248,93
2025/01/30 20:40,05F0000S,05F0055S,32,242,9
2025/01/30 20:40,05F0000S,05F0055S,41,249,3
2025/01/30 20:40,05F0000S,05F0055S,42,0,0
2025/01/30 20:40,05F0000S,05F0055S,5,0,0
2025/01/30 20:40,05F0055S,05F0287S,31,1008,84
2025/01/30 20:40,05F0055S,05F0287S,32,991,19
2025/01/30 20:40,05F0055S,05F0287S,41,1018,3
2025/01/30 20:40,05F0055S,05F0287S,42,0,0
2025/01/30 20:40,05F0055S,05F0287S,5,0,0
2025/01/30 20:40,05F0287S,05F0309S,31,89,78
2025/01/30 20:40,05F0287S,05F0309S,32,87,14
2025/01/30 20:40,05F0287S,05F0309S,41,90,5
2025/01/30 20:40,05F0287S,05F0309S,42,0,0
2025/01/30 20:40,05F0287S,05F0309S,5,0,0
2025/01/30 20:40,05F0309S,05F0439S,31,490,50
2025/01/30 20:40,05F0309S,05F0439S,32,476,12
2025/01/30 20:40,05F0309S,05F0439S,41,532,3
2025/01/30 20:40,05F0309S,05F0439S,42,0,0
2025/01/30 20:40,05F0309S,05F0439S,5,0,0
2025/01/30 20:40,05F0439S,05F0494S,31,205,16
2025/01/30 20:40,05F0439S,05F0494S,32,213,2
2025/01/30 20:40,05F0439S,05F0494S,41,0,0
2025/01/30 20:40,05F0439S,05F0494S,42,0,0
2025/01/30 20:40,05F0439S,05F0494S,5,0,0
2025/01/30 20:45,05F0000S,05F0055S,31,240,104
2025/01/30 20:45,05F0000S,05F0055S,32,241,30
2025/01/30 20:45,05F0000S,05F0055S,41,249,5
2025/01/30 20:45,05F0000S,05F0055S,42,0,0
2025/01/30 20:45,05F0000S,05F0055S,5,0,0
2025/01/30 20:45,05F0055S,05F0287S,31,997,113
2025/01/30 20:45,05F0055S,05F0287S,32,994,19
2025/01/30 20:45,05F0055S,05F0287S,41,1039,3
2025/01/30 20:45,05F0055S,05F0287S,42,0,0
2025/01/30 20:45,05F0055S,05F0287S,5,0,0
2025/01/30 20:45,05F0287S,05F0309S,31,89,53
2025/01/30 20:45,05F0287S,05F0309S,32,88,12
2025/01/30 20:45,05F0287S,05F0309S,41,87,2
2025/01/30 20:45,05F0287S,05F0309S,42,0,0
2025/01/30 20:45,05F0287S,05F0309S,5,0,0
2025/01/30 20:45,05F0309S,05F0439S,31,493,37
2025/01/30 20:45,05F0309S,05F0439S,32,502,9
2025/01/30 20:45,05F0309S,05F0439S,41,527,2
2025/01/30 20:45,05F0309S,05F0439S,42,477,1
2025/01/30 20:45,05F0309S,05F0439S,5,0,0
2025/01/30 20:45,05F0439S,05F0494S,31,210,25
2025/01/30 20:45,05F0439S,05F0494S,32,206,6
2025/01/30 20:45,05F0439S,05F0494S,41,0,0
2025/01/30 20:45,05F0439S,05F0494S,42,0,0
2025/01/30 20:45,05F0439S,05F0494S,5,0,0
2025/01/30 20:50,05F0000S,05F0055S,31,240,94
2025/01/30 20:50,05F0000S,05F0055S,32,242,17
2025/01/30 20:50,05F0000S,05F0055S,41,252,6
2025/01/30 20:50,05F0000S,05F0055S,42,0,0
2025/01/30 20:50,05F0000S,05F0055S,5,0,0
2025/01/30 20:50,05F0055S,05F0287S,31,970,92
2025/01/30 20:50,05F0055S,05F0287S,32,988,14
2025/01/30 20:50,05F0055S,05F0287S,41,1001,3
2025/01/30 20:50,05F0055S,05F0287S,42,0,0
2025/01/30 20:50,05F0055S,05F0287S,5,0,0
2025/01/30 20:50,05F0287S,05F0309S,31,89,91
2025/01/30 20:50,05F0287S,05F0309S,32,88,17
2025/01/30 20:50,05F0287S,05F0309S,41,91,2
2025/01/30 20:50,05F0287S,05F0309S,42,0,0
2025/01/30 20:50,05F0287S,05F0309S,5,0,0
2025/01/30 20:50,05F0309S,05F0439S,31,484,39
2025/01/30 20:50,05F0309S,05F0439S,32,481,8
2025/01/30 20:50,05F0309S,05F0439S,41,534,3
2025/01/30 20:50,05F0309S,05F0439S,42,538,1
2025/01/30 20:50,05F0309S,05F0439S,5,0,0
2025/01/30 20:50,05F0439S,05F0494S,31,206,23
2025/01/30 20:50,05F0439S,05F0494S,32,211,5
2025/01/30 20:50,05F0439S,05F0494S,41,0,0
2025/01/30 20:50,05F0439S,05F0494S,42,0,0
2025/01/30 20:50,05F0439S,05F0494S,5,0,0
2025/01/30 20:55,05F0000S,05F0055S,31,240,87
2025/01/30 20:55,05F0000S,05F0055S,32,241,16
2025/01/30 20:55,05F0000S,05F0055S,41,242,4
2025/01/30 20:55,05F0000S,05F0055S,42,0,0
2025/01/30 20:55,05F0000S,05F0055S,5,0,0
2025/01/30 20:55,05F0055S,05F0287S,31,975,91
2025/01/30 20:55,05F0055S,05F0287S,32,980,11
2025/01/30 20:55,05F0055S,05F0287S,41,1014,2
2025/01/30 20:55,05F0055S,05F0287S,42,0,0
2025/01/30 20:55,05F0055S,05F0287S,5,0,0
2025/01/30 20:55,05F0287S,05F0309S,31,88,68
2025/01/30 20:55,05F0287S,05F0309S,32,89,9
2025/01/30 20:55,05F0287S,05F0309S,41,91,1
2025/01/30 20:55,05F0287S,05F0309S,42,0,0
2025/01/30 20:55,05F0287S,05F0309S,5,0,0
2025/01/30 20:55,05F0309S,05F0439S,31,494,50
2025/01/30 20:55,05F0309S,05F0439S,32,490,9
2025/01/30 20:55,05F0309S,05F0439S,41,0,0
2025/01/30 20:55,05F0309S,05F0439S,42,0,0
2025/01/30 20:55,05F0309S,05F0439S,5,0,0
2025/01/30 20:55,05F0439S,05F0494S,31,211,27
2025/01/30 20:55,05F0439S,05F0494S,32,201,5
2025/01/30 20:55,05F0439S,05F0494S,41,0,0
2025/01/30 20:55,05F0439S,05F0494S,42,0,0
2025/01/30 20:55,05F0439S,05F0494S,5,0,0
2025/01/30 21:00,05F0000S,05F0055S,31,240,91
2025/01/30 21:00,05F0000S,05F0055S,32,237,16
2025/01/30 21:00,05F0000S,05F0055S,41,254,1
2025/01/30 21:00,05F0000S,05F0055S,42,0,0
2025/01/30 21:00,05F0000S,05F0055S,5,0,0
2025/01/30 21:00,05F0055S,05F0287S,31,997,79
2025/01/30 21:00,05F0055S,05F0287S,32,995,17
2025/01/30 21:00,05F0055S,05F0287S,41,1018,1
2025/01/30 21:00,05F0055S,05F0287S,42,0,0
2025/01/30 21:00,05F0055S,05F0287S,5,0,0
2025/01/30 21:00,05F0287S,05F0309S,31,85,66
2025/01/30 21:00,05F0287S,05F0309S,32,86,13
2025/01/30 21:00,05F0287S,05F0309S,41,95,2
2025/01/30 21:00,05F0287S,05F0309S,42,0,0
2025/01/30 21:00,05F0287S,05F0309S,5,0,0
2025/01/30 21:00,05F0309S,05F0439S,31,494,46
2025/01/30 21:00,05F0309S,05F0439S,32,494,12
2025/01/30 21:00,05F0309S,05F0439S,41,550,4
2025/01/30 21:00,05F0309S,05F0439S,42,481,1
2025/01/30 21:00,05F0309S,05F0439S,5,0,0
2025/01/30 21:00,05F0439S,05F0494S,31,209,21
2025/01/30 21:00,05F0439S,05F0494S,32,204,7
2025/01/30 21:00,05F0439S,05F0494S,41,0,0
2025/01/30 21:00,05F0439S,05F0494S,42,0,0
2025/01/30 21:00,05F0439S,05F0494S,5,0,0
2025/01/30 21:05,05F0000S,05F0055S,31,242,88
2025/01/30 21:05,05F0000S,05F0055S,32,242,28
2025/01/30 21:05,05F0000S,05F0055S,41,251,5
2025/01/30 21:05,05F0000S,05F0055S,42,0,0
2025/01/30 21:05,05F0000S,05F0055S,5,0,0
2025/01/30 21:05,05F0055S,05F0287S,31,1017,141
2025/01/30 21:05,05F0055S,05F0287S,32,1007,30
2025/01/30 21:05,05F0055S,05F0287S,41,1038,9
2025/01/30 21:05,05F0055S,05F0287S,42,0,0
2025/01/30 21:05,05F0055S,05F0287S,5,0,0
2025/01/30 21:05,05F0287S,05F0309S,31,87,95
2025/01/30 21:05,05F0287S,05F0309S,32,87,24
2025/01/30 21:05,05F0287S,05F0309S,41,90,4
2025/01/30 21:05,05F0287S,05F0309S,42,0,0
2025/01/30 21:05,05F0287S,05F0309S,5,0,0
2025/01/30 21:05,05F0309S,05F0439S,31,489,44
2025/01/30 21:05,05F0309S,05F0439S,32,484,9
2025/01/30 21:05,05F0309S,05F0439S,41,1144,2
2025/01/30 21:05,05F0309S,05F0439S,42,0,0
2025/01/30 21:05,05F0309S,05F0439S,5,0,0
2025/01/30 21:05,05F0439S,05F0494S,31,206,19
2025/01/30 21:05,05F0439S,05F0494S,32,204,7
2025/01/30 21:05,05F0439S,05F0494S,41,0,0
2025/01/30 21:05,05F0439S,05F0494S,42,0,0
2025/01/30 21:05,05F0439S,05F0494S,5,0,0
2025/01/30 21:10,05F0000S,05F0055S,31,239,108
2025/01/30 21:10,05F0000S,05F0055S,32,241,16
2025/01/30 21:10,05F0000S,05F0055S,41,240,3
2025/01/30 21:10,05F0000S,05F0055S,42,0,0
2025/01/30 21:10,05F0000S,05F0055S,5,0,0
2025/01/30 21:10,05F0055S,05F0287S,31,986,97
2025/01/30 21:10,05F0055S,05F0287S,32,972,17
2025/01/30 21:10,05F0055S,05F0287S,41,1049,5
2025/01/30 21:10,05F0055S,05F0287S,42,0,0
2025/01/30 21:10,05F0055S,05F0287S,5,0,0
2025/01/30 21:10,05F0287S,05F0309S,31,86,71
2025/01/30 21:10,05F0287S,05F0309S,32,86,14
2025/01/30 21:10,05F0287S,05F0309S,41,92,6
2025/01/30 21:10,05F0287S,05F0309S,42,0,0
2025/01/30 21:10,05F0287S,05F0309S,5,0,0
2025/01/30 21:10,05F0309S,05F0439S,31,485,43
2025/01/30 21:10,05F0309S,05F0439S,32,489,9
2025/01/30 21:10,05F0309S,05F0439S,41,481,1
2025/01/30 21:10,05F0309S,05F0439S,42,0,0
2025/01/30 21:10,05F0309S,05F0439S,5,0,0
2025/01/30 21:10,05F0439S,05F0494S,31,206,21
2025/01/30 21:10,05F0439S,05F0494S,32,218,1
2025/01/30 21:10,05F0439S,05F0494S,41,0,0
2025/01/30 21:10,05F0439S,05F0494S,42,0,0
2025/01/30 21:10,05F0439S,05F0494S,5,0,0
2025/01/30 21:15,05F0000S,05F0055S,31,245,96
2025/01/30 21:15,05F0000S,05F0055S,32,244,19
2025/01/30 21:15,05F0000S,05F0055S,41,242,4
2025/01/30 21:15,05F0000S,05F0055S,42,0,0
2025/01/30 21:15,05F0000S,05F0055S,5,0,0
2025/01/30 21:15,05F0055S,05F0287S,31,981,86
2025/01/30 21:15,05F0055S,05F0287S,32,966,13
2025/01/30 21:15,05F0055S,05F0287S,41,992,2
2025/01/30 21:15,05F0055S,05F0287S,42,0,0
2025/01/30 21:15,05F0055S,05F0287S,5,0,0
2025/01/30 21:15,05F0287S,05F0309S,31,85,75
2025/01/30 21:15,05F0287S,05F0309S,32,83,16
2025/01/30 21:15,05F0287S,05F0309S,41,93,2
2025/01/30 21:15,05F0287S,05F0309S,42,0,0
2025/01/30 21:15,05F0287S,05F0309S,5,0,0
2025/01/30 21:15,05F0309S,05F0439S,31,487,57
2025/01/30 21:15,05F0309S,05F0439S,32,492,13
2025/01/30 21:15,05F0309S,05F0439S,41,524,4
2025/01/30 21:15,05F0309S,05F0439S,42,0,0
2025/01/30 21:15,05F0309S,05F0439S,5,0,0
2025/01/30 21:15,05F0439S,05F0494S,31,204,24
2025/01/30 21:15,05F0439S,05F0494S,32,214,5
2025/01/30 21:15,05F0439S,05F0494S,41,0,0
2025/01/30 21:15,05F0439S,05F0494S,42,0,0
2025/01/30 21:15,05F0439S,05F0494S,5,0,0
2025/01/30 21:20,05F0000S,05F0055S,31,239,93
2025/01/30 21:20,05F0000S,05F0055S,32,242,21
2025/01/30 21:20,05F0000S,05F0055S,41,236,2
2025/01/30 21:20,05F0000S,05F0055S,42,0,0
2025/01/30 21:20,05F0000S,05F0055S,5,0,0
2025/01/30 21:20,05F0055S,05F0287S,31,998,92
2025/01/30 21:20,05F0055S,05F0287S,32,995,30
2025/01/30 21:20,05F0055S,05F0287S,41,1008,3
2025/01/30 21:20,05F0055S,05F0287S,42,0,0
2025/01/30 21:20,05F0055S,05F0287S,5,0,0
2025/01/30 21:20,05F0287S,05F0309S,31,86,66
2025/01/30 21:20,05F0287S,05F0309S,32,89,22
2025/01/30 21:20,05F0287S,05F0309S,41,92,1
2025/01/30 21:20,05F0287S,05F0309S,42,0,0
2025/01/30 21:20,05F0287S,05F0309S,5,0,0
2025/01/30 21:20,05F0309S,05F0439S,31,488,54
2025/01/30 21:20,05F0309S,05F0439S,32,474,7
2025/01/30 21:20,05F0309S,05F0439S,41,602,3
2025/01/30 21:20,05F0309S,05F0439S,42,595,1
2025/01/30 21:20,05F0309S,05F0439S,5,0,0
2025/01/30 21:20,05F0439S,05F0494S,31,202,17
2025/01/30 21:20,05F0439S,05F0494S,32,201,1
2025/01/30 21:20,05F0439S,05F0494S,41,224,1
2025/01/30 21:20,05F0439S,05F0494S,42,251,1
2025/01/30 21:20,05F0439S,05F0494S,5,0,0
2025/01/30 21:25,05F0000S,05F0055S,31,243,71
2025/01/30 21:25,05F0000S,05F0055S,32,244,28
2025/01/30 21:25,05F0000S,05F0055S,41,242,3
2025/01/30 21:25,05F0000S,05F0055S,42,0,0
2025/01/30 21:25,05F0000S,05F0055S,5,0,0
2025/01/30 21:25,05F0055S,05F0287S,31,986,109
2025/01/30 21:25,05F0055S,05F0287S,32,996,22
2025/01/30 21:25,05F0055S,05F0287S,41,1006,4
2025/01/30 21:25,05F0055S,05F0287S,42,0,0
2025/01/30 21:25,05F0055S,05F0287S,5,0,0
2025/01/30 21:25,05F0287S,05F0309S,31,85,88
2025/01/30 21:25,05F0287S,05F0309S,32,88,17
2025/01/30 21:25,05F0287S,05F0309S,41,88,4
2025/01/30 21:25,05F0287S,05F0309S,42,0,0
2025/01/30 21:25,05F0287S,05F0309S,5,0,0
2025/01/30 21:25,05F0309S,05F0439S,31,495,28
2025/01/30 21:25,05F0309S,05F0439S,32,462,5
2025/01/30 21:25,05F0309S,05F0439S,41,530,1
2025/01/30 21:25,05F0309S,05F0439S,42,509,2
2025/01/30 21:25,05F0309S,05F0439S,5,0,0
2025/01/30 21:25,05F0439S,05F0494S,31,194,23
2025/01/30 21:25,05F0439S,05F0494S,32,190,2
2025/01/30 21:25,05F0439S,05F0494S,41,0,0
2025/01/30 21:25,05F0439S,05F0494S,42,0,0
2025/01/30 21:25,05F0439S,05F0494S,5,0,0
2025/01/30 21:30,05F0000S,05F0055S,31,247,99
2025/01/30 21:30,05F0000S,05F0055S,32,250,15
2025/01/30 21:30,05F0000S,05F0055S,41,253,2
2025/01/30 21:30,05F0000S,05F0055S,42,0,0
2025/01/30 21:30,05F0000S,05F0055S,5,0,0
2025/01/30 21:30,05F0055S,05F0287S,31,978,113
2025/01/30 21:30,05F0055S,05F0287S,32,982,19
2025/01/30 21:30,05F0055S,05F0287S,41,1008,4
2025/01/30 21:30,05F0055S,05F0287S,42,0,0
2025/01/30 21:30,05F0055S,05F0287S,5,0,0
2025/01/30 21:30,05F0287S,05F0309S,31,86,81
2025/01/30 21:30,05F0287S,05F0309S,32,89,14
2025/01/30 21:30,05F0287S,05F0309S,41,98,5
2025/01/30 21:30,05F0287S,05F0309S,42,0,0
2025/01/30 21:30,05F0287S,05F0309S,5,0,0
2025/01/30 21:30,05F0309S,05F0439S,31,486,52
2025/01/30 21:30,05F0309S,05F0439S,32,489,19
2025/01/30 21:30,05F0309S,05F0439S,41,534,1
2025/01/30 21:30,05F0309S,05F0439S,42,0,0
2025/01/30 21:30,05F0309S,05F0439S,5,0,0
2025/01/30 21:30,05F0439S,05F0494S,31,205,19
2025/01/30 21:30,05F0439S,05F0494S,32,201,2
2025/01/30 21:30,05F0439S,05F0494S,41,0,0
2025/01/30 21:30,05F0439S,05F0494S,42,217,1
2025/01/30 21:30,05F0439S,05F0494S,5,0,0
2025/01/30 21:35,05F0000S,05F0055S,31,239,81
2025/01/30 21:35,05F0000S,05F0055S,32,240,28
2025/01/30 21:35,05F0000S,05F0055S,41,233,3
2025/01/30 21:35,05F0000S,05F0055S,42,0,0
2025/01/30 21:35,05F0000S,05F0055S,5,0,0
2025/01/30 21:35,05F0055S,05F0287S,31,979,83
2025/01/30 21:35,05F0055S,05F0287S,32,981,21
2025/01/30 21:35,05F0055S,05F0287S,41,995,2
2025/01/30 21:35,05F0055S,05F0287S,42,0,0
2025/01/30 21:35,05F0055S,05F0287S,5,0,0
2025/01/30 21:35,05F0287S,05F0309S,31,85,81
2025/01/30 21:35,05F0287S,05F0309S,32,87,17
2025/01/30 21:35,05F0287S,05F0309S,41,91,3
2025/01/30 21:35,05F0287S,05F0309S,42,0,0
2025/01/30 21:35,05F0287S,05F0309S,5,0,0
2025/01/30 21:35,05F0309S,05F0439S,31,467,56
2025/01/30 21:35,05F0309S,05F0439S,32,506,11
2025/01/30 21:35,05F0309S,05F0439S,41,1346,2
2025/01/30 21:35,05F0309S,05F0439S,42,0,0
2025/01/30 21:35,05F0309S,05F0439S,5,0,0
2025/01/30 21:35,05F0439S,05F0494S,31,209,24
2025/01/30 21:35,05F0439S,05F0494S,32,214,12
2025/01/30 21:35,05F0439S,05F0494S,41,0,0
2025/01/30 21:35,05F0439S,05F0494S,42,0,0
2025/01/30 21:35,05F0439S,05F0494S,5,0,0
2025/01/30 21:40,05F0000S,05F0055S,31,237,103
2025/01/30 21:40,05F0000S,05F0055S,32,238,12
2025/01/30 21:40,05F0000S,05F0055S,41,240,6
2025/01/30 21:40,05F0000S,05F0055S,42,257,1
2025/01/30 21:40,05F0000S,05F0055S,5,0,0
2025/01/30 21:40,05F0055S,05F0287S,31,972,81
2025/01/30 21:40,05F0055S,05F0287S,32,972,18
2025/01/30 21:40,05F0055S,05F0287S,41,1015,3
2025/01/30 21:40,05F0055S,05F0287S,42,0,0
2025/01/30 21:40,05F0055S,05F0287S,5,0,0
2025/01/30 21:40,05F0287S,05F0309S,31,88,71
2025/01/30 21:40,05F0287S,05F0309S,32,86,16
2025/01/30 21:40,05F0287S,05F0309S,41,93,3
2025/01/30 21:40,05F0287S,05F0309S,42,0,0
2025/01/30 21:40,05F0287S,05F0309S,5,0,0
2025/01/30 21:40,05F0309S,05F0439S,31,492,62
2025/01/30 21:40,05F0309S,05F0439S,32,494,12
2025/01/30 21:40,05F0309S,05F0439S,41,535,4
2025/01/30 21:40,05F0309S,05F0439S,42,541,1
2025/01/30 21:40,05F0309S,05F0439S,5,0,0
2025/01/30 21:40,05F0439S,05F0494S,31,197,21
2025/01/30 21:40,05F0439S,05F0494S,32,212,6
2025/01/30 21:40,05F0439S,05F0494S,41,0,0
2025/01/30 21:40,05F0439S,05F0494S,42,0,0
2025/01/30 21:40,05F0439S,05F0494S,5,0,0
2025/01/30 21:45,05F0000S,05F0055S,31,245,103
2025/01/30 21:45,05F0000S,05F0055S,32,249,18
2025/01/30 21:45,05F0000S,05F0055S,41,259,2
2025/01/30 21:45,05F0000S,05F0055S,42,0,0
2025/01/30 21:45,05F0000S,05F0055S,5,0,0
2025/01/30 21:45,05F0055S,05F0287S,31,1004,99
2025/01/30 21:45,05F0055S,05F0287S,32,1006,24
2025/01/30 21:45,05F0055S,05F0287S,41,1053,2
2025/01/30 21:45,05F0055S,05F0287S,42,0,0
2025/01/30 21:45,05F0055S,05F0287S,5,0,0
2025/01/30 21:45,05F0287S,05F0309S,31,86,55
2025/01/30 21:45,05F0287S,05F0309S,32,85,19
2025/01/30 21:45,05F0287S,05F0309S,41,94,2
2025/01/30 21:45,05F0287S,05F0309S,42,0,0
2025/01/30 21:45,05F0287S,05F0309S,5,0,0
2025/01/30 21:45,05F0309S,05F0439S,31,476,37
2025/01/30 21:45,05F0309S,05F0439S,32,489,9
2025/01/30 21:45,05F0309S,05F0439S,41,522,1
2025/01/30 21:45,05F0309S,05F0439S,42,0,0
2025/01/30 21:45,05F0309S,05F0439S,5,0,0
2025/01/30 21:45,05F0439S,05F0494S,31,211,23
2025/01/30 21:45,05F0439S,05F0494S,32,201,1
2025/01/30 21:45,05F0439S,05F0494S,41,0,0
2025/01/30 21:45,05F0439S,05F0494S,42,231,1
2025/01/30 21:45,05F0439S,05F0494S,5,0,0
2025/01/30 21:50,05F0000S,05F0055S,31,241,74
2025/01/30 21:50,05F0000S,05F0055S,32,239,20
2025/01/30 21:50,05F0000S,05F0055S,41,237,5
2025/01/30 21:50,05F0000S,05F0055S,42,0,0
2025/01/30 21:50,05F0000S,05F0055S,5,0,0
2025/01/30 21:50,05F0055S,05F0287S,31,989,86
2025/01/30 21:50,05F0055S,05F0287S,32,982,26
2025/01/30 21:50,05F0055S,05F0287S,41,1018,4
2025/01/30 21:50,05F0055S,05F0287S,42,0,0
2025/01/30 21:50,05F0055S,05F0287S,5,0,0
2025/01/30 21:50,05F0287S,05F0309S,31,89,88
2025/01/30 21:50,05F0287S,05F0309S,32,86,16
2025/01/30 21:50,05F0287S,05F0309S,41,90,4
2025/01/30 21:50,05F0287S,05F0309S,42,0,0
2025/01/30 21:50,05F0287S,05F0309S,5,0,0
2025/01/30 21:50,05F0309S,05F0439S,31,489,40
2025/01/30 21:50,05F0309S,05F0439S,32,469,9
2025/01/30 21:50,05F0309S,05F0439S,41,527,3
2025/01/30 21:50,05F0309S,05F0439S,42,0,0
2025/01/30 21:50,05F0309S,05F0439S,5,0,0
2025/01/30 21:50,05F0439S,05F0494S,31,206,26
2025/01/30 21:50,05F0439S,05F0494S,32,216,10
2025/01/30 21:50,05F0439S,05F0494S,41,0,0
2025/01/30 21:50,05F0439S,05F0494S,42,0,0
2025/01/30 21:50,05F0439S,05F0494S,5,0,0
2025/01/30 21:55,05F0000S,05F0055S,31,238,76
2025/01/30 21:55,05F0000S,05F0055S,32,241,18
2025/01/30 21:55,05F0000S,05F0055S,41,238,3
2025/01/30 21:55,05F0000S,05F0055S,42,0,0
2025/01/30 21:55,05F0000S,05F0055S,5,0,0
2025/01/30 21:55,05F0055S,05F0287S,31,980,125
2025/01/30 21:55,05F0055S,05F0287S,32,987,24
2025/01/30 21:55,05F0055S,05F0287S,41,998,4
2025/01/30 21:55,05F0055S,05F0287S,42,1015,1
2025/01/30 21:55,05F0055S,05F0287S,5,0,0
2025/01/30 21:55,05F0287S,05F0309S,31,85,68
2025/01/30 21:55,05F0287S,05F0309S,32,87,14
2025/01/30 21:55,05F0287S,05F0309S,41,686,2
2025/01/30 21:55,05F0287S,05F0309S,42,88,2
2025/01/30 21:55,05F0287S,05F0309S,5,0,0
2025/01/30 21:55,05F0309S,05F0439S,31,487,54
2025/01/30 21:55,05F0309S,05F0439S,32,491,7
2025/01/30 21:55,05F0309S,05F0439S,41,524,1
2025/01/30 21:55,05F0309S,05F0439S,42,0,0
2025/01/30 21:55,05F0309S,05F0439S,5,0,0
2025/01/30 21:55,05F0439S,05F0494S,31,203,26
2025/01/30 21:55,05F0439S,05F0494S,32,204,9
2025/01/30 21:55,05F0439S,05F0494S,41,0,0
2025/01/30 21:55,05F0439S,05F0494S,42,0,0
2025/01/30 21:55,05F0439S,05F0494S,5,0,0
2025/01/30 22:00,05F0000S,05F0055S,31,238,70
2025/01/30 22:00,05F0000S,05F0055S,32,227,21
2025/01/30 22:00,05F0000S,05F0055S,41,258,3
2025/01/30 22:00,05F0000S,05F0055S,42,0,0
2025/01/30 22:00,05F0000S,05F0055S,5,0,0
2025/01/30 22:00,05F0055S,05F0287S,31,976,82
2025/01/30 22:00,05F0055S,05F0287S,32,987,10
2025/01/30 22:00,05F0055S,05F0287S,41,988,3
2025/01/30 22:00,05F0055S,05F0287S,42,0,0
2025/01/30 22:00,05F0055S,05F0287S,5,0,0
2025/01/30 22:00,05F0287S,05F0309S,31,87,83
2025/01/30 22:00,05F0287S,05F0309S,32,87,5
2025/01/30 22:00,05F0287S,05F0309S,41,92,4
2025/01/30 22:00,05F0287S,05F0309S,42,0,0
2025/01/30 22:00,05F0287S,05F0309S,5,0,0
2025/01/30 22:00,05F0309S,05F0439S,31,486,51
2025/01/30 22:00,05F0309S,05F0439S,32,471,13
2025/01/30 22:00,05F0309S,05F0439S,41,529,3
2025/01/30 22:00,05F0309S,05F0439S,42,0,0
2025/01/30 22:00,05F0309S,05F0439S,5,0,0
2025/01/30 22:00,05F0439S,05F0494S,31,201,25
2025/01/30 22:00,05F0439S,05F0494S,32,179,6
2025/01/30 22:00,05F0439S,05F0494S,41,0,0
2025/01/30 22:00,05F0439S,05F0494S,42,0,0
2025/01/30 22:00,05F0439S,05F0494S,5,0,0
2025/01/30 22:05,05F0000S,05F0055S,31,237,84
2025/01/30 22:05,05F0000S,05F0055S,32,244,12
2025/01/30 22:05,05F0000S,05F0055S,41,239,2
2025/01/30 22:05,05F0000S,05F0055S,42,0,0
2025/01/30 22:05,05F0000S,05F0055S,5,0,0
2025/01/30 22:05,05F0055S,05F0287S,31,993,104
2025/01/30 22:05,05F0055S,05F0287S,32,998,26
2025/01/30 22:05,05F0055S,05F0287S,41,1018,5
2025/01/30 22:05,05F0055S,05F0287S,42,0,0
2025/01/30 22:05,05F0055S,05F0287S,5,0,0
2025/01/30 22:05,05F0287S,05F0309S,31,90,74
2025/01/30 22:05,05F0287S,05F0309S,32,90,16
2025/01/30 22:05,05F0287S,05F0309S,41,94,5
2025/01/30 22:05,05F0287S,05F0309S,42,0,0
2025/01/30 22:05,05F0287S,05F0309S,5,0,0
2025/01/30 22:05,05F0309S,05F0439S,31,489,54
2025/01/30 22:05,05F0309S,05F0439S,32,512,7
2025/01/30 22:05,05F0309S,05F0439S,41,525,2
2025/01/30 22:05,05F0309S,05F0439S,42,520,2
2025/01/30 22:05,05F0309S,05F0439S,5,0,0
2025/01/30 22:05,05F0439S,05F0494S,31,209,19
2025/01/30 22:05,05F0439S,05F0494S,32,201,5
2025/01/30 22:05,05F0439S,05F0494S,41,0,0
2025/01/30 22:05,05F0439S,05F0494S,42,0,0
2025/01/30 22:05,05F0439S,05F0494S,5,0,0
2025/01/30 22:10,05F0000S,05F0055S,31,239,70
2025/01/30 22:10,05F0000S,05F0055S,32,242,16
2025/01/30 22:10,05F0000S,05F0055S,41,238,4
2025/01/30 22:10,05F0000S,05F0055S,42,0,0
2025/01/30 22:10,05F0000S,05F0055S,5,0,0
2025/01/30 22:10,05F0055S,05F0287S,31,966,70
2025/01/30 22:10,05F0055S,05F0287S,32,966,11
2025/01/30 22:10,05F0055S,05F0287S,41,971,3
2025/01/30 22:10,05F0055S,05F0287S,42,0,0
2025/01/30 22:10,05F0055S,05F0287S,5,0,0
2025/01/30 22:10,05F0287S,05F0309S,31,85,61
2025/01/30 22:10,05F0287S,05F0309S,32,88,14
2025/01/30 22:10,05F0287S,05F0309S,41,102,3
2025/01/30 22:10,05F0287S,05F0309S,42,0,0
2025/01/30 22:10,05F0287S,05F0309S,5,0,0
2025/01/30 22:10,05F0309S,05F0439S,31,471,35
2025/01/30 22:10,05F0309S,05F0439S,32,486,7
2025/01/30 22:10,05F0309S,05F0439S,41,548,1
2025/01/30 22:10,05F0309S,05F0439S,42,0,0
2025/01/30 22:10,05F0309S,05F0439S,5,510,1
2025/01/30 22:10,05F0439S,05F0494S,31,198,21
2025/01/30 22:10,05F0439S,05F0494S,32,215,5
2025/01/30 22:10,05F0439S,05F0494S,41,0,0
2025/01/30 22:10,05F0439S,05F0494S,42,0,0
2025/01/30 22:10,05F0439S,05F0494S,5,0,0
2025/01/30 22:15,05F0000S,05F0055S,31,241,94
2025/01/30 22:15,05F0000S,05F0055S,32,250,11
2025/01/30 22:15,05F0000S,05F0055S,41,228,3
2025/01/30 22:15,05F0000S,05F0055S,42,0,0
2025/01/30 22:15,05F0000S,05F0055S,5,0,0
2025/01/30 22:15,05F0055S,05F0287S,31,968,81
2025/01/30 22:15,05F0055S,05F0287S,32,975,23
2025/01/30 22:15,05F0055S,05F0287S,41,1004,3
2025/01/30 22:15,05F0055S,05F0287S,42,0,0
2025/01/30 22:15,05F0055S,05F0287S,5,0,0
2025/01/30 22:15,05F0287S,05F0309S,31,85,66
2025/01/30 22:15,05F0287S,05F0309S,32,84,18
2025/01/30 22:15,05F0287S,05F0309S,41,0,0
2025/01/30 22:15,05F0287S,05F0309S,42,0,0
2025/01/30 22:15,05F0287S,05F0309S,5,0,0
2025/01/30 22:15,05F0309S,05F0439S,31,494,57
2025/01/30 22:15,05F0309S,05F0439S,32,494,12
2025/01/30 22:15,05F0309S,05F0439S,41,536,4
2025/01/30 22:15,05F0309S,05F0439S,42,0,0
2025/01/30 22:15,05F0309S,05F0439S,5,0,0
2025/01/30 22:15,05F0439S,05F0494S,31,200,14
2025/01/30 22:15,05F0439S,05F0494S,32,196,3
2025/01/30 22:15,05F0439S,05F0494S,41,0,0
2025/01/30 22:15,05F0439S,05F0494S,42,0,0
2025/01/30 22:15,05F0439S,05F0494S,5,210,1
2025/01/30 22:20,05F0000S,05F0055S,31,239,80
2025/01/30 22:20,05F0000S,05F0055S,32,239,20
2025/01/30 22:20,05F0000S,05F0055S,41,237,3
2025/01/30 22:20,05F0000S,05F0055S,42,0,0
2025/01/30 22:20,05F0000S,05F0055S,5,0,0
2025/01/30 22:20,05F0055S,05F0287S,31,959,80
2025/01/30 22:20,05F0055S,05F0287S,32,972,12
2025/01/30 22:20,05F0055S,05F0287S,41,990,2
2025/01/30 22:20,05F0055S,05F0287S,42,0,0
2025/01/30 22:20,05F0055S,05F0287S,5,0,0
2025/01/30 22:20,05F0287S,05F0309S,31,86,54
2025/01/30 22:20,05F0287S,05F0309S,32,86,12
2025/01/30 22:20,05F0287S,05F0309S,41,91,4
2025/01/30 22:20,05F0287S,05F0309S,42,94,1
2025/01/30 22:20,05F0287S,05F0309S,5,0,0
2025/01/30 22:20,05F0309S,05F0439S,31,476,48
2025/01/30 22:20,05F0309S,05F0439S,32,487,9
2025/01/30 22:20,05F0309S,05F0439S,41,534,2
2025/01/30 22:20,05F0309S,05F0439S,42,0,0
2025/01/30 22:20,05F0309S,05F0439S,5,0,0
2025/01/30 22:20,05F0439S,05F0494S,31,213,20
2025/01/30 22:20,05F0439S,05F0494S,32,212,6
2025/01/30 22:20,05F0439S,05F0494S,41,229,2
2025/01/30 22:20,05F0439S,05F0494S,42,0,0
2025/01/30 22:20,05F0439S,05F0494S,5,0,0
2025/01/30 22:25,05F0000S,05F0055S,31,239,83
2025/01/30 22:25,05F0000S,05F0055S,32,244,21
2025/01/30 22:25,05F0000S,05F0055S,41,244,2
2025/01/30 22:25,05F0000S,05F0055S,42,0,0
2025/01/30 22:25,05F0000S,05F0055S,5,0,0
2025/01/30 22:25,05F0055S,05F0287S,31,975,86
2025/01/30 22:25,05F0055S,05F0287S,32,983,23
2025/01/30 22:25,05F0055S,05F0287S,41,985,3
2025/01/30 22:25,05F0055S,05F0287S,42,0,0
2025/01/30 22:25,05F0055S,05F0287S,5,0,0
2025/01/30 22:25,05F0287S,05F0309S,31,86,69
2025/01/30 22:25,05F0287S,05F0309S,32,89,15
2025/01/30 22:25,05F0287S,05F0309S,41,93,3
2025/01/30 22:25,05F0287S,05F0309S,42,0,0
2025/01/30 22:25,05F0287S,05F0309S,5,0,0
2025/01/30 22:25,05F0309S,05F0439S,31,466,24
2025/01/30 22:25,05F0309S,05F0439S,32,482,11
2025/01/30 22:25,05F0309S,05F0439S,41,532,2
2025/01/30 22:25,05F0309S,05F0439S,42,0,0
2025/01/30 22:25,05F0309S,05F0439S,5,0,0
2025/01/30 22:25,05F0439S,05F0494S,31,204,19
2025/01/30 22:25,05F0439S,05F0494S,32,210,5
2025/01/30 22:25,05F0439S,05F0494S,41,0,0
2025/01/30 22:25,05F0439S,05F0494S,42,0,0
2025/01/30 22:25,05F0439S,05F0494S,5,0,0
2025/01/30 22:30,05F0000S,05F0055S,31,251,75
2025/01/30 22:30,05F0000S,05F0055S,32,253,16
2025/01/30 22:30,05F0000S,05F0055S,41,286,1
2025/01/30 22:30,05F0000S,05F0055S,42,0,0
2025/01/30 22:30,05F0000S,05F0055S,5,0,0
2025/01/30 22:30,05F0055S,05F0287S,31,970,101
2025/01/30 22:30,05F0055S,05F0287S,32,978,11
2025/01/30 22:30,05F0055S,05F0287S,41,1004,5
2025/01/30 22:30,05F0055S,05F0287S,42,0,0
2025/01/30 22:30,05F0055S,05F0287S,5,0,0
2025/01/30 22:30,05F0287S,05F0309S,31,87,66
2025/01/30 22:30,05F0287S,05F0309S,32,90,10
2025/01/30 22:30,05F0287S,05F0309S,41,94,4
2025/01/30 22:30,05F0287S,05F0309S,42,0,0
2025/01/30 22:30,05F0287S,05F0309S,5,0,0
2025/01/30 22:30,05F0309S,05F0439S,31,483,39
2025/01/30 22:30,05F0309S,05F0439S,32,498,10
2025/01/30 22:30,05F0309S,05F0439S,41,1000,2
2025/01/30 22:30,05F0309S,05F0439S,42,0,0
2025/01/30 22:30,05F0309S,05F0439S,5,0,0
2025/01/30 22:30,05F0439S,05F0494S,31,194,11
2025/01/30 22:30,05F0439S,05F0494S,32,190,2
2025/01/30 22:30,05F0439S,05F0494S,41,0,0
2025/01/30 22:30,05F0439S,05F0494S,42,0,0
2025/01/30 22:30,05F0439S,05F0494S,5,0,0
2025/01/30 22:35,05F0000S,05F0055S,31,234,78
2025/01/30 22:35,05F0000S,05F0055S,32,237,18
2025/01/30 22:35,05F0000S,05F0055S,41,253,2
2025/01/30 22:35,05F0000S,05F0055S,42,0,0
2025/01/30 22:35,05F0000S,05F0055S,5,0,0
2025/01/30 22:35,05F0055S,05F0287S,31,960,74
2025/01/30 22:35,05F0055S,05F0287S,32,963,19
2025/01/30 22:35,05F0055S,05F0287S,41,1007,2
2025/01/30 22:35,05F0055S,05F0287S,42,0,0
2025/01/30 22:35,05F0055S,05F0287S,5,0,0
2025/01/30 22:35,05F0287S,05F0309S,31,84,66
2025/01/30 22:35,05F0287S,05F0309S,32,84,15
2025/01/30 22:35,05F0287S,05F0309S,41,92,5
2025/01/30 22:35,05F0287S,05F0309S,42,0,0
2025/01/30 22:35,05F0287S,05F0309S,5,0,0
2025/01/30 22:35,05F0309S,05F0439S,31,485,43
2025/01/30 22:35,05F0309S,05F0439S,32,491,9
2025/01/30 22:35,05F0309S,05F0439S,41,522,3
2025/01/30 22:35,05F0309S,05F0439S,42,505,1
2025/01/30 22:35,05F0309S,05F0439S,5,0,0
2025/01/30 22:35,05F0439S,05F0494S,31,208,22
2025/01/30 22:35,05F0439S,05F0494S,32,204,9
2025/01/30 22:35,05F0439S,05F0494S,41,0,0
2025/01/30 22:35,05F0439S,05F0494S,42,0,0
2025/01/30 22:35,05F0439S,05F0494S,5,0,0
2025/01/30 22:40,05F0000S,05F0055S,31,248,81
2025/01/30 22:40,05F0000S,05F0055S,32,255,18
2025/01/30 22:40,05F0000S,05F0055S,41,0,0
2025/01/30 22:40,05F0000S,05F0055S,42,0,0
2025/01/30 22:40,05F0000S,05F0055S,5,0,0
2025/01/30 22:40,05F0055S,05F0287S,31,967,78
2025/01/30 22:40,05F0055S,05F0287S,32,970,18
2025/01/30 22:40,05F0055S,05F0287S,41,1009,2
2025/01/30 22:40,05F0055S,05F0287S,42,0,0
2025/01/30 22:40,05F0055S,05F0287S,5,0,0
2025/01/30 22:40,05F0287S,05F0309S,31,84,68
2025/01/30 22:40,05F0287S,05F0309S,32,84,16
2025/01/30 22:40,05F0287S,05F0309S,41,93,3
2025/01/30 22:40,05F0287S,05F0309S,42,0,0
2025/01/30 22:40,05F0287S,05F0309S,5,0,0
2025/01/30 22:40,05F0309S,05F0439S,31,491,54
2025/01/30 22:40,05F0309S,05F0439S,32,486,5
2025/01/30 22:40,05F0309S,05F0439S,41,517,2
2025/01/30 22:40,05F0309S,05F0439S,42,483,1
2025/01/30 22:40,05F0309S,05F0439S,5,0,0
2025/01/30 22:40,05F0439S,05F0494S,31,194,14
2025/01/30 22:40,05F0439S,05F0494S,32,217,4
2025/01/30 22:40,05F0439S,05F0494S,41,0,0
2025/01/30 22:40,05F0439S,05F0494S,42,200,1
2025/01/30 22:40,05F0439S,05F0494S,5,0,0
2025/01/30 22:45,05F0000S,05F0055S,31,243,72
2025/01/30 22:45,05F0000S,05F0055S,32,243,19
2025/01/30 22:45,05F0000S,05F0055S,41,241,3
2025/01/30 22:45,05F0000S,05F0055S,42,0,0
2025/01/30 22:45,05F0000S,05F0055S,5,0,0
2025/01/30 22:45,05F0055S,05F0287S,31,977,69
2025/01/30 22:45,05F0055S,05F0287S,32,993,17
2025/01/30 22:45,05F0055S,05F0287S,41,991,1
2025/01/30 22:45,05F0055S,05F0287S,42,0,0
2025/01/30 22:45,05F0055S,05F0287S,5,0,0
2025/01/30 22:45,05F0287S,05F0309S,31,87,54
2025/01/30 22:45,05F0287S,05F0309S,32,91,13
2025/01/30 22:45,05F0287S,05F0309S,41,919,1
2025/01/30 22:45,05F0287S,05F0309S,42,0,0
2025/01/30 22:45,05F0287S,05F0309S,5,0,0
2025/01/30 22:45,05F0309S,05F0439S,31,474,37
2025/01/30 22:45,05F0309S,05F0439S,32,460,10
2025/01/30 22:45,05F0309S,05F0439S,41,528,3
2025/01/30 22:45,05F0309S,05F0439S,42,0,0
2025/01/30 22:45,05F0309S,05F0439S,5,0,0
2025/01/30 22:45,05F0439S,05F0494S,31,208,18
2025/01/30 22:45,05F0439S,05F0494S,32,210,2
2025/01/30 22:45,05F0439S,05F0494S,41,0,0
2025/01/30 22:45,05F0439S,05F0494S,42,0,0
2025/01/30 22:45,05F0439S,05F0494S,5,0,0
2025/01/30 22:50,05F0000S,05F0055S,31,239,74
2025/01/30 22:50,05F0000S,05F0055S,32,236,12
2025/01/30 22:50,05F0000S,05F0055S,41,236,2
2025/01/30 22:50,05F0000S,05F0055S,42,263,1
2025/01/30 22:50,05F0000S,05F0055S,5,0,0
2025/01/30 22:50,05F0055S,05F0287S,31,999,100
2025/01/30 22:50,05F0055S,05F0287S,32,1018,24
2025/01/30 22:50,05F0055S,05F0287S,41,1082,3
2025/01/30 22:50,05F0055S,05F0287S,42,0,0
2025/01/30 22:50,05F0055S,05F0287S,5,0,0
2025/01/30 22:50,05F0287S,05F0309S,31,87,48
2025/01/30 22:50,05F0287S,05F0309S,32,89,17
2025/01/30 22:50,05F0287S,05F0309S,41,92,2
2025/01/30 22:50,05F0287S,05F0309S,42,0,0
2025/01/30 22:50,05F0287S,05F0309S,5,0,0
2025/01/30 22:50,05F0309S,05F0439S,31,481,32
2025/01/30 22:50,05F0309S,05F0439S,32,503,6
2025/01/30 22:50,05F0309S,05F0439S,41,526,2
2025/01/30 22:50,05F0309S,05F0439S,42,0,0
2025/01/30 22:50,05F0309S,05F0439S,5,0,0
2025/01/30 22:50,05F0439S,05F0494S,31,207,18
2025/01/30 22:50,05F0439S,05F0494S,32,211,3
2025/01/30 22:50,05F0439S,05F0494S,41,0,0
2025/01/30 22:50,05F0439S,05F0494S,42,0,0
2025/01/30 22:50,05F0439S,05F0494S,5,0,0
2025/01/30 22:55,05F0000S,05F0055S,31,238,65
2025/01/30 22:55,05F0000S,05F0055S,32,251,11
2025/01/30 22:55,05F0000S,05F0055S,41,245,2
2025/01/30 22:55,05F0000S,05F0055S,42,0,0
2025/01/30 22:55,05F0000S,05F0055S,5,0,0
2025/01/30 22:55,05F0055S,05F0287S,31,978,66
2025/01/30 22:55,05F0055S,05F0287S,32,982,11
2025/01/30 22:55,05F0055S,05F0287S,41,0,0
2025/01/30 22:55,05F0055S,05F0287S,42,0,0
2025/01/30 22:55,05F0055S,05F0287S,5,0,0
2025/01/30 22:55,05F0287S,05F0309S,31,87,67
2025/01/30 22:55,05F0287S,05F0309S,32,88,10
2025/01/30 22:55,05F0287S,05F0309S,41,93,1
2025/01/30 22:55,05F0287S,05F0309S,42,0,0
2025/01/30 22:55,05F0287S,05F0309S,5,0,0
2025/01/30 22:55,05F0309S,05F0439S,31,490,38
2025/01/30 22:55,05F0309S,05F0439S,32,519,10
2025/01/30 22:55,05F0309S,05F0439S,41,0,0
2025/01/30 22:55,05F0309S,05F0439S,42,734,1
2025/01/30 22:55,05F0309S,05F0439S,5,0,0
2025/01/30 22:55,05F0439S,05F0494S,31,198,19
2025/01/30 22:55,05F0439S,05F0494S,32,211,5
2025/01/30 22:55,05F0439S,05F0494S,41,0,0
2025/01/30 22:55,05F0439S,05F0494S,42,0,0
2025/01/30 22:55,05F0439S,05F0494S,5,0,0
2025/01/30 23:00,05F0000S,05F0055S,31,238,64
2025/01/30 23:00,05F0000S,05F0055S,32,247,21
2025/01/30 23:00,05F0000S,05F0055S,41,245,1
2025/01/30 23:00,05F0000S,05F0055S,42,0,0
2025/01/30 23:00,05F0000S,05F0055S,5,0,0
2025/01/30 23:00,05F0055S,05F0287S,31,998,84
2025/01/30 23:00,05F0055S,05F0287S,32,1014,26
2025/01/30 23:00,05F0055S,05F0287S,41,1031,1
2025/01/30 23:00,05F0055S,05F0287S,42,0,0
2025/01/30 23:00,05F0055S,05F0287S,5,0,0
2025/01/30 23:00,05F0287S,05F0309S,31,87,63
2025/01/30 23:00,05F0287S,05F0309S,32,89,22
2025/01/30 23:00,05F0287S,05F0309S,41,0,0
2025/01/30 23:00,05F0287S,05F0309S,42,0,0
2025/01/30 23:00,05F0287S,05F0309S,5,0,0
2025/01/30 23:00,05F0309S,05F0439S,31,481,41
2025/01/30 23:00,05F0309S,05F0439S,32,479,10
2025/01/30 23:00,05F0309S,05F0439S,41,547,2
2025/01/30 23:00,05F0309S,05F0439S,42,0,0
2025/01/30 23:00,05F0309S,05F0439S,5,0,0
2025/01/30 23:00,05F0439S,05F0494S,31,216,14
2025/01/30 23:00,05F0439S,05F0494S,32,224,3
2025/01/30 23:00,05F0439S,05F0494S,41,0,0
2025/01/30 23:00,05F0439S,05F0494S,42,294,1
2025/01/30 23:00,05F0439S,05F0494S,5,0,0
2025/01/30 23:05,05F0000S,05F0055S,31,235,59
2025/01/30 23:05,05F0000S,05F0055S,32,235,12
2025/01/30 23:05,05F0000S,05F0055S,41,234,3
2025/01/30 23:05,05F0000S,05F0055S,42,0,0
2025/01/30 23:05,05F0000S,05F0055S,5,0,0
2025/01/30 23:05,05F0055S,05F0287S,31,977,88
2025/01/30 23:05,05F0055S,05F0287S,32,967,16
2025/01/30 23:05,05F0055S,05F0287S,41,1006,3
2025/01/30 23:05,05F0055S,05F0287S,42,0,0
2025/01/30 23:05,05F0055S,05F0287S,5,0,0
2025/01/30 23:05,05F0287S,05F0309S,31,86,67
2025/01/30 23:05,05F0287S,05F0309S,32,85,8
2025/01/30 23:05,05F0287S,05F0309S,41,94,3
2025/01/30 23:05,05F0287S,05F0309S,42,0,0
2025/01/30 23:05,05F0287S,05F0309S,5,0,0
2025/01/30 23:05,05F0309S,05F0439S,31,492,36
2025/01/30 23:05,05F0309S,05F0439S,32,473,5
2025/01/30 23:05,05F0309S,05F0439S,41,2070,1
2025/01/30 23:05,05F0309S,05F0439S,42,0,0
2025/01/30 23:05,05F0309S,05F0439S,5,0,0
2025/01/30 23:05,05F0439S,05F0494S,31,194,19
2025/01/30 23:05,05F0439S,05F0494S,32,208,6
2025/01/30 23:05,05F0439S,05F0494S,41,0,0
2025/01/30 23:05,05F0439S,05F0494S,42,0,0
2025/01/30 23:05,05F0439S,05F0494S,5,0,0
2025/01/30 23:10,05F0000S,05F0055S,31,233,64
2025/01/30 23:10,05F0000S,05F0055S,32,235,8
2025/01/30 23:10,05F0000S,05F0055S,41,232,1
2025/01/30 23:10,05F0000S,05F0055S,42,0,0
2025/01/30 23:10,05F0000S,05F0055S,5,0,0
2025/01/30 23:10,05F0055S,05F0287S,31,959,57
2025/01/30 23:10,05F0055S,05F0287S,32,964,9
2025/01/30 23:10,05F0055S,05F0287S,41,1007,2
2025/01/30 23:10,05F0055S,05F0287S,42,0,0
2025/01/30 23:10,05F0055S,05F0287S,5,0,0
2025/01/30 23:10,05F0287S,05F0309S,31,85,46
2025/01/30 23:10,05F0287S,05F0309S,32,83,3
2025/01/30 23:10,05F0287S,05F0309S,41,92,3
2025/01/30 23:10,05F0287S,05F0309S,42,0,0
2025/01/30 23:10,05F0287S,05F0309S,5,0,0
2025/01/30 23:10,05F0309S,05F0439S,31,479,40
2025/01/30 23:10,05F0309S,05F0439S,32,499,12
2025/01/30 23:10,05F0309S,05F0439S,41,1742,1
2025/01/30 23:10,05F0309S,05F0439S,42,0,0
2025/01/30 23:10,05F0309S,05F0439S,5,0,0
2025/01/30 23:10,05F0439S,05F0494S,31,206,18
2025/01/30 23:10,05F0439S,05F0494S,32,204,4
2025/01/30 23:10,05F0439S,05F0494S,41,0,0
2025/01/30 23:10,05F0439S,05F0494S,42,0,0
2025/01/30 23:10,05F0439S,05F0494S,5,0,0
2025/01/30 23:15,05F0000S,05F0055S,31,240,46
2025/01/30 23:15,05F0000S,05F0055S,32,235,11
2025/01/30 23:15,05F0000S,05F0055S,41,246,4
2025/01/30 23:15,05F0000S,05F0055S,42,0,0
2025/01/30 23:15,05F0000S,05F0055S,5,0,0
2025/01/30 23:15,05F0055S,05F0287S,31,979,68
2025/01/30 23:15,05F0055S,05F0287S,32,976,17
2025/01/30 23:15,05F0055S,05F0287S,41,1048,1
2025/01/30 23:15,05F0055S,05F0287S,42,0,0
2025/01/30 23:15,05F0055S,05F0287S,5,0,0
2025/01/30 23:15,05F0287S,05F0309S,31,85,60
2025/01/30 23:15,05F0287S,05F0309S,32,87,16
2025/01/30 23:15,05F0287S,05F0309S,41,0,0
2025/01/30 23:15,05F0287S,05F0309S,42,0,0
2025/01/30 23:15,05F0287S,05F0309S,5,0,0
2025/01/30 23:15,05F0309S,05F0439S,31,466,33
2025/01/30 23:15,05F0309S,05F0439S,32,479,4
2025/01/30 23:15,05F0309S,05F0439S,41,486,2
2025/01/30 23:15,05F0309S,05F0439S,42,0,0
2025/01/30 23:15,05F0309S,05F0439S,5,0,0
2025/01/30 23:15,05F0439S,05F0494S,31,196,19
2025/01/30 23:15,05F0439S,05F0494S,32,209,5
2025/01/30 23:15,05F0439S,05F0494S,41,0,0
2025/01/30 23:15,05F0439S,05F0494S,42,0,0
2025/01/30 23:15,05F0439S,05F0494S,5,0,0
2025/01/30 23:20,05F0000S,05F0055S,31,242,68
2025/01/30 23:20,05F0000S,05F0055S,32,242,25
2025/01/30 23:20,05F0000S,05F0055S,41,247,3
2025/01/30 23:20,05F0000S,05F0055S,42,0,0
2025/01/30 23:20,05F0000S,05F0055S,5,0,0
2025/01/30 23:20,05F0055S,05F0287S,31,967,80
2025/01/30 23:20,05F0055S,05F0287S,32,968,17
2025/01/30 23:20,05F0055S,05F0287S,41,998,4
2025/01/30 23:20,05F0055S,05F0287S,42,0,0
2025/01/30 23:20,05F0055S,05F0287S,5,0,0
2025/01/30 23:20,05F0287S,05F0309S,31,83,44
2025/01/30 23:20,05F0287S,05F0309S,32,88,13
2025/01/30 23:20,05F0287S,05F0309S,41,92,3
2025/01/30 23:20,05F0287S,05F0309S,42,0,0
2025/01/30 23:20,05F0287S,05F0309S,5,0,0
2025/01/30 23:20,05F0309S,05F0439S,31,490,39
2025/01/30 23:20,05F0309S,05F0439S,32,513,7
2025/01/30 23:20,05F0309S,05F0439S,41,544,2
2025/01/30 23:20,05F0309S,05F0439S,42,0,0
2025/01/30 23:20,05F0309S,05F0439S,5,0,0
2025/01/30 23:20,05F0439S,05F0494S,31,200,4
2025/01/30 23:20,05F0439S,05F0494S,32,219,4
2025/01/30 23:20,05F0439S,05F0494S,41,0,0
2025/01/30 23:20,05F0439S,05F0494S,42,0,0
2025/01/30 23:20,05F0439S,05F0494S,5,0,0
2025/01/30 23:25,05F0000S,05F0055S,31,237,72
2025/01/30 23:25,05F0000S,05F0055S,32,227,9
2025/01/30 23:25,05F0000S,05F0055S,41,237,2
2025/01/30 23:25,05F0000S,05F0055S,42,0,0
2025/01/30 23:25,05F0000S,05F0055S,5,0,0
2025/01/30 23:25,05F0055S,05F0287S,31,943,74
2025/01/30 23:25,05F0055S,05F0287S,32,950,11
2025/01/30 23:25,05F0055S,05F0287S,41,967,1
2025/01/30 23:25,05F0055S,05F0287S,42,0,0
2025/01/30 23:25,05F0055S,05F0287S,5,0,0
2025/01/30 23:25,05F0287S,05F0309S,31,85,61
2025/01/30 23:25,05F0287S,05F0309S,32,86,11
2025/01/30 23:25,05F0287S,05F0309S,41,733,2
2025/01/30 23:25,05F0287S,05F0309S,42,0,0
2025/01/30 23:25,05F0287S,05F0309S,5,0,0
2025/01/30 23:25,05F0309S,05F0439S,31,483,41
2025/01/30 23:25,05F0309S,05F0439S,32,476,11
2025/01/30 23:25,05F0309S,05F0439S,41,0,0
2025/01/30 23:25,05F0309S,05F0439S,42,0,0
2025/01/30 23:25,05F0309S,05F0439S,5,0,0
2025/01/30 23:25,05F0439S,05F0494S,31,207,25
2025/01/30 23:25,05F0439S,05F0494S,32,202,7
2025/01/30 23:25,05F0439S,05F0494S,41,0,0
2025/01/30 23:25,05F0439S,05F0494S,42,0,0
2025/01/30 23:25,05F0439S,05F0494S,5,0,0
2025/01/30 23:30,05F0000S,05F0055S,31,240,51
2025/01/30 23:30,05F0000S,05F0055S,32,232,11
2025/01/30 23:30,05F0000S,05F0055S,41,250,2
2025/01/30 23:30,05F0000S,05F0055S,42,0,0
2025/01/30 23:30,05F0000S,05F0055S,5,0,0
2025/01/30 23:30,05F0055S,05F0287S,31,947,41
2025/01/30 23:30,05F0055S,05F0287S,32,936,8
2025/01/30 23:30,05F0055S,05F0287S,41,987,3
2025/01/30 23:30,05F0055S,05F0287S,42,0,0
2025/01/30 23:30,05F0055S,05F0287S,5,0,0
2025/01/30 23:30,05F0287S,05F0309S,31,86,39
2025/01/30 23:30,05F0287S,05F0309S,32,86,6
2025/01/30 23:30,05F0287S,05F0309S,41,93,1
2025/01/30 23:30,05F0287S,05F0309S,42,0,0
2025/01/30 23:30,05F0287S,05F0309S,5,0,0
2025/01/30 23:30,05F0309S,05F0439S,31,462,36
2025/01/30 23:30,05F0309S,05F0439S,32,481,7
2025/01/30 23:30,05F0309S,05F0439S,41,532,2
2025/01/30 23:30,05F0309S,05F0439S,42,455,1
2025/01/30 23:30,05F0309S,05F0439S,5,0,0
2025/01/30 23:30,05F0439S,05F0494S,31,214,18
2025/01/30 23:30,05F0439S,05F0494S,32,212,3
2025/01/30 23:30,05F0439S,05F0494S,41,0,0
2025/01/30 23:30,05F0439S,05F0494S,42,0,0
2025/01/30 23:30,05F0439S,05F0494S,5,0,0
2025/01/30 23:35,05F0000S,05F0055S,31,246,44
2025/01/30 23:35,05F0000S,05F0055S,32,248,17
2025/01/30 23:35,05F0000S,05F0055S,41,274,2
2025/01/30 23:35,05F0000S,05F0055S,42,0,0
2025/01/30 23:35,05F0000S,05F0055S,5,0,0
2025/01/30 23:35,05F0055S,05F0287S,31,973,70
2025/01/30 23:35,05F0055S,05F0287S,32,973,21
2025/01/30 23:35,05F0055S,05F0287S,41,1012,2
2025/01/30 23:35,05F0055S,05F0287S,42,0,0
2025/01/30 23:35,05F0055S,05F0287S,5,0,0
2025/01/30 23:35,05F0287S,05F0309S,31,86,47
2025/01/30 23:35,05F0287S,05F0309S,32,87,9
2025/01/30 23:35,05F0287S,05F0309S,41,92,4
2025/01/30 23:35,05F0287S,05F0309S,42,0,0
2025/01/30 23:35,05F0287S,05F0309S,5,0,0
2025/01/30 23:35,05F0309S,05F0439S,31,496,34
2025/01/30 23:35,05F0309S,05F0439S,32,506,7
2025/01/30 23:35,05F0309S,05F0439S,41,541,3
2025/01/30 23:35,05F0309S,05F0439S,42,0,0
2025/01/30 23:35,05F0309S,05F0439S,5,0,0
2025/01/30 23:35,05F0439S,05F0494S,31,207,15
2025/01/30 23:35,05F0439S,05F0494S,32,222,6
2025/01/30 23:35,05F0439S,05F0494S,41,0,0
2025/01/30 23:35,05F0439S,05F0494S,42,189,1
2025/01/30 23:35,05F0439S,05F0494S,5,0,0
2025/01/30 23:40,05F0000S,05F0055S,31,243,64
2025/01/30 23:40,05F0000S,05F0055S,32,249,17
2025/01/30 23:40,05F0000S,05F0055S,41,242,2
2025/01/30 23:40,05F0000S,05F0055S,42,0,0
2025/01/30 23:40,05F0000S,05F0055S,5,0,0
2025/01/30 23:40,05F0055S,05F0287S,31,979,85
2025/01/30 23:40,05F0055S,05F0287S,32,973,17
2025/01/30 23:40,05F0055S,05F0287S,41,1068,3
2025/01/30 23:40,05F0055S,05F0287S,42,0,0
2025/01/30 23:40,05F0055S,05F0287S,5,0,0
2025/01/30 23:40,05F0287S,05F0309S,31,86,49
2025/01/30 23:40,05F0287S,05F0309S,32,86,12
2025/01/30 23:40,05F0287S,05F0309S,41,95,3
2025/01/30 23:40,05F0287S,05F0309S,42,0,0
2025/01/30 23:40,05F0287S,05F0309S,5,0,0
2025/01/30 23:40,05F0309S,05F0439S,31,466,17
2025/01/30 23:40,05F0309S,05F0439S,32,480,4
2025/01/30 23:40,05F0309S,05F0439S,41,490,2
2025/01/30 23:40,05F0309S,05F0439S,42,0,0
2025/01/30 23:40,05F0309S,05F0439S,5,0,0
2025/01/30 23:40,05F0439S,05F0494S,31,207,12
2025/01/30 23:40,05F0439S,05F0494S,32,227,3
2025/01/30 23:40,05F0439S,05F0494S,41,0,0
2025/01/30 23:40,05F0439S,05F0494S,42,0,0
2025/01/30 23:40,05F0439S,05F0494S,5,0,0
2025/01/30 23:45,05F0000S,05F0055S,31,242,72
2025/01/30 23:45,05F0000S,05F0055S,32,235,14
2025/01/30 23:45,05F0000S,05F0055S,41,244,1
2025/01/30 23:45,05F0000S,05F0055S,42,0,0
2025/01/30 23:45,05F0000S,05F0055S,5,0,0
2025/01/30 23:45,05F0055S,05F0287S,31,948,47
2025/01/30 23:45,05F0055S,05F0287S,32,939,9
2025/01/30 23:45,05F0055S,05F0287S,41,1000,2
2025/01/30 23:45,05F0055S,05F0287S,42,0,0
2025/01/30 23:45,05F0055S,05F0287S,5,0,0
2025/01/30 23:45,05F0287S,05F0309S,31,83,43
2025/01/30 23:45,05F0287S,05F0309S,32,84,11
2025/01/30 23:45,05F0287S,05F0309S,41,93,3
2025/01/30 23:45,05F0287S,05F0309S,42,0,0
2025/01/30 23:45,05F0287S,05F0309S,5,0,0
2025/01/30 23:45,05F0309S,05F0439S,31,494,37
2025/01/30 23:45,05F0309S,05F0439S,32,491,12
2025/01/30 23:45,05F0309S,05F0439S,41,536,1
2025/01/30 23:45,05F0309S,05F0439S,42,0,0
2025/01/30 23:45,05F0309S,05F0439S,5,0,0
2025/01/30 23:45,05F0439S,05F0494S,31,189,6
2025/01/30 23:45,05F0439S,05F0494S,32,193,4
2025/01/30 23:45,05F0439S,05F0494S,41,0,0
2025/01/30 23:45,05F0439S,05F0494S,42,0,0
2025/01/30 23:45,05F0439S,05F0494S,5,0,0
2025/01/30 23:50,05F0000S,05F0055S,31,236,65
2025/01/30 23:50,05F0000S,05F0055S,32,238,6
2025/01/30 23:50,05F0000S,05F0055S,41,229,2
2025/01/30 23:50,05F0000S,05F0055S,42,0,0
2025/01/30 23:50,05F0000S,05F0055S,5,0,0
2025/01/30 23:50,05F0055S,05F0287S,31,999,40
2025/01/30 23:50,05F0055S,05F0287S,32,990,14
2025/01/30 23:50,05F0055S,05F0287S,41,1052,3
2025/01/30 23:50,05F0055S,05F0287S,42,0,0
2025/01/30 23:50,05F0055S,05F0287S,5,0,0
2025/01/30 23:50,05F0287S,05F0309S,31,87,28
2025/01/30 23:50,05F0287S,05F0309S,32,91,5
2025/01/30 23:50,05F0287S,05F0309S,41,91,2
2025/01/30 23:50,05F0287S,05F0309S,42,0,0
2025/01/30 23:50,05F0287S,05F0309S,5,0,0
2025/01/30 23:50,05F0309S,05F0439S,31,488,39
2025/01/30 23:50,05F0309S,05F0439S,32,496,7
2025/01/30 23:50,05F0309S,05F0439S,41,537,4
2025/01/30 23:50,05F0309S,05F0439S,42,0,0
2025/01/30 23:50,05F0309S,05F0439S,5,0,0
2025/01/30 23:50,05F0439S,05F0494S,31,203,12
2025/01/30 23:50,05F0439S,05F0494S,32,205,7
2025/01/30 23:50,05F0439S,05F0494S,41,0,0
2025/01/30 23:50,05F0439S,05F0494S,42,0,0
2025/01/30 23:50,05F0439S,05F0494S,5,0,0
2025/01/30 23:55,05F0000S,05F0055S,31,243,56
2025/01/30 23:55,05F0000S,05F0055S,32,233,12
2025/01/30 23:55,05F0000S,05F0055S,41,246,4
2025/01/30 23:55,05F0000S,05F0055S,42,0,0
2025/01/30 23:55,05F0000S,05F0055S,5,0,0
2025/01/30 23:55,05F0055S,05F0287S,31,978,73
2025/01/30 23:55,05F0055S,05F0287S,32,975,20
2025/01/30 23:55,05F0055S,05F0287S,41,975,2
2025/01/30 23:55,05F0055S,05F0287S,42,0,0
2025/01/30 23:55,05F0055S,05F0287S,5,0,0
2025/01/30 23:55,05F0287S,05F0309S,31,87,54
2025/01/30 23:55,05F0287S,05F0309S,32,86,21
2025/01/30 23:55,05F0287S,05F0309S,41,93,3
2025/01/30 23:55,05F0287S,05F0309S,42,0,0
2025/01/30 23:55,05F0287S,05F0309S,5,0,0
2025/01/30 23:55,05F0309S,05F0439S,31,494,18
2025/01/30 23:55,05F0309S,05F0439S,32,476,6
2025/01/30 23:55,05F0309S,05F0439S,41,525,2
2025/01/30 23:55,05F0309S,05F0439S,42,0,0
2025/01/30 23:55,05F0309S,05F0439S,5,0,0
2025/01/30 23:55,05F0439S,05F0494S,31,207,19
2025/01/30 23:55,05F0439S,05F0494S,32,210,4
2025/01/30 23:55,05F0439S,05F0494S,41,0,0
2025/01/30 23:55,05F0439S,05F0494S,42,0,0
2025/01/30 23:55,05F0439S,05F0494S,5,0,0
