2025/06/21 00:00,05F0000S,05F0055S,31,233,38
2025/06/21 00:00,05F0000S,05F0055S,32,241,11
2025/06/21 00:00,05F0000S,05F0055S,41,241,1
2025/06/21 00:00,05F0000S,05F0055S,42,0,0
2025/06/21 00:00,05F0000S,05F0055S,5,0,0
2025/06/21 00:00,05F0055S,05F0287S,31,959,61
2025/06/21 00:00,05F0055S,05F0287S,32,968,19
2025/06/21 00:00,05F0055S,05F0287S,41,1121,1
2025/06/21 00:00,05F0055S,05F0287S,42,0,0
2025/06/21 00:00,05F0055S,05F0287S,5,0,0
2025/06/21 00:00,05F0287S,05F0309S,31,86,63
2025/06/21 00:00,05F0287S,05F0309S,32,87,6
2025/06/21 00:00,05F0287S,05F0309S,41,1277,2
2025/06/21 00:00,05F0287S,05F0309S,42,0,0
2025/06/21 00:00,05F0287S,05F0309S,5,0,0
2025/06/21 00:00,05F0309S,05F0439S,31,483,33
2025/06/21 00:00,05F0309S,05F0439S,32,521,6
2025/06/21 00:00,05F0309S,05F0439S,41,504,2
2025/06/21 00:00,05F0309S,05F0439S,42,457,1
2025/06/21 00:00,05F0309S,05F0439S,5,521,1
2025/06/21 00:00,05F0439S,05F0494S,31,199,10
2025/06/21 00:00,05F0439S,05F0494S,32,201,2
2025/06/21 00:00,05F0439S,05F0494S,41,0,0
2025/06/21 00:00,05F0439S,05F0494S,42,217,1
2025/06/21 00:00,05F0439S,05F0494S,5,243,2
2025/06/21 00:05,05F0000S,05F0055S,31,236,49
2025/06/21 00:05,05F0000S,05F0055S,32,244,10
2025/06/21 00:05,05F0000S,05F0055S,41,259,1
2025/06/21 00:05,05F0000S,05F0055S,42,0,0
2025/06/21 00:05,05F0000S,05F0055S,5,0,0
2025/06/21 00:05,05F0055S,05F0287S,31,953,64
2025/06/21 00:05,05F0055S,05F0287S,32,953,11
2025/06/21 00:05,05F0055S,05F0287S,41,1065,2
2025/06/21 00:05,05F0055S,05F0287S,42,0,0
2025/06/21 00:05,05F0055S,05F0287S,5,0,0
2025/06/21 00:05,05F0287S,05F0309S,31,85,50
2025/06/21 00:05,05F0287S,05F0309S,32,81,11
2025/06/21 00:05,05F0287S,05F0309S,41,97,1
2025/06/21 00:05,05F0287S,05F0309S,42,0,0
2025/06/21 00:05,05F0287S,05F0309S,5,0,0
2025/06/21 00:05,05F0309S,05F0439S,31,487,26
2025/06/21 00:05,05F0309S,05F0439S,32,495,4
2025/06/21 00:05,05F0309S,05F0439S,41,0,0
2025/06/21 00:05,05F0309S,05F0439S,42,0,0
2025/06/21 00:05,05F0309S,05F0439S,5,520,2
2025/06/21 00:05,05F0439S,05F0494S,31,171,2
2025/06/21 00:05,05F0439S,05F0494S,32,224,3
2025/06/21 00:05,05F0439S,05F0494S,41,0,0
2025/06/21 00:05,05F0439S,05F0494S,42,200,1
2025/06/21 00:05,05F0439S,05F0494S,5,217,1
2025/06/21 00:10,05F0000S,05F0055S,31,238,47
2025/06/21 00:10,05F0000S,05F0055S,32,236,12
2025/06/21 00:10,05F0000S,05F0055S,41,0,0
2025/06/21 00:10,05F0000S,05F0055S,42,0,0
2025/06/21 00:10,05F0000S,05F0055S,5,0,0
2025/06/21 00:10,05F0055S,05F0287S,31,949,51
2025/06/21 00:10,05F0055S,05F0287S,32,963,17
2025/06/21 00:10,05F0055S,05F0287S,41,1017,2
2025/06/21 00:10,05F0055S,05F0287S,42,0,0
2025/06/21 00:10,05F0055S,05F0287S,5,0,0
2025/06/21 00:10,05F0287S,05F0309S,31,85,52
2025/06/21 00:10,05F0287S,05F0309S,32,91,11
2025/06/21 00:10,05F0287S,05F0309S,41,833,2
2025/06/21 00:10,05F0287S,05F0309S,42,0,0
2025/06/21 00:10,05F0287S,05F0309S,5,0,0
2025/06/21 00:10,05F0309S,05F0439S,31,486,34
2025/06/21 00:10,05F0309S,05F0439S,32,485,9
2025/06/21 00:10,05F0309S,05F0439S,41,557,2
2025/06/21 00:10,05F0309S,05F0439S,42,0,0
2025/06/21 00:10,05F0309S,05F0439S,5,0,0
2025/06/21 00:10,05F0439S,05F0494S,31,202,9
2025/06/21 00:10,05F0439S,05F0494S,32,204,1
2025/06/21 00:10,05F0439S,05F0494S,41,0,0
2025/06/21 00:10,05F0439S,05F0494S,42,0,0
2025/06/21 00:10,05F0439S,05F0494S,5,217,3
2025/06/21 00:15,05F0000S,05F0055S,31,232,32
2025/06/21 00:15,05F0000S,05F0055S,32,239,6
2025/06/21 00:15,05F0000S,05F0055S,41,229,1
2025/06/21 00:15,05F0000S,05F0055S,42,0,0
2025/06/21 00:15,05F0000S,05F0055S,5,0,0
2025/06/21 00:15,05F0055S,05F0287S,31,958,37
2025/06/21 00:15,05F0055S,05F0287S,32,962,13
2025/06/21 00:15,05F0055S,05F0287S,41,975,2
2025/06/21 00:15,05F0055S,05F0287S,42,0,0
2025/06/21 00:15,05F0055S,05F0287S,5,0,0
2025/06/21 00:15,05F0287S,05F0309S,31,86,28
2025/06/21 00:15,05F0287S,05F0309S,32,90,14
2025/06/21 00:15,05F0287S,05F0309S,41,94,3
2025/06/21 00:15,05F0287S,05F0309S,42,0,0
2025/06/21 00:15,05F0287S,05F0309S,5,0,0
2025/06/21 00:15,05F0309S,05F0439S,31,481,27
2025/06/21 00:15,05F0309S,05F0439S,32,495,4
2025/06/21 00:15,05F0309S,05F0439S,41,545,1
2025/06/21 00:15,05F0309S,05F0439S,42,474,2
2025/06/21 00:15,05F0309S,05F0439S,5,0,0
2025/06/21 00:15,05F0439S,05F0494S,31,207,9
2025/06/21 00:15,05F0439S,05F0494S,32,184,3
2025/06/21 00:15,05F0439S,05F0494S,41,0,0
2025/06/21 00:15,05F0439S,05F0494S,42,0,0
2025/06/21 00:15,05F0439S,05F0494S,5,0,0
2025/06/21 00:20,05F0000S,05F0055S,31,236,49
2025/06/21 00:20,05F0000S,05F0055S,32,233,12
2025/06/21 00:20,05F0000S,05F0055S,41,0,0
2025/06/21 00:20,05F0000S,05F0055S,42,0,0
2025/06/21 00:20,05F0000S,05F0055S,5,0,0
2025/06/21 00:20,05F0055S,05F0287S,31,965,47
2025/06/21 00:20,05F0055S,05F0287S,32,977,10
2025/06/21 00:20,05F0055S,05F0287S,41,0,0
2025/06/21 00:20,05F0055S,05F0287S,42,0,0
2025/06/21 00:20,05F0055S,05F0287S,5,0,0
2025/06/21 00:20,05F0287S,05F0309S,31,81,27
2025/06/21 00:20,05F0287S,05F0309S,32,87,7
2025/06/21 00:20,05F0287S,05F0309S,41,0,0
2025/06/21 00:20,05F0287S,05F0309S,42,0,0
2025/06/21 00:20,05F0287S,05F0309S,5,0,0
2025/06/21 00:20,05F0309S,05F0439S,31,491,16
2025/06/21 00:20,05F0309S,05F0439S,32,492,8
2025/06/21 00:20,05F0309S,05F0439S,41,542,3
2025/06/21 00:20,05F0309S,05F0439S,42,0,0
2025/06/21 00:20,05F0309S,05F0439S,5,498,2
2025/06/21 00:20,05F0439S,05F0494S,31,191,6
2025/06/21 00:20,05F0439S,05F0494S,32,190,3
2025/06/21 00:20,05F0439S,05F0494S,41,0,0
2025/06/21 00:20,05F0439S,05F0494S,42,188,1
2025/06/21 00:20,05F0439S,05F0494S,5,0,0
2025/06/21 00:25,05F0000S,05F0055S,31,236,40
2025/06/21 00:25,05F0000S,05F0055S,32,234,12
2025/06/21 00:25,05F0000S,05F0055S,41,242,3
2025/06/21 00:25,05F0000S,05F0055S,42,0,0
2025/06/21 00:25,05F0000S,05F0055S,5,0,0
2025/06/21 00:25,05F0055S,05F0287S,31,964,60
2025/06/21 00:25,05F0055S,05F0287S,32,960,13
2025/06/21 00:25,05F0055S,05F0287S,41,1063,1
2025/06/21 00:25,05F0055S,05F0287S,42,0,0
2025/06/21 00:25,05F0055S,05F0287S,5,0,0
2025/06/21 00:25,05F0287S,05F0309S,31,86,46
2025/06/21 00:25,05F0287S,05F0309S,32,88,9
2025/06/21 00:25,05F0287S,05F0309S,41,540,2
2025/06/21 00:25,05F0287S,05F0309S,42,0,0
2025/06/21 00:25,05F0287S,05F0309S,5,0,0
2025/06/21 00:25,05F0309S,05F0439S,31,469,25
2025/06/21 00:25,05F0309S,05F0439S,32,492,9
2025/06/21 00:25,05F0309S,05F0439S,41,0,0
2025/06/21 00:25,05F0309S,05F0439S,42,0,0
2025/06/21 00:25,05F0309S,05F0439S,5,0,0
2025/06/21 00:25,05F0439S,05F0494S,31,202,8
2025/06/21 00:25,05F0439S,05F0494S,32,216,7
2025/06/21 00:25,05F0439S,05F0494S,41,0,0
2025/06/21 00:25,05F0439S,05F0494S,42,0,0
2025/06/21 00:25,05F0439S,05F0494S,5,0,0
2025/06/21 00:30,05F0000S,05F0055S,31,232,43
2025/06/21 00:30,05F0000S,05F0055S,32,245,11
2025/06/21 00:30,05F0000S,05F0055S,41,248,2
2025/06/21 00:30,05F0000S,05F0055S,42,0,0
2025/06/21 00:30,05F0000S,05F0055S,5,0,0
2025/06/21 00:30,05F0055S,05F0287S,31,936,37
2025/06/21 00:30,05F0055S,05F0287S,32,935,5
2025/06/21 00:30,05F0055S,05F0287S,41,968,1
2025/06/21 00:30,05F0055S,05F0287S,42,0,0
2025/06/21 00:30,05F0055S,05F0287S,5,0,0
2025/06/21 00:30,05F0287S,05F0309S,31,85,38
2025/06/21 00:30,05F0287S,05F0309S,32,86,7
2025/06/21 00:30,05F0287S,05F0309S,41,0,0
2025/06/21 00:30,05F0287S,05F0309S,42,0,0
2025/06/21 00:30,05F0287S,05F0309S,5,0,0
2025/06/21 00:30,05F0309S,05F0439S,31,465,21
2025/06/21 00:30,05F0309S,05F0439S,32,492,4
2025/06/21 00:30,05F0309S,05F0439S,41,0,0
2025/06/21 00:30,05F0309S,05F0439S,42,0,0
2025/06/21 00:30,05F0309S,05F0439S,5,511,1
2025/06/21 00:30,05F0439S,05F0494S,31,210,5
2025/06/21 00:30,05F0439S,05F0494S,32,208,3
2025/06/21 00:30,05F0439S,05F0494S,41,0,0
2025/06/21 00:30,05F0439S,05F0494S,42,0,0
2025/06/21 00:30,05F0439S,05F0494S,5,0,0
2025/06/21 00:35,05F0000S,05F0055S,31,236,32
2025/06/21 00:35,05F0000S,05F0055S,32,246,11
2025/06/21 00:35,05F0000S,05F0055S,41,241,1
2025/06/21 00:35,05F0000S,05F0055S,42,0,0
2025/06/21 00:35,05F0000S,05F0055S,5,0,0
2025/06/21 00:35,05F0055S,05F0287S,31,966,40
2025/06/21 00:35,05F0055S,05F0287S,32,968,13
2025/06/21 00:35,05F0055S,05F0287S,41,0,0
2025/06/21 00:35,05F0055S,05F0287S,42,0,0
2025/06/21 00:35,05F0055S,05F0287S,5,0,0
2025/06/21 00:35,05F0287S,05F0309S,31,85,35
2025/06/21 00:35,05F0287S,05F0309S,32,89,12
2025/06/21 00:35,05F0287S,05F0309S,41,94,1
2025/06/21 00:35,05F0287S,05F0309S,42,0,0
2025/06/21 00:35,05F0287S,05F0309S,5,0,0
2025/06/21 00:35,05F0309S,05F0439S,31,488,32
2025/06/21 00:35,05F0309S,05F0439S,32,505,6
2025/06/21 00:35,05F0309S,05F0439S,41,515,1
2025/06/21 00:35,05F0309S,05F0439S,42,517,1
2025/06/21 00:35,05F0309S,05F0439S,5,576,2
2025/06/21 00:35,05F0439S,05F0494S,31,199,6
2025/06/21 00:35,05F0439S,05F0494S,32,219,1
2025/06/21 00:35,05F0439S,05F0494S,41,0,0
2025/06/21 00:35,05F0439S,05F0494S,42,0,0
2025/06/21 00:35,05F0439S,05F0494S,5,214,1
2025/06/21 00:40,05F0000S,05F0055S,31,231,39
2025/06/21 00:40,05F0000S,05F0055S,32,241,10
2025/06/21 00:40,05F0000S,05F0055S,41,0,0
2025/06/21 00:40,05F0000S,05F0055S,42,0,0
2025/06/21 00:40,05F0000S,05F0055S,5,0,0
2025/06/21 00:40,05F0055S,05F0287S,31,954,41
2025/06/21 00:40,05F0055S,05F0287S,32,955,11
2025/06/21 00:40,05F0055S,05F0287S,41,0,0
2025/06/21 00:40,05F0055S,05F0287S,42,0,0
2025/06/21 00:40,05F0055S,05F0287S,5,0,0
2025/06/21 00:40,05F0287S,05F0309S,31,82,28
2025/06/21 00:40,05F0287S,05F0309S,32,87,5
2025/06/21 00:40,05F0287S,05F0309S,41,0,0
2025/06/21 00:40,05F0287S,05F0309S,42,0,0
2025/06/21 00:40,05F0287S,05F0309S,5,0,0
2025/06/21 00:40,05F0309S,05F0439S,31,484,20
2025/06/21 00:40,05F0309S,05F0439S,32,511,2
2025/06/21 00:40,05F0309S,05F0439S,41,536,1
2025/06/21 00:40,05F0309S,05F0439S,42,544,1
2025/06/21 00:40,05F0309S,05F0439S,5,510,1
2025/06/21 00:40,05F0439S,05F0494S,31,207,15
2025/06/21 00:40,05F0439S,05F0494S,32,212,4
2025/06/21 00:40,05F0439S,05F0494S,41,0,0
2025/06/21 00:40,05F0439S,05F0494S,42,0,0
2025/06/21 00:40,05F0439S,05F0494S,5,253,1
2025/06/21 00:45,05F0000S,05F0055S,31,232,25
2025/06/21 00:45,05F0000S,05F0055S,32,236,12
2025/06/21 00:45,05F0000S,05F0055S,41,230,3
2025/06/21 00:45,05F0000S,05F0055S,42,0,0
2025/06/21 00:45,05F0000S,05F0055S,5,0,0
2025/06/21 00:45,05F0055S,05F0287S,31,955,51
2025/06/21 00:45,05F0055S,05F0287S,32,975,15
2025/06/21 00:45,05F0055S,05F0287S,41,989,3
2025/06/21 00:45,05F0055S,05F0287S,42,0,0
2025/06/21 00:45,05F0055S,05F0287S,5,0,0
2025/06/21 00:45,05F0287S,05F0309S,31,86,37
2025/06/21 00:45,05F0287S,05F0309S,32,90,12
2025/06/21 00:45,05F0287S,05F0309S,41,95,2
2025/06/21 00:45,05F0287S,05F0309S,42,0,0
2025/06/21 00:45,05F0287S,05F0309S,5,0,0
2025/06/21 00:45,05F0309S,05F0439S,31,463,29
2025/06/21 00:45,05F0309S,05F0439S,32,475,6
2025/06/21 00:45,05F0309S,05F0439S,41,0,0
2025/06/21 00:45,05F0309S,05F0439S,42,488,3
2025/06/21 00:45,05F0309S,05F0439S,5,450,1
2025/06/21 00:45,05F0439S,05F0494S,31,192,10
2025/06/21 00:45,05F0439S,05F0494S,32,221,3
2025/06/21 00:45,05F0439S,05F0494S,41,0,0
2025/06/21 00:45,05F0439S,05F0494S,42,251,1
2025/06/21 00:45,05F0439S,05F0494S,5,217,1
2025/06/21 00:50,05F0000S,05F0055S,31,240,28
2025/06/21 00:50,05F0000S,05F0055S,32,232,3
2025/06/21 00:50,05F0000S,05F0055S,41,0,0
2025/06/21 00:50,05F0000S,05F0055S,42,0,0
2025/06/21 00:50,05F0000S,05F0055S,5,0,0
2025/06/21 00:50,05F0055S,05F0287S,31,941,37
2025/06/21 00:50,05F0055S,05F0287S,32,966,15
2025/06/21 00:50,05F0055S,05F0287S,41,1047,3
2025/06/21 00:50,05F0055S,05F0287S,42,0,0
2025/06/21 00:50,05F0055S,05F0287S,5,0,0
2025/06/21 00:50,05F0287S,05F0309S,31,88,26
2025/06/21 00:50,05F0287S,05F0309S,32,92,9
2025/06/21 00:50,05F0287S,05F0309S,41,88,2
2025/06/21 00:50,05F0287S,05F0309S,42,0,0
2025/06/21 00:50,05F0287S,05F0309S,5,0,0
2025/06/21 00:50,05F0309S,05F0439S,31,480,17
2025/06/21 00:50,05F0309S,05F0439S,32,492,5
2025/06/21 00:50,05F0309S,05F0439S,41,0,0
2025/06/21 00:50,05F0309S,05F0439S,42,542,4
2025/06/21 00:50,05F0309S,05F0439S,5,0,0
2025/06/21 00:50,05F0439S,05F0494S,31,201,7
2025/06/21 00:50,05F0439S,05F0494S,32,205,3
2025/06/21 00:50,05F0439S,05F0494S,41,0,0
2025/06/21 00:50,05F0439S,05F0494S,42,206,2
2025/06/21 00:50,05F0439S,05F0494S,5,0,0
2025/06/21 00:55,05F0000S,05F0055S,31,238,23
2025/06/21 00:55,05F0000S,05F0055S,32,245,9
2025/06/21 00:55,05F0000S,05F0055S,41,0,0
2025/06/21 00:55,05F0000S,05F0055S,42,0,0
2025/06/21 00:55,05F0000S,05F0055S,5,0,0
2025/06/21 00:55,05F0055S,05F0287S,31,920,36
2025/06/21 00:55,05F0055S,05F0287S,32,912,7
2025/06/21 00:55,05F0055S,05F0287S,41,0,0
2025/06/21 00:55,05F0055S,05F0287S,42,0,0
2025/06/21 00:55,05F0055S,05F0287S,5,0,0
2025/06/21 00:55,05F0287S,05F0309S,31,81,38
2025/06/21 00:55,05F0287S,05F0309S,32,84,9
2025/06/21 00:55,05F0287S,05F0309S,41,89,1
2025/06/21 00:55,05F0287S,05F0309S,42,0,0
2025/06/21 00:55,05F0287S,05F0309S,5,0,0
2025/06/21 00:55,05F0309S,05F0439S,31,491,27
2025/06/21 00:55,05F0309S,05F0439S,32,551,5
2025/06/21 00:55,05F0309S,05F0439S,41,529,1
2025/06/21 00:55,05F0309S,05F0439S,42,0,0
2025/06/21 00:55,05F0309S,05F0439S,5,540,1
2025/06/21 00:55,05F0439S,05F0494S,31,203,6
2025/06/21 00:55,05F0439S,05F0494S,32,194,1
2025/06/21 00:55,05F0439S,05F0494S,41,0,0
2025/06/21 00:55,05F0439S,05F0494S,42,228,2
2025/06/21 00:55,05F0439S,05F0494S,5,219,1
2025/06/21 01:00,05F0000S,05F0055S,31,235,35
2025/06/21 01:00,05F0000S,05F0055S,32,238,2
2025/06/21 01:00,05F0000S,05F0055S,41,0,0
2025/06/21 01:00,05F0000S,05F0055S,42,0,0
2025/06/21 01:00,05F0000S,05F0055S,5,0,0
2025/06/21 01:00,05F0055S,05F0287S,31,947,33
2025/06/21 01:00,05F0055S,05F0287S,32,948,14
2025/06/21 01:00,05F0055S,05F0287S,41,980,2
2025/06/21 01:00,05F0055S,05F0287S,42,0,0
2025/06/21 01:00,05F0055S,05F0287S,5,0,0
2025/06/21 01:00,05F0287S,05F0309S,31,87,26
2025/06/21 01:00,05F0287S,05F0309S,32,91,12
2025/06/21 01:00,05F0287S,05F0309S,41,94,1
2025/06/21 01:00,05F0287S,05F0309S,42,0,0
2025/06/21 01:00,05F0287S,05F0309S,5,0,0
2025/06/21 01:00,05F0309S,05F0439S,31,477,17
2025/06/21 01:00,05F0309S,05F0439S,32,525,10
2025/06/21 01:00,05F0309S,05F0439S,41,514,2
2025/06/21 01:00,05F0309S,05F0439S,42,640,1
2025/06/21 01:00,05F0309S,05F0439S,5,548,2
2025/06/21 01:00,05F0439S,05F0494S,31,208,9
2025/06/21 01:00,05F0439S,05F0494S,32,218,2
2025/06/21 01:00,05F0439S,05F0494S,41,0,0
2025/06/21 01:00,05F0439S,05F0494S,42,0,0
2025/06/21 01:00,05F0439S,05F0494S,5,229,1
2025/06/21 01:05,05F0000S,05F0055S,31,227,29
2025/06/21 01:05,05F0000S,05F0055S,32,232,9
2025/06/21 01:05,05F0000S,05F0055S,41,0,0
2025/06/21 01:05,05F0000S,05F0055S,42,0,0
2025/06/21 01:05,05F0000S,05F0055S,5,0,0
2025/06/21 01:05,05F0055S,05F0287S,31,956,27
2025/06/21 01:05,05F0055S,05F0287S,32,977,5
2025/06/21 01:05,05F0055S,05F0287S,41,978,1
2025/06/21 01:05,05F0055S,05F0287S,42,0,0
2025/06/21 01:05,05F0055S,05F0287S,5,0,0
2025/06/21 01:05,05F0287S,05F0309S,31,83,20
2025/06/21 01:05,05F0287S,05F0309S,32,76,4
2025/06/21 01:05,05F0287S,05F0309S,41,0,0
2025/06/21 01:05,05F0287S,05F0309S,42,0,0
2025/06/21 01:05,05F0287S,05F0309S,5,0,0
2025/06/21 01:05,05F0309S,05F0439S,31,476,11
2025/06/21 01:05,05F0309S,05F0439S,32,463,2
2025/06/21 01:05,05F0309S,05F0439S,41,0,0
2025/06/21 01:05,05F0309S,05F0439S,42,548,1
2025/06/21 01:05,05F0309S,05F0439S,5,0,0
2025/06/21 01:05,05F0439S,05F0494S,31,204,8
2025/06/21 01:05,05F0439S,05F0494S,32,207,1
2025/06/21 01:05,05F0439S,05F0494S,41,0,0
2025/06/21 01:05,05F0439S,05F0494S,42,0,0
2025/06/21 01:05,05F0439S,05F0494S,5,229,1
2025/06/21 01:10,05F0000S,05F0055S,31,230,22
2025/06/21 01:10,05F0000S,05F0055S,32,445,5
2025/06/21 01:10,05F0000S,05F0055S,41,0,0
2025/06/21 01:10,05F0000S,05F0055S,42,0,0
2025/06/21 01:10,05F0000S,05F0055S,5,0,0
2025/06/21 01:10,05F0055S,05F0287S,31,953,28
2025/06/21 01:10,05F0055S,05F0287S,32,980,7
2025/06/21 01:10,05F0055S,05F0287S,41,0,0
2025/06/21 01:10,05F0055S,05F0287S,42,0,0
2025/06/21 01:10,05F0055S,05F0287S,5,0,0
2025/06/21 01:10,05F0287S,05F0309S,31,85,26
2025/06/21 01:10,05F0287S,05F0309S,32,84,5
2025/06/21 01:10,05F0287S,05F0309S,41,0,0
2025/06/21 01:10,05F0287S,05F0309S,42,0,0
2025/06/21 01:10,05F0287S,05F0309S,5,0,0
2025/06/21 01:10,05F0309S,05F0439S,31,480,17
2025/06/21 01:10,05F0309S,05F0439S,32,518,8
2025/06/21 01:10,05F0309S,05F0439S,41,536,1
2025/06/21 01:10,05F0309S,05F0439S,42,0,0
2025/06/21 01:10,05F0309S,05F0439S,5,0,0
2025/06/21 01:10,05F0439S,05F0494S,31,205,7
2025/06/21 01:10,05F0439S,05F0494S,32,216,2
2025/06/21 01:10,05F0439S,05F0494S,41,0,0
2025/06/21 01:10,05F0439S,05F0494S,42,230,1
2025/06/21 01:10,05F0439S,05F0494S,5,0,0
2025/06/21 01:15,05F0000S,05F0055S,31,232,17
2025/06/21 01:15,05F0000S,05F0055S,32,235,6
2025/06/21 01:15,05F0000S,05F0055S,41,0,0
2025/06/21 01:15,05F0000S,05F0055S,42,0,0
2025/06/21 01:15,05F0000S,05F0055S,5,0,0
2025/06/21 01:15,05F0055S,05F0287S,31,947,35
2025/06/21 01:15,05F0055S,05F0287S,32,941,6
2025/06/21 01:15,05F0055S,05F0287S,41,0,0
2025/06/21 01:15,05F0055S,05F0287S,42,0,0
2025/06/21 01:15,05F0055S,05F0287S,5,0,0
2025/06/21 01:15,05F0287S,05F0309S,31,87,23
2025/06/21 01:15,05F0287S,05F0309S,32,91,6
2025/06/21 01:15,05F0287S,05F0309S,41,0,0
2025/06/21 01:15,05F0287S,05F0309S,42,0,0
2025/06/21 01:15,05F0287S,05F0309S,5,0,0
2025/06/21 01:15,05F0309S,05F0439S,31,474,15
2025/06/21 01:15,05F0309S,05F0439S,32,478,5
2025/06/21 01:15,05F0309S,05F0439S,41,0,0
2025/06/21 01:15,05F0309S,05F0439S,42,0,0
2025/06/21 01:15,05F0309S,05F0439S,5,516,1
2025/06/21 01:15,05F0439S,05F0494S,31,199,4
2025/06/21 01:15,05F0439S,05F0494S,32,233,2
2025/06/21 01:15,05F0439S,05F0494S,41,0,0
2025/06/21 01:15,05F0439S,05F0494S,42,0,0
2025/06/21 01:15,05F0439S,05F0494S,5,0,0
2025/06/21 01:20,05F0000S,05F0055S,31,233,22
2025/06/21 01:20,05F0000S,05F0055S,32,249,3
2025/06/21 01:20,05F0000S,05F0055S,41,0,0
2025/06/21 01:20,05F0000S,05F0055S,42,0,0
2025/06/21 01:20,05F0000S,05F0055S,5,0,0
2025/06/21 01:20,05F0055S,05F0287S,31,960,30
2025/06/21 01:20,05F0055S,05F0287S,32,948,9
2025/06/21 01:20,05F0055S,05F0287S,41,0,0
2025/06/21 01:20,05F0055S,05F0287S,42,0,0
2025/06/21 01:20,05F0055S,05F0287S,5,0,0
2025/06/21 01:20,05F0287S,05F0309S,31,82,17
2025/06/21 01:20,05F0287S,05F0309S,32,88,5
2025/06/21 01:20,05F0287S,05F0309S,41,0,0
2025/06/21 01:20,05F0287S,05F0309S,42,0,0
2025/06/21 01:20,05F0287S,05F0309S,5,0,0
2025/06/21 01:20,05F0309S,05F0439S,31,493,14
2025/06/21 01:20,05F0309S,05F0439S,32,462,4
2025/06/21 01:20,05F0309S,05F0439S,41,0,0
2025/06/21 01:20,05F0309S,05F0439S,42,559,2
2025/06/21 01:20,05F0309S,05F0439S,5,531,3
2025/06/21 01:20,05F0439S,05F0494S,31,208,6
2025/06/21 01:20,05F0439S,05F0494S,32,204,2
2025/06/21 01:20,05F0439S,05F0494S,41,0,0
2025/06/21 01:20,05F0439S,05F0494S,42,0,0
2025/06/21 01:20,05F0439S,05F0494S,5,223,1
2025/06/21 01:25,05F0000S,05F0055S,31,230,32
2025/06/21 01:25,05F0000S,05F0055S,32,223,7
2025/06/21 01:25,05F0000S,05F0055S,41,248,1
2025/06/21 01:25,05F0000S,05F0055S,42,0,0
2025/06/21 01:25,05F0000S,05F0055S,5,0,0
2025/06/21 01:25,05F0055S,05F0287S,31,963,25
2025/06/21 01:25,05F0055S,05F0287S,32,949,7
2025/06/21 01:25,05F0055S,05F0287S,41,0,0
2025/06/21 01:25,05F0055S,05F0287S,42,0,0
2025/06/21 01:25,05F0055S,05F0287S,5,0,0
2025/06/21 01:25,05F0287S,05F0309S,31,85,23
2025/06/21 01:25,05F0287S,05F0309S,32,86,5
2025/06/21 01:25,05F0287S,05F0309S,41,0,0
2025/06/21 01:25,05F0287S,05F0309S,42,0,0
2025/06/21 01:25,05F0287S,05F0309S,5,0,0
2025/06/21 01:25,05F0309S,05F0439S,31,479,24
2025/06/21 01:25,05F0309S,05F0439S,32,477,2
2025/06/21 01:25,05F0309S,05F0439S,41,0,0
2025/06/21 01:25,05F0309S,05F0439S,42,498,2
2025/06/21 01:25,05F0309S,05F0439S,5,550,2
2025/06/21 01:25,05F0439S,05F0494S,31,205,6
2025/06/21 01:25,05F0439S,05F0494S,32,208,4
2025/06/21 01:25,05F0439S,05F0494S,41,0,0
2025/06/21 01:25,05F0439S,05F0494S,42,218,3
2025/06/21 01:25,05F0439S,05F0494S,5,227,3
2025/06/21 01:30,05F0000S,05F0055S,31,212,15
2025/06/21 01:30,05F0000S,05F0055S,32,227,7
2025/06/21 01:30,05F0000S,05F0055S,41,0,0
2025/06/21 01:30,05F0000S,05F0055S,42,0,0
2025/06/21 01:30,05F0000S,05F0055S,5,0,0
2025/06/21 01:30,05F0055S,05F0287S,31,939,20
2025/06/21 01:30,05F0055S,05F0287S,32,983,5
2025/06/21 01:30,05F0055S,05F0287S,41,0,0
2025/06/21 01:30,05F0055S,05F0287S,42,0,0
2025/06/21 01:30,05F0055S,05F0287S,5,0,0
2025/06/21 01:30,05F0287S,05F0309S,31,86,12
2025/06/21 01:30,05F0287S,05F0309S,32,88,7
2025/06/21 01:30,05F0287S,05F0309S,41,0,0
2025/06/21 01:30,05F0287S,05F0309S,42,0,0
2025/06/21 01:30,05F0287S,05F0309S,5,0,0
2025/06/21 01:30,05F0309S,05F0439S,31,487,8
2025/06/21 01:30,05F0309S,05F0439S,32,496,4
2025/06/21 01:30,05F0309S,05F0439S,41,0,0
2025/06/21 01:30,05F0309S,05F0439S,42,540,1
2025/06/21 01:30,05F0309S,05F0439S,5,521,1
2025/06/21 01:30,05F0439S,05F0494S,31,207,9
2025/06/21 01:30,05F0439S,05F0494S,32,173,1
2025/06/21 01:30,05F0439S,05F0494S,41,0,0
2025/06/21 01:30,05F0439S,05F0494S,42,215,1
2025/06/21 01:30,05F0439S,05F0494S,5,0,0
2025/06/21 01:35,05F0000S,05F0055S,31,233,21
2025/06/21 01:35,05F0000S,05F0055S,32,230,6
2025/06/21 01:35,05F0000S,05F0055S,41,0,0
2025/06/21 01:35,05F0000S,05F0055S,42,0,0
2025/06/21 01:35,05F0000S,05F0055S,5,0,0
2025/06/21 01:35,05F0055S,05F0287S,31,945,20
2025/06/21 01:35,05F0055S,05F0287S,32,981,2
2025/06/21 01:35,05F0055S,05F0287S,41,0,0
2025/06/21 01:35,05F0055S,05F0287S,42,0,0
2025/06/21 01:35,05F0055S,05F0287S,5,0,0
2025/06/21 01:35,05F0287S,05F0309S,31,80,16
2025/06/21 01:35,05F0287S,05F0309S,32,81,1
2025/06/21 01:35,05F0287S,05F0309S,41,0,0
2025/06/21 01:35,05F0287S,05F0309S,42,0,0
2025/06/21 01:35,05F0287S,05F0309S,5,0,0
2025/06/21 01:35,05F0309S,05F0439S,31,496,13
2025/06/21 01:35,05F0309S,05F0439S,32,475,6
2025/06/21 01:35,05F0309S,05F0439S,41,0,0
2025/06/21 01:35,05F0309S,05F0439S,42,529,1
2025/06/21 01:35,05F0309S,05F0439S,5,504,3
2025/06/21 01:35,05F0439S,05F0494S,31,196,4
2025/06/21 01:35,05F0439S,05F0494S,32,200,2
2025/06/21 01:35,05F0439S,05F0494S,41,0,0
2025/06/21 01:35,05F0439S,05F0494S,42,221,1
2025/06/21 01:35,05F0439S,05F0494S,5,222,1
2025/06/21 01:40,05F0000S,05F0055S,31,230,18
2025/06/21 01:40,05F0000S,05F0055S,32,251,9
2025/06/21 01:40,05F0000S,05F0055S,41,0,0
2025/06/21 01:40,05F0000S,05F0055S,42,0,0
2025/06/21 01:40,05F0000S,05F0055S,5,0,0
2025/06/21 01:40,05F0055S,05F0287S,31,941,33
2025/06/21 01:40,05F0055S,05F0287S,32,959,8
2025/06/21 01:40,05F0055S,05F0287S,41,0,0
2025/06/21 01:40,05F0055S,05F0287S,42,0,0
2025/06/21 01:40,05F0055S,05F0287S,5,0,0
2025/06/21 01:40,05F0287S,05F0309S,31,86,19
2025/06/21 01:40,05F0287S,05F0309S,32,87,7
2025/06/21 01:40,05F0287S,05F0309S,41,0,0
2025/06/21 01:40,05F0287S,05F0309S,42,0,0
2025/06/21 01:40,05F0287S,05F0309S,5,0,0
2025/06/21 01:40,05F0309S,05F0439S,31,479,9
2025/06/21 01:40,05F0309S,05F0439S,32,501,3
2025/06/21 01:40,05F0309S,05F0439S,41,0,0
2025/06/21 01:40,05F0309S,05F0439S,42,0,0
2025/06/21 01:40,05F0309S,05F0439S,5,500,1
2025/06/21 01:40,05F0439S,05F0494S,31,210,2
2025/06/21 01:40,05F0439S,05F0494S,32,184,3
2025/06/21 01:40,05F0439S,05F0494S,41,0,0
2025/06/21 01:40,05F0439S,05F0494S,42,225,1
2025/06/21 01:40,05F0439S,05F0494S,5,210,3
2025/06/21 01:45,05F0000S,05F0055S,31,232,21
2025/06/21 01:45,05F0000S,05F0055S,32,223,3
2025/06/21 01:45,05F0000S,05F0055S,41,0,0
2025/06/21 01:45,05F0000S,05F0055S,42,0,0
2025/06/21 01:45,05F0000S,05F0055S,5,0,0
2025/06/21 01:45,05F0055S,05F0287S,31,907,18
2025/06/21 01:45,05F0055S,05F0287S,32,932,7
2025/06/21 01:45,05F0055S,05F0287S,41,978,1
2025/06/21 01:45,05F0055S,05F0287S,42,0,0
2025/06/21 01:45,05F0055S,05F0287S,5,0,0
2025/06/21 01:45,05F0287S,05F0309S,31,81,24
2025/06/21 01:45,05F0287S,05F0309S,32,83,6
2025/06/21 01:45,05F0287S,05F0309S,41,87,1
2025/06/21 01:45,05F0287S,05F0309S,42,0,0
2025/06/21 01:45,05F0287S,05F0309S,5,0,0
2025/06/21 01:45,05F0309S,05F0439S,31,471,11
2025/06/21 01:45,05F0309S,05F0439S,32,0,0
2025/06/21 01:45,05F0309S,05F0439S,41,0,0
2025/06/21 01:45,05F0309S,05F0439S,42,0,0
2025/06/21 01:45,05F0309S,05F0439S,5,529,1
2025/06/21 01:45,05F0439S,05F0494S,31,201,7
2025/06/21 01:45,05F0439S,05F0494S,32,0,0
2025/06/21 01:45,05F0439S,05F0494S,41,0,0
2025/06/21 01:45,05F0439S,05F0494S,42,0,0
2025/06/21 01:45,05F0439S,05F0494S,5,0,0
2025/06/21 01:50,05F0000S,05F0055S,31,232,15
2025/06/21 01:50,05F0000S,05F0055S,32,244,4
2025/06/21 01:50,05F0000S,05F0055S,41,0,0
2025/06/21 01:50,05F0000S,05F0055S,42,0,0
2025/06/21 01:50,05F0000S,05F0055S,5,0,0
2025/06/21 01:50,05F0055S,05F0287S,31,918,20
2025/06/21 01:50,05F0055S,05F0287S,32,944,6
2025/06/21 01:50,05F0055S,05F0287S,41,0,0
2025/06/21 01:50,05F0055S,05F0287S,42,0,0
2025/06/21 01:50,05F0055S,05F0287S,5,0,0
2025/06/21 01:50,05F0287S,05F0309S,31,79,12
2025/06/21 01:50,05F0287S,05F0309S,32,90,7
2025/06/21 01:50,05F0287S,05F0309S,41,0,0
2025/06/21 01:50,05F0287S,05F0309S,42,0,0
2025/06/21 01:50,05F0287S,05F0309S,5,0,0
2025/06/21 01:50,05F0309S,05F0439S,31,482,21
2025/06/21 01:50,05F0309S,05F0439S,32,467,7
2025/06/21 01:50,05F0309S,05F0439S,41,0,0
2025/06/21 01:50,05F0309S,05F0439S,42,513,2
2025/06/21 01:50,05F0309S,05F0439S,5,538,1
2025/06/21 01:50,05F0439S,05F0494S,31,207,7
2025/06/21 01:50,05F0439S,05F0494S,32,189,1
2025/06/21 01:50,05F0439S,05F0494S,41,0,0
2025/06/21 01:50,05F0439S,05F0494S,42,166,1
2025/06/21 01:50,05F0439S,05F0494S,5,225,2
2025/06/21 01:55,05F0000S,05F0055S,31,233,12
2025/06/21 01:55,05F0000S,05F0055S,32,249,2
2025/06/21 01:55,05F0000S,05F0055S,41,0,0
2025/06/21 01:55,05F0000S,05F0055S,42,0,0
2025/06/21 01:55,05F0000S,05F0055S,5,0,0
2025/06/21 01:55,05F0055S,05F0287S,31,933,16
2025/06/21 01:55,05F0055S,05F0287S,32,957,7
2025/06/21 01:55,05F0055S,05F0287S,41,0,0
2025/06/21 01:55,05F0055S,05F0287S,42,0,0
2025/06/21 01:55,05F0055S,05F0287S,5,0,0
2025/06/21 01:55,05F0287S,05F0309S,31,86,19
2025/06/21 01:55,05F0287S,05F0309S,32,89,6
2025/06/21 01:55,05F0287S,05F0309S,41,0,0
2025/06/21 01:55,05F0287S,05F0309S,42,0,0
2025/06/21 01:55,05F0287S,05F0309S,5,0,0
2025/06/21 01:55,05F0309S,05F0439S,31,500,10
2025/06/21 01:55,05F0309S,05F0439S,32,467,6
2025/06/21 01:55,05F0309S,05F0439S,41,0,0
2025/06/21 01:55,05F0309S,05F0439S,42,568,1
2025/06/21 01:55,05F0309S,05F0439S,5,0,0
2025/06/21 01:55,05F0439S,05F0494S,31,209,8
2025/06/21 01:55,05F0439S,05F0494S,32,218,7
2025/06/21 01:55,05F0439S,05F0494S,41,0,0
2025/06/21 01:55,05F0439S,05F0494S,42,225,2
2025/06/21 01:55,05F0439S,05F0494S,5,0,0
2025/06/21 02:00,05F0000S,05F0055S,31,236,8
2025/06/21 02:00,05F0000S,05F0055S,32,234,3
2025/06/21 02:00,05F0000S,05F0055S,41,0,0
2025/06/21 02:00,05F0000S,05F0055S,42,0,0
2025/06/21 02:00,05F0000S,05F0055S,5,0,0
2025/06/21 02:00,05F0055S,05F0287S,31,934,25
2025/06/21 02:00,05F0055S,05F0287S,32,964,4
2025/06/21 02:00,05F0055S,05F0287S,41,0,0
2025/06/21 02:00,05F0055S,05F0287S,42,0,0
2025/06/21 02:00,05F0055S,05F0287S,5,0,0
2025/06/21 02:00,05F0287S,05F0309S,31,84,24
2025/06/21 02:00,05F0287S,05F0309S,32,80,4
2025/06/21 02:00,05F0287S,05F0309S,41,0,0
2025/06/21 02:00,05F0287S,05F0309S,42,0,0
2025/06/21 02:00,05F0287S,05F0309S,5,0,0
2025/06/21 02:00,05F0309S,05F0439S,31,439,15
2025/06/21 02:00,05F0309S,05F0439S,32,513,4
2025/06/21 02:00,05F0309S,05F0439S,41,0,0
2025/06/21 02:00,05F0309S,05F0439S,42,547,1
2025/06/21 02:00,05F0309S,05F0439S,5,498,3
2025/06/21 02:00,05F0439S,05F0494S,31,199,6
2025/06/21 02:00,05F0439S,05F0494S,32,196,5
2025/06/21 02:00,05F0439S,05F0494S,41,0,0
2025/06/21 02:00,05F0439S,05F0494S,42,248,1
2025/06/21 02:00,05F0439S,05F0494S,5,204,1
2025/06/21 02:05,05F0000S,05F0055S,31,234,17
2025/06/21 02:05,05F0000S,05F0055S,32,243,2
2025/06/21 02:05,05F0000S,05F0055S,41,0,0
2025/06/21 02:05,05F0000S,05F0055S,42,0,0
2025/06/21 02:05,05F0000S,05F0055S,5,0,0
2025/06/21 02:05,05F0055S,05F0287S,31,926,13
2025/06/21 02:05,05F0055S,05F0287S,32,936,4
2025/06/21 02:05,05F0055S,05F0287S,41,0,0
2025/06/21 02:05,05F0055S,05F0287S,42,0,0
2025/06/21 02:05,05F0055S,05F0287S,5,0,0
2025/06/21 02:05,05F0287S,05F0309S,31,86,8
2025/06/21 02:05,05F0287S,05F0309S,32,83,3
2025/06/21 02:05,05F0287S,05F0309S,41,0,0
2025/06/21 02:05,05F0287S,05F0309S,42,0,0
2025/06/21 02:05,05F0287S,05F0309S,5,0,0
2025/06/21 02:05,05F0309S,05F0439S,31,487,12
2025/06/21 02:05,05F0309S,05F0439S,32,499,5
2025/06/21 02:05,05F0309S,05F0439S,41,0,0
2025/06/21 02:05,05F0309S,05F0439S,42,0,0
2025/06/21 02:05,05F0309S,05F0439S,5,463,1
2025/06/21 02:05,05F0439S,05F0494S,31,203,7
2025/06/21 02:05,05F0439S,05F0494S,32,220,2
2025/06/21 02:05,05F0439S,05F0494S,41,0,0
2025/06/21 02:05,05F0439S,05F0494S,42,0,0
2025/06/21 02:05,05F0439S,05F0494S,5,216,2
2025/06/21 02:10,05F0000S,05F0055S,31,233,6
2025/06/21 02:10,05F0000S,05F0055S,32,250,4
2025/06/21 02:10,05F0000S,05F0055S,41,0,0
2025/06/21 02:10,05F0000S,05F0055S,42,0,0
2025/06/21 02:10,05F0000S,05F0055S,5,0,0
2025/06/21 02:10,05F0055S,05F0287S,31,986,16
2025/06/21 02:10,05F0055S,05F0287S,32,1051,3
2025/06/21 02:10,05F0055S,05F0287S,41,0,0
2025/06/21 02:10,05F0055S,05F0287S,42,0,0
2025/06/21 02:10,05F0055S,05F0287S,5,0,0
2025/06/21 02:10,05F0287S,05F0309S,31,84,10
2025/06/21 02:10,05F0287S,05F0309S,32,0,0
2025/06/21 02:10,05F0287S,05F0309S,41,0,0
2025/06/21 02:10,05F0287S,05F0309S,42,0,0
2025/06/21 02:10,05F0287S,05F0309S,5,0,0
2025/06/21 02:10,05F0309S,05F0439S,31,480,9
2025/06/21 02:10,05F0309S,05F0439S,32,477,3
2025/06/21 02:10,05F0309S,05F0439S,41,0,0
2025/06/21 02:10,05F0309S,05F0439S,42,0,0
2025/06/21 02:10,05F0309S,05F0439S,5,532,1
2025/06/21 02:10,05F0439S,05F0494S,31,192,2
2025/06/21 02:10,05F0439S,05F0494S,32,180,1
2025/06/21 02:10,05F0439S,05F0494S,41,0,0
2025/06/21 02:10,05F0439S,05F0494S,42,0,0
2025/06/21 02:10,05F0439S,05F0494S,5,0,0
2025/06/21 02:15,05F0000S,05F0055S,31,226,17
2025/06/21 02:15,05F0000S,05F0055S,32,234,9
2025/06/21 02:15,05F0000S,05F0055S,41,0,0
2025/06/21 02:15,05F0000S,05F0055S,42,0,0
2025/06/21 02:15,05F0000S,05F0055S,5,0,0
2025/06/21 02:15,05F0055S,05F0287S,31,935,9
2025/06/21 02:15,05F0055S,05F0287S,32,917,3
2025/06/21 02:15,05F0055S,05F0287S,41,0,0
2025/06/21 02:15,05F0055S,05F0287S,42,0,0
2025/06/21 02:15,05F0055S,05F0287S,5,0,0
2025/06/21 02:15,05F0287S,05F0309S,31,84,7
2025/06/21 02:15,05F0287S,05F0309S,32,86,4
2025/06/21 02:15,05F0287S,05F0309S,41,0,0
2025/06/21 02:15,05F0287S,05F0309S,42,0,0
2025/06/21 02:15,05F0287S,05F0309S,5,0,0
2025/06/21 02:15,05F0309S,05F0439S,31,479,7
2025/06/21 02:15,05F0309S,05F0439S,32,495,3
2025/06/21 02:15,05F0309S,05F0439S,41,0,0
2025/06/21 02:15,05F0309S,05F0439S,42,0,0
2025/06/21 02:15,05F0309S,05F0439S,5,504,1
2025/06/21 02:15,05F0439S,05F0494S,31,199,2
2025/06/21 02:15,05F0439S,05F0494S,32,201,2
2025/06/21 02:15,05F0439S,05F0494S,41,0,0
2025/06/21 02:15,05F0439S,05F0494S,42,0,0
2025/06/21 02:15,05F0439S,05F0494S,5,223,1
2025/06/21 02:20,05F0000S,05F0055S,31,237,13
2025/06/21 02:20,05F0000S,05F0055S,32,253,3
2025/06/21 02:20,05F0000S,05F0055S,41,0,0
2025/06/21 02:20,05F0000S,05F0055S,42,0,0
2025/06/21 02:20,05F0000S,05F0055S,5,0,0
2025/06/21 02:20,05F0055S,05F0287S,31,948,21
2025/06/21 02:20,05F0055S,05F0287S,32,959,2
2025/06/21 02:20,05F0055S,05F0287S,41,0,0
2025/06/21 02:20,05F0055S,05F0287S,42,0,0
2025/06/21 02:20,05F0055S,05F0287S,5,0,0
2025/06/21 02:20,05F0287S,05F0309S,31,88,12
2025/06/21 02:20,05F0287S,05F0309S,32,107,1
2025/06/21 02:20,05F0287S,05F0309S,41,0,0
2025/06/21 02:20,05F0287S,05F0309S,42,0,0
2025/06/21 02:20,05F0287S,05F0309S,5,0,0
2025/06/21 02:20,05F0309S,05F0439S,31,476,10
2025/06/21 02:20,05F0309S,05F0439S,32,381,1
2025/06/21 02:20,05F0309S,05F0439S,41,0,0
2025/06/21 02:20,05F0309S,05F0439S,42,565,1
2025/06/21 02:20,05F0309S,05F0439S,5,0,0
2025/06/21 02:20,05F0439S,05F0494S,31,204,7
2025/06/21 02:20,05F0439S,05F0494S,32,260,2
2025/06/21 02:20,05F0439S,05F0494S,41,0,0
2025/06/21 02:20,05F0439S,05F0494S,42,0,0
2025/06/21 02:20,05F0439S,05F0494S,5,214,1
2025/06/21 02:25,05F0000S,05F0055S,31,231,23
2025/06/21 02:25,05F0000S,05F0055S,32,249,3
2025/06/21 02:25,05F0000S,05F0055S,41,0,0
2025/06/21 02:25,05F0000S,05F0055S,42,0,0
2025/06/21 02:25,05F0000S,05F0055S,5,0,0
2025/06/21 02:25,05F0055S,05F0287S,31,963,5
2025/06/21 02:25,05F0055S,05F0287S,32,1038,3
2025/06/21 02:25,05F0055S,05F0287S,41,0,0
2025/06/21 02:25,05F0055S,05F0287S,42,0,0
2025/06/21 02:25,05F0055S,05F0287S,5,0,0
2025/06/21 02:25,05F0287S,05F0309S,31,91,6
2025/06/21 02:25,05F0287S,05F0309S,32,94,2
2025/06/21 02:25,05F0287S,05F0309S,41,0,0
2025/06/21 02:25,05F0287S,05F0309S,42,0,0
2025/06/21 02:25,05F0287S,05F0309S,5,0,0
2025/06/21 02:25,05F0309S,05F0439S,31,487,5
2025/06/21 02:25,05F0309S,05F0439S,32,564,2
2025/06/21 02:25,05F0309S,05F0439S,41,0,0
2025/06/21 02:25,05F0309S,05F0439S,42,569,1
2025/06/21 02:25,05F0309S,05F0439S,5,546,5
2025/06/21 02:25,05F0439S,05F0494S,31,209,3
2025/06/21 02:25,05F0439S,05F0494S,32,209,2
2025/06/21 02:25,05F0439S,05F0494S,41,0,0
2025/06/21 02:25,05F0439S,05F0494S,42,231,1
2025/06/21 02:25,05F0439S,05F0494S,5,0,0
2025/06/21 02:30,05F0000S,05F0055S,31,233,17
2025/06/21 02:30,05F0000S,05F0055S,32,245,9
2025/06/21 02:30,05F0000S,05F0055S,41,0,0
2025/06/21 02:30,05F0000S,05F0055S,42,0,0
2025/06/21 02:30,05F0000S,05F0055S,5,0,0
2025/06/21 02:30,05F0055S,05F0287S,31,930,18
2025/06/21 02:30,05F0055S,05F0287S,32,928,9
2025/06/21 02:30,05F0055S,05F0287S,41,0,0
2025/06/21 02:30,05F0055S,05F0287S,42,0,0
2025/06/21 02:30,05F0055S,05F0287S,5,0,0
2025/06/21 02:30,05F0287S,05F0309S,31,79,11
2025/06/21 02:30,05F0287S,05F0309S,32,86,6
2025/06/21 02:30,05F0287S,05F0309S,41,0,0
2025/06/21 02:30,05F0287S,05F0309S,42,0,0
2025/06/21 02:30,05F0287S,05F0309S,5,0,0
2025/06/21 02:30,05F0309S,05F0439S,31,511,8
2025/06/21 02:30,05F0309S,05F0439S,32,531,2
2025/06/21 02:30,05F0309S,05F0439S,41,0,0
2025/06/21 02:30,05F0309S,05F0439S,42,590,1
2025/06/21 02:30,05F0309S,05F0439S,5,534,3
2025/06/21 02:30,05F0439S,05F0494S,31,205,4
2025/06/21 02:30,05F0439S,05F0494S,32,0,0
2025/06/21 02:30,05F0439S,05F0494S,41,0,0
2025/06/21 02:30,05F0439S,05F0494S,42,234,2
2025/06/21 02:30,05F0439S,05F0494S,5,228,6
2025/06/21 02:35,05F0000S,05F0055S,31,224,14
2025/06/21 02:35,05F0000S,05F0055S,32,232,8
2025/06/21 02:35,05F0000S,05F0055S,41,0,0
2025/06/21 02:35,05F0000S,05F0055S,42,0,0
2025/06/21 02:35,05F0000S,05F0055S,5,0,0
2025/06/21 02:35,05F0055S,05F0287S,31,960,15
2025/06/21 02:35,05F0055S,05F0287S,32,1007,5
2025/06/21 02:35,05F0055S,05F0287S,41,0,0
2025/06/21 02:35,05F0055S,05F0287S,42,0,0
2025/06/21 02:35,05F0055S,05F0287S,5,0,0
2025/06/21 02:35,05F0287S,05F0309S,31,82,11
2025/06/21 02:35,05F0287S,05F0309S,32,88,6
2025/06/21 02:35,05F0287S,05F0309S,41,0,0
2025/06/21 02:35,05F0287S,05F0309S,42,0,0
2025/06/21 02:35,05F0287S,05F0309S,5,0,0
2025/06/21 02:35,05F0309S,05F0439S,31,478,8
2025/06/21 02:35,05F0309S,05F0439S,32,600,1
2025/06/21 02:35,05F0309S,05F0439S,41,0,0
2025/06/21 02:35,05F0309S,05F0439S,42,453,1
2025/06/21 02:35,05F0309S,05F0439S,5,540,1
2025/06/21 02:35,05F0439S,05F0494S,31,248,5
2025/06/21 02:35,05F0439S,05F0494S,32,179,1
2025/06/21 02:35,05F0439S,05F0494S,41,0,0
2025/06/21 02:35,05F0439S,05F0494S,42,189,1
2025/06/21 02:35,05F0439S,05F0494S,5,224,3
2025/06/21 02:40,05F0000S,05F0055S,31,234,22
2025/06/21 02:40,05F0000S,05F0055S,32,223,8
2025/06/21 02:40,05F0000S,05F0055S,41,0,0
2025/06/21 02:40,05F0000S,05F0055S,42,0,0
2025/06/21 02:40,05F0000S,05F0055S,5,0,0
2025/06/21 02:40,05F0055S,05F0287S,31,936,21
2025/06/21 02:40,05F0055S,05F0287S,32,948,3
2025/06/21 02:40,05F0055S,05F0287S,41,0,0
2025/06/21 02:40,05F0055S,05F0287S,42,0,0
2025/06/21 02:40,05F0055S,05F0287S,5,0,0
2025/06/21 02:40,05F0287S,05F0309S,31,83,14
2025/06/21 02:40,05F0287S,05F0309S,32,85,2
2025/06/21 02:40,05F0287S,05F0309S,41,0,0
2025/06/21 02:40,05F0287S,05F0309S,42,0,0
2025/06/21 02:40,05F0287S,05F0309S,5,0,0
2025/06/21 02:40,05F0309S,05F0439S,31,472,13
2025/06/21 02:40,05F0309S,05F0439S,32,486,6
2025/06/21 02:40,05F0309S,05F0439S,41,0,0
2025/06/21 02:40,05F0309S,05F0439S,42,555,1
2025/06/21 02:40,05F0309S,05F0439S,5,485,3
2025/06/21 02:40,05F0439S,05F0494S,31,222,2
2025/06/21 02:40,05F0439S,05F0494S,32,221,2
2025/06/21 02:40,05F0439S,05F0494S,41,0,0
2025/06/21 02:40,05F0439S,05F0494S,42,0,0
2025/06/21 02:40,05F0439S,05F0494S,5,225,1
2025/06/21 02:45,05F0000S,05F0055S,31,242,16
2025/06/21 02:45,05F0000S,05F0055S,32,242,4
2025/06/21 02:45,05F0000S,05F0055S,41,0,0
2025/06/21 02:45,05F0000S,05F0055S,42,0,0
2025/06/21 02:45,05F0000S,05F0055S,5,0,0
2025/06/21 02:45,05F0055S,05F0287S,31,930,15
2025/06/21 02:45,05F0055S,05F0287S,32,934,9
2025/06/21 02:45,05F0055S,05F0287S,41,0,0
2025/06/21 02:45,05F0055S,05F0287S,42,0,0
2025/06/21 02:45,05F0055S,05F0287S,5,0,0
2025/06/21 02:45,05F0287S,05F0309S,31,87,18
2025/06/21 02:45,05F0287S,05F0309S,32,86,1
2025/06/21 02:45,05F0287S,05F0309S,41,0,0
2025/06/21 02:45,05F0287S,05F0309S,42,0,0
2025/06/21 02:45,05F0287S,05F0309S,5,0,0
2025/06/21 02:45,05F0309S,05F0439S,31,484,9
2025/06/21 02:45,05F0309S,05F0439S,32,467,3
2025/06/21 02:45,05F0309S,05F0439S,41,0,0
2025/06/21 02:45,05F0309S,05F0439S,42,606,1
2025/06/21 02:45,05F0309S,05F0439S,5,523,5
2025/06/21 02:45,05F0439S,05F0494S,31,198,4
2025/06/21 02:45,05F0439S,05F0494S,32,217,4
2025/06/21 02:45,05F0439S,05F0494S,41,0,0
2025/06/21 02:45,05F0439S,05F0494S,42,235,3
2025/06/21 02:45,05F0439S,05F0494S,5,221,2
2025/06/21 02:50,05F0000S,05F0055S,31,232,12
2025/06/21 02:50,05F0000S,05F0055S,32,907,4
2025/06/21 02:50,05F0000S,05F0055S,41,0,0
2025/06/21 02:50,05F0000S,05F0055S,42,0,0
2025/06/21 02:50,05F0000S,05F0055S,5,0,0
2025/06/21 02:50,05F0055S,05F0287S,31,926,20
2025/06/21 02:50,05F0055S,05F0287S,32,964,9
2025/06/21 02:50,05F0055S,05F0287S,41,0,0
2025/06/21 02:50,05F0055S,05F0287S,42,0,0
2025/06/21 02:50,05F0055S,05F0287S,5,0,0
2025/06/21 02:50,05F0287S,05F0309S,31,84,13
2025/06/21 02:50,05F0287S,05F0309S,32,83,11
2025/06/21 02:50,05F0287S,05F0309S,41,0,0
2025/06/21 02:50,05F0287S,05F0309S,42,0,0
2025/06/21 02:50,05F0287S,05F0309S,5,0,0
2025/06/21 02:50,05F0309S,05F0439S,31,483,5
2025/06/21 02:50,05F0309S,05F0439S,32,544,1
2025/06/21 02:50,05F0309S,05F0439S,41,0,0
2025/06/21 02:50,05F0309S,05F0439S,42,0,0
2025/06/21 02:50,05F0309S,05F0439S,5,553,3
2025/06/21 02:50,05F0439S,05F0494S,31,209,4
2025/06/21 02:50,05F0439S,05F0494S,32,203,1
2025/06/21 02:50,05F0439S,05F0494S,41,0,0
2025/06/21 02:50,05F0439S,05F0494S,42,0,0
2025/06/21 02:50,05F0439S,05F0494S,5,248,4
2025/06/21 02:55,05F0000S,05F0055S,31,228,16
2025/06/21 02:55,05F0000S,05F0055S,32,219,8
2025/06/21 02:55,05F0000S,05F0055S,41,0,0
2025/06/21 02:55,05F0000S,05F0055S,42,0,0
2025/06/21 02:55,05F0000S,05F0055S,5,0,0
2025/06/21 02:55,05F0055S,05F0287S,31,921,21
2025/06/21 02:55,05F0055S,05F0287S,32,951,7
2025/06/21 02:55,05F0055S,05F0287S,41,0,0
2025/06/21 02:55,05F0055S,05F0287S,42,0,0
2025/06/21 02:55,05F0055S,05F0287S,5,0,0
2025/06/21 02:55,05F0287S,05F0309S,31,82,13
2025/06/21 02:55,05F0287S,05F0309S,32,89,8
2025/06/21 02:55,05F0287S,05F0309S,41,0,0
2025/06/21 02:55,05F0287S,05F0309S,42,0,0
2025/06/21 02:55,05F0287S,05F0309S,5,0,0
2025/06/21 02:55,05F0309S,05F0439S,31,465,10
2025/06/21 02:55,05F0309S,05F0439S,32,494,7
2025/06/21 02:55,05F0309S,05F0439S,41,0,0
2025/06/21 02:55,05F0309S,05F0439S,42,579,1
2025/06/21 02:55,05F0309S,05F0439S,5,489,1
2025/06/21 02:55,05F0439S,05F0494S,31,192,7
2025/06/21 02:55,05F0439S,05F0494S,32,227,3
2025/06/21 02:55,05F0439S,05F0494S,41,0,0
2025/06/21 02:55,05F0439S,05F0494S,42,0,0
2025/06/21 02:55,05F0439S,05F0494S,5,235,3
2025/06/21 03:00,05F0000S,05F0055S,31,234,15
2025/06/21 03:00,05F0000S,05F0055S,32,235,7
2025/06/21 03:00,05F0000S,05F0055S,41,0,0
2025/06/21 03:00,05F0000S,05F0055S,42,0,0
2025/06/21 03:00,05F0000S,05F0055S,5,0,0
2025/06/21 03:00,05F0055S,05F0287S,31,948,13
2025/06/21 03:00,05F0055S,05F0287S,32,976,5
2025/06/21 03:00,05F0055S,05F0287S,41,0,0
2025/06/21 03:00,05F0055S,05F0287S,42,0,0
2025/06/21 03:00,05F0055S,05F0287S,5,0,0
2025/06/21 03:00,05F0287S,05F0309S,31,86,10
2025/06/21 03:00,05F0287S,05F0309S,32,89,3
2025/06/21 03:00,05F0287S,05F0309S,41,0,0
2025/06/21 03:00,05F0287S,05F0309S,42,0,0
2025/06/21 03:00,05F0287S,05F0309S,5,0,0
2025/06/21 03:00,05F0309S,05F0439S,31,512,8
2025/06/21 03:00,05F0309S,05F0439S,32,526,3
2025/06/21 03:00,05F0309S,05F0439S,41,0,0
2025/06/21 03:00,05F0309S,05F0439S,42,0,0
2025/06/21 03:00,05F0309S,05F0439S,5,524,1
2025/06/21 03:00,05F0439S,05F0494S,31,206,9
2025/06/21 03:00,05F0439S,05F0494S,32,212,4
2025/06/21 03:00,05F0439S,05F0494S,41,0,0
2025/06/21 03:00,05F0439S,05F0494S,42,241,1
2025/06/21 03:00,05F0439S,05F0494S,5,206,1
2025/06/21 03:05,05F0000S,05F0055S,31,232,19
2025/06/21 03:05,05F0000S,05F0055S,32,221,4
2025/06/21 03:05,05F0000S,05F0055S,41,0,0
2025/06/21 03:05,05F0000S,05F0055S,42,0,0
2025/06/21 03:05,05F0000S,05F0055S,5,0,0
2025/06/21 03:05,05F0055S,05F0287S,31,948,15
2025/06/21 03:05,05F0055S,05F0287S,32,968,4
2025/06/21 03:05,05F0055S,05F0287S,41,0,0
2025/06/21 03:05,05F0055S,05F0287S,42,0,0
2025/06/21 03:05,05F0055S,05F0287S,5,0,0
2025/06/21 03:05,05F0287S,05F0309S,31,89,11
2025/06/21 03:05,05F0287S,05F0309S,32,87,5
2025/06/21 03:05,05F0287S,05F0309S,41,0,0
2025/06/21 03:05,05F0287S,05F0309S,42,0,0
2025/06/21 03:05,05F0287S,05F0309S,5,0,0
2025/06/21 03:05,05F0309S,05F0439S,31,476,9
2025/06/21 03:05,05F0309S,05F0439S,32,445,5
2025/06/21 03:05,05F0309S,05F0439S,41,0,0
2025/06/21 03:05,05F0309S,05F0439S,42,536,4
2025/06/21 03:05,05F0309S,05F0439S,5,488,4
2025/06/21 03:05,05F0439S,05F0494S,31,226,3
2025/06/21 03:05,05F0439S,05F0494S,32,196,6
2025/06/21 03:05,05F0439S,05F0494S,41,0,0
2025/06/21 03:05,05F0439S,05F0494S,42,0,0
2025/06/21 03:05,05F0439S,05F0494S,5,227,2
2025/06/21 03:10,05F0000S,05F0055S,31,245,15
2025/06/21 03:10,05F0000S,05F0055S,32,229,9
2025/06/21 03:10,05F0000S,05F0055S,41,0,0
2025/06/21 03:10,05F0000S,05F0055S,42,0,0
2025/06/21 03:10,05F0000S,05F0055S,5,0,0
2025/06/21 03:10,05F0055S,05F0287S,31,948,17
2025/06/21 03:10,05F0055S,05F0287S,32,911,7
2025/06/21 03:10,05F0055S,05F0287S,41,0,0
2025/06/21 03:10,05F0055S,05F0287S,42,0,0
2025/06/21 03:10,05F0055S,05F0287S,5,0,0
2025/06/21 03:10,05F0287S,05F0309S,31,87,15
2025/06/21 03:10,05F0287S,05F0309S,32,89,6
2025/06/21 03:10,05F0287S,05F0309S,41,0,0
2025/06/21 03:10,05F0287S,05F0309S,42,0,0
2025/06/21 03:10,05F0287S,05F0309S,5,0,0
2025/06/21 03:10,05F0309S,05F0439S,31,502,9
2025/06/21 03:10,05F0309S,05F0439S,32,512,1
2025/06/21 03:10,05F0309S,05F0439S,41,0,0
2025/06/21 03:10,05F0309S,05F0439S,42,0,0
2025/06/21 03:10,05F0309S,05F0439S,5,503,1
2025/06/21 03:10,05F0439S,05F0494S,31,209,2
2025/06/21 03:10,05F0439S,05F0494S,32,193,1
2025/06/21 03:10,05F0439S,05F0494S,41,0,0
2025/06/21 03:10,05F0439S,05F0494S,42,228,4
2025/06/21 03:10,05F0439S,05F0494S,5,206,3
2025/06/21 03:15,05F0000S,05F0055S,31,241,19
2025/06/21 03:15,05F0000S,05F0055S,32,240,11
2025/06/21 03:15,05F0000S,05F0055S,41,0,0
2025/06/21 03:15,05F0000S,05F0055S,42,0,0
2025/06/21 03:15,05F0000S,05F0055S,5,0,0
2025/06/21 03:15,05F0055S,05F0287S,31,948,17
2025/06/21 03:15,05F0055S,05F0287S,32,963,8
2025/06/21 03:15,05F0055S,05F0287S,41,0,0
2025/06/21 03:15,05F0055S,05F0287S,42,0,0
2025/06/21 03:15,05F0055S,05F0287S,5,0,0
2025/06/21 03:15,05F0287S,05F0309S,31,85,12
2025/06/21 03:15,05F0287S,05F0309S,32,87,3
2025/06/21 03:15,05F0287S,05F0309S,41,0,0
2025/06/21 03:15,05F0287S,05F0309S,42,0,0
2025/06/21 03:15,05F0287S,05F0309S,5,0,0
2025/06/21 03:15,05F0309S,05F0439S,31,495,8
2025/06/21 03:15,05F0309S,05F0439S,32,493,3
2025/06/21 03:15,05F0309S,05F0439S,41,0,0
2025/06/21 03:15,05F0309S,05F0439S,42,524,2
2025/06/21 03:15,05F0309S,05F0439S,5,651,2
2025/06/21 03:15,05F0439S,05F0494S,31,212,8
2025/06/21 03:15,05F0439S,05F0494S,32,208,1
2025/06/21 03:15,05F0439S,05F0494S,41,0,0
2025/06/21 03:15,05F0439S,05F0494S,42,0,0
2025/06/21 03:15,05F0439S,05F0494S,5,211,1
2025/06/21 03:20,05F0000S,05F0055S,31,231,18
2025/06/21 03:20,05F0000S,05F0055S,32,225,10
2025/06/21 03:20,05F0000S,05F0055S,41,0,0
2025/06/21 03:20,05F0000S,05F0055S,42,0,0
2025/06/21 03:20,05F0000S,05F0055S,5,0,0
2025/06/21 03:20,05F0055S,05F0287S,31,909,18
2025/06/21 03:20,05F0055S,05F0287S,32,891,2
2025/06/21 03:20,05F0055S,05F0287S,41,0,0
2025/06/21 03:20,05F0055S,05F0287S,42,0,0
2025/06/21 03:20,05F0055S,05F0287S,5,0,0
2025/06/21 03:20,05F0287S,05F0309S,31,82,14
2025/06/21 03:20,05F0287S,05F0309S,32,85,6
2025/06/21 03:20,05F0287S,05F0309S,41,0,0
2025/06/21 03:20,05F0287S,05F0309S,42,0,0
2025/06/21 03:20,05F0287S,05F0309S,5,0,0
2025/06/21 03:20,05F0309S,05F0439S,31,499,12
2025/06/21 03:20,05F0309S,05F0439S,32,491,7
2025/06/21 03:20,05F0309S,05F0439S,41,0,0
2025/06/21 03:20,05F0309S,05F0439S,42,0,0
2025/06/21 03:20,05F0309S,05F0439S,5,579,2
2025/06/21 03:20,05F0439S,05F0494S,31,205,5
2025/06/21 03:20,05F0439S,05F0494S,32,204,3
2025/06/21 03:20,05F0439S,05F0494S,41,0,0
2025/06/21 03:20,05F0439S,05F0494S,42,215,2
2025/06/21 03:20,05F0439S,05F0494S,5,254,2
2025/06/21 03:25,05F0000S,05F0055S,31,228,25
2025/06/21 03:25,05F0000S,05F0055S,32,233,9
2025/06/21 03:25,05F0000S,05F0055S,41,0,0
2025/06/21 03:25,05F0000S,05F0055S,42,0,0
2025/06/21 03:25,05F0000S,05F0055S,5,0,0
2025/06/21 03:25,05F0055S,05F0287S,31,986,16
2025/06/21 03:25,05F0055S,05F0287S,32,926,10
2025/06/21 03:25,05F0055S,05F0287S,41,0,0
2025/06/21 03:25,05F0055S,05F0287S,42,0,0
2025/06/21 03:25,05F0055S,05F0287S,5,0,0
2025/06/21 03:25,05F0287S,05F0309S,31,88,16
2025/06/21 03:25,05F0287S,05F0309S,32,83,3
2025/06/21 03:25,05F0287S,05F0309S,41,0,0
2025/06/21 03:25,05F0287S,05F0309S,42,0,0
2025/06/21 03:25,05F0287S,05F0309S,5,0,0
2025/06/21 03:25,05F0309S,05F0439S,31,484,14
2025/06/21 03:25,05F0309S,05F0439S,32,493,6
2025/06/21 03:25,05F0309S,05F0439S,41,0,0
2025/06/21 03:25,05F0309S,05F0439S,42,0,0
2025/06/21 03:25,05F0309S,05F0439S,5,510,4
2025/06/21 03:25,05F0439S,05F0494S,31,211,6
2025/06/21 03:25,05F0439S,05F0494S,32,220,2
2025/06/21 03:25,05F0439S,05F0494S,41,0,0
2025/06/21 03:25,05F0439S,05F0494S,42,0,0
2025/06/21 03:25,05F0439S,05F0494S,5,216,2
2025/06/21 03:30,05F0000S,05F0055S,31,251,15
2025/06/21 03:30,05F0000S,05F0055S,32,238,8
2025/06/21 03:30,05F0000S,05F0055S,41,0,0
2025/06/21 03:30,05F0000S,05F0055S,42,0,0
2025/06/21 03:30,05F0000S,05F0055S,5,0,0
2025/06/21 03:30,05F0055S,05F0287S,31,965,18
2025/06/21 03:30,05F0055S,05F0287S,32,937,10
2025/06/21 03:30,05F0055S,05F0287S,41,0,0
2025/06/21 03:30,05F0055S,05F0287S,42,0,0
2025/06/21 03:30,05F0055S,05F0287S,5,0,0
2025/06/21 03:30,05F0287S,05F0309S,31,88,12
2025/06/21 03:30,05F0287S,05F0309S,32,85,11
2025/06/21 03:30,05F0287S,05F0309S,41,0,0
2025/06/21 03:30,05F0287S,05F0309S,42,114,1
2025/06/21 03:30,05F0287S,05F0309S,5,0,0
2025/06/21 03:30,05F0309S,05F0439S,31,472,11
2025/06/21 03:30,05F0309S,05F0439S,32,0,0
2025/06/21 03:30,05F0309S,05F0439S,41,0,0
2025/06/21 03:30,05F0309S,05F0439S,42,546,2
2025/06/21 03:30,05F0309S,05F0439S,5,517,1
2025/06/21 03:30,05F0439S,05F0494S,31,187,13
2025/06/21 03:30,05F0439S,05F0494S,32,205,6
2025/06/21 03:30,05F0439S,05F0494S,41,0,0
2025/06/21 03:30,05F0439S,05F0494S,42,0,0
2025/06/21 03:30,05F0439S,05F0494S,5,220,3
2025/06/21 03:35,05F0000S,05F0055S,31,237,34
2025/06/21 03:35,05F0000S,05F0055S,32,236,9
2025/06/21 03:35,05F0000S,05F0055S,41,0,0
2025/06/21 03:35,05F0000S,05F0055S,42,0,0
2025/06/21 03:35,05F0000S,05F0055S,5,0,0
2025/06/21 03:35,05F0055S,05F0287S,31,950,20
2025/06/21 03:35,05F0055S,05F0287S,32,911,10
2025/06/21 03:35,05F0055S,05F0287S,41,0,0
2025/06/21 03:35,05F0055S,05F0287S,42,0,0
2025/06/21 03:35,05F0055S,05F0287S,5,0,0
2025/06/21 03:35,05F0287S,05F0309S,31,85,19
2025/06/21 03:35,05F0287S,05F0309S,32,81,10
2025/06/21 03:35,05F0287S,05F0309S,41,0,0
2025/06/21 03:35,05F0287S,05F0309S,42,0,0
2025/06/21 03:35,05F0287S,05F0309S,5,0,0
2025/06/21 03:35,05F0309S,05F0439S,31,511,9
2025/06/21 03:35,05F0309S,05F0439S,32,489,3
2025/06/21 03:35,05F0309S,05F0439S,41,0,0
2025/06/21 03:35,05F0309S,05F0439S,42,0,0
2025/06/21 03:35,05F0309S,05F0439S,5,569,1
2025/06/21 03:35,05F0439S,05F0494S,31,199,5
2025/06/21 03:35,05F0439S,05F0494S,32,211,2
2025/06/21 03:35,05F0439S,05F0494S,41,0,0
2025/06/21 03:35,05F0439S,05F0494S,42,217,3
2025/06/21 03:35,05F0439S,05F0494S,5,0,0
2025/06/21 03:40,05F0000S,05F0055S,31,242,19
2025/06/21 03:40,05F0000S,05F0055S,32,245,13
2025/06/21 03:40,05F0000S,05F0055S,41,0,0
2025/06/21 03:40,05F0000S,05F0055S,42,0,0
2025/06/21 03:40,05F0000S,05F0055S,5,0,0
2025/06/21 03:40,05F0055S,05F0287S,31,948,24
2025/06/21 03:40,05F0055S,05F0287S,32,963,8
2025/06/21 03:40,05F0055S,05F0287S,41,0,0
2025/06/21 03:40,05F0055S,05F0287S,42,1096,1
2025/06/21 03:40,05F0055S,05F0287S,5,0,0
2025/06/21 03:40,05F0287S,05F0309S,31,85,24
2025/06/21 03:40,05F0287S,05F0309S,32,94,6
2025/06/21 03:40,05F0287S,05F0309S,41,0,0
2025/06/21 03:40,05F0287S,05F0309S,42,103,1
2025/06/21 03:40,05F0287S,05F0309S,5,0,0
2025/06/21 03:40,05F0309S,05F0439S,31,496,18
2025/06/21 03:40,05F0309S,05F0439S,32,483,10
2025/06/21 03:40,05F0309S,05F0439S,41,0,0
2025/06/21 03:40,05F0309S,05F0439S,42,577,2
2025/06/21 03:40,05F0309S,05F0439S,5,526,1
2025/06/21 03:40,05F0439S,05F0494S,31,215,7
2025/06/21 03:40,05F0439S,05F0494S,32,205,3
2025/06/21 03:40,05F0439S,05F0494S,41,0,0
2025/06/21 03:40,05F0439S,05F0494S,42,215,1
2025/06/21 03:40,05F0439S,05F0494S,5,241,1
2025/06/21 03:45,05F0000S,05F0055S,31,236,25
2025/06/21 03:45,05F0000S,05F0055S,32,239,10
2025/06/21 03:45,05F0000S,05F0055S,41,0,0
2025/06/21 03:45,05F0000S,05F0055S,42,0,0
2025/06/21 03:45,05F0000S,05F0055S,5,0,0
2025/06/21 03:45,05F0055S,05F0287S,31,970,17
2025/06/21 03:45,05F0055S,05F0287S,32,965,11
2025/06/21 03:45,05F0055S,05F0287S,41,0,0
2025/06/21 03:45,05F0055S,05F0287S,42,0,0
2025/06/21 03:45,05F0055S,05F0287S,5,0,0
2025/06/21 03:45,05F0287S,05F0309S,31,85,12
2025/06/21 03:45,05F0287S,05F0309S,32,90,9
2025/06/21 03:45,05F0287S,05F0309S,41,0,0
2025/06/21 03:45,05F0287S,05F0309S,42,0,0
2025/06/21 03:45,05F0287S,05F0309S,5,0,0
2025/06/21 03:45,05F0309S,05F0439S,31,480,10
2025/06/21 03:45,05F0309S,05F0439S,32,512,2
2025/06/21 03:45,05F0309S,05F0439S,41,0,0
2025/06/21 03:45,05F0309S,05F0439S,42,529,2
2025/06/21 03:45,05F0309S,05F0439S,5,518,1
2025/06/21 03:45,05F0439S,05F0494S,31,210,10
2025/06/21 03:45,05F0439S,05F0494S,32,192,8
2025/06/21 03:45,05F0439S,05F0494S,41,0,0
2025/06/21 03:45,05F0439S,05F0494S,42,254,1
2025/06/21 03:45,05F0439S,05F0494S,5,223,1
2025/06/21 03:50,05F0000S,05F0055S,31,232,27
2025/06/21 03:50,05F0000S,05F0055S,32,253,7
2025/06/21 03:50,05F0000S,05F0055S,41,0,0
2025/06/21 03:50,05F0000S,05F0055S,42,0,0
2025/06/21 03:50,05F0000S,05F0055S,5,0,0
2025/06/21 03:50,05F0055S,05F0287S,31,957,27
2025/06/21 03:50,05F0055S,05F0287S,32,1022,1
2025/06/21 03:50,05F0055S,05F0287S,41,0,0
2025/06/21 03:50,05F0055S,05F0287S,42,0,0
2025/06/21 03:50,05F0055S,05F0287S,5,0,0
2025/06/21 03:50,05F0287S,05F0309S,31,87,14
2025/06/21 03:50,05F0287S,05F0309S,32,91,3
2025/06/21 03:50,05F0287S,05F0309S,41,0,0
2025/06/21 03:50,05F0287S,05F0309S,42,88,2
2025/06/21 03:50,05F0287S,05F0309S,5,0,0
2025/06/21 03:50,05F0309S,05F0439S,31,492,12
2025/06/21 03:50,05F0309S,05F0439S,32,499,4
2025/06/21 03:50,05F0309S,05F0439S,41,0,0
2025/06/21 03:50,05F0309S,05F0439S,42,518,3
2025/06/21 03:50,05F0309S,05F0439S,5,486,3
2025/06/21 03:50,05F0439S,05F0494S,31,204,13
2025/06/21 03:50,05F0439S,05F0494S,32,199,2
2025/06/21 03:50,05F0439S,05F0494S,41,0,0
2025/06/21 03:50,05F0439S,05F0494S,42,256,1
2025/06/21 03:50,05F0439S,05F0494S,5,215,2
2025/06/21 03:55,05F0000S,05F0055S,31,234,20
2025/06/21 03:55,05F0000S,05F0055S,32,226,12
2025/06/21 03:55,05F0000S,05F0055S,41,0,0
2025/06/21 03:55,05F0000S,05F0055S,42,0,0
2025/06/21 03:55,05F0000S,05F0055S,5,0,0
2025/06/21 03:55,05F0055S,05F0287S,31,958,26
2025/06/21 03:55,05F0055S,05F0287S,32,949,18
2025/06/21 03:55,05F0055S,05F0287S,41,0,0
2025/06/21 03:55,05F0055S,05F0287S,42,0,0
2025/06/21 03:55,05F0055S,05F0287S,5,0,0
2025/06/21 03:55,05F0287S,05F0309S,31,84,17
2025/06/21 03:55,05F0287S,05F0309S,32,82,12
2025/06/21 03:55,05F0287S,05F0309S,41,0,0
2025/06/21 03:55,05F0287S,05F0309S,42,0,0
2025/06/21 03:55,05F0287S,05F0309S,5,0,0
2025/06/21 03:55,05F0309S,05F0439S,31,508,7
2025/06/21 03:55,05F0309S,05F0439S,32,486,5
2025/06/21 03:55,05F0309S,05F0439S,41,0,0
2025/06/21 03:55,05F0309S,05F0439S,42,0,0
2025/06/21 03:55,05F0309S,05F0439S,5,483,1
2025/06/21 03:55,05F0439S,05F0494S,31,202,7
2025/06/21 03:55,05F0439S,05F0494S,32,209,4
2025/06/21 03:55,05F0439S,05F0494S,41,0,0
2025/06/21 03:55,05F0439S,05F0494S,42,221,2
2025/06/21 03:55,05F0439S,05F0494S,5,222,2
2025/06/21 04:00,05F0000S,05F0055S,31,243,23
2025/06/21 04:00,05F0000S,05F0055S,32,241,14
2025/06/21 04:00,05F0000S,05F0055S,41,254,1
2025/06/21 04:00,05F0000S,05F0055S,42,0,0
2025/06/21 04:00,05F0000S,05F0055S,5,0,0
2025/06/21 04:00,05F0055S,05F0287S,31,985,24
2025/06/21 04:00,05F0055S,05F0287S,32,991,13
2025/06/21 04:00,05F0055S,05F0287S,41,0,0
2025/06/21 04:00,05F0055S,05F0287S,42,1044,2
2025/06/21 04:00,05F0055S,05F0287S,5,0,0
2025/06/21 04:00,05F0287S,05F0309S,31,89,10
2025/06/21 04:00,05F0287S,05F0309S,32,88,8
2025/06/21 04:00,05F0287S,05F0309S,41,0,0
2025/06/21 04:00,05F0287S,05F0309S,42,0,0
2025/06/21 04:00,05F0287S,05F0309S,5,0,0
2025/06/21 04:00,05F0309S,05F0439S,31,469,8
2025/06/21 04:00,05F0309S,05F0439S,32,467,4
2025/06/21 04:00,05F0309S,05F0439S,41,0,0
2025/06/21 04:00,05F0309S,05F0439S,42,491,4
2025/06/21 04:00,05F0309S,05F0439S,5,507,4
2025/06/21 04:00,05F0439S,05F0494S,31,209,12
2025/06/21 04:00,05F0439S,05F0494S,32,210,1
2025/06/21 04:00,05F0439S,05F0494S,41,0,0
2025/06/21 04:00,05F0439S,05F0494S,42,228,1
2025/06/21 04:00,05F0439S,05F0494S,5,206,1
2025/06/21 04:05,05F0000S,05F0055S,31,244,24
2025/06/21 04:05,05F0000S,05F0055S,32,233,12
2025/06/21 04:05,05F0000S,05F0055S,41,0,0
2025/06/21 04:05,05F0000S,05F0055S,42,0,0
2025/06/21 04:05,05F0000S,05F0055S,5,0,0
2025/06/21 04:05,05F0055S,05F0287S,31,935,28
2025/06/21 04:05,05F0055S,05F0287S,32,958,7
2025/06/21 04:05,05F0055S,05F0287S,41,0,0
2025/06/21 04:05,05F0055S,05F0287S,42,0,0
2025/06/21 04:05,05F0055S,05F0287S,5,0,0
2025/06/21 04:05,05F0287S,05F0309S,31,84,25
2025/06/21 04:05,05F0287S,05F0309S,32,83,9
2025/06/21 04:05,05F0287S,05F0309S,41,0,0
2025/06/21 04:05,05F0287S,05F0309S,42,90,2
2025/06/21 04:05,05F0287S,05F0309S,5,0,0
2025/06/21 04:05,05F0309S,05F0439S,31,506,6
2025/06/21 04:05,05F0309S,05F0439S,32,497,9
2025/06/21 04:05,05F0309S,05F0439S,41,0,0
2025/06/21 04:05,05F0309S,05F0439S,42,594,1
2025/06/21 04:05,05F0309S,05F0439S,5,542,2
2025/06/21 04:05,05F0439S,05F0494S,31,194,4
2025/06/21 04:05,05F0439S,05F0494S,32,200,7
2025/06/21 04:05,05F0439S,05F0494S,41,0,0
2025/06/21 04:05,05F0439S,05F0494S,42,0,0
2025/06/21 04:05,05F0439S,05F0494S,5,221,3
2025/06/21 04:10,05F0000S,05F0055S,31,233,20
2025/06/21 04:10,05F0000S,05F0055S,32,238,8
2025/06/21 04:10,05F0000S,05F0055S,41,0,0
2025/06/21 04:10,05F0000S,05F0055S,42,0,0
2025/06/21 04:10,05F0000S,05F0055S,5,0,0
2025/06/21 04:10,05F0055S,05F0287S,31,937,24
2025/06/21 04:10,05F0055S,05F0287S,32,952,13
2025/06/21 04:10,05F0055S,05F0287S,41,0,0
2025/06/21 04:10,05F0055S,05F0287S,42,0,0
2025/06/21 04:10,05F0055S,05F0287S,5,0,0
2025/06/21 04:10,05F0287S,05F0309S,31,79,18
2025/06/21 04:10,05F0287S,05F0309S,32,89,9
2025/06/21 04:10,05F0287S,05F0309S,41,0,0
2025/06/21 04:10,05F0287S,05F0309S,42,0,0
2025/06/21 04:10,05F0287S,05F0309S,5,0,0
2025/06/21 04:10,05F0309S,05F0439S,31,491,8
2025/06/21 04:10,05F0309S,05F0439S,32,505,6
2025/06/21 04:10,05F0309S,05F0439S,41,0,0
2025/06/21 04:10,05F0309S,05F0439S,42,519,2
2025/06/21 04:10,05F0309S,05F0439S,5,500,3
2025/06/21 04:10,05F0439S,05F0494S,31,204,6
2025/06/21 04:10,05F0439S,05F0494S,32,222,3
2025/06/21 04:10,05F0439S,05F0494S,41,0,0
2025/06/21 04:10,05F0439S,05F0494S,42,0,0
2025/06/21 04:10,05F0439S,05F0494S,5,212,4
2025/06/21 04:15,05F0000S,05F0055S,31,246,17
2025/06/21 04:15,05F0000S,05F0055S,32,245,26
2025/06/21 04:15,05F0000S,05F0055S,41,0,0
2025/06/21 04:15,05F0000S,05F0055S,42,0,0
2025/06/21 04:15,05F0000S,05F0055S,5,0,0
2025/06/21 04:15,05F0055S,05F0287S,31,943,24
2025/06/21 04:15,05F0055S,05F0287S,32,947,15
2025/06/21 04:15,05F0055S,05F0287S,41,1018,1
2025/06/21 04:15,05F0055S,05F0287S,42,0,0
2025/06/21 04:15,05F0055S,05F0287S,5,0,0
2025/06/21 04:15,05F0287S,05F0309S,31,84,13
2025/06/21 04:15,05F0287S,05F0309S,32,83,12
2025/06/21 04:15,05F0287S,05F0309S,41,0,0
2025/06/21 04:15,05F0287S,05F0309S,42,77,1
2025/06/21 04:15,05F0287S,05F0309S,5,0,0
2025/06/21 04:15,05F0309S,05F0439S,31,481,12
2025/06/21 04:15,05F0309S,05F0439S,32,496,6
2025/06/21 04:15,05F0309S,05F0439S,41,0,0
2025/06/21 04:15,05F0309S,05F0439S,42,524,2
2025/06/21 04:15,05F0309S,05F0439S,5,503,1
2025/06/21 04:15,05F0439S,05F0494S,31,215,2
2025/06/21 04:15,05F0439S,05F0494S,32,225,5
2025/06/21 04:15,05F0439S,05F0494S,41,0,0
2025/06/21 04:15,05F0439S,05F0494S,42,0,0
2025/06/21 04:15,05F0439S,05F0494S,5,0,0
2025/06/21 04:20,05F0000S,05F0055S,31,236,24
2025/06/21 04:20,05F0000S,05F0055S,32,238,11
2025/06/21 04:20,05F0000S,05F0055S,41,0,0
2025/06/21 04:20,05F0000S,05F0055S,42,0,0
2025/06/21 04:20,05F0000S,05F0055S,5,0,0
2025/06/21 04:20,05F0055S,05F0287S,31,963,28
2025/06/21 04:20,05F0055S,05F0287S,32,948,15
2025/06/21 04:20,05F0055S,05F0287S,41,0,0
2025/06/21 04:20,05F0055S,05F0287S,42,0,0
2025/06/21 04:20,05F0055S,05F0287S,5,0,0
2025/06/21 04:20,05F0287S,05F0309S,31,85,21
2025/06/21 04:20,05F0287S,05F0309S,32,86,11
2025/06/21 04:20,05F0287S,05F0309S,41,89,1
2025/06/21 04:20,05F0287S,05F0309S,42,0,0
2025/06/21 04:20,05F0287S,05F0309S,5,0,0
2025/06/21 04:20,05F0309S,05F0439S,31,452,8
2025/06/21 04:20,05F0309S,05F0439S,32,471,7
2025/06/21 04:20,05F0309S,05F0439S,41,0,0
2025/06/21 04:20,05F0309S,05F0439S,42,467,2
2025/06/21 04:20,05F0309S,05F0439S,5,512,4
2025/06/21 04:20,05F0439S,05F0494S,31,200,10
2025/06/21 04:20,05F0439S,05F0494S,32,208,4
2025/06/21 04:20,05F0439S,05F0494S,41,0,0
2025/06/21 04:20,05F0439S,05F0494S,42,225,2
2025/06/21 04:20,05F0439S,05F0494S,5,0,0
2025/06/21 04:25,05F0000S,05F0055S,31,234,43
2025/06/21 04:25,05F0000S,05F0055S,32,236,13
2025/06/21 04:25,05F0000S,05F0055S,41,0,0
2025/06/21 04:25,05F0000S,05F0055S,42,0,0
2025/06/21 04:25,05F0000S,05F0055S,5,0,0
2025/06/21 04:25,05F0055S,05F0287S,31,926,17
2025/06/21 04:25,05F0055S,05F0287S,32,942,5
2025/06/21 04:25,05F0055S,05F0287S,41,0,0
2025/06/21 04:25,05F0055S,05F0287S,42,0,0
2025/06/21 04:25,05F0055S,05F0287S,5,0,0
2025/06/21 04:25,05F0287S,05F0309S,31,85,14
2025/06/21 04:25,05F0287S,05F0309S,32,83,5
2025/06/21 04:25,05F0287S,05F0309S,41,0,0
2025/06/21 04:25,05F0287S,05F0309S,42,0,0
2025/06/21 04:25,05F0287S,05F0309S,5,0,0
2025/06/21 04:25,05F0309S,05F0439S,31,487,17
2025/06/21 04:25,05F0309S,05F0439S,32,469,10
2025/06/21 04:25,05F0309S,05F0439S,41,525,1
2025/06/21 04:25,05F0309S,05F0439S,42,0,0
2025/06/21 04:25,05F0309S,05F0439S,5,523,1
2025/06/21 04:25,05F0439S,05F0494S,31,177,4
2025/06/21 04:25,05F0439S,05F0494S,32,198,6
2025/06/21 04:25,05F0439S,05F0494S,41,0,0
2025/06/21 04:25,05F0439S,05F0494S,42,0,0
2025/06/21 04:25,05F0439S,05F0494S,5,208,1
2025/06/21 04:30,05F0000S,05F0055S,31,241,33
2025/06/21 04:30,05F0000S,05F0055S,32,236,11
2025/06/21 04:30,05F0000S,05F0055S,41,243,3
2025/06/21 04:30,05F0000S,05F0055S,42,0,0
2025/06/21 04:30,05F0000S,05F0055S,5,0,0
2025/06/21 04:30,05F0055S,05F0287S,31,956,16
2025/06/21 04:30,05F0055S,05F0287S,32,945,23
2025/06/21 04:30,05F0055S,05F0287S,41,0,0
2025/06/21 04:30,05F0055S,05F0287S,42,0,0
2025/06/21 04:30,05F0055S,05F0287S,5,0,0
2025/06/21 04:30,05F0287S,05F0309S,31,87,9
2025/06/21 04:30,05F0287S,05F0309S,32,86,15
2025/06/21 04:30,05F0287S,05F0309S,41,0,0
2025/06/21 04:30,05F0287S,05F0309S,42,0,0
2025/06/21 04:30,05F0287S,05F0309S,5,0,0
2025/06/21 04:30,05F0309S,05F0439S,31,459,13
2025/06/21 04:30,05F0309S,05F0439S,32,498,7
2025/06/21 04:30,05F0309S,05F0439S,41,0,0
2025/06/21 04:30,05F0309S,05F0439S,42,0,0
2025/06/21 04:30,05F0309S,05F0439S,5,522,2
2025/06/21 04:30,05F0439S,05F0494S,31,195,10
2025/06/21 04:30,05F0439S,05F0494S,32,195,5
2025/06/21 04:30,05F0439S,05F0494S,41,0,0
2025/06/21 04:30,05F0439S,05F0494S,42,0,0
2025/06/21 04:30,05F0439S,05F0494S,5,221,1
2025/06/21 04:35,05F0000S,05F0055S,31,239,20
2025/06/21 04:35,05F0000S,05F0055S,32,235,14
2025/06/21 04:35,05F0000S,05F0055S,41,0,0
2025/06/21 04:35,05F0000S,05F0055S,42,0,0
2025/06/21 04:35,05F0000S,05F0055S,5,0,0
2025/06/21 04:35,05F0055S,05F0287S,31,964,28
2025/06/21 04:35,05F0055S,05F0287S,32,974,15
2025/06/21 04:35,05F0055S,05F0287S,41,0,0
2025/06/21 04:35,05F0055S,05F0287S,42,0,0
2025/06/21 04:35,05F0055S,05F0287S,5,0,0
2025/06/21 04:35,05F0287S,05F0309S,31,84,19
2025/06/21 04:35,05F0287S,05F0309S,32,88,16
2025/06/21 04:35,05F0287S,05F0309S,41,0,0
2025/06/21 04:35,05F0287S,05F0309S,42,0,0
2025/06/21 04:35,05F0287S,05F0309S,5,0,0
2025/06/21 04:35,05F0309S,05F0439S,31,479,7
2025/06/21 04:35,05F0309S,05F0439S,32,498,2
2025/06/21 04:35,05F0309S,05F0439S,41,0,0
2025/06/21 04:35,05F0309S,05F0439S,42,0,0
2025/06/21 04:35,05F0309S,05F0439S,5,531,3
2025/06/21 04:35,05F0439S,05F0494S,31,207,8
2025/06/21 04:35,05F0439S,05F0494S,32,206,3
2025/06/21 04:35,05F0439S,05F0494S,41,0,0
2025/06/21 04:35,05F0439S,05F0494S,42,0,0
2025/06/21 04:35,05F0439S,05F0494S,5,217,2
2025/06/21 04:40,05F0000S,05F0055S,31,237,28
2025/06/21 04:40,05F0000S,05F0055S,32,236,22
2025/06/21 04:40,05F0000S,05F0055S,41,236,1
2025/06/21 04:40,05F0000S,05F0055S,42,0,0
2025/06/21 04:40,05F0000S,05F0055S,5,0,0
2025/06/21 04:40,05F0055S,05F0287S,31,945,44
2025/06/21 04:40,05F0055S,05F0287S,32,964,13
2025/06/21 04:40,05F0055S,05F0287S,41,0,0
2025/06/21 04:40,05F0055S,05F0287S,42,0,0
2025/06/21 04:40,05F0055S,05F0287S,5,0,0
2025/06/21 04:40,05F0287S,05F0309S,31,83,24
2025/06/21 04:40,05F0287S,05F0309S,32,86,7
2025/06/21 04:40,05F0287S,05F0309S,41,0,0
2025/06/21 04:40,05F0287S,05F0309S,42,0,0
2025/06/21 04:40,05F0287S,05F0309S,5,0,0
2025/06/21 04:40,05F0309S,05F0439S,31,468,7
2025/06/21 04:40,05F0309S,05F0439S,32,513,12
2025/06/21 04:40,05F0309S,05F0439S,41,0,0
2025/06/21 04:40,05F0309S,05F0439S,42,0,0
2025/06/21 04:40,05F0309S,05F0439S,5,510,2
2025/06/21 04:40,05F0439S,05F0494S,31,206,9
2025/06/21 04:40,05F0439S,05F0494S,32,202,3
2025/06/21 04:40,05F0439S,05F0494S,41,0,0
2025/06/21 04:40,05F0439S,05F0494S,42,224,1
2025/06/21 04:40,05F0439S,05F0494S,5,226,4
2025/06/21 04:45,05F0000S,05F0055S,31,235,41
2025/06/21 04:45,05F0000S,05F0055S,32,233,14
2025/06/21 04:45,05F0000S,05F0055S,41,0,0
2025/06/21 04:45,05F0000S,05F0055S,42,0,0
2025/06/21 04:45,05F0000S,05F0055S,5,0,0
2025/06/21 04:45,05F0055S,05F0287S,31,954,31
2025/06/21 04:45,05F0055S,05F0287S,32,946,11
2025/06/21 04:45,05F0055S,05F0287S,41,1001,2
2025/06/21 04:45,05F0055S,05F0287S,42,0,0
2025/06/21 04:45,05F0055S,05F0287S,5,0,0
2025/06/21 04:45,05F0287S,05F0309S,31,87,19
2025/06/21 04:45,05F0287S,05F0309S,32,87,10
2025/06/21 04:45,05F0287S,05F0309S,41,89,1
2025/06/21 04:45,05F0287S,05F0309S,42,0,0
2025/06/21 04:45,05F0287S,05F0309S,5,0,0
2025/06/21 04:45,05F0309S,05F0439S,31,486,20
2025/06/21 04:45,05F0309S,05F0439S,32,503,11
2025/06/21 04:45,05F0309S,05F0439S,41,0,0
2025/06/21 04:45,05F0309S,05F0439S,42,0,0
2025/06/21 04:45,05F0309S,05F0439S,5,0,0
2025/06/21 04:45,05F0439S,05F0494S,31,202,10
2025/06/21 04:45,05F0439S,05F0494S,32,211,12
2025/06/21 04:45,05F0439S,05F0494S,41,0,0
2025/06/21 04:45,05F0439S,05F0494S,42,189,1
2025/06/21 04:45,05F0439S,05F0494S,5,225,1
2025/06/21 04:50,05F0000S,05F0055S,31,236,41
2025/06/21 04:50,05F0000S,05F0055S,32,248,18
2025/06/21 04:50,05F0000S,05F0055S,41,0,0
2025/06/21 04:50,05F0000S,05F0055S,42,0,0
2025/06/21 04:50,05F0000S,05F0055S,5,0,0
2025/06/21 04:50,05F0055S,05F0287S,31,966,21
2025/06/21 04:50,05F0055S,05F0287S,32,959,14
2025/06/21 04:50,05F0055S,05F0287S,41,962,1
2025/06/21 04:50,05F0055S,05F0287S,42,0,0
2025/06/21 04:50,05F0055S,05F0287S,5,0,0
2025/06/21 04:50,05F0287S,05F0309S,31,87,13
2025/06/21 04:50,05F0287S,05F0309S,32,90,6
2025/06/21 04:50,05F0287S,05F0309S,41,89,2
2025/06/21 04:50,05F0287S,05F0309S,42,0,0
2025/06/21 04:50,05F0287S,05F0309S,5,0,0
2025/06/21 04:50,05F0309S,05F0439S,31,481,12
2025/06/21 04:50,05F0309S,05F0439S,32,502,5
2025/06/21 04:50,05F0309S,05F0439S,41,0,0
2025/06/21 04:50,05F0309S,05F0439S,42,498,4
2025/06/21 04:50,05F0309S,05F0439S,5,542,4
2025/06/21 04:50,05F0439S,05F0494S,31,201,14
2025/06/21 04:50,05F0439S,05F0494S,32,216,7
2025/06/21 04:50,05F0439S,05F0494S,41,0,0
2025/06/21 04:50,05F0439S,05F0494S,42,212,2
2025/06/21 04:50,05F0439S,05F0494S,5,0,0
2025/06/21 04:55,05F0000S,05F0055S,31,240,30
2025/06/21 04:55,05F0000S,05F0055S,32,235,18
2025/06/21 04:55,05F0000S,05F0055S,41,245,1
2025/06/21 04:55,05F0000S,05F0055S,42,0,0
2025/06/21 04:55,05F0000S,05F0055S,5,0,0
2025/06/21 04:55,05F0055S,05F0287S,31,930,27
2025/06/21 04:55,05F0055S,05F0287S,32,930,20
2025/06/21 04:55,05F0055S,05F0287S,41,980,1
2025/06/21 04:55,05F0055S,05F0287S,42,0,0
2025/06/21 04:55,05F0055S,05F0287S,5,0,0
2025/06/21 04:55,05F0287S,05F0309S,31,83,19
2025/06/21 04:55,05F0287S,05F0309S,32,85,11
2025/06/21 04:55,05F0287S,05F0309S,41,0,0
2025/06/21 04:55,05F0287S,05F0309S,42,0,0
2025/06/21 04:55,05F0287S,05F0309S,5,0,0
2025/06/21 04:55,05F0309S,05F0439S,31,492,13
2025/06/21 04:55,05F0309S,05F0439S,32,490,8
2025/06/21 04:55,05F0309S,05F0439S,41,0,0
2025/06/21 04:55,05F0309S,05F0439S,42,537,2
2025/06/21 04:55,05F0309S,05F0439S,5,560,3
2025/06/21 04:55,05F0439S,05F0494S,31,208,8
2025/06/21 04:55,05F0439S,05F0494S,32,187,6
2025/06/21 04:55,05F0439S,05F0494S,41,0,0
2025/06/21 04:55,05F0439S,05F0494S,42,189,2
2025/06/21 04:55,05F0439S,05F0494S,5,224,6
2025/06/21 05:00,05F0000S,05F0055S,31,242,47
2025/06/21 05:00,05F0000S,05F0055S,32,248,20
2025/06/21 05:00,05F0000S,05F0055S,41,0,0
2025/06/21 05:00,05F0000S,05F0055S,42,0,0
2025/06/21 05:00,05F0000S,05F0055S,5,0,0
2025/06/21 05:00,05F0055S,05F0287S,31,942,34
2025/06/21 05:00,05F0055S,05F0287S,32,965,14
2025/06/21 05:00,05F0055S,05F0287S,41,0,0
2025/06/21 05:00,05F0055S,05F0287S,42,0,0
2025/06/21 05:00,05F0055S,05F0287S,5,0,0
2025/06/21 05:00,05F0287S,05F0309S,31,84,23
2025/06/21 05:00,05F0287S,05F0309S,32,86,16
2025/06/21 05:00,05F0287S,05F0309S,41,92,1
2025/06/21 05:00,05F0287S,05F0309S,42,0,0
2025/06/21 05:00,05F0287S,05F0309S,5,0,0
2025/06/21 05:00,05F0309S,05F0439S,31,478,11
2025/06/21 05:00,05F0309S,05F0439S,32,487,12
2025/06/21 05:00,05F0309S,05F0439S,41,0,0
2025/06/21 05:00,05F0309S,05F0439S,42,543,1
2025/06/21 05:00,05F0309S,05F0439S,5,543,3
2025/06/21 05:00,05F0439S,05F0494S,31,217,9
2025/06/21 05:00,05F0439S,05F0494S,32,206,4
2025/06/21 05:00,05F0439S,05F0494S,41,0,0
2025/06/21 05:00,05F0439S,05F0494S,42,196,1
2025/06/21 05:00,05F0439S,05F0494S,5,216,1
2025/06/21 05:05,05F0000S,05F0055S,31,233,53
2025/06/21 05:05,05F0000S,05F0055S,32,234,22
2025/06/21 05:05,05F0000S,05F0055S,41,0,0
2025/06/21 05:05,05F0000S,05F0055S,42,0,0
2025/06/21 05:05,05F0000S,05F0055S,5,0,0
2025/06/21 05:05,05F0055S,05F0287S,31,956,48
2025/06/21 05:05,05F0055S,05F0287S,32,966,23
2025/06/21 05:05,05F0055S,05F0287S,41,0,0
2025/06/21 05:05,05F0055S,05F0287S,42,0,0
2025/06/21 05:05,05F0055S,05F0287S,5,0,0
2025/06/21 05:05,05F0287S,05F0309S,31,84,21
2025/06/21 05:05,05F0287S,05F0309S,32,89,14
2025/06/21 05:05,05F0287S,05F0309S,41,0,0
2025/06/21 05:05,05F0287S,05F0309S,42,0,0
2025/06/21 05:05,05F0287S,05F0309S,5,0,0
2025/06/21 05:05,05F0309S,05F0439S,31,471,13
2025/06/21 05:05,05F0309S,05F0439S,32,485,6
2025/06/21 05:05,05F0309S,05F0439S,41,0,0
2025/06/21 05:05,05F0309S,05F0439S,42,0,0
2025/06/21 05:05,05F0309S,05F0439S,5,0,0
2025/06/21 05:05,05F0439S,05F0494S,31,194,7
2025/06/21 05:05,05F0439S,05F0494S,32,207,8
2025/06/21 05:05,05F0439S,05F0494S,41,0,0
2025/06/21 05:05,05F0439S,05F0494S,42,241,1
2025/06/21 05:05,05F0439S,05F0494S,5,0,0
2025/06/21 05:10,05F0000S,05F0055S,31,237,60
2025/06/21 05:10,05F0000S,05F0055S,32,246,25
2025/06/21 05:10,05F0000S,05F0055S,41,255,1
2025/06/21 05:10,05F0000S,05F0055S,42,0,0
2025/06/21 05:10,05F0000S,05F0055S,5,0,0
2025/06/21 05:10,05F0055S,05F0287S,31,951,33
2025/06/21 05:10,05F0055S,05F0287S,32,926,19
2025/06/21 05:10,05F0055S,05F0287S,41,960,1
2025/06/21 05:10,05F0055S,05F0287S,42,0,0
2025/06/21 05:10,05F0055S,05F0287S,5,0,0
2025/06/21 05:10,05F0287S,05F0309S,31,86,28
2025/06/21 05:10,05F0287S,05F0309S,32,89,13
2025/06/21 05:10,05F0287S,05F0309S,41,0,0
2025/06/21 05:10,05F0287S,05F0309S,42,0,0
2025/06/21 05:10,05F0287S,05F0309S,5,0,0
2025/06/21 05:10,05F0309S,05F0439S,31,493,17
2025/06/21 05:10,05F0309S,05F0439S,32,464,6
2025/06/21 05:10,05F0309S,05F0439S,41,0,0
2025/06/21 05:10,05F0309S,05F0439S,42,548,4
2025/06/21 05:10,05F0309S,05F0439S,5,596,1
2025/06/21 05:10,05F0439S,05F0494S,31,203,20
2025/06/21 05:10,05F0439S,05F0494S,32,195,5
2025/06/21 05:10,05F0439S,05F0494S,41,0,0
2025/06/21 05:10,05F0439S,05F0494S,42,219,2
2025/06/21 05:10,05F0439S,05F0494S,5,241,1
2025/06/21 05:15,05F0000S,05F0055S,31,237,60
2025/06/21 05:15,05F0000S,05F0055S,32,235,21
2025/06/21 05:15,05F0000S,05F0055S,41,0,0
2025/06/21 05:15,05F0000S,05F0055S,42,0,0
2025/06/21 05:15,05F0000S,05F0055S,5,0,0
2025/06/21 05:15,05F0055S,05F0287S,31,988,28
2025/06/21 05:15,05F0055S,05F0287S,32,1006,11
2025/06/21 05:15,05F0055S,05F0287S,41,0,0
2025/06/21 05:15,05F0055S,05F0287S,42,0,0
2025/06/21 05:15,05F0055S,05F0287S,5,0,0
2025/06/21 05:15,05F0287S,05F0309S,31,84,18
2025/06/21 05:15,05F0287S,05F0309S,32,86,8
2025/06/21 05:15,05F0287S,05F0309S,41,89,1
2025/06/21 05:15,05F0287S,05F0309S,42,0,0
2025/06/21 05:15,05F0287S,05F0309S,5,0,0
2025/06/21 05:15,05F0309S,05F0439S,31,473,21
2025/06/21 05:15,05F0309S,05F0439S,32,503,15
2025/06/21 05:15,05F0309S,05F0439S,41,0,0
2025/06/21 05:15,05F0309S,05F0439S,42,593,1
2025/06/21 05:15,05F0309S,05F0439S,5,502,4
2025/06/21 05:15,05F0439S,05F0494S,31,206,16
2025/06/21 05:15,05F0439S,05F0494S,32,207,7
2025/06/21 05:15,05F0439S,05F0494S,41,0,0
2025/06/21 05:15,05F0439S,05F0494S,42,220,2
2025/06/21 05:15,05F0439S,05F0494S,5,210,3
2025/06/21 05:20,05F0000S,05F0055S,31,238,65
2025/06/21 05:20,05F0000S,05F0055S,32,237,22
2025/06/21 05:20,05F0000S,05F0055S,41,0,0
2025/06/21 05:20,05F0000S,05F0055S,42,0,0
2025/06/21 05:20,05F0000S,05F0055S,5,0,0
2025/06/21 05:20,05F0055S,05F0287S,31,977,60
2025/06/21 05:20,05F0055S,05F0287S,32,985,29
2025/06/21 05:20,05F0055S,05F0287S,41,0,0
2025/06/21 05:20,05F0055S,05F0287S,42,0,0
2025/06/21 05:20,05F0055S,05F0287S,5,0,0
2025/06/21 05:20,05F0287S,05F0309S,31,85,35
2025/06/21 05:20,05F0287S,05F0309S,32,83,17
2025/06/21 05:20,05F0287S,05F0309S,41,0,0
2025/06/21 05:20,05F0287S,05F0309S,42,0,0
2025/06/21 05:20,05F0287S,05F0309S,5,0,0
2025/06/21 05:20,05F0309S,05F0439S,31,471,17
2025/06/21 05:20,05F0309S,05F0439S,32,483,5
2025/06/21 05:20,05F0309S,05F0439S,41,0,0
2025/06/21 05:20,05F0309S,05F0439S,42,500,2
2025/06/21 05:20,05F0309S,05F0439S,5,516,1
2025/06/21 05:20,05F0439S,05F0494S,31,202,19
2025/06/21 05:20,05F0439S,05F0494S,32,214,8
2025/06/21 05:20,05F0439S,05F0494S,41,0,0
2025/06/21 05:20,05F0439S,05F0494S,42,244,1
2025/06/21 05:20,05F0439S,05F0494S,5,207,2
2025/06/21 05:25,05F0000S,05F0055S,31,237,84
2025/06/21 05:25,05F0000S,05F0055S,32,240,32
2025/06/21 05:25,05F0000S,05F0055S,41,0,0
2025/06/21 05:25,05F0000S,05F0055S,42,0,0
2025/06/21 05:25,05F0000S,05F0055S,5,0,0
2025/06/21 05:25,05F0055S,05F0287S,31,975,57
2025/06/21 05:25,05F0055S,05F0287S,32,979,18
2025/06/21 05:25,05F0055S,05F0287S,41,0,0
2025/06/21 05:25,05F0055S,05F0287S,42,0,0
2025/06/21 05:25,05F0055S,05F0287S,5,0,0
2025/06/21 05:25,05F0287S,05F0309S,31,86,34
2025/06/21 05:25,05F0287S,05F0309S,32,87,15
2025/06/21 05:25,05F0287S,05F0309S,41,0,0
2025/06/21 05:25,05F0287S,05F0309S,42,0,0
2025/06/21 05:25,05F0287S,05F0309S,5,0,0
2025/06/21 05:25,05F0309S,05F0439S,31,459,17
2025/06/21 05:25,05F0309S,05F0439S,32,482,6
2025/06/21 05:25,05F0309S,05F0439S,41,0,0
2025/06/21 05:25,05F0309S,05F0439S,42,0,0
2025/06/21 05:25,05F0309S,05F0439S,5,497,2
2025/06/21 05:25,05F0439S,05F0494S,31,200,14
2025/06/21 05:25,05F0439S,05F0494S,32,206,3
2025/06/21 05:25,05F0439S,05F0494S,41,0,0
2025/06/21 05:25,05F0439S,05F0494S,42,210,1
2025/06/21 05:25,05F0439S,05F0494S,5,212,2
2025/06/21 05:30,05F0000S,05F0055S,31,244,100
2025/06/21 05:30,05F0000S,05F0055S,32,246,26
2025/06/21 05:30,05F0000S,05F0055S,41,270,2
2025/06/21 05:30,05F0000S,05F0055S,42,0,0
2025/06/21 05:30,05F0000S,05F0055S,5,0,0
2025/06/21 05:30,05F0055S,05F0287S,31,966,63
2025/06/21 05:30,05F0055S,05F0287S,32,973,31
2025/06/21 05:30,05F0055S,05F0287S,41,1037,1
2025/06/21 05:30,05F0055S,05F0287S,42,0,0
2025/06/21 05:30,05F0055S,05F0287S,5,0,0
2025/06/21 05:30,05F0287S,05F0309S,31,85,34
2025/06/21 05:30,05F0287S,05F0309S,32,87,22
2025/06/21 05:30,05F0287S,05F0309S,41,95,1
2025/06/21 05:30,05F0287S,05F0309S,42,0,0
2025/06/21 05:30,05F0287S,05F0309S,5,0,0
2025/06/21 05:30,05F0309S,05F0439S,31,465,28
2025/06/21 05:30,05F0309S,05F0439S,32,486,9
2025/06/21 05:30,05F0309S,05F0439S,41,0,0
2025/06/21 05:30,05F0309S,05F0439S,42,0,0
2025/06/21 05:30,05F0309S,05F0439S,5,475,3
2025/06/21 05:30,05F0439S,05F0494S,31,187,15
2025/06/21 05:30,05F0439S,05F0494S,32,218,7
2025/06/21 05:30,05F0439S,05F0494S,41,0,0
2025/06/21 05:30,05F0439S,05F0494S,42,0,0
2025/06/21 05:30,05F0439S,05F0494S,5,207,2
2025/06/21 05:35,05F0000S,05F0055S,31,237,70
2025/06/21 05:35,05F0000S,05F0055S,32,240,34
2025/06/21 05:35,05F0000S,05F0055S,41,0,0
2025/06/21 05:35,05F0000S,05F0055S,42,0,0
2025/06/21 05:35,05F0000S,05F0055S,5,0,0
2025/06/21 05:35,05F0055S,05F0287S,31,971,65
2025/06/21 05:35,05F0055S,05F0287S,32,968,29
2025/06/21 05:35,05F0055S,05F0287S,41,0,0
2025/06/21 05:35,05F0055S,05F0287S,42,0,0
2025/06/21 05:35,05F0055S,05F0287S,5,0,0
2025/06/21 05:35,05F0287S,05F0309S,31,83,36
2025/06/21 05:35,05F0287S,05F0309S,32,85,23
2025/06/21 05:35,05F0287S,05F0309S,41,0,0
2025/06/21 05:35,05F0287S,05F0309S,42,0,0
2025/06/21 05:35,05F0287S,05F0309S,5,0,0
2025/06/21 05:35,05F0309S,05F0439S,31,468,24
2025/06/21 05:35,05F0309S,05F0439S,32,487,7
2025/06/21 05:35,05F0309S,05F0439S,41,0,0
2025/06/21 05:35,05F0309S,05F0439S,42,477,1
2025/06/21 05:35,05F0309S,05F0439S,5,512,2
2025/06/21 05:35,05F0439S,05F0494S,31,203,20
2025/06/21 05:35,05F0439S,05F0494S,32,196,5
2025/06/21 05:35,05F0439S,05F0494S,41,0,0
2025/06/21 05:35,05F0439S,05F0494S,42,0,0
2025/06/21 05:35,05F0439S,05F0494S,5,201,1
2025/06/21 05:40,05F0000S,05F0055S,31,251,95
2025/06/21 05:40,05F0000S,05F0055S,32,248,30
2025/06/21 05:40,05F0000S,05F0055S,41,260,2
2025/06/21 05:40,05F0000S,05F0055S,42,0,0
2025/06/21 05:40,05F0000S,05F0055S,5,0,0
2025/06/21 05:40,05F0055S,05F0287S,31,967,74
2025/06/21 05:40,05F0055S,05F0287S,32,974,27
2025/06/21 05:40,05F0055S,05F0287S,41,0,0
2025/06/21 05:40,05F0055S,05F0287S,42,0,0
2025/06/21 05:40,05F0055S,05F0287S,5,0,0
2025/06/21 05:40,05F0287S,05F0309S,31,86,52
2025/06/21 05:40,05F0287S,05F0309S,32,87,16
2025/06/21 05:40,05F0287S,05F0309S,41,0,0
2025/06/21 05:40,05F0287S,05F0309S,42,0,0
2025/06/21 05:40,05F0287S,05F0309S,5,0,0
2025/06/21 05:40,05F0309S,05F0439S,31,462,29
2025/06/21 05:40,05F0309S,05F0439S,32,474,25
2025/06/21 05:40,05F0309S,05F0439S,41,559,1
2025/06/21 05:40,05F0309S,05F0439S,42,557,3
2025/06/21 05:40,05F0309S,05F0439S,5,571,2
2025/06/21 05:40,05F0439S,05F0494S,31,200,13
2025/06/21 05:40,05F0439S,05F0494S,32,217,7
2025/06/21 05:40,05F0439S,05F0494S,41,0,0
2025/06/21 05:40,05F0439S,05F0494S,42,1216,1
2025/06/21 05:40,05F0439S,05F0494S,5,229,2
2025/06/21 05:45,05F0000S,05F0055S,31,248,127
2025/06/21 05:45,05F0000S,05F0055S,32,248,35
2025/06/21 05:45,05F0000S,05F0055S,41,0,0
2025/06/21 05:45,05F0000S,05F0055S,42,0,0
2025/06/21 05:45,05F0000S,05F0055S,5,0,0
2025/06/21 05:45,05F0055S,05F0287S,31,965,75
2025/06/21 05:45,05F0055S,05F0287S,32,955,22
2025/06/21 05:45,05F0055S,05F0287S,41,0,0
2025/06/21 05:45,05F0055S,05F0287S,42,0,0
2025/06/21 05:45,05F0055S,05F0287S,5,0,0
2025/06/21 05:45,05F0287S,05F0309S,31,84,53
2025/06/21 05:45,05F0287S,05F0309S,32,85,18
2025/06/21 05:45,05F0287S,05F0309S,41,0,0
2025/06/21 05:45,05F0287S,05F0309S,42,0,0
2025/06/21 05:45,05F0287S,05F0309S,5,0,0
2025/06/21 05:45,05F0309S,05F0439S,31,475,40
2025/06/21 05:45,05F0309S,05F0439S,32,475,12
2025/06/21 05:45,05F0309S,05F0439S,41,0,0
2025/06/21 05:45,05F0309S,05F0439S,42,508,1
2025/06/21 05:45,05F0309S,05F0439S,5,503,4
2025/06/21 05:45,05F0439S,05F0494S,31,199,26
2025/06/21 05:45,05F0439S,05F0494S,32,200,15
2025/06/21 05:45,05F0439S,05F0494S,41,0,0
2025/06/21 05:45,05F0439S,05F0494S,42,223,2
2025/06/21 05:45,05F0439S,05F0494S,5,0,0
2025/06/21 05:50,05F0000S,05F0055S,31,246,122
2025/06/21 05:50,05F0000S,05F0055S,32,246,35
2025/06/21 05:50,05F0000S,05F0055S,41,0,0
2025/06/21 05:50,05F0000S,05F0055S,42,0,0
2025/06/21 05:50,05F0000S,05F0055S,5,0,0
2025/06/21 05:50,05F0055S,05F0287S,31,986,91
2025/06/21 05:50,05F0055S,05F0287S,32,992,37
2025/06/21 05:50,05F0055S,05F0287S,41,1086,2
2025/06/21 05:50,05F0055S,05F0287S,42,0,0
2025/06/21 05:50,05F0055S,05F0287S,5,0,0
2025/06/21 05:50,05F0287S,05F0309S,31,86,59
2025/06/21 05:50,05F0287S,05F0309S,32,87,24
2025/06/21 05:50,05F0287S,05F0309S,41,93,2
2025/06/21 05:50,05F0287S,05F0309S,42,0,0
2025/06/21 05:50,05F0287S,05F0309S,5,0,0
2025/06/21 05:50,05F0309S,05F0439S,31,457,32
2025/06/21 05:50,05F0309S,05F0439S,32,477,14
2025/06/21 05:50,05F0309S,05F0439S,41,0,0
2025/06/21 05:50,05F0309S,05F0439S,42,0,0
2025/06/21 05:50,05F0309S,05F0439S,5,504,1
2025/06/21 05:50,05F0439S,05F0494S,31,201,28
2025/06/21 05:50,05F0439S,05F0494S,32,200,8
2025/06/21 05:50,05F0439S,05F0494S,41,0,0
2025/06/21 05:50,05F0439S,05F0494S,42,0,0
2025/06/21 05:50,05F0439S,05F0494S,5,222,3
2025/06/21 05:55,05F0000S,05F0055S,31,253,138
2025/06/21 05:55,05F0000S,05F0055S,32,256,41
2025/06/21 05:55,05F0000S,05F0055S,41,262,1
2025/06/21 05:55,05F0000S,05F0055S,42,252,1
2025/06/21 05:55,05F0000S,05F0055S,5,0,0
2025/06/21 05:55,05F0055S,05F0287S,31,1008,62
2025/06/21 05:55,05F0055S,05F0287S,32,1007,30
2025/06/21 05:55,05F0055S,05F0287S,41,1092,1
2025/06/21 05:55,05F0055S,05F0287S,42,0,0
2025/06/21 05:55,05F0055S,05F0287S,5,0,0
2025/06/21 05:55,05F0287S,05F0309S,31,88,28
2025/06/21 05:55,05F0287S,05F0309S,32,88,15
2025/06/21 05:55,05F0287S,05F0309S,41,0,0
2025/06/21 05:55,05F0287S,05F0309S,42,0,0
2025/06/21 05:55,05F0287S,05F0309S,5,0,0
2025/06/21 05:55,05F0309S,05F0439S,31,458,32
2025/06/21 05:55,05F0309S,05F0439S,32,470,15
2025/06/21 05:55,05F0309S,05F0439S,41,513,1
2025/06/21 05:55,05F0309S,05F0439S,42,0,0
2025/06/21 05:55,05F0309S,05F0439S,5,481,3
2025/06/21 05:55,05F0439S,05F0494S,31,201,19
2025/06/21 05:55,05F0439S,05F0494S,32,189,15
2025/06/21 05:55,05F0439S,05F0494S,41,0,0
2025/06/21 05:55,05F0439S,05F0494S,42,0,0
2025/06/21 05:55,05F0439S,05F0494S,5,204,2
2025/06/21 06:00,05F0000S,05F0055S,31,256,128
2025/06/21 06:00,05F0000S,05F0055S,32,257,50
2025/06/21 06:00,05F0000S,05F0055S,41,0,0
2025/06/21 06:00,05F0000S,05F0055S,42,0,0
2025/06/21 06:00,05F0000S,05F0055S,5,0,0
2025/06/21 06:00,05F0055S,05F0287S,31,1031,108
2025/06/21 06:00,05F0055S,05F0287S,32,1031,29
2025/06/21 06:00,05F0055S,05F0287S,41,1044,1
2025/06/21 06:00,05F0055S,05F0287S,42,0,0
2025/06/21 06:00,05F0055S,05F0287S,5,0,0
2025/06/21 06:00,05F0287S,05F0309S,31,88,75
2025/06/21 06:00,05F0287S,05F0309S,32,87,24
2025/06/21 06:00,05F0287S,05F0309S,41,96,1
2025/06/21 06:00,05F0287S,05F0309S,42,0,0
2025/06/21 06:00,05F0287S,05F0309S,5,0,0
2025/06/21 06:00,05F0309S,05F0439S,31,481,43
2025/06/21 06:00,05F0309S,05F0439S,32,465,13
2025/06/21 06:00,05F0309S,05F0439S,41,545,2
2025/06/21 06:00,05F0309S,05F0439S,42,499,1
2025/06/21 06:00,05F0309S,05F0439S,5,521,3
2025/06/21 06:00,05F0439S,05F0494S,31,195,38
2025/06/21 06:00,05F0439S,05F0494S,32,184,5
2025/06/21 06:00,05F0439S,05F0494S,41,0,0
2025/06/21 06:00,05F0439S,05F0494S,42,0,0
2025/06/21 06:00,05F0439S,05F0494S,5,208,1
2025/06/21 06:05,05F0000S,05F0055S,31,263,156
2025/06/21 06:05,05F0000S,05F0055S,32,260,38
2025/06/21 06:05,05F0000S,05F0055S,41,250,2
2025/06/21 06:05,05F0000S,05F0055S,42,0,0
2025/06/21 06:05,05F0000S,05F0055S,5,0,0
2025/06/21 06:05,05F0055S,05F0287S,31,1029,128
2025/06/21 06:05,05F0055S,05F0287S,32,1028,40
2025/06/21 06:05,05F0055S,05F0287S,41,0,0
2025/06/21 06:05,05F0055S,05F0287S,42,0,0
2025/06/21 06:05,05F0055S,05F0287S,5,0,0
2025/06/21 06:05,05F0287S,05F0309S,31,85,79
2025/06/21 06:05,05F0287S,05F0309S,32,87,38
2025/06/21 06:05,05F0287S,05F0309S,41,0,0
2025/06/21 06:05,05F0287S,05F0309S,42,0,0
2025/06/21 06:05,05F0287S,05F0309S,5,0,0
2025/06/21 06:05,05F0309S,05F0439S,31,465,28
2025/06/21 06:05,05F0309S,05F0439S,32,482,12
2025/06/21 06:05,05F0309S,05F0439S,41,514,1
2025/06/21 06:05,05F0309S,05F0439S,42,498,1
2025/06/21 06:05,05F0309S,05F0439S,5,517,5
2025/06/21 06:05,05F0439S,05F0494S,31,203,16
2025/06/21 06:05,05F0439S,05F0494S,32,213,8
2025/06/21 06:05,05F0439S,05F0494S,41,0,0
2025/06/21 06:05,05F0439S,05F0494S,42,198,1
2025/06/21 06:05,05F0439S,05F0494S,5,216,3
2025/06/21 06:10,05F0000S,05F0055S,31,264,157
2025/06/21 06:10,05F0000S,05F0055S,32,261,48
2025/06/21 06:10,05F0000S,05F0055S,41,0,0
2025/06/21 06:10,05F0000S,05F0055S,42,0,0
2025/06/21 06:10,05F0000S,05F0055S,5,0,0
2025/06/21 06:10,05F0055S,05F0287S,31,1009,116
2025/06/21 06:10,05F0055S,05F0287S,32,1006,34
2025/06/21 06:10,05F0055S,05F0287S,41,1042,1
2025/06/21 06:10,05F0055S,05F0287S,42,1069,1
2025/06/21 06:10,05F0055S,05F0287S,5,0,0
2025/06/21 06:10,05F0287S,05F0309S,31,86,79
2025/06/21 06:10,05F0287S,05F0309S,32,85,21
2025/06/21 06:10,05F0287S,05F0309S,41,0,0
2025/06/21 06:10,05F0287S,05F0309S,42,0,0
2025/06/21 06:10,05F0287S,05F0309S,5,0,0
2025/06/21 06:10,05F0309S,05F0439S,31,486,49
2025/06/21 06:10,05F0309S,05F0439S,32,481,13
2025/06/21 06:10,05F0309S,05F0439S,41,0,0
2025/06/21 06:10,05F0309S,05F0439S,42,531,1
2025/06/21 06:10,05F0309S,05F0439S,5,556,2
2025/06/21 06:10,05F0439S,05F0494S,31,200,28
2025/06/21 06:10,05F0439S,05F0494S,32,190,7
2025/06/21 06:10,05F0439S,05F0494S,41,216,1
2025/06/21 06:10,05F0439S,05F0494S,42,0,0
2025/06/21 06:10,05F0439S,05F0494S,5,227,2
2025/06/21 06:15,05F0000S,05F0055S,31,266,156
2025/06/21 06:15,05F0000S,05F0055S,32,264,48
2025/06/21 06:15,05F0000S,05F0055S,41,0,0
2025/06/21 06:15,05F0000S,05F0055S,42,0,0
2025/06/21 06:15,05F0000S,05F0055S,5,0,0
2025/06/21 06:15,05F0055S,05F0287S,31,1020,137
2025/06/21 06:15,05F0055S,05F0287S,32,1022,45
2025/06/21 06:15,05F0055S,05F0287S,41,0,0
2025/06/21 06:15,05F0055S,05F0287S,42,0,0
2025/06/21 06:15,05F0055S,05F0287S,5,0,0
2025/06/21 06:15,05F0287S,05F0309S,31,86,96
2025/06/21 06:15,05F0287S,05F0309S,32,87,32
2025/06/21 06:15,05F0287S,05F0309S,41,0,0
2025/06/21 06:15,05F0287S,05F0309S,42,97,1
2025/06/21 06:15,05F0287S,05F0309S,5,0,0
2025/06/21 06:15,05F0309S,05F0439S,31,469,50
2025/06/21 06:15,05F0309S,05F0439S,32,483,30
2025/06/21 06:15,05F0309S,05F0439S,41,0,0
2025/06/21 06:15,05F0309S,05F0439S,42,533,1
2025/06/21 06:15,05F0309S,05F0439S,5,535,2
2025/06/21 06:15,05F0439S,05F0494S,31,195,41
2025/06/21 06:15,05F0439S,05F0494S,32,197,17
2025/06/21 06:15,05F0439S,05F0494S,41,0,0
2025/06/21 06:15,05F0439S,05F0494S,42,0,0
2025/06/21 06:15,05F0439S,05F0494S,5,221,4
2025/06/21 06:20,05F0000S,05F0055S,31,268,161
2025/06/21 06:20,05F0000S,05F0055S,32,272,45
2025/06/21 06:20,05F0000S,05F0055S,41,279,2
2025/06/21 06:20,05F0000S,05F0055S,42,0,0
2025/06/21 06:20,05F0000S,05F0055S,5,0,0
2025/06/21 06:20,05F0055S,05F0287S,31,1037,119
2025/06/21 06:20,05F0055S,05F0287S,32,1032,46
2025/06/21 06:20,05F0055S,05F0287S,41,1071,3
2025/06/21 06:20,05F0055S,05F0287S,42,0,0
2025/06/21 06:20,05F0055S,05F0287S,5,0,0
2025/06/21 06:20,05F0287S,05F0309S,31,85,74
2025/06/21 06:20,05F0287S,05F0309S,32,86,33
2025/06/21 06:20,05F0287S,05F0309S,41,99,3
2025/06/21 06:20,05F0287S,05F0309S,42,0,0
2025/06/21 06:20,05F0287S,05F0309S,5,0,0
2025/06/21 06:20,05F0309S,05F0439S,31,471,53
2025/06/21 06:20,05F0309S,05F0439S,32,467,16
2025/06/21 06:20,05F0309S,05F0439S,41,0,0
2025/06/21 06:20,05F0309S,05F0439S,42,551,2
2025/06/21 06:20,05F0309S,05F0439S,5,566,2
2025/06/21 06:20,05F0439S,05F0494S,31,202,30
2025/06/21 06:20,05F0439S,05F0494S,32,201,18
2025/06/21 06:20,05F0439S,05F0494S,41,0,0
2025/06/21 06:20,05F0439S,05F0494S,42,240,1
2025/06/21 06:20,05F0439S,05F0494S,5,217,1
2025/06/21 06:25,05F0000S,05F0055S,31,300,165
2025/06/21 06:25,05F0000S,05F0055S,32,301,48
2025/06/21 06:25,05F0000S,05F0055S,41,303,3
2025/06/21 06:25,05F0000S,05F0055S,42,0,0
2025/06/21 06:25,05F0000S,05F0055S,5,0,0
2025/06/21 06:25,05F0055S,05F0287S,31,1050,146
2025/06/21 06:25,05F0055S,05F0287S,32,1049,38
2025/06/21 06:25,05F0055S,05F0287S,41,0,0
2025/06/21 06:25,05F0055S,05F0287S,42,0,0
2025/06/21 06:25,05F0055S,05F0287S,5,0,0
2025/06/21 06:25,05F0287S,05F0309S,31,86,95
2025/06/21 06:25,05F0287S,05F0309S,32,87,23
2025/06/21 06:25,05F0287S,05F0309S,41,0,0
2025/06/21 06:25,05F0287S,05F0309S,42,0,0
2025/06/21 06:25,05F0287S,05F0309S,5,0,0
2025/06/21 06:25,05F0309S,05F0439S,31,479,62
2025/06/21 06:25,05F0309S,05F0439S,32,483,20
2025/06/21 06:25,05F0309S,05F0439S,41,0,0
2025/06/21 06:25,05F0309S,05F0439S,42,526,1
2025/06/21 06:25,05F0309S,05F0439S,5,0,0
2025/06/21 06:25,05F0439S,05F0494S,31,192,35
2025/06/21 06:25,05F0439S,05F0494S,32,190,6
2025/06/21 06:25,05F0439S,05F0494S,41,0,0
2025/06/21 06:25,05F0439S,05F0494S,42,220,2
2025/06/21 06:25,05F0439S,05F0494S,5,218,3
2025/06/21 06:30,05F0000S,05F0055S,31,314,160
2025/06/21 06:30,05F0000S,05F0055S,32,315,47
2025/06/21 06:30,05F0000S,05F0055S,41,310,5
2025/06/21 06:30,05F0000S,05F0055S,42,0,0
2025/06/21 06:30,05F0000S,05F0055S,5,0,0
2025/06/21 06:30,05F0055S,05F0287S,31,1070,160
2025/06/21 06:30,05F0055S,05F0287S,32,1069,61
2025/06/21 06:30,05F0055S,05F0287S,41,0,0
2025/06/21 06:30,05F0055S,05F0287S,42,0,0
2025/06/21 06:30,05F0055S,05F0287S,5,0,0
2025/06/21 06:30,05F0287S,05F0309S,31,88,107
2025/06/21 06:30,05F0287S,05F0309S,32,87,34
2025/06/21 06:30,05F0287S,05F0309S,41,0,0
2025/06/21 06:30,05F0287S,05F0309S,42,0,0
2025/06/21 06:30,05F0287S,05F0309S,5,0,0
2025/06/21 06:30,05F0309S,05F0439S,31,473,60
2025/06/21 06:30,05F0309S,05F0439S,32,483,23
2025/06/21 06:30,05F0309S,05F0439S,41,509,3
2025/06/21 06:30,05F0309S,05F0439S,42,0,0
2025/06/21 06:30,05F0309S,05F0439S,5,0,0
2025/06/21 06:30,05F0439S,05F0494S,31,200,34
2025/06/21 06:30,05F0439S,05F0494S,32,198,16
2025/06/21 06:30,05F0439S,05F0494S,41,223,1
2025/06/21 06:30,05F0439S,05F0494S,42,222,1
2025/06/21 06:30,05F0439S,05F0494S,5,425,1
2025/06/21 06:35,05F0000S,05F0055S,31,335,173
2025/06/21 06:35,05F0000S,05F0055S,32,335,40
2025/06/21 06:35,05F0000S,05F0055S,41,1002,2
2025/06/21 06:35,05F0000S,05F0055S,42,0,0
2025/06/21 06:35,05F0000S,05F0055S,5,0,0
2025/06/21 06:35,05F0055S,05F0287S,31,1057,171
2025/06/21 06:35,05F0055S,05F0287S,32,1058,39
2025/06/21 06:35,05F0055S,05F0287S,41,0,0
2025/06/21 06:35,05F0055S,05F0287S,42,0,0
2025/06/21 06:35,05F0055S,05F0287S,5,0,0
2025/06/21 06:35,05F0287S,05F0309S,31,87,106
2025/06/21 06:35,05F0287S,05F0309S,32,87,35
2025/06/21 06:35,05F0287S,05F0309S,41,0,0
2025/06/21 06:35,05F0287S,05F0309S,42,0,0
2025/06/21 06:35,05F0287S,05F0309S,5,0,0
2025/06/21 06:35,05F0309S,05F0439S,31,473,66
2025/06/21 06:35,05F0309S,05F0439S,32,463,18
2025/06/21 06:35,05F0309S,05F0439S,41,0,0
2025/06/21 06:35,05F0309S,05F0439S,42,567,1
2025/06/21 06:35,05F0309S,05F0439S,5,542,2
2025/06/21 06:35,05F0439S,05F0494S,31,201,45
2025/06/21 06:35,05F0439S,05F0494S,32,200,10
2025/06/21 06:35,05F0439S,05F0494S,41,201,1
2025/06/21 06:35,05F0439S,05F0494S,42,0,0
2025/06/21 06:35,05F0439S,05F0494S,5,258,1
2025/06/21 06:40,05F0000S,05F0055S,31,320,163
2025/06/21 06:40,05F0000S,05F0055S,32,318,53
2025/06/21 06:40,05F0000S,05F0055S,41,321,4
2025/06/21 06:40,05F0000S,05F0055S,42,0,0
2025/06/21 06:40,05F0000S,05F0055S,5,0,0
2025/06/21 06:40,05F0055S,05F0287S,31,1095,128
2025/06/21 06:40,05F0055S,05F0287S,32,1104,43
2025/06/21 06:40,05F0055S,05F0287S,41,1113,4
2025/06/21 06:40,05F0055S,05F0287S,42,0,0
2025/06/21 06:40,05F0055S,05F0287S,5,0,0
2025/06/21 06:40,05F0287S,05F0309S,31,85,84
2025/06/21 06:40,05F0287S,05F0309S,32,88,27
2025/06/21 06:40,05F0287S,05F0309S,41,96,2
2025/06/21 06:40,05F0287S,05F0309S,42,0,0
2025/06/21 06:40,05F0287S,05F0309S,5,0,0
2025/06/21 06:40,05F0309S,05F0439S,31,473,71
2025/06/21 06:40,05F0309S,05F0439S,32,467,22
2025/06/21 06:40,05F0309S,05F0439S,41,0,0
2025/06/21 06:40,05F0309S,05F0439S,42,494,3
2025/06/21 06:40,05F0309S,05F0439S,5,505,4
2025/06/21 06:40,05F0439S,05F0494S,31,194,41
2025/06/21 06:40,05F0439S,05F0494S,32,198,16
2025/06/21 06:40,05F0439S,05F0494S,41,0,0
2025/06/21 06:40,05F0439S,05F0494S,42,0,0
2025/06/21 06:40,05F0439S,05F0494S,5,215,4
2025/06/21 06:45,05F0000S,05F0055S,31,299,174
2025/06/21 06:45,05F0000S,05F0055S,32,298,38
2025/06/21 06:45,05F0000S,05F0055S,41,283,2
2025/06/21 06:45,05F0000S,05F0055S,42,0,0
2025/06/21 06:45,05F0000S,05F0055S,5,0,0
2025/06/21 06:45,05F0055S,05F0287S,31,1131,157
2025/06/21 06:45,05F0055S,05F0287S,32,1130,47
2025/06/21 06:45,05F0055S,05F0287S,41,1132,2
2025/06/21 06:45,05F0055S,05F0287S,42,0,0
2025/06/21 06:45,05F0055S,05F0287S,5,0,0
2025/06/21 06:45,05F0287S,05F0309S,31,85,123
2025/06/21 06:45,05F0287S,05F0309S,32,87,36
2025/06/21 06:45,05F0287S,05F0309S,41,95,1
2025/06/21 06:45,05F0287S,05F0309S,42,0,0
2025/06/21 06:45,05F0287S,05F0309S,5,0,0
2025/06/21 06:45,05F0309S,05F0439S,31,474,70
2025/06/21 06:45,05F0309S,05F0439S,32,488,18
2025/06/21 06:45,05F0309S,05F0439S,41,0,0
2025/06/21 06:45,05F0309S,05F0439S,42,476,1
2025/06/21 06:45,05F0309S,05F0439S,5,533,1
2025/06/21 06:45,05F0439S,05F0494S,31,199,40
2025/06/21 06:45,05F0439S,05F0494S,32,198,14
2025/06/21 06:45,05F0439S,05F0494S,41,0,0
2025/06/21 06:45,05F0439S,05F0494S,42,214,3
2025/06/21 06:45,05F0439S,05F0494S,5,221,6
2025/06/21 06:50,05F0000S,05F0055S,31,316,159
2025/06/21 06:50,05F0000S,05F0055S,32,317,39
2025/06/21 06:50,05F0000S,05F0055S,41,300,3
2025/06/21 06:50,05F0000S,05F0055S,42,0,0
2025/06/21 06:50,05F0000S,05F0055S,5,0,0
2025/06/21 06:50,05F0055S,05F0287S,31,1181,149
2025/06/21 06:50,05F0055S,05F0287S,32,1171,38
2025/06/21 06:50,05F0055S,05F0287S,41,1176,4
2025/06/21 06:50,05F0055S,05F0287S,42,0,0
2025/06/21 06:50,05F0055S,05F0287S,5,0,0
2025/06/21 06:50,05F0287S,05F0309S,31,89,101
2025/06/21 06:50,05F0287S,05F0309S,32,89,23
2025/06/21 06:50,05F0287S,05F0309S,41,0,0
2025/06/21 06:50,05F0287S,05F0309S,42,0,0
2025/06/21 06:50,05F0287S,05F0309S,5,0,0
2025/06/21 06:50,05F0309S,05F0439S,31,479,58
2025/06/21 06:50,05F0309S,05F0439S,32,488,20
2025/06/21 06:50,05F0309S,05F0439S,41,539,2
2025/06/21 06:50,05F0309S,05F0439S,42,526,2
2025/06/21 06:50,05F0309S,05F0439S,5,532,5
2025/06/21 06:50,05F0439S,05F0494S,31,196,38
2025/06/21 06:50,05F0439S,05F0494S,32,207,11
2025/06/21 06:50,05F0439S,05F0494S,41,0,0
2025/06/21 06:50,05F0439S,05F0494S,42,221,1
2025/06/21 06:50,05F0439S,05F0494S,5,225,1
2025/06/21 06:55,05F0000S,05F0055S,31,342,142
2025/06/21 06:55,05F0000S,05F0055S,32,344,41
2025/06/21 06:55,05F0000S,05F0055S,41,329,5
2025/06/21 06:55,05F0000S,05F0055S,42,0,0
2025/06/21 06:55,05F0000S,05F0055S,5,0,0
2025/06/21 06:55,05F0055S,05F0287S,31,1201,164
2025/06/21 06:55,05F0055S,05F0287S,32,1195,40
2025/06/21 06:55,05F0055S,05F0287S,41,1213,2
2025/06/21 06:55,05F0055S,05F0287S,42,0,0
2025/06/21 06:55,05F0055S,05F0287S,5,0,0
2025/06/21 06:55,05F0287S,05F0309S,31,88,117
2025/06/21 06:55,05F0287S,05F0309S,32,88,33
2025/06/21 06:55,05F0287S,05F0309S,41,93,3
2025/06/21 06:55,05F0287S,05F0309S,42,0,0
2025/06/21 06:55,05F0287S,05F0309S,5,0,0
2025/06/21 06:55,05F0309S,05F0439S,31,478,58
2025/06/21 06:55,05F0309S,05F0439S,32,488,20
2025/06/21 06:55,05F0309S,05F0439S,41,0,0
2025/06/21 06:55,05F0309S,05F0439S,42,549,4
2025/06/21 06:55,05F0309S,05F0439S,5,535,5
2025/06/21 06:55,05F0439S,05F0494S,31,200,46
2025/06/21 06:55,05F0439S,05F0494S,32,204,13
2025/06/21 06:55,05F0439S,05F0494S,41,230,1
2025/06/21 06:55,05F0439S,05F0494S,42,194,1
2025/06/21 06:55,05F0439S,05F0494S,5,216,4
2025/06/21 07:00,05F0000S,05F0055S,31,372,166
2025/06/21 07:00,05F0000S,05F0055S,32,372,38
2025/06/21 07:00,05F0000S,05F0055S,41,362,4
2025/06/21 07:00,05F0000S,05F0055S,42,0,0
2025/06/21 07:00,05F0000S,05F0055S,5,0,0
2025/06/21 07:00,05F0055S,05F0287S,31,1255,161
2025/06/21 07:00,05F0055S,05F0287S,32,1253,45
2025/06/21 07:00,05F0055S,05F0287S,41,1252,3
2025/06/21 07:00,05F0055S,05F0287S,42,0,0
2025/06/21 07:00,05F0055S,05F0287S,5,0,0
2025/06/21 07:00,05F0287S,05F0309S,31,87,112
2025/06/21 07:00,05F0287S,05F0309S,32,89,37
2025/06/21 07:00,05F0287S,05F0309S,41,97,1
2025/06/21 07:00,05F0287S,05F0309S,42,0,0
2025/06/21 07:00,05F0287S,05F0309S,5,0,0
2025/06/21 07:00,05F0309S,05F0439S,31,489,70
2025/06/21 07:00,05F0309S,05F0439S,32,492,19
2025/06/21 07:00,05F0309S,05F0439S,41,517,2
2025/06/21 07:00,05F0309S,05F0439S,42,535,2
2025/06/21 07:00,05F0309S,05F0439S,5,528,4
2025/06/21 07:00,05F0439S,05F0494S,31,203,29
2025/06/21 07:00,05F0439S,05F0494S,32,207,12
2025/06/21 07:00,05F0439S,05F0494S,41,0,0
2025/06/21 07:00,05F0439S,05F0494S,42,240,2
2025/06/21 07:00,05F0439S,05F0494S,5,217,8
2025/06/21 07:05,05F0000S,05F0055S,31,390,157
2025/06/21 07:05,05F0000S,05F0055S,32,393,48
2025/06/21 07:05,05F0000S,05F0055S,41,374,10
2025/06/21 07:05,05F0000S,05F0055S,42,0,0
2025/06/21 07:05,05F0000S,05F0055S,5,0,0
2025/06/21 07:05,05F0055S,05F0287S,31,1291,169
2025/06/21 07:05,05F0055S,05F0287S,32,1249,38
2025/06/21 07:05,05F0055S,05F0287S,41,1239,3
2025/06/21 07:05,05F0055S,05F0287S,42,0,0
2025/06/21 07:05,05F0055S,05F0287S,5,0,0
2025/06/21 07:05,05F0287S,05F0309S,31,90,110
2025/06/21 07:05,05F0287S,05F0309S,32,90,28
2025/06/21 07:05,05F0287S,05F0309S,41,96,5
2025/06/21 07:05,05F0287S,05F0309S,42,0,0
2025/06/21 07:05,05F0287S,05F0309S,5,0,0
2025/06/21 07:05,05F0309S,05F0439S,31,488,75
2025/06/21 07:05,05F0309S,05F0439S,32,484,24
2025/06/21 07:05,05F0309S,05F0439S,41,535,1
2025/06/21 07:05,05F0309S,05F0439S,42,0,0
2025/06/21 07:05,05F0309S,05F0439S,5,0,0
2025/06/21 07:05,05F0439S,05F0494S,31,202,35
2025/06/21 07:05,05F0439S,05F0494S,32,197,11
2025/06/21 07:05,05F0439S,05F0494S,41,219,2
2025/06/21 07:05,05F0439S,05F0494S,42,226,1
2025/06/21 07:05,05F0439S,05F0494S,5,220,1
2025/06/21 07:10,05F0000S,05F0055S,31,399,166
2025/06/21 07:10,05F0000S,05F0055S,32,402,39
2025/06/21 07:10,05F0000S,05F0055S,41,358,1
2025/06/21 07:10,05F0000S,05F0055S,42,0,0
2025/06/21 07:10,05F0000S,05F0055S,5,0,0
2025/06/21 07:10,05F0055S,05F0287S,31,1331,141
2025/06/21 07:10,05F0055S,05F0287S,32,1323,35
2025/06/21 07:10,05F0055S,05F0287S,41,1293,5
2025/06/21 07:10,05F0055S,05F0287S,42,0,0
2025/06/21 07:10,05F0055S,05F0287S,5,0,0
2025/06/21 07:10,05F0287S,05F0309S,31,87,108
2025/06/21 07:10,05F0287S,05F0309S,32,89,22
2025/06/21 07:10,05F0287S,05F0309S,41,92,2
2025/06/21 07:10,05F0287S,05F0309S,42,0,0
2025/06/21 07:10,05F0287S,05F0309S,5,0,0
2025/06/21 07:10,05F0309S,05F0439S,31,478,69
2025/06/21 07:10,05F0309S,05F0439S,32,478,30
2025/06/21 07:10,05F0309S,05F0439S,41,0,0
2025/06/21 07:10,05F0309S,05F0439S,42,0,0
2025/06/21 07:10,05F0309S,05F0439S,5,616,1
2025/06/21 07:10,05F0439S,05F0494S,31,195,50
2025/06/21 07:10,05F0439S,05F0494S,32,200,16
2025/06/21 07:10,05F0439S,05F0494S,41,0,0
2025/06/21 07:10,05F0439S,05F0494S,42,1007,2
2025/06/21 07:10,05F0439S,05F0494S,5,0,0
2025/06/21 07:15,05F0000S,05F0055S,31,415,158
2025/06/21 07:15,05F0000S,05F0055S,32,413,44
2025/06/21 07:15,05F0000S,05F0055S,41,369,9
2025/06/21 07:15,05F0000S,05F0055S,42,0,0
2025/06/21 07:15,05F0000S,05F0055S,5,0,0
2025/06/21 07:15,05F0055S,05F0287S,31,1372,151
2025/06/21 07:15,05F0055S,05F0287S,32,1372,45
2025/06/21 07:15,05F0055S,05F0287S,41,1309,5
2025/06/21 07:15,05F0055S,05F0287S,42,0,0
2025/06/21 07:15,05F0055S,05F0287S,5,0,0
2025/06/21 07:15,05F0287S,05F0309S,31,88,106
2025/06/21 07:15,05F0287S,05F0309S,32,88,28
2025/06/21 07:15,05F0287S,05F0309S,41,94,9
2025/06/21 07:15,05F0287S,05F0309S,42,0,0
2025/06/21 07:15,05F0287S,05F0309S,5,0,0
2025/06/21 07:15,05F0309S,05F0439S,31,483,92
2025/06/21 07:15,05F0309S,05F0439S,32,485,22
2025/06/21 07:15,05F0309S,05F0439S,41,523,5
2025/06/21 07:15,05F0309S,05F0439S,42,0,0
2025/06/21 07:15,05F0309S,05F0439S,5,552,4
2025/06/21 07:15,05F0439S,05F0494S,31,195,46
2025/06/21 07:15,05F0439S,05F0494S,32,200,23
2025/06/21 07:15,05F0439S,05F0494S,41,206,1
2025/06/21 07:15,05F0439S,05F0494S,42,0,0
2025/06/21 07:15,05F0439S,05F0494S,5,230,4
2025/06/21 07:20,05F0000S,05F0055S,31,423,155
2025/06/21 07:20,05F0000S,05F0055S,32,421,49
2025/06/21 07:20,05F0000S,05F0055S,41,377,11
2025/06/21 07:20,05F0000S,05F0055S,42,0,0
2025/06/21 07:20,05F0000S,05F0055S,5,0,0
2025/06/21 07:20,05F0055S,05F0287S,31,1404,155
2025/06/21 07:20,05F0055S,05F0287S,32,1409,33
2025/06/21 07:20,05F0055S,05F0287S,41,1333,5
2025/06/21 07:20,05F0055S,05F0287S,42,0,0
2025/06/21 07:20,05F0055S,05F0287S,5,0,0
2025/06/21 07:20,05F0287S,05F0309S,31,91,97
2025/06/21 07:20,05F0287S,05F0309S,32,91,25
2025/06/21 07:20,05F0287S,05F0309S,41,99,3
2025/06/21 07:20,05F0287S,05F0309S,42,0,0
2025/06/21 07:20,05F0287S,05F0309S,5,0,0
2025/06/21 07:20,05F0309S,05F0439S,31,476,75
2025/06/21 07:20,05F0309S,05F0439S,32,496,18
2025/06/21 07:20,05F0309S,05F0439S,41,536,2
2025/06/21 07:20,05F0309S,05F0439S,42,0,0
2025/06/21 07:20,05F0309S,05F0439S,5,520,3
2025/06/21 07:20,05F0439S,05F0494S,31,204,49
2025/06/21 07:20,05F0439S,05F0494S,32,206,11
2025/06/21 07:20,05F0439S,05F0494S,41,214,2
2025/06/21 07:20,05F0439S,05F0494S,42,0,0
2025/06/21 07:20,05F0439S,05F0494S,5,235,3
2025/06/21 07:25,05F0000S,05F0055S,31,417,168
2025/06/21 07:25,05F0000S,05F0055S,32,418,45
2025/06/21 07:25,05F0000S,05F0055S,41,376,7
2025/06/21 07:25,05F0000S,05F0055S,42,0,0
2025/06/21 07:25,05F0000S,05F0055S,5,0,0
2025/06/21 07:25,05F0055S,05F0287S,31,1443,153
2025/06/21 07:25,05F0055S,05F0287S,32,1460,41
2025/06/21 07:25,05F0055S,05F0287S,41,1382,9
2025/06/21 07:25,05F0055S,05F0287S,42,0,0
2025/06/21 07:25,05F0055S,05F0287S,5,0,0
2025/06/21 07:25,05F0287S,05F0309S,31,87,104
2025/06/21 07:25,05F0287S,05F0309S,32,89,20
2025/06/21 07:25,05F0287S,05F0309S,41,100,4
2025/06/21 07:25,05F0287S,05F0309S,42,0,0
2025/06/21 07:25,05F0287S,05F0309S,5,0,0
2025/06/21 07:25,05F0309S,05F0439S,31,491,65
2025/06/21 07:25,05F0309S,05F0439S,32,488,24
2025/06/21 07:25,05F0309S,05F0439S,41,516,7
2025/06/21 07:25,05F0309S,05F0439S,42,510,3
2025/06/21 07:25,05F0309S,05F0439S,5,541,4
2025/06/21 07:25,05F0439S,05F0494S,31,192,37
2025/06/21 07:25,05F0439S,05F0494S,32,206,19
2025/06/21 07:25,05F0439S,05F0494S,41,219,4
2025/06/21 07:25,05F0439S,05F0494S,42,0,0
2025/06/21 07:25,05F0439S,05F0494S,5,220,1
2025/06/21 07:30,05F0000S,05F0055S,31,388,168
2025/06/21 07:30,05F0000S,05F0055S,32,393,48
2025/06/21 07:30,05F0000S,05F0055S,41,332,15
2025/06/21 07:30,05F0000S,05F0055S,42,0,0
2025/06/21 07:30,05F0000S,05F0055S,5,0,0
2025/06/21 07:30,05F0055S,05F0287S,31,1482,145
2025/06/21 07:30,05F0055S,05F0287S,32,1478,40
2025/06/21 07:30,05F0055S,05F0287S,41,1438,9
2025/06/21 07:30,05F0055S,05F0287S,42,0,0
2025/06/21 07:30,05F0055S,05F0287S,5,0,0
2025/06/21 07:30,05F0287S,05F0309S,31,88,95
2025/06/21 07:30,05F0287S,05F0309S,32,89,25
2025/06/21 07:30,05F0287S,05F0309S,41,91,8
2025/06/21 07:30,05F0287S,05F0309S,42,0,0
2025/06/21 07:30,05F0287S,05F0309S,5,0,0
2025/06/21 07:30,05F0309S,05F0439S,31,485,79
2025/06/21 07:30,05F0309S,05F0439S,32,518,17
2025/06/21 07:30,05F0309S,05F0439S,41,0,0
2025/06/21 07:30,05F0309S,05F0439S,42,0,0
2025/06/21 07:30,05F0309S,05F0439S,5,530,2
2025/06/21 07:30,05F0439S,05F0494S,31,204,41
2025/06/21 07:30,05F0439S,05F0494S,32,204,19
2025/06/21 07:30,05F0439S,05F0494S,41,226,4
2025/06/21 07:30,05F0439S,05F0494S,42,0,0
2025/06/21 07:30,05F0439S,05F0494S,5,224,5
2025/06/21 07:35,05F0000S,05F0055S,31,350,156
2025/06/21 07:35,05F0000S,05F0055S,32,346,42
2025/06/21 07:35,05F0000S,05F0055S,41,1611,6
2025/06/21 07:35,05F0000S,05F0055S,42,0,0
2025/06/21 07:35,05F0000S,05F0055S,5,0,0
2025/06/21 07:35,05F0055S,05F0287S,31,1530,156
2025/06/21 07:35,05F0055S,05F0287S,32,1523,40
2025/06/21 07:35,05F0055S,05F0287S,41,1446,5
2025/06/21 07:35,05F0055S,05F0287S,42,0,0
2025/06/21 07:35,05F0055S,05F0287S,5,0,0
2025/06/21 07:35,05F0287S,05F0309S,31,90,108
2025/06/21 07:35,05F0287S,05F0309S,32,93,31
2025/06/21 07:35,05F0287S,05F0309S,41,94,1
2025/06/21 07:35,05F0287S,05F0309S,42,0,0
2025/06/21 07:35,05F0287S,05F0309S,5,0,0
2025/06/21 07:35,05F0309S,05F0439S,31,478,70
2025/06/21 07:35,05F0309S,05F0439S,32,478,21
2025/06/21 07:35,05F0309S,05F0439S,41,541,4
2025/06/21 07:35,05F0309S,05F0439S,42,0,0
2025/06/21 07:35,05F0309S,05F0439S,5,526,3
2025/06/21 07:35,05F0439S,05F0494S,31,194,51
2025/06/21 07:35,05F0439S,05F0494S,32,218,8
2025/06/21 07:35,05F0439S,05F0494S,41,0,0
2025/06/21 07:35,05F0439S,05F0494S,42,0,0
2025/06/21 07:35,05F0439S,05F0494S,5,213,2
2025/06/21 07:40,05F0000S,05F0055S,31,356,146
2025/06/21 07:40,05F0000S,05F0055S,32,356,42
2025/06/21 07:40,05F0000S,05F0055S,41,358,7
2025/06/21 07:40,05F0000S,05F0055S,42,0,0
2025/06/21 07:40,05F0000S,05F0055S,5,0,0
2025/06/21 07:40,05F0055S,05F0287S,31,1539,152
2025/06/21 07:40,05F0055S,05F0287S,32,1543,39
2025/06/21 07:40,05F0055S,05F0287S,41,1536,9
2025/06/21 07:40,05F0055S,05F0287S,42,0,0
2025/06/21 07:40,05F0055S,05F0287S,5,0,0
2025/06/21 07:40,05F0287S,05F0309S,31,90,113
2025/06/21 07:40,05F0287S,05F0309S,32,90,27
2025/06/21 07:40,05F0287S,05F0309S,41,95,2
2025/06/21 07:40,05F0287S,05F0309S,42,0,0
2025/06/21 07:40,05F0287S,05F0309S,5,0,0
2025/06/21 07:40,05F0309S,05F0439S,31,483,59
2025/06/21 07:40,05F0309S,05F0439S,32,490,22
2025/06/21 07:40,05F0309S,05F0439S,41,528,7
2025/06/21 07:40,05F0309S,05F0439S,42,0,0
2025/06/21 07:40,05F0309S,05F0439S,5,516,5
2025/06/21 07:40,05F0439S,05F0494S,31,197,38
2025/06/21 07:40,05F0439S,05F0494S,32,198,20
2025/06/21 07:40,05F0439S,05F0494S,41,223,4
2025/06/21 07:40,05F0439S,05F0494S,42,0,0
2025/06/21 07:40,05F0439S,05F0494S,5,223,3
2025/06/21 07:45,05F0000S,05F0055S,31,382,152
2025/06/21 07:45,05F0000S,05F0055S,32,380,41
2025/06/21 07:45,05F0000S,05F0055S,41,380,5
2025/06/21 07:45,05F0000S,05F0055S,42,0,0
2025/06/21 07:45,05F0000S,05F0055S,5,0,0
2025/06/21 07:45,05F0055S,05F0287S,31,1571,148
2025/06/21 07:45,05F0055S,05F0287S,32,1567,47
2025/06/21 07:45,05F0055S,05F0287S,41,1566,4
2025/06/21 07:45,05F0055S,05F0287S,42,0,0
2025/06/21 07:45,05F0055S,05F0287S,5,0,0
2025/06/21 07:45,05F0287S,05F0309S,31,89,89
2025/06/21 07:45,05F0287S,05F0309S,32,89,26
2025/06/21 07:45,05F0287S,05F0309S,41,94,8
2025/06/21 07:45,05F0287S,05F0309S,42,0,0
2025/06/21 07:45,05F0287S,05F0309S,5,0,0
2025/06/21 07:45,05F0309S,05F0439S,31,481,74
2025/06/21 07:45,05F0309S,05F0439S,32,497,14
2025/06/21 07:45,05F0309S,05F0439S,41,0,0
2025/06/21 07:45,05F0309S,05F0439S,42,479,3
2025/06/21 07:45,05F0309S,05F0439S,5,514,4
2025/06/21 07:45,05F0439S,05F0494S,31,202,41
2025/06/21 07:45,05F0439S,05F0494S,32,204,16
2025/06/21 07:45,05F0439S,05F0494S,41,228,2
2025/06/21 07:45,05F0439S,05F0494S,42,201,1
2025/06/21 07:45,05F0439S,05F0494S,5,220,6
2025/06/21 07:50,05F0000S,05F0055S,31,401,144
2025/06/21 07:50,05F0000S,05F0055S,32,407,44
2025/06/21 07:50,05F0000S,05F0055S,41,398,9
2025/06/21 07:50,05F0000S,05F0055S,42,0,0
2025/06/21 07:50,05F0000S,05F0055S,5,0,0
2025/06/21 07:50,05F0055S,05F0287S,31,1609,151
2025/06/21 07:50,05F0055S,05F0287S,32,1611,42
2025/06/21 07:50,05F0055S,05F0287S,41,1608,12
2025/06/21 07:50,05F0055S,05F0287S,42,0,0
2025/06/21 07:50,05F0055S,05F0287S,5,0,0
2025/06/21 07:50,05F0287S,05F0309S,31,89,109
2025/06/21 07:50,05F0287S,05F0309S,32,90,22
2025/06/21 07:50,05F0287S,05F0309S,41,93,11
2025/06/21 07:50,05F0287S,05F0309S,42,0,0
2025/06/21 07:50,05F0287S,05F0309S,5,0,0
2025/06/21 07:50,05F0309S,05F0439S,31,492,63
2025/06/21 07:50,05F0309S,05F0439S,32,494,16
2025/06/21 07:50,05F0309S,05F0439S,41,518,4
2025/06/21 07:50,05F0309S,05F0439S,42,500,1
2025/06/21 07:50,05F0309S,05F0439S,5,0,0
2025/06/21 07:50,05F0439S,05F0494S,31,200,35
2025/06/21 07:50,05F0439S,05F0494S,32,201,11
2025/06/21 07:50,05F0439S,05F0494S,41,228,1
2025/06/21 07:50,05F0439S,05F0494S,42,202,1
2025/06/21 07:50,05F0439S,05F0494S,5,207,2
2025/06/21 07:55,05F0000S,05F0055S,31,421,135
2025/06/21 07:55,05F0000S,05F0055S,32,420,41
2025/06/21 07:55,05F0000S,05F0055S,41,425,11
2025/06/21 07:55,05F0000S,05F0055S,42,0,0
2025/06/21 07:55,05F0000S,05F0055S,5,0,0
2025/06/21 07:55,05F0055S,05F0287S,31,1649,148
2025/06/21 07:55,05F0055S,05F0287S,32,1647,41
2025/06/21 07:55,05F0055S,05F0287S,41,1682,12
2025/06/21 07:55,05F0055S,05F0287S,42,0,0
2025/06/21 07:55,05F0055S,05F0287S,5,0,0
2025/06/21 07:55,05F0287S,05F0309S,31,91,110
2025/06/21 07:55,05F0287S,05F0309S,32,91,27
2025/06/21 07:55,05F0287S,05F0309S,41,93,9
2025/06/21 07:55,05F0287S,05F0309S,42,0,0
2025/06/21 07:55,05F0287S,05F0309S,5,0,0
2025/06/21 07:55,05F0309S,05F0439S,31,491,75
2025/06/21 07:55,05F0309S,05F0439S,32,487,18
2025/06/21 07:55,05F0309S,05F0439S,41,554,4
2025/06/21 07:55,05F0309S,05F0439S,42,483,1
2025/06/21 07:55,05F0309S,05F0439S,5,554,3
2025/06/21 07:55,05F0439S,05F0494S,31,203,57
2025/06/21 07:55,05F0439S,05F0494S,32,207,10
2025/06/21 07:55,05F0439S,05F0494S,41,218,4
2025/06/21 07:55,05F0439S,05F0494S,42,246,1
2025/06/21 07:55,05F0439S,05F0494S,5,0,0
2025/06/21 08:00,05F0000S,05F0055S,31,435,156
2025/06/21 08:00,05F0000S,05F0055S,32,439,38
2025/06/21 08:00,05F0000S,05F0055S,41,440,6
2025/06/21 08:00,05F0000S,05F0055S,42,0,0
2025/06/21 08:00,05F0000S,05F0055S,5,0,0
2025/06/21 08:00,05F0055S,05F0287S,31,1691,141
2025/06/21 08:00,05F0055S,05F0287S,32,1685,38
2025/06/21 08:00,05F0055S,05F0287S,41,1745,17
2025/06/21 08:00,05F0055S,05F0287S,42,0,0
2025/06/21 08:00,05F0055S,05F0287S,5,0,0
2025/06/21 08:00,05F0287S,05F0309S,31,91,100
2025/06/21 08:00,05F0287S,05F0309S,32,87,30
2025/06/21 08:00,05F0287S,05F0309S,41,95,7
2025/06/21 08:00,05F0287S,05F0309S,42,0,0
2025/06/21 08:00,05F0287S,05F0309S,5,0,0
2025/06/21 08:00,05F0309S,05F0439S,31,493,81
2025/06/21 08:00,05F0309S,05F0439S,32,498,19
2025/06/21 08:00,05F0309S,05F0439S,41,505,9
2025/06/21 08:00,05F0309S,05F0439S,42,0,0
2025/06/21 08:00,05F0309S,05F0439S,5,540,3
2025/06/21 08:00,05F0439S,05F0494S,31,197,44
2025/06/21 08:00,05F0439S,05F0494S,32,200,13
2025/06/21 08:00,05F0439S,05F0494S,41,217,5
2025/06/21 08:00,05F0439S,05F0494S,42,230,1
2025/06/21 08:00,05F0439S,05F0494S,5,220,2
2025/06/21 08:05,05F0000S,05F0055S,31,430,163
2025/06/21 08:05,05F0000S,05F0055S,32,426,26
2025/06/21 08:05,05F0000S,05F0055S,41,428,11
2025/06/21 08:05,05F0000S,05F0055S,42,0,0
2025/06/21 08:05,05F0000S,05F0055S,5,0,0
2025/06/21 08:05,05F0055S,05F0287S,31,1738,157
2025/06/21 08:05,05F0055S,05F0287S,32,1742,44
2025/06/21 08:05,05F0055S,05F0287S,41,1752,8
2025/06/21 08:05,05F0055S,05F0287S,42,0,0
2025/06/21 08:05,05F0055S,05F0287S,5,0,0
2025/06/21 08:05,05F0287S,05F0309S,31,91,99
2025/06/21 08:05,05F0287S,05F0309S,32,92,24
2025/06/21 08:05,05F0287S,05F0309S,41,96,9
2025/06/21 08:05,05F0287S,05F0309S,42,0,0
2025/06/21 08:05,05F0287S,05F0309S,5,0,0
2025/06/21 08:05,05F0309S,05F0439S,31,486,74
2025/06/21 08:05,05F0309S,05F0439S,32,478,23
2025/06/21 08:05,05F0309S,05F0439S,41,519,5
2025/06/21 08:05,05F0309S,05F0439S,42,0,0
2025/06/21 08:05,05F0309S,05F0439S,5,494,1
2025/06/21 08:05,05F0439S,05F0494S,31,211,47
2025/06/21 08:05,05F0439S,05F0494S,32,215,22
2025/06/21 08:05,05F0439S,05F0494S,41,218,2
2025/06/21 08:05,05F0439S,05F0494S,42,244,1
2025/06/21 08:05,05F0439S,05F0494S,5,226,3
2025/06/21 08:10,05F0000S,05F0055S,31,415,155
2025/06/21 08:10,05F0000S,05F0055S,32,415,29
2025/06/21 08:10,05F0000S,05F0055S,41,424,9
2025/06/21 08:10,05F0000S,05F0055S,42,0,0
2025/06/21 08:10,05F0000S,05F0055S,5,0,0
2025/06/21 08:10,05F0055S,05F0287S,31,1727,155
2025/06/21 08:10,05F0055S,05F0287S,32,1741,42
2025/06/21 08:10,05F0055S,05F0287S,41,1759,12
2025/06/21 08:10,05F0055S,05F0287S,42,0,0
2025/06/21 08:10,05F0055S,05F0287S,5,0,0
2025/06/21 08:10,05F0287S,05F0309S,31,91,109
2025/06/21 08:10,05F0287S,05F0309S,32,93,32
2025/06/21 08:10,05F0287S,05F0309S,41,1094,8
2025/06/21 08:10,05F0287S,05F0309S,42,0,0
2025/06/21 08:10,05F0287S,05F0309S,5,0,0
2025/06/21 08:10,05F0309S,05F0439S,31,484,64
2025/06/21 08:10,05F0309S,05F0439S,32,484,20
2025/06/21 08:10,05F0309S,05F0439S,41,513,5
2025/06/21 08:10,05F0309S,05F0439S,42,555,2
2025/06/21 08:10,05F0309S,05F0439S,5,0,0
2025/06/21 08:10,05F0439S,05F0494S,31,202,38
2025/06/21 08:10,05F0439S,05F0494S,32,205,13
2025/06/21 08:10,05F0439S,05F0494S,41,235,2
2025/06/21 08:10,05F0439S,05F0494S,42,0,0
2025/06/21 08:10,05F0439S,05F0494S,5,208,1
2025/06/21 08:15,05F0000S,05F0055S,31,375,155
2025/06/21 08:15,05F0000S,05F0055S,32,393,43
2025/06/21 08:15,05F0000S,05F0055S,41,370,6
2025/06/21 08:15,05F0000S,05F0055S,42,0,0
2025/06/21 08:15,05F0000S,05F0055S,5,0,0
2025/06/21 08:15,05F0055S,05F0287S,31,1739,171
2025/06/21 08:15,05F0055S,05F0287S,32,1742,37
2025/06/21 08:15,05F0055S,05F0287S,41,1777,4
2025/06/21 08:15,05F0055S,05F0287S,42,0,0
2025/06/21 08:15,05F0055S,05F0287S,5,0,0
2025/06/21 08:15,05F0287S,05F0309S,31,92,130
2025/06/21 08:15,05F0287S,05F0309S,32,91,35
2025/06/21 08:15,05F0287S,05F0309S,41,108,3
2025/06/21 08:15,05F0287S,05F0309S,42,0,0
2025/06/21 08:15,05F0287S,05F0309S,5,0,0
2025/06/21 08:15,05F0309S,05F0439S,31,494,70
2025/06/21 08:15,05F0309S,05F0439S,32,504,9
2025/06/21 08:15,05F0309S,05F0439S,41,552,8
2025/06/21 08:15,05F0309S,05F0439S,42,0,0
2025/06/21 08:15,05F0309S,05F0439S,5,521,2
2025/06/21 08:15,05F0439S,05F0494S,31,202,40
2025/06/21 08:15,05F0439S,05F0494S,32,207,7
2025/06/21 08:15,05F0439S,05F0494S,41,219,2
2025/06/21 08:15,05F0439S,05F0494S,42,235,2
2025/06/21 08:15,05F0439S,05F0494S,5,0,0
2025/06/21 08:20,05F0000S,05F0055S,31,358,145
2025/06/21 08:20,05F0000S,05F0055S,32,358,39
2025/06/21 08:20,05F0000S,05F0055S,41,354,9
2025/06/21 08:20,05F0000S,05F0055S,42,0,0
2025/06/21 08:20,05F0000S,05F0055S,5,0,0
2025/06/21 08:20,05F0055S,05F0287S,31,1736,133
2025/06/21 08:20,05F0055S,05F0287S,32,1744,44
2025/06/21 08:20,05F0055S,05F0287S,41,1776,17
2025/06/21 08:20,05F0055S,05F0287S,42,0,0
2025/06/21 08:20,05F0055S,05F0287S,5,0,0
2025/06/21 08:20,05F0287S,05F0309S,31,90,111
2025/06/21 08:20,05F0287S,05F0309S,32,90,31
2025/06/21 08:20,05F0287S,05F0309S,41,99,3
2025/06/21 08:20,05F0287S,05F0309S,42,0,0
2025/06/21 08:20,05F0287S,05F0309S,5,0,0
2025/06/21 08:20,05F0309S,05F0439S,31,502,79
2025/06/21 08:20,05F0309S,05F0439S,32,512,24
2025/06/21 08:20,05F0309S,05F0439S,41,520,3
2025/06/21 08:20,05F0309S,05F0439S,42,0,0
2025/06/21 08:20,05F0309S,05F0439S,5,496,1
2025/06/21 08:20,05F0439S,05F0494S,31,208,48
2025/06/21 08:20,05F0439S,05F0494S,32,212,11
2025/06/21 08:20,05F0439S,05F0494S,41,228,8
2025/06/21 08:20,05F0439S,05F0494S,42,0,0
2025/06/21 08:20,05F0439S,05F0494S,5,219,2
2025/06/21 08:25,05F0000S,05F0055S,31,354,138
2025/06/21 08:25,05F0000S,05F0055S,32,350,44
2025/06/21 08:25,05F0000S,05F0055S,41,330,6
2025/06/21 08:25,05F0000S,05F0055S,42,0,0
2025/06/21 08:25,05F0000S,05F0055S,5,0,0
2025/06/21 08:25,05F0055S,05F0287S,31,1777,133
2025/06/21 08:25,05F0055S,05F0287S,32,1776,44
2025/06/21 08:25,05F0055S,05F0287S,41,1782,13
2025/06/21 08:25,05F0055S,05F0287S,42,0,0
2025/06/21 08:25,05F0055S,05F0287S,5,0,0
2025/06/21 08:25,05F0287S,05F0309S,31,91,91
2025/06/21 08:25,05F0287S,05F0309S,32,93,30
2025/06/21 08:25,05F0287S,05F0309S,41,98,8
2025/06/21 08:25,05F0287S,05F0309S,42,1131,3
2025/06/21 08:25,05F0287S,05F0309S,5,0,0
2025/06/21 08:25,05F0309S,05F0439S,31,496,81
2025/06/21 08:25,05F0309S,05F0439S,32,512,29
2025/06/21 08:25,05F0309S,05F0439S,41,637,1
2025/06/21 08:25,05F0309S,05F0439S,42,551,1
2025/06/21 08:25,05F0309S,05F0439S,5,487,2
2025/06/21 08:25,05F0439S,05F0494S,31,205,40
2025/06/21 08:25,05F0439S,05F0494S,32,206,17
2025/06/21 08:25,05F0439S,05F0494S,41,217,2
2025/06/21 08:25,05F0439S,05F0494S,42,213,1
2025/06/21 08:25,05F0439S,05F0494S,5,218,2
2025/06/21 08:30,05F0000S,05F0055S,31,357,140
2025/06/21 08:30,05F0000S,05F0055S,32,359,36
2025/06/21 08:30,05F0000S,05F0055S,41,301,5
2025/06/21 08:30,05F0000S,05F0055S,42,0,0
2025/06/21 08:30,05F0000S,05F0055S,5,0,0
2025/06/21 08:30,05F0055S,05F0287S,31,1783,168
2025/06/21 08:30,05F0055S,05F0287S,32,1784,35
2025/06/21 08:30,05F0055S,05F0287S,41,1735,10
2025/06/21 08:30,05F0055S,05F0287S,42,0,0
2025/06/21 08:30,05F0055S,05F0287S,5,0,0
2025/06/21 08:30,05F0287S,05F0309S,31,91,112
2025/06/21 08:30,05F0287S,05F0309S,32,91,28
2025/06/21 08:30,05F0287S,05F0309S,41,104,4
2025/06/21 08:30,05F0287S,05F0309S,42,0,0
2025/06/21 08:30,05F0287S,05F0309S,5,0,0
2025/06/21 08:30,05F0309S,05F0439S,31,496,59
2025/06/21 08:30,05F0309S,05F0439S,32,493,21
2025/06/21 08:30,05F0309S,05F0439S,41,535,1
2025/06/21 08:30,05F0309S,05F0439S,42,535,1
2025/06/21 08:30,05F0309S,05F0439S,5,543,2
2025/06/21 08:30,05F0439S,05F0494S,31,204,39
2025/06/21 08:30,05F0439S,05F0494S,32,214,13
2025/06/21 08:30,05F0439S,05F0494S,41,243,1
2025/06/21 08:30,05F0439S,05F0494S,42,226,2
2025/06/21 08:30,05F0439S,05F0494S,5,201,1
2025/06/21 08:35,05F0000S,05F0055S,31,350,135
2025/06/21 08:35,05F0000S,05F0055S,32,350,39
2025/06/21 08:35,05F0000S,05F0055S,41,317,6
2025/06/21 08:35,05F0000S,05F0055S,42,0,0
2025/06/21 08:35,05F0000S,05F0055S,5,0,0
2025/06/21 08:35,05F0055S,05F0287S,31,1797,166
2025/06/21 08:35,05F0055S,05F0287S,32,1800,27
2025/06/21 08:35,05F0055S,05F0287S,41,1729,20
2025/06/21 08:35,05F0055S,05F0287S,42,0,0
2025/06/21 08:35,05F0055S,05F0287S,5,0,0
2025/06/21 08:35,05F0287S,05F0309S,31,91,118
2025/06/21 08:35,05F0287S,05F0309S,32,92,19
2025/06/21 08:35,05F0287S,05F0309S,41,98,18
2025/06/21 08:35,05F0287S,05F0309S,42,0,0
2025/06/21 08:35,05F0287S,05F0309S,5,0,0
2025/06/21 08:35,05F0309S,05F0439S,31,486,76
2025/06/21 08:35,05F0309S,05F0439S,32,506,26
2025/06/21 08:35,05F0309S,05F0439S,41,539,6
2025/06/21 08:35,05F0309S,05F0439S,42,538,3
2025/06/21 08:35,05F0309S,05F0439S,5,555,3
2025/06/21 08:35,05F0439S,05F0494S,31,200,26
2025/06/21 08:35,05F0439S,05F0494S,32,201,11
2025/06/21 08:35,05F0439S,05F0494S,41,225,1
2025/06/21 08:35,05F0439S,05F0494S,42,231,1
2025/06/21 08:35,05F0439S,05F0494S,5,228,2
2025/06/21 08:40,05F0000S,05F0055S,31,322,151
2025/06/21 08:40,05F0000S,05F0055S,32,314,25
2025/06/21 08:40,05F0000S,05F0055S,41,305,7
2025/06/21 08:40,05F0000S,05F0055S,42,0,0
2025/06/21 08:40,05F0000S,05F0055S,5,0,0
2025/06/21 08:40,05F0055S,05F0287S,31,1817,162
2025/06/21 08:40,05F0055S,05F0287S,32,1822,28
2025/06/21 08:40,05F0055S,05F0287S,41,1669,11
2025/06/21 08:40,05F0055S,05F0287S,42,0,0
2025/06/21 08:40,05F0055S,05F0287S,5,0,0
2025/06/21 08:40,05F0287S,05F0309S,31,92,124
2025/06/21 08:40,05F0287S,05F0309S,32,93,18
2025/06/21 08:40,05F0287S,05F0309S,41,97,7
2025/06/21 08:40,05F0287S,05F0309S,42,0,0
2025/06/21 08:40,05F0287S,05F0309S,5,0,0
2025/06/21 08:40,05F0309S,05F0439S,31,496,79
2025/06/21 08:40,05F0309S,05F0439S,32,513,15
2025/06/21 08:40,05F0309S,05F0439S,41,526,5
2025/06/21 08:40,05F0309S,05F0439S,42,0,0
2025/06/21 08:40,05F0309S,05F0439S,5,558,5
2025/06/21 08:40,05F0439S,05F0494S,31,205,40
2025/06/21 08:40,05F0439S,05F0494S,32,211,7
2025/06/21 08:40,05F0439S,05F0494S,41,239,3
2025/06/21 08:40,05F0439S,05F0494S,42,236,1
2025/06/21 08:40,05F0439S,05F0494S,5,218,3
2025/06/21 08:45,05F0000S,05F0055S,31,289,153
2025/06/21 08:45,05F0000S,05F0055S,32,288,32
2025/06/21 08:45,05F0000S,05F0055S,41,293,8
2025/06/21 08:45,05F0000S,05F0055S,42,0,0
2025/06/21 08:45,05F0000S,05F0055S,5,0,0
2025/06/21 08:45,05F0055S,05F0287S,31,1821,163
2025/06/21 08:45,05F0055S,05F0287S,32,1824,41
2025/06/21 08:45,05F0055S,05F0287S,41,1687,18
2025/06/21 08:45,05F0055S,05F0287S,42,0,0
2025/06/21 08:45,05F0055S,05F0287S,5,0,0
2025/06/21 08:45,05F0287S,05F0309S,31,89,102
2025/06/21 08:45,05F0287S,05F0309S,32,91,31
2025/06/21 08:45,05F0287S,05F0309S,41,92,9
2025/06/21 08:45,05F0287S,05F0309S,42,0,0
2025/06/21 08:45,05F0287S,05F0309S,5,0,0
2025/06/21 08:45,05F0309S,05F0439S,31,482,81
2025/06/21 08:45,05F0309S,05F0439S,32,517,13
2025/06/21 08:45,05F0309S,05F0439S,41,526,10
2025/06/21 08:45,05F0309S,05F0439S,42,0,0
2025/06/21 08:45,05F0309S,05F0439S,5,481,1
2025/06/21 08:45,05F0439S,05F0494S,31,203,46
2025/06/21 08:45,05F0439S,05F0494S,32,210,12
2025/06/21 08:45,05F0439S,05F0494S,41,220,3
2025/06/21 08:45,05F0439S,05F0494S,42,0,0
2025/06/21 08:45,05F0439S,05F0494S,5,204,3
2025/06/21 08:50,05F0000S,05F0055S,31,272,144
2025/06/21 08:50,05F0000S,05F0055S,32,273,31
2025/06/21 08:50,05F0000S,05F0055S,41,277,5
2025/06/21 08:50,05F0000S,05F0055S,42,0,0
2025/06/21 08:50,05F0000S,05F0055S,5,0,0
2025/06/21 08:50,05F0055S,05F0287S,31,1842,149
2025/06/21 08:50,05F0055S,05F0287S,32,1842,38
2025/06/21 08:50,05F0055S,05F0287S,41,1643,17
2025/06/21 08:50,05F0055S,05F0287S,42,0,0
2025/06/21 08:50,05F0055S,05F0287S,5,0,0
2025/06/21 08:50,05F0287S,05F0309S,31,92,113
2025/06/21 08:50,05F0287S,05F0309S,32,93,27
2025/06/21 08:50,05F0287S,05F0309S,41,98,16
2025/06/21 08:50,05F0287S,05F0309S,42,0,0
2025/06/21 08:50,05F0287S,05F0309S,5,0,0
2025/06/21 08:50,05F0309S,05F0439S,31,504,91
2025/06/21 08:50,05F0309S,05F0439S,32,503,21
2025/06/21 08:50,05F0309S,05F0439S,41,523,4
2025/06/21 08:50,05F0309S,05F0439S,42,608,1
2025/06/21 08:50,05F0309S,05F0439S,5,492,3
2025/06/21 08:50,05F0439S,05F0494S,31,196,40
2025/06/21 08:50,05F0439S,05F0494S,32,203,9
2025/06/21 08:50,05F0439S,05F0494S,41,227,3
2025/06/21 08:50,05F0439S,05F0494S,42,0,0
2025/06/21 08:50,05F0439S,05F0494S,5,188,1
2025/06/21 08:55,05F0000S,05F0055S,31,272,146
2025/06/21 08:55,05F0000S,05F0055S,32,271,33
2025/06/21 08:55,05F0000S,05F0055S,41,283,2
2025/06/21 08:55,05F0000S,05F0055S,42,0,0
2025/06/21 08:55,05F0000S,05F0055S,5,0,0
2025/06/21 08:55,05F0055S,05F0287S,31,1821,145
2025/06/21 08:55,05F0055S,05F0287S,32,1819,58
2025/06/21 08:55,05F0055S,05F0287S,41,1649,11
2025/06/21 08:55,05F0055S,05F0287S,42,0,0
2025/06/21 08:55,05F0055S,05F0287S,5,0,0
2025/06/21 08:55,05F0287S,05F0309S,31,92,112
2025/06/21 08:55,05F0287S,05F0309S,32,92,42
2025/06/21 08:55,05F0287S,05F0309S,41,97,6
2025/06/21 08:55,05F0287S,05F0309S,42,0,0
2025/06/21 08:55,05F0287S,05F0309S,5,0,0
2025/06/21 08:55,05F0309S,05F0439S,31,486,76
2025/06/21 08:55,05F0309S,05F0439S,32,483,23
2025/06/21 08:55,05F0309S,05F0439S,41,540,10
2025/06/21 08:55,05F0309S,05F0439S,42,0,0
2025/06/21 08:55,05F0309S,05F0439S,5,523,6
2025/06/21 08:55,05F0439S,05F0494S,31,203,43
2025/06/21 08:55,05F0439S,05F0494S,32,211,14
2025/06/21 08:55,05F0439S,05F0494S,41,221,1
2025/06/21 08:55,05F0439S,05F0494S,42,246,1
2025/06/21 08:55,05F0439S,05F0494S,5,226,4
2025/06/21 09:00,05F0000S,05F0055S,31,277,140
2025/06/21 09:00,05F0000S,05F0055S,32,276,27
2025/06/21 09:00,05F0000S,05F0055S,41,285,5
2025/06/21 09:00,05F0000S,05F0055S,42,0,0
2025/06/21 09:00,05F0000S,05F0055S,5,0,0
2025/06/21 09:00,05F0055S,05F0287S,31,1823,151
2025/06/21 09:00,05F0055S,05F0287S,32,1830,37
2025/06/21 09:00,05F0055S,05F0287S,41,1619,16
2025/06/21 09:00,05F0055S,05F0287S,42,0,0
2025/06/21 09:00,05F0055S,05F0287S,5,0,0
2025/06/21 09:00,05F0287S,05F0309S,31,93,116
2025/06/21 09:00,05F0287S,05F0309S,32,91,29
2025/06/21 09:00,05F0287S,05F0309S,41,106,15
2025/06/21 09:00,05F0287S,05F0309S,42,0,0
2025/06/21 09:00,05F0287S,05F0309S,5,0,0
2025/06/21 09:00,05F0309S,05F0439S,31,487,86
2025/06/21 09:00,05F0309S,05F0439S,32,504,23
2025/06/21 09:00,05F0309S,05F0439S,41,528,6
2025/06/21 09:00,05F0309S,05F0439S,42,508,1
2025/06/21 09:00,05F0309S,05F0439S,5,529,1
2025/06/21 09:00,05F0439S,05F0494S,31,204,41
2025/06/21 09:00,05F0439S,05F0494S,32,210,11
2025/06/21 09:00,05F0439S,05F0494S,41,220,5
2025/06/21 09:00,05F0439S,05F0494S,42,0,0
2025/06/21 09:00,05F0439S,05F0494S,5,219,3
2025/06/21 09:05,05F0000S,05F0055S,31,276,140
2025/06/21 09:05,05F0000S,05F0055S,32,277,40
2025/06/21 09:05,05F0000S,05F0055S,41,289,6
2025/06/21 09:05,05F0000S,05F0055S,42,0,0
2025/06/21 09:05,05F0000S,05F0055S,5,0,0
2025/06/21 09:05,05F0055S,05F0287S,31,1816,164
2025/06/21 09:05,05F0055S,05F0287S,32,1815,42
2025/06/21 09:05,05F0055S,05F0287S,41,1585,12
2025/06/21 09:05,05F0055S,05F0287S,42,0,0
2025/06/21 09:05,05F0055S,05F0287S,5,0,0
2025/06/21 09:05,05F0287S,05F0309S,31,92,122
2025/06/21 09:05,05F0287S,05F0309S,32,93,31
2025/06/21 09:05,05F0287S,05F0309S,41,98,5
2025/06/21 09:05,05F0287S,05F0309S,42,0,0
2025/06/21 09:05,05F0287S,05F0309S,5,0,0
2025/06/21 09:05,05F0309S,05F0439S,31,494,63
2025/06/21 09:05,05F0309S,05F0439S,32,496,25
2025/06/21 09:05,05F0309S,05F0439S,41,543,9
2025/06/21 09:05,05F0309S,05F0439S,42,0,0
2025/06/21 09:05,05F0309S,05F0439S,5,516,7
2025/06/21 09:05,05F0439S,05F0494S,31,209,42
2025/06/21 09:05,05F0439S,05F0494S,32,202,17
2025/06/21 09:05,05F0439S,05F0494S,41,227,2
2025/06/21 09:05,05F0439S,05F0494S,42,0,0
2025/06/21 09:05,05F0439S,05F0494S,5,223,1
2025/06/21 09:10,05F0000S,05F0055S,31,261,130
2025/06/21 09:10,05F0000S,05F0055S,32,264,33
2025/06/21 09:10,05F0000S,05F0055S,41,274,4
2025/06/21 09:10,05F0000S,05F0055S,42,0,0
2025/06/21 09:10,05F0000S,05F0055S,5,0,0
2025/06/21 09:10,05F0055S,05F0287S,31,1815,149
2025/06/21 09:10,05F0055S,05F0287S,32,1817,31
2025/06/21 09:10,05F0055S,05F0287S,41,1571,17
2025/06/21 09:10,05F0055S,05F0287S,42,0,0
2025/06/21 09:10,05F0055S,05F0287S,5,0,0
2025/06/21 09:10,05F0287S,05F0309S,31,92,112
2025/06/21 09:10,05F0287S,05F0309S,32,92,28
2025/06/21 09:10,05F0287S,05F0309S,41,100,15
2025/06/21 09:10,05F0287S,05F0309S,42,0,0
2025/06/21 09:10,05F0287S,05F0309S,5,0,0
2025/06/21 09:10,05F0309S,05F0439S,31,497,77
2025/06/21 09:10,05F0309S,05F0439S,32,502,18
2025/06/21 09:10,05F0309S,05F0439S,41,521,3
2025/06/21 09:10,05F0309S,05F0439S,42,0,0
2025/06/21 09:10,05F0309S,05F0439S,5,537,2
2025/06/21 09:10,05F0439S,05F0494S,31,205,34
2025/06/21 09:10,05F0439S,05F0494S,32,204,14
2025/06/21 09:10,05F0439S,05F0494S,41,228,5
2025/06/21 09:10,05F0439S,05F0494S,42,237,1
2025/06/21 09:10,05F0439S,05F0494S,5,208,6
2025/06/21 09:15,05F0000S,05F0055S,31,257,131
2025/06/21 09:15,05F0000S,05F0055S,32,258,36
2025/06/21 09:15,05F0000S,05F0055S,41,269,2
2025/06/21 09:15,05F0000S,05F0055S,42,0,0
2025/06/21 09:15,05F0000S,05F0055S,5,0,0
2025/06/21 09:15,05F0055S,05F0287S,31,1847,159
2025/06/21 09:15,05F0055S,05F0287S,32,1848,33
2025/06/21 09:15,05F0055S,05F0287S,41,1579,12
2025/06/21 09:15,05F0055S,05F0287S,42,0,0
2025/06/21 09:15,05F0055S,05F0287S,5,0,0
2025/06/21 09:15,05F0287S,05F0309S,31,92,124
2025/06/21 09:15,05F0287S,05F0309S,32,91,16
2025/06/21 09:15,05F0287S,05F0309S,41,97,8
2025/06/21 09:15,05F0287S,05F0309S,42,0,0
2025/06/21 09:15,05F0287S,05F0309S,5,0,0
2025/06/21 09:15,05F0309S,05F0439S,31,500,89
2025/06/21 09:15,05F0309S,05F0439S,32,510,20
2025/06/21 09:15,05F0309S,05F0439S,41,535,3
2025/06/21 09:15,05F0309S,05F0439S,42,0,0
2025/06/21 09:15,05F0309S,05F0439S,5,573,4
2025/06/21 09:15,05F0439S,05F0494S,31,208,53
2025/06/21 09:15,05F0439S,05F0494S,32,208,12
2025/06/21 09:15,05F0439S,05F0494S,41,0,0
2025/06/21 09:15,05F0439S,05F0494S,42,0,0
2025/06/21 09:15,05F0439S,05F0494S,5,225,3
2025/06/21 09:20,05F0000S,05F0055S,31,254,120
2025/06/21 09:20,05F0000S,05F0055S,32,258,30
2025/06/21 09:20,05F0000S,05F0055S,41,251,3
2025/06/21 09:20,05F0000S,05F0055S,42,0,0
2025/06/21 09:20,05F0000S,05F0055S,5,0,0
2025/06/21 09:20,05F0055S,05F0287S,31,1825,162
2025/06/21 09:20,05F0055S,05F0287S,32,1823,37
2025/06/21 09:20,05F0055S,05F0287S,41,1549,6
2025/06/21 09:20,05F0055S,05F0287S,42,0,0
2025/06/21 09:20,05F0055S,05F0287S,5,0,0
2025/06/21 09:20,05F0287S,05F0309S,31,93,131
2025/06/21 09:20,05F0287S,05F0309S,32,93,33
2025/06/21 09:20,05F0287S,05F0309S,41,100,3
2025/06/21 09:20,05F0287S,05F0309S,42,0,0
2025/06/21 09:20,05F0287S,05F0309S,5,0,0
2025/06/21 09:20,05F0309S,05F0439S,31,502,80
2025/06/21 09:20,05F0309S,05F0439S,32,518,14
2025/06/21 09:20,05F0309S,05F0439S,41,547,11
2025/06/21 09:20,05F0309S,05F0439S,42,578,1
2025/06/21 09:20,05F0309S,05F0439S,5,513,4
2025/06/21 09:20,05F0439S,05F0494S,31,206,44
2025/06/21 09:20,05F0439S,05F0494S,32,210,17
2025/06/21 09:20,05F0439S,05F0494S,41,0,0
2025/06/21 09:20,05F0439S,05F0494S,42,0,0
2025/06/21 09:20,05F0439S,05F0494S,5,225,3
2025/06/21 09:25,05F0000S,05F0055S,31,264,132
2025/06/21 09:25,05F0000S,05F0055S,32,263,30
2025/06/21 09:25,05F0000S,05F0055S,41,274,4
2025/06/21 09:25,05F0000S,05F0055S,42,0,0
2025/06/21 09:25,05F0000S,05F0055S,5,0,0
2025/06/21 09:25,05F0055S,05F0287S,31,1831,152
2025/06/21 09:25,05F0055S,05F0287S,32,1831,34
2025/06/21 09:25,05F0055S,05F0287S,41,1604,6
2025/06/21 09:25,05F0055S,05F0287S,42,0,0
2025/06/21 09:25,05F0055S,05F0287S,5,0,0
2025/06/21 09:25,05F0287S,05F0309S,31,91,112
2025/06/21 09:25,05F0287S,05F0309S,32,91,23
2025/06/21 09:25,05F0287S,05F0309S,41,93,5
2025/06/21 09:25,05F0287S,05F0309S,42,91,1
2025/06/21 09:25,05F0287S,05F0309S,5,0,0
2025/06/21 09:25,05F0309S,05F0439S,31,490,81
2025/06/21 09:25,05F0309S,05F0439S,32,501,17
2025/06/21 09:25,05F0309S,05F0439S,41,516,3
2025/06/21 09:25,05F0309S,05F0439S,42,0,0
2025/06/21 09:25,05F0309S,05F0439S,5,504,3
2025/06/21 09:25,05F0439S,05F0494S,31,206,39
2025/06/21 09:25,05F0439S,05F0494S,32,211,9
2025/06/21 09:25,05F0439S,05F0494S,41,224,3
2025/06/21 09:25,05F0439S,05F0494S,42,0,0
2025/06/21 09:25,05F0439S,05F0494S,5,206,3
2025/06/21 09:30,05F0000S,05F0055S,31,268,148
2025/06/21 09:30,05F0000S,05F0055S,32,269,37
2025/06/21 09:30,05F0000S,05F0055S,41,266,6
2025/06/21 09:30,05F0000S,05F0055S,42,0,0
2025/06/21 09:30,05F0000S,05F0055S,5,0,0
2025/06/21 09:30,05F0055S,05F0287S,31,1831,148
2025/06/21 09:30,05F0055S,05F0287S,32,1831,28
2025/06/21 09:30,05F0055S,05F0287S,41,1576,15
2025/06/21 09:30,05F0055S,05F0287S,42,0,0
2025/06/21 09:30,05F0055S,05F0287S,5,0,0
2025/06/21 09:30,05F0287S,05F0309S,31,92,98
2025/06/21 09:30,05F0287S,05F0309S,32,96,25
2025/06/21 09:30,05F0287S,05F0309S,41,95,12
2025/06/21 09:30,05F0287S,05F0309S,42,0,0
2025/06/21 09:30,05F0287S,05F0309S,5,0,0
2025/06/21 09:30,05F0309S,05F0439S,31,499,87
2025/06/21 09:30,05F0309S,05F0439S,32,504,21
2025/06/21 09:30,05F0309S,05F0439S,41,528,2
2025/06/21 09:30,05F0309S,05F0439S,42,569,2
2025/06/21 09:30,05F0309S,05F0439S,5,555,2
2025/06/21 09:30,05F0439S,05F0494S,31,207,46
2025/06/21 09:30,05F0439S,05F0494S,32,223,8
2025/06/21 09:30,05F0439S,05F0494S,41,0,0
2025/06/21 09:30,05F0439S,05F0494S,42,214,1
2025/06/21 09:30,05F0439S,05F0494S,5,210,3
2025/06/21 09:35,05F0000S,05F0055S,31,264,147
2025/06/21 09:35,05F0000S,05F0055S,32,264,36
2025/06/21 09:35,05F0000S,05F0055S,41,0,0
2025/06/21 09:35,05F0000S,05F0055S,42,0,0
2025/06/21 09:35,05F0000S,05F0055S,5,0,0
2025/06/21 09:35,05F0055S,05F0287S,31,1823,162
2025/06/21 09:35,05F0055S,05F0287S,32,1824,41
2025/06/21 09:35,05F0055S,05F0287S,41,1601,10
2025/06/21 09:35,05F0055S,05F0287S,42,0,0
2025/06/21 09:35,05F0055S,05F0287S,5,0,0
2025/06/21 09:35,05F0287S,05F0309S,31,91,120
2025/06/21 09:35,05F0287S,05F0309S,32,90,27
2025/06/21 09:35,05F0287S,05F0309S,41,93,7
2025/06/21 09:35,05F0287S,05F0309S,42,0,0
2025/06/21 09:35,05F0287S,05F0309S,5,0,0
2025/06/21 09:35,05F0309S,05F0439S,31,490,74
2025/06/21 09:35,05F0309S,05F0439S,32,484,15
2025/06/21 09:35,05F0309S,05F0439S,41,533,3
2025/06/21 09:35,05F0309S,05F0439S,42,0,0
2025/06/21 09:35,05F0309S,05F0439S,5,489,5
2025/06/21 09:35,05F0439S,05F0494S,31,198,44
2025/06/21 09:35,05F0439S,05F0494S,32,206,10
2025/06/21 09:35,05F0439S,05F0494S,41,0,0
2025/06/21 09:35,05F0439S,05F0494S,42,235,2
2025/06/21 09:35,05F0439S,05F0494S,5,201,1
2025/06/21 09:40,05F0000S,05F0055S,31,264,145
2025/06/21 09:40,05F0000S,05F0055S,32,262,33
2025/06/21 09:40,05F0000S,05F0055S,41,272,1
2025/06/21 09:40,05F0000S,05F0055S,42,0,0
2025/06/21 09:40,05F0000S,05F0055S,5,0,0
2025/06/21 09:40,05F0055S,05F0287S,31,1796,164
2025/06/21 09:40,05F0055S,05F0287S,32,1805,40
2025/06/21 09:40,05F0055S,05F0287S,41,1597,6
2025/06/21 09:40,05F0055S,05F0287S,42,0,0
2025/06/21 09:40,05F0055S,05F0287S,5,0,0
2025/06/21 09:40,05F0287S,05F0309S,31,94,107
2025/06/21 09:40,05F0287S,05F0309S,32,95,29
2025/06/21 09:40,05F0287S,05F0309S,41,115,17
2025/06/21 09:40,05F0287S,05F0309S,42,0,0
2025/06/21 09:40,05F0287S,05F0309S,5,0,0
2025/06/21 09:40,05F0309S,05F0439S,31,499,72
2025/06/21 09:40,05F0309S,05F0439S,32,525,14
2025/06/21 09:40,05F0309S,05F0439S,41,545,5
2025/06/21 09:40,05F0309S,05F0439S,42,0,0
2025/06/21 09:40,05F0309S,05F0439S,5,514,8
2025/06/21 09:40,05F0439S,05F0494S,31,204,46
2025/06/21 09:40,05F0439S,05F0494S,32,206,6
2025/06/21 09:40,05F0439S,05F0494S,41,0,0
2025/06/21 09:40,05F0439S,05F0494S,42,0,0
2025/06/21 09:40,05F0439S,05F0494S,5,209,5
2025/06/21 09:45,05F0000S,05F0055S,31,273,156
2025/06/21 09:45,05F0000S,05F0055S,32,271,28
2025/06/21 09:45,05F0000S,05F0055S,41,270,1
2025/06/21 09:45,05F0000S,05F0055S,42,0,0
2025/06/21 09:45,05F0000S,05F0055S,5,0,0
2025/06/21 09:45,05F0055S,05F0287S,31,1760,155
2025/06/21 09:45,05F0055S,05F0287S,32,1764,40
2025/06/21 09:45,05F0055S,05F0287S,41,1607,8
2025/06/21 09:45,05F0055S,05F0287S,42,0,0
2025/06/21 09:45,05F0055S,05F0287S,5,0,0
2025/06/21 09:45,05F0287S,05F0309S,31,93,130
2025/06/21 09:45,05F0287S,05F0309S,32,93,34
2025/06/21 09:45,05F0287S,05F0309S,41,101,4
2025/06/21 09:45,05F0287S,05F0309S,42,0,0
2025/06/21 09:45,05F0287S,05F0309S,5,0,0
2025/06/21 09:45,05F0309S,05F0439S,31,484,84
2025/06/21 09:45,05F0309S,05F0439S,32,483,21
2025/06/21 09:45,05F0309S,05F0439S,41,536,4
2025/06/21 09:45,05F0309S,05F0439S,42,575,1
2025/06/21 09:45,05F0309S,05F0439S,5,526,3
2025/06/21 09:45,05F0439S,05F0494S,31,201,42
2025/06/21 09:45,05F0439S,05F0494S,32,215,8
2025/06/21 09:45,05F0439S,05F0494S,41,0,0
2025/06/21 09:45,05F0439S,05F0494S,42,245,3
2025/06/21 09:45,05F0439S,05F0494S,5,212,8
2025/06/21 09:50,05F0000S,05F0055S,31,277,147
2025/06/21 09:50,05F0000S,05F0055S,32,277,39
2025/06/21 09:50,05F0000S,05F0055S,41,1276,2
2025/06/21 09:50,05F0000S,05F0055S,42,0,0
2025/06/21 09:50,05F0000S,05F0055S,5,0,0
2025/06/21 09:50,05F0055S,05F0287S,31,1704,165
2025/06/21 09:50,05F0055S,05F0287S,32,1706,39
2025/06/21 09:50,05F0055S,05F0287S,41,1586,4
2025/06/21 09:50,05F0055S,05F0287S,42,0,0
2025/06/21 09:50,05F0055S,05F0287S,5,0,0
2025/06/21 09:50,05F0287S,05F0309S,31,89,117
2025/06/21 09:50,05F0287S,05F0309S,32,91,28
2025/06/21 09:50,05F0287S,05F0309S,41,96,7
2025/06/21 09:50,05F0287S,05F0309S,42,0,0
2025/06/21 09:50,05F0287S,05F0309S,5,0,0
2025/06/21 09:50,05F0309S,05F0439S,31,512,91
2025/06/21 09:50,05F0309S,05F0439S,32,516,23
2025/06/21 09:50,05F0309S,05F0439S,41,580,11
2025/06/21 09:50,05F0309S,05F0439S,42,0,0
2025/06/21 09:50,05F0309S,05F0439S,5,557,3
2025/06/21 09:50,05F0439S,05F0494S,31,197,32
2025/06/21 09:50,05F0439S,05F0494S,32,205,11
2025/06/21 09:50,05F0439S,05F0494S,41,0,0
2025/06/21 09:50,05F0439S,05F0494S,42,0,0
2025/06/21 09:50,05F0439S,05F0494S,5,205,2
2025/06/21 09:55,05F0000S,05F0055S,31,268,153
2025/06/21 09:55,05F0000S,05F0055S,32,271,23
2025/06/21 09:55,05F0000S,05F0055S,41,278,4
2025/06/21 09:55,05F0000S,05F0055S,42,0,0
2025/06/21 09:55,05F0000S,05F0055S,5,0,0
2025/06/21 09:55,05F0055S,05F0287S,31,1695,140
2025/06/21 09:55,05F0055S,05F0287S,32,1692,29
2025/06/21 09:55,05F0055S,05F0287S,41,1618,17
2025/06/21 09:55,05F0055S,05F0287S,42,0,0
2025/06/21 09:55,05F0055S,05F0287S,5,0,0
2025/06/21 09:55,05F0287S,05F0309S,31,92,107
2025/06/21 09:55,05F0287S,05F0309S,32,89,23
2025/06/21 09:55,05F0287S,05F0309S,41,92,4
2025/06/21 09:55,05F0287S,05F0309S,42,0,0
2025/06/21 09:55,05F0287S,05F0309S,5,0,0
2025/06/21 09:55,05F0309S,05F0439S,31,504,90
2025/06/21 09:55,05F0309S,05F0439S,32,489,22
2025/06/21 09:55,05F0309S,05F0439S,41,523,5
2025/06/21 09:55,05F0309S,05F0439S,42,559,1
2025/06/21 09:55,05F0309S,05F0439S,5,508,5
2025/06/21 09:55,05F0439S,05F0494S,31,205,59
2025/06/21 09:55,05F0439S,05F0494S,32,205,13
2025/06/21 09:55,05F0439S,05F0494S,41,0,0
2025/06/21 09:55,05F0439S,05F0494S,42,232,1
2025/06/21 09:55,05F0439S,05F0494S,5,215,5
2025/06/21 10:00,05F0000S,05F0055S,31,271,142
2025/06/21 10:00,05F0000S,05F0055S,32,268,33
2025/06/21 10:00,05F0000S,05F0055S,41,262,1
2025/06/21 10:00,05F0000S,05F0055S,42,0,0
2025/06/21 10:00,05F0000S,05F0055S,5,0,0
2025/06/21 10:00,05F0055S,05F0287S,31,1697,165
2025/06/21 10:00,05F0055S,05F0287S,32,1695,41
2025/06/21 10:00,05F0055S,05F0287S,41,1601,8
2025/06/21 10:00,05F0055S,05F0287S,42,0,0
2025/06/21 10:00,05F0055S,05F0287S,5,0,0
2025/06/21 10:00,05F0287S,05F0309S,31,93,103
2025/06/21 10:00,05F0287S,05F0309S,32,93,29
2025/06/21 10:00,05F0287S,05F0309S,41,96,11
2025/06/21 10:00,05F0287S,05F0309S,42,0,0
2025/06/21 10:00,05F0287S,05F0309S,5,0,0
2025/06/21 10:00,05F0309S,05F0439S,31,483,74
2025/06/21 10:00,05F0309S,05F0439S,32,488,13
2025/06/21 10:00,05F0309S,05F0439S,41,534,1
2025/06/21 10:00,05F0309S,05F0439S,42,487,1
2025/06/21 10:00,05F0309S,05F0439S,5,518,5
2025/06/21 10:00,05F0439S,05F0494S,31,205,43
2025/06/21 10:00,05F0439S,05F0494S,32,209,14
2025/06/21 10:00,05F0439S,05F0494S,41,225,3
2025/06/21 10:00,05F0439S,05F0494S,42,0,0
2025/06/21 10:00,05F0439S,05F0494S,5,208,4
2025/06/21 10:05,05F0000S,05F0055S,31,275,150
2025/06/21 10:05,05F0000S,05F0055S,32,275,33
2025/06/21 10:05,05F0000S,05F0055S,41,274,4
2025/06/21 10:05,05F0000S,05F0055S,42,0,0
2025/06/21 10:05,05F0000S,05F0055S,5,0,0
2025/06/21 10:05,05F0055S,05F0287S,31,1669,169
2025/06/21 10:05,05F0055S,05F0287S,32,1678,44
2025/06/21 10:05,05F0055S,05F0287S,41,1615,6
2025/06/21 10:05,05F0055S,05F0287S,42,0,0
2025/06/21 10:05,05F0055S,05F0287S,5,0,0
2025/06/21 10:05,05F0287S,05F0309S,31,92,123
2025/06/21 10:05,05F0287S,05F0309S,32,93,37
2025/06/21 10:05,05F0287S,05F0309S,41,94,2
2025/06/21 10:05,05F0287S,05F0309S,42,0,0
2025/06/21 10:05,05F0287S,05F0309S,5,0,0
2025/06/21 10:05,05F0309S,05F0439S,31,497,71
2025/06/21 10:05,05F0309S,05F0439S,32,501,20
2025/06/21 10:05,05F0309S,05F0439S,41,520,5
2025/06/21 10:05,05F0309S,05F0439S,42,0,0
2025/06/21 10:05,05F0309S,05F0439S,5,515,4
2025/06/21 10:05,05F0439S,05F0494S,31,210,33
2025/06/21 10:05,05F0439S,05F0494S,32,202,9
2025/06/21 10:05,05F0439S,05F0494S,41,0,0
2025/06/21 10:05,05F0439S,05F0494S,42,0,0
2025/06/21 10:05,05F0439S,05F0494S,5,222,3
2025/06/21 10:10,05F0000S,05F0055S,31,285,144
2025/06/21 10:10,05F0000S,05F0055S,32,284,40
2025/06/21 10:10,05F0000S,05F0055S,41,281,2
2025/06/21 10:10,05F0000S,05F0055S,42,0,0
2025/06/21 10:10,05F0000S,05F0055S,5,0,0
2025/06/21 10:10,05F0055S,05F0287S,31,1656,168
2025/06/21 10:10,05F0055S,05F0287S,32,1666,41
2025/06/21 10:10,05F0055S,05F0287S,41,1611,6
2025/06/21 10:10,05F0055S,05F0287S,42,0,0
2025/06/21 10:10,05F0055S,05F0287S,5,0,0
2025/06/21 10:10,05F0287S,05F0309S,31,94,129
2025/06/21 10:10,05F0287S,05F0309S,32,95,31
2025/06/21 10:10,05F0287S,05F0309S,41,98,9
2025/06/21 10:10,05F0287S,05F0309S,42,0,0
2025/06/21 10:10,05F0287S,05F0309S,5,0,0
2025/06/21 10:10,05F0309S,05F0439S,31,487,65
2025/06/21 10:10,05F0309S,05F0439S,32,505,21
2025/06/21 10:10,05F0309S,05F0439S,41,542,3
2025/06/21 10:10,05F0309S,05F0439S,42,0,0
2025/06/21 10:10,05F0309S,05F0439S,5,505,4
2025/06/21 10:10,05F0439S,05F0494S,31,197,43
2025/06/21 10:10,05F0439S,05F0494S,32,213,10
2025/06/21 10:10,05F0439S,05F0494S,41,222,2
2025/06/21 10:10,05F0439S,05F0494S,42,215,2
2025/06/21 10:10,05F0439S,05F0494S,5,208,4
2025/06/21 10:15,05F0000S,05F0055S,31,289,158
2025/06/21 10:15,05F0000S,05F0055S,32,291,34
2025/06/21 10:15,05F0000S,05F0055S,41,0,0
2025/06/21 10:15,05F0000S,05F0055S,42,0,0
2025/06/21 10:15,05F0000S,05F0055S,5,0,0
2025/06/21 10:15,05F0055S,05F0287S,31,1652,162
2025/06/21 10:15,05F0055S,05F0287S,32,1650,31
2025/06/21 10:15,05F0055S,05F0287S,41,1630,10
2025/06/21 10:15,05F0055S,05F0287S,42,0,0
2025/06/21 10:15,05F0055S,05F0287S,5,0,0
2025/06/21 10:15,05F0287S,05F0309S,31,91,123
2025/06/21 10:15,05F0287S,05F0309S,32,92,27
2025/06/21 10:15,05F0287S,05F0309S,41,98,5
2025/06/21 10:15,05F0287S,05F0309S,42,0,0
2025/06/21 10:15,05F0287S,05F0309S,5,0,0
2025/06/21 10:15,05F0309S,05F0439S,31,499,85
2025/06/21 10:15,05F0309S,05F0439S,32,504,24
2025/06/21 10:15,05F0309S,05F0439S,41,553,2
2025/06/21 10:15,05F0309S,05F0439S,42,542,1
2025/06/21 10:15,05F0309S,05F0439S,5,490,1
2025/06/21 10:15,05F0439S,05F0494S,31,203,40
2025/06/21 10:15,05F0439S,05F0494S,32,216,11
2025/06/21 10:15,05F0439S,05F0494S,41,0,0
2025/06/21 10:15,05F0439S,05F0494S,42,0,0
2025/06/21 10:15,05F0439S,05F0494S,5,205,7
2025/06/21 10:20,05F0000S,05F0055S,31,295,167
2025/06/21 10:20,05F0000S,05F0055S,32,298,24
2025/06/21 10:20,05F0000S,05F0055S,41,1629,4
2025/06/21 10:20,05F0000S,05F0055S,42,0,0
2025/06/21 10:20,05F0000S,05F0055S,5,0,0
2025/06/21 10:20,05F0055S,05F0287S,31,1665,142
2025/06/21 10:20,05F0055S,05F0287S,32,1670,45
2025/06/21 10:20,05F0055S,05F0287S,41,1685,12
2025/06/21 10:20,05F0055S,05F0287S,42,0,0
2025/06/21 10:20,05F0055S,05F0287S,5,0,0
2025/06/21 10:20,05F0287S,05F0309S,31,93,112
2025/06/21 10:20,05F0287S,05F0309S,32,94,35
2025/06/21 10:20,05F0287S,05F0309S,41,100,10
2025/06/21 10:20,05F0287S,05F0309S,42,0,0
2025/06/21 10:20,05F0287S,05F0309S,5,0,0
2025/06/21 10:20,05F0309S,05F0439S,31,490,85
2025/06/21 10:20,05F0309S,05F0439S,32,512,25
2025/06/21 10:20,05F0309S,05F0439S,41,526,6
2025/06/21 10:20,05F0309S,05F0439S,42,552,1
2025/06/21 10:20,05F0309S,05F0439S,5,498,3
2025/06/21 10:20,05F0439S,05F0494S,31,205,44
2025/06/21 10:20,05F0439S,05F0494S,32,214,15
2025/06/21 10:20,05F0439S,05F0494S,41,0,0
2025/06/21 10:20,05F0439S,05F0494S,42,0,0
2025/06/21 10:20,05F0439S,05F0494S,5,0,0
2025/06/21 10:25,05F0000S,05F0055S,31,312,153
2025/06/21 10:25,05F0000S,05F0055S,32,317,26
2025/06/21 10:25,05F0000S,05F0055S,41,309,3
2025/06/21 10:25,05F0000S,05F0055S,42,0,0
2025/06/21 10:25,05F0000S,05F0055S,5,0,0
2025/06/21 10:25,05F0055S,05F0287S,31,1702,170
2025/06/21 10:25,05F0055S,05F0287S,32,1689,22
2025/06/21 10:25,05F0055S,05F0287S,41,1662,10
2025/06/21 10:25,05F0055S,05F0287S,42,0,0
2025/06/21 10:25,05F0055S,05F0287S,5,0,0
2025/06/21 10:25,05F0287S,05F0309S,31,94,127
2025/06/21 10:25,05F0287S,05F0309S,32,94,20
2025/06/21 10:25,05F0287S,05F0309S,41,95,9
2025/06/21 10:25,05F0287S,05F0309S,42,0,0
2025/06/21 10:25,05F0287S,05F0309S,5,0,0
2025/06/21 10:25,05F0309S,05F0439S,31,492,87
2025/06/21 10:25,05F0309S,05F0439S,32,503,29
2025/06/21 10:25,05F0309S,05F0439S,41,557,3
2025/06/21 10:25,05F0309S,05F0439S,42,582,1
2025/06/21 10:25,05F0309S,05F0439S,5,502,3
2025/06/21 10:25,05F0439S,05F0494S,31,208,52
2025/06/21 10:25,05F0439S,05F0494S,32,214,14
2025/06/21 10:25,05F0439S,05F0494S,41,227,2
2025/06/21 10:25,05F0439S,05F0494S,42,224,1
2025/06/21 10:25,05F0439S,05F0494S,5,209,5
2025/06/21 10:30,05F0000S,05F0055S,31,357,157
2025/06/21 10:30,05F0000S,05F0055S,32,358,37
2025/06/21 10:30,05F0000S,05F0055S,41,343,1
2025/06/21 10:30,05F0000S,05F0055S,42,0,0
2025/06/21 10:30,05F0000S,05F0055S,5,0,0
2025/06/21 10:30,05F0055S,05F0287S,31,1684,156
2025/06/21 10:30,05F0055S,05F0287S,32,1687,36
2025/06/21 10:30,05F0055S,05F0287S,41,1667,14
2025/06/21 10:30,05F0055S,05F0287S,42,0,0
2025/06/21 10:30,05F0055S,05F0287S,5,0,0
2025/06/21 10:30,05F0287S,05F0309S,31,93,113
2025/06/21 10:30,05F0287S,05F0309S,32,93,28
2025/06/21 10:30,05F0287S,05F0309S,41,91,5
2025/06/21 10:30,05F0287S,05F0309S,42,0,0
2025/06/21 10:30,05F0287S,05F0309S,5,0,0
2025/06/21 10:30,05F0309S,05F0439S,31,495,77
2025/06/21 10:30,05F0309S,05F0439S,32,503,20
2025/06/21 10:30,05F0309S,05F0439S,41,528,6
2025/06/21 10:30,05F0309S,05F0439S,42,519,1
2025/06/21 10:30,05F0309S,05F0439S,5,513,3
2025/06/21 10:30,05F0439S,05F0494S,31,200,40
2025/06/21 10:30,05F0439S,05F0494S,32,197,11
2025/06/21 10:30,05F0439S,05F0494S,41,0,0
2025/06/21 10:30,05F0439S,05F0494S,42,0,0
2025/06/21 10:30,05F0439S,05F0494S,5,0,0
2025/06/21 10:35,05F0000S,05F0055S,31,395,157
2025/06/21 10:35,05F0000S,05F0055S,32,393,36
2025/06/21 10:35,05F0000S,05F0055S,41,352,5
2025/06/21 10:35,05F0000S,05F0055S,42,0,0
2025/06/21 10:35,05F0000S,05F0055S,5,0,0
2025/06/21 10:35,05F0055S,05F0287S,31,1691,154
2025/06/21 10:35,05F0055S,05F0287S,32,1691,42
2025/06/21 10:35,05F0055S,05F0287S,41,1638,11
2025/06/21 10:35,05F0055S,05F0287S,42,0,0
2025/06/21 10:35,05F0055S,05F0287S,5,0,0
2025/06/21 10:35,05F0287S,05F0309S,31,91,118
2025/06/21 10:35,05F0287S,05F0309S,32,91,27
2025/06/21 10:35,05F0287S,05F0309S,41,96,9
2025/06/21 10:35,05F0287S,05F0309S,42,0,0
2025/06/21 10:35,05F0287S,05F0309S,5,0,0
2025/06/21 10:35,05F0309S,05F0439S,31,497,87
2025/06/21 10:35,05F0309S,05F0439S,32,496,18
2025/06/21 10:35,05F0309S,05F0439S,41,539,3
2025/06/21 10:35,05F0309S,05F0439S,42,616,1
2025/06/21 10:35,05F0309S,05F0439S,5,521,5
2025/06/21 10:35,05F0439S,05F0494S,31,201,50
2025/06/21 10:35,05F0439S,05F0494S,32,201,13
2025/06/21 10:35,05F0439S,05F0494S,41,216,2
2025/06/21 10:35,05F0439S,05F0494S,42,0,0
2025/06/21 10:35,05F0439S,05F0494S,5,218,4
2025/06/21 10:40,05F0000S,05F0055S,31,401,157
2025/06/21 10:40,05F0000S,05F0055S,32,400,37
2025/06/21 10:40,05F0000S,05F0055S,41,388,10
2025/06/21 10:40,05F0000S,05F0055S,42,0,0
2025/06/21 10:40,05F0000S,05F0055S,5,0,0
2025/06/21 10:40,05F0055S,05F0287S,31,1731,142
2025/06/21 10:40,05F0055S,05F0287S,32,1729,39
2025/06/21 10:40,05F0055S,05F0287S,41,1659,8
2025/06/21 10:40,05F0055S,05F0287S,42,0,0
2025/06/21 10:40,05F0055S,05F0287S,5,0,0
2025/06/21 10:40,05F0287S,05F0309S,31,95,102
2025/06/21 10:40,05F0287S,05F0309S,32,91,28
2025/06/21 10:40,05F0287S,05F0309S,41,95,6
2025/06/21 10:40,05F0287S,05F0309S,42,0,0
2025/06/21 10:40,05F0287S,05F0309S,5,0,0
2025/06/21 10:40,05F0309S,05F0439S,31,499,92
2025/06/21 10:40,05F0309S,05F0439S,32,495,19
2025/06/21 10:40,05F0309S,05F0439S,41,509,5
2025/06/21 10:40,05F0309S,05F0439S,42,0,0
2025/06/21 10:40,05F0309S,05F0439S,5,493,3
2025/06/21 10:40,05F0439S,05F0494S,31,205,48
2025/06/21 10:40,05F0439S,05F0494S,32,202,9
2025/06/21 10:40,05F0439S,05F0494S,41,227,1
2025/06/21 10:40,05F0439S,05F0494S,42,250,1
2025/06/21 10:40,05F0439S,05F0494S,5,213,8
2025/06/21 10:45,05F0000S,05F0055S,31,399,152
2025/06/21 10:45,05F0000S,05F0055S,32,399,36
2025/06/21 10:45,05F0000S,05F0055S,41,344,5
2025/06/21 10:45,05F0000S,05F0055S,42,0,0
2025/06/21 10:45,05F0000S,05F0055S,5,0,0
2025/06/21 10:45,05F0055S,05F0287S,31,1761,166
2025/06/21 10:45,05F0055S,05F0287S,32,1759,34
2025/06/21 10:45,05F0055S,05F0287S,41,1676,4
2025/06/21 10:45,05F0055S,05F0287S,42,0,0
2025/06/21 10:45,05F0055S,05F0287S,5,0,0
2025/06/21 10:45,05F0287S,05F0309S,31,95,115
2025/06/21 10:45,05F0287S,05F0309S,32,97,32
2025/06/21 10:45,05F0287S,05F0309S,41,99,5
2025/06/21 10:45,05F0287S,05F0309S,42,0,0
2025/06/21 10:45,05F0287S,05F0309S,5,0,0
2025/06/21 10:45,05F0309S,05F0439S,31,498,83
2025/06/21 10:45,05F0309S,05F0439S,32,499,16
2025/06/21 10:45,05F0309S,05F0439S,41,545,4
2025/06/21 10:45,05F0309S,05F0439S,42,0,0
2025/06/21 10:45,05F0309S,05F0439S,5,525,4
2025/06/21 10:45,05F0439S,05F0494S,31,211,28
2025/06/21 10:45,05F0439S,05F0494S,32,206,12
2025/06/21 10:45,05F0439S,05F0494S,41,216,1
2025/06/21 10:45,05F0439S,05F0494S,42,0,0
2025/06/21 10:45,05F0439S,05F0494S,5,220,3
2025/06/21 10:50,05F0000S,05F0055S,31,390,155
2025/06/21 10:50,05F0000S,05F0055S,32,391,28
2025/06/21 10:50,05F0000S,05F0055S,41,350,4
2025/06/21 10:50,05F0000S,05F0055S,42,0,0
2025/06/21 10:50,05F0000S,05F0055S,5,0,0
2025/06/21 10:50,05F0055S,05F0287S,31,1788,165
2025/06/21 10:50,05F0055S,05F0287S,32,1794,22
2025/06/21 10:50,05F0055S,05F0287S,41,1735,8
2025/06/21 10:50,05F0055S,05F0287S,42,0,0
2025/06/21 10:50,05F0055S,05F0287S,5,0,0
2025/06/21 10:50,05F0287S,05F0309S,31,96,122
2025/06/21 10:50,05F0287S,05F0309S,32,95,22
2025/06/21 10:50,05F0287S,05F0309S,41,96,1
2025/06/21 10:50,05F0287S,05F0309S,42,0,0
2025/06/21 10:50,05F0287S,05F0309S,5,0,0
2025/06/21 10:50,05F0309S,05F0439S,31,498,73
2025/06/21 10:50,05F0309S,05F0439S,32,496,28
2025/06/21 10:50,05F0309S,05F0439S,41,540,3
2025/06/21 10:50,05F0309S,05F0439S,42,551,3
2025/06/21 10:50,05F0309S,05F0439S,5,492,7
2025/06/21 10:50,05F0439S,05F0494S,31,211,46
2025/06/21 10:50,05F0439S,05F0494S,32,205,17
2025/06/21 10:50,05F0439S,05F0494S,41,233,3
2025/06/21 10:50,05F0439S,05F0494S,42,0,0
2025/06/21 10:50,05F0439S,05F0494S,5,210,2
2025/06/21 10:55,05F0000S,05F0055S,31,391,162
2025/06/21 10:55,05F0000S,05F0055S,32,395,35
2025/06/21 10:55,05F0000S,05F0055S,41,357,2
2025/06/21 10:55,05F0000S,05F0055S,42,0,0
2025/06/21 10:55,05F0000S,05F0055S,5,0,0
2025/06/21 10:55,05F0055S,05F0287S,31,1802,175
2025/06/21 10:55,05F0055S,05F0287S,32,1802,28
2025/06/21 10:55,05F0055S,05F0287S,41,1718,8
2025/06/21 10:55,05F0055S,05F0287S,42,0,0
2025/06/21 10:55,05F0055S,05F0287S,5,0,0
2025/06/21 10:55,05F0287S,05F0309S,31,93,142
2025/06/21 10:55,05F0287S,05F0309S,32,94,16
2025/06/21 10:55,05F0287S,05F0309S,41,95,4
2025/06/21 10:55,05F0287S,05F0309S,42,0,0
2025/06/21 10:55,05F0287S,05F0309S,5,0,0
2025/06/21 10:55,05F0309S,05F0439S,31,493,76
2025/06/21 10:55,05F0309S,05F0439S,32,496,21
2025/06/21 10:55,05F0309S,05F0439S,41,549,4
2025/06/21 10:55,05F0309S,05F0439S,42,569,1
2025/06/21 10:55,05F0309S,05F0439S,5,509,5
2025/06/21 10:55,05F0439S,05F0494S,31,205,41
2025/06/21 10:55,05F0439S,05F0494S,32,208,21
2025/06/21 10:55,05F0439S,05F0494S,41,323,3
2025/06/21 10:55,05F0439S,05F0494S,42,225,2
2025/06/21 10:55,05F0439S,05F0494S,5,206,4
2025/06/21 11:00,05F0000S,05F0055S,31,376,155
2025/06/21 11:00,05F0000S,05F0055S,32,377,32
2025/06/21 11:00,05F0000S,05F0055S,41,0,0
2025/06/21 11:00,05F0000S,05F0055S,42,0,0
2025/06/21 11:00,05F0000S,05F0055S,5,0,0
2025/06/21 11:00,05F0055S,05F0287S,31,1823,150
2025/06/21 11:00,05F0055S,05F0287S,32,1819,37
2025/06/21 11:00,05F0055S,05F0287S,41,1771,7
2025/06/21 11:00,05F0055S,05F0287S,42,0,0
2025/06/21 11:00,05F0055S,05F0287S,5,0,0
2025/06/21 11:00,05F0287S,05F0309S,31,93,113
2025/06/21 11:00,05F0287S,05F0309S,32,91,28
2025/06/21 11:00,05F0287S,05F0309S,41,96,3
2025/06/21 11:00,05F0287S,05F0309S,42,0,0
2025/06/21 11:00,05F0287S,05F0309S,5,0,0
2025/06/21 11:00,05F0309S,05F0439S,31,503,67
2025/06/21 11:00,05F0309S,05F0439S,32,502,20
2025/06/21 11:00,05F0309S,05F0439S,41,537,1
2025/06/21 11:00,05F0309S,05F0439S,42,0,0
2025/06/21 11:00,05F0309S,05F0439S,5,525,6
2025/06/21 11:00,05F0439S,05F0494S,31,202,34
2025/06/21 11:00,05F0439S,05F0494S,32,209,5
2025/06/21 11:00,05F0439S,05F0494S,41,215,1
2025/06/21 11:00,05F0439S,05F0494S,42,231,1
2025/06/21 11:00,05F0439S,05F0494S,5,213,3
2025/06/21 11:05,05F0000S,05F0055S,31,341,166
2025/06/21 11:05,05F0000S,05F0055S,32,339,32
2025/06/21 11:05,05F0000S,05F0055S,41,298,1
2025/06/21 11:05,05F0000S,05F0055S,42,0,0
2025/06/21 11:05,05F0000S,05F0055S,5,0,0
2025/06/21 11:05,05F0055S,05F0287S,31,1854,158
2025/06/21 11:05,05F0055S,05F0287S,32,1851,37
2025/06/21 11:05,05F0055S,05F0287S,41,1751,8
2025/06/21 11:05,05F0055S,05F0287S,42,0,0
2025/06/21 11:05,05F0055S,05F0287S,5,0,0
2025/06/21 11:05,05F0287S,05F0309S,31,92,109
2025/06/21 11:05,05F0287S,05F0309S,32,91,24
2025/06/21 11:05,05F0287S,05F0309S,41,96,8
2025/06/21 11:05,05F0287S,05F0309S,42,0,0
2025/06/21 11:05,05F0287S,05F0309S,5,0,0
2025/06/21 11:05,05F0309S,05F0439S,31,487,95
2025/06/21 11:05,05F0309S,05F0439S,32,511,13
2025/06/21 11:05,05F0309S,05F0439S,41,540,3
2025/06/21 11:05,05F0309S,05F0439S,42,0,0
2025/06/21 11:05,05F0309S,05F0439S,5,506,5
2025/06/21 11:05,05F0439S,05F0494S,31,204,53
2025/06/21 11:05,05F0439S,05F0494S,32,214,10
2025/06/21 11:05,05F0439S,05F0494S,41,0,0
2025/06/21 11:05,05F0439S,05F0494S,42,0,0
2025/06/21 11:05,05F0439S,05F0494S,5,224,6
2025/06/21 11:10,05F0000S,05F0055S,31,317,150
2025/06/21 11:10,05F0000S,05F0055S,32,316,27
2025/06/21 11:10,05F0000S,05F0055S,41,287,2
2025/06/21 11:10,05F0000S,05F0055S,42,0,0
2025/06/21 11:10,05F0000S,05F0055S,5,0,0
2025/06/21 11:10,05F0055S,05F0287S,31,1877,159
2025/06/21 11:10,05F0055S,05F0287S,32,1882,41
2025/06/21 11:10,05F0055S,05F0287S,41,1804,14
2025/06/21 11:10,05F0055S,05F0287S,42,0,0
2025/06/21 11:10,05F0055S,05F0287S,5,0,0
2025/06/21 11:10,05F0287S,05F0309S,31,93,105
2025/06/21 11:10,05F0287S,05F0309S,32,93,27
2025/06/21 11:10,05F0287S,05F0309S,41,97,6
2025/06/21 11:10,05F0287S,05F0309S,42,0,0
2025/06/21 11:10,05F0287S,05F0309S,5,0,0
2025/06/21 11:10,05F0309S,05F0439S,31,495,78
2025/06/21 11:10,05F0309S,05F0439S,32,495,23
2025/06/21 11:10,05F0309S,05F0439S,41,541,3
2025/06/21 11:10,05F0309S,05F0439S,42,0,0
2025/06/21 11:10,05F0309S,05F0439S,5,484,2
2025/06/21 11:10,05F0439S,05F0494S,31,203,41
2025/06/21 11:10,05F0439S,05F0494S,32,213,8
2025/06/21 11:10,05F0439S,05F0494S,41,206,1
2025/06/21 11:10,05F0439S,05F0494S,42,0,0
2025/06/21 11:10,05F0439S,05F0494S,5,206,3
2025/06/21 11:15,05F0000S,05F0055S,31,288,151
2025/06/21 11:15,05F0000S,05F0055S,32,291,31
2025/06/21 11:15,05F0000S,05F0055S,41,261,1
2025/06/21 11:15,05F0000S,05F0055S,42,0,0
2025/06/21 11:15,05F0000S,05F0055S,5,0,0
2025/06/21 11:15,05F0055S,05F0287S,31,1904,141
2025/06/21 11:15,05F0055S,05F0287S,32,1909,35
2025/06/21 11:15,05F0055S,05F0287S,41,1767,15
2025/06/21 11:15,05F0055S,05F0287S,42,0,0
2025/06/21 11:15,05F0055S,05F0287S,5,0,0
2025/06/21 11:15,05F0287S,05F0309S,31,93,101
2025/06/21 11:15,05F0287S,05F0309S,32,92,26
2025/06/21 11:15,05F0287S,05F0309S,41,95,7
2025/06/21 11:15,05F0287S,05F0309S,42,0,0
2025/06/21 11:15,05F0287S,05F0309S,5,0,0
2025/06/21 11:15,05F0309S,05F0439S,31,491,87
2025/06/21 11:15,05F0309S,05F0439S,32,499,18
2025/06/21 11:15,05F0309S,05F0439S,41,534,3
2025/06/21 11:15,05F0309S,05F0439S,42,541,1
2025/06/21 11:15,05F0309S,05F0439S,5,509,12
2025/06/21 11:15,05F0439S,05F0494S,31,201,60
2025/06/21 11:15,05F0439S,05F0494S,32,216,10
2025/06/21 11:15,05F0439S,05F0494S,41,0,0
2025/06/21 11:15,05F0439S,05F0494S,42,0,0
2025/06/21 11:15,05F0439S,05F0494S,5,208,2
2025/06/21 11:20,05F0000S,05F0055S,31,266,139
2025/06/21 11:20,05F0000S,05F0055S,32,264,30
2025/06/21 11:20,05F0000S,05F0055S,41,270,4
2025/06/21 11:20,05F0000S,05F0055S,42,0,0
2025/06/21 11:20,05F0000S,05F0055S,5,0,0
2025/06/21 11:20,05F0055S,05F0287S,31,1953,150
2025/06/21 11:20,05F0055S,05F0287S,32,1952,29
2025/06/21 11:20,05F0055S,05F0287S,41,1784,6
2025/06/21 11:20,05F0055S,05F0287S,42,0,0
2025/06/21 11:20,05F0055S,05F0287S,5,0,0
2025/06/21 11:20,05F0287S,05F0309S,31,90,89
2025/06/21 11:20,05F0287S,05F0309S,32,90,19
2025/06/21 11:20,05F0287S,05F0309S,41,95,5
2025/06/21 11:20,05F0287S,05F0309S,42,0,0
2025/06/21 11:20,05F0287S,05F0309S,5,0,0
2025/06/21 11:20,05F0309S,05F0439S,31,487,76
2025/06/21 11:20,05F0309S,05F0439S,32,491,17
2025/06/21 11:20,05F0309S,05F0439S,41,534,3
2025/06/21 11:20,05F0309S,05F0439S,42,551,1
2025/06/21 11:20,05F0309S,05F0439S,5,486,2
2025/06/21 11:20,05F0439S,05F0494S,31,208,46
2025/06/21 11:20,05F0439S,05F0494S,32,203,5
2025/06/21 11:20,05F0439S,05F0494S,41,0,0
2025/06/21 11:20,05F0439S,05F0494S,42,240,1
2025/06/21 11:20,05F0439S,05F0494S,5,212,13
2025/06/21 11:25,05F0000S,05F0055S,31,263,144
2025/06/21 11:25,05F0000S,05F0055S,32,262,26
2025/06/21 11:25,05F0000S,05F0055S,41,258,1
2025/06/21 11:25,05F0000S,05F0055S,42,0,0
2025/06/21 11:25,05F0000S,05F0055S,5,0,0
2025/06/21 11:25,05F0055S,05F0287S,31,1970,158
2025/06/21 11:25,05F0055S,05F0287S,32,1974,31
2025/06/21 11:25,05F0055S,05F0287S,41,1817,6
2025/06/21 11:25,05F0055S,05F0287S,42,0,0
2025/06/21 11:25,05F0055S,05F0287S,5,0,0
2025/06/21 11:25,05F0287S,05F0309S,31,92,111
2025/06/21 11:25,05F0287S,05F0309S,32,93,23
2025/06/21 11:25,05F0287S,05F0309S,41,97,4
2025/06/21 11:25,05F0287S,05F0309S,42,0,0
2025/06/21 11:25,05F0287S,05F0309S,5,0,0
2025/06/21 11:25,05F0309S,05F0439S,31,482,76
2025/06/21 11:25,05F0309S,05F0439S,32,484,17
2025/06/21 11:25,05F0309S,05F0439S,41,523,6
2025/06/21 11:25,05F0309S,05F0439S,42,602,1
2025/06/21 11:25,05F0309S,05F0439S,5,478,2
2025/06/21 11:25,05F0439S,05F0494S,31,202,50
2025/06/21 11:25,05F0439S,05F0494S,32,203,12
2025/06/21 11:25,05F0439S,05F0494S,41,221,1
2025/06/21 11:25,05F0439S,05F0494S,42,0,0
2025/06/21 11:25,05F0439S,05F0494S,5,211,2
2025/06/21 11:30,05F0000S,05F0055S,31,260,138
2025/06/21 11:30,05F0000S,05F0055S,32,259,28
2025/06/21 11:30,05F0000S,05F0055S,41,0,0
2025/06/21 11:30,05F0000S,05F0055S,42,0,0
2025/06/21 11:30,05F0000S,05F0055S,5,0,0
2025/06/21 11:30,05F0055S,05F0287S,31,2005,151
2025/06/21 11:30,05F0055S,05F0287S,32,2006,34
2025/06/21 11:30,05F0055S,05F0287S,41,1850,7
2025/06/21 11:30,05F0055S,05F0287S,42,0,0
2025/06/21 11:30,05F0055S,05F0287S,5,0,0
2025/06/21 11:30,05F0287S,05F0309S,31,93,108
2025/06/21 11:30,05F0287S,05F0309S,32,94,20
2025/06/21 11:30,05F0287S,05F0309S,41,96,1
2025/06/21 11:30,05F0287S,05F0309S,42,0,0
2025/06/21 11:30,05F0287S,05F0309S,5,0,0
2025/06/21 11:30,05F0309S,05F0439S,31,477,71
2025/06/21 11:30,05F0309S,05F0439S,32,467,17
2025/06/21 11:30,05F0309S,05F0439S,41,518,4
2025/06/21 11:30,05F0309S,05F0439S,42,0,0
2025/06/21 11:30,05F0309S,05F0439S,5,500,5
2025/06/21 11:30,05F0439S,05F0494S,31,192,43
2025/06/21 11:30,05F0439S,05F0494S,32,201,11
2025/06/21 11:30,05F0439S,05F0494S,41,206,2
2025/06/21 11:30,05F0439S,05F0494S,42,0,0
2025/06/21 11:30,05F0439S,05F0494S,5,213,4
2025/06/21 11:35,05F0000S,05F0055S,31,262,146
2025/06/21 11:35,05F0000S,05F0055S,32,267,25
2025/06/21 11:35,05F0000S,05F0055S,41,1998,2
2025/06/21 11:35,05F0000S,05F0055S,42,0,0
2025/06/21 11:35,05F0000S,05F0055S,5,0,0
2025/06/21 11:35,05F0055S,05F0287S,31,2042,151
2025/06/21 11:35,05F0055S,05F0287S,32,2044,23
2025/06/21 11:35,05F0055S,05F0287S,41,1854,4
2025/06/21 11:35,05F0055S,05F0287S,42,0,0
2025/06/21 11:35,05F0055S,05F0287S,5,0,0
2025/06/21 11:35,05F0287S,05F0309S,31,91,112
2025/06/21 11:35,05F0287S,05F0309S,32,92,21
2025/06/21 11:35,05F0287S,05F0309S,41,97,5
2025/06/21 11:35,05F0287S,05F0309S,42,0,0
2025/06/21 11:35,05F0287S,05F0309S,5,0,0
2025/06/21 11:35,05F0309S,05F0439S,31,486,83
2025/06/21 11:35,05F0309S,05F0439S,32,489,15
2025/06/21 11:35,05F0309S,05F0439S,41,537,2
2025/06/21 11:35,05F0309S,05F0439S,42,0,0
2025/06/21 11:35,05F0309S,05F0439S,5,502,3
2025/06/21 11:35,05F0439S,05F0494S,31,201,54
2025/06/21 11:35,05F0439S,05F0494S,32,205,11
2025/06/21 11:35,05F0439S,05F0494S,41,0,0
2025/06/21 11:35,05F0439S,05F0494S,42,233,1
2025/06/21 11:35,05F0439S,05F0494S,5,206,5
2025/06/21 11:40,05F0000S,05F0055S,31,260,121
2025/06/21 11:40,05F0000S,05F0055S,32,262,44
2025/06/21 11:40,05F0000S,05F0055S,41,1056,2
2025/06/21 11:40,05F0000S,05F0055S,42,0,0
2025/06/21 11:40,05F0000S,05F0055S,5,0,0
2025/06/21 11:40,05F0055S,05F0287S,31,2089,143
2025/06/21 11:40,05F0055S,05F0287S,32,2087,31
2025/06/21 11:40,05F0055S,05F0287S,41,1866,12
2025/06/21 11:40,05F0055S,05F0287S,42,0,0
2025/06/21 11:40,05F0055S,05F0287S,5,0,0
2025/06/21 11:40,05F0287S,05F0309S,31,90,122
2025/06/21 11:40,05F0287S,05F0309S,32,95,20
2025/06/21 11:40,05F0287S,05F0309S,41,97,5
2025/06/21 11:40,05F0287S,05F0309S,42,0,0
2025/06/21 11:40,05F0287S,05F0309S,5,0,0
2025/06/21 11:40,05F0309S,05F0439S,31,478,64
2025/06/21 11:40,05F0309S,05F0439S,32,472,14
2025/06/21 11:40,05F0309S,05F0439S,41,0,0
2025/06/21 11:40,05F0309S,05F0439S,42,0,0
2025/06/21 11:40,05F0309S,05F0439S,5,485,3
2025/06/21 11:40,05F0439S,05F0494S,31,207,43
2025/06/21 11:40,05F0439S,05F0494S,32,207,10
2025/06/21 11:40,05F0439S,05F0494S,41,0,0
2025/06/21 11:40,05F0439S,05F0494S,42,0,0
2025/06/21 11:40,05F0439S,05F0494S,5,225,2
2025/06/21 11:45,05F0000S,05F0055S,31,271,157
2025/06/21 11:45,05F0000S,05F0055S,32,273,34
2025/06/21 11:45,05F0000S,05F0055S,41,265,2
2025/06/21 11:45,05F0000S,05F0055S,42,0,0
2025/06/21 11:45,05F0000S,05F0055S,5,0,0
2025/06/21 11:45,05F0055S,05F0287S,31,2123,155
2025/06/21 11:45,05F0055S,05F0287S,32,2124,30
2025/06/21 11:45,05F0055S,05F0287S,41,1922,8
2025/06/21 11:45,05F0055S,05F0287S,42,0,0
2025/06/21 11:45,05F0055S,05F0287S,5,0,0
2025/06/21 11:45,05F0287S,05F0309S,31,90,106
2025/06/21 11:45,05F0287S,05F0309S,32,90,23
2025/06/21 11:45,05F0287S,05F0309S,41,96,7
2025/06/21 11:45,05F0287S,05F0309S,42,0,0
2025/06/21 11:45,05F0287S,05F0309S,5,0,0
2025/06/21 11:45,05F0309S,05F0439S,31,487,66
2025/06/21 11:45,05F0309S,05F0439S,32,487,13
2025/06/21 11:45,05F0309S,05F0439S,41,531,2
2025/06/21 11:45,05F0309S,05F0439S,42,0,0
2025/06/21 11:45,05F0309S,05F0439S,5,496,1
2025/06/21 11:45,05F0439S,05F0494S,31,206,37
2025/06/21 11:45,05F0439S,05F0494S,32,200,4
2025/06/21 11:45,05F0439S,05F0494S,41,0,0
2025/06/21 11:45,05F0439S,05F0494S,42,191,1
2025/06/21 11:45,05F0439S,05F0494S,5,204,4
2025/06/21 11:50,05F0000S,05F0055S,31,275,157
2025/06/21 11:50,05F0000S,05F0055S,32,274,34
2025/06/21 11:50,05F0000S,05F0055S,41,280,1
2025/06/21 11:50,05F0000S,05F0055S,42,0,0
2025/06/21 11:50,05F0000S,05F0055S,5,0,0
2025/06/21 11:50,05F0055S,05F0287S,31,2159,133
2025/06/21 11:50,05F0055S,05F0287S,32,2158,29
2025/06/21 11:50,05F0055S,05F0287S,41,1978,7
2025/06/21 11:50,05F0055S,05F0287S,42,0,0
2025/06/21 11:50,05F0055S,05F0287S,5,0,0
2025/06/21 11:50,05F0287S,05F0309S,31,90,111
2025/06/21 11:50,05F0287S,05F0309S,32,90,23
2025/06/21 11:50,05F0287S,05F0309S,41,97,6
2025/06/21 11:50,05F0287S,05F0309S,42,0,0
2025/06/21 11:50,05F0287S,05F0309S,5,0,0
2025/06/21 11:50,05F0309S,05F0439S,31,483,80
2025/06/21 11:50,05F0309S,05F0439S,32,503,22
2025/06/21 11:50,05F0309S,05F0439S,41,544,4
2025/06/21 11:50,05F0309S,05F0439S,42,523,1
2025/06/21 11:50,05F0309S,05F0439S,5,489,5
2025/06/21 11:50,05F0439S,05F0494S,31,207,41
2025/06/21 11:50,05F0439S,05F0494S,32,211,12
2025/06/21 11:50,05F0439S,05F0494S,41,225,1
2025/06/21 11:50,05F0439S,05F0494S,42,0,0
2025/06/21 11:50,05F0439S,05F0494S,5,225,3
2025/06/21 11:55,05F0000S,05F0055S,31,263,138
2025/06/21 11:55,05F0000S,05F0055S,32,261,25
2025/06/21 11:55,05F0000S,05F0055S,41,0,0
2025/06/21 11:55,05F0000S,05F0055S,42,0,0
2025/06/21 11:55,05F0000S,05F0055S,5,0,0
2025/06/21 11:55,05F0055S,05F0287S,31,2180,166
2025/06/21 11:55,05F0055S,05F0287S,32,2175,30
2025/06/21 11:55,05F0055S,05F0287S,41,2010,4
2025/06/21 11:55,05F0055S,05F0287S,42,0,0
2025/06/21 11:55,05F0055S,05F0287S,5,0,0
2025/06/21 11:55,05F0287S,05F0309S,31,92,105
2025/06/21 11:55,05F0287S,05F0309S,32,91,27
2025/06/21 11:55,05F0287S,05F0309S,41,93,4
2025/06/21 11:55,05F0287S,05F0309S,42,0,0
2025/06/21 11:55,05F0287S,05F0309S,5,0,0
2025/06/21 11:55,05F0309S,05F0439S,31,482,80
2025/06/21 11:55,05F0309S,05F0439S,32,488,21
2025/06/21 11:55,05F0309S,05F0439S,41,536,3
2025/06/21 11:55,05F0309S,05F0439S,42,0,0
2025/06/21 11:55,05F0309S,05F0439S,5,539,4
2025/06/21 11:55,05F0439S,05F0494S,31,209,46
2025/06/21 11:55,05F0439S,05F0494S,32,208,12
2025/06/21 11:55,05F0439S,05F0494S,41,0,0
2025/06/21 11:55,05F0439S,05F0494S,42,0,0
2025/06/21 11:55,05F0439S,05F0494S,5,212,5
2025/06/21 12:00,05F0000S,05F0055S,31,277,156
2025/06/21 12:00,05F0000S,05F0055S,32,276,28
2025/06/21 12:00,05F0000S,05F0055S,41,298,2
2025/06/21 12:00,05F0000S,05F0055S,42,0,0
2025/06/21 12:00,05F0000S,05F0055S,5,0,0
2025/06/21 12:00,05F0055S,05F0287S,31,2202,129
2025/06/21 12:00,05F0055S,05F0287S,32,2227,31
2025/06/21 12:00,05F0055S,05F0287S,41,2064,6
2025/06/21 12:00,05F0055S,05F0287S,42,0,0
2025/06/21 12:00,05F0055S,05F0287S,5,0,0
2025/06/21 12:00,05F0287S,05F0309S,31,91,98
2025/06/21 12:00,05F0287S,05F0309S,32,93,26
2025/06/21 12:00,05F0287S,05F0309S,41,99,2
2025/06/21 12:00,05F0287S,05F0309S,42,0,0
2025/06/21 12:00,05F0287S,05F0309S,5,0,0
2025/06/21 12:00,05F0309S,05F0439S,31,478,61
2025/06/21 12:00,05F0309S,05F0439S,32,515,17
2025/06/21 12:00,05F0309S,05F0439S,41,563,4
2025/06/21 12:00,05F0309S,05F0439S,42,0,0
2025/06/21 12:00,05F0309S,05F0439S,5,505,7
2025/06/21 12:00,05F0439S,05F0494S,31,199,31
2025/06/21 12:00,05F0439S,05F0494S,32,191,13
2025/06/21 12:00,05F0439S,05F0494S,41,0,0
2025/06/21 12:00,05F0439S,05F0494S,42,0,0
2025/06/21 12:00,05F0439S,05F0494S,5,226,4
2025/06/21 12:05,05F0000S,05F0055S,31,266,152
2025/06/21 12:05,05F0000S,05F0055S,32,270,33
2025/06/21 12:05,05F0000S,05F0055S,41,265,2
2025/06/21 12:05,05F0000S,05F0055S,42,0,0
2025/06/21 12:05,05F0000S,05F0055S,5,0,0
2025/06/21 12:05,05F0055S,05F0287S,31,2244,152
2025/06/21 12:05,05F0055S,05F0287S,32,2277,23
2025/06/21 12:05,05F0055S,05F0287S,41,2048,5
2025/06/21 12:05,05F0055S,05F0287S,42,0,0
2025/06/21 12:05,05F0055S,05F0287S,5,0,0
2025/06/21 12:05,05F0287S,05F0309S,31,91,111
2025/06/21 12:05,05F0287S,05F0309S,32,93,19
2025/06/21 12:05,05F0287S,05F0309S,41,96,4
2025/06/21 12:05,05F0287S,05F0309S,42,0,0
2025/06/21 12:05,05F0287S,05F0309S,5,0,0
2025/06/21 12:05,05F0309S,05F0439S,31,474,87
2025/06/21 12:05,05F0309S,05F0439S,32,487,15
2025/06/21 12:05,05F0309S,05F0439S,41,514,1
2025/06/21 12:05,05F0309S,05F0439S,42,0,0
2025/06/21 12:05,05F0309S,05F0439S,5,502,5
2025/06/21 12:05,05F0439S,05F0494S,31,197,28
2025/06/21 12:05,05F0439S,05F0494S,32,208,13
2025/06/21 12:05,05F0439S,05F0494S,41,0,0
2025/06/21 12:05,05F0439S,05F0494S,42,228,1
2025/06/21 12:05,05F0439S,05F0494S,5,205,7
2025/06/21 12:10,05F0000S,05F0055S,31,257,152
2025/06/21 12:10,05F0000S,05F0055S,32,261,30
2025/06/21 12:10,05F0000S,05F0055S,41,268,3
2025/06/21 12:10,05F0000S,05F0055S,42,0,0
2025/06/21 12:10,05F0000S,05F0055S,5,0,0
2025/06/21 12:10,05F0055S,05F0287S,31,2244,165
2025/06/21 12:10,05F0055S,05F0287S,32,2242,41
2025/06/21 12:10,05F0055S,05F0287S,41,2026,4
2025/06/21 12:10,05F0055S,05F0287S,42,0,0
2025/06/21 12:10,05F0055S,05F0287S,5,0,0
2025/06/21 12:10,05F0287S,05F0309S,31,93,101
2025/06/21 12:10,05F0287S,05F0309S,32,92,26
2025/06/21 12:10,05F0287S,05F0309S,41,95,6
2025/06/21 12:10,05F0287S,05F0309S,42,0,0
2025/06/21 12:10,05F0287S,05F0309S,5,0,0
2025/06/21 12:10,05F0309S,05F0439S,31,488,76
2025/06/21 12:10,05F0309S,05F0439S,32,486,16
2025/06/21 12:10,05F0309S,05F0439S,41,545,2
2025/06/21 12:10,05F0309S,05F0439S,42,0,0
2025/06/21 12:10,05F0309S,05F0439S,5,536,5
2025/06/21 12:10,05F0439S,05F0494S,31,202,34
2025/06/21 12:10,05F0439S,05F0494S,32,202,10
2025/06/21 12:10,05F0439S,05F0494S,41,0,0
2025/06/21 12:10,05F0439S,05F0494S,42,0,0
2025/06/21 12:10,05F0439S,05F0494S,5,216,5
2025/06/21 12:15,05F0000S,05F0055S,31,265,115
2025/06/21 12:15,05F0000S,05F0055S,32,268,29
2025/06/21 12:15,05F0000S,05F0055S,41,263,2
2025/06/21 12:15,05F0000S,05F0055S,42,0,0
2025/06/21 12:15,05F0000S,05F0055S,5,0,0
2025/06/21 12:15,05F0055S,05F0287S,31,2248,146
2025/06/21 12:15,05F0055S,05F0287S,32,2255,33
2025/06/21 12:15,05F0055S,05F0287S,41,2067,8
2025/06/21 12:15,05F0055S,05F0287S,42,0,0
2025/06/21 12:15,05F0055S,05F0287S,5,0,0
2025/06/21 12:15,05F0287S,05F0309S,31,90,105
2025/06/21 12:15,05F0287S,05F0309S,32,88,21
2025/06/21 12:15,05F0287S,05F0309S,41,92,7
2025/06/21 12:15,05F0287S,05F0309S,42,0,0
2025/06/21 12:15,05F0287S,05F0309S,5,0,0
2025/06/21 12:15,05F0309S,05F0439S,31,496,76
2025/06/21 12:15,05F0309S,05F0439S,32,510,8
2025/06/21 12:15,05F0309S,05F0439S,41,536,3
2025/06/21 12:15,05F0309S,05F0439S,42,0,0
2025/06/21 12:15,05F0309S,05F0439S,5,532,6
2025/06/21 12:15,05F0439S,05F0494S,31,207,44
2025/06/21 12:15,05F0439S,05F0494S,32,211,8
2025/06/21 12:15,05F0439S,05F0494S,41,0,0
2025/06/21 12:15,05F0439S,05F0494S,42,0,0
2025/06/21 12:15,05F0439S,05F0494S,5,220,2
2025/06/21 12:20,05F0000S,05F0055S,31,276,152
2025/06/21 12:20,05F0000S,05F0055S,32,279,37
2025/06/21 12:20,05F0000S,05F0055S,41,0,0
2025/06/21 12:20,05F0000S,05F0055S,42,0,0
2025/06/21 12:20,05F0000S,05F0055S,5,0,0
2025/06/21 12:20,05F0055S,05F0287S,31,2247,138
2025/06/21 12:20,05F0055S,05F0287S,32,2252,47
2025/06/21 12:20,05F0055S,05F0287S,41,2056,5
2025/06/21 12:20,05F0055S,05F0287S,42,0,0
2025/06/21 12:20,05F0055S,05F0287S,5,0,0
2025/06/21 12:20,05F0287S,05F0309S,31,90,99
2025/06/21 12:20,05F0287S,05F0309S,32,90,37
2025/06/21 12:20,05F0287S,05F0309S,41,1856,2
2025/06/21 12:20,05F0287S,05F0309S,42,0,0
2025/06/21 12:20,05F0287S,05F0309S,5,0,0
2025/06/21 12:20,05F0309S,05F0439S,31,494,95
2025/06/21 12:20,05F0309S,05F0439S,32,498,21
2025/06/21 12:20,05F0309S,05F0439S,41,523,2
2025/06/21 12:20,05F0309S,05F0439S,42,579,1
2025/06/21 12:20,05F0309S,05F0439S,5,495,4
2025/06/21 12:20,05F0439S,05F0494S,31,204,48
2025/06/21 12:20,05F0439S,05F0494S,32,212,17
2025/06/21 12:20,05F0439S,05F0494S,41,425,1
2025/06/21 12:20,05F0439S,05F0494S,42,241,1
2025/06/21 12:20,05F0439S,05F0494S,5,215,7
2025/06/21 12:25,05F0000S,05F0055S,31,257,149
2025/06/21 12:25,05F0000S,05F0055S,32,256,29
2025/06/21 12:25,05F0000S,05F0055S,41,0,0
2025/06/21 12:25,05F0000S,05F0055S,42,0,0
2025/06/21 12:25,05F0000S,05F0055S,5,0,0
2025/06/21 12:25,05F0055S,05F0287S,31,2263,156
2025/06/21 12:25,05F0055S,05F0287S,32,2259,33
2025/06/21 12:25,05F0055S,05F0287S,41,1982,5
2025/06/21 12:25,05F0055S,05F0287S,42,0,0
2025/06/21 12:25,05F0055S,05F0287S,5,0,0
2025/06/21 12:25,05F0287S,05F0309S,31,90,116
2025/06/21 12:25,05F0287S,05F0309S,32,89,30
2025/06/21 12:25,05F0287S,05F0309S,41,98,6
2025/06/21 12:25,05F0287S,05F0309S,42,0,0
2025/06/21 12:25,05F0287S,05F0309S,5,0,0
2025/06/21 12:25,05F0309S,05F0439S,31,484,73
2025/06/21 12:25,05F0309S,05F0439S,32,481,17
2025/06/21 12:25,05F0309S,05F0439S,41,492,3
2025/06/21 12:25,05F0309S,05F0439S,42,0,0
2025/06/21 12:25,05F0309S,05F0439S,5,497,7
2025/06/21 12:25,05F0439S,05F0494S,31,208,47
2025/06/21 12:25,05F0439S,05F0494S,32,186,8
2025/06/21 12:25,05F0439S,05F0494S,41,0,0
2025/06/21 12:25,05F0439S,05F0494S,42,0,0
2025/06/21 12:25,05F0439S,05F0494S,5,214,4
2025/06/21 12:30,05F0000S,05F0055S,31,256,128
2025/06/21 12:30,05F0000S,05F0055S,32,256,26
2025/06/21 12:30,05F0000S,05F0055S,41,248,2
2025/06/21 12:30,05F0000S,05F0055S,42,0,0
2025/06/21 12:30,05F0000S,05F0055S,5,0,0
2025/06/21 12:30,05F0055S,05F0287S,31,2286,136
2025/06/21 12:30,05F0055S,05F0287S,32,2283,38
2025/06/21 12:30,05F0055S,05F0287S,41,1994,9
2025/06/21 12:30,05F0055S,05F0287S,42,0,0
2025/06/21 12:30,05F0055S,05F0287S,5,0,0
2025/06/21 12:30,05F0287S,05F0309S,31,90,126
2025/06/21 12:30,05F0287S,05F0309S,32,94,26
2025/06/21 12:30,05F0287S,05F0309S,41,92,3
2025/06/21 12:30,05F0287S,05F0309S,42,0,0
2025/06/21 12:30,05F0287S,05F0309S,5,0,0
2025/06/21 12:30,05F0309S,05F0439S,31,476,71
2025/06/21 12:30,05F0309S,05F0439S,32,481,23
2025/06/21 12:30,05F0309S,05F0439S,41,522,2
2025/06/21 12:30,05F0309S,05F0439S,42,0,0
2025/06/21 12:30,05F0309S,05F0439S,5,522,6
2025/06/21 12:30,05F0439S,05F0494S,31,211,43
2025/06/21 12:30,05F0439S,05F0494S,32,205,14
2025/06/21 12:30,05F0439S,05F0494S,41,208,2
2025/06/21 12:30,05F0439S,05F0494S,42,0,0
2025/06/21 12:30,05F0439S,05F0494S,5,206,3
2025/06/21 12:35,05F0000S,05F0055S,31,292,102
2025/06/21 12:35,05F0000S,05F0055S,32,277,18
2025/06/21 12:35,05F0000S,05F0055S,41,261,1
2025/06/21 12:35,05F0000S,05F0055S,42,0,0
2025/06/21 12:35,05F0000S,05F0055S,5,0,0
2025/06/21 12:35,05F0055S,05F0287S,31,2313,160
2025/06/21 12:35,05F0055S,05F0287S,32,2280,36
2025/06/21 12:35,05F0055S,05F0287S,41,1954,7
2025/06/21 12:35,05F0055S,05F0287S,42,0,0
2025/06/21 12:35,05F0055S,05F0287S,5,0,0
2025/06/21 12:35,05F0287S,05F0309S,31,90,104
2025/06/21 12:35,05F0287S,05F0309S,32,92,23
2025/06/21 12:35,05F0287S,05F0309S,41,95,6
2025/06/21 12:35,05F0287S,05F0309S,42,0,0
2025/06/21 12:35,05F0287S,05F0309S,5,0,0
2025/06/21 12:35,05F0309S,05F0439S,31,487,79
2025/06/21 12:35,05F0309S,05F0439S,32,477,16
2025/06/21 12:35,05F0309S,05F0439S,41,539,4
2025/06/21 12:35,05F0309S,05F0439S,42,0,0
2025/06/21 12:35,05F0309S,05F0439S,5,509,4
2025/06/21 12:35,05F0439S,05F0494S,31,202,49
2025/06/21 12:35,05F0439S,05F0494S,32,189,8
2025/06/21 12:35,05F0439S,05F0494S,41,0,0
2025/06/21 12:35,05F0439S,05F0494S,42,0,0
2025/06/21 12:35,05F0439S,05F0494S,5,209,3
2025/06/21 12:40,05F0000S,05F0055S,31,366,131
2025/06/21 12:40,05F0000S,05F0055S,32,365,30
2025/06/21 12:40,05F0000S,05F0055S,41,0,0
2025/06/21 12:40,05F0000S,05F0055S,42,0,0
2025/06/21 12:40,05F0000S,05F0055S,5,0,0
2025/06/21 12:40,05F0055S,05F0287S,31,2326,145
2025/06/21 12:40,05F0055S,05F0287S,32,2327,18
2025/06/21 12:40,05F0055S,05F0287S,41,1984,7
2025/06/21 12:40,05F0055S,05F0287S,42,0,0
2025/06/21 12:40,05F0055S,05F0287S,5,0,0
2025/06/21 12:40,05F0287S,05F0309S,31,93,117
2025/06/21 12:40,05F0287S,05F0309S,32,97,18
2025/06/21 12:40,05F0287S,05F0309S,41,87,1
2025/06/21 12:40,05F0287S,05F0309S,42,0,0
2025/06/21 12:40,05F0287S,05F0309S,5,0,0
2025/06/21 12:40,05F0309S,05F0439S,31,492,70
2025/06/21 12:40,05F0309S,05F0439S,32,502,24
2025/06/21 12:40,05F0309S,05F0439S,41,553,5
2025/06/21 12:40,05F0309S,05F0439S,42,503,1
2025/06/21 12:40,05F0309S,05F0439S,5,526,3
2025/06/21 12:40,05F0439S,05F0494S,31,201,44
2025/06/21 12:40,05F0439S,05F0494S,32,204,14
2025/06/21 12:40,05F0439S,05F0494S,41,0,0
2025/06/21 12:40,05F0439S,05F0494S,42,0,0
2025/06/21 12:40,05F0439S,05F0494S,5,220,3
2025/06/21 12:45,05F0000S,05F0055S,31,351,149
2025/06/21 12:45,05F0000S,05F0055S,32,347,32
2025/06/21 12:45,05F0000S,05F0055S,41,302,1
2025/06/21 12:45,05F0000S,05F0055S,42,0,0
2025/06/21 12:45,05F0000S,05F0055S,5,0,0
2025/06/21 12:45,05F0055S,05F0287S,31,2394,143
2025/06/21 12:45,05F0055S,05F0287S,32,2378,35
2025/06/21 12:45,05F0055S,05F0287S,41,2048,5
2025/06/21 12:45,05F0055S,05F0287S,42,0,0
2025/06/21 12:45,05F0055S,05F0287S,5,0,0
2025/06/21 12:45,05F0287S,05F0309S,31,91,106
2025/06/21 12:45,05F0287S,05F0309S,32,91,22
2025/06/21 12:45,05F0287S,05F0309S,41,92,4
2025/06/21 12:45,05F0287S,05F0309S,42,0,0
2025/06/21 12:45,05F0287S,05F0309S,5,0,0
2025/06/21 12:45,05F0309S,05F0439S,31,492,79
2025/06/21 12:45,05F0309S,05F0439S,32,494,16
2025/06/21 12:45,05F0309S,05F0439S,41,499,3
2025/06/21 12:45,05F0309S,05F0439S,42,529,1
2025/06/21 12:45,05F0309S,05F0439S,5,519,4
2025/06/21 12:45,05F0439S,05F0494S,31,202,48
2025/06/21 12:45,05F0439S,05F0494S,32,216,13
2025/06/21 12:45,05F0439S,05F0494S,41,222,1
2025/06/21 12:45,05F0439S,05F0494S,42,0,0
2025/06/21 12:45,05F0439S,05F0494S,5,216,4
2025/06/21 12:50,05F0000S,05F0055S,31,293,142
2025/06/21 12:50,05F0000S,05F0055S,32,300,38
2025/06/21 12:50,05F0000S,05F0055S,41,0,0
2025/06/21 12:50,05F0000S,05F0055S,42,0,0
2025/06/21 12:50,05F0000S,05F0055S,5,0,0
2025/06/21 12:50,05F0055S,05F0287S,31,2410,148
2025/06/21 12:50,05F0055S,05F0287S,32,2408,29
2025/06/21 12:50,05F0055S,05F0287S,41,2066,7
2025/06/21 12:50,05F0055S,05F0287S,42,0,0
2025/06/21 12:50,05F0055S,05F0287S,5,0,0
2025/06/21 12:50,05F0287S,05F0309S,31,90,103
2025/06/21 12:50,05F0287S,05F0309S,32,90,24
2025/06/21 12:50,05F0287S,05F0309S,41,89,5
2025/06/21 12:50,05F0287S,05F0309S,42,0,0
2025/06/21 12:50,05F0287S,05F0309S,5,0,0
2025/06/21 12:50,05F0309S,05F0439S,31,499,74
2025/06/21 12:50,05F0309S,05F0439S,32,516,16
2025/06/21 12:50,05F0309S,05F0439S,41,531,7
2025/06/21 12:50,05F0309S,05F0439S,42,0,0
2025/06/21 12:50,05F0309S,05F0439S,5,548,6
2025/06/21 12:50,05F0439S,05F0494S,31,205,47
2025/06/21 12:50,05F0439S,05F0494S,32,205,7
2025/06/21 12:50,05F0439S,05F0494S,41,203,1
2025/06/21 12:50,05F0439S,05F0494S,42,0,0
2025/06/21 12:50,05F0439S,05F0494S,5,217,6
2025/06/21 12:55,05F0000S,05F0055S,31,256,133
2025/06/21 12:55,05F0000S,05F0055S,32,259,25
2025/06/21 12:55,05F0000S,05F0055S,41,288,1
2025/06/21 12:55,05F0000S,05F0055S,42,0,0
2025/06/21 12:55,05F0000S,05F0055S,5,0,0
2025/06/21 12:55,05F0055S,05F0287S,31,2419,149
2025/06/21 12:55,05F0055S,05F0287S,32,2420,33
2025/06/21 12:55,05F0055S,05F0287S,41,2040,1
2025/06/21 12:55,05F0055S,05F0287S,42,0,0
2025/06/21 12:55,05F0055S,05F0287S,5,0,0
2025/06/21 12:55,05F0287S,05F0309S,31,91,101
2025/06/21 12:55,05F0287S,05F0309S,32,94,24
2025/06/21 12:55,05F0287S,05F0309S,41,96,3
2025/06/21 12:55,05F0287S,05F0309S,42,0,0
2025/06/21 12:55,05F0287S,05F0309S,5,0,0
2025/06/21 12:55,05F0309S,05F0439S,31,493,81
2025/06/21 12:55,05F0309S,05F0439S,32,506,12
2025/06/21 12:55,05F0309S,05F0439S,41,530,3
2025/06/21 12:55,05F0309S,05F0439S,42,517,1
2025/06/21 12:55,05F0309S,05F0439S,5,602,2
2025/06/21 12:55,05F0439S,05F0494S,31,210,40
2025/06/21 12:55,05F0439S,05F0494S,32,220,2
2025/06/21 12:55,05F0439S,05F0494S,41,229,6
2025/06/21 12:55,05F0439S,05F0494S,42,236,1
2025/06/21 12:55,05F0439S,05F0494S,5,229,5
2025/06/21 13:00,05F0000S,05F0055S,31,249,104
2025/06/21 13:00,05F0000S,05F0055S,32,245,29
2025/06/21 13:00,05F0000S,05F0055S,41,253,1
2025/06/21 13:00,05F0000S,05F0055S,42,0,0
2025/06/21 13:00,05F0000S,05F0055S,5,0,0
2025/06/21 13:00,05F0055S,05F0287S,31,2420,151
2025/06/21 13:00,05F0055S,05F0287S,32,2420,38
2025/06/21 13:00,05F0055S,05F0287S,41,1982,7
2025/06/21 13:00,05F0055S,05F0287S,42,0,0
2025/06/21 13:00,05F0055S,05F0287S,5,0,0
2025/06/21 13:00,05F0287S,05F0309S,31,94,107
2025/06/21 13:00,05F0287S,05F0309S,32,94,28
2025/06/21 13:00,05F0287S,05F0309S,41,93,5
2025/06/21 13:00,05F0287S,05F0309S,42,0,0
2025/06/21 13:00,05F0287S,05F0309S,5,0,0
2025/06/21 13:00,05F0309S,05F0439S,31,479,76
2025/06/21 13:00,05F0309S,05F0439S,32,481,20
2025/06/21 13:00,05F0309S,05F0439S,41,525,5
2025/06/21 13:00,05F0309S,05F0439S,42,0,0
2025/06/21 13:00,05F0309S,05F0439S,5,489,3
2025/06/21 13:00,05F0439S,05F0494S,31,206,41
2025/06/21 13:00,05F0439S,05F0494S,32,210,12
2025/06/21 13:00,05F0439S,05F0494S,41,242,1
2025/06/21 13:00,05F0439S,05F0494S,42,0,0
2025/06/21 13:00,05F0439S,05F0494S,5,222,5
2025/06/21 13:05,05F0000S,05F0055S,31,255,130
2025/06/21 13:05,05F0000S,05F0055S,32,250,24
2025/06/21 13:05,05F0000S,05F0055S,41,0,0
2025/06/21 13:05,05F0000S,05F0055S,42,0,0
2025/06/21 13:05,05F0000S,05F0055S,5,0,0
2025/06/21 13:05,05F0055S,05F0287S,31,2419,154
2025/06/21 13:05,05F0055S,05F0287S,32,2417,26
2025/06/21 13:05,05F0055S,05F0287S,41,2009,4
2025/06/21 13:05,05F0055S,05F0287S,42,0,0
2025/06/21 13:05,05F0055S,05F0287S,5,0,0
2025/06/21 13:05,05F0287S,05F0309S,31,91,114
2025/06/21 13:05,05F0287S,05F0309S,32,90,28
2025/06/21 13:05,05F0287S,05F0309S,41,94,5
2025/06/21 13:05,05F0287S,05F0309S,42,0,0
2025/06/21 13:05,05F0287S,05F0309S,5,0,0
2025/06/21 13:05,05F0309S,05F0439S,31,486,64
2025/06/21 13:05,05F0309S,05F0439S,32,481,21
2025/06/21 13:05,05F0309S,05F0439S,41,523,1
2025/06/21 13:05,05F0309S,05F0439S,42,0,0
2025/06/21 13:05,05F0309S,05F0439S,5,497,3
2025/06/21 13:05,05F0439S,05F0494S,31,208,44
2025/06/21 13:05,05F0439S,05F0494S,32,204,11
2025/06/21 13:05,05F0439S,05F0494S,41,0,0
2025/06/21 13:05,05F0439S,05F0494S,42,240,1
2025/06/21 13:05,05F0439S,05F0494S,5,202,2
2025/06/21 13:10,05F0000S,05F0055S,31,258,146
2025/06/21 13:10,05F0000S,05F0055S,32,260,22
2025/06/21 13:10,05F0000S,05F0055S,41,266,3
2025/06/21 13:10,05F0000S,05F0055S,42,0,0
2025/06/21 13:10,05F0000S,05F0055S,5,0,0
2025/06/21 13:10,05F0055S,05F0287S,31,2399,153
2025/06/21 13:10,05F0055S,05F0287S,32,2404,37
2025/06/21 13:10,05F0055S,05F0287S,41,2067,3
2025/06/21 13:10,05F0055S,05F0287S,42,0,0
2025/06/21 13:10,05F0055S,05F0287S,5,0,0
2025/06/21 13:10,05F0287S,05F0309S,31,91,106
2025/06/21 13:10,05F0287S,05F0309S,32,93,24
2025/06/21 13:10,05F0287S,05F0309S,41,90,3
2025/06/21 13:10,05F0287S,05F0309S,42,0,0
2025/06/21 13:10,05F0287S,05F0309S,5,0,0
2025/06/21 13:10,05F0309S,05F0439S,31,488,70
2025/06/21 13:10,05F0309S,05F0439S,32,492,23
2025/06/21 13:10,05F0309S,05F0439S,41,535,6
2025/06/21 13:10,05F0309S,05F0439S,42,0,0
2025/06/21 13:10,05F0309S,05F0439S,5,526,5
2025/06/21 13:10,05F0439S,05F0494S,31,213,38
2025/06/21 13:10,05F0439S,05F0494S,32,213,11
2025/06/21 13:10,05F0439S,05F0494S,41,223,1
2025/06/21 13:10,05F0439S,05F0494S,42,0,0
2025/06/21 13:10,05F0439S,05F0494S,5,215,5
2025/06/21 13:15,05F0000S,05F0055S,31,270,170
2025/06/21 13:15,05F0000S,05F0055S,32,267,17
2025/06/21 13:15,05F0000S,05F0055S,41,0,0
2025/06/21 13:15,05F0000S,05F0055S,42,0,0
2025/06/21 13:15,05F0000S,05F0055S,5,0,0
2025/06/21 13:15,05F0055S,05F0287S,31,2295,163
2025/06/21 13:15,05F0055S,05F0287S,32,2301,33
2025/06/21 13:15,05F0055S,05F0287S,41,2018,3
2025/06/21 13:15,05F0055S,05F0287S,42,0,0
2025/06/21 13:15,05F0055S,05F0287S,5,0,0
2025/06/21 13:15,05F0287S,05F0309S,31,89,120
2025/06/21 13:15,05F0287S,05F0309S,32,91,23
2025/06/21 13:15,05F0287S,05F0309S,41,94,1
2025/06/21 13:15,05F0287S,05F0309S,42,0,0
2025/06/21 13:15,05F0287S,05F0309S,5,0,0
2025/06/21 13:15,05F0309S,05F0439S,31,479,67
2025/06/21 13:15,05F0309S,05F0439S,32,492,25
2025/06/21 13:15,05F0309S,05F0439S,41,561,6
2025/06/21 13:15,05F0309S,05F0439S,42,0,0
2025/06/21 13:15,05F0309S,05F0439S,5,496,3
2025/06/21 13:15,05F0439S,05F0494S,31,198,42
2025/06/21 13:15,05F0439S,05F0494S,32,212,11
2025/06/21 13:15,05F0439S,05F0494S,41,230,3
2025/06/21 13:15,05F0439S,05F0494S,42,0,0
2025/06/21 13:15,05F0439S,05F0494S,5,208,4
2025/06/21 13:20,05F0000S,05F0055S,31,275,137
2025/06/21 13:20,05F0000S,05F0055S,32,277,31
2025/06/21 13:20,05F0000S,05F0055S,41,315,1
2025/06/21 13:20,05F0000S,05F0055S,42,0,0
2025/06/21 13:20,05F0000S,05F0055S,5,0,0
2025/06/21 13:20,05F0055S,05F0287S,31,2264,152
2025/06/21 13:20,05F0055S,05F0287S,32,2257,29
2025/06/21 13:20,05F0055S,05F0287S,41,2062,5
2025/06/21 13:20,05F0055S,05F0287S,42,0,0
2025/06/21 13:20,05F0055S,05F0287S,5,0,0
2025/06/21 13:20,05F0287S,05F0309S,31,93,112
2025/06/21 13:20,05F0287S,05F0309S,32,95,23
2025/06/21 13:20,05F0287S,05F0309S,41,95,4
2025/06/21 13:20,05F0287S,05F0309S,42,0,0
2025/06/21 13:20,05F0287S,05F0309S,5,0,0
2025/06/21 13:20,05F0309S,05F0439S,31,489,91
2025/06/21 13:20,05F0309S,05F0439S,32,489,22
2025/06/21 13:20,05F0309S,05F0439S,41,503,1
2025/06/21 13:20,05F0309S,05F0439S,42,0,0
2025/06/21 13:20,05F0309S,05F0439S,5,0,0
2025/06/21 13:20,05F0439S,05F0494S,31,206,41
2025/06/21 13:20,05F0439S,05F0494S,32,210,8
2025/06/21 13:20,05F0439S,05F0494S,41,223,1
2025/06/21 13:20,05F0439S,05F0494S,42,0,0
2025/06/21 13:20,05F0439S,05F0494S,5,207,2
2025/06/21 13:25,05F0000S,05F0055S,31,292,172
2025/06/21 13:25,05F0000S,05F0055S,32,289,24
2025/06/21 13:25,05F0000S,05F0055S,41,292,2
2025/06/21 13:25,05F0000S,05F0055S,42,0,0
2025/06/21 13:25,05F0000S,05F0055S,5,0,0
2025/06/21 13:25,05F0055S,05F0287S,31,2284,139
2025/06/21 13:25,05F0055S,05F0287S,32,2274,39
2025/06/21 13:25,05F0055S,05F0287S,41,2079,5
2025/06/21 13:25,05F0055S,05F0287S,42,0,0
2025/06/21 13:25,05F0055S,05F0287S,5,0,0
2025/06/21 13:25,05F0287S,05F0309S,31,93,119
2025/06/21 13:25,05F0287S,05F0309S,32,94,27
2025/06/21 13:25,05F0287S,05F0309S,41,97,2
2025/06/21 13:25,05F0287S,05F0309S,42,0,0
2025/06/21 13:25,05F0287S,05F0309S,5,0,0
2025/06/21 13:25,05F0309S,05F0439S,31,478,94
2025/06/21 13:25,05F0309S,05F0439S,32,496,12
2025/06/21 13:25,05F0309S,05F0439S,41,530,3
2025/06/21 13:25,05F0309S,05F0439S,42,537,1
2025/06/21 13:25,05F0309S,05F0439S,5,521,5
2025/06/21 13:25,05F0439S,05F0494S,31,209,53
2025/06/21 13:25,05F0439S,05F0494S,32,211,10
2025/06/21 13:25,05F0439S,05F0494S,41,218,1
2025/06/21 13:25,05F0439S,05F0494S,42,0,0
2025/06/21 13:25,05F0439S,05F0494S,5,238,2
2025/06/21 13:30,05F0000S,05F0055S,31,285,139
2025/06/21 13:30,05F0000S,05F0055S,32,288,43
2025/06/21 13:30,05F0000S,05F0055S,41,277,1
2025/06/21 13:30,05F0000S,05F0055S,42,0,0
2025/06/21 13:30,05F0000S,05F0055S,5,0,0
2025/06/21 13:30,05F0055S,05F0287S,31,2337,125
2025/06/21 13:30,05F0055S,05F0287S,32,2336,30
2025/06/21 13:30,05F0055S,05F0287S,41,2098,6
2025/06/21 13:30,05F0055S,05F0287S,42,0,0
2025/06/21 13:30,05F0055S,05F0287S,5,0,0
2025/06/21 13:30,05F0287S,05F0309S,31,89,107
2025/06/21 13:30,05F0287S,05F0309S,32,89,24
2025/06/21 13:30,05F0287S,05F0309S,41,100,3
2025/06/21 13:30,05F0287S,05F0309S,42,0,0
2025/06/21 13:30,05F0287S,05F0309S,5,0,0
2025/06/21 13:30,05F0309S,05F0439S,31,486,64
2025/06/21 13:30,05F0309S,05F0439S,32,510,15
2025/06/21 13:30,05F0309S,05F0439S,41,534,6
2025/06/21 13:30,05F0309S,05F0439S,42,0,0
2025/06/21 13:30,05F0309S,05F0439S,5,540,2
2025/06/21 13:30,05F0439S,05F0494S,31,199,35
2025/06/21 13:30,05F0439S,05F0494S,32,215,7
2025/06/21 13:30,05F0439S,05F0494S,41,0,0
2025/06/21 13:30,05F0439S,05F0494S,42,222,2
2025/06/21 13:30,05F0439S,05F0494S,5,218,4
2025/06/21 13:35,05F0000S,05F0055S,31,279,152
2025/06/21 13:35,05F0000S,05F0055S,32,277,34
2025/06/21 13:35,05F0000S,05F0055S,41,284,1
2025/06/21 13:35,05F0000S,05F0055S,42,0,0
2025/06/21 13:35,05F0000S,05F0055S,5,0,0
2025/06/21 13:35,05F0055S,05F0287S,31,2370,138
2025/06/21 13:35,05F0055S,05F0287S,32,2372,33
2025/06/21 13:35,05F0055S,05F0287S,41,2123,7
2025/06/21 13:35,05F0055S,05F0287S,42,0,0
2025/06/21 13:35,05F0055S,05F0287S,5,0,0
2025/06/21 13:35,05F0287S,05F0309S,31,93,104
2025/06/21 13:35,05F0287S,05F0309S,32,95,15
2025/06/21 13:35,05F0287S,05F0309S,41,96,8
2025/06/21 13:35,05F0287S,05F0309S,42,0,0
2025/06/21 13:35,05F0287S,05F0309S,5,0,0
2025/06/21 13:35,05F0309S,05F0439S,31,489,77
2025/06/21 13:35,05F0309S,05F0439S,32,488,22
2025/06/21 13:35,05F0309S,05F0439S,41,541,2
2025/06/21 13:35,05F0309S,05F0439S,42,0,0
2025/06/21 13:35,05F0309S,05F0439S,5,559,2
2025/06/21 13:35,05F0439S,05F0494S,31,201,38
2025/06/21 13:35,05F0439S,05F0494S,32,216,14
2025/06/21 13:35,05F0439S,05F0494S,41,223,3
2025/06/21 13:35,05F0439S,05F0494S,42,0,0
2025/06/21 13:35,05F0439S,05F0494S,5,224,4
2025/06/21 13:40,05F0000S,05F0055S,31,269,156
2025/06/21 13:40,05F0000S,05F0055S,32,271,32
2025/06/21 13:40,05F0000S,05F0055S,41,260,1
2025/06/21 13:40,05F0000S,05F0055S,42,0,0
2025/06/21 13:40,05F0000S,05F0055S,5,0,0
2025/06/21 13:40,05F0055S,05F0287S,31,2375,134
2025/06/21 13:40,05F0055S,05F0287S,32,2376,38
2025/06/21 13:40,05F0055S,05F0287S,41,2200,3
2025/06/21 13:40,05F0055S,05F0287S,42,0,0
2025/06/21 13:40,05F0055S,05F0287S,5,0,0
2025/06/21 13:40,05F0287S,05F0309S,31,90,93
2025/06/21 13:40,05F0287S,05F0309S,32,90,32
2025/06/21 13:40,05F0287S,05F0309S,41,94,1
2025/06/21 13:40,05F0287S,05F0309S,42,0,0
2025/06/21 13:40,05F0287S,05F0309S,5,0,0
2025/06/21 13:40,05F0309S,05F0439S,31,489,89
2025/06/21 13:40,05F0309S,05F0439S,32,501,17
2025/06/21 13:40,05F0309S,05F0439S,41,535,2
2025/06/21 13:40,05F0309S,05F0439S,42,0,0
2025/06/21 13:40,05F0309S,05F0439S,5,483,1
2025/06/21 13:40,05F0439S,05F0494S,31,206,54
2025/06/21 13:40,05F0439S,05F0494S,32,201,15
2025/06/21 13:40,05F0439S,05F0494S,41,0,0
2025/06/21 13:40,05F0439S,05F0494S,42,0,0
2025/06/21 13:40,05F0439S,05F0494S,5,233,3
2025/06/21 13:45,05F0000S,05F0055S,31,277,130
2025/06/21 13:45,05F0000S,05F0055S,32,276,44
2025/06/21 13:45,05F0000S,05F0055S,41,1252,2
2025/06/21 13:45,05F0000S,05F0055S,42,0,0
2025/06/21 13:45,05F0000S,05F0055S,5,0,0
2025/06/21 13:45,05F0055S,05F0287S,31,2315,143
2025/06/21 13:45,05F0055S,05F0287S,32,2352,33
2025/06/21 13:45,05F0055S,05F0287S,41,2187,6
2025/06/21 13:45,05F0055S,05F0287S,42,0,0
2025/06/21 13:45,05F0055S,05F0287S,5,0,0
2025/06/21 13:45,05F0287S,05F0309S,31,93,110
2025/06/21 13:45,05F0287S,05F0309S,32,92,32
2025/06/21 13:45,05F0287S,05F0309S,41,95,6
2025/06/21 13:45,05F0287S,05F0309S,42,0,0
2025/06/21 13:45,05F0287S,05F0309S,5,0,0
2025/06/21 13:45,05F0309S,05F0439S,31,495,80
2025/06/21 13:45,05F0309S,05F0439S,32,522,10
2025/06/21 13:45,05F0309S,05F0439S,41,537,5
2025/06/21 13:45,05F0309S,05F0439S,42,0,0
2025/06/21 13:45,05F0309S,05F0439S,5,515,3
2025/06/21 13:45,05F0439S,05F0494S,31,204,49
2025/06/21 13:45,05F0439S,05F0494S,32,217,5
2025/06/21 13:45,05F0439S,05F0494S,41,0,0
2025/06/21 13:45,05F0439S,05F0494S,42,0,0
2025/06/21 13:45,05F0439S,05F0494S,5,202,1
2025/06/21 13:50,05F0000S,05F0055S,31,273,158
2025/06/21 13:50,05F0000S,05F0055S,32,274,22
2025/06/21 13:50,05F0000S,05F0055S,41,1676,1
2025/06/21 13:50,05F0000S,05F0055S,42,0,0
2025/06/21 13:50,05F0000S,05F0055S,5,0,0
2025/06/21 13:50,05F0055S,05F0287S,31,2338,161
2025/06/21 13:50,05F0055S,05F0287S,32,2323,24
2025/06/21 13:50,05F0055S,05F0287S,41,2222,3
2025/06/21 13:50,05F0055S,05F0287S,42,0,0
2025/06/21 13:50,05F0055S,05F0287S,5,0,0
2025/06/21 13:50,05F0287S,05F0309S,31,89,119
2025/06/21 13:50,05F0287S,05F0309S,32,90,19
2025/06/21 13:50,05F0287S,05F0309S,41,96,4
2025/06/21 13:50,05F0287S,05F0309S,42,0,0
2025/06/21 13:50,05F0287S,05F0309S,5,0,0
2025/06/21 13:50,05F0309S,05F0439S,31,486,75
2025/06/21 13:50,05F0309S,05F0439S,32,481,29
2025/06/21 13:50,05F0309S,05F0439S,41,535,7
2025/06/21 13:50,05F0309S,05F0439S,42,520,1
2025/06/21 13:50,05F0309S,05F0439S,5,512,1
2025/06/21 13:50,05F0439S,05F0494S,31,208,45
2025/06/21 13:50,05F0439S,05F0494S,32,207,13
2025/06/21 13:50,05F0439S,05F0494S,41,0,0
2025/06/21 13:50,05F0439S,05F0494S,42,231,1
2025/06/21 13:50,05F0439S,05F0494S,5,208,3
2025/06/21 13:55,05F0000S,05F0055S,31,315,101
2025/06/21 13:55,05F0000S,05F0055S,32,291,17
2025/06/21 13:55,05F0000S,05F0055S,41,0,0
2025/06/21 13:55,05F0000S,05F0055S,42,0,0
2025/06/21 13:55,05F0000S,05F0055S,5,0,0
2025/06/21 13:55,05F0055S,05F0287S,31,2342,163
2025/06/21 13:55,05F0055S,05F0287S,32,2350,27
2025/06/21 13:55,05F0055S,05F0287S,41,2202,6
2025/06/21 13:55,05F0055S,05F0287S,42,0,0
2025/06/21 13:55,05F0055S,05F0287S,5,0,0
2025/06/21 13:55,05F0287S,05F0309S,31,92,122
2025/06/21 13:55,05F0287S,05F0309S,32,91,20
2025/06/21 13:55,05F0287S,05F0309S,41,93,2
2025/06/21 13:55,05F0287S,05F0309S,42,0,0
2025/06/21 13:55,05F0287S,05F0309S,5,0,0
2025/06/21 13:55,05F0309S,05F0439S,31,492,103
2025/06/21 13:55,05F0309S,05F0439S,32,506,18
2025/06/21 13:55,05F0309S,05F0439S,41,517,4
2025/06/21 13:55,05F0309S,05F0439S,42,498,1
2025/06/21 13:55,05F0309S,05F0439S,5,514,3
2025/06/21 13:55,05F0439S,05F0494S,31,203,37
2025/06/21 13:55,05F0439S,05F0494S,32,218,7
2025/06/21 13:55,05F0439S,05F0494S,41,1754,2
2025/06/21 13:55,05F0439S,05F0494S,42,0,0
2025/06/21 13:55,05F0439S,05F0494S,5,219,2
2025/06/21 14:00,05F0000S,05F0055S,31,395,137
2025/06/21 14:00,05F0000S,05F0055S,32,399,42
2025/06/21 14:00,05F0000S,05F0055S,41,306,2
2025/06/21 14:00,05F0000S,05F0055S,42,0,0
2025/06/21 14:00,05F0000S,05F0055S,5,0,0
2025/06/21 14:00,05F0055S,05F0287S,31,2363,150
2025/06/21 14:00,05F0055S,05F0287S,32,2365,29
2025/06/21 14:00,05F0055S,05F0287S,41,2198,4
2025/06/21 14:00,05F0055S,05F0287S,42,0,0
2025/06/21 14:00,05F0055S,05F0287S,5,0,0
2025/06/21 14:00,05F0287S,05F0309S,31,93,110
2025/06/21 14:00,05F0287S,05F0309S,32,90,22
2025/06/21 14:00,05F0287S,05F0309S,41,96,3
2025/06/21 14:00,05F0287S,05F0309S,42,0,0
2025/06/21 14:00,05F0287S,05F0309S,5,0,0
2025/06/21 14:00,05F0309S,05F0439S,31,479,78
2025/06/21 14:00,05F0309S,05F0439S,32,503,11
2025/06/21 14:00,05F0309S,05F0439S,41,531,1
2025/06/21 14:00,05F0309S,05F0439S,42,0,0
2025/06/21 14:00,05F0309S,05F0439S,5,516,1
2025/06/21 14:00,05F0439S,05F0494S,31,209,47
2025/06/21 14:00,05F0439S,05F0494S,32,205,8
2025/06/21 14:00,05F0439S,05F0494S,41,214,1
2025/06/21 14:00,05F0439S,05F0494S,42,0,0
2025/06/21 14:00,05F0439S,05F0494S,5,217,3
2025/06/21 14:05,05F0000S,05F0055S,31,385,142
2025/06/21 14:05,05F0000S,05F0055S,32,384,39
2025/06/21 14:05,05F0000S,05F0055S,41,329,1
2025/06/21 14:05,05F0000S,05F0055S,42,0,0
2025/06/21 14:05,05F0000S,05F0055S,5,0,0
2025/06/21 14:05,05F0055S,05F0287S,31,2383,161
2025/06/21 14:05,05F0055S,05F0287S,32,2382,25
2025/06/21 14:05,05F0055S,05F0287S,41,2263,4
2025/06/21 14:05,05F0055S,05F0287S,42,0,0
2025/06/21 14:05,05F0055S,05F0287S,5,0,0
2025/06/21 14:05,05F0287S,05F0309S,31,94,136
2025/06/21 14:05,05F0287S,05F0309S,32,93,17
2025/06/21 14:05,05F0287S,05F0309S,41,0,0
2025/06/21 14:05,05F0287S,05F0309S,42,0,0
2025/06/21 14:05,05F0287S,05F0309S,5,0,0
2025/06/21 14:05,05F0309S,05F0439S,31,486,86
2025/06/21 14:05,05F0309S,05F0439S,32,492,12
2025/06/21 14:05,05F0309S,05F0439S,41,518,1
2025/06/21 14:05,05F0309S,05F0439S,42,538,1
2025/06/21 14:05,05F0309S,05F0439S,5,480,1
2025/06/21 14:05,05F0439S,05F0494S,31,205,31
2025/06/21 14:05,05F0439S,05F0494S,32,211,7
2025/06/21 14:05,05F0439S,05F0494S,41,0,0
2025/06/21 14:05,05F0439S,05F0494S,42,0,0
2025/06/21 14:05,05F0439S,05F0494S,5,228,2
2025/06/21 14:10,05F0000S,05F0055S,31,344,141
2025/06/21 14:10,05F0000S,05F0055S,32,351,36
2025/06/21 14:10,05F0000S,05F0055S,41,306,1
2025/06/21 14:10,05F0000S,05F0055S,42,0,0
2025/06/21 14:10,05F0000S,05F0055S,5,0,0
2025/06/21 14:10,05F0055S,05F0287S,31,2415,128
2025/06/21 14:10,05F0055S,05F0287S,32,2418,41
2025/06/21 14:10,05F0055S,05F0287S,41,2256,6
2025/06/21 14:10,05F0055S,05F0287S,42,0,0
2025/06/21 14:10,05F0055S,05F0287S,5,0,0
2025/06/21 14:10,05F0287S,05F0309S,31,90,95
2025/06/21 14:10,05F0287S,05F0309S,32,91,32
2025/06/21 14:10,05F0287S,05F0309S,41,94,7
2025/06/21 14:10,05F0287S,05F0309S,42,0,0
2025/06/21 14:10,05F0287S,05F0309S,5,0,0
2025/06/21 14:10,05F0309S,05F0439S,31,497,91
2025/06/21 14:10,05F0309S,05F0439S,32,490,21
2025/06/21 14:10,05F0309S,05F0439S,41,565,1
2025/06/21 14:10,05F0309S,05F0439S,42,0,0
2025/06/21 14:10,05F0309S,05F0439S,5,505,4
2025/06/21 14:10,05F0439S,05F0494S,31,206,43
2025/06/21 14:10,05F0439S,05F0494S,32,211,7
2025/06/21 14:10,05F0439S,05F0494S,41,0,0
2025/06/21 14:10,05F0439S,05F0494S,42,222,1
2025/06/21 14:10,05F0439S,05F0494S,5,0,0
2025/06/21 14:15,05F0000S,05F0055S,31,277,129
2025/06/21 14:15,05F0000S,05F0055S,32,267,34
2025/06/21 14:15,05F0000S,05F0055S,41,290,1
2025/06/21 14:15,05F0000S,05F0055S,42,0,0
2025/06/21 14:15,05F0000S,05F0055S,5,0,0
2025/06/21 14:15,05F0055S,05F0287S,31,2444,153
2025/06/21 14:15,05F0055S,05F0287S,32,2461,29
2025/06/21 14:15,05F0055S,05F0287S,41,2207,5
2025/06/21 14:15,05F0055S,05F0287S,42,0,0
2025/06/21 14:15,05F0055S,05F0287S,5,0,0
2025/06/21 14:15,05F0287S,05F0309S,31,92,112
2025/06/21 14:15,05F0287S,05F0309S,32,93,22
2025/06/21 14:15,05F0287S,05F0309S,41,92,4
2025/06/21 14:15,05F0287S,05F0309S,42,0,0
2025/06/21 14:15,05F0287S,05F0309S,5,0,0
2025/06/21 14:15,05F0309S,05F0439S,31,489,98
2025/06/21 14:15,05F0309S,05F0439S,32,492,19
2025/06/21 14:15,05F0309S,05F0439S,41,0,0
2025/06/21 14:15,05F0309S,05F0439S,42,644,1
2025/06/21 14:15,05F0309S,05F0439S,5,540,1
2025/06/21 14:15,05F0439S,05F0494S,31,204,49
2025/06/21 14:15,05F0439S,05F0494S,32,205,13
2025/06/21 14:15,05F0439S,05F0494S,41,0,0
2025/06/21 14:15,05F0439S,05F0494S,42,0,0
2025/06/21 14:15,05F0439S,05F0494S,5,205,2
2025/06/21 14:20,05F0000S,05F0055S,31,254,113
2025/06/21 14:20,05F0000S,05F0055S,32,257,23
2025/06/21 14:20,05F0000S,05F0055S,41,276,3
2025/06/21 14:20,05F0000S,05F0055S,42,0,0
2025/06/21 14:20,05F0000S,05F0055S,5,0,0
2025/06/21 14:20,05F0055S,05F0287S,31,2553,119
2025/06/21 14:20,05F0055S,05F0287S,32,2546,28
2025/06/21 14:20,05F0055S,05F0287S,41,2174,6
2025/06/21 14:20,05F0055S,05F0287S,42,0,0
2025/06/21 14:20,05F0055S,05F0287S,5,0,0
2025/06/21 14:20,05F0287S,05F0309S,31,91,78
2025/06/21 14:20,05F0287S,05F0309S,32,90,24
2025/06/21 14:20,05F0287S,05F0309S,41,95,5
2025/06/21 14:20,05F0287S,05F0309S,42,0,0
2025/06/21 14:20,05F0287S,05F0309S,5,0,0
2025/06/21 14:20,05F0309S,05F0439S,31,488,96
2025/06/21 14:20,05F0309S,05F0439S,32,511,19
2025/06/21 14:20,05F0309S,05F0439S,41,521,5
2025/06/21 14:20,05F0309S,05F0439S,42,0,0
2025/06/21 14:20,05F0309S,05F0439S,5,487,2
2025/06/21 14:20,05F0439S,05F0494S,31,205,47
2025/06/21 14:20,05F0439S,05F0494S,32,211,11
2025/06/21 14:20,05F0439S,05F0494S,41,0,0
2025/06/21 14:20,05F0439S,05F0494S,42,256,2
2025/06/21 14:20,05F0439S,05F0494S,5,223,2
2025/06/21 14:25,05F0000S,05F0055S,31,246,101
2025/06/21 14:25,05F0000S,05F0055S,32,241,17
2025/06/21 14:25,05F0000S,05F0055S,41,245,1
2025/06/21 14:25,05F0000S,05F0055S,42,0,0
2025/06/21 14:25,05F0000S,05F0055S,5,0,0
2025/06/21 14:25,05F0055S,05F0287S,31,2579,150
2025/06/21 14:25,05F0055S,05F0287S,32,2575,39
2025/06/21 14:25,05F0055S,05F0287S,41,2149,5
2025/06/21 14:25,05F0055S,05F0287S,42,0,0
2025/06/21 14:25,05F0055S,05F0287S,5,0,0
2025/06/21 14:25,05F0287S,05F0309S,31,93,128
2025/06/21 14:25,05F0287S,05F0309S,32,92,32
2025/06/21 14:25,05F0287S,05F0309S,41,93,4
2025/06/21 14:25,05F0287S,05F0309S,42,0,0
2025/06/21 14:25,05F0287S,05F0309S,5,0,0
2025/06/21 14:25,05F0309S,05F0439S,31,485,86
2025/06/21 14:25,05F0309S,05F0439S,32,502,15
2025/06/21 14:25,05F0309S,05F0439S,41,554,1
2025/06/21 14:25,05F0309S,05F0439S,42,547,2
2025/06/21 14:25,05F0309S,05F0439S,5,539,3
2025/06/21 14:25,05F0439S,05F0494S,31,200,51
2025/06/21 14:25,05F0439S,05F0494S,32,213,11
2025/06/21 14:25,05F0439S,05F0494S,41,228,1
2025/06/21 14:25,05F0439S,05F0494S,42,199,1
2025/06/21 14:25,05F0439S,05F0494S,5,211,5
2025/06/21 14:30,05F0000S,05F0055S,31,245,113
2025/06/21 14:30,05F0000S,05F0055S,32,244,15
2025/06/21 14:30,05F0000S,05F0055S,41,0,0
2025/06/21 14:30,05F0000S,05F0055S,42,0,0
2025/06/21 14:30,05F0000S,05F0055S,5,0,0
2025/06/21 14:30,05F0055S,05F0287S,31,2565,147
2025/06/21 14:30,05F0055S,05F0287S,32,2559,35
2025/06/21 14:30,05F0055S,05F0287S,41,2173,4
2025/06/21 14:30,05F0055S,05F0287S,42,0,0
2025/06/21 14:30,05F0055S,05F0287S,5,0,0
2025/06/21 14:30,05F0287S,05F0309S,31,91,110
2025/06/21 14:30,05F0287S,05F0309S,32,94,33
2025/06/21 14:30,05F0287S,05F0309S,41,98,3
2025/06/21 14:30,05F0287S,05F0309S,42,0,0
2025/06/21 14:30,05F0287S,05F0309S,5,0,0
2025/06/21 14:30,05F0309S,05F0439S,31,500,77
2025/06/21 14:30,05F0309S,05F0439S,32,495,16
2025/06/21 14:30,05F0309S,05F0439S,41,531,3
2025/06/21 14:30,05F0309S,05F0439S,42,0,0
2025/06/21 14:30,05F0309S,05F0439S,5,516,3
2025/06/21 14:30,05F0439S,05F0494S,31,200,30
2025/06/21 14:30,05F0439S,05F0494S,32,198,12
2025/06/21 14:30,05F0439S,05F0494S,41,219,3
2025/06/21 14:30,05F0439S,05F0494S,42,2002,1
2025/06/21 14:30,05F0439S,05F0494S,5,229,2
2025/06/21 14:35,05F0000S,05F0055S,31,243,104
2025/06/21 14:35,05F0000S,05F0055S,32,250,20
2025/06/21 14:35,05F0000S,05F0055S,41,0,0
2025/06/21 14:35,05F0000S,05F0055S,42,0,0
2025/06/21 14:35,05F0000S,05F0055S,5,0,0
2025/06/21 14:35,05F0055S,05F0287S,31,2579,167
2025/06/21 14:35,05F0055S,05F0287S,32,2573,31
2025/06/21 14:35,05F0055S,05F0287S,41,2187,1
2025/06/21 14:35,05F0055S,05F0287S,42,0,0
2025/06/21 14:35,05F0055S,05F0287S,5,0,0
2025/06/21 14:35,05F0287S,05F0309S,31,90,101
2025/06/21 14:35,05F0287S,05F0309S,32,92,18
2025/06/21 14:35,05F0287S,05F0309S,41,97,2
2025/06/21 14:35,05F0287S,05F0309S,42,0,0
2025/06/21 14:35,05F0287S,05F0309S,5,0,0
2025/06/21 14:35,05F0309S,05F0439S,31,503,98
2025/06/21 14:35,05F0309S,05F0439S,32,528,25
2025/06/21 14:35,05F0309S,05F0439S,41,541,4
2025/06/21 14:35,05F0309S,05F0439S,42,490,1
2025/06/21 14:35,05F0309S,05F0439S,5,511,4
2025/06/21 14:35,05F0439S,05F0494S,31,204,39
2025/06/21 14:35,05F0439S,05F0494S,32,222,7
2025/06/21 14:35,05F0439S,05F0494S,41,225,2
2025/06/21 14:35,05F0439S,05F0494S,42,0,0
2025/06/21 14:35,05F0439S,05F0494S,5,204,3
2025/06/21 14:40,05F0000S,05F0055S,31,262,152
2025/06/21 14:40,05F0000S,05F0055S,32,263,33
2025/06/21 14:40,05F0000S,05F0055S,41,1500,2
2025/06/21 14:40,05F0000S,05F0055S,42,0,0
2025/06/21 14:40,05F0000S,05F0055S,5,0,0
2025/06/21 14:40,05F0055S,05F0287S,31,2499,143
2025/06/21 14:40,05F0055S,05F0287S,32,2492,33
2025/06/21 14:40,05F0055S,05F0287S,41,2229,6
2025/06/21 14:40,05F0055S,05F0287S,42,0,0
2025/06/21 14:40,05F0055S,05F0287S,5,0,0
2025/06/21 14:40,05F0287S,05F0309S,31,94,126
2025/06/21 14:40,05F0287S,05F0309S,32,95,28
2025/06/21 14:40,05F0287S,05F0309S,41,97,3
2025/06/21 14:40,05F0287S,05F0309S,42,0,0
2025/06/21 14:40,05F0287S,05F0309S,5,0,0
2025/06/21 14:40,05F0309S,05F0439S,31,490,102
2025/06/21 14:40,05F0309S,05F0439S,32,509,26
2025/06/21 14:40,05F0309S,05F0439S,41,546,2
2025/06/21 14:40,05F0309S,05F0439S,42,603,1
2025/06/21 14:40,05F0309S,05F0439S,5,505,3
2025/06/21 14:40,05F0439S,05F0494S,31,204,47
2025/06/21 14:40,05F0439S,05F0494S,32,212,11
2025/06/21 14:40,05F0439S,05F0494S,41,0,0
2025/06/21 14:40,05F0439S,05F0494S,42,211,1
2025/06/21 14:40,05F0439S,05F0494S,5,208,4
2025/06/21 14:45,05F0000S,05F0055S,31,268,147
2025/06/21 14:45,05F0000S,05F0055S,32,266,40
2025/06/21 14:45,05F0000S,05F0055S,41,0,0
2025/06/21 14:45,05F0000S,05F0055S,42,0,0
2025/06/21 14:45,05F0000S,05F0055S,5,0,0
2025/06/21 14:45,05F0055S,05F0287S,31,2513,127
2025/06/21 14:45,05F0055S,05F0287S,32,2507,45
2025/06/21 14:45,05F0055S,05F0287S,41,2229,6
2025/06/21 14:45,05F0055S,05F0287S,42,0,0
2025/06/21 14:45,05F0055S,05F0287S,5,0,0
2025/06/21 14:45,05F0287S,05F0309S,31,90,100
2025/06/21 14:45,05F0287S,05F0309S,32,92,37
2025/06/21 14:45,05F0287S,05F0309S,41,92,3
2025/06/21 14:45,05F0287S,05F0309S,42,0,0
2025/06/21 14:45,05F0287S,05F0309S,5,0,0
2025/06/21 14:45,05F0309S,05F0439S,31,484,77
2025/06/21 14:45,05F0309S,05F0439S,32,501,14
2025/06/21 14:45,05F0309S,05F0439S,41,515,2
2025/06/21 14:45,05F0309S,05F0439S,42,541,1
2025/06/21 14:45,05F0309S,05F0439S,5,496,8
2025/06/21 14:45,05F0439S,05F0494S,31,209,50
2025/06/21 14:45,05F0439S,05F0494S,32,207,19
2025/06/21 14:45,05F0439S,05F0494S,41,0,0
2025/06/21 14:45,05F0439S,05F0494S,42,238,1
2025/06/21 14:45,05F0439S,05F0494S,5,210,5
2025/06/21 14:50,05F0000S,05F0055S,31,267,121
2025/06/21 14:50,05F0000S,05F0055S,32,266,37
2025/06/21 14:50,05F0000S,05F0055S,41,271,1
2025/06/21 14:50,05F0000S,05F0055S,42,0,0
2025/06/21 14:50,05F0000S,05F0055S,5,0,0
2025/06/21 14:50,05F0055S,05F0287S,31,2537,138
2025/06/21 14:50,05F0055S,05F0287S,32,2534,34
2025/06/21 14:50,05F0055S,05F0287S,41,2213,6
2025/06/21 14:50,05F0055S,05F0287S,42,0,0
2025/06/21 14:50,05F0055S,05F0287S,5,0,0
2025/06/21 14:50,05F0287S,05F0309S,31,90,106
2025/06/21 14:50,05F0287S,05F0309S,32,92,31
2025/06/21 14:50,05F0287S,05F0309S,41,92,3
2025/06/21 14:50,05F0287S,05F0309S,42,0,0
2025/06/21 14:50,05F0287S,05F0309S,5,0,0
2025/06/21 14:50,05F0309S,05F0439S,31,495,84
2025/06/21 14:50,05F0309S,05F0439S,32,497,20
2025/06/21 14:50,05F0309S,05F0439S,41,530,3
2025/06/21 14:50,05F0309S,05F0439S,42,0,0
2025/06/21 14:50,05F0309S,05F0439S,5,575,1
2025/06/21 14:50,05F0439S,05F0494S,31,205,49
2025/06/21 14:50,05F0439S,05F0494S,32,226,3
2025/06/21 14:50,05F0439S,05F0494S,41,0,0
2025/06/21 14:50,05F0439S,05F0494S,42,219,1
2025/06/21 14:50,05F0439S,05F0494S,5,213,5
2025/06/21 14:55,05F0000S,05F0055S,31,275,146
2025/06/21 14:55,05F0000S,05F0055S,32,280,42
2025/06/21 14:55,05F0000S,05F0055S,41,282,2
2025/06/21 14:55,05F0000S,05F0055S,42,0,0
2025/06/21 14:55,05F0000S,05F0055S,5,0,0
2025/06/21 14:55,05F0055S,05F0287S,31,2580,148
2025/06/21 14:55,05F0055S,05F0287S,32,2580,34
2025/06/21 14:55,05F0055S,05F0287S,41,2163,8
2025/06/21 14:55,05F0055S,05F0287S,42,0,0
2025/06/21 14:55,05F0055S,05F0287S,5,0,0
2025/06/21 14:55,05F0287S,05F0309S,31,90,110
2025/06/21 14:55,05F0287S,05F0309S,32,91,28
2025/06/21 14:55,05F0287S,05F0309S,41,105,10
2025/06/21 14:55,05F0287S,05F0309S,42,0,0
2025/06/21 14:55,05F0287S,05F0309S,5,0,0
2025/06/21 14:55,05F0309S,05F0439S,31,487,74
2025/06/21 14:55,05F0309S,05F0439S,32,489,22
2025/06/21 14:55,05F0309S,05F0439S,41,508,1
2025/06/21 14:55,05F0309S,05F0439S,42,0,0
2025/06/21 14:55,05F0309S,05F0439S,5,0,0
2025/06/21 14:55,05F0439S,05F0494S,31,209,36
2025/06/21 14:55,05F0439S,05F0494S,32,214,14
2025/06/21 14:55,05F0439S,05F0494S,41,0,0
2025/06/21 14:55,05F0439S,05F0494S,42,0,0
2025/06/21 14:55,05F0439S,05F0494S,5,0,0
2025/06/21 15:00,05F0000S,05F0055S,31,274,139
2025/06/21 15:00,05F0000S,05F0055S,32,276,35
2025/06/21 15:00,05F0000S,05F0055S,41,2083,1
2025/06/21 15:00,05F0000S,05F0055S,42,0,0
2025/06/21 15:00,05F0000S,05F0055S,5,0,0
2025/06/21 15:00,05F0055S,05F0287S,31,2576,138
2025/06/21 15:00,05F0055S,05F0287S,32,2574,35
2025/06/21 15:00,05F0055S,05F0287S,41,2107,3
2025/06/21 15:00,05F0055S,05F0287S,42,0,0
2025/06/21 15:00,05F0055S,05F0287S,5,0,0
2025/06/21 15:00,05F0287S,05F0309S,31,90,104
2025/06/21 15:00,05F0287S,05F0309S,32,93,23
2025/06/21 15:00,05F0287S,05F0309S,41,92,3
2025/06/21 15:00,05F0287S,05F0309S,42,0,0
2025/06/21 15:00,05F0287S,05F0309S,5,0,0
2025/06/21 15:00,05F0309S,05F0439S,31,488,67
2025/06/21 15:00,05F0309S,05F0439S,32,489,21
2025/06/21 15:00,05F0309S,05F0439S,41,506,2
2025/06/21 15:00,05F0309S,05F0439S,42,462,1
2025/06/21 15:00,05F0309S,05F0439S,5,486,6
2025/06/21 15:00,05F0439S,05F0494S,31,210,47
2025/06/21 15:00,05F0439S,05F0494S,32,213,9
2025/06/21 15:00,05F0439S,05F0494S,41,0,0
2025/06/21 15:00,05F0439S,05F0494S,42,188,1
2025/06/21 15:00,05F0439S,05F0494S,5,0,0
2025/06/21 15:05,05F0000S,05F0055S,31,286,139
2025/06/21 15:05,05F0000S,05F0055S,32,297,28
2025/06/21 15:05,05F0000S,05F0055S,41,289,4
2025/06/21 15:05,05F0000S,05F0055S,42,0,0
2025/06/21 15:05,05F0000S,05F0055S,5,0,0
2025/06/21 15:05,05F0055S,05F0287S,31,2506,163
2025/06/21 15:05,05F0055S,05F0287S,32,2503,27
2025/06/21 15:05,05F0055S,05F0287S,41,2147,3
2025/06/21 15:05,05F0055S,05F0287S,42,0,0
2025/06/21 15:05,05F0055S,05F0287S,5,0,0
2025/06/21 15:05,05F0287S,05F0309S,31,91,117
2025/06/21 15:05,05F0287S,05F0309S,32,89,18
2025/06/21 15:05,05F0287S,05F0309S,41,100,4
2025/06/21 15:05,05F0287S,05F0309S,42,0,0
2025/06/21 15:05,05F0287S,05F0309S,5,0,0
2025/06/21 15:05,05F0309S,05F0439S,31,481,94
2025/06/21 15:05,05F0309S,05F0439S,32,502,19
2025/06/21 15:05,05F0309S,05F0439S,41,540,6
2025/06/21 15:05,05F0309S,05F0439S,42,0,0
2025/06/21 15:05,05F0309S,05F0439S,5,537,4
2025/06/21 15:05,05F0439S,05F0494S,31,204,46
2025/06/21 15:05,05F0439S,05F0494S,32,210,14
2025/06/21 15:05,05F0439S,05F0494S,41,228,3
2025/06/21 15:05,05F0439S,05F0494S,42,0,0
2025/06/21 15:05,05F0439S,05F0494S,5,203,6
2025/06/21 15:10,05F0000S,05F0055S,31,367,104
2025/06/21 15:10,05F0000S,05F0055S,32,372,26
2025/06/21 15:10,05F0000S,05F0055S,41,1399,1
2025/06/21 15:10,05F0000S,05F0055S,42,0,0
2025/06/21 15:10,05F0000S,05F0055S,5,0,0
2025/06/21 15:10,05F0055S,05F0287S,31,2419,149
2025/06/21 15:10,05F0055S,05F0287S,32,2422,26
2025/06/21 15:10,05F0055S,05F0287S,41,2150,5
2025/06/21 15:10,05F0055S,05F0287S,42,0,0
2025/06/21 15:10,05F0055S,05F0287S,5,0,0
2025/06/21 15:10,05F0287S,05F0309S,31,92,100
2025/06/21 15:10,05F0287S,05F0309S,32,90,22
2025/06/21 15:10,05F0287S,05F0309S,41,95,5
2025/06/21 15:10,05F0287S,05F0309S,42,0,0
2025/06/21 15:10,05F0287S,05F0309S,5,0,0
2025/06/21 15:10,05F0309S,05F0439S,31,479,63
2025/06/21 15:10,05F0309S,05F0439S,32,483,14
2025/06/21 15:10,05F0309S,05F0439S,41,508,2
2025/06/21 15:10,05F0309S,05F0439S,42,558,1
2025/06/21 15:10,05F0309S,05F0439S,5,486,3
2025/06/21 15:10,05F0439S,05F0494S,31,204,42
2025/06/21 15:10,05F0439S,05F0494S,32,209,15
2025/06/21 15:10,05F0439S,05F0494S,41,227,1
2025/06/21 15:10,05F0439S,05F0494S,42,236,1
2025/06/21 15:10,05F0439S,05F0494S,5,216,5
2025/06/21 15:15,05F0000S,05F0055S,31,416,145
2025/06/21 15:15,05F0000S,05F0055S,32,415,28
2025/06/21 15:15,05F0000S,05F0055S,41,323,1
2025/06/21 15:15,05F0000S,05F0055S,42,0,0
2025/06/21 15:15,05F0000S,05F0055S,5,0,0
2025/06/21 15:15,05F0055S,05F0287S,31,2357,135
2025/06/21 15:15,05F0055S,05F0287S,32,2355,23
2025/06/21 15:15,05F0055S,05F0287S,41,2237,5
2025/06/21 15:15,05F0055S,05F0287S,42,0,0
2025/06/21 15:15,05F0055S,05F0287S,5,0,0
2025/06/21 15:15,05F0287S,05F0309S,31,88,108
2025/06/21 15:15,05F0287S,05F0309S,32,90,18
2025/06/21 15:15,05F0287S,05F0309S,41,91,2
2025/06/21 15:15,05F0287S,05F0309S,42,0,0
2025/06/21 15:15,05F0287S,05F0309S,5,0,0
2025/06/21 15:15,05F0309S,05F0439S,31,494,76
2025/06/21 15:15,05F0309S,05F0439S,32,485,9
2025/06/21 15:15,05F0309S,05F0439S,41,528,2
2025/06/21 15:15,05F0309S,05F0439S,42,0,0
2025/06/21 15:15,05F0309S,05F0439S,5,0,0
2025/06/21 15:15,05F0439S,05F0494S,31,205,51
2025/06/21 15:15,05F0439S,05F0494S,32,217,10
2025/06/21 15:15,05F0439S,05F0494S,41,0,0
2025/06/21 15:15,05F0439S,05F0494S,42,236,1
2025/06/21 15:15,05F0439S,05F0494S,5,204,4
2025/06/21 15:20,05F0000S,05F0055S,31,433,147
2025/06/21 15:20,05F0000S,05F0055S,32,434,42
2025/06/21 15:20,05F0000S,05F0055S,41,381,2
2025/06/21 15:20,05F0000S,05F0055S,42,0,0
2025/06/21 15:20,05F0000S,05F0055S,5,0,0
2025/06/21 15:20,05F0055S,05F0287S,31,2362,138
2025/06/21 15:20,05F0055S,05F0287S,32,2356,38
2025/06/21 15:20,05F0055S,05F0287S,41,2277,3
2025/06/21 15:20,05F0055S,05F0287S,42,0,0
2025/06/21 15:20,05F0055S,05F0287S,5,0,0
2025/06/21 15:20,05F0287S,05F0309S,31,91,88
2025/06/21 15:20,05F0287S,05F0309S,32,90,25
2025/06/21 15:20,05F0287S,05F0309S,41,96,6
2025/06/21 15:20,05F0287S,05F0309S,42,0,0
2025/06/21 15:20,05F0287S,05F0309S,5,0,0
2025/06/21 15:20,05F0309S,05F0439S,31,488,81
2025/06/21 15:20,05F0309S,05F0439S,32,483,19
2025/06/21 15:20,05F0309S,05F0439S,41,525,2
2025/06/21 15:20,05F0309S,05F0439S,42,529,2
2025/06/21 15:20,05F0309S,05F0439S,5,502,3
2025/06/21 15:20,05F0439S,05F0494S,31,204,39
2025/06/21 15:20,05F0439S,05F0494S,32,209,15
2025/06/21 15:20,05F0439S,05F0494S,41,0,0
2025/06/21 15:20,05F0439S,05F0494S,42,219,2
2025/06/21 15:20,05F0439S,05F0494S,5,213,5
2025/06/21 15:25,05F0000S,05F0055S,31,439,136
2025/06/21 15:25,05F0000S,05F0055S,32,439,33
2025/06/21 15:25,05F0000S,05F0055S,41,370,1
2025/06/21 15:25,05F0000S,05F0055S,42,0,0
2025/06/21 15:25,05F0000S,05F0055S,5,0,0
2025/06/21 15:25,05F0055S,05F0287S,31,2414,124
2025/06/21 15:25,05F0055S,05F0287S,32,2411,38
2025/06/21 15:25,05F0055S,05F0287S,41,2269,5
2025/06/21 15:25,05F0055S,05F0287S,42,0,0
2025/06/21 15:25,05F0055S,05F0287S,5,0,0
2025/06/21 15:25,05F0287S,05F0309S,31,92,109
2025/06/21 15:25,05F0287S,05F0309S,32,89,28
2025/06/21 15:25,05F0287S,05F0309S,41,103,2
2025/06/21 15:25,05F0287S,05F0309S,42,0,0
2025/06/21 15:25,05F0287S,05F0309S,5,0,0
2025/06/21 15:25,05F0309S,05F0439S,31,485,62
2025/06/21 15:25,05F0309S,05F0439S,32,481,21
2025/06/21 15:25,05F0309S,05F0439S,41,519,2
2025/06/21 15:25,05F0309S,05F0439S,42,483,1
2025/06/21 15:25,05F0309S,05F0439S,5,526,1
2025/06/21 15:25,05F0439S,05F0494S,31,207,52
2025/06/21 15:25,05F0439S,05F0494S,32,217,8
2025/06/21 15:25,05F0439S,05F0494S,41,0,0
2025/06/21 15:25,05F0439S,05F0494S,42,225,1
2025/06/21 15:25,05F0439S,05F0494S,5,0,0
2025/06/21 15:30,05F0000S,05F0055S,31,445,155
2025/06/21 15:30,05F0000S,05F0055S,32,452,30
2025/06/21 15:30,05F0000S,05F0055S,41,1570,3
2025/06/21 15:30,05F0000S,05F0055S,42,0,0
2025/06/21 15:30,05F0000S,05F0055S,5,0,0
2025/06/21 15:30,05F0055S,05F0287S,31,2475,123
2025/06/21 15:30,05F0055S,05F0287S,32,2480,36
2025/06/21 15:30,05F0055S,05F0287S,41,2266,8
2025/06/21 15:30,05F0055S,05F0287S,42,0,0
2025/06/21 15:30,05F0055S,05F0287S,5,0,0
2025/06/21 15:30,05F0287S,05F0309S,31,88,98
2025/06/21 15:30,05F0287S,05F0309S,32,94,27
2025/06/21 15:30,05F0287S,05F0309S,41,96,7
2025/06/21 15:30,05F0287S,05F0309S,42,0,0
2025/06/21 15:30,05F0287S,05F0309S,5,0,0
2025/06/21 15:30,05F0309S,05F0439S,31,478,60
2025/06/21 15:30,05F0309S,05F0439S,32,497,15
2025/06/21 15:30,05F0309S,05F0439S,41,533,4
2025/06/21 15:30,05F0309S,05F0439S,42,496,4
2025/06/21 15:30,05F0309S,05F0439S,5,523,4
2025/06/21 15:30,05F0439S,05F0494S,31,205,36
2025/06/21 15:30,05F0439S,05F0494S,32,199,9
2025/06/21 15:30,05F0439S,05F0494S,41,0,0
2025/06/21 15:30,05F0439S,05F0494S,42,195,1
2025/06/21 15:30,05F0439S,05F0494S,5,226,1
2025/06/21 15:35,05F0000S,05F0055S,31,359,135
2025/06/21 15:35,05F0000S,05F0055S,32,364,28
2025/06/21 15:35,05F0000S,05F0055S,41,296,2
2025/06/21 15:35,05F0000S,05F0055S,42,0,0
2025/06/21 15:35,05F0000S,05F0055S,5,0,0
2025/06/21 15:35,05F0055S,05F0287S,31,2489,138
2025/06/21 15:35,05F0055S,05F0287S,32,2491,39
2025/06/21 15:35,05F0055S,05F0287S,41,2179,4
2025/06/21 15:35,05F0055S,05F0287S,42,0,0
2025/06/21 15:35,05F0055S,05F0287S,5,0,0
2025/06/21 15:35,05F0287S,05F0309S,31,90,95
2025/06/21 15:35,05F0287S,05F0309S,32,90,29
2025/06/21 15:35,05F0287S,05F0309S,41,99,3
2025/06/21 15:35,05F0287S,05F0309S,42,0,0
2025/06/21 15:35,05F0287S,05F0309S,5,0,0
2025/06/21 15:35,05F0309S,05F0439S,31,486,60
2025/06/21 15:35,05F0309S,05F0439S,32,512,16
2025/06/21 15:35,05F0309S,05F0439S,41,525,1
2025/06/21 15:35,05F0309S,05F0439S,42,0,0
2025/06/21 15:35,05F0309S,05F0439S,5,495,1
2025/06/21 15:35,05F0439S,05F0494S,31,204,29
2025/06/21 15:35,05F0439S,05F0494S,32,205,6
2025/06/21 15:35,05F0439S,05F0494S,41,0,0
2025/06/21 15:35,05F0439S,05F0494S,42,227,2
2025/06/21 15:35,05F0439S,05F0494S,5,219,3
2025/06/21 15:40,05F0000S,05F0055S,31,390,81
2025/06/21 15:40,05F0000S,05F0055S,32,387,16
2025/06/21 15:40,05F0000S,05F0055S,41,294,2
2025/06/21 15:40,05F0000S,05F0055S,42,0,0
2025/06/21 15:40,05F0000S,05F0055S,5,0,0
2025/06/21 15:40,05F0055S,05F0287S,31,2512,142
2025/06/21 15:40,05F0055S,05F0287S,32,2507,31
2025/06/21 15:40,05F0055S,05F0287S,41,2188,7
2025/06/21 15:40,05F0055S,05F0287S,42,0,0
2025/06/21 15:40,05F0055S,05F0287S,5,0,0
2025/06/21 15:40,05F0287S,05F0309S,31,93,125
2025/06/21 15:40,05F0287S,05F0309S,32,93,23
2025/06/21 15:40,05F0287S,05F0309S,41,106,2
2025/06/21 15:40,05F0287S,05F0309S,42,0,0
2025/06/21 15:40,05F0287S,05F0309S,5,0,0
2025/06/21 15:40,05F0309S,05F0439S,31,476,66
2025/06/21 15:40,05F0309S,05F0439S,32,482,14
2025/06/21 15:40,05F0309S,05F0439S,41,543,5
2025/06/21 15:40,05F0309S,05F0439S,42,550,2
2025/06/21 15:40,05F0309S,05F0439S,5,507,4
2025/06/21 15:40,05F0439S,05F0494S,31,201,38
2025/06/21 15:40,05F0439S,05F0494S,32,208,8
2025/06/21 15:40,05F0439S,05F0494S,41,0,0
2025/06/21 15:40,05F0439S,05F0494S,42,230,1
2025/06/21 15:40,05F0439S,05F0494S,5,203,3
2025/06/21 15:45,05F0000S,05F0055S,31,452,107
2025/06/21 15:45,05F0000S,05F0055S,32,462,36
2025/06/21 15:45,05F0000S,05F0055S,41,329,1
2025/06/21 15:45,05F0000S,05F0055S,42,0,0
2025/06/21 15:45,05F0000S,05F0055S,5,0,0
2025/06/21 15:45,05F0055S,05F0287S,31,2543,157
2025/06/21 15:45,05F0055S,05F0287S,32,2543,43
2025/06/21 15:45,05F0055S,05F0287S,41,2174,3
2025/06/21 15:45,05F0055S,05F0287S,42,0,0
2025/06/21 15:45,05F0055S,05F0287S,5,0,0
2025/06/21 15:45,05F0287S,05F0309S,31,90,107
2025/06/21 15:45,05F0287S,05F0309S,32,95,31
2025/06/21 15:45,05F0287S,05F0309S,41,93,6
2025/06/21 15:45,05F0287S,05F0309S,42,0,0
2025/06/21 15:45,05F0287S,05F0309S,5,0,0
2025/06/21 15:45,05F0309S,05F0439S,31,485,61
2025/06/21 15:45,05F0309S,05F0439S,32,492,14
2025/06/21 15:45,05F0309S,05F0439S,41,545,1
2025/06/21 15:45,05F0309S,05F0439S,42,543,1
2025/06/21 15:45,05F0309S,05F0439S,5,490,5
2025/06/21 15:45,05F0439S,05F0494S,31,203,30
2025/06/21 15:45,05F0439S,05F0494S,32,197,6
2025/06/21 15:45,05F0439S,05F0494S,41,0,0
2025/06/21 15:45,05F0439S,05F0494S,42,215,1
2025/06/21 15:45,05F0439S,05F0494S,5,206,3
2025/06/21 15:50,05F0000S,05F0055S,31,402,141
2025/06/21 15:50,05F0000S,05F0055S,32,404,38
2025/06/21 15:50,05F0000S,05F0055S,41,0,0
2025/06/21 15:50,05F0000S,05F0055S,42,0,0
2025/06/21 15:50,05F0000S,05F0055S,5,0,0
2025/06/21 15:50,05F0055S,05F0287S,31,2525,157
2025/06/21 15:50,05F0055S,05F0287S,32,2527,31
2025/06/21 15:50,05F0055S,05F0287S,41,2196,2
2025/06/21 15:50,05F0055S,05F0287S,42,0,0
2025/06/21 15:50,05F0055S,05F0287S,5,0,0
2025/06/21 15:50,05F0287S,05F0309S,31,91,120
2025/06/21 15:50,05F0287S,05F0309S,32,90,25
2025/06/21 15:50,05F0287S,05F0309S,41,529,4
2025/06/21 15:50,05F0287S,05F0309S,42,97,1
2025/06/21 15:50,05F0287S,05F0309S,5,0,0
2025/06/21 15:50,05F0309S,05F0439S,31,484,78
2025/06/21 15:50,05F0309S,05F0439S,32,494,11
2025/06/21 15:50,05F0309S,05F0439S,41,537,5
2025/06/21 15:50,05F0309S,05F0439S,42,544,1
2025/06/21 15:50,05F0309S,05F0439S,5,481,5
2025/06/21 15:50,05F0439S,05F0494S,31,206,40
2025/06/21 15:50,05F0439S,05F0494S,32,213,9
2025/06/21 15:50,05F0439S,05F0494S,41,0,0
2025/06/21 15:50,05F0439S,05F0494S,42,222,1
2025/06/21 15:50,05F0439S,05F0494S,5,209,4
2025/06/21 15:55,05F0000S,05F0055S,31,387,121
2025/06/21 15:55,05F0000S,05F0055S,32,391,30
2025/06/21 15:55,05F0000S,05F0055S,41,316,1
2025/06/21 15:55,05F0000S,05F0055S,42,0,0
2025/06/21 15:55,05F0000S,05F0055S,5,0,0
2025/06/21 15:55,05F0055S,05F0287S,31,2453,145
2025/06/21 15:55,05F0055S,05F0287S,32,2470,40
2025/06/21 15:55,05F0055S,05F0287S,41,2219,8
2025/06/21 15:55,05F0055S,05F0287S,42,0,0
2025/06/21 15:55,05F0055S,05F0287S,5,0,0
2025/06/21 15:55,05F0287S,05F0309S,31,92,108
2025/06/21 15:55,05F0287S,05F0309S,32,94,29
2025/06/21 15:55,05F0287S,05F0309S,41,95,4
2025/06/21 15:55,05F0287S,05F0309S,42,0,0
2025/06/21 15:55,05F0287S,05F0309S,5,0,0
2025/06/21 15:55,05F0309S,05F0439S,31,487,70
2025/06/21 15:55,05F0309S,05F0439S,32,494,25
2025/06/21 15:55,05F0309S,05F0439S,41,0,0
2025/06/21 15:55,05F0309S,05F0439S,42,0,0
2025/06/21 15:55,05F0309S,05F0439S,5,502,6
2025/06/21 15:55,05F0439S,05F0494S,31,204,44
2025/06/21 15:55,05F0439S,05F0494S,32,203,11
2025/06/21 15:55,05F0439S,05F0494S,41,0,0
2025/06/21 15:55,05F0439S,05F0494S,42,0,0
2025/06/21 15:55,05F0439S,05F0494S,5,214,2
2025/06/21 16:00,05F0000S,05F0055S,31,429,116
2025/06/21 16:00,05F0000S,05F0055S,32,421,23
2025/06/21 16:00,05F0000S,05F0055S,41,0,0
2025/06/21 16:00,05F0000S,05F0055S,42,0,0
2025/06/21 16:00,05F0000S,05F0055S,5,0,0
2025/06/21 16:00,05F0055S,05F0287S,31,2527,143
2025/06/21 16:00,05F0055S,05F0287S,32,2527,34
2025/06/21 16:00,05F0055S,05F0287S,41,2143,6
2025/06/21 16:00,05F0055S,05F0287S,42,0,0
2025/06/21 16:00,05F0055S,05F0287S,5,0,0
2025/06/21 16:00,05F0287S,05F0309S,31,94,106
2025/06/21 16:00,05F0287S,05F0309S,32,95,27
2025/06/21 16:00,05F0287S,05F0309S,41,103,7
2025/06/21 16:00,05F0287S,05F0309S,42,0,0
2025/06/21 16:00,05F0287S,05F0309S,5,0,0
2025/06/21 16:00,05F0309S,05F0439S,31,492,84
2025/06/21 16:00,05F0309S,05F0439S,32,485,22
2025/06/21 16:00,05F0309S,05F0439S,41,554,3
2025/06/21 16:00,05F0309S,05F0439S,42,0,0
2025/06/21 16:00,05F0309S,05F0439S,5,481,3
2025/06/21 16:00,05F0439S,05F0494S,31,207,32
2025/06/21 16:00,05F0439S,05F0494S,32,209,13
2025/06/21 16:00,05F0439S,05F0494S,41,252,1
2025/06/21 16:00,05F0439S,05F0494S,42,0,0
2025/06/21 16:00,05F0439S,05F0494S,5,203,5
2025/06/21 16:05,05F0000S,05F0055S,31,443,130
2025/06/21 16:05,05F0000S,05F0055S,32,446,36
2025/06/21 16:05,05F0000S,05F0055S,41,357,2
2025/06/21 16:05,05F0000S,05F0055S,42,0,0
2025/06/21 16:05,05F0000S,05F0055S,5,0,0
2025/06/21 16:05,05F0055S,05F0287S,31,2533,143
2025/06/21 16:05,05F0055S,05F0287S,32,2567,34
2025/06/21 16:05,05F0055S,05F0287S,41,2120,4
2025/06/21 16:05,05F0055S,05F0287S,42,0,0
2025/06/21 16:05,05F0055S,05F0287S,5,0,0
2025/06/21 16:05,05F0287S,05F0309S,31,92,108
2025/06/21 16:05,05F0287S,05F0309S,32,90,31
2025/06/21 16:05,05F0287S,05F0309S,41,90,2
2025/06/21 16:05,05F0287S,05F0309S,42,0,0
2025/06/21 16:05,05F0287S,05F0309S,5,0,0
2025/06/21 16:05,05F0309S,05F0439S,31,494,63
2025/06/21 16:05,05F0309S,05F0439S,32,507,14
2025/06/21 16:05,05F0309S,05F0439S,41,535,5
2025/06/21 16:05,05F0309S,05F0439S,42,0,0
2025/06/21 16:05,05F0309S,05F0439S,5,597,1
2025/06/21 16:05,05F0439S,05F0494S,31,203,39
2025/06/21 16:05,05F0439S,05F0494S,32,220,15
2025/06/21 16:05,05F0439S,05F0494S,41,0,0
2025/06/21 16:05,05F0439S,05F0494S,42,0,0
2025/06/21 16:05,05F0439S,05F0494S,5,202,2
2025/06/21 16:10,05F0000S,05F0055S,31,438,132
2025/06/21 16:10,05F0000S,05F0055S,32,432,33
2025/06/21 16:10,05F0000S,05F0055S,41,0,0
2025/06/21 16:10,05F0000S,05F0055S,42,0,0
2025/06/21 16:10,05F0000S,05F0055S,5,0,0
2025/06/21 16:10,05F0055S,05F0287S,31,2533,159
2025/06/21 16:10,05F0055S,05F0287S,32,2555,44
2025/06/21 16:10,05F0055S,05F0287S,41,2076,4
2025/06/21 16:10,05F0055S,05F0287S,42,0,0
2025/06/21 16:10,05F0055S,05F0287S,5,0,0
2025/06/21 16:10,05F0287S,05F0309S,31,92,114
2025/06/21 16:10,05F0287S,05F0309S,32,93,31
2025/06/21 16:10,05F0287S,05F0309S,41,95,3
2025/06/21 16:10,05F0287S,05F0309S,42,0,0
2025/06/21 16:10,05F0287S,05F0309S,5,0,0
2025/06/21 16:10,05F0309S,05F0439S,31,488,75
2025/06/21 16:10,05F0309S,05F0439S,32,483,26
2025/06/21 16:10,05F0309S,05F0439S,41,530,3
2025/06/21 16:10,05F0309S,05F0439S,42,449,1
2025/06/21 16:10,05F0309S,05F0439S,5,500,3
2025/06/21 16:10,05F0439S,05F0494S,31,208,36
2025/06/21 16:10,05F0439S,05F0494S,32,210,13
2025/06/21 16:10,05F0439S,05F0494S,41,238,1
2025/06/21 16:10,05F0439S,05F0494S,42,0,0
2025/06/21 16:10,05F0439S,05F0494S,5,219,1
2025/06/21 16:15,05F0000S,05F0055S,31,416,142
2025/06/21 16:15,05F0000S,05F0055S,32,410,34
2025/06/21 16:15,05F0000S,05F0055S,41,378,1
2025/06/21 16:15,05F0000S,05F0055S,42,0,0
2025/06/21 16:15,05F0000S,05F0055S,5,0,0
2025/06/21 16:15,05F0055S,05F0287S,31,2535,165
2025/06/21 16:15,05F0055S,05F0287S,32,2541,31
2025/06/21 16:15,05F0055S,05F0287S,41,2077,4
2025/06/21 16:15,05F0055S,05F0287S,42,0,0
2025/06/21 16:15,05F0055S,05F0287S,5,0,0
2025/06/21 16:15,05F0287S,05F0309S,31,93,123
2025/06/21 16:15,05F0287S,05F0309S,32,92,19
2025/06/21 16:15,05F0287S,05F0309S,41,99,3
2025/06/21 16:15,05F0287S,05F0309S,42,0,0
2025/06/21 16:15,05F0287S,05F0309S,5,0,0
2025/06/21 16:15,05F0309S,05F0439S,31,497,61
2025/06/21 16:15,05F0309S,05F0439S,32,475,14
2025/06/21 16:15,05F0309S,05F0439S,41,516,1
2025/06/21 16:15,05F0309S,05F0439S,42,1347,1
2025/06/21 16:15,05F0309S,05F0439S,5,544,3
2025/06/21 16:15,05F0439S,05F0494S,31,198,39
2025/06/21 16:15,05F0439S,05F0494S,32,209,10
2025/06/21 16:15,05F0439S,05F0494S,41,0,0
2025/06/21 16:15,05F0439S,05F0494S,42,167,1
2025/06/21 16:15,05F0439S,05F0494S,5,205,4
2025/06/21 16:20,05F0000S,05F0055S,31,401,144
2025/06/21 16:20,05F0000S,05F0055S,32,396,35
2025/06/21 16:20,05F0000S,05F0055S,41,0,0
2025/06/21 16:20,05F0000S,05F0055S,42,0,0
2025/06/21 16:20,05F0000S,05F0055S,5,0,0
2025/06/21 16:20,05F0055S,05F0287S,31,2470,165
2025/06/21 16:20,05F0055S,05F0287S,32,2460,30
2025/06/21 16:20,05F0055S,05F0287S,41,2023,1
2025/06/21 16:20,05F0055S,05F0287S,42,0,0
2025/06/21 16:20,05F0055S,05F0287S,5,0,0
2025/06/21 16:20,05F0287S,05F0309S,31,96,115
2025/06/21 16:20,05F0287S,05F0309S,32,100,25
2025/06/21 16:20,05F0287S,05F0309S,41,109,4
2025/06/21 16:20,05F0287S,05F0309S,42,0,0
2025/06/21 16:20,05F0287S,05F0309S,5,0,0
2025/06/21 16:20,05F0309S,05F0439S,31,491,84
2025/06/21 16:20,05F0309S,05F0439S,32,514,17
2025/06/21 16:20,05F0309S,05F0439S,41,524,1
2025/06/21 16:20,05F0309S,05F0439S,42,0,0
2025/06/21 16:20,05F0309S,05F0439S,5,500,4
2025/06/21 16:20,05F0439S,05F0494S,31,206,30
2025/06/21 16:20,05F0439S,05F0494S,32,200,10
2025/06/21 16:20,05F0439S,05F0494S,41,0,0
2025/06/21 16:20,05F0439S,05F0494S,42,240,1
2025/06/21 16:20,05F0439S,05F0494S,5,190,2
2025/06/21 16:25,05F0000S,05F0055S,31,378,143
2025/06/21 16:25,05F0000S,05F0055S,32,376,34
2025/06/21 16:25,05F0000S,05F0055S,41,353,4
2025/06/21 16:25,05F0000S,05F0055S,42,0,0
2025/06/21 16:25,05F0000S,05F0055S,5,0,0
2025/06/21 16:25,05F0055S,05F0287S,31,2339,143
2025/06/21 16:25,05F0055S,05F0287S,32,2337,44
2025/06/21 16:25,05F0055S,05F0287S,41,2019,7
2025/06/21 16:25,05F0055S,05F0287S,42,0,0
2025/06/21 16:25,05F0055S,05F0287S,5,0,0
2025/06/21 16:25,05F0287S,05F0309S,31,102,110
2025/06/21 16:25,05F0287S,05F0309S,32,102,30
2025/06/21 16:25,05F0287S,05F0309S,41,110,3
2025/06/21 16:25,05F0287S,05F0309S,42,0,0
2025/06/21 16:25,05F0287S,05F0309S,5,0,0
2025/06/21 16:25,05F0309S,05F0439S,31,496,63
2025/06/21 16:25,05F0309S,05F0439S,32,516,10
2025/06/21 16:25,05F0309S,05F0439S,41,553,2
2025/06/21 16:25,05F0309S,05F0439S,42,0,0
2025/06/21 16:25,05F0309S,05F0439S,5,492,6
2025/06/21 16:25,05F0439S,05F0494S,31,206,38
2025/06/21 16:25,05F0439S,05F0494S,32,214,7
2025/06/21 16:25,05F0439S,05F0494S,41,0,0
2025/06/21 16:25,05F0439S,05F0494S,42,0,0
2025/06/21 16:25,05F0439S,05F0494S,5,206,2
2025/06/21 16:30,05F0000S,05F0055S,31,362,129
2025/06/21 16:30,05F0000S,05F0055S,32,359,38
2025/06/21 16:30,05F0000S,05F0055S,41,307,3
2025/06/21 16:30,05F0000S,05F0055S,42,0,0
2025/06/21 16:30,05F0000S,05F0055S,5,0,0
2025/06/21 16:30,05F0055S,05F0287S,31,2340,159
2025/06/21 16:30,05F0055S,05F0287S,32,2340,40
2025/06/21 16:30,05F0055S,05F0287S,41,1985,2
2025/06/21 16:30,05F0055S,05F0287S,42,0,0
2025/06/21 16:30,05F0055S,05F0287S,5,0,0
2025/06/21 16:30,05F0287S,05F0309S,31,94,119
2025/06/21 16:30,05F0287S,05F0309S,32,96,32
2025/06/21 16:30,05F0287S,05F0309S,41,95,4
2025/06/21 16:30,05F0287S,05F0309S,42,0,0
2025/06/21 16:30,05F0287S,05F0309S,5,0,0
2025/06/21 16:30,05F0309S,05F0439S,31,494,65
2025/06/21 16:30,05F0309S,05F0439S,32,504,19
2025/06/21 16:30,05F0309S,05F0439S,41,555,2
2025/06/21 16:30,05F0309S,05F0439S,42,0,0
2025/06/21 16:30,05F0309S,05F0439S,5,541,4
2025/06/21 16:30,05F0439S,05F0494S,31,198,34
2025/06/21 16:30,05F0439S,05F0494S,32,217,8
2025/06/21 16:30,05F0439S,05F0494S,41,0,0
2025/06/21 16:30,05F0439S,05F0494S,42,0,0
2025/06/21 16:30,05F0439S,05F0494S,5,205,8
2025/06/21 16:35,05F0000S,05F0055S,31,391,116
2025/06/21 16:35,05F0000S,05F0055S,32,396,25
2025/06/21 16:35,05F0000S,05F0055S,41,295,1
2025/06/21 16:35,05F0000S,05F0055S,42,0,0
2025/06/21 16:35,05F0000S,05F0055S,5,0,0
2025/06/21 16:35,05F0055S,05F0287S,31,2286,169
2025/06/21 16:35,05F0055S,05F0287S,32,2279,36
2025/06/21 16:35,05F0055S,05F0287S,41,1930,4
2025/06/21 16:35,05F0055S,05F0287S,42,0,0
2025/06/21 16:35,05F0055S,05F0287S,5,0,0
2025/06/21 16:35,05F0287S,05F0309S,31,91,111
2025/06/21 16:35,05F0287S,05F0309S,32,94,29
2025/06/21 16:35,05F0287S,05F0309S,41,99,3
2025/06/21 16:35,05F0287S,05F0309S,42,0,0
2025/06/21 16:35,05F0287S,05F0309S,5,0,0
2025/06/21 16:35,05F0309S,05F0439S,31,501,81
2025/06/21 16:35,05F0309S,05F0439S,32,511,24
2025/06/21 16:35,05F0309S,05F0439S,41,541,4
2025/06/21 16:35,05F0309S,05F0439S,42,0,0
2025/06/21 16:35,05F0309S,05F0439S,5,486,1
2025/06/21 16:35,05F0439S,05F0494S,31,208,29
2025/06/21 16:35,05F0439S,05F0494S,32,218,5
2025/06/21 16:35,05F0439S,05F0494S,41,0,0
2025/06/21 16:35,05F0439S,05F0494S,42,0,0
2025/06/21 16:35,05F0439S,05F0494S,5,202,3
2025/06/21 16:40,05F0000S,05F0055S,31,410,131
2025/06/21 16:40,05F0000S,05F0055S,32,412,29
2025/06/21 16:40,05F0000S,05F0055S,41,0,0
2025/06/21 16:40,05F0000S,05F0055S,42,0,0
2025/06/21 16:40,05F0000S,05F0055S,5,0,0
2025/06/21 16:40,05F0055S,05F0287S,31,2202,145
2025/06/21 16:40,05F0055S,05F0287S,32,2212,38
2025/06/21 16:40,05F0055S,05F0287S,41,1968,4
2025/06/21 16:40,05F0055S,05F0287S,42,0,0
2025/06/21 16:40,05F0055S,05F0287S,5,0,0
2025/06/21 16:40,05F0287S,05F0309S,31,91,128
2025/06/21 16:40,05F0287S,05F0309S,32,93,25
2025/06/21 16:40,05F0287S,05F0309S,41,97,2
2025/06/21 16:40,05F0287S,05F0309S,42,0,0
2025/06/21 16:40,05F0287S,05F0309S,5,0,0
2025/06/21 16:40,05F0309S,05F0439S,31,494,74
2025/06/21 16:40,05F0309S,05F0439S,32,507,22
2025/06/21 16:40,05F0309S,05F0439S,41,489,1
2025/06/21 16:40,05F0309S,05F0439S,42,0,0
2025/06/21 16:40,05F0309S,05F0439S,5,511,3
2025/06/21 16:40,05F0439S,05F0494S,31,206,41
2025/06/21 16:40,05F0439S,05F0494S,32,209,18
2025/06/21 16:40,05F0439S,05F0494S,41,0,0
2025/06/21 16:40,05F0439S,05F0494S,42,0,0
2025/06/21 16:40,05F0439S,05F0494S,5,216,1
2025/06/21 16:45,05F0000S,05F0055S,31,375,132
2025/06/21 16:45,05F0000S,05F0055S,32,371,33
2025/06/21 16:45,05F0000S,05F0055S,41,0,0
2025/06/21 16:45,05F0000S,05F0055S,42,0,0
2025/06/21 16:45,05F0000S,05F0055S,5,0,0
2025/06/21 16:45,05F0055S,05F0287S,31,2198,146
2025/06/21 16:45,05F0055S,05F0287S,32,2200,35
2025/06/21 16:45,05F0055S,05F0287S,41,1982,4
2025/06/21 16:45,05F0055S,05F0287S,42,0,0
2025/06/21 16:45,05F0055S,05F0287S,5,0,0
2025/06/21 16:45,05F0287S,05F0309S,31,96,101
2025/06/21 16:45,05F0287S,05F0309S,32,92,27
2025/06/21 16:45,05F0287S,05F0309S,41,97,3
2025/06/21 16:45,05F0287S,05F0309S,42,0,0
2025/06/21 16:45,05F0287S,05F0309S,5,0,0
2025/06/21 16:45,05F0309S,05F0439S,31,489,63
2025/06/21 16:45,05F0309S,05F0439S,32,503,19
2025/06/21 16:45,05F0309S,05F0439S,41,536,1
2025/06/21 16:45,05F0309S,05F0439S,42,491,1
2025/06/21 16:45,05F0309S,05F0439S,5,515,1
2025/06/21 16:45,05F0439S,05F0494S,31,204,43
2025/06/21 16:45,05F0439S,05F0494S,32,206,8
2025/06/21 16:45,05F0439S,05F0494S,41,0,0
2025/06/21 16:45,05F0439S,05F0494S,42,190,1
2025/06/21 16:45,05F0439S,05F0494S,5,211,2
2025/06/21 16:50,05F0000S,05F0055S,31,313,129
2025/06/21 16:50,05F0000S,05F0055S,32,315,38
2025/06/21 16:50,05F0000S,05F0055S,41,284,1
2025/06/21 16:50,05F0000S,05F0055S,42,0,0
2025/06/21 16:50,05F0000S,05F0055S,5,0,0
2025/06/21 16:50,05F0055S,05F0287S,31,2196,129
2025/06/21 16:50,05F0055S,05F0287S,32,2195,38
2025/06/21 16:50,05F0055S,05F0287S,41,1967,4
2025/06/21 16:50,05F0055S,05F0287S,42,0,0
2025/06/21 16:50,05F0055S,05F0287S,5,0,0
2025/06/21 16:50,05F0287S,05F0309S,31,90,105
2025/06/21 16:50,05F0287S,05F0309S,32,93,21
2025/06/21 16:50,05F0287S,05F0309S,41,98,3
2025/06/21 16:50,05F0287S,05F0309S,42,0,0
2025/06/21 16:50,05F0287S,05F0309S,5,0,0
2025/06/21 16:50,05F0309S,05F0439S,31,512,64
2025/06/21 16:50,05F0309S,05F0439S,32,518,16
2025/06/21 16:50,05F0309S,05F0439S,41,549,1
2025/06/21 16:50,05F0309S,05F0439S,42,562,1
2025/06/21 16:50,05F0309S,05F0439S,5,0,0
2025/06/21 16:50,05F0439S,05F0494S,31,209,26
2025/06/21 16:50,05F0439S,05F0494S,32,212,10
2025/06/21 16:50,05F0439S,05F0494S,41,227,2
2025/06/21 16:50,05F0439S,05F0494S,42,0,0
2025/06/21 16:50,05F0439S,05F0494S,5,0,0
2025/06/21 16:55,05F0000S,05F0055S,31,262,107
2025/06/21 16:55,05F0000S,05F0055S,32,261,26
2025/06/21 16:55,05F0000S,05F0055S,41,223,1
2025/06/21 16:55,05F0000S,05F0055S,42,0,0
2025/06/21 16:55,05F0000S,05F0055S,5,0,0
2025/06/21 16:55,05F0055S,05F0287S,31,2256,136
2025/06/21 16:55,05F0055S,05F0287S,32,2260,41
2025/06/21 16:55,05F0055S,05F0287S,41,2003,5
2025/06/21 16:55,05F0055S,05F0287S,42,0,0
2025/06/21 16:55,05F0055S,05F0287S,5,0,0
2025/06/21 16:55,05F0287S,05F0309S,31,94,107
2025/06/21 16:55,05F0287S,05F0309S,32,94,32
2025/06/21 16:55,05F0287S,05F0309S,41,97,3
2025/06/21 16:55,05F0287S,05F0309S,42,108,1
2025/06/21 16:55,05F0287S,05F0309S,5,0,0
2025/06/21 16:55,05F0309S,05F0439S,31,503,74
2025/06/21 16:55,05F0309S,05F0439S,32,503,14
2025/06/21 16:55,05F0309S,05F0439S,41,0,0
2025/06/21 16:55,05F0309S,05F0439S,42,0,0
2025/06/21 16:55,05F0309S,05F0439S,5,558,2
2025/06/21 16:55,05F0439S,05F0494S,31,206,31
2025/06/21 16:55,05F0439S,05F0494S,32,220,10
2025/06/21 16:55,05F0439S,05F0494S,41,0,0
2025/06/21 16:55,05F0439S,05F0494S,42,0,0
2025/06/21 16:55,05F0439S,05F0494S,5,228,2
2025/06/21 17:00,05F0000S,05F0055S,31,316,109
2025/06/21 17:00,05F0000S,05F0055S,32,308,29
2025/06/21 17:00,05F0000S,05F0055S,41,883,2
2025/06/21 17:00,05F0000S,05F0055S,42,0,0
2025/06/21 17:00,05F0000S,05F0055S,5,0,0
2025/06/21 17:00,05F0055S,05F0287S,31,2254,157
2025/06/21 17:00,05F0055S,05F0287S,32,2250,34
2025/06/21 17:00,05F0055S,05F0287S,41,2000,10
2025/06/21 17:00,05F0055S,05F0287S,42,0,0
2025/06/21 17:00,05F0055S,05F0287S,5,0,0
2025/06/21 17:00,05F0287S,05F0309S,31,101,121
2025/06/21 17:00,05F0287S,05F0309S,32,101,27
2025/06/21 17:00,05F0287S,05F0309S,41,98,5
2025/06/21 17:00,05F0287S,05F0309S,42,0,0
2025/06/21 17:00,05F0287S,05F0309S,5,0,0
2025/06/21 17:00,05F0309S,05F0439S,31,488,64
2025/06/21 17:00,05F0309S,05F0439S,32,512,16
2025/06/21 17:00,05F0309S,05F0439S,41,525,3
2025/06/21 17:00,05F0309S,05F0439S,42,490,1
2025/06/21 17:00,05F0309S,05F0439S,5,0,0
2025/06/21 17:00,05F0439S,05F0494S,31,201,33
2025/06/21 17:00,05F0439S,05F0494S,32,203,7
2025/06/21 17:00,05F0439S,05F0494S,41,0,0
2025/06/21 17:00,05F0439S,05F0494S,42,196,1
2025/06/21 17:00,05F0439S,05F0494S,5,228,1
2025/06/21 17:05,05F0000S,05F0055S,31,342,140
2025/06/21 17:05,05F0000S,05F0055S,32,340,28
2025/06/21 17:05,05F0000S,05F0055S,41,293,2
2025/06/21 17:05,05F0000S,05F0055S,42,0,0
2025/06/21 17:05,05F0000S,05F0055S,5,0,0
2025/06/21 17:05,05F0055S,05F0287S,31,2260,157
2025/06/21 17:05,05F0055S,05F0287S,32,2254,40
2025/06/21 17:05,05F0055S,05F0287S,41,1967,6
2025/06/21 17:05,05F0055S,05F0287S,42,0,0
2025/06/21 17:05,05F0055S,05F0287S,5,0,0
2025/06/21 17:05,05F0287S,05F0309S,31,100,110
2025/06/21 17:05,05F0287S,05F0309S,32,101,27
2025/06/21 17:05,05F0287S,05F0309S,41,98,5
2025/06/21 17:05,05F0287S,05F0309S,42,0,0
2025/06/21 17:05,05F0287S,05F0309S,5,0,0
2025/06/21 17:05,05F0309S,05F0439S,31,505,62
2025/06/21 17:05,05F0309S,05F0439S,32,512,17
2025/06/21 17:05,05F0309S,05F0439S,41,542,2
2025/06/21 17:05,05F0309S,05F0439S,42,0,0
2025/06/21 17:05,05F0309S,05F0439S,5,511,4
2025/06/21 17:05,05F0439S,05F0494S,31,205,32
2025/06/21 17:05,05F0439S,05F0494S,32,217,6
2025/06/21 17:05,05F0439S,05F0494S,41,221,1
2025/06/21 17:05,05F0439S,05F0494S,42,206,1
2025/06/21 17:05,05F0439S,05F0494S,5,211,1
2025/06/21 17:10,05F0000S,05F0055S,31,284,148
2025/06/21 17:10,05F0000S,05F0055S,32,281,31
2025/06/21 17:10,05F0000S,05F0055S,41,290,1
2025/06/21 17:10,05F0000S,05F0055S,42,0,0
2025/06/21 17:10,05F0000S,05F0055S,5,0,0
2025/06/21 17:10,05F0055S,05F0287S,31,2262,142
2025/06/21 17:10,05F0055S,05F0287S,32,2273,38
2025/06/21 17:10,05F0055S,05F0287S,41,1977,3
2025/06/21 17:10,05F0055S,05F0287S,42,0,0
2025/06/21 17:10,05F0055S,05F0287S,5,0,0
2025/06/21 17:10,05F0287S,05F0309S,31,99,112
2025/06/21 17:10,05F0287S,05F0309S,32,101,33
2025/06/21 17:10,05F0287S,05F0309S,41,96,3
2025/06/21 17:10,05F0287S,05F0309S,42,0,0
2025/06/21 17:10,05F0287S,05F0309S,5,0,0
2025/06/21 17:10,05F0309S,05F0439S,31,513,80
2025/06/21 17:10,05F0309S,05F0439S,32,517,13
2025/06/21 17:10,05F0309S,05F0439S,41,533,7
2025/06/21 17:10,05F0309S,05F0439S,42,971,1
2025/06/21 17:10,05F0309S,05F0439S,5,501,2
2025/06/21 17:10,05F0439S,05F0494S,31,207,36
2025/06/21 17:10,05F0439S,05F0494S,32,211,12
2025/06/21 17:10,05F0439S,05F0494S,41,225,1
2025/06/21 17:10,05F0439S,05F0494S,42,0,0
2025/06/21 17:10,05F0439S,05F0494S,5,225,2
2025/06/21 17:15,05F0000S,05F0055S,31,254,131
2025/06/21 17:15,05F0000S,05F0055S,32,252,29
2025/06/21 17:15,05F0000S,05F0055S,41,1410,1
2025/06/21 17:15,05F0000S,05F0055S,42,0,0
2025/06/21 17:15,05F0000S,05F0055S,5,0,0
2025/06/21 17:15,05F0055S,05F0287S,31,2200,161
2025/06/21 17:15,05F0055S,05F0287S,32,2205,36
2025/06/21 17:15,05F0055S,05F0287S,41,1989,6
2025/06/21 17:15,05F0055S,05F0287S,42,0,0
2025/06/21 17:15,05F0055S,05F0287S,5,0,0
2025/06/21 17:15,05F0287S,05F0309S,31,97,122
2025/06/21 17:15,05F0287S,05F0309S,32,98,33
2025/06/21 17:15,05F0287S,05F0309S,41,104,4
2025/06/21 17:15,05F0287S,05F0309S,42,0,0
2025/06/21 17:15,05F0287S,05F0309S,5,0,0
2025/06/21 17:15,05F0309S,05F0439S,31,501,76
2025/06/21 17:15,05F0309S,05F0439S,32,510,18
2025/06/21 17:15,05F0309S,05F0439S,41,533,3
2025/06/21 17:15,05F0309S,05F0439S,42,0,0
2025/06/21 17:15,05F0309S,05F0439S,5,551,2
2025/06/21 17:15,05F0439S,05F0494S,31,207,35
2025/06/21 17:15,05F0439S,05F0494S,32,215,7
2025/06/21 17:15,05F0439S,05F0494S,41,0,0
2025/06/21 17:15,05F0439S,05F0494S,42,0,0
2025/06/21 17:15,05F0439S,05F0494S,5,203,2
2025/06/21 17:20,05F0000S,05F0055S,31,251,115
2025/06/21 17:20,05F0000S,05F0055S,32,251,37
2025/06/21 17:20,05F0000S,05F0055S,41,253,1
2025/06/21 17:20,05F0000S,05F0055S,42,0,0
2025/06/21 17:20,05F0000S,05F0055S,5,0,0
2025/06/21 17:20,05F0055S,05F0287S,31,2171,148
2025/06/21 17:20,05F0055S,05F0287S,32,2171,39
2025/06/21 17:20,05F0055S,05F0287S,41,1930,1
2025/06/21 17:20,05F0055S,05F0287S,42,0,0
2025/06/21 17:20,05F0055S,05F0287S,5,0,0
2025/06/21 17:20,05F0287S,05F0309S,31,96,121
2025/06/21 17:20,05F0287S,05F0309S,32,97,27
2025/06/21 17:20,05F0287S,05F0309S,41,107,1
2025/06/21 17:20,05F0287S,05F0309S,42,0,0
2025/06/21 17:20,05F0287S,05F0309S,5,0,0
2025/06/21 17:20,05F0309S,05F0439S,31,506,65
2025/06/21 17:20,05F0309S,05F0439S,32,505,24
2025/06/21 17:20,05F0309S,05F0439S,41,0,0
2025/06/21 17:20,05F0309S,05F0439S,42,574,1
2025/06/21 17:20,05F0309S,05F0439S,5,487,3
2025/06/21 17:20,05F0439S,05F0494S,31,205,31
2025/06/21 17:20,05F0439S,05F0494S,32,205,13
2025/06/21 17:20,05F0439S,05F0494S,41,0,0
2025/06/21 17:20,05F0439S,05F0494S,42,0,0
2025/06/21 17:20,05F0439S,05F0494S,5,226,2
2025/06/21 17:25,05F0000S,05F0055S,31,246,113
2025/06/21 17:25,05F0000S,05F0055S,32,243,29
2025/06/21 17:25,05F0000S,05F0055S,41,251,1
2025/06/21 17:25,05F0000S,05F0055S,42,0,0
2025/06/21 17:25,05F0000S,05F0055S,5,0,0
2025/06/21 17:25,05F0055S,05F0287S,31,2142,155
2025/06/21 17:25,05F0055S,05F0287S,32,2141,46
2025/06/21 17:25,05F0055S,05F0287S,41,1958,7
2025/06/21 17:25,05F0055S,05F0287S,42,0,0
2025/06/21 17:25,05F0055S,05F0287S,5,0,0
2025/06/21 17:25,05F0287S,05F0309S,31,101,120
2025/06/21 17:25,05F0287S,05F0309S,32,103,29
2025/06/21 17:25,05F0287S,05F0309S,41,101,7
2025/06/21 17:25,05F0287S,05F0309S,42,0,0
2025/06/21 17:25,05F0287S,05F0309S,5,0,0
2025/06/21 17:25,05F0309S,05F0439S,31,487,70
2025/06/21 17:25,05F0309S,05F0439S,32,504,9
2025/06/21 17:25,05F0309S,05F0439S,41,544,3
2025/06/21 17:25,05F0309S,05F0439S,42,0,0
2025/06/21 17:25,05F0309S,05F0439S,5,0,0
2025/06/21 17:25,05F0439S,05F0494S,31,205,22
2025/06/21 17:25,05F0439S,05F0494S,32,201,5
2025/06/21 17:25,05F0439S,05F0494S,41,0,0
2025/06/21 17:25,05F0439S,05F0494S,42,0,0
2025/06/21 17:25,05F0439S,05F0494S,5,207,3
2025/06/21 17:30,05F0000S,05F0055S,31,254,107
2025/06/21 17:30,05F0000S,05F0055S,32,254,25
2025/06/21 17:30,05F0000S,05F0055S,41,257,4
2025/06/21 17:30,05F0000S,05F0055S,42,0,0
2025/06/21 17:30,05F0000S,05F0055S,5,0,0
2025/06/21 17:30,05F0055S,05F0287S,31,2106,147
2025/06/21 17:30,05F0055S,05F0287S,32,2096,35
2025/06/21 17:30,05F0055S,05F0287S,41,1891,6
2025/06/21 17:30,05F0055S,05F0287S,42,0,0
2025/06/21 17:30,05F0055S,05F0287S,5,0,0
2025/06/21 17:30,05F0287S,05F0309S,31,97,129
2025/06/21 17:30,05F0287S,05F0309S,32,96,32
2025/06/21 17:30,05F0287S,05F0309S,41,98,4
2025/06/21 17:30,05F0287S,05F0309S,42,0,0
2025/06/21 17:30,05F0287S,05F0309S,5,0,0
2025/06/21 17:30,05F0309S,05F0439S,31,495,68
2025/06/21 17:30,05F0309S,05F0439S,32,515,14
2025/06/21 17:30,05F0309S,05F0439S,41,535,1
2025/06/21 17:30,05F0309S,05F0439S,42,0,0
2025/06/21 17:30,05F0309S,05F0439S,5,509,2
2025/06/21 17:30,05F0439S,05F0494S,31,207,23
2025/06/21 17:30,05F0439S,05F0494S,32,215,3
2025/06/21 17:30,05F0439S,05F0494S,41,0,0
2025/06/21 17:30,05F0439S,05F0494S,42,0,0
2025/06/21 17:30,05F0439S,05F0494S,5,208,1
2025/06/21 17:35,05F0000S,05F0055S,31,253,116
2025/06/21 17:35,05F0000S,05F0055S,32,257,33
2025/06/21 17:35,05F0000S,05F0055S,41,252,2
2025/06/21 17:35,05F0000S,05F0055S,42,0,0
2025/06/21 17:35,05F0000S,05F0055S,5,0,0
2025/06/21 17:35,05F0055S,05F0287S,31,2120,129
2025/06/21 17:35,05F0055S,05F0287S,32,2120,32
2025/06/21 17:35,05F0055S,05F0287S,41,1903,6
2025/06/21 17:35,05F0055S,05F0287S,42,0,0
2025/06/21 17:35,05F0055S,05F0287S,5,0,0
2025/06/21 17:35,05F0287S,05F0309S,31,95,91
2025/06/21 17:35,05F0287S,05F0309S,32,97,23
2025/06/21 17:35,05F0287S,05F0309S,41,97,3
2025/06/21 17:35,05F0287S,05F0309S,42,0,0
2025/06/21 17:35,05F0287S,05F0309S,5,0,0
2025/06/21 17:35,05F0309S,05F0439S,31,500,60
2025/06/21 17:35,05F0309S,05F0439S,32,502,21
2025/06/21 17:35,05F0309S,05F0439S,41,518,3
2025/06/21 17:35,05F0309S,05F0439S,42,0,0
2025/06/21 17:35,05F0309S,05F0439S,5,532,4
2025/06/21 17:35,05F0439S,05F0494S,31,207,33
2025/06/21 17:35,05F0439S,05F0494S,32,220,7
2025/06/21 17:35,05F0439S,05F0494S,41,0,0
2025/06/21 17:35,05F0439S,05F0494S,42,0,0
2025/06/21 17:35,05F0439S,05F0494S,5,210,2
2025/06/21 17:40,05F0000S,05F0055S,31,273,123
2025/06/21 17:40,05F0000S,05F0055S,32,274,32
2025/06/21 17:40,05F0000S,05F0055S,41,263,5
2025/06/21 17:40,05F0000S,05F0055S,42,0,0
2025/06/21 17:40,05F0000S,05F0055S,5,0,0
2025/06/21 17:40,05F0055S,05F0287S,31,2123,151
2025/06/21 17:40,05F0055S,05F0287S,32,2132,29
2025/06/21 17:40,05F0055S,05F0287S,41,1964,4
2025/06/21 17:40,05F0055S,05F0287S,42,0,0
2025/06/21 17:40,05F0055S,05F0287S,5,0,0
2025/06/21 17:40,05F0287S,05F0309S,31,95,95
2025/06/21 17:40,05F0287S,05F0309S,32,95,22
2025/06/21 17:40,05F0287S,05F0309S,41,95,4
2025/06/21 17:40,05F0287S,05F0309S,42,0,0
2025/06/21 17:40,05F0287S,05F0309S,5,0,0
2025/06/21 17:40,05F0309S,05F0439S,31,504,69
2025/06/21 17:40,05F0309S,05F0439S,32,507,16
2025/06/21 17:40,05F0309S,05F0439S,41,545,2
2025/06/21 17:40,05F0309S,05F0439S,42,0,0
2025/06/21 17:40,05F0309S,05F0439S,5,565,1
2025/06/21 17:40,05F0439S,05F0494S,31,202,22
2025/06/21 17:40,05F0439S,05F0494S,32,206,9
2025/06/21 17:40,05F0439S,05F0494S,41,0,0
2025/06/21 17:40,05F0439S,05F0494S,42,0,0
2025/06/21 17:40,05F0439S,05F0494S,5,204,2
2025/06/21 17:45,05F0000S,05F0055S,31,274,127
2025/06/21 17:45,05F0000S,05F0055S,32,278,36
2025/06/21 17:45,05F0000S,05F0055S,41,970,4
2025/06/21 17:45,05F0000S,05F0055S,42,0,0
2025/06/21 17:45,05F0000S,05F0055S,5,0,0
2025/06/21 17:45,05F0055S,05F0287S,31,2135,157
2025/06/21 17:45,05F0055S,05F0287S,32,2124,33
2025/06/21 17:45,05F0055S,05F0287S,41,1952,4
2025/06/21 17:45,05F0055S,05F0287S,42,0,0
2025/06/21 17:45,05F0055S,05F0287S,5,0,0
2025/06/21 17:45,05F0287S,05F0309S,31,97,119
2025/06/21 17:45,05F0287S,05F0309S,32,98,25
2025/06/21 17:45,05F0287S,05F0309S,41,96,2
2025/06/21 17:45,05F0287S,05F0309S,42,0,0
2025/06/21 17:45,05F0287S,05F0309S,5,0,0
2025/06/21 17:45,05F0309S,05F0439S,31,484,45
2025/06/21 17:45,05F0309S,05F0439S,32,486,14
2025/06/21 17:45,05F0309S,05F0439S,41,538,3
2025/06/21 17:45,05F0309S,05F0439S,42,494,1
2025/06/21 17:45,05F0309S,05F0439S,5,493,1
2025/06/21 17:45,05F0439S,05F0494S,31,209,30
2025/06/21 17:45,05F0439S,05F0494S,32,216,7
2025/06/21 17:45,05F0439S,05F0494S,41,226,4
2025/06/21 17:45,05F0439S,05F0494S,42,0,0
2025/06/21 17:45,05F0439S,05F0494S,5,207,3
2025/06/21 17:50,05F0000S,05F0055S,31,311,153
2025/06/21 17:50,05F0000S,05F0055S,32,309,37
2025/06/21 17:50,05F0000S,05F0055S,41,0,0
2025/06/21 17:50,05F0000S,05F0055S,42,0,0
2025/06/21 17:50,05F0000S,05F0055S,5,0,0
2025/06/21 17:50,05F0055S,05F0287S,31,2110,158
2025/06/21 17:50,05F0055S,05F0287S,32,2113,45
2025/06/21 17:50,05F0055S,05F0287S,41,1856,4
2025/06/21 17:50,05F0055S,05F0287S,42,0,0
2025/06/21 17:50,05F0055S,05F0287S,5,0,0
2025/06/21 17:50,05F0287S,05F0309S,31,92,117
2025/06/21 17:50,05F0287S,05F0309S,32,92,29
2025/06/21 17:50,05F0287S,05F0309S,41,100,4
2025/06/21 17:50,05F0287S,05F0309S,42,0,0
2025/06/21 17:50,05F0287S,05F0309S,5,0,0
2025/06/21 17:50,05F0309S,05F0439S,31,497,56
2025/06/21 17:50,05F0309S,05F0439S,32,527,9
2025/06/21 17:50,05F0309S,05F0439S,41,536,1
2025/06/21 17:50,05F0309S,05F0439S,42,544,1
2025/06/21 17:50,05F0309S,05F0439S,5,0,0
2025/06/21 17:50,05F0439S,05F0494S,31,205,22
2025/06/21 17:50,05F0439S,05F0494S,32,208,7
2025/06/21 17:50,05F0439S,05F0494S,41,0,0
2025/06/21 17:50,05F0439S,05F0494S,42,0,0
2025/06/21 17:50,05F0439S,05F0494S,5,0,0
2025/06/21 17:55,05F0000S,05F0055S,31,324,147
2025/06/21 17:55,05F0000S,05F0055S,32,325,32
2025/06/21 17:55,05F0000S,05F0055S,41,324,2
2025/06/21 17:55,05F0000S,05F0055S,42,0,0
2025/06/21 17:55,05F0000S,05F0055S,5,0,0
2025/06/21 17:55,05F0055S,05F0287S,31,2051,154
2025/06/21 17:55,05F0055S,05F0287S,32,2048,47
2025/06/21 17:55,05F0055S,05F0287S,41,1842,3
2025/06/21 17:55,05F0055S,05F0287S,42,0,0
2025/06/21 17:55,05F0055S,05F0287S,5,0,0
2025/06/21 17:55,05F0287S,05F0309S,31,93,117
2025/06/21 17:55,05F0287S,05F0309S,32,92,32
2025/06/21 17:55,05F0287S,05F0309S,41,94,4
2025/06/21 17:55,05F0287S,05F0309S,42,0,0
2025/06/21 17:55,05F0287S,05F0309S,5,0,0
2025/06/21 17:55,05F0309S,05F0439S,31,496,80
2025/06/21 17:55,05F0309S,05F0439S,32,507,22
2025/06/21 17:55,05F0309S,05F0439S,41,534,2
2025/06/21 17:55,05F0309S,05F0439S,42,530,1
2025/06/21 17:55,05F0309S,05F0439S,5,506,2
2025/06/21 17:55,05F0439S,05F0494S,31,214,30
2025/06/21 17:55,05F0439S,05F0494S,32,207,9
2025/06/21 17:55,05F0439S,05F0494S,41,0,0
2025/06/21 17:55,05F0439S,05F0494S,42,0,0
2025/06/21 17:55,05F0439S,05F0494S,5,207,2
2025/06/21 18:00,05F0000S,05F0055S,31,320,145
2025/06/21 18:00,05F0000S,05F0055S,32,321,37
2025/06/21 18:00,05F0000S,05F0055S,41,330,4
2025/06/21 18:00,05F0000S,05F0055S,42,0,0
2025/06/21 18:00,05F0000S,05F0055S,5,0,0
2025/06/21 18:00,05F0055S,05F0287S,31,1937,175
2025/06/21 18:00,05F0055S,05F0287S,32,1924,35
2025/06/21 18:00,05F0055S,05F0287S,41,1877,5
2025/06/21 18:00,05F0055S,05F0287S,42,0,0
2025/06/21 18:00,05F0055S,05F0287S,5,0,0
2025/06/21 18:00,05F0287S,05F0309S,31,91,123
2025/06/21 18:00,05F0287S,05F0309S,32,91,33
2025/06/21 18:00,05F0287S,05F0309S,41,94,2
2025/06/21 18:00,05F0287S,05F0309S,42,0,0
2025/06/21 18:00,05F0287S,05F0309S,5,0,0
2025/06/21 18:00,05F0309S,05F0439S,31,502,73
2025/06/21 18:00,05F0309S,05F0439S,32,478,16
2025/06/21 18:00,05F0309S,05F0439S,41,530,5
2025/06/21 18:00,05F0309S,05F0439S,42,574,1
2025/06/21 18:00,05F0309S,05F0439S,5,506,1
2025/06/21 18:00,05F0439S,05F0494S,31,208,24
2025/06/21 18:00,05F0439S,05F0494S,32,207,11
2025/06/21 18:00,05F0439S,05F0494S,41,230,1
2025/06/21 18:00,05F0439S,05F0494S,42,213,1
2025/06/21 18:00,05F0439S,05F0494S,5,0,0
2025/06/21 18:05,05F0000S,05F0055S,31,284,129
2025/06/21 18:05,05F0000S,05F0055S,32,278,22
2025/06/21 18:05,05F0000S,05F0055S,41,332,3
2025/06/21 18:05,05F0000S,05F0055S,42,0,0
2025/06/21 18:05,05F0000S,05F0055S,5,0,0
2025/06/21 18:05,05F0055S,05F0287S,31,1868,168
2025/06/21 18:05,05F0055S,05F0287S,32,1869,44
2025/06/21 18:05,05F0055S,05F0287S,41,1860,9
2025/06/21 18:05,05F0055S,05F0287S,42,0,0
2025/06/21 18:05,05F0055S,05F0287S,5,0,0
2025/06/21 18:05,05F0287S,05F0309S,31,95,128
2025/06/21 18:05,05F0287S,05F0309S,32,96,26
2025/06/21 18:05,05F0287S,05F0309S,41,98,6
2025/06/21 18:05,05F0287S,05F0309S,42,0,0
2025/06/21 18:05,05F0287S,05F0309S,5,0,0
2025/06/21 18:05,05F0309S,05F0439S,31,507,78
2025/06/21 18:05,05F0309S,05F0439S,32,500,19
2025/06/21 18:05,05F0309S,05F0439S,41,547,2
2025/06/21 18:05,05F0309S,05F0439S,42,559,2
2025/06/21 18:05,05F0309S,05F0439S,5,517,1
2025/06/21 18:05,05F0439S,05F0494S,31,220,27
2025/06/21 18:05,05F0439S,05F0494S,32,235,8
2025/06/21 18:05,05F0439S,05F0494S,41,227,1
2025/06/21 18:05,05F0439S,05F0494S,42,246,1
2025/06/21 18:05,05F0439S,05F0494S,5,226,1
2025/06/21 18:10,05F0000S,05F0055S,31,252,112
2025/06/21 18:10,05F0000S,05F0055S,32,251,23
2025/06/21 18:10,05F0000S,05F0055S,41,279,2
2025/06/21 18:10,05F0000S,05F0055S,42,0,0
2025/06/21 18:10,05F0000S,05F0055S,5,0,0
2025/06/21 18:10,05F0055S,05F0287S,31,1834,161
2025/06/21 18:10,05F0055S,05F0287S,32,1864,39
2025/06/21 18:10,05F0055S,05F0287S,41,1866,5
2025/06/21 18:10,05F0055S,05F0287S,42,0,0
2025/06/21 18:10,05F0055S,05F0287S,5,0,0
2025/06/21 18:10,05F0287S,05F0309S,31,92,129
2025/06/21 18:10,05F0287S,05F0309S,32,92,35
2025/06/21 18:10,05F0287S,05F0309S,41,101,7
2025/06/21 18:10,05F0287S,05F0309S,42,0,0
2025/06/21 18:10,05F0287S,05F0309S,5,0,0
2025/06/21 18:10,05F0309S,05F0439S,31,493,79
2025/06/21 18:10,05F0309S,05F0439S,32,515,16
2025/06/21 18:10,05F0309S,05F0439S,41,0,0
2025/06/21 18:10,05F0309S,05F0439S,42,0,0
2025/06/21 18:10,05F0309S,05F0439S,5,458,4
2025/06/21 18:10,05F0439S,05F0494S,31,210,32
2025/06/21 18:10,05F0439S,05F0494S,32,210,4
2025/06/21 18:10,05F0439S,05F0494S,41,236,1
2025/06/21 18:10,05F0439S,05F0494S,42,240,1
2025/06/21 18:10,05F0439S,05F0494S,5,252,1
2025/06/21 18:15,05F0000S,05F0055S,31,259,107
2025/06/21 18:15,05F0000S,05F0055S,32,262,27
2025/06/21 18:15,05F0000S,05F0055S,41,247,5
2025/06/21 18:15,05F0000S,05F0055S,42,0,0
2025/06/21 18:15,05F0000S,05F0055S,5,0,0
2025/06/21 18:15,05F0055S,05F0287S,31,1774,147
2025/06/21 18:15,05F0055S,05F0287S,32,1823,49
2025/06/21 18:15,05F0055S,05F0287S,41,1899,7
2025/06/21 18:15,05F0055S,05F0287S,42,0,0
2025/06/21 18:15,05F0055S,05F0287S,5,0,0
2025/06/21 18:15,05F0287S,05F0309S,31,91,124
2025/06/21 18:15,05F0287S,05F0309S,32,93,31
2025/06/21 18:15,05F0287S,05F0309S,41,99,5
2025/06/21 18:15,05F0287S,05F0309S,42,0,0
2025/06/21 18:15,05F0287S,05F0309S,5,0,0
2025/06/21 18:15,05F0309S,05F0439S,31,499,69
2025/06/21 18:15,05F0309S,05F0439S,32,510,17
2025/06/21 18:15,05F0309S,05F0439S,41,543,6
2025/06/21 18:15,05F0309S,05F0439S,42,0,0
2025/06/21 18:15,05F0309S,05F0439S,5,503,2
2025/06/21 18:15,05F0439S,05F0494S,31,211,31
2025/06/21 18:15,05F0439S,05F0494S,32,214,8
2025/06/21 18:15,05F0439S,05F0494S,41,235,1
2025/06/21 18:15,05F0439S,05F0494S,42,0,0
2025/06/21 18:15,05F0439S,05F0494S,5,223,3
2025/06/21 18:20,05F0000S,05F0055S,31,254,100
2025/06/21 18:20,05F0000S,05F0055S,32,251,30
2025/06/21 18:20,05F0000S,05F0055S,41,268,8
2025/06/21 18:20,05F0000S,05F0055S,42,0,0
2025/06/21 18:20,05F0000S,05F0055S,5,0,0
2025/06/21 18:20,05F0055S,05F0287S,31,1751,165
2025/06/21 18:20,05F0055S,05F0287S,32,1798,38
2025/06/21 18:20,05F0055S,05F0287S,41,1846,2
2025/06/21 18:20,05F0055S,05F0287S,42,0,0
2025/06/21 18:20,05F0055S,05F0287S,5,0,0
2025/06/21 18:20,05F0287S,05F0309S,31,94,111
2025/06/21 18:20,05F0287S,05F0309S,32,94,34
2025/06/21 18:20,05F0287S,05F0309S,41,99,2
2025/06/21 18:20,05F0287S,05F0309S,42,0,0
2025/06/21 18:20,05F0287S,05F0309S,5,0,0
2025/06/21 18:20,05F0309S,05F0439S,31,493,60
2025/06/21 18:20,05F0309S,05F0439S,32,510,20
2025/06/21 18:20,05F0309S,05F0439S,41,549,4
2025/06/21 18:20,05F0309S,05F0439S,42,564,3
2025/06/21 18:20,05F0309S,05F0439S,5,515,4
2025/06/21 18:20,05F0439S,05F0494S,31,219,36
2025/06/21 18:20,05F0439S,05F0494S,32,226,8
2025/06/21 18:20,05F0439S,05F0494S,41,0,0
2025/06/21 18:20,05F0439S,05F0494S,42,0,0
2025/06/21 18:20,05F0439S,05F0494S,5,237,3
2025/06/21 18:25,05F0000S,05F0055S,31,257,112
2025/06/21 18:25,05F0000S,05F0055S,32,256,33
2025/06/21 18:25,05F0000S,05F0055S,41,242,2
2025/06/21 18:25,05F0000S,05F0055S,42,0,0
2025/06/21 18:25,05F0000S,05F0055S,5,0,0
2025/06/21 18:25,05F0055S,05F0287S,31,1715,172
2025/06/21 18:25,05F0055S,05F0287S,32,1764,36
2025/06/21 18:25,05F0055S,05F0287S,41,1803,7
2025/06/21 18:25,05F0055S,05F0287S,42,0,0
2025/06/21 18:25,05F0055S,05F0287S,5,0,0
2025/06/21 18:25,05F0287S,05F0309S,31,93,134
2025/06/21 18:25,05F0287S,05F0309S,32,94,30
2025/06/21 18:25,05F0287S,05F0309S,41,97,4
2025/06/21 18:25,05F0287S,05F0309S,42,0,0
2025/06/21 18:25,05F0287S,05F0309S,5,0,0
2025/06/21 18:25,05F0309S,05F0439S,31,530,66
2025/06/21 18:25,05F0309S,05F0439S,32,532,23
2025/06/21 18:25,05F0309S,05F0439S,41,552,3
2025/06/21 18:25,05F0309S,05F0439S,42,0,0
2025/06/21 18:25,05F0309S,05F0439S,5,0,0
2025/06/21 18:25,05F0439S,05F0494S,31,213,23
2025/06/21 18:25,05F0439S,05F0494S,32,211,5
2025/06/21 18:25,05F0439S,05F0494S,41,261,2
2025/06/21 18:25,05F0439S,05F0494S,42,206,2
2025/06/21 18:25,05F0439S,05F0494S,5,216,4
2025/06/21 18:30,05F0000S,05F0055S,31,248,92
2025/06/21 18:30,05F0000S,05F0055S,32,249,30
2025/06/21 18:30,05F0000S,05F0055S,41,246,6
2025/06/21 18:30,05F0000S,05F0055S,42,0,0
2025/06/21 18:30,05F0000S,05F0055S,5,0,0
2025/06/21 18:30,05F0055S,05F0287S,31,1707,172
2025/06/21 18:30,05F0055S,05F0287S,32,1744,43
2025/06/21 18:30,05F0055S,05F0287S,41,1767,9
2025/06/21 18:30,05F0055S,05F0287S,42,0,0
2025/06/21 18:30,05F0055S,05F0287S,5,0,0
2025/06/21 18:30,05F0287S,05F0309S,31,92,124
2025/06/21 18:30,05F0287S,05F0309S,32,91,34
2025/06/21 18:30,05F0287S,05F0309S,41,96,5
2025/06/21 18:30,05F0287S,05F0309S,42,0,0
2025/06/21 18:30,05F0287S,05F0309S,5,0,0
2025/06/21 18:30,05F0309S,05F0439S,31,492,66
2025/06/21 18:30,05F0309S,05F0439S,32,499,17
2025/06/21 18:30,05F0309S,05F0439S,41,529,1
2025/06/21 18:30,05F0309S,05F0439S,42,0,0
2025/06/21 18:30,05F0309S,05F0439S,5,553,2
2025/06/21 18:30,05F0439S,05F0494S,31,217,20
2025/06/21 18:30,05F0439S,05F0494S,32,239,6
2025/06/21 18:30,05F0439S,05F0494S,41,0,0
2025/06/21 18:30,05F0439S,05F0494S,42,0,0
2025/06/21 18:30,05F0439S,05F0494S,5,0,0
2025/06/21 18:35,05F0000S,05F0055S,31,243,107
2025/06/21 18:35,05F0000S,05F0055S,32,246,32
2025/06/21 18:35,05F0000S,05F0055S,41,254,3
2025/06/21 18:35,05F0000S,05F0055S,42,0,0
2025/06/21 18:35,05F0000S,05F0055S,5,0,0
2025/06/21 18:35,05F0055S,05F0287S,31,1688,154
2025/06/21 18:35,05F0055S,05F0287S,32,1685,33
2025/06/21 18:35,05F0055S,05F0287S,41,1704,3
2025/06/21 18:35,05F0055S,05F0287S,42,0,0
2025/06/21 18:35,05F0055S,05F0287S,5,0,0
2025/06/21 18:35,05F0287S,05F0309S,31,94,131
2025/06/21 18:35,05F0287S,05F0309S,32,96,28
2025/06/21 18:35,05F0287S,05F0309S,41,100,5
2025/06/21 18:35,05F0287S,05F0309S,42,0,0
2025/06/21 18:35,05F0287S,05F0309S,5,0,0
2025/06/21 18:35,05F0309S,05F0439S,31,479,69
2025/06/21 18:35,05F0309S,05F0439S,32,489,22
2025/06/21 18:35,05F0309S,05F0439S,41,0,0
2025/06/21 18:35,05F0309S,05F0439S,42,0,0
2025/06/21 18:35,05F0309S,05F0439S,5,0,0
2025/06/21 18:35,05F0439S,05F0494S,31,215,38
2025/06/21 18:35,05F0439S,05F0494S,32,243,10
2025/06/21 18:35,05F0439S,05F0494S,41,0,0
2025/06/21 18:35,05F0439S,05F0494S,42,0,0
2025/06/21 18:35,05F0439S,05F0494S,5,228,2
2025/06/21 18:40,05F0000S,05F0055S,31,245,77
2025/06/21 18:40,05F0000S,05F0055S,32,248,26
2025/06/21 18:40,05F0000S,05F0055S,41,242,6
2025/06/21 18:40,05F0000S,05F0055S,42,0,0
2025/06/21 18:40,05F0000S,05F0055S,5,0,0
2025/06/21 18:40,05F0055S,05F0287S,31,1602,170
2025/06/21 18:40,05F0055S,05F0287S,32,1599,38
2025/06/21 18:40,05F0055S,05F0287S,41,1622,7
2025/06/21 18:40,05F0055S,05F0287S,42,0,0
2025/06/21 18:40,05F0055S,05F0287S,5,0,0
2025/06/21 18:40,05F0287S,05F0309S,31,91,121
2025/06/21 18:40,05F0287S,05F0309S,32,92,18
2025/06/21 18:40,05F0287S,05F0309S,41,94,7
2025/06/21 18:40,05F0287S,05F0309S,42,0,0
2025/06/21 18:40,05F0287S,05F0309S,5,0,0
2025/06/21 18:40,05F0309S,05F0439S,31,503,74
2025/06/21 18:40,05F0309S,05F0439S,32,499,13
2025/06/21 18:40,05F0309S,05F0439S,41,532,4
2025/06/21 18:40,05F0309S,05F0439S,42,0,0
2025/06/21 18:40,05F0309S,05F0439S,5,0,0
2025/06/21 18:40,05F0439S,05F0494S,31,199,23
2025/06/21 18:40,05F0439S,05F0494S,32,204,8
2025/06/21 18:40,05F0439S,05F0494S,41,0,0
2025/06/21 18:40,05F0439S,05F0494S,42,0,0
2025/06/21 18:40,05F0439S,05F0494S,5,0,0
2025/06/21 18:45,05F0000S,05F0055S,31,243,89
2025/06/21 18:45,05F0000S,05F0055S,32,243,26
2025/06/21 18:45,05F0000S,05F0055S,41,260,5
2025/06/21 18:45,05F0000S,05F0055S,42,0,0
2025/06/21 18:45,05F0000S,05F0055S,5,0,0
2025/06/21 18:45,05F0055S,05F0287S,31,1453,156
2025/06/21 18:45,05F0055S,05F0287S,32,1456,54
2025/06/21 18:45,05F0055S,05F0287S,41,1536,12
2025/06/21 18:45,05F0055S,05F0287S,42,0,0
2025/06/21 18:45,05F0055S,05F0287S,5,0,0
2025/06/21 18:45,05F0287S,05F0309S,31,94,111
2025/06/21 18:45,05F0287S,05F0309S,32,97,42
2025/06/21 18:45,05F0287S,05F0309S,41,98,8
2025/06/21 18:45,05F0287S,05F0309S,42,93,1
2025/06/21 18:45,05F0287S,05F0309S,5,0,0
2025/06/21 18:45,05F0309S,05F0439S,31,502,74
2025/06/21 18:45,05F0309S,05F0439S,32,500,19
2025/06/21 18:45,05F0309S,05F0439S,41,531,4
2025/06/21 18:45,05F0309S,05F0439S,42,484,1
2025/06/21 18:45,05F0309S,05F0439S,5,547,2
2025/06/21 18:45,05F0439S,05F0494S,31,202,30
2025/06/21 18:45,05F0439S,05F0494S,32,239,4
2025/06/21 18:45,05F0439S,05F0494S,41,0,0
2025/06/21 18:45,05F0439S,05F0494S,42,0,0
2025/06/21 18:45,05F0439S,05F0494S,5,0,0
2025/06/21 18:50,05F0000S,05F0055S,31,244,103
2025/06/21 18:50,05F0000S,05F0055S,32,244,35
2025/06/21 18:50,05F0000S,05F0055S,41,249,3
2025/06/21 18:50,05F0000S,05F0055S,42,0,0
2025/06/21 18:50,05F0000S,05F0055S,5,0,0
2025/06/21 18:50,05F0055S,05F0287S,31,1347,156
2025/06/21 18:50,05F0055S,05F0287S,32,1344,49
2025/06/21 18:50,05F0055S,05F0287S,41,1317,6
2025/06/21 18:50,05F0055S,05F0287S,42,0,0
2025/06/21 18:50,05F0055S,05F0287S,5,0,0
2025/06/21 18:50,05F0287S,05F0309S,31,94,120
2025/06/21 18:50,05F0287S,05F0309S,32,94,29
2025/06/21 18:50,05F0287S,05F0309S,41,92,3
2025/06/21 18:50,05F0287S,05F0309S,42,0,0
2025/06/21 18:50,05F0287S,05F0309S,5,0,0
2025/06/21 18:50,05F0309S,05F0439S,31,497,75
2025/06/21 18:50,05F0309S,05F0439S,32,500,15
2025/06/21 18:50,05F0309S,05F0439S,41,500,3
2025/06/21 18:50,05F0309S,05F0439S,42,525,1
2025/06/21 18:50,05F0309S,05F0439S,5,601,2
2025/06/21 18:50,05F0439S,05F0494S,31,209,23
2025/06/21 18:50,05F0439S,05F0494S,32,196,3
2025/06/21 18:50,05F0439S,05F0494S,41,0,0
2025/06/21 18:50,05F0439S,05F0494S,42,201,1
2025/06/21 18:50,05F0439S,05F0494S,5,219,1
2025/06/21 18:55,05F0000S,05F0055S,31,253,129
2025/06/21 18:55,05F0000S,05F0055S,32,253,24
2025/06/21 18:55,05F0000S,05F0055S,41,256,4
2025/06/21 18:55,05F0000S,05F0055S,42,0,0
2025/06/21 18:55,05F0000S,05F0055S,5,0,0
2025/06/21 18:55,05F0055S,05F0287S,31,1238,160
2025/06/21 18:55,05F0055S,05F0287S,32,1241,51
2025/06/21 18:55,05F0055S,05F0287S,41,1155,9
2025/06/21 18:55,05F0055S,05F0287S,42,0,0
2025/06/21 18:55,05F0055S,05F0287S,5,0,0
2025/06/21 18:55,05F0287S,05F0309S,31,95,121
2025/06/21 18:55,05F0287S,05F0309S,32,95,34
2025/06/21 18:55,05F0287S,05F0309S,41,98,7
2025/06/21 18:55,05F0287S,05F0309S,42,0,0
2025/06/21 18:55,05F0287S,05F0309S,5,0,0
2025/06/21 18:55,05F0309S,05F0439S,31,486,56
2025/06/21 18:55,05F0309S,05F0439S,32,490,22
2025/06/21 18:55,05F0309S,05F0439S,41,527,6
2025/06/21 18:55,05F0309S,05F0439S,42,544,1
2025/06/21 18:55,05F0309S,05F0439S,5,501,2
2025/06/21 18:55,05F0439S,05F0494S,31,209,22
2025/06/21 18:55,05F0439S,05F0494S,32,202,8
2025/06/21 18:55,05F0439S,05F0494S,41,0,0
2025/06/21 18:55,05F0439S,05F0494S,42,0,0
2025/06/21 18:55,05F0439S,05F0494S,5,266,2
2025/06/21 19:00,05F0000S,05F0055S,31,246,92
2025/06/21 19:00,05F0000S,05F0055S,32,242,24
2025/06/21 19:00,05F0000S,05F0055S,41,243,5
2025/06/21 19:00,05F0000S,05F0055S,42,0,0
2025/06/21 19:00,05F0000S,05F0055S,5,0,0
2025/06/21 19:00,05F0055S,05F0287S,31,1078,132
2025/06/21 19:00,05F0055S,05F0287S,32,1066,38
2025/06/21 19:00,05F0055S,05F0287S,41,1071,6
2025/06/21 19:00,05F0055S,05F0287S,42,0,0
2025/06/21 19:00,05F0055S,05F0287S,5,0,0
2025/06/21 19:00,05F0287S,05F0309S,31,88,107
2025/06/21 19:00,05F0287S,05F0309S,32,89,29
2025/06/21 19:00,05F0287S,05F0309S,41,91,5
2025/06/21 19:00,05F0287S,05F0309S,42,100,1
2025/06/21 19:00,05F0287S,05F0309S,5,0,0
2025/06/21 19:00,05F0309S,05F0439S,31,500,81
2025/06/21 19:00,05F0309S,05F0439S,32,495,18
2025/06/21 19:00,05F0309S,05F0439S,41,546,4
2025/06/21 19:00,05F0309S,05F0439S,42,0,0
2025/06/21 19:00,05F0309S,05F0439S,5,0,0
2025/06/21 19:00,05F0439S,05F0494S,31,203,23
2025/06/21 19:00,05F0439S,05F0494S,32,207,7
2025/06/21 19:00,05F0439S,05F0494S,41,0,0
2025/06/21 19:00,05F0439S,05F0494S,42,0,0
2025/06/21 19:00,05F0439S,05F0494S,5,224,1
2025/06/21 19:05,05F0000S,05F0055S,31,250,93
2025/06/21 19:05,05F0000S,05F0055S,32,244,20
2025/06/21 19:05,05F0000S,05F0055S,41,257,4
2025/06/21 19:05,05F0000S,05F0055S,42,0,0
2025/06/21 19:05,05F0000S,05F0055S,5,0,0
2025/06/21 19:05,05F0055S,05F0287S,31,1003,105
2025/06/21 19:05,05F0055S,05F0287S,32,1017,31
2025/06/21 19:05,05F0055S,05F0287S,41,1025,4
2025/06/21 19:05,05F0055S,05F0287S,42,0,0
2025/06/21 19:05,05F0055S,05F0287S,5,0,0
2025/06/21 19:05,05F0287S,05F0309S,31,90,80
2025/06/21 19:05,05F0287S,05F0309S,32,92,32
2025/06/21 19:05,05F0287S,05F0309S,41,90,5
2025/06/21 19:05,05F0287S,05F0309S,42,0,0
2025/06/21 19:05,05F0287S,05F0309S,5,0,0
2025/06/21 19:05,05F0309S,05F0439S,31,508,76
2025/06/21 19:05,05F0309S,05F0439S,32,502,18
2025/06/21 19:05,05F0309S,05F0439S,41,532,5
2025/06/21 19:05,05F0309S,05F0439S,42,0,0
2025/06/21 19:05,05F0309S,05F0439S,5,513,2
2025/06/21 19:05,05F0439S,05F0494S,31,208,27
2025/06/21 19:05,05F0439S,05F0494S,32,217,3
2025/06/21 19:05,05F0439S,05F0494S,41,0,0
2025/06/21 19:05,05F0439S,05F0494S,42,0,0
2025/06/21 19:05,05F0439S,05F0494S,5,199,1
2025/06/21 19:10,05F0000S,05F0055S,31,250,96
2025/06/21 19:10,05F0000S,05F0055S,32,258,22
2025/06/21 19:10,05F0000S,05F0055S,41,251,5
2025/06/21 19:10,05F0000S,05F0055S,42,0,0
2025/06/21 19:10,05F0000S,05F0055S,5,0,0
2025/06/21 19:10,05F0055S,05F0287S,31,1003,105
2025/06/21 19:10,05F0055S,05F0287S,32,1002,27
2025/06/21 19:10,05F0055S,05F0287S,41,1048,3
2025/06/21 19:10,05F0055S,05F0287S,42,0,0
2025/06/21 19:10,05F0055S,05F0287S,5,0,0
2025/06/21 19:10,05F0287S,05F0309S,31,86,79
2025/06/21 19:10,05F0287S,05F0309S,32,88,21
2025/06/21 19:10,05F0287S,05F0309S,41,95,3
2025/06/21 19:10,05F0287S,05F0309S,42,0,0
2025/06/21 19:10,05F0287S,05F0309S,5,0,0
2025/06/21 19:10,05F0309S,05F0439S,31,504,45
2025/06/21 19:10,05F0309S,05F0439S,32,510,18
2025/06/21 19:10,05F0309S,05F0439S,41,523,1
2025/06/21 19:10,05F0309S,05F0439S,42,537,1
2025/06/21 19:10,05F0309S,05F0439S,5,487,2
2025/06/21 19:10,05F0439S,05F0494S,31,211,21
2025/06/21 19:10,05F0439S,05F0494S,32,217,6
2025/06/21 19:10,05F0439S,05F0494S,41,0,0
2025/06/21 19:10,05F0439S,05F0494S,42,252,1
2025/06/21 19:10,05F0439S,05F0494S,5,0,0
2025/06/21 19:15,05F0000S,05F0055S,31,242,105
2025/06/21 19:15,05F0000S,05F0055S,32,241,18
2025/06/21 19:15,05F0000S,05F0055S,41,246,2
2025/06/21 19:15,05F0000S,05F0055S,42,0,0
2025/06/21 19:15,05F0000S,05F0055S,5,0,0
2025/06/21 19:15,05F0055S,05F0287S,31,1006,127
2025/06/21 19:15,05F0055S,05F0287S,32,995,31
2025/06/21 19:15,05F0055S,05F0287S,41,1029,4
2025/06/21 19:15,05F0055S,05F0287S,42,0,0
2025/06/21 19:15,05F0055S,05F0287S,5,0,0
2025/06/21 19:15,05F0287S,05F0309S,31,89,97
2025/06/21 19:15,05F0287S,05F0309S,32,86,23
2025/06/21 19:15,05F0287S,05F0309S,41,99,3
2025/06/21 19:15,05F0287S,05F0309S,42,0,0
2025/06/21 19:15,05F0287S,05F0309S,5,0,0
2025/06/21 19:15,05F0309S,05F0439S,31,488,46
2025/06/21 19:15,05F0309S,05F0439S,32,492,23
2025/06/21 19:15,05F0309S,05F0439S,41,500,3
2025/06/21 19:15,05F0309S,05F0439S,42,522,1
2025/06/21 19:15,05F0309S,05F0439S,5,519,3
2025/06/21 19:15,05F0439S,05F0494S,31,214,15
2025/06/21 19:15,05F0439S,05F0494S,32,219,6
2025/06/21 19:15,05F0439S,05F0494S,41,499,1
2025/06/21 19:15,05F0439S,05F0494S,42,214,1
2025/06/21 19:15,05F0439S,05F0494S,5,0,0
2025/06/21 19:20,05F0000S,05F0055S,31,249,92
2025/06/21 19:20,05F0000S,05F0055S,32,248,23
2025/06/21 19:20,05F0000S,05F0055S,41,256,5
2025/06/21 19:20,05F0000S,05F0055S,42,0,0
2025/06/21 19:20,05F0000S,05F0055S,5,0,0
2025/06/21 19:20,05F0055S,05F0287S,31,1030,103
2025/06/21 19:20,05F0055S,05F0287S,32,1009,21
2025/06/21 19:20,05F0055S,05F0287S,41,1039,6
2025/06/21 19:20,05F0055S,05F0287S,42,0,0
2025/06/21 19:20,05F0055S,05F0287S,5,0,0
2025/06/21 19:20,05F0287S,05F0309S,31,87,80
2025/06/21 19:20,05F0287S,05F0309S,32,87,16
2025/06/21 19:20,05F0287S,05F0309S,41,96,5
2025/06/21 19:20,05F0287S,05F0309S,42,0,0
2025/06/21 19:20,05F0287S,05F0309S,5,0,0
2025/06/21 19:20,05F0309S,05F0439S,31,491,56
2025/06/21 19:20,05F0309S,05F0439S,32,491,19
2025/06/21 19:20,05F0309S,05F0439S,41,536,1
2025/06/21 19:20,05F0309S,05F0439S,42,0,0
2025/06/21 19:20,05F0309S,05F0439S,5,0,0
2025/06/21 19:20,05F0439S,05F0494S,31,206,16
2025/06/21 19:20,05F0439S,05F0494S,32,204,12
2025/06/21 19:20,05F0439S,05F0494S,41,0,0
2025/06/21 19:20,05F0439S,05F0494S,42,0,0
2025/06/21 19:20,05F0439S,05F0494S,5,207,3
2025/06/21 19:25,05F0000S,05F0055S,31,245,88
2025/06/21 19:25,05F0000S,05F0055S,32,248,21
2025/06/21 19:25,05F0000S,05F0055S,41,260,6
2025/06/21 19:25,05F0000S,05F0055S,42,0,0
2025/06/21 19:25,05F0000S,05F0055S,5,0,0
2025/06/21 19:25,05F0055S,05F0287S,31,978,71
2025/06/21 19:25,05F0055S,05F0287S,32,987,19
2025/06/21 19:25,05F0055S,05F0287S,41,1031,3
2025/06/21 19:25,05F0055S,05F0287S,42,0,0
2025/06/21 19:25,05F0055S,05F0287S,5,0,0
2025/06/21 19:25,05F0287S,05F0309S,31,88,76
2025/06/21 19:25,05F0287S,05F0309S,32,89,16
2025/06/21 19:25,05F0287S,05F0309S,41,92,4
2025/06/21 19:25,05F0287S,05F0309S,42,0,0
2025/06/21 19:25,05F0287S,05F0309S,5,0,0
2025/06/21 19:25,05F0309S,05F0439S,31,508,83
2025/06/21 19:25,05F0309S,05F0439S,32,500,16
2025/06/21 19:25,05F0309S,05F0439S,41,541,2
2025/06/21 19:25,05F0309S,05F0439S,42,0,0
2025/06/21 19:25,05F0309S,05F0439S,5,470,1
2025/06/21 19:25,05F0439S,05F0494S,31,203,20
2025/06/21 19:25,05F0439S,05F0494S,32,205,8
2025/06/21 19:25,05F0439S,05F0494S,41,0,0
2025/06/21 19:25,05F0439S,05F0494S,42,0,0
2025/06/21 19:25,05F0439S,05F0494S,5,0,0
2025/06/21 19:30,05F0000S,05F0055S,31,246,100
2025/06/21 19:30,05F0000S,05F0055S,32,245,25
2025/06/21 19:30,05F0000S,05F0055S,41,250,3
2025/06/21 19:30,05F0000S,05F0055S,42,0,0
2025/06/21 19:30,05F0000S,05F0055S,5,0,0
2025/06/21 19:30,05F0055S,05F0287S,31,1038,140
2025/06/21 19:30,05F0055S,05F0287S,32,1053,27
2025/06/21 19:30,05F0055S,05F0287S,41,1058,4
2025/06/21 19:30,05F0055S,05F0287S,42,0,0
2025/06/21 19:30,05F0055S,05F0287S,5,0,0
2025/06/21 19:30,05F0287S,05F0309S,31,89,68
2025/06/21 19:30,05F0287S,05F0309S,32,95,18
2025/06/21 19:30,05F0287S,05F0309S,41,93,4
2025/06/21 19:30,05F0287S,05F0309S,42,0,0
2025/06/21 19:30,05F0287S,05F0309S,5,0,0
2025/06/21 19:30,05F0309S,05F0439S,31,487,47
2025/06/21 19:30,05F0309S,05F0439S,32,472,8
2025/06/21 19:30,05F0309S,05F0439S,41,535,3
2025/06/21 19:30,05F0309S,05F0439S,42,0,0
2025/06/21 19:30,05F0309S,05F0439S,5,0,0
2025/06/21 19:30,05F0439S,05F0494S,31,214,24
2025/06/21 19:30,05F0439S,05F0494S,32,211,4
2025/06/21 19:30,05F0439S,05F0494S,41,0,0
2025/06/21 19:30,05F0439S,05F0494S,42,0,0
2025/06/21 19:30,05F0439S,05F0494S,5,201,1
2025/06/21 19:35,05F0000S,05F0055S,31,239,85
2025/06/21 19:35,05F0000S,05F0055S,32,241,12
2025/06/21 19:35,05F0000S,05F0055S,41,241,5
2025/06/21 19:35,05F0000S,05F0055S,42,0,0
2025/06/21 19:35,05F0000S,05F0055S,5,0,0
2025/06/21 19:35,05F0055S,05F0287S,31,989,92
2025/06/21 19:35,05F0055S,05F0287S,32,987,17
2025/06/21 19:35,05F0055S,05F0287S,41,1011,5
2025/06/21 19:35,05F0055S,05F0287S,42,0,0
2025/06/21 19:35,05F0055S,05F0287S,5,0,0
2025/06/21 19:35,05F0287S,05F0309S,31,88,86
2025/06/21 19:35,05F0287S,05F0309S,32,88,15
2025/06/21 19:35,05F0287S,05F0309S,41,91,2
2025/06/21 19:35,05F0287S,05F0309S,42,0,0
2025/06/21 19:35,05F0287S,05F0309S,5,0,0
2025/06/21 19:35,05F0309S,05F0439S,31,488,48
2025/06/21 19:35,05F0309S,05F0439S,32,505,10
2025/06/21 19:35,05F0309S,05F0439S,41,535,1
2025/06/21 19:35,05F0309S,05F0439S,42,521,1
2025/06/21 19:35,05F0309S,05F0439S,5,550,1
2025/06/21 19:35,05F0439S,05F0494S,31,205,16
2025/06/21 19:35,05F0439S,05F0494S,32,222,3
2025/06/21 19:35,05F0439S,05F0494S,41,0,0
2025/06/21 19:35,05F0439S,05F0494S,42,0,0
2025/06/21 19:35,05F0439S,05F0494S,5,0,0
2025/06/21 19:40,05F0000S,05F0055S,31,239,74
2025/06/21 19:40,05F0000S,05F0055S,32,245,18
2025/06/21 19:40,05F0000S,05F0055S,41,248,3
2025/06/21 19:40,05F0000S,05F0055S,42,0,0
2025/06/21 19:40,05F0000S,05F0055S,5,0,0
2025/06/21 19:40,05F0055S,05F0287S,31,979,101
2025/06/21 19:40,05F0055S,05F0287S,32,978,26
2025/06/21 19:40,05F0055S,05F0287S,41,1025,5
2025/06/21 19:40,05F0055S,05F0287S,42,0,0
2025/06/21 19:40,05F0055S,05F0287S,5,0,0
2025/06/21 19:40,05F0287S,05F0309S,31,85,78
2025/06/21 19:40,05F0287S,05F0309S,32,87,22
2025/06/21 19:40,05F0287S,05F0309S,41,92,1
2025/06/21 19:40,05F0287S,05F0309S,42,0,0
2025/06/21 19:40,05F0287S,05F0309S,5,0,0
2025/06/21 19:40,05F0309S,05F0439S,31,492,65
2025/06/21 19:40,05F0309S,05F0439S,32,532,11
2025/06/21 19:40,05F0309S,05F0439S,41,537,3
2025/06/21 19:40,05F0309S,05F0439S,42,547,1
2025/06/21 19:40,05F0309S,05F0439S,5,529,1
2025/06/21 19:40,05F0439S,05F0494S,31,210,16
2025/06/21 19:40,05F0439S,05F0494S,32,219,5
2025/06/21 19:40,05F0439S,05F0494S,41,206,1
2025/06/21 19:40,05F0439S,05F0494S,42,0,0
2025/06/21 19:40,05F0439S,05F0494S,5,219,1
2025/06/21 19:45,05F0000S,05F0055S,31,242,92
2025/06/21 19:45,05F0000S,05F0055S,32,239,23
2025/06/21 19:45,05F0000S,05F0055S,41,243,6
2025/06/21 19:45,05F0000S,05F0055S,42,0,0
2025/06/21 19:45,05F0000S,05F0055S,5,0,0
2025/06/21 19:45,05F0055S,05F0287S,31,1003,102
2025/06/21 19:45,05F0055S,05F0287S,32,993,24
2025/06/21 19:45,05F0055S,05F0287S,41,1046,3
2025/06/21 19:45,05F0055S,05F0287S,42,0,0
2025/06/21 19:45,05F0055S,05F0287S,5,0,0
2025/06/21 19:45,05F0287S,05F0309S,31,86,68
2025/06/21 19:45,05F0287S,05F0309S,32,85,17
2025/06/21 19:45,05F0287S,05F0309S,41,90,6
2025/06/21 19:45,05F0287S,05F0309S,42,0,0
2025/06/21 19:45,05F0287S,05F0309S,5,0,0
2025/06/21 19:45,05F0309S,05F0439S,31,485,46
2025/06/21 19:45,05F0309S,05F0439S,32,490,10
2025/06/21 19:45,05F0309S,05F0439S,41,530,2
2025/06/21 19:45,05F0309S,05F0439S,42,0,0
2025/06/21 19:45,05F0309S,05F0439S,5,528,2
2025/06/21 19:45,05F0439S,05F0494S,31,196,30
2025/06/21 19:45,05F0439S,05F0494S,32,206,7
2025/06/21 19:45,05F0439S,05F0494S,41,0,0
2025/06/21 19:45,05F0439S,05F0494S,42,230,1
2025/06/21 19:45,05F0439S,05F0494S,5,0,0
2025/06/21 19:50,05F0000S,05F0055S,31,245,91
2025/06/21 19:50,05F0000S,05F0055S,32,248,20
2025/06/21 19:50,05F0000S,05F0055S,41,244,4
2025/06/21 19:50,05F0000S,05F0055S,42,0,0
2025/06/21 19:50,05F0000S,05F0055S,5,0,0
2025/06/21 19:50,05F0055S,05F0287S,31,982,103
2025/06/21 19:50,05F0055S,05F0287S,32,965,18
2025/06/21 19:50,05F0055S,05F0287S,41,1006,5
2025/06/21 19:50,05F0055S,05F0287S,42,0,0
2025/06/21 19:50,05F0055S,05F0287S,5,0,0
2025/06/21 19:50,05F0287S,05F0309S,31,87,72
2025/06/21 19:50,05F0287S,05F0309S,32,92,19
2025/06/21 19:50,05F0287S,05F0309S,41,97,2
2025/06/21 19:50,05F0287S,05F0309S,42,0,0
2025/06/21 19:50,05F0287S,05F0309S,5,0,0
2025/06/21 19:50,05F0309S,05F0439S,31,499,39
2025/06/21 19:50,05F0309S,05F0439S,32,494,18
2025/06/21 19:50,05F0309S,05F0439S,41,0,0
2025/06/21 19:50,05F0309S,05F0439S,42,0,0
2025/06/21 19:50,05F0309S,05F0439S,5,524,4
2025/06/21 19:50,05F0439S,05F0494S,31,208,19
2025/06/21 19:50,05F0439S,05F0494S,32,196,4
2025/06/21 19:50,05F0439S,05F0494S,41,0,0
2025/06/21 19:50,05F0439S,05F0494S,42,0,0
2025/06/21 19:50,05F0439S,05F0494S,5,222,2
2025/06/21 19:55,05F0000S,05F0055S,31,238,81
2025/06/21 19:55,05F0000S,05F0055S,32,235,10
2025/06/21 19:55,05F0000S,05F0055S,41,240,3
2025/06/21 19:55,05F0000S,05F0055S,42,0,0
2025/06/21 19:55,05F0000S,05F0055S,5,0,0
2025/06/21 19:55,05F0055S,05F0287S,31,979,87
2025/06/21 19:55,05F0055S,05F0287S,32,974,23
2025/06/21 19:55,05F0055S,05F0287S,41,1017,3
2025/06/21 19:55,05F0055S,05F0287S,42,0,0
2025/06/21 19:55,05F0055S,05F0287S,5,0,0
2025/06/21 19:55,05F0287S,05F0309S,31,86,55
2025/06/21 19:55,05F0287S,05F0309S,32,86,13
2025/06/21 19:55,05F0287S,05F0309S,41,93,4
2025/06/21 19:55,05F0287S,05F0309S,42,0,0
2025/06/21 19:55,05F0287S,05F0309S,5,0,0
2025/06/21 19:55,05F0309S,05F0439S,31,487,53
2025/06/21 19:55,05F0309S,05F0439S,32,469,8
2025/06/21 19:55,05F0309S,05F0439S,41,532,3
2025/06/21 19:55,05F0309S,05F0439S,42,0,0
2025/06/21 19:55,05F0309S,05F0439S,5,0,0
2025/06/21 19:55,05F0439S,05F0494S,31,204,13
2025/06/21 19:55,05F0439S,05F0494S,32,204,7
2025/06/21 19:55,05F0439S,05F0494S,41,0,0
2025/06/21 19:55,05F0439S,05F0494S,42,0,0
2025/06/21 19:55,05F0439S,05F0494S,5,216,2
2025/06/21 20:00,05F0000S,05F0055S,31,243,74
2025/06/21 20:00,05F0000S,05F0055S,32,240,22
2025/06/21 20:00,05F0000S,05F0055S,41,240,6
2025/06/21 20:00,05F0000S,05F0055S,42,0,0
2025/06/21 20:00,05F0000S,05F0055S,5,0,0
2025/06/21 20:00,05F0055S,05F0287S,31,979,103
2025/06/21 20:00,05F0055S,05F0287S,32,987,24
2025/06/21 20:00,05F0055S,05F0287S,41,1003,5
2025/06/21 20:00,05F0055S,05F0287S,42,0,0
2025/06/21 20:00,05F0055S,05F0287S,5,0,0
2025/06/21 20:00,05F0287S,05F0309S,31,86,65
2025/06/21 20:00,05F0287S,05F0309S,32,87,16
2025/06/21 20:00,05F0287S,05F0309S,41,92,5
2025/06/21 20:00,05F0287S,05F0309S,42,0,0
2025/06/21 20:00,05F0287S,05F0309S,5,0,0
2025/06/21 20:00,05F0309S,05F0439S,31,494,48
2025/06/21 20:00,05F0309S,05F0439S,32,475,8
2025/06/21 20:00,05F0309S,05F0439S,41,553,3
2025/06/21 20:00,05F0309S,05F0439S,42,521,1
2025/06/21 20:00,05F0309S,05F0439S,5,0,0
2025/06/21 20:00,05F0439S,05F0494S,31,205,22
2025/06/21 20:00,05F0439S,05F0494S,32,186,2
2025/06/21 20:00,05F0439S,05F0494S,41,0,0
2025/06/21 20:00,05F0439S,05F0494S,42,217,1
2025/06/21 20:00,05F0439S,05F0494S,5,0,0
2025/06/21 20:05,05F0000S,05F0055S,31,242,83
2025/06/21 20:05,05F0000S,05F0055S,32,246,22
2025/06/21 20:05,05F0000S,05F0055S,41,0,0
2025/06/21 20:05,05F0000S,05F0055S,42,0,0
2025/06/21 20:05,05F0000S,05F0055S,5,0,0
2025/06/21 20:05,05F0055S,05F0287S,31,973,83
2025/06/21 20:05,05F0055S,05F0287S,32,980,18
2025/06/21 20:05,05F0055S,05F0287S,41,985,5
2025/06/21 20:05,05F0055S,05F0287S,42,0,0
2025/06/21 20:05,05F0055S,05F0287S,5,0,0
2025/06/21 20:05,05F0287S,05F0309S,31,85,82
2025/06/21 20:05,05F0287S,05F0309S,32,86,17
2025/06/21 20:05,05F0287S,05F0309S,41,91,3
2025/06/21 20:05,05F0287S,05F0309S,42,0,0
2025/06/21 20:05,05F0287S,05F0309S,5,0,0
2025/06/21 20:05,05F0309S,05F0439S,31,489,32
2025/06/21 20:05,05F0309S,05F0439S,32,483,8
2025/06/21 20:05,05F0309S,05F0439S,41,530,1
2025/06/21 20:05,05F0309S,05F0439S,42,0,0
2025/06/21 20:05,05F0309S,05F0439S,5,0,0
2025/06/21 20:05,05F0439S,05F0494S,31,203,16
2025/06/21 20:05,05F0439S,05F0494S,32,217,3
2025/06/21 20:05,05F0439S,05F0494S,41,0,0
2025/06/21 20:05,05F0439S,05F0494S,42,0,0
2025/06/21 20:05,05F0439S,05F0494S,5,0,0
2025/06/21 20:10,05F0000S,05F0055S,31,244,90
2025/06/21 20:10,05F0000S,05F0055S,32,258,23
2025/06/21 20:10,05F0000S,05F0055S,41,249,7
2025/06/21 20:10,05F0000S,05F0055S,42,0,0
2025/06/21 20:10,05F0000S,05F0055S,5,0,0
2025/06/21 20:10,05F0055S,05F0287S,31,985,99
2025/06/21 20:10,05F0055S,05F0287S,32,980,16
2025/06/21 20:10,05F0055S,05F0287S,41,1039,3
2025/06/21 20:10,05F0055S,05F0287S,42,0,0
2025/06/21 20:10,05F0055S,05F0287S,5,0,0
2025/06/21 20:10,05F0287S,05F0309S,31,86,68
2025/06/21 20:10,05F0287S,05F0309S,32,84,18
2025/06/21 20:10,05F0287S,05F0309S,41,0,0
2025/06/21 20:10,05F0287S,05F0309S,42,0,0
2025/06/21 20:10,05F0287S,05F0309S,5,0,0
2025/06/21 20:10,05F0309S,05F0439S,31,488,54
2025/06/21 20:10,05F0309S,05F0439S,32,502,10
2025/06/21 20:10,05F0309S,05F0439S,41,546,3
2025/06/21 20:10,05F0309S,05F0439S,42,0,0
2025/06/21 20:10,05F0309S,05F0439S,5,0,0
2025/06/21 20:10,05F0439S,05F0494S,31,207,13
2025/06/21 20:10,05F0439S,05F0494S,32,226,4
2025/06/21 20:10,05F0439S,05F0494S,41,0,0
2025/06/21 20:10,05F0439S,05F0494S,42,0,0
2025/06/21 20:10,05F0439S,05F0494S,5,0,0
2025/06/21 20:15,05F0000S,05F0055S,31,248,88
2025/06/21 20:15,05F0000S,05F0055S,32,254,21
2025/06/21 20:15,05F0000S,05F0055S,41,240,2
2025/06/21 20:15,05F0000S,05F0055S,42,0,0
2025/06/21 20:15,05F0000S,05F0055S,5,0,0
2025/06/21 20:15,05F0055S,05F0287S,31,965,81
2025/06/21 20:15,05F0055S,05F0287S,32,959,23
2025/06/21 20:15,05F0055S,05F0287S,41,993,4
2025/06/21 20:15,05F0055S,05F0287S,42,0,0
2025/06/21 20:15,05F0055S,05F0287S,5,0,0
2025/06/21 20:15,05F0287S,05F0309S,31,87,60
2025/06/21 20:15,05F0287S,05F0309S,32,84,13
2025/06/21 20:15,05F0287S,05F0309S,41,92,6
2025/06/21 20:15,05F0287S,05F0309S,42,0,0
2025/06/21 20:15,05F0287S,05F0309S,5,0,0
2025/06/21 20:15,05F0309S,05F0439S,31,480,49
2025/06/21 20:15,05F0309S,05F0439S,32,473,14
2025/06/21 20:15,05F0309S,05F0439S,41,532,2
2025/06/21 20:15,05F0309S,05F0439S,42,551,1
2025/06/21 20:15,05F0309S,05F0439S,5,487,1
2025/06/21 20:15,05F0439S,05F0494S,31,197,14
2025/06/21 20:15,05F0439S,05F0494S,32,195,3
2025/06/21 20:15,05F0439S,05F0494S,41,0,0
2025/06/21 20:15,05F0439S,05F0494S,42,222,1
2025/06/21 20:15,05F0439S,05F0494S,5,0,0
2025/06/21 20:20,05F0000S,05F0055S,31,242,76
2025/06/21 20:20,05F0000S,05F0055S,32,245,22
2025/06/21 20:20,05F0000S,05F0055S,41,243,3
2025/06/21 20:20,05F0000S,05F0055S,42,236,1
2025/06/21 20:20,05F0000S,05F0055S,5,0,0
2025/06/21 20:20,05F0055S,05F0287S,31,959,74
2025/06/21 20:20,05F0055S,05F0287S,32,957,20
2025/06/21 20:20,05F0055S,05F0287S,41,1046,3
2025/06/21 20:20,05F0055S,05F0287S,42,0,0
2025/06/21 20:20,05F0055S,05F0287S,5,0,0
2025/06/21 20:20,05F0287S,05F0309S,31,86,75
2025/06/21 20:20,05F0287S,05F0309S,32,85,19
2025/06/21 20:20,05F0287S,05F0309S,41,91,3
2025/06/21 20:20,05F0287S,05F0309S,42,0,0
2025/06/21 20:20,05F0287S,05F0309S,5,0,0
2025/06/21 20:20,05F0309S,05F0439S,31,484,42
2025/06/21 20:20,05F0309S,05F0439S,32,469,5
2025/06/21 20:20,05F0309S,05F0439S,41,509,2
2025/06/21 20:20,05F0309S,05F0439S,42,0,0
2025/06/21 20:20,05F0309S,05F0439S,5,0,0
2025/06/21 20:20,05F0439S,05F0494S,31,210,18
2025/06/21 20:20,05F0439S,05F0494S,32,211,2
2025/06/21 20:20,05F0439S,05F0494S,41,0,0
2025/06/21 20:20,05F0439S,05F0494S,42,0,0
2025/06/21 20:20,05F0439S,05F0494S,5,0,0
2025/06/21 20:25,05F0000S,05F0055S,31,251,95
2025/06/21 20:25,05F0000S,05F0055S,32,250,23
2025/06/21 20:25,05F0000S,05F0055S,41,239,3
2025/06/21 20:25,05F0000S,05F0055S,42,0,0
2025/06/21 20:25,05F0000S,05F0055S,5,0,0
2025/06/21 20:25,05F0055S,05F0287S,31,997,80
2025/06/21 20:25,05F0055S,05F0287S,32,987,21
2025/06/21 20:25,05F0055S,05F0287S,41,1055,4
2025/06/21 20:25,05F0055S,05F0287S,42,0,0
2025/06/21 20:25,05F0055S,05F0287S,5,0,0
2025/06/21 20:25,05F0287S,05F0309S,31,84,62
2025/06/21 20:25,05F0287S,05F0309S,32,86,13
2025/06/21 20:25,05F0287S,05F0309S,41,94,2
2025/06/21 20:25,05F0287S,05F0309S,42,0,0
2025/06/21 20:25,05F0287S,05F0309S,5,0,0
2025/06/21 20:25,05F0309S,05F0439S,31,501,42
2025/06/21 20:25,05F0309S,05F0439S,32,480,10
2025/06/21 20:25,05F0309S,05F0439S,41,528,3
2025/06/21 20:25,05F0309S,05F0439S,42,0,0
2025/06/21 20:25,05F0309S,05F0439S,5,0,0
2025/06/21 20:25,05F0439S,05F0494S,31,204,13
2025/06/21 20:25,05F0439S,05F0494S,32,218,2
2025/06/21 20:25,05F0439S,05F0494S,41,0,0
2025/06/21 20:25,05F0439S,05F0494S,42,0,0
2025/06/21 20:25,05F0439S,05F0494S,5,0,0
2025/06/21 20:30,05F0000S,05F0055S,31,245,97
2025/06/21 20:30,05F0000S,05F0055S,32,246,22
2025/06/21 20:30,05F0000S,05F0055S,41,247,7
2025/06/21 20:30,05F0000S,05F0055S,42,0,0
2025/06/21 20:30,05F0000S,05F0055S,5,0,0
2025/06/21 20:30,05F0055S,05F0287S,31,988,101
2025/06/21 20:30,05F0055S,05F0287S,32,987,22
2025/06/21 20:30,05F0055S,05F0287S,41,1022,5
2025/06/21 20:30,05F0055S,05F0287S,42,0,0
2025/06/21 20:30,05F0055S,05F0287S,5,0,0
2025/06/21 20:30,05F0287S,05F0309S,31,85,63
2025/06/21 20:30,05F0287S,05F0309S,32,86,14
2025/06/21 20:30,05F0287S,05F0309S,41,93,4
2025/06/21 20:30,05F0287S,05F0309S,42,0,0
2025/06/21 20:30,05F0287S,05F0309S,5,0,0
2025/06/21 20:30,05F0309S,05F0439S,31,480,43
2025/06/21 20:30,05F0309S,05F0439S,32,498,8
2025/06/21 20:30,05F0309S,05F0439S,41,476,1
2025/06/21 20:30,05F0309S,05F0439S,42,515,1
2025/06/21 20:30,05F0309S,05F0439S,5,0,0
2025/06/21 20:30,05F0439S,05F0494S,31,209,14
2025/06/21 20:30,05F0439S,05F0494S,32,295,1
2025/06/21 20:30,05F0439S,05F0494S,41,0,0
2025/06/21 20:30,05F0439S,05F0494S,42,0,0
2025/06/21 20:30,05F0439S,05F0494S,5,0,0
2025/06/21 20:35,05F0000S,05F0055S,31,239,86
2025/06/21 20:35,05F0000S,05F0055S,32,240,18
2025/06/21 20:35,05F0000S,05F0055S,41,250,2
2025/06/21 20:35,05F0000S,05F0055S,42,0,0
2025/06/21 20:35,05F0000S,05F0055S,5,0,0
2025/06/21 20:35,05F0055S,05F0287S,31,1003,97
2025/06/21 20:35,05F0055S,05F0287S,32,1027,27
2025/06/21 20:35,05F0055S,05F0287S,41,1031,3
2025/06/21 20:35,05F0055S,05F0287S,42,0,0
2025/06/21 20:35,05F0055S,05F0287S,5,0,0
2025/06/21 20:35,05F0287S,05F0309S,31,85,80
2025/06/21 20:35,05F0287S,05F0309S,32,89,27
2025/06/21 20:35,05F0287S,05F0309S,41,85,1
2025/06/21 20:35,05F0287S,05F0309S,42,0,0
2025/06/21 20:35,05F0287S,05F0309S,5,0,0
2025/06/21 20:35,05F0309S,05F0439S,31,484,52
2025/06/21 20:35,05F0309S,05F0439S,32,510,9
2025/06/21 20:35,05F0309S,05F0439S,41,526,3
2025/06/21 20:35,05F0309S,05F0439S,42,600,1
2025/06/21 20:35,05F0309S,05F0439S,5,531,1
2025/06/21 20:35,05F0439S,05F0494S,31,198,18
2025/06/21 20:35,05F0439S,05F0494S,32,196,4
2025/06/21 20:35,05F0439S,05F0494S,41,0,0
2025/06/21 20:35,05F0439S,05F0494S,42,216,1
2025/06/21 20:35,05F0439S,05F0494S,5,0,0
2025/06/21 20:40,05F0000S,05F0055S,31,245,72
2025/06/21 20:40,05F0000S,05F0055S,32,255,15
2025/06/21 20:40,05F0000S,05F0055S,41,240,6
2025/06/21 20:40,05F0000S,05F0055S,42,0,0
2025/06/21 20:40,05F0000S,05F0055S,5,0,0
2025/06/21 20:40,05F0055S,05F0287S,31,995,79
2025/06/21 20:40,05F0055S,05F0287S,32,990,19
2025/06/21 20:40,05F0055S,05F0287S,41,978,3
2025/06/21 20:40,05F0055S,05F0287S,42,0,0
2025/06/21 20:40,05F0055S,05F0287S,5,0,0
2025/06/21 20:40,05F0287S,05F0309S,31,85,54
2025/06/21 20:40,05F0287S,05F0309S,32,87,12
2025/06/21 20:40,05F0287S,05F0309S,41,91,5
2025/06/21 20:40,05F0287S,05F0309S,42,0,0
2025/06/21 20:40,05F0287S,05F0309S,5,0,0
2025/06/21 20:40,05F0309S,05F0439S,31,490,49
2025/06/21 20:40,05F0309S,05F0439S,32,480,11
2025/06/21 20:40,05F0309S,05F0439S,41,529,1
2025/06/21 20:40,05F0309S,05F0439S,42,0,0
2025/06/21 20:40,05F0309S,05F0439S,5,0,0
2025/06/21 20:40,05F0439S,05F0494S,31,206,20
2025/06/21 20:40,05F0439S,05F0494S,32,211,4
2025/06/21 20:40,05F0439S,05F0494S,41,0,0
2025/06/21 20:40,05F0439S,05F0494S,42,0,0
2025/06/21 20:40,05F0439S,05F0494S,5,224,1
2025/06/21 20:45,05F0000S,05F0055S,31,243,87
2025/06/21 20:45,05F0000S,05F0055S,32,244,19
2025/06/21 20:45,05F0000S,05F0055S,41,249,4
2025/06/21 20:45,05F0000S,05F0055S,42,0,0
2025/06/21 20:45,05F0000S,05F0055S,5,0,0
2025/06/21 20:45,05F0055S,05F0287S,31,997,104
2025/06/21 20:45,05F0055S,05F0287S,32,1004,23
2025/06/21 20:45,05F0055S,05F0287S,41,990,3
2025/06/21 20:45,05F0055S,05F0287S,42,0,0
2025/06/21 20:45,05F0055S,05F0287S,5,0,0
2025/06/21 20:45,05F0287S,05F0309S,31,88,71
2025/06/21 20:45,05F0287S,05F0309S,32,88,18
2025/06/21 20:45,05F0287S,05F0309S,41,92,4
2025/06/21 20:45,05F0287S,05F0309S,42,0,0
2025/06/21 20:45,05F0287S,05F0309S,5,0,0
2025/06/21 20:45,05F0309S,05F0439S,31,488,67
2025/06/21 20:45,05F0309S,05F0439S,32,501,17
2025/06/21 20:45,05F0309S,05F0439S,41,518,2
2025/06/21 20:45,05F0309S,05F0439S,42,502,1
2025/06/21 20:45,05F0309S,05F0439S,5,583,1
2025/06/21 20:45,05F0439S,05F0494S,31,212,15
2025/06/21 20:45,05F0439S,05F0494S,32,204,4
2025/06/21 20:45,05F0439S,05F0494S,41,0,0
2025/06/21 20:45,05F0439S,05F0494S,42,0,0
2025/06/21 20:45,05F0439S,05F0494S,5,0,0
2025/06/21 20:50,05F0000S,05F0055S,31,236,83
2025/06/21 20:50,05F0000S,05F0055S,32,243,19
2025/06/21 20:50,05F0000S,05F0055S,41,238,3
2025/06/21 20:50,05F0000S,05F0055S,42,0,0
2025/06/21 20:50,05F0000S,05F0055S,5,0,0
2025/06/21 20:50,05F0055S,05F0287S,31,968,106
2025/06/21 20:50,05F0055S,05F0287S,32,972,27
2025/06/21 20:50,05F0055S,05F0287S,41,1017,6
2025/06/21 20:50,05F0055S,05F0287S,42,0,0
2025/06/21 20:50,05F0055S,05F0287S,5,0,0
2025/06/21 20:50,05F0287S,05F0309S,31,87,93
2025/06/21 20:50,05F0287S,05F0309S,32,89,18
2025/06/21 20:50,05F0287S,05F0309S,41,93,4
2025/06/21 20:50,05F0287S,05F0309S,42,0,0
2025/06/21 20:50,05F0287S,05F0309S,5,0,0
2025/06/21 20:50,05F0309S,05F0439S,31,478,43
2025/06/21 20:50,05F0309S,05F0439S,32,463,13
2025/06/21 20:50,05F0309S,05F0439S,41,539,1
2025/06/21 20:50,05F0309S,05F0439S,42,524,1
2025/06/21 20:50,05F0309S,05F0439S,5,520,1
2025/06/21 20:50,05F0439S,05F0494S,31,211,15
2025/06/21 20:50,05F0439S,05F0494S,32,221,6
2025/06/21 20:50,05F0439S,05F0494S,41,0,0
2025/06/21 20:50,05F0439S,05F0494S,42,202,1
2025/06/21 20:50,05F0439S,05F0494S,5,222,2
2025/06/21 20:55,05F0000S,05F0055S,31,247,83
2025/06/21 20:55,05F0000S,05F0055S,32,248,17
2025/06/21 20:55,05F0000S,05F0055S,41,251,4
2025/06/21 20:55,05F0000S,05F0055S,42,0,0
2025/06/21 20:55,05F0000S,05F0055S,5,0,0
2025/06/21 20:55,05F0055S,05F0287S,31,978,66
2025/06/21 20:55,05F0055S,05F0287S,32,995,10
2025/06/21 20:55,05F0055S,05F0287S,41,993,6
2025/06/21 20:55,05F0055S,05F0287S,42,0,0
2025/06/21 20:55,05F0055S,05F0287S,5,0,0
2025/06/21 20:55,05F0287S,05F0309S,31,86,58
2025/06/21 20:55,05F0287S,05F0309S,32,85,8
2025/06/21 20:55,05F0287S,05F0309S,41,93,3
2025/06/21 20:55,05F0287S,05F0309S,42,0,0
2025/06/21 20:55,05F0287S,05F0309S,5,0,0
2025/06/21 20:55,05F0309S,05F0439S,31,487,59
2025/06/21 20:55,05F0309S,05F0439S,32,491,12
2025/06/21 20:55,05F0309S,05F0439S,41,512,4
2025/06/21 20:55,05F0309S,05F0439S,42,451,1
2025/06/21 20:55,05F0309S,05F0439S,5,549,1
2025/06/21 20:55,05F0439S,05F0494S,31,212,11
2025/06/21 20:55,05F0439S,05F0494S,32,209,11
2025/06/21 20:55,05F0439S,05F0494S,41,0,0
2025/06/21 20:55,05F0439S,05F0494S,42,218,1
2025/06/21 20:55,05F0439S,05F0494S,5,0,0
2025/06/21 21:00,05F0000S,05F0055S,31,243,79
2025/06/21 21:00,05F0000S,05F0055S,32,244,23
2025/06/21 21:00,05F0000S,05F0055S,41,247,3
2025/06/21 21:00,05F0000S,05F0055S,42,0,0
2025/06/21 21:00,05F0000S,05F0055S,5,0,0
2025/06/21 21:00,05F0055S,05F0287S,31,981,101
2025/06/21 21:00,05F0055S,05F0287S,32,983,18
2025/06/21 21:00,05F0055S,05F0287S,41,0,0
2025/06/21 21:00,05F0055S,05F0287S,42,0,0
2025/06/21 21:00,05F0055S,05F0287S,5,0,0
2025/06/21 21:00,05F0287S,05F0309S,31,85,82
2025/06/21 21:00,05F0287S,05F0309S,32,90,11
2025/06/21 21:00,05F0287S,05F0309S,41,86,4
2025/06/21 21:00,05F0287S,05F0309S,42,0,0
2025/06/21 21:00,05F0287S,05F0309S,5,0,0
2025/06/21 21:00,05F0309S,05F0439S,31,489,60
2025/06/21 21:00,05F0309S,05F0439S,32,481,10
2025/06/21 21:00,05F0309S,05F0439S,41,537,2
2025/06/21 21:00,05F0309S,05F0439S,42,0,0
2025/06/21 21:00,05F0309S,05F0439S,5,544,1
2025/06/21 21:00,05F0439S,05F0494S,31,214,16
2025/06/21 21:00,05F0439S,05F0494S,32,205,5
2025/06/21 21:00,05F0439S,05F0494S,41,0,0
2025/06/21 21:00,05F0439S,05F0494S,42,0,0
2025/06/21 21:00,05F0439S,05F0494S,5,0,0
2025/06/21 21:05,05F0000S,05F0055S,31,246,75
2025/06/21 21:05,05F0000S,05F0055S,32,248,20
2025/06/21 21:05,05F0000S,05F0055S,41,249,5
2025/06/21 21:05,05F0000S,05F0055S,42,0,0
2025/06/21 21:05,05F0000S,05F0055S,5,0,0
2025/06/21 21:05,05F0055S,05F0287S,31,962,86
2025/06/21 21:05,05F0055S,05F0287S,32,970,22
2025/06/21 21:05,05F0055S,05F0287S,41,1050,7
2025/06/21 21:05,05F0055S,05F0287S,42,0,0
2025/06/21 21:05,05F0055S,05F0287S,5,0,0
2025/06/21 21:05,05F0287S,05F0309S,31,87,58
2025/06/21 21:05,05F0287S,05F0309S,32,88,15
2025/06/21 21:05,05F0287S,05F0309S,41,94,4
2025/06/21 21:05,05F0287S,05F0309S,42,0,0
2025/06/21 21:05,05F0287S,05F0309S,5,0,0
2025/06/21 21:05,05F0309S,05F0439S,31,496,39
2025/06/21 21:05,05F0309S,05F0439S,32,531,5
2025/06/21 21:05,05F0309S,05F0439S,41,536,4
2025/06/21 21:05,05F0309S,05F0439S,42,0,0
2025/06/21 21:05,05F0309S,05F0439S,5,0,0
2025/06/21 21:05,05F0439S,05F0494S,31,218,13
2025/06/21 21:05,05F0439S,05F0494S,32,192,3
2025/06/21 21:05,05F0439S,05F0494S,41,0,0
2025/06/21 21:05,05F0439S,05F0494S,42,0,0
2025/06/21 21:05,05F0439S,05F0494S,5,0,0
2025/06/21 21:10,05F0000S,05F0055S,31,239,66
2025/06/21 21:10,05F0000S,05F0055S,32,242,19
2025/06/21 21:10,05F0000S,05F0055S,41,244,7
2025/06/21 21:10,05F0000S,05F0055S,42,0,0
2025/06/21 21:10,05F0000S,05F0055S,5,0,0
2025/06/21 21:10,05F0055S,05F0287S,31,952,76
2025/06/21 21:10,05F0055S,05F0287S,32,959,20
2025/06/21 21:10,05F0055S,05F0287S,41,1013,3
2025/06/21 21:10,05F0055S,05F0287S,42,0,0
2025/06/21 21:10,05F0055S,05F0287S,5,0,0
2025/06/21 21:10,05F0287S,05F0309S,31,86,68
2025/06/21 21:10,05F0287S,05F0309S,32,87,20
2025/06/21 21:10,05F0287S,05F0309S,41,90,2
2025/06/21 21:10,05F0287S,05F0309S,42,0,0
2025/06/21 21:10,05F0287S,05F0309S,5,0,0
2025/06/21 21:10,05F0309S,05F0439S,31,479,52
2025/06/21 21:10,05F0309S,05F0439S,32,489,7
2025/06/21 21:10,05F0309S,05F0439S,41,553,1
2025/06/21 21:10,05F0309S,05F0439S,42,455,1
2025/06/21 21:10,05F0309S,05F0439S,5,0,0
2025/06/21 21:10,05F0439S,05F0494S,31,203,20
2025/06/21 21:10,05F0439S,05F0494S,32,223,4
2025/06/21 21:10,05F0439S,05F0494S,41,0,0
2025/06/21 21:10,05F0439S,05F0494S,42,0,0
2025/06/21 21:10,05F0439S,05F0494S,5,0,0
2025/06/21 21:15,05F0000S,05F0055S,31,243,82
2025/06/21 21:15,05F0000S,05F0055S,32,241,20
2025/06/21 21:15,05F0000S,05F0055S,41,242,2
2025/06/21 21:15,05F0000S,05F0055S,42,0,0
2025/06/21 21:15,05F0000S,05F0055S,5,0,0
2025/06/21 21:15,05F0055S,05F0287S,31,973,76
2025/06/21 21:15,05F0055S,05F0287S,32,969,18
2025/06/21 21:15,05F0055S,05F0287S,41,978,3
2025/06/21 21:15,05F0055S,05F0287S,42,0,0
2025/06/21 21:15,05F0055S,05F0287S,5,0,0
2025/06/21 21:15,05F0287S,05F0309S,31,87,55
2025/06/21 21:15,05F0287S,05F0309S,32,84,12
2025/06/21 21:15,05F0287S,05F0309S,41,92,3
2025/06/21 21:15,05F0287S,05F0309S,42,0,0
2025/06/21 21:15,05F0287S,05F0309S,5,0,0
2025/06/21 21:15,05F0309S,05F0439S,31,482,43
2025/06/21 21:15,05F0309S,05F0439S,32,496,8
2025/06/21 21:15,05F0309S,05F0439S,41,525,2
2025/06/21 21:15,05F0309S,05F0439S,42,0,0
2025/06/21 21:15,05F0309S,05F0439S,5,0,0
2025/06/21 21:15,05F0439S,05F0494S,31,211,10
2025/06/21 21:15,05F0439S,05F0494S,32,211,6
2025/06/21 21:15,05F0439S,05F0494S,41,0,0
2025/06/21 21:15,05F0439S,05F0494S,42,0,0
2025/06/21 21:15,05F0439S,05F0494S,5,0,0
2025/06/21 21:20,05F0000S,05F0055S,31,243,86
2025/06/21 21:20,05F0000S,05F0055S,32,242,12
2025/06/21 21:20,05F0000S,05F0055S,41,232,2
2025/06/21 21:20,05F0000S,05F0055S,42,0,0
2025/06/21 21:20,05F0000S,05F0055S,5,0,0
2025/06/21 21:20,05F0055S,05F0287S,31,995,89
2025/06/21 21:20,05F0055S,05F0287S,32,996,27
2025/06/21 21:20,05F0055S,05F0287S,41,1033,4
2025/06/21 21:20,05F0055S,05F0287S,42,0,0
2025/06/21 21:20,05F0055S,05F0287S,5,0,0
2025/06/21 21:20,05F0287S,05F0309S,31,85,63
2025/06/21 21:20,05F0287S,05F0309S,32,88,17
2025/06/21 21:20,05F0287S,05F0309S,41,95,2
2025/06/21 21:20,05F0287S,05F0309S,42,0,0
2025/06/21 21:20,05F0287S,05F0309S,5,0,0
2025/06/21 21:20,05F0309S,05F0439S,31,496,33
2025/06/21 21:20,05F0309S,05F0439S,32,506,11
2025/06/21 21:20,05F0309S,05F0439S,41,511,2
2025/06/21 21:20,05F0309S,05F0439S,42,0,0
2025/06/21 21:20,05F0309S,05F0439S,5,0,0
2025/06/21 21:20,05F0439S,05F0494S,31,201,20
2025/06/21 21:20,05F0439S,05F0494S,32,230,1
2025/06/21 21:20,05F0439S,05F0494S,41,0,0
2025/06/21 21:20,05F0439S,05F0494S,42,0,0
2025/06/21 21:20,05F0439S,05F0494S,5,0,0
2025/06/21 21:25,05F0000S,05F0055S,31,240,92
2025/06/21 21:25,05F0000S,05F0055S,32,239,14
2025/06/21 21:25,05F0000S,05F0055S,41,239,6
2025/06/21 21:25,05F0000S,05F0055S,42,0,0
2025/06/21 21:25,05F0000S,05F0055S,5,0,0
2025/06/21 21:25,05F0055S,05F0287S,31,974,70
2025/06/21 21:25,05F0055S,05F0287S,32,977,16
2025/06/21 21:25,05F0055S,05F0287S,41,1027,6
2025/06/21 21:25,05F0055S,05F0287S,42,0,0
2025/06/21 21:25,05F0055S,05F0287S,5,0,0
2025/06/21 21:25,05F0287S,05F0309S,31,86,60
2025/06/21 21:25,05F0287S,05F0309S,32,86,17
2025/06/21 21:25,05F0287S,05F0309S,41,91,8
2025/06/21 21:25,05F0287S,05F0309S,42,0,0
2025/06/21 21:25,05F0287S,05F0309S,5,0,0
2025/06/21 21:25,05F0309S,05F0439S,31,489,48
2025/06/21 21:25,05F0309S,05F0439S,32,473,11
2025/06/21 21:25,05F0309S,05F0439S,41,518,1
2025/06/21 21:25,05F0309S,05F0439S,42,496,1
2025/06/21 21:25,05F0309S,05F0439S,5,551,1
2025/06/21 21:25,05F0439S,05F0494S,31,206,12
2025/06/21 21:25,05F0439S,05F0494S,32,208,2
2025/06/21 21:25,05F0439S,05F0494S,41,0,0
2025/06/21 21:25,05F0439S,05F0494S,42,0,0
2025/06/21 21:25,05F0439S,05F0494S,5,233,1
2025/06/21 21:30,05F0000S,05F0055S,31,238,72
2025/06/21 21:30,05F0000S,05F0055S,32,242,14
2025/06/21 21:30,05F0000S,05F0055S,41,237,3
2025/06/21 21:30,05F0000S,05F0055S,42,0,0
2025/06/21 21:30,05F0000S,05F0055S,5,0,0
2025/06/21 21:30,05F0055S,05F0287S,31,978,72
2025/06/21 21:30,05F0055S,05F0287S,32,965,19
2025/06/21 21:30,05F0055S,05F0287S,41,1024,5
2025/06/21 21:30,05F0055S,05F0287S,42,0,0
2025/06/21 21:30,05F0055S,05F0287S,5,0,0
2025/06/21 21:30,05F0287S,05F0309S,31,84,60
2025/06/21 21:30,05F0287S,05F0309S,32,85,14
2025/06/21 21:30,05F0287S,05F0309S,41,93,2
2025/06/21 21:30,05F0287S,05F0309S,42,0,0
2025/06/21 21:30,05F0287S,05F0309S,5,0,0
2025/06/21 21:30,05F0309S,05F0439S,31,476,48
2025/06/21 21:30,05F0309S,05F0439S,32,481,18
2025/06/21 21:30,05F0309S,05F0439S,41,523,3
2025/06/21 21:30,05F0309S,05F0439S,42,0,0
2025/06/21 21:30,05F0309S,05F0439S,5,0,0
2025/06/21 21:30,05F0439S,05F0494S,31,210,25
2025/06/21 21:30,05F0439S,05F0494S,32,209,4
2025/06/21 21:30,05F0439S,05F0494S,41,0,0
2025/06/21 21:30,05F0439S,05F0494S,42,0,0
2025/06/21 21:30,05F0439S,05F0494S,5,0,0
2025/06/21 21:35,05F0000S,05F0055S,31,240,74
2025/06/21 21:35,05F0000S,05F0055S,32,238,18
2025/06/21 21:35,05F0000S,05F0055S,41,245,4
2025/06/21 21:35,05F0000S,05F0055S,42,272,1
2025/06/21 21:35,05F0000S,05F0055S,5,0,0
2025/06/21 21:35,05F0055S,05F0287S,31,969,85
2025/06/21 21:35,05F0055S,05F0287S,32,965,16
2025/06/21 21:35,05F0055S,05F0287S,41,954,1
2025/06/21 21:35,05F0055S,05F0287S,42,0,0
2025/06/21 21:35,05F0055S,05F0287S,5,0,0
2025/06/21 21:35,05F0287S,05F0309S,31,86,61
2025/06/21 21:35,05F0287S,05F0309S,32,87,15
2025/06/21 21:35,05F0287S,05F0309S,41,95,3
2025/06/21 21:35,05F0287S,05F0309S,42,0,0
2025/06/21 21:35,05F0287S,05F0309S,5,0,0
2025/06/21 21:35,05F0309S,05F0439S,31,488,39
2025/06/21 21:35,05F0309S,05F0439S,32,507,14
2025/06/21 21:35,05F0309S,05F0439S,41,515,4
2025/06/21 21:35,05F0309S,05F0439S,42,0,0
2025/06/21 21:35,05F0309S,05F0439S,5,0,0
2025/06/21 21:35,05F0439S,05F0494S,31,203,6
2025/06/21 21:35,05F0439S,05F0494S,32,204,6
2025/06/21 21:35,05F0439S,05F0494S,41,0,0
2025/06/21 21:35,05F0439S,05F0494S,42,0,0
2025/06/21 21:35,05F0439S,05F0494S,5,0,0
2025/06/21 21:40,05F0000S,05F0055S,31,241,57
2025/06/21 21:40,05F0000S,05F0055S,32,241,22
2025/06/21 21:40,05F0000S,05F0055S,41,262,4
2025/06/21 21:40,05F0000S,05F0055S,42,0,0
2025/06/21 21:40,05F0000S,05F0055S,5,0,0
2025/06/21 21:40,05F0055S,05F0287S,31,979,112
2025/06/21 21:40,05F0055S,05F0287S,32,975,13
2025/06/21 21:40,05F0055S,05F0287S,41,1013,6
2025/06/21 21:40,05F0055S,05F0287S,42,0,0
2025/06/21 21:40,05F0055S,05F0287S,5,0,0
2025/06/21 21:40,05F0287S,05F0309S,31,87,67
2025/06/21 21:40,05F0287S,05F0309S,32,90,9
2025/06/21 21:40,05F0287S,05F0309S,41,89,4
2025/06/21 21:40,05F0287S,05F0309S,42,0,0
2025/06/21 21:40,05F0287S,05F0309S,5,0,0
2025/06/21 21:40,05F0309S,05F0439S,31,488,36
2025/06/21 21:40,05F0309S,05F0439S,32,495,17
2025/06/21 21:40,05F0309S,05F0439S,41,515,1
2025/06/21 21:40,05F0309S,05F0439S,42,526,1
2025/06/21 21:40,05F0309S,05F0439S,5,0,0
2025/06/21 21:40,05F0439S,05F0494S,31,199,15
2025/06/21 21:40,05F0439S,05F0494S,32,201,4
2025/06/21 21:40,05F0439S,05F0494S,41,0,0
2025/06/21 21:40,05F0439S,05F0494S,42,0,0
2025/06/21 21:40,05F0439S,05F0494S,5,0,0
2025/06/21 21:45,05F0000S,05F0055S,31,238,88
2025/06/21 21:45,05F0000S,05F0055S,32,240,13
2025/06/21 21:45,05F0000S,05F0055S,41,235,3
2025/06/21 21:45,05F0000S,05F0055S,42,0,0
2025/06/21 21:45,05F0000S,05F0055S,5,0,0
2025/06/21 21:45,05F0055S,05F0287S,31,977,68
2025/06/21 21:45,05F0055S,05F0287S,32,987,18
2025/06/21 21:45,05F0055S,05F0287S,41,1027,2
2025/06/21 21:45,05F0055S,05F0287S,42,0,0
2025/06/21 21:45,05F0055S,05F0287S,5,0,0
2025/06/21 21:45,05F0287S,05F0309S,31,86,58
2025/06/21 21:45,05F0287S,05F0309S,32,89,10
2025/06/21 21:45,05F0287S,05F0309S,41,93,7
2025/06/21 21:45,05F0287S,05F0309S,42,0,0
2025/06/21 21:45,05F0287S,05F0309S,5,0,0
2025/06/21 21:45,05F0309S,05F0439S,31,488,52
2025/06/21 21:45,05F0309S,05F0439S,32,506,9
2025/06/21 21:45,05F0309S,05F0439S,41,538,1
2025/06/21 21:45,05F0309S,05F0439S,42,527,2
2025/06/21 21:45,05F0309S,05F0439S,5,0,0
2025/06/21 21:45,05F0439S,05F0494S,31,209,12
2025/06/21 21:45,05F0439S,05F0494S,32,179,1
2025/06/21 21:45,05F0439S,05F0494S,41,0,0
2025/06/21 21:45,05F0439S,05F0494S,42,224,2
2025/06/21 21:45,05F0439S,05F0494S,5,0,0
2025/06/21 21:50,05F0000S,05F0055S,31,238,77
2025/06/21 21:50,05F0000S,05F0055S,32,239,16
2025/06/21 21:50,05F0000S,05F0055S,41,250,3
2025/06/21 21:50,05F0000S,05F0055S,42,0,0
2025/06/21 21:50,05F0000S,05F0055S,5,0,0
2025/06/21 21:50,05F0055S,05F0287S,31,963,82
2025/06/21 21:50,05F0055S,05F0287S,32,960,18
2025/06/21 21:50,05F0055S,05F0287S,41,976,4
2025/06/21 21:50,05F0055S,05F0287S,42,0,0
2025/06/21 21:50,05F0055S,05F0287S,5,0,0
2025/06/21 21:50,05F0287S,05F0309S,31,86,73
2025/06/21 21:50,05F0287S,05F0309S,32,87,14
2025/06/21 21:50,05F0287S,05F0309S,41,94,3
2025/06/21 21:50,05F0287S,05F0309S,42,0,0
2025/06/21 21:50,05F0287S,05F0309S,5,0,0
2025/06/21 21:50,05F0309S,05F0439S,31,482,46
2025/06/21 21:50,05F0309S,05F0439S,32,480,6
2025/06/21 21:50,05F0309S,05F0439S,41,519,5
2025/06/21 21:50,05F0309S,05F0439S,42,569,1
2025/06/21 21:50,05F0309S,05F0439S,5,0,0
2025/06/21 21:50,05F0439S,05F0494S,31,209,18
2025/06/21 21:50,05F0439S,05F0494S,32,207,5
2025/06/21 21:50,05F0439S,05F0494S,41,0,0
2025/06/21 21:50,05F0439S,05F0494S,42,0,0
2025/06/21 21:50,05F0439S,05F0494S,5,0,0
2025/06/21 21:55,05F0000S,05F0055S,31,238,76
2025/06/21 21:55,05F0000S,05F0055S,32,241,16
2025/06/21 21:55,05F0000S,05F0055S,41,246,6
2025/06/21 21:55,05F0000S,05F0055S,42,0,0
2025/06/21 21:55,05F0000S,05F0055S,5,0,0
2025/06/21 21:55,05F0055S,05F0287S,31,982,68
2025/06/21 21:55,05F0055S,05F0287S,32,985,24
2025/06/21 21:55,05F0055S,05F0287S,41,1027,4
2025/06/21 21:55,05F0055S,05F0287S,42,0,0
2025/06/21 21:55,05F0055S,05F0287S,5,0,0
2025/06/21 21:55,05F0287S,05F0309S,31,87,56
2025/06/21 21:55,05F0287S,05F0309S,32,89,13
2025/06/21 21:55,05F0287S,05F0309S,41,91,4
2025/06/21 21:55,05F0287S,05F0309S,42,0,0
2025/06/21 21:55,05F0287S,05F0309S,5,0,0
2025/06/21 21:55,05F0309S,05F0439S,31,466,40
2025/06/21 21:55,05F0309S,05F0439S,32,495,6
2025/06/21 21:55,05F0309S,05F0439S,41,499,4
2025/06/21 21:55,05F0309S,05F0439S,42,0,0
2025/06/21 21:55,05F0309S,05F0439S,5,0,0
2025/06/21 21:55,05F0439S,05F0494S,31,210,12
2025/06/21 21:55,05F0439S,05F0494S,32,236,3
2025/06/21 21:55,05F0439S,05F0494S,41,0,0
2025/06/21 21:55,05F0439S,05F0494S,42,236,1
2025/06/21 21:55,05F0439S,05F0494S,5,0,0
2025/06/21 22:00,05F0000S,05F0055S,31,241,70
2025/06/21 22:00,05F0000S,05F0055S,32,241,8
2025/06/21 22:00,05F0000S,05F0055S,41,229,3
2025/06/21 22:00,05F0000S,05F0055S,42,0,0
2025/06/21 22:00,05F0000S,05F0055S,5,0,0
2025/06/21 22:00,05F0055S,05F0287S,31,967,72
2025/06/21 22:00,05F0055S,05F0287S,32,975,17
2025/06/21 22:00,05F0055S,05F0287S,41,1014,5
2025/06/21 22:00,05F0055S,05F0287S,42,0,0
2025/06/21 22:00,05F0055S,05F0287S,5,0,0
2025/06/21 22:00,05F0287S,05F0309S,31,87,55
2025/06/21 22:00,05F0287S,05F0309S,32,87,17
2025/06/21 22:00,05F0287S,05F0309S,41,90,3
2025/06/21 22:00,05F0287S,05F0309S,42,0,0
2025/06/21 22:00,05F0287S,05F0309S,5,0,0
2025/06/21 22:00,05F0309S,05F0439S,31,477,39
2025/06/21 22:00,05F0309S,05F0439S,32,488,12
2025/06/21 22:00,05F0309S,05F0439S,41,529,2
2025/06/21 22:00,05F0309S,05F0439S,42,0,0
2025/06/21 22:00,05F0309S,05F0439S,5,0,0
2025/06/21 22:00,05F0439S,05F0494S,31,207,11
2025/06/21 22:00,05F0439S,05F0494S,32,214,4
2025/06/21 22:00,05F0439S,05F0494S,41,0,0
2025/06/21 22:00,05F0439S,05F0494S,42,0,0
2025/06/21 22:00,05F0439S,05F0494S,5,0,0
2025/06/21 22:05,05F0000S,05F0055S,31,241,68
2025/06/21 22:05,05F0000S,05F0055S,32,239,15
2025/06/21 22:05,05F0000S,05F0055S,41,239,5
2025/06/21 22:05,05F0000S,05F0055S,42,0,0
2025/06/21 22:05,05F0000S,05F0055S,5,0,0
2025/06/21 22:05,05F0055S,05F0287S,31,971,79
2025/06/21 22:05,05F0055S,05F0287S,32,977,12
2025/06/21 22:05,05F0055S,05F0287S,41,990,1
2025/06/21 22:05,05F0055S,05F0287S,42,0,0
2025/06/21 22:05,05F0055S,05F0287S,5,0,0
2025/06/21 22:05,05F0287S,05F0309S,31,86,67
2025/06/21 22:05,05F0287S,05F0309S,32,90,12
2025/06/21 22:05,05F0287S,05F0309S,41,93,1
2025/06/21 22:05,05F0287S,05F0309S,42,0,0
2025/06/21 22:05,05F0287S,05F0309S,5,0,0
2025/06/21 22:05,05F0309S,05F0439S,31,493,26
2025/06/21 22:05,05F0309S,05F0439S,32,488,15
2025/06/21 22:05,05F0309S,05F0439S,41,544,1
2025/06/21 22:05,05F0309S,05F0439S,42,541,1
2025/06/21 22:05,05F0309S,05F0439S,5,0,0
2025/06/21 22:05,05F0439S,05F0494S,31,202,11
2025/06/21 22:05,05F0439S,05F0494S,32,183,3
2025/06/21 22:05,05F0439S,05F0494S,41,0,0
2025/06/21 22:05,05F0439S,05F0494S,42,0,0
2025/06/21 22:05,05F0439S,05F0494S,5,0,0
2025/06/21 22:10,05F0000S,05F0055S,31,237,79
2025/06/21 22:10,05F0000S,05F0055S,32,239,20
2025/06/21 22:10,05F0000S,05F0055S,41,236,3
2025/06/21 22:10,05F0000S,05F0055S,42,0,0
2025/06/21 22:10,05F0000S,05F0055S,5,0,0
2025/06/21 22:10,05F0055S,05F0287S,31,968,91
2025/06/21 22:10,05F0055S,05F0287S,32,967,16
2025/06/21 22:10,05F0055S,05F0287S,41,1009,6
2025/06/21 22:10,05F0055S,05F0287S,42,0,0
2025/06/21 22:10,05F0055S,05F0287S,5,0,0
2025/06/21 22:10,05F0287S,05F0309S,31,85,54
2025/06/21 22:10,05F0287S,05F0309S,32,85,8
2025/06/21 22:10,05F0287S,05F0309S,41,95,2
2025/06/21 22:10,05F0287S,05F0309S,42,0,0
2025/06/21 22:10,05F0287S,05F0309S,5,0,0
2025/06/21 22:10,05F0309S,05F0439S,31,478,35
2025/06/21 22:10,05F0309S,05F0439S,32,475,9
2025/06/21 22:10,05F0309S,05F0439S,41,576,2
2025/06/21 22:10,05F0309S,05F0439S,42,654,1
2025/06/21 22:10,05F0309S,05F0439S,5,0,0
2025/06/21 22:10,05F0439S,05F0494S,31,209,14
2025/06/21 22:10,05F0439S,05F0494S,32,203,6
2025/06/21 22:10,05F0439S,05F0494S,41,0,0
2025/06/21 22:10,05F0439S,05F0494S,42,231,1
2025/06/21 22:10,05F0439S,05F0494S,5,0,0
2025/06/21 22:15,05F0000S,05F0055S,31,236,55
2025/06/21 22:15,05F0000S,05F0055S,32,242,14
2025/06/21 22:15,05F0000S,05F0055S,41,250,6
2025/06/21 22:15,05F0000S,05F0055S,42,0,0
2025/06/21 22:15,05F0000S,05F0055S,5,0,0
2025/06/21 22:15,05F0055S,05F0287S,31,957,67
2025/06/21 22:15,05F0055S,05F0287S,32,958,11
2025/06/21 22:15,05F0055S,05F0287S,41,975,5
2025/06/21 22:15,05F0055S,05F0287S,42,0,0
2025/06/21 22:15,05F0055S,05F0287S,5,0,0
2025/06/21 22:15,05F0287S,05F0309S,31,86,56
2025/06/21 22:15,05F0287S,05F0309S,32,89,12
2025/06/21 22:15,05F0287S,05F0309S,41,94,7
2025/06/21 22:15,05F0287S,05F0309S,42,0,0
2025/06/21 22:15,05F0287S,05F0309S,5,0,0
2025/06/21 22:15,05F0309S,05F0439S,31,473,38
2025/06/21 22:15,05F0309S,05F0439S,32,512,3
2025/06/21 22:15,05F0309S,05F0439S,41,0,0
2025/06/21 22:15,05F0309S,05F0439S,42,504,2
2025/06/21 22:15,05F0309S,05F0439S,5,0,0
2025/06/21 22:15,05F0439S,05F0494S,31,207,12
2025/06/21 22:15,05F0439S,05F0494S,32,207,4
2025/06/21 22:15,05F0439S,05F0494S,41,0,0
2025/06/21 22:15,05F0439S,05F0494S,42,210,3
2025/06/21 22:15,05F0439S,05F0494S,5,0,0
2025/06/21 22:20,05F0000S,05F0055S,31,250,88
2025/06/21 22:20,05F0000S,05F0055S,32,252,13
2025/06/21 22:20,05F0000S,05F0055S,41,250,3
2025/06/21 22:20,05F0000S,05F0055S,42,0,0
2025/06/21 22:20,05F0000S,05F0055S,5,0,0
2025/06/21 22:20,05F0055S,05F0287S,31,986,66
2025/06/21 22:20,05F0055S,05F0287S,32,999,13
2025/06/21 22:20,05F0055S,05F0287S,41,1014,2
2025/06/21 22:20,05F0055S,05F0287S,42,0,0
2025/06/21 22:20,05F0055S,05F0287S,5,0,0
2025/06/21 22:20,05F0287S,05F0309S,31,87,47
2025/06/21 22:20,05F0287S,05F0309S,32,93,7
2025/06/21 22:20,05F0287S,05F0309S,41,0,0
2025/06/21 22:20,05F0287S,05F0309S,42,0,0
2025/06/21 22:20,05F0287S,05F0309S,5,0,0
2025/06/21 22:20,05F0309S,05F0439S,31,499,37
2025/06/21 22:20,05F0309S,05F0439S,32,540,3
2025/06/21 22:20,05F0309S,05F0439S,41,532,3
2025/06/21 22:20,05F0309S,05F0439S,42,0,0
2025/06/21 22:20,05F0309S,05F0439S,5,0,0
2025/06/21 22:20,05F0439S,05F0494S,31,204,17
2025/06/21 22:20,05F0439S,05F0494S,32,233,1
2025/06/21 22:20,05F0439S,05F0494S,41,0,0
2025/06/21 22:20,05F0439S,05F0494S,42,0,0
2025/06/21 22:20,05F0439S,05F0494S,5,0,0
2025/06/21 22:25,05F0000S,05F0055S,31,234,49
2025/06/21 22:25,05F0000S,05F0055S,32,230,11
2025/06/21 22:25,05F0000S,05F0055S,41,225,4
2025/06/21 22:25,05F0000S,05F0055S,42,0,0
2025/06/21 22:25,05F0000S,05F0055S,5,0,0
2025/06/21 22:25,05F0055S,05F0287S,31,975,74
2025/06/21 22:25,05F0055S,05F0287S,32,968,19
2025/06/21 22:25,05F0055S,05F0287S,41,994,6
2025/06/21 22:25,05F0055S,05F0287S,42,0,0
2025/06/21 22:25,05F0055S,05F0287S,5,0,0
2025/06/21 22:25,05F0287S,05F0309S,31,86,55
2025/06/21 22:25,05F0287S,05F0309S,32,86,18
2025/06/21 22:25,05F0287S,05F0309S,41,94,7
2025/06/21 22:25,05F0287S,05F0309S,42,0,0
2025/06/21 22:25,05F0287S,05F0309S,5,0,0
2025/06/21 22:25,05F0309S,05F0439S,31,489,35
2025/06/21 22:25,05F0309S,05F0439S,32,547,5
2025/06/21 22:25,05F0309S,05F0439S,41,0,0
2025/06/21 22:25,05F0309S,05F0439S,42,528,2
2025/06/21 22:25,05F0309S,05F0439S,5,0,0
2025/06/21 22:25,05F0439S,05F0494S,31,211,13
2025/06/21 22:25,05F0439S,05F0494S,32,213,3
2025/06/21 22:25,05F0439S,05F0494S,41,222,1
2025/06/21 22:25,05F0439S,05F0494S,42,214,1
2025/06/21 22:25,05F0439S,05F0494S,5,0,0
2025/06/21 22:30,05F0000S,05F0055S,31,241,70
2025/06/21 22:30,05F0000S,05F0055S,32,244,9
2025/06/21 22:30,05F0000S,05F0055S,41,238,3
2025/06/21 22:30,05F0000S,05F0055S,42,0,0
2025/06/21 22:30,05F0000S,05F0055S,5,0,0
2025/06/21 22:30,05F0055S,05F0287S,31,966,64
2025/06/21 22:30,05F0055S,05F0287S,32,972,15
2025/06/21 22:30,05F0055S,05F0287S,41,1008,5
2025/06/21 22:30,05F0055S,05F0287S,42,0,0
2025/06/21 22:30,05F0055S,05F0287S,5,0,0
2025/06/21 22:30,05F0287S,05F0309S,31,87,61
2025/06/21 22:30,05F0287S,05F0309S,32,91,13
2025/06/21 22:30,05F0287S,05F0309S,41,91,5
2025/06/21 22:30,05F0287S,05F0309S,42,0,0
2025/06/21 22:30,05F0287S,05F0309S,5,0,0
2025/06/21 22:30,05F0309S,05F0439S,31,472,28
2025/06/21 22:30,05F0309S,05F0439S,32,479,8
2025/06/21 22:30,05F0309S,05F0439S,41,545,2
2025/06/21 22:30,05F0309S,05F0439S,42,0,0
2025/06/21 22:30,05F0309S,05F0439S,5,0,0
2025/06/21 22:30,05F0439S,05F0494S,31,192,4
2025/06/21 22:30,05F0439S,05F0494S,32,198,1
2025/06/21 22:30,05F0439S,05F0494S,41,0,0
2025/06/21 22:30,05F0439S,05F0494S,42,0,0
2025/06/21 22:30,05F0439S,05F0494S,5,0,0
2025/06/21 22:35,05F0000S,05F0055S,31,243,87
2025/06/21 22:35,05F0000S,05F0055S,32,244,15
2025/06/21 22:35,05F0000S,05F0055S,41,247,4
2025/06/21 22:35,05F0000S,05F0055S,42,0,0
2025/06/21 22:35,05F0000S,05F0055S,5,0,0
2025/06/21 22:35,05F0055S,05F0287S,31,967,91
2025/06/21 22:35,05F0055S,05F0287S,32,1000,13
2025/06/21 22:35,05F0055S,05F0287S,41,987,4
2025/06/21 22:35,05F0055S,05F0287S,42,0,0
2025/06/21 22:35,05F0055S,05F0287S,5,0,0
2025/06/21 22:35,05F0287S,05F0309S,31,86,57
2025/06/21 22:35,05F0287S,05F0309S,32,88,10
2025/06/21 22:35,05F0287S,05F0309S,41,95,5
2025/06/21 22:35,05F0287S,05F0309S,42,0,0
2025/06/21 22:35,05F0287S,05F0309S,5,0,0
2025/06/21 22:35,05F0309S,05F0439S,31,485,38
2025/06/21 22:35,05F0309S,05F0439S,32,458,12
2025/06/21 22:35,05F0309S,05F0439S,41,534,4
2025/06/21 22:35,05F0309S,05F0439S,42,0,0
2025/06/21 22:35,05F0309S,05F0439S,5,523,1
2025/06/21 22:35,05F0439S,05F0494S,31,195,12
2025/06/21 22:35,05F0439S,05F0494S,32,198,8
2025/06/21 22:35,05F0439S,05F0494S,41,0,0
2025/06/21 22:35,05F0439S,05F0494S,42,0,0
2025/06/21 22:35,05F0439S,05F0494S,5,0,0
2025/06/21 22:40,05F0000S,05F0055S,31,241,57
2025/06/21 22:40,05F0000S,05F0055S,32,240,13
2025/06/21 22:40,05F0000S,05F0055S,41,253,4
2025/06/21 22:40,05F0000S,05F0055S,42,0,0
2025/06/21 22:40,05F0000S,05F0055S,5,0,0
2025/06/21 22:40,05F0055S,05F0287S,31,959,61
2025/06/21 22:40,05F0055S,05F0287S,32,963,11
2025/06/21 22:40,05F0055S,05F0287S,41,974,3
2025/06/21 22:40,05F0055S,05F0287S,42,0,0
2025/06/21 22:40,05F0055S,05F0287S,5,0,0
2025/06/21 22:40,05F0287S,05F0309S,31,85,60
2025/06/21 22:40,05F0287S,05F0309S,32,81,7
2025/06/21 22:40,05F0287S,05F0309S,41,92,5
2025/06/21 22:40,05F0287S,05F0309S,42,0,0
2025/06/21 22:40,05F0287S,05F0309S,5,0,0
2025/06/21 22:40,05F0309S,05F0439S,31,484,29
2025/06/21 22:40,05F0309S,05F0439S,32,508,7
2025/06/21 22:40,05F0309S,05F0439S,41,519,2
2025/06/21 22:40,05F0309S,05F0439S,42,0,0
2025/06/21 22:40,05F0309S,05F0439S,5,0,0
2025/06/21 22:40,05F0439S,05F0494S,31,210,12
2025/06/21 22:40,05F0439S,05F0494S,32,191,1
2025/06/21 22:40,05F0439S,05F0494S,41,0,0
2025/06/21 22:40,05F0439S,05F0494S,42,0,0
2025/06/21 22:40,05F0439S,05F0494S,5,221,1
2025/06/21 22:45,05F0000S,05F0055S,31,236,67
2025/06/21 22:45,05F0000S,05F0055S,32,238,8
2025/06/21 22:45,05F0000S,05F0055S,41,243,1
2025/06/21 22:45,05F0000S,05F0055S,42,0,0
2025/06/21 22:45,05F0000S,05F0055S,5,0,0
2025/06/21 22:45,05F0055S,05F0287S,31,963,56
2025/06/21 22:45,05F0055S,05F0287S,32,983,8
2025/06/21 22:45,05F0055S,05F0287S,41,1009,3
2025/06/21 22:45,05F0055S,05F0287S,42,0,0
2025/06/21 22:45,05F0055S,05F0287S,5,0,0
2025/06/21 22:45,05F0287S,05F0309S,31,86,31
2025/06/21 22:45,05F0287S,05F0309S,32,93,4
2025/06/21 22:45,05F0287S,05F0309S,41,88,3
2025/06/21 22:45,05F0287S,05F0309S,42,0,0
2025/06/21 22:45,05F0287S,05F0309S,5,0,0
2025/06/21 22:45,05F0309S,05F0439S,31,492,39
2025/06/21 22:45,05F0309S,05F0439S,32,483,6
2025/06/21 22:45,05F0309S,05F0439S,41,536,5
2025/06/21 22:45,05F0309S,05F0439S,42,0,0
2025/06/21 22:45,05F0309S,05F0439S,5,547,1
2025/06/21 22:45,05F0439S,05F0494S,31,208,15
2025/06/21 22:45,05F0439S,05F0494S,32,221,1
2025/06/21 22:45,05F0439S,05F0494S,41,0,0
2025/06/21 22:45,05F0439S,05F0494S,42,0,0
2025/06/21 22:45,05F0439S,05F0494S,5,0,0
2025/06/21 22:50,05F0000S,05F0055S,31,236,40
2025/06/21 22:50,05F0000S,05F0055S,32,235,13
2025/06/21 22:50,05F0000S,05F0055S,41,240,4
2025/06/21 22:50,05F0000S,05F0055S,42,0,0
2025/06/21 22:50,05F0000S,05F0055S,5,0,0
2025/06/21 22:50,05F0055S,05F0287S,31,974,80
2025/06/21 22:50,05F0055S,05F0287S,32,973,16
2025/06/21 22:50,05F0055S,05F0287S,41,1008,3
2025/06/21 22:50,05F0055S,05F0287S,42,0,0
2025/06/21 22:50,05F0055S,05F0287S,5,0,0
2025/06/21 22:50,05F0287S,05F0309S,31,86,65
2025/06/21 22:50,05F0287S,05F0309S,32,86,13
2025/06/21 22:50,05F0287S,05F0309S,41,534,2
2025/06/21 22:50,05F0287S,05F0309S,42,0,0
2025/06/21 22:50,05F0287S,05F0309S,5,0,0
2025/06/21 22:50,05F0309S,05F0439S,31,476,32
2025/06/21 22:50,05F0309S,05F0439S,32,445,3
2025/06/21 22:50,05F0309S,05F0439S,41,525,3
2025/06/21 22:50,05F0309S,05F0439S,42,0,0
2025/06/21 22:50,05F0309S,05F0439S,5,0,0
2025/06/21 22:50,05F0439S,05F0494S,31,208,17
2025/06/21 22:50,05F0439S,05F0494S,32,0,0
2025/06/21 22:50,05F0439S,05F0494S,41,0,0
2025/06/21 22:50,05F0439S,05F0494S,42,0,0
2025/06/21 22:50,05F0439S,05F0494S,5,0,0
2025/06/21 22:55,05F0000S,05F0055S,31,232,52
2025/06/21 22:55,05F0000S,05F0055S,32,238,16
2025/06/21 22:55,05F0000S,05F0055S,41,220,2
2025/06/21 22:55,05F0000S,05F0055S,42,0,0
2025/06/21 22:55,05F0000S,05F0055S,5,0,0
2025/06/21 22:55,05F0055S,05F0287S,31,975,75
2025/06/21 22:55,05F0055S,05F0287S,32,983,18
2025/06/21 22:55,05F0055S,05F0287S,41,1016,4
2025/06/21 22:55,05F0055S,05F0287S,42,0,0
2025/06/21 22:55,05F0055S,05F0287S,5,0,0
2025/06/21 22:55,05F0287S,05F0309S,31,86,69
2025/06/21 22:55,05F0287S,05F0309S,32,88,12
2025/06/21 22:55,05F0287S,05F0309S,41,93,4
2025/06/21 22:55,05F0287S,05F0309S,42,0,0
2025/06/21 22:55,05F0287S,05F0309S,5,0,0
2025/06/21 22:55,05F0309S,05F0439S,31,501,25
2025/06/21 22:55,05F0309S,05F0439S,32,491,4
2025/06/21 22:55,05F0309S,05F0439S,41,540,1
2025/06/21 22:55,05F0309S,05F0439S,42,0,0
2025/06/21 22:55,05F0309S,05F0439S,5,0,0
2025/06/21 22:55,05F0439S,05F0494S,31,206,2
2025/06/21 22:55,05F0439S,05F0494S,32,0,0
2025/06/21 22:55,05F0439S,05F0494S,41,0,0
2025/06/21 22:55,05F0439S,05F0494S,42,0,0
2025/06/21 22:55,05F0439S,05F0494S,5,0,0
2025/06/21 23:00,05F0000S,05F0055S,31,232,57
2025/06/21 23:00,05F0000S,05F0055S,32,227,8
2025/06/21 23:00,05F0000S,05F0055S,41,230,4
2025/06/21 23:00,05F0000S,05F0055S,42,0,0
2025/06/21 23:00,05F0000S,05F0055S,5,0,0
2025/06/21 23:00,05F0055S,05F0287S,31,954,73
2025/06/21 23:00,05F0055S,05F0287S,32,987,13
2025/06/21 23:00,05F0055S,05F0287S,41,1106,3
2025/06/21 23:00,05F0055S,05F0287S,42,0,0
2025/06/21 23:00,05F0055S,05F0287S,5,0,0
2025/06/21 23:00,05F0287S,05F0309S,31,89,51
2025/06/21 23:00,05F0287S,05F0309S,32,88,11
2025/06/21 23:00,05F0287S,05F0309S,41,100,2
2025/06/21 23:00,05F0287S,05F0309S,42,0,0
2025/06/21 23:00,05F0287S,05F0309S,5,0,0
2025/06/21 23:00,05F0309S,05F0439S,31,497,38
2025/06/21 23:00,05F0309S,05F0439S,32,480,9
2025/06/21 23:00,05F0309S,05F0439S,41,530,1
2025/06/21 23:00,05F0309S,05F0439S,42,0,0
2025/06/21 23:00,05F0309S,05F0439S,5,0,0
2025/06/21 23:00,05F0439S,05F0494S,31,212,11
2025/06/21 23:00,05F0439S,05F0494S,32,188,3
2025/06/21 23:00,05F0439S,05F0494S,41,0,0
2025/06/21 23:00,05F0439S,05F0494S,42,0,0
2025/06/21 23:00,05F0439S,05F0494S,5,0,0
2025/06/21 23:05,05F0000S,05F0055S,31,237,59
2025/06/21 23:05,05F0000S,05F0055S,32,240,17
2025/06/21 23:05,05F0000S,05F0055S,41,245,2
2025/06/21 23:05,05F0000S,05F0055S,42,0,0
2025/06/21 23:05,05F0000S,05F0055S,5,0,0
2025/06/21 23:05,05F0055S,05F0287S,31,946,47
2025/06/21 23:05,05F0055S,05F0287S,32,948,17
2025/06/21 23:05,05F0055S,05F0287S,41,1037,3
2025/06/21 23:05,05F0055S,05F0287S,42,0,0
2025/06/21 23:05,05F0055S,05F0287S,5,0,0
2025/06/21 23:05,05F0287S,05F0309S,31,86,38
2025/06/21 23:05,05F0287S,05F0309S,32,89,11
2025/06/21 23:05,05F0287S,05F0309S,41,90,3
2025/06/21 23:05,05F0287S,05F0309S,42,0,0
2025/06/21 23:05,05F0287S,05F0309S,5,0,0
2025/06/21 23:05,05F0309S,05F0439S,31,523,35
2025/06/21 23:05,05F0309S,05F0439S,32,578,5
2025/06/21 23:05,05F0309S,05F0439S,41,537,2
2025/06/21 23:05,05F0309S,05F0439S,42,653,1
2025/06/21 23:05,05F0309S,05F0439S,5,0,0
2025/06/21 23:05,05F0439S,05F0494S,31,200,11
2025/06/21 23:05,05F0439S,05F0494S,32,223,1
2025/06/21 23:05,05F0439S,05F0494S,41,0,0
2025/06/21 23:05,05F0439S,05F0494S,42,0,0
2025/06/21 23:05,05F0439S,05F0494S,5,0,0
2025/06/21 23:10,05F0000S,05F0055S,31,239,48
2025/06/21 23:10,05F0000S,05F0055S,32,238,11
2025/06/21 23:10,05F0000S,05F0055S,41,233,1
2025/06/21 23:10,05F0000S,05F0055S,42,0,0
2025/06/21 23:10,05F0000S,05F0055S,5,0,0
2025/06/21 23:10,05F0055S,05F0287S,31,934,47
2025/06/21 23:10,05F0055S,05F0287S,32,967,10
2025/06/21 23:10,05F0055S,05F0287S,41,961,3
2025/06/21 23:10,05F0055S,05F0287S,42,0,0
2025/06/21 23:10,05F0055S,05F0287S,5,0,0
2025/06/21 23:10,05F0287S,05F0309S,31,85,37
2025/06/21 23:10,05F0287S,05F0309S,32,94,8
2025/06/21 23:10,05F0287S,05F0309S,41,93,3
2025/06/21 23:10,05F0287S,05F0309S,42,0,0
2025/06/21 23:10,05F0287S,05F0309S,5,0,0
2025/06/21 23:10,05F0309S,05F0439S,31,512,37
2025/06/21 23:10,05F0309S,05F0439S,32,494,3
2025/06/21 23:10,05F0309S,05F0439S,41,615,1
2025/06/21 23:10,05F0309S,05F0439S,42,595,1
2025/06/21 23:10,05F0309S,05F0439S,5,545,1
2025/06/21 23:10,05F0439S,05F0494S,31,200,11
2025/06/21 23:10,05F0439S,05F0494S,32,200,3
2025/06/21 23:10,05F0439S,05F0494S,41,231,1
2025/06/21 23:10,05F0439S,05F0494S,42,0,0
2025/06/21 23:10,05F0439S,05F0494S,5,0,0
2025/06/21 23:15,05F0000S,05F0055S,31,238,45
2025/06/21 23:15,05F0000S,05F0055S,32,242,10
2025/06/21 23:15,05F0000S,05F0055S,41,230,4
2025/06/21 23:15,05F0000S,05F0055S,42,0,0
2025/06/21 23:15,05F0000S,05F0055S,5,0,0
2025/06/21 23:15,05F0055S,05F0287S,31,963,58
2025/06/21 23:15,05F0055S,05F0287S,32,976,14
2025/06/21 23:15,05F0055S,05F0287S,41,987,3
2025/06/21 23:15,05F0055S,05F0287S,42,0,0
2025/06/21 23:15,05F0055S,05F0287S,5,0,0
2025/06/21 23:15,05F0287S,05F0309S,31,88,51
2025/06/21 23:15,05F0287S,05F0309S,32,90,12
2025/06/21 23:15,05F0287S,05F0309S,41,90,2
2025/06/21 23:15,05F0287S,05F0309S,42,0,0
2025/06/21 23:15,05F0287S,05F0309S,5,0,0
2025/06/21 23:15,05F0309S,05F0439S,31,524,19
2025/06/21 23:15,05F0309S,05F0439S,32,532,8
2025/06/21 23:15,05F0309S,05F0439S,41,509,1
2025/06/21 23:15,05F0309S,05F0439S,42,0,0
2025/06/21 23:15,05F0309S,05F0439S,5,574,1
2025/06/21 23:15,05F0439S,05F0494S,31,205,6
2025/06/21 23:15,05F0439S,05F0494S,32,227,3
2025/06/21 23:15,05F0439S,05F0494S,41,0,0
2025/06/21 23:15,05F0439S,05F0494S,42,0,0
2025/06/21 23:15,05F0439S,05F0494S,5,231,2
2025/06/21 23:20,05F0000S,05F0055S,31,233,30
2025/06/21 23:20,05F0000S,05F0055S,32,238,11
2025/06/21 23:20,05F0000S,05F0055S,41,0,0
2025/06/21 23:20,05F0000S,05F0055S,42,0,0
2025/06/21 23:20,05F0000S,05F0055S,5,0,0
2025/06/21 23:20,05F0055S,05F0287S,31,941,65
2025/06/21 23:20,05F0055S,05F0287S,32,946,14
2025/06/21 23:20,05F0055S,05F0287S,41,992,3
2025/06/21 23:20,05F0055S,05F0287S,42,0,0
2025/06/21 23:20,05F0055S,05F0287S,5,0,0
2025/06/21 23:20,05F0287S,05F0309S,31,88,47
2025/06/21 23:20,05F0287S,05F0309S,32,90,7
2025/06/21 23:20,05F0287S,05F0309S,41,95,5
2025/06/21 23:20,05F0287S,05F0309S,42,0,0
2025/06/21 23:20,05F0287S,05F0309S,5,0,0
2025/06/21 23:20,05F0309S,05F0439S,31,509,23
2025/06/21 23:20,05F0309S,05F0439S,32,508,8
2025/06/21 23:20,05F0309S,05F0439S,41,533,3
2025/06/21 23:20,05F0309S,05F0439S,42,0,0
2025/06/21 23:20,05F0309S,05F0439S,5,0,0
2025/06/21 23:20,05F0439S,05F0494S,31,212,6
2025/06/21 23:20,05F0439S,05F0494S,32,253,1
2025/06/21 23:20,05F0439S,05F0494S,41,0,0
2025/06/21 23:20,05F0439S,05F0494S,42,0,0
2025/06/21 23:20,05F0439S,05F0494S,5,0,0
2025/06/21 23:25,05F0000S,05F0055S,31,236,38
2025/06/21 23:25,05F0000S,05F0055S,32,234,8
2025/06/21 23:25,05F0000S,05F0055S,41,238,3
2025/06/21 23:25,05F0000S,05F0055S,42,0,0
2025/06/21 23:25,05F0000S,05F0055S,5,0,0
2025/06/21 23:25,05F0055S,05F0287S,31,961,50
2025/06/21 23:25,05F0055S,05F0287S,32,984,12
2025/06/21 23:25,05F0055S,05F0287S,41,0,0
2025/06/21 23:25,05F0055S,05F0287S,42,0,0
2025/06/21 23:25,05F0055S,05F0287S,5,0,0
2025/06/21 23:25,05F0287S,05F0309S,31,91,38
2025/06/21 23:25,05F0287S,05F0309S,32,86,5
2025/06/21 23:25,05F0287S,05F0309S,41,904,1
2025/06/21 23:25,05F0287S,05F0309S,42,0,0
2025/06/21 23:25,05F0287S,05F0309S,5,0,0
2025/06/21 23:25,05F0309S,05F0439S,31,519,34
2025/06/21 23:25,05F0309S,05F0439S,32,525,5
2025/06/21 23:25,05F0309S,05F0439S,41,523,2
2025/06/21 23:25,05F0309S,05F0439S,42,0,0
2025/06/21 23:25,05F0309S,05F0439S,5,0,0
2025/06/21 23:25,05F0439S,05F0494S,31,189,6
2025/06/21 23:25,05F0439S,05F0494S,32,0,0
2025/06/21 23:25,05F0439S,05F0494S,41,0,0
2025/06/21 23:25,05F0439S,05F0494S,42,0,0
2025/06/21 23:25,05F0439S,05F0494S,5,240,1
2025/06/21 23:30,05F0000S,05F0055S,31,225,41
2025/06/21 23:30,05F0000S,05F0055S,32,233,5
2025/06/21 23:30,05F0000S,05F0055S,41,233,1
2025/06/21 23:30,05F0000S,05F0055S,42,0,0
2025/06/21 23:30,05F0000S,05F0055S,5,0,0
2025/06/21 23:30,05F0055S,05F0287S,31,960,40
2025/06/21 23:30,05F0055S,05F0287S,32,946,6
2025/06/21 23:30,05F0055S,05F0287S,41,957,4
2025/06/21 23:30,05F0055S,05F0287S,42,0,0
2025/06/21 23:30,05F0055S,05F0287S,5,0,0
2025/06/21 23:30,05F0287S,05F0309S,31,90,30
2025/06/21 23:30,05F0287S,05F0309S,32,90,10
2025/06/21 23:30,05F0287S,05F0309S,41,92,4
2025/06/21 23:30,05F0287S,05F0309S,42,0,0
2025/06/21 23:30,05F0287S,05F0309S,5,0,0
2025/06/21 23:30,05F0309S,05F0439S,31,496,25
2025/06/21 23:30,05F0309S,05F0439S,32,470,4
2025/06/21 23:30,05F0309S,05F0439S,41,533,3
2025/06/21 23:30,05F0309S,05F0439S,42,454,1
2025/06/21 23:30,05F0309S,05F0439S,5,570,1
2025/06/21 23:30,05F0439S,05F0494S,31,202,10
2025/06/21 23:30,05F0439S,05F0494S,32,227,4
2025/06/21 23:30,05F0439S,05F0494S,41,219,1
2025/06/21 23:30,05F0439S,05F0494S,42,0,0
2025/06/21 23:30,05F0439S,05F0494S,5,230,1
2025/06/21 23:35,05F0000S,05F0055S,31,232,47
2025/06/21 23:35,05F0000S,05F0055S,32,237,8
2025/06/21 23:35,05F0000S,05F0055S,41,0,0
2025/06/21 23:35,05F0000S,05F0055S,42,0,0
2025/06/21 23:35,05F0000S,05F0055S,5,0,0
2025/06/21 23:35,05F0055S,05F0287S,31,989,35
2025/06/21 23:35,05F0055S,05F0287S,32,975,16
2025/06/21 23:35,05F0055S,05F0287S,41,985,1
2025/06/21 23:35,05F0055S,05F0287S,42,0,0
2025/06/21 23:35,05F0055S,05F0287S,5,0,0
2025/06/21 23:35,05F0287S,05F0309S,31,93,36
2025/06/21 23:35,05F0287S,05F0309S,32,91,10
2025/06/21 23:35,05F0287S,05F0309S,41,96,1
2025/06/21 23:35,05F0287S,05F0309S,42,0,0
2025/06/21 23:35,05F0287S,05F0309S,5,0,0
2025/06/21 23:35,05F0309S,05F0439S,31,520,13
2025/06/21 23:35,05F0309S,05F0439S,32,498,6
2025/06/21 23:35,05F0309S,05F0439S,41,0,0
2025/06/21 23:35,05F0309S,05F0439S,42,554,1
2025/06/21 23:35,05F0309S,05F0439S,5,565,1
2025/06/21 23:35,05F0439S,05F0494S,31,201,11
2025/06/21 23:35,05F0439S,05F0494S,32,229,2
2025/06/21 23:35,05F0439S,05F0494S,41,0,0
2025/06/21 23:35,05F0439S,05F0494S,42,202,1
2025/06/21 23:35,05F0439S,05F0494S,5,229,1
2025/06/21 23:40,05F0000S,05F0055S,31,230,44
2025/06/21 23:40,05F0000S,05F0055S,32,238,10
2025/06/21 23:40,05F0000S,05F0055S,41,238,1
2025/06/21 23:40,05F0000S,05F0055S,42,0,0
2025/06/21 23:40,05F0000S,05F0055S,5,0,0
2025/06/21 23:40,05F0055S,05F0287S,31,945,53
2025/06/21 23:40,05F0055S,05F0287S,32,947,10
2025/06/21 23:40,05F0055S,05F0287S,41,984,1
2025/06/21 23:40,05F0055S,05F0287S,42,0,0
2025/06/21 23:40,05F0055S,05F0287S,5,0,0
2025/06/21 23:40,05F0287S,05F0309S,31,86,22
2025/06/21 23:40,05F0287S,05F0309S,32,91,7
2025/06/21 23:40,05F0287S,05F0309S,41,94,1
2025/06/21 23:40,05F0287S,05F0309S,42,0,0
2025/06/21 23:40,05F0287S,05F0309S,5,0,0
2025/06/21 23:40,05F0309S,05F0439S,31,488,21
2025/06/21 23:40,05F0309S,05F0439S,32,486,5
2025/06/21 23:40,05F0309S,05F0439S,41,520,3
2025/06/21 23:40,05F0309S,05F0439S,42,0,0
2025/06/21 23:40,05F0309S,05F0439S,5,517,1
2025/06/21 23:40,05F0439S,05F0494S,31,203,8
2025/06/21 23:40,05F0439S,05F0494S,32,223,4
2025/06/21 23:40,05F0439S,05F0494S,41,0,0
2025/06/21 23:40,05F0439S,05F0494S,42,217,1
2025/06/21 23:40,05F0439S,05F0494S,5,0,0
2025/06/21 23:45,05F0000S,05F0055S,31,227,34
2025/06/21 23:45,05F0000S,05F0055S,32,241,15
2025/06/21 23:45,05F0000S,05F0055S,41,221,3
2025/06/21 23:45,05F0000S,05F0055S,42,0,0
2025/06/21 23:45,05F0000S,05F0055S,5,0,0
2025/06/21 23:45,05F0055S,05F0287S,31,950,33
2025/06/21 23:45,05F0055S,05F0287S,32,938,4
2025/06/21 23:45,05F0055S,05F0287S,41,1008,3
2025/06/21 23:45,05F0055S,05F0287S,42,0,0
2025/06/21 23:45,05F0055S,05F0287S,5,0,0
2025/06/21 23:45,05F0287S,05F0309S,31,87,33
2025/06/21 23:45,05F0287S,05F0309S,32,86,6
2025/06/21 23:45,05F0287S,05F0309S,41,95,1
2025/06/21 23:45,05F0287S,05F0309S,42,0,0
2025/06/21 23:45,05F0287S,05F0309S,5,0,0
2025/06/21 23:45,05F0309S,05F0439S,31,503,18
2025/06/21 23:45,05F0309S,05F0439S,32,531,9
2025/06/21 23:45,05F0309S,05F0439S,41,0,0
2025/06/21 23:45,05F0309S,05F0439S,42,566,1
2025/06/21 23:45,05F0309S,05F0439S,5,0,0
2025/06/21 23:45,05F0439S,05F0494S,31,203,5
2025/06/21 23:45,05F0439S,05F0494S,32,227,2
2025/06/21 23:45,05F0439S,05F0494S,41,0,0
2025/06/21 23:45,05F0439S,05F0494S,42,0,0
2025/06/21 23:45,05F0439S,05F0494S,5,205,1
2025/06/21 23:50,05F0000S,05F0055S,31,232,30
2025/06/21 23:50,05F0000S,05F0055S,32,240,9
2025/06/21 23:50,05F0000S,05F0055S,41,242,1
2025/06/21 23:50,05F0000S,05F0055S,42,0,0
2025/06/21 23:50,05F0000S,05F0055S,5,0,0
2025/06/21 23:50,05F0055S,05F0287S,31,940,48
2025/06/21 23:50,05F0055S,05F0287S,32,923,7
2025/06/21 23:50,05F0055S,05F0287S,41,0,0
2025/06/21 23:50,05F0055S,05F0287S,42,0,0
2025/06/21 23:50,05F0055S,05F0287S,5,0,0
2025/06/21 23:50,05F0287S,05F0309S,31,87,33
2025/06/21 23:50,05F0287S,05F0309S,32,84,5
2025/06/21 23:50,05F0287S,05F0309S,41,682,2
2025/06/21 23:50,05F0287S,05F0309S,42,0,0
2025/06/21 23:50,05F0287S,05F0309S,5,0,0
2025/06/21 23:50,05F0309S,05F0439S,31,484,22
2025/06/21 23:50,05F0309S,05F0439S,32,449,5
2025/06/21 23:50,05F0309S,05F0439S,41,0,0
2025/06/21 23:50,05F0309S,05F0439S,42,0,0
2025/06/21 23:50,05F0309S,05F0439S,5,530,2
2025/06/21 23:50,05F0439S,05F0494S,31,204,2
2025/06/21 23:50,05F0439S,05F0494S,32,217,2
2025/06/21 23:50,05F0439S,05F0494S,41,0,0
2025/06/21 23:50,05F0439S,05F0494S,42,213,1
2025/06/21 23:50,05F0439S,05F0494S,5,0,0
2025/06/21 23:55,05F0000S,05F0055S,31,231,40
2025/06/21 23:55,05F0000S,05F0055S,32,237,8
2025/06/21 23:55,05F0000S,05F0055S,41,258,1
2025/06/21 23:55,05F0000S,05F0055S,42,0,0
2025/06/21 23:55,05F0000S,05F0055S,5,0,0
2025/06/21 23:55,05F0055S,05F0287S,31,933,53
2025/06/21 23:55,05F0055S,05F0287S,32,988,12
2025/06/21 23:55,05F0055S,05F0287S,41,979,1
2025/06/21 23:55,05F0055S,05F0287S,42,0,0
2025/06/21 23:55,05F0055S,05F0287S,5,0,0
2025/06/21 23:55,05F0287S,05F0309S,31,88,30
2025/06/21 23:55,05F0287S,05F0309S,32,91,4
2025/06/21 23:55,05F0287S,05F0309S,41,92,1
2025/06/21 23:55,05F0287S,05F0309S,42,98,2
2025/06/21 23:55,05F0287S,05F0309S,5,0,0
2025/06/21 23:55,05F0309S,05F0439S,31,489,18
2025/06/21 23:55,05F0309S,05F0439S,32,486,3
2025/06/21 23:55,05F0309S,05F0439S,41,536,2
2025/06/21 23:55,05F0309S,05F0439S,42,0,0
2025/06/21 23:55,05F0309S,05F0439S,5,594,1
2025/06/21 23:55,05F0439S,05F0494S,31,201,8
2025/06/21 23:55,05F0439S,05F0494S,32,198,1
2025/06/21 23:55,05F0439S,05F0494S,41,0,0
2025/06/21 23:55,05F0439S,05F0494S,42,0,0
2025/06/21 23:55,05F0439S,05F0494S,5,211,1
