2025/11/28 00:00,05F0000S,05F0055S,31,224,22
2025/11/28 00:00,05F0000S,05F0055S,32,225,12
2025/11/28 00:00,05F0000S,05F0055S,41,0,0
2025/11/28 00:00,05F0000S,05F0055S,42,0,0
2025/11/28 00:00,05F0000S,05F0055S,5,0,0
2025/11/28 00:00,05F0055S,05F0287S,31,982,26
2025/11/28 00:00,05F0055S,05F0287S,32,966,9
2025/11/28 00:00,05F0055S,05F0287S,41,0,0
2025/11/28 00:00,05F0055S,05F0287S,42,0,0
2025/11/28 00:00,05F0055S,05F0287S,5,0,0
2025/11/28 00:00,05F0287S,05F0309S,31,84,15
2025/11/28 00:00,05F0287S,05F0309S,32,86,9
2025/11/28 00:00,05F0287S,05F0309S,41,88,1
2025/11/28 00:00,05F0287S,05F0309S,42,0,0
2025/11/28 00:00,05F0287S,05F0309S,5,0,0
2025/11/28 00:00,05F0309S,05F0439S,31,462,12
2025/11/28 00:00,05F0309S,05F0439S,32,500,7
2025/11/28 00:00,05F0309S,05F0439S,41,537,1
2025/11/28 00:00,05F0309S,05F0439S,42,0,0
2025/11/28 00:00,05F0309S,05F0439S,5,519,3
2025/11/28 00:00,05F0439S,05F0494S,31,210,3
2025/11/28 00:00,05F0439S,05F0494S,32,0,0
2025/11/28 00:00,05F0439S,05F0494S,41,0,0
2025/11/28 00:00,05F0439S,05F0494S,42,207,1
2025/11/28 00:00,05F0439S,05F0494S,5,243,1
2025/11/28 00:05,05F0000S,05F0055S,31,234,24
2025/11/28 00:05,05F0000S,05F0055S,32,237,5
2025/11/28 00:05,05F0000S,05F0055S,41,247,1
2025/11/28 00:05,05F0000S,05F0055S,42,0,0
2025/11/28 00:05,05F0000S,05F0055S,5,0,0
2025/11/28 00:05,05F0055S,05F0287S,31,956,25
2025/11/28 00:05,05F0055S,05F0287S,32,979,8
2025/11/28 00:05,05F0055S,05F0287S,41,970,1
2025/11/28 00:05,05F0055S,05F0287S,42,0,0
2025/11/28 00:05,05F0055S,05F0287S,5,0,0
2025/11/28 00:05,05F0287S,05F0309S,31,83,16
2025/11/28 00:05,05F0287S,05F0309S,32,90,5
2025/11/28 00:05,05F0287S,05F0309S,41,1237,1
2025/11/28 00:05,05F0287S,05F0309S,42,0,0
2025/11/28 00:05,05F0287S,05F0309S,5,0,0
2025/11/28 00:05,05F0309S,05F0439S,31,472,12
2025/11/28 00:05,05F0309S,05F0439S,32,515,3
2025/11/28 00:05,05F0309S,05F0439S,41,519,2
2025/11/28 00:05,05F0309S,05F0439S,42,646,1
2025/11/28 00:05,05F0309S,05F0439S,5,551,2
2025/11/28 00:05,05F0439S,05F0494S,31,214,4
2025/11/28 00:05,05F0439S,05F0494S,32,204,2
2025/11/28 00:05,05F0439S,05F0494S,41,0,0
2025/11/28 00:05,05F0439S,05F0494S,42,0,0
2025/11/28 00:05,05F0439S,05F0494S,5,220,4
2025/11/28 00:10,05F0000S,05F0055S,31,237,21
2025/11/28 00:10,05F0000S,05F0055S,32,245,5
2025/11/28 00:10,05F0000S,05F0055S,41,0,0
2025/11/28 00:10,05F0000S,05F0055S,42,0,0
2025/11/28 00:10,05F0000S,05F0055S,5,0,0
2025/11/28 00:10,05F0055S,05F0287S,31,955,30
2025/11/28 00:10,05F0055S,05F0287S,32,972,5
2025/11/28 00:10,05F0055S,05F0287S,41,957,3
2025/11/28 00:10,05F0055S,05F0287S,42,0,0
2025/11/28 00:10,05F0055S,05F0287S,5,0,0
2025/11/28 00:10,05F0287S,05F0309S,31,84,18
2025/11/28 00:10,05F0287S,05F0309S,32,84,4
2025/11/28 00:10,05F0287S,05F0309S,41,88,2
2025/11/28 00:10,05F0287S,05F0309S,42,0,0
2025/11/28 00:10,05F0287S,05F0309S,5,0,0
2025/11/28 00:10,05F0309S,05F0439S,31,485,8
2025/11/28 00:10,05F0309S,05F0439S,32,495,6
2025/11/28 00:10,05F0309S,05F0439S,41,538,1
2025/11/28 00:10,05F0309S,05F0439S,42,621,1
2025/11/28 00:10,05F0309S,05F0439S,5,529,2
2025/11/28 00:10,05F0439S,05F0494S,31,206,6
2025/11/28 00:10,05F0439S,05F0494S,32,198,1
2025/11/28 00:10,05F0439S,05F0494S,41,0,0
2025/11/28 00:10,05F0439S,05F0494S,42,265,1
2025/11/28 00:10,05F0439S,05F0494S,5,227,4
2025/11/28 00:15,05F0000S,05F0055S,31,233,33
2025/11/28 00:15,05F0000S,05F0055S,32,240,10
2025/11/28 00:15,05F0000S,05F0055S,41,0,0
2025/11/28 00:15,05F0000S,05F0055S,42,257,1
2025/11/28 00:15,05F0000S,05F0055S,5,0,0
2025/11/28 00:15,05F0055S,05F0287S,31,969,25
2025/11/28 00:15,05F0055S,05F0287S,32,962,12
2025/11/28 00:15,05F0055S,05F0287S,41,0,0
2025/11/28 00:15,05F0055S,05F0287S,42,0,0
2025/11/28 00:15,05F0055S,05F0287S,5,0,0
2025/11/28 00:15,05F0287S,05F0309S,31,83,25
2025/11/28 00:15,05F0287S,05F0309S,32,79,8
2025/11/28 00:15,05F0287S,05F0309S,41,93,1
2025/11/28 00:15,05F0287S,05F0309S,42,0,0
2025/11/28 00:15,05F0287S,05F0309S,5,0,0
2025/11/28 00:15,05F0309S,05F0439S,31,478,13
2025/11/28 00:15,05F0309S,05F0439S,32,500,1
2025/11/28 00:15,05F0309S,05F0439S,41,498,1
2025/11/28 00:15,05F0309S,05F0439S,42,0,0
2025/11/28 00:15,05F0309S,05F0439S,5,0,0
2025/11/28 00:15,05F0439S,05F0494S,31,192,4
2025/11/28 00:15,05F0439S,05F0494S,32,206,4
2025/11/28 00:15,05F0439S,05F0494S,41,0,0
2025/11/28 00:15,05F0439S,05F0494S,42,255,1
2025/11/28 00:15,05F0439S,05F0494S,5,0,0
2025/11/28 00:20,05F0000S,05F0055S,31,226,27
2025/11/28 00:20,05F0000S,05F0055S,32,231,8
2025/11/28 00:20,05F0000S,05F0055S,41,0,0
2025/11/28 00:20,05F0000S,05F0055S,42,0,0
2025/11/28 00:20,05F0000S,05F0055S,5,0,0
2025/11/28 00:20,05F0055S,05F0287S,31,974,32
2025/11/28 00:20,05F0055S,05F0287S,32,951,3
2025/11/28 00:20,05F0055S,05F0287S,41,0,0
2025/11/28 00:20,05F0055S,05F0287S,42,0,0
2025/11/28 00:20,05F0055S,05F0287S,5,0,0
2025/11/28 00:20,05F0287S,05F0309S,31,85,16
2025/11/28 00:20,05F0287S,05F0309S,32,86,6
2025/11/28 00:20,05F0287S,05F0309S,41,0,0
2025/11/28 00:20,05F0287S,05F0309S,42,0,0
2025/11/28 00:20,05F0287S,05F0309S,5,0,0
2025/11/28 00:20,05F0309S,05F0439S,31,478,15
2025/11/28 00:20,05F0309S,05F0439S,32,510,2
2025/11/28 00:20,05F0309S,05F0439S,41,522,1
2025/11/28 00:20,05F0309S,05F0439S,42,0,0
2025/11/28 00:20,05F0309S,05F0439S,5,539,2
2025/11/28 00:20,05F0439S,05F0494S,31,191,3
2025/11/28 00:20,05F0439S,05F0494S,32,0,0
2025/11/28 00:20,05F0439S,05F0494S,41,0,0
2025/11/28 00:20,05F0439S,05F0494S,42,0,0
2025/11/28 00:20,05F0439S,05F0494S,5,0,0
2025/11/28 00:25,05F0000S,05F0055S,31,224,15
2025/11/28 00:25,05F0000S,05F0055S,32,231,6
2025/11/28 00:25,05F0000S,05F0055S,41,240,2
2025/11/28 00:25,05F0000S,05F0055S,42,0,0
2025/11/28 00:25,05F0000S,05F0055S,5,0,0
2025/11/28 00:25,05F0055S,05F0287S,31,971,22
2025/11/28 00:25,05F0055S,05F0287S,32,993,8
2025/11/28 00:25,05F0055S,05F0287S,41,1057,1
2025/11/28 00:25,05F0055S,05F0287S,42,0,0
2025/11/28 00:25,05F0055S,05F0287S,5,0,0
2025/11/28 00:25,05F0287S,05F0309S,31,84,21
2025/11/28 00:25,05F0287S,05F0309S,32,92,5
2025/11/28 00:25,05F0287S,05F0309S,41,0,0
2025/11/28 00:25,05F0287S,05F0309S,42,0,0
2025/11/28 00:25,05F0287S,05F0309S,5,0,0
2025/11/28 00:25,05F0309S,05F0439S,31,475,13
2025/11/28 00:25,05F0309S,05F0439S,32,467,9
2025/11/28 00:25,05F0309S,05F0439S,41,0,0
2025/11/28 00:25,05F0309S,05F0439S,42,501,1
2025/11/28 00:25,05F0309S,05F0439S,5,522,1
2025/11/28 00:25,05F0439S,05F0494S,31,202,6
2025/11/28 00:25,05F0439S,05F0494S,32,203,2
2025/11/28 00:25,05F0439S,05F0494S,41,0,0
2025/11/28 00:25,05F0439S,05F0494S,42,220,1
2025/11/28 00:25,05F0439S,05F0494S,5,237,1
2025/11/28 00:30,05F0000S,05F0055S,31,234,17
2025/11/28 00:30,05F0000S,05F0055S,32,230,6
2025/11/28 00:30,05F0000S,05F0055S,41,0,0
2025/11/28 00:30,05F0000S,05F0055S,42,0,0
2025/11/28 00:30,05F0000S,05F0055S,5,0,0
2025/11/28 00:30,05F0055S,05F0287S,31,958,35
2025/11/28 00:30,05F0055S,05F0287S,32,982,9
2025/11/28 00:30,05F0055S,05F0287S,41,0,0
2025/11/28 00:30,05F0055S,05F0287S,42,0,0
2025/11/28 00:30,05F0055S,05F0287S,5,0,0
2025/11/28 00:30,05F0287S,05F0309S,31,84,23
2025/11/28 00:30,05F0287S,05F0309S,32,84,6
2025/11/28 00:30,05F0287S,05F0309S,41,1064,1
2025/11/28 00:30,05F0287S,05F0309S,42,0,0
2025/11/28 00:30,05F0287S,05F0309S,5,0,0
2025/11/28 00:30,05F0309S,05F0439S,31,478,16
2025/11/28 00:30,05F0309S,05F0439S,32,477,5
2025/11/28 00:30,05F0309S,05F0439S,41,0,0
2025/11/28 00:30,05F0309S,05F0439S,42,503,1
2025/11/28 00:30,05F0309S,05F0439S,5,499,1
2025/11/28 00:30,05F0439S,05F0494S,31,193,2
2025/11/28 00:30,05F0439S,05F0494S,32,205,2
2025/11/28 00:30,05F0439S,05F0494S,41,0,0
2025/11/28 00:30,05F0439S,05F0494S,42,0,0
2025/11/28 00:30,05F0439S,05F0494S,5,221,1
2025/11/28 00:35,05F0000S,05F0055S,31,227,15
2025/11/28 00:35,05F0000S,05F0055S,32,244,8
2025/11/28 00:35,05F0000S,05F0055S,41,0,0
2025/11/28 00:35,05F0000S,05F0055S,42,0,0
2025/11/28 00:35,05F0000S,05F0055S,5,0,0
2025/11/28 00:35,05F0055S,05F0287S,31,926,27
2025/11/28 00:35,05F0055S,05F0287S,32,917,9
2025/11/28 00:35,05F0055S,05F0287S,41,0,0
2025/11/28 00:35,05F0055S,05F0287S,42,1016,1
2025/11/28 00:35,05F0055S,05F0287S,5,0,0
2025/11/28 00:35,05F0287S,05F0309S,31,80,15
2025/11/28 00:35,05F0287S,05F0309S,32,70,7
2025/11/28 00:35,05F0287S,05F0309S,41,0,0
2025/11/28 00:35,05F0287S,05F0309S,42,87,1
2025/11/28 00:35,05F0287S,05F0309S,5,0,0
2025/11/28 00:35,05F0309S,05F0439S,31,477,14
2025/11/28 00:35,05F0309S,05F0439S,32,500,4
2025/11/28 00:35,05F0309S,05F0439S,41,517,1
2025/11/28 00:35,05F0309S,05F0439S,42,0,0
2025/11/28 00:35,05F0309S,05F0439S,5,0,0
2025/11/28 00:35,05F0439S,05F0494S,31,199,10
2025/11/28 00:35,05F0439S,05F0494S,32,221,1
2025/11/28 00:35,05F0439S,05F0494S,41,0,0
2025/11/28 00:35,05F0439S,05F0494S,42,213,1
2025/11/28 00:35,05F0439S,05F0494S,5,211,1
2025/11/28 00:40,05F0000S,05F0055S,31,239,18
2025/11/28 00:40,05F0000S,05F0055S,32,245,7
2025/11/28 00:40,05F0000S,05F0055S,41,0,0
2025/11/28 00:40,05F0000S,05F0055S,42,0,0
2025/11/28 00:40,05F0000S,05F0055S,5,0,0
2025/11/28 00:40,05F0055S,05F0287S,31,902,15
2025/11/28 00:40,05F0055S,05F0287S,32,941,7
2025/11/28 00:40,05F0055S,05F0287S,41,954,1
2025/11/28 00:40,05F0055S,05F0287S,42,0,0
2025/11/28 00:40,05F0055S,05F0287S,5,0,0
2025/11/28 00:40,05F0287S,05F0309S,31,85,19
2025/11/28 00:40,05F0287S,05F0309S,32,85,7
2025/11/28 00:40,05F0287S,05F0309S,41,94,1
2025/11/28 00:40,05F0287S,05F0309S,42,0,0
2025/11/28 00:40,05F0287S,05F0309S,5,0,0
2025/11/28 00:40,05F0309S,05F0439S,31,471,18
2025/11/28 00:40,05F0309S,05F0439S,32,437,5
2025/11/28 00:40,05F0309S,05F0439S,41,0,0
2025/11/28 00:40,05F0309S,05F0439S,42,503,1
2025/11/28 00:40,05F0309S,05F0439S,5,0,0
2025/11/28 00:40,05F0439S,05F0494S,31,200,1
2025/11/28 00:40,05F0439S,05F0494S,32,215,3
2025/11/28 00:40,05F0439S,05F0494S,41,0,0
2025/11/28 00:40,05F0439S,05F0494S,42,0,0
2025/11/28 00:40,05F0439S,05F0494S,5,0,0
2025/11/28 00:45,05F0000S,05F0055S,31,226,17
2025/11/28 00:45,05F0000S,05F0055S,32,251,5
2025/11/28 00:45,05F0000S,05F0055S,41,0,0
2025/11/28 00:45,05F0000S,05F0055S,42,0,0
2025/11/28 00:45,05F0000S,05F0055S,5,0,0
2025/11/28 00:45,05F0055S,05F0287S,31,981,16
2025/11/28 00:45,05F0055S,05F0287S,32,962,7
2025/11/28 00:45,05F0055S,05F0287S,41,984,1
2025/11/28 00:45,05F0055S,05F0287S,42,0,0
2025/11/28 00:45,05F0055S,05F0287S,5,0,0
2025/11/28 00:45,05F0287S,05F0309S,31,88,9
2025/11/28 00:45,05F0287S,05F0309S,32,86,6
2025/11/28 00:45,05F0287S,05F0309S,41,0,0
2025/11/28 00:45,05F0287S,05F0309S,42,0,0
2025/11/28 00:45,05F0287S,05F0309S,5,0,0
2025/11/28 00:45,05F0309S,05F0439S,31,482,14
2025/11/28 00:45,05F0309S,05F0439S,32,447,3
2025/11/28 00:45,05F0309S,05F0439S,41,0,0
2025/11/28 00:45,05F0309S,05F0439S,42,518,2
2025/11/28 00:45,05F0309S,05F0439S,5,494,2
2025/11/28 00:45,05F0439S,05F0494S,31,1598,2
2025/11/28 00:45,05F0439S,05F0494S,32,177,1
2025/11/28 00:45,05F0439S,05F0494S,41,0,0
2025/11/28 00:45,05F0439S,05F0494S,42,214,1
2025/11/28 00:45,05F0439S,05F0494S,5,209,1
2025/11/28 00:50,05F0000S,05F0055S,31,226,22
2025/11/28 00:50,05F0000S,05F0055S,32,234,4
2025/11/28 00:50,05F0000S,05F0055S,41,229,2
2025/11/28 00:50,05F0000S,05F0055S,42,0,0
2025/11/28 00:50,05F0000S,05F0055S,5,0,0
2025/11/28 00:50,05F0055S,05F0287S,31,935,17
2025/11/28 00:50,05F0055S,05F0287S,32,933,5
2025/11/28 00:50,05F0055S,05F0287S,41,0,0
2025/11/28 00:50,05F0055S,05F0287S,42,0,0
2025/11/28 00:50,05F0055S,05F0287S,5,0,0
2025/11/28 00:50,05F0287S,05F0309S,31,77,15
2025/11/28 00:50,05F0287S,05F0309S,32,82,6
2025/11/28 00:50,05F0287S,05F0309S,41,0,0
2025/11/28 00:50,05F0287S,05F0309S,42,0,0
2025/11/28 00:50,05F0287S,05F0309S,5,0,0
2025/11/28 00:50,05F0309S,05F0439S,31,488,6
2025/11/28 00:50,05F0309S,05F0439S,32,478,4
2025/11/28 00:50,05F0309S,05F0439S,41,527,1
2025/11/28 00:50,05F0309S,05F0439S,42,519,2
2025/11/28 00:50,05F0309S,05F0439S,5,537,4
2025/11/28 00:50,05F0439S,05F0494S,31,200,8
2025/11/28 00:50,05F0439S,05F0494S,32,822,2
2025/11/28 00:50,05F0439S,05F0494S,41,0,0
2025/11/28 00:50,05F0439S,05F0494S,42,229,1
2025/11/28 00:50,05F0439S,05F0494S,5,210,1
2025/11/28 00:55,05F0000S,05F0055S,31,234,17
2025/11/28 00:55,05F0000S,05F0055S,32,233,7
2025/11/28 00:55,05F0000S,05F0055S,41,0,0
2025/11/28 00:55,05F0000S,05F0055S,42,0,0
2025/11/28 00:55,05F0000S,05F0055S,5,0,0
2025/11/28 00:55,05F0055S,05F0287S,31,997,19
2025/11/28 00:55,05F0055S,05F0287S,32,1021,10
2025/11/28 00:55,05F0055S,05F0287S,41,0,0
2025/11/28 00:55,05F0055S,05F0287S,42,0,0
2025/11/28 00:55,05F0055S,05F0287S,5,0,0
2025/11/28 00:55,05F0287S,05F0309S,31,82,12
2025/11/28 00:55,05F0287S,05F0309S,32,93,8
2025/11/28 00:55,05F0287S,05F0309S,41,0,0
2025/11/28 00:55,05F0287S,05F0309S,42,0,0
2025/11/28 00:55,05F0287S,05F0309S,5,0,0
2025/11/28 00:55,05F0309S,05F0439S,31,479,11
2025/11/28 00:55,05F0309S,05F0439S,32,459,4
2025/11/28 00:55,05F0309S,05F0439S,41,0,0
2025/11/28 00:55,05F0309S,05F0439S,42,504,1
2025/11/28 00:55,05F0309S,05F0439S,5,528,3
2025/11/28 00:55,05F0439S,05F0494S,31,168,1
2025/11/28 00:55,05F0439S,05F0494S,32,209,1
2025/11/28 00:55,05F0439S,05F0494S,41,0,0
2025/11/28 00:55,05F0439S,05F0494S,42,221,2
2025/11/28 00:55,05F0439S,05F0494S,5,235,4
2025/11/28 01:00,05F0000S,05F0055S,31,234,8
2025/11/28 01:00,05F0000S,05F0055S,32,241,7
2025/11/28 01:00,05F0000S,05F0055S,41,0,0
2025/11/28 01:00,05F0000S,05F0055S,42,0,0
2025/11/28 01:00,05F0000S,05F0055S,5,0,0
2025/11/28 01:00,05F0055S,05F0287S,31,947,14
2025/11/28 01:00,05F0055S,05F0287S,32,1011,5
2025/11/28 01:00,05F0055S,05F0287S,41,0,0
2025/11/28 01:00,05F0055S,05F0287S,42,0,0
2025/11/28 01:00,05F0055S,05F0287S,5,0,0
2025/11/28 01:00,05F0287S,05F0309S,31,83,10
2025/11/28 01:00,05F0287S,05F0309S,32,87,4
2025/11/28 01:00,05F0287S,05F0309S,41,0,0
2025/11/28 01:00,05F0287S,05F0309S,42,0,0
2025/11/28 01:00,05F0287S,05F0309S,5,0,0
2025/11/28 01:00,05F0309S,05F0439S,31,464,9
2025/11/28 01:00,05F0309S,05F0439S,32,454,5
2025/11/28 01:00,05F0309S,05F0439S,41,0,0
2025/11/28 01:00,05F0309S,05F0439S,42,0,0
2025/11/28 01:00,05F0309S,05F0439S,5,495,3
2025/11/28 01:00,05F0439S,05F0494S,31,160,3
2025/11/28 01:00,05F0439S,05F0494S,32,193,1
2025/11/28 01:00,05F0439S,05F0494S,41,0,0
2025/11/28 01:00,05F0439S,05F0494S,42,0,0
2025/11/28 01:00,05F0439S,05F0494S,5,206,1
2025/11/28 01:05,05F0000S,05F0055S,31,233,11
2025/11/28 01:05,05F0000S,05F0055S,32,238,5
2025/11/28 01:05,05F0000S,05F0055S,41,0,0
2025/11/28 01:05,05F0000S,05F0055S,42,0,0
2025/11/28 01:05,05F0000S,05F0055S,5,0,0
2025/11/28 01:05,05F0055S,05F0287S,31,948,25
2025/11/28 01:05,05F0055S,05F0287S,32,981,5
2025/11/28 01:05,05F0055S,05F0287S,41,975,2
2025/11/28 01:05,05F0055S,05F0287S,42,0,0
2025/11/28 01:05,05F0055S,05F0287S,5,0,0
2025/11/28 01:05,05F0287S,05F0309S,31,81,11
2025/11/28 01:05,05F0287S,05F0309S,32,91,4
2025/11/28 01:05,05F0287S,05F0309S,41,0,0
2025/11/28 01:05,05F0287S,05F0309S,42,0,0
2025/11/28 01:05,05F0287S,05F0309S,5,0,0
2025/11/28 01:05,05F0309S,05F0439S,31,477,5
2025/11/28 01:05,05F0309S,05F0439S,32,482,6
2025/11/28 01:05,05F0309S,05F0439S,41,0,0
2025/11/28 01:05,05F0309S,05F0439S,42,605,1
2025/11/28 01:05,05F0309S,05F0439S,5,468,1
2025/11/28 01:05,05F0439S,05F0494S,31,176,1
2025/11/28 01:05,05F0439S,05F0494S,32,1005,2
2025/11/28 01:05,05F0439S,05F0494S,41,0,0
2025/11/28 01:05,05F0439S,05F0494S,42,0,0
2025/11/28 01:05,05F0439S,05F0494S,5,230,1
2025/11/28 01:10,05F0000S,05F0055S,31,223,23
2025/11/28 01:10,05F0000S,05F0055S,32,240,6
2025/11/28 01:10,05F0000S,05F0055S,41,0,0
2025/11/28 01:10,05F0000S,05F0055S,42,0,0
2025/11/28 01:10,05F0000S,05F0055S,5,0,0
2025/11/28 01:10,05F0055S,05F0287S,31,947,15
2025/11/28 01:10,05F0055S,05F0287S,32,967,4
2025/11/28 01:10,05F0055S,05F0287S,41,0,0
2025/11/28 01:10,05F0055S,05F0287S,42,0,0
2025/11/28 01:10,05F0055S,05F0287S,5,0,0
2025/11/28 01:10,05F0287S,05F0309S,31,79,6
2025/11/28 01:10,05F0287S,05F0309S,32,89,4
2025/11/28 01:10,05F0287S,05F0309S,41,0,0
2025/11/28 01:10,05F0287S,05F0309S,42,0,0
2025/11/28 01:10,05F0287S,05F0309S,5,0,0
2025/11/28 01:10,05F0309S,05F0439S,31,438,8
2025/11/28 01:10,05F0309S,05F0439S,32,824,1
2025/11/28 01:10,05F0309S,05F0439S,41,0,0
2025/11/28 01:10,05F0309S,05F0439S,42,531,1
2025/11/28 01:10,05F0309S,05F0439S,5,531,1
2025/11/28 01:10,05F0439S,05F0494S,31,178,2
2025/11/28 01:10,05F0439S,05F0494S,32,0,0
2025/11/28 01:10,05F0439S,05F0494S,41,0,0
2025/11/28 01:10,05F0439S,05F0494S,42,266,1
2025/11/28 01:10,05F0439S,05F0494S,5,198,1
2025/11/28 01:15,05F0000S,05F0055S,31,226,16
2025/11/28 01:15,05F0000S,05F0055S,32,230,6
2025/11/28 01:15,05F0000S,05F0055S,41,0,0
2025/11/28 01:15,05F0000S,05F0055S,42,0,0
2025/11/28 01:15,05F0000S,05F0055S,5,0,0
2025/11/28 01:15,05F0055S,05F0287S,31,967,10
2025/11/28 01:15,05F0055S,05F0287S,32,972,7
2025/11/28 01:15,05F0055S,05F0287S,41,0,0
2025/11/28 01:15,05F0055S,05F0287S,42,0,0
2025/11/28 01:15,05F0055S,05F0287S,5,0,0
2025/11/28 01:15,05F0287S,05F0309S,31,87,14
2025/11/28 01:15,05F0287S,05F0309S,32,88,5
2025/11/28 01:15,05F0287S,05F0309S,41,0,0
2025/11/28 01:15,05F0287S,05F0309S,42,0,0
2025/11/28 01:15,05F0287S,05F0309S,5,0,0
2025/11/28 01:15,05F0309S,05F0439S,31,432,4
2025/11/28 01:15,05F0309S,05F0439S,32,474,4
2025/11/28 01:15,05F0309S,05F0439S,41,0,0
2025/11/28 01:15,05F0309S,05F0439S,42,0,0
2025/11/28 01:15,05F0309S,05F0439S,5,512,1
2025/11/28 01:15,05F0439S,05F0494S,31,143,3
2025/11/28 01:15,05F0439S,05F0494S,32,0,0
2025/11/28 01:15,05F0439S,05F0494S,41,0,0
2025/11/28 01:15,05F0439S,05F0494S,42,223,1
2025/11/28 01:15,05F0439S,05F0494S,5,221,1
2025/11/28 01:20,05F0000S,05F0055S,31,228,12
2025/11/28 01:20,05F0000S,05F0055S,32,226,10
2025/11/28 01:20,05F0000S,05F0055S,41,0,0
2025/11/28 01:20,05F0000S,05F0055S,42,0,0
2025/11/28 01:20,05F0000S,05F0055S,5,0,0
2025/11/28 01:20,05F0055S,05F0287S,31,975,15
2025/11/28 01:20,05F0055S,05F0287S,32,1061,7
2025/11/28 01:20,05F0055S,05F0287S,41,0,0
2025/11/28 01:20,05F0055S,05F0287S,42,0,0
2025/11/28 01:20,05F0055S,05F0287S,5,0,0
2025/11/28 01:20,05F0287S,05F0309S,31,87,9
2025/11/28 01:20,05F0287S,05F0309S,32,82,6
2025/11/28 01:20,05F0287S,05F0309S,41,0,0
2025/11/28 01:20,05F0287S,05F0309S,42,0,0
2025/11/28 01:20,05F0287S,05F0309S,5,0,0
2025/11/28 01:20,05F0309S,05F0439S,31,485,6
2025/11/28 01:20,05F0309S,05F0439S,32,513,2
2025/11/28 01:20,05F0309S,05F0439S,41,0,0
2025/11/28 01:20,05F0309S,05F0439S,42,0,0
2025/11/28 01:20,05F0309S,05F0439S,5,526,2
2025/11/28 01:20,05F0439S,05F0494S,31,194,2
2025/11/28 01:20,05F0439S,05F0494S,32,225,3
2025/11/28 01:20,05F0439S,05F0494S,41,0,0
2025/11/28 01:20,05F0439S,05F0494S,42,0,0
2025/11/28 01:20,05F0439S,05F0494S,5,230,1
2025/11/28 01:25,05F0000S,05F0055S,31,227,15
2025/11/28 01:25,05F0000S,05F0055S,32,232,3
2025/11/28 01:25,05F0000S,05F0055S,41,0,0
2025/11/28 01:25,05F0000S,05F0055S,42,0,0
2025/11/28 01:25,05F0000S,05F0055S,5,0,0
2025/11/28 01:25,05F0055S,05F0287S,31,890,21
2025/11/28 01:25,05F0055S,05F0287S,32,918,2
2025/11/28 01:25,05F0055S,05F0287S,41,0,0
2025/11/28 01:25,05F0055S,05F0287S,42,0,0
2025/11/28 01:25,05F0055S,05F0287S,5,0,0
2025/11/28 01:25,05F0287S,05F0309S,31,76,14
2025/11/28 01:25,05F0287S,05F0309S,32,102,5
2025/11/28 01:25,05F0287S,05F0309S,41,0,0
2025/11/28 01:25,05F0287S,05F0309S,42,0,0
2025/11/28 01:25,05F0287S,05F0309S,5,0,0
2025/11/28 01:25,05F0309S,05F0439S,31,477,4
2025/11/28 01:25,05F0309S,05F0439S,32,493,4
2025/11/28 01:25,05F0309S,05F0439S,41,0,0
2025/11/28 01:25,05F0309S,05F0439S,42,574,1
2025/11/28 01:25,05F0309S,05F0439S,5,0,0
2025/11/28 01:25,05F0439S,05F0494S,31,192,3
2025/11/28 01:25,05F0439S,05F0494S,32,212,1
2025/11/28 01:25,05F0439S,05F0494S,41,0,0
2025/11/28 01:25,05F0439S,05F0494S,42,242,2
2025/11/28 01:25,05F0439S,05F0494S,5,223,2
2025/11/28 01:30,05F0000S,05F0055S,31,223,24
2025/11/28 01:30,05F0000S,05F0055S,32,235,2
2025/11/28 01:30,05F0000S,05F0055S,41,0,0
2025/11/28 01:30,05F0000S,05F0055S,42,0,0
2025/11/28 01:30,05F0000S,05F0055S,5,0,0
2025/11/28 01:30,05F0055S,05F0287S,31,964,18
2025/11/28 01:30,05F0055S,05F0287S,32,958,6
2025/11/28 01:30,05F0055S,05F0287S,41,0,0
2025/11/28 01:30,05F0055S,05F0287S,42,0,0
2025/11/28 01:30,05F0055S,05F0287S,5,0,0
2025/11/28 01:30,05F0287S,05F0309S,31,85,11
2025/11/28 01:30,05F0287S,05F0309S,32,88,5
2025/11/28 01:30,05F0287S,05F0309S,41,0,0
2025/11/28 01:30,05F0287S,05F0309S,42,0,0
2025/11/28 01:30,05F0287S,05F0309S,5,0,0
2025/11/28 01:30,05F0309S,05F0439S,31,494,11
2025/11/28 01:30,05F0309S,05F0439S,32,452,3
2025/11/28 01:30,05F0309S,05F0439S,41,0,0
2025/11/28 01:30,05F0309S,05F0439S,42,0,0
2025/11/28 01:30,05F0309S,05F0439S,5,0,0
2025/11/28 01:30,05F0439S,05F0494S,31,194,2
2025/11/28 01:30,05F0439S,05F0494S,32,245,2
2025/11/28 01:30,05F0439S,05F0494S,41,0,0
2025/11/28 01:30,05F0439S,05F0494S,42,0,0
2025/11/28 01:30,05F0439S,05F0494S,5,0,0
2025/11/28 01:35,05F0000S,05F0055S,31,232,8
2025/11/28 01:35,05F0000S,05F0055S,32,221,6
2025/11/28 01:35,05F0000S,05F0055S,41,0,0
2025/11/28 01:35,05F0000S,05F0055S,42,0,0
2025/11/28 01:35,05F0000S,05F0055S,5,0,0
2025/11/28 01:35,05F0055S,05F0287S,31,985,11
2025/11/28 01:35,05F0055S,05F0287S,32,987,10
2025/11/28 01:35,05F0055S,05F0287S,41,0,0
2025/11/28 01:35,05F0055S,05F0287S,42,0,0
2025/11/28 01:35,05F0055S,05F0287S,5,0,0
2025/11/28 01:35,05F0287S,05F0309S,31,84,9
2025/11/28 01:35,05F0287S,05F0309S,32,84,4
2025/11/28 01:35,05F0287S,05F0309S,41,0,0
2025/11/28 01:35,05F0287S,05F0309S,42,0,0
2025/11/28 01:35,05F0287S,05F0309S,5,0,0
2025/11/28 01:35,05F0309S,05F0439S,31,480,7
2025/11/28 01:35,05F0309S,05F0439S,32,584,5
2025/11/28 01:35,05F0309S,05F0439S,41,0,0
2025/11/28 01:35,05F0309S,05F0439S,42,590,2
2025/11/28 01:35,05F0309S,05F0439S,5,483,3
2025/11/28 01:35,05F0439S,05F0494S,31,180,9
2025/11/28 01:35,05F0439S,05F0494S,32,229,4
2025/11/28 01:35,05F0439S,05F0494S,41,0,0
2025/11/28 01:35,05F0439S,05F0494S,42,0,0
2025/11/28 01:35,05F0439S,05F0494S,5,202,2
2025/11/28 01:40,05F0000S,05F0055S,31,227,9
2025/11/28 01:40,05F0000S,05F0055S,32,226,7
2025/11/28 01:40,05F0000S,05F0055S,41,0,0
2025/11/28 01:40,05F0000S,05F0055S,42,0,0
2025/11/28 01:40,05F0000S,05F0055S,5,0,0
2025/11/28 01:40,05F0055S,05F0287S,31,923,20
2025/11/28 01:40,05F0055S,05F0287S,32,965,5
2025/11/28 01:40,05F0055S,05F0287S,41,0,0
2025/11/28 01:40,05F0055S,05F0287S,42,0,0
2025/11/28 01:40,05F0055S,05F0287S,5,0,0
2025/11/28 01:40,05F0287S,05F0309S,31,79,15
2025/11/28 01:40,05F0287S,05F0309S,32,80,5
2025/11/28 01:40,05F0287S,05F0309S,41,0,0
2025/11/28 01:40,05F0287S,05F0309S,42,0,0
2025/11/28 01:40,05F0287S,05F0309S,5,0,0
2025/11/28 01:40,05F0309S,05F0439S,31,492,5
2025/11/28 01:40,05F0309S,05F0439S,32,529,4
2025/11/28 01:40,05F0309S,05F0439S,41,0,0
2025/11/28 01:40,05F0309S,05F0439S,42,504,2
2025/11/28 01:40,05F0309S,05F0439S,5,0,0
2025/11/28 01:40,05F0439S,05F0494S,31,0,0
2025/11/28 01:40,05F0439S,05F0494S,32,0,0
2025/11/28 01:40,05F0439S,05F0494S,41,0,0
2025/11/28 01:40,05F0439S,05F0494S,42,0,0
2025/11/28 01:40,05F0439S,05F0494S,5,222,1
2025/11/28 01:45,05F0000S,05F0055S,31,220,8
2025/11/28 01:45,05F0000S,05F0055S,32,228,4
2025/11/28 01:45,05F0000S,05F0055S,41,0,0
2025/11/28 01:45,05F0000S,05F0055S,42,0,0
2025/11/28 01:45,05F0000S,05F0055S,5,0,0
2025/11/28 01:45,05F0055S,05F0287S,31,920,14
2025/11/28 01:45,05F0055S,05F0287S,32,936,1
2025/11/28 01:45,05F0055S,05F0287S,41,0,0
2025/11/28 01:45,05F0055S,05F0287S,42,0,0
2025/11/28 01:45,05F0055S,05F0287S,5,0,0
2025/11/28 01:45,05F0287S,05F0309S,31,83,14
2025/11/28 01:45,05F0287S,05F0309S,32,92,2
2025/11/28 01:45,05F0287S,05F0309S,41,0,0
2025/11/28 01:45,05F0287S,05F0309S,42,0,0
2025/11/28 01:45,05F0287S,05F0309S,5,0,0
2025/11/28 01:45,05F0309S,05F0439S,31,393,7
2025/11/28 01:45,05F0309S,05F0439S,32,451,5
2025/11/28 01:45,05F0309S,05F0439S,41,0,0
2025/11/28 01:45,05F0309S,05F0439S,42,0,0
2025/11/28 01:45,05F0309S,05F0439S,5,521,3
2025/11/28 01:45,05F0439S,05F0494S,31,197,5
2025/11/28 01:45,05F0439S,05F0494S,32,184,2
2025/11/28 01:45,05F0439S,05F0494S,41,0,0
2025/11/28 01:45,05F0439S,05F0494S,42,227,2
2025/11/28 01:45,05F0439S,05F0494S,5,207,1
2025/11/28 01:50,05F0000S,05F0055S,31,223,8
2025/11/28 01:50,05F0000S,05F0055S,32,222,11
2025/11/28 01:50,05F0000S,05F0055S,41,0,0
2025/11/28 01:50,05F0000S,05F0055S,42,0,0
2025/11/28 01:50,05F0000S,05F0055S,5,0,0
2025/11/28 01:50,05F0055S,05F0287S,31,964,19
2025/11/28 01:50,05F0055S,05F0287S,32,956,6
2025/11/28 01:50,05F0055S,05F0287S,41,0,0
2025/11/28 01:50,05F0055S,05F0287S,42,0,0
2025/11/28 01:50,05F0055S,05F0287S,5,0,0
2025/11/28 01:50,05F0287S,05F0309S,31,80,12
2025/11/28 01:50,05F0287S,05F0309S,32,85,6
2025/11/28 01:50,05F0287S,05F0309S,41,0,0
2025/11/28 01:50,05F0287S,05F0309S,42,0,0
2025/11/28 01:50,05F0287S,05F0309S,5,0,0
2025/11/28 01:50,05F0309S,05F0439S,31,476,6
2025/11/28 01:50,05F0309S,05F0439S,32,0,0
2025/11/28 01:50,05F0309S,05F0439S,41,0,0
2025/11/28 01:50,05F0309S,05F0439S,42,482,2
2025/11/28 01:50,05F0309S,05F0439S,5,527,2
2025/11/28 01:50,05F0439S,05F0494S,31,184,1
2025/11/28 01:50,05F0439S,05F0494S,32,183,2
2025/11/28 01:50,05F0439S,05F0494S,41,0,0
2025/11/28 01:50,05F0439S,05F0494S,42,885,1
2025/11/28 01:50,05F0439S,05F0494S,5,227,2
2025/11/28 01:55,05F0000S,05F0055S,31,231,11
2025/11/28 01:55,05F0000S,05F0055S,32,231,9
2025/11/28 01:55,05F0000S,05F0055S,41,0,0
2025/11/28 01:55,05F0000S,05F0055S,42,0,0
2025/11/28 01:55,05F0000S,05F0055S,5,0,0
2025/11/28 01:55,05F0055S,05F0287S,31,920,11
2025/11/28 01:55,05F0055S,05F0287S,32,918,6
2025/11/28 01:55,05F0055S,05F0287S,41,0,0
2025/11/28 01:55,05F0055S,05F0287S,42,0,0
2025/11/28 01:55,05F0055S,05F0287S,5,0,0
2025/11/28 01:55,05F0287S,05F0309S,31,86,7
2025/11/28 01:55,05F0287S,05F0309S,32,83,4
2025/11/28 01:55,05F0287S,05F0309S,41,0,0
2025/11/28 01:55,05F0287S,05F0309S,42,0,0
2025/11/28 01:55,05F0287S,05F0309S,5,0,0
2025/11/28 01:55,05F0309S,05F0439S,31,460,11
2025/11/28 01:55,05F0309S,05F0439S,32,613,1
2025/11/28 01:55,05F0309S,05F0439S,41,0,0
2025/11/28 01:55,05F0309S,05F0439S,42,0,0
2025/11/28 01:55,05F0309S,05F0439S,5,596,1
2025/11/28 01:55,05F0439S,05F0494S,31,201,3
2025/11/28 01:55,05F0439S,05F0494S,32,771,1
2025/11/28 01:55,05F0439S,05F0494S,41,0,0
2025/11/28 01:55,05F0439S,05F0494S,42,209,2
2025/11/28 01:55,05F0439S,05F0494S,5,222,2
2025/11/28 02:00,05F0000S,05F0055S,31,239,10
2025/11/28 02:00,05F0000S,05F0055S,32,249,8
2025/11/28 02:00,05F0000S,05F0055S,41,0,0
2025/11/28 02:00,05F0000S,05F0055S,42,0,0
2025/11/28 02:00,05F0000S,05F0055S,5,0,0
2025/11/28 02:00,05F0055S,05F0287S,31,919,7
2025/11/28 02:00,05F0055S,05F0287S,32,966,6
2025/11/28 02:00,05F0055S,05F0287S,41,0,0
2025/11/28 02:00,05F0055S,05F0287S,42,0,0
2025/11/28 02:00,05F0055S,05F0287S,5,0,0
2025/11/28 02:00,05F0287S,05F0309S,31,81,6
2025/11/28 02:00,05F0287S,05F0309S,32,90,5
2025/11/28 02:00,05F0287S,05F0309S,41,0,0
2025/11/28 02:00,05F0287S,05F0309S,42,0,0
2025/11/28 02:00,05F0287S,05F0309S,5,0,0
2025/11/28 02:00,05F0309S,05F0439S,31,485,4
2025/11/28 02:00,05F0309S,05F0439S,32,509,6
2025/11/28 02:00,05F0309S,05F0439S,41,0,0
2025/11/28 02:00,05F0309S,05F0439S,42,488,3
2025/11/28 02:00,05F0309S,05F0439S,5,509,2
2025/11/28 02:00,05F0439S,05F0494S,31,211,3
2025/11/28 02:00,05F0439S,05F0494S,32,216,1
2025/11/28 02:00,05F0439S,05F0494S,41,0,0
2025/11/28 02:00,05F0439S,05F0494S,42,215,2
2025/11/28 02:00,05F0439S,05F0494S,5,233,2
2025/11/28 02:05,05F0000S,05F0055S,31,233,10
2025/11/28 02:05,05F0000S,05F0055S,32,225,3
2025/11/28 02:05,05F0000S,05F0055S,41,0,0
2025/11/28 02:05,05F0000S,05F0055S,42,0,0
2025/11/28 02:05,05F0000S,05F0055S,5,0,0
2025/11/28 02:05,05F0055S,05F0287S,31,929,7
2025/11/28 02:05,05F0055S,05F0287S,32,904,8
2025/11/28 02:05,05F0055S,05F0287S,41,0,0
2025/11/28 02:05,05F0055S,05F0287S,42,0,0
2025/11/28 02:05,05F0055S,05F0287S,5,0,0
2025/11/28 02:05,05F0287S,05F0309S,31,80,5
2025/11/28 02:05,05F0287S,05F0309S,32,80,7
2025/11/28 02:05,05F0287S,05F0309S,41,0,0
2025/11/28 02:05,05F0287S,05F0309S,42,0,0
2025/11/28 02:05,05F0287S,05F0309S,5,0,0
2025/11/28 02:05,05F0309S,05F0439S,31,481,6
2025/11/28 02:05,05F0309S,05F0439S,32,471,3
2025/11/28 02:05,05F0309S,05F0439S,41,0,0
2025/11/28 02:05,05F0309S,05F0439S,42,0,0
2025/11/28 02:05,05F0309S,05F0439S,5,563,1
2025/11/28 02:05,05F0439S,05F0494S,31,187,2
2025/11/28 02:05,05F0439S,05F0494S,32,199,2
2025/11/28 02:05,05F0439S,05F0494S,41,0,0
2025/11/28 02:05,05F0439S,05F0494S,42,211,2
2025/11/28 02:05,05F0439S,05F0494S,5,226,1
2025/11/28 02:10,05F0000S,05F0055S,31,235,5
2025/11/28 02:10,05F0000S,05F0055S,32,232,7
2025/11/28 02:10,05F0000S,05F0055S,41,0,0
2025/11/28 02:10,05F0000S,05F0055S,42,0,0
2025/11/28 02:10,05F0000S,05F0055S,5,0,0
2025/11/28 02:10,05F0055S,05F0287S,31,949,13
2025/11/28 02:10,05F0055S,05F0287S,32,948,10
2025/11/28 02:10,05F0055S,05F0287S,41,0,0
2025/11/28 02:10,05F0055S,05F0287S,42,0,0
2025/11/28 02:10,05F0055S,05F0287S,5,0,0
2025/11/28 02:10,05F0287S,05F0309S,31,92,6
2025/11/28 02:10,05F0287S,05F0309S,32,79,9
2025/11/28 02:10,05F0287S,05F0309S,41,0,0
2025/11/28 02:10,05F0287S,05F0309S,42,0,0
2025/11/28 02:10,05F0287S,05F0309S,5,0,0
2025/11/28 02:10,05F0309S,05F0439S,31,439,5
2025/11/28 02:10,05F0309S,05F0439S,32,452,3
2025/11/28 02:10,05F0309S,05F0439S,41,0,0
2025/11/28 02:10,05F0309S,05F0439S,42,0,0
2025/11/28 02:10,05F0309S,05F0439S,5,0,0
2025/11/28 02:10,05F0439S,05F0494S,31,190,4
2025/11/28 02:10,05F0439S,05F0494S,32,207,1
2025/11/28 02:10,05F0439S,05F0494S,41,0,0
2025/11/28 02:10,05F0439S,05F0494S,42,0,0
2025/11/28 02:10,05F0439S,05F0494S,5,0,0
2025/11/28 02:15,05F0000S,05F0055S,31,246,6
2025/11/28 02:15,05F0000S,05F0055S,32,216,5
2025/11/28 02:15,05F0000S,05F0055S,41,0,0
2025/11/28 02:15,05F0000S,05F0055S,42,0,0
2025/11/28 02:15,05F0000S,05F0055S,5,0,0
2025/11/28 02:15,05F0055S,05F0287S,31,971,9
2025/11/28 02:15,05F0055S,05F0287S,32,966,6
2025/11/28 02:15,05F0055S,05F0287S,41,0,0
2025/11/28 02:15,05F0055S,05F0287S,42,0,0
2025/11/28 02:15,05F0055S,05F0287S,5,0,0
2025/11/28 02:15,05F0287S,05F0309S,31,75,6
2025/11/28 02:15,05F0287S,05F0309S,32,91,3
2025/11/28 02:15,05F0287S,05F0309S,41,0,0
2025/11/28 02:15,05F0287S,05F0309S,42,0,0
2025/11/28 02:15,05F0287S,05F0309S,5,0,0
2025/11/28 02:15,05F0309S,05F0439S,31,477,2
2025/11/28 02:15,05F0309S,05F0439S,32,495,3
2025/11/28 02:15,05F0309S,05F0439S,41,0,0
2025/11/28 02:15,05F0309S,05F0439S,42,564,2
2025/11/28 02:15,05F0309S,05F0439S,5,537,2
2025/11/28 02:15,05F0439S,05F0494S,31,404,2
2025/11/28 02:15,05F0439S,05F0494S,32,197,5
2025/11/28 02:15,05F0439S,05F0494S,41,0,0
2025/11/28 02:15,05F0439S,05F0494S,42,0,0
2025/11/28 02:15,05F0439S,05F0494S,5,0,0
2025/11/28 02:20,05F0000S,05F0055S,31,232,9
2025/11/28 02:20,05F0000S,05F0055S,32,243,2
2025/11/28 02:20,05F0000S,05F0055S,41,0,0
2025/11/28 02:20,05F0000S,05F0055S,42,0,0
2025/11/28 02:20,05F0000S,05F0055S,5,0,0
2025/11/28 02:20,05F0055S,05F0287S,31,937,10
2025/11/28 02:20,05F0055S,05F0287S,32,951,6
2025/11/28 02:20,05F0055S,05F0287S,41,0,0
2025/11/28 02:20,05F0055S,05F0287S,42,0,0
2025/11/28 02:20,05F0055S,05F0287S,5,0,0
2025/11/28 02:20,05F0287S,05F0309S,31,84,11
2025/11/28 02:20,05F0287S,05F0309S,32,83,7
2025/11/28 02:20,05F0287S,05F0309S,41,0,0
2025/11/28 02:20,05F0287S,05F0309S,42,0,0
2025/11/28 02:20,05F0287S,05F0309S,5,0,0
2025/11/28 02:20,05F0309S,05F0439S,31,469,7
2025/11/28 02:20,05F0309S,05F0439S,32,475,5
2025/11/28 02:20,05F0309S,05F0439S,41,0,0
2025/11/28 02:20,05F0309S,05F0439S,42,0,0
2025/11/28 02:20,05F0309S,05F0439S,5,520,1
2025/11/28 02:20,05F0439S,05F0494S,31,0,0
2025/11/28 02:20,05F0439S,05F0494S,32,161,1
2025/11/28 02:20,05F0439S,05F0494S,41,0,0
2025/11/28 02:20,05F0439S,05F0494S,42,225,3
2025/11/28 02:20,05F0439S,05F0494S,5,234,2
2025/11/28 02:25,05F0000S,05F0055S,31,229,5
2025/11/28 02:25,05F0000S,05F0055S,32,252,2
2025/11/28 02:25,05F0000S,05F0055S,41,0,0
2025/11/28 02:25,05F0000S,05F0055S,42,0,0
2025/11/28 02:25,05F0000S,05F0055S,5,0,0
2025/11/28 02:25,05F0055S,05F0287S,31,942,8
2025/11/28 02:25,05F0055S,05F0287S,32,947,8
2025/11/28 02:25,05F0055S,05F0287S,41,0,0
2025/11/28 02:25,05F0055S,05F0287S,42,0,0
2025/11/28 02:25,05F0055S,05F0287S,5,0,0
2025/11/28 02:25,05F0287S,05F0309S,31,83,4
2025/11/28 02:25,05F0287S,05F0309S,32,86,4
2025/11/28 02:25,05F0287S,05F0309S,41,0,0
2025/11/28 02:25,05F0287S,05F0309S,42,0,0
2025/11/28 02:25,05F0287S,05F0309S,5,0,0
2025/11/28 02:25,05F0309S,05F0439S,31,444,6
2025/11/28 02:25,05F0309S,05F0439S,32,467,5
2025/11/28 02:25,05F0309S,05F0439S,41,0,0
2025/11/28 02:25,05F0309S,05F0439S,42,518,1
2025/11/28 02:25,05F0309S,05F0439S,5,735,1
2025/11/28 02:25,05F0439S,05F0494S,31,199,3
2025/11/28 02:25,05F0439S,05F0494S,32,200,1
2025/11/28 02:25,05F0439S,05F0494S,41,0,0
2025/11/28 02:25,05F0439S,05F0494S,42,0,0
2025/11/28 02:25,05F0439S,05F0494S,5,0,0
2025/11/28 02:30,05F0000S,05F0055S,31,223,18
2025/11/28 02:30,05F0000S,05F0055S,32,227,4
2025/11/28 02:30,05F0000S,05F0055S,41,0,0
2025/11/28 02:30,05F0000S,05F0055S,42,0,0
2025/11/28 02:30,05F0000S,05F0055S,5,0,0
2025/11/28 02:30,05F0055S,05F0287S,31,975,6
2025/11/28 02:30,05F0055S,05F0287S,32,923,5
2025/11/28 02:30,05F0055S,05F0287S,41,0,0
2025/11/28 02:30,05F0055S,05F0287S,42,0,0
2025/11/28 02:30,05F0055S,05F0287S,5,0,0
2025/11/28 02:30,05F0287S,05F0309S,31,89,6
2025/11/28 02:30,05F0287S,05F0309S,32,77,5
2025/11/28 02:30,05F0287S,05F0309S,41,0,0
2025/11/28 02:30,05F0287S,05F0309S,42,0,0
2025/11/28 02:30,05F0287S,05F0309S,5,0,0
2025/11/28 02:30,05F0309S,05F0439S,31,445,5
2025/11/28 02:30,05F0309S,05F0439S,32,473,1
2025/11/28 02:30,05F0309S,05F0439S,41,0,0
2025/11/28 02:30,05F0309S,05F0439S,42,533,1
2025/11/28 02:30,05F0309S,05F0439S,5,492,3
2025/11/28 02:30,05F0439S,05F0494S,31,198,4
2025/11/28 02:30,05F0439S,05F0494S,32,198,3
2025/11/28 02:30,05F0439S,05F0494S,41,0,0
2025/11/28 02:30,05F0439S,05F0494S,42,246,1
2025/11/28 02:30,05F0439S,05F0494S,5,237,1
2025/11/28 02:35,05F0000S,05F0055S,31,241,5
2025/11/28 02:35,05F0000S,05F0055S,32,235,9
2025/11/28 02:35,05F0000S,05F0055S,41,0,0
2025/11/28 02:35,05F0000S,05F0055S,42,0,0
2025/11/28 02:35,05F0000S,05F0055S,5,0,0
2025/11/28 02:35,05F0055S,05F0287S,31,921,11
2025/11/28 02:35,05F0055S,05F0287S,32,963,2
2025/11/28 02:35,05F0055S,05F0287S,41,0,0
2025/11/28 02:35,05F0055S,05F0287S,42,0,0
2025/11/28 02:35,05F0055S,05F0287S,5,0,0
2025/11/28 02:35,05F0287S,05F0309S,31,80,10
2025/11/28 02:35,05F0287S,05F0309S,32,85,3
2025/11/28 02:35,05F0287S,05F0309S,41,0,0
2025/11/28 02:35,05F0287S,05F0309S,42,0,0
2025/11/28 02:35,05F0287S,05F0309S,5,0,0
2025/11/28 02:35,05F0309S,05F0439S,31,462,3
2025/11/28 02:35,05F0309S,05F0439S,32,446,3
2025/11/28 02:35,05F0309S,05F0439S,41,0,0
2025/11/28 02:35,05F0309S,05F0439S,42,682,1
2025/11/28 02:35,05F0309S,05F0439S,5,513,2
2025/11/28 02:35,05F0439S,05F0494S,31,227,3
2025/11/28 02:35,05F0439S,05F0494S,32,0,0
2025/11/28 02:35,05F0439S,05F0494S,41,0,0
2025/11/28 02:35,05F0439S,05F0494S,42,0,0
2025/11/28 02:35,05F0439S,05F0494S,5,208,2
2025/11/28 02:40,05F0000S,05F0055S,31,228,10
2025/11/28 02:40,05F0000S,05F0055S,32,237,7
2025/11/28 02:40,05F0000S,05F0055S,41,0,0
2025/11/28 02:40,05F0000S,05F0055S,42,299,1
2025/11/28 02:40,05F0000S,05F0055S,5,0,0
2025/11/28 02:40,05F0055S,05F0287S,31,1005,5
2025/11/28 02:40,05F0055S,05F0287S,32,1041,2
2025/11/28 02:40,05F0055S,05F0287S,41,0,0
2025/11/28 02:40,05F0055S,05F0287S,42,0,0
2025/11/28 02:40,05F0055S,05F0287S,5,0,0
2025/11/28 02:40,05F0287S,05F0309S,31,83,4
2025/11/28 02:40,05F0287S,05F0309S,32,0,0
2025/11/28 02:40,05F0287S,05F0309S,41,0,0
2025/11/28 02:40,05F0287S,05F0309S,42,0,0
2025/11/28 02:40,05F0287S,05F0309S,5,0,0
2025/11/28 02:40,05F0309S,05F0439S,31,399,2
2025/11/28 02:40,05F0309S,05F0439S,32,448,4
2025/11/28 02:40,05F0309S,05F0439S,41,0,0
2025/11/28 02:40,05F0309S,05F0439S,42,681,2
2025/11/28 02:40,05F0309S,05F0439S,5,0,0
2025/11/28 02:40,05F0439S,05F0494S,31,192,1
2025/11/28 02:40,05F0439S,05F0494S,32,185,5
2025/11/28 02:40,05F0439S,05F0494S,41,0,0
2025/11/28 02:40,05F0439S,05F0494S,42,213,1
2025/11/28 02:40,05F0439S,05F0494S,5,231,2
2025/11/28 02:45,05F0000S,05F0055S,31,204,3
2025/11/28 02:45,05F0000S,05F0055S,32,226,7
2025/11/28 02:45,05F0000S,05F0055S,41,0,0
2025/11/28 02:45,05F0000S,05F0055S,42,0,0
2025/11/28 02:45,05F0000S,05F0055S,5,0,0
2025/11/28 02:45,05F0055S,05F0287S,31,924,17
2025/11/28 02:45,05F0055S,05F0287S,32,935,4
2025/11/28 02:45,05F0055S,05F0287S,41,0,0
2025/11/28 02:45,05F0055S,05F0287S,42,0,0
2025/11/28 02:45,05F0055S,05F0287S,5,0,0
2025/11/28 02:45,05F0287S,05F0309S,31,84,11
2025/11/28 02:45,05F0287S,05F0309S,32,90,3
2025/11/28 02:45,05F0287S,05F0309S,41,0,0
2025/11/28 02:45,05F0287S,05F0309S,42,0,0
2025/11/28 02:45,05F0287S,05F0309S,5,0,0
2025/11/28 02:45,05F0309S,05F0439S,31,365,3
2025/11/28 02:45,05F0309S,05F0439S,32,464,2
2025/11/28 02:45,05F0309S,05F0439S,41,0,0
2025/11/28 02:45,05F0309S,05F0439S,42,562,2
2025/11/28 02:45,05F0309S,05F0439S,5,494,1
2025/11/28 02:45,05F0439S,05F0494S,31,174,2
2025/11/28 02:45,05F0439S,05F0494S,32,230,1
2025/11/28 02:45,05F0439S,05F0494S,41,0,0
2025/11/28 02:45,05F0439S,05F0494S,42,372,1
2025/11/28 02:45,05F0439S,05F0494S,5,208,1
2025/11/28 02:50,05F0000S,05F0055S,31,228,5
2025/11/28 02:50,05F0000S,05F0055S,32,232,2
2025/11/28 02:50,05F0000S,05F0055S,41,0,0
2025/11/28 02:50,05F0000S,05F0055S,42,0,0
2025/11/28 02:50,05F0000S,05F0055S,5,0,0
2025/11/28 02:50,05F0055S,05F0287S,31,998,3
2025/11/28 02:50,05F0055S,05F0287S,32,968,4
2025/11/28 02:50,05F0055S,05F0287S,41,0,0
2025/11/28 02:50,05F0055S,05F0287S,42,0,0
2025/11/28 02:50,05F0055S,05F0287S,5,0,0
2025/11/28 02:50,05F0287S,05F0309S,31,95,5
2025/11/28 02:50,05F0287S,05F0309S,32,89,7
2025/11/28 02:50,05F0287S,05F0309S,41,0,0
2025/11/28 02:50,05F0287S,05F0309S,42,0,0
2025/11/28 02:50,05F0287S,05F0309S,5,0,0
2025/11/28 02:50,05F0309S,05F0439S,31,495,6
2025/11/28 02:50,05F0309S,05F0439S,32,0,0
2025/11/28 02:50,05F0309S,05F0439S,41,0,0
2025/11/28 02:50,05F0309S,05F0439S,42,0,0
2025/11/28 02:50,05F0309S,05F0439S,5,503,2
2025/11/28 02:50,05F0439S,05F0494S,31,216,2
2025/11/28 02:50,05F0439S,05F0494S,32,212,1
2025/11/28 02:50,05F0439S,05F0494S,41,0,0
2025/11/28 02:50,05F0439S,05F0494S,42,244,1
2025/11/28 02:50,05F0439S,05F0494S,5,0,0
2025/11/28 02:55,05F0000S,05F0055S,31,228,5
2025/11/28 02:55,05F0000S,05F0055S,32,219,10
2025/11/28 02:55,05F0000S,05F0055S,41,0,0
2025/11/28 02:55,05F0000S,05F0055S,42,0,0
2025/11/28 02:55,05F0000S,05F0055S,5,0,0
2025/11/28 02:55,05F0055S,05F0287S,31,955,11
2025/11/28 02:55,05F0055S,05F0287S,32,991,11
2025/11/28 02:55,05F0055S,05F0287S,41,0,0
2025/11/28 02:55,05F0055S,05F0287S,42,0,0
2025/11/28 02:55,05F0055S,05F0287S,5,0,0
2025/11/28 02:55,05F0287S,05F0309S,31,83,7
2025/11/28 02:55,05F0287S,05F0309S,32,88,8
2025/11/28 02:55,05F0287S,05F0309S,41,0,0
2025/11/28 02:55,05F0287S,05F0309S,42,0,0
2025/11/28 02:55,05F0287S,05F0309S,5,0,0
2025/11/28 02:55,05F0309S,05F0439S,31,469,6
2025/11/28 02:55,05F0309S,05F0439S,32,504,4
2025/11/28 02:55,05F0309S,05F0439S,41,0,0
2025/11/28 02:55,05F0309S,05F0439S,42,570,1
2025/11/28 02:55,05F0309S,05F0439S,5,522,4
2025/11/28 02:55,05F0439S,05F0494S,31,179,1
2025/11/28 02:55,05F0439S,05F0494S,32,218,1
2025/11/28 02:55,05F0439S,05F0494S,41,0,0
2025/11/28 02:55,05F0439S,05F0494S,42,0,0
2025/11/28 02:55,05F0439S,05F0494S,5,212,2
2025/11/28 03:00,05F0000S,05F0055S,31,229,5
2025/11/28 03:00,05F0000S,05F0055S,32,258,11
2025/11/28 03:00,05F0000S,05F0055S,41,0,0
2025/11/28 03:00,05F0000S,05F0055S,42,0,0
2025/11/28 03:00,05F0000S,05F0055S,5,0,0
2025/11/28 03:00,05F0055S,05F0287S,31,993,3
2025/11/28 03:00,05F0055S,05F0287S,32,1023,6
2025/11/28 03:00,05F0055S,05F0287S,41,0,0
2025/11/28 03:00,05F0055S,05F0287S,42,0,0
2025/11/28 03:00,05F0055S,05F0287S,5,0,0
2025/11/28 03:00,05F0287S,05F0309S,31,76,4
2025/11/28 03:00,05F0287S,05F0309S,32,97,4
2025/11/28 03:00,05F0287S,05F0309S,41,0,0
2025/11/28 03:00,05F0287S,05F0309S,42,0,0
2025/11/28 03:00,05F0287S,05F0309S,5,0,0
2025/11/28 03:00,05F0309S,05F0439S,31,461,1
2025/11/28 03:00,05F0309S,05F0439S,32,508,3
2025/11/28 03:00,05F0309S,05F0439S,41,0,0
2025/11/28 03:00,05F0309S,05F0439S,42,0,0
2025/11/28 03:00,05F0309S,05F0439S,5,528,2
2025/11/28 03:00,05F0439S,05F0494S,31,198,3
2025/11/28 03:00,05F0439S,05F0494S,32,194,2
2025/11/28 03:00,05F0439S,05F0494S,41,0,0
2025/11/28 03:00,05F0439S,05F0494S,42,242,1
2025/11/28 03:00,05F0439S,05F0494S,5,229,1
2025/11/28 03:05,05F0000S,05F0055S,31,244,6
2025/11/28 03:05,05F0000S,05F0055S,32,244,6
2025/11/28 03:05,05F0000S,05F0055S,41,0,0
2025/11/28 03:05,05F0000S,05F0055S,42,0,0
2025/11/28 03:05,05F0000S,05F0055S,5,0,0
2025/11/28 03:05,05F0055S,05F0287S,31,941,7
2025/11/28 03:05,05F0055S,05F0287S,32,923,4
2025/11/28 03:05,05F0055S,05F0287S,41,0,0
2025/11/28 03:05,05F0055S,05F0287S,42,0,0
2025/11/28 03:05,05F0055S,05F0287S,5,0,0
2025/11/28 03:05,05F0287S,05F0309S,31,85,7
2025/11/28 03:05,05F0287S,05F0309S,32,90,4
2025/11/28 03:05,05F0287S,05F0309S,41,0,0
2025/11/28 03:05,05F0287S,05F0309S,42,0,0
2025/11/28 03:05,05F0287S,05F0309S,5,0,0
2025/11/28 03:05,05F0309S,05F0439S,31,445,6
2025/11/28 03:05,05F0309S,05F0439S,32,479,3
2025/11/28 03:05,05F0309S,05F0439S,41,0,0
2025/11/28 03:05,05F0309S,05F0439S,42,0,0
2025/11/28 03:05,05F0309S,05F0439S,5,488,1
2025/11/28 03:05,05F0439S,05F0494S,31,0,0
2025/11/28 03:05,05F0439S,05F0494S,32,206,2
2025/11/28 03:05,05F0439S,05F0494S,41,0,0
2025/11/28 03:05,05F0439S,05F0494S,42,0,0
2025/11/28 03:05,05F0439S,05F0494S,5,212,2
2025/11/28 03:10,05F0000S,05F0055S,31,222,3
2025/11/28 03:10,05F0000S,05F0055S,32,241,2
2025/11/28 03:10,05F0000S,05F0055S,41,0,0
2025/11/28 03:10,05F0000S,05F0055S,42,0,0
2025/11/28 03:10,05F0000S,05F0055S,5,0,0
2025/11/28 03:10,05F0055S,05F0287S,31,961,4
2025/11/28 03:10,05F0055S,05F0287S,32,929,8
2025/11/28 03:10,05F0055S,05F0287S,41,0,0
2025/11/28 03:10,05F0055S,05F0287S,42,0,0
2025/11/28 03:10,05F0055S,05F0287S,5,0,0
2025/11/28 03:10,05F0287S,05F0309S,31,84,2
2025/11/28 03:10,05F0287S,05F0309S,32,79,5
2025/11/28 03:10,05F0287S,05F0309S,41,0,0
2025/11/28 03:10,05F0287S,05F0309S,42,0,0
2025/11/28 03:10,05F0287S,05F0309S,5,0,0
2025/11/28 03:10,05F0309S,05F0439S,31,440,2
2025/11/28 03:10,05F0309S,05F0439S,32,493,4
2025/11/28 03:10,05F0309S,05F0439S,41,0,0
2025/11/28 03:10,05F0309S,05F0439S,42,540,2
2025/11/28 03:10,05F0309S,05F0439S,5,539,3
2025/11/28 03:10,05F0439S,05F0494S,31,189,1
2025/11/28 03:10,05F0439S,05F0494S,32,210,1
2025/11/28 03:10,05F0439S,05F0494S,41,0,0
2025/11/28 03:10,05F0439S,05F0494S,42,0,0
2025/11/28 03:10,05F0439S,05F0494S,5,230,1
2025/11/28 03:15,05F0000S,05F0055S,31,227,6
2025/11/28 03:15,05F0000S,05F0055S,32,231,4
2025/11/28 03:15,05F0000S,05F0055S,41,0,0
2025/11/28 03:15,05F0000S,05F0055S,42,0,0
2025/11/28 03:15,05F0000S,05F0055S,5,0,0
2025/11/28 03:15,05F0055S,05F0287S,31,963,6
2025/11/28 03:15,05F0055S,05F0287S,32,984,9
2025/11/28 03:15,05F0055S,05F0287S,41,0,0
2025/11/28 03:15,05F0055S,05F0287S,42,0,0
2025/11/28 03:15,05F0055S,05F0287S,5,0,0
2025/11/28 03:15,05F0287S,05F0309S,31,89,8
2025/11/28 03:15,05F0287S,05F0309S,32,86,3
2025/11/28 03:15,05F0287S,05F0309S,41,0,0
2025/11/28 03:15,05F0287S,05F0309S,42,0,0
2025/11/28 03:15,05F0287S,05F0309S,5,0,0
2025/11/28 03:15,05F0309S,05F0439S,31,463,3
2025/11/28 03:15,05F0309S,05F0439S,32,544,2
2025/11/28 03:15,05F0309S,05F0439S,41,0,0
2025/11/28 03:15,05F0309S,05F0439S,42,0,0
2025/11/28 03:15,05F0309S,05F0439S,5,0,0
2025/11/28 03:15,05F0439S,05F0494S,31,0,0
2025/11/28 03:15,05F0439S,05F0494S,32,205,4
2025/11/28 03:15,05F0439S,05F0494S,41,0,0
2025/11/28 03:15,05F0439S,05F0494S,42,228,2
2025/11/28 03:15,05F0439S,05F0494S,5,0,0
2025/11/28 03:20,05F0000S,05F0055S,31,237,13
2025/11/28 03:20,05F0000S,05F0055S,32,262,13
2025/11/28 03:20,05F0000S,05F0055S,41,0,0
2025/11/28 03:20,05F0000S,05F0055S,42,0,0
2025/11/28 03:20,05F0000S,05F0055S,5,0,0
2025/11/28 03:20,05F0055S,05F0287S,31,1010,7
2025/11/28 03:20,05F0055S,05F0287S,32,1009,7
2025/11/28 03:20,05F0055S,05F0287S,41,0,0
2025/11/28 03:20,05F0055S,05F0287S,42,1203,1
2025/11/28 03:20,05F0055S,05F0287S,5,0,0
2025/11/28 03:20,05F0287S,05F0309S,31,100,2
2025/11/28 03:20,05F0287S,05F0309S,32,93,6
2025/11/28 03:20,05F0287S,05F0309S,41,0,0
2025/11/28 03:20,05F0287S,05F0309S,42,0,0
2025/11/28 03:20,05F0287S,05F0309S,5,0,0
2025/11/28 03:20,05F0309S,05F0439S,31,504,2
2025/11/28 03:20,05F0309S,05F0439S,32,445,2
2025/11/28 03:20,05F0309S,05F0439S,41,0,0
2025/11/28 03:20,05F0309S,05F0439S,42,522,1
2025/11/28 03:20,05F0309S,05F0439S,5,542,3
2025/11/28 03:20,05F0439S,05F0494S,31,222,2
2025/11/28 03:20,05F0439S,05F0494S,32,196,4
2025/11/28 03:20,05F0439S,05F0494S,41,0,0
2025/11/28 03:20,05F0439S,05F0494S,42,0,0
2025/11/28 03:20,05F0439S,05F0494S,5,234,2
2025/11/28 03:25,05F0000S,05F0055S,31,229,8
2025/11/28 03:25,05F0000S,05F0055S,32,251,11
2025/11/28 03:25,05F0000S,05F0055S,41,0,0
2025/11/28 03:25,05F0000S,05F0055S,42,0,0
2025/11/28 03:25,05F0000S,05F0055S,5,0,0
2025/11/28 03:25,05F0055S,05F0287S,31,915,3
2025/11/28 03:25,05F0055S,05F0287S,32,990,4
2025/11/28 03:25,05F0055S,05F0287S,41,0,0
2025/11/28 03:25,05F0055S,05F0287S,42,0,0
2025/11/28 03:25,05F0055S,05F0287S,5,0,0
2025/11/28 03:25,05F0287S,05F0309S,31,77,5
2025/11/28 03:25,05F0287S,05F0309S,32,84,5
2025/11/28 03:25,05F0287S,05F0309S,41,0,0
2025/11/28 03:25,05F0287S,05F0309S,42,93,1
2025/11/28 03:25,05F0287S,05F0309S,5,0,0
2025/11/28 03:25,05F0309S,05F0439S,31,498,2
2025/11/28 03:25,05F0309S,05F0439S,32,488,5
2025/11/28 03:25,05F0309S,05F0439S,41,0,0
2025/11/28 03:25,05F0309S,05F0439S,42,525,2
2025/11/28 03:25,05F0309S,05F0439S,5,0,0
2025/11/28 03:25,05F0439S,05F0494S,31,221,4
2025/11/28 03:25,05F0439S,05F0494S,32,0,0
2025/11/28 03:25,05F0439S,05F0494S,41,0,0
2025/11/28 03:25,05F0439S,05F0494S,42,216,2
2025/11/28 03:25,05F0439S,05F0494S,5,204,1
2025/11/28 03:30,05F0000S,05F0055S,31,226,7
2025/11/28 03:30,05F0000S,05F0055S,32,230,9
2025/11/28 03:30,05F0000S,05F0055S,41,0,0
2025/11/28 03:30,05F0000S,05F0055S,42,266,1
2025/11/28 03:30,05F0000S,05F0055S,5,0,0
2025/11/28 03:30,05F0055S,05F0287S,31,926,6
2025/11/28 03:30,05F0055S,05F0287S,32,881,4
2025/11/28 03:30,05F0055S,05F0287S,41,0,0
2025/11/28 03:30,05F0055S,05F0287S,42,0,0
2025/11/28 03:30,05F0055S,05F0287S,5,0,0
2025/11/28 03:30,05F0287S,05F0309S,31,81,3
2025/11/28 03:30,05F0287S,05F0309S,32,91,3
2025/11/28 03:30,05F0287S,05F0309S,41,0,0
2025/11/28 03:30,05F0287S,05F0309S,42,0,0
2025/11/28 03:30,05F0287S,05F0309S,5,0,0
2025/11/28 03:30,05F0309S,05F0439S,31,516,9
2025/11/28 03:30,05F0309S,05F0439S,32,511,8
2025/11/28 03:30,05F0309S,05F0439S,41,0,0
2025/11/28 03:30,05F0309S,05F0439S,42,546,3
2025/11/28 03:30,05F0309S,05F0439S,5,0,0
2025/11/28 03:30,05F0439S,05F0494S,31,169,1
2025/11/28 03:30,05F0439S,05F0494S,32,236,2
2025/11/28 03:30,05F0439S,05F0494S,41,0,0
2025/11/28 03:30,05F0439S,05F0494S,42,253,2
2025/11/28 03:30,05F0439S,05F0494S,5,0,0
2025/11/28 03:35,05F0000S,05F0055S,31,231,7
2025/11/28 03:35,05F0000S,05F0055S,32,227,7
2025/11/28 03:35,05F0000S,05F0055S,41,0,0
2025/11/28 03:35,05F0000S,05F0055S,42,0,0
2025/11/28 03:35,05F0000S,05F0055S,5,0,0
2025/11/28 03:35,05F0055S,05F0287S,31,981,9
2025/11/28 03:35,05F0055S,05F0287S,32,992,6
2025/11/28 03:35,05F0055S,05F0287S,41,0,0
2025/11/28 03:35,05F0055S,05F0287S,42,0,0
2025/11/28 03:35,05F0055S,05F0287S,5,0,0
2025/11/28 03:35,05F0287S,05F0309S,31,88,3
2025/11/28 03:35,05F0287S,05F0309S,32,93,2
2025/11/28 03:35,05F0287S,05F0309S,41,0,0
2025/11/28 03:35,05F0287S,05F0309S,42,0,0
2025/11/28 03:35,05F0287S,05F0309S,5,0,0
2025/11/28 03:35,05F0309S,05F0439S,31,496,3
2025/11/28 03:35,05F0309S,05F0439S,32,502,1
2025/11/28 03:35,05F0309S,05F0439S,41,0,0
2025/11/28 03:35,05F0309S,05F0439S,42,591,1
2025/11/28 03:35,05F0309S,05F0439S,5,521,4
2025/11/28 03:35,05F0439S,05F0494S,31,209,7
2025/11/28 03:35,05F0439S,05F0494S,32,200,4
2025/11/28 03:35,05F0439S,05F0494S,41,0,0
2025/11/28 03:35,05F0439S,05F0494S,42,224,1
2025/11/28 03:35,05F0439S,05F0494S,5,0,0
2025/11/28 03:40,05F0000S,05F0055S,31,233,2
2025/11/28 03:40,05F0000S,05F0055S,32,228,10
2025/11/28 03:40,05F0000S,05F0055S,41,0,0
2025/11/28 03:40,05F0000S,05F0055S,42,288,1
2025/11/28 03:40,05F0000S,05F0055S,5,0,0
2025/11/28 03:40,05F0055S,05F0287S,31,953,12
2025/11/28 03:40,05F0055S,05F0287S,32,975,14
2025/11/28 03:40,05F0055S,05F0287S,41,0,0
2025/11/28 03:40,05F0055S,05F0287S,42,0,0
2025/11/28 03:40,05F0055S,05F0287S,5,0,0
2025/11/28 03:40,05F0287S,05F0309S,31,84,12
2025/11/28 03:40,05F0287S,05F0309S,32,92,13
2025/11/28 03:40,05F0287S,05F0309S,41,0,0
2025/11/28 03:40,05F0287S,05F0309S,42,0,0
2025/11/28 03:40,05F0287S,05F0309S,5,0,0
2025/11/28 03:40,05F0309S,05F0439S,31,500,1
2025/11/28 03:40,05F0309S,05F0439S,32,456,2
2025/11/28 03:40,05F0309S,05F0439S,41,0,0
2025/11/28 03:40,05F0309S,05F0439S,42,0,0
2025/11/28 03:40,05F0309S,05F0439S,5,519,2
2025/11/28 03:40,05F0439S,05F0494S,31,0,0
2025/11/28 03:40,05F0439S,05F0494S,32,0,0
2025/11/28 03:40,05F0439S,05F0494S,41,0,0
2025/11/28 03:40,05F0439S,05F0494S,42,260,1
2025/11/28 03:40,05F0439S,05F0494S,5,218,6
2025/11/28 03:45,05F0000S,05F0055S,31,232,10
2025/11/28 03:45,05F0000S,05F0055S,32,234,7
2025/11/28 03:45,05F0000S,05F0055S,41,0,0
2025/11/28 03:45,05F0000S,05F0055S,42,284,1
2025/11/28 03:45,05F0000S,05F0055S,5,0,0
2025/11/28 03:45,05F0055S,05F0287S,31,944,7
2025/11/28 03:45,05F0055S,05F0287S,32,963,14
2025/11/28 03:45,05F0055S,05F0287S,41,0,0
2025/11/28 03:45,05F0055S,05F0287S,42,0,0
2025/11/28 03:45,05F0055S,05F0287S,5,0,0
2025/11/28 03:45,05F0287S,05F0309S,31,84,5
2025/11/28 03:45,05F0287S,05F0309S,32,86,14
2025/11/28 03:45,05F0287S,05F0309S,41,0,0
2025/11/28 03:45,05F0287S,05F0309S,42,93,1
2025/11/28 03:45,05F0287S,05F0309S,5,0,0
2025/11/28 03:45,05F0309S,05F0439S,31,486,9
2025/11/28 03:45,05F0309S,05F0439S,32,459,5
2025/11/28 03:45,05F0309S,05F0439S,41,0,0
2025/11/28 03:45,05F0309S,05F0439S,42,0,0
2025/11/28 03:45,05F0309S,05F0439S,5,529,3
2025/11/28 03:45,05F0439S,05F0494S,31,169,1
2025/11/28 03:45,05F0439S,05F0494S,32,0,0
2025/11/28 03:45,05F0439S,05F0494S,41,0,0
2025/11/28 03:45,05F0439S,05F0494S,42,0,0
2025/11/28 03:45,05F0439S,05F0494S,5,0,0
2025/11/28 03:50,05F0000S,05F0055S,31,232,12
2025/11/28 03:50,05F0000S,05F0055S,32,238,4
2025/11/28 03:50,05F0000S,05F0055S,41,0,0
2025/11/28 03:50,05F0000S,05F0055S,42,0,0
2025/11/28 03:50,05F0000S,05F0055S,5,0,0
2025/11/28 03:50,05F0055S,05F0287S,31,918,6
2025/11/28 03:50,05F0055S,05F0287S,32,920,5
2025/11/28 03:50,05F0055S,05F0287S,41,0,0
2025/11/28 03:50,05F0055S,05F0287S,42,0,0
2025/11/28 03:50,05F0055S,05F0287S,5,0,0
2025/11/28 03:50,05F0287S,05F0309S,31,74,2
2025/11/28 03:50,05F0287S,05F0309S,32,82,6
2025/11/28 03:50,05F0287S,05F0309S,41,0,0
2025/11/28 03:50,05F0287S,05F0309S,42,0,0
2025/11/28 03:50,05F0287S,05F0309S,5,0,0
2025/11/28 03:50,05F0309S,05F0439S,31,466,4
2025/11/28 03:50,05F0309S,05F0439S,32,510,7
2025/11/28 03:50,05F0309S,05F0439S,41,0,0
2025/11/28 03:50,05F0309S,05F0439S,42,531,2
2025/11/28 03:50,05F0309S,05F0439S,5,508,1
2025/11/28 03:50,05F0439S,05F0494S,31,215,7
2025/11/28 03:50,05F0439S,05F0494S,32,216,10
2025/11/28 03:50,05F0439S,05F0494S,41,0,0
2025/11/28 03:50,05F0439S,05F0494S,42,0,0
2025/11/28 03:50,05F0439S,05F0494S,5,214,3
2025/11/28 03:55,05F0000S,05F0055S,31,222,8
2025/11/28 03:55,05F0000S,05F0055S,32,248,3
2025/11/28 03:55,05F0000S,05F0055S,41,0,0
2025/11/28 03:55,05F0000S,05F0055S,42,0,0
2025/11/28 03:55,05F0000S,05F0055S,5,0,0
2025/11/28 03:55,05F0055S,05F0287S,31,1092,1
2025/11/28 03:55,05F0055S,05F0287S,32,931,13
2025/11/28 03:55,05F0055S,05F0287S,41,0,0
2025/11/28 03:55,05F0055S,05F0287S,42,1102,1
2025/11/28 03:55,05F0055S,05F0287S,5,0,0
2025/11/28 03:55,05F0287S,05F0309S,31,89,4
2025/11/28 03:55,05F0287S,05F0309S,32,85,8
2025/11/28 03:55,05F0287S,05F0309S,41,0,0
2025/11/28 03:55,05F0287S,05F0309S,42,0,0
2025/11/28 03:55,05F0287S,05F0309S,5,0,0
2025/11/28 03:55,05F0309S,05F0439S,31,474,6
2025/11/28 03:55,05F0309S,05F0439S,32,476,13
2025/11/28 03:55,05F0309S,05F0439S,41,0,0
2025/11/28 03:55,05F0309S,05F0439S,42,529,3
2025/11/28 03:55,05F0309S,05F0439S,5,518,1
2025/11/28 03:55,05F0439S,05F0494S,31,204,3
2025/11/28 03:55,05F0439S,05F0494S,32,204,5
2025/11/28 03:55,05F0439S,05F0494S,41,0,0
2025/11/28 03:55,05F0439S,05F0494S,42,229,1
2025/11/28 03:55,05F0439S,05F0494S,5,224,1
2025/11/28 04:00,05F0000S,05F0055S,31,227,6
2025/11/28 04:00,05F0000S,05F0055S,32,232,9
2025/11/28 04:00,05F0000S,05F0055S,41,0,0
2025/11/28 04:00,05F0000S,05F0055S,42,0,0
2025/11/28 04:00,05F0000S,05F0055S,5,0,0
2025/11/28 04:00,05F0055S,05F0287S,31,948,11
2025/11/28 04:00,05F0055S,05F0287S,32,928,5
2025/11/28 04:00,05F0055S,05F0287S,41,0,0
2025/11/28 04:00,05F0055S,05F0287S,42,0,0
2025/11/28 04:00,05F0055S,05F0287S,5,0,0
2025/11/28 04:00,05F0287S,05F0309S,31,82,7
2025/11/28 04:00,05F0287S,05F0309S,32,85,9
2025/11/28 04:00,05F0287S,05F0309S,41,0,0
2025/11/28 04:00,05F0287S,05F0309S,42,105,1
2025/11/28 04:00,05F0287S,05F0309S,5,0,0
2025/11/28 04:00,05F0309S,05F0439S,31,450,3
2025/11/28 04:00,05F0309S,05F0439S,32,445,3
2025/11/28 04:00,05F0309S,05F0439S,41,0,0
2025/11/28 04:00,05F0309S,05F0439S,42,536,3
2025/11/28 04:00,05F0309S,05F0439S,5,498,1
2025/11/28 04:00,05F0439S,05F0494S,31,202,3
2025/11/28 04:00,05F0439S,05F0494S,32,196,4
2025/11/28 04:00,05F0439S,05F0494S,41,0,0
2025/11/28 04:00,05F0439S,05F0494S,42,233,2
2025/11/28 04:00,05F0439S,05F0494S,5,233,1
2025/11/28 04:05,05F0000S,05F0055S,31,239,4
2025/11/28 04:05,05F0000S,05F0055S,32,241,10
2025/11/28 04:05,05F0000S,05F0055S,41,239,1
2025/11/28 04:05,05F0000S,05F0055S,42,0,0
2025/11/28 04:05,05F0000S,05F0055S,5,0,0
2025/11/28 04:05,05F0055S,05F0287S,31,950,14
2025/11/28 04:05,05F0055S,05F0287S,32,964,6
2025/11/28 04:05,05F0055S,05F0287S,41,0,0
2025/11/28 04:05,05F0055S,05F0287S,42,0,0
2025/11/28 04:05,05F0055S,05F0287S,5,0,0
2025/11/28 04:05,05F0287S,05F0309S,31,78,6
2025/11/28 04:05,05F0287S,05F0309S,32,96,3
2025/11/28 04:05,05F0287S,05F0309S,41,0,0
2025/11/28 04:05,05F0287S,05F0309S,42,0,0
2025/11/28 04:05,05F0287S,05F0309S,5,0,0
2025/11/28 04:05,05F0309S,05F0439S,31,409,3
2025/11/28 04:05,05F0309S,05F0439S,32,454,7
2025/11/28 04:05,05F0309S,05F0439S,41,0,0
2025/11/28 04:05,05F0309S,05F0439S,42,444,1
2025/11/28 04:05,05F0309S,05F0439S,5,506,5
2025/11/28 04:05,05F0439S,05F0494S,31,199,2
2025/11/28 04:05,05F0439S,05F0494S,32,200,4
2025/11/28 04:05,05F0439S,05F0494S,41,0,0
2025/11/28 04:05,05F0439S,05F0494S,42,206,4
2025/11/28 04:05,05F0439S,05F0494S,5,201,1
2025/11/28 04:10,05F0000S,05F0055S,31,236,11
2025/11/28 04:10,05F0000S,05F0055S,32,228,9
2025/11/28 04:10,05F0000S,05F0055S,41,0,0
2025/11/28 04:10,05F0000S,05F0055S,42,0,0
2025/11/28 04:10,05F0000S,05F0055S,5,0,0
2025/11/28 04:10,05F0055S,05F0287S,31,910,7
2025/11/28 04:10,05F0055S,05F0287S,32,1018,5
2025/11/28 04:10,05F0055S,05F0287S,41,0,0
2025/11/28 04:10,05F0055S,05F0287S,42,0,0
2025/11/28 04:10,05F0055S,05F0287S,5,0,0
2025/11/28 04:10,05F0287S,05F0309S,31,81,6
2025/11/28 04:10,05F0287S,05F0309S,32,85,5
2025/11/28 04:10,05F0287S,05F0309S,41,0,0
2025/11/28 04:10,05F0287S,05F0309S,42,0,0
2025/11/28 04:10,05F0287S,05F0309S,5,0,0
2025/11/28 04:10,05F0309S,05F0439S,31,477,5
2025/11/28 04:10,05F0309S,05F0439S,32,530,1
2025/11/28 04:10,05F0309S,05F0439S,41,0,0
2025/11/28 04:10,05F0309S,05F0439S,42,512,3
2025/11/28 04:10,05F0309S,05F0439S,5,503,3
2025/11/28 04:10,05F0439S,05F0494S,31,210,4
2025/11/28 04:10,05F0439S,05F0494S,32,206,1
2025/11/28 04:10,05F0439S,05F0494S,41,0,0
2025/11/28 04:10,05F0439S,05F0494S,42,217,2
2025/11/28 04:10,05F0439S,05F0494S,5,214,5
2025/11/28 04:15,05F0000S,05F0055S,31,239,8
2025/11/28 04:15,05F0000S,05F0055S,32,239,15
2025/11/28 04:15,05F0000S,05F0055S,41,0,0
2025/11/28 04:15,05F0000S,05F0055S,42,0,0
2025/11/28 04:15,05F0000S,05F0055S,5,0,0
2025/11/28 04:15,05F0055S,05F0287S,31,919,7
2025/11/28 04:15,05F0055S,05F0287S,32,981,7
2025/11/28 04:15,05F0055S,05F0287S,41,0,0
2025/11/28 04:15,05F0055S,05F0287S,42,0,0
2025/11/28 04:15,05F0055S,05F0287S,5,0,0
2025/11/28 04:15,05F0287S,05F0309S,31,85,5
2025/11/28 04:15,05F0287S,05F0309S,32,88,5
2025/11/28 04:15,05F0287S,05F0309S,41,0,0
2025/11/28 04:15,05F0287S,05F0309S,42,0,0
2025/11/28 04:15,05F0287S,05F0309S,5,0,0
2025/11/28 04:15,05F0309S,05F0439S,31,418,5
2025/11/28 04:15,05F0309S,05F0439S,32,516,3
2025/11/28 04:15,05F0309S,05F0439S,41,0,0
2025/11/28 04:15,05F0309S,05F0439S,42,0,0
2025/11/28 04:15,05F0309S,05F0439S,5,494,2
2025/11/28 04:15,05F0439S,05F0494S,31,198,4
2025/11/28 04:15,05F0439S,05F0494S,32,195,1
2025/11/28 04:15,05F0439S,05F0494S,41,0,0
2025/11/28 04:15,05F0439S,05F0494S,42,210,1
2025/11/28 04:15,05F0439S,05F0494S,5,204,4
2025/11/28 04:20,05F0000S,05F0055S,31,230,10
2025/11/28 04:20,05F0000S,05F0055S,32,236,3
2025/11/28 04:20,05F0000S,05F0055S,41,0,0
2025/11/28 04:20,05F0000S,05F0055S,42,0,0
2025/11/28 04:20,05F0000S,05F0055S,5,255,1
2025/11/28 04:20,05F0055S,05F0287S,31,968,5
2025/11/28 04:20,05F0055S,05F0287S,32,963,10
2025/11/28 04:20,05F0055S,05F0287S,41,972,1
2025/11/28 04:20,05F0055S,05F0287S,42,0,0
2025/11/28 04:20,05F0055S,05F0287S,5,0,0
2025/11/28 04:20,05F0287S,05F0309S,31,87,6
2025/11/28 04:20,05F0287S,05F0309S,32,92,9
2025/11/28 04:20,05F0287S,05F0309S,41,87,1
2025/11/28 04:20,05F0287S,05F0309S,42,0,0
2025/11/28 04:20,05F0287S,05F0309S,5,0,0
2025/11/28 04:20,05F0309S,05F0439S,31,409,4
2025/11/28 04:20,05F0309S,05F0439S,32,490,5
2025/11/28 04:20,05F0309S,05F0439S,41,0,0
2025/11/28 04:20,05F0309S,05F0439S,42,586,1
2025/11/28 04:20,05F0309S,05F0439S,5,499,3
2025/11/28 04:20,05F0439S,05F0494S,31,181,1
2025/11/28 04:20,05F0439S,05F0494S,32,205,1
2025/11/28 04:20,05F0439S,05F0494S,41,0,0
2025/11/28 04:20,05F0439S,05F0494S,42,825,1
2025/11/28 04:20,05F0439S,05F0494S,5,200,2
2025/11/28 04:25,05F0000S,05F0055S,31,232,15
2025/11/28 04:25,05F0000S,05F0055S,32,250,11
2025/11/28 04:25,05F0000S,05F0055S,41,0,0
2025/11/28 04:25,05F0000S,05F0055S,42,0,0
2025/11/28 04:25,05F0000S,05F0055S,5,0,0
2025/11/28 04:25,05F0055S,05F0287S,31,976,9
2025/11/28 04:25,05F0055S,05F0287S,32,954,6
2025/11/28 04:25,05F0055S,05F0287S,41,0,0
2025/11/28 04:25,05F0055S,05F0287S,42,0,0
2025/11/28 04:25,05F0055S,05F0287S,5,0,0
2025/11/28 04:25,05F0287S,05F0309S,31,83,3
2025/11/28 04:25,05F0287S,05F0309S,32,85,4
2025/11/28 04:25,05F0287S,05F0309S,41,0,0
2025/11/28 04:25,05F0287S,05F0309S,42,0,0
2025/11/28 04:25,05F0287S,05F0309S,5,0,0
2025/11/28 04:25,05F0309S,05F0439S,31,478,4
2025/11/28 04:25,05F0309S,05F0439S,32,498,6
2025/11/28 04:25,05F0309S,05F0439S,41,0,0
2025/11/28 04:25,05F0309S,05F0439S,42,0,0
2025/11/28 04:25,05F0309S,05F0439S,5,612,2
2025/11/28 04:25,05F0439S,05F0494S,31,201,3
2025/11/28 04:25,05F0439S,05F0494S,32,229,3
2025/11/28 04:25,05F0439S,05F0494S,41,0,0
2025/11/28 04:25,05F0439S,05F0494S,42,246,1
2025/11/28 04:25,05F0439S,05F0494S,5,209,2
2025/11/28 04:30,05F0000S,05F0055S,31,233,10
2025/11/28 04:30,05F0000S,05F0055S,32,236,12
2025/11/28 04:30,05F0000S,05F0055S,41,0,0
2025/11/28 04:30,05F0000S,05F0055S,42,0,0
2025/11/28 04:30,05F0000S,05F0055S,5,0,0
2025/11/28 04:30,05F0055S,05F0287S,31,977,7
2025/11/28 04:30,05F0055S,05F0287S,32,975,11
2025/11/28 04:30,05F0055S,05F0287S,41,0,0
2025/11/28 04:30,05F0055S,05F0287S,42,0,0
2025/11/28 04:30,05F0055S,05F0287S,5,0,0
2025/11/28 04:30,05F0287S,05F0309S,31,84,5
2025/11/28 04:30,05F0287S,05F0309S,32,84,10
2025/11/28 04:30,05F0287S,05F0309S,41,0,0
2025/11/28 04:30,05F0287S,05F0309S,42,0,0
2025/11/28 04:30,05F0287S,05F0309S,5,0,0
2025/11/28 04:30,05F0309S,05F0439S,31,506,3
2025/11/28 04:30,05F0309S,05F0439S,32,485,6
2025/11/28 04:30,05F0309S,05F0439S,41,497,1
2025/11/28 04:30,05F0309S,05F0439S,42,487,1
2025/11/28 04:30,05F0309S,05F0439S,5,508,1
2025/11/28 04:30,05F0439S,05F0494S,31,192,2
2025/11/28 04:30,05F0439S,05F0494S,32,204,6
2025/11/28 04:30,05F0439S,05F0494S,41,211,1
2025/11/28 04:30,05F0439S,05F0494S,42,0,0
2025/11/28 04:30,05F0439S,05F0494S,5,261,2
2025/11/28 04:35,05F0000S,05F0055S,31,234,12
2025/11/28 04:35,05F0000S,05F0055S,32,242,6
2025/11/28 04:35,05F0000S,05F0055S,41,0,0
2025/11/28 04:35,05F0000S,05F0055S,42,0,0
2025/11/28 04:35,05F0000S,05F0055S,5,0,0
2025/11/28 04:35,05F0055S,05F0287S,31,956,10
2025/11/28 04:35,05F0055S,05F0287S,32,1017,14
2025/11/28 04:35,05F0055S,05F0287S,41,0,0
2025/11/28 04:35,05F0055S,05F0287S,42,0,0
2025/11/28 04:35,05F0055S,05F0287S,5,0,0
2025/11/28 04:35,05F0287S,05F0309S,31,79,4
2025/11/28 04:35,05F0287S,05F0309S,32,86,10
2025/11/28 04:35,05F0287S,05F0309S,41,0,0
2025/11/28 04:35,05F0287S,05F0309S,42,0,0
2025/11/28 04:35,05F0287S,05F0309S,5,0,0
2025/11/28 04:35,05F0309S,05F0439S,31,478,6
2025/11/28 04:35,05F0309S,05F0439S,32,447,1
2025/11/28 04:35,05F0309S,05F0439S,41,0,0
2025/11/28 04:35,05F0309S,05F0439S,42,453,1
2025/11/28 04:35,05F0309S,05F0439S,5,0,0
2025/11/28 04:35,05F0439S,05F0494S,31,208,6
2025/11/28 04:35,05F0439S,05F0494S,32,218,2
2025/11/28 04:35,05F0439S,05F0494S,41,0,0
2025/11/28 04:35,05F0439S,05F0494S,42,207,1
2025/11/28 04:35,05F0439S,05F0494S,5,0,0
2025/11/28 04:40,05F0000S,05F0055S,31,228,13
2025/11/28 04:40,05F0000S,05F0055S,32,234,10
2025/11/28 04:40,05F0000S,05F0055S,41,0,0
2025/11/28 04:40,05F0000S,05F0055S,42,0,0
2025/11/28 04:40,05F0000S,05F0055S,5,0,0
2025/11/28 04:40,05F0055S,05F0287S,31,1006,15
2025/11/28 04:40,05F0055S,05F0287S,32,985,7
2025/11/28 04:40,05F0055S,05F0287S,41,0,0
2025/11/28 04:40,05F0055S,05F0287S,42,0,0
2025/11/28 04:40,05F0055S,05F0287S,5,0,0
2025/11/28 04:40,05F0287S,05F0309S,31,86,10
2025/11/28 04:40,05F0287S,05F0309S,32,87,3
2025/11/28 04:40,05F0287S,05F0309S,41,0,0
2025/11/28 04:40,05F0287S,05F0309S,42,0,0
2025/11/28 04:40,05F0287S,05F0309S,5,0,0
2025/11/28 04:40,05F0309S,05F0439S,31,439,1
2025/11/28 04:40,05F0309S,05F0439S,32,477,6
2025/11/28 04:40,05F0309S,05F0439S,41,0,0
2025/11/28 04:40,05F0309S,05F0439S,42,501,1
2025/11/28 04:40,05F0309S,05F0439S,5,511,2
2025/11/28 04:40,05F0439S,05F0494S,31,204,6
2025/11/28 04:40,05F0439S,05F0494S,32,211,1
2025/11/28 04:40,05F0439S,05F0494S,41,0,0
2025/11/28 04:40,05F0439S,05F0494S,42,182,1
2025/11/28 04:40,05F0439S,05F0494S,5,279,1
2025/11/28 04:45,05F0000S,05F0055S,31,235,13
2025/11/28 04:45,05F0000S,05F0055S,32,238,21
2025/11/28 04:45,05F0000S,05F0055S,41,0,0
2025/11/28 04:45,05F0000S,05F0055S,42,0,0
2025/11/28 04:45,05F0000S,05F0055S,5,0,0
2025/11/28 04:45,05F0055S,05F0287S,31,949,15
2025/11/28 04:45,05F0055S,05F0287S,32,990,18
2025/11/28 04:45,05F0055S,05F0287S,41,0,0
2025/11/28 04:45,05F0055S,05F0287S,42,0,0
2025/11/28 04:45,05F0055S,05F0287S,5,0,0
2025/11/28 04:45,05F0287S,05F0309S,31,83,14
2025/11/28 04:45,05F0287S,05F0309S,32,84,14
2025/11/28 04:45,05F0287S,05F0309S,41,0,0
2025/11/28 04:45,05F0287S,05F0309S,42,0,0
2025/11/28 04:45,05F0287S,05F0309S,5,0,0
2025/11/28 04:45,05F0309S,05F0439S,31,442,6
2025/11/28 04:45,05F0309S,05F0439S,32,508,7
2025/11/28 04:45,05F0309S,05F0439S,41,0,0
2025/11/28 04:45,05F0309S,05F0439S,42,0,0
2025/11/28 04:45,05F0309S,05F0439S,5,550,1
2025/11/28 04:45,05F0439S,05F0494S,31,189,1
2025/11/28 04:45,05F0439S,05F0494S,32,213,8
2025/11/28 04:45,05F0439S,05F0494S,41,0,0
2025/11/28 04:45,05F0439S,05F0494S,42,0,0
2025/11/28 04:45,05F0439S,05F0494S,5,0,0
2025/11/28 04:50,05F0000S,05F0055S,31,233,17
2025/11/28 04:50,05F0000S,05F0055S,32,225,11
2025/11/28 04:50,05F0000S,05F0055S,41,0,0
2025/11/28 04:50,05F0000S,05F0055S,42,0,0
2025/11/28 04:50,05F0000S,05F0055S,5,0,0
2025/11/28 04:50,05F0055S,05F0287S,31,961,9
2025/11/28 04:50,05F0055S,05F0287S,32,974,6
2025/11/28 04:50,05F0055S,05F0287S,41,0,0
2025/11/28 04:50,05F0055S,05F0287S,42,0,0
2025/11/28 04:50,05F0055S,05F0287S,5,0,0
2025/11/28 04:50,05F0287S,05F0309S,31,87,8
2025/11/28 04:50,05F0287S,05F0309S,32,85,7
2025/11/28 04:50,05F0287S,05F0309S,41,0,0
2025/11/28 04:50,05F0287S,05F0309S,42,0,0
2025/11/28 04:50,05F0287S,05F0309S,5,0,0
2025/11/28 04:50,05F0309S,05F0439S,31,491,3
2025/11/28 04:50,05F0309S,05F0439S,32,462,3
2025/11/28 04:50,05F0309S,05F0439S,41,0,0
2025/11/28 04:50,05F0309S,05F0439S,42,0,0
2025/11/28 04:50,05F0309S,05F0439S,5,528,5
2025/11/28 04:50,05F0439S,05F0494S,31,178,1
2025/11/28 04:50,05F0439S,05F0494S,32,229,3
2025/11/28 04:50,05F0439S,05F0494S,41,0,0
2025/11/28 04:50,05F0439S,05F0494S,42,0,0
2025/11/28 04:50,05F0439S,05F0494S,5,215,3
2025/11/28 04:55,05F0000S,05F0055S,31,237,11
2025/11/28 04:55,05F0000S,05F0055S,32,222,12
2025/11/28 04:55,05F0000S,05F0055S,41,0,0
2025/11/28 04:55,05F0000S,05F0055S,42,0,0
2025/11/28 04:55,05F0000S,05F0055S,5,0,0
2025/11/28 04:55,05F0055S,05F0287S,31,972,16
2025/11/28 04:55,05F0055S,05F0287S,32,959,11
2025/11/28 04:55,05F0055S,05F0287S,41,0,0
2025/11/28 04:55,05F0055S,05F0287S,42,0,0
2025/11/28 04:55,05F0055S,05F0287S,5,0,0
2025/11/28 04:55,05F0287S,05F0309S,31,85,10
2025/11/28 04:55,05F0287S,05F0309S,32,85,7
2025/11/28 04:55,05F0287S,05F0309S,41,0,0
2025/11/28 04:55,05F0287S,05F0309S,42,0,0
2025/11/28 04:55,05F0287S,05F0309S,5,0,0
2025/11/28 04:55,05F0309S,05F0439S,31,465,6
2025/11/28 04:55,05F0309S,05F0439S,32,509,10
2025/11/28 04:55,05F0309S,05F0439S,41,0,0
2025/11/28 04:55,05F0309S,05F0439S,42,0,0
2025/11/28 04:55,05F0309S,05F0439S,5,556,3
2025/11/28 04:55,05F0439S,05F0494S,31,218,4
2025/11/28 04:55,05F0439S,05F0494S,32,210,2
2025/11/28 04:55,05F0439S,05F0494S,41,0,0
2025/11/28 04:55,05F0439S,05F0494S,42,204,1
2025/11/28 04:55,05F0439S,05F0494S,5,231,3
2025/11/28 05:00,05F0000S,05F0055S,31,224,11
2025/11/28 05:00,05F0000S,05F0055S,32,245,16
2025/11/28 05:00,05F0000S,05F0055S,41,0,0
2025/11/28 05:00,05F0000S,05F0055S,42,0,0
2025/11/28 05:00,05F0000S,05F0055S,5,0,0
2025/11/28 05:00,05F0055S,05F0287S,31,956,12
2025/11/28 05:00,05F0055S,05F0287S,32,959,13
2025/11/28 05:00,05F0055S,05F0287S,41,0,0
2025/11/28 05:00,05F0055S,05F0287S,42,0,0
2025/11/28 05:00,05F0055S,05F0287S,5,0,0
2025/11/28 05:00,05F0287S,05F0309S,31,85,8
2025/11/28 05:00,05F0287S,05F0309S,32,82,7
2025/11/28 05:00,05F0287S,05F0309S,41,0,0
2025/11/28 05:00,05F0287S,05F0309S,42,0,0
2025/11/28 05:00,05F0287S,05F0309S,5,0,0
2025/11/28 05:00,05F0309S,05F0439S,31,480,3
2025/11/28 05:00,05F0309S,05F0439S,32,478,3
2025/11/28 05:00,05F0309S,05F0439S,41,0,0
2025/11/28 05:00,05F0309S,05F0439S,42,540,3
2025/11/28 05:00,05F0309S,05F0439S,5,558,3
2025/11/28 05:00,05F0439S,05F0494S,31,206,9
2025/11/28 05:00,05F0439S,05F0494S,32,221,5
2025/11/28 05:00,05F0439S,05F0494S,41,0,0
2025/11/28 05:00,05F0439S,05F0494S,42,0,0
2025/11/28 05:00,05F0439S,05F0494S,5,232,4
2025/11/28 05:05,05F0000S,05F0055S,31,242,21
2025/11/28 05:05,05F0000S,05F0055S,32,244,17
2025/11/28 05:05,05F0000S,05F0055S,41,0,0
2025/11/28 05:05,05F0000S,05F0055S,42,0,0
2025/11/28 05:05,05F0000S,05F0055S,5,0,0
2025/11/28 05:05,05F0055S,05F0287S,31,959,16
2025/11/28 05:05,05F0055S,05F0287S,32,952,16
2025/11/28 05:05,05F0055S,05F0287S,41,0,0
2025/11/28 05:05,05F0055S,05F0287S,42,0,0
2025/11/28 05:05,05F0055S,05F0287S,5,0,0
2025/11/28 05:05,05F0287S,05F0309S,31,81,9
2025/11/28 05:05,05F0287S,05F0309S,32,89,11
2025/11/28 05:05,05F0287S,05F0309S,41,0,0
2025/11/28 05:05,05F0287S,05F0309S,42,0,0
2025/11/28 05:05,05F0287S,05F0309S,5,0,0
2025/11/28 05:05,05F0309S,05F0439S,31,495,5
2025/11/28 05:05,05F0309S,05F0439S,32,500,5
2025/11/28 05:05,05F0309S,05F0439S,41,0,0
2025/11/28 05:05,05F0309S,05F0439S,42,566,5
2025/11/28 05:05,05F0309S,05F0439S,5,512,2
2025/11/28 05:05,05F0439S,05F0494S,31,206,2
2025/11/28 05:05,05F0439S,05F0494S,32,182,4
2025/11/28 05:05,05F0439S,05F0494S,41,0,0
2025/11/28 05:05,05F0439S,05F0494S,42,234,4
2025/11/28 05:05,05F0439S,05F0494S,5,236,2
2025/11/28 05:10,05F0000S,05F0055S,31,234,15
2025/11/28 05:10,05F0000S,05F0055S,32,242,13
2025/11/28 05:10,05F0000S,05F0055S,41,0,0
2025/11/28 05:10,05F0000S,05F0055S,42,0,0
2025/11/28 05:10,05F0000S,05F0055S,5,0,0
2025/11/28 05:10,05F0055S,05F0287S,31,946,15
2025/11/28 05:10,05F0055S,05F0287S,32,934,16
2025/11/28 05:10,05F0055S,05F0287S,41,0,0
2025/11/28 05:10,05F0055S,05F0287S,42,0,0
2025/11/28 05:10,05F0055S,05F0287S,5,0,0
2025/11/28 05:10,05F0287S,05F0309S,31,86,8
2025/11/28 05:10,05F0287S,05F0309S,32,81,12
2025/11/28 05:10,05F0287S,05F0309S,41,0,0
2025/11/28 05:10,05F0287S,05F0309S,42,0,0
2025/11/28 05:10,05F0287S,05F0309S,5,0,0
2025/11/28 05:10,05F0309S,05F0439S,31,460,9
2025/11/28 05:10,05F0309S,05F0439S,32,463,7
2025/11/28 05:10,05F0309S,05F0439S,41,0,0
2025/11/28 05:10,05F0309S,05F0439S,42,0,0
2025/11/28 05:10,05F0309S,05F0439S,5,502,3
2025/11/28 05:10,05F0439S,05F0494S,31,214,4
2025/11/28 05:10,05F0439S,05F0494S,32,251,1
2025/11/28 05:10,05F0439S,05F0494S,41,0,0
2025/11/28 05:10,05F0439S,05F0494S,42,223,1
2025/11/28 05:10,05F0439S,05F0494S,5,220,2
2025/11/28 05:15,05F0000S,05F0055S,31,235,21
2025/11/28 05:15,05F0000S,05F0055S,32,234,13
2025/11/28 05:15,05F0000S,05F0055S,41,0,0
2025/11/28 05:15,05F0000S,05F0055S,42,0,0
2025/11/28 05:15,05F0000S,05F0055S,5,0,0
2025/11/28 05:15,05F0055S,05F0287S,31,949,15
2025/11/28 05:15,05F0055S,05F0287S,32,967,10
2025/11/28 05:15,05F0055S,05F0287S,41,0,0
2025/11/28 05:15,05F0055S,05F0287S,42,0,0
2025/11/28 05:15,05F0055S,05F0287S,5,0,0
2025/11/28 05:15,05F0287S,05F0309S,31,80,9
2025/11/28 05:15,05F0287S,05F0309S,32,82,9
2025/11/28 05:15,05F0287S,05F0309S,41,0,0
2025/11/28 05:15,05F0287S,05F0309S,42,0,0
2025/11/28 05:15,05F0287S,05F0309S,5,0,0
2025/11/28 05:15,05F0309S,05F0439S,31,479,5
2025/11/28 05:15,05F0309S,05F0439S,32,494,11
2025/11/28 05:15,05F0309S,05F0439S,41,0,0
2025/11/28 05:15,05F0309S,05F0439S,42,467,1
2025/11/28 05:15,05F0309S,05F0439S,5,498,4
2025/11/28 05:15,05F0439S,05F0494S,31,197,4
2025/11/28 05:15,05F0439S,05F0494S,32,215,5
2025/11/28 05:15,05F0439S,05F0494S,41,0,0
2025/11/28 05:15,05F0439S,05F0494S,42,192,1
2025/11/28 05:15,05F0439S,05F0494S,5,210,5
2025/11/28 05:20,05F0000S,05F0055S,31,228,13
2025/11/28 05:20,05F0000S,05F0055S,32,237,12
2025/11/28 05:20,05F0000S,05F0055S,41,0,0
2025/11/28 05:20,05F0000S,05F0055S,42,0,0
2025/11/28 05:20,05F0000S,05F0055S,5,0,0
2025/11/28 05:20,05F0055S,05F0287S,31,965,15
2025/11/28 05:20,05F0055S,05F0287S,32,994,19
2025/11/28 05:20,05F0055S,05F0287S,41,0,0
2025/11/28 05:20,05F0055S,05F0287S,42,0,0
2025/11/28 05:20,05F0055S,05F0287S,5,0,0
2025/11/28 05:20,05F0287S,05F0309S,31,84,5
2025/11/28 05:20,05F0287S,05F0309S,32,91,14
2025/11/28 05:20,05F0287S,05F0309S,41,0,0
2025/11/28 05:20,05F0287S,05F0309S,42,0,0
2025/11/28 05:20,05F0287S,05F0309S,5,0,0
2025/11/28 05:20,05F0309S,05F0439S,31,467,6
2025/11/28 05:20,05F0309S,05F0439S,32,474,9
2025/11/28 05:20,05F0309S,05F0439S,41,0,0
2025/11/28 05:20,05F0309S,05F0439S,42,0,0
2025/11/28 05:20,05F0309S,05F0439S,5,532,1
2025/11/28 05:20,05F0439S,05F0494S,31,203,4
2025/11/28 05:20,05F0439S,05F0494S,32,215,6
2025/11/28 05:20,05F0439S,05F0494S,41,0,0
2025/11/28 05:20,05F0439S,05F0494S,42,0,0
2025/11/28 05:20,05F0439S,05F0494S,5,220,3
2025/11/28 05:25,05F0000S,05F0055S,31,231,21
2025/11/28 05:25,05F0000S,05F0055S,32,242,15
2025/11/28 05:25,05F0000S,05F0055S,41,0,0
2025/11/28 05:25,05F0000S,05F0055S,42,0,0
2025/11/28 05:25,05F0000S,05F0055S,5,0,0
2025/11/28 05:25,05F0055S,05F0287S,31,955,18
2025/11/28 05:25,05F0055S,05F0287S,32,946,17
2025/11/28 05:25,05F0055S,05F0287S,41,0,0
2025/11/28 05:25,05F0055S,05F0287S,42,0,0
2025/11/28 05:25,05F0055S,05F0287S,5,0,0
2025/11/28 05:25,05F0287S,05F0309S,31,86,11
2025/11/28 05:25,05F0287S,05F0309S,32,84,14
2025/11/28 05:25,05F0287S,05F0309S,41,0,0
2025/11/28 05:25,05F0287S,05F0309S,42,0,0
2025/11/28 05:25,05F0287S,05F0309S,5,0,0
2025/11/28 05:25,05F0309S,05F0439S,31,471,14
2025/11/28 05:25,05F0309S,05F0439S,32,494,4
2025/11/28 05:25,05F0309S,05F0439S,41,0,0
2025/11/28 05:25,05F0309S,05F0439S,42,549,1
2025/11/28 05:25,05F0309S,05F0439S,5,489,1
2025/11/28 05:25,05F0439S,05F0494S,31,215,9
2025/11/28 05:25,05F0439S,05F0494S,32,205,4
2025/11/28 05:25,05F0439S,05F0494S,41,0,0
2025/11/28 05:25,05F0439S,05F0494S,42,222,1
2025/11/28 05:25,05F0439S,05F0494S,5,216,2
2025/11/28 05:30,05F0000S,05F0055S,31,236,20
2025/11/28 05:30,05F0000S,05F0055S,32,239,18
2025/11/28 05:30,05F0000S,05F0055S,41,0,0
2025/11/28 05:30,05F0000S,05F0055S,42,0,0
2025/11/28 05:30,05F0000S,05F0055S,5,0,0
2025/11/28 05:30,05F0055S,05F0287S,31,961,17
2025/11/28 05:30,05F0055S,05F0287S,32,964,14
2025/11/28 05:30,05F0055S,05F0287S,41,0,0
2025/11/28 05:30,05F0055S,05F0287S,42,0,0
2025/11/28 05:30,05F0055S,05F0287S,5,0,0
2025/11/28 05:30,05F0287S,05F0309S,31,85,8
2025/11/28 05:30,05F0287S,05F0309S,32,87,9
2025/11/28 05:30,05F0287S,05F0309S,41,0,0
2025/11/28 05:30,05F0287S,05F0309S,42,0,0
2025/11/28 05:30,05F0287S,05F0309S,5,0,0
2025/11/28 05:30,05F0309S,05F0439S,31,439,7
2025/11/28 05:30,05F0309S,05F0439S,32,507,13
2025/11/28 05:30,05F0309S,05F0439S,41,0,0
2025/11/28 05:30,05F0309S,05F0439S,42,527,1
2025/11/28 05:30,05F0309S,05F0439S,5,570,2
2025/11/28 05:30,05F0439S,05F0494S,31,206,9
2025/11/28 05:30,05F0439S,05F0494S,32,232,6
2025/11/28 05:30,05F0439S,05F0494S,41,0,0
2025/11/28 05:30,05F0439S,05F0494S,42,226,1
2025/11/28 05:30,05F0439S,05F0494S,5,0,0
2025/11/28 05:35,05F0000S,05F0055S,31,240,26
2025/11/28 05:35,05F0000S,05F0055S,32,240,16
2025/11/28 05:35,05F0000S,05F0055S,41,0,0
2025/11/28 05:35,05F0000S,05F0055S,42,0,0
2025/11/28 05:35,05F0000S,05F0055S,5,0,0
2025/11/28 05:35,05F0055S,05F0287S,31,945,19
2025/11/28 05:35,05F0055S,05F0287S,32,951,12
2025/11/28 05:35,05F0055S,05F0287S,41,0,0
2025/11/28 05:35,05F0055S,05F0287S,42,0,0
2025/11/28 05:35,05F0055S,05F0287S,5,0,0
2025/11/28 05:35,05F0287S,05F0309S,31,84,12
2025/11/28 05:35,05F0287S,05F0309S,32,88,11
2025/11/28 05:35,05F0287S,05F0309S,41,0,0
2025/11/28 05:35,05F0287S,05F0309S,42,0,0
2025/11/28 05:35,05F0287S,05F0309S,5,0,0
2025/11/28 05:35,05F0309S,05F0439S,31,493,4
2025/11/28 05:35,05F0309S,05F0439S,32,518,10
2025/11/28 05:35,05F0309S,05F0439S,41,0,0
2025/11/28 05:35,05F0309S,05F0439S,42,492,1
2025/11/28 05:35,05F0309S,05F0439S,5,547,4
2025/11/28 05:35,05F0439S,05F0494S,31,205,8
2025/11/28 05:35,05F0439S,05F0494S,32,211,9
2025/11/28 05:35,05F0439S,05F0494S,41,0,0
2025/11/28 05:35,05F0439S,05F0494S,42,214,2
2025/11/28 05:35,05F0439S,05F0494S,5,0,0
2025/11/28 05:40,05F0000S,05F0055S,31,230,44
2025/11/28 05:40,05F0000S,05F0055S,32,236,15
2025/11/28 05:40,05F0000S,05F0055S,41,0,0
2025/11/28 05:40,05F0000S,05F0055S,42,0,0
2025/11/28 05:40,05F0000S,05F0055S,5,0,0
2025/11/28 05:40,05F0055S,05F0287S,31,964,21
2025/11/28 05:40,05F0055S,05F0287S,32,972,17
2025/11/28 05:40,05F0055S,05F0287S,41,0,0
2025/11/28 05:40,05F0055S,05F0287S,42,0,0
2025/11/28 05:40,05F0055S,05F0287S,5,0,0
2025/11/28 05:40,05F0287S,05F0309S,31,80,14
2025/11/28 05:40,05F0287S,05F0309S,32,86,12
2025/11/28 05:40,05F0287S,05F0309S,41,0,0
2025/11/28 05:40,05F0287S,05F0309S,42,0,0
2025/11/28 05:40,05F0287S,05F0309S,5,0,0
2025/11/28 05:40,05F0309S,05F0439S,31,489,10
2025/11/28 05:40,05F0309S,05F0439S,32,499,8
2025/11/28 05:40,05F0309S,05F0439S,41,0,0
2025/11/28 05:40,05F0309S,05F0439S,42,0,0
2025/11/28 05:40,05F0309S,05F0439S,5,526,5
2025/11/28 05:40,05F0439S,05F0494S,31,204,6
2025/11/28 05:40,05F0439S,05F0494S,32,219,5
2025/11/28 05:40,05F0439S,05F0494S,41,0,0
2025/11/28 05:40,05F0439S,05F0494S,42,0,0
2025/11/28 05:40,05F0439S,05F0494S,5,217,2
2025/11/28 05:45,05F0000S,05F0055S,31,238,35
2025/11/28 05:45,05F0000S,05F0055S,32,235,12
2025/11/28 05:45,05F0000S,05F0055S,41,0,0
2025/11/28 05:45,05F0000S,05F0055S,42,0,0
2025/11/28 05:45,05F0000S,05F0055S,5,0,0
2025/11/28 05:45,05F0055S,05F0287S,31,924,21
2025/11/28 05:45,05F0055S,05F0287S,32,940,12
2025/11/28 05:45,05F0055S,05F0287S,41,0,0
2025/11/28 05:45,05F0055S,05F0287S,42,0,0
2025/11/28 05:45,05F0055S,05F0287S,5,0,0
2025/11/28 05:45,05F0287S,05F0309S,31,85,14
2025/11/28 05:45,05F0287S,05F0309S,32,90,10
2025/11/28 05:45,05F0287S,05F0309S,41,0,0
2025/11/28 05:45,05F0287S,05F0309S,42,0,0
2025/11/28 05:45,05F0287S,05F0309S,5,0,0
2025/11/28 05:45,05F0309S,05F0439S,31,467,6
2025/11/28 05:45,05F0309S,05F0439S,32,497,5
2025/11/28 05:45,05F0309S,05F0439S,41,0,0
2025/11/28 05:45,05F0309S,05F0439S,42,502,1
2025/11/28 05:45,05F0309S,05F0439S,5,533,1
2025/11/28 05:45,05F0439S,05F0494S,31,216,7
2025/11/28 05:45,05F0439S,05F0494S,32,202,8
2025/11/28 05:45,05F0439S,05F0494S,41,0,0
2025/11/28 05:45,05F0439S,05F0494S,42,0,0
2025/11/28 05:45,05F0439S,05F0494S,5,217,5
2025/11/28 05:50,05F0000S,05F0055S,31,239,36
2025/11/28 05:50,05F0000S,05F0055S,32,244,21
2025/11/28 05:50,05F0000S,05F0055S,41,246,1
2025/11/28 05:50,05F0000S,05F0055S,42,0,0
2025/11/28 05:50,05F0000S,05F0055S,5,0,0
2025/11/28 05:50,05F0055S,05F0287S,31,959,19
2025/11/28 05:50,05F0055S,05F0287S,32,970,18
2025/11/28 05:50,05F0055S,05F0287S,41,0,0
2025/11/28 05:50,05F0055S,05F0287S,42,0,0
2025/11/28 05:50,05F0055S,05F0287S,5,0,0
2025/11/28 05:50,05F0287S,05F0309S,31,91,11
2025/11/28 05:50,05F0287S,05F0309S,32,89,16
2025/11/28 05:50,05F0287S,05F0309S,41,0,0
2025/11/28 05:50,05F0287S,05F0309S,42,0,0
2025/11/28 05:50,05F0287S,05F0309S,5,0,0
2025/11/28 05:50,05F0309S,05F0439S,31,478,9
2025/11/28 05:50,05F0309S,05F0439S,32,479,9
2025/11/28 05:50,05F0309S,05F0439S,41,0,0
2025/11/28 05:50,05F0309S,05F0439S,42,0,0
2025/11/28 05:50,05F0309S,05F0439S,5,512,4
2025/11/28 05:50,05F0439S,05F0494S,31,203,6
2025/11/28 05:50,05F0439S,05F0494S,32,203,4
2025/11/28 05:50,05F0439S,05F0494S,41,225,1
2025/11/28 05:50,05F0439S,05F0494S,42,208,1
2025/11/28 05:50,05F0439S,05F0494S,5,0,0
2025/11/28 05:55,05F0000S,05F0055S,31,243,39
2025/11/28 05:55,05F0000S,05F0055S,32,241,24
2025/11/28 05:55,05F0000S,05F0055S,41,0,0
2025/11/28 05:55,05F0000S,05F0055S,42,0,0
2025/11/28 05:55,05F0000S,05F0055S,5,0,0
2025/11/28 05:55,05F0055S,05F0287S,31,969,51
2025/11/28 05:55,05F0055S,05F0287S,32,971,17
2025/11/28 05:55,05F0055S,05F0287S,41,0,0
2025/11/28 05:55,05F0055S,05F0287S,42,0,0
2025/11/28 05:55,05F0055S,05F0287S,5,0,0
2025/11/28 05:55,05F0287S,05F0309S,31,88,33
2025/11/28 05:55,05F0287S,05F0309S,32,83,13
2025/11/28 05:55,05F0287S,05F0309S,41,0,0
2025/11/28 05:55,05F0287S,05F0309S,42,0,0
2025/11/28 05:55,05F0287S,05F0309S,5,0,0
2025/11/28 05:55,05F0309S,05F0439S,31,501,6
2025/11/28 05:55,05F0309S,05F0439S,32,491,6
2025/11/28 05:55,05F0309S,05F0439S,41,0,0
2025/11/28 05:55,05F0309S,05F0439S,42,504,1
2025/11/28 05:55,05F0309S,05F0439S,5,519,2
2025/11/28 05:55,05F0439S,05F0494S,31,213,6
2025/11/28 05:55,05F0439S,05F0494S,32,206,6
2025/11/28 05:55,05F0439S,05F0494S,41,0,0
2025/11/28 05:55,05F0439S,05F0494S,42,0,0
2025/11/28 05:55,05F0439S,05F0494S,5,209,4
2025/11/28 06:00,05F0000S,05F0055S,31,228,21
2025/11/28 06:00,05F0000S,05F0055S,32,234,19
2025/11/28 06:00,05F0000S,05F0055S,41,0,0
2025/11/28 06:00,05F0000S,05F0055S,42,0,0
2025/11/28 06:00,05F0000S,05F0055S,5,0,0
2025/11/28 06:00,05F0055S,05F0287S,31,956,37
2025/11/28 06:00,05F0055S,05F0287S,32,931,14
2025/11/28 06:00,05F0055S,05F0287S,41,0,0
2025/11/28 06:00,05F0055S,05F0287S,42,0,0
2025/11/28 06:00,05F0055S,05F0287S,5,0,0
2025/11/28 06:00,05F0287S,05F0309S,31,85,26
2025/11/28 06:00,05F0287S,05F0309S,32,84,9
2025/11/28 06:00,05F0287S,05F0309S,41,0,0
2025/11/28 06:00,05F0287S,05F0309S,42,0,0
2025/11/28 06:00,05F0287S,05F0309S,5,0,0
2025/11/28 06:00,05F0309S,05F0439S,31,504,8
2025/11/28 06:00,05F0309S,05F0439S,32,503,6
2025/11/28 06:00,05F0309S,05F0439S,41,0,0
2025/11/28 06:00,05F0309S,05F0439S,42,0,0
2025/11/28 06:00,05F0309S,05F0439S,5,548,3
2025/11/28 06:00,05F0439S,05F0494S,31,204,7
2025/11/28 06:00,05F0439S,05F0494S,32,223,4
2025/11/28 06:00,05F0439S,05F0494S,41,253,1
2025/11/28 06:00,05F0439S,05F0494S,42,218,1
2025/11/28 06:00,05F0439S,05F0494S,5,221,3
2025/11/28 06:05,05F0000S,05F0055S,31,239,34
2025/11/28 06:05,05F0000S,05F0055S,32,240,16
2025/11/28 06:05,05F0000S,05F0055S,41,262,1
2025/11/28 06:05,05F0000S,05F0055S,42,0,0
2025/11/28 06:05,05F0000S,05F0055S,5,0,0
2025/11/28 06:05,05F0055S,05F0287S,31,957,39
2025/11/28 06:05,05F0055S,05F0287S,32,949,21
2025/11/28 06:05,05F0055S,05F0287S,41,961,1
2025/11/28 06:05,05F0055S,05F0287S,42,0,0
2025/11/28 06:05,05F0055S,05F0287S,5,0,0
2025/11/28 06:05,05F0287S,05F0309S,31,86,19
2025/11/28 06:05,05F0287S,05F0309S,32,84,13
2025/11/28 06:05,05F0287S,05F0309S,41,0,0
2025/11/28 06:05,05F0287S,05F0309S,42,0,0
2025/11/28 06:05,05F0287S,05F0309S,5,0,0
2025/11/28 06:05,05F0309S,05F0439S,31,496,22
2025/11/28 06:05,05F0309S,05F0439S,32,475,8
2025/11/28 06:05,05F0309S,05F0439S,41,0,0
2025/11/28 06:05,05F0309S,05F0439S,42,515,2
2025/11/28 06:05,05F0309S,05F0439S,5,484,3
2025/11/28 06:05,05F0439S,05F0494S,31,206,10
2025/11/28 06:05,05F0439S,05F0494S,32,224,6
2025/11/28 06:05,05F0439S,05F0494S,41,0,0
2025/11/28 06:05,05F0439S,05F0494S,42,0,0
2025/11/28 06:05,05F0439S,05F0494S,5,237,1
2025/11/28 06:10,05F0000S,05F0055S,31,232,34
2025/11/28 06:10,05F0000S,05F0055S,32,241,17
2025/11/28 06:10,05F0000S,05F0055S,41,240,3
2025/11/28 06:10,05F0000S,05F0055S,42,0,0
2025/11/28 06:10,05F0000S,05F0055S,5,0,0
2025/11/28 06:10,05F0055S,05F0287S,31,966,38
2025/11/28 06:10,05F0055S,05F0287S,32,967,23
2025/11/28 06:10,05F0055S,05F0287S,41,0,0
2025/11/28 06:10,05F0055S,05F0287S,42,0,0
2025/11/28 06:10,05F0055S,05F0287S,5,0,0
2025/11/28 06:10,05F0287S,05F0309S,31,88,30
2025/11/28 06:10,05F0287S,05F0309S,32,88,16
2025/11/28 06:10,05F0287S,05F0309S,41,0,0
2025/11/28 06:10,05F0287S,05F0309S,42,0,0
2025/11/28 06:10,05F0287S,05F0309S,5,0,0
2025/11/28 06:10,05F0309S,05F0439S,31,508,18
2025/11/28 06:10,05F0309S,05F0439S,32,488,5
2025/11/28 06:10,05F0309S,05F0439S,41,0,0
2025/11/28 06:10,05F0309S,05F0439S,42,536,3
2025/11/28 06:10,05F0309S,05F0439S,5,516,3
2025/11/28 06:10,05F0439S,05F0494S,31,210,16
2025/11/28 06:10,05F0439S,05F0494S,32,200,5
2025/11/28 06:10,05F0439S,05F0494S,41,0,0
2025/11/28 06:10,05F0439S,05F0494S,42,207,1
2025/11/28 06:10,05F0439S,05F0494S,5,203,1
2025/11/28 06:15,05F0000S,05F0055S,31,235,47
2025/11/28 06:15,05F0000S,05F0055S,32,241,23
2025/11/28 06:15,05F0000S,05F0055S,41,263,2
2025/11/28 06:15,05F0000S,05F0055S,42,0,0
2025/11/28 06:15,05F0000S,05F0055S,5,0,0
2025/11/28 06:15,05F0055S,05F0287S,31,950,24
2025/11/28 06:15,05F0055S,05F0287S,32,943,20
2025/11/28 06:15,05F0055S,05F0287S,41,0,0
2025/11/28 06:15,05F0055S,05F0287S,42,0,0
2025/11/28 06:15,05F0055S,05F0287S,5,0,0
2025/11/28 06:15,05F0287S,05F0309S,31,88,23
2025/11/28 06:15,05F0287S,05F0309S,32,85,22
2025/11/28 06:15,05F0287S,05F0309S,41,0,0
2025/11/28 06:15,05F0287S,05F0309S,42,0,0
2025/11/28 06:15,05F0287S,05F0309S,5,0,0
2025/11/28 06:15,05F0309S,05F0439S,31,487,9
2025/11/28 06:15,05F0309S,05F0439S,32,480,11
2025/11/28 06:15,05F0309S,05F0439S,41,0,0
2025/11/28 06:15,05F0309S,05F0439S,42,0,0
2025/11/28 06:15,05F0309S,05F0439S,5,0,0
2025/11/28 06:15,05F0439S,05F0494S,31,206,12
2025/11/28 06:15,05F0439S,05F0494S,32,209,3
2025/11/28 06:15,05F0439S,05F0494S,41,0,0
2025/11/28 06:15,05F0439S,05F0494S,42,213,2
2025/11/28 06:15,05F0439S,05F0494S,5,203,1
2025/11/28 06:20,05F0000S,05F0055S,31,238,54
2025/11/28 06:20,05F0000S,05F0055S,32,241,22
2025/11/28 06:20,05F0000S,05F0055S,41,241,1
2025/11/28 06:20,05F0000S,05F0055S,42,0,0
2025/11/28 06:20,05F0000S,05F0055S,5,0,0
2025/11/28 06:20,05F0055S,05F0287S,31,927,30
2025/11/28 06:20,05F0055S,05F0287S,32,964,13
2025/11/28 06:20,05F0055S,05F0287S,41,0,0
2025/11/28 06:20,05F0055S,05F0287S,42,0,0
2025/11/28 06:20,05F0055S,05F0287S,5,0,0
2025/11/28 06:20,05F0287S,05F0309S,31,85,15
2025/11/28 06:20,05F0287S,05F0309S,32,84,12
2025/11/28 06:20,05F0287S,05F0309S,41,0,0
2025/11/28 06:20,05F0287S,05F0309S,42,0,0
2025/11/28 06:20,05F0287S,05F0309S,5,0,0
2025/11/28 06:20,05F0309S,05F0439S,31,482,26
2025/11/28 06:20,05F0309S,05F0439S,32,472,15
2025/11/28 06:20,05F0309S,05F0439S,41,0,0
2025/11/28 06:20,05F0309S,05F0439S,42,540,3
2025/11/28 06:20,05F0309S,05F0439S,5,500,4
2025/11/28 06:20,05F0439S,05F0494S,31,207,9
2025/11/28 06:20,05F0439S,05F0494S,32,207,14
2025/11/28 06:20,05F0439S,05F0494S,41,0,0
2025/11/28 06:20,05F0439S,05F0494S,42,224,1
2025/11/28 06:20,05F0439S,05F0494S,5,193,1
2025/11/28 06:25,05F0000S,05F0055S,31,237,49
2025/11/28 06:25,05F0000S,05F0055S,32,241,19
2025/11/28 06:25,05F0000S,05F0055S,41,257,3
2025/11/28 06:25,05F0000S,05F0055S,42,0,0
2025/11/28 06:25,05F0000S,05F0055S,5,0,0
2025/11/28 06:25,05F0055S,05F0287S,31,945,40
2025/11/28 06:25,05F0055S,05F0287S,32,962,23
2025/11/28 06:25,05F0055S,05F0287S,41,980,3
2025/11/28 06:25,05F0055S,05F0287S,42,0,0
2025/11/28 06:25,05F0055S,05F0287S,5,0,0
2025/11/28 06:25,05F0287S,05F0309S,31,87,26
2025/11/28 06:25,05F0287S,05F0309S,32,86,16
2025/11/28 06:25,05F0287S,05F0309S,41,91,2
2025/11/28 06:25,05F0287S,05F0309S,42,0,0
2025/11/28 06:25,05F0287S,05F0309S,5,0,0
2025/11/28 06:25,05F0309S,05F0439S,31,477,13
2025/11/28 06:25,05F0309S,05F0439S,32,475,13
2025/11/28 06:25,05F0309S,05F0439S,41,0,0
2025/11/28 06:25,05F0309S,05F0439S,42,502,1
2025/11/28 06:25,05F0309S,05F0439S,5,513,3
2025/11/28 06:25,05F0439S,05F0494S,31,198,18
2025/11/28 06:25,05F0439S,05F0494S,32,205,6
2025/11/28 06:25,05F0439S,05F0494S,41,0,0
2025/11/28 06:25,05F0439S,05F0494S,42,245,1
2025/11/28 06:25,05F0439S,05F0494S,5,196,3
2025/11/28 06:30,05F0000S,05F0055S,31,239,62
2025/11/28 06:30,05F0000S,05F0055S,32,238,27
2025/11/28 06:30,05F0000S,05F0055S,41,270,2
2025/11/28 06:30,05F0000S,05F0055S,42,0,0
2025/11/28 06:30,05F0000S,05F0055S,5,0,0
2025/11/28 06:30,05F0055S,05F0287S,31,934,34
2025/11/28 06:30,05F0055S,05F0287S,32,958,16
2025/11/28 06:30,05F0055S,05F0287S,41,1006,2
2025/11/28 06:30,05F0055S,05F0287S,42,0,0
2025/11/28 06:30,05F0055S,05F0287S,5,0,0
2025/11/28 06:30,05F0287S,05F0309S,31,86,23
2025/11/28 06:30,05F0287S,05F0309S,32,89,16
2025/11/28 06:30,05F0287S,05F0309S,41,87,2
2025/11/28 06:30,05F0287S,05F0309S,42,0,0
2025/11/28 06:30,05F0287S,05F0309S,5,0,0
2025/11/28 06:30,05F0309S,05F0439S,31,476,12
2025/11/28 06:30,05F0309S,05F0439S,32,471,9
2025/11/28 06:30,05F0309S,05F0439S,41,0,0
2025/11/28 06:30,05F0309S,05F0439S,42,559,4
2025/11/28 06:30,05F0309S,05F0439S,5,632,1
2025/11/28 06:30,05F0439S,05F0494S,31,199,11
2025/11/28 06:30,05F0439S,05F0494S,32,200,6
2025/11/28 06:30,05F0439S,05F0494S,41,0,0
2025/11/28 06:30,05F0439S,05F0494S,42,220,2
2025/11/28 06:30,05F0439S,05F0494S,5,0,0
2025/11/28 06:35,05F0000S,05F0055S,31,240,67
2025/11/28 06:35,05F0000S,05F0055S,32,238,36
2025/11/28 06:35,05F0000S,05F0055S,41,265,3
2025/11/28 06:35,05F0000S,05F0055S,42,0,0
2025/11/28 06:35,05F0000S,05F0055S,5,0,0
2025/11/28 06:35,05F0055S,05F0287S,31,959,63
2025/11/28 06:35,05F0055S,05F0287S,32,957,28
2025/11/28 06:35,05F0055S,05F0287S,41,1036,2
2025/11/28 06:35,05F0055S,05F0287S,42,0,0
2025/11/28 06:35,05F0055S,05F0287S,5,0,0
2025/11/28 06:35,05F0287S,05F0309S,31,83,33
2025/11/28 06:35,05F0287S,05F0309S,32,87,19
2025/11/28 06:35,05F0287S,05F0309S,41,95,2
2025/11/28 06:35,05F0287S,05F0309S,42,0,0
2025/11/28 06:35,05F0287S,05F0309S,5,0,0
2025/11/28 06:35,05F0309S,05F0439S,31,474,22
2025/11/28 06:35,05F0309S,05F0439S,32,494,16
2025/11/28 06:35,05F0309S,05F0439S,41,509,2
2025/11/28 06:35,05F0309S,05F0439S,42,425,1
2025/11/28 06:35,05F0309S,05F0439S,5,496,5
2025/11/28 06:35,05F0439S,05F0494S,31,201,15
2025/11/28 06:35,05F0439S,05F0494S,32,201,11
2025/11/28 06:35,05F0439S,05F0494S,41,0,0
2025/11/28 06:35,05F0439S,05F0494S,42,212,1
2025/11/28 06:35,05F0439S,05F0494S,5,0,0
2025/11/28 06:40,05F0000S,05F0055S,31,249,72
2025/11/28 06:40,05F0000S,05F0055S,32,256,19
2025/11/28 06:40,05F0000S,05F0055S,41,258,4
2025/11/28 06:40,05F0000S,05F0055S,42,0,0
2025/11/28 06:40,05F0000S,05F0055S,5,0,0
2025/11/28 06:40,05F0055S,05F0287S,31,962,53
2025/11/28 06:40,05F0055S,05F0287S,32,994,16
2025/11/28 06:40,05F0055S,05F0287S,41,998,1
2025/11/28 06:40,05F0055S,05F0287S,42,0,0
2025/11/28 06:40,05F0055S,05F0287S,5,0,0
2025/11/28 06:40,05F0287S,05F0309S,31,85,43
2025/11/28 06:40,05F0287S,05F0309S,32,88,14
2025/11/28 06:40,05F0287S,05F0309S,41,0,0
2025/11/28 06:40,05F0287S,05F0309S,42,0,0
2025/11/28 06:40,05F0287S,05F0309S,5,0,0
2025/11/28 06:40,05F0309S,05F0439S,31,453,23
2025/11/28 06:40,05F0309S,05F0439S,32,497,8
2025/11/28 06:40,05F0309S,05F0439S,41,506,1
2025/11/28 06:40,05F0309S,05F0439S,42,587,1
2025/11/28 06:40,05F0309S,05F0439S,5,505,2
2025/11/28 06:40,05F0439S,05F0494S,31,203,19
2025/11/28 06:40,05F0439S,05F0494S,32,213,11
2025/11/28 06:40,05F0439S,05F0494S,41,0,0
2025/11/28 06:40,05F0439S,05F0494S,42,0,0
2025/11/28 06:40,05F0439S,05F0494S,5,228,3
2025/11/28 06:45,05F0000S,05F0055S,31,242,78
2025/11/28 06:45,05F0000S,05F0055S,32,242,36
2025/11/28 06:45,05F0000S,05F0055S,41,253,1
2025/11/28 06:45,05F0000S,05F0055S,42,0,0
2025/11/28 06:45,05F0000S,05F0055S,5,0,0
2025/11/28 06:45,05F0055S,05F0287S,31,974,64
2025/11/28 06:45,05F0055S,05F0287S,32,980,23
2025/11/28 06:45,05F0055S,05F0287S,41,1045,4
2025/11/28 06:45,05F0055S,05F0287S,42,0,0
2025/11/28 06:45,05F0055S,05F0287S,5,0,0
2025/11/28 06:45,05F0287S,05F0309S,31,86,36
2025/11/28 06:45,05F0287S,05F0309S,32,87,20
2025/11/28 06:45,05F0287S,05F0309S,41,98,3
2025/11/28 06:45,05F0287S,05F0309S,42,0,0
2025/11/28 06:45,05F0287S,05F0309S,5,0,0
2025/11/28 06:45,05F0309S,05F0439S,31,470,32
2025/11/28 06:45,05F0309S,05F0439S,32,487,11
2025/11/28 06:45,05F0309S,05F0439S,41,533,2
2025/11/28 06:45,05F0309S,05F0439S,42,516,2
2025/11/28 06:45,05F0309S,05F0439S,5,545,3
2025/11/28 06:45,05F0439S,05F0494S,31,199,19
2025/11/28 06:45,05F0439S,05F0494S,32,205,5
2025/11/28 06:45,05F0439S,05F0494S,41,0,0
2025/11/28 06:45,05F0439S,05F0494S,42,249,1
2025/11/28 06:45,05F0439S,05F0494S,5,226,3
2025/11/28 06:50,05F0000S,05F0055S,31,242,61
2025/11/28 06:50,05F0000S,05F0055S,32,242,36
2025/11/28 06:50,05F0000S,05F0055S,41,251,3
2025/11/28 06:50,05F0000S,05F0055S,42,0,0
2025/11/28 06:50,05F0000S,05F0055S,5,0,0
2025/11/28 06:50,05F0055S,05F0287S,31,972,63
2025/11/28 06:50,05F0055S,05F0287S,32,974,39
2025/11/28 06:50,05F0055S,05F0287S,41,1039,2
2025/11/28 06:50,05F0055S,05F0287S,42,0,0
2025/11/28 06:50,05F0055S,05F0287S,5,0,0
2025/11/28 06:50,05F0287S,05F0309S,31,85,46
2025/11/28 06:50,05F0287S,05F0309S,32,88,28
2025/11/28 06:50,05F0287S,05F0309S,41,90,1
2025/11/28 06:50,05F0287S,05F0309S,42,0,0
2025/11/28 06:50,05F0287S,05F0309S,5,0,0
2025/11/28 06:50,05F0309S,05F0439S,31,464,21
2025/11/28 06:50,05F0309S,05F0439S,32,474,11
2025/11/28 06:50,05F0309S,05F0439S,41,521,1
2025/11/28 06:50,05F0309S,05F0439S,42,496,4
2025/11/28 06:50,05F0309S,05F0439S,5,536,5
2025/11/28 06:50,05F0439S,05F0494S,31,199,21
2025/11/28 06:50,05F0439S,05F0494S,32,208,4
2025/11/28 06:50,05F0439S,05F0494S,41,242,2
2025/11/28 06:50,05F0439S,05F0494S,42,0,0
2025/11/28 06:50,05F0439S,05F0494S,5,245,3
2025/11/28 06:55,05F0000S,05F0055S,31,240,69
2025/11/28 06:55,05F0000S,05F0055S,32,244,37
2025/11/28 06:55,05F0000S,05F0055S,41,250,1
2025/11/28 06:55,05F0000S,05F0055S,42,0,0
2025/11/28 06:55,05F0000S,05F0055S,5,0,0
2025/11/28 06:55,05F0055S,05F0287S,31,975,69
2025/11/28 06:55,05F0055S,05F0287S,32,977,22
2025/11/28 06:55,05F0055S,05F0287S,41,1012,4
2025/11/28 06:55,05F0055S,05F0287S,42,0,0
2025/11/28 06:55,05F0055S,05F0287S,5,0,0
2025/11/28 06:55,05F0287S,05F0309S,31,86,51
2025/11/28 06:55,05F0287S,05F0309S,32,88,22
2025/11/28 06:55,05F0287S,05F0309S,41,88,3
2025/11/28 06:55,05F0287S,05F0309S,42,0,0
2025/11/28 06:55,05F0287S,05F0309S,5,0,0
2025/11/28 06:55,05F0309S,05F0439S,31,472,31
2025/11/28 06:55,05F0309S,05F0439S,32,493,13
2025/11/28 06:55,05F0309S,05F0439S,41,558,2
2025/11/28 06:55,05F0309S,05F0439S,42,535,2
2025/11/28 06:55,05F0309S,05F0439S,5,513,2
2025/11/28 06:55,05F0439S,05F0494S,31,183,24
2025/11/28 06:55,05F0439S,05F0494S,32,190,8
2025/11/28 06:55,05F0439S,05F0494S,41,218,1
2025/11/28 06:55,05F0439S,05F0494S,42,244,3
2025/11/28 06:55,05F0439S,05F0494S,5,234,5
2025/11/28 07:00,05F0000S,05F0055S,31,243,71
2025/11/28 07:00,05F0000S,05F0055S,32,251,37
2025/11/28 07:00,05F0000S,05F0055S,41,254,3
2025/11/28 07:00,05F0000S,05F0055S,42,0,0
2025/11/28 07:00,05F0000S,05F0055S,5,0,0
2025/11/28 07:00,05F0055S,05F0287S,31,977,76
2025/11/28 07:00,05F0055S,05F0287S,32,992,34
2025/11/28 07:00,05F0055S,05F0287S,41,1091,1
2025/11/28 07:00,05F0055S,05F0287S,42,0,0
2025/11/28 07:00,05F0055S,05F0287S,5,0,0
2025/11/28 07:00,05F0287S,05F0309S,31,89,46
2025/11/28 07:00,05F0287S,05F0309S,32,90,22
2025/11/28 07:00,05F0287S,05F0309S,41,95,1
2025/11/28 07:00,05F0287S,05F0309S,42,0,0
2025/11/28 07:00,05F0287S,05F0309S,5,0,0
2025/11/28 07:00,05F0309S,05F0439S,31,472,34
2025/11/28 07:00,05F0309S,05F0439S,32,486,22
2025/11/28 07:00,05F0309S,05F0439S,41,532,1
2025/11/28 07:00,05F0309S,05F0439S,42,516,3
2025/11/28 07:00,05F0309S,05F0439S,5,513,1
2025/11/28 07:00,05F0439S,05F0494S,31,205,29
2025/11/28 07:00,05F0439S,05F0494S,32,195,13
2025/11/28 07:00,05F0439S,05F0494S,41,241,2
2025/11/28 07:00,05F0439S,05F0494S,42,0,0
2025/11/28 07:00,05F0439S,05F0494S,5,0,0
2025/11/28 07:05,05F0000S,05F0055S,31,234,83
2025/11/28 07:05,05F0000S,05F0055S,32,242,23
2025/11/28 07:05,05F0000S,05F0055S,41,243,1
2025/11/28 07:05,05F0000S,05F0055S,42,0,0
2025/11/28 07:05,05F0000S,05F0055S,5,0,0
2025/11/28 07:05,05F0055S,05F0287S,31,981,67
2025/11/28 07:05,05F0055S,05F0287S,32,975,40
2025/11/28 07:05,05F0055S,05F0287S,41,1066,5
2025/11/28 07:05,05F0055S,05F0287S,42,0,0
2025/11/28 07:05,05F0055S,05F0287S,5,0,0
2025/11/28 07:05,05F0287S,05F0309S,31,87,51
2025/11/28 07:05,05F0287S,05F0309S,32,87,30
2025/11/28 07:05,05F0287S,05F0309S,41,86,1
2025/11/28 07:05,05F0287S,05F0309S,42,0,0
2025/11/28 07:05,05F0287S,05F0309S,5,0,0
2025/11/28 07:05,05F0309S,05F0439S,31,484,40
2025/11/28 07:05,05F0309S,05F0439S,32,487,14
2025/11/28 07:05,05F0309S,05F0439S,41,487,1
2025/11/28 07:05,05F0309S,05F0439S,42,571,2
2025/11/28 07:05,05F0309S,05F0439S,5,572,2
2025/11/28 07:05,05F0439S,05F0494S,31,198,29
2025/11/28 07:05,05F0439S,05F0494S,32,205,15
2025/11/28 07:05,05F0439S,05F0494S,41,224,2
2025/11/28 07:05,05F0439S,05F0494S,42,257,1
2025/11/28 07:05,05F0439S,05F0494S,5,238,2
2025/11/28 07:10,05F0000S,05F0055S,31,244,68
2025/11/28 07:10,05F0000S,05F0055S,32,246,30
2025/11/28 07:10,05F0000S,05F0055S,41,257,4
2025/11/28 07:10,05F0000S,05F0055S,42,0,0
2025/11/28 07:10,05F0000S,05F0055S,5,0,0
2025/11/28 07:10,05F0055S,05F0287S,31,976,77
2025/11/28 07:10,05F0055S,05F0287S,32,989,38
2025/11/28 07:10,05F0055S,05F0287S,41,991,1
2025/11/28 07:10,05F0055S,05F0287S,42,0,0
2025/11/28 07:10,05F0055S,05F0287S,5,0,0
2025/11/28 07:10,05F0287S,05F0309S,31,87,50
2025/11/28 07:10,05F0287S,05F0309S,32,91,32
2025/11/28 07:10,05F0287S,05F0309S,41,93,3
2025/11/28 07:10,05F0287S,05F0309S,42,0,0
2025/11/28 07:10,05F0287S,05F0309S,5,0,0
2025/11/28 07:10,05F0309S,05F0439S,31,487,36
2025/11/28 07:10,05F0309S,05F0439S,32,484,15
2025/11/28 07:10,05F0309S,05F0439S,41,561,1
2025/11/28 07:10,05F0309S,05F0439S,42,0,0
2025/11/28 07:10,05F0309S,05F0439S,5,550,5
2025/11/28 07:10,05F0439S,05F0494S,31,204,39
2025/11/28 07:10,05F0439S,05F0494S,32,203,15
2025/11/28 07:10,05F0439S,05F0494S,41,0,0
2025/11/28 07:10,05F0439S,05F0494S,42,0,0
2025/11/28 07:10,05F0439S,05F0494S,5,236,1
2025/11/28 07:15,05F0000S,05F0055S,31,244,71
2025/11/28 07:15,05F0000S,05F0055S,32,246,33
2025/11/28 07:15,05F0000S,05F0055S,41,263,5
2025/11/28 07:15,05F0000S,05F0055S,42,0,0
2025/11/28 07:15,05F0000S,05F0055S,5,0,0
2025/11/28 07:15,05F0055S,05F0287S,31,980,66
2025/11/28 07:15,05F0055S,05F0287S,32,995,32
2025/11/28 07:15,05F0055S,05F0287S,41,1036,2
2025/11/28 07:15,05F0055S,05F0287S,42,0,0
2025/11/28 07:15,05F0055S,05F0287S,5,0,0
2025/11/28 07:15,05F0287S,05F0309S,31,88,45
2025/11/28 07:15,05F0287S,05F0309S,32,90,31
2025/11/28 07:15,05F0287S,05F0309S,41,0,0
2025/11/28 07:15,05F0287S,05F0309S,42,0,0
2025/11/28 07:15,05F0287S,05F0309S,5,0,0
2025/11/28 07:15,05F0309S,05F0439S,31,486,35
2025/11/28 07:15,05F0309S,05F0439S,32,476,22
2025/11/28 07:15,05F0309S,05F0439S,41,465,1
2025/11/28 07:15,05F0309S,05F0439S,42,578,2
2025/11/28 07:15,05F0309S,05F0439S,5,519,5
2025/11/28 07:15,05F0439S,05F0494S,31,205,42
2025/11/28 07:15,05F0439S,05F0494S,32,204,18
2025/11/28 07:15,05F0439S,05F0494S,41,0,0
2025/11/28 07:15,05F0439S,05F0494S,42,0,0
2025/11/28 07:15,05F0439S,05F0494S,5,223,6
2025/11/28 07:20,05F0000S,05F0055S,31,243,72
2025/11/28 07:20,05F0000S,05F0055S,32,248,33
2025/11/28 07:20,05F0000S,05F0055S,41,251,2
2025/11/28 07:20,05F0000S,05F0055S,42,0,0
2025/11/28 07:20,05F0000S,05F0055S,5,0,0
2025/11/28 07:20,05F0055S,05F0287S,31,980,96
2025/11/28 07:20,05F0055S,05F0287S,32,995,31
2025/11/28 07:20,05F0055S,05F0287S,41,1009,2
2025/11/28 07:20,05F0055S,05F0287S,42,0,0
2025/11/28 07:20,05F0055S,05F0287S,5,0,0
2025/11/28 07:20,05F0287S,05F0309S,31,88,66
2025/11/28 07:20,05F0287S,05F0309S,32,90,31
2025/11/28 07:20,05F0287S,05F0309S,41,92,3
2025/11/28 07:20,05F0287S,05F0309S,42,0,0
2025/11/28 07:20,05F0287S,05F0309S,5,0,0
2025/11/28 07:20,05F0309S,05F0439S,31,485,50
2025/11/28 07:20,05F0309S,05F0439S,32,494,19
2025/11/28 07:20,05F0309S,05F0439S,41,525,2
2025/11/28 07:20,05F0309S,05F0439S,42,624,3
2025/11/28 07:20,05F0309S,05F0439S,5,539,3
2025/11/28 07:20,05F0439S,05F0494S,31,201,45
2025/11/28 07:20,05F0439S,05F0494S,32,203,19
2025/11/28 07:20,05F0439S,05F0494S,41,209,3
2025/11/28 07:20,05F0439S,05F0494S,42,211,2
2025/11/28 07:20,05F0439S,05F0494S,5,202,3
2025/11/28 07:25,05F0000S,05F0055S,31,240,61
2025/11/28 07:25,05F0000S,05F0055S,32,246,28
2025/11/28 07:25,05F0000S,05F0055S,41,260,9
2025/11/28 07:25,05F0000S,05F0055S,42,0,0
2025/11/28 07:25,05F0000S,05F0055S,5,0,0
2025/11/28 07:25,05F0055S,05F0287S,31,974,75
2025/11/28 07:25,05F0055S,05F0287S,32,992,30
2025/11/28 07:25,05F0055S,05F0287S,41,980,1
2025/11/28 07:25,05F0055S,05F0287S,42,0,0
2025/11/28 07:25,05F0055S,05F0287S,5,0,0
2025/11/28 07:25,05F0287S,05F0309S,31,85,62
2025/11/28 07:25,05F0287S,05F0309S,32,88,18
2025/11/28 07:25,05F0287S,05F0309S,41,0,0
2025/11/28 07:25,05F0287S,05F0309S,42,0,0
2025/11/28 07:25,05F0287S,05F0309S,5,0,0
2025/11/28 07:25,05F0309S,05F0439S,31,479,39
2025/11/28 07:25,05F0309S,05F0439S,32,490,28
2025/11/28 07:25,05F0309S,05F0439S,41,536,2
2025/11/28 07:25,05F0309S,05F0439S,42,0,0
2025/11/28 07:25,05F0309S,05F0439S,5,522,4
2025/11/28 07:25,05F0439S,05F0494S,31,203,57
2025/11/28 07:25,05F0439S,05F0494S,32,204,18
2025/11/28 07:25,05F0439S,05F0494S,41,0,0
2025/11/28 07:25,05F0439S,05F0494S,42,243,2
2025/11/28 07:25,05F0439S,05F0494S,5,226,2
2025/11/28 07:30,05F0000S,05F0055S,31,242,68
2025/11/28 07:30,05F0000S,05F0055S,32,246,22
2025/11/28 07:30,05F0000S,05F0055S,41,275,1
2025/11/28 07:30,05F0000S,05F0055S,42,0,0
2025/11/28 07:30,05F0000S,05F0055S,5,0,0
2025/11/28 07:30,05F0055S,05F0287S,31,986,71
2025/11/28 07:30,05F0055S,05F0287S,32,996,27
2025/11/28 07:30,05F0055S,05F0287S,41,1065,7
2025/11/28 07:30,05F0055S,05F0287S,42,0,0
2025/11/28 07:30,05F0055S,05F0287S,5,0,0
2025/11/28 07:30,05F0287S,05F0309S,31,89,57
2025/11/28 07:30,05F0287S,05F0309S,32,90,21
2025/11/28 07:30,05F0287S,05F0309S,41,101,2
2025/11/28 07:30,05F0287S,05F0309S,42,0,0
2025/11/28 07:30,05F0287S,05F0309S,5,0,0
2025/11/28 07:30,05F0309S,05F0439S,31,468,52
2025/11/28 07:30,05F0309S,05F0439S,32,480,27
2025/11/28 07:30,05F0309S,05F0439S,41,540,1
2025/11/28 07:30,05F0309S,05F0439S,42,0,0
2025/11/28 07:30,05F0309S,05F0439S,5,498,2
2025/11/28 07:30,05F0439S,05F0494S,31,205,61
2025/11/28 07:30,05F0439S,05F0494S,32,210,19
2025/11/28 07:30,05F0439S,05F0494S,41,0,0
2025/11/28 07:30,05F0439S,05F0494S,42,0,0
2025/11/28 07:30,05F0439S,05F0494S,5,226,3
2025/11/28 07:35,05F0000S,05F0055S,31,248,70
2025/11/28 07:35,05F0000S,05F0055S,32,249,14
2025/11/28 07:35,05F0000S,05F0055S,41,258,7
2025/11/28 07:35,05F0000S,05F0055S,42,0,0
2025/11/28 07:35,05F0000S,05F0055S,5,0,0
2025/11/28 07:35,05F0055S,05F0287S,31,998,78
2025/11/28 07:35,05F0055S,05F0287S,32,1005,42
2025/11/28 07:35,05F0055S,05F0287S,41,1014,3
2025/11/28 07:35,05F0055S,05F0287S,42,0,0
2025/11/28 07:35,05F0055S,05F0287S,5,0,0
2025/11/28 07:35,05F0287S,05F0309S,31,88,64
2025/11/28 07:35,05F0287S,05F0309S,32,89,31
2025/11/28 07:35,05F0287S,05F0309S,41,96,2
2025/11/28 07:35,05F0287S,05F0309S,42,0,0
2025/11/28 07:35,05F0287S,05F0309S,5,0,0
2025/11/28 07:35,05F0309S,05F0439S,31,484,53
2025/11/28 07:35,05F0309S,05F0439S,32,498,36
2025/11/28 07:35,05F0309S,05F0439S,41,0,0
2025/11/28 07:35,05F0309S,05F0439S,42,524,3
2025/11/28 07:35,05F0309S,05F0439S,5,511,6
2025/11/28 07:35,05F0439S,05F0494S,31,202,62
2025/11/28 07:35,05F0439S,05F0494S,32,208,22
2025/11/28 07:35,05F0439S,05F0494S,41,0,0
2025/11/28 07:35,05F0439S,05F0494S,42,0,0
2025/11/28 07:35,05F0439S,05F0494S,5,217,4
2025/11/28 07:40,05F0000S,05F0055S,31,246,46
2025/11/28 07:40,05F0000S,05F0055S,32,244,27
2025/11/28 07:40,05F0000S,05F0055S,41,249,4
2025/11/28 07:40,05F0000S,05F0055S,42,0,0
2025/11/28 07:40,05F0000S,05F0055S,5,0,0
2025/11/28 07:40,05F0055S,05F0287S,31,972,86
2025/11/28 07:40,05F0055S,05F0287S,32,976,24
2025/11/28 07:40,05F0055S,05F0287S,41,1046,7
2025/11/28 07:40,05F0055S,05F0287S,42,0,0
2025/11/28 07:40,05F0055S,05F0287S,5,0,0
2025/11/28 07:40,05F0287S,05F0309S,31,86,51
2025/11/28 07:40,05F0287S,05F0309S,32,87,19
2025/11/28 07:40,05F0287S,05F0309S,41,88,3
2025/11/28 07:40,05F0287S,05F0309S,42,0,0
2025/11/28 07:40,05F0287S,05F0309S,5,0,0
2025/11/28 07:40,05F0309S,05F0439S,31,495,49
2025/11/28 07:40,05F0309S,05F0439S,32,482,9
2025/11/28 07:40,05F0309S,05F0439S,41,543,1
2025/11/28 07:40,05F0309S,05F0439S,42,523,1
2025/11/28 07:40,05F0309S,05F0439S,5,533,3
2025/11/28 07:40,05F0439S,05F0494S,31,203,56
2025/11/28 07:40,05F0439S,05F0494S,32,207,29
2025/11/28 07:40,05F0439S,05F0494S,41,0,0
2025/11/28 07:40,05F0439S,05F0494S,42,222,2
2025/11/28 07:40,05F0439S,05F0494S,5,218,4
2025/11/28 07:45,05F0000S,05F0055S,31,242,47
2025/11/28 07:45,05F0000S,05F0055S,32,248,25
2025/11/28 07:45,05F0000S,05F0055S,41,239,3
2025/11/28 07:45,05F0000S,05F0055S,42,0,0
2025/11/28 07:45,05F0000S,05F0055S,5,0,0
2025/11/28 07:45,05F0055S,05F0287S,31,967,60
2025/11/28 07:45,05F0055S,05F0287S,32,982,29
2025/11/28 07:45,05F0055S,05F0287S,41,1056,2
2025/11/28 07:45,05F0055S,05F0287S,42,0,0
2025/11/28 07:45,05F0055S,05F0287S,5,0,0
2025/11/28 07:45,05F0287S,05F0309S,31,86,54
2025/11/28 07:45,05F0287S,05F0309S,32,86,26
2025/11/28 07:45,05F0287S,05F0309S,41,94,4
2025/11/28 07:45,05F0287S,05F0309S,42,0,0
2025/11/28 07:45,05F0287S,05F0309S,5,0,0
2025/11/28 07:45,05F0309S,05F0439S,31,473,53
2025/11/28 07:45,05F0309S,05F0439S,32,483,21
2025/11/28 07:45,05F0309S,05F0439S,41,532,2
2025/11/28 07:45,05F0309S,05F0439S,42,550,4
2025/11/28 07:45,05F0309S,05F0439S,5,515,7
2025/11/28 07:45,05F0439S,05F0494S,31,205,55
2025/11/28 07:45,05F0439S,05F0494S,32,207,9
2025/11/28 07:45,05F0439S,05F0494S,41,231,1
2025/11/28 07:45,05F0439S,05F0494S,42,247,1
2025/11/28 07:45,05F0439S,05F0494S,5,216,5
2025/11/28 07:50,05F0000S,05F0055S,31,255,49
2025/11/28 07:50,05F0000S,05F0055S,32,255,36
2025/11/28 07:50,05F0000S,05F0055S,41,1121,4
2025/11/28 07:50,05F0000S,05F0055S,42,0,0
2025/11/28 07:50,05F0000S,05F0055S,5,0,0
2025/11/28 07:50,05F0055S,05F0287S,31,996,85
2025/11/28 07:50,05F0055S,05F0287S,32,1052,20
2025/11/28 07:50,05F0055S,05F0287S,41,1073,6
2025/11/28 07:50,05F0055S,05F0287S,42,0,0
2025/11/28 07:50,05F0055S,05F0287S,5,0,0
2025/11/28 07:50,05F0287S,05F0309S,31,86,58
2025/11/28 07:50,05F0287S,05F0309S,32,90,14
2025/11/28 07:50,05F0287S,05F0309S,41,95,2
2025/11/28 07:50,05F0287S,05F0309S,42,0,0
2025/11/28 07:50,05F0287S,05F0309S,5,0,0
2025/11/28 07:50,05F0309S,05F0439S,31,477,46
2025/11/28 07:50,05F0309S,05F0439S,32,478,18
2025/11/28 07:50,05F0309S,05F0439S,41,512,1
2025/11/28 07:50,05F0309S,05F0439S,42,501,2
2025/11/28 07:50,05F0309S,05F0439S,5,514,5
2025/11/28 07:50,05F0439S,05F0494S,31,204,44
2025/11/28 07:50,05F0439S,05F0494S,32,215,13
2025/11/28 07:50,05F0439S,05F0494S,41,0,0
2025/11/28 07:50,05F0439S,05F0494S,42,0,0
2025/11/28 07:50,05F0439S,05F0494S,5,221,6
2025/11/28 07:55,05F0000S,05F0055S,31,242,58
2025/11/28 07:55,05F0000S,05F0055S,32,246,31
2025/11/28 07:55,05F0000S,05F0055S,41,244,3
2025/11/28 07:55,05F0000S,05F0055S,42,0,0
2025/11/28 07:55,05F0000S,05F0055S,5,1842,1
2025/11/28 07:55,05F0055S,05F0287S,31,982,38
2025/11/28 07:55,05F0055S,05F0287S,32,986,20
2025/11/28 07:55,05F0055S,05F0287S,41,992,5
2025/11/28 07:55,05F0055S,05F0287S,42,0,0
2025/11/28 07:55,05F0055S,05F0287S,5,0,0
2025/11/28 07:55,05F0287S,05F0309S,31,90,45
2025/11/28 07:55,05F0287S,05F0309S,32,94,19
2025/11/28 07:55,05F0287S,05F0309S,41,95,4
2025/11/28 07:55,05F0287S,05F0309S,42,0,0
2025/11/28 07:55,05F0287S,05F0309S,5,0,0
2025/11/28 07:55,05F0309S,05F0439S,31,474,29
2025/11/28 07:55,05F0309S,05F0439S,32,454,13
2025/11/28 07:55,05F0309S,05F0439S,41,538,1
2025/11/28 07:55,05F0309S,05F0439S,42,577,1
2025/11/28 07:55,05F0309S,05F0439S,5,502,7
2025/11/28 07:55,05F0439S,05F0494S,31,202,49
2025/11/28 07:55,05F0439S,05F0494S,32,198,13
2025/11/28 07:55,05F0439S,05F0494S,41,0,0
2025/11/28 07:55,05F0439S,05F0494S,42,210,1
2025/11/28 07:55,05F0439S,05F0494S,5,212,2
2025/11/28 08:00,05F0000S,05F0055S,31,246,67
2025/11/28 08:00,05F0000S,05F0055S,32,246,24
2025/11/28 08:00,05F0000S,05F0055S,41,255,4
2025/11/28 08:00,05F0000S,05F0055S,42,0,0
2025/11/28 08:00,05F0000S,05F0055S,5,0,0
2025/11/28 08:00,05F0055S,05F0287S,31,1012,69
2025/11/28 08:00,05F0055S,05F0287S,32,1034,30
2025/11/28 08:00,05F0055S,05F0287S,41,1025,4
2025/11/28 08:00,05F0055S,05F0287S,42,0,0
2025/11/28 08:00,05F0055S,05F0287S,5,0,0
2025/11/28 08:00,05F0287S,05F0309S,31,89,56
2025/11/28 08:00,05F0287S,05F0309S,32,90,22
2025/11/28 08:00,05F0287S,05F0309S,41,91,6
2025/11/28 08:00,05F0287S,05F0309S,42,0,0
2025/11/28 08:00,05F0287S,05F0309S,5,0,0
2025/11/28 08:00,05F0309S,05F0439S,31,481,54
2025/11/28 08:00,05F0309S,05F0439S,32,485,12
2025/11/28 08:00,05F0309S,05F0439S,41,527,4
2025/11/28 08:00,05F0309S,05F0439S,42,564,4
2025/11/28 08:00,05F0309S,05F0439S,5,516,3
2025/11/28 08:00,05F0439S,05F0494S,31,198,18
2025/11/28 08:00,05F0439S,05F0494S,32,205,12
2025/11/28 08:00,05F0439S,05F0494S,41,0,0
2025/11/28 08:00,05F0439S,05F0494S,42,221,1
2025/11/28 08:00,05F0439S,05F0494S,5,216,5
2025/11/28 08:05,05F0000S,05F0055S,31,245,59
2025/11/28 08:05,05F0000S,05F0055S,32,245,24
2025/11/28 08:05,05F0000S,05F0055S,41,256,7
2025/11/28 08:05,05F0000S,05F0055S,42,0,0
2025/11/28 08:05,05F0000S,05F0055S,5,0,0
2025/11/28 08:05,05F0055S,05F0287S,31,1001,46
2025/11/28 08:05,05F0055S,05F0287S,32,1006,34
2025/11/28 08:05,05F0055S,05F0287S,41,1034,2
2025/11/28 08:05,05F0055S,05F0287S,42,0,0
2025/11/28 08:05,05F0055S,05F0287S,5,0,0
2025/11/28 08:05,05F0287S,05F0309S,31,92,25
2025/11/28 08:05,05F0287S,05F0309S,32,92,28
2025/11/28 08:05,05F0287S,05F0309S,41,99,2
2025/11/28 08:05,05F0287S,05F0309S,42,0,0
2025/11/28 08:05,05F0287S,05F0309S,5,0,0
2025/11/28 08:05,05F0309S,05F0439S,31,478,28
2025/11/28 08:05,05F0309S,05F0439S,32,515,11
2025/11/28 08:05,05F0309S,05F0439S,41,497,1
2025/11/28 08:05,05F0309S,05F0439S,42,543,2
2025/11/28 08:05,05F0309S,05F0439S,5,522,8
2025/11/28 08:05,05F0439S,05F0494S,31,200,38
2025/11/28 08:05,05F0439S,05F0494S,32,206,7
2025/11/28 08:05,05F0439S,05F0494S,41,218,1
2025/11/28 08:05,05F0439S,05F0494S,42,227,2
2025/11/28 08:05,05F0439S,05F0494S,5,207,4
2025/11/28 08:10,05F0000S,05F0055S,31,247,57
2025/11/28 08:10,05F0000S,05F0055S,32,248,27
2025/11/28 08:10,05F0000S,05F0055S,41,254,5
2025/11/28 08:10,05F0000S,05F0055S,42,0,0
2025/11/28 08:10,05F0000S,05F0055S,5,0,0
2025/11/28 08:10,05F0055S,05F0287S,31,1020,77
2025/11/28 08:10,05F0055S,05F0287S,32,1036,43
2025/11/28 08:10,05F0055S,05F0287S,41,1098,3
2025/11/28 08:10,05F0055S,05F0287S,42,0,0
2025/11/28 08:10,05F0055S,05F0287S,5,0,0
2025/11/28 08:10,05F0287S,05F0309S,31,88,51
2025/11/28 08:10,05F0287S,05F0309S,32,93,27
2025/11/28 08:10,05F0287S,05F0309S,41,95,3
2025/11/28 08:10,05F0287S,05F0309S,42,0,0
2025/11/28 08:10,05F0287S,05F0309S,5,0,0
2025/11/28 08:10,05F0309S,05F0439S,31,492,49
2025/11/28 08:10,05F0309S,05F0439S,32,510,18
2025/11/28 08:10,05F0309S,05F0439S,41,531,1
2025/11/28 08:10,05F0309S,05F0439S,42,555,5
2025/11/28 08:10,05F0309S,05F0439S,5,527,8
2025/11/28 08:10,05F0439S,05F0494S,31,202,37
2025/11/28 08:10,05F0439S,05F0494S,32,210,8
2025/11/28 08:10,05F0439S,05F0494S,41,211,1
2025/11/28 08:10,05F0439S,05F0494S,42,231,1
2025/11/28 08:10,05F0439S,05F0494S,5,210,9
2025/11/28 08:15,05F0000S,05F0055S,31,243,56
2025/11/28 08:15,05F0000S,05F0055S,32,244,27
2025/11/28 08:15,05F0000S,05F0055S,41,247,5
2025/11/28 08:15,05F0000S,05F0055S,42,0,0
2025/11/28 08:15,05F0000S,05F0055S,5,0,0
2025/11/28 08:15,05F0055S,05F0287S,31,983,79
2025/11/28 08:15,05F0055S,05F0287S,32,1008,29
2025/11/28 08:15,05F0055S,05F0287S,41,1037,7
2025/11/28 08:15,05F0055S,05F0287S,42,0,0
2025/11/28 08:15,05F0055S,05F0287S,5,0,0
2025/11/28 08:15,05F0287S,05F0309S,31,87,51
2025/11/28 08:15,05F0287S,05F0309S,32,87,28
2025/11/28 08:15,05F0287S,05F0309S,41,94,4
2025/11/28 08:15,05F0287S,05F0309S,42,0,0
2025/11/28 08:15,05F0287S,05F0309S,5,0,0
2025/11/28 08:15,05F0309S,05F0439S,31,484,32
2025/11/28 08:15,05F0309S,05F0439S,32,514,14
2025/11/28 08:15,05F0309S,05F0439S,41,0,0
2025/11/28 08:15,05F0309S,05F0439S,42,506,1
2025/11/28 08:15,05F0309S,05F0439S,5,539,4
2025/11/28 08:15,05F0439S,05F0494S,31,205,43
2025/11/28 08:15,05F0439S,05F0494S,32,208,16
2025/11/28 08:15,05F0439S,05F0494S,41,0,0
2025/11/28 08:15,05F0439S,05F0494S,42,246,1
2025/11/28 08:15,05F0439S,05F0494S,5,224,6
2025/11/28 08:20,05F0000S,05F0055S,31,254,65
2025/11/28 08:20,05F0000S,05F0055S,32,255,20
2025/11/28 08:20,05F0000S,05F0055S,41,275,7
2025/11/28 08:20,05F0000S,05F0055S,42,0,0
2025/11/28 08:20,05F0000S,05F0055S,5,0,0
2025/11/28 08:20,05F0055S,05F0287S,31,998,81
2025/11/28 08:20,05F0055S,05F0287S,32,1007,30
2025/11/28 08:20,05F0055S,05F0287S,41,1045,4
2025/11/28 08:20,05F0055S,05F0287S,42,0,0
2025/11/28 08:20,05F0055S,05F0287S,5,0,0
2025/11/28 08:20,05F0287S,05F0309S,31,88,65
2025/11/28 08:20,05F0287S,05F0309S,32,90,15
2025/11/28 08:20,05F0287S,05F0309S,41,96,3
2025/11/28 08:20,05F0287S,05F0309S,42,0,0
2025/11/28 08:20,05F0287S,05F0309S,5,0,0
2025/11/28 08:20,05F0309S,05F0439S,31,499,44
2025/11/28 08:20,05F0309S,05F0439S,32,501,26
2025/11/28 08:20,05F0309S,05F0439S,41,609,2
2025/11/28 08:20,05F0309S,05F0439S,42,533,3
2025/11/28 08:20,05F0309S,05F0439S,5,501,3
2025/11/28 08:20,05F0439S,05F0494S,31,196,32
2025/11/28 08:20,05F0439S,05F0494S,32,215,15
2025/11/28 08:20,05F0439S,05F0494S,41,0,0
2025/11/28 08:20,05F0439S,05F0494S,42,220,1
2025/11/28 08:20,05F0439S,05F0494S,5,210,6
2025/11/28 08:25,05F0000S,05F0055S,31,252,79
2025/11/28 08:25,05F0000S,05F0055S,32,250,31
2025/11/28 08:25,05F0000S,05F0055S,41,244,3
2025/11/28 08:25,05F0000S,05F0055S,42,0,0
2025/11/28 08:25,05F0000S,05F0055S,5,0,0
2025/11/28 08:25,05F0055S,05F0287S,31,984,75
2025/11/28 08:25,05F0055S,05F0287S,32,991,38
2025/11/28 08:25,05F0055S,05F0287S,41,1061,12
2025/11/28 08:25,05F0055S,05F0287S,42,0,0
2025/11/28 08:25,05F0055S,05F0287S,5,0,0
2025/11/28 08:25,05F0287S,05F0309S,31,87,59
2025/11/28 08:25,05F0287S,05F0309S,32,90,25
2025/11/28 08:25,05F0287S,05F0309S,41,93,6
2025/11/28 08:25,05F0287S,05F0309S,42,0,0
2025/11/28 08:25,05F0287S,05F0309S,5,0,0
2025/11/28 08:25,05F0309S,05F0439S,31,478,42
2025/11/28 08:25,05F0309S,05F0439S,32,485,17
2025/11/28 08:25,05F0309S,05F0439S,41,532,2
2025/11/28 08:25,05F0309S,05F0439S,42,0,0
2025/11/28 08:25,05F0309S,05F0439S,5,499,2
2025/11/28 08:25,05F0439S,05F0494S,31,210,19
2025/11/28 08:25,05F0439S,05F0494S,32,213,18
2025/11/28 08:25,05F0439S,05F0494S,41,0,0
2025/11/28 08:25,05F0439S,05F0494S,42,222,2
2025/11/28 08:25,05F0439S,05F0494S,5,221,4
2025/11/28 08:30,05F0000S,05F0055S,31,247,54
2025/11/28 08:30,05F0000S,05F0055S,32,250,18
2025/11/28 08:30,05F0000S,05F0055S,41,251,7
2025/11/28 08:30,05F0000S,05F0055S,42,0,0
2025/11/28 08:30,05F0000S,05F0055S,5,0,0
2025/11/28 08:30,05F0055S,05F0287S,31,975,62
2025/11/28 08:30,05F0055S,05F0287S,32,975,21
2025/11/28 08:30,05F0055S,05F0287S,41,998,3
2025/11/28 08:30,05F0055S,05F0287S,42,0,0
2025/11/28 08:30,05F0055S,05F0287S,5,0,0
2025/11/28 08:30,05F0287S,05F0309S,31,87,59
2025/11/28 08:30,05F0287S,05F0309S,32,88,27
2025/11/28 08:30,05F0287S,05F0309S,41,94,4
2025/11/28 08:30,05F0287S,05F0309S,42,0,0
2025/11/28 08:30,05F0287S,05F0309S,5,0,0
2025/11/28 08:30,05F0309S,05F0439S,31,497,39
2025/11/28 08:30,05F0309S,05F0439S,32,491,12
2025/11/28 08:30,05F0309S,05F0439S,41,515,1
2025/11/28 08:30,05F0309S,05F0439S,42,0,0
2025/11/28 08:30,05F0309S,05F0439S,5,496,7
2025/11/28 08:30,05F0439S,05F0494S,31,201,26
2025/11/28 08:30,05F0439S,05F0494S,32,209,10
2025/11/28 08:30,05F0439S,05F0494S,41,0,0
2025/11/28 08:30,05F0439S,05F0494S,42,251,4
2025/11/28 08:30,05F0439S,05F0494S,5,205,5
2025/11/28 08:35,05F0000S,05F0055S,31,270,74
2025/11/28 08:35,05F0000S,05F0055S,32,263,29
2025/11/28 08:35,05F0000S,05F0055S,41,260,13
2025/11/28 08:35,05F0000S,05F0055S,42,0,0
2025/11/28 08:35,05F0000S,05F0055S,5,0,0
2025/11/28 08:35,05F0055S,05F0287S,31,1007,71
2025/11/28 08:35,05F0055S,05F0287S,32,1017,31
2025/11/28 08:35,05F0055S,05F0287S,41,1079,5
2025/11/28 08:35,05F0055S,05F0287S,42,0,0
2025/11/28 08:35,05F0055S,05F0287S,5,0,0
2025/11/28 08:35,05F0287S,05F0309S,31,89,58
2025/11/28 08:35,05F0287S,05F0309S,32,88,16
2025/11/28 08:35,05F0287S,05F0309S,41,95,2
2025/11/28 08:35,05F0287S,05F0309S,42,98,1
2025/11/28 08:35,05F0287S,05F0309S,5,0,0
2025/11/28 08:35,05F0309S,05F0439S,31,472,39
2025/11/28 08:35,05F0309S,05F0439S,32,486,23
2025/11/28 08:35,05F0309S,05F0439S,41,528,3
2025/11/28 08:35,05F0309S,05F0439S,42,0,0
2025/11/28 08:35,05F0309S,05F0439S,5,527,6
2025/11/28 08:35,05F0439S,05F0494S,31,200,30
2025/11/28 08:35,05F0439S,05F0494S,32,200,12
2025/11/28 08:35,05F0439S,05F0494S,41,0,0
2025/11/28 08:35,05F0439S,05F0494S,42,228,1
2025/11/28 08:35,05F0439S,05F0494S,5,210,5
2025/11/28 08:40,05F0000S,05F0055S,31,253,68
2025/11/28 08:40,05F0000S,05F0055S,32,258,29
2025/11/28 08:40,05F0000S,05F0055S,41,262,10
2025/11/28 08:40,05F0000S,05F0055S,42,0,0
2025/11/28 08:40,05F0000S,05F0055S,5,0,0
2025/11/28 08:40,05F0055S,05F0287S,31,1013,90
2025/11/28 08:40,05F0055S,05F0287S,32,1015,36
2025/11/28 08:40,05F0055S,05F0287S,41,1045,7
2025/11/28 08:40,05F0055S,05F0287S,42,0,0
2025/11/28 08:40,05F0055S,05F0287S,5,0,0
2025/11/28 08:40,05F0287S,05F0309S,31,90,67
2025/11/28 08:40,05F0287S,05F0309S,32,91,29
2025/11/28 08:40,05F0287S,05F0309S,41,91,4
2025/11/28 08:40,05F0287S,05F0309S,42,0,0
2025/11/28 08:40,05F0287S,05F0309S,5,0,0
2025/11/28 08:40,05F0309S,05F0439S,31,480,31
2025/11/28 08:40,05F0309S,05F0439S,32,479,12
2025/11/28 08:40,05F0309S,05F0439S,41,523,1
2025/11/28 08:40,05F0309S,05F0439S,42,0,0
2025/11/28 08:40,05F0309S,05F0439S,5,494,6
2025/11/28 08:40,05F0439S,05F0494S,31,202,27
2025/11/28 08:40,05F0439S,05F0494S,32,208,15
2025/11/28 08:40,05F0439S,05F0494S,41,0,0
2025/11/28 08:40,05F0439S,05F0494S,42,0,0
2025/11/28 08:40,05F0439S,05F0494S,5,213,6
2025/11/28 08:45,05F0000S,05F0055S,31,251,58
2025/11/28 08:45,05F0000S,05F0055S,32,251,40
2025/11/28 08:45,05F0000S,05F0055S,41,261,7
2025/11/28 08:45,05F0000S,05F0055S,42,0,0
2025/11/28 08:45,05F0000S,05F0055S,5,0,0
2025/11/28 08:45,05F0055S,05F0287S,31,1028,100
2025/11/28 08:45,05F0055S,05F0287S,32,1051,19
2025/11/28 08:45,05F0055S,05F0287S,41,1061,6
2025/11/28 08:45,05F0055S,05F0287S,42,0,0
2025/11/28 08:45,05F0055S,05F0287S,5,0,0
2025/11/28 08:45,05F0287S,05F0309S,31,87,69
2025/11/28 08:45,05F0287S,05F0309S,32,87,16
2025/11/28 08:45,05F0287S,05F0309S,41,94,2
2025/11/28 08:45,05F0287S,05F0309S,42,0,0
2025/11/28 08:45,05F0287S,05F0309S,5,0,0
2025/11/28 08:45,05F0309S,05F0439S,31,486,30
2025/11/28 08:45,05F0309S,05F0439S,32,507,12
2025/11/28 08:45,05F0309S,05F0439S,41,0,0
2025/11/28 08:45,05F0309S,05F0439S,42,490,2
2025/11/28 08:45,05F0309S,05F0439S,5,500,6
2025/11/28 08:45,05F0439S,05F0494S,31,207,15
2025/11/28 08:45,05F0439S,05F0494S,32,214,9
2025/11/28 08:45,05F0439S,05F0494S,41,221,1
2025/11/28 08:45,05F0439S,05F0494S,42,0,0
2025/11/28 08:45,05F0439S,05F0494S,5,201,2
2025/11/28 08:50,05F0000S,05F0055S,31,254,85
2025/11/28 08:50,05F0000S,05F0055S,32,252,19
2025/11/28 08:50,05F0000S,05F0055S,41,250,10
2025/11/28 08:50,05F0000S,05F0055S,42,0,0
2025/11/28 08:50,05F0000S,05F0055S,5,0,0
2025/11/28 08:50,05F0055S,05F0287S,31,1018,78
2025/11/28 08:50,05F0055S,05F0287S,32,1020,38
2025/11/28 08:50,05F0055S,05F0287S,41,1056,10
2025/11/28 08:50,05F0055S,05F0287S,42,0,0
2025/11/28 08:50,05F0055S,05F0287S,5,0,0
2025/11/28 08:50,05F0287S,05F0309S,31,90,61
2025/11/28 08:50,05F0287S,05F0309S,32,92,17
2025/11/28 08:50,05F0287S,05F0309S,41,91,9
2025/11/28 08:50,05F0287S,05F0309S,42,0,0
2025/11/28 08:50,05F0287S,05F0309S,5,0,0
2025/11/28 08:50,05F0309S,05F0439S,31,492,52
2025/11/28 08:50,05F0309S,05F0439S,32,499,26
2025/11/28 08:50,05F0309S,05F0439S,41,538,6
2025/11/28 08:50,05F0309S,05F0439S,42,549,2
2025/11/28 08:50,05F0309S,05F0439S,5,523,3
2025/11/28 08:50,05F0439S,05F0494S,31,201,18
2025/11/28 08:50,05F0439S,05F0494S,32,189,13
2025/11/28 08:50,05F0439S,05F0494S,41,0,0
2025/11/28 08:50,05F0439S,05F0494S,42,244,1
2025/11/28 08:50,05F0439S,05F0494S,5,207,4
2025/11/28 08:55,05F0000S,05F0055S,31,259,70
2025/11/28 08:55,05F0000S,05F0055S,32,263,39
2025/11/28 08:55,05F0000S,05F0055S,41,260,7
2025/11/28 08:55,05F0000S,05F0055S,42,254,1
2025/11/28 08:55,05F0000S,05F0055S,5,0,0
2025/11/28 08:55,05F0055S,05F0287S,31,1081,62
2025/11/28 08:55,05F0055S,05F0287S,32,1083,15
2025/11/28 08:55,05F0055S,05F0287S,41,1154,3
2025/11/28 08:55,05F0055S,05F0287S,42,1502,5
2025/11/28 08:55,05F0055S,05F0287S,5,1502,4
2025/11/28 08:55,05F0287S,05F0309S,31,87,53
2025/11/28 08:55,05F0287S,05F0309S,32,90,17
2025/11/28 08:55,05F0287S,05F0309S,41,92,2
2025/11/28 08:55,05F0287S,05F0309S,42,0,0
2025/11/28 08:55,05F0287S,05F0309S,5,0,0
2025/11/28 08:55,05F0309S,05F0439S,31,485,55
2025/11/28 08:55,05F0309S,05F0439S,32,489,15
2025/11/28 08:55,05F0309S,05F0439S,41,507,4
2025/11/28 08:55,05F0309S,05F0439S,42,534,1
2025/11/28 08:55,05F0309S,05F0439S,5,499,3
2025/11/28 08:55,05F0439S,05F0494S,31,203,28
2025/11/28 08:55,05F0439S,05F0494S,32,207,11
2025/11/28 08:55,05F0439S,05F0494S,41,228,2
2025/11/28 08:55,05F0439S,05F0494S,42,241,2
2025/11/28 08:55,05F0439S,05F0494S,5,216,9
2025/11/28 09:00,05F0000S,05F0055S,31,259,82
2025/11/28 09:00,05F0000S,05F0055S,32,263,25
2025/11/28 09:00,05F0000S,05F0055S,41,258,6
2025/11/28 09:00,05F0000S,05F0055S,42,0,0
2025/11/28 09:00,05F0000S,05F0055S,5,0,0
2025/11/28 09:00,05F0055S,05F0287S,31,1159,107
2025/11/28 09:00,05F0055S,05F0287S,32,1170,46
2025/11/28 09:00,05F0055S,05F0287S,41,1301,17
2025/11/28 09:00,05F0055S,05F0287S,42,1493,1
2025/11/28 09:00,05F0055S,05F0287S,5,1494,1
2025/11/28 09:00,05F0287S,05F0309S,31,88,60
2025/11/28 09:00,05F0287S,05F0309S,32,90,20
2025/11/28 09:00,05F0287S,05F0309S,41,92,9
2025/11/28 09:00,05F0287S,05F0309S,42,105,6
2025/11/28 09:00,05F0287S,05F0309S,5,107,5
2025/11/28 09:00,05F0309S,05F0439S,31,485,40
2025/11/28 09:00,05F0309S,05F0439S,32,474,13
2025/11/28 09:00,05F0309S,05F0439S,41,503,2
2025/11/28 09:00,05F0309S,05F0439S,42,566,1
2025/11/28 09:00,05F0309S,05F0439S,5,495,3
2025/11/28 09:00,05F0439S,05F0494S,31,203,31
2025/11/28 09:00,05F0439S,05F0494S,32,213,10
2025/11/28 09:00,05F0439S,05F0494S,41,203,1
2025/11/28 09:00,05F0439S,05F0494S,42,0,0
2025/11/28 09:00,05F0439S,05F0494S,5,202,3
2025/11/28 09:05,05F0000S,05F0055S,31,258,79
2025/11/28 09:05,05F0000S,05F0055S,32,265,35
2025/11/28 09:05,05F0000S,05F0055S,41,279,17
2025/11/28 09:05,05F0000S,05F0055S,42,0,0
2025/11/28 09:05,05F0000S,05F0055S,5,0,0
2025/11/28 09:05,05F0055S,05F0287S,31,1157,100
2025/11/28 09:05,05F0055S,05F0287S,32,1204,52
2025/11/28 09:05,05F0055S,05F0287S,41,1253,8
2025/11/28 09:05,05F0055S,05F0287S,42,0,0
2025/11/28 09:05,05F0055S,05F0287S,5,0,0
2025/11/28 09:05,05F0287S,05F0309S,31,93,81
2025/11/28 09:05,05F0287S,05F0309S,32,92,46
2025/11/28 09:05,05F0287S,05F0309S,41,100,8
2025/11/28 09:05,05F0287S,05F0309S,42,0,0
2025/11/28 09:05,05F0287S,05F0309S,5,0,0
2025/11/28 09:05,05F0309S,05F0439S,31,482,42
2025/11/28 09:05,05F0309S,05F0439S,32,492,17
2025/11/28 09:05,05F0309S,05F0439S,41,542,1
2025/11/28 09:05,05F0309S,05F0439S,42,483,5
2025/11/28 09:05,05F0309S,05F0439S,5,545,5
2025/11/28 09:05,05F0439S,05F0494S,31,204,12
2025/11/28 09:05,05F0439S,05F0494S,32,212,15
2025/11/28 09:05,05F0439S,05F0494S,41,217,1
2025/11/28 09:05,05F0439S,05F0494S,42,233,1
2025/11/28 09:05,05F0439S,05F0494S,5,211,4
2025/11/28 09:10,05F0000S,05F0055S,31,257,95
2025/11/28 09:10,05F0000S,05F0055S,32,263,30
2025/11/28 09:10,05F0000S,05F0055S,41,251,7
2025/11/28 09:10,05F0000S,05F0055S,42,0,0
2025/11/28 09:10,05F0000S,05F0055S,5,0,0
2025/11/28 09:10,05F0055S,05F0287S,31,1162,124
2025/11/28 09:10,05F0055S,05F0287S,32,1159,39
2025/11/28 09:10,05F0055S,05F0287S,41,1170,20
2025/11/28 09:10,05F0055S,05F0287S,42,0,0
2025/11/28 09:10,05F0055S,05F0287S,5,0,0
2025/11/28 09:10,05F0287S,05F0309S,31,89,97
2025/11/28 09:10,05F0287S,05F0309S,32,92,27
2025/11/28 09:10,05F0287S,05F0309S,41,95,16
2025/11/28 09:10,05F0287S,05F0309S,42,0,0
2025/11/28 09:10,05F0287S,05F0309S,5,0,0
2025/11/28 09:10,05F0309S,05F0439S,31,494,57
2025/11/28 09:10,05F0309S,05F0439S,32,482,19
2025/11/28 09:10,05F0309S,05F0439S,41,516,7
2025/11/28 09:10,05F0309S,05F0439S,42,546,3
2025/11/28 09:10,05F0309S,05F0439S,5,539,4
2025/11/28 09:10,05F0439S,05F0494S,31,204,25
2025/11/28 09:10,05F0439S,05F0494S,32,204,11
2025/11/28 09:10,05F0439S,05F0494S,41,970,1
2025/11/28 09:10,05F0439S,05F0494S,42,236,5
2025/11/28 09:10,05F0439S,05F0494S,5,224,4
2025/11/28 09:15,05F0000S,05F0055S,31,267,90
2025/11/28 09:15,05F0000S,05F0055S,32,271,42
2025/11/28 09:15,05F0000S,05F0055S,41,270,8
2025/11/28 09:15,05F0000S,05F0055S,42,0,0
2025/11/28 09:15,05F0000S,05F0055S,5,0,0
2025/11/28 09:15,05F0055S,05F0287S,31,1121,125
2025/11/28 09:15,05F0055S,05F0287S,32,1125,59
2025/11/28 09:15,05F0055S,05F0287S,41,1115,12
2025/11/28 09:15,05F0055S,05F0287S,42,1217,1
2025/11/28 09:15,05F0055S,05F0287S,5,0,0
2025/11/28 09:15,05F0287S,05F0309S,31,91,96
2025/11/28 09:15,05F0287S,05F0309S,32,90,42
2025/11/28 09:15,05F0287S,05F0309S,41,96,13
2025/11/28 09:15,05F0287S,05F0309S,42,0,0
2025/11/28 09:15,05F0287S,05F0309S,5,0,0
2025/11/28 09:15,05F0309S,05F0439S,31,498,53
2025/11/28 09:15,05F0309S,05F0439S,32,513,29
2025/11/28 09:15,05F0309S,05F0439S,41,534,4
2025/11/28 09:15,05F0309S,05F0439S,42,521,2
2025/11/28 09:15,05F0309S,05F0439S,5,572,2
2025/11/28 09:15,05F0439S,05F0494S,31,198,31
2025/11/28 09:15,05F0439S,05F0494S,32,204,16
2025/11/28 09:15,05F0439S,05F0494S,41,224,2
2025/11/28 09:15,05F0439S,05F0494S,42,204,1
2025/11/28 09:15,05F0439S,05F0494S,5,0,0
2025/11/28 09:20,05F0000S,05F0055S,31,276,113
2025/11/28 09:20,05F0000S,05F0055S,32,279,43
2025/11/28 09:20,05F0000S,05F0055S,41,276,7
2025/11/28 09:20,05F0000S,05F0055S,42,0,0
2025/11/28 09:20,05F0000S,05F0055S,5,0,0
2025/11/28 09:20,05F0055S,05F0287S,31,1084,121
2025/11/28 09:20,05F0055S,05F0287S,32,1077,37
2025/11/28 09:20,05F0055S,05F0287S,41,1090,13
2025/11/28 09:20,05F0055S,05F0287S,42,0,0
2025/11/28 09:20,05F0055S,05F0287S,5,0,0
2025/11/28 09:20,05F0287S,05F0309S,31,89,89
2025/11/28 09:20,05F0287S,05F0309S,32,91,30
2025/11/28 09:20,05F0287S,05F0309S,41,95,10
2025/11/28 09:20,05F0287S,05F0309S,42,94,1
2025/11/28 09:20,05F0287S,05F0309S,5,0,0
2025/11/28 09:20,05F0309S,05F0439S,31,489,84
2025/11/28 09:20,05F0309S,05F0439S,32,490,18
2025/11/28 09:20,05F0309S,05F0439S,41,528,9
2025/11/28 09:20,05F0309S,05F0439S,42,625,1
2025/11/28 09:20,05F0309S,05F0439S,5,513,5
2025/11/28 09:20,05F0439S,05F0494S,31,212,44
2025/11/28 09:20,05F0439S,05F0494S,32,220,18
2025/11/28 09:20,05F0439S,05F0494S,41,238,1
2025/11/28 09:20,05F0439S,05F0494S,42,230,1
2025/11/28 09:20,05F0439S,05F0494S,5,222,1
2025/11/28 09:25,05F0000S,05F0055S,31,267,104
2025/11/28 09:25,05F0000S,05F0055S,32,276,23
2025/11/28 09:25,05F0000S,05F0055S,41,273,3
2025/11/28 09:25,05F0000S,05F0055S,42,0,0
2025/11/28 09:25,05F0000S,05F0055S,5,0,0
2025/11/28 09:25,05F0055S,05F0287S,31,1060,100
2025/11/28 09:25,05F0055S,05F0287S,32,1057,36
2025/11/28 09:25,05F0055S,05F0287S,41,1153,12
2025/11/28 09:25,05F0055S,05F0287S,42,0,0
2025/11/28 09:25,05F0055S,05F0287S,5,0,0
2025/11/28 09:25,05F0287S,05F0309S,31,89,75
2025/11/28 09:25,05F0287S,05F0309S,32,89,27
2025/11/28 09:25,05F0287S,05F0309S,41,96,5
2025/11/28 09:25,05F0287S,05F0309S,42,0,0
2025/11/28 09:25,05F0287S,05F0309S,5,0,0
2025/11/28 09:25,05F0309S,05F0439S,31,489,71
2025/11/28 09:25,05F0309S,05F0439S,32,496,22
2025/11/28 09:25,05F0309S,05F0439S,41,514,9
2025/11/28 09:25,05F0309S,05F0439S,42,485,2
2025/11/28 09:25,05F0309S,05F0439S,5,462,1
2025/11/28 09:25,05F0439S,05F0494S,31,203,45
2025/11/28 09:25,05F0439S,05F0494S,32,203,11
2025/11/28 09:25,05F0439S,05F0494S,41,216,4
2025/11/28 09:25,05F0439S,05F0494S,42,0,0
2025/11/28 09:25,05F0439S,05F0494S,5,210,4
2025/11/28 09:30,05F0000S,05F0055S,31,274,112
2025/11/28 09:30,05F0000S,05F0055S,32,277,48
2025/11/28 09:30,05F0000S,05F0055S,41,280,8
2025/11/28 09:30,05F0000S,05F0055S,42,0,0
2025/11/28 09:30,05F0000S,05F0055S,5,0,0
2025/11/28 09:30,05F0055S,05F0287S,31,1081,126
2025/11/28 09:30,05F0055S,05F0287S,32,1089,45
2025/11/28 09:30,05F0055S,05F0287S,41,1114,10
2025/11/28 09:30,05F0055S,05F0287S,42,0,0
2025/11/28 09:30,05F0055S,05F0287S,5,0,0
2025/11/28 09:30,05F0287S,05F0309S,31,92,87
2025/11/28 09:30,05F0287S,05F0309S,32,96,25
2025/11/28 09:30,05F0287S,05F0309S,41,94,12
2025/11/28 09:30,05F0287S,05F0309S,42,0,0
2025/11/28 09:30,05F0287S,05F0309S,5,0,0
2025/11/28 09:30,05F0309S,05F0439S,31,481,63
2025/11/28 09:30,05F0309S,05F0439S,32,488,19
2025/11/28 09:30,05F0309S,05F0439S,41,517,5
2025/11/28 09:30,05F0309S,05F0439S,42,535,1
2025/11/28 09:30,05F0309S,05F0439S,5,522,2
2025/11/28 09:30,05F0439S,05F0494S,31,205,32
2025/11/28 09:30,05F0439S,05F0494S,32,207,12
2025/11/28 09:30,05F0439S,05F0494S,41,0,0
2025/11/28 09:30,05F0439S,05F0494S,42,200,2
2025/11/28 09:30,05F0439S,05F0494S,5,216,5
2025/11/28 09:35,05F0000S,05F0055S,31,284,121
2025/11/28 09:35,05F0000S,05F0055S,32,285,44
2025/11/28 09:35,05F0000S,05F0055S,41,284,6
2025/11/28 09:35,05F0000S,05F0055S,42,0,0
2025/11/28 09:35,05F0000S,05F0055S,5,0,0
2025/11/28 09:35,05F0055S,05F0287S,31,1089,120
2025/11/28 09:35,05F0055S,05F0287S,32,1091,56
2025/11/28 09:35,05F0055S,05F0287S,41,1123,8
2025/11/28 09:35,05F0055S,05F0287S,42,0,0
2025/11/28 09:35,05F0055S,05F0287S,5,0,0
2025/11/28 09:35,05F0287S,05F0309S,31,90,72
2025/11/28 09:35,05F0287S,05F0309S,32,91,39
2025/11/28 09:35,05F0287S,05F0309S,41,93,4
2025/11/28 09:35,05F0287S,05F0309S,42,0,0
2025/11/28 09:35,05F0287S,05F0309S,5,0,0
2025/11/28 09:35,05F0309S,05F0439S,31,489,44
2025/11/28 09:35,05F0309S,05F0439S,32,481,13
2025/11/28 09:35,05F0309S,05F0439S,41,496,4
2025/11/28 09:35,05F0309S,05F0439S,42,522,1
2025/11/28 09:35,05F0309S,05F0439S,5,507,3
2025/11/28 09:35,05F0439S,05F0494S,31,205,33
2025/11/28 09:35,05F0439S,05F0494S,32,208,13
2025/11/28 09:35,05F0439S,05F0494S,41,0,0
2025/11/28 09:35,05F0439S,05F0494S,42,0,0
2025/11/28 09:35,05F0439S,05F0494S,5,213,4
2025/11/28 09:40,05F0000S,05F0055S,31,275,123
2025/11/28 09:40,05F0000S,05F0055S,32,272,43
2025/11/28 09:40,05F0000S,05F0055S,41,280,8
2025/11/28 09:40,05F0000S,05F0055S,42,0,0
2025/11/28 09:40,05F0000S,05F0055S,5,0,0
2025/11/28 09:40,05F0055S,05F0287S,31,1112,135
2025/11/28 09:40,05F0055S,05F0287S,32,1118,41
2025/11/28 09:40,05F0055S,05F0287S,41,1126,7
2025/11/28 09:40,05F0055S,05F0287S,42,0,0
2025/11/28 09:40,05F0055S,05F0287S,5,0,0
2025/11/28 09:40,05F0287S,05F0309S,31,93,83
2025/11/28 09:40,05F0287S,05F0309S,32,91,38
2025/11/28 09:40,05F0287S,05F0309S,41,96,8
2025/11/28 09:40,05F0287S,05F0309S,42,0,0
2025/11/28 09:40,05F0287S,05F0309S,5,0,0
2025/11/28 09:40,05F0309S,05F0439S,31,491,56
2025/11/28 09:40,05F0309S,05F0439S,32,508,33
2025/11/28 09:40,05F0309S,05F0439S,41,522,5
2025/11/28 09:40,05F0309S,05F0439S,42,0,0
2025/11/28 09:40,05F0309S,05F0439S,5,456,1
2025/11/28 09:40,05F0439S,05F0494S,31,202,30
2025/11/28 09:40,05F0439S,05F0494S,32,205,12
2025/11/28 09:40,05F0439S,05F0494S,41,204,1
2025/11/28 09:40,05F0439S,05F0494S,42,0,0
2025/11/28 09:40,05F0439S,05F0494S,5,357,1
2025/11/28 09:45,05F0000S,05F0055S,31,272,110
2025/11/28 09:45,05F0000S,05F0055S,32,274,42
2025/11/28 09:45,05F0000S,05F0055S,41,278,6
2025/11/28 09:45,05F0000S,05F0055S,42,0,0
2025/11/28 09:45,05F0000S,05F0055S,5,0,0
2025/11/28 09:45,05F0055S,05F0287S,31,1077,148
2025/11/28 09:45,05F0055S,05F0287S,32,1086,39
2025/11/28 09:45,05F0055S,05F0287S,41,1114,6
2025/11/28 09:45,05F0055S,05F0287S,42,0,0
2025/11/28 09:45,05F0055S,05F0287S,5,0,0
2025/11/28 09:45,05F0287S,05F0309S,31,94,116
2025/11/28 09:45,05F0287S,05F0309S,32,97,29
2025/11/28 09:45,05F0287S,05F0309S,41,96,3
2025/11/28 09:45,05F0287S,05F0309S,42,0,0
2025/11/28 09:45,05F0287S,05F0309S,5,0,0
2025/11/28 09:45,05F0309S,05F0439S,31,501,49
2025/11/28 09:45,05F0309S,05F0439S,32,490,28
2025/11/28 09:45,05F0309S,05F0439S,41,535,4
2025/11/28 09:45,05F0309S,05F0439S,42,0,0
2025/11/28 09:45,05F0309S,05F0439S,5,499,2
2025/11/28 09:45,05F0439S,05F0494S,31,207,23
2025/11/28 09:45,05F0439S,05F0494S,32,208,12
2025/11/28 09:45,05F0439S,05F0494S,41,0,0
2025/11/28 09:45,05F0439S,05F0494S,42,0,0
2025/11/28 09:45,05F0439S,05F0494S,5,187,1
2025/11/28 09:50,05F0000S,05F0055S,31,289,142
2025/11/28 09:50,05F0000S,05F0055S,32,290,46
2025/11/28 09:50,05F0000S,05F0055S,41,290,8
2025/11/28 09:50,05F0000S,05F0055S,42,0,0
2025/11/28 09:50,05F0000S,05F0055S,5,0,0
2025/11/28 09:50,05F0055S,05F0287S,31,1082,111
2025/11/28 09:50,05F0055S,05F0287S,32,1075,55
2025/11/28 09:50,05F0055S,05F0287S,41,1159,9
2025/11/28 09:50,05F0055S,05F0287S,42,0,0
2025/11/28 09:50,05F0055S,05F0287S,5,0,0
2025/11/28 09:50,05F0287S,05F0309S,31,90,78
2025/11/28 09:50,05F0287S,05F0309S,32,91,39
2025/11/28 09:50,05F0287S,05F0309S,41,104,5
2025/11/28 09:50,05F0287S,05F0309S,42,0,0
2025/11/28 09:50,05F0287S,05F0309S,5,0,0
2025/11/28 09:50,05F0309S,05F0439S,31,497,65
2025/11/28 09:50,05F0309S,05F0439S,32,486,18
2025/11/28 09:50,05F0309S,05F0439S,41,524,3
2025/11/28 09:50,05F0309S,05F0439S,42,540,1
2025/11/28 09:50,05F0309S,05F0439S,5,523,4
2025/11/28 09:50,05F0439S,05F0494S,31,204,27
2025/11/28 09:50,05F0439S,05F0494S,32,206,16
2025/11/28 09:50,05F0439S,05F0494S,41,0,0
2025/11/28 09:50,05F0439S,05F0494S,42,0,0
2025/11/28 09:50,05F0439S,05F0494S,5,203,4
2025/11/28 09:55,05F0000S,05F0055S,31,281,143
2025/11/28 09:55,05F0000S,05F0055S,32,282,50
2025/11/28 09:55,05F0000S,05F0055S,41,284,3
2025/11/28 09:55,05F0000S,05F0055S,42,0,0
2025/11/28 09:55,05F0000S,05F0055S,5,0,0
2025/11/28 09:55,05F0055S,05F0287S,31,1100,137
2025/11/28 09:55,05F0055S,05F0287S,32,1094,38
2025/11/28 09:55,05F0055S,05F0287S,41,1109,6
2025/11/28 09:55,05F0055S,05F0287S,42,0,0
2025/11/28 09:55,05F0055S,05F0287S,5,0,0
2025/11/28 09:55,05F0287S,05F0309S,31,90,88
2025/11/28 09:55,05F0287S,05F0309S,32,89,34
2025/11/28 09:55,05F0287S,05F0309S,41,94,8
2025/11/28 09:55,05F0287S,05F0309S,42,0,0
2025/11/28 09:55,05F0287S,05F0309S,5,0,0
2025/11/28 09:55,05F0309S,05F0439S,31,499,72
2025/11/28 09:55,05F0309S,05F0439S,32,496,21
2025/11/28 09:55,05F0309S,05F0439S,41,556,1
2025/11/28 09:55,05F0309S,05F0439S,42,554,2
2025/11/28 09:55,05F0309S,05F0439S,5,481,2
2025/11/28 09:55,05F0439S,05F0494S,31,206,35
2025/11/28 09:55,05F0439S,05F0494S,32,209,8
2025/11/28 09:55,05F0439S,05F0494S,41,232,2
2025/11/28 09:55,05F0439S,05F0494S,42,0,0
2025/11/28 09:55,05F0439S,05F0494S,5,216,3
2025/11/28 10:00,05F0000S,05F0055S,31,270,123
2025/11/28 10:00,05F0000S,05F0055S,32,266,44
2025/11/28 10:00,05F0000S,05F0055S,41,281,3
2025/11/28 10:00,05F0000S,05F0055S,42,0,0
2025/11/28 10:00,05F0000S,05F0055S,5,0,0
2025/11/28 10:00,05F0055S,05F0287S,31,1146,138
2025/11/28 10:00,05F0055S,05F0287S,32,1134,56
2025/11/28 10:00,05F0055S,05F0287S,41,1170,11
2025/11/28 10:00,05F0055S,05F0287S,42,0,0
2025/11/28 10:00,05F0055S,05F0287S,5,0,0
2025/11/28 10:00,05F0287S,05F0309S,31,92,101
2025/11/28 10:00,05F0287S,05F0309S,32,93,35
2025/11/28 10:00,05F0287S,05F0309S,41,92,7
2025/11/28 10:00,05F0287S,05F0309S,42,0,0
2025/11/28 10:00,05F0287S,05F0309S,5,0,0
2025/11/28 10:00,05F0309S,05F0439S,31,488,56
2025/11/28 10:00,05F0309S,05F0439S,32,483,30
2025/11/28 10:00,05F0309S,05F0439S,41,532,5
2025/11/28 10:00,05F0309S,05F0439S,42,0,0
2025/11/28 10:00,05F0309S,05F0439S,5,519,3
2025/11/28 10:00,05F0439S,05F0494S,31,209,27
2025/11/28 10:00,05F0439S,05F0494S,32,209,18
2025/11/28 10:00,05F0439S,05F0494S,41,224,3
2025/11/28 10:00,05F0439S,05F0494S,42,244,1
2025/11/28 10:00,05F0439S,05F0494S,5,202,3
2025/11/28 10:05,05F0000S,05F0055S,31,279,146
2025/11/28 10:05,05F0000S,05F0055S,32,278,40
2025/11/28 10:05,05F0000S,05F0055S,41,292,7
2025/11/28 10:05,05F0000S,05F0055S,42,0,0
2025/11/28 10:05,05F0000S,05F0055S,5,0,0
2025/11/28 10:05,05F0055S,05F0287S,31,1147,136
2025/11/28 10:05,05F0055S,05F0287S,32,1150,44
2025/11/28 10:05,05F0055S,05F0287S,41,1166,9
2025/11/28 10:05,05F0055S,05F0287S,42,0,0
2025/11/28 10:05,05F0055S,05F0287S,5,0,0
2025/11/28 10:05,05F0287S,05F0309S,31,91,88
2025/11/28 10:05,05F0287S,05F0309S,32,91,34
2025/11/28 10:05,05F0287S,05F0309S,41,96,6
2025/11/28 10:05,05F0287S,05F0309S,42,0,0
2025/11/28 10:05,05F0287S,05F0309S,5,0,0
2025/11/28 10:05,05F0309S,05F0439S,31,497,66
2025/11/28 10:05,05F0309S,05F0439S,32,487,22
2025/11/28 10:05,05F0309S,05F0439S,41,0,0
2025/11/28 10:05,05F0309S,05F0439S,42,616,1
2025/11/28 10:05,05F0309S,05F0439S,5,520,3
2025/11/28 10:05,05F0439S,05F0494S,31,209,32
2025/11/28 10:05,05F0439S,05F0494S,32,206,19
2025/11/28 10:05,05F0439S,05F0494S,41,0,0
2025/11/28 10:05,05F0439S,05F0494S,42,0,0
2025/11/28 10:05,05F0439S,05F0494S,5,200,3
2025/11/28 10:10,05F0000S,05F0055S,31,275,149
2025/11/28 10:10,05F0000S,05F0055S,32,280,35
2025/11/28 10:10,05F0000S,05F0055S,41,290,9
2025/11/28 10:10,05F0000S,05F0055S,42,0,0
2025/11/28 10:10,05F0000S,05F0055S,5,0,0
2025/11/28 10:10,05F0055S,05F0287S,31,1163,150
2025/11/28 10:10,05F0055S,05F0287S,32,1161,51
2025/11/28 10:10,05F0055S,05F0287S,41,1174,8
2025/11/28 10:10,05F0055S,05F0287S,42,0,0
2025/11/28 10:10,05F0055S,05F0287S,5,0,0
2025/11/28 10:10,05F0287S,05F0309S,31,90,108
2025/11/28 10:10,05F0287S,05F0309S,32,89,30
2025/11/28 10:10,05F0287S,05F0309S,41,91,2
2025/11/28 10:10,05F0287S,05F0309S,42,0,0
2025/11/28 10:10,05F0287S,05F0309S,5,0,0
2025/11/28 10:10,05F0309S,05F0439S,31,497,60
2025/11/28 10:10,05F0309S,05F0439S,32,495,26
2025/11/28 10:10,05F0309S,05F0439S,41,528,8
2025/11/28 10:10,05F0309S,05F0439S,42,537,2
2025/11/28 10:10,05F0309S,05F0439S,5,541,4
2025/11/28 10:10,05F0439S,05F0494S,31,205,29
2025/11/28 10:10,05F0439S,05F0494S,32,204,9
2025/11/28 10:10,05F0439S,05F0494S,41,0,0
2025/11/28 10:10,05F0439S,05F0494S,42,214,1
2025/11/28 10:10,05F0439S,05F0494S,5,214,2
2025/11/28 10:15,05F0000S,05F0055S,31,298,136
2025/11/28 10:15,05F0000S,05F0055S,32,304,44
2025/11/28 10:15,05F0000S,05F0055S,41,280,2
2025/11/28 10:15,05F0000S,05F0055S,42,0,0
2025/11/28 10:15,05F0000S,05F0055S,5,0,0
2025/11/28 10:15,05F0055S,05F0287S,31,1163,149
2025/11/28 10:15,05F0055S,05F0287S,32,1170,53
2025/11/28 10:15,05F0055S,05F0287S,41,1224,3
2025/11/28 10:15,05F0055S,05F0287S,42,0,0
2025/11/28 10:15,05F0055S,05F0287S,5,0,0
2025/11/28 10:15,05F0287S,05F0309S,31,91,103
2025/11/28 10:15,05F0287S,05F0309S,32,92,35
2025/11/28 10:15,05F0287S,05F0309S,41,99,5
2025/11/28 10:15,05F0287S,05F0309S,42,0,0
2025/11/28 10:15,05F0287S,05F0309S,5,0,0
2025/11/28 10:15,05F0309S,05F0439S,31,501,62
2025/11/28 10:15,05F0309S,05F0439S,32,516,21
2025/11/28 10:15,05F0309S,05F0439S,41,546,2
2025/11/28 10:15,05F0309S,05F0439S,42,559,1
2025/11/28 10:15,05F0309S,05F0439S,5,541,5
2025/11/28 10:15,05F0439S,05F0494S,31,204,26
2025/11/28 10:15,05F0439S,05F0494S,32,218,7
2025/11/28 10:15,05F0439S,05F0494S,41,0,0
2025/11/28 10:15,05F0439S,05F0494S,42,251,1
2025/11/28 10:15,05F0439S,05F0494S,5,217,5
2025/11/28 10:20,05F0000S,05F0055S,31,345,143
2025/11/28 10:20,05F0000S,05F0055S,32,347,44
2025/11/28 10:20,05F0000S,05F0055S,41,365,4
2025/11/28 10:20,05F0000S,05F0055S,42,0,0
2025/11/28 10:20,05F0000S,05F0055S,5,0,0
2025/11/28 10:20,05F0055S,05F0287S,31,1151,165
2025/11/28 10:20,05F0055S,05F0287S,32,1156,48
2025/11/28 10:20,05F0055S,05F0287S,41,1125,4
2025/11/28 10:20,05F0055S,05F0287S,42,0,0
2025/11/28 10:20,05F0055S,05F0287S,5,0,0
2025/11/28 10:20,05F0287S,05F0309S,31,91,91
2025/11/28 10:20,05F0287S,05F0309S,32,91,43
2025/11/28 10:20,05F0287S,05F0309S,41,89,3
2025/11/28 10:20,05F0287S,05F0309S,42,0,0
2025/11/28 10:20,05F0287S,05F0309S,5,0,0
2025/11/28 10:20,05F0309S,05F0439S,31,486,68
2025/11/28 10:20,05F0309S,05F0439S,32,514,22
2025/11/28 10:20,05F0309S,05F0439S,41,526,1
2025/11/28 10:20,05F0309S,05F0439S,42,579,2
2025/11/28 10:20,05F0309S,05F0439S,5,519,5
2025/11/28 10:20,05F0439S,05F0494S,31,204,34
2025/11/28 10:20,05F0439S,05F0494S,32,215,13
2025/11/28 10:20,05F0439S,05F0494S,41,0,0
2025/11/28 10:20,05F0439S,05F0494S,42,237,1
2025/11/28 10:20,05F0439S,05F0494S,5,222,5
2025/11/28 10:25,05F0000S,05F0055S,31,363,147
2025/11/28 10:25,05F0000S,05F0055S,32,363,54
2025/11/28 10:25,05F0000S,05F0055S,41,330,5
2025/11/28 10:25,05F0000S,05F0055S,42,0,0
2025/11/28 10:25,05F0000S,05F0055S,5,0,0
2025/11/28 10:25,05F0055S,05F0287S,31,1137,150
2025/11/28 10:25,05F0055S,05F0287S,32,1135,38
2025/11/28 10:25,05F0055S,05F0287S,41,1139,10
2025/11/28 10:25,05F0055S,05F0287S,42,0,0
2025/11/28 10:25,05F0055S,05F0287S,5,0,0
2025/11/28 10:25,05F0287S,05F0309S,31,91,115
2025/11/28 10:25,05F0287S,05F0309S,32,91,38
2025/11/28 10:25,05F0287S,05F0309S,41,96,6
2025/11/28 10:25,05F0287S,05F0309S,42,0,0
2025/11/28 10:25,05F0287S,05F0309S,5,0,0
2025/11/28 10:25,05F0309S,05F0439S,31,500,70
2025/11/28 10:25,05F0309S,05F0439S,32,497,23
2025/11/28 10:25,05F0309S,05F0439S,41,520,4
2025/11/28 10:25,05F0309S,05F0439S,42,545,3
2025/11/28 10:25,05F0309S,05F0439S,5,515,2
2025/11/28 10:25,05F0439S,05F0494S,31,206,37
2025/11/28 10:25,05F0439S,05F0494S,32,203,9
2025/11/28 10:25,05F0439S,05F0494S,41,0,0
2025/11/28 10:25,05F0439S,05F0494S,42,216,1
2025/11/28 10:25,05F0439S,05F0494S,5,214,5
2025/11/28 10:30,05F0000S,05F0055S,31,336,145
2025/11/28 10:30,05F0000S,05F0055S,32,341,47
2025/11/28 10:30,05F0000S,05F0055S,41,302,8
2025/11/28 10:30,05F0000S,05F0055S,42,0,0
2025/11/28 10:30,05F0000S,05F0055S,5,0,0
2025/11/28 10:30,05F0055S,05F0287S,31,1144,172
2025/11/28 10:30,05F0055S,05F0287S,32,1140,39
2025/11/28 10:30,05F0055S,05F0287S,41,1128,6
2025/11/28 10:30,05F0055S,05F0287S,42,0,0
2025/11/28 10:30,05F0055S,05F0287S,5,0,0
2025/11/28 10:30,05F0287S,05F0309S,31,89,104
2025/11/28 10:30,05F0287S,05F0309S,32,89,28
2025/11/28 10:30,05F0287S,05F0309S,41,93,5
2025/11/28 10:30,05F0287S,05F0309S,42,0,0
2025/11/28 10:30,05F0287S,05F0309S,5,0,0
2025/11/28 10:30,05F0309S,05F0439S,31,493,68
2025/11/28 10:30,05F0309S,05F0439S,32,502,31
2025/11/28 10:30,05F0309S,05F0439S,41,503,2
2025/11/28 10:30,05F0309S,05F0439S,42,0,0
2025/11/28 10:30,05F0309S,05F0439S,5,546,6
2025/11/28 10:30,05F0439S,05F0494S,31,213,24
2025/11/28 10:30,05F0439S,05F0494S,32,221,10
2025/11/28 10:30,05F0439S,05F0494S,41,0,0
2025/11/28 10:30,05F0439S,05F0494S,42,217,1
2025/11/28 10:30,05F0439S,05F0494S,5,202,2
2025/11/28 10:35,05F0000S,05F0055S,31,334,129
2025/11/28 10:35,05F0000S,05F0055S,32,333,44
2025/11/28 10:35,05F0000S,05F0055S,41,290,6
2025/11/28 10:35,05F0000S,05F0055S,42,0,0
2025/11/28 10:35,05F0000S,05F0055S,5,0,0
2025/11/28 10:35,05F0055S,05F0287S,31,1170,144
2025/11/28 10:35,05F0055S,05F0287S,32,1172,49
2025/11/28 10:35,05F0055S,05F0287S,41,1173,5
2025/11/28 10:35,05F0055S,05F0287S,42,0,0
2025/11/28 10:35,05F0055S,05F0287S,5,0,0
2025/11/28 10:35,05F0287S,05F0309S,31,91,84
2025/11/28 10:35,05F0287S,05F0309S,32,92,30
2025/11/28 10:35,05F0287S,05F0309S,41,96,4
2025/11/28 10:35,05F0287S,05F0309S,42,0,0
2025/11/28 10:35,05F0287S,05F0309S,5,0,0
2025/11/28 10:35,05F0309S,05F0439S,31,485,56
2025/11/28 10:35,05F0309S,05F0439S,32,476,16
2025/11/28 10:35,05F0309S,05F0439S,41,538,3
2025/11/28 10:35,05F0309S,05F0439S,42,538,1
2025/11/28 10:35,05F0309S,05F0439S,5,510,6
2025/11/28 10:35,05F0439S,05F0494S,31,201,29
2025/11/28 10:35,05F0439S,05F0494S,32,199,15
2025/11/28 10:35,05F0439S,05F0494S,41,210,1
2025/11/28 10:35,05F0439S,05F0494S,42,0,0
2025/11/28 10:35,05F0439S,05F0494S,5,235,2
2025/11/28 10:40,05F0000S,05F0055S,31,344,148
2025/11/28 10:40,05F0000S,05F0055S,32,339,39
2025/11/28 10:40,05F0000S,05F0055S,41,320,8
2025/11/28 10:40,05F0000S,05F0055S,42,955,1
2025/11/28 10:40,05F0000S,05F0055S,5,0,0
2025/11/28 10:40,05F0055S,05F0287S,31,1185,154
2025/11/28 10:40,05F0055S,05F0287S,32,1185,48
2025/11/28 10:40,05F0055S,05F0287S,41,1184,3
2025/11/28 10:40,05F0055S,05F0287S,42,0,0
2025/11/28 10:40,05F0055S,05F0287S,5,0,0
2025/11/28 10:40,05F0287S,05F0309S,31,91,81
2025/11/28 10:40,05F0287S,05F0309S,32,91,40
2025/11/28 10:40,05F0287S,05F0309S,41,92,1
2025/11/28 10:40,05F0287S,05F0309S,42,0,0
2025/11/28 10:40,05F0287S,05F0309S,5,0,0
2025/11/28 10:40,05F0309S,05F0439S,31,490,63
2025/11/28 10:40,05F0309S,05F0439S,32,492,13
2025/11/28 10:40,05F0309S,05F0439S,41,529,2
2025/11/28 10:40,05F0309S,05F0439S,42,581,2
2025/11/28 10:40,05F0309S,05F0439S,5,504,11
2025/11/28 10:40,05F0439S,05F0494S,31,207,23
2025/11/28 10:40,05F0439S,05F0494S,32,206,9
2025/11/28 10:40,05F0439S,05F0494S,41,0,0
2025/11/28 10:40,05F0439S,05F0494S,42,254,1
2025/11/28 10:40,05F0439S,05F0494S,5,211,10
2025/11/28 10:45,05F0000S,05F0055S,31,356,148
2025/11/28 10:45,05F0000S,05F0055S,32,359,45
2025/11/28 10:45,05F0000S,05F0055S,41,315,3
2025/11/28 10:45,05F0000S,05F0055S,42,0,0
2025/11/28 10:45,05F0000S,05F0055S,5,0,0
2025/11/28 10:45,05F0055S,05F0287S,31,1200,165
2025/11/28 10:45,05F0055S,05F0287S,32,1189,54
2025/11/28 10:45,05F0055S,05F0287S,41,1178,5
2025/11/28 10:45,05F0055S,05F0287S,42,0,0
2025/11/28 10:45,05F0055S,05F0287S,5,0,0
2025/11/28 10:45,05F0287S,05F0309S,31,91,99
2025/11/28 10:45,05F0287S,05F0309S,32,93,42
2025/11/28 10:45,05F0287S,05F0309S,41,99,5
2025/11/28 10:45,05F0287S,05F0309S,42,0,0
2025/11/28 10:45,05F0287S,05F0309S,5,0,0
2025/11/28 10:45,05F0309S,05F0439S,31,491,57
2025/11/28 10:45,05F0309S,05F0439S,32,487,25
2025/11/28 10:45,05F0309S,05F0439S,41,514,2
2025/11/28 10:45,05F0309S,05F0439S,42,0,0
2025/11/28 10:45,05F0309S,05F0439S,5,538,6
2025/11/28 10:45,05F0439S,05F0494S,31,205,31
2025/11/28 10:45,05F0439S,05F0494S,32,203,3
2025/11/28 10:45,05F0439S,05F0494S,41,214,1
2025/11/28 10:45,05F0439S,05F0494S,42,0,0
2025/11/28 10:45,05F0439S,05F0494S,5,208,8
2025/11/28 10:50,05F0000S,05F0055S,31,364,150
2025/11/28 10:50,05F0000S,05F0055S,32,364,51
2025/11/28 10:50,05F0000S,05F0055S,41,320,7
2025/11/28 10:50,05F0000S,05F0055S,42,0,0
2025/11/28 10:50,05F0000S,05F0055S,5,0,0
2025/11/28 10:50,05F0055S,05F0287S,31,1211,158
2025/11/28 10:50,05F0055S,05F0287S,32,1211,45
2025/11/28 10:50,05F0055S,05F0287S,41,1207,7
2025/11/28 10:50,05F0055S,05F0287S,42,0,0
2025/11/28 10:50,05F0055S,05F0287S,5,0,0
2025/11/28 10:50,05F0287S,05F0309S,31,91,100
2025/11/28 10:50,05F0287S,05F0309S,32,91,34
2025/11/28 10:50,05F0287S,05F0309S,41,94,4
2025/11/28 10:50,05F0287S,05F0309S,42,0,0
2025/11/28 10:50,05F0287S,05F0309S,5,0,0
2025/11/28 10:50,05F0309S,05F0439S,31,494,46
2025/11/28 10:50,05F0309S,05F0439S,32,502,21
2025/11/28 10:50,05F0309S,05F0439S,41,0,0
2025/11/28 10:50,05F0309S,05F0439S,42,550,2
2025/11/28 10:50,05F0309S,05F0439S,5,583,3
2025/11/28 10:50,05F0439S,05F0494S,31,207,25
2025/11/28 10:50,05F0439S,05F0494S,32,209,14
2025/11/28 10:50,05F0439S,05F0494S,41,0,0
2025/11/28 10:50,05F0439S,05F0494S,42,0,0
2025/11/28 10:50,05F0439S,05F0494S,5,205,4
2025/11/28 10:55,05F0000S,05F0055S,31,418,133
2025/11/28 10:55,05F0000S,05F0055S,32,414,55
2025/11/28 10:55,05F0000S,05F0055S,41,392,3
2025/11/28 10:55,05F0000S,05F0055S,42,0,0
2025/11/28 10:55,05F0000S,05F0055S,5,0,0
2025/11/28 10:55,05F0055S,05F0287S,31,1238,147
2025/11/28 10:55,05F0055S,05F0287S,32,1234,54
2025/11/28 10:55,05F0055S,05F0287S,41,1220,7
2025/11/28 10:55,05F0055S,05F0287S,42,0,0
2025/11/28 10:55,05F0055S,05F0287S,5,0,0
2025/11/28 10:55,05F0287S,05F0309S,31,92,103
2025/11/28 10:55,05F0287S,05F0309S,32,93,27
2025/11/28 10:55,05F0287S,05F0309S,41,92,5
2025/11/28 10:55,05F0287S,05F0309S,42,0,0
2025/11/28 10:55,05F0287S,05F0309S,5,0,0
2025/11/28 10:55,05F0309S,05F0439S,31,474,63
2025/11/28 10:55,05F0309S,05F0439S,32,489,36
2025/11/28 10:55,05F0309S,05F0439S,41,542,3
2025/11/28 10:55,05F0309S,05F0439S,42,480,1
2025/11/28 10:55,05F0309S,05F0439S,5,528,6
2025/11/28 10:55,05F0439S,05F0494S,31,204,38
2025/11/28 10:55,05F0439S,05F0494S,32,204,16
2025/11/28 10:55,05F0439S,05F0494S,41,0,0
2025/11/28 10:55,05F0439S,05F0494S,42,229,2
2025/11/28 10:55,05F0439S,05F0494S,5,221,1
2025/11/28 11:00,05F0000S,05F0055S,31,446,149
2025/11/28 11:00,05F0000S,05F0055S,32,441,44
2025/11/28 11:00,05F0000S,05F0055S,41,395,6
2025/11/28 11:00,05F0000S,05F0055S,42,0,0
2025/11/28 11:00,05F0000S,05F0055S,5,0,0
2025/11/28 11:00,05F0055S,05F0287S,31,1256,146
2025/11/28 11:00,05F0055S,05F0287S,32,1253,49
2025/11/28 11:00,05F0055S,05F0287S,41,1276,9
2025/11/28 11:00,05F0055S,05F0287S,42,1219,1
2025/11/28 11:00,05F0055S,05F0287S,5,0,0
2025/11/28 11:00,05F0287S,05F0309S,31,92,93
2025/11/28 11:00,05F0287S,05F0309S,32,90,35
2025/11/28 11:00,05F0287S,05F0309S,41,108,6
2025/11/28 11:00,05F0287S,05F0309S,42,0,0
2025/11/28 11:00,05F0287S,05F0309S,5,0,0
2025/11/28 11:00,05F0309S,05F0439S,31,486,66
2025/11/28 11:00,05F0309S,05F0439S,32,492,28
2025/11/28 11:00,05F0309S,05F0439S,41,524,2
2025/11/28 11:00,05F0309S,05F0439S,42,0,0
2025/11/28 11:00,05F0309S,05F0439S,5,536,6
2025/11/28 11:00,05F0439S,05F0494S,31,203,33
2025/11/28 11:00,05F0439S,05F0494S,32,205,16
2025/11/28 11:00,05F0439S,05F0494S,41,0,0
2025/11/28 11:00,05F0439S,05F0494S,42,209,2
2025/11/28 11:00,05F0439S,05F0494S,5,210,6
2025/11/28 11:05,05F0000S,05F0055S,31,463,140
2025/11/28 11:05,05F0000S,05F0055S,32,469,48
2025/11/28 11:05,05F0000S,05F0055S,41,420,2
2025/11/28 11:05,05F0000S,05F0055S,42,0,0
2025/11/28 11:05,05F0000S,05F0055S,5,0,0
2025/11/28 11:05,05F0055S,05F0287S,31,1283,168
2025/11/28 11:05,05F0055S,05F0287S,32,1231,49
2025/11/28 11:05,05F0055S,05F0287S,41,1214,4
2025/11/28 11:05,05F0055S,05F0287S,42,0,0
2025/11/28 11:05,05F0055S,05F0287S,5,0,0
2025/11/28 11:05,05F0287S,05F0309S,31,91,100
2025/11/28 11:05,05F0287S,05F0309S,32,91,31
2025/11/28 11:05,05F0287S,05F0309S,41,95,4
2025/11/28 11:05,05F0287S,05F0309S,42,0,0
2025/11/28 11:05,05F0287S,05F0309S,5,0,0
2025/11/28 11:05,05F0309S,05F0439S,31,484,58
2025/11/28 11:05,05F0309S,05F0439S,32,489,29
2025/11/28 11:05,05F0309S,05F0439S,41,525,3
2025/11/28 11:05,05F0309S,05F0439S,42,541,1
2025/11/28 11:05,05F0309S,05F0439S,5,491,8
2025/11/28 11:05,05F0439S,05F0494S,31,200,46
2025/11/28 11:05,05F0439S,05F0494S,32,224,16
2025/11/28 11:05,05F0439S,05F0494S,41,215,1
2025/11/28 11:05,05F0439S,05F0494S,42,0,0
2025/11/28 11:05,05F0439S,05F0494S,5,216,5
2025/11/28 11:10,05F0000S,05F0055S,31,386,101
2025/11/28 11:10,05F0000S,05F0055S,32,372,22
2025/11/28 11:10,05F0000S,05F0055S,41,697,2
2025/11/28 11:10,05F0000S,05F0055S,42,0,0
2025/11/28 11:10,05F0000S,05F0055S,5,0,0
2025/11/28 11:10,05F0055S,05F0287S,31,1325,143
2025/11/28 11:10,05F0055S,05F0287S,32,1246,44
2025/11/28 11:10,05F0055S,05F0287S,41,1230,7
2025/11/28 11:10,05F0055S,05F0287S,42,0,0
2025/11/28 11:10,05F0055S,05F0287S,5,0,0
2025/11/28 11:10,05F0287S,05F0309S,31,89,94
2025/11/28 11:10,05F0287S,05F0309S,32,89,33
2025/11/28 11:10,05F0287S,05F0309S,41,97,5
2025/11/28 11:10,05F0287S,05F0309S,42,0,0
2025/11/28 11:10,05F0287S,05F0309S,5,0,0
2025/11/28 11:10,05F0309S,05F0439S,31,487,57
2025/11/28 11:10,05F0309S,05F0439S,32,504,26
2025/11/28 11:10,05F0309S,05F0439S,41,475,1
2025/11/28 11:10,05F0309S,05F0439S,42,553,2
2025/11/28 11:10,05F0309S,05F0439S,5,515,2
2025/11/28 11:10,05F0439S,05F0494S,31,198,29
2025/11/28 11:10,05F0439S,05F0494S,32,197,16
2025/11/28 11:10,05F0439S,05F0494S,41,0,0
2025/11/28 11:10,05F0439S,05F0494S,42,247,1
2025/11/28 11:10,05F0439S,05F0494S,5,209,10
2025/11/28 11:15,05F0000S,05F0055S,31,327,140
2025/11/28 11:15,05F0000S,05F0055S,32,332,26
2025/11/28 11:15,05F0000S,05F0055S,41,326,7
2025/11/28 11:15,05F0000S,05F0055S,42,0,0
2025/11/28 11:15,05F0000S,05F0055S,5,0,0
2025/11/28 11:15,05F0055S,05F0287S,31,1365,137
2025/11/28 11:15,05F0055S,05F0287S,32,1364,56
2025/11/28 11:15,05F0055S,05F0287S,41,1258,4
2025/11/28 11:15,05F0055S,05F0287S,42,0,0
2025/11/28 11:15,05F0055S,05F0287S,5,0,0
2025/11/28 11:15,05F0287S,05F0309S,31,92,92
2025/11/28 11:15,05F0287S,05F0309S,32,92,31
2025/11/28 11:15,05F0287S,05F0309S,41,89,2
2025/11/28 11:15,05F0287S,05F0309S,42,0,0
2025/11/28 11:15,05F0287S,05F0309S,5,0,0
2025/11/28 11:15,05F0309S,05F0439S,31,486,54
2025/11/28 11:15,05F0309S,05F0439S,32,499,20
2025/11/28 11:15,05F0309S,05F0439S,41,507,2
2025/11/28 11:15,05F0309S,05F0439S,42,531,1
2025/11/28 11:15,05F0309S,05F0439S,5,522,3
2025/11/28 11:15,05F0439S,05F0494S,31,207,25
2025/11/28 11:15,05F0439S,05F0494S,32,205,18
2025/11/28 11:15,05F0439S,05F0494S,41,1654,2
2025/11/28 11:15,05F0439S,05F0494S,42,238,2
2025/11/28 11:15,05F0439S,05F0494S,5,208,1
2025/11/28 11:20,05F0000S,05F0055S,31,332,141
2025/11/28 11:20,05F0000S,05F0055S,32,332,51
2025/11/28 11:20,05F0000S,05F0055S,41,336,9
2025/11/28 11:20,05F0000S,05F0055S,42,0,0
2025/11/28 11:20,05F0000S,05F0055S,5,0,0
2025/11/28 11:20,05F0055S,05F0287S,31,1380,135
2025/11/28 11:20,05F0055S,05F0287S,32,1378,47
2025/11/28 11:20,05F0055S,05F0287S,41,1298,8
2025/11/28 11:20,05F0055S,05F0287S,42,0,0
2025/11/28 11:20,05F0055S,05F0287S,5,0,0
2025/11/28 11:20,05F0287S,05F0309S,31,90,79
2025/11/28 11:20,05F0287S,05F0309S,32,92,38
2025/11/28 11:20,05F0287S,05F0309S,41,90,3
2025/11/28 11:20,05F0287S,05F0309S,42,0,0
2025/11/28 11:20,05F0287S,05F0309S,5,0,0
2025/11/28 11:20,05F0309S,05F0439S,31,501,56
2025/11/28 11:20,05F0309S,05F0439S,32,494,17
2025/11/28 11:20,05F0309S,05F0439S,41,532,3
2025/11/28 11:20,05F0309S,05F0439S,42,0,0
2025/11/28 11:20,05F0309S,05F0439S,5,515,5
2025/11/28 11:20,05F0439S,05F0494S,31,202,36
2025/11/28 11:20,05F0439S,05F0494S,32,216,12
2025/11/28 11:20,05F0439S,05F0494S,41,0,0
2025/11/28 11:20,05F0439S,05F0494S,42,0,0
2025/11/28 11:20,05F0439S,05F0494S,5,208,3
2025/11/28 11:25,05F0000S,05F0055S,31,355,159
2025/11/28 11:25,05F0000S,05F0055S,32,357,38
2025/11/28 11:25,05F0000S,05F0055S,41,343,4
2025/11/28 11:25,05F0000S,05F0055S,42,0,0
2025/11/28 11:25,05F0000S,05F0055S,5,0,0
2025/11/28 11:25,05F0055S,05F0287S,31,1431,166
2025/11/28 11:25,05F0055S,05F0287S,32,1338,58
2025/11/28 11:25,05F0055S,05F0287S,41,0,0
2025/11/28 11:25,05F0055S,05F0287S,42,0,0
2025/11/28 11:25,05F0055S,05F0287S,5,0,0
2025/11/28 11:25,05F0287S,05F0309S,31,88,103
2025/11/28 11:25,05F0287S,05F0309S,32,92,33
2025/11/28 11:25,05F0287S,05F0309S,41,95,3
2025/11/28 11:25,05F0287S,05F0309S,42,0,0
2025/11/28 11:25,05F0287S,05F0309S,5,0,0
2025/11/28 11:25,05F0309S,05F0439S,31,492,59
2025/11/28 11:25,05F0309S,05F0439S,32,482,23
2025/11/28 11:25,05F0309S,05F0439S,41,0,0
2025/11/28 11:25,05F0309S,05F0439S,42,0,0
2025/11/28 11:25,05F0309S,05F0439S,5,525,3
2025/11/28 11:25,05F0439S,05F0494S,31,207,33
2025/11/28 11:25,05F0439S,05F0494S,32,205,13
2025/11/28 11:25,05F0439S,05F0494S,41,0,0
2025/11/28 11:25,05F0439S,05F0494S,42,0,0
2025/11/28 11:25,05F0439S,05F0494S,5,214,4
2025/11/28 11:30,05F0000S,05F0055S,31,327,161
2025/11/28 11:30,05F0000S,05F0055S,32,325,34
2025/11/28 11:30,05F0000S,05F0055S,41,325,4
2025/11/28 11:30,05F0000S,05F0055S,42,0,0
2025/11/28 11:30,05F0000S,05F0055S,5,0,0
2025/11/28 11:30,05F0055S,05F0287S,31,1428,154
2025/11/28 11:30,05F0055S,05F0287S,32,1435,46
2025/11/28 11:30,05F0055S,05F0287S,41,1362,3
2025/11/28 11:30,05F0055S,05F0287S,42,0,0
2025/11/28 11:30,05F0055S,05F0287S,5,0,0
2025/11/28 11:30,05F0287S,05F0309S,31,89,103
2025/11/28 11:30,05F0287S,05F0309S,32,92,34
2025/11/28 11:30,05F0287S,05F0309S,41,1333,1
2025/11/28 11:30,05F0287S,05F0309S,42,0,0
2025/11/28 11:30,05F0287S,05F0309S,5,0,0
2025/11/28 11:30,05F0309S,05F0439S,31,501,58
2025/11/28 11:30,05F0309S,05F0439S,32,511,20
2025/11/28 11:30,05F0309S,05F0439S,41,526,4
2025/11/28 11:30,05F0309S,05F0439S,42,0,0
2025/11/28 11:30,05F0309S,05F0439S,5,536,4
2025/11/28 11:30,05F0439S,05F0494S,31,200,25
2025/11/28 11:30,05F0439S,05F0494S,32,222,10
2025/11/28 11:30,05F0439S,05F0494S,41,0,0
2025/11/28 11:30,05F0439S,05F0494S,42,0,0
2025/11/28 11:30,05F0439S,05F0494S,5,205,5
2025/11/28 11:35,05F0000S,05F0055S,31,302,158
2025/11/28 11:35,05F0000S,05F0055S,32,305,51
2025/11/28 11:35,05F0000S,05F0055S,41,275,6
2025/11/28 11:35,05F0000S,05F0055S,42,0,0
2025/11/28 11:35,05F0000S,05F0055S,5,0,0
2025/11/28 11:35,05F0055S,05F0287S,31,1373,163
2025/11/28 11:35,05F0055S,05F0287S,32,1369,33
2025/11/28 11:35,05F0055S,05F0287S,41,1325,12
2025/11/28 11:35,05F0055S,05F0287S,42,0,0
2025/11/28 11:35,05F0055S,05F0287S,5,0,0
2025/11/28 11:35,05F0287S,05F0309S,31,91,99
2025/11/28 11:35,05F0287S,05F0309S,32,95,21
2025/11/28 11:35,05F0287S,05F0309S,41,92,8
2025/11/28 11:35,05F0287S,05F0309S,42,0,0
2025/11/28 11:35,05F0287S,05F0309S,5,0,0
2025/11/28 11:35,05F0309S,05F0439S,31,482,73
2025/11/28 11:35,05F0309S,05F0439S,32,511,22
2025/11/28 11:35,05F0309S,05F0439S,41,550,2
2025/11/28 11:35,05F0309S,05F0439S,42,528,1
2025/11/28 11:35,05F0309S,05F0439S,5,547,7
2025/11/28 11:35,05F0439S,05F0494S,31,206,38
2025/11/28 11:35,05F0439S,05F0494S,32,206,14
2025/11/28 11:35,05F0439S,05F0494S,41,0,0
2025/11/28 11:35,05F0439S,05F0494S,42,0,0
2025/11/28 11:35,05F0439S,05F0494S,5,210,3
2025/11/28 11:40,05F0000S,05F0055S,31,280,154
2025/11/28 11:40,05F0000S,05F0055S,32,282,39
2025/11/28 11:40,05F0000S,05F0055S,41,272,4
2025/11/28 11:40,05F0000S,05F0055S,42,0,0
2025/11/28 11:40,05F0000S,05F0055S,5,305,1
2025/11/28 11:40,05F0055S,05F0287S,31,1325,161
2025/11/28 11:40,05F0055S,05F0287S,32,1331,45
2025/11/28 11:40,05F0055S,05F0287S,41,1304,5
2025/11/28 11:40,05F0055S,05F0287S,42,0,0
2025/11/28 11:40,05F0055S,05F0287S,5,0,0
2025/11/28 11:40,05F0287S,05F0309S,31,90,108
2025/11/28 11:40,05F0287S,05F0309S,32,92,28
2025/11/28 11:40,05F0287S,05F0309S,41,91,4
2025/11/28 11:40,05F0287S,05F0309S,42,0,0
2025/11/28 11:40,05F0287S,05F0309S,5,0,0
2025/11/28 11:40,05F0309S,05F0439S,31,491,73
2025/11/28 11:40,05F0309S,05F0439S,32,507,27
2025/11/28 11:40,05F0309S,05F0439S,41,0,0
2025/11/28 11:40,05F0309S,05F0439S,42,0,0
2025/11/28 11:40,05F0309S,05F0439S,5,503,9
2025/11/28 11:40,05F0439S,05F0494S,31,203,21
2025/11/28 11:40,05F0439S,05F0494S,32,203,8
2025/11/28 11:40,05F0439S,05F0494S,41,0,0
2025/11/28 11:40,05F0439S,05F0494S,42,0,0
2025/11/28 11:40,05F0439S,05F0494S,5,214,10
2025/11/28 11:45,05F0000S,05F0055S,31,268,136
2025/11/28 11:45,05F0000S,05F0055S,32,268,53
2025/11/28 11:45,05F0000S,05F0055S,41,260,2
2025/11/28 11:45,05F0000S,05F0055S,42,0,0
2025/11/28 11:45,05F0000S,05F0055S,5,1250,3
2025/11/28 11:45,05F0055S,05F0287S,31,1345,165
2025/11/28 11:45,05F0055S,05F0287S,32,1351,56
2025/11/28 11:45,05F0055S,05F0287S,41,1311,8
2025/11/28 11:45,05F0055S,05F0287S,42,0,0
2025/11/28 11:45,05F0055S,05F0287S,5,0,0
2025/11/28 11:45,05F0287S,05F0309S,31,90,98
2025/11/28 11:45,05F0287S,05F0309S,32,91,30
2025/11/28 11:45,05F0287S,05F0309S,41,100,10
2025/11/28 11:45,05F0287S,05F0309S,42,0,0
2025/11/28 11:45,05F0287S,05F0309S,5,0,0
2025/11/28 11:45,05F0309S,05F0439S,31,487,58
2025/11/28 11:45,05F0309S,05F0439S,32,496,16
2025/11/28 11:45,05F0309S,05F0439S,41,502,3
2025/11/28 11:45,05F0309S,05F0439S,42,568,1
2025/11/28 11:45,05F0309S,05F0439S,5,516,4
2025/11/28 11:45,05F0439S,05F0494S,31,206,38
2025/11/28 11:45,05F0439S,05F0494S,32,220,3
2025/11/28 11:45,05F0439S,05F0494S,41,0,0
2025/11/28 11:45,05F0439S,05F0494S,42,0,0
2025/11/28 11:45,05F0439S,05F0494S,5,215,6
2025/11/28 11:50,05F0000S,05F0055S,31,273,141
2025/11/28 11:50,05F0000S,05F0055S,32,272,41
2025/11/28 11:50,05F0000S,05F0055S,41,276,9
2025/11/28 11:50,05F0000S,05F0055S,42,0,0
2025/11/28 11:50,05F0000S,05F0055S,5,0,0
2025/11/28 11:50,05F0055S,05F0287S,31,1358,167
2025/11/28 11:50,05F0055S,05F0287S,32,1350,36
2025/11/28 11:50,05F0055S,05F0287S,41,1304,4
2025/11/28 11:50,05F0055S,05F0287S,42,0,0
2025/11/28 11:50,05F0055S,05F0287S,5,0,0
2025/11/28 11:50,05F0287S,05F0309S,31,90,109
2025/11/28 11:50,05F0287S,05F0309S,32,89,27
2025/11/28 11:50,05F0287S,05F0309S,41,95,4
2025/11/28 11:50,05F0287S,05F0309S,42,0,0
2025/11/28 11:50,05F0287S,05F0309S,5,0,0
2025/11/28 11:50,05F0309S,05F0439S,31,486,70
2025/11/28 11:50,05F0309S,05F0439S,32,493,22
2025/11/28 11:50,05F0309S,05F0439S,41,484,2
2025/11/28 11:50,05F0309S,05F0439S,42,0,0
2025/11/28 11:50,05F0309S,05F0439S,5,504,13
2025/11/28 11:50,05F0439S,05F0494S,31,207,31
2025/11/28 11:50,05F0439S,05F0494S,32,204,12
2025/11/28 11:50,05F0439S,05F0494S,41,0,0
2025/11/28 11:50,05F0439S,05F0494S,42,242,2
2025/11/28 11:50,05F0439S,05F0494S,5,208,6
2025/11/28 11:55,05F0000S,05F0055S,31,276,111
2025/11/28 11:55,05F0000S,05F0055S,32,267,46
2025/11/28 11:55,05F0000S,05F0055S,41,281,5
2025/11/28 11:55,05F0000S,05F0055S,42,0,0
2025/11/28 11:55,05F0000S,05F0055S,5,0,0
2025/11/28 11:55,05F0055S,05F0287S,31,1377,165
2025/11/28 11:55,05F0055S,05F0287S,32,1383,48
2025/11/28 11:55,05F0055S,05F0287S,41,1350,4
2025/11/28 11:55,05F0055S,05F0287S,42,0,0
2025/11/28 11:55,05F0055S,05F0287S,5,0,0
2025/11/28 11:55,05F0287S,05F0309S,31,91,100
2025/11/28 11:55,05F0287S,05F0309S,32,88,24
2025/11/28 11:55,05F0287S,05F0309S,41,92,2
2025/11/28 11:55,05F0287S,05F0309S,42,0,0
2025/11/28 11:55,05F0287S,05F0309S,5,0,0
2025/11/28 11:55,05F0309S,05F0439S,31,486,65
2025/11/28 11:55,05F0309S,05F0439S,32,501,16
2025/11/28 11:55,05F0309S,05F0439S,41,538,7
2025/11/28 11:55,05F0309S,05F0439S,42,0,0
2025/11/28 11:55,05F0309S,05F0439S,5,484,8
2025/11/28 11:55,05F0439S,05F0494S,31,203,29
2025/11/28 11:55,05F0439S,05F0494S,32,199,5
2025/11/28 11:55,05F0439S,05F0494S,41,198,2
2025/11/28 11:55,05F0439S,05F0494S,42,0,0
2025/11/28 11:55,05F0439S,05F0494S,5,212,14
2025/11/28 12:00,05F0000S,05F0055S,31,261,117
2025/11/28 12:00,05F0000S,05F0055S,32,263,43
2025/11/28 12:00,05F0000S,05F0055S,41,258,4
2025/11/28 12:00,05F0000S,05F0055S,42,0,0
2025/11/28 12:00,05F0000S,05F0055S,5,0,0
2025/11/28 12:00,05F0055S,05F0287S,31,1405,154
2025/11/28 12:00,05F0055S,05F0287S,32,1405,45
2025/11/28 12:00,05F0055S,05F0287S,41,1380,6
2025/11/28 12:00,05F0055S,05F0287S,42,0,0
2025/11/28 12:00,05F0055S,05F0287S,5,0,0
2025/11/28 12:00,05F0287S,05F0309S,31,90,96
2025/11/28 12:00,05F0287S,05F0309S,32,91,28
2025/11/28 12:00,05F0287S,05F0309S,41,92,5
2025/11/28 12:00,05F0287S,05F0309S,42,0,0
2025/11/28 12:00,05F0287S,05F0309S,5,0,0
2025/11/28 12:00,05F0309S,05F0439S,31,467,56
2025/11/28 12:00,05F0309S,05F0439S,32,457,15
2025/11/28 12:00,05F0309S,05F0439S,41,531,2
2025/11/28 12:00,05F0309S,05F0439S,42,551,2
2025/11/28 12:00,05F0309S,05F0439S,5,501,5
2025/11/28 12:00,05F0439S,05F0494S,31,199,42
2025/11/28 12:00,05F0439S,05F0494S,32,207,10
2025/11/28 12:00,05F0439S,05F0494S,41,0,0
2025/11/28 12:00,05F0439S,05F0494S,42,0,0
2025/11/28 12:00,05F0439S,05F0494S,5,203,5
2025/11/28 12:05,05F0000S,05F0055S,31,261,125
2025/11/28 12:05,05F0000S,05F0055S,32,262,49
2025/11/28 12:05,05F0000S,05F0055S,41,278,5
2025/11/28 12:05,05F0000S,05F0055S,42,0,0
2025/11/28 12:05,05F0000S,05F0055S,5,0,0
2025/11/28 12:05,05F0055S,05F0287S,31,1413,177
2025/11/28 12:05,05F0055S,05F0287S,32,1409,43
2025/11/28 12:05,05F0055S,05F0287S,41,1399,3
2025/11/28 12:05,05F0055S,05F0287S,42,0,0
2025/11/28 12:05,05F0055S,05F0287S,5,1529,1
2025/11/28 12:05,05F0287S,05F0309S,31,93,102
2025/11/28 12:05,05F0287S,05F0309S,32,91,33
2025/11/28 12:05,05F0287S,05F0309S,41,89,3
2025/11/28 12:05,05F0287S,05F0309S,42,0,0
2025/11/28 12:05,05F0287S,05F0309S,5,0,0
2025/11/28 12:05,05F0309S,05F0439S,31,485,56
2025/11/28 12:05,05F0309S,05F0439S,32,493,22
2025/11/28 12:05,05F0309S,05F0439S,41,522,1
2025/11/28 12:05,05F0309S,05F0439S,42,552,2
2025/11/28 12:05,05F0309S,05F0439S,5,531,9
2025/11/28 12:05,05F0439S,05F0494S,31,200,28
2025/11/28 12:05,05F0439S,05F0494S,32,194,10
2025/11/28 12:05,05F0439S,05F0494S,41,0,0
2025/11/28 12:05,05F0439S,05F0494S,42,0,0
2025/11/28 12:05,05F0439S,05F0494S,5,218,3
2025/11/28 12:10,05F0000S,05F0055S,31,257,128
2025/11/28 12:10,05F0000S,05F0055S,32,258,39
2025/11/28 12:10,05F0000S,05F0055S,41,257,4
2025/11/28 12:10,05F0000S,05F0055S,42,0,0
2025/11/28 12:10,05F0000S,05F0055S,5,0,0
2025/11/28 12:10,05F0055S,05F0287S,31,1391,157
2025/11/28 12:10,05F0055S,05F0287S,32,1395,53
2025/11/28 12:10,05F0055S,05F0287S,41,1381,4
2025/11/28 12:10,05F0055S,05F0287S,42,0,0
2025/11/28 12:10,05F0055S,05F0287S,5,1508,3
2025/11/28 12:10,05F0287S,05F0309S,31,92,107
2025/11/28 12:10,05F0287S,05F0309S,32,94,33
2025/11/28 12:10,05F0287S,05F0309S,41,106,1
2025/11/28 12:10,05F0287S,05F0309S,42,0,0
2025/11/28 12:10,05F0287S,05F0309S,5,113,4
2025/11/28 12:10,05F0309S,05F0439S,31,495,54
2025/11/28 12:10,05F0309S,05F0439S,32,516,19
2025/11/28 12:10,05F0309S,05F0439S,41,519,2
2025/11/28 12:10,05F0309S,05F0439S,42,0,0
2025/11/28 12:10,05F0309S,05F0439S,5,495,9
2025/11/28 12:10,05F0439S,05F0494S,31,206,23
2025/11/28 12:10,05F0439S,05F0494S,32,213,12
2025/11/28 12:10,05F0439S,05F0494S,41,0,0
2025/11/28 12:10,05F0439S,05F0494S,42,239,2
2025/11/28 12:10,05F0439S,05F0494S,5,224,12
2025/11/28 12:15,05F0000S,05F0055S,31,253,117
2025/11/28 12:15,05F0000S,05F0055S,32,254,37
2025/11/28 12:15,05F0000S,05F0055S,41,251,5
2025/11/28 12:15,05F0000S,05F0055S,42,0,0
2025/11/28 12:15,05F0000S,05F0055S,5,0,0
2025/11/28 12:15,05F0055S,05F0287S,31,1365,157
2025/11/28 12:15,05F0055S,05F0287S,32,1371,45
2025/11/28 12:15,05F0055S,05F0287S,41,1360,10
2025/11/28 12:15,05F0055S,05F0287S,42,0,0
2025/11/28 12:15,05F0055S,05F0287S,5,0,0
2025/11/28 12:15,05F0287S,05F0309S,31,91,84
2025/11/28 12:15,05F0287S,05F0309S,32,92,28
2025/11/28 12:15,05F0287S,05F0309S,41,92,8
2025/11/28 12:15,05F0287S,05F0309S,42,0,0
2025/11/28 12:15,05F0287S,05F0309S,5,0,0
2025/11/28 12:15,05F0309S,05F0439S,31,481,62
2025/11/28 12:15,05F0309S,05F0439S,32,485,18
2025/11/28 12:15,05F0309S,05F0439S,41,469,3
2025/11/28 12:15,05F0309S,05F0439S,42,526,2
2025/11/28 12:15,05F0309S,05F0439S,5,536,8
2025/11/28 12:15,05F0439S,05F0494S,31,205,33
2025/11/28 12:15,05F0439S,05F0494S,32,199,10
2025/11/28 12:15,05F0439S,05F0494S,41,181,1
2025/11/28 12:15,05F0439S,05F0494S,42,247,1
2025/11/28 12:15,05F0439S,05F0494S,5,210,9
2025/11/28 12:20,05F0000S,05F0055S,31,251,106
2025/11/28 12:20,05F0000S,05F0055S,32,259,45
2025/11/28 12:20,05F0000S,05F0055S,41,257,3
2025/11/28 12:20,05F0000S,05F0055S,42,0,0
2025/11/28 12:20,05F0000S,05F0055S,5,0,0
2025/11/28 12:20,05F0055S,05F0287S,31,1277,160
2025/11/28 12:20,05F0055S,05F0287S,32,1282,68
2025/11/28 12:20,05F0055S,05F0287S,41,1211,5
2025/11/28 12:20,05F0055S,05F0287S,42,0,0
2025/11/28 12:20,05F0055S,05F0287S,5,0,0
2025/11/28 12:20,05F0287S,05F0309S,31,93,101
2025/11/28 12:20,05F0287S,05F0309S,32,93,45
2025/11/28 12:20,05F0287S,05F0309S,41,95,3
2025/11/28 12:20,05F0287S,05F0309S,42,103,1
2025/11/28 12:20,05F0287S,05F0309S,5,0,0
2025/11/28 12:20,05F0309S,05F0439S,31,496,57
2025/11/28 12:20,05F0309S,05F0439S,32,500,17
2025/11/28 12:20,05F0309S,05F0439S,41,513,2
2025/11/28 12:20,05F0309S,05F0439S,42,522,1
2025/11/28 12:20,05F0309S,05F0439S,5,525,11
2025/11/28 12:20,05F0439S,05F0494S,31,218,33
2025/11/28 12:20,05F0439S,05F0494S,32,211,11
2025/11/28 12:20,05F0439S,05F0494S,41,0,0
2025/11/28 12:20,05F0439S,05F0494S,42,221,1
2025/11/28 12:20,05F0439S,05F0494S,5,218,7
2025/11/28 12:25,05F0000S,05F0055S,31,256,116
2025/11/28 12:25,05F0000S,05F0055S,32,259,30
2025/11/28 12:25,05F0000S,05F0055S,41,290,2
2025/11/28 12:25,05F0000S,05F0055S,42,0,0
2025/11/28 12:25,05F0000S,05F0055S,5,0,0
2025/11/28 12:25,05F0055S,05F0287S,31,1196,151
2025/11/28 12:25,05F0055S,05F0287S,32,1193,60
2025/11/28 12:25,05F0055S,05F0287S,41,1197,5
2025/11/28 12:25,05F0055S,05F0287S,42,0,0
2025/11/28 12:25,05F0055S,05F0287S,5,0,0
2025/11/28 12:25,05F0287S,05F0309S,31,91,101
2025/11/28 12:25,05F0287S,05F0309S,32,92,29
2025/11/28 12:25,05F0287S,05F0309S,41,94,2
2025/11/28 12:25,05F0287S,05F0309S,42,0,0
2025/11/28 12:25,05F0287S,05F0309S,5,0,0
2025/11/28 12:25,05F0309S,05F0439S,31,487,55
2025/11/28 12:25,05F0309S,05F0439S,32,482,19
2025/11/28 12:25,05F0309S,05F0439S,41,534,3
2025/11/28 12:25,05F0309S,05F0439S,42,0,0
2025/11/28 12:25,05F0309S,05F0439S,5,488,2
2025/11/28 12:25,05F0439S,05F0494S,31,203,24
2025/11/28 12:25,05F0439S,05F0494S,32,210,17
2025/11/28 12:25,05F0439S,05F0494S,41,0,0
2025/11/28 12:25,05F0439S,05F0494S,42,217,1
2025/11/28 12:25,05F0439S,05F0494S,5,215,6
2025/11/28 12:30,05F0000S,05F0055S,31,256,126
2025/11/28 12:30,05F0000S,05F0055S,32,260,33
2025/11/28 12:30,05F0000S,05F0055S,41,266,5
2025/11/28 12:30,05F0000S,05F0055S,42,0,0
2025/11/28 12:30,05F0000S,05F0055S,5,0,0
2025/11/28 12:30,05F0055S,05F0287S,31,1144,162
2025/11/28 12:30,05F0055S,05F0287S,32,1151,47
2025/11/28 12:30,05F0055S,05F0287S,41,1089,7
2025/11/28 12:30,05F0055S,05F0287S,42,0,0
2025/11/28 12:30,05F0055S,05F0287S,5,0,0
2025/11/28 12:30,05F0287S,05F0309S,31,89,108
2025/11/28 12:30,05F0287S,05F0309S,32,91,41
2025/11/28 12:30,05F0287S,05F0309S,41,98,4
2025/11/28 12:30,05F0287S,05F0309S,42,0,0
2025/11/28 12:30,05F0287S,05F0309S,5,0,0
2025/11/28 12:30,05F0309S,05F0439S,31,498,56
2025/11/28 12:30,05F0309S,05F0439S,32,488,28
2025/11/28 12:30,05F0309S,05F0439S,41,548,1
2025/11/28 12:30,05F0309S,05F0439S,42,511,1
2025/11/28 12:30,05F0309S,05F0439S,5,0,0
2025/11/28 12:30,05F0439S,05F0494S,31,202,22
2025/11/28 12:30,05F0439S,05F0494S,32,203,15
2025/11/28 12:30,05F0439S,05F0494S,41,0,0
2025/11/28 12:30,05F0439S,05F0494S,42,0,0
2025/11/28 12:30,05F0439S,05F0494S,5,203,3
2025/11/28 12:35,05F0000S,05F0055S,31,250,120
2025/11/28 12:35,05F0000S,05F0055S,32,247,32
2025/11/28 12:35,05F0000S,05F0055S,41,259,2
2025/11/28 12:35,05F0000S,05F0055S,42,0,0
2025/11/28 12:35,05F0000S,05F0055S,5,0,0
2025/11/28 12:35,05F0055S,05F0287S,31,1072,135
2025/11/28 12:35,05F0055S,05F0287S,32,1069,50
2025/11/28 12:35,05F0055S,05F0287S,41,1091,4
2025/11/28 12:35,05F0055S,05F0287S,42,0,0
2025/11/28 12:35,05F0055S,05F0287S,5,0,0
2025/11/28 12:35,05F0287S,05F0309S,31,88,99
2025/11/28 12:35,05F0287S,05F0309S,32,89,35
2025/11/28 12:35,05F0287S,05F0309S,41,94,5
2025/11/28 12:35,05F0287S,05F0309S,42,0,0
2025/11/28 12:35,05F0287S,05F0309S,5,0,0
2025/11/28 12:35,05F0309S,05F0439S,31,488,67
2025/11/28 12:35,05F0309S,05F0439S,32,490,26
2025/11/28 12:35,05F0309S,05F0439S,41,553,1
2025/11/28 12:35,05F0309S,05F0439S,42,542,1
2025/11/28 12:35,05F0309S,05F0439S,5,525,7
2025/11/28 12:35,05F0439S,05F0494S,31,196,42
2025/11/28 12:35,05F0439S,05F0494S,32,198,13
2025/11/28 12:35,05F0439S,05F0494S,41,0,0
2025/11/28 12:35,05F0439S,05F0494S,42,0,0
2025/11/28 12:35,05F0439S,05F0494S,5,222,2
2025/11/28 12:40,05F0000S,05F0055S,31,256,112
2025/11/28 12:40,05F0000S,05F0055S,32,260,40
2025/11/28 12:40,05F0000S,05F0055S,41,257,5
2025/11/28 12:40,05F0000S,05F0055S,42,0,0
2025/11/28 12:40,05F0000S,05F0055S,5,0,0
2025/11/28 12:40,05F0055S,05F0287S,31,1028,116
2025/11/28 12:40,05F0055S,05F0287S,32,1040,44
2025/11/28 12:40,05F0055S,05F0287S,41,1078,1
2025/11/28 12:40,05F0055S,05F0287S,42,0,0
2025/11/28 12:40,05F0055S,05F0287S,5,0,0
2025/11/28 12:40,05F0287S,05F0309S,31,85,73
2025/11/28 12:40,05F0287S,05F0309S,32,89,41
2025/11/28 12:40,05F0287S,05F0309S,41,94,3
2025/11/28 12:40,05F0287S,05F0309S,42,93,1
2025/11/28 12:40,05F0287S,05F0309S,5,0,0
2025/11/28 12:40,05F0309S,05F0439S,31,478,68
2025/11/28 12:40,05F0309S,05F0439S,32,500,22
2025/11/28 12:40,05F0309S,05F0439S,41,532,2
2025/11/28 12:40,05F0309S,05F0439S,42,473,1
2025/11/28 12:40,05F0309S,05F0439S,5,547,4
2025/11/28 12:40,05F0439S,05F0494S,31,205,40
2025/11/28 12:40,05F0439S,05F0494S,32,206,9
2025/11/28 12:40,05F0439S,05F0494S,41,232,1
2025/11/28 12:40,05F0439S,05F0494S,42,211,2
2025/11/28 12:40,05F0439S,05F0494S,5,212,3
2025/11/28 12:45,05F0000S,05F0055S,31,255,119
2025/11/28 12:45,05F0000S,05F0055S,32,260,38
2025/11/28 12:45,05F0000S,05F0055S,41,265,4
2025/11/28 12:45,05F0000S,05F0055S,42,0,0
2025/11/28 12:45,05F0000S,05F0055S,5,0,0
2025/11/28 12:45,05F0055S,05F0287S,31,1040,115
2025/11/28 12:45,05F0055S,05F0287S,32,1041,32
2025/11/28 12:45,05F0055S,05F0287S,41,1088,1
2025/11/28 12:45,05F0055S,05F0287S,42,0,0
2025/11/28 12:45,05F0055S,05F0287S,5,0,0
2025/11/28 12:45,05F0287S,05F0309S,31,87,87
2025/11/28 12:45,05F0287S,05F0309S,32,89,21
2025/11/28 12:45,05F0287S,05F0309S,41,93,1
2025/11/28 12:45,05F0287S,05F0309S,42,0,0
2025/11/28 12:45,05F0287S,05F0309S,5,0,0
2025/11/28 12:45,05F0309S,05F0439S,31,470,71
2025/11/28 12:45,05F0309S,05F0439S,32,493,32
2025/11/28 12:45,05F0309S,05F0439S,41,536,4
2025/11/28 12:45,05F0309S,05F0439S,42,541,1
2025/11/28 12:45,05F0309S,05F0439S,5,572,3
2025/11/28 12:45,05F0439S,05F0494S,31,197,41
2025/11/28 12:45,05F0439S,05F0494S,32,206,15
2025/11/28 12:45,05F0439S,05F0494S,41,0,0
2025/11/28 12:45,05F0439S,05F0494S,42,209,1
2025/11/28 12:45,05F0439S,05F0494S,5,210,2
2025/11/28 12:50,05F0000S,05F0055S,31,263,131
2025/11/28 12:50,05F0000S,05F0055S,32,266,44
2025/11/28 12:50,05F0000S,05F0055S,41,261,2
2025/11/28 12:50,05F0000S,05F0055S,42,0,0
2025/11/28 12:50,05F0000S,05F0055S,5,0,0
2025/11/28 12:50,05F0055S,05F0287S,31,1054,153
2025/11/28 12:50,05F0055S,05F0287S,32,1054,49
2025/11/28 12:50,05F0055S,05F0287S,41,1171,7
2025/11/28 12:50,05F0055S,05F0287S,42,0,0
2025/11/28 12:50,05F0055S,05F0287S,5,0,0
2025/11/28 12:50,05F0287S,05F0309S,31,90,92
2025/11/28 12:50,05F0287S,05F0309S,32,88,31
2025/11/28 12:50,05F0287S,05F0309S,41,99,4
2025/11/28 12:50,05F0287S,05F0309S,42,0,0
2025/11/28 12:50,05F0287S,05F0309S,5,0,0
2025/11/28 12:50,05F0309S,05F0439S,31,473,45
2025/11/28 12:50,05F0309S,05F0439S,32,498,11
2025/11/28 12:50,05F0309S,05F0439S,41,532,2
2025/11/28 12:50,05F0309S,05F0439S,42,535,2
2025/11/28 12:50,05F0309S,05F0439S,5,526,5
2025/11/28 12:50,05F0439S,05F0494S,31,201,29
2025/11/28 12:50,05F0439S,05F0494S,32,207,11
2025/11/28 12:50,05F0439S,05F0494S,41,0,0
2025/11/28 12:50,05F0439S,05F0494S,42,0,0
2025/11/28 12:50,05F0439S,05F0494S,5,211,8
2025/11/28 12:55,05F0000S,05F0055S,31,266,128
2025/11/28 12:55,05F0000S,05F0055S,32,263,36
2025/11/28 12:55,05F0000S,05F0055S,41,261,7
2025/11/28 12:55,05F0000S,05F0055S,42,0,0
2025/11/28 12:55,05F0000S,05F0055S,5,0,0
2025/11/28 12:55,05F0055S,05F0287S,31,1025,128
2025/11/28 12:55,05F0055S,05F0287S,32,1043,43
2025/11/28 12:55,05F0055S,05F0287S,41,1067,3
2025/11/28 12:55,05F0055S,05F0287S,42,0,0
2025/11/28 12:55,05F0055S,05F0287S,5,0,0
2025/11/28 12:55,05F0287S,05F0309S,31,87,81
2025/11/28 12:55,05F0287S,05F0309S,32,87,24
2025/11/28 12:55,05F0287S,05F0309S,41,0,0
2025/11/28 12:55,05F0287S,05F0309S,42,0,0
2025/11/28 12:55,05F0287S,05F0309S,5,0,0
2025/11/28 12:55,05F0309S,05F0439S,31,485,56
2025/11/28 12:55,05F0309S,05F0439S,32,468,10
2025/11/28 12:55,05F0309S,05F0439S,41,542,1
2025/11/28 12:55,05F0309S,05F0439S,42,540,2
2025/11/28 12:55,05F0309S,05F0439S,5,511,4
2025/11/28 12:55,05F0439S,05F0494S,31,199,19
2025/11/28 12:55,05F0439S,05F0494S,32,223,4
2025/11/28 12:55,05F0439S,05F0494S,41,247,1
2025/11/28 12:55,05F0439S,05F0494S,42,0,0
2025/11/28 12:55,05F0439S,05F0494S,5,185,1
2025/11/28 13:00,05F0000S,05F0055S,31,252,119
2025/11/28 13:00,05F0000S,05F0055S,32,252,26
2025/11/28 13:00,05F0000S,05F0055S,41,253,4
2025/11/28 13:00,05F0000S,05F0055S,42,0,0
2025/11/28 13:00,05F0000S,05F0055S,5,0,0
2025/11/28 13:00,05F0055S,05F0287S,31,1017,106
2025/11/28 13:00,05F0055S,05F0287S,32,1031,25
2025/11/28 13:00,05F0055S,05F0287S,41,1041,4
2025/11/28 13:00,05F0055S,05F0287S,42,0,0
2025/11/28 13:00,05F0055S,05F0287S,5,0,0
2025/11/28 13:00,05F0287S,05F0309S,31,88,91
2025/11/28 13:00,05F0287S,05F0309S,32,91,29
2025/11/28 13:00,05F0287S,05F0309S,41,93,4
2025/11/28 13:00,05F0287S,05F0309S,42,0,0
2025/11/28 13:00,05F0287S,05F0309S,5,0,0
2025/11/28 13:00,05F0309S,05F0439S,31,472,67
2025/11/28 13:00,05F0309S,05F0439S,32,468,22
2025/11/28 13:00,05F0309S,05F0439S,41,531,2
2025/11/28 13:00,05F0309S,05F0439S,42,0,0
2025/11/28 13:00,05F0309S,05F0439S,5,523,5
2025/11/28 13:00,05F0439S,05F0494S,31,204,24
2025/11/28 13:00,05F0439S,05F0494S,32,209,9
2025/11/28 13:00,05F0439S,05F0494S,41,0,0
2025/11/28 13:00,05F0439S,05F0494S,42,253,5
2025/11/28 13:00,05F0439S,05F0494S,5,217,4
2025/11/28 13:05,05F0000S,05F0055S,31,263,132
2025/11/28 13:05,05F0000S,05F0055S,32,272,40
2025/11/28 13:05,05F0000S,05F0055S,41,276,4
2025/11/28 13:05,05F0000S,05F0055S,42,0,0
2025/11/28 13:05,05F0000S,05F0055S,5,0,0
2025/11/28 13:05,05F0055S,05F0287S,31,1037,141
2025/11/28 13:05,05F0055S,05F0287S,32,1047,45
2025/11/28 13:05,05F0055S,05F0287S,41,1074,5
2025/11/28 13:05,05F0055S,05F0287S,42,0,0
2025/11/28 13:05,05F0055S,05F0287S,5,0,0
2025/11/28 13:05,05F0287S,05F0309S,31,86,80
2025/11/28 13:05,05F0287S,05F0309S,32,88,25
2025/11/28 13:05,05F0287S,05F0309S,41,92,3
2025/11/28 13:05,05F0287S,05F0309S,42,0,0
2025/11/28 13:05,05F0287S,05F0309S,5,0,0
2025/11/28 13:05,05F0309S,05F0439S,31,482,44
2025/11/28 13:05,05F0309S,05F0439S,32,485,17
2025/11/28 13:05,05F0309S,05F0439S,41,497,1
2025/11/28 13:05,05F0309S,05F0439S,42,559,2
2025/11/28 13:05,05F0309S,05F0439S,5,519,4
2025/11/28 13:05,05F0439S,05F0494S,31,200,21
2025/11/28 13:05,05F0439S,05F0494S,32,197,11
2025/11/28 13:05,05F0439S,05F0494S,41,0,0
2025/11/28 13:05,05F0439S,05F0494S,42,0,0
2025/11/28 13:05,05F0439S,05F0494S,5,214,3
2025/11/28 13:10,05F0000S,05F0055S,31,268,139
2025/11/28 13:10,05F0000S,05F0055S,32,270,34
2025/11/28 13:10,05F0000S,05F0055S,41,264,3
2025/11/28 13:10,05F0000S,05F0055S,42,0,0
2025/11/28 13:10,05F0000S,05F0055S,5,0,0
2025/11/28 13:10,05F0055S,05F0287S,31,1038,129
2025/11/28 13:10,05F0055S,05F0287S,32,1041,36
2025/11/28 13:10,05F0055S,05F0287S,41,1091,8
2025/11/28 13:10,05F0055S,05F0287S,42,0,0
2025/11/28 13:10,05F0055S,05F0287S,5,0,0
2025/11/28 13:10,05F0287S,05F0309S,31,87,96
2025/11/28 13:10,05F0287S,05F0309S,32,90,27
2025/11/28 13:10,05F0287S,05F0309S,41,101,3
2025/11/28 13:10,05F0287S,05F0309S,42,0,0
2025/11/28 13:10,05F0287S,05F0309S,5,0,0
2025/11/28 13:10,05F0309S,05F0439S,31,490,46
2025/11/28 13:10,05F0309S,05F0439S,32,505,14
2025/11/28 13:10,05F0309S,05F0439S,41,539,1
2025/11/28 13:10,05F0309S,05F0439S,42,563,2
2025/11/28 13:10,05F0309S,05F0439S,5,495,6
2025/11/28 13:10,05F0439S,05F0494S,31,200,25
2025/11/28 13:10,05F0439S,05F0494S,32,207,8
2025/11/28 13:10,05F0439S,05F0494S,41,0,0
2025/11/28 13:10,05F0439S,05F0494S,42,231,2
2025/11/28 13:10,05F0439S,05F0494S,5,206,4
2025/11/28 13:15,05F0000S,05F0055S,31,256,113
2025/11/28 13:15,05F0000S,05F0055S,32,256,48
2025/11/28 13:15,05F0000S,05F0055S,41,259,6
2025/11/28 13:15,05F0000S,05F0055S,42,0,0
2025/11/28 13:15,05F0000S,05F0055S,5,0,0
2025/11/28 13:15,05F0055S,05F0287S,31,1075,137
2025/11/28 13:15,05F0055S,05F0287S,32,1082,37
2025/11/28 13:15,05F0055S,05F0287S,41,1074,2
2025/11/28 13:15,05F0055S,05F0287S,42,0,0
2025/11/28 13:15,05F0055S,05F0287S,5,0,0
2025/11/28 13:15,05F0287S,05F0309S,31,88,94
2025/11/28 13:15,05F0287S,05F0309S,32,88,21
2025/11/28 13:15,05F0287S,05F0309S,41,94,4
2025/11/28 13:15,05F0287S,05F0309S,42,0,0
2025/11/28 13:15,05F0287S,05F0309S,5,0,0
2025/11/28 13:15,05F0309S,05F0439S,31,471,61
2025/11/28 13:15,05F0309S,05F0439S,32,485,22
2025/11/28 13:15,05F0309S,05F0439S,41,531,4
2025/11/28 13:15,05F0309S,05F0439S,42,0,0
2025/11/28 13:15,05F0309S,05F0439S,5,526,3
2025/11/28 13:15,05F0439S,05F0494S,31,204,25
2025/11/28 13:15,05F0439S,05F0494S,32,216,8
2025/11/28 13:15,05F0439S,05F0494S,41,0,0
2025/11/28 13:15,05F0439S,05F0494S,42,240,1
2025/11/28 13:15,05F0439S,05F0494S,5,206,5
2025/11/28 13:20,05F0000S,05F0055S,31,254,129
2025/11/28 13:20,05F0000S,05F0055S,32,259,43
2025/11/28 13:20,05F0000S,05F0055S,41,277,4
2025/11/28 13:20,05F0000S,05F0055S,42,0,0
2025/11/28 13:20,05F0000S,05F0055S,5,0,0
2025/11/28 13:20,05F0055S,05F0287S,31,1041,133
2025/11/28 13:20,05F0055S,05F0287S,32,1038,33
2025/11/28 13:20,05F0055S,05F0287S,41,1072,4
2025/11/28 13:20,05F0055S,05F0287S,42,0,0
2025/11/28 13:20,05F0055S,05F0287S,5,0,0
2025/11/28 13:20,05F0287S,05F0309S,31,89,103
2025/11/28 13:20,05F0287S,05F0309S,32,92,29
2025/11/28 13:20,05F0287S,05F0309S,41,94,4
2025/11/28 13:20,05F0287S,05F0309S,42,0,0
2025/11/28 13:20,05F0287S,05F0309S,5,0,0
2025/11/28 13:20,05F0309S,05F0439S,31,483,49
2025/11/28 13:20,05F0309S,05F0439S,32,504,25
2025/11/28 13:20,05F0309S,05F0439S,41,547,4
2025/11/28 13:20,05F0309S,05F0439S,42,488,1
2025/11/28 13:20,05F0309S,05F0439S,5,486,4
2025/11/28 13:20,05F0439S,05F0494S,31,201,41
2025/11/28 13:20,05F0439S,05F0494S,32,204,13
2025/11/28 13:20,05F0439S,05F0494S,41,0,0
2025/11/28 13:20,05F0439S,05F0494S,42,0,0
2025/11/28 13:20,05F0439S,05F0494S,5,223,5
2025/11/28 13:25,05F0000S,05F0055S,31,257,120
2025/11/28 13:25,05F0000S,05F0055S,32,260,38
2025/11/28 13:25,05F0000S,05F0055S,41,267,6
2025/11/28 13:25,05F0000S,05F0055S,42,0,0
2025/11/28 13:25,05F0000S,05F0055S,5,0,0
2025/11/28 13:25,05F0055S,05F0287S,31,1082,138
2025/11/28 13:25,05F0055S,05F0287S,32,1089,40
2025/11/28 13:25,05F0055S,05F0287S,41,1105,5
2025/11/28 13:25,05F0055S,05F0287S,42,0,0
2025/11/28 13:25,05F0055S,05F0287S,5,0,0
2025/11/28 13:25,05F0287S,05F0309S,31,86,90
2025/11/28 13:25,05F0287S,05F0309S,32,92,20
2025/11/28 13:25,05F0287S,05F0309S,41,92,3
2025/11/28 13:25,05F0287S,05F0309S,42,0,0
2025/11/28 13:25,05F0287S,05F0309S,5,0,0
2025/11/28 13:25,05F0309S,05F0439S,31,497,70
2025/11/28 13:25,05F0309S,05F0439S,32,490,18
2025/11/28 13:25,05F0309S,05F0439S,41,0,0
2025/11/28 13:25,05F0309S,05F0439S,42,0,0
2025/11/28 13:25,05F0309S,05F0439S,5,513,5
2025/11/28 13:25,05F0439S,05F0494S,31,202,31
2025/11/28 13:25,05F0439S,05F0494S,32,213,14
2025/11/28 13:25,05F0439S,05F0494S,41,225,1
2025/11/28 13:25,05F0439S,05F0494S,42,0,0
2025/11/28 13:25,05F0439S,05F0494S,5,206,4
2025/11/28 13:30,05F0000S,05F0055S,31,260,108
2025/11/28 13:30,05F0000S,05F0055S,32,271,47
2025/11/28 13:30,05F0000S,05F0055S,41,260,3
2025/11/28 13:30,05F0000S,05F0055S,42,0,0
2025/11/28 13:30,05F0000S,05F0055S,5,0,0
2025/11/28 13:30,05F0055S,05F0287S,31,1090,130
2025/11/28 13:30,05F0055S,05F0287S,32,1086,41
2025/11/28 13:30,05F0055S,05F0287S,41,1143,2
2025/11/28 13:30,05F0055S,05F0287S,42,0,0
2025/11/28 13:30,05F0055S,05F0287S,5,0,0
2025/11/28 13:30,05F0287S,05F0309S,31,89,85
2025/11/28 13:30,05F0287S,05F0309S,32,89,23
2025/11/28 13:30,05F0287S,05F0309S,41,90,4
2025/11/28 13:30,05F0287S,05F0309S,42,0,0
2025/11/28 13:30,05F0287S,05F0309S,5,0,0
2025/11/28 13:30,05F0309S,05F0439S,31,466,60
2025/11/28 13:30,05F0309S,05F0439S,32,508,16
2025/11/28 13:30,05F0309S,05F0439S,41,546,4
2025/11/28 13:30,05F0309S,05F0439S,42,500,1
2025/11/28 13:30,05F0309S,05F0439S,5,563,3
2025/11/28 13:30,05F0439S,05F0494S,31,204,43
2025/11/28 13:30,05F0439S,05F0494S,32,201,8
2025/11/28 13:30,05F0439S,05F0494S,41,0,0
2025/11/28 13:30,05F0439S,05F0494S,42,0,0
2025/11/28 13:30,05F0439S,05F0494S,5,216,8
2025/11/28 13:35,05F0000S,05F0055S,31,262,135
2025/11/28 13:35,05F0000S,05F0055S,32,264,54
2025/11/28 13:35,05F0000S,05F0055S,41,272,6
2025/11/28 13:35,05F0000S,05F0055S,42,0,0
2025/11/28 13:35,05F0000S,05F0055S,5,0,0
2025/11/28 13:35,05F0055S,05F0287S,31,1062,146
2025/11/28 13:35,05F0055S,05F0287S,32,1063,56
2025/11/28 13:35,05F0055S,05F0287S,41,1121,5
2025/11/28 13:35,05F0055S,05F0287S,42,0,0
2025/11/28 13:35,05F0055S,05F0287S,5,0,0
2025/11/28 13:35,05F0287S,05F0309S,31,90,116
2025/11/28 13:35,05F0287S,05F0309S,32,89,38
2025/11/28 13:35,05F0287S,05F0309S,41,91,5
2025/11/28 13:35,05F0287S,05F0309S,42,0,0
2025/11/28 13:35,05F0287S,05F0309S,5,0,0
2025/11/28 13:35,05F0309S,05F0439S,31,485,61
2025/11/28 13:35,05F0309S,05F0439S,32,497,19
2025/11/28 13:35,05F0309S,05F0439S,41,504,2
2025/11/28 13:35,05F0309S,05F0439S,42,482,1
2025/11/28 13:35,05F0309S,05F0439S,5,516,3
2025/11/28 13:35,05F0439S,05F0494S,31,199,27
2025/11/28 13:35,05F0439S,05F0494S,32,213,9
2025/11/28 13:35,05F0439S,05F0494S,41,0,0
2025/11/28 13:35,05F0439S,05F0494S,42,0,0
2025/11/28 13:35,05F0439S,05F0494S,5,211,2
2025/11/28 13:40,05F0000S,05F0055S,31,255,127
2025/11/28 13:40,05F0000S,05F0055S,32,254,31
2025/11/28 13:40,05F0000S,05F0055S,41,253,5
2025/11/28 13:40,05F0000S,05F0055S,42,0,0
2025/11/28 13:40,05F0000S,05F0055S,5,0,0
2025/11/28 13:40,05F0055S,05F0287S,31,1023,129
2025/11/28 13:40,05F0055S,05F0287S,32,1028,45
2025/11/28 13:40,05F0055S,05F0287S,41,1064,6
2025/11/28 13:40,05F0055S,05F0287S,42,0,0
2025/11/28 13:40,05F0055S,05F0287S,5,0,0
2025/11/28 13:40,05F0287S,05F0309S,31,90,88
2025/11/28 13:40,05F0287S,05F0309S,32,88,28
2025/11/28 13:40,05F0287S,05F0309S,41,98,5
2025/11/28 13:40,05F0287S,05F0309S,42,0,0
2025/11/28 13:40,05F0287S,05F0309S,5,0,0
2025/11/28 13:40,05F0309S,05F0439S,31,494,72
2025/11/28 13:40,05F0309S,05F0439S,32,458,15
2025/11/28 13:40,05F0309S,05F0439S,41,520,1
2025/11/28 13:40,05F0309S,05F0439S,42,545,1
2025/11/28 13:40,05F0309S,05F0439S,5,520,3
2025/11/28 13:40,05F0439S,05F0494S,31,205,29
2025/11/28 13:40,05F0439S,05F0494S,32,210,15
2025/11/28 13:40,05F0439S,05F0494S,41,217,1
2025/11/28 13:40,05F0439S,05F0494S,42,0,0
2025/11/28 13:40,05F0439S,05F0494S,5,221,3
2025/11/28 13:45,05F0000S,05F0055S,31,251,102
2025/11/28 13:45,05F0000S,05F0055S,32,252,30
2025/11/28 13:45,05F0000S,05F0055S,41,261,2
2025/11/28 13:45,05F0000S,05F0055S,42,0,0
2025/11/28 13:45,05F0000S,05F0055S,5,0,0
2025/11/28 13:45,05F0055S,05F0287S,31,1037,114
2025/11/28 13:45,05F0055S,05F0287S,32,1049,38
2025/11/28 13:45,05F0055S,05F0287S,41,1081,5
2025/11/28 13:45,05F0055S,05F0287S,42,0,0
2025/11/28 13:45,05F0055S,05F0287S,5,0,0
2025/11/28 13:45,05F0287S,05F0309S,31,88,82
2025/11/28 13:45,05F0287S,05F0309S,32,91,34
2025/11/28 13:45,05F0287S,05F0309S,41,93,2
2025/11/28 13:45,05F0287S,05F0309S,42,0,0
2025/11/28 13:45,05F0287S,05F0309S,5,0,0
2025/11/28 13:45,05F0309S,05F0439S,31,493,67
2025/11/28 13:45,05F0309S,05F0439S,32,496,22
2025/11/28 13:45,05F0309S,05F0439S,41,528,2
2025/11/28 13:45,05F0309S,05F0439S,42,514,2
2025/11/28 13:45,05F0309S,05F0439S,5,537,6
2025/11/28 13:45,05F0439S,05F0494S,31,205,34
2025/11/28 13:45,05F0439S,05F0494S,32,200,10
2025/11/28 13:45,05F0439S,05F0494S,41,0,0
2025/11/28 13:45,05F0439S,05F0494S,42,244,1
2025/11/28 13:45,05F0439S,05F0494S,5,222,2
2025/11/28 13:50,05F0000S,05F0055S,31,258,115
2025/11/28 13:50,05F0000S,05F0055S,32,252,40
2025/11/28 13:50,05F0000S,05F0055S,41,259,5
2025/11/28 13:50,05F0000S,05F0055S,42,0,0
2025/11/28 13:50,05F0000S,05F0055S,5,0,0
2025/11/28 13:50,05F0055S,05F0287S,31,1075,118
2025/11/28 13:50,05F0055S,05F0287S,32,1069,53
2025/11/28 13:50,05F0055S,05F0287S,41,1101,7
2025/11/28 13:50,05F0055S,05F0287S,42,0,0
2025/11/28 13:50,05F0055S,05F0287S,5,0,0
2025/11/28 13:50,05F0287S,05F0309S,31,90,60
2025/11/28 13:50,05F0287S,05F0309S,32,92,37
2025/11/28 13:50,05F0287S,05F0309S,41,110,4
2025/11/28 13:50,05F0287S,05F0309S,42,0,0
2025/11/28 13:50,05F0287S,05F0309S,5,0,0
2025/11/28 13:50,05F0309S,05F0439S,31,480,51
2025/11/28 13:50,05F0309S,05F0439S,32,480,20
2025/11/28 13:50,05F0309S,05F0439S,41,535,6
2025/11/28 13:50,05F0309S,05F0439S,42,489,2
2025/11/28 13:50,05F0309S,05F0439S,5,514,4
2025/11/28 13:50,05F0439S,05F0494S,31,204,42
2025/11/28 13:50,05F0439S,05F0494S,32,209,11
2025/11/28 13:50,05F0439S,05F0494S,41,0,0
2025/11/28 13:50,05F0439S,05F0494S,42,219,3
2025/11/28 13:50,05F0439S,05F0494S,5,217,8
2025/11/28 13:55,05F0000S,05F0055S,31,269,139
2025/11/28 13:55,05F0000S,05F0055S,32,266,42
2025/11/28 13:55,05F0000S,05F0055S,41,270,8
2025/11/28 13:55,05F0000S,05F0055S,42,0,0
2025/11/28 13:55,05F0000S,05F0055S,5,0,0
2025/11/28 13:55,05F0055S,05F0287S,31,1085,148
2025/11/28 13:55,05F0055S,05F0287S,32,1084,51
2025/11/28 13:55,05F0055S,05F0287S,41,1100,1
2025/11/28 13:55,05F0055S,05F0287S,42,0,0
2025/11/28 13:55,05F0055S,05F0287S,5,0,0
2025/11/28 13:55,05F0287S,05F0309S,31,88,99
2025/11/28 13:55,05F0287S,05F0309S,32,91,39
2025/11/28 13:55,05F0287S,05F0309S,41,95,4
2025/11/28 13:55,05F0287S,05F0309S,42,0,0
2025/11/28 13:55,05F0287S,05F0309S,5,0,0
2025/11/28 13:55,05F0309S,05F0439S,31,485,44
2025/11/28 13:55,05F0309S,05F0439S,32,485,18
2025/11/28 13:55,05F0309S,05F0439S,41,508,1
2025/11/28 13:55,05F0309S,05F0439S,42,584,2
2025/11/28 13:55,05F0309S,05F0439S,5,531,3
2025/11/28 13:55,05F0439S,05F0494S,31,192,25
2025/11/28 13:55,05F0439S,05F0494S,32,207,10
2025/11/28 13:55,05F0439S,05F0494S,41,213,2
2025/11/28 13:55,05F0439S,05F0494S,42,219,2
2025/11/28 13:55,05F0439S,05F0494S,5,212,4
2025/11/28 14:00,05F0000S,05F0055S,31,260,111
2025/11/28 14:00,05F0000S,05F0055S,32,258,38
2025/11/28 14:00,05F0000S,05F0055S,41,249,3
2025/11/28 14:00,05F0000S,05F0055S,42,0,0
2025/11/28 14:00,05F0000S,05F0055S,5,0,0
2025/11/28 14:00,05F0055S,05F0287S,31,1051,141
2025/11/28 14:00,05F0055S,05F0287S,32,1056,33
2025/11/28 14:00,05F0055S,05F0287S,41,1069,6
2025/11/28 14:00,05F0055S,05F0287S,42,0,0
2025/11/28 14:00,05F0055S,05F0287S,5,0,0
2025/11/28 14:00,05F0287S,05F0309S,31,88,92
2025/11/28 14:00,05F0287S,05F0309S,32,89,24
2025/11/28 14:00,05F0287S,05F0309S,41,92,4
2025/11/28 14:00,05F0287S,05F0309S,42,0,0
2025/11/28 14:00,05F0287S,05F0309S,5,0,0
2025/11/28 14:00,05F0309S,05F0439S,31,489,64
2025/11/28 14:00,05F0309S,05F0439S,32,494,34
2025/11/28 14:00,05F0309S,05F0439S,41,497,3
2025/11/28 14:00,05F0309S,05F0439S,42,487,2
2025/11/28 14:00,05F0309S,05F0439S,5,530,5
2025/11/28 14:00,05F0439S,05F0494S,31,203,23
2025/11/28 14:00,05F0439S,05F0494S,32,240,4
2025/11/28 14:00,05F0439S,05F0494S,41,0,0
2025/11/28 14:00,05F0439S,05F0494S,42,0,0
2025/11/28 14:00,05F0439S,05F0494S,5,216,3
2025/11/28 14:05,05F0000S,05F0055S,31,253,107
2025/11/28 14:05,05F0000S,05F0055S,32,256,33
2025/11/28 14:05,05F0000S,05F0055S,41,263,1
2025/11/28 14:05,05F0000S,05F0055S,42,0,0
2025/11/28 14:05,05F0000S,05F0055S,5,0,0
2025/11/28 14:05,05F0055S,05F0287S,31,1019,120
2025/11/28 14:05,05F0055S,05F0287S,32,1019,48
2025/11/28 14:05,05F0055S,05F0287S,41,1045,4
2025/11/28 14:05,05F0055S,05F0287S,42,0,0
2025/11/28 14:05,05F0055S,05F0287S,5,0,0
2025/11/28 14:05,05F0287S,05F0309S,31,87,82
2025/11/28 14:05,05F0287S,05F0309S,32,88,29
2025/11/28 14:05,05F0287S,05F0309S,41,663,2
2025/11/28 14:05,05F0287S,05F0309S,42,0,0
2025/11/28 14:05,05F0287S,05F0309S,5,0,0
2025/11/28 14:05,05F0309S,05F0439S,31,489,74
2025/11/28 14:05,05F0309S,05F0439S,32,508,25
2025/11/28 14:05,05F0309S,05F0439S,41,540,2
2025/11/28 14:05,05F0309S,05F0439S,42,534,4
2025/11/28 14:05,05F0309S,05F0439S,5,538,4
2025/11/28 14:05,05F0439S,05F0494S,31,205,25
2025/11/28 14:05,05F0439S,05F0494S,32,209,12
2025/11/28 14:05,05F0439S,05F0494S,41,217,5
2025/11/28 14:05,05F0439S,05F0494S,42,195,2
2025/11/28 14:05,05F0439S,05F0494S,5,214,1
2025/11/28 14:10,05F0000S,05F0055S,31,255,120
2025/11/28 14:10,05F0000S,05F0055S,32,259,39
2025/11/28 14:10,05F0000S,05F0055S,41,265,7
2025/11/28 14:10,05F0000S,05F0055S,42,0,0
2025/11/28 14:10,05F0000S,05F0055S,5,0,0
2025/11/28 14:10,05F0055S,05F0287S,31,1036,126
2025/11/28 14:10,05F0055S,05F0287S,32,1043,30
2025/11/28 14:10,05F0055S,05F0287S,41,1062,4
2025/11/28 14:10,05F0055S,05F0287S,42,0,0
2025/11/28 14:10,05F0055S,05F0287S,5,0,0
2025/11/28 14:10,05F0287S,05F0309S,31,86,75
2025/11/28 14:10,05F0287S,05F0309S,32,87,26
2025/11/28 14:10,05F0287S,05F0309S,41,93,5
2025/11/28 14:10,05F0287S,05F0309S,42,0,0
2025/11/28 14:10,05F0287S,05F0309S,5,0,0
2025/11/28 14:10,05F0309S,05F0439S,31,487,57
2025/11/28 14:10,05F0309S,05F0439S,32,507,9
2025/11/28 14:10,05F0309S,05F0439S,41,518,3
2025/11/28 14:10,05F0309S,05F0439S,42,507,1
2025/11/28 14:10,05F0309S,05F0439S,5,562,5
2025/11/28 14:10,05F0439S,05F0494S,31,200,40
2025/11/28 14:10,05F0439S,05F0494S,32,207,8
2025/11/28 14:10,05F0439S,05F0494S,41,0,0
2025/11/28 14:10,05F0439S,05F0494S,42,231,2
2025/11/28 14:10,05F0439S,05F0494S,5,223,4
2025/11/28 14:15,05F0000S,05F0055S,31,261,131
2025/11/28 14:15,05F0000S,05F0055S,32,261,44
2025/11/28 14:15,05F0000S,05F0055S,41,262,4
2025/11/28 14:15,05F0000S,05F0055S,42,0,0
2025/11/28 14:15,05F0000S,05F0055S,5,0,0
2025/11/28 14:15,05F0055S,05F0287S,31,1091,122
2025/11/28 14:15,05F0055S,05F0287S,32,1098,47
2025/11/28 14:15,05F0055S,05F0287S,41,1118,7
2025/11/28 14:15,05F0055S,05F0287S,42,0,0
2025/11/28 14:15,05F0055S,05F0287S,5,0,0
2025/11/28 14:15,05F0287S,05F0309S,31,86,80
2025/11/28 14:15,05F0287S,05F0309S,32,87,28
2025/11/28 14:15,05F0287S,05F0309S,41,96,6
2025/11/28 14:15,05F0287S,05F0309S,42,0,0
2025/11/28 14:15,05F0287S,05F0309S,5,0,0
2025/11/28 14:15,05F0309S,05F0439S,31,475,62
2025/11/28 14:15,05F0309S,05F0439S,32,483,27
2025/11/28 14:15,05F0309S,05F0439S,41,532,3
2025/11/28 14:15,05F0309S,05F0439S,42,654,1
2025/11/28 14:15,05F0309S,05F0439S,5,513,7
2025/11/28 14:15,05F0439S,05F0494S,31,204,33
2025/11/28 14:15,05F0439S,05F0494S,32,205,6
2025/11/28 14:15,05F0439S,05F0494S,41,222,2
2025/11/28 14:15,05F0439S,05F0494S,42,222,2
2025/11/28 14:15,05F0439S,05F0494S,5,224,5
2025/11/28 14:20,05F0000S,05F0055S,31,271,138
2025/11/28 14:20,05F0000S,05F0055S,32,274,42
2025/11/28 14:20,05F0000S,05F0055S,41,268,4
2025/11/28 14:20,05F0000S,05F0055S,42,0,0
2025/11/28 14:20,05F0000S,05F0055S,5,0,0
2025/11/28 14:20,05F0055S,05F0287S,31,1070,131
2025/11/28 14:20,05F0055S,05F0287S,32,1089,44
2025/11/28 14:20,05F0055S,05F0287S,41,1072,3
2025/11/28 14:20,05F0055S,05F0287S,42,0,0
2025/11/28 14:20,05F0055S,05F0287S,5,0,0
2025/11/28 14:20,05F0287S,05F0309S,31,88,91
2025/11/28 14:20,05F0287S,05F0309S,32,89,32
2025/11/28 14:20,05F0287S,05F0309S,41,91,4
2025/11/28 14:20,05F0287S,05F0309S,42,0,0
2025/11/28 14:20,05F0287S,05F0309S,5,0,0
2025/11/28 14:20,05F0309S,05F0439S,31,480,56
2025/11/28 14:20,05F0309S,05F0439S,32,489,14
2025/11/28 14:20,05F0309S,05F0439S,41,522,3
2025/11/28 14:20,05F0309S,05F0439S,42,0,0
2025/11/28 14:20,05F0309S,05F0439S,5,524,2
2025/11/28 14:20,05F0439S,05F0494S,31,201,24
2025/11/28 14:20,05F0439S,05F0494S,32,212,7
2025/11/28 14:20,05F0439S,05F0494S,41,230,1
2025/11/28 14:20,05F0439S,05F0494S,42,1990,1
2025/11/28 14:20,05F0439S,05F0494S,5,212,4
2025/11/28 14:25,05F0000S,05F0055S,31,265,133
2025/11/28 14:25,05F0000S,05F0055S,32,266,36
2025/11/28 14:25,05F0000S,05F0055S,41,261,2
2025/11/28 14:25,05F0000S,05F0055S,42,0,0
2025/11/28 14:25,05F0000S,05F0055S,5,0,0
2025/11/28 14:25,05F0055S,05F0287S,31,1033,125
2025/11/28 14:25,05F0055S,05F0287S,32,1033,40
2025/11/28 14:25,05F0055S,05F0287S,41,1088,4
2025/11/28 14:25,05F0055S,05F0287S,42,0,0
2025/11/28 14:25,05F0055S,05F0287S,5,0,0
2025/11/28 14:25,05F0287S,05F0309S,31,87,85
2025/11/28 14:25,05F0287S,05F0309S,32,87,28
2025/11/28 14:25,05F0287S,05F0309S,41,100,1
2025/11/28 14:25,05F0287S,05F0309S,42,0,0
2025/11/28 14:25,05F0287S,05F0309S,5,0,0
2025/11/28 14:25,05F0309S,05F0439S,31,474,56
2025/11/28 14:25,05F0309S,05F0439S,32,495,17
2025/11/28 14:25,05F0309S,05F0439S,41,533,3
2025/11/28 14:25,05F0309S,05F0439S,42,504,2
2025/11/28 14:25,05F0309S,05F0439S,5,541,2
2025/11/28 14:25,05F0439S,05F0494S,31,200,27
2025/11/28 14:25,05F0439S,05F0494S,32,206,9
2025/11/28 14:25,05F0439S,05F0494S,41,0,0
2025/11/28 14:25,05F0439S,05F0494S,42,200,1
2025/11/28 14:25,05F0439S,05F0494S,5,199,2
2025/11/28 14:30,05F0000S,05F0055S,31,255,115
2025/11/28 14:30,05F0000S,05F0055S,32,259,40
2025/11/28 14:30,05F0000S,05F0055S,41,260,3
2025/11/28 14:30,05F0000S,05F0055S,42,0,0
2025/11/28 14:30,05F0000S,05F0055S,5,0,0
2025/11/28 14:30,05F0055S,05F0287S,31,1046,126
2025/11/28 14:30,05F0055S,05F0287S,32,1046,46
2025/11/28 14:30,05F0055S,05F0287S,41,1088,7
2025/11/28 14:30,05F0055S,05F0287S,42,0,0
2025/11/28 14:30,05F0055S,05F0287S,5,0,0
2025/11/28 14:30,05F0287S,05F0309S,31,86,76
2025/11/28 14:30,05F0287S,05F0309S,32,91,36
2025/11/28 14:30,05F0287S,05F0309S,41,95,6
2025/11/28 14:30,05F0287S,05F0309S,42,0,0
2025/11/28 14:30,05F0287S,05F0309S,5,0,0
2025/11/28 14:30,05F0309S,05F0439S,31,474,50
2025/11/28 14:30,05F0309S,05F0439S,32,509,24
2025/11/28 14:30,05F0309S,05F0439S,41,534,2
2025/11/28 14:30,05F0309S,05F0439S,42,506,2
2025/11/28 14:30,05F0309S,05F0439S,5,0,0
2025/11/28 14:30,05F0439S,05F0494S,31,207,28
2025/11/28 14:30,05F0439S,05F0494S,32,213,14
2025/11/28 14:30,05F0439S,05F0494S,41,224,1
2025/11/28 14:30,05F0439S,05F0494S,42,241,1
2025/11/28 14:30,05F0439S,05F0494S,5,215,2
2025/11/28 14:35,05F0000S,05F0055S,31,264,116
2025/11/28 14:35,05F0000S,05F0055S,32,275,36
2025/11/28 14:35,05F0000S,05F0055S,41,278,5
2025/11/28 14:35,05F0000S,05F0055S,42,0,0
2025/11/28 14:35,05F0000S,05F0055S,5,0,0
2025/11/28 14:35,05F0055S,05F0287S,31,1057,145
2025/11/28 14:35,05F0055S,05F0287S,32,1056,40
2025/11/28 14:35,05F0055S,05F0287S,41,1037,1
2025/11/28 14:35,05F0055S,05F0287S,42,0,0
2025/11/28 14:35,05F0055S,05F0287S,5,0,0
2025/11/28 14:35,05F0287S,05F0309S,31,86,88
2025/11/28 14:35,05F0287S,05F0309S,32,89,28
2025/11/28 14:35,05F0287S,05F0309S,41,95,3
2025/11/28 14:35,05F0287S,05F0309S,42,0,0
2025/11/28 14:35,05F0287S,05F0309S,5,0,0
2025/11/28 14:35,05F0309S,05F0439S,31,485,59
2025/11/28 14:35,05F0309S,05F0439S,32,505,17
2025/11/28 14:35,05F0309S,05F0439S,41,518,4
2025/11/28 14:35,05F0309S,05F0439S,42,519,2
2025/11/28 14:35,05F0309S,05F0439S,5,516,3
2025/11/28 14:35,05F0439S,05F0494S,31,204,29
2025/11/28 14:35,05F0439S,05F0494S,32,207,15
2025/11/28 14:35,05F0439S,05F0494S,41,0,0
2025/11/28 14:35,05F0439S,05F0494S,42,0,0
2025/11/28 14:35,05F0439S,05F0494S,5,205,3
2025/11/28 14:40,05F0000S,05F0055S,31,262,124
2025/11/28 14:40,05F0000S,05F0055S,32,260,38
2025/11/28 14:40,05F0000S,05F0055S,41,287,4
2025/11/28 14:40,05F0000S,05F0055S,42,0,0
2025/11/28 14:40,05F0000S,05F0055S,5,0,0
2025/11/28 14:40,05F0055S,05F0287S,31,1076,140
2025/11/28 14:40,05F0055S,05F0287S,32,1080,51
2025/11/28 14:40,05F0055S,05F0287S,41,1099,3
2025/11/28 14:40,05F0055S,05F0287S,42,0,0
2025/11/28 14:40,05F0055S,05F0287S,5,0,0
2025/11/28 14:40,05F0287S,05F0309S,31,87,86
2025/11/28 14:40,05F0287S,05F0309S,32,87,34
2025/11/28 14:40,05F0287S,05F0309S,41,96,1
2025/11/28 14:40,05F0287S,05F0309S,42,0,0
2025/11/28 14:40,05F0287S,05F0309S,5,0,0
2025/11/28 14:40,05F0309S,05F0439S,31,494,61
2025/11/28 14:40,05F0309S,05F0439S,32,517,22
2025/11/28 14:40,05F0309S,05F0439S,41,530,5
2025/11/28 14:40,05F0309S,05F0439S,42,529,2
2025/11/28 14:40,05F0309S,05F0439S,5,490,3
2025/11/28 14:40,05F0439S,05F0494S,31,196,19
2025/11/28 14:40,05F0439S,05F0494S,32,211,6
2025/11/28 14:40,05F0439S,05F0494S,41,214,1
2025/11/28 14:40,05F0439S,05F0494S,42,0,0
2025/11/28 14:40,05F0439S,05F0494S,5,214,3
2025/11/28 14:45,05F0000S,05F0055S,31,286,146
2025/11/28 14:45,05F0000S,05F0055S,32,287,51
2025/11/28 14:45,05F0000S,05F0055S,41,283,7
2025/11/28 14:45,05F0000S,05F0055S,42,277,1
2025/11/28 14:45,05F0000S,05F0055S,5,1010,2
2025/11/28 14:45,05F0055S,05F0287S,31,1056,132
2025/11/28 14:45,05F0055S,05F0287S,32,1051,46
2025/11/28 14:45,05F0055S,05F0287S,41,1076,4
2025/11/28 14:45,05F0055S,05F0287S,42,0,0
2025/11/28 14:45,05F0055S,05F0287S,5,0,0
2025/11/28 14:45,05F0287S,05F0309S,31,88,92
2025/11/28 14:45,05F0287S,05F0309S,32,88,37
2025/11/28 14:45,05F0287S,05F0309S,41,93,3
2025/11/28 14:45,05F0287S,05F0309S,42,0,0
2025/11/28 14:45,05F0287S,05F0309S,5,0,0
2025/11/28 14:45,05F0309S,05F0439S,31,467,56
2025/11/28 14:45,05F0309S,05F0439S,32,485,18
2025/11/28 14:45,05F0309S,05F0439S,41,534,1
2025/11/28 14:45,05F0309S,05F0439S,42,518,2
2025/11/28 14:45,05F0309S,05F0439S,5,0,0
2025/11/28 14:45,05F0439S,05F0494S,31,189,26
2025/11/28 14:45,05F0439S,05F0494S,32,203,6
2025/11/28 14:45,05F0439S,05F0494S,41,0,0
2025/11/28 14:45,05F0439S,05F0494S,42,209,2
2025/11/28 14:45,05F0439S,05F0494S,5,204,2
2025/11/28 14:50,05F0000S,05F0055S,31,281,138
2025/11/28 14:50,05F0000S,05F0055S,32,283,47
2025/11/28 14:50,05F0000S,05F0055S,41,269,5
2025/11/28 14:50,05F0000S,05F0055S,42,0,0
2025/11/28 14:50,05F0000S,05F0055S,5,0,0
2025/11/28 14:50,05F0055S,05F0287S,31,1027,143
2025/11/28 14:50,05F0055S,05F0287S,32,1040,26
2025/11/28 14:50,05F0055S,05F0287S,41,1045,5
2025/11/28 14:50,05F0055S,05F0287S,42,0,0
2025/11/28 14:50,05F0055S,05F0287S,5,0,0
2025/11/28 14:50,05F0287S,05F0309S,31,87,98
2025/11/28 14:50,05F0287S,05F0309S,32,87,25
2025/11/28 14:50,05F0287S,05F0309S,41,94,5
2025/11/28 14:50,05F0287S,05F0309S,42,0,0
2025/11/28 14:50,05F0287S,05F0309S,5,0,0
2025/11/28 14:50,05F0309S,05F0439S,31,477,70
2025/11/28 14:50,05F0309S,05F0439S,32,490,29
2025/11/28 14:50,05F0309S,05F0439S,41,0,0
2025/11/28 14:50,05F0309S,05F0439S,42,540,1
2025/11/28 14:50,05F0309S,05F0439S,5,520,2
2025/11/28 14:50,05F0439S,05F0494S,31,207,32
2025/11/28 14:50,05F0439S,05F0494S,32,211,8
2025/11/28 14:50,05F0439S,05F0494S,41,0,0
2025/11/28 14:50,05F0439S,05F0494S,42,224,1
2025/11/28 14:50,05F0439S,05F0494S,5,204,3
2025/11/28 14:55,05F0000S,05F0055S,31,267,131
2025/11/28 14:55,05F0000S,05F0055S,32,267,43
2025/11/28 14:55,05F0000S,05F0055S,41,270,6
2025/11/28 14:55,05F0000S,05F0055S,42,0,0
2025/11/28 14:55,05F0000S,05F0055S,5,0,0
2025/11/28 14:55,05F0055S,05F0287S,31,1055,106
2025/11/28 14:55,05F0055S,05F0287S,32,1060,40
2025/11/28 14:55,05F0055S,05F0287S,41,1065,1
2025/11/28 14:55,05F0055S,05F0287S,42,0,0
2025/11/28 14:55,05F0055S,05F0287S,5,0,0
2025/11/28 14:55,05F0287S,05F0309S,31,86,73
2025/11/28 14:55,05F0287S,05F0309S,32,89,29
2025/11/28 14:55,05F0287S,05F0309S,41,91,2
2025/11/28 14:55,05F0287S,05F0309S,42,0,0
2025/11/28 14:55,05F0287S,05F0309S,5,0,0
2025/11/28 14:55,05F0309S,05F0439S,31,477,61
2025/11/28 14:55,05F0309S,05F0439S,32,473,24
2025/11/28 14:55,05F0309S,05F0439S,41,515,3
2025/11/28 14:55,05F0309S,05F0439S,42,528,2
2025/11/28 14:55,05F0309S,05F0439S,5,503,5
2025/11/28 14:55,05F0439S,05F0494S,31,205,28
2025/11/28 14:55,05F0439S,05F0494S,32,199,19
2025/11/28 14:55,05F0439S,05F0494S,41,0,0
2025/11/28 14:55,05F0439S,05F0494S,42,211,1
2025/11/28 14:55,05F0439S,05F0494S,5,207,3
2025/11/28 15:00,05F0000S,05F0055S,31,254,123
2025/11/28 15:00,05F0000S,05F0055S,32,255,47
2025/11/28 15:00,05F0000S,05F0055S,41,271,3
2025/11/28 15:00,05F0000S,05F0055S,42,257,1
2025/11/28 15:00,05F0000S,05F0055S,5,0,0
2025/11/28 15:00,05F0055S,05F0287S,31,1079,138
2025/11/28 15:00,05F0055S,05F0287S,32,1086,44
2025/11/28 15:00,05F0055S,05F0287S,41,1101,7
2025/11/28 15:00,05F0055S,05F0287S,42,0,0
2025/11/28 15:00,05F0055S,05F0287S,5,0,0
2025/11/28 15:00,05F0287S,05F0309S,31,88,85
2025/11/28 15:00,05F0287S,05F0309S,32,90,24
2025/11/28 15:00,05F0287S,05F0309S,41,94,2
2025/11/28 15:00,05F0287S,05F0309S,42,0,0
2025/11/28 15:00,05F0287S,05F0309S,5,0,0
2025/11/28 15:00,05F0309S,05F0439S,31,481,67
2025/11/28 15:00,05F0309S,05F0439S,32,472,15
2025/11/28 15:00,05F0309S,05F0439S,41,522,3
2025/11/28 15:00,05F0309S,05F0439S,42,0,0
2025/11/28 15:00,05F0309S,05F0439S,5,515,2
2025/11/28 15:00,05F0439S,05F0494S,31,198,25
2025/11/28 15:00,05F0439S,05F0494S,32,199,11
2025/11/28 15:00,05F0439S,05F0494S,41,0,0
2025/11/28 15:00,05F0439S,05F0494S,42,245,1
2025/11/28 15:00,05F0439S,05F0494S,5,206,6
2025/11/28 15:05,05F0000S,05F0055S,31,261,128
2025/11/28 15:05,05F0000S,05F0055S,32,269,40
2025/11/28 15:05,05F0000S,05F0055S,41,270,2
2025/11/28 15:05,05F0000S,05F0055S,42,0,0
2025/11/28 15:05,05F0000S,05F0055S,5,0,0
2025/11/28 15:05,05F0055S,05F0287S,31,1097,151
2025/11/28 15:05,05F0055S,05F0287S,32,1095,51
2025/11/28 15:05,05F0055S,05F0287S,41,1125,6
2025/11/28 15:05,05F0055S,05F0287S,42,0,0
2025/11/28 15:05,05F0055S,05F0287S,5,1144,2
2025/11/28 15:05,05F0287S,05F0309S,31,86,99
2025/11/28 15:05,05F0287S,05F0309S,32,89,34
2025/11/28 15:05,05F0287S,05F0309S,41,99,4
2025/11/28 15:05,05F0287S,05F0309S,42,0,0
2025/11/28 15:05,05F0287S,05F0309S,5,96,2
2025/11/28 15:05,05F0309S,05F0439S,31,484,47
2025/11/28 15:05,05F0309S,05F0439S,32,488,24
2025/11/28 15:05,05F0309S,05F0439S,41,531,1
2025/11/28 15:05,05F0309S,05F0439S,42,517,2
2025/11/28 15:05,05F0309S,05F0439S,5,494,4
2025/11/28 15:05,05F0439S,05F0494S,31,195,26
2025/11/28 15:05,05F0439S,05F0494S,32,225,7
2025/11/28 15:05,05F0439S,05F0494S,41,0,0
2025/11/28 15:05,05F0439S,05F0494S,42,0,0
2025/11/28 15:05,05F0439S,05F0494S,5,210,4
2025/11/28 15:10,05F0000S,05F0055S,31,280,139
2025/11/28 15:10,05F0000S,05F0055S,32,283,45
2025/11/28 15:10,05F0000S,05F0055S,41,286,8
2025/11/28 15:10,05F0000S,05F0055S,42,0,0
2025/11/28 15:10,05F0000S,05F0055S,5,0,0
2025/11/28 15:10,05F0055S,05F0287S,31,1124,131
2025/11/28 15:10,05F0055S,05F0287S,32,1113,45
2025/11/28 15:10,05F0055S,05F0287S,41,1104,9
2025/11/28 15:10,05F0055S,05F0287S,42,0,0
2025/11/28 15:10,05F0055S,05F0287S,5,0,0
2025/11/28 15:10,05F0287S,05F0309S,31,88,87
2025/11/28 15:10,05F0287S,05F0309S,32,87,34
2025/11/28 15:10,05F0287S,05F0309S,41,95,8
2025/11/28 15:10,05F0287S,05F0309S,42,0,0
2025/11/28 15:10,05F0287S,05F0309S,5,0,0
2025/11/28 15:10,05F0309S,05F0439S,31,484,61
2025/11/28 15:10,05F0309S,05F0439S,32,492,18
2025/11/28 15:10,05F0309S,05F0439S,41,515,1
2025/11/28 15:10,05F0309S,05F0439S,42,484,1
2025/11/28 15:10,05F0309S,05F0439S,5,498,2
2025/11/28 15:10,05F0439S,05F0494S,31,214,23
2025/11/28 15:10,05F0439S,05F0494S,32,213,9
2025/11/28 15:10,05F0439S,05F0494S,41,0,0
2025/11/28 15:10,05F0439S,05F0494S,42,213,1
2025/11/28 15:10,05F0439S,05F0494S,5,213,3
2025/11/28 15:15,05F0000S,05F0055S,31,285,165
2025/11/28 15:15,05F0000S,05F0055S,32,286,40
2025/11/28 15:15,05F0000S,05F0055S,41,284,10
2025/11/28 15:15,05F0000S,05F0055S,42,0,0
2025/11/28 15:15,05F0000S,05F0055S,5,0,0
2025/11/28 15:15,05F0055S,05F0287S,31,1127,138
2025/11/28 15:15,05F0055S,05F0287S,32,1117,49
2025/11/28 15:15,05F0055S,05F0287S,41,1137,1
2025/11/28 15:15,05F0055S,05F0287S,42,0,0
2025/11/28 15:15,05F0055S,05F0287S,5,0,0
2025/11/28 15:15,05F0287S,05F0309S,31,87,90
2025/11/28 15:15,05F0287S,05F0309S,32,90,33
2025/11/28 15:15,05F0287S,05F0309S,41,93,4
2025/11/28 15:15,05F0287S,05F0309S,42,0,0
2025/11/28 15:15,05F0287S,05F0309S,5,0,0
2025/11/28 15:15,05F0309S,05F0439S,31,477,64
2025/11/28 15:15,05F0309S,05F0439S,32,497,29
2025/11/28 15:15,05F0309S,05F0439S,41,545,2
2025/11/28 15:15,05F0309S,05F0439S,42,491,2
2025/11/28 15:15,05F0309S,05F0439S,5,518,4
2025/11/28 15:15,05F0439S,05F0494S,31,200,32
2025/11/28 15:15,05F0439S,05F0494S,32,208,13
2025/11/28 15:15,05F0439S,05F0494S,41,0,0
2025/11/28 15:15,05F0439S,05F0494S,42,283,2
2025/11/28 15:15,05F0439S,05F0494S,5,207,1
2025/11/28 15:20,05F0000S,05F0055S,31,283,131
2025/11/28 15:20,05F0000S,05F0055S,32,289,47
2025/11/28 15:20,05F0000S,05F0055S,41,277,10
2025/11/28 15:20,05F0000S,05F0055S,42,0,0
2025/11/28 15:20,05F0000S,05F0055S,5,0,0
2025/11/28 15:20,05F0055S,05F0287S,31,1128,142
2025/11/28 15:20,05F0055S,05F0287S,32,1099,50
2025/11/28 15:20,05F0055S,05F0287S,41,1101,3
2025/11/28 15:20,05F0055S,05F0287S,42,0,0
2025/11/28 15:20,05F0055S,05F0287S,5,0,0
2025/11/28 15:20,05F0287S,05F0309S,31,87,104
2025/11/28 15:20,05F0287S,05F0309S,32,89,37
2025/11/28 15:20,05F0287S,05F0309S,41,622,2
2025/11/28 15:20,05F0287S,05F0309S,42,0,0
2025/11/28 15:20,05F0287S,05F0309S,5,0,0
2025/11/28 15:20,05F0309S,05F0439S,31,472,68
2025/11/28 15:20,05F0309S,05F0439S,32,490,15
2025/11/28 15:20,05F0309S,05F0439S,41,530,4
2025/11/28 15:20,05F0309S,05F0439S,42,0,0
2025/11/28 15:20,05F0309S,05F0439S,5,514,3
2025/11/28 15:20,05F0439S,05F0494S,31,210,22
2025/11/28 15:20,05F0439S,05F0494S,32,202,8
2025/11/28 15:20,05F0439S,05F0494S,41,234,1
2025/11/28 15:20,05F0439S,05F0494S,42,175,1
2025/11/28 15:20,05F0439S,05F0494S,5,234,3
2025/11/28 15:25,05F0000S,05F0055S,31,269,148
2025/11/28 15:25,05F0000S,05F0055S,32,269,44
2025/11/28 15:25,05F0000S,05F0055S,41,275,6
2025/11/28 15:25,05F0000S,05F0055S,42,0,0
2025/11/28 15:25,05F0000S,05F0055S,5,0,0
2025/11/28 15:25,05F0055S,05F0287S,31,1097,151
2025/11/28 15:25,05F0055S,05F0287S,32,1109,51
2025/11/28 15:25,05F0055S,05F0287S,41,1065,4
2025/11/28 15:25,05F0055S,05F0287S,42,0,0
2025/11/28 15:25,05F0055S,05F0287S,5,0,0
2025/11/28 15:25,05F0287S,05F0309S,31,89,96
2025/11/28 15:25,05F0287S,05F0309S,32,92,36
2025/11/28 15:25,05F0287S,05F0309S,41,99,3
2025/11/28 15:25,05F0287S,05F0309S,42,0,0
2025/11/28 15:25,05F0287S,05F0309S,5,0,0
2025/11/28 15:25,05F0309S,05F0439S,31,482,72
2025/11/28 15:25,05F0309S,05F0439S,32,497,27
2025/11/28 15:25,05F0309S,05F0439S,41,541,1
2025/11/28 15:25,05F0309S,05F0439S,42,525,2
2025/11/28 15:25,05F0309S,05F0439S,5,512,5
2025/11/28 15:25,05F0439S,05F0494S,31,195,32
2025/11/28 15:25,05F0439S,05F0494S,32,210,12
2025/11/28 15:25,05F0439S,05F0494S,41,221,1
2025/11/28 15:25,05F0439S,05F0494S,42,0,0
2025/11/28 15:25,05F0439S,05F0494S,5,212,4
2025/11/28 15:30,05F0000S,05F0055S,31,270,146
2025/11/28 15:30,05F0000S,05F0055S,32,267,44
2025/11/28 15:30,05F0000S,05F0055S,41,269,7
2025/11/28 15:30,05F0000S,05F0055S,42,0,0
2025/11/28 15:30,05F0000S,05F0055S,5,0,0
2025/11/28 15:30,05F0055S,05F0287S,31,1083,120
2025/11/28 15:30,05F0055S,05F0287S,32,1089,33
2025/11/28 15:30,05F0055S,05F0287S,41,1106,6
2025/11/28 15:30,05F0055S,05F0287S,42,0,0
2025/11/28 15:30,05F0055S,05F0287S,5,0,0
2025/11/28 15:30,05F0287S,05F0309S,31,90,95
2025/11/28 15:30,05F0287S,05F0309S,32,91,29
2025/11/28 15:30,05F0287S,05F0309S,41,95,6
2025/11/28 15:30,05F0287S,05F0309S,42,0,0
2025/11/28 15:30,05F0287S,05F0309S,5,0,0
2025/11/28 15:30,05F0309S,05F0439S,31,486,60
2025/11/28 15:30,05F0309S,05F0439S,32,494,24
2025/11/28 15:30,05F0309S,05F0439S,41,511,2
2025/11/28 15:30,05F0309S,05F0439S,42,534,2
2025/11/28 15:30,05F0309S,05F0439S,5,531,2
2025/11/28 15:30,05F0439S,05F0494S,31,203,19
2025/11/28 15:30,05F0439S,05F0494S,32,198,18
2025/11/28 15:30,05F0439S,05F0494S,41,213,1
2025/11/28 15:30,05F0439S,05F0494S,42,0,0
2025/11/28 15:30,05F0439S,05F0494S,5,200,2
2025/11/28 15:35,05F0000S,05F0055S,31,271,141
2025/11/28 15:35,05F0000S,05F0055S,32,271,44
2025/11/28 15:35,05F0000S,05F0055S,41,276,6
2025/11/28 15:35,05F0000S,05F0055S,42,0,0
2025/11/28 15:35,05F0000S,05F0055S,5,0,0
2025/11/28 15:35,05F0055S,05F0287S,31,1145,162
2025/11/28 15:35,05F0055S,05F0287S,32,1157,41
2025/11/28 15:35,05F0055S,05F0287S,41,1171,16
2025/11/28 15:35,05F0055S,05F0287S,42,0,0
2025/11/28 15:35,05F0055S,05F0287S,5,0,0
2025/11/28 15:35,05F0287S,05F0309S,31,88,82
2025/11/28 15:35,05F0287S,05F0309S,32,90,21
2025/11/28 15:35,05F0287S,05F0309S,41,93,8
2025/11/28 15:35,05F0287S,05F0309S,42,0,0
2025/11/28 15:35,05F0287S,05F0309S,5,0,0
2025/11/28 15:35,05F0309S,05F0439S,31,482,67
2025/11/28 15:35,05F0309S,05F0439S,32,486,21
2025/11/28 15:35,05F0309S,05F0439S,41,524,2
2025/11/28 15:35,05F0309S,05F0439S,42,0,0
2025/11/28 15:35,05F0309S,05F0439S,5,514,4
2025/11/28 15:35,05F0439S,05F0494S,31,203,27
2025/11/28 15:35,05F0439S,05F0494S,32,189,8
2025/11/28 15:35,05F0439S,05F0494S,41,0,0
2025/11/28 15:35,05F0439S,05F0494S,42,216,1
2025/11/28 15:35,05F0439S,05F0494S,5,216,4
2025/11/28 15:40,05F0000S,05F0055S,31,264,120
2025/11/28 15:40,05F0000S,05F0055S,32,268,43
2025/11/28 15:40,05F0000S,05F0055S,41,274,5
2025/11/28 15:40,05F0000S,05F0055S,42,0,0
2025/11/28 15:40,05F0000S,05F0055S,5,0,0
2025/11/28 15:40,05F0055S,05F0287S,31,1168,137
2025/11/28 15:40,05F0055S,05F0287S,32,1174,45
2025/11/28 15:40,05F0055S,05F0287S,41,1153,7
2025/11/28 15:40,05F0055S,05F0287S,42,0,0
2025/11/28 15:40,05F0055S,05F0287S,5,0,0
2025/11/28 15:40,05F0287S,05F0309S,31,88,97
2025/11/28 15:40,05F0287S,05F0309S,32,89,28
2025/11/28 15:40,05F0287S,05F0309S,41,94,10
2025/11/28 15:40,05F0287S,05F0309S,42,0,0
2025/11/28 15:40,05F0287S,05F0309S,5,0,0
2025/11/28 15:40,05F0309S,05F0439S,31,481,48
2025/11/28 15:40,05F0309S,05F0439S,32,500,10
2025/11/28 15:40,05F0309S,05F0439S,41,531,4
2025/11/28 15:40,05F0309S,05F0439S,42,0,0
2025/11/28 15:40,05F0309S,05F0439S,5,519,7
2025/11/28 15:40,05F0439S,05F0494S,31,199,21
2025/11/28 15:40,05F0439S,05F0494S,32,205,6
2025/11/28 15:40,05F0439S,05F0494S,41,227,2
2025/11/28 15:40,05F0439S,05F0494S,42,367,1
2025/11/28 15:40,05F0439S,05F0494S,5,217,1
2025/11/28 15:45,05F0000S,05F0055S,31,271,160
2025/11/28 15:45,05F0000S,05F0055S,32,272,33
2025/11/28 15:45,05F0000S,05F0055S,41,266,5
2025/11/28 15:45,05F0000S,05F0055S,42,0,0
2025/11/28 15:45,05F0000S,05F0055S,5,0,0
2025/11/28 15:45,05F0055S,05F0287S,31,1177,152
2025/11/28 15:45,05F0055S,05F0287S,32,1171,50
2025/11/28 15:45,05F0055S,05F0287S,41,1166,6
2025/11/28 15:45,05F0055S,05F0287S,42,0,0
2025/11/28 15:45,05F0055S,05F0287S,5,0,0
2025/11/28 15:45,05F0287S,05F0309S,31,89,96
2025/11/28 15:45,05F0287S,05F0309S,32,90,39
2025/11/28 15:45,05F0287S,05F0309S,41,96,5
2025/11/28 15:45,05F0287S,05F0309S,42,0,0
2025/11/28 15:45,05F0287S,05F0309S,5,0,0
2025/11/28 15:45,05F0309S,05F0439S,31,473,62
2025/11/28 15:45,05F0309S,05F0439S,32,469,19
2025/11/28 15:45,05F0309S,05F0439S,41,524,6
2025/11/28 15:45,05F0309S,05F0439S,42,492,1
2025/11/28 15:45,05F0309S,05F0439S,5,536,3
2025/11/28 15:45,05F0439S,05F0494S,31,204,24
2025/11/28 15:45,05F0439S,05F0494S,32,198,5
2025/11/28 15:45,05F0439S,05F0494S,41,219,1
2025/11/28 15:45,05F0439S,05F0494S,42,0,0
2025/11/28 15:45,05F0439S,05F0494S,5,205,7
2025/11/28 15:50,05F0000S,05F0055S,31,259,122
2025/11/28 15:50,05F0000S,05F0055S,32,261,47
2025/11/28 15:50,05F0000S,05F0055S,41,260,4
2025/11/28 15:50,05F0000S,05F0055S,42,0,0
2025/11/28 15:50,05F0000S,05F0055S,5,0,0
2025/11/28 15:50,05F0055S,05F0287S,31,1175,147
2025/11/28 15:50,05F0055S,05F0287S,32,1175,46
2025/11/28 15:50,05F0055S,05F0287S,41,1174,7
2025/11/28 15:50,05F0055S,05F0287S,42,1177,1
2025/11/28 15:50,05F0055S,05F0287S,5,0,0
2025/11/28 15:50,05F0287S,05F0309S,31,89,95
2025/11/28 15:50,05F0287S,05F0309S,32,90,36
2025/11/28 15:50,05F0287S,05F0309S,41,91,2
2025/11/28 15:50,05F0287S,05F0309S,42,86,1
2025/11/28 15:50,05F0287S,05F0309S,5,0,0
2025/11/28 15:50,05F0309S,05F0439S,31,473,64
2025/11/28 15:50,05F0309S,05F0439S,32,495,26
2025/11/28 15:50,05F0309S,05F0439S,41,540,2
2025/11/28 15:50,05F0309S,05F0439S,42,582,3
2025/11/28 15:50,05F0309S,05F0439S,5,503,6
2025/11/28 15:50,05F0439S,05F0494S,31,202,30
2025/11/28 15:50,05F0439S,05F0494S,32,208,10
2025/11/28 15:50,05F0439S,05F0494S,41,226,1
2025/11/28 15:50,05F0439S,05F0494S,42,0,0
2025/11/28 15:50,05F0439S,05F0494S,5,210,5
2025/11/28 15:55,05F0000S,05F0055S,31,264,137
2025/11/28 15:55,05F0000S,05F0055S,32,264,42
2025/11/28 15:55,05F0000S,05F0055S,41,277,6
2025/11/28 15:55,05F0000S,05F0055S,42,0,0
2025/11/28 15:55,05F0000S,05F0055S,5,0,0
2025/11/28 15:55,05F0055S,05F0287S,31,1161,156
2025/11/28 15:55,05F0055S,05F0287S,32,1160,52
2025/11/28 15:55,05F0055S,05F0287S,41,1174,6
2025/11/28 15:55,05F0055S,05F0287S,42,0,0
2025/11/28 15:55,05F0055S,05F0287S,5,0,0
2025/11/28 15:55,05F0287S,05F0309S,31,88,110
2025/11/28 15:55,05F0287S,05F0309S,32,89,34
2025/11/28 15:55,05F0287S,05F0309S,41,93,6
2025/11/28 15:55,05F0287S,05F0309S,42,0,0
2025/11/28 15:55,05F0287S,05F0309S,5,0,0
2025/11/28 15:55,05F0309S,05F0439S,31,483,52
2025/11/28 15:55,05F0309S,05F0439S,32,493,23
2025/11/28 15:55,05F0309S,05F0439S,41,535,4
2025/11/28 15:55,05F0309S,05F0439S,42,0,0
2025/11/28 15:55,05F0309S,05F0439S,5,540,2
2025/11/28 15:55,05F0439S,05F0494S,31,206,23
2025/11/28 15:55,05F0439S,05F0494S,32,211,17
2025/11/28 15:55,05F0439S,05F0494S,41,0,0
2025/11/28 15:55,05F0439S,05F0494S,42,246,3
2025/11/28 15:55,05F0439S,05F0494S,5,210,3
2025/11/28 16:00,05F0000S,05F0055S,31,266,145
2025/11/28 16:00,05F0000S,05F0055S,32,260,46
2025/11/28 16:00,05F0000S,05F0055S,41,260,9
2025/11/28 16:00,05F0000S,05F0055S,42,0,0
2025/11/28 16:00,05F0000S,05F0055S,5,0,0
2025/11/28 16:00,05F0055S,05F0287S,31,1146,134
2025/11/28 16:00,05F0055S,05F0287S,32,1147,50
2025/11/28 16:00,05F0055S,05F0287S,41,1125,7
2025/11/28 16:00,05F0055S,05F0287S,42,0,0
2025/11/28 16:00,05F0055S,05F0287S,5,0,0
2025/11/28 16:00,05F0287S,05F0309S,31,89,91
2025/11/28 16:00,05F0287S,05F0309S,32,90,34
2025/11/28 16:00,05F0287S,05F0309S,41,99,4
2025/11/28 16:00,05F0287S,05F0309S,42,0,0
2025/11/28 16:00,05F0287S,05F0309S,5,0,0
2025/11/28 16:00,05F0309S,05F0439S,31,488,65
2025/11/28 16:00,05F0309S,05F0439S,32,489,31
2025/11/28 16:00,05F0309S,05F0439S,41,533,2
2025/11/28 16:00,05F0309S,05F0439S,42,509,2
2025/11/28 16:00,05F0309S,05F0439S,5,500,6
2025/11/28 16:00,05F0439S,05F0494S,31,206,18
2025/11/28 16:00,05F0439S,05F0494S,32,217,11
2025/11/28 16:00,05F0439S,05F0494S,41,0,0
2025/11/28 16:00,05F0439S,05F0494S,42,182,1
2025/11/28 16:00,05F0439S,05F0494S,5,207,3
2025/11/28 16:05,05F0000S,05F0055S,31,259,134
2025/11/28 16:05,05F0000S,05F0055S,32,259,37
2025/11/28 16:05,05F0000S,05F0055S,41,267,9
2025/11/28 16:05,05F0000S,05F0055S,42,0,0
2025/11/28 16:05,05F0000S,05F0055S,5,0,0
2025/11/28 16:05,05F0055S,05F0287S,31,1127,178
2025/11/28 16:05,05F0055S,05F0287S,32,1129,40
2025/11/28 16:05,05F0055S,05F0287S,41,1127,4
2025/11/28 16:05,05F0055S,05F0287S,42,0,0
2025/11/28 16:05,05F0055S,05F0287S,5,0,0
2025/11/28 16:05,05F0287S,05F0309S,31,91,117
2025/11/28 16:05,05F0287S,05F0309S,32,92,28
2025/11/28 16:05,05F0287S,05F0309S,41,101,7
2025/11/28 16:05,05F0287S,05F0309S,42,0,0
2025/11/28 16:05,05F0287S,05F0309S,5,0,0
2025/11/28 16:05,05F0309S,05F0439S,31,485,58
2025/11/28 16:05,05F0309S,05F0439S,32,492,21
2025/11/28 16:05,05F0309S,05F0439S,41,541,2
2025/11/28 16:05,05F0309S,05F0439S,42,0,0
2025/11/28 16:05,05F0309S,05F0439S,5,549,3
2025/11/28 16:05,05F0439S,05F0494S,31,207,27
2025/11/28 16:05,05F0439S,05F0494S,32,213,8
2025/11/28 16:05,05F0439S,05F0494S,41,0,0
2025/11/28 16:05,05F0439S,05F0494S,42,233,1
2025/11/28 16:05,05F0439S,05F0494S,5,213,3
2025/11/28 16:10,05F0000S,05F0055S,31,276,125
2025/11/28 16:10,05F0000S,05F0055S,32,275,55
2025/11/28 16:10,05F0000S,05F0055S,41,279,11
2025/11/28 16:10,05F0000S,05F0055S,42,261,1
2025/11/28 16:10,05F0000S,05F0055S,5,0,0
2025/11/28 16:10,05F0055S,05F0287S,31,1129,127
2025/11/28 16:10,05F0055S,05F0287S,32,1119,49
2025/11/28 16:10,05F0055S,05F0287S,41,1100,4
2025/11/28 16:10,05F0055S,05F0287S,42,0,0
2025/11/28 16:10,05F0055S,05F0287S,5,0,0
2025/11/28 16:10,05F0287S,05F0309S,31,90,93
2025/11/28 16:10,05F0287S,05F0309S,32,89,38
2025/11/28 16:10,05F0287S,05F0309S,41,94,4
2025/11/28 16:10,05F0287S,05F0309S,42,0,0
2025/11/28 16:10,05F0287S,05F0309S,5,0,0
2025/11/28 16:10,05F0309S,05F0439S,31,495,53
2025/11/28 16:10,05F0309S,05F0439S,32,479,23
2025/11/28 16:10,05F0309S,05F0439S,41,538,3
2025/11/28 16:10,05F0309S,05F0439S,42,581,1
2025/11/28 16:10,05F0309S,05F0439S,5,563,3
2025/11/28 16:10,05F0439S,05F0494S,31,204,20
2025/11/28 16:10,05F0439S,05F0494S,32,207,11
2025/11/28 16:10,05F0439S,05F0494S,41,211,1
2025/11/28 16:10,05F0439S,05F0494S,42,0,0
2025/11/28 16:10,05F0439S,05F0494S,5,221,7
2025/11/28 16:15,05F0000S,05F0055S,31,266,145
2025/11/28 16:15,05F0000S,05F0055S,32,268,45
2025/11/28 16:15,05F0000S,05F0055S,41,269,7
2025/11/28 16:15,05F0000S,05F0055S,42,0,0
2025/11/28 16:15,05F0000S,05F0055S,5,0,0
2025/11/28 16:15,05F0055S,05F0287S,31,1132,149
2025/11/28 16:15,05F0055S,05F0287S,32,1131,45
2025/11/28 16:15,05F0055S,05F0287S,41,1141,9
2025/11/28 16:15,05F0055S,05F0287S,42,0,0
2025/11/28 16:15,05F0055S,05F0287S,5,0,0
2025/11/28 16:15,05F0287S,05F0309S,31,87,89
2025/11/28 16:15,05F0287S,05F0309S,32,90,36
2025/11/28 16:15,05F0287S,05F0309S,41,84,1
2025/11/28 16:15,05F0287S,05F0309S,42,0,0
2025/11/28 16:15,05F0287S,05F0309S,5,0,0
2025/11/28 16:15,05F0309S,05F0439S,31,483,79
2025/11/28 16:15,05F0309S,05F0439S,32,508,29
2025/11/28 16:15,05F0309S,05F0439S,41,523,4
2025/11/28 16:15,05F0309S,05F0439S,42,546,2
2025/11/28 16:15,05F0309S,05F0439S,5,516,3
2025/11/28 16:15,05F0439S,05F0494S,31,203,22
2025/11/28 16:15,05F0439S,05F0494S,32,221,5
2025/11/28 16:15,05F0439S,05F0494S,41,234,1
2025/11/28 16:15,05F0439S,05F0494S,42,0,0
2025/11/28 16:15,05F0439S,05F0494S,5,229,4
2025/11/28 16:20,05F0000S,05F0055S,31,250,126
2025/11/28 16:20,05F0000S,05F0055S,32,251,36
2025/11/28 16:20,05F0000S,05F0055S,41,264,6
2025/11/28 16:20,05F0000S,05F0055S,42,0,0
2025/11/28 16:20,05F0000S,05F0055S,5,0,0
2025/11/28 16:20,05F0055S,05F0287S,31,1142,161
2025/11/28 16:20,05F0055S,05F0287S,32,1133,47
2025/11/28 16:20,05F0055S,05F0287S,41,1129,10
2025/11/28 16:20,05F0055S,05F0287S,42,0,0
2025/11/28 16:20,05F0055S,05F0287S,5,0,0
2025/11/28 16:20,05F0287S,05F0309S,31,90,120
2025/11/28 16:20,05F0287S,05F0309S,32,92,43
2025/11/28 16:20,05F0287S,05F0309S,41,96,8
2025/11/28 16:20,05F0287S,05F0309S,42,0,0
2025/11/28 16:20,05F0287S,05F0309S,5,0,0
2025/11/28 16:20,05F0309S,05F0439S,31,483,46
2025/11/28 16:20,05F0309S,05F0439S,32,486,20
2025/11/28 16:20,05F0309S,05F0439S,41,525,2
2025/11/28 16:20,05F0309S,05F0439S,42,0,0
2025/11/28 16:20,05F0309S,05F0439S,5,542,4
2025/11/28 16:20,05F0439S,05F0494S,31,207,26
2025/11/28 16:20,05F0439S,05F0494S,32,208,9
2025/11/28 16:20,05F0439S,05F0494S,41,231,2
2025/11/28 16:20,05F0439S,05F0494S,42,219,1
2025/11/28 16:20,05F0439S,05F0494S,5,210,3
2025/11/28 16:25,05F0000S,05F0055S,31,262,133
2025/11/28 16:25,05F0000S,05F0055S,32,258,42
2025/11/28 16:25,05F0000S,05F0055S,41,267,6
2025/11/28 16:25,05F0000S,05F0055S,42,0,0
2025/11/28 16:25,05F0000S,05F0055S,5,0,0
2025/11/28 16:25,05F0055S,05F0287S,31,1090,143
2025/11/28 16:25,05F0055S,05F0287S,32,1085,51
2025/11/28 16:25,05F0055S,05F0287S,41,1074,10
2025/11/28 16:25,05F0055S,05F0287S,42,0,0
2025/11/28 16:25,05F0055S,05F0287S,5,0,0
2025/11/28 16:25,05F0287S,05F0309S,31,91,111
2025/11/28 16:25,05F0287S,05F0309S,32,92,35
2025/11/28 16:25,05F0287S,05F0309S,41,93,9
2025/11/28 16:25,05F0287S,05F0309S,42,0,0
2025/11/28 16:25,05F0287S,05F0309S,5,0,0
2025/11/28 16:25,05F0309S,05F0439S,31,472,60
2025/11/28 16:25,05F0309S,05F0439S,32,497,20
2025/11/28 16:25,05F0309S,05F0439S,41,536,1
2025/11/28 16:25,05F0309S,05F0439S,42,0,0
2025/11/28 16:25,05F0309S,05F0439S,5,0,0
2025/11/28 16:25,05F0439S,05F0494S,31,191,27
2025/11/28 16:25,05F0439S,05F0494S,32,211,10
2025/11/28 16:25,05F0439S,05F0494S,41,0,0
2025/11/28 16:25,05F0439S,05F0494S,42,0,0
2025/11/28 16:25,05F0439S,05F0494S,5,226,2
2025/11/28 16:30,05F0000S,05F0055S,31,269,133
2025/11/28 16:30,05F0000S,05F0055S,32,270,33
2025/11/28 16:30,05F0000S,05F0055S,41,269,3
2025/11/28 16:30,05F0000S,05F0055S,42,0,0
2025/11/28 16:30,05F0000S,05F0055S,5,0,0
2025/11/28 16:30,05F0055S,05F0287S,31,1095,142
2025/11/28 16:30,05F0055S,05F0287S,32,1097,49
2025/11/28 16:30,05F0055S,05F0287S,41,1117,12
2025/11/28 16:30,05F0055S,05F0287S,42,0,0
2025/11/28 16:30,05F0055S,05F0287S,5,0,0
2025/11/28 16:30,05F0287S,05F0309S,31,88,103
2025/11/28 16:30,05F0287S,05F0309S,32,89,35
2025/11/28 16:30,05F0287S,05F0309S,41,94,8
2025/11/28 16:30,05F0287S,05F0309S,42,0,0
2025/11/28 16:30,05F0287S,05F0309S,5,0,0
2025/11/28 16:30,05F0309S,05F0439S,31,489,75
2025/11/28 16:30,05F0309S,05F0439S,32,487,27
2025/11/28 16:30,05F0309S,05F0439S,41,512,4
2025/11/28 16:30,05F0309S,05F0439S,42,0,0
2025/11/28 16:30,05F0309S,05F0439S,5,460,1
2025/11/28 16:30,05F0439S,05F0494S,31,201,38
2025/11/28 16:30,05F0439S,05F0494S,32,213,11
2025/11/28 16:30,05F0439S,05F0494S,41,0,0
2025/11/28 16:30,05F0439S,05F0494S,42,0,0
2025/11/28 16:30,05F0439S,05F0494S,5,207,2
2025/11/28 16:35,05F0000S,05F0055S,31,256,127
2025/11/28 16:35,05F0000S,05F0055S,32,259,37
2025/11/28 16:35,05F0000S,05F0055S,41,263,6
2025/11/28 16:35,05F0000S,05F0055S,42,0,0
2025/11/28 16:35,05F0000S,05F0055S,5,0,0
2025/11/28 16:35,05F0055S,05F0287S,31,1090,162
2025/11/28 16:35,05F0055S,05F0287S,32,1089,57
2025/11/28 16:35,05F0055S,05F0287S,41,1114,7
2025/11/28 16:35,05F0055S,05F0287S,42,0,0
2025/11/28 16:35,05F0055S,05F0287S,5,0,0
2025/11/28 16:35,05F0287S,05F0309S,31,89,108
2025/11/28 16:35,05F0287S,05F0309S,32,90,30
2025/11/28 16:35,05F0287S,05F0309S,41,94,9
2025/11/28 16:35,05F0287S,05F0309S,42,0,0
2025/11/28 16:35,05F0287S,05F0309S,5,0,0
2025/11/28 16:35,05F0309S,05F0439S,31,483,73
2025/11/28 16:35,05F0309S,05F0439S,32,499,23
2025/11/28 16:35,05F0309S,05F0439S,41,515,4
2025/11/28 16:35,05F0309S,05F0439S,42,0,0
2025/11/28 16:35,05F0309S,05F0439S,5,493,5
2025/11/28 16:35,05F0439S,05F0494S,31,207,25
2025/11/28 16:35,05F0439S,05F0494S,32,206,9
2025/11/28 16:35,05F0439S,05F0494S,41,0,0
2025/11/28 16:35,05F0439S,05F0494S,42,0,0
2025/11/28 16:35,05F0439S,05F0494S,5,237,1
2025/11/28 16:40,05F0000S,05F0055S,31,266,158
2025/11/28 16:40,05F0000S,05F0055S,32,263,34
2025/11/28 16:40,05F0000S,05F0055S,41,268,5
2025/11/28 16:40,05F0000S,05F0055S,42,0,0
2025/11/28 16:40,05F0000S,05F0055S,5,0,0
2025/11/28 16:40,05F0055S,05F0287S,31,1038,156
2025/11/28 16:40,05F0055S,05F0287S,32,1042,40
2025/11/28 16:40,05F0055S,05F0287S,41,1071,6
2025/11/28 16:40,05F0055S,05F0287S,42,0,0
2025/11/28 16:40,05F0055S,05F0287S,5,0,0
2025/11/28 16:40,05F0287S,05F0309S,31,89,111
2025/11/28 16:40,05F0287S,05F0309S,32,91,35
2025/11/28 16:40,05F0287S,05F0309S,41,93,4
2025/11/28 16:40,05F0287S,05F0309S,42,0,0
2025/11/28 16:40,05F0287S,05F0309S,5,0,0
2025/11/28 16:40,05F0309S,05F0439S,31,477,59
2025/11/28 16:40,05F0309S,05F0439S,32,494,21
2025/11/28 16:40,05F0309S,05F0439S,41,519,4
2025/11/28 16:40,05F0309S,05F0439S,42,0,0
2025/11/28 16:40,05F0309S,05F0439S,5,568,2
2025/11/28 16:40,05F0439S,05F0494S,31,205,29
2025/11/28 16:40,05F0439S,05F0494S,32,214,10
2025/11/28 16:40,05F0439S,05F0494S,41,0,0
2025/11/28 16:40,05F0439S,05F0494S,42,0,0
2025/11/28 16:40,05F0439S,05F0494S,5,206,4
2025/11/28 16:45,05F0000S,05F0055S,31,254,148
2025/11/28 16:45,05F0000S,05F0055S,32,258,33
2025/11/28 16:45,05F0000S,05F0055S,41,250,4
2025/11/28 16:45,05F0000S,05F0055S,42,0,0
2025/11/28 16:45,05F0000S,05F0055S,5,0,0
2025/11/28 16:45,05F0055S,05F0287S,31,1046,142
2025/11/28 16:45,05F0055S,05F0287S,32,1048,35
2025/11/28 16:45,05F0055S,05F0287S,41,1077,3
2025/11/28 16:45,05F0055S,05F0287S,42,0,0
2025/11/28 16:45,05F0055S,05F0287S,5,0,0
2025/11/28 16:45,05F0287S,05F0309S,31,88,98
2025/11/28 16:45,05F0287S,05F0309S,32,88,26
2025/11/28 16:45,05F0287S,05F0309S,41,98,4
2025/11/28 16:45,05F0287S,05F0309S,42,0,0
2025/11/28 16:45,05F0287S,05F0309S,5,0,0
2025/11/28 16:45,05F0309S,05F0439S,31,480,64
2025/11/28 16:45,05F0309S,05F0439S,32,494,22
2025/11/28 16:45,05F0309S,05F0439S,41,540,4
2025/11/28 16:45,05F0309S,05F0439S,42,505,1
2025/11/28 16:45,05F0309S,05F0439S,5,486,4
2025/11/28 16:45,05F0439S,05F0494S,31,201,27
2025/11/28 16:45,05F0439S,05F0494S,32,209,14
2025/11/28 16:45,05F0439S,05F0494S,41,0,0
2025/11/28 16:45,05F0439S,05F0494S,42,210,1
2025/11/28 16:45,05F0439S,05F0494S,5,246,3
2025/11/28 16:50,05F0000S,05F0055S,31,252,112
2025/11/28 16:50,05F0000S,05F0055S,32,253,45
2025/11/28 16:50,05F0000S,05F0055S,41,252,3
2025/11/28 16:50,05F0000S,05F0055S,42,0,0
2025/11/28 16:50,05F0000S,05F0055S,5,0,0
2025/11/28 16:50,05F0055S,05F0287S,31,1055,146
2025/11/28 16:50,05F0055S,05F0287S,32,1050,37
2025/11/28 16:50,05F0055S,05F0287S,41,1062,5
2025/11/28 16:50,05F0055S,05F0287S,42,0,0
2025/11/28 16:50,05F0055S,05F0287S,5,0,0
2025/11/28 16:50,05F0287S,05F0309S,31,91,87
2025/11/28 16:50,05F0287S,05F0309S,32,91,29
2025/11/28 16:50,05F0287S,05F0309S,41,94,4
2025/11/28 16:50,05F0287S,05F0309S,42,0,0
2025/11/28 16:50,05F0287S,05F0309S,5,0,0
2025/11/28 16:50,05F0309S,05F0439S,31,477,63
2025/11/28 16:50,05F0309S,05F0439S,32,500,17
2025/11/28 16:50,05F0309S,05F0439S,41,546,2
2025/11/28 16:50,05F0309S,05F0439S,42,0,0
2025/11/28 16:50,05F0309S,05F0439S,5,483,1
2025/11/28 16:50,05F0439S,05F0494S,31,202,29
2025/11/28 16:50,05F0439S,05F0494S,32,207,11
2025/11/28 16:50,05F0439S,05F0494S,41,0,0
2025/11/28 16:50,05F0439S,05F0494S,42,192,1
2025/11/28 16:50,05F0439S,05F0494S,5,200,3
2025/11/28 16:55,05F0000S,05F0055S,31,250,120
2025/11/28 16:55,05F0000S,05F0055S,32,250,47
2025/11/28 16:55,05F0000S,05F0055S,41,250,8
2025/11/28 16:55,05F0000S,05F0055S,42,0,0
2025/11/28 16:55,05F0000S,05F0055S,5,0,0
2025/11/28 16:55,05F0055S,05F0287S,31,1046,138
2025/11/28 16:55,05F0055S,05F0287S,32,1052,41
2025/11/28 16:55,05F0055S,05F0287S,41,1055,6
2025/11/28 16:55,05F0055S,05F0287S,42,0,0
2025/11/28 16:55,05F0055S,05F0287S,5,0,0
2025/11/28 16:55,05F0287S,05F0309S,31,88,102
2025/11/28 16:55,05F0287S,05F0309S,32,88,26
2025/11/28 16:55,05F0287S,05F0309S,41,95,6
2025/11/28 16:55,05F0287S,05F0309S,42,0,0
2025/11/28 16:55,05F0287S,05F0309S,5,0,0
2025/11/28 16:55,05F0309S,05F0439S,31,483,63
2025/11/28 16:55,05F0309S,05F0439S,32,506,14
2025/11/28 16:55,05F0309S,05F0439S,41,0,0
2025/11/28 16:55,05F0309S,05F0439S,42,490,2
2025/11/28 16:55,05F0309S,05F0439S,5,495,1
2025/11/28 16:55,05F0439S,05F0494S,31,202,21
2025/11/28 16:55,05F0439S,05F0494S,32,213,8
2025/11/28 16:55,05F0439S,05F0494S,41,0,0
2025/11/28 16:55,05F0439S,05F0494S,42,204,1
2025/11/28 16:55,05F0439S,05F0494S,5,204,3
2025/11/28 17:00,05F0000S,05F0055S,31,260,146
2025/11/28 17:00,05F0000S,05F0055S,32,263,37
2025/11/28 17:00,05F0000S,05F0055S,41,278,1
2025/11/28 17:00,05F0000S,05F0055S,42,0,0
2025/11/28 17:00,05F0000S,05F0055S,5,0,0
2025/11/28 17:00,05F0055S,05F0287S,31,1055,165
2025/11/28 17:00,05F0055S,05F0287S,32,1054,36
2025/11/28 17:00,05F0055S,05F0287S,41,1071,4
2025/11/28 17:00,05F0055S,05F0287S,42,0,0
2025/11/28 17:00,05F0055S,05F0287S,5,0,0
2025/11/28 17:00,05F0287S,05F0309S,31,88,111
2025/11/28 17:00,05F0287S,05F0309S,32,89,27
2025/11/28 17:00,05F0287S,05F0309S,41,93,1
2025/11/28 17:00,05F0287S,05F0309S,42,0,0
2025/11/28 17:00,05F0287S,05F0309S,5,0,0
2025/11/28 17:00,05F0309S,05F0439S,31,503,50
2025/11/28 17:00,05F0309S,05F0439S,32,490,15
2025/11/28 17:00,05F0309S,05F0439S,41,530,3
2025/11/28 17:00,05F0309S,05F0439S,42,0,0
2025/11/28 17:00,05F0309S,05F0439S,5,585,7
2025/11/28 17:00,05F0439S,05F0494S,31,197,17
2025/11/28 17:00,05F0439S,05F0494S,32,206,4
2025/11/28 17:00,05F0439S,05F0494S,41,0,0
2025/11/28 17:00,05F0439S,05F0494S,42,0,0
2025/11/28 17:00,05F0439S,05F0494S,5,248,3
2025/11/28 17:05,05F0000S,05F0055S,31,253,138
2025/11/28 17:05,05F0000S,05F0055S,32,252,32
2025/11/28 17:05,05F0000S,05F0055S,41,264,10
2025/11/28 17:05,05F0000S,05F0055S,42,0,0
2025/11/28 17:05,05F0000S,05F0055S,5,0,0
2025/11/28 17:05,05F0055S,05F0287S,31,1051,157
2025/11/28 17:05,05F0055S,05F0287S,32,1047,44
2025/11/28 17:05,05F0055S,05F0287S,41,1069,5
2025/11/28 17:05,05F0055S,05F0287S,42,0,0
2025/11/28 17:05,05F0055S,05F0287S,5,0,0
2025/11/28 17:05,05F0287S,05F0309S,31,89,126
2025/11/28 17:05,05F0287S,05F0309S,32,90,33
2025/11/28 17:05,05F0287S,05F0309S,41,97,5
2025/11/28 17:05,05F0287S,05F0309S,42,0,0
2025/11/28 17:05,05F0287S,05F0309S,5,0,0
2025/11/28 17:05,05F0309S,05F0439S,31,481,53
2025/11/28 17:05,05F0309S,05F0439S,32,482,18
2025/11/28 17:05,05F0309S,05F0439S,41,533,2
2025/11/28 17:05,05F0309S,05F0439S,42,0,0
2025/11/28 17:05,05F0309S,05F0439S,5,503,4
2025/11/28 17:05,05F0439S,05F0494S,31,206,26
2025/11/28 17:05,05F0439S,05F0494S,32,209,4
2025/11/28 17:05,05F0439S,05F0494S,41,0,0
2025/11/28 17:05,05F0439S,05F0494S,42,0,0
2025/11/28 17:05,05F0439S,05F0494S,5,208,5
2025/11/28 17:10,05F0000S,05F0055S,31,248,140
2025/11/28 17:10,05F0000S,05F0055S,32,246,35
2025/11/28 17:10,05F0000S,05F0055S,41,248,3
2025/11/28 17:10,05F0000S,05F0055S,42,0,0
2025/11/28 17:10,05F0000S,05F0055S,5,0,0
2025/11/28 17:10,05F0055S,05F0287S,31,1034,120
2025/11/28 17:10,05F0055S,05F0287S,32,1033,58
2025/11/28 17:10,05F0055S,05F0287S,41,1055,7
2025/11/28 17:10,05F0055S,05F0287S,42,0,0
2025/11/28 17:10,05F0055S,05F0287S,5,0,0
2025/11/28 17:10,05F0287S,05F0309S,31,88,98
2025/11/28 17:10,05F0287S,05F0309S,32,89,39
2025/11/28 17:10,05F0287S,05F0309S,41,94,4
2025/11/28 17:10,05F0287S,05F0309S,42,0,0
2025/11/28 17:10,05F0287S,05F0309S,5,0,0
2025/11/28 17:10,05F0309S,05F0439S,31,483,67
2025/11/28 17:10,05F0309S,05F0439S,32,498,21
2025/11/28 17:10,05F0309S,05F0439S,41,0,0
2025/11/28 17:10,05F0309S,05F0439S,42,529,2
2025/11/28 17:10,05F0309S,05F0439S,5,540,3
2025/11/28 17:10,05F0439S,05F0494S,31,194,27
2025/11/28 17:10,05F0439S,05F0494S,32,205,9
2025/11/28 17:10,05F0439S,05F0494S,41,1710,2
2025/11/28 17:10,05F0439S,05F0494S,42,0,0
2025/11/28 17:10,05F0439S,05F0494S,5,235,3
2025/11/28 17:15,05F0000S,05F0055S,31,255,125
2025/11/28 17:15,05F0000S,05F0055S,32,253,36
2025/11/28 17:15,05F0000S,05F0055S,41,260,4
2025/11/28 17:15,05F0000S,05F0055S,42,245,1
2025/11/28 17:15,05F0000S,05F0055S,5,0,0
2025/11/28 17:15,05F0055S,05F0287S,31,1054,153
2025/11/28 17:15,05F0055S,05F0287S,32,1054,41
2025/11/28 17:15,05F0055S,05F0287S,41,1036,3
2025/11/28 17:15,05F0055S,05F0287S,42,0,0
2025/11/28 17:15,05F0055S,05F0287S,5,0,0
2025/11/28 17:15,05F0287S,05F0309S,31,88,100
2025/11/28 17:15,05F0287S,05F0309S,32,90,29
2025/11/28 17:15,05F0287S,05F0309S,41,92,6
2025/11/28 17:15,05F0287S,05F0309S,42,0,0
2025/11/28 17:15,05F0287S,05F0309S,5,0,0
2025/11/28 17:15,05F0309S,05F0439S,31,484,69
2025/11/28 17:15,05F0309S,05F0439S,32,493,19
2025/11/28 17:15,05F0309S,05F0439S,41,531,5
2025/11/28 17:15,05F0309S,05F0439S,42,0,0
2025/11/28 17:15,05F0309S,05F0439S,5,474,1
2025/11/28 17:15,05F0439S,05F0494S,31,206,34
2025/11/28 17:15,05F0439S,05F0494S,32,217,9
2025/11/28 17:15,05F0439S,05F0494S,41,0,0
2025/11/28 17:15,05F0439S,05F0494S,42,242,1
2025/11/28 17:15,05F0439S,05F0494S,5,211,2
2025/11/28 17:20,05F0000S,05F0055S,31,256,132
2025/11/28 17:20,05F0000S,05F0055S,32,253,49
2025/11/28 17:20,05F0000S,05F0055S,41,262,7
2025/11/28 17:20,05F0000S,05F0055S,42,0,0
2025/11/28 17:20,05F0000S,05F0055S,5,0,0
2025/11/28 17:20,05F0055S,05F0287S,31,1056,157
2025/11/28 17:20,05F0055S,05F0287S,32,1059,44
2025/11/28 17:20,05F0055S,05F0287S,41,1074,5
2025/11/28 17:20,05F0055S,05F0287S,42,0,0
2025/11/28 17:20,05F0055S,05F0287S,5,0,0
2025/11/28 17:20,05F0287S,05F0309S,31,88,114
2025/11/28 17:20,05F0287S,05F0309S,32,88,36
2025/11/28 17:20,05F0287S,05F0309S,41,95,2
2025/11/28 17:20,05F0287S,05F0309S,42,0,0
2025/11/28 17:20,05F0287S,05F0309S,5,0,0
2025/11/28 17:20,05F0309S,05F0439S,31,494,57
2025/11/28 17:20,05F0309S,05F0439S,32,505,31
2025/11/28 17:20,05F0309S,05F0439S,41,538,3
2025/11/28 17:20,05F0309S,05F0439S,42,0,0
2025/11/28 17:20,05F0309S,05F0439S,5,0,0
2025/11/28 17:20,05F0439S,05F0494S,31,199,22
2025/11/28 17:20,05F0439S,05F0494S,32,205,9
2025/11/28 17:20,05F0439S,05F0494S,41,0,0
2025/11/28 17:20,05F0439S,05F0494S,42,0,0
2025/11/28 17:20,05F0439S,05F0494S,5,0,0
2025/11/28 17:25,05F0000S,05F0055S,31,248,134
2025/11/28 17:25,05F0000S,05F0055S,32,252,39
2025/11/28 17:25,05F0000S,05F0055S,41,261,8
2025/11/28 17:25,05F0000S,05F0055S,42,0,0
2025/11/28 17:25,05F0000S,05F0055S,5,0,0
2025/11/28 17:25,05F0055S,05F0287S,31,1051,148
2025/11/28 17:25,05F0055S,05F0287S,32,1056,36
2025/11/28 17:25,05F0055S,05F0287S,41,1094,9
2025/11/28 17:25,05F0055S,05F0287S,42,0,0
2025/11/28 17:25,05F0055S,05F0287S,5,0,0
2025/11/28 17:25,05F0287S,05F0309S,31,87,115
2025/11/28 17:25,05F0287S,05F0309S,32,88,31
2025/11/28 17:25,05F0287S,05F0309S,41,92,7
2025/11/28 17:25,05F0287S,05F0309S,42,0,0
2025/11/28 17:25,05F0287S,05F0309S,5,0,0
2025/11/28 17:25,05F0309S,05F0439S,31,489,52
2025/11/28 17:25,05F0309S,05F0439S,32,485,10
2025/11/28 17:25,05F0309S,05F0439S,41,514,2
2025/11/28 17:25,05F0309S,05F0439S,42,506,1
2025/11/28 17:25,05F0309S,05F0439S,5,0,0
2025/11/28 17:25,05F0439S,05F0494S,31,205,30
2025/11/28 17:25,05F0439S,05F0494S,32,213,9
2025/11/28 17:25,05F0439S,05F0494S,41,0,0
2025/11/28 17:25,05F0439S,05F0494S,42,0,0
2025/11/28 17:25,05F0439S,05F0494S,5,0,0
2025/11/28 17:30,05F0000S,05F0055S,31,254,137
2025/11/28 17:30,05F0000S,05F0055S,32,256,42
2025/11/28 17:30,05F0000S,05F0055S,41,254,5
2025/11/28 17:30,05F0000S,05F0055S,42,0,0
2025/11/28 17:30,05F0000S,05F0055S,5,0,0
2025/11/28 17:30,05F0055S,05F0287S,31,1063,169
2025/11/28 17:30,05F0055S,05F0287S,32,1062,50
2025/11/28 17:30,05F0055S,05F0287S,41,1056,2
2025/11/28 17:30,05F0055S,05F0287S,42,0,0
2025/11/28 17:30,05F0055S,05F0287S,5,0,0
2025/11/28 17:30,05F0287S,05F0309S,31,89,123
2025/11/28 17:30,05F0287S,05F0309S,32,90,27
2025/11/28 17:30,05F0287S,05F0309S,41,94,2
2025/11/28 17:30,05F0287S,05F0309S,42,0,0
2025/11/28 17:30,05F0287S,05F0309S,5,0,0
2025/11/28 17:30,05F0309S,05F0439S,31,500,67
2025/11/28 17:30,05F0309S,05F0439S,32,501,20
2025/11/28 17:30,05F0309S,05F0439S,41,544,1
2025/11/28 17:30,05F0309S,05F0439S,42,510,1
2025/11/28 17:30,05F0309S,05F0439S,5,527,3
2025/11/28 17:30,05F0439S,05F0494S,31,200,23
2025/11/28 17:30,05F0439S,05F0494S,32,183,3
2025/11/28 17:30,05F0439S,05F0494S,41,0,0
2025/11/28 17:30,05F0439S,05F0494S,42,205,1
2025/11/28 17:30,05F0439S,05F0494S,5,0,0
2025/11/28 17:35,05F0000S,05F0055S,31,253,119
2025/11/28 17:35,05F0000S,05F0055S,32,256,35
2025/11/28 17:35,05F0000S,05F0055S,41,253,6
2025/11/28 17:35,05F0000S,05F0055S,42,0,0
2025/11/28 17:35,05F0000S,05F0055S,5,0,0
2025/11/28 17:35,05F0055S,05F0287S,31,1043,159
2025/11/28 17:35,05F0055S,05F0287S,32,1045,45
2025/11/28 17:35,05F0055S,05F0287S,41,1049,5
2025/11/28 17:35,05F0055S,05F0287S,42,0,0
2025/11/28 17:35,05F0055S,05F0287S,5,0,0
2025/11/28 17:35,05F0287S,05F0309S,31,90,109
2025/11/28 17:35,05F0287S,05F0309S,32,90,32
2025/11/28 17:35,05F0287S,05F0309S,41,93,6
2025/11/28 17:35,05F0287S,05F0309S,42,0,0
2025/11/28 17:35,05F0287S,05F0309S,5,0,0
2025/11/28 17:35,05F0309S,05F0439S,31,484,69
2025/11/28 17:35,05F0309S,05F0439S,32,483,20
2025/11/28 17:35,05F0309S,05F0439S,41,538,4
2025/11/28 17:35,05F0309S,05F0439S,42,0,0
2025/11/28 17:35,05F0309S,05F0439S,5,552,1
2025/11/28 17:35,05F0439S,05F0494S,31,208,35
2025/11/28 17:35,05F0439S,05F0494S,32,206,5
2025/11/28 17:35,05F0439S,05F0494S,41,0,0
2025/11/28 17:35,05F0439S,05F0494S,42,214,1
2025/11/28 17:35,05F0439S,05F0494S,5,231,2
2025/11/28 17:40,05F0000S,05F0055S,31,264,139
2025/11/28 17:40,05F0000S,05F0055S,32,266,43
2025/11/28 17:40,05F0000S,05F0055S,41,279,6
2025/11/28 17:40,05F0000S,05F0055S,42,0,0
2025/11/28 17:40,05F0000S,05F0055S,5,0,0
2025/11/28 17:40,05F0055S,05F0287S,31,1027,152
2025/11/28 17:40,05F0055S,05F0287S,32,1032,57
2025/11/28 17:40,05F0055S,05F0287S,41,1064,7
2025/11/28 17:40,05F0055S,05F0287S,42,0,0
2025/11/28 17:40,05F0055S,05F0287S,5,0,0
2025/11/28 17:40,05F0287S,05F0309S,31,87,103
2025/11/28 17:40,05F0287S,05F0309S,32,90,35
2025/11/28 17:40,05F0287S,05F0309S,41,94,5
2025/11/28 17:40,05F0287S,05F0309S,42,0,0
2025/11/28 17:40,05F0287S,05F0309S,5,0,0
2025/11/28 17:40,05F0309S,05F0439S,31,498,75
2025/11/28 17:40,05F0309S,05F0439S,32,489,21
2025/11/28 17:40,05F0309S,05F0439S,41,520,2
2025/11/28 17:40,05F0309S,05F0439S,42,0,0
2025/11/28 17:40,05F0309S,05F0439S,5,522,3
2025/11/28 17:40,05F0439S,05F0494S,31,202,29
2025/11/28 17:40,05F0439S,05F0494S,32,209,5
2025/11/28 17:40,05F0439S,05F0494S,41,0,0
2025/11/28 17:40,05F0439S,05F0494S,42,0,0
2025/11/28 17:40,05F0439S,05F0494S,5,251,1
2025/11/28 17:45,05F0000S,05F0055S,31,260,136
2025/11/28 17:45,05F0000S,05F0055S,32,263,41
2025/11/28 17:45,05F0000S,05F0055S,41,256,4
2025/11/28 17:45,05F0000S,05F0055S,42,0,0
2025/11/28 17:45,05F0000S,05F0055S,5,0,0
2025/11/28 17:45,05F0055S,05F0287S,31,1040,133
2025/11/28 17:45,05F0055S,05F0287S,32,1052,45
2025/11/28 17:45,05F0055S,05F0287S,41,1072,8
2025/11/28 17:45,05F0055S,05F0287S,42,0,0
2025/11/28 17:45,05F0055S,05F0287S,5,0,0
2025/11/28 17:45,05F0287S,05F0309S,31,87,98
2025/11/28 17:45,05F0287S,05F0309S,32,89,31
2025/11/28 17:45,05F0287S,05F0309S,41,93,7
2025/11/28 17:45,05F0287S,05F0309S,42,0,0
2025/11/28 17:45,05F0287S,05F0309S,5,0,0
2025/11/28 17:45,05F0309S,05F0439S,31,494,59
2025/11/28 17:45,05F0309S,05F0439S,32,489,21
2025/11/28 17:45,05F0309S,05F0439S,41,539,3
2025/11/28 17:45,05F0309S,05F0439S,42,638,1
2025/11/28 17:45,05F0309S,05F0439S,5,521,5
2025/11/28 17:45,05F0439S,05F0494S,31,199,32
2025/11/28 17:45,05F0439S,05F0494S,32,207,4
2025/11/28 17:45,05F0439S,05F0494S,41,0,0
2025/11/28 17:45,05F0439S,05F0494S,42,0,0
2025/11/28 17:45,05F0439S,05F0494S,5,207,3
2025/11/28 17:50,05F0000S,05F0055S,31,252,126
2025/11/28 17:50,05F0000S,05F0055S,32,250,27
2025/11/28 17:50,05F0000S,05F0055S,41,253,4
2025/11/28 17:50,05F0000S,05F0055S,42,0,0
2025/11/28 17:50,05F0000S,05F0055S,5,0,0
2025/11/28 17:50,05F0055S,05F0287S,31,1062,142
2025/11/28 17:50,05F0055S,05F0287S,32,1059,43
2025/11/28 17:50,05F0055S,05F0287S,41,1047,6
2025/11/28 17:50,05F0055S,05F0287S,42,0,0
2025/11/28 17:50,05F0055S,05F0287S,5,0,0
2025/11/28 17:50,05F0287S,05F0309S,31,88,109
2025/11/28 17:50,05F0287S,05F0309S,32,88,36
2025/11/28 17:50,05F0287S,05F0309S,41,94,6
2025/11/28 17:50,05F0287S,05F0309S,42,0,0
2025/11/28 17:50,05F0287S,05F0309S,5,0,0
2025/11/28 17:50,05F0309S,05F0439S,31,479,64
2025/11/28 17:50,05F0309S,05F0439S,32,503,19
2025/11/28 17:50,05F0309S,05F0439S,41,518,5
2025/11/28 17:50,05F0309S,05F0439S,42,535,1
2025/11/28 17:50,05F0309S,05F0439S,5,490,2
2025/11/28 17:50,05F0439S,05F0494S,31,202,28
2025/11/28 17:50,05F0439S,05F0494S,32,221,6
2025/11/28 17:50,05F0439S,05F0494S,41,0,0
2025/11/28 17:50,05F0439S,05F0494S,42,278,1
2025/11/28 17:50,05F0439S,05F0494S,5,216,3
2025/11/28 17:55,05F0000S,05F0055S,31,255,131
2025/11/28 17:55,05F0000S,05F0055S,32,259,43
2025/11/28 17:55,05F0000S,05F0055S,41,270,6
2025/11/28 17:55,05F0000S,05F0055S,42,0,0
2025/11/28 17:55,05F0000S,05F0055S,5,0,0
2025/11/28 17:55,05F0055S,05F0287S,31,1048,145
2025/11/28 17:55,05F0055S,05F0287S,32,1052,48
2025/11/28 17:55,05F0055S,05F0287S,41,1096,4
2025/11/28 17:55,05F0055S,05F0287S,42,0,0
2025/11/28 17:55,05F0055S,05F0287S,5,0,0
2025/11/28 17:55,05F0287S,05F0309S,31,91,103
2025/11/28 17:55,05F0287S,05F0309S,32,90,38
2025/11/28 17:55,05F0287S,05F0309S,41,94,5
2025/11/28 17:55,05F0287S,05F0309S,42,0,0
2025/11/28 17:55,05F0287S,05F0309S,5,0,0
2025/11/28 17:55,05F0309S,05F0439S,31,481,58
2025/11/28 17:55,05F0309S,05F0439S,32,507,27
2025/11/28 17:55,05F0309S,05F0439S,41,531,2
2025/11/28 17:55,05F0309S,05F0439S,42,554,1
2025/11/28 17:55,05F0309S,05F0439S,5,510,4
2025/11/28 17:55,05F0439S,05F0494S,31,192,22
2025/11/28 17:55,05F0439S,05F0494S,32,212,4
2025/11/28 17:55,05F0439S,05F0494S,41,1022,1
2025/11/28 17:55,05F0439S,05F0494S,42,274,1
2025/11/28 17:55,05F0439S,05F0494S,5,212,3
2025/11/28 18:00,05F0000S,05F0055S,31,255,125
2025/11/28 18:00,05F0000S,05F0055S,32,260,35
2025/11/28 18:00,05F0000S,05F0055S,41,264,6
2025/11/28 18:00,05F0000S,05F0055S,42,0,0
2025/11/28 18:00,05F0000S,05F0055S,5,0,0
2025/11/28 18:00,05F0055S,05F0287S,31,1062,157
2025/11/28 18:00,05F0055S,05F0287S,32,1063,48
2025/11/28 18:00,05F0055S,05F0287S,41,1052,7
2025/11/28 18:00,05F0055S,05F0287S,42,0,0
2025/11/28 18:00,05F0055S,05F0287S,5,0,0
2025/11/28 18:00,05F0287S,05F0309S,31,89,113
2025/11/28 18:00,05F0287S,05F0309S,32,93,36
2025/11/28 18:00,05F0287S,05F0309S,41,96,6
2025/11/28 18:00,05F0287S,05F0309S,42,0,0
2025/11/28 18:00,05F0287S,05F0309S,5,0,0
2025/11/28 18:00,05F0309S,05F0439S,31,500,58
2025/11/28 18:00,05F0309S,05F0439S,32,497,23
2025/11/28 18:00,05F0309S,05F0439S,41,525,4
2025/11/28 18:00,05F0309S,05F0439S,42,560,1
2025/11/28 18:00,05F0309S,05F0439S,5,543,8
2025/11/28 18:00,05F0439S,05F0494S,31,200,24
2025/11/28 18:00,05F0439S,05F0494S,32,216,9
2025/11/28 18:00,05F0439S,05F0494S,41,0,0
2025/11/28 18:00,05F0439S,05F0494S,42,0,0
2025/11/28 18:00,05F0439S,05F0494S,5,208,3
2025/11/28 18:05,05F0000S,05F0055S,31,251,106
2025/11/28 18:05,05F0000S,05F0055S,32,256,26
2025/11/28 18:05,05F0000S,05F0055S,41,255,9
2025/11/28 18:05,05F0000S,05F0055S,42,0,0
2025/11/28 18:05,05F0000S,05F0055S,5,0,0
2025/11/28 18:05,05F0055S,05F0287S,31,1058,153
2025/11/28 18:05,05F0055S,05F0287S,32,1055,44
2025/11/28 18:05,05F0055S,05F0287S,41,1092,2
2025/11/28 18:05,05F0055S,05F0287S,42,0,0
2025/11/28 18:05,05F0055S,05F0287S,5,0,0
2025/11/28 18:05,05F0287S,05F0309S,31,87,106
2025/11/28 18:05,05F0287S,05F0309S,32,87,32
2025/11/28 18:05,05F0287S,05F0309S,41,88,2
2025/11/28 18:05,05F0287S,05F0309S,42,0,0
2025/11/28 18:05,05F0287S,05F0309S,5,0,0
2025/11/28 18:05,05F0309S,05F0439S,31,486,63
2025/11/28 18:05,05F0309S,05F0439S,32,483,18
2025/11/28 18:05,05F0309S,05F0439S,41,547,2
2025/11/28 18:05,05F0309S,05F0439S,42,0,0
2025/11/28 18:05,05F0309S,05F0439S,5,535,3
2025/11/28 18:05,05F0439S,05F0494S,31,209,12
2025/11/28 18:05,05F0439S,05F0494S,32,195,4
2025/11/28 18:05,05F0439S,05F0494S,41,0,0
2025/11/28 18:05,05F0439S,05F0494S,42,248,1
2025/11/28 18:05,05F0439S,05F0494S,5,238,6
2025/11/28 18:10,05F0000S,05F0055S,31,245,102
2025/11/28 18:10,05F0000S,05F0055S,32,247,20
2025/11/28 18:10,05F0000S,05F0055S,41,235,2
2025/11/28 18:10,05F0000S,05F0055S,42,0,0
2025/11/28 18:10,05F0000S,05F0055S,5,0,0
2025/11/28 18:10,05F0055S,05F0287S,31,1037,148
2025/11/28 18:10,05F0055S,05F0287S,32,1029,40
2025/11/28 18:10,05F0055S,05F0287S,41,1045,6
2025/11/28 18:10,05F0055S,05F0287S,42,0,0
2025/11/28 18:10,05F0055S,05F0287S,5,0,0
2025/11/28 18:10,05F0287S,05F0309S,31,89,131
2025/11/28 18:10,05F0287S,05F0309S,32,91,26
2025/11/28 18:10,05F0287S,05F0309S,41,95,3
2025/11/28 18:10,05F0287S,05F0309S,42,0,0
2025/11/28 18:10,05F0287S,05F0309S,5,0,0
2025/11/28 18:10,05F0309S,05F0439S,31,485,73
2025/11/28 18:10,05F0309S,05F0439S,32,494,20
2025/11/28 18:10,05F0309S,05F0439S,41,534,2
2025/11/28 18:10,05F0309S,05F0439S,42,0,0
2025/11/28 18:10,05F0309S,05F0439S,5,548,2
2025/11/28 18:10,05F0439S,05F0494S,31,200,37
2025/11/28 18:10,05F0439S,05F0494S,32,213,8
2025/11/28 18:10,05F0439S,05F0494S,41,0,0
2025/11/28 18:10,05F0439S,05F0494S,42,210,1
2025/11/28 18:10,05F0439S,05F0494S,5,207,1
2025/11/28 18:15,05F0000S,05F0055S,31,253,119
2025/11/28 18:15,05F0000S,05F0055S,32,255,41
2025/11/28 18:15,05F0000S,05F0055S,41,253,3
2025/11/28 18:15,05F0000S,05F0055S,42,0,0
2025/11/28 18:15,05F0000S,05F0055S,5,0,0
2025/11/28 18:15,05F0055S,05F0287S,31,1054,141
2025/11/28 18:15,05F0055S,05F0287S,32,1045,39
2025/11/28 18:15,05F0055S,05F0287S,41,1072,3
2025/11/28 18:15,05F0055S,05F0287S,42,0,0
2025/11/28 18:15,05F0055S,05F0287S,5,0,0
2025/11/28 18:15,05F0287S,05F0309S,31,88,111
2025/11/28 18:15,05F0287S,05F0309S,32,88,30
2025/11/28 18:15,05F0287S,05F0309S,41,93,5
2025/11/28 18:15,05F0287S,05F0309S,42,98,2
2025/11/28 18:15,05F0287S,05F0309S,5,0,0
2025/11/28 18:15,05F0309S,05F0439S,31,477,75
2025/11/28 18:15,05F0309S,05F0439S,32,488,16
2025/11/28 18:15,05F0309S,05F0439S,41,524,2
2025/11/28 18:15,05F0309S,05F0439S,42,579,2
2025/11/28 18:15,05F0309S,05F0439S,5,536,2
2025/11/28 18:15,05F0439S,05F0494S,31,207,25
2025/11/28 18:15,05F0439S,05F0494S,32,213,5
2025/11/28 18:15,05F0439S,05F0494S,41,0,0
2025/11/28 18:15,05F0439S,05F0494S,42,0,0
2025/11/28 18:15,05F0439S,05F0494S,5,230,2
2025/11/28 18:20,05F0000S,05F0055S,31,252,140
2025/11/28 18:20,05F0000S,05F0055S,32,252,28
2025/11/28 18:20,05F0000S,05F0055S,41,254,7
2025/11/28 18:20,05F0000S,05F0055S,42,0,0
2025/11/28 18:20,05F0000S,05F0055S,5,0,0
2025/11/28 18:20,05F0055S,05F0287S,31,1050,160
2025/11/28 18:20,05F0055S,05F0287S,32,1069,33
2025/11/28 18:20,05F0055S,05F0287S,41,1076,11
2025/11/28 18:20,05F0055S,05F0287S,42,0,0
2025/11/28 18:20,05F0055S,05F0287S,5,0,0
2025/11/28 18:20,05F0287S,05F0309S,31,90,105
2025/11/28 18:20,05F0287S,05F0309S,32,93,31
2025/11/28 18:20,05F0287S,05F0309S,41,93,9
2025/11/28 18:20,05F0287S,05F0309S,42,0,0
2025/11/28 18:20,05F0287S,05F0309S,5,0,0
2025/11/28 18:20,05F0309S,05F0439S,31,484,63
2025/11/28 18:20,05F0309S,05F0439S,32,506,20
2025/11/28 18:20,05F0309S,05F0439S,41,534,4
2025/11/28 18:20,05F0309S,05F0439S,42,0,0
2025/11/28 18:20,05F0309S,05F0439S,5,483,6
2025/11/28 18:20,05F0439S,05F0494S,31,208,23
2025/11/28 18:20,05F0439S,05F0494S,32,216,4
2025/11/28 18:20,05F0439S,05F0494S,41,0,0
2025/11/28 18:20,05F0439S,05F0494S,42,262,1
2025/11/28 18:20,05F0439S,05F0494S,5,185,1
2025/11/28 18:25,05F0000S,05F0055S,31,256,134
2025/11/28 18:25,05F0000S,05F0055S,32,255,32
2025/11/28 18:25,05F0000S,05F0055S,41,252,8
2025/11/28 18:25,05F0000S,05F0055S,42,0,0
2025/11/28 18:25,05F0000S,05F0055S,5,0,0
2025/11/28 18:25,05F0055S,05F0287S,31,1031,132
2025/11/28 18:25,05F0055S,05F0287S,32,1033,37
2025/11/28 18:25,05F0055S,05F0287S,41,1038,5
2025/11/28 18:25,05F0055S,05F0287S,42,0,0
2025/11/28 18:25,05F0055S,05F0287S,5,0,0
2025/11/28 18:25,05F0287S,05F0309S,31,88,102
2025/11/28 18:25,05F0287S,05F0309S,32,89,23
2025/11/28 18:25,05F0287S,05F0309S,41,92,5
2025/11/28 18:25,05F0287S,05F0309S,42,0,0
2025/11/28 18:25,05F0287S,05F0309S,5,0,0
2025/11/28 18:25,05F0309S,05F0439S,31,500,57
2025/11/28 18:25,05F0309S,05F0439S,32,499,17
2025/11/28 18:25,05F0309S,05F0439S,41,523,1
2025/11/28 18:25,05F0309S,05F0439S,42,510,3
2025/11/28 18:25,05F0309S,05F0439S,5,595,3
2025/11/28 18:25,05F0439S,05F0494S,31,206,27
2025/11/28 18:25,05F0439S,05F0494S,32,192,8
2025/11/28 18:25,05F0439S,05F0494S,41,0,0
2025/11/28 18:25,05F0439S,05F0494S,42,0,0
2025/11/28 18:25,05F0439S,05F0494S,5,216,3
2025/11/28 18:30,05F0000S,05F0055S,31,251,147
2025/11/28 18:30,05F0000S,05F0055S,32,254,38
2025/11/28 18:30,05F0000S,05F0055S,41,254,10
2025/11/28 18:30,05F0000S,05F0055S,42,0,0
2025/11/28 18:30,05F0000S,05F0055S,5,0,0
2025/11/28 18:30,05F0055S,05F0287S,31,1012,132
2025/11/28 18:30,05F0055S,05F0287S,32,1016,37
2025/11/28 18:30,05F0055S,05F0287S,41,1025,2
2025/11/28 18:30,05F0055S,05F0287S,42,0,0
2025/11/28 18:30,05F0055S,05F0287S,5,0,0
2025/11/28 18:30,05F0287S,05F0309S,31,87,96
2025/11/28 18:30,05F0287S,05F0309S,32,87,19
2025/11/28 18:30,05F0287S,05F0309S,41,91,2
2025/11/28 18:30,05F0287S,05F0309S,42,0,0
2025/11/28 18:30,05F0287S,05F0309S,5,0,0
2025/11/28 18:30,05F0309S,05F0439S,31,491,76
2025/11/28 18:30,05F0309S,05F0439S,32,518,19
2025/11/28 18:30,05F0309S,05F0439S,41,506,5
2025/11/28 18:30,05F0309S,05F0439S,42,0,0
2025/11/28 18:30,05F0309S,05F0439S,5,547,4
2025/11/28 18:30,05F0439S,05F0494S,31,200,22
2025/11/28 18:30,05F0439S,05F0494S,32,199,9
2025/11/28 18:30,05F0439S,05F0494S,41,0,0
2025/11/28 18:30,05F0439S,05F0494S,42,211,1
2025/11/28 18:30,05F0439S,05F0494S,5,238,4
2025/11/28 18:35,05F0000S,05F0055S,31,252,130
2025/11/28 18:35,05F0000S,05F0055S,32,253,33
2025/11/28 18:35,05F0000S,05F0055S,41,259,7
2025/11/28 18:35,05F0000S,05F0055S,42,0,0
2025/11/28 18:35,05F0000S,05F0055S,5,0,0
2025/11/28 18:35,05F0055S,05F0287S,31,1013,126
2025/11/28 18:35,05F0055S,05F0287S,32,1009,34
2025/11/28 18:35,05F0055S,05F0287S,41,1020,4
2025/11/28 18:35,05F0055S,05F0287S,42,0,0
2025/11/28 18:35,05F0055S,05F0287S,5,0,0
2025/11/28 18:35,05F0287S,05F0309S,31,85,102
2025/11/28 18:35,05F0287S,05F0309S,32,86,35
2025/11/28 18:35,05F0287S,05F0309S,41,92,1
2025/11/28 18:35,05F0287S,05F0309S,42,0,0
2025/11/28 18:35,05F0287S,05F0309S,5,0,0
2025/11/28 18:35,05F0309S,05F0439S,31,476,59
2025/11/28 18:35,05F0309S,05F0439S,32,488,14
2025/11/28 18:35,05F0309S,05F0439S,41,529,1
2025/11/28 18:35,05F0309S,05F0439S,42,0,0
2025/11/28 18:35,05F0309S,05F0439S,5,529,2
2025/11/28 18:35,05F0439S,05F0494S,31,211,16
2025/11/28 18:35,05F0439S,05F0494S,32,256,3
2025/11/28 18:35,05F0439S,05F0494S,41,214,1
2025/11/28 18:35,05F0439S,05F0494S,42,0,0
2025/11/28 18:35,05F0439S,05F0494S,5,258,1
2025/11/28 18:40,05F0000S,05F0055S,31,262,141
2025/11/28 18:40,05F0000S,05F0055S,32,265,31
2025/11/28 18:40,05F0000S,05F0055S,41,259,11
2025/11/28 18:40,05F0000S,05F0055S,42,0,0
2025/11/28 18:40,05F0000S,05F0055S,5,0,0
2025/11/28 18:40,05F0055S,05F0287S,31,1037,161
2025/11/28 18:40,05F0055S,05F0287S,32,1034,33
2025/11/28 18:40,05F0055S,05F0287S,41,1077,10
2025/11/28 18:40,05F0055S,05F0287S,42,0,0
2025/11/28 18:40,05F0055S,05F0287S,5,0,0
2025/11/28 18:40,05F0287S,05F0309S,31,86,94
2025/11/28 18:40,05F0287S,05F0309S,32,86,21
2025/11/28 18:40,05F0287S,05F0309S,41,92,5
2025/11/28 18:40,05F0287S,05F0309S,42,0,0
2025/11/28 18:40,05F0287S,05F0309S,5,0,0
2025/11/28 18:40,05F0309S,05F0439S,31,483,50
2025/11/28 18:40,05F0309S,05F0439S,32,468,21
2025/11/28 18:40,05F0309S,05F0439S,41,517,2
2025/11/28 18:40,05F0309S,05F0439S,42,0,0
2025/11/28 18:40,05F0309S,05F0439S,5,508,2
2025/11/28 18:40,05F0439S,05F0494S,31,200,20
2025/11/28 18:40,05F0439S,05F0494S,32,211,7
2025/11/28 18:40,05F0439S,05F0494S,41,0,0
2025/11/28 18:40,05F0439S,05F0494S,42,0,0
2025/11/28 18:40,05F0439S,05F0494S,5,219,2
2025/11/28 18:45,05F0000S,05F0055S,31,264,158
2025/11/28 18:45,05F0000S,05F0055S,32,270,50
2025/11/28 18:45,05F0000S,05F0055S,41,266,12
2025/11/28 18:45,05F0000S,05F0055S,42,0,0
2025/11/28 18:45,05F0000S,05F0055S,5,0,0
2025/11/28 18:45,05F0055S,05F0287S,31,1062,132
2025/11/28 18:45,05F0055S,05F0287S,32,1063,30
2025/11/28 18:45,05F0055S,05F0287S,41,1112,7
2025/11/28 18:45,05F0055S,05F0287S,42,0,0
2025/11/28 18:45,05F0055S,05F0287S,5,0,0
2025/11/28 18:45,05F0287S,05F0309S,31,87,97
2025/11/28 18:45,05F0287S,05F0309S,32,87,27
2025/11/28 18:45,05F0287S,05F0309S,41,94,6
2025/11/28 18:45,05F0287S,05F0309S,42,0,0
2025/11/28 18:45,05F0287S,05F0309S,5,0,0
2025/11/28 18:45,05F0309S,05F0439S,31,478,48
2025/11/28 18:45,05F0309S,05F0439S,32,461,12
2025/11/28 18:45,05F0309S,05F0439S,41,0,0
2025/11/28 18:45,05F0309S,05F0439S,42,530,1
2025/11/28 18:45,05F0309S,05F0439S,5,516,6
2025/11/28 18:45,05F0439S,05F0494S,31,190,13
2025/11/28 18:45,05F0439S,05F0494S,32,177,2
2025/11/28 18:45,05F0439S,05F0494S,41,0,0
2025/11/28 18:45,05F0439S,05F0494S,42,0,0
2025/11/28 18:45,05F0439S,05F0494S,5,206,1
2025/11/28 18:50,05F0000S,05F0055S,31,261,156
2025/11/28 18:50,05F0000S,05F0055S,32,261,43
2025/11/28 18:50,05F0000S,05F0055S,41,267,5
2025/11/28 18:50,05F0000S,05F0055S,42,0,0
2025/11/28 18:50,05F0000S,05F0055S,5,0,0
2025/11/28 18:50,05F0055S,05F0287S,31,1072,164
2025/11/28 18:50,05F0055S,05F0287S,32,1073,45
2025/11/28 18:50,05F0055S,05F0287S,41,1089,7
2025/11/28 18:50,05F0055S,05F0287S,42,0,0
2025/11/28 18:50,05F0055S,05F0287S,5,0,0
2025/11/28 18:50,05F0287S,05F0309S,31,86,118
2025/11/28 18:50,05F0287S,05F0309S,32,87,33
2025/11/28 18:50,05F0287S,05F0309S,41,94,10
2025/11/28 18:50,05F0287S,05F0309S,42,0,0
2025/11/28 18:50,05F0287S,05F0309S,5,0,0
2025/11/28 18:50,05F0309S,05F0439S,31,481,49
2025/11/28 18:50,05F0309S,05F0439S,32,494,12
2025/11/28 18:50,05F0309S,05F0439S,41,520,5
2025/11/28 18:50,05F0309S,05F0439S,42,0,0
2025/11/28 18:50,05F0309S,05F0439S,5,540,1
2025/11/28 18:50,05F0439S,05F0494S,31,201,14
2025/11/28 18:50,05F0439S,05F0494S,32,209,5
2025/11/28 18:50,05F0439S,05F0494S,41,0,0
2025/11/28 18:50,05F0439S,05F0494S,42,230,1
2025/11/28 18:50,05F0439S,05F0494S,5,214,7
2025/11/28 18:55,05F0000S,05F0055S,31,265,156
2025/11/28 18:55,05F0000S,05F0055S,32,268,34
2025/11/28 18:55,05F0000S,05F0055S,41,267,9
2025/11/28 18:55,05F0000S,05F0055S,42,0,0
2025/11/28 18:55,05F0000S,05F0055S,5,0,0
2025/11/28 18:55,05F0055S,05F0287S,31,1063,154
2025/11/28 18:55,05F0055S,05F0287S,32,1064,33
2025/11/28 18:55,05F0055S,05F0287S,41,1068,12
2025/11/28 18:55,05F0055S,05F0287S,42,0,0
2025/11/28 18:55,05F0055S,05F0287S,5,0,0
2025/11/28 18:55,05F0287S,05F0309S,31,88,115
2025/11/28 18:55,05F0287S,05F0309S,32,87,28
2025/11/28 18:55,05F0287S,05F0309S,41,94,7
2025/11/28 18:55,05F0287S,05F0309S,42,0,0
2025/11/28 18:55,05F0287S,05F0309S,5,0,0
2025/11/28 18:55,05F0309S,05F0439S,31,488,70
2025/11/28 18:55,05F0309S,05F0439S,32,494,22
2025/11/28 18:55,05F0309S,05F0439S,41,540,4
2025/11/28 18:55,05F0309S,05F0439S,42,626,1
2025/11/28 18:55,05F0309S,05F0439S,5,523,2
2025/11/28 18:55,05F0439S,05F0494S,31,207,12
2025/11/28 18:55,05F0439S,05F0494S,32,211,3
2025/11/28 18:55,05F0439S,05F0494S,41,0,0
2025/11/28 18:55,05F0439S,05F0494S,42,255,1
2025/11/28 18:55,05F0439S,05F0494S,5,227,2
2025/11/28 19:00,05F0000S,05F0055S,31,274,157
2025/11/28 19:00,05F0000S,05F0055S,32,275,38
2025/11/28 19:00,05F0000S,05F0055S,41,265,11
2025/11/28 19:00,05F0000S,05F0055S,42,0,0
2025/11/28 19:00,05F0000S,05F0055S,5,0,0
2025/11/28 19:00,05F0055S,05F0287S,31,1067,169
2025/11/28 19:00,05F0055S,05F0287S,32,1066,44
2025/11/28 19:00,05F0055S,05F0287S,41,1064,10
2025/11/28 19:00,05F0055S,05F0287S,42,0,0
2025/11/28 19:00,05F0055S,05F0287S,5,0,0
2025/11/28 19:00,05F0287S,05F0309S,31,90,132
2025/11/28 19:00,05F0287S,05F0309S,32,91,31
2025/11/28 19:00,05F0287S,05F0309S,41,93,13
2025/11/28 19:00,05F0287S,05F0309S,42,0,0
2025/11/28 19:00,05F0287S,05F0309S,5,0,0
2025/11/28 19:00,05F0309S,05F0439S,31,461,58
2025/11/28 19:00,05F0309S,05F0439S,32,482,18
2025/11/28 19:00,05F0309S,05F0439S,41,524,2
2025/11/28 19:00,05F0309S,05F0439S,42,0,0
2025/11/28 19:00,05F0309S,05F0439S,5,519,2
2025/11/28 19:00,05F0439S,05F0494S,31,201,18
2025/11/28 19:00,05F0439S,05F0494S,32,199,8
2025/11/28 19:00,05F0439S,05F0494S,41,0,0
2025/11/28 19:00,05F0439S,05F0494S,42,0,0
2025/11/28 19:00,05F0439S,05F0494S,5,215,2
2025/11/28 19:05,05F0000S,05F0055S,31,266,149
2025/11/28 19:05,05F0000S,05F0055S,32,267,43
2025/11/28 19:05,05F0000S,05F0055S,41,263,4
2025/11/28 19:05,05F0000S,05F0055S,42,0,0
2025/11/28 19:05,05F0000S,05F0055S,5,0,0
2025/11/28 19:05,05F0055S,05F0287S,31,1086,149
2025/11/28 19:05,05F0055S,05F0287S,32,1088,41
2025/11/28 19:05,05F0055S,05F0287S,41,1077,8
2025/11/28 19:05,05F0055S,05F0287S,42,0,0
2025/11/28 19:05,05F0055S,05F0287S,5,0,0
2025/11/28 19:05,05F0287S,05F0309S,31,86,103
2025/11/28 19:05,05F0287S,05F0309S,32,87,34
2025/11/28 19:05,05F0287S,05F0309S,41,91,6
2025/11/28 19:05,05F0287S,05F0309S,42,0,0
2025/11/28 19:05,05F0287S,05F0309S,5,0,0
2025/11/28 19:05,05F0309S,05F0439S,31,492,79
2025/11/28 19:05,05F0309S,05F0439S,32,509,13
2025/11/28 19:05,05F0309S,05F0439S,41,528,5
2025/11/28 19:05,05F0309S,05F0439S,42,0,0
2025/11/28 19:05,05F0309S,05F0439S,5,536,2
2025/11/28 19:05,05F0439S,05F0494S,31,198,14
2025/11/28 19:05,05F0439S,05F0494S,32,220,5
2025/11/28 19:05,05F0439S,05F0494S,41,0,0
2025/11/28 19:05,05F0439S,05F0494S,42,0,0
2025/11/28 19:05,05F0439S,05F0494S,5,232,2
2025/11/28 19:10,05F0000S,05F0055S,31,287,143
2025/11/28 19:10,05F0000S,05F0055S,32,278,50
2025/11/28 19:10,05F0000S,05F0055S,41,277,11
2025/11/28 19:10,05F0000S,05F0055S,42,0,0
2025/11/28 19:10,05F0000S,05F0055S,5,0,0
2025/11/28 19:10,05F0055S,05F0287S,31,1094,171
2025/11/28 19:10,05F0055S,05F0287S,32,1094,38
2025/11/28 19:10,05F0055S,05F0287S,41,1087,9
2025/11/28 19:10,05F0055S,05F0287S,42,1112,1
2025/11/28 19:10,05F0055S,05F0287S,5,0,0
2025/11/28 19:10,05F0287S,05F0309S,31,87,121
2025/11/28 19:10,05F0287S,05F0309S,32,89,31
2025/11/28 19:10,05F0287S,05F0309S,41,93,5
2025/11/28 19:10,05F0287S,05F0309S,42,96,1
2025/11/28 19:10,05F0287S,05F0309S,5,0,0
2025/11/28 19:10,05F0309S,05F0439S,31,490,81
2025/11/28 19:10,05F0309S,05F0439S,32,493,27
2025/11/28 19:10,05F0309S,05F0439S,41,543,8
2025/11/28 19:10,05F0309S,05F0439S,42,517,1
2025/11/28 19:10,05F0309S,05F0439S,5,0,0
2025/11/28 19:10,05F0439S,05F0494S,31,204,25
2025/11/28 19:10,05F0439S,05F0494S,32,228,2
2025/11/28 19:10,05F0439S,05F0494S,41,0,0
2025/11/28 19:10,05F0439S,05F0494S,42,0,0
2025/11/28 19:10,05F0439S,05F0494S,5,225,2
2025/11/28 19:15,05F0000S,05F0055S,31,321,133
2025/11/28 19:15,05F0000S,05F0055S,32,318,37
2025/11/28 19:15,05F0000S,05F0055S,41,306,9
2025/11/28 19:15,05F0000S,05F0055S,42,0,0
2025/11/28 19:15,05F0000S,05F0055S,5,0,0
2025/11/28 19:15,05F0055S,05F0287S,31,1127,153
2025/11/28 19:15,05F0055S,05F0287S,32,1117,35
2025/11/28 19:15,05F0055S,05F0287S,41,1123,8
2025/11/28 19:15,05F0055S,05F0287S,42,0,0
2025/11/28 19:15,05F0055S,05F0287S,5,0,0
2025/11/28 19:15,05F0287S,05F0309S,31,85,103
2025/11/28 19:15,05F0287S,05F0309S,32,88,21
2025/11/28 19:15,05F0287S,05F0309S,41,92,9
2025/11/28 19:15,05F0287S,05F0309S,42,0,0
2025/11/28 19:15,05F0287S,05F0309S,5,0,0
2025/11/28 19:15,05F0309S,05F0439S,31,478,66
2025/11/28 19:15,05F0309S,05F0439S,32,474,20
2025/11/28 19:15,05F0309S,05F0439S,41,512,4
2025/11/28 19:15,05F0309S,05F0439S,42,0,0
2025/11/28 19:15,05F0309S,05F0439S,5,513,1
2025/11/28 19:15,05F0439S,05F0494S,31,200,26
2025/11/28 19:15,05F0439S,05F0494S,32,188,10
2025/11/28 19:15,05F0439S,05F0494S,41,216,1
2025/11/28 19:15,05F0439S,05F0494S,42,217,1
2025/11/28 19:15,05F0439S,05F0494S,5,0,0
2025/11/28 19:20,05F0000S,05F0055S,31,331,153
2025/11/28 19:20,05F0000S,05F0055S,32,329,34
2025/11/28 19:20,05F0000S,05F0055S,41,329,7
2025/11/28 19:20,05F0000S,05F0055S,42,0,0
2025/11/28 19:20,05F0000S,05F0055S,5,0,0
2025/11/28 19:20,05F0055S,05F0287S,31,1143,160
2025/11/28 19:20,05F0055S,05F0287S,32,1150,39
2025/11/28 19:20,05F0055S,05F0287S,41,1113,8
2025/11/28 19:20,05F0055S,05F0287S,42,0,0
2025/11/28 19:20,05F0055S,05F0287S,5,0,0
2025/11/28 19:20,05F0287S,05F0309S,31,87,121
2025/11/28 19:20,05F0287S,05F0309S,32,89,25
2025/11/28 19:20,05F0287S,05F0309S,41,94,8
2025/11/28 19:20,05F0287S,05F0309S,42,0,0
2025/11/28 19:20,05F0287S,05F0309S,5,0,0
2025/11/28 19:20,05F0309S,05F0439S,31,467,57
2025/11/28 19:20,05F0309S,05F0439S,32,478,15
2025/11/28 19:20,05F0309S,05F0439S,41,519,5
2025/11/28 19:20,05F0309S,05F0439S,42,614,1
2025/11/28 19:20,05F0309S,05F0439S,5,0,0
2025/11/28 19:20,05F0439S,05F0494S,31,198,16
2025/11/28 19:20,05F0439S,05F0494S,32,212,7
2025/11/28 19:20,05F0439S,05F0494S,41,0,0
2025/11/28 19:20,05F0439S,05F0494S,42,0,0
2025/11/28 19:20,05F0439S,05F0494S,5,217,1
2025/11/28 19:25,05F0000S,05F0055S,31,336,173
2025/11/28 19:25,05F0000S,05F0055S,32,335,29
2025/11/28 19:25,05F0000S,05F0055S,41,315,11
2025/11/28 19:25,05F0000S,05F0055S,42,0,0
2025/11/28 19:25,05F0000S,05F0055S,5,0,0
2025/11/28 19:25,05F0055S,05F0287S,31,1153,169
2025/11/28 19:25,05F0055S,05F0287S,32,1155,51
2025/11/28 19:25,05F0055S,05F0287S,41,1164,5
2025/11/28 19:25,05F0055S,05F0287S,42,0,0
2025/11/28 19:25,05F0055S,05F0287S,5,0,0
2025/11/28 19:25,05F0287S,05F0309S,31,87,112
2025/11/28 19:25,05F0287S,05F0309S,32,89,34
2025/11/28 19:25,05F0287S,05F0309S,41,92,5
2025/11/28 19:25,05F0287S,05F0309S,42,0,0
2025/11/28 19:25,05F0287S,05F0309S,5,0,0
2025/11/28 19:25,05F0309S,05F0439S,31,478,60
2025/11/28 19:25,05F0309S,05F0439S,32,498,19
2025/11/28 19:25,05F0309S,05F0439S,41,521,5
2025/11/28 19:25,05F0309S,05F0439S,42,535,2
2025/11/28 19:25,05F0309S,05F0439S,5,498,3
2025/11/28 19:25,05F0439S,05F0494S,31,203,14
2025/11/28 19:25,05F0439S,05F0494S,32,952,2
2025/11/28 19:25,05F0439S,05F0494S,41,0,0
2025/11/28 19:25,05F0439S,05F0494S,42,205,1
2025/11/28 19:25,05F0439S,05F0494S,5,205,1
2025/11/28 19:30,05F0000S,05F0055S,31,299,160
2025/11/28 19:30,05F0000S,05F0055S,32,295,52
2025/11/28 19:30,05F0000S,05F0055S,41,287,12
2025/11/28 19:30,05F0000S,05F0055S,42,0,0
2025/11/28 19:30,05F0000S,05F0055S,5,0,0
2025/11/28 19:30,05F0055S,05F0287S,31,1164,161
2025/11/28 19:30,05F0055S,05F0287S,32,1165,49
2025/11/28 19:30,05F0055S,05F0287S,41,1120,12
2025/11/28 19:30,05F0055S,05F0287S,42,0,0
2025/11/28 19:30,05F0055S,05F0287S,5,0,0
2025/11/28 19:30,05F0287S,05F0309S,31,91,113
2025/11/28 19:30,05F0287S,05F0309S,32,94,47
2025/11/28 19:30,05F0287S,05F0309S,41,93,10
2025/11/28 19:30,05F0287S,05F0309S,42,0,0
2025/11/28 19:30,05F0287S,05F0309S,5,0,0
2025/11/28 19:30,05F0309S,05F0439S,31,482,70
2025/11/28 19:30,05F0309S,05F0439S,32,491,13
2025/11/28 19:30,05F0309S,05F0439S,41,537,6
2025/11/28 19:30,05F0309S,05F0439S,42,0,0
2025/11/28 19:30,05F0309S,05F0439S,5,0,0
2025/11/28 19:30,05F0439S,05F0494S,31,204,16
2025/11/28 19:30,05F0439S,05F0494S,32,200,8
2025/11/28 19:30,05F0439S,05F0494S,41,0,0
2025/11/28 19:30,05F0439S,05F0494S,42,0,0
2025/11/28 19:30,05F0439S,05F0494S,5,217,2
2025/11/28 19:35,05F0000S,05F0055S,31,269,160
2025/11/28 19:35,05F0000S,05F0055S,32,270,35
2025/11/28 19:35,05F0000S,05F0055S,41,273,8
2025/11/28 19:35,05F0000S,05F0055S,42,0,0
2025/11/28 19:35,05F0000S,05F0055S,5,0,0
2025/11/28 19:35,05F0055S,05F0287S,31,1136,160
2025/11/28 19:35,05F0055S,05F0287S,32,1138,40
2025/11/28 19:35,05F0055S,05F0287S,41,1107,10
2025/11/28 19:35,05F0055S,05F0287S,42,0,0
2025/11/28 19:35,05F0055S,05F0287S,5,0,0
2025/11/28 19:35,05F0287S,05F0309S,31,88,107
2025/11/28 19:35,05F0287S,05F0309S,32,88,24
2025/11/28 19:35,05F0287S,05F0309S,41,93,7
2025/11/28 19:35,05F0287S,05F0309S,42,0,0
2025/11/28 19:35,05F0287S,05F0309S,5,0,0
2025/11/28 19:35,05F0309S,05F0439S,31,493,65
2025/11/28 19:35,05F0309S,05F0439S,32,505,19
2025/11/28 19:35,05F0309S,05F0439S,41,540,2
2025/11/28 19:35,05F0309S,05F0439S,42,0,0
2025/11/28 19:35,05F0309S,05F0439S,5,486,4
2025/11/28 19:35,05F0439S,05F0494S,31,199,18
2025/11/28 19:35,05F0439S,05F0494S,32,192,5
2025/11/28 19:35,05F0439S,05F0494S,41,0,0
2025/11/28 19:35,05F0439S,05F0494S,42,0,0
2025/11/28 19:35,05F0439S,05F0494S,5,0,0
2025/11/28 19:40,05F0000S,05F0055S,31,263,143
2025/11/28 19:40,05F0000S,05F0055S,32,265,35
2025/11/28 19:40,05F0000S,05F0055S,41,272,9
2025/11/28 19:40,05F0000S,05F0055S,42,0,0
2025/11/28 19:40,05F0000S,05F0055S,5,0,0
2025/11/28 19:40,05F0055S,05F0287S,31,1132,160
2025/11/28 19:40,05F0055S,05F0287S,32,1135,39
2025/11/28 19:40,05F0055S,05F0287S,41,1147,5
2025/11/28 19:40,05F0055S,05F0287S,42,0,0
2025/11/28 19:40,05F0055S,05F0287S,5,0,0
2025/11/28 19:40,05F0287S,05F0309S,31,91,117
2025/11/28 19:40,05F0287S,05F0309S,32,91,32
2025/11/28 19:40,05F0287S,05F0309S,41,93,7
2025/11/28 19:40,05F0287S,05F0309S,42,0,0
2025/11/28 19:40,05F0287S,05F0309S,5,0,0
2025/11/28 19:40,05F0309S,05F0439S,31,486,63
2025/11/28 19:40,05F0309S,05F0439S,32,499,28
2025/11/28 19:40,05F0309S,05F0439S,41,525,5
2025/11/28 19:40,05F0309S,05F0439S,42,0,0
2025/11/28 19:40,05F0309S,05F0439S,5,0,0
2025/11/28 19:40,05F0439S,05F0494S,31,203,23
2025/11/28 19:40,05F0439S,05F0494S,32,217,4
2025/11/28 19:40,05F0439S,05F0494S,41,0,0
2025/11/28 19:40,05F0439S,05F0494S,42,0,0
2025/11/28 19:40,05F0439S,05F0494S,5,202,2
2025/11/28 19:45,05F0000S,05F0055S,31,269,182
2025/11/28 19:45,05F0000S,05F0055S,32,265,32
2025/11/28 19:45,05F0000S,05F0055S,41,270,8
2025/11/28 19:45,05F0000S,05F0055S,42,0,0
2025/11/28 19:45,05F0000S,05F0055S,5,0,0
2025/11/28 19:45,05F0055S,05F0287S,31,1141,181
2025/11/28 19:45,05F0055S,05F0287S,32,1145,33
2025/11/28 19:45,05F0055S,05F0287S,41,1156,10
2025/11/28 19:45,05F0055S,05F0287S,42,0,0
2025/11/28 19:45,05F0055S,05F0287S,5,0,0
2025/11/28 19:45,05F0287S,05F0309S,31,91,134
2025/11/28 19:45,05F0287S,05F0309S,32,91,24
2025/11/28 19:45,05F0287S,05F0309S,41,95,8
2025/11/28 19:45,05F0287S,05F0309S,42,0,0
2025/11/28 19:45,05F0287S,05F0309S,5,0,0
2025/11/28 19:45,05F0309S,05F0439S,31,490,65
2025/11/28 19:45,05F0309S,05F0439S,32,509,15
2025/11/28 19:45,05F0309S,05F0439S,41,525,6
2025/11/28 19:45,05F0309S,05F0439S,42,507,1
2025/11/28 19:45,05F0309S,05F0439S,5,492,2
2025/11/28 19:45,05F0439S,05F0494S,31,202,24
2025/11/28 19:45,05F0439S,05F0494S,32,207,6
2025/11/28 19:45,05F0439S,05F0494S,41,0,0
2025/11/28 19:45,05F0439S,05F0494S,42,0,0
2025/11/28 19:45,05F0439S,05F0494S,5,0,0
2025/11/28 19:50,05F0000S,05F0055S,31,263,141
2025/11/28 19:50,05F0000S,05F0055S,32,267,37
2025/11/28 19:50,05F0000S,05F0055S,41,264,10
2025/11/28 19:50,05F0000S,05F0055S,42,0,0
2025/11/28 19:50,05F0000S,05F0055S,5,0,0
2025/11/28 19:50,05F0055S,05F0287S,31,1154,165
2025/11/28 19:50,05F0055S,05F0287S,32,1163,51
2025/11/28 19:50,05F0055S,05F0287S,41,1153,11
2025/11/28 19:50,05F0055S,05F0287S,42,0,0
2025/11/28 19:50,05F0055S,05F0287S,5,0,0
2025/11/28 19:50,05F0287S,05F0309S,31,91,129
2025/11/28 19:50,05F0287S,05F0309S,32,92,34
2025/11/28 19:50,05F0287S,05F0309S,41,93,12
2025/11/28 19:50,05F0287S,05F0309S,42,0,0
2025/11/28 19:50,05F0287S,05F0309S,5,0,0
2025/11/28 19:50,05F0309S,05F0439S,31,498,72
2025/11/28 19:50,05F0309S,05F0439S,32,487,21
2025/11/28 19:50,05F0309S,05F0439S,41,531,3
2025/11/28 19:50,05F0309S,05F0439S,42,557,1
2025/11/28 19:50,05F0309S,05F0439S,5,543,1
2025/11/28 19:50,05F0439S,05F0494S,31,205,26
2025/11/28 19:50,05F0439S,05F0494S,32,200,6
2025/11/28 19:50,05F0439S,05F0494S,41,0,0
2025/11/28 19:50,05F0439S,05F0494S,42,0,0
2025/11/28 19:50,05F0439S,05F0494S,5,184,1
2025/11/28 19:55,05F0000S,05F0055S,31,260,167
2025/11/28 19:55,05F0000S,05F0055S,32,262,28
2025/11/28 19:55,05F0000S,05F0055S,41,259,7
2025/11/28 19:55,05F0000S,05F0055S,42,0,0
2025/11/28 19:55,05F0000S,05F0055S,5,0,0
2025/11/28 19:55,05F0055S,05F0287S,31,1147,192
2025/11/28 19:55,05F0055S,05F0287S,32,1144,37
2025/11/28 19:55,05F0055S,05F0287S,41,1177,10
2025/11/28 19:55,05F0055S,05F0287S,42,0,0
2025/11/28 19:55,05F0055S,05F0287S,5,0,0
2025/11/28 19:55,05F0287S,05F0309S,31,89,129
2025/11/28 19:55,05F0287S,05F0309S,32,88,29
2025/11/28 19:55,05F0287S,05F0309S,41,94,9
2025/11/28 19:55,05F0287S,05F0309S,42,0,0
2025/11/28 19:55,05F0287S,05F0309S,5,0,0
2025/11/28 19:55,05F0309S,05F0439S,31,487,82
2025/11/28 19:55,05F0309S,05F0439S,32,490,15
2025/11/28 19:55,05F0309S,05F0439S,41,535,5
2025/11/28 19:55,05F0309S,05F0439S,42,0,0
2025/11/28 19:55,05F0309S,05F0439S,5,0,0
2025/11/28 19:55,05F0439S,05F0494S,31,208,29
2025/11/28 19:55,05F0439S,05F0494S,32,195,11
2025/11/28 19:55,05F0439S,05F0494S,41,0,0
2025/11/28 19:55,05F0439S,05F0494S,42,238,1
2025/11/28 19:55,05F0439S,05F0494S,5,0,0
2025/11/28 20:00,05F0000S,05F0055S,31,274,157
2025/11/28 20:00,05F0000S,05F0055S,32,277,41
2025/11/28 20:00,05F0000S,05F0055S,41,275,5
2025/11/28 20:00,05F0000S,05F0055S,42,0,0
2025/11/28 20:00,05F0000S,05F0055S,5,0,0
2025/11/28 20:00,05F0055S,05F0287S,31,1136,160
2025/11/28 20:00,05F0055S,05F0287S,32,1138,40
2025/11/28 20:00,05F0055S,05F0287S,41,1155,8
2025/11/28 20:00,05F0055S,05F0287S,42,0,0
2025/11/28 20:00,05F0055S,05F0287S,5,0,0
2025/11/28 20:00,05F0287S,05F0309S,31,88,104
2025/11/28 20:00,05F0287S,05F0309S,32,90,25
2025/11/28 20:00,05F0287S,05F0309S,41,94,5
2025/11/28 20:00,05F0287S,05F0309S,42,0,0
2025/11/28 20:00,05F0287S,05F0309S,5,0,0
2025/11/28 20:00,05F0309S,05F0439S,31,486,69
2025/11/28 20:00,05F0309S,05F0439S,32,486,24
2025/11/28 20:00,05F0309S,05F0439S,41,534,7
2025/11/28 20:00,05F0309S,05F0439S,42,0,0
2025/11/28 20:00,05F0309S,05F0439S,5,0,0
2025/11/28 20:00,05F0439S,05F0494S,31,200,25
2025/11/28 20:00,05F0439S,05F0494S,32,0,0
2025/11/28 20:00,05F0439S,05F0494S,41,0,0
2025/11/28 20:00,05F0439S,05F0494S,42,0,0
2025/11/28 20:00,05F0439S,05F0494S,5,0,0
2025/11/28 20:05,05F0000S,05F0055S,31,289,169
2025/11/28 20:05,05F0000S,05F0055S,32,286,48
2025/11/28 20:05,05F0000S,05F0055S,41,283,8
2025/11/28 20:05,05F0000S,05F0055S,42,0,0
2025/11/28 20:05,05F0000S,05F0055S,5,0,0
2025/11/28 20:05,05F0055S,05F0287S,31,1140,182
2025/11/28 20:05,05F0055S,05F0287S,32,1141,34
2025/11/28 20:05,05F0055S,05F0287S,41,1144,10
2025/11/28 20:05,05F0055S,05F0287S,42,0,0
2025/11/28 20:05,05F0055S,05F0287S,5,0,0
2025/11/28 20:05,05F0287S,05F0309S,31,90,126
2025/11/28 20:05,05F0287S,05F0309S,32,90,33
2025/11/28 20:05,05F0287S,05F0309S,41,93,6
2025/11/28 20:05,05F0287S,05F0309S,42,0,0
2025/11/28 20:05,05F0287S,05F0309S,5,0,0
2025/11/28 20:05,05F0309S,05F0439S,31,501,78
2025/11/28 20:05,05F0309S,05F0439S,32,501,13
2025/11/28 20:05,05F0309S,05F0439S,41,537,3
2025/11/28 20:05,05F0309S,05F0439S,42,0,0
2025/11/28 20:05,05F0309S,05F0439S,5,0,0
2025/11/28 20:05,05F0439S,05F0494S,31,193,17
2025/11/28 20:05,05F0439S,05F0494S,32,209,7
2025/11/28 20:05,05F0439S,05F0494S,41,223,1
2025/11/28 20:05,05F0439S,05F0494S,42,0,0
2025/11/28 20:05,05F0439S,05F0494S,5,0,0
2025/11/28 20:10,05F0000S,05F0055S,31,297,165
2025/11/28 20:10,05F0000S,05F0055S,32,295,38
2025/11/28 20:10,05F0000S,05F0055S,41,285,5
2025/11/28 20:10,05F0000S,05F0055S,42,0,0
2025/11/28 20:10,05F0000S,05F0055S,5,0,0
2025/11/28 20:10,05F0055S,05F0287S,31,1127,174
2025/11/28 20:10,05F0055S,05F0287S,32,1141,41
2025/11/28 20:10,05F0055S,05F0287S,41,1160,12
2025/11/28 20:10,05F0055S,05F0287S,42,0,0
2025/11/28 20:10,05F0055S,05F0287S,5,0,0
2025/11/28 20:10,05F0287S,05F0309S,31,91,128
2025/11/28 20:10,05F0287S,05F0309S,32,93,32
2025/11/28 20:10,05F0287S,05F0309S,41,94,9
2025/11/28 20:10,05F0287S,05F0309S,42,0,0
2025/11/28 20:10,05F0287S,05F0309S,5,0,0
2025/11/28 20:10,05F0309S,05F0439S,31,489,63
2025/11/28 20:10,05F0309S,05F0439S,32,499,17
2025/11/28 20:10,05F0309S,05F0439S,41,496,2
2025/11/28 20:10,05F0309S,05F0439S,42,553,1
2025/11/28 20:10,05F0309S,05F0439S,5,483,1
2025/11/28 20:10,05F0439S,05F0494S,31,198,17
2025/11/28 20:10,05F0439S,05F0494S,32,211,4
2025/11/28 20:10,05F0439S,05F0494S,41,0,0
2025/11/28 20:10,05F0439S,05F0494S,42,0,0
2025/11/28 20:10,05F0439S,05F0494S,5,208,1
2025/11/28 20:15,05F0000S,05F0055S,31,282,148
2025/11/28 20:15,05F0000S,05F0055S,32,281,36
2025/11/28 20:15,05F0000S,05F0055S,41,274,7
2025/11/28 20:15,05F0000S,05F0055S,42,0,0
2025/11/28 20:15,05F0000S,05F0055S,5,0,0
2025/11/28 20:15,05F0055S,05F0287S,31,1105,191
2025/11/28 20:15,05F0055S,05F0287S,32,1109,35
2025/11/28 20:15,05F0055S,05F0287S,41,1101,4
2025/11/28 20:15,05F0055S,05F0287S,42,0,0
2025/11/28 20:15,05F0055S,05F0287S,5,0,0
2025/11/28 20:15,05F0287S,05F0309S,31,88,132
2025/11/28 20:15,05F0287S,05F0309S,32,90,29
2025/11/28 20:15,05F0287S,05F0309S,41,95,8
2025/11/28 20:15,05F0287S,05F0309S,42,0,0
2025/11/28 20:15,05F0287S,05F0309S,5,0,0
2025/11/28 20:15,05F0309S,05F0439S,31,489,71
2025/11/28 20:15,05F0309S,05F0439S,32,498,21
2025/11/28 20:15,05F0309S,05F0439S,41,540,6
2025/11/28 20:15,05F0309S,05F0439S,42,0,0
2025/11/28 20:15,05F0309S,05F0439S,5,523,2
2025/11/28 20:15,05F0439S,05F0494S,31,196,17
2025/11/28 20:15,05F0439S,05F0494S,32,202,11
2025/11/28 20:15,05F0439S,05F0494S,41,0,0
2025/11/28 20:15,05F0439S,05F0494S,42,236,1
2025/11/28 20:15,05F0439S,05F0494S,5,0,0
2025/11/28 20:20,05F0000S,05F0055S,31,280,155
2025/11/28 20:20,05F0000S,05F0055S,32,278,34
2025/11/28 20:20,05F0000S,05F0055S,41,266,14
2025/11/28 20:20,05F0000S,05F0055S,42,0,0
2025/11/28 20:20,05F0000S,05F0055S,5,0,0
2025/11/28 20:20,05F0055S,05F0287S,31,1104,159
2025/11/28 20:20,05F0055S,05F0287S,32,1105,48
2025/11/28 20:20,05F0055S,05F0287S,41,1097,6
2025/11/28 20:20,05F0055S,05F0287S,42,0,0
2025/11/28 20:20,05F0055S,05F0287S,5,0,0
2025/11/28 20:20,05F0287S,05F0309S,31,87,117
2025/11/28 20:20,05F0287S,05F0309S,32,87,33
2025/11/28 20:20,05F0287S,05F0309S,41,88,4
2025/11/28 20:20,05F0287S,05F0309S,42,0,0
2025/11/28 20:20,05F0287S,05F0309S,5,0,0
2025/11/28 20:20,05F0309S,05F0439S,31,495,78
2025/11/28 20:20,05F0309S,05F0439S,32,497,17
2025/11/28 20:20,05F0309S,05F0439S,41,533,4
2025/11/28 20:20,05F0309S,05F0439S,42,0,0
2025/11/28 20:20,05F0309S,05F0439S,5,578,2
2025/11/28 20:20,05F0439S,05F0494S,31,199,24
2025/11/28 20:20,05F0439S,05F0494S,32,226,6
2025/11/28 20:20,05F0439S,05F0494S,41,0,0
2025/11/28 20:20,05F0439S,05F0494S,42,0,0
2025/11/28 20:20,05F0439S,05F0494S,5,205,1
2025/11/28 20:25,05F0000S,05F0055S,31,259,156
2025/11/28 20:25,05F0000S,05F0055S,32,257,34
2025/11/28 20:25,05F0000S,05F0055S,41,254,10
2025/11/28 20:25,05F0000S,05F0055S,42,0,0
2025/11/28 20:25,05F0000S,05F0055S,5,0,0
2025/11/28 20:25,05F0055S,05F0287S,31,1130,163
2025/11/28 20:25,05F0055S,05F0287S,32,1131,53
2025/11/28 20:25,05F0055S,05F0287S,41,1116,5
2025/11/28 20:25,05F0055S,05F0287S,42,0,0
2025/11/28 20:25,05F0055S,05F0287S,5,0,0
2025/11/28 20:25,05F0287S,05F0309S,31,88,116
2025/11/28 20:25,05F0287S,05F0309S,32,91,28
2025/11/28 20:25,05F0287S,05F0309S,41,93,7
2025/11/28 20:25,05F0287S,05F0309S,42,0,0
2025/11/28 20:25,05F0287S,05F0309S,5,0,0
2025/11/28 20:25,05F0309S,05F0439S,31,493,73
2025/11/28 20:25,05F0309S,05F0439S,32,492,24
2025/11/28 20:25,05F0309S,05F0439S,41,538,2
2025/11/28 20:25,05F0309S,05F0439S,42,519,1
2025/11/28 20:25,05F0309S,05F0439S,5,577,1
2025/11/28 20:25,05F0439S,05F0494S,31,194,28
2025/11/28 20:25,05F0439S,05F0494S,32,218,11
2025/11/28 20:25,05F0439S,05F0494S,41,0,0
2025/11/28 20:25,05F0439S,05F0494S,42,217,1
2025/11/28 20:25,05F0439S,05F0494S,5,232,2
2025/11/28 20:30,05F0000S,05F0055S,31,257,139
2025/11/28 20:30,05F0000S,05F0055S,32,259,37
2025/11/28 20:30,05F0000S,05F0055S,41,259,4
2025/11/28 20:30,05F0000S,05F0055S,42,0,0
2025/11/28 20:30,05F0000S,05F0055S,5,0,0
2025/11/28 20:30,05F0055S,05F0287S,31,1106,194
2025/11/28 20:30,05F0055S,05F0287S,32,1108,44
2025/11/28 20:30,05F0055S,05F0287S,41,1117,9
2025/11/28 20:30,05F0055S,05F0287S,42,0,0
2025/11/28 20:30,05F0055S,05F0287S,5,0,0
2025/11/28 20:30,05F0287S,05F0309S,31,91,132
2025/11/28 20:30,05F0287S,05F0309S,32,91,36
2025/11/28 20:30,05F0287S,05F0309S,41,95,4
2025/11/28 20:30,05F0287S,05F0309S,42,0,0
2025/11/28 20:30,05F0287S,05F0309S,5,0,0
2025/11/28 20:30,05F0309S,05F0439S,31,490,71
2025/11/28 20:30,05F0309S,05F0439S,32,475,17
2025/11/28 20:30,05F0309S,05F0439S,41,488,4
2025/11/28 20:30,05F0309S,05F0439S,42,0,0
2025/11/28 20:30,05F0309S,05F0439S,5,0,0
2025/11/28 20:30,05F0439S,05F0494S,31,207,22
2025/11/28 20:30,05F0439S,05F0494S,32,211,10
2025/11/28 20:30,05F0439S,05F0494S,41,0,0
2025/11/28 20:30,05F0439S,05F0494S,42,0,0
2025/11/28 20:30,05F0439S,05F0494S,5,0,0
2025/11/28 20:35,05F0000S,05F0055S,31,257,133
2025/11/28 20:35,05F0000S,05F0055S,32,255,26
2025/11/28 20:35,05F0000S,05F0055S,41,265,7
2025/11/28 20:35,05F0000S,05F0055S,42,0,0
2025/11/28 20:35,05F0000S,05F0055S,5,0,0
2025/11/28 20:35,05F0055S,05F0287S,31,1097,146
2025/11/28 20:35,05F0055S,05F0287S,32,1097,36
2025/11/28 20:35,05F0055S,05F0287S,41,1109,7
2025/11/28 20:35,05F0055S,05F0287S,42,0,0
2025/11/28 20:35,05F0055S,05F0287S,5,0,0
2025/11/28 20:35,05F0287S,05F0309S,31,89,111
2025/11/28 20:35,05F0287S,05F0309S,32,89,26
2025/11/28 20:35,05F0287S,05F0309S,41,95,7
2025/11/28 20:35,05F0287S,05F0309S,42,0,0
2025/11/28 20:35,05F0287S,05F0309S,5,0,0
2025/11/28 20:35,05F0309S,05F0439S,31,492,71
2025/11/28 20:35,05F0309S,05F0439S,32,492,22
2025/11/28 20:35,05F0309S,05F0439S,41,515,2
2025/11/28 20:35,05F0309S,05F0439S,42,472,1
2025/11/28 20:35,05F0309S,05F0439S,5,488,3
2025/11/28 20:35,05F0439S,05F0494S,31,204,29
2025/11/28 20:35,05F0439S,05F0494S,32,229,6
2025/11/28 20:35,05F0439S,05F0494S,41,0,0
2025/11/28 20:35,05F0439S,05F0494S,42,0,0
2025/11/28 20:35,05F0439S,05F0494S,5,0,0
2025/11/28 20:40,05F0000S,05F0055S,31,264,157
2025/11/28 20:40,05F0000S,05F0055S,32,267,44
2025/11/28 20:40,05F0000S,05F0055S,41,275,7
2025/11/28 20:40,05F0000S,05F0055S,42,266,1
2025/11/28 20:40,05F0000S,05F0055S,5,0,0
2025/11/28 20:40,05F0055S,05F0287S,31,1121,162
2025/11/28 20:40,05F0055S,05F0287S,32,1136,35
2025/11/28 20:40,05F0055S,05F0287S,41,1104,12
2025/11/28 20:40,05F0055S,05F0287S,42,0,0
2025/11/28 20:40,05F0055S,05F0287S,5,0,0
2025/11/28 20:40,05F0287S,05F0309S,31,88,104
2025/11/28 20:40,05F0287S,05F0309S,32,86,24
2025/11/28 20:40,05F0287S,05F0309S,41,92,11
2025/11/28 20:40,05F0287S,05F0309S,42,0,0
2025/11/28 20:40,05F0287S,05F0309S,5,0,0
2025/11/28 20:40,05F0309S,05F0439S,31,491,89
2025/11/28 20:40,05F0309S,05F0439S,32,491,14
2025/11/28 20:40,05F0309S,05F0439S,41,525,4
2025/11/28 20:40,05F0309S,05F0439S,42,511,1
2025/11/28 20:40,05F0309S,05F0439S,5,507,2
2025/11/28 20:40,05F0439S,05F0494S,31,203,26
2025/11/28 20:40,05F0439S,05F0494S,32,212,8
2025/11/28 20:40,05F0439S,05F0494S,41,0,0
2025/11/28 20:40,05F0439S,05F0494S,42,206,2
2025/11/28 20:40,05F0439S,05F0494S,5,207,3
2025/11/28 20:45,05F0000S,05F0055S,31,268,152
2025/11/28 20:45,05F0000S,05F0055S,32,270,37
2025/11/28 20:45,05F0000S,05F0055S,41,277,9
2025/11/28 20:45,05F0000S,05F0055S,42,2952,1
2025/11/28 20:45,05F0000S,05F0055S,5,3128,1
2025/11/28 20:45,05F0055S,05F0287S,31,1134,172
2025/11/28 20:45,05F0055S,05F0287S,32,1122,44
2025/11/28 20:45,05F0055S,05F0287S,41,1106,9
2025/11/28 20:45,05F0055S,05F0287S,42,0,0
2025/11/28 20:45,05F0055S,05F0287S,5,0,0
2025/11/28 20:45,05F0287S,05F0309S,31,89,111
2025/11/28 20:45,05F0287S,05F0309S,32,89,33
2025/11/28 20:45,05F0287S,05F0309S,41,91,8
2025/11/28 20:45,05F0287S,05F0309S,42,0,0
2025/11/28 20:45,05F0287S,05F0309S,5,0,0
2025/11/28 20:45,05F0309S,05F0439S,31,490,63
2025/11/28 20:45,05F0309S,05F0439S,32,513,13
2025/11/28 20:45,05F0309S,05F0439S,41,516,3
2025/11/28 20:45,05F0309S,05F0439S,42,0,0
2025/11/28 20:45,05F0309S,05F0439S,5,578,1
2025/11/28 20:45,05F0439S,05F0494S,31,197,24
2025/11/28 20:45,05F0439S,05F0494S,32,218,6
2025/11/28 20:45,05F0439S,05F0494S,41,0,0
2025/11/28 20:45,05F0439S,05F0494S,42,0,0
2025/11/28 20:45,05F0439S,05F0494S,5,207,2
2025/11/28 20:50,05F0000S,05F0055S,31,261,158
2025/11/28 20:50,05F0000S,05F0055S,32,261,33
2025/11/28 20:50,05F0000S,05F0055S,41,254,5
2025/11/28 20:50,05F0000S,05F0055S,42,0,0
2025/11/28 20:50,05F0000S,05F0055S,5,0,0
2025/11/28 20:50,05F0055S,05F0287S,31,1103,148
2025/11/28 20:50,05F0055S,05F0287S,32,1106,44
2025/11/28 20:50,05F0055S,05F0287S,41,1048,7
2025/11/28 20:50,05F0055S,05F0287S,42,0,0
2025/11/28 20:50,05F0055S,05F0287S,5,0,0
2025/11/28 20:50,05F0287S,05F0309S,31,88,120
2025/11/28 20:50,05F0287S,05F0309S,32,88,35
2025/11/28 20:50,05F0287S,05F0309S,41,95,2
2025/11/28 20:50,05F0287S,05F0309S,42,0,0
2025/11/28 20:50,05F0287S,05F0309S,5,0,0
2025/11/28 20:50,05F0309S,05F0439S,31,492,55
2025/11/28 20:50,05F0309S,05F0439S,32,489,20
2025/11/28 20:50,05F0309S,05F0439S,41,528,7
2025/11/28 20:50,05F0309S,05F0439S,42,0,0
2025/11/28 20:50,05F0309S,05F0439S,5,584,1
2025/11/28 20:50,05F0439S,05F0494S,31,198,24
2025/11/28 20:50,05F0439S,05F0494S,32,205,9
2025/11/28 20:50,05F0439S,05F0494S,41,208,1
2025/11/28 20:50,05F0439S,05F0494S,42,0,0
2025/11/28 20:50,05F0439S,05F0494S,5,236,1
2025/11/28 20:55,05F0000S,05F0055S,31,253,151
2025/11/28 20:55,05F0000S,05F0055S,32,258,29
2025/11/28 20:55,05F0000S,05F0055S,41,258,7
2025/11/28 20:55,05F0000S,05F0055S,42,0,0
2025/11/28 20:55,05F0000S,05F0055S,5,0,0
2025/11/28 20:55,05F0055S,05F0287S,31,1078,164
2025/11/28 20:55,05F0055S,05F0287S,32,1074,42
2025/11/28 20:55,05F0055S,05F0287S,41,1083,8
2025/11/28 20:55,05F0055S,05F0287S,42,1071,1
2025/11/28 20:55,05F0055S,05F0287S,5,0,0
2025/11/28 20:55,05F0287S,05F0309S,31,89,102
2025/11/28 20:55,05F0287S,05F0309S,32,91,25
2025/11/28 20:55,05F0287S,05F0309S,41,95,10
2025/11/28 20:55,05F0287S,05F0309S,42,0,0
2025/11/28 20:55,05F0287S,05F0309S,5,0,0
2025/11/28 20:55,05F0309S,05F0439S,31,492,69
2025/11/28 20:55,05F0309S,05F0439S,32,512,23
2025/11/28 20:55,05F0309S,05F0439S,41,528,4
2025/11/28 20:55,05F0309S,05F0439S,42,511,1
2025/11/28 20:55,05F0309S,05F0439S,5,0,0
2025/11/28 20:55,05F0439S,05F0494S,31,210,20
2025/11/28 20:55,05F0439S,05F0494S,32,208,6
2025/11/28 20:55,05F0439S,05F0494S,41,0,0
2025/11/28 20:55,05F0439S,05F0494S,42,0,0
2025/11/28 20:55,05F0439S,05F0494S,5,0,0
2025/11/28 21:00,05F0000S,05F0055S,31,255,133
2025/11/28 21:00,05F0000S,05F0055S,32,252,26
2025/11/28 21:00,05F0000S,05F0055S,41,253,7
2025/11/28 21:00,05F0000S,05F0055S,42,0,0
2025/11/28 21:00,05F0000S,05F0055S,5,0,0
2025/11/28 21:00,05F0055S,05F0287S,31,1057,148
2025/11/28 21:00,05F0055S,05F0287S,32,1058,37
2025/11/28 21:00,05F0055S,05F0287S,41,1084,5
2025/11/28 21:00,05F0055S,05F0287S,42,0,0
2025/11/28 21:00,05F0055S,05F0287S,5,0,0
2025/11/28 21:00,05F0287S,05F0309S,31,90,130
2025/11/28 21:00,05F0287S,05F0309S,32,90,36
2025/11/28 21:00,05F0287S,05F0309S,41,96,3
2025/11/28 21:00,05F0287S,05F0309S,42,95,1
2025/11/28 21:00,05F0287S,05F0309S,5,0,0
2025/11/28 21:00,05F0309S,05F0439S,31,487,73
2025/11/28 21:00,05F0309S,05F0439S,32,482,22
2025/11/28 21:00,05F0309S,05F0439S,41,530,2
2025/11/28 21:00,05F0309S,05F0439S,42,533,1
2025/11/28 21:00,05F0309S,05F0439S,5,0,0
2025/11/28 21:00,05F0439S,05F0494S,31,212,31
2025/11/28 21:00,05F0439S,05F0494S,32,205,13
2025/11/28 21:00,05F0439S,05F0494S,41,0,0
2025/11/28 21:00,05F0439S,05F0494S,42,216,1
2025/11/28 21:00,05F0439S,05F0494S,5,0,0
2025/11/28 21:05,05F0000S,05F0055S,31,271,141
2025/11/28 21:05,05F0000S,05F0055S,32,275,39
2025/11/28 21:05,05F0000S,05F0055S,41,281,3
2025/11/28 21:05,05F0000S,05F0055S,42,0,0
2025/11/28 21:05,05F0000S,05F0055S,5,0,0
2025/11/28 21:05,05F0055S,05F0287S,31,1060,164
2025/11/28 21:05,05F0055S,05F0287S,32,1070,31
2025/11/28 21:05,05F0055S,05F0287S,41,1098,9
2025/11/28 21:05,05F0055S,05F0287S,42,0,0
2025/11/28 21:05,05F0055S,05F0287S,5,0,0
2025/11/28 21:05,05F0287S,05F0309S,31,88,117
2025/11/28 21:05,05F0287S,05F0309S,32,86,23
2025/11/28 21:05,05F0287S,05F0309S,41,94,8
2025/11/28 21:05,05F0287S,05F0309S,42,0,0
2025/11/28 21:05,05F0287S,05F0309S,5,0,0
2025/11/28 21:05,05F0309S,05F0439S,31,502,72
2025/11/28 21:05,05F0309S,05F0439S,32,488,23
2025/11/28 21:05,05F0309S,05F0439S,41,540,4
2025/11/28 21:05,05F0309S,05F0439S,42,588,5
2025/11/28 21:05,05F0309S,05F0439S,5,576,2
2025/11/28 21:05,05F0439S,05F0494S,31,208,27
2025/11/28 21:05,05F0439S,05F0494S,32,217,11
2025/11/28 21:05,05F0439S,05F0494S,41,0,0
2025/11/28 21:05,05F0439S,05F0494S,42,0,0
2025/11/28 21:05,05F0439S,05F0494S,5,0,0
2025/11/28 21:10,05F0000S,05F0055S,31,280,149
2025/11/28 21:10,05F0000S,05F0055S,32,279,39
2025/11/28 21:10,05F0000S,05F0055S,41,293,4
2025/11/28 21:10,05F0000S,05F0055S,42,0,0
2025/11/28 21:10,05F0000S,05F0055S,5,0,0
2025/11/28 21:10,05F0055S,05F0287S,31,1084,147
2025/11/28 21:10,05F0055S,05F0287S,32,1084,34
2025/11/28 21:10,05F0055S,05F0287S,41,1079,5
2025/11/28 21:10,05F0055S,05F0287S,42,0,0
2025/11/28 21:10,05F0055S,05F0287S,5,0,0
2025/11/28 21:10,05F0287S,05F0309S,31,87,104
2025/11/28 21:10,05F0287S,05F0309S,32,88,29
2025/11/28 21:10,05F0287S,05F0309S,41,94,7
2025/11/28 21:10,05F0287S,05F0309S,42,0,0
2025/11/28 21:10,05F0287S,05F0309S,5,0,0
2025/11/28 21:10,05F0309S,05F0439S,31,490,54
2025/11/28 21:10,05F0309S,05F0439S,32,482,21
2025/11/28 21:10,05F0309S,05F0439S,41,496,2
2025/11/28 21:10,05F0309S,05F0439S,42,539,2
2025/11/28 21:10,05F0309S,05F0439S,5,517,1
2025/11/28 21:10,05F0439S,05F0494S,31,202,29
2025/11/28 21:10,05F0439S,05F0494S,32,190,10
2025/11/28 21:10,05F0439S,05F0494S,41,0,0
2025/11/28 21:10,05F0439S,05F0494S,42,219,2
2025/11/28 21:10,05F0439S,05F0494S,5,228,1
2025/11/28 21:15,05F0000S,05F0055S,31,260,157
2025/11/28 21:15,05F0000S,05F0055S,32,262,38
2025/11/28 21:15,05F0000S,05F0055S,41,267,5
2025/11/28 21:15,05F0000S,05F0055S,42,0,0
2025/11/28 21:15,05F0000S,05F0055S,5,0,0
2025/11/28 21:15,05F0055S,05F0287S,31,1084,170
2025/11/28 21:15,05F0055S,05F0287S,32,1083,31
2025/11/28 21:15,05F0055S,05F0287S,41,1104,5
2025/11/28 21:15,05F0055S,05F0287S,42,0,0
2025/11/28 21:15,05F0055S,05F0287S,5,0,0
2025/11/28 21:15,05F0287S,05F0309S,31,88,119
2025/11/28 21:15,05F0287S,05F0309S,32,89,18
2025/11/28 21:15,05F0287S,05F0309S,41,93,6
2025/11/28 21:15,05F0287S,05F0309S,42,0,0
2025/11/28 21:15,05F0287S,05F0309S,5,0,0
2025/11/28 21:15,05F0309S,05F0439S,31,489,69
2025/11/28 21:15,05F0309S,05F0439S,32,479,10
2025/11/28 21:15,05F0309S,05F0439S,41,539,6
2025/11/28 21:15,05F0309S,05F0439S,42,0,0
2025/11/28 21:15,05F0309S,05F0439S,5,532,2
2025/11/28 21:15,05F0439S,05F0494S,31,209,28
2025/11/28 21:15,05F0439S,05F0494S,32,207,8
2025/11/28 21:15,05F0439S,05F0494S,41,0,0
2025/11/28 21:15,05F0439S,05F0494S,42,231,1
2025/11/28 21:15,05F0439S,05F0494S,5,212,1
2025/11/28 21:20,05F0000S,05F0055S,31,258,141
2025/11/28 21:20,05F0000S,05F0055S,32,262,35
2025/11/28 21:20,05F0000S,05F0055S,41,254,3
2025/11/28 21:20,05F0000S,05F0055S,42,0,0
2025/11/28 21:20,05F0000S,05F0055S,5,0,0
2025/11/28 21:20,05F0055S,05F0287S,31,1031,163
2025/11/28 21:20,05F0055S,05F0287S,32,1038,33
2025/11/28 21:20,05F0055S,05F0287S,41,1035,7
2025/11/28 21:20,05F0055S,05F0287S,42,0,0
2025/11/28 21:20,05F0055S,05F0287S,5,0,0
2025/11/28 21:20,05F0287S,05F0309S,31,88,119
2025/11/28 21:20,05F0287S,05F0309S,32,89,23
2025/11/28 21:20,05F0287S,05F0309S,41,94,5
2025/11/28 21:20,05F0287S,05F0309S,42,0,0
2025/11/28 21:20,05F0287S,05F0309S,5,0,0
2025/11/28 21:20,05F0309S,05F0439S,31,481,65
2025/11/28 21:20,05F0309S,05F0439S,32,476,14
2025/11/28 21:20,05F0309S,05F0439S,41,537,3
2025/11/28 21:20,05F0309S,05F0439S,42,478,1
2025/11/28 21:20,05F0309S,05F0439S,5,540,2
2025/11/28 21:20,05F0439S,05F0494S,31,208,23
2025/11/28 21:20,05F0439S,05F0494S,32,203,5
2025/11/28 21:20,05F0439S,05F0494S,41,0,0
2025/11/28 21:20,05F0439S,05F0494S,42,173,1
2025/11/28 21:20,05F0439S,05F0494S,5,226,3
2025/11/28 21:25,05F0000S,05F0055S,31,255,152
2025/11/28 21:25,05F0000S,05F0055S,32,255,41
2025/11/28 21:25,05F0000S,05F0055S,41,250,10
2025/11/28 21:25,05F0000S,05F0055S,42,0,0
2025/11/28 21:25,05F0000S,05F0055S,5,0,0
2025/11/28 21:25,05F0055S,05F0287S,31,1035,133
2025/11/28 21:25,05F0055S,05F0287S,32,1040,38
2025/11/28 21:25,05F0055S,05F0287S,41,1060,6
2025/11/28 21:25,05F0055S,05F0287S,42,0,0
2025/11/28 21:25,05F0055S,05F0287S,5,0,0
2025/11/28 21:25,05F0287S,05F0309S,31,88,107
2025/11/28 21:25,05F0287S,05F0309S,32,88,25
2025/11/28 21:25,05F0287S,05F0309S,41,94,4
2025/11/28 21:25,05F0287S,05F0309S,42,0,0
2025/11/28 21:25,05F0287S,05F0309S,5,0,0
2025/11/28 21:25,05F0309S,05F0439S,31,489,92
2025/11/28 21:25,05F0309S,05F0439S,32,482,9
2025/11/28 21:25,05F0309S,05F0439S,41,538,3
2025/11/28 21:25,05F0309S,05F0439S,42,476,1
2025/11/28 21:25,05F0309S,05F0439S,5,492,3
2025/11/28 21:25,05F0439S,05F0494S,31,206,27
2025/11/28 21:25,05F0439S,05F0494S,32,201,5
2025/11/28 21:25,05F0439S,05F0494S,41,0,0
2025/11/28 21:25,05F0439S,05F0494S,42,0,0
2025/11/28 21:25,05F0439S,05F0494S,5,204,1
2025/11/28 21:30,05F0000S,05F0055S,31,247,116
2025/11/28 21:30,05F0000S,05F0055S,32,252,23
2025/11/28 21:30,05F0000S,05F0055S,41,259,1
2025/11/28 21:30,05F0000S,05F0055S,42,0,0
2025/11/28 21:30,05F0000S,05F0055S,5,0,0
2025/11/28 21:30,05F0055S,05F0287S,31,1069,152
2025/11/28 21:30,05F0055S,05F0287S,32,1072,50
2025/11/28 21:30,05F0055S,05F0287S,41,1087,4
2025/11/28 21:30,05F0055S,05F0287S,42,1156,1
2025/11/28 21:30,05F0055S,05F0287S,5,0,0
2025/11/28 21:30,05F0287S,05F0309S,31,87,116
2025/11/28 21:30,05F0287S,05F0309S,32,91,33
2025/11/28 21:30,05F0287S,05F0309S,41,92,3
2025/11/28 21:30,05F0287S,05F0309S,42,0,0
2025/11/28 21:30,05F0287S,05F0309S,5,0,0
2025/11/28 21:30,05F0309S,05F0439S,31,494,66
2025/11/28 21:30,05F0309S,05F0439S,32,494,17
2025/11/28 21:30,05F0309S,05F0439S,41,541,1
2025/11/28 21:30,05F0309S,05F0439S,42,0,0
2025/11/28 21:30,05F0309S,05F0439S,5,0,0
2025/11/28 21:30,05F0439S,05F0494S,31,201,30
2025/11/28 21:30,05F0439S,05F0494S,32,206,7
2025/11/28 21:30,05F0439S,05F0494S,41,0,0
2025/11/28 21:30,05F0439S,05F0494S,42,1478,1
2025/11/28 21:30,05F0439S,05F0494S,5,210,2
2025/11/28 21:35,05F0000S,05F0055S,31,258,140
2025/11/28 21:35,05F0000S,05F0055S,32,263,34
2025/11/28 21:35,05F0000S,05F0055S,41,256,6
2025/11/28 21:35,05F0000S,05F0055S,42,0,0
2025/11/28 21:35,05F0000S,05F0055S,5,0,0
2025/11/28 21:35,05F0055S,05F0287S,31,1049,179
2025/11/28 21:35,05F0055S,05F0287S,32,1045,37
2025/11/28 21:35,05F0055S,05F0287S,41,1049,4
2025/11/28 21:35,05F0055S,05F0287S,42,0,0
2025/11/28 21:35,05F0055S,05F0287S,5,0,0
2025/11/28 21:35,05F0287S,05F0309S,31,91,123
2025/11/28 21:35,05F0287S,05F0309S,32,93,30
2025/11/28 21:35,05F0287S,05F0309S,41,98,6
2025/11/28 21:35,05F0287S,05F0309S,42,0,0
2025/11/28 21:35,05F0287S,05F0309S,5,0,0
2025/11/28 21:35,05F0309S,05F0439S,31,484,72
2025/11/28 21:35,05F0309S,05F0439S,32,495,18
2025/11/28 21:35,05F0309S,05F0439S,41,527,2
2025/11/28 21:35,05F0309S,05F0439S,42,0,0
2025/11/28 21:35,05F0309S,05F0439S,5,540,2
2025/11/28 21:35,05F0439S,05F0494S,31,208,19
2025/11/28 21:35,05F0439S,05F0494S,32,196,12
2025/11/28 21:35,05F0439S,05F0494S,41,0,0
2025/11/28 21:35,05F0439S,05F0494S,42,0,0
2025/11/28 21:35,05F0439S,05F0494S,5,0,0
2025/11/28 21:40,05F0000S,05F0055S,31,263,169
2025/11/28 21:40,05F0000S,05F0055S,32,268,35
2025/11/28 21:40,05F0000S,05F0055S,41,278,6
2025/11/28 21:40,05F0000S,05F0055S,42,0,0
2025/11/28 21:40,05F0000S,05F0055S,5,0,0
2025/11/28 21:40,05F0055S,05F0287S,31,1019,154
2025/11/28 21:40,05F0055S,05F0287S,32,1026,39
2025/11/28 21:40,05F0055S,05F0287S,41,1056,5
2025/11/28 21:40,05F0055S,05F0287S,42,0,0
2025/11/28 21:40,05F0055S,05F0287S,5,0,0
2025/11/28 21:40,05F0287S,05F0309S,31,89,125
2025/11/28 21:40,05F0287S,05F0309S,32,89,23
2025/11/28 21:40,05F0287S,05F0309S,41,93,3
2025/11/28 21:40,05F0287S,05F0309S,42,0,0
2025/11/28 21:40,05F0287S,05F0309S,5,0,0
2025/11/28 21:40,05F0309S,05F0439S,31,488,79
2025/11/28 21:40,05F0309S,05F0439S,32,495,27
2025/11/28 21:40,05F0309S,05F0439S,41,532,2
2025/11/28 21:40,05F0309S,05F0439S,42,0,0
2025/11/28 21:40,05F0309S,05F0439S,5,0,0
2025/11/28 21:40,05F0439S,05F0494S,31,196,19
2025/11/28 21:40,05F0439S,05F0494S,32,211,8
2025/11/28 21:40,05F0439S,05F0494S,41,0,0
2025/11/28 21:40,05F0439S,05F0494S,42,0,0
2025/11/28 21:40,05F0439S,05F0494S,5,256,1
2025/11/28 21:45,05F0000S,05F0055S,31,259,127
2025/11/28 21:45,05F0000S,05F0055S,32,262,26
2025/11/28 21:45,05F0000S,05F0055S,41,265,12
2025/11/28 21:45,05F0000S,05F0055S,42,0,0
2025/11/28 21:45,05F0000S,05F0055S,5,0,0
2025/11/28 21:45,05F0055S,05F0287S,31,1013,143
2025/11/28 21:45,05F0055S,05F0287S,32,1015,39
2025/11/28 21:45,05F0055S,05F0287S,41,1039,7
2025/11/28 21:45,05F0055S,05F0287S,42,0,0
2025/11/28 21:45,05F0055S,05F0287S,5,0,0
2025/11/28 21:45,05F0287S,05F0309S,31,85,100
2025/11/28 21:45,05F0287S,05F0309S,32,86,34
2025/11/28 21:45,05F0287S,05F0309S,41,93,8
2025/11/28 21:45,05F0287S,05F0309S,42,0,0
2025/11/28 21:45,05F0287S,05F0309S,5,0,0
2025/11/28 21:45,05F0309S,05F0439S,31,485,74
2025/11/28 21:45,05F0309S,05F0439S,32,504,19
2025/11/28 21:45,05F0309S,05F0439S,41,538,4
2025/11/28 21:45,05F0309S,05F0439S,42,0,0
2025/11/28 21:45,05F0309S,05F0439S,5,0,0
2025/11/28 21:45,05F0439S,05F0494S,31,202,22
2025/11/28 21:45,05F0439S,05F0494S,32,200,7
2025/11/28 21:45,05F0439S,05F0494S,41,0,0
2025/11/28 21:45,05F0439S,05F0494S,42,0,0
2025/11/28 21:45,05F0439S,05F0494S,5,0,0
2025/11/28 21:50,05F0000S,05F0055S,31,261,156
2025/11/28 21:50,05F0000S,05F0055S,32,258,25
2025/11/28 21:50,05F0000S,05F0055S,41,256,3
2025/11/28 21:50,05F0000S,05F0055S,42,0,0
2025/11/28 21:50,05F0000S,05F0055S,5,301,1
2025/11/28 21:50,05F0055S,05F0287S,31,999,139
2025/11/28 21:50,05F0055S,05F0287S,32,1002,23
2025/11/28 21:50,05F0055S,05F0287S,41,1029,4
2025/11/28 21:50,05F0055S,05F0287S,42,1075,1
2025/11/28 21:50,05F0055S,05F0287S,5,0,0
2025/11/28 21:50,05F0287S,05F0309S,31,88,103
2025/11/28 21:50,05F0287S,05F0309S,32,95,18
2025/11/28 21:50,05F0287S,05F0309S,41,98,7
2025/11/28 21:50,05F0287S,05F0309S,42,0,0
2025/11/28 21:50,05F0287S,05F0309S,5,0,0
2025/11/28 21:50,05F0309S,05F0439S,31,491,68
2025/11/28 21:50,05F0309S,05F0439S,32,488,16
2025/11/28 21:50,05F0309S,05F0439S,41,520,1
2025/11/28 21:50,05F0309S,05F0439S,42,559,1
2025/11/28 21:50,05F0309S,05F0439S,5,0,0
2025/11/28 21:50,05F0439S,05F0494S,31,207,26
2025/11/28 21:50,05F0439S,05F0494S,32,205,7
2025/11/28 21:50,05F0439S,05F0494S,41,0,0
2025/11/28 21:50,05F0439S,05F0494S,42,0,0
2025/11/28 21:50,05F0439S,05F0494S,5,0,0
2025/11/28 21:55,05F0000S,05F0055S,31,248,125
2025/11/28 21:55,05F0000S,05F0055S,32,250,22
2025/11/28 21:55,05F0000S,05F0055S,41,252,3
2025/11/28 21:55,05F0000S,05F0055S,42,0,0
2025/11/28 21:55,05F0000S,05F0055S,5,0,0
2025/11/28 21:55,05F0055S,05F0287S,31,1022,143
2025/11/28 21:55,05F0055S,05F0287S,32,1023,37
2025/11/28 21:55,05F0055S,05F0287S,41,1014,9
2025/11/28 21:55,05F0055S,05F0287S,42,0,0
2025/11/28 21:55,05F0055S,05F0287S,5,0,0
2025/11/28 21:55,05F0287S,05F0309S,31,88,111
2025/11/28 21:55,05F0287S,05F0309S,32,88,24
2025/11/28 21:55,05F0287S,05F0309S,41,92,4
2025/11/28 21:55,05F0287S,05F0309S,42,0,0
2025/11/28 21:55,05F0287S,05F0309S,5,0,0
2025/11/28 21:55,05F0309S,05F0439S,31,473,55
2025/11/28 21:55,05F0309S,05F0439S,32,479,28
2025/11/28 21:55,05F0309S,05F0439S,41,529,3
2025/11/28 21:55,05F0309S,05F0439S,42,529,1
2025/11/28 21:55,05F0309S,05F0439S,5,526,3
2025/11/28 21:55,05F0439S,05F0494S,31,204,26
2025/11/28 21:55,05F0439S,05F0494S,32,200,13
2025/11/28 21:55,05F0439S,05F0494S,41,0,0
2025/11/28 21:55,05F0439S,05F0494S,42,231,1
2025/11/28 21:55,05F0439S,05F0494S,5,0,0
2025/11/28 22:00,05F0000S,05F0055S,31,250,128
2025/11/28 22:00,05F0000S,05F0055S,32,253,36
2025/11/28 22:00,05F0000S,05F0055S,41,254,7
2025/11/28 22:00,05F0000S,05F0055S,42,0,0
2025/11/28 22:00,05F0000S,05F0055S,5,0,0
2025/11/28 22:00,05F0055S,05F0287S,31,1049,165
2025/11/28 22:00,05F0055S,05F0287S,32,1048,37
2025/11/28 22:00,05F0055S,05F0287S,41,1042,5
2025/11/28 22:00,05F0055S,05F0287S,42,0,0
2025/11/28 22:00,05F0055S,05F0287S,5,0,0
2025/11/28 22:00,05F0287S,05F0309S,31,87,118
2025/11/28 22:00,05F0287S,05F0309S,32,89,25
2025/11/28 22:00,05F0287S,05F0309S,41,98,6
2025/11/28 22:00,05F0287S,05F0309S,42,0,0
2025/11/28 22:00,05F0287S,05F0309S,5,0,0
2025/11/28 22:00,05F0309S,05F0439S,31,483,57
2025/11/28 22:00,05F0309S,05F0439S,32,498,14
2025/11/28 22:00,05F0309S,05F0439S,41,539,5
2025/11/28 22:00,05F0309S,05F0439S,42,503,2
2025/11/28 22:00,05F0309S,05F0439S,5,0,0
2025/11/28 22:00,05F0439S,05F0494S,31,198,20
2025/11/28 22:00,05F0439S,05F0494S,32,221,7
2025/11/28 22:00,05F0439S,05F0494S,41,0,0
2025/11/28 22:00,05F0439S,05F0494S,42,221,2
2025/11/28 22:00,05F0439S,05F0494S,5,216,3
2025/11/28 22:05,05F0000S,05F0055S,31,247,120
2025/11/28 22:05,05F0000S,05F0055S,32,252,29
2025/11/28 22:05,05F0000S,05F0055S,41,254,1
2025/11/28 22:05,05F0000S,05F0055S,42,0,0
2025/11/28 22:05,05F0000S,05F0055S,5,0,0
2025/11/28 22:05,05F0055S,05F0287S,31,1023,164
2025/11/28 22:05,05F0055S,05F0287S,32,1024,20
2025/11/28 22:05,05F0055S,05F0287S,41,1045,7
2025/11/28 22:05,05F0055S,05F0287S,42,0,0
2025/11/28 22:05,05F0055S,05F0287S,5,0,0
2025/11/28 22:05,05F0287S,05F0309S,31,88,118
2025/11/28 22:05,05F0287S,05F0309S,32,91,18
2025/11/28 22:05,05F0287S,05F0309S,41,93,5
2025/11/28 22:05,05F0287S,05F0309S,42,0,0
2025/11/28 22:05,05F0287S,05F0309S,5,0,0
2025/11/28 22:05,05F0309S,05F0439S,31,483,78
2025/11/28 22:05,05F0309S,05F0439S,32,493,13
2025/11/28 22:05,05F0309S,05F0439S,41,546,3
2025/11/28 22:05,05F0309S,05F0439S,42,0,0
2025/11/28 22:05,05F0309S,05F0439S,5,535,1
2025/11/28 22:05,05F0439S,05F0494S,31,196,14
2025/11/28 22:05,05F0439S,05F0494S,32,200,5
2025/11/28 22:05,05F0439S,05F0494S,41,0,0
2025/11/28 22:05,05F0439S,05F0494S,42,0,0
2025/11/28 22:05,05F0439S,05F0494S,5,0,0
2025/11/28 22:10,05F0000S,05F0055S,31,252,129
2025/11/28 22:10,05F0000S,05F0055S,32,250,23
2025/11/28 22:10,05F0000S,05F0055S,41,251,5
2025/11/28 22:10,05F0000S,05F0055S,42,0,0
2025/11/28 22:10,05F0000S,05F0055S,5,0,0
2025/11/28 22:10,05F0055S,05F0287S,31,1026,110
2025/11/28 22:10,05F0055S,05F0287S,32,1026,29
2025/11/28 22:10,05F0055S,05F0287S,41,1009,3
2025/11/28 22:10,05F0055S,05F0287S,42,0,0
2025/11/28 22:10,05F0055S,05F0287S,5,1224,1
2025/11/28 22:10,05F0287S,05F0309S,31,87,99
2025/11/28 22:10,05F0287S,05F0309S,32,88,24
2025/11/28 22:10,05F0287S,05F0309S,41,94,3
2025/11/28 22:10,05F0287S,05F0309S,42,0,0
2025/11/28 22:10,05F0287S,05F0309S,5,100,1
2025/11/28 22:10,05F0309S,05F0439S,31,482,62
2025/11/28 22:10,05F0309S,05F0439S,32,494,19
2025/11/28 22:10,05F0309S,05F0439S,41,498,2
2025/11/28 22:10,05F0309S,05F0439S,42,0,0
2025/11/28 22:10,05F0309S,05F0439S,5,558,2
2025/11/28 22:10,05F0439S,05F0494S,31,198,30
2025/11/28 22:10,05F0439S,05F0494S,32,200,9
2025/11/28 22:10,05F0439S,05F0494S,41,0,0
2025/11/28 22:10,05F0439S,05F0494S,42,0,0
2025/11/28 22:10,05F0439S,05F0494S,5,226,1
2025/11/28 22:15,05F0000S,05F0055S,31,256,143
2025/11/28 22:15,05F0000S,05F0055S,32,256,40
2025/11/28 22:15,05F0000S,05F0055S,41,255,5
2025/11/28 22:15,05F0000S,05F0055S,42,0,0
2025/11/28 22:15,05F0000S,05F0055S,5,0,0
2025/11/28 22:15,05F0055S,05F0287S,31,1046,156
2025/11/28 22:15,05F0055S,05F0287S,32,1039,42
2025/11/28 22:15,05F0055S,05F0287S,41,1045,5
2025/11/28 22:15,05F0055S,05F0287S,42,0,0
2025/11/28 22:15,05F0055S,05F0287S,5,0,0
2025/11/28 22:15,05F0287S,05F0309S,31,89,120
2025/11/28 22:15,05F0287S,05F0309S,32,88,23
2025/11/28 22:15,05F0287S,05F0309S,41,96,6
2025/11/28 22:15,05F0287S,05F0309S,42,0,0
2025/11/28 22:15,05F0287S,05F0309S,5,0,0
2025/11/28 22:15,05F0309S,05F0439S,31,482,88
2025/11/28 22:15,05F0309S,05F0439S,32,505,14
2025/11/28 22:15,05F0309S,05F0439S,41,532,3
2025/11/28 22:15,05F0309S,05F0439S,42,637,1
2025/11/28 22:15,05F0309S,05F0439S,5,0,0
2025/11/28 22:15,05F0439S,05F0494S,31,207,16
2025/11/28 22:15,05F0439S,05F0494S,32,207,7
2025/11/28 22:15,05F0439S,05F0494S,41,0,0
2025/11/28 22:15,05F0439S,05F0494S,42,0,0
2025/11/28 22:15,05F0439S,05F0494S,5,241,2
2025/11/28 22:20,05F0000S,05F0055S,31,245,111
2025/11/28 22:20,05F0000S,05F0055S,32,246,23
2025/11/28 22:20,05F0000S,05F0055S,41,239,8
2025/11/28 22:20,05F0000S,05F0055S,42,0,0
2025/11/28 22:20,05F0000S,05F0055S,5,0,0
2025/11/28 22:20,05F0055S,05F0287S,31,1029,151
2025/11/28 22:20,05F0055S,05F0287S,32,1028,29
2025/11/28 22:20,05F0055S,05F0287S,41,1072,4
2025/11/28 22:20,05F0055S,05F0287S,42,0,0
2025/11/28 22:20,05F0055S,05F0287S,5,0,0
2025/11/28 22:20,05F0287S,05F0309S,31,87,101
2025/11/28 22:20,05F0287S,05F0309S,32,91,29
2025/11/28 22:20,05F0287S,05F0309S,41,97,4
2025/11/28 22:20,05F0287S,05F0309S,42,0,0
2025/11/28 22:20,05F0287S,05F0309S,5,0,0
2025/11/28 22:20,05F0309S,05F0439S,31,498,48
2025/11/28 22:20,05F0309S,05F0439S,32,502,16
2025/11/28 22:20,05F0309S,05F0439S,41,523,1
2025/11/28 22:20,05F0309S,05F0439S,42,571,3
2025/11/28 22:20,05F0309S,05F0439S,5,591,1
2025/11/28 22:20,05F0439S,05F0494S,31,197,26
2025/11/28 22:20,05F0439S,05F0494S,32,215,7
2025/11/28 22:20,05F0439S,05F0494S,41,0,0
2025/11/28 22:20,05F0439S,05F0494S,42,0,0
2025/11/28 22:20,05F0439S,05F0494S,5,0,0
2025/11/28 22:25,05F0000S,05F0055S,31,247,135
2025/11/28 22:25,05F0000S,05F0055S,32,250,28
2025/11/28 22:25,05F0000S,05F0055S,41,261,4
2025/11/28 22:25,05F0000S,05F0055S,42,0,0
2025/11/28 22:25,05F0000S,05F0055S,5,0,0
2025/11/28 22:25,05F0055S,05F0287S,31,1003,130
2025/11/28 22:25,05F0055S,05F0287S,32,1002,31
2025/11/28 22:25,05F0055S,05F0287S,41,1047,5
2025/11/28 22:25,05F0055S,05F0287S,42,0,0
2025/11/28 22:25,05F0055S,05F0287S,5,0,0
2025/11/28 22:25,05F0287S,05F0309S,31,88,93
2025/11/28 22:25,05F0287S,05F0309S,32,87,22
2025/11/28 22:25,05F0287S,05F0309S,41,94,3
2025/11/28 22:25,05F0287S,05F0309S,42,0,0
2025/11/28 22:25,05F0287S,05F0309S,5,0,0
2025/11/28 22:25,05F0309S,05F0439S,31,491,84
2025/11/28 22:25,05F0309S,05F0439S,32,487,18
2025/11/28 22:25,05F0309S,05F0439S,41,520,4
2025/11/28 22:25,05F0309S,05F0439S,42,572,2
2025/11/28 22:25,05F0309S,05F0439S,5,0,0
2025/11/28 22:25,05F0439S,05F0494S,31,216,13
2025/11/28 22:25,05F0439S,05F0494S,32,210,10
2025/11/28 22:25,05F0439S,05F0494S,41,0,0
2025/11/28 22:25,05F0439S,05F0494S,42,251,2
2025/11/28 22:25,05F0439S,05F0494S,5,266,1
2025/11/28 22:30,05F0000S,05F0055S,31,252,123
2025/11/28 22:30,05F0000S,05F0055S,32,248,28
2025/11/28 22:30,05F0000S,05F0055S,41,254,3
2025/11/28 22:30,05F0000S,05F0055S,42,0,0
2025/11/28 22:30,05F0000S,05F0055S,5,0,0
2025/11/28 22:30,05F0055S,05F0287S,31,997,122
2025/11/28 22:30,05F0055S,05F0287S,32,1002,29
2025/11/28 22:30,05F0055S,05F0287S,41,1019,4
2025/11/28 22:30,05F0055S,05F0287S,42,0,0
2025/11/28 22:30,05F0055S,05F0287S,5,0,0
2025/11/28 22:30,05F0287S,05F0309S,31,87,92
2025/11/28 22:30,05F0287S,05F0309S,32,87,23
2025/11/28 22:30,05F0287S,05F0309S,41,93,3
2025/11/28 22:30,05F0287S,05F0309S,42,0,0
2025/11/28 22:30,05F0287S,05F0309S,5,0,0
2025/11/28 22:30,05F0309S,05F0439S,31,488,55
2025/11/28 22:30,05F0309S,05F0439S,32,536,14
2025/11/28 22:30,05F0309S,05F0439S,41,531,2
2025/11/28 22:30,05F0309S,05F0439S,42,592,5
2025/11/28 22:30,05F0309S,05F0439S,5,591,2
2025/11/28 22:30,05F0439S,05F0494S,31,201,12
2025/11/28 22:30,05F0439S,05F0494S,32,206,6
2025/11/28 22:30,05F0439S,05F0494S,41,0,0
2025/11/28 22:30,05F0439S,05F0494S,42,221,4
2025/11/28 22:30,05F0439S,05F0494S,5,0,0
2025/11/28 22:35,05F0000S,05F0055S,31,250,141
2025/11/28 22:35,05F0000S,05F0055S,32,245,24
2025/11/28 22:35,05F0000S,05F0055S,41,251,6
2025/11/28 22:35,05F0000S,05F0055S,42,0,0
2025/11/28 22:35,05F0000S,05F0055S,5,0,0
2025/11/28 22:35,05F0055S,05F0287S,31,1018,140
2025/11/28 22:35,05F0055S,05F0287S,32,1025,29
2025/11/28 22:35,05F0055S,05F0287S,41,1031,5
2025/11/28 22:35,05F0055S,05F0287S,42,0,0
2025/11/28 22:35,05F0055S,05F0287S,5,0,0
2025/11/28 22:35,05F0287S,05F0309S,31,88,95
2025/11/28 22:35,05F0287S,05F0309S,32,90,22
2025/11/28 22:35,05F0287S,05F0309S,41,95,5
2025/11/28 22:35,05F0287S,05F0309S,42,0,0
2025/11/28 22:35,05F0287S,05F0309S,5,0,0
2025/11/28 22:35,05F0309S,05F0439S,31,490,57
2025/11/28 22:35,05F0309S,05F0439S,32,502,16
2025/11/28 22:35,05F0309S,05F0439S,41,524,3
2025/11/28 22:35,05F0309S,05F0439S,42,604,1
2025/11/28 22:35,05F0309S,05F0439S,5,0,0
2025/11/28 22:35,05F0439S,05F0494S,31,203,10
2025/11/28 22:35,05F0439S,05F0494S,32,225,6
2025/11/28 22:35,05F0439S,05F0494S,41,0,0
2025/11/28 22:35,05F0439S,05F0494S,42,260,1
2025/11/28 22:35,05F0439S,05F0494S,5,226,2
2025/11/28 22:40,05F0000S,05F0055S,31,246,111
2025/11/28 22:40,05F0000S,05F0055S,32,251,23
2025/11/28 22:40,05F0000S,05F0055S,41,249,3
2025/11/28 22:40,05F0000S,05F0055S,42,0,0
2025/11/28 22:40,05F0000S,05F0055S,5,0,0
2025/11/28 22:40,05F0055S,05F0287S,31,972,138
2025/11/28 22:40,05F0055S,05F0287S,32,978,28
2025/11/28 22:40,05F0055S,05F0287S,41,1013,6
2025/11/28 22:40,05F0055S,05F0287S,42,0,0
2025/11/28 22:40,05F0055S,05F0287S,5,0,0
2025/11/28 22:40,05F0287S,05F0309S,31,86,106
2025/11/28 22:40,05F0287S,05F0309S,32,83,20
2025/11/28 22:40,05F0287S,05F0309S,41,93,6
2025/11/28 22:40,05F0287S,05F0309S,42,0,0
2025/11/28 22:40,05F0287S,05F0309S,5,0,0
2025/11/28 22:40,05F0309S,05F0439S,31,492,66
2025/11/28 22:40,05F0309S,05F0439S,32,472,15
2025/11/28 22:40,05F0309S,05F0439S,41,541,1
2025/11/28 22:40,05F0309S,05F0439S,42,509,1
2025/11/28 22:40,05F0309S,05F0439S,5,0,0
2025/11/28 22:40,05F0439S,05F0494S,31,206,21
2025/11/28 22:40,05F0439S,05F0494S,32,205,7
2025/11/28 22:40,05F0439S,05F0494S,41,0,0
2025/11/28 22:40,05F0439S,05F0494S,42,0,0
2025/11/28 22:40,05F0439S,05F0494S,5,0,0
2025/11/28 22:45,05F0000S,05F0055S,31,246,104
2025/11/28 22:45,05F0000S,05F0055S,32,245,20
2025/11/28 22:45,05F0000S,05F0055S,41,251,1
2025/11/28 22:45,05F0000S,05F0055S,42,247,1
2025/11/28 22:45,05F0000S,05F0055S,5,0,0
2025/11/28 22:45,05F0055S,05F0287S,31,996,134
2025/11/28 22:45,05F0055S,05F0287S,32,990,27
2025/11/28 22:45,05F0055S,05F0287S,41,1106,5
2025/11/28 22:45,05F0055S,05F0287S,42,0,0
2025/11/28 22:45,05F0055S,05F0287S,5,0,0
2025/11/28 22:45,05F0287S,05F0309S,31,87,83
2025/11/28 22:45,05F0287S,05F0309S,32,88,22
2025/11/28 22:45,05F0287S,05F0309S,41,99,6
2025/11/28 22:45,05F0287S,05F0309S,42,0,0
2025/11/28 22:45,05F0287S,05F0309S,5,0,0
2025/11/28 22:45,05F0309S,05F0439S,31,473,72
2025/11/28 22:45,05F0309S,05F0439S,32,479,20
2025/11/28 22:45,05F0309S,05F0439S,41,525,4
2025/11/28 22:45,05F0309S,05F0439S,42,508,1
2025/11/28 22:45,05F0309S,05F0439S,5,565,1
2025/11/28 22:45,05F0439S,05F0494S,31,205,18
2025/11/28 22:45,05F0439S,05F0494S,32,229,5
2025/11/28 22:45,05F0439S,05F0494S,41,0,0
2025/11/28 22:45,05F0439S,05F0494S,42,240,1
2025/11/28 22:45,05F0439S,05F0494S,5,231,1
2025/11/28 22:50,05F0000S,05F0055S,31,243,101
2025/11/28 22:50,05F0000S,05F0055S,32,242,26
2025/11/28 22:50,05F0000S,05F0055S,41,244,3
2025/11/28 22:50,05F0000S,05F0055S,42,0,0
2025/11/28 22:50,05F0000S,05F0055S,5,0,0
2025/11/28 22:50,05F0055S,05F0287S,31,1021,120
2025/11/28 22:50,05F0055S,05F0287S,32,1015,23
2025/11/28 22:50,05F0055S,05F0287S,41,1018,3
2025/11/28 22:50,05F0055S,05F0287S,42,0,0
2025/11/28 22:50,05F0055S,05F0287S,5,0,0
2025/11/28 22:50,05F0287S,05F0309S,31,87,82
2025/11/28 22:50,05F0287S,05F0309S,32,85,19
2025/11/28 22:50,05F0287S,05F0309S,41,92,3
2025/11/28 22:50,05F0287S,05F0309S,42,0,0
2025/11/28 22:50,05F0287S,05F0309S,5,0,0
2025/11/28 22:50,05F0309S,05F0439S,31,484,49
2025/11/28 22:50,05F0309S,05F0439S,32,482,11
2025/11/28 22:50,05F0309S,05F0439S,41,534,4
2025/11/28 22:50,05F0309S,05F0439S,42,514,2
2025/11/28 22:50,05F0309S,05F0439S,5,559,3
2025/11/28 22:50,05F0439S,05F0494S,31,193,16
2025/11/28 22:50,05F0439S,05F0494S,32,205,6
2025/11/28 22:50,05F0439S,05F0494S,41,0,0
2025/11/28 22:50,05F0439S,05F0494S,42,0,0
2025/11/28 22:50,05F0439S,05F0494S,5,200,1
2025/11/28 22:55,05F0000S,05F0055S,31,238,86
2025/11/28 22:55,05F0000S,05F0055S,32,239,16
2025/11/28 22:55,05F0000S,05F0055S,41,247,4
2025/11/28 22:55,05F0000S,05F0055S,42,0,0
2025/11/28 22:55,05F0000S,05F0055S,5,0,0
2025/11/28 22:55,05F0055S,05F0287S,31,1005,122
2025/11/28 22:55,05F0055S,05F0287S,32,993,23
2025/11/28 22:55,05F0055S,05F0287S,41,1044,4
2025/11/28 22:55,05F0055S,05F0287S,42,0,0
2025/11/28 22:55,05F0055S,05F0287S,5,0,0
2025/11/28 22:55,05F0287S,05F0309S,31,86,114
2025/11/28 22:55,05F0287S,05F0309S,32,85,18
2025/11/28 22:55,05F0287S,05F0309S,41,94,5
2025/11/28 22:55,05F0287S,05F0309S,42,0,0
2025/11/28 22:55,05F0287S,05F0309S,5,0,0
2025/11/28 22:55,05F0309S,05F0439S,31,497,64
2025/11/28 22:55,05F0309S,05F0439S,32,489,14
2025/11/28 22:55,05F0309S,05F0439S,41,530,2
2025/11/28 22:55,05F0309S,05F0439S,42,605,1
2025/11/28 22:55,05F0309S,05F0439S,5,507,2
2025/11/28 22:55,05F0439S,05F0494S,31,202,11
2025/11/28 22:55,05F0439S,05F0494S,32,205,3
2025/11/28 22:55,05F0439S,05F0494S,41,0,0
2025/11/28 22:55,05F0439S,05F0494S,42,192,1
2025/11/28 22:55,05F0439S,05F0494S,5,230,2
2025/11/28 23:00,05F0000S,05F0055S,31,241,79
2025/11/28 23:00,05F0000S,05F0055S,32,246,19
2025/11/28 23:00,05F0000S,05F0055S,41,231,5
2025/11/28 23:00,05F0000S,05F0055S,42,259,1
2025/11/28 23:00,05F0000S,05F0055S,5,0,0
2025/11/28 23:00,05F0055S,05F0287S,31,1010,117
2025/11/28 23:00,05F0055S,05F0287S,32,1009,28
2025/11/28 23:00,05F0055S,05F0287S,41,1043,3
2025/11/28 23:00,05F0055S,05F0287S,42,1054,1
2025/11/28 23:00,05F0055S,05F0287S,5,0,0
2025/11/28 23:00,05F0287S,05F0309S,31,87,87
2025/11/28 23:00,05F0287S,05F0309S,32,93,21
2025/11/28 23:00,05F0287S,05F0309S,41,98,3
2025/11/28 23:00,05F0287S,05F0309S,42,83,1
2025/11/28 23:00,05F0287S,05F0309S,5,0,0
2025/11/28 23:00,05F0309S,05F0439S,31,484,58
2025/11/28 23:00,05F0309S,05F0439S,32,479,8
2025/11/28 23:00,05F0309S,05F0439S,41,493,1
2025/11/28 23:00,05F0309S,05F0439S,42,477,2
2025/11/28 23:00,05F0309S,05F0439S,5,545,1
2025/11/28 23:00,05F0439S,05F0494S,31,211,13
2025/11/28 23:00,05F0439S,05F0494S,32,203,4
2025/11/28 23:00,05F0439S,05F0494S,41,0,0
2025/11/28 23:00,05F0439S,05F0494S,42,220,3
2025/11/28 23:00,05F0439S,05F0494S,5,210,3
2025/11/28 23:05,05F0000S,05F0055S,31,245,81
2025/11/28 23:05,05F0000S,05F0055S,32,242,17
2025/11/28 23:05,05F0000S,05F0055S,41,233,4
2025/11/28 23:05,05F0000S,05F0055S,42,0,0
2025/11/28 23:05,05F0000S,05F0055S,5,0,0
2025/11/28 23:05,05F0055S,05F0287S,31,978,125
2025/11/28 23:05,05F0055S,05F0287S,32,980,24
2025/11/28 23:05,05F0055S,05F0287S,41,1010,4
2025/11/28 23:05,05F0055S,05F0287S,42,0,0
2025/11/28 23:05,05F0055S,05F0287S,5,0,0
2025/11/28 23:05,05F0287S,05F0309S,31,86,82
2025/11/28 23:05,05F0287S,05F0309S,32,88,15
2025/11/28 23:05,05F0287S,05F0309S,41,94,5
2025/11/28 23:05,05F0287S,05F0309S,42,0,0
2025/11/28 23:05,05F0287S,05F0309S,5,0,0
2025/11/28 23:05,05F0309S,05F0439S,31,485,65
2025/11/28 23:05,05F0309S,05F0439S,32,484,9
2025/11/28 23:05,05F0309S,05F0439S,41,518,2
2025/11/28 23:05,05F0309S,05F0439S,42,0,0
2025/11/28 23:05,05F0309S,05F0439S,5,0,0
2025/11/28 23:05,05F0439S,05F0494S,31,207,12
2025/11/28 23:05,05F0439S,05F0494S,32,190,2
2025/11/28 23:05,05F0439S,05F0494S,41,0,0
2025/11/28 23:05,05F0439S,05F0494S,42,0,0
2025/11/28 23:05,05F0439S,05F0494S,5,0,0
2025/11/28 23:10,05F0000S,05F0055S,31,243,85
2025/11/28 23:10,05F0000S,05F0055S,32,253,19
2025/11/28 23:10,05F0000S,05F0055S,41,269,3
2025/11/28 23:10,05F0000S,05F0055S,42,276,1
2025/11/28 23:10,05F0000S,05F0055S,5,0,0
2025/11/28 23:10,05F0055S,05F0287S,31,975,103
2025/11/28 23:10,05F0055S,05F0287S,32,975,20
2025/11/28 23:10,05F0055S,05F0287S,41,1013,2
2025/11/28 23:10,05F0055S,05F0287S,42,0,0
2025/11/28 23:10,05F0055S,05F0287S,5,0,0
2025/11/28 23:10,05F0287S,05F0309S,31,86,78
2025/11/28 23:10,05F0287S,05F0309S,32,87,17
2025/11/28 23:10,05F0287S,05F0309S,41,637,2
2025/11/28 23:10,05F0287S,05F0309S,42,107,1
2025/11/28 23:10,05F0287S,05F0309S,5,0,0
2025/11/28 23:10,05F0309S,05F0439S,31,492,51
2025/11/28 23:10,05F0309S,05F0439S,32,515,9
2025/11/28 23:10,05F0309S,05F0439S,41,558,1
2025/11/28 23:10,05F0309S,05F0439S,42,465,2
2025/11/28 23:10,05F0309S,05F0439S,5,0,0
2025/11/28 23:10,05F0439S,05F0494S,31,203,16
2025/11/28 23:10,05F0439S,05F0494S,32,204,3
2025/11/28 23:10,05F0439S,05F0494S,41,0,0
2025/11/28 23:10,05F0439S,05F0494S,42,193,1
2025/11/28 23:10,05F0439S,05F0494S,5,0,0
2025/11/28 23:15,05F0000S,05F0055S,31,237,82
2025/11/28 23:15,05F0000S,05F0055S,32,243,22
2025/11/28 23:15,05F0000S,05F0055S,41,255,4
2025/11/28 23:15,05F0000S,05F0055S,42,0,0
2025/11/28 23:15,05F0000S,05F0055S,5,0,0
2025/11/28 23:15,05F0055S,05F0287S,31,978,85
2025/11/28 23:15,05F0055S,05F0287S,32,998,15
2025/11/28 23:15,05F0055S,05F0287S,41,1060,3
2025/11/28 23:15,05F0055S,05F0287S,42,0,0
2025/11/28 23:15,05F0055S,05F0287S,5,0,0
2025/11/28 23:15,05F0287S,05F0309S,31,85,78
2025/11/28 23:15,05F0287S,05F0309S,32,85,10
2025/11/28 23:15,05F0287S,05F0309S,41,89,3
2025/11/28 23:15,05F0287S,05F0309S,42,0,0
2025/11/28 23:15,05F0287S,05F0309S,5,0,0
2025/11/28 23:15,05F0309S,05F0439S,31,478,51
2025/11/28 23:15,05F0309S,05F0439S,32,463,9
2025/11/28 23:15,05F0309S,05F0439S,41,514,5
2025/11/28 23:15,05F0309S,05F0439S,42,516,1
2025/11/28 23:15,05F0309S,05F0439S,5,0,0
2025/11/28 23:15,05F0439S,05F0494S,31,207,23
2025/11/28 23:15,05F0439S,05F0494S,32,225,3
2025/11/28 23:15,05F0439S,05F0494S,41,0,0
2025/11/28 23:15,05F0439S,05F0494S,42,205,2
2025/11/28 23:15,05F0439S,05F0494S,5,0,0
2025/11/28 23:20,05F0000S,05F0055S,31,241,73
2025/11/28 23:20,05F0000S,05F0055S,32,243,23
2025/11/28 23:20,05F0000S,05F0055S,41,236,6
2025/11/28 23:20,05F0000S,05F0055S,42,249,1
2025/11/28 23:20,05F0000S,05F0055S,5,0,0
2025/11/28 23:20,05F0055S,05F0287S,31,973,94
2025/11/28 23:20,05F0055S,05F0287S,32,972,23
2025/11/28 23:20,05F0055S,05F0287S,41,1042,6
2025/11/28 23:20,05F0055S,05F0287S,42,0,0
2025/11/28 23:20,05F0055S,05F0287S,5,0,0
2025/11/28 23:20,05F0287S,05F0309S,31,85,60
2025/11/28 23:20,05F0287S,05F0309S,32,87,16
2025/11/28 23:20,05F0287S,05F0309S,41,94,4
2025/11/28 23:20,05F0287S,05F0309S,42,0,0
2025/11/28 23:20,05F0287S,05F0309S,5,0,0
2025/11/28 23:20,05F0309S,05F0439S,31,494,55
2025/11/28 23:20,05F0309S,05F0439S,32,490,11
2025/11/28 23:20,05F0309S,05F0439S,41,508,1
2025/11/28 23:20,05F0309S,05F0439S,42,0,0
2025/11/28 23:20,05F0309S,05F0439S,5,543,2
2025/11/28 23:20,05F0439S,05F0494S,31,205,13
2025/11/28 23:20,05F0439S,05F0494S,32,211,4
2025/11/28 23:20,05F0439S,05F0494S,41,0,0
2025/11/28 23:20,05F0439S,05F0494S,42,0,0
2025/11/28 23:20,05F0439S,05F0494S,5,232,1
2025/11/28 23:25,05F0000S,05F0055S,31,238,80
2025/11/28 23:25,05F0000S,05F0055S,32,238,17
2025/11/28 23:25,05F0000S,05F0055S,41,230,3
2025/11/28 23:25,05F0000S,05F0055S,42,0,0
2025/11/28 23:25,05F0000S,05F0055S,5,0,0
2025/11/28 23:25,05F0055S,05F0287S,31,954,66
2025/11/28 23:25,05F0055S,05F0287S,32,962,14
2025/11/28 23:25,05F0055S,05F0287S,41,974,2
2025/11/28 23:25,05F0055S,05F0287S,42,0,0
2025/11/28 23:25,05F0055S,05F0287S,5,0,0
2025/11/28 23:25,05F0287S,05F0309S,31,86,58
2025/11/28 23:25,05F0287S,05F0309S,32,83,15
2025/11/28 23:25,05F0287S,05F0309S,41,92,3
2025/11/28 23:25,05F0287S,05F0309S,42,0,0
2025/11/28 23:25,05F0287S,05F0309S,5,0,0
2025/11/28 23:25,05F0309S,05F0439S,31,457,38
2025/11/28 23:25,05F0309S,05F0439S,32,489,5
2025/11/28 23:25,05F0309S,05F0439S,41,0,0
2025/11/28 23:25,05F0309S,05F0439S,42,545,2
2025/11/28 23:25,05F0309S,05F0439S,5,483,1
2025/11/28 23:25,05F0439S,05F0494S,31,202,19
2025/11/28 23:25,05F0439S,05F0494S,32,178,1
2025/11/28 23:25,05F0439S,05F0494S,41,0,0
2025/11/28 23:25,05F0439S,05F0494S,42,229,2
2025/11/28 23:25,05F0439S,05F0494S,5,209,2
2025/11/28 23:30,05F0000S,05F0055S,31,236,58
2025/11/28 23:30,05F0000S,05F0055S,32,248,11
2025/11/28 23:30,05F0000S,05F0055S,41,251,2
2025/11/28 23:30,05F0000S,05F0055S,42,0,0
2025/11/28 23:30,05F0000S,05F0055S,5,0,0
2025/11/28 23:30,05F0055S,05F0287S,31,974,85
2025/11/28 23:30,05F0055S,05F0287S,32,982,23
2025/11/28 23:30,05F0055S,05F0287S,41,1034,6
2025/11/28 23:30,05F0055S,05F0287S,42,0,0
2025/11/28 23:30,05F0055S,05F0287S,5,0,0
2025/11/28 23:30,05F0287S,05F0309S,31,86,66
2025/11/28 23:30,05F0287S,05F0309S,32,86,16
2025/11/28 23:30,05F0287S,05F0309S,41,99,4
2025/11/28 23:30,05F0287S,05F0309S,42,0,0
2025/11/28 23:30,05F0287S,05F0309S,5,0,0
2025/11/28 23:30,05F0309S,05F0439S,31,489,36
2025/11/28 23:30,05F0309S,05F0439S,32,482,13
2025/11/28 23:30,05F0309S,05F0439S,41,536,3
2025/11/28 23:30,05F0309S,05F0439S,42,589,3
2025/11/28 23:30,05F0309S,05F0439S,5,559,1
2025/11/28 23:30,05F0439S,05F0494S,31,203,13
2025/11/28 23:30,05F0439S,05F0494S,32,213,2
2025/11/28 23:30,05F0439S,05F0494S,41,0,0
2025/11/28 23:30,05F0439S,05F0494S,42,0,0
2025/11/28 23:30,05F0439S,05F0494S,5,238,1
2025/11/28 23:35,05F0000S,05F0055S,31,236,70
2025/11/28 23:35,05F0000S,05F0055S,32,235,9
2025/11/28 23:35,05F0000S,05F0055S,41,0,0
2025/11/28 23:35,05F0000S,05F0055S,42,0,0
2025/11/28 23:35,05F0000S,05F0055S,5,0,0
2025/11/28 23:35,05F0055S,05F0287S,31,971,82
2025/11/28 23:35,05F0055S,05F0287S,32,989,24
2025/11/28 23:35,05F0055S,05F0287S,41,978,3
2025/11/28 23:35,05F0055S,05F0287S,42,1021,1
2025/11/28 23:35,05F0055S,05F0287S,5,0,0
2025/11/28 23:35,05F0287S,05F0309S,31,86,55
2025/11/28 23:35,05F0287S,05F0309S,32,85,12
2025/11/28 23:35,05F0287S,05F0309S,41,564,4
2025/11/28 23:35,05F0287S,05F0309S,42,0,0
2025/11/28 23:35,05F0287S,05F0309S,5,0,0
2025/11/28 23:35,05F0309S,05F0439S,31,487,28
2025/11/28 23:35,05F0309S,05F0439S,32,466,5
2025/11/28 23:35,05F0309S,05F0439S,41,527,1
2025/11/28 23:35,05F0309S,05F0439S,42,0,0
2025/11/28 23:35,05F0309S,05F0439S,5,543,2
2025/11/28 23:35,05F0439S,05F0494S,31,215,11
2025/11/28 23:35,05F0439S,05F0494S,32,205,5
2025/11/28 23:35,05F0439S,05F0494S,41,0,0
2025/11/28 23:35,05F0439S,05F0494S,42,227,3
2025/11/28 23:35,05F0439S,05F0494S,5,0,0
2025/11/28 23:40,05F0000S,05F0055S,31,233,60
2025/11/28 23:40,05F0000S,05F0055S,32,238,8
2025/11/28 23:40,05F0000S,05F0055S,41,234,1
2025/11/28 23:40,05F0000S,05F0055S,42,0,0
2025/11/28 23:40,05F0000S,05F0055S,5,0,0
2025/11/28 23:40,05F0055S,05F0287S,31,973,91
2025/11/28 23:40,05F0055S,05F0287S,32,985,20
2025/11/28 23:40,05F0055S,05F0287S,41,999,6
2025/11/28 23:40,05F0055S,05F0287S,42,0,0
2025/11/28 23:40,05F0055S,05F0287S,5,0,0
2025/11/28 23:40,05F0287S,05F0309S,31,86,72
2025/11/28 23:40,05F0287S,05F0309S,32,88,15
2025/11/28 23:40,05F0287S,05F0309S,41,92,6
2025/11/28 23:40,05F0287S,05F0309S,42,92,1
2025/11/28 23:40,05F0287S,05F0309S,5,0,0
2025/11/28 23:40,05F0309S,05F0439S,31,482,41
2025/11/28 23:40,05F0309S,05F0439S,32,487,9
2025/11/28 23:40,05F0309S,05F0439S,41,606,2
2025/11/28 23:40,05F0309S,05F0439S,42,650,1
2025/11/28 23:40,05F0309S,05F0439S,5,592,2
2025/11/28 23:40,05F0439S,05F0494S,31,203,20
2025/11/28 23:40,05F0439S,05F0494S,32,198,4
2025/11/28 23:40,05F0439S,05F0494S,41,0,0
2025/11/28 23:40,05F0439S,05F0494S,42,0,0
2025/11/28 23:40,05F0439S,05F0494S,5,235,3
2025/11/28 23:45,05F0000S,05F0055S,31,237,59
2025/11/28 23:45,05F0000S,05F0055S,32,242,13
2025/11/28 23:45,05F0000S,05F0055S,41,235,2
2025/11/28 23:45,05F0000S,05F0055S,42,0,0
2025/11/28 23:45,05F0000S,05F0055S,5,0,0
2025/11/28 23:45,05F0055S,05F0287S,31,943,59
2025/11/28 23:45,05F0055S,05F0287S,32,949,9
2025/11/28 23:45,05F0055S,05F0287S,41,985,1
2025/11/28 23:45,05F0055S,05F0287S,42,0,0
2025/11/28 23:45,05F0055S,05F0287S,5,0,0
2025/11/28 23:45,05F0287S,05F0309S,31,83,53
2025/11/28 23:45,05F0287S,05F0309S,32,79,9
2025/11/28 23:45,05F0287S,05F0309S,41,91,2
2025/11/28 23:45,05F0287S,05F0309S,42,0,0
2025/11/28 23:45,05F0287S,05F0309S,5,0,0
2025/11/28 23:45,05F0309S,05F0439S,31,475,36
2025/11/28 23:45,05F0309S,05F0439S,32,469,10
2025/11/28 23:45,05F0309S,05F0439S,41,515,3
2025/11/28 23:45,05F0309S,05F0439S,42,523,3
2025/11/28 23:45,05F0309S,05F0439S,5,532,2
2025/11/28 23:45,05F0439S,05F0494S,31,208,13
2025/11/28 23:45,05F0439S,05F0494S,32,191,4
2025/11/28 23:45,05F0439S,05F0494S,41,0,0
2025/11/28 23:45,05F0439S,05F0494S,42,267,1
2025/11/28 23:45,05F0439S,05F0494S,5,237,1
2025/11/28 23:50,05F0000S,05F0055S,31,237,62
2025/11/28 23:50,05F0000S,05F0055S,32,235,13
2025/11/28 23:50,05F0000S,05F0055S,41,239,3
2025/11/28 23:50,05F0000S,05F0055S,42,0,0
2025/11/28 23:50,05F0000S,05F0055S,5,0,0
2025/11/28 23:50,05F0055S,05F0287S,31,962,79
2025/11/28 23:50,05F0055S,05F0287S,32,961,17
2025/11/28 23:50,05F0055S,05F0287S,41,1007,2
2025/11/28 23:50,05F0055S,05F0287S,42,0,0
2025/11/28 23:50,05F0055S,05F0287S,5,0,0
2025/11/28 23:50,05F0287S,05F0309S,31,87,46
2025/11/28 23:50,05F0287S,05F0309S,32,87,10
2025/11/28 23:50,05F0287S,05F0309S,41,600,2
2025/11/28 23:50,05F0287S,05F0309S,42,0,0
2025/11/28 23:50,05F0287S,05F0309S,5,0,0
2025/11/28 23:50,05F0309S,05F0439S,31,483,41
2025/11/28 23:50,05F0309S,05F0439S,32,476,10
2025/11/28 23:50,05F0309S,05F0439S,41,529,4
2025/11/28 23:50,05F0309S,05F0439S,42,544,1
2025/11/28 23:50,05F0309S,05F0439S,5,530,1
2025/11/28 23:50,05F0439S,05F0494S,31,193,8
2025/11/28 23:50,05F0439S,05F0494S,32,218,5
2025/11/28 23:50,05F0439S,05F0494S,41,205,1
2025/11/28 23:50,05F0439S,05F0494S,42,233,2
2025/11/28 23:50,05F0439S,05F0494S,5,224,1
2025/11/28 23:55,05F0000S,05F0055S,31,230,49
2025/11/28 23:55,05F0000S,05F0055S,32,233,8
2025/11/28 23:55,05F0000S,05F0055S,41,234,1
2025/11/28 23:55,05F0000S,05F0055S,42,0,0
2025/11/28 23:55,05F0000S,05F0055S,5,0,0
2025/11/28 23:55,05F0055S,05F0287S,31,944,55
2025/11/28 23:55,05F0055S,05F0287S,32,947,9
2025/11/28 23:55,05F0055S,05F0287S,41,960,1
2025/11/28 23:55,05F0055S,05F0287S,42,0,0
2025/11/28 23:55,05F0055S,05F0287S,5,0,0
2025/11/28 23:55,05F0287S,05F0309S,31,84,57
2025/11/28 23:55,05F0287S,05F0309S,32,82,8
2025/11/28 23:55,05F0287S,05F0309S,41,521,2
2025/11/28 23:55,05F0287S,05F0309S,42,0,0
2025/11/28 23:55,05F0287S,05F0309S,5,0,0
2025/11/28 23:55,05F0309S,05F0439S,31,476,24
2025/11/28 23:55,05F0309S,05F0439S,32,494,9
2025/11/28 23:55,05F0309S,05F0439S,41,505,1
2025/11/28 23:55,05F0309S,05F0439S,42,478,1
2025/11/28 23:55,05F0309S,05F0439S,5,577,1
2025/11/28 23:55,05F0439S,05F0494S,31,203,18
2025/11/28 23:55,05F0439S,05F0494S,32,193,5
2025/11/28 23:55,05F0439S,05F0494S,41,0,0
2025/11/28 23:55,05F0439S,05F0494S,42,223,1
2025/11/28 23:55,05F0439S,05F0494S,5,0,0
